facility_id,facility_name,building_id,building_name,block_id,block_name,timestamp,electricity_kwh,water_liters,hvac_kwh,lighting_kwh,temperature_c,occupancy,is_anomaly
F001,Smart Campus,B001,Building 1,BLK-1,Block 1,2026-08-01 00:00:00,439.54,118.51,225.95,89.86,26.12,26,False
F001,Smart Campus,B001,Building 1,BLK-2,Block 2,2026-08-01 00:15:00,398.79,117.57,224.88,103.87,24.27,19,False
F001,Smart Campus,B001,Building 1,BLK-1,Block 1,2026-08-01 00:30:00,470.21,113.32,227.42,117.45,24.33,22,False
F001,Smart Campus,B001,Building 1,BLK-2,Block 2,2026-08-01 00:45:00,407.2,99.47,210.11,62.0,25.54,45,False
F001,Smart Campus,B001,Building 1,BLK-1,Block 1,2026-08-01 01:00:00,479.48,193.35,209.57,62.55,28.42,13,False
F001,Smart Campus,B001,Building 1,BLK-2,Block 2,2026-08-01 01:15:00,378.61,123.84,248.79,91.9,26.72,12,False
F001,Smart Campus,B001,Building 1,BLK-1,Block 1,2026-08-01 01:30:00,448.49,103.4,285.8,98.86,22.42,41,False
F001,Smart Campus,B001,Building 1,BLK-2,Block 2,2026-08-01 01:45:00,526.64,100.63,279.12,63.59,22.6,27,False
F001,Smart Campus,B001,Building 1,BLK-1,Block 1,2026-08-01 02:00:00,421.04,127.14,249.88,94.67,28.98,4,False
F001,Smart Campus,B001,Building 1,BLK-2,Block 2,2026-08-01 02:15:00,845.21,94.3,451.33,133.38,27.23,48,True
F001,Smart Campus,B001,Building 1,BLK-1,Block 1,2026-08-01 02:30:00,512.11,125.92,257.08,119.34,31.31,41,False
F001,Smart Campus,B001,Building 1,BLK-2,Block 2,2026-08-01 02:45:00,455.11,146.29,247.88,118.68,31.48,38,False
F001,Smart Campus,B001,Building 1,BLK-1,Block 1,2026-08-01 03:00:00,387.11,108.91,168.71,74.85,29.13,2,False
F001,Smart Campus,B001,Building 1,BLK-2,Block 2,2026-08-01 03:15:00,550.82,159.43,296.89,112.11,22.19,23,False
F001,Smart Campus,B001,Building 1,BLK-1,Block 1,2026-08-01 03:30:00,527.66,136.13,285.12,93.16,26.33,12,False
F001,Smart Campus,B001,Building 1,BLK-2,Block 2,2026-08-01 03:45:00,565.57,107.87,218.11,74.16,25.46,16,False
F001,Smart Campus,B001,Building 1,BLK-1,Block 1,2026-08-01 04:00:00,469.62,173.83,208.12,68.38,23.93,5,False
F001,Smart Campus,B001,Building 1,BLK-2,Block 2,2026-08-01 04:15:00,440.75,134.12,287.6,111.55,30.57,44,False
F001,Smart Campus,B001,Building 1,BLK-1,Block 1,2026-08-01 04:30:00,599.7,123.8,174.73,80.67,22.59,18,False
F001,Smart Campus,B001,Building 1,BLK-2,Block 2,2026-08-01 04:45:00,394.75,124.62,264.6,111.1,23.54,48,False
F001,Smart Campus,B001,Building 1,BLK-1,Block 1,2026-08-01 05:00:00,445.64,136.49,281.81,90.85,28.77,32,False
F001,Smart Campus,B001,Building 1,BLK-2,Block 2,2026-08-01 05:15:00,441.07,123.6,267.08,91.95,25.59,10,False
F001,Smart Campus,B001,Building 1,BLK-1,Block 1,2026-08-01 05:30:00,461.89,151.18,169.27,108.21,29.35,44,False
F001,Smart Campus,B001,Building 1,BLK-2,Block 2,2026-08-01 05:45:00,463.88,165.4,202.19,74.99,23.17,29,False
F001,Smart Campus,B001,Building 1,BLK-1,Block 1,2026-08-01 06:00:00,417.35,180.9,190.38,64.18,29.68,14,False
F001,Smart Campus,B001,Building 1,BLK-2,Block 2,2026-08-01 06:15:00,565.14,188.31,277.13,52.46,28.24,36,False
F001,Smart Campus,B001,Building 1,BLK-1,Block 1,2026-08-01 06:30:00,588.41,93.77,244.56,58.03,26.13,7,False
F001,Smart Campus,B001,Building 1,BLK-2,Block 2,2026-08-01 06:45:00,518.02,186.9,268.64,75.51,28.76,29,False
F001,Smart Campus,B001,Building 1,BLK-1,Block 1,2026-08-01 07:00:00,469.04,103.49,157.25,73.2,24.28,24,False
F001,Smart Campus,B001,Building 1,BLK-2,Block 2,2026-08-01 07:15:00,394.52,132.72,241.28,91.68,25.05,19,False
F001,Smart Campus,B001,Building 1,BLK-1,Block 1,2026-08-01 07:30:00,485.52,141.55,161.66,87.13,31.38,19,False
F001,Smart Campus,B001,Building 1,BLK-2,Block 2,2026-08-01 07:45:00,526.05,196.37,174.48,97.87,29.28,23,False
F001,Smart Campus,B001,Building 1,BLK-1,Block 1,2026-08-01 08:00:00,458.88,197.69,260.69,75.53,27.7,100,False
F001,Smart Campus,B001,Building 1,BLK-2,Block 2,2026-08-01 08:15:00,394.33,149.16,292.69,91.04,24.02,188,False
F001,Smart Campus,B001,Building 1,BLK-1,Block 1,2026-08-01 08:30:00,767.95,195.82,675.49,121.27,26.23,154,True
F001,Smart Campus,B001,Building 1,BLK-2,Block 2,2026-08-01 08:45:00,553.21,167.64,198.69,51.64,22.9,161,False
F001,Smart Campus,B001,Building 1,BLK-1,Block 1,2026-08-01 09:00:00,481.33,144.91,170.54,96.93,22.06,223,False
F001,Smart Campus,B001,Building 1,BLK-2,Block 2,2026-08-01 09:15:00,536.19,126.48,160.57,66.86,28.93,228,False
F001,Smart Campus,B001,Building 1,BLK-1,Block 1,2026-08-01 09:30:00,549.4,182.88,271.14,92.97,24.75,223,False
F001,Smart Campus,B001,Building 1,BLK-2,Block 2,2026-08-01 09:45:00,509.63,176.69,248.23,75.29,26.79,275,False
F001,Smart Campus,B001,Building 1,BLK-1,Block 1,2026-08-01 10:00:00,396.68,93.48,285.31,106.84,31.52,252,False
F001,Smart Campus,B001,Building 1,BLK-2,Block 2,2026-08-01 10:15:00,455.08,170.48,271.31,90.77,23.67,174,False
F001,Smart Campus,B001,Building 1,BLK-1,Block 1,2026-08-01 10:30:00,546.15,151.92,242.29,91.91,27.97,272,False
F001,Smart Campus,B001,Building 1,BLK-2,Block 2,2026-08-01 10:45:00,591.33,144.35,248.81,91.52,24.62,200,False
F001,Smart Campus,B001,Building 1,BLK-1,Block 1,2026-08-01 11:00:00,473.74,135.23,172.94,87.2,29.16,130,False
F001,Smart Campus,B001,Building 1,BLK-2,Block 2,2026-08-01 11:15:00,567.75,157.39,252.69,102.59,25.15,207,False
F001,Smart Campus,B001,Building 1,BLK-1,Block 1,2026-08-01 11:30:00,526.49,195.72,234.54,92.23,23.94,283,False
F001,Smart Campus,B001,Building 1,BLK-2,Block 2,2026-08-01 11:45:00,470.31,187.77,161.39,59.17,25.61,289,False
F001,Smart Campus,B001,Building 1,BLK-1,Block 1,2026-08-01 12:00:00,515.47,152.87,155.3,59.05,24.02,252,False
F001,Smart Campus,B001,Building 1,BLK-2,Block 2,2026-08-01 12:15:00,423.63,164.06,169.58,112.88,28.8,227,False
F001,Smart Campus,B001,Building 1,BLK-1,Block 1,2026-08-01 12:30:00,407.08,192.52,155.07,77.2,24.42,189,False
F001,Smart Campus,B001,Building 1,BLK-2,Block 2,2026-08-01 12:45:00,371.86,136.93,222.86,83.05,31.97,120,False
F001,Smart Campus,B001,Building 1,BLK-1,Block 1,2026-08-01 13:00:00,552.24,175.65,159.88,53.75,22.39,139,False
F001,Smart Campus,B001,Building 1,BLK-2,Block 2,2026-08-01 13:15:00,488.36,181.31,293.3,60.39,23.98,81,False
F001,Smart Campus,B001,Building 1,BLK-1,Block 1,2026-08-01 13:30:00,583.68,155.85,240.57,117.82,22.82,284,False
F001,Smart Campus,B001,Building 1,BLK-2,Block 2,2026-08-01 13:45:00,449.92,113.16,244.39,91.29,22.12,208,False
F001,Smart Campus,B001,Building 1,BLK-1,Block 1,2026-08-01 14:00:00,362.25,139.98,265.27,116.75,30.62,199,False
F001,Smart Campus,B001,Building 1,BLK-2,Block 2,2026-08-01 14:15:00,373.28,83.22,172.09,100.44,31.06,236,False
F001,Smart Campus,B001,Building 1,BLK-1,Block 1,2026-08-01 14:30:00,452.14,189.49,166.98,118.89,31.33,299,False
F001,Smart Campus,B001,Building 1,BLK-2,Block 2,2026-08-01 14:45:00,350.91,93.18,202.26,108.47,30.37,186,False
F001,Smart Campus,B001,Building 1,BLK-1,Block 1,2026-08-01 15:00:00,461.92,173.69,223.39,97.82,26.58,176,False
F001,Smart Campus,B001,Building 1,BLK-2,Block 2,2026-08-01 15:15:00,474.37,146.66,226.12,53.91,24.48,128,False
F001,Smart Campus,B001,Building 1,BLK-1,Block 1,2026-08-01 15:30:00,443.05,80.08,153.42,93.47,26.71,92,False
F001,Smart Campus,B001,Building 1,BLK-2,Block 2,2026-08-01 15:45:00,939.1,108.8,367.45,204.58,26.12,215,True
F001,Smart Campus,B001,Building 1,BLK-1,Block 1,2026-08-01 16:00:00,572.13,157.64,201.25,95.63,22.74,192,False
F001,Smart Campus,B001,Building 1,BLK-2,Block 2,2026-08-01 16:15:00,363.57,176.79,212.49,70.04,22.21,268,False
F001,Smart Campus,B001,Building 1,BLK-1,Block 1,2026-08-01 16:30:00,351.24,99.6,209.49,80.29,29.48,199,False
F001,Smart Campus,B001,Building 1,BLK-2,Block 2,2026-08-01 16:45:00,422.54,82.07,230.1,115.96,24.9,114,False
F001,Smart Campus,B001,Building 1,BLK-1,Block 1,2026-08-01 17:00:00,493.58,163.84,170.67,81.95,23.59,176,False
F001,Smart Campus,B001,Building 1,BLK-2,Block 2,2026-08-01 17:15:00,422.88,118.59,186.61,78.99,25.48,150,False
F001,Smart Campus,B001,Building 1,BLK-1,Block 1,2026-08-01 17:30:00,394.39,164.18,222.47,113.27,23.72,130,False
F001,Smart Campus,B001,Building 1,BLK-2,Block 2,2026-08-01 17:45:00,552.07,100.17,172.3,50.53,22.35,81,False
F001,Smart Campus,B001,Building 1,BLK-1,Block 1,2026-08-01 18:00:00,366.03,124.19,215.08,59.93,28.14,188,False
F001,Smart Campus,B001,Building 1,BLK-2,Block 2,2026-08-01 18:15:00,386.84,124.9,204.54,67.94,23.19,202,False
F001,Smart Campus,B001,Building 1,BLK-1,Block 1,2026-08-01 18:30:00,398.46,161.79,173.57,75.16,25.61,168,False
F001,Smart Campus,B001,Building 1,BLK-2,Block 2,2026-08-01 18:45:00,587.51,176.09,227.56,95.34,23.11,292,False
F001,Smart Campus,B001,Building 1,BLK-1,Block 1,2026-08-01 19:00:00,400.73,170.82,251.4,59.01,30.78,11,False
F001,Smart Campus,B001,Building 1,BLK-2,Block 2,2026-08-01 19:15:00,522.85,164.13,259.19,75.37,30.58,41,False
F001,Smart Campus,B001,Building 1,BLK-1,Block 1,2026-08-01 19:30:00,585.0,168.38,164.98,87.77,26.62,28,False
F001,Smart Campus,B001,Building 1,BLK-2,Block 2,2026-08-01 19:45:00,460.93,120.65,250.82,114.11,22.22,32,False
F001,Smart Campus,B001,Building 1,BLK-1,Block 1,2026-08-01 20:00:00,444.46,140.26,193.71,52.94,22.25,4,False
F001,Smart Campus,B001,Building 1,BLK-2,Block 2,2026-08-01 20:15:00,563.69,192.83,187.68,73.45,30.83,15,False
F001,Smart Campus,B001,Building 1,BLK-1,Block 1,2026-08-01 20:30:00,379.07,186.05,223.23,73.92,27.37,48,False
F001,Smart Campus,B001,Building 1,BLK-2,Block 2,2026-08-01 20:45:00,586.8,101.96,278.98,68.54,26.71,26,False
F001,Smart Campus,B001,Building 1,BLK-1,Block 1,2026-08-01 21:00:00,397.8,180.06,219.77,60.05,31.9,23,False
F001,Smart Campus,B001,Building 1,BLK-2,Block 2,2026-08-01 21:15:00,369.92,117.55,225.26,91.72,27.73,18,False
F001,Smart Campus,B001,Building 1,BLK-1,Block 1,2026-08-01 21:30:00,567.49,180.04,288.25,93.76,25.58,45,False
F001,Smart Campus,B001,Building 1,BLK-2,Block 2,2026-08-01 21:45:00,451.13,114.08,214.94,60.25,28.75,38,False
F001,Smart Campus,B001,Building 1,BLK-1,Block 1,2026-08-01 22:00:00,443.39,106.74,191.08,96.12,31.41,18,False
F001,Smart Campus,B001,Building 1,BLK-2,Block 2,2026-08-01 22:15:00,589.73,182.81,155.61,91.09,29.28,27,False
F001,Smart Campus,B001,Building 1,BLK-1,Block 1,2026-08-01 22:30:00,544.4,139.45,265.97,106.93,29.55,12,False
F001,Smart Campus,B001,Building 1,BLK-2,Block 2,2026-08-01 22:45:00,563.12,178.29,180.53,95.32,27.38,35,False
F001,Smart Campus,B001,Building 1,BLK-1,Block 1,2026-08-01 23:00:00,527.14,123.65,289.02,58.23,30.47,22,False
F001,Smart Campus,B001,Building 1,BLK-2,Block 2,2026-08-01 23:15:00,439.59,133.82,268.06,70.58,22.86,39,False
F001,Smart Campus,B001,Building 1,BLK-1,Block 1,2026-08-01 23:30:00,390.9,161.24,199.48,107.18,26.53,15,False
F001,Smart Campus,B001,Building 1,BLK-2,Block 2,2026-08-01 23:45:00,504.75,174.62,175.89,52.94,26.27,26,False
F001,Smart Campus,B001,Building 1,BLK-1,Block 1,2026-08-02 00:00:00,543.32,108.19,237.08,117.44,25.44,41,False
F001,Smart Campus,B001,Building 1,BLK-2,Block 2,2026-08-02 00:15:00,512.94,198.17,200.21,64.72,29.8,13,False
F001,Smart Campus,B001,Building 1,BLK-1,Block 1,2026-08-02 00:30:00,570.54,116.95,176.51,53.72,26.9,41,False
F001,Smart Campus,B001,Building 1,BLK-2,Block 2,2026-08-02 00:45:00,467.52,114.94,295.42,111.48,24.41,15,False
F001,Smart Campus,B001,Building 1,BLK-1,Block 1,2026-08-02 01:00:00,474.18,111.38,184.06,58.92,28.63,38,False
F001,Smart Campus,B001,Building 1,BLK-2,Block 2,2026-08-02 01:15:00,563.66,199.75,273.93,56.27,31.29,28,False
F001,Smart Campus,B001,Building 1,BLK-1,Block 1,2026-08-02 01:30:00,416.55,172.51,264.42,83.12,25.28,21,False
F001,Smart Campus,B001,Building 1,BLK-2,Block 2,2026-08-02 01:45:00,1234.84,125.32,301.34,153.64,27.21,4,True
F001,Smart Campus,B001,Building 1,BLK-1,Block 1,2026-08-02 02:00:00,577.75,160.01,214.85,96.95,30.7,6,False
F001,Smart Campus,B001,Building 1,BLK-2,Block 2,2026-08-02 02:15:00,573.06,129.7,190.74,104.93,24.49,24,False
F001,Smart Campus,B001,Building 1,BLK-1,Block 1,2026-08-02 02:30:00,598.35,125.14,244.28,65.22,27.76,34,False
F001,Smart Campus,B001,Building 1,BLK-2,Block 2,2026-08-02 02:45:00,563.21,199.47,169.53,67.36,31.74,15,False
F001,Smart Campus,B001,Building 1,BLK-1,Block 1,2026-08-02 03:00:00,574.19,122.14,176.47,79.75,24.48,43,False
F001,Smart Campus,B001,Building 1,BLK-2,Block 2,2026-08-02 03:15:00,582.9,154.69,236.99,74.44,31.38,23,False
F001,Smart Campus,B001,Building 1,BLK-1,Block 1,2026-08-02 03:30:00,454.9,120.02,281.67,67.1,24.43,40,False
F001,Smart Campus,B001,Building 1,BLK-2,Block 2,2026-08-02 03:45:00,430.98,195.7,168.04,103.08,29.51,39,False
F001,Smart Campus,B001,Building 1,BLK-1,Block 1,2026-08-02 04:00:00,468.31,114.23,165.41,101.89,30.86,36,False
F001,Smart Campus,B001,Building 1,BLK-2,Block 2,2026-08-02 04:15:00,385.74,129.07,211.62,68.15,29.3,35,False
F001,Smart Campus,B001,Building 1,BLK-1,Block 1,2026-08-02 04:30:00,375.27,116.92,216.12,118.55,26.87,22,False
F001,Smart Campus,B001,Building 1,BLK-2,Block 2,2026-08-02 04:45:00,423.19,103.73,222.48,115.37,29.62,24,False
F001,Smart Campus,B001,Building 1,BLK-1,Block 1,2026-08-02 05:00:00,546.06,160.85,243.26,100.77,31.24,36,False
F001,Smart Campus,B001,Building 1,BLK-2,Block 2,2026-08-02 05:15:00,435.01,153.0,277.63,76.51,23.67,20,False
F001,Smart Campus,B001,Building 1,BLK-1,Block 1,2026-08-02 05:30:00,406.9,156.1,156.71,104.07,24.57,8,False
F001,Smart Campus,B001,Building 1,BLK-2,Block 2,2026-08-02 05:45:00,580.98,144.0,198.57,112.84,25.22,9,False
F001,Smart Campus,B001,Building 1,BLK-1,Block 1,2026-08-02 06:00:00,578.23,120.57,259.05,51.11,27.36,20,False
F001,Smart Campus,B001,Building 1,BLK-2,Block 2,2026-08-02 06:15:00,490.69,129.09,208.28,112.5,29.45,18,False
F001,Smart Campus,B001,Building 1,BLK-1,Block 1,2026-08-02 06:30:00,369.41,108.31,181.51,102.21,30.1,44,False
F001,Smart Campus,B001,Building 1,BLK-2,Block 2,2026-08-02 06:45:00,413.37,106.37,241.38,82.01,29.55,35,False
F001,Smart Campus,B001,Building 1,BLK-1,Block 1,2026-08-02 07:00:00,377.1,162.35,242.6,113.79,22.23,23,False
F001,Smart Campus,B001,Building 1,BLK-2,Block 2,2026-08-02 07:15:00,444.65,142.79,161.7,80.28,25.6,3,False
F001,Smart Campus,B001,Building 1,BLK-1,Block 1,2026-08-02 07:30:00,478.41,173.08,211.43,68.74,27.32,39,False
F001,Smart Campus,B001,Building 1,BLK-2,Block 2,2026-08-02 07:45:00,427.92,173.28,296.06,55.38,30.3,16,False
F001,Smart Campus,B001,Building 1,BLK-1,Block 1,2026-08-02 08:00:00,508.27,111.38,218.46,100.91,30.93,190,False
F001,Smart Campus,B001,Building 1,BLK-2,Block 2,2026-08-02 08:15:00,550.64,90.31,252.15,112.35,23.49,121,False
F001,Smart Campus,B001,Building 1,BLK-1,Block 1,2026-08-02 08:30:00,365.97,167.62,236.13,93.95,24.59,195,False
F001,Smart Campus,B001,Building 1,BLK-2,Block 2,2026-08-02 08:45:00,383.64,197.91,162.06,75.92,29.92,181,False
F001,Smart Campus,B001,Building 1,BLK-1,Block 1,2026-08-02 09:00:00,545.15,149.49,184.84,54.88,24.15,263,False
F001,Smart Campus,B001,Building 1,BLK-2,Block 2,2026-08-02 09:15:00,580.67,185.49,184.33,108.03,30.09,135,False
F001,Smart Campus,B001,Building 1,BLK-1,Block 1,2026-08-02 09:30:00,500.59,196.41,226.87,82.71,22.31,289,False
F001,Smart Campus,B001,Building 1,BLK-2,Block 2,2026-08-02 09:45:00,372.78,187.21,280.22,102.34,27.6,262,False
F001,Smart Campus,B001,Building 1,BLK-1,Block 1,2026-08-02 10:00:00,562.81,104.79,234.43,54.81,24.27,200,False
F001,Smart Campus,B001,Building 1,BLK-2,Block 2,2026-08-02 10:15:00,579.05,180.4,223.03,103.38,30.67,208,False
F001,Smart Campus,B001,Building 1,BLK-1,Block 1,2026-08-02 10:30:00,591.64,177.74,212.9,89.15,27.8,123,False
F001,Smart Campus,B001,Building 1,BLK-2,Block 2,2026-08-02 10:45:00,432.62,90.79,190.51,91.99,24.05,300,False
F001,Smart Campus,B001,Building 1,BLK-1,Block 1,2026-08-02 11:00:00,594.2,130.32,200.23,115.11,26.39,214,False
F001,Smart Campus,B001,Building 1,BLK-2,Block 2,2026-08-02 11:15:00,419.77,137.82,252.58,72.28,25.07,218,False
F001,Smart Campus,B001,Building 1,BLK-1,Block 1,2026-08-02 11:30:00,561.5,145.68,177.48,119.11,27.15,264,False
F001,Smart Campus,B001,Building 1,BLK-2,Block 2,2026-08-02 11:45:00,539.08,134.03,174.42,119.62,25.8,237,False
F001,Smart Campus,B001,Building 1,BLK-1,Block 1,2026-08-02 12:00:00,351.58,94.9,223.6,51.1,24.94,256,False
F001,Smart Campus,B001,Building 1,BLK-2,Block 2,2026-08-02 12:15:00,393.23,159.53,190.16,66.61,24.01,112,False
F001,Smart Campus,B001,Building 1,BLK-1,Block 1,2026-08-02 12:30:00,411.29,115.91,195.1,50.74,26.52,155,False
F001,Smart Campus,B001,Building 1,BLK-2,Block 2,2026-08-02 12:45:00,482.51,157.19,282.42,118.15,31.06,152,False
F001,Smart Campus,B001,Building 1,BLK-1,Block 1,2026-08-02 13:00:00,596.01,198.4,277.68,103.73,28.96,117,False
F001,Smart Campus,B001,Building 1,BLK-2,Block 2,2026-08-02 13:15:00,388.14,97.73,223.22,70.86,25.01,278,False
F001,Smart Campus,B001,Building 1,BLK-1,Block 1,2026-08-02 13:30:00,358.77,141.17,221.89,105.14,27.21,108,False
F001,Smart Campus,B001,Building 1,BLK-2,Block 2,2026-08-02 13:45:00,433.9,146.29,280.35,110.43,29.8,283,False
F001,Smart Campus,B001,Building 1,BLK-1,Block 1,2026-08-02 14:00:00,574.91,102.0,263.36,73.87,22.12,257,False
F001,Smart Campus,B001,Building 1,BLK-2,Block 2,2026-08-02 14:15:00,448.05,105.02,157.99,96.52,27.99,157,False
F001,Smart Campus,B001,Building 1,BLK-1,Block 1,2026-08-02 14:30:00,545.76,115.53,231.45,118.17,29.4,279,False
F001,Smart Campus,B001,Building 1,BLK-2,Block 2,2026-08-02 14:45:00,513.44,117.21,260.41,73.21,23.6,200,False
F001,Smart Campus,B001,Building 1,BLK-1,Block 1,2026-08-02 15:00:00,547.38,159.07,173.3,103.98,31.33,201,False
F001,Smart Campus,B001,Building 1,BLK-2,Block 2,2026-08-02 15:15:00,432.53,87.7,179.02,90.02,27.69,294,False
F001,Smart Campus,B001,Building 1,BLK-1,Block 1,2026-08-02 15:30:00,519.84,96.33,297.9,97.35,30.52,187,False
F001,Smart Campus,B001,Building 1,BLK-2,Block 2,2026-08-02 15:45:00,423.4,196.24,173.63,102.44,27.44,213,False
F001,Smart Campus,B001,Building 1,BLK-1,Block 1,2026-08-02 16:00:00,456.51,116.3,189.87,107.56,26.78,126,False
F001,Smart Campus,B001,Building 1,BLK-2,Block 2,2026-08-02 16:15:00,573.7,123.8,171.78,87.61,25.06,170,False
F001,Smart Campus,B001,Building 1,BLK-1,Block 1,2026-08-02 16:30:00,369.86,183.76,270.28,61.78,25.04,284,False
F001,Smart Campus,B001,Building 1,BLK-2,Block 2,2026-08-02 16:45:00,512.4,188.17,235.85,56.72,23.92,264,False
F001,Smart Campus,B001,Building 1,BLK-1,Block 1,2026-08-02 17:00:00,508.22,93.02,298.65,73.29,24.41,133,False
F001,Smart Campus,B001,Building 1,BLK-2,Block 2,2026-08-02 17:15:00,420.21,115.1,240.61,100.04,29.91,174,False
F001,Smart Campus,B001,Building 1,BLK-1,Block 1,2026-08-02 17:30:00,597.43,194.1,224.76,64.05,22.71,199,False
F001,Smart Campus,B001,Building 1,BLK-2,Block 2,2026-08-02 17:45:00,418.49,90.37,190.72,111.1,26.46,287,False
F001,Smart Campus,B001,Building 1,BLK-1,Block 1,2026-08-02 18:00:00,377.67,176.53,154.5,99.92,24.11,108,False
F001,Smart Campus,B001,Building 1,BLK-2,Block 2,2026-08-02 18:15:00,593.58,186.77,211.39,61.9,23.42,130,False
F001,Smart Campus,B001,Building 1,BLK-1,Block 1,2026-08-02 18:30:00,509.88,172.42,214.05,53.95,28.44,297,False
F001,Smart Campus,B001,Building 1,BLK-2,Block 2,2026-08-02 18:45:00,557.3,145.52,176.41,61.21,29.12,263,False
F001,Smart Campus,B001,Building 1,BLK-1,Block 1,2026-08-02 19:00:00,379.12,190.18,209.75,108.69,28.81,10,False
F001,Smart Campus,B001,Building 1,BLK-2,Block 2,2026-08-02 19:15:00,357.85,142.2,263.32,97.89,24.66,47,False
F001,Smart Campus,B001,Building 1,BLK-1,Block 1,2026-08-02 19:30:00,510.35,160.97,167.95,53.98,24.55,47,False
F001,Smart Campus,B001,Building 1,BLK-2,Block 2,2026-08-02 19:45:00,544.65,188.07,196.56,101.22,29.81,38,False
F001,Smart Campus,B001,Building 1,BLK-1,Block 1,2026-08-02 20:00:00,487.1,143.83,232.46,115.45,23.96,6,False
F001,Smart Campus,B001,Building 1,BLK-2,Block 2,2026-08-02 20:15:00,401.49,83.36,256.01,102.65,22.02,10,False
F001,Smart Campus,B001,Building 1,BLK-1,Block 1,2026-08-02 20:30:00,467.17,151.42,180.43,111.53,31.58,20,False
F001,Smart Campus,B001,Building 1,BLK-2,Block 2,2026-08-02 20:45:00,484.04,183.89,276.36,113.48,28.66,2,False
F001,Smart Campus,B001,Building 1,BLK-1,Block 1,2026-08-02 21:00:00,354.36,97.44,283.9,92.53,23.4,37,False
F001,Smart Campus,B001,Building 1,BLK-2,Block 2,2026-08-02 21:15:00,552.91,167.74,165.21,69.92,27.96,22,False
F001,Smart Campus,B001,Building 1,BLK-1,Block 1,2026-08-02 21:30:00,516.97,97.0,238.62,52.07,28.17,2,False
F001,Smart Campus,B001,Building 1,BLK-2,Block 2,2026-08-02 21:45:00,390.54,127.42,193.13,74.52,30.75,34,False
F001,Smart Campus,B001,Building 1,BLK-1,Block 1,2026-08-02 22:00:00,482.28,108.85,164.37,99.27,28.58,38,False
F001,Smart Campus,B001,Building 1,BLK-2,Block 2,2026-08-02 22:15:00,480.71,143.96,232.23,51.57,27.69,21,False
F001,Smart Campus,B001,Building 1,BLK-1,Block 1,2026-08-02 22:30:00,425.81,193.3,260.62,87.6,28.21,14,False
F001,Smart Campus,B001,Building 1,BLK-2,Block 2,2026-08-02 22:45:00,438.76,168.96,242.85,74.06,27.15,31,False
F001,Smart Campus,B001,Building 1,BLK-1,Block 1,2026-08-02 23:00:00,520.12,144.35,245.9,105.68,24.48,30,False
F001,Smart Campus,B001,Building 1,BLK-2,Block 2,2026-08-02 23:15:00,500.67,138.35,215.24,75.81,24.2,12,False
F001,Smart Campus,B001,Building 1,BLK-1,Block 1,2026-08-02 23:30:00,383.64,169.22,267.36,82.93,31.64,43,False
F001,Smart Campus,B001,Building 1,BLK-2,Block 2,2026-08-02 23:45:00,592.85,196.13,265.41,57.81,31.71,4,False
F001,Smart Campus,B001,Building 1,BLK-1,Block 1,2026-08-03 00:00:00,1067.21,164.39,477.39,171.78,28.59,39,True
F001,Smart Campus,B001,Building 1,BLK-2,Block 2,2026-08-03 00:15:00,771.74,191.09,557.02,210.6,27.65,30,True
F001,Smart Campus,B001,Building 1,BLK-1,Block 1,2026-08-03 00:30:00,565.66,154.78,161.1,53.73,26.04,48,False
F001,Smart Campus,B001,Building 1,BLK-2,Block 2,2026-08-03 00:45:00,584.02,141.23,245.5,66.13,22.56,18,False
F001,Smart Campus,B001,Building 1,BLK-1,Block 1,2026-08-03 01:00:00,595.2,146.08,159.15,88.81,22.2,50,False
F001,Smart Campus,B001,Building 1,BLK-2,Block 2,2026-08-03 01:15:00,550.16,117.54,277.9,119.15,28.87,3,False
F001,Smart Campus,B001,Building 1,BLK-1,Block 1,2026-08-03 01:30:00,543.04,81.29,264.42,89.24,22.13,20,False
F001,Smart Campus,B001,Building 1,BLK-2,Block 2,2026-08-03 01:45:00,570.86,121.16,237.33,68.96,26.59,18,False
F001,Smart Campus,B001,Building 1,BLK-1,Block 1,2026-08-03 02:00:00,478.77,87.87,257.92,70.51,22.98,30,False
F001,Smart Campus,B001,Building 1,BLK-2,Block 2,2026-08-03 02:15:00,495.96,142.7,269.1,75.39,22.09,35,False
F001,Smart Campus,B001,Building 1,BLK-1,Block 1,2026-08-03 02:30:00,490.17,189.7,230.53,55.38,27.74,16,False
F001,Smart Campus,B001,Building 1,BLK-2,Block 2,2026-08-03 02:45:00,576.12,109.6,163.13,53.92,24.0,45,False
F001,Smart Campus,B001,Building 1,BLK-1,Block 1,2026-08-03 03:00:00,472.19,158.66,243.61,62.55,31.17,41,False
F001,Smart Campus,B001,Building 1,BLK-2,Block 2,2026-08-03 03:15:00,431.12,141.15,254.32,114.37,28.35,3,False
F001,Smart Campus,B001,Building 1,BLK-1,Block 1,2026-08-03 03:30:00,547.05,148.25,160.56,83.87,22.15,37,False
F001,Smart Campus,B001,Building 1,BLK-2,Block 2,2026-08-03 03:45:00,572.52,81.97,180.42,119.38,30.02,22,False
F001,Smart Campus,B001,Building 1,BLK-1,Block 1,2026-08-03 04:00:00,551.01,97.06,163.32,93.71,23.04,7,False
F001,Smart Campus,B001,Building 1,BLK-2,Block 2,2026-08-03 04:15:00,387.2,145.09,263.94,70.47,22.3,20,False
F001,Smart Campus,B001,Building 1,BLK-1,Block 1,2026-08-03 04:30:00,415.56,112.41,242.32,51.62,24.31,7,False
F001,Smart Campus,B001,Building 1,BLK-2,Block 2,2026-08-03 04:45:00,474.75,188.75,279.23,59.59,27.6,24,False
F001,Smart Campus,B001,Building 1,BLK-1,Block 1,2026-08-03 05:00:00,567.63,194.61,205.78,119.38,30.73,13,False
F001,Smart Campus,B001,Building 1,BLK-2,Block 2,2026-08-03 05:15:00,392.66,166.41,295.0,92.29,29.09,41,False
F001,Smart Campus,B001,Building 1,BLK-1,Block 1,2026-08-03 05:30:00,510.53,190.94,167.42,66.3,29.57,31,False
F001,Smart Campus,B001,Building 1,BLK-2,Block 2,2026-08-03 05:45:00,477.43,112.81,269.03,94.88,28.26,11,False
F001,Smart Campus,B001,Building 1,BLK-1,Block 1,2026-08-03 06:00:00,552.67,122.11,191.69,68.1,24.75,10,False
F001,Smart Campus,B001,Building 1,BLK-2,Block 2,2026-08-03 06:15:00,492.5,183.2,276.03,85.49,30.72,6,False
F001,Smart Campus,B001,Building 1,BLK-1,Block 1,2026-08-03 06:30:00,468.35,173.8,261.48,76.57,25.27,2,False
F001,Smart Campus,B001,Building 1,BLK-2,Block 2,2026-08-03 06:45:00,516.89,86.5,213.49,81.54,31.38,31,False
F001,Smart Campus,B001,Building 1,BLK-1,Block 1,2026-08-03 07:00:00,353.11,190.01,260.79,83.87,29.52,29,False
F001,Smart Campus,B001,Building 1,BLK-2,Block 2,2026-08-03 07:15:00,530.86,88.86,293.6,53.79,29.38,41,False
F001,Smart Campus,B001,Building 1,BLK-1,Block 1,2026-08-03 07:30:00,537.36,82.62,291.6,88.71,26.44,39,False
F001,Smart Campus,B001,Building 1,BLK-2,Block 2,2026-08-03 07:45:00,419.33,172.52,169.25,81.67,24.74,14,False
F001,Smart Campus,B001,Building 1,BLK-1,Block 1,2026-08-03 08:00:00,521.26,159.53,251.49,70.24,25.65,173,False
F001,Smart Campus,B001,Building 1,BLK-2,Block 2,2026-08-03 08:15:00,386.68,191.8,153.23,95.86,27.5,187,False
F001,Smart Campus,B001,Building 1,BLK-1,Block 1,2026-08-03 08:30:00,522.83,147.67,181.92,110.27,24.22,258,False
F001,Smart Campus,B001,Building 1,BLK-2,Block 2,2026-08-03 08:45:00,368.05,174.14,254.17,76.14,22.48,169,False
F001,Smart Campus,B001,Building 1,BLK-1,Block 1,2026-08-03 09:00:00,486.26,181.74,162.13,89.66,26.02,238,False
F001,Smart Campus,B001,Building 1,BLK-2,Block 2,2026-08-03 09:15:00,413.15,102.83,195.6,54.06,28.63,223,False
F001,Smart Campus,B001,Building 1,BLK-1,Block 1,2026-08-03 09:30:00,359.49,88.39,270.86,83.31,31.34,198,False
F001,Smart Campus,B001,Building 1,BLK-2,Block 2,2026-08-03 09:45:00,503.11,167.35,233.44,58.21,25.34,263,False
F001,Smart Campus,B001,Building 1,BLK-1,Block 1,2026-08-03 10:00:00,455.38,119.34,250.36,90.56,23.49,252,False
F001,Smart Campus,B001,Building 1,BLK-2,Block 2,2026-08-03 10:15:00,516.77,170.43,185.91,84.41,29.9,176,False
F001,Smart Campus,B001,Building 1,BLK-1,Block 1,2026-08-03 10:30:00,412.23,82.48,171.63,64.53,25.88,184,False
F001,Smart Campus,B001,Building 1,BLK-2,Block 2,2026-08-03 10:45:00,581.88,167.62,231.38,74.11,30.17,242,False
F001,Smart Campus,B001,Building 1,BLK-1,Block 1,2026-08-03 11:00:00,595.72,124.84,298.0,110.29,22.39,88,False
F001,Smart Campus,B001,Building 1,BLK-2,Block 2,2026-08-03 11:15:00,1167.1,196.91,444.84,150.93,27.85,274,True
F001,Smart Campus,B001,Building 1,BLK-1,Block 1,2026-08-03 11:30:00,442.62,177.37,250.52,51.44,31.81,203,False
F001,Smart Campus,B001,Building 1,BLK-2,Block 2,2026-08-03 11:45:00,566.43,102.15,177.88,55.69,29.5,242,False
F001,Smart Campus,B001,Building 1,BLK-1,Block 1,2026-08-03 12:00:00,363.63,135.06,207.85,77.69,27.62,299,False
F001,Smart Campus,B001,Building 1,BLK-2,Block 2,2026-08-03 12:15:00,557.54,166.35,226.78,50.97,29.5,90,False
F001,Smart Campus,B001,Building 1,BLK-1,Block 1,2026-08-03 12:30:00,599.87,162.83,279.49,76.04,28.35,300,False
F001,Smart Campus,B001,Building 1,BLK-2,Block 2,2026-08-03 12:45:00,395.62,89.8,284.08,91.39,28.01,284,False
F001,Smart Campus,B001,Building 1,BLK-1,Block 1,2026-08-03 13:00:00,464.25,186.94,275.5,73.33,26.0,229,False
F001,Smart Campus,B001,Building 1,BLK-2,Block 2,2026-08-03 13:15:00,437.31,166.58,199.72,71.39,25.4,194,False
F001,Smart Campus,B001,Building 1,BLK-1,Block 1,2026-08-03 13:30:00,444.91,121.75,174.38,56.82,26.44,93,False
F001,Smart Campus,B001,Building 1,BLK-2,Block 2,2026-08-03 13:45:00,550.57,132.09,272.07,98.34,23.43,173,False
F001,Smart Campus,B001,Building 1,BLK-1,Block 1,2026-08-03 14:00:00,467.59,161.93,227.39,73.25,26.04,216,False
F001,Smart Campus,B001,Building 1,BLK-2,Block 2,2026-08-03 14:15:00,546.99,112.1,219.17,67.87,25.87,213,False
F001,Smart Campus,B001,Building 1,BLK-1,Block 1,2026-08-03 14:30:00,577.42,94.8,265.95,67.18,30.0,274,False
F001,Smart Campus,B001,Building 1,BLK-2,Block 2,2026-08-03 14:45:00,502.87,143.06,294.69,74.13,25.82,155,False
F001,Smart Campus,B001,Building 1,BLK-1,Block 1,2026-08-03 15:00:00,533.14,122.95,195.44,64.27,22.33,196,False
F001,Smart Campus,B001,Building 1,BLK-2,Block 2,2026-08-03 15:15:00,538.92,168.68,213.54,82.33,31.01,193,False
F001,Smart Campus,B001,Building 1,BLK-1,Block 1,2026-08-03 15:30:00,456.23,148.73,152.23,76.95,30.55,203,False
F001,Smart Campus,B001,Building 1,BLK-2,Block 2,2026-08-03 15:45:00,354.82,182.61,214.8,72.89,24.74,167,False
F001,Smart Campus,B001,Building 1,BLK-1,Block 1,2026-08-03 16:00:00,402.49,190.21,161.9,114.66,27.51,245,False
F001,Smart Campus,B001,Building 1,BLK-2,Block 2,2026-08-03 16:15:00,474.33,100.62,249.49,91.18,26.63,260,False
F001,Smart Campus,B001,Building 1,BLK-1,Block 1,2026-08-03 16:30:00,433.41,182.37,189.13,117.08,25.68,162,False
F001,Smart Campus,B001,Building 1,BLK-2,Block 2,2026-08-03 16:45:00,417.38,191.97,160.86,93.85,22.79,248,False
F001,Smart Campus,B001,Building 1,BLK-1,Block 1,2026-08-03 17:00:00,380.76,178.77,179.55,50.88,24.64,211,False
F001,Smart Campus,B001,Building 1,BLK-2,Block 2,2026-08-03 17:15:00,429.9,146.28,206.13,93.07,22.18,279,False
F001,Smart Campus,B001,Building 1,BLK-1,Block 1,2026-08-03 17:30:00,489.46,176.39,278.1,87.48,25.38,298,False
F001,Smart Campus,B001,Building 1,BLK-2,Block 2,2026-08-03 17:45:00,592.79,108.71,283.71,61.97,28.9,100,False
F001,Smart Campus,B001,Building 1,BLK-1,Block 1,2026-08-03 18:00:00,444.31,196.35,226.6,103.67,25.67,194,False
F001,Smart Campus,B001,Building 1,BLK-2,Block 2,2026-08-03 18:15:00,449.68,115.69,194.24,101.96,23.35,203,False
F001,Smart Campus,B001,Building 1,BLK-1,Block 1,2026-08-03 18:30:00,1082.12,163.5,384.73,118.5,23.11,188,True
F001,Smart Campus,B001,Building 1,BLK-2,Block 2,2026-08-03 18:45:00,597.63,132.84,153.99,53.41,30.29,261,False
F001,Smart Campus,B001,Building 1,BLK-1,Block 1,2026-08-03 19:00:00,576.97,147.25,291.04,52.64,26.96,6,False
F001,Smart Campus,B001,Building 1,BLK-2,Block 2,2026-08-03 19:15:00,507.2,134.53,176.42,78.55,25.84,27,False
F001,Smart Campus,B001,Building 1,BLK-1,Block 1,2026-08-03 19:30:00,403.57,102.71,267.51,58.34,26.91,1,False
F001,Smart Campus,B001,Building 1,BLK-2,Block 2,2026-08-03 19:45:00,386.0,107.31,185.07,106.36,24.43,21,False
F001,Smart Campus,B001,Building 1,BLK-1,Block 1,2026-08-03 20:00:00,490.77,96.07,261.52,105.83,22.22,43,False
F001,Smart Campus,B001,Building 1,BLK-2,Block 2,2026-08-03 20:15:00,414.16,104.89,282.69,53.29,29.09,19,False
F001,Smart Campus,B001,Building 1,BLK-1,Block 1,2026-08-03 20:30:00,464.08,190.52,184.82,94.26,23.51,33,False
F001,Smart Campus,B001,Building 1,BLK-2,Block 2,2026-08-03 20:45:00,379.45,170.96,225.61,94.27,29.64,37,False
F001,Smart Campus,B001,Building 1,BLK-1,Block 1,2026-08-03 21:00:00,432.78,128.83,200.24,80.62,23.93,1,False
F001,Smart Campus,B001,Building 1,BLK-2,Block 2,2026-08-03 21:15:00,458.75,129.93,264.85,51.69,23.16,8,False
F001,Smart Campus,B001,Building 1,BLK-1,Block 1,2026-08-03 21:30:00,520.33,136.82,227.65,57.62,31.08,32,False
F001,Smart Campus,B001,Building 1,BLK-2,Block 2,2026-08-03 21:45:00,487.51,195.98,276.92,67.41,28.17,25,False
F001,Smart Campus,B001,Building 1,BLK-1,Block 1,2026-08-03 22:00:00,465.86,161.74,189.77,55.9,29.62,38,False
F001,Smart Campus,B001,Building 1,BLK-2,Block 2,2026-08-03 22:15:00,413.4,124.98,182.42,89.8,31.4,42,False
F001,Smart Campus,B001,Building 1,BLK-1,Block 1,2026-08-03 22:30:00,555.47,196.88,210.04,86.16,28.93,18,False
F001,Smart Campus,B001,Building 1,BLK-2,Block 2,2026-08-03 22:45:00,385.58,188.6,252.04,119.11,31.81,14,False
F001,Smart Campus,B001,Building 1,BLK-1,Block 1,2026-08-03 23:00:00,353.7,101.24,186.92,83.23,23.78,38,False
F001,Smart Campus,B001,Building 1,BLK-2,Block 2,2026-08-03 23:15:00,390.61,151.03,151.68,107.13,22.26,5,False
F001,Smart Campus,B001,Building 1,BLK-1,Block 1,2026-08-03 23:30:00,463.91,132.35,247.88,52.65,26.96,27,False
F001,Smart Campus,B001,Building 1,BLK-2,Block 2,2026-08-03 23:45:00,441.3,177.95,250.64,112.93,25.78,15,False
F001,Smart Campus,B001,Building 1,BLK-1,Block 1,2026-08-04 00:00:00,503.0,141.07,287.28,66.2,28.94,4,False
F001,Smart Campus,B001,Building 1,BLK-2,Block 2,2026-08-04 00:15:00,1265.31,99.51,379.59,147.51,24.75,33,True
F001,Smart Campus,B001,Building 1,BLK-1,Block 1,2026-08-04 00:30:00,596.96,166.12,177.25,110.94,22.61,23,False
F001,Smart Campus,B001,Building 1,BLK-2,Block 2,2026-08-04 00:45:00,476.99,183.11,290.13,88.31,29.31,0,False
F001,Smart Campus,B001,Building 1,BLK-1,Block 1,2026-08-04 01:00:00,430.52,192.08,204.25,62.83,23.98,19,False
F001,Smart Campus,B001,Building 1,BLK-2,Block 2,2026-08-04 01:15:00,491.71,96.39,289.72,58.96,24.95,39,False
F001,Smart Campus,B001,Building 1,BLK-1,Block 1,2026-08-04 01:30:00,552.63,116.77,289.28,64.52,24.13,27,False
F001,Smart Campus,B001,Building 1,BLK-2,Block 2,2026-08-04 01:45:00,369.63,168.02,281.61,68.68,29.98,39,False
F001,Smart Campus,B001,Building 1,BLK-1,Block 1,2026-08-04 02:00:00,525.7,185.96,192.58,71.44,22.72,46,False
F001,Smart Campus,B001,Building 1,BLK-2,Block 2,2026-08-04 02:15:00,499.18,170.49,234.96,79.9,29.45,24,False
F001,Smart Campus,B001,Building 1,BLK-1,Block 1,2026-08-04 02:30:00,534.64,126.63,217.0,81.9,26.4,29,False
F001,Smart Campus,B001,Building 1,BLK-2,Block 2,2026-08-04 02:45:00,515.68,189.89,182.25,118.14,26.16,42,False
F001,Smart Campus,B001,Building 1,BLK-1,Block 1,2026-08-04 03:00:00,445.92,142.86,290.41,68.36,31.02,30,False
F001,Smart Campus,B001,Building 1,BLK-2,Block 2,2026-08-04 03:15:00,354.11,87.4,196.39,110.81,22.69,12,False
F001,Smart Campus,B001,Building 1,BLK-1,Block 1,2026-08-04 03:30:00,523.43,179.5,155.89,85.78,30.22,15,False
F001,Smart Campus,B001,Building 1,BLK-2,Block 2,2026-08-04 03:45:00,504.99,196.69,204.0,64.29,26.64,5,False
F001,Smart Campus,B001,Building 1,BLK-1,Block 1,2026-08-04 04:00:00,546.2,105.12,267.37,60.17,29.4,21,False
F001,Smart Campus,B001,Building 1,BLK-2,Block 2,2026-08-04 04:15:00,391.25,118.95,255.32,69.0,27.16,13,False
F001,Smart Campus,B001,Building 1,BLK-1,Block 1,2026-08-04 04:30:00,446.15,140.92,290.97,88.49,29.04,8,False
F001,Smart Campus,B001,Building 1,BLK-2,Block 2,2026-08-04 04:45:00,548.08,181.12,285.54,57.41,28.74,37,False
F001,Smart Campus,B001,Building 1,BLK-1,Block 1,2026-08-04 05:00:00,481.89,191.25,172.22,79.66,30.43,5,False
F001,Smart Campus,B001,Building 1,BLK-2,Block 2,2026-08-04 05:15:00,579.72,189.73,285.88,50.59,23.86,7,False
F001,Smart Campus,B001,Building 1,BLK-1,Block 1,2026-08-04 05:30:00,371.75,176.77,219.04,81.26,25.37,29,False
F001,Smart Campus,B001,Building 1,BLK-2,Block 2,2026-08-04 05:45:00,491.13,192.92,200.68,99.68,28.6,36,False
F001,Smart Campus,B001,Building 1,BLK-1,Block 1,2026-08-04 06:00:00,510.02,148.95,176.85,63.07,30.23,38,False
F001,Smart Campus,B001,Building 1,BLK-2,Block 2,2026-08-04 06:15:00,428.69,112.59,217.52,85.65,23.89,48,False
F001,Smart Campus,B001,Building 1,BLK-1,Block 1,2026-08-04 06:30:00,536.52,166.24,266.81,59.24,26.52,28,False
F001,Smart Campus,B001,Building 1,BLK-2,Block 2,2026-08-04 06:45:00,552.26,151.52,273.38,119.23,24.12,32,False
F001,Smart Campus,B001,Building 1,BLK-1,Block 1,2026-08-04 07:00:00,505.7,121.56,227.78,64.33,25.41,11,False
F001,Smart Campus,B001,Building 1,BLK-2,Block 2,2026-08-04 07:15:00,574.24,182.38,291.81,74.37,22.44,0,False
F001,Smart Campus,B001,Building 1,BLK-1,Block 1,2026-08-04 07:30:00,518.13,93.71,163.85,68.62,30.47,26,False
F001,Smart Campus,B001,Building 1,BLK-2,Block 2,2026-08-04 07:45:00,547.99,80.03,258.48,74.21,30.95,50,False
F001,Smart Campus,B001,Building 1,BLK-1,Block 1,2026-08-04 08:00:00,406.5,84.8,150.75,79.44,22.43,287,False
F001,Smart Campus,B001,Building 1,BLK-2,Block 2,2026-08-04 08:15:00,440.89,187.68,265.51,102.76,22.34,299,False
F001,Smart Campus,B001,Building 1,BLK-1,Block 1,2026-08-04 08:30:00,510.8,81.42,254.65,96.12,31.58,253,False
F001,Smart Campus,B001,Building 1,BLK-2,Block 2,2026-08-04 08:45:00,372.07,124.58,226.1,69.75,29.93,232,False
F001,Smart Campus,B001,Building 1,BLK-1,Block 1,2026-08-04 09:00:00,447.78,104.99,151.15,88.41,29.36,134,False
F001,Smart Campus,B001,Building 1,BLK-2,Block 2,2026-08-04 09:15:00,593.76,108.76,187.92,85.18,29.49,145,False
F001,Smart Campus,B001,Building 1,BLK-1,Block 1,2026-08-04 09:30:00,548.82,82.09,196.16,73.21,25.18,89,False
F001,Smart Campus,B001,Building 1,BLK-2,Block 2,2026-08-04 09:45:00,494.46,81.77,176.79,99.4,30.98,296,False
F001,Smart Campus,B001,Building 1,BLK-1,Block 1,2026-08-04 10:00:00,407.74,192.34,293.62,116.34,31.0,112,False
F001,Smart Campus,B001,Building 1,BLK-2,Block 2,2026-08-04 10:15:00,500.69,118.73,185.79,52.18,24.74,85,False
F001,Smart Campus,B001,Building 1,BLK-1,Block 1,2026-08-04 10:30:00,416.5,119.93,161.55,93.13,29.11,232,False
F001,Smart Campus,B001,Building 1,BLK-2,Block 2,2026-08-04 10:45:00,1314.1,179.6,408.56,140.37,28.15,132,True
F001,Smart Campus,B001,Building 1,BLK-1,Block 1,2026-08-04 11:00:00,518.45,80.68,246.15,68.31,22.37,87,False
F001,Smart Campus,B001,Building 1,BLK-2,Block 2,2026-08-04 11:15:00,419.57,191.2,165.51,64.24,29.29,158,False
F001,Smart Campus,B001,Building 1,BLK-1,Block 1,2026-08-04 11:30:00,372.79,126.22,212.61,55.19,28.14,227,False
F001,Smart Campus,B001,Building 1,BLK-2,Block 2,2026-08-04 11:45:00,461.08,173.5,284.27,105.85,27.9,170,False
F001,Smart Campus,B001,Building 1,BLK-1,Block 1,2026-08-04 12:00:00,579.1,111.73,236.04,82.04,25.91,213,False
F001,Smart Campus,B001,Building 1,BLK-2,Block 2,2026-08-04 12:15:00,476.2,157.4,229.47,52.19,23.21,198,False
F001,Smart Campus,B001,Building 1,BLK-1,Block 1,2026-08-04 12:30:00,495.94,152.0,228.58,104.93,24.44,214,False
F001,Smart Campus,B001,Building 1,BLK-2,Block 2,2026-08-04 12:45:00,493.55,134.76,158.37,101.01,28.22,162,False
F001,Smart Campus,B001,Building 1,BLK-1,Block 1,2026-08-04 13:00:00,528.84,113.17,245.99,105.18,25.18,275,False
F001,Smart Campus,B001,Building 1,BLK-2,Block 2,2026-08-04 13:15:00,494.16,143.69,179.06,60.93,27.18,163,False
F001,Smart Campus,B001,Building 1,BLK-1,Block 1,2026-08-04 13:30:00,535.94,164.64,179.16,53.96,22.29,257,False
F001,Smart Campus,B001,Building 1,BLK-2,Block 2,2026-08-04 13:45:00,531.41,129.35,239.28,82.42,23.7,125,False
F001,Smart Campus,B001,Building 1,BLK-1,Block 1,2026-08-04 14:00:00,364.8,176.49,279.2,95.8,25.76,286,False
F001,Smart Campus,B001,Building 1,BLK-2,Block 2,2026-08-04 14:15:00,397.48,154.36,266.19,56.5,24.99,91,False
F001,Smart Campus,B001,Building 1,BLK-1,Block 1,2026-08-04 14:30:00,529.3,149.57,208.7,73.03,25.01,94,False
F001,Smart Campus,B001,Building 1,BLK-2,Block 2,2026-08-04 14:45:00,368.88,180.35,264.05,73.53,25.11,112,False
F001,Smart Campus,B001,Building 1,BLK-1,Block 1,2026-08-04 15:00:00,545.29,129.41,260.83,57.21,30.73,279,False
F001,Smart Campus,B001,Building 1,BLK-2,Block 2,2026-08-04 15:15:00,553.59,124.85,229.08,99.02,22.69,105,False
F001,Smart Campus,B001,Building 1,BLK-1,Block 1,2026-08-04 15:30:00,413.36,182.34,257.88,76.34,23.35,109,False
F001,Smart Campus,B001,Building 1,BLK-2,Block 2,2026-08-04 15:45:00,598.56,133.65,282.6,83.49,30.11,172,False
F001,Smart Campus,B001,Building 1,BLK-1,Block 1,2026-08-04 16:00:00,807.57,112.3,555.22,169.85,30.01,85,True
F001,Smart Campus,B001,Building 1,BLK-2,Block 2,2026-08-04 16:15:00,541.56,157.51,173.4,88.91,24.31,212,False
F001,Smart Campus,B001,Building 1,BLK-1,Block 1,2026-08-04 16:30:00,423.16,162.5,155.49,118.6,29.73,255,False
F001,Smart Campus,B001,Building 1,BLK-2,Block 2,2026-08-04 16:45:00,536.94,91.64,262.21,106.88,23.19,299,False
F001,Smart Campus,B001,Building 1,BLK-1,Block 1,2026-08-04 17:00:00,407.65,163.79,210.64,110.1,30.4,281,False
F001,Smart Campus,B001,Building 1,BLK-2,Block 2,2026-08-04 17:15:00,556.79,141.61,242.31,88.35,27.93,131,False
F001,Smart Campus,B001,Building 1,BLK-1,Block 1,2026-08-04 17:30:00,472.78,163.68,155.42,65.09,27.74,88,False
F001,Smart Campus,B001,Building 1,BLK-2,Block 2,2026-08-04 17:45:00,567.06,153.2,266.32,75.64,25.41,245,False
F001,Smart Campus,B001,Building 1,BLK-1,Block 1,2026-08-04 18:00:00,393.78,108.05,184.59,90.31,31.28,257,False
F001,Smart Campus,B001,Building 1,BLK-2,Block 2,2026-08-04 18:15:00,396.88,171.5,184.64,74.52,29.07,94,False
F001,Smart Campus,B001,Building 1,BLK-1,Block 1,2026-08-04 18:30:00,572.54,151.6,161.28,53.04,27.23,138,False
F001,Smart Campus,B001,Building 1,BLK-2,Block 2,2026-08-04 18:45:00,457.0,184.01,276.74,68.07,29.53,227,False
F001,Smart Campus,B001,Building 1,BLK-1,Block 1,2026-08-04 19:00:00,385.26,179.66,157.29,69.56,22.22,49,False
F001,Smart Campus,B001,Building 1,BLK-2,Block 2,2026-08-04 19:15:00,552.79,126.59,158.09,82.3,27.07,49,False
F001,Smart Campus,B001,Building 1,BLK-1,Block 1,2026-08-04 19:30:00,515.45,180.34,181.83,77.78,26.75,35,False
F001,Smart Campus,B001,Building 1,BLK-2,Block 2,2026-08-04 19:45:00,361.1,130.86,218.19,76.0,30.39,21,False
F001,Smart Campus,B001,Building 1,BLK-1,Block 1,2026-08-04 20:00:00,472.63,83.69,202.18,89.25,28.37,22,False
F001,Smart Campus,B001,Building 1,BLK-2,Block 2,2026-08-04 20:15:00,423.92,113.02,245.95,113.78,30.32,14,False
F001,Smart Campus,B001,Building 1,BLK-1,Block 1,2026-08-04 20:30:00,457.6,199.48,289.84,109.52,22.04,13,False
F001,Smart Campus,B001,Building 1,BLK-2,Block 2,2026-08-04 20:45:00,353.77,191.24,255.05,104.53,26.06,39,False
F001,Smart Campus,B001,Building 1,BLK-1,Block 1,2026-08-04 21:00:00,520.95,116.81,152.88,57.08,24.63,9,False
F001,Smart Campus,B001,Building 1,BLK-2,Block 2,2026-08-04 21:15:00,402.59,128.46,258.99,94.9,27.75,5,False
F001,Smart Campus,B001,Building 1,BLK-1,Block 1,2026-08-04 21:30:00,418.73,139.45,183.44,87.32,31.03,11,False
F001,Smart Campus,B001,Building 1,BLK-2,Block 2,2026-08-04 21:45:00,505.08,110.36,269.04,60.4,25.95,32,False
F001,Smart Campus,B001,Building 1,BLK-1,Block 1,2026-08-04 22:00:00,519.12,143.77,289.97,116.41,31.99,9,False
F001,Smart Campus,B001,Building 1,BLK-2,Block 2,2026-08-04 22:15:00,410.5,113.98,190.46,67.72,28.25,10,False
F001,Smart Campus,B001,Building 1,BLK-1,Block 1,2026-08-04 22:30:00,451.88,153.07,182.4,105.91,26.34,40,False
F001,Smart Campus,B001,Building 1,BLK-2,Block 2,2026-08-04 22:45:00,376.51,125.84,173.58,99.12,26.51,26,False
F001,Smart Campus,B001,Building 1,BLK-1,Block 1,2026-08-04 23:00:00,570.73,130.83,220.35,80.12,22.82,8,False
F001,Smart Campus,B001,Building 1,BLK-2,Block 2,2026-08-04 23:15:00,588.47,192.4,168.69,82.51,22.36,1,False
F001,Smart Campus,B001,Building 1,BLK-1,Block 1,2026-08-04 23:30:00,475.86,80.75,153.98,71.65,26.68,9,False
F001,Smart Campus,B001,Building 1,BLK-2,Block 2,2026-08-04 23:45:00,590.24,103.58,177.3,68.32,23.76,7,False
F001,Smart Campus,B001,Building 1,BLK-1,Block 1,2026-08-05 00:00:00,525.01,177.89,289.84,91.83,24.3,50,False
F001,Smart Campus,B001,Building 1,BLK-2,Block 2,2026-08-05 00:15:00,530.7,171.4,213.35,78.26,22.56,26,False
F001,Smart Campus,B001,Building 1,BLK-1,Block 1,2026-08-05 00:30:00,380.54,119.56,236.15,105.43,25.8,45,False
F001,Smart Campus,B001,Building 1,BLK-2,Block 2,2026-08-05 00:45:00,596.61,87.03,232.59,69.67,25.77,16,False
F001,Smart Campus,B001,Building 1,BLK-1,Block 1,2026-08-05 01:00:00,518.34,193.12,202.86,101.35,25.56,11,False
F001,Smart Campus,B001,Building 1,BLK-2,Block 2,2026-08-05 01:15:00,413.08,135.28,174.62,112.24,25.44,33,False
F001,Smart Campus,B001,Building 1,BLK-1,Block 1,2026-08-05 01:30:00,1030.06,98.53,433.44,106.9,28.89,5,True
F001,Smart Campus,B001,Building 1,BLK-2,Block 2,2026-08-05 01:45:00,565.77,107.94,152.2,117.13,29.65,8,False
F001,Smart Campus,B001,Building 1,BLK-1,Block 1,2026-08-05 02:00:00,450.81,98.82,293.82,87.75,26.08,22,False
F001,Smart Campus,B001,Building 1,BLK-2,Block 2,2026-08-05 02:15:00,390.74,168.71,236.54,106.22,25.16,28,False
F001,Smart Campus,B001,Building 1,BLK-1,Block 1,2026-08-05 02:30:00,366.01,97.56,170.39,106.09,28.21,28,False
F001,Smart Campus,B001,Building 1,BLK-2,Block 2,2026-08-05 02:45:00,516.93,106.68,289.88,65.97,24.93,47,False
F001,Smart Campus,B001,Building 1,BLK-1,Block 1,2026-08-05 03:00:00,541.85,128.78,222.27,119.03,30.13,7,False
F001,Smart Campus,B001,Building 1,BLK-2,Block 2,2026-08-05 03:15:00,417.59,106.98,272.27,80.71,23.39,15,False
F001,Smart Campus,B001,Building 1,BLK-1,Block 1,2026-08-05 03:30:00,373.81,136.13,242.82,113.18,24.61,48,False
F001,Smart Campus,B001,Building 1,BLK-2,Block 2,2026-08-05 03:45:00,486.48,112.58,261.91,103.2,30.48,17,False
F001,Smart Campus,B001,Building 1,BLK-1,Block 1,2026-08-05 04:00:00,393.37,131.67,176.52,100.79,27.85,6,False
F001,Smart Campus,B001,Building 1,BLK-2,Block 2,2026-08-05 04:15:00,444.7,189.39,204.23,56.68,22.07,10,False
F001,Smart Campus,B001,Building 1,BLK-1,Block 1,2026-08-05 04:30:00,589.88,177.59,195.69,77.52,27.33,34,False
F001,Smart Campus,B001,Building 1,BLK-2,Block 2,2026-08-05 04:45:00,548.05,111.93,296.65,102.63,31.53,9,False
F001,Smart Campus,B001,Building 1,BLK-1,Block 1,2026-08-05 05:00:00,374.96,182.82,256.07,91.95,27.52,32,False
F001,Smart Campus,B001,Building 1,BLK-2,Block 2,2026-08-05 05:15:00,357.69,120.95,156.26,116.36,30.58,3,False
F001,Smart Campus,B001,Building 1,BLK-1,Block 1,2026-08-05 05:30:00,366.88,175.23,250.11,69.83,24.89,34,False
F001,Smart Campus,B001,Building 1,BLK-2,Block 2,2026-08-05 05:45:00,456.2,111.94,298.52,101.77,28.94,4,False
F001,Smart Campus,B001,Building 1,BLK-1,Block 1,2026-08-05 06:00:00,525.39,139.16,257.32,71.81,25.77,34,False
F001,Smart Campus,B001,Building 1,BLK-2,Block 2,2026-08-05 06:15:00,464.83,197.07,251.51,80.03,29.77,43,False
F001,Smart Campus,B001,Building 1,BLK-1,Block 1,2026-08-05 06:30:00,359.74,104.42,211.52,72.94,23.61,25,False
F001,Smart Campus,B001,Building 1,BLK-2,Block 2,2026-08-05 06:45:00,420.08,198.24,160.08,89.35,23.48,42,False
F001,Smart Campus,B001,Building 1,BLK-1,Block 1,2026-08-05 07:00:00,436.52,193.62,164.1,92.44,26.44,10,False
F001,Smart Campus,B001,Building 1,BLK-2,Block 2,2026-08-05 07:15:00,793.07,191.2,385.84,114.38,26.97,8,True
F001,Smart Campus,B001,Building 1,BLK-1,Block 1,2026-08-05 07:30:00,537.33,188.62,281.51,114.16,26.7,34,False
F001,Smart Campus,B001,Building 1,BLK-2,Block 2,2026-08-05 07:45:00,420.81,125.22,224.97,117.72,30.52,38,False
F001,Smart Campus,B001,Building 1,BLK-1,Block 1,2026-08-05 08:00:00,420.49,195.78,224.42,114.51,22.98,254,False
F001,Smart Campus,B001,Building 1,BLK-2,Block 2,2026-08-05 08:15:00,481.96,97.05,199.41,107.52,28.67,275,False
F001,Smart Campus,B001,Building 1,BLK-1,Block 1,2026-08-05 08:30:00,580.45,152.64,256.38,59.33,25.51,131,False
F001,Smart Campus,B001,Building 1,BLK-2,Block 2,2026-08-05 08:45:00,473.55,144.17,259.29,94.58,26.1,229,False
F001,Smart Campus,B001,Building 1,BLK-1,Block 1,2026-08-05 09:00:00,397.41,135.12,221.55,61.84,30.76,218,False
F001,Smart Campus,B001,Building 1,BLK-2,Block 2,2026-08-05 09:15:00,563.82,169.36,197.72,103.5,25.73,258,False
F001,Smart Campus,B001,Building 1,BLK-1,Block 1,2026-08-05 09:30:00,535.06,152.35,220.9,109.3,28.71,106,False
F001,Smart Campus,B001,Building 1,BLK-2,Block 2,2026-08-05 09:45:00,430.14,141.55,150.01,51.42,23.93,206,False
F001,Smart Campus,B001,Building 1,BLK-1,Block 1,2026-08-05 10:00:00,388.26,137.23,217.7,85.81,25.3,291,False
F001,Smart Campus,B001,Building 1,BLK-2,Block 2,2026-08-05 10:15:00,431.58,89.0,184.33,100.07,28.73,106,False
F001,Smart Campus,B001,Building 1,BLK-1,Block 1,2026-08-05 10:30:00,560.2,182.55,245.78,102.0,30.88,298,False
F001,Smart Campus,B001,Building 1,BLK-2,Block 2,2026-08-05 10:45:00,369.64,88.27,182.48,102.28,23.84,200,False
F001,Smart Campus,B001,Building 1,BLK-1,Block 1,2026-08-05 11:00:00,487.3,86.37,231.15,85.95,28.59,170,False
F001,Smart Campus,B001,Building 1,BLK-2,Block 2,2026-08-05 11:15:00,488.52,111.39,167.56,99.94,22.25,244,False
F001,Smart Campus,B001,Building 1,BLK-1,Block 1,2026-08-05 11:30:00,489.43,163.64,210.46,117.73,26.32,151,False
F001,Smart Campus,B001,Building 1,BLK-2,Block 2,2026-08-05 11:45:00,573.55,90.54,182.71,113.72,23.88,274,False
F001,Smart Campus,B001,Building 1,BLK-1,Block 1,2026-08-05 12:00:00,793.38,118.28,357.26,80.85,32.0,290,True
F001,Smart Campus,B001,Building 1,BLK-2,Block 2,2026-08-05 12:15:00,354.45,179.81,191.94,101.04,25.44,160,False
F001,Smart Campus,B001,Building 1,BLK-1,Block 1,2026-08-05 12:30:00,446.13,116.05,212.26,103.9,27.59,184,False
F001,Smart Campus,B001,Building 1,BLK-2,Block 2,2026-08-05 12:45:00,387.72,125.86,171.36,51.83,24.9,151,False
F001,Smart Campus,B001,Building 1,BLK-1,Block 1,2026-08-05 13:00:00,446.68,130.76,262.57,109.73,25.02,89,False
F001,Smart Campus,B001,Building 1,BLK-2,Block 2,2026-08-05 13:15:00,903.07,146.49,279.22,159.17,22.2,270,True
F001,Smart Campus,B001,Building 1,BLK-1,Block 1,2026-08-05 13:30:00,506.55,167.48,289.4,53.3,30.19,181,False
F001,Smart Campus,B001,Building 1,BLK-2,Block 2,2026-08-05 13:45:00,544.86,198.33,241.06,52.54,25.39,87,False
F001,Smart Campus,B001,Building 1,BLK-1,Block 1,2026-08-05 14:00:00,551.21,115.86,182.6,55.59,30.38,289,False
F001,Smart Campus,B001,Building 1,BLK-2,Block 2,2026-08-05 14:15:00,1468.34,88.69,365.76,219.13,23.99,80,True
F001,Smart Campus,B001,Building 1,BLK-1,Block 1,2026-08-05 14:30:00,352.17,115.56,188.35,85.36,30.98,151,False
F001,Smart Campus,B001,Building 1,BLK-2,Block 2,2026-08-05 14:45:00,503.79,105.82,238.22,74.26,26.86,121,False
F001,Smart Campus,B001,Building 1,BLK-1,Block 1,2026-08-05 15:00:00,466.91,182.68,236.82,60.07,29.4,289,False
F001,Smart Campus,B001,Building 1,BLK-2,Block 2,2026-08-05 15:15:00,492.15,86.74,197.35,55.76,27.56,81,False
F001,Smart Campus,B001,Building 1,BLK-1,Block 1,2026-08-05 15:30:00,367.94,193.65,197.17,108.6,25.2,156,False
F001,Smart Campus,B001,Building 1,BLK-2,Block 2,2026-08-05 15:45:00,503.64,135.42,289.24,97.41,27.34,226,False
F001,Smart Campus,B001,Building 1,BLK-1,Block 1,2026-08-05 16:00:00,468.98,181.59,281.82,52.49,24.89,151,False
F001,Smart Campus,B001,Building 1,BLK-2,Block 2,2026-08-05 16:15:00,491.26,108.33,202.73,71.56,27.76,102,False
F001,Smart Campus,B001,Building 1,BLK-1,Block 1,2026-08-05 16:30:00,469.84,172.92,229.56,84.2,26.35,201,False
F001,Smart Campus,B001,Building 1,BLK-2,Block 2,2026-08-05 16:45:00,535.84,132.95,241.05,64.17,24.18,264,False
F001,Smart Campus,B001,Building 1,BLK-1,Block 1,2026-08-05 17:00:00,427.91,125.37,150.94,71.62,26.03,221,False
F001,Smart Campus,B001,Building 1,BLK-2,Block 2,2026-08-05 17:15:00,406.73,101.53,234.06,115.3,25.06,258,False
F001,Smart Campus,B001,Building 1,BLK-1,Block 1,2026-08-05 17:30:00,538.22,137.76,236.13,62.01,26.17,154,False
F001,Smart Campus,B001,Building 1,BLK-2,Block 2,2026-08-05 17:45:00,474.31,195.71,241.82,58.37,30.36,297,False
F001,Smart Campus,B001,Building 1,BLK-1,Block 1,2026-08-05 18:00:00,485.35,106.51,296.11,109.32,29.8,299,False
F001,Smart Campus,B001,Building 1,BLK-2,Block 2,2026-08-05 18:15:00,429.46,180.72,216.07,68.29,31.65,264,False
F001,Smart Campus,B001,Building 1,BLK-1,Block 1,2026-08-05 18:30:00,482.95,88.47,290.45,104.42,29.84,102,False
F001,Smart Campus,B001,Building 1,BLK-2,Block 2,2026-08-05 18:45:00,412.81,177.27,244.81,75.27,23.12,269,False
F001,Smart Campus,B001,Building 1,BLK-1,Block 1,2026-08-05 19:00:00,527.91,85.64,209.65,51.22,23.63,17,False
F001,Smart Campus,B001,Building 1,BLK-2,Block 2,2026-08-05 19:15:00,543.93,188.65,281.73,94.19,24.25,35,False
F001,Smart Campus,B001,Building 1,BLK-1,Block 1,2026-08-05 19:30:00,466.99,176.75,279.42,94.51,31.02,39,False
F001,Smart Campus,B001,Building 1,BLK-2,Block 2,2026-08-05 19:45:00,550.91,196.99,167.47,106.27,26.11,14,False
F001,Smart Campus,B001,Building 1,BLK-1,Block 1,2026-08-05 20:00:00,508.98,188.52,201.46,116.75,26.77,42,False
F001,Smart Campus,B001,Building 1,BLK-2,Block 2,2026-08-05 20:15:00,561.42,158.55,176.09,102.79,26.96,27,False
F001,Smart Campus,B001,Building 1,BLK-1,Block 1,2026-08-05 20:30:00,392.08,189.95,183.67,103.96,31.05,13,False
F001,Smart Campus,B001,Building 1,BLK-2,Block 2,2026-08-05 20:45:00,391.84,84.35,250.21,107.66,31.77,0,False
F001,Smart Campus,B001,Building 1,BLK-1,Block 1,2026-08-05 21:00:00,399.68,158.35,236.58,105.08,27.79,21,False
F001,Smart Campus,B001,Building 1,BLK-2,Block 2,2026-08-05 21:15:00,469.18,149.06,168.31,72.89,24.21,38,False
F001,Smart Campus,B001,Building 1,BLK-1,Block 1,2026-08-05 21:30:00,395.63,165.61,155.84,55.64,22.45,38,False
F001,Smart Campus,B001,Building 1,BLK-2,Block 2,2026-08-05 21:45:00,467.54,87.53,218.37,78.21,31.28,4,False
F001,Smart Campus,B001,Building 1,BLK-1,Block 1,2026-08-05 22:00:00,401.37,161.47,238.96,89.69,29.29,48,False
F001,Smart Campus,B001,Building 1,BLK-2,Block 2,2026-08-05 22:15:00,518.05,184.09,183.25,109.64,22.26,27,False
F001,Smart Campus,B001,Building 1,BLK-1,Block 1,2026-08-05 22:30:00,561.14,99.52,178.93,89.64,31.64,29,False
F001,Smart Campus,B001,Building 1,BLK-2,Block 2,2026-08-05 22:45:00,531.32,160.17,178.91,61.82,29.04,29,False
F001,Smart Campus,B001,Building 1,BLK-1,Block 1,2026-08-05 23:00:00,432.5,135.39,276.7,83.62,22.3,16,False
F001,Smart Campus,B001,Building 1,BLK-2,Block 2,2026-08-05 23:15:00,595.72,120.64,252.18,54.76,25.66,3,False
F001,Smart Campus,B001,Building 1,BLK-1,Block 1,2026-08-05 23:30:00,555.69,98.3,194.66,68.19,22.72,50,False
F001,Smart Campus,B001,Building 1,BLK-2,Block 2,2026-08-05 23:45:00,411.9,110.44,187.24,53.35,26.43,38,False
F001,Smart Campus,B001,Building 1,BLK-1,Block 1,2026-08-06 00:00:00,505.13,189.03,178.39,71.31,28.0,20,False
F001,Smart Campus,B001,Building 1,BLK-2,Block 2,2026-08-06 00:15:00,520.77,151.95,299.85,108.68,24.78,13,False
F001,Smart Campus,B001,Building 1,BLK-1,Block 1,2026-08-06 00:30:00,594.48,198.26,253.52,61.98,22.0,48,False
F001,Smart Campus,B001,Building 1,BLK-2,Block 2,2026-08-06 00:45:00,497.29,136.68,286.57,77.66,22.25,7,False
F001,Smart Campus,B001,Building 1,BLK-1,Block 1,2026-08-06 01:00:00,556.05,121.98,266.82,57.87,30.7,12,False
F001,Smart Campus,B001,Building 1,BLK-2,Block 2,2026-08-06 01:15:00,511.24,142.75,243.08,71.9,26.16,24,False
F001,Smart Campus,B001,Building 1,BLK-1,Block 1,2026-08-06 01:30:00,532.45,110.08,163.39,59.19,29.9,46,False
F001,Smart Campus,B001,Building 1,BLK-2,Block 2,2026-08-06 01:45:00,483.3,159.09,227.43,94.31,28.01,15,False
F001,Smart Campus,B001,Building 1,BLK-1,Block 1,2026-08-06 02:00:00,417.09,182.13,211.58,100.49,26.25,38,False
F001,Smart Campus,B001,Building 1,BLK-2,Block 2,2026-08-06 02:15:00,403.69,84.11,240.97,67.89,29.01,40,False
F001,Smart Campus,B001,Building 1,BLK-1,Block 1,2026-08-06 02:30:00,444.58,194.37,221.6,97.03,26.41,49,False
F001,Smart Campus,B001,Building 1,BLK-2,Block 2,2026-08-06 02:45:00,592.28,193.15,184.4,86.71,30.83,14,False
F001,Smart Campus,B001,Building 1,BLK-1,Block 1,2026-08-06 03:00:00,538.8,185.02,282.21,92.98,26.76,5,False
F001,Smart Campus,B001,Building 1,BLK-2,Block 2,2026-08-06 03:15:00,367.49,153.19,183.34,96.47,29.99,18,False
F001,Smart Campus,B001,Building 1,BLK-1,Block 1,2026-08-06 03:30:00,458.16,136.38,176.2,81.29,22.24,24,False
F001,Smart Campus,B001,Building 1,BLK-2,Block 2,2026-08-06 03:45:00,585.98,190.48,208.6,109.83,29.01,42,False
F001,Smart Campus,B001,Building 1,BLK-1,Block 1,2026-08-06 04:00:00,365.03,119.45,150.84,69.79,29.09,23,False
F001,Smart Campus,B001,Building 1,BLK-2,Block 2,2026-08-06 04:15:00,369.95,97.9,194.93,63.72,22.44,10,False
F001,Smart Campus,B001,Building 1,BLK-1,Block 1,2026-08-06 04:30:00,489.48,177.8,287.56,96.55,27.51,25,False
F001,Smart Campus,B001,Building 1,BLK-2,Block 2,2026-08-06 04:45:00,414.26,112.75,184.55,64.02,25.07,30,False
F001,Smart Campus,B001,Building 1,BLK-1,Block 1,2026-08-06 05:00:00,801.57,160.79,510.16,184.89,28.36,15,True
F001,Smart Campus,B001,Building 1,BLK-2,Block 2,2026-08-06 05:15:00,397.51,127.29,201.59,106.95,26.5,15,False
F001,Smart Campus,B001,Building 1,BLK-1,Block 1,2026-08-06 05:30:00,554.09,189.93,177.27,53.67,29.06,33,False
F001,Smart Campus,B001,Building 1,BLK-2,Block 2,2026-08-06 05:45:00,408.24,84.55,267.13,53.64,25.42,44,False
F001,Smart Campus,B001,Building 1,BLK-1,Block 1,2026-08-06 06:00:00,591.39,140.61,201.19,90.21,28.5,39,False
F001,Smart Campus,B001,Building 1,BLK-2,Block 2,2026-08-06 06:15:00,463.6,111.58,169.82,117.69,23.85,30,False
F001,Smart Campus,B001,Building 1,BLK-1,Block 1,2026-08-06 06:30:00,361.25,168.07,160.86,81.1,29.64,6,False
F001,Smart Campus,B001,Building 1,BLK-2,Block 2,2026-08-06 06:45:00,370.94,138.54,163.29,97.89,23.44,37,False
F001,Smart Campus,B001,Building 1,BLK-1,Block 1,2026-08-06 07:00:00,410.12,160.6,275.31,60.13,29.15,39,False
F001,Smart Campus,B001,Building 1,BLK-2,Block 2,2026-08-06 07:15:00,434.27,84.61,160.16,87.89,27.65,27,False
F001,Smart Campus,B001,Building 1,BLK-1,Block 1,2026-08-06 07:30:00,546.75,171.31,226.17,112.32,31.05,49,False
F001,Smart Campus,B001,Building 1,BLK-2,Block 2,2026-08-06 07:45:00,498.33,188.54,191.79,70.38,31.95,48,False
F001,Smart Campus,B001,Building 1,BLK-1,Block 1,2026-08-06 08:00:00,492.96,171.45,277.53,65.73,23.64,297,False
F001,Smart Campus,B001,Building 1,BLK-2,Block 2,2026-08-06 08:15:00,413.25,180.66,297.5,60.47,29.72,200,False
F001,Smart Campus,B001,Building 1,BLK-1,Block 1,2026-08-06 08:30:00,591.44,88.99,202.74,76.36,26.37,190,False
F001,Smart Campus,B001,Building 1,BLK-2,Block 2,2026-08-06 08:45:00,487.8,86.36,152.12,56.36,26.74,204,False
F001,Smart Campus,B001,Building 1,BLK-1,Block 1,2026-08-06 09:00:00,597.92,155.8,299.81,114.01,24.47,253,False
F001,Smart Campus,B001,Building 1,BLK-2,Block 2,2026-08-06 09:15:00,367.39,189.51,255.63,64.58,29.18,207,False
F001,Smart Campus,B001,Building 1,BLK-1,Block 1,2026-08-06 09:30:00,486.76,195.61,202.57,75.41,26.05,170,False
F001,Smart Campus,B001,Building 1,BLK-2,Block 2,2026-08-06 09:45:00,502.12,113.04,245.08,118.69,28.83,181,False
F001,Smart Campus,B001,Building 1,BLK-1,Block 1,2026-08-06 10:00:00,546.88,106.06,277.41,91.03,29.78,205,False
F001,Smart Campus,B001,Building 1,BLK-2,Block 2,2026-08-06 10:15:00,396.95,195.06,298.9,80.64,24.25,92,False
F001,Smart Campus,B001,Building 1,BLK-1,Block 1,2026-08-06 10:30:00,394.24,103.15,196.05,50.65,23.69,197,False
F001,Smart Campus,B001,Building 1,BLK-2,Block 2,2026-08-06 10:45:00,480.35,80.16,226.27,72.6,29.13,98,False
F001,Smart Campus,B001,Building 1,BLK-1,Block 1,2026-08-06 11:00:00,367.38,101.31,288.01,79.62,31.8,125,False
F001,Smart Campus,B001,Building 1,BLK-2,Block 2,2026-08-06 11:15:00,443.0,188.1,157.59,70.7,29.84,244,False
F001,Smart Campus,B001,Building 1,BLK-1,Block 1,2026-08-06 11:30:00,565.39,123.86,192.71,84.06,27.3,131,False
F001,Smart Campus,B001,Building 1,BLK-2,Block 2,2026-08-06 11:45:00,388.89,177.9,167.87,53.15,29.1,160,False
F001,Smart Campus,B001,Building 1,BLK-1,Block 1,2026-08-06 12:00:00,588.33,80.09,279.25,67.98,27.1,182,False
F001,Smart Campus,B001,Building 1,BLK-2,Block 2,2026-08-06 12:15:00,472.42,166.73,229.54,70.81,31.51,251,False
F001,Smart Campus,B001,Building 1,BLK-1,Block 1,2026-08-06 12:30:00,360.93,136.62,195.64,106.37,27.4,94,False
F001,Smart Campus,B001,Building 1,BLK-2,Block 2,2026-08-06 12:45:00,472.08,133.93,199.14,57.61,29.65,240,False
F001,Smart Campus,B001,Building 1,BLK-1,Block 1,2026-08-06 13:00:00,515.03,80.96,163.12,101.21,24.46,231,False
F001,Smart Campus,B001,Building 1,BLK-2,Block 2,2026-08-06 13:15:00,563.32,154.21,216.92,102.04,22.64,220,False
F001,Smart Campus,B001,Building 1,BLK-1,Block 1,2026-08-06 13:30:00,544.54,169.88,278.47,77.02,27.22,284,False
F001,Smart Campus,B001,Building 1,BLK-2,Block 2,2026-08-06 13:45:00,1036.1,124.19,352.7,112.44,27.09,123,True
F001,Smart Campus,B001,Building 1,BLK-1,Block 1,2026-08-06 14:00:00,390.05,122.94,294.35,86.71,24.42,253,False
F001,Smart Campus,B001,Building 1,BLK-2,Block 2,2026-08-06 14:15:00,393.25,156.49,297.32,64.72,27.53,105,False
F001,Smart Campus,B001,Building 1,BLK-1,Block 1,2026-08-06 14:30:00,358.28,118.76,214.47,90.23,32.0,252,False
F001,Smart Campus,B001,Building 1,BLK-2,Block 2,2026-08-06 14:45:00,397.17,104.88,231.88,53.52,24.0,171,False
F001,Smart Campus,B001,Building 1,BLK-1,Block 1,2026-08-06 15:00:00,466.0,114.98,247.59,114.14,22.76,230,False
F001,Smart Campus,B001,Building 1,BLK-2,Block 2,2026-08-06 15:15:00,511.26,179.87,236.33,79.91,29.84,241,False
F001,Smart Campus,B001,Building 1,BLK-1,Block 1,2026-08-06 15:30:00,548.96,162.95,295.41,109.29,28.73,165,False
F001,Smart Campus,B001,Building 1,BLK-2,Block 2,2026-08-06 15:45:00,427.76,104.16,258.43,81.8,27.88,164,False
F001,Smart Campus,B001,Building 1,BLK-1,Block 1,2026-08-06 16:00:00,548.63,82.98,205.18,102.51,25.18,290,False
F001,Smart Campus,B001,Building 1,BLK-2,Block 2,2026-08-06 16:15:00,522.94,179.64,230.07,112.94,24.41,257,False
F001,Smart Campus,B001,Building 1,BLK-1,Block 1,2026-08-06 16:30:00,354.51,199.52,185.64,72.64,25.14,127,False
F001,Smart Campus,B001,Building 1,BLK-2,Block 2,2026-08-06 16:45:00,361.55,120.2,220.82,60.3,24.15,184,False
F001,Smart Campus,B001,Building 1,BLK-1,Block 1,2026-08-06 17:00:00,393.29,86.63,184.38,116.68,29.83,117,False
F001,Smart Campus,B001,Building 1,BLK-2,Block 2,2026-08-06 17:15:00,501.89,98.63,245.8,73.89,27.1,220,False
F001,Smart Campus,B001,Building 1,BLK-1,Block 1,2026-08-06 17:30:00,393.81,199.74,270.58,85.15,24.91,144,False
F001,Smart Campus,B001,Building 1,BLK-2,Block 2,2026-08-06 17:45:00,462.65,83.54,267.35,63.96,25.71,185,False
F001,Smart Campus,B001,Building 1,BLK-1,Block 1,2026-08-06 18:00:00,460.06,126.67,176.12,115.25,24.26,183,False
F001,Smart Campus,B001,Building 1,BLK-2,Block 2,2026-08-06 18:15:00,350.75,160.1,272.35,98.46,29.8,94,False
F001,Smart Campus,B001,Building 1,BLK-1,Block 1,2026-08-06 18:30:00,399.75,130.25,228.0,70.96,26.91,200,False
F001,Smart Campus,B001,Building 1,BLK-2,Block 2,2026-08-06 18:45:00,391.89,122.23,238.83,87.43,28.7,192,False
F001,Smart Campus,B001,Building 1,BLK-1,Block 1,2026-08-06 19:00:00,402.65,95.36,182.13,78.82,28.98,4,False
F001,Smart Campus,B001,Building 1,BLK-2,Block 2,2026-08-06 19:15:00,432.7,97.66,160.17,88.19,24.91,25,False
F001,Smart Campus,B001,Building 1,BLK-1,Block 1,2026-08-06 19:30:00,501.18,198.98,226.22,73.82,31.08,20,False
F001,Smart Campus,B001,Building 1,BLK-2,Block 2,2026-08-06 19:45:00,360.69,121.48,154.79,69.94,22.22,18,False
F001,Smart Campus,B001,Building 1,BLK-1,Block 1,2026-08-06 20:00:00,1217.64,133.12,542.8,174.57,23.8,21,True
F001,Smart Campus,B001,Building 1,BLK-2,Block 2,2026-08-06 20:15:00,383.96,144.6,205.36,111.34,24.93,15,False
F001,Smart Campus,B001,Building 1,BLK-1,Block 1,2026-08-06 20:30:00,441.19,192.17,258.15,72.17,22.35,40,False
F001,Smart Campus,B001,Building 1,BLK-2,Block 2,2026-08-06 20:45:00,559.91,112.47,181.8,77.3,26.5,44,False
F001,Smart Campus,B001,Building 1,BLK-1,Block 1,2026-08-06 21:00:00,453.7,113.33,283.26,91.84,27.2,5,False
F001,Smart Campus,B001,Building 1,BLK-2,Block 2,2026-08-06 21:15:00,578.85,115.5,263.88,93.06,28.81,26,False
F001,Smart Campus,B001,Building 1,BLK-1,Block 1,2026-08-06 21:30:00,426.8,141.98,247.45,58.13,27.09,45,False
F001,Smart Campus,B001,Building 1,BLK-2,Block 2,2026-08-06 21:45:00,426.33,173.11,226.72,113.05,27.85,2,False
F001,Smart Campus,B001,Building 1,BLK-1,Block 1,2026-08-06 22:00:00,482.04,99.8,292.04,88.49,27.14,37,False
F001,Smart Campus,B001,Building 1,BLK-2,Block 2,2026-08-06 22:15:00,385.42,144.16,214.26,62.01,31.25,6,False
F001,Smart Campus,B001,Building 1,BLK-1,Block 1,2026-08-06 22:30:00,494.14,197.31,165.64,95.35,26.17,24,False
F001,Smart Campus,B001,Building 1,BLK-2,Block 2,2026-08-06 22:45:00,1193.76,106.94,409.77,166.78,22.38,13,True
F001,Smart Campus,B001,Building 1,BLK-1,Block 1,2026-08-06 23:00:00,422.71,107.98,224.67,106.58,25.82,45,False
F001,Smart Campus,B001,Building 1,BLK-2,Block 2,2026-08-06 23:15:00,441.77,154.93,274.53,117.48,29.32,15,False
F001,Smart Campus,B001,Building 1,BLK-1,Block 1,2026-08-06 23:30:00,558.47,157.49,278.92,50.31,26.81,9,False
F001,Smart Campus,B001,Building 1,BLK-2,Block 2,2026-08-06 23:45:00,494.46,160.13,242.59,68.75,26.01,16,False
F001,Smart Campus,B001,Building 1,BLK-1,Block 1,2026-08-07 00:00:00,352.56,93.26,195.2,53.29,30.75,19,False
F001,Smart Campus,B001,Building 1,BLK-2,Block 2,2026-08-07 00:15:00,528.47,164.61,187.99,113.73,29.24,34,False
F001,Smart Campus,B001,Building 1,BLK-1,Block 1,2026-08-07 00:30:00,463.71,153.48,167.58,53.81,29.38,10,False
F001,Smart Campus,B001,Building 1,BLK-2,Block 2,2026-08-07 00:45:00,540.97,161.69,196.82,80.44,29.77,35,False
F001,Smart Campus,B001,Building 1,BLK-1,Block 1,2026-08-07 01:00:00,399.9,103.38,196.2,66.68,25.89,38,False
F001,Smart Campus,B001,Building 1,BLK-2,Block 2,2026-08-07 01:15:00,367.19,131.43,284.01,109.63,28.56,33,False
F001,Smart Campus,B001,Building 1,BLK-1,Block 1,2026-08-07 01:30:00,504.56,199.34,159.3,51.18,28.5,28,False
F001,Smart Campus,B001,Building 1,BLK-2,Block 2,2026-08-07 01:45:00,429.24,179.46,298.6,51.89,22.57,27,False
F001,Smart Campus,B001,Building 1,BLK-1,Block 1,2026-08-07 02:00:00,599.15,136.88,219.38,84.8,30.4,22,False
F001,Smart Campus,B001,Building 1,BLK-2,Block 2,2026-08-07 02:15:00,362.24,177.34,287.16,72.76,30.95,10,False
F001,Smart Campus,B001,Building 1,BLK-1,Block 1,2026-08-07 02:30:00,532.32,133.41,202.1,78.21,22.79,38,False
F001,Smart Campus,B001,Building 1,BLK-2,Block 2,2026-08-07 02:45:00,388.18,167.71,235.29,94.12,28.92,32,False
F001,Smart Campus,B001,Building 1,BLK-1,Block 1,2026-08-07 03:00:00,386.95,158.8,193.59,88.66,23.66,1,False
F001,Smart Campus,B001,Building 1,BLK-2,Block 2,2026-08-07 03:15:00,551.96,167.65,276.26,52.67,25.79,19,False
F001,Smart Campus,B001,Building 1,BLK-1,Block 1,2026-08-07 03:30:00,594.91,169.65,185.41,67.08,30.32,8,False
F001,Smart Campus,B001,Building 1,BLK-2,Block 2,2026-08-07 03:45:00,524.7,107.21,285.92,67.75,26.17,50,False
F001,Smart Campus,B001,Building 1,BLK-1,Block 1,2026-08-07 04:00:00,364.94,152.1,213.09,51.35,25.69,33,False
F001,Smart Campus,B001,Building 1,BLK-2,Block 2,2026-08-07 04:15:00,575.13,167.44,216.8,92.36,22.78,10,False
F001,Smart Campus,B001,Building 1,BLK-1,Block 1,2026-08-07 04:30:00,361.66,92.13,167.83,73.34,22.29,18,False
F001,Smart Campus,B001,Building 1,BLK-2,Block 2,2026-08-07 04:45:00,462.37,156.05,256.87,62.55,25.12,6,False
F001,Smart Campus,B001,Building 1,BLK-1,Block 1,2026-08-07 05:00:00,376.4,111.49,207.4,68.77,30.93,11,False
F001,Smart Campus,B001,Building 1,BLK-2,Block 2,2026-08-07 05:15:00,1209.84,193.07,451.12,93.92,26.85,9,True
F001,Smart Campus,B001,Building 1,BLK-1,Block 1,2026-08-07 05:30:00,496.64,102.32,202.64,118.02,25.33,44,False
F001,Smart Campus,B001,Building 1,BLK-2,Block 2,2026-08-07 05:45:00,483.94,129.73,218.76,94.14,31.9,10,False
F001,Smart Campus,B001,Building 1,BLK-1,Block 1,2026-08-07 06:00:00,396.78,150.66,195.93,76.31,30.22,32,False
F001,Smart Campus,B001,Building 1,BLK-2,Block 2,2026-08-07 06:15:00,579.12,83.81,156.26,97.06,23.08,3,False
F001,Smart Campus,B001,Building 1,BLK-1,Block 1,2026-08-07 06:30:00,428.25,124.83,247.22,96.31,26.5,28,False
F001,Smart Campus,B001,Building 1,BLK-2,Block 2,2026-08-07 06:45:00,519.33,118.85,201.38,112.98,29.23,38,False
F001,Smart Campus,B001,Building 1,BLK-1,Block 1,2026-08-07 07:00:00,462.98,148.86,249.82,90.73,30.06,34,False
F001,Smart Campus,B001,Building 1,BLK-2,Block 2,2026-08-07 07:15:00,465.52,95.38,286.22,82.76,31.74,31,False
F001,Smart Campus,B001,Building 1,BLK-1,Block 1,2026-08-07 07:30:00,374.39,163.7,299.78,90.12,25.7,21,False
F001,Smart Campus,B001,Building 1,BLK-2,Block 2,2026-08-07 07:45:00,535.01,172.45,288.5,68.61,30.16,23,False
F001,Smart Campus,B001,Building 1,BLK-1,Block 1,2026-08-07 08:00:00,376.91,153.99,226.0,64.76,27.73,276,False
F001,Smart Campus,B001,Building 1,BLK-2,Block 2,2026-08-07 08:15:00,368.34,103.58,223.54,113.64,24.58,237,False
F001,Smart Campus,B001,Building 1,BLK-1,Block 1,2026-08-07 08:30:00,475.07,156.36,161.0,110.57,27.51,187,False
F001,Smart Campus,B001,Building 1,BLK-2,Block 2,2026-08-07 08:45:00,373.63,195.73,282.73,109.38,24.38,278,False
F001,Smart Campus,B001,Building 1,BLK-1,Block 1,2026-08-07 09:00:00,442.51,109.7,276.02,109.32,27.86,283,False
F001,Smart Campus,B001,Building 1,BLK-2,Block 2,2026-08-07 09:15:00,561.89,127.3,217.13,65.85,29.19,227,False
F001,Smart Campus,B001,Building 1,BLK-1,Block 1,2026-08-07 09:30:00,451.84,121.11,232.62,54.25,30.86,192,False
F001,Smart Campus,B001,Building 1,BLK-2,Block 2,2026-08-07 09:45:00,359.49,167.95,269.62,107.79,26.49,300,False
F001,Smart Campus,B001,Building 1,BLK-1,Block 1,2026-08-07 10:00:00,464.47,95.71,252.75,60.99,31.84,128,False
F001,Smart Campus,B001,Building 1,BLK-2,Block 2,2026-08-07 10:15:00,408.27,107.56,253.82,72.12,23.01,261,False
F001,Smart Campus,B001,Building 1,BLK-1,Block 1,2026-08-07 10:30:00,426.23,115.37,222.74,100.02,25.15,83,False
F001,Smart Campus,B001,Building 1,BLK-2,Block 2,2026-08-07 10:45:00,351.62,167.71,292.35,96.02,25.35,241,False
F001,Smart Campus,B001,Building 1,BLK-1,Block 1,2026-08-07 11:00:00,456.1,169.27,266.81,78.51,27.18,114,False
F001,Smart Campus,B001,Building 1,BLK-2,Block 2,2026-08-07 11:15:00,552.59,190.41,162.11,103.8,24.52,292,False
F001,Smart Campus,B001,Building 1,BLK-1,Block 1,2026-08-07 11:30:00,555.16,130.76,219.86,72.53,28.1,121,False
F001,Smart Campus,B001,Building 1,BLK-2,Block 2,2026-08-07 11:45:00,596.11,160.79,286.84,67.77,24.73,107,False
F001,Smart Campus,B001,Building 1,BLK-1,Block 1,2026-08-07 12:00:00,598.93,120.3,214.39,59.89,22.24,155,False
F001,Smart Campus,B001,Building 1,BLK-2,Block 2,2026-08-07 12:15:00,921.99,140.33,502.11,148.53,28.42,247,True
F001,Smart Campus,B001,Building 1,BLK-1,Block 1,2026-08-07 12:30:00,371.85,102.28,282.4,72.33,26.87,278,False
F001,Smart Campus,B001,Building 1,BLK-2,Block 2,2026-08-07 12:45:00,570.76,115.37,164.16,50.46,26.9,155,False
F001,Smart Campus,B001,Building 1,BLK-1,Block 1,2026-08-07 13:00:00,390.7,177.67,150.74,89.61,24.71,161,False
F001,Smart Campus,B001,Building 1,BLK-2,Block 2,2026-08-07 13:15:00,493.28,195.23,278.49,54.92,29.82,122,False
F001,Smart Campus,B001,Building 1,BLK-1,Block 1,2026-08-07 13:30:00,427.03,143.89,227.23,100.68,24.66,111,False
F001,Smart Campus,B001,Building 1,BLK-2,Block 2,2026-08-07 13:45:00,477.07,100.53,195.41,95.82,31.72,98,False
F001,Smart Campus,B001,Building 1,BLK-1,Block 1,2026-08-07 14:00:00,491.4,180.0,227.56,64.06,22.08,202,False
F001,Smart Campus,B001,Building 1,BLK-2,Block 2,2026-08-07 14:15:00,469.16,140.51,237.35,95.91,28.71,166,False
F001,Smart Campus,B001,Building 1,BLK-1,Block 1,2026-08-07 14:30:00,1155.02,195.65,335.4,193.52,31.68,154,True
F001,Smart Campus,B001,Building 1,BLK-2,Block 2,2026-08-07 14:45:00,576.2,198.67,233.94,51.44,23.52,116,False
F001,Smart Campus,B001,Building 1,BLK-1,Block 1,2026-08-07 15:00:00,469.54,138.15,235.54,53.15,31.0,142,False
F001,Smart Campus,B001,Building 1,BLK-2,Block 2,2026-08-07 15:15:00,545.81,110.64,255.44,56.02,30.77,200,False
F001,Smart Campus,B001,Building 1,BLK-1,Block 1,2026-08-07 15:30:00,478.02,198.72,212.1,80.82,30.65,106,False
F001,Smart Campus,B001,Building 1,BLK-2,Block 2,2026-08-07 15:45:00,469.41,154.27,261.34,84.72,24.99,85,False
F001,Smart Campus,B001,Building 1,BLK-1,Block 1,2026-08-07 16:00:00,581.75,174.17,206.12,93.29,26.52,279,False
F001,Smart Campus,B001,Building 1,BLK-2,Block 2,2026-08-07 16:15:00,577.23,128.35,230.58,101.71,28.38,187,False
F001,Smart Campus,B001,Building 1,BLK-1,Block 1,2026-08-07 16:30:00,398.28,161.9,218.85,65.58,30.28,141,False
F001,Smart Campus,B001,Building 1,BLK-2,Block 2,2026-08-07 16:45:00,466.75,143.22,226.25,94.11,28.27,143,False
F001,Smart Campus,B001,Building 1,BLK-1,Block 1,2026-08-07 17:00:00,476.72,174.25,160.2,85.03,29.38,288,False
F001,Smart Campus,B001,Building 1,BLK-2,Block 2,2026-08-07 17:15:00,561.08,169.7,178.03,107.2,23.54,175,False
F001,Smart Campus,B001,Building 1,BLK-1,Block 1,2026-08-07 17:30:00,389.52,118.28,237.11,84.41,22.56,123,False
F001,Smart Campus,B001,Building 1,BLK-2,Block 2,2026-08-07 17:45:00,478.28,104.52,236.31,63.03,22.71,266,False
F001,Smart Campus,B001,Building 1,BLK-1,Block 1,2026-08-07 18:00:00,557.58,121.11,155.04,87.78,26.96,193,False
F001,Smart Campus,B001,Building 1,BLK-2,Block 2,2026-08-07 18:15:00,511.6,162.61,238.84,53.63,29.91,159,False
F001,Smart Campus,B001,Building 1,BLK-1,Block 1,2026-08-07 18:30:00,565.3,109.8,243.8,64.22,23.51,96,False
F001,Smart Campus,B001,Building 1,BLK-2,Block 2,2026-08-07 18:45:00,436.9,192.71,261.86,92.13,23.93,241,False
F001,Smart Campus,B001,Building 1,BLK-1,Block 1,2026-08-07 19:00:00,447.89,185.14,269.16,89.58,26.49,33,False
F001,Smart Campus,B001,Building 1,BLK-2,Block 2,2026-08-07 19:15:00,431.59,182.62,158.18,106.11,23.83,18,False
F001,Smart Campus,B001,Building 1,BLK-1,Block 1,2026-08-07 19:30:00,406.08,128.71,219.22,95.57,24.05,31,False
F001,Smart Campus,B001,Building 1,BLK-2,Block 2,2026-08-07 19:45:00,405.65,184.84,239.92,101.01,25.85,35,False
F001,Smart Campus,B001,Building 1,BLK-1,Block 1,2026-08-07 20:00:00,361.3,82.81,151.2,90.54,22.79,20,False
F001,Smart Campus,B001,Building 1,BLK-2,Block 2,2026-08-07 20:15:00,366.21,85.91,177.88,61.15,28.05,29,False
F001,Smart Campus,B001,Building 1,BLK-1,Block 1,2026-08-07 20:30:00,370.83,114.24,219.88,67.84,28.3,11,False
F001,Smart Campus,B001,Building 1,BLK-2,Block 2,2026-08-07 20:45:00,402.14,172.55,184.01,60.68,31.25,18,False
F001,Smart Campus,B001,Building 1,BLK-1,Block 1,2026-08-07 21:00:00,401.84,94.55,207.2,55.19,28.98,31,False
F001,Smart Campus,B001,Building 1,BLK-2,Block 2,2026-08-07 21:15:00,999.44,127.11,360.95,86.21,24.14,1,True
F001,Smart Campus,B001,Building 1,BLK-1,Block 1,2026-08-07 21:30:00,549.57,129.66,180.67,96.51,30.22,23,False
F001,Smart Campus,B001,Building 1,BLK-2,Block 2,2026-08-07 21:45:00,450.58,156.31,271.26,113.85,22.03,33,False
F001,Smart Campus,B001,Building 1,BLK-1,Block 1,2026-08-07 22:00:00,574.76,87.51,188.4,67.81,24.14,27,False
F001,Smart Campus,B001,Building 1,BLK-2,Block 2,2026-08-07 22:15:00,485.85,145.89,287.96,101.29,29.52,16,False
F001,Smart Campus,B001,Building 1,BLK-1,Block 1,2026-08-07 22:30:00,1266.99,153.31,432.84,79.96,28.14,32,True
F001,Smart Campus,B001,Building 1,BLK-2,Block 2,2026-08-07 22:45:00,381.77,174.49,253.24,105.54,29.8,7,False
F001,Smart Campus,B001,Building 1,BLK-1,Block 1,2026-08-07 23:00:00,534.57,94.93,252.04,76.57,30.82,47,False
F001,Smart Campus,B001,Building 1,BLK-2,Block 2,2026-08-07 23:15:00,1170.34,183.08,430.45,163.04,26.5,16,True
F001,Smart Campus,B001,Building 1,BLK-1,Block 1,2026-08-07 23:30:00,427.44,187.81,284.09,66.23,25.95,21,False
F001,Smart Campus,B001,Building 1,BLK-2,Block 2,2026-08-07 23:45:00,397.16,166.81,230.56,93.95,23.37,46,False
F001,Smart Campus,B001,Building 1,BLK-1,Block 1,2026-08-08 00:00:00,477.99,97.16,168.92,102.7,29.1,26,False
F001,Smart Campus,B001,Building 1,BLK-2,Block 2,2026-08-08 00:15:00,512.07,164.32,220.53,57.03,31.23,50,False
F001,Smart Campus,B001,Building 1,BLK-1,Block 1,2026-08-08 00:30:00,567.0,93.42,280.99,96.39,23.4,27,False
F001,Smart Campus,B001,Building 1,BLK-2,Block 2,2026-08-08 00:45:00,529.41,134.7,239.23,71.46,22.56,19,False
F001,Smart Campus,B001,Building 1,BLK-1,Block 1,2026-08-08 01:00:00,423.92,181.0,204.42,66.01,25.07,2,False
F001,Smart Campus,B001,Building 1,BLK-2,Block 2,2026-08-08 01:15:00,501.8,111.15,174.05,107.16,25.4,46,False
F001,Smart Campus,B001,Building 1,BLK-1,Block 1,2026-08-08 01:30:00,587.61,93.17,297.89,95.93,25.63,9,False
F001,Smart Campus,B001,Building 1,BLK-2,Block 2,2026-08-08 01:45:00,497.96,199.79,179.4,104.87,29.11,35,False
F001,Smart Campus,B001,Building 1,BLK-1,Block 1,2026-08-08 02:00:00,358.25,83.83,222.23,115.51,26.14,7,False
F001,Smart Campus,B001,Building 1,BLK-2,Block 2,2026-08-08 02:15:00,511.74,105.46,280.03,109.89,25.17,33,False
F001,Smart Campus,B001,Building 1,BLK-1,Block 1,2026-08-08 02:30:00,540.34,90.22,162.3,58.32,31.97,7,False
F001,Smart Campus,B001,Building 1,BLK-2,Block 2,2026-08-08 02:45:00,530.1,117.03,228.98,70.12,22.55,23,False
F001,Smart Campus,B001,Building 1,BLK-1,Block 1,2026-08-08 03:00:00,461.19,189.05,198.7,94.57,31.34,11,False
F001,Smart Campus,B001,Building 1,BLK-2,Block 2,2026-08-08 03:15:00,427.5,109.97,169.22,61.88,24.71,19,False
F001,Smart Campus,B001,Building 1,BLK-1,Block 1,2026-08-08 03:30:00,544.63,180.8,231.0,114.49,26.9,28,False
F001,Smart Campus,B001,Building 1,BLK-2,Block 2,2026-08-08 03:45:00,579.15,117.51,150.46,69.21,22.4,17,False
F001,Smart Campus,B001,Building 1,BLK-1,Block 1,2026-08-08 04:00:00,380.88,109.01,204.59,112.65,26.54,50,False
F001,Smart Campus,B001,Building 1,BLK-2,Block 2,2026-08-08 04:15:00,394.78,136.57,266.76,77.85,30.75,5,False
F001,Smart Campus,B001,Building 1,BLK-1,Block 1,2026-08-08 04:30:00,599.63,103.84,202.01,57.13,27.08,48,False
F001,Smart Campus,B001,Building 1,BLK-2,Block 2,2026-08-08 04:45:00,418.78,83.44,231.08,111.01,24.12,1,False
F001,Smart Campus,B001,Building 1,BLK-1,Block 1,2026-08-08 05:00:00,528.3,98.37,219.98,74.45,27.68,42,False
F001,Smart Campus,B001,Building 1,BLK-2,Block 2,2026-08-08 05:15:00,509.68,165.81,208.14,79.3,27.92,35,False
F001,Smart Campus,B001,Building 1,BLK-1,Block 1,2026-08-08 05:30:00,551.03,181.31,291.17,54.7,24.28,25,False
F001,Smart Campus,B001,Building 1,BLK-2,Block 2,2026-08-08 05:45:00,565.83,189.47,218.46,85.43,22.75,1,False
F001,Smart Campus,B001,Building 1,BLK-1,Block 1,2026-08-08 06:00:00,478.53,135.5,164.4,66.98,24.29,7,False
F001,Smart Campus,B001,Building 1,BLK-2,Block 2,2026-08-08 06:15:00,447.52,125.33,253.42,78.69,30.97,23,False
F001,Smart Campus,B001,Building 1,BLK-1,Block 1,2026-08-08 06:30:00,454.92,132.65,255.97,57.61,28.19,27,False
F001,Smart Campus,B001,Building 1,BLK-2,Block 2,2026-08-08 06:45:00,397.74,172.42,271.86,101.66,29.02,26,False
F001,Smart Campus,B001,Building 1,BLK-1,Block 1,2026-08-08 07:00:00,372.21,167.48,235.82,94.76,24.23,7,False
F001,Smart Campus,B001,Building 1,BLK-2,Block 2,2026-08-08 07:15:00,413.24,132.91,213.54,75.31,29.21,6,False
F001,Smart Campus,B001,Building 1,BLK-1,Block 1,2026-08-08 07:30:00,445.98,150.2,228.98,119.86,23.82,10,False
F001,Smart Campus,B001,Building 1,BLK-2,Block 2,2026-08-08 07:45:00,555.49,146.95,198.41,118.43,31.03,1,False
F001,Smart Campus,B001,Building 1,BLK-1,Block 1,2026-08-08 08:00:00,360.81,158.63,230.57,108.59,23.7,235,False
F001,Smart Campus,B001,Building 1,BLK-2,Block 2,2026-08-08 08:15:00,399.52,102.54,263.08,86.59,22.65,255,False
F001,Smart Campus,B001,Building 1,BLK-1,Block 1,2026-08-08 08:30:00,509.15,192.49,255.7,51.64,29.31,100,False
F001,Smart Campus,B001,Building 1,BLK-2,Block 2,2026-08-08 08:45:00,399.42,130.27,290.32,55.22,22.04,276,False
F001,Smart Campus,B001,Building 1,BLK-1,Block 1,2026-08-08 09:00:00,544.45,180.98,287.08,57.64,24.65,251,False
F001,Smart Campus,B001,Building 1,BLK-2,Block 2,2026-08-08 09:15:00,497.81,129.53,283.9,67.04,22.14,236,False
F001,Smart Campus,B001,Building 1,BLK-1,Block 1,2026-08-08 09:30:00,400.03,179.11,202.64,114.13,30.28,256,False
F001,Smart Campus,B001,Building 1,BLK-2,Block 2,2026-08-08 09:45:00,493.38,85.83,298.59,69.94,25.4,221,False
F001,Smart Campus,B001,Building 1,BLK-1,Block 1,2026-08-08 10:00:00,523.31,91.91,243.93,118.48,23.35,289,False
F001,Smart Campus,B001,Building 1,BLK-2,Block 2,2026-08-08 10:15:00,576.41,122.47,185.08,116.6,31.91,211,False
F001,Smart Campus,B001,Building 1,BLK-1,Block 1,2026-08-08 10:30:00,421.42,84.55,187.06,112.98,31.43,210,False
F001,Smart Campus,B001,Building 1,BLK-2,Block 2,2026-08-08 10:45:00,368.77,142.98,225.09,112.75,27.2,239,False
F001,Smart Campus,B001,Building 1,BLK-1,Block 1,2026-08-08 11:00:00,366.15,193.63,209.44,118.21,24.51,218,False
F001,Smart Campus,B001,Building 1,BLK-2,Block 2,2026-08-08 11:15:00,439.69,184.4,203.81,91.41,31.6,183,False
F001,Smart Campus,B001,Building 1,BLK-1,Block 1,2026-08-08 11:30:00,369.99,126.74,189.94,92.85,26.23,267,False
F001,Smart Campus,B001,Building 1,BLK-2,Block 2,2026-08-08 11:45:00,586.02,105.58,271.99,100.65,25.35,201,False
F001,Smart Campus,B001,Building 1,BLK-1,Block 1,2026-08-08 12:00:00,457.84,121.35,191.0,101.15,23.04,185,False
F001,Smart Campus,B001,Building 1,BLK-2,Block 2,2026-08-08 12:15:00,479.33,183.56,258.83,111.63,27.31,120,False
F001,Smart Campus,B001,Building 1,BLK-1,Block 1,2026-08-08 12:30:00,537.53,117.68,207.02,84.83,28.52,158,False
F001,Smart Campus,B001,Building 1,BLK-2,Block 2,2026-08-08 12:45:00,417.74,195.21,214.63,100.89,29.94,207,False
F001,Smart Campus,B001,Building 1,BLK-1,Block 1,2026-08-08 13:00:00,583.96,141.26,187.67,83.13,28.95,231,False
F001,Smart Campus,B001,Building 1,BLK-2,Block 2,2026-08-08 13:15:00,571.37,86.82,179.99,67.25,25.51,220,False
F001,Smart Campus,B001,Building 1,BLK-1,Block 1,2026-08-08 13:30:00,522.85,157.61,244.13,58.73,30.43,262,False
F001,Smart Campus,B001,Building 1,BLK-2,Block 2,2026-08-08 13:45:00,575.58,157.17,265.37,94.73,31.57,231,False
F001,Smart Campus,B001,Building 1,BLK-1,Block 1,2026-08-08 14:00:00,378.07,155.63,239.76,116.5,22.28,245,False
F001,Smart Campus,B001,Building 1,BLK-2,Block 2,2026-08-08 14:15:00,464.98,142.27,165.86,110.73,23.42,158,False
F001,Smart Campus,B001,Building 1,BLK-1,Block 1,2026-08-08 14:30:00,400.79,154.16,187.21,56.02,28.29,209,False
F001,Smart Campus,B001,Building 1,BLK-2,Block 2,2026-08-08 14:45:00,375.7,133.17,193.57,58.09,23.01,152,False
F001,Smart Campus,B001,Building 1,BLK-1,Block 1,2026-08-08 15:00:00,388.53,199.19,229.05,99.43,31.25,283,False
F001,Smart Campus,B001,Building 1,BLK-2,Block 2,2026-08-08 15:15:00,581.99,165.39,173.3,92.12,22.94,85,False
F001,Smart Campus,B001,Building 1,BLK-1,Block 1,2026-08-08 15:30:00,395.86,113.98,265.92,61.96,31.17,248,False
F001,Smart Campus,B001,Building 1,BLK-2,Block 2,2026-08-08 15:45:00,440.33,168.0,222.9,101.4,26.38,265,False
F001,Smart Campus,B001,Building 1,BLK-1,Block 1,2026-08-08 16:00:00,366.13,81.25,297.93,79.37,23.05,218,False
F001,Smart Campus,B001,Building 1,BLK-2,Block 2,2026-08-08 16:15:00,393.64,120.99,284.66,73.91,28.95,124,False
F001,Smart Campus,B001,Building 1,BLK-1,Block 1,2026-08-08 16:30:00,520.86,197.66,151.1,85.29,26.77,287,False
F001,Smart Campus,B001,Building 1,BLK-2,Block 2,2026-08-08 16:45:00,380.5,84.74,154.85,116.44,29.14,225,False
F001,Smart Campus,B001,Building 1,BLK-1,Block 1,2026-08-08 17:00:00,447.95,125.53,157.6,113.49,22.55,209,False
F001,Smart Campus,B001,Building 1,BLK-2,Block 2,2026-08-08 17:15:00,561.54,161.32,227.9,66.08,27.26,99,False
F001,Smart Campus,B001,Building 1,BLK-1,Block 1,2026-08-08 17:30:00,376.9,139.95,263.22,85.26,28.59,226,False
F001,Smart Campus,B001,Building 1,BLK-2,Block 2,2026-08-08 17:45:00,473.66,135.4,215.16,77.57,27.32,238,False
F001,Smart Campus,B001,Building 1,BLK-1,Block 1,2026-08-08 18:00:00,464.03,102.98,160.06,71.05,23.01,279,False
F001,Smart Campus,B001,Building 1,BLK-2,Block 2,2026-08-08 18:15:00,529.88,190.79,288.51,75.05,29.15,85,False
F001,Smart Campus,B001,Building 1,BLK-1,Block 1,2026-08-08 18:30:00,499.27,106.64,224.64,84.4,31.35,114,False
F001,Smart Campus,B001,Building 1,BLK-2,Block 2,2026-08-08 18:45:00,476.48,95.43,236.39,68.89,27.04,234,False
F001,Smart Campus,B001,Building 1,BLK-1,Block 1,2026-08-08 19:00:00,576.32,150.32,188.9,66.27,29.44,38,False
F001,Smart Campus,B001,Building 1,BLK-2,Block 2,2026-08-08 19:15:00,563.38,90.77,239.97,73.57,27.05,42,False
F001,Smart Campus,B001,Building 1,BLK-1,Block 1,2026-08-08 19:30:00,509.52,198.56,159.09,103.55,30.66,10,False
F001,Smart Campus,B001,Building 1,BLK-2,Block 2,2026-08-08 19:45:00,447.74,97.54,200.84,94.11,22.78,15,False
F001,Smart Campus,B001,Building 1,BLK-1,Block 1,2026-08-08 20:00:00,524.27,86.08,296.69,67.62,27.96,31,False
F001,Smart Campus,B001,Building 1,BLK-2,Block 2,2026-08-08 20:15:00,481.8,132.89,168.82,64.97,25.48,31,False
F001,Smart Campus,B001,Building 1,BLK-1,Block 1,2026-08-08 20:30:00,462.35,131.7,150.15,112.0,26.29,29,False
F001,Smart Campus,B001,Building 1,BLK-2,Block 2,2026-08-08 20:45:00,439.17,155.83,163.2,103.26,30.39,20,False
F001,Smart Campus,B001,Building 1,BLK-1,Block 1,2026-08-08 21:00:00,512.56,160.29,222.29,76.91,29.57,34,False
F001,Smart Campus,B001,Building 1,BLK-2,Block 2,2026-08-08 21:15:00,582.26,116.1,182.58,90.41,26.39,15,False
F001,Smart Campus,B001,Building 1,BLK-1,Block 1,2026-08-08 21:30:00,532.88,140.04,195.58,108.05,24.48,26,False
F001,Smart Campus,B001,Building 1,BLK-2,Block 2,2026-08-08 21:45:00,511.92,165.38,270.56,90.37,26.48,5,False
F001,Smart Campus,B001,Building 1,BLK-1,Block 1,2026-08-08 22:00:00,536.92,155.58,216.42,100.08,25.15,35,False
F001,Smart Campus,B001,Building 1,BLK-2,Block 2,2026-08-08 22:15:00,417.27,156.99,153.79,84.9,22.7,10,False
F001,Smart Campus,B001,Building 1,BLK-1,Block 1,2026-08-08 22:30:00,365.82,122.26,197.03,69.83,27.01,32,False
F001,Smart Campus,B001,Building 1,BLK-2,Block 2,2026-08-08 22:45:00,449.91,130.02,177.43,113.25,30.33,40,False
F001,Smart Campus,B001,Building 1,BLK-1,Block 1,2026-08-08 23:00:00,385.59,149.61,262.44,80.97,28.87,40,False
F001,Smart Campus,B001,Building 1,BLK-2,Block 2,2026-08-08 23:15:00,377.7,145.41,258.36,102.0,24.05,1,False
F001,Smart Campus,B001,Building 1,BLK-1,Block 1,2026-08-08 23:30:00,377.19,192.01,153.48,100.27,31.59,35,False
F001,Smart Campus,B001,Building 1,BLK-2,Block 2,2026-08-08 23:45:00,432.99,174.5,182.36,117.86,24.83,43,False
F001,Smart Campus,B001,Building 1,BLK-1,Block 1,2026-08-09 00:00:00,595.29,160.63,281.7,111.23,30.97,5,False
F001,Smart Campus,B001,Building 1,BLK-2,Block 2,2026-08-09 00:15:00,389.02,175.33,155.67,114.44,25.41,18,False
F001,Smart Campus,B001,Building 1,BLK-1,Block 1,2026-08-09 00:30:00,574.62,133.36,255.87,60.03,23.08,49,False
F001,Smart Campus,B001,Building 1,BLK-2,Block 2,2026-08-09 00:45:00,426.57,189.4,240.54,73.78,27.44,45,False
F001,Smart Campus,B001,Building 1,BLK-1,Block 1,2026-08-09 01:00:00,525.22,120.5,204.43,83.66,26.47,33,False
F001,Smart Campus,B001,Building 1,BLK-2,Block 2,2026-08-09 01:15:00,458.75,169.76,164.86,65.37,27.97,35,False
F001,Smart Campus,B001,Building 1,BLK-1,Block 1,2026-08-09 01:30:00,451.97,89.43,194.62,94.51,24.36,32,False
F001,Smart Campus,B001,Building 1,BLK-2,Block 2,2026-08-09 01:45:00,465.22,95.68,294.54,55.86,27.66,21,False
F001,Smart Campus,B001,Building 1,BLK-1,Block 1,2026-08-09 02:00:00,580.85,133.1,271.61,94.19,29.92,22,False
F001,Smart Campus,B001,Building 1,BLK-2,Block 2,2026-08-09 02:15:00,451.64,107.86,211.93,102.13,25.18,23,False
F001,Smart Campus,B001,Building 1,BLK-1,Block 1,2026-08-09 02:30:00,383.59,164.01,285.03,108.21,27.69,48,False
F001,Smart Campus,B001,Building 1,BLK-2,Block 2,2026-08-09 02:45:00,580.83,154.47,283.61,95.61,31.47,6,False
F001,Smart Campus,B001,Building 1,BLK-1,Block 1,2026-08-09 03:00:00,478.49,193.73,273.31,103.7,28.28,1,False
F001,Smart Campus,B001,Building 1,BLK-2,Block 2,2026-08-09 03:15:00,558.74,95.01,262.95,108.22,22.03,18,False
F001,Smart Campus,B001,Building 1,BLK-1,Block 1,2026-08-09 03:30:00,551.17,107.63,191.5,53.43,26.39,14,False
F001,Smart Campus,B001,Building 1,BLK-2,Block 2,2026-08-09 03:45:00,371.98,93.94,229.42,90.67,31.62,37,False
F001,Smart Campus,B001,Building 1,BLK-1,Block 1,2026-08-09 04:00:00,378.27,131.37,254.24,103.88,31.32,15,False
F001,Smart Campus,B001,Building 1,BLK-2,Block 2,2026-08-09 04:15:00,583.46,173.3,157.14,83.52,28.96,3,False
F001,Smart Campus,B001,Building 1,BLK-1,Block 1,2026-08-09 04:30:00,457.9,84.26,268.06,76.05,31.57,1,False
F001,Smart Campus,B001,Building 1,BLK-2,Block 2,2026-08-09 04:45:00,482.93,142.48,289.09,110.56,31.33,29,False
F001,Smart Campus,B001,Building 1,BLK-1,Block 1,2026-08-09 05:00:00,513.03,135.76,255.93,64.54,28.53,42,False
F001,Smart Campus,B001,Building 1,BLK-2,Block 2,2026-08-09 05:15:00,469.41,92.3,169.75,91.63,31.98,22,False
F001,Smart Campus,B001,Building 1,BLK-1,Block 1,2026-08-09 05:30:00,498.26,85.77,255.31,72.57,24.64,25,False
F001,Smart Campus,B001,Building 1,BLK-2,Block 2,2026-08-09 05:45:00,494.1,92.03,298.07,101.81,29.03,41,False
F001,Smart Campus,B001,Building 1,BLK-1,Block 1,2026-08-09 06:00:00,434.74,97.95,177.91,92.45,31.88,20,False
F001,Smart Campus,B001,Building 1,BLK-2,Block 2,2026-08-09 06:15:00,382.34,191.45,208.42,113.8,26.61,37,False
F001,Smart Campus,B001,Building 1,BLK-1,Block 1,2026-08-09 06:30:00,466.15,98.53,282.84,119.94,25.6,3,False
F001,Smart Campus,B001,Building 1,BLK-2,Block 2,2026-08-09 06:45:00,487.72,80.43,279.73,85.09,29.93,27,False
F001,Smart Campus,B001,Building 1,BLK-1,Block 1,2026-08-09 07:00:00,354.97,198.71,226.85,103.05,25.69,32,False
F001,Smart Campus,B001,Building 1,BLK-2,Block 2,2026-08-09 07:15:00,422.08,122.23,204.38,112.49,24.26,17,False
F001,Smart Campus,B001,Building 1,BLK-1,Block 1,2026-08-09 07:30:00,413.13,177.93,191.24,61.06,22.85,50,False
F001,Smart Campus,B001,Building 1,BLK-2,Block 2,2026-08-09 07:45:00,364.07,100.11,176.95,106.86,24.36,43,False
F001,Smart Campus,B001,Building 1,BLK-1,Block 1,2026-08-09 08:00:00,464.18,125.51,200.81,118.37,29.8,117,False
F001,Smart Campus,B001,Building 1,BLK-2,Block 2,2026-08-09 08:15:00,368.63,82.14,247.9,90.58,29.82,116,False
F001,Smart Campus,B001,Building 1,BLK-1,Block 1,2026-08-09 08:30:00,446.24,191.62,265.52,86.72,31.63,250,False
F001,Smart Campus,B001,Building 1,BLK-2,Block 2,2026-08-09 08:45:00,441.2,83.76,292.69,94.97,25.63,126,False
F001,Smart Campus,B001,Building 1,BLK-1,Block 1,2026-08-09 09:00:00,545.27,146.7,274.83,105.14,29.08,206,False
F001,Smart Campus,B001,Building 1,BLK-2,Block 2,2026-08-09 09:15:00,440.84,147.37,277.07,75.42,25.73,287,False
F001,Smart Campus,B001,Building 1,BLK-1,Block 1,2026-08-09 09:30:00,589.15,182.91,213.93,95.6,29.77,155,False
F001,Smart Campus,B001,Building 1,BLK-2,Block 2,2026-08-09 09:45:00,390.77,163.21,235.9,85.2,22.76,234,False
F001,Smart Campus,B001,Building 1,BLK-1,Block 1,2026-08-09 10:00:00,520.23,108.35,176.55,116.71,27.63,175,False
F001,Smart Campus,B001,Building 1,BLK-2,Block 2,2026-08-09 10:15:00,542.97,114.52,292.9,101.9,24.78,216,False
F001,Smart Campus,B001,Building 1,BLK-1,Block 1,2026-08-09 10:30:00,380.98,163.29,236.7,101.19,22.83,209,False
F001,Smart Campus,B001,Building 1,BLK-2,Block 2,2026-08-09 10:45:00,361.9,181.25,165.86,98.42,30.54,286,False
F001,Smart Campus,B001,Building 1,BLK-1,Block 1,2026-08-09 11:00:00,461.97,110.41,171.56,75.03,30.45,256,False
F001,Smart Campus,B001,Building 1,BLK-2,Block 2,2026-08-09 11:15:00,494.84,146.57,155.35,88.02,29.96,224,False
F001,Smart Campus,B001,Building 1,BLK-1,Block 1,2026-08-09 11:30:00,424.23,107.22,238.39,53.61,27.43,241,False
F001,Smart Campus,B001,Building 1,BLK-2,Block 2,2026-08-09 11:45:00,473.19,155.99,217.6,94.07,31.33,241,False
F001,Smart Campus,B001,Building 1,BLK-1,Block 1,2026-08-09 12:00:00,409.39,142.21,252.01,104.84,31.89,117,False
F001,Smart Campus,B001,Building 1,BLK-2,Block 2,2026-08-09 12:15:00,435.74,99.96,204.95,101.91,27.49,185,False
F001,Smart Campus,B001,Building 1,BLK-1,Block 1,2026-08-09 12:30:00,593.78,104.56,227.9,98.9,28.19,245,False
F001,Smart Campus,B001,Building 1,BLK-2,Block 2,2026-08-09 12:45:00,497.05,160.76,248.57,81.83,22.97,89,False
F001,Smart Campus,B001,Building 1,BLK-1,Block 1,2026-08-09 13:00:00,485.5,84.55,293.99,76.64,22.46,89,False
F001,Smart Campus,B001,Building 1,BLK-2,Block 2,2026-08-09 13:15:00,584.64,199.39,236.16,80.23,30.54,139,False
F001,Smart Campus,B001,Building 1,BLK-1,Block 1,2026-08-09 13:30:00,399.14,112.5,202.75,92.16,28.51,268,False
F001,Smart Campus,B001,Building 1,BLK-2,Block 2,2026-08-09 13:45:00,562.9,111.13,260.06,86.95,30.05,128,False
F001,Smart Campus,B001,Building 1,BLK-1,Block 1,2026-08-09 14:00:00,449.88,142.71,258.48,75.92,29.2,147,False
F001,Smart Campus,B001,Building 1,BLK-2,Block 2,2026-08-09 14:15:00,467.33,118.08,204.75,74.93,23.31,187,False
F001,Smart Campus,B001,Building 1,BLK-1,Block 1,2026-08-09 14:30:00,414.61,84.18,296.72,89.49,30.86,113,False
F001,Smart Campus,B001,Building 1,BLK-2,Block 2,2026-08-09 14:45:00,362.83,84.32,248.2,68.42,24.4,177,False
F001,Smart Campus,B001,Building 1,BLK-1,Block 1,2026-08-09 15:00:00,381.15,134.94,162.51,59.04,25.57,278,False
F001,Smart Campus,B001,Building 1,BLK-2,Block 2,2026-08-09 15:15:00,394.16,83.11,158.62,66.74,23.32,127,False
F001,Smart Campus,B001,Building 1,BLK-1,Block 1,2026-08-09 15:30:00,397.52,169.98,252.64,116.64,30.09,186,False
F001,Smart Campus,B001,Building 1,BLK-2,Block 2,2026-08-09 15:45:00,533.27,86.02,219.03,103.23,30.42,103,False
F001,Smart Campus,B001,Building 1,BLK-1,Block 1,2026-08-09 16:00:00,363.0,145.26,295.38,79.6,26.81,112,False
F001,Smart Campus,B001,Building 1,BLK-2,Block 2,2026-08-09 16:15:00,591.41,155.65,154.1,76.61,29.61,88,False
F001,Smart Campus,B001,Building 1,BLK-1,Block 1,2026-08-09 16:30:00,455.33,90.65,264.27,58.0,24.18,263,False
F001,Smart Campus,B001,Building 1,BLK-2,Block 2,2026-08-09 16:45:00,431.49,186.26,230.36,112.84,29.58,145,False
F001,Smart Campus,B001,Building 1,BLK-1,Block 1,2026-08-09 17:00:00,569.92,123.46,159.21,83.69,25.11,252,False
F001,Smart Campus,B001,Building 1,BLK-2,Block 2,2026-08-09 17:15:00,462.77,164.18,262.83,103.19,24.67,277,False
F001,Smart Campus,B001,Building 1,BLK-1,Block 1,2026-08-09 17:30:00,577.65,176.23,189.27,99.83,28.33,111,False
F001,Smart Campus,B001,Building 1,BLK-2,Block 2,2026-08-09 17:45:00,591.55,126.46,299.81,109.86,30.33,226,False
F001,Smart Campus,B001,Building 1,BLK-1,Block 1,2026-08-09 18:00:00,375.84,133.11,256.45,90.76,23.46,129,False
F001,Smart Campus,B001,Building 1,BLK-2,Block 2,2026-08-09 18:15:00,586.49,129.28,176.26,116.71,26.84,91,False
F001,Smart Campus,B001,Building 1,BLK-1,Block 1,2026-08-09 18:30:00,420.32,188.9,252.2,58.35,30.55,186,False
F001,Smart Campus,B001,Building 1,BLK-2,Block 2,2026-08-09 18:45:00,369.04,194.86,250.94,56.98,28.07,212,False
F001,Smart Campus,B001,Building 1,BLK-1,Block 1,2026-08-09 19:00:00,379.46,151.42,226.42,63.58,25.98,36,False
F001,Smart Campus,B001,Building 1,BLK-2,Block 2,2026-08-09 19:15:00,426.18,177.89,231.71,86.95,25.71,40,False
F001,Smart Campus,B001,Building 1,BLK-1,Block 1,2026-08-09 19:30:00,451.48,162.51,254.23,57.99,24.32,43,False
F001,Smart Campus,B001,Building 1,BLK-2,Block 2,2026-08-09 19:45:00,464.91,81.82,270.09,118.87,26.62,22,False
F001,Smart Campus,B001,Building 1,BLK-1,Block 1,2026-08-09 20:00:00,509.38,190.47,215.06,65.51,26.11,28,False
F001,Smart Campus,B001,Building 1,BLK-2,Block 2,2026-08-09 20:15:00,553.95,142.61,162.98,50.84,25.66,34,False
F001,Smart Campus,B001,Building 1,BLK-1,Block 1,2026-08-09 20:30:00,569.75,89.66,163.66,61.2,26.23,6,False
F001,Smart Campus,B001,Building 1,BLK-2,Block 2,2026-08-09 20:45:00,490.55,88.28,298.68,62.66,24.93,25,False
F001,Smart Campus,B001,Building 1,BLK-1,Block 1,2026-08-09 21:00:00,374.45,175.69,272.59,72.25,25.7,18,False
F001,Smart Campus,B001,Building 1,BLK-2,Block 2,2026-08-09 21:15:00,484.89,141.44,289.37,85.7,26.53,18,False
F001,Smart Campus,B001,Building 1,BLK-1,Block 1,2026-08-09 21:30:00,441.5,145.93,270.33,81.27,31.1,23,False
F001,Smart Campus,B001,Building 1,BLK-2,Block 2,2026-08-09 21:45:00,405.64,101.02,222.11,62.68,24.65,12,False
F001,Smart Campus,B001,Building 1,BLK-1,Block 1,2026-08-09 22:00:00,435.4,91.31,253.86,114.56,30.93,20,False
F001,Smart Campus,B001,Building 1,BLK-2,Block 2,2026-08-09 22:15:00,760.44,177.44,445.95,162.92,31.66,34,True
F001,Smart Campus,B001,Building 1,BLK-1,Block 1,2026-08-09 22:30:00,543.54,84.5,166.11,84.95,24.91,25,False
F001,Smart Campus,B001,Building 1,BLK-2,Block 2,2026-08-09 22:45:00,378.76,108.93,205.47,55.2,27.99,37,False
F001,Smart Campus,B001,Building 1,BLK-1,Block 1,2026-08-09 23:00:00,354.29,168.78,160.27,93.05,24.16,44,False
F001,Smart Campus,B001,Building 1,BLK-2,Block 2,2026-08-09 23:15:00,513.5,155.13,175.61,73.92,31.72,44,False
F001,Smart Campus,B001,Building 1,BLK-1,Block 1,2026-08-09 23:30:00,944.48,101.35,410.04,79.15,22.4,46,True
F001,Smart Campus,B001,Building 1,BLK-2,Block 2,2026-08-09 23:45:00,583.99,109.17,268.55,103.22,25.0,31,False
F001,Smart Campus,B001,Building 1,BLK-1,Block 1,2026-08-10 00:00:00,495.76,177.32,169.78,69.68,31.43,35,False
F001,Smart Campus,B001,Building 1,BLK-2,Block 2,2026-08-10 00:15:00,583.04,167.88,185.19,72.47,28.62,3,False
F001,Smart Campus,B001,Building 1,BLK-1,Block 1,2026-08-10 00:30:00,408.39,110.52,163.06,107.56,30.28,28,False
F001,Smart Campus,B001,Building 1,BLK-2,Block 2,2026-08-10 00:45:00,352.07,145.98,230.64,58.69,32.0,26,False
F001,Smart Campus,B001,Building 1,BLK-1,Block 1,2026-08-10 01:00:00,377.84,130.75,294.53,110.23,27.52,25,False
F001,Smart Campus,B001,Building 1,BLK-2,Block 2,2026-08-10 01:15:00,430.94,97.51,204.1,71.53,29.29,39,False
F001,Smart Campus,B001,Building 1,BLK-1,Block 1,2026-08-10 01:30:00,564.66,119.07,163.98,79.76,28.45,8,False
F001,Smart Campus,B001,Building 1,BLK-2,Block 2,2026-08-10 01:45:00,475.35,108.61,266.18,104.25,24.37,38,False
F001,Smart Campus,B001,Building 1,BLK-1,Block 1,2026-08-10 02:00:00,1236.2,182.24,511.53,130.13,25.87,42,True
F001,Smart Campus,B001,Building 1,BLK-2,Block 2,2026-08-10 02:15:00,368.56,130.3,217.51,87.81,24.27,50,False
F001,Smart Campus,B001,Building 1,BLK-1,Block 1,2026-08-10 02:30:00,502.15,197.62,170.71,64.38,22.54,21,False
F001,Smart Campus,B001,Building 1,BLK-2,Block 2,2026-08-10 02:45:00,416.74,103.09,233.86,98.85,24.29,20,False
F001,Smart Campus,B001,Building 1,BLK-1,Block 1,2026-08-10 03:00:00,474.48,146.22,191.13,64.25,29.71,48,False
F001,Smart Campus,B001,Building 1,BLK-2,Block 2,2026-08-10 03:15:00,395.58,167.87,275.18,74.12,26.44,10,False
F001,Smart Campus,B001,Building 1,BLK-1,Block 1,2026-08-10 03:30:00,395.03,118.46,214.98,81.39,27.05,29,False
F001,Smart Campus,B001,Building 1,BLK-2,Block 2,2026-08-10 03:45:00,1242.81,186.86,336.92,192.2,30.61,36,True
F001,Smart Campus,B001,Building 1,BLK-1,Block 1,2026-08-10 04:00:00,483.18,148.86,283.01,96.32,31.77,37,False
F001,Smart Campus,B001,Building 1,BLK-2,Block 2,2026-08-10 04:15:00,357.69,89.32,246.91,51.44,28.05,49,False
F001,Smart Campus,B001,Building 1,BLK-1,Block 1,2026-08-10 04:30:00,414.02,132.44,176.79,91.61,30.77,38,False
F001,Smart Campus,B001,Building 1,BLK-2,Block 2,2026-08-10 04:45:00,471.37,190.95,289.04,73.45,27.84,20,False
F001,Smart Campus,B001,Building 1,BLK-1,Block 1,2026-08-10 05:00:00,437.8,97.65,150.84,75.14,32.0,24,False
F001,Smart Campus,B001,Building 1,BLK-2,Block 2,2026-08-10 05:15:00,466.84,123.64,260.95,114.37,27.05,1,False
F001,Smart Campus,B001,Building 1,BLK-1,Block 1,2026-08-10 05:30:00,588.67,103.32,158.86,119.47,28.31,21,False
F001,Smart Campus,B001,Building 1,BLK-2,Block 2,2026-08-10 05:45:00,421.95,170.35,184.45,83.02,25.63,13,False
F001,Smart Campus,B001,Building 1,BLK-1,Block 1,2026-08-10 06:00:00,471.65,102.95,199.82,68.19,22.13,37,False
F001,Smart Campus,B001,Building 1,BLK-2,Block 2,2026-08-10 06:15:00,442.03,149.97,183.14,84.22,22.59,12,False
F001,Smart Campus,B001,Building 1,BLK-1,Block 1,2026-08-10 06:30:00,393.5,99.71,274.05,66.56,27.08,27,False
F001,Smart Campus,B001,Building 1,BLK-2,Block 2,2026-08-10 06:45:00,386.41,136.31,214.11,109.22,31.8,25,False
F001,Smart Campus,B001,Building 1,BLK-1,Block 1,2026-08-10 07:00:00,527.03,136.49,277.97,95.46,22.9,28,False
F001,Smart Campus,B001,Building 1,BLK-2,Block 2,2026-08-10 07:15:00,526.32,97.23,272.36,70.35,26.78,30,False
F001,Smart Campus,B001,Building 1,BLK-1,Block 1,2026-08-10 07:30:00,436.73,118.51,234.49,119.11,26.58,12,False
F001,Smart Campus,B001,Building 1,BLK-2,Block 2,2026-08-10 07:45:00,501.49,103.89,213.72,108.23,31.77,8,False
F001,Smart Campus,B001,Building 1,BLK-1,Block 1,2026-08-10 08:00:00,419.03,125.5,290.99,119.85,29.38,243,False
F001,Smart Campus,B001,Building 1,BLK-2,Block 2,2026-08-10 08:15:00,464.49,146.66,278.28,118.51,27.38,180,False
F001,Smart Campus,B001,Building 1,BLK-1,Block 1,2026-08-10 08:30:00,551.15,146.11,271.52,114.68,24.49,117,False
F001,Smart Campus,B001,Building 1,BLK-2,Block 2,2026-08-10 08:45:00,373.08,164.39,262.43,118.14,30.28,282,False
F001,Smart Campus,B001,Building 1,BLK-1,Block 1,2026-08-10 09:00:00,444.17,169.54,175.66,114.08,28.17,123,False
F001,Smart Campus,B001,Building 1,BLK-2,Block 2,2026-08-10 09:15:00,497.28,156.13,186.02,57.3,26.93,90,False
F001,Smart Campus,B001,Building 1,BLK-1,Block 1,2026-08-10 09:30:00,474.51,139.58,267.53,54.9,26.39,291,False
F001,Smart Campus,B001,Building 1,BLK-2,Block 2,2026-08-10 09:45:00,439.74,99.88,207.36,119.13,31.02,170,False
F001,Smart Campus,B001,Building 1,BLK-1,Block 1,2026-08-10 10:00:00,507.86,82.43,215.92,87.27,29.24,87,False
F001,Smart Campus,B001,Building 1,BLK-2,Block 2,2026-08-10 10:15:00,582.58,95.04,249.79,68.59,23.07,222,False
F001,Smart Campus,B001,Building 1,BLK-1,Block 1,2026-08-10 10:30:00,577.28,168.81,190.34,111.27,29.51,170,False
F001,Smart Campus,B001,Building 1,BLK-2,Block 2,2026-08-10 10:45:00,382.55,137.64,282.45,75.99,25.46,92,False
F001,Smart Campus,B001,Building 1,BLK-1,Block 1,2026-08-10 11:00:00,386.92,159.51,167.35,66.27,25.36,198,False
F001,Smart Campus,B001,Building 1,BLK-2,Block 2,2026-08-10 11:15:00,395.21,131.5,180.69,118.69,24.14,232,False
F001,Smart Campus,B001,Building 1,BLK-1,Block 1,2026-08-10 11:30:00,410.61,95.73,259.83,119.51,31.78,122,False
F001,Smart Campus,B001,Building 1,BLK-2,Block 2,2026-08-10 11:45:00,575.55,135.14,194.49,119.28,23.46,285,False
F001,Smart Campus,B001,Building 1,BLK-1,Block 1,2026-08-10 12:00:00,500.31,154.37,162.17,99.81,23.94,284,False
F001,Smart Campus,B001,Building 1,BLK-2,Block 2,2026-08-10 12:15:00,434.22,94.94,276.51,57.21,26.81,265,False
F001,Smart Campus,B001,Building 1,BLK-1,Block 1,2026-08-10 12:30:00,493.38,123.42,150.63,51.0,30.75,297,False
F001,Smart Campus,B001,Building 1,BLK-2,Block 2,2026-08-10 12:45:00,532.23,112.0,247.33,66.1,27.26,284,False
F001,Smart Campus,B001,Building 1,BLK-1,Block 1,2026-08-10 13:00:00,407.12,127.6,226.51,62.98,26.15,174,False
F001,Smart Campus,B001,Building 1,BLK-2,Block 2,2026-08-10 13:15:00,425.64,189.48,166.26,66.81,28.59,121,False
F001,Smart Campus,B001,Building 1,BLK-1,Block 1,2026-08-10 13:30:00,466.87,143.8,207.2,76.46,22.53,234,False
F001,Smart Campus,B001,Building 1,BLK-2,Block 2,2026-08-10 13:45:00,456.13,142.35,277.46,97.95,28.34,257,False
F001,Smart Campus,B001,Building 1,BLK-1,Block 1,2026-08-10 14:00:00,431.76,125.56,273.18,94.08,28.38,118,False
F001,Smart Campus,B001,Building 1,BLK-2,Block 2,2026-08-10 14:15:00,538.89,168.12,241.84,113.47,24.65,286,False
F001,Smart Campus,B001,Building 1,BLK-1,Block 1,2026-08-10 14:30:00,583.86,179.89,178.5,95.19,25.24,278,False
F001,Smart Campus,B001,Building 1,BLK-2,Block 2,2026-08-10 14:45:00,552.52,99.53,227.43,117.59,22.9,129,False
F001,Smart Campus,B001,Building 1,BLK-1,Block 1,2026-08-10 15:00:00,528.81,115.83,173.27,57.37,28.91,198,False
F001,Smart Campus,B001,Building 1,BLK-2,Block 2,2026-08-10 15:15:00,1060.79,139.12,328.31,140.72,29.99,214,True
F001,Smart Campus,B001,Building 1,BLK-1,Block 1,2026-08-10 15:30:00,358.6,194.89,160.0,114.57,27.64,201,False
F001,Smart Campus,B001,Building 1,BLK-2,Block 2,2026-08-10 15:45:00,408.11,180.2,270.76,65.72,29.92,93,False
F001,Smart Campus,B001,Building 1,BLK-1,Block 1,2026-08-10 16:00:00,514.54,186.72,195.82,114.5,31.71,186,False
F001,Smart Campus,B001,Building 1,BLK-2,Block 2,2026-08-10 16:15:00,470.61,186.87,231.66,67.52,26.15,153,False
F001,Smart Campus,B001,Building 1,BLK-1,Block 1,2026-08-10 16:30:00,354.01,97.02,166.0,55.19,30.2,242,False
F001,Smart Campus,B001,Building 1,BLK-2,Block 2,2026-08-10 16:45:00,373.43,126.09,288.76,103.19,28.57,114,False
F001,Smart Campus,B001,Building 1,BLK-1,Block 1,2026-08-10 17:00:00,486.34,177.56,253.32,92.07,31.57,86,False
F001,Smart Campus,B001,Building 1,BLK-2,Block 2,2026-08-10 17:15:00,563.32,110.47,270.01,91.88,30.99,248,False
F001,Smart Campus,B001,Building 1,BLK-1,Block 1,2026-08-10 17:30:00,592.01,129.15,198.87,101.43,27.64,128,False
F001,Smart Campus,B001,Building 1,BLK-2,Block 2,2026-08-10 17:45:00,448.42,184.22,287.66,57.21,25.96,275,False
F001,Smart Campus,B001,Building 1,BLK-1,Block 1,2026-08-10 18:00:00,423.37,196.86,286.13,98.13,24.36,282,False
F001,Smart Campus,B001,Building 1,BLK-2,Block 2,2026-08-10 18:15:00,582.51,111.06,272.13,67.06,22.1,194,False
F001,Smart Campus,B001,Building 1,BLK-1,Block 1,2026-08-10 18:30:00,550.76,122.32,235.66,69.68,23.18,141,False
F001,Smart Campus,B001,Building 1,BLK-2,Block 2,2026-08-10 18:45:00,455.26,174.87,236.82,73.99,27.76,290,False
F001,Smart Campus,B001,Building 1,BLK-1,Block 1,2026-08-10 19:00:00,467.53,143.05,244.25,101.71,28.75,9,False
F001,Smart Campus,B001,Building 1,BLK-2,Block 2,2026-08-10 19:15:00,482.76,116.66,217.59,59.56,31.26,4,False
F001,Smart Campus,B001,Building 1,BLK-1,Block 1,2026-08-10 19:30:00,409.41,100.47,157.51,50.96,22.22,30,False
F001,Smart Campus,B001,Building 1,BLK-2,Block 2,2026-08-10 19:45:00,595.67,188.04,197.34,108.12,27.84,9,False
F001,Smart Campus,B001,Building 1,BLK-1,Block 1,2026-08-10 20:00:00,530.23,171.18,234.3,92.86,26.05,10,False
F001,Smart Campus,B001,Building 1,BLK-2,Block 2,2026-08-10 20:15:00,388.52,86.55,259.51,59.94,24.02,4,False
F001,Smart Campus,B001,Building 1,BLK-1,Block 1,2026-08-10 20:30:00,428.52,186.11,205.76,64.17,25.13,27,False
F001,Smart Campus,B001,Building 1,BLK-2,Block 2,2026-08-10 20:45:00,590.95,144.31,167.89,68.26,28.25,4,False
F001,Smart Campus,B001,Building 1,BLK-1,Block 1,2026-08-10 21:00:00,410.25,175.63,284.31,51.02,26.38,40,False
F001,Smart Campus,B001,Building 1,BLK-2,Block 2,2026-08-10 21:15:00,482.71,84.48,276.12,74.52,30.65,31,False
F001,Smart Campus,B001,Building 1,BLK-1,Block 1,2026-08-10 21:30:00,357.26,113.61,278.84,62.35,26.19,44,False
F001,Smart Campus,B001,Building 1,BLK-2,Block 2,2026-08-10 21:45:00,482.7,141.4,158.37,85.1,22.5,22,False
F001,Smart Campus,B001,Building 1,BLK-1,Block 1,2026-08-10 22:00:00,455.87,118.64,154.02,97.45,28.73,31,False
F001,Smart Campus,B001,Building 1,BLK-2,Block 2,2026-08-10 22:15:00,401.94,162.25,258.89,54.88,27.16,8,False
F001,Smart Campus,B001,Building 1,BLK-1,Block 1,2026-08-10 22:30:00,462.31,144.13,202.65,62.98,26.44,19,False
F001,Smart Campus,B001,Building 1,BLK-2,Block 2,2026-08-10 22:45:00,405.88,92.13,224.92,68.77,25.13,2,False
F001,Smart Campus,B001,Building 1,BLK-1,Block 1,2026-08-10 23:00:00,499.7,135.35,235.19,68.31,30.68,48,False
F001,Smart Campus,B001,Building 1,BLK-2,Block 2,2026-08-10 23:15:00,569.77,112.42,179.98,76.03,26.97,42,False
F001,Smart Campus,B001,Building 1,BLK-1,Block 1,2026-08-10 23:30:00,462.46,112.05,290.25,78.13,23.56,2,False
F001,Smart Campus,B001,Building 1,BLK-2,Block 2,2026-08-10 23:45:00,437.84,80.96,286.35,89.81,24.13,45,False
F001,Smart Campus,B001,Building 1,BLK-1,Block 1,2026-08-11 00:00:00,439.13,169.13,298.9,77.17,25.56,16,False
F001,Smart Campus,B001,Building 1,BLK-2,Block 2,2026-08-11 00:15:00,845.06,199.17,333.46,120.36,31.34,32,True
F001,Smart Campus,B001,Building 1,BLK-1,Block 1,2026-08-11 00:30:00,574.58,110.28,287.15,101.56,29.71,29,False
F001,Smart Campus,B001,Building 1,BLK-2,Block 2,2026-08-11 00:45:00,422.4,81.7,259.39,114.69,30.36,23,False
F001,Smart Campus,B001,Building 1,BLK-1,Block 1,2026-08-11 01:00:00,398.33,163.24,274.82,77.64,26.51,27,False
F001,Smart Campus,B001,Building 1,BLK-2,Block 2,2026-08-11 01:15:00,360.64,196.7,205.98,90.01,24.43,42,False
F001,Smart Campus,B001,Building 1,BLK-1,Block 1,2026-08-11 01:30:00,413.6,152.13,198.4,62.43,29.61,43,False
F001,Smart Campus,B001,Building 1,BLK-2,Block 2,2026-08-11 01:45:00,456.17,116.61,254.42,113.99,30.99,34,False
F001,Smart Campus,B001,Building 1,BLK-1,Block 1,2026-08-11 02:00:00,375.6,145.4,172.42,74.27,27.93,33,False
F001,Smart Campus,B001,Building 1,BLK-2,Block 2,2026-08-11 02:15:00,579.17,194.9,276.59,53.48,30.01,33,False
F001,Smart Campus,B001,Building 1,BLK-1,Block 1,2026-08-11 02:30:00,553.86,88.39,259.28,89.95,29.87,25,False
F001,Smart Campus,B001,Building 1,BLK-2,Block 2,2026-08-11 02:45:00,761.22,115.44,520.84,197.68,25.12,4,True
F001,Smart Campus,B001,Building 1,BLK-1,Block 1,2026-08-11 03:00:00,446.01,187.76,256.81,118.31,23.15,1,False
F001,Smart Campus,B001,Building 1,BLK-2,Block 2,2026-08-11 03:15:00,538.99,160.52,276.35,103.84,31.23,0,False
F001,Smart Campus,B001,Building 1,BLK-1,Block 1,2026-08-11 03:30:00,544.98,102.68,258.96,83.25,22.26,47,False
F001,Smart Campus,B001,Building 1,BLK-2,Block 2,2026-08-11 03:45:00,399.64,171.62,297.15,55.93,25.76,24,False
F001,Smart Campus,B001,Building 1,BLK-1,Block 1,2026-08-11 04:00:00,584.46,160.58,230.58,93.54,31.67,49,False
F001,Smart Campus,B001,Building 1,BLK-2,Block 2,2026-08-11 04:15:00,391.89,168.54,212.58,56.72,22.7,28,False
F001,Smart Campus,B001,Building 1,BLK-1,Block 1,2026-08-11 04:30:00,353.05,141.36,156.72,77.11,23.47,1,False
F001,Smart Campus,B001,Building 1,BLK-2,Block 2,2026-08-11 04:45:00,486.01,152.38,262.68,112.96,31.6,15,False
F001,Smart Campus,B001,Building 1,BLK-1,Block 1,2026-08-11 05:00:00,576.38,142.97,270.01,75.23,23.69,45,False
F001,Smart Campus,B001,Building 1,BLK-2,Block 2,2026-08-11 05:15:00,526.26,142.74,295.06,72.19,30.96,30,False
F001,Smart Campus,B001,Building 1,BLK-1,Block 1,2026-08-11 05:30:00,452.02,133.84,234.36,54.38,28.43,39,False
F001,Smart Campus,B001,Building 1,BLK-2,Block 2,2026-08-11 05:45:00,455.86,114.69,194.34,76.83,25.91,2,False
F001,Smart Campus,B001,Building 1,BLK-1,Block 1,2026-08-11 06:00:00,409.46,120.46,168.24,85.49,23.87,7,False
F001,Smart Campus,B001,Building 1,BLK-2,Block 2,2026-08-11 06:15:00,558.91,85.94,158.7,77.13,28.6,12,False
F001,Smart Campus,B001,Building 1,BLK-1,Block 1,2026-08-11 06:30:00,525.0,156.15,251.67,54.82,23.05,33,False
F001,Smart Campus,B001,Building 1,BLK-2,Block 2,2026-08-11 06:45:00,1060.4,133.51,261.09,173.08,29.73,44,True
F001,Smart Campus,B001,Building 1,BLK-1,Block 1,2026-08-11 07:00:00,428.45,105.41,279.72,71.22,23.15,25,False
F001,Smart Campus,B001,Building 1,BLK-2,Block 2,2026-08-11 07:15:00,447.92,89.46,232.16,100.81,29.19,24,False
F001,Smart Campus,B001,Building 1,BLK-1,Block 1,2026-08-11 07:30:00,453.74,109.97,185.1,65.32,26.39,4,False
F001,Smart Campus,B001,Building 1,BLK-2,Block 2,2026-08-11 07:45:00,587.69,89.4,255.12,83.81,28.3,50,False
F001,Smart Campus,B001,Building 1,BLK-1,Block 1,2026-08-11 08:00:00,535.92,137.65,161.99,110.28,24.85,142,False
F001,Smart Campus,B001,Building 1,BLK-2,Block 2,2026-08-11 08:15:00,359.18,157.28,260.57,106.69,28.81,101,False
F001,Smart Campus,B001,Building 1,BLK-1,Block 1,2026-08-11 08:30:00,363.01,131.1,215.65,54.35,29.44,126,False
F001,Smart Campus,B001,Building 1,BLK-2,Block 2,2026-08-11 08:45:00,435.13,194.46,211.27,58.74,26.52,249,False
F001,Smart Campus,B001,Building 1,BLK-1,Block 1,2026-08-11 09:00:00,426.43,102.21,234.25,59.57,23.45,219,False
F001,Smart Campus,B001,Building 1,BLK-2,Block 2,2026-08-11 09:15:00,467.37,144.89,286.89,69.23,23.68,87,False
F001,Smart Campus,B001,Building 1,BLK-1,Block 1,2026-08-11 09:30:00,356.62,81.52,153.32,90.9,25.59,293,False
F001,Smart Campus,B001,Building 1,BLK-2,Block 2,2026-08-11 09:45:00,367.41,183.92,176.16,90.12,22.1,188,False
F001,Smart Campus,B001,Building 1,BLK-1,Block 1,2026-08-11 10:00:00,407.14,108.02,162.05,88.41,31.61,281,False
F001,Smart Campus,B001,Building 1,BLK-2,Block 2,2026-08-11 10:15:00,498.93,112.64,270.6,86.06,27.46,138,False
F001,Smart Campus,B001,Building 1,BLK-1,Block 1,2026-08-11 10:30:00,599.41,191.36,226.46,116.24,22.45,124,False
F001,Smart Campus,B001,Building 1,BLK-2,Block 2,2026-08-11 10:45:00,568.54,188.87,154.18,71.35,22.12,261,False
F001,Smart Campus,B001,Building 1,BLK-1,Block 1,2026-08-11 11:00:00,546.18,183.58,217.04,53.23,27.86,111,False
F001,Smart Campus,B001,Building 1,BLK-2,Block 2,2026-08-11 11:15:00,568.57,154.99,188.61,73.83,27.81,239,False
F001,Smart Campus,B001,Building 1,BLK-1,Block 1,2026-08-11 11:30:00,452.53,190.37,181.07,83.65,26.78,127,False
F001,Smart Campus,B001,Building 1,BLK-2,Block 2,2026-08-11 11:45:00,413.05,92.71,185.71,68.89,22.35,156,False
F001,Smart Campus,B001,Building 1,BLK-1,Block 1,2026-08-11 12:00:00,394.0,123.32,174.78,89.64,25.55,181,False
F001,Smart Campus,B001,Building 1,BLK-2,Block 2,2026-08-11 12:15:00,366.11,166.18,204.2,79.48,26.6,219,False
F001,Smart Campus,B001,Building 1,BLK-1,Block 1,2026-08-11 12:30:00,452.16,106.64,225.1,81.13,25.4,232,False
F001,Smart Campus,B001,Building 1,BLK-2,Block 2,2026-08-11 12:45:00,571.01,113.82,200.48,115.93,29.01,120,False
F001,Smart Campus,B001,Building 1,BLK-1,Block 1,2026-08-11 13:00:00,468.31,166.01,281.77,67.86,29.37,107,False
F001,Smart Campus,B001,Building 1,BLK-2,Block 2,2026-08-11 13:15:00,586.86,167.49,210.03,85.87,22.03,156,False
F001,Smart Campus,B001,Building 1,BLK-1,Block 1,2026-08-11 13:30:00,568.85,112.87,291.95,91.65,25.83,116,False
F001,Smart Campus,B001,Building 1,BLK-2,Block 2,2026-08-11 13:45:00,592.12,94.73,291.87,119.91,29.25,143,False
F001,Smart Campus,B001,Building 1,BLK-1,Block 1,2026-08-11 14:00:00,445.95,86.01,202.49,85.49,25.64,124,False
F001,Smart Campus,B001,Building 1,BLK-2,Block 2,2026-08-11 14:15:00,486.25,80.43,294.37,51.21,24.89,294,False
F001,Smart Campus,B001,Building 1,BLK-1,Block 1,2026-08-11 14:30:00,597.64,139.8,151.75,68.81,24.24,292,False
F001,Smart Campus,B001,Building 1,BLK-2,Block 2,2026-08-11 14:45:00,443.64,129.8,261.86,61.99,30.04,217,False
F001,Smart Campus,B001,Building 1,BLK-1,Block 1,2026-08-11 15:00:00,397.11,197.28,174.3,101.1,28.25,130,False
F001,Smart Campus,B001,Building 1,BLK-2,Block 2,2026-08-11 15:15:00,352.15,195.41,265.16,71.62,28.42,299,False
F001,Smart Campus,B001,Building 1,BLK-1,Block 1,2026-08-11 15:30:00,468.96,166.58,208.68,110.71,26.16,221,False
F001,Smart Campus,B001,Building 1,BLK-2,Block 2,2026-08-11 15:45:00,590.26,174.72,219.08,116.37,28.18,106,False
F001,Smart Campus,B001,Building 1,BLK-1,Block 1,2026-08-11 16:00:00,473.09,191.51,191.91,85.55,26.77,82,False
F001,Smart Campus,B001,Building 1,BLK-2,Block 2,2026-08-11 16:15:00,517.32,137.35,291.97,98.04,22.59,235,False
F001,Smart Campus,B001,Building 1,BLK-1,Block 1,2026-08-11 16:30:00,535.41,84.79,161.71,72.71,31.0,279,False
F001,Smart Campus,B001,Building 1,BLK-2,Block 2,2026-08-11 16:45:00,405.68,82.47,173.39,80.84,22.62,220,False
F001,Smart Campus,B001,Building 1,BLK-1,Block 1,2026-08-11 17:00:00,568.18,84.94,260.48,70.68,31.25,293,False
F001,Smart Campus,B001,Building 1,BLK-2,Block 2,2026-08-11 17:15:00,586.29,121.96,240.18,103.72,23.93,292,False
F001,Smart Campus,B001,Building 1,BLK-1,Block 1,2026-08-11 17:30:00,402.85,83.22,158.76,115.01,29.67,200,False
F001,Smart Campus,B001,Building 1,BLK-2,Block 2,2026-08-11 17:45:00,573.17,170.05,294.8,76.82,24.6,201,False
F001,Smart Campus,B001,Building 1,BLK-1,Block 1,2026-08-11 18:00:00,470.83,93.3,191.4,59.07,30.48,125,False
F001,Smart Campus,B001,Building 1,BLK-2,Block 2,2026-08-11 18:15:00,389.84,166.14,206.55,104.81,30.61,171,False
F001,Smart Campus,B001,Building 1,BLK-1,Block 1,2026-08-11 18:30:00,594.6,121.4,297.94,95.99,26.6,179,False
F001,Smart Campus,B001,Building 1,BLK-2,Block 2,2026-08-11 18:45:00,473.79,93.23,245.99,105.19,29.06,256,False
F001,Smart Campus,B001,Building 1,BLK-1,Block 1,2026-08-11 19:00:00,558.66,197.05,299.2,72.13,27.04,0,False
F001,Smart Campus,B001,Building 1,BLK-2,Block 2,2026-08-11 19:15:00,489.4,92.74,166.62,93.0,31.14,28,False
F001,Smart Campus,B001,Building 1,BLK-1,Block 1,2026-08-11 19:30:00,432.44,85.17,222.16,87.55,28.93,20,False
F001,Smart Campus,B001,Building 1,BLK-2,Block 2,2026-08-11 19:45:00,474.57,198.3,237.72,86.7,22.19,16,False
F001,Smart Campus,B001,Building 1,BLK-1,Block 1,2026-08-11 20:00:00,532.79,145.74,296.06,104.26,26.54,49,False
F001,Smart Campus,B001,Building 1,BLK-2,Block 2,2026-08-11 20:15:00,573.54,180.54,286.65,105.95,31.11,35,False
F001,Smart Campus,B001,Building 1,BLK-1,Block 1,2026-08-11 20:30:00,569.22,152.15,184.97,82.73,29.0,10,False
F001,Smart Campus,B001,Building 1,BLK-2,Block 2,2026-08-11 20:45:00,516.31,199.41,298.33,56.07,23.34,13,False
F001,Smart Campus,B001,Building 1,BLK-1,Block 1,2026-08-11 21:00:00,433.53,122.57,175.14,112.98,25.33,37,False
F001,Smart Campus,B001,Building 1,BLK-2,Block 2,2026-08-11 21:15:00,584.42,139.16,211.27,110.03,30.43,3,False
F001,Smart Campus,B001,Building 1,BLK-1,Block 1,2026-08-11 21:30:00,390.73,80.88,271.68,55.6,24.85,5,False
F001,Smart Campus,B001,Building 1,BLK-2,Block 2,2026-08-11 21:45:00,451.25,98.19,153.99,100.33,31.51,38,False
F001,Smart Campus,B001,Building 1,BLK-1,Block 1,2026-08-11 22:00:00,449.41,144.26,256.05,53.23,22.44,30,False
F001,Smart Campus,B001,Building 1,BLK-2,Block 2,2026-08-11 22:15:00,483.69,152.66,262.39,80.92,27.32,16,False
F001,Smart Campus,B001,Building 1,BLK-1,Block 1,2026-08-11 22:30:00,557.5,81.72,255.2,77.26,30.87,7,False
F001,Smart Campus,B001,Building 1,BLK-2,Block 2,2026-08-11 22:45:00,546.84,166.77,180.54,54.69,31.56,23,False
F001,Smart Campus,B001,Building 1,BLK-1,Block 1,2026-08-11 23:00:00,585.88,85.78,202.48,107.05,31.73,20,False
F001,Smart Campus,B001,Building 1,BLK-2,Block 2,2026-08-11 23:15:00,536.89,126.88,203.17,66.85,28.57,29,False
F001,Smart Campus,B001,Building 1,BLK-1,Block 1,2026-08-11 23:30:00,591.12,136.33,271.03,53.9,28.04,34,False
F001,Smart Campus,B001,Building 1,BLK-2,Block 2,2026-08-11 23:45:00,436.62,113.8,296.99,62.23,29.52,9,False
F001,Smart Campus,B001,Building 1,BLK-1,Block 1,2026-08-12 00:00:00,502.55,135.85,196.31,94.72,30.43,34,False
F001,Smart Campus,B001,Building 1,BLK-2,Block 2,2026-08-12 00:15:00,401.65,98.81,155.64,98.59,29.69,36,False
F001,Smart Campus,B001,Building 1,BLK-1,Block 1,2026-08-12 00:30:00,494.59,83.54,251.01,53.19,28.27,23,False
F001,Smart Campus,B001,Building 1,BLK-2,Block 2,2026-08-12 00:45:00,563.91,90.02,231.59,65.9,26.13,2,False
F001,Smart Campus,B001,Building 1,BLK-1,Block 1,2026-08-12 01:00:00,518.21,141.38,178.62,108.95,28.05,21,False
F001,Smart Campus,B001,Building 1,BLK-2,Block 2,2026-08-12 01:15:00,377.57,187.24,248.23,99.23,25.64,36,False
F001,Smart Campus,B001,Building 1,BLK-1,Block 1,2026-08-12 01:30:00,422.46,145.09,273.82,104.19,29.27,11,False
F001,Smart Campus,B001,Building 1,BLK-2,Block 2,2026-08-12 01:45:00,420.07,186.65,282.27,66.94,29.28,13,False
F001,Smart Campus,B001,Building 1,BLK-1,Block 1,2026-08-12 02:00:00,489.72,151.2,234.67,85.86,28.54,6,False
F001,Smart Campus,B001,Building 1,BLK-2,Block 2,2026-08-12 02:15:00,553.45,121.94,186.95,69.68,26.43,24,False
F001,Smart Campus,B001,Building 1,BLK-1,Block 1,2026-08-12 02:30:00,414.92,167.21,249.39,91.6,26.75,44,False
F001,Smart Campus,B001,Building 1,BLK-2,Block 2,2026-08-12 02:45:00,510.09,103.38,177.66,64.97,29.45,27,False
F001,Smart Campus,B001,Building 1,BLK-1,Block 1,2026-08-12 03:00:00,540.38,94.26,171.3,94.66,24.37,36,False
F001,Smart Campus,B001,Building 1,BLK-2,Block 2,2026-08-12 03:15:00,467.82,153.79,155.23,70.98,27.67,45,False
F001,Smart Campus,B001,Building 1,BLK-1,Block 1,2026-08-12 03:30:00,592.32,128.4,229.11,75.64,31.92,1,False
F001,Smart Campus,B001,Building 1,BLK-2,Block 2,2026-08-12 03:45:00,443.12,83.01,270.97,91.94,26.49,3,False
F001,Smart Campus,B001,Building 1,BLK-1,Block 1,2026-08-12 04:00:00,354.82,84.6,267.29,77.91,25.38,40,False
F001,Smart Campus,B001,Building 1,BLK-2,Block 2,2026-08-12 04:15:00,576.35,164.73,206.49,57.35,27.09,38,False
F001,Smart Campus,B001,Building 1,BLK-1,Block 1,2026-08-12 04:30:00,550.41,179.29,271.47,61.12,27.42,0,False
F001,Smart Campus,B001,Building 1,BLK-2,Block 2,2026-08-12 04:45:00,372.43,168.43,293.03,111.93,31.25,17,False
F001,Smart Campus,B001,Building 1,BLK-1,Block 1,2026-08-12 05:00:00,599.87,178.99,218.29,85.38,23.15,13,False
F001,Smart Campus,B001,Building 1,BLK-2,Block 2,2026-08-12 05:15:00,509.81,139.56,261.98,97.48,27.75,14,False
F001,Smart Campus,B001,Building 1,BLK-1,Block 1,2026-08-12 05:30:00,495.04,148.63,216.03,72.16,30.3,10,False
F001,Smart Campus,B001,Building 1,BLK-2,Block 2,2026-08-12 05:45:00,434.23,151.43,198.46,118.9,29.37,22,False
F001,Smart Campus,B001,Building 1,BLK-1,Block 1,2026-08-12 06:00:00,467.96,138.26,156.63,106.91,29.14,31,False
F001,Smart Campus,B001,Building 1,BLK-2,Block 2,2026-08-12 06:15:00,519.72,86.8,199.86,56.01,28.58,39,False
F001,Smart Campus,B001,Building 1,BLK-1,Block 1,2026-08-12 06:30:00,352.32,103.73,213.75,106.82,29.61,39,False
F001,Smart Campus,B001,Building 1,BLK-2,Block 2,2026-08-12 06:45:00,477.98,177.48,262.67,85.71,22.39,14,False
F001,Smart Campus,B001,Building 1,BLK-1,Block 1,2026-08-12 07:00:00,475.45,81.46,249.1,69.74,27.04,26,False
F001,Smart Campus,B001,Building 1,BLK-2,Block 2,2026-08-12 07:15:00,463.97,150.33,265.99,100.3,28.18,35,False
F001,Smart Campus,B001,Building 1,BLK-1,Block 1,2026-08-12 07:30:00,579.54,101.49,216.82,62.94,22.71,10,False
F001,Smart Campus,B001,Building 1,BLK-2,Block 2,2026-08-12 07:45:00,372.51,180.08,292.83,51.26,22.64,26,False
F001,Smart Campus,B001,Building 1,BLK-1,Block 1,2026-08-12 08:00:00,420.46,147.99,256.57,56.2,28.63,189,False
F001,Smart Campus,B001,Building 1,BLK-2,Block 2,2026-08-12 08:15:00,571.14,96.82,161.99,102.82,26.2,137,False
F001,Smart Campus,B001,Building 1,BLK-1,Block 1,2026-08-12 08:30:00,422.39,176.95,221.62,60.08,31.38,220,False
F001,Smart Campus,B001,Building 1,BLK-2,Block 2,2026-08-12 08:45:00,425.22,146.21,209.25,56.38,29.53,114,False
F001,Smart Campus,B001,Building 1,BLK-1,Block 1,2026-08-12 09:00:00,463.89,102.87,249.68,65.68,25.38,153,False
F001,Smart Campus,B001,Building 1,BLK-2,Block 2,2026-08-12 09:15:00,352.87,86.85,264.37,78.57,31.36,239,False
F001,Smart Campus,B001,Building 1,BLK-1,Block 1,2026-08-12 09:30:00,590.72,103.43,278.69,65.46,30.72,153,False
F001,Smart Campus,B001,Building 1,BLK-2,Block 2,2026-08-12 09:45:00,401.3,195.96,154.98,82.91,27.96,298,False
F001,Smart Campus,B001,Building 1,BLK-1,Block 1,2026-08-12 10:00:00,459.98,92.19,268.81,70.09,31.74,294,False
F001,Smart Campus,B001,Building 1,BLK-2,Block 2,2026-08-12 10:15:00,519.6,93.81,220.99,113.45,23.7,193,False
F001,Smart Campus,B001,Building 1,BLK-1,Block 1,2026-08-12 10:30:00,522.14,149.62,214.87,74.25,25.61,107,False
F001,Smart Campus,B001,Building 1,BLK-2,Block 2,2026-08-12 10:45:00,592.42,181.05,192.52,57.11,23.1,215,False
F001,Smart Campus,B001,Building 1,BLK-1,Block 1,2026-08-12 11:00:00,406.53,143.68,189.63,113.89,31.76,264,False
F001,Smart Campus,B001,Building 1,BLK-2,Block 2,2026-08-12 11:15:00,395.31,130.46,231.57,94.63,30.34,172,False
F001,Smart Campus,B001,Building 1,BLK-1,Block 1,2026-08-12 11:30:00,392.86,111.54,280.78,101.64,22.81,141,False
F001,Smart Campus,B001,Building 1,BLK-2,Block 2,2026-08-12 11:45:00,370.39,119.8,274.04,64.99,28.02,217,False
F001,Smart Campus,B001,Building 1,BLK-1,Block 1,2026-08-12 12:00:00,471.52,148.27,186.01,64.96,25.02,218,False
F001,Smart Campus,B001,Building 1,BLK-2,Block 2,2026-08-12 12:15:00,475.96,185.78,214.91,71.36,22.59,99,False
F001,Smart Campus,B001,Building 1,BLK-1,Block 1,2026-08-12 12:30:00,476.4,156.66,299.84,61.04,29.82,229,False
F001,Smart Campus,B001,Building 1,BLK-2,Block 2,2026-08-12 12:45:00,578.46,93.06,213.02,69.69,25.02,160,False
F001,Smart Campus,B001,Building 1,BLK-1,Block 1,2026-08-12 13:00:00,388.76,150.68,244.01,61.0,28.57,242,False
F001,Smart Campus,B001,Building 1,BLK-2,Block 2,2026-08-12 13:15:00,366.14,92.75,187.39,67.83,31.21,139,False
F001,Smart Campus,B001,Building 1,BLK-1,Block 1,2026-08-12 13:30:00,442.88,161.19,165.92,75.99,22.06,206,False
F001,Smart Campus,B001,Building 1,BLK-2,Block 2,2026-08-12 13:45:00,583.14,160.57,265.65,58.33,31.94,219,False
F001,Smart Campus,B001,Building 1,BLK-1,Block 1,2026-08-12 14:00:00,478.75,195.79,241.59,91.62,30.46,84,False
F001,Smart Campus,B001,Building 1,BLK-2,Block 2,2026-08-12 14:15:00,488.33,85.76,275.1,85.84,22.37,188,False
F001,Smart Campus,B001,Building 1,BLK-1,Block 1,2026-08-12 14:30:00,361.45,175.15,286.74,117.01,25.95,299,False
F001,Smart Campus,B001,Building 1,BLK-2,Block 2,2026-08-12 14:45:00,459.6,123.26,276.65,58.72,29.64,186,False
F001,Smart Campus,B001,Building 1,BLK-1,Block 1,2026-08-12 15:00:00,436.87,128.55,255.81,57.38,31.53,130,False
F001,Smart Campus,B001,Building 1,BLK-2,Block 2,2026-08-12 15:15:00,541.99,99.69,245.12,76.43,28.11,154,False
F001,Smart Campus,B001,Building 1,BLK-1,Block 1,2026-08-12 15:30:00,591.8,101.81,208.04,101.18,29.81,176,False
F001,Smart Campus,B001,Building 1,BLK-2,Block 2,2026-08-12 15:45:00,458.49,191.65,290.88,90.42,23.26,84,False
F001,Smart Campus,B001,Building 1,BLK-1,Block 1,2026-08-12 16:00:00,599.23,151.13,213.58,104.93,31.61,192,False
F001,Smart Campus,B001,Building 1,BLK-2,Block 2,2026-08-12 16:15:00,398.98,170.76,291.63,97.08,23.06,214,False
F001,Smart Campus,B001,Building 1,BLK-1,Block 1,2026-08-12 16:30:00,498.21,175.65,169.9,82.27,26.27,292,False
F001,Smart Campus,B001,Building 1,BLK-2,Block 2,2026-08-12 16:45:00,488.92,84.45,264.46,70.9,25.42,154,False
F001,Smart Campus,B001,Building 1,BLK-1,Block 1,2026-08-12 17:00:00,503.59,143.53,262.84,112.99,28.91,286,False
F001,Smart Campus,B001,Building 1,BLK-2,Block 2,2026-08-12 17:15:00,431.53,101.41,258.17,67.65,25.42,125,False
F001,Smart Campus,B001,Building 1,BLK-1,Block 1,2026-08-12 17:30:00,572.37,135.3,222.39,86.14,29.75,281,False
F001,Smart Campus,B001,Building 1,BLK-2,Block 2,2026-08-12 17:45:00,393.66,147.86,197.79,115.96,29.59,172,False
F001,Smart Campus,B001,Building 1,BLK-1,Block 1,2026-08-12 18:00:00,473.81,198.73,184.39,52.0,27.86,275,False
F001,Smart Campus,B001,Building 1,BLK-2,Block 2,2026-08-12 18:15:00,471.69,152.21,295.92,112.48,25.24,183,False
F001,Smart Campus,B001,Building 1,BLK-1,Block 1,2026-08-12 18:30:00,414.83,127.73,197.91,94.88,28.43,232,False
F001,Smart Campus,B001,Building 1,BLK-2,Block 2,2026-08-12 18:45:00,598.16,99.6,151.55,74.02,25.65,237,False
F001,Smart Campus,B001,Building 1,BLK-1,Block 1,2026-08-12 19:00:00,397.38,83.53,210.23,93.96,22.62,19,False
F001,Smart Campus,B001,Building 1,BLK-2,Block 2,2026-08-12 19:15:00,490.2,137.85,210.17,103.27,26.23,24,False
F001,Smart Campus,B001,Building 1,BLK-1,Block 1,2026-08-12 19:30:00,579.33,141.3,241.23,72.97,25.99,22,False
F001,Smart Campus,B001,Building 1,BLK-2,Block 2,2026-08-12 19:45:00,1369.59,133.87,433.74,182.12,28.84,12,True
F001,Smart Campus,B001,Building 1,BLK-1,Block 1,2026-08-12 20:00:00,594.77,100.02,209.52,54.77,28.27,12,False
F001,Smart Campus,B001,Building 1,BLK-2,Block 2,2026-08-12 20:15:00,582.7,106.46,178.24,90.8,30.25,12,False
F001,Smart Campus,B001,Building 1,BLK-1,Block 1,2026-08-12 20:30:00,383.95,122.13,190.09,74.98,25.13,31,False
F001,Smart Campus,B001,Building 1,BLK-2,Block 2,2026-08-12 20:45:00,568.88,101.32,194.57,74.17,23.79,23,False
F001,Smart Campus,B001,Building 1,BLK-1,Block 1,2026-08-12 21:00:00,370.9,197.74,241.53,76.29,31.94,43,False
F001,Smart Campus,B001,Building 1,BLK-2,Block 2,2026-08-12 21:15:00,480.85,148.22,184.31,72.51,27.23,27,False
F001,Smart Campus,B001,Building 1,BLK-1,Block 1,2026-08-12 21:30:00,395.82,189.08,195.62,78.72,23.32,18,False
F001,Smart Campus,B001,Building 1,BLK-2,Block 2,2026-08-12 21:45:00,447.02,194.82,150.76,64.89,30.93,39,False
F001,Smart Campus,B001,Building 1,BLK-1,Block 1,2026-08-12 22:00:00,414.74,108.53,196.56,54.7,26.02,27,False
F001,Smart Campus,B001,Building 1,BLK-2,Block 2,2026-08-12 22:15:00,374.74,187.97,248.77,86.0,22.37,0,False
F001,Smart Campus,B001,Building 1,BLK-1,Block 1,2026-08-12 22:30:00,424.94,148.23,239.61,68.76,25.7,20,False
F001,Smart Campus,B001,Building 1,BLK-2,Block 2,2026-08-12 22:45:00,539.06,178.53,236.07,93.73,29.03,3,False
F001,Smart Campus,B001,Building 1,BLK-1,Block 1,2026-08-12 23:00:00,561.98,84.41,214.65,72.26,27.28,30,False
F001,Smart Campus,B001,Building 1,BLK-2,Block 2,2026-08-12 23:15:00,432.62,97.61,261.45,105.04,29.05,43,False
F001,Smart Campus,B001,Building 1,BLK-1,Block 1,2026-08-12 23:30:00,579.84,119.79,246.74,117.54,29.83,33,False
F001,Smart Campus,B001,Building 1,BLK-2,Block 2,2026-08-12 23:45:00,462.92,189.53,236.26,118.79,24.48,22,False
F001,Smart Campus,B001,Building 1,BLK-1,Block 1,2026-08-13 00:00:00,358.9,110.08,245.09,82.79,23.6,38,False
F001,Smart Campus,B001,Building 1,BLK-2,Block 2,2026-08-13 00:15:00,548.4,177.43,232.85,66.65,23.34,12,False
F001,Smart Campus,B001,Building 1,BLK-1,Block 1,2026-08-13 00:30:00,503.24,171.8,284.34,108.96,24.4,41,False
F001,Smart Campus,B001,Building 1,BLK-2,Block 2,2026-08-13 00:45:00,587.68,158.37,190.75,84.19,29.1,16,False
F001,Smart Campus,B001,Building 1,BLK-1,Block 1,2026-08-13 01:00:00,490.52,171.33,228.78,113.8,29.49,49,False
F001,Smart Campus,B001,Building 1,BLK-2,Block 2,2026-08-13 01:15:00,467.58,181.05,232.28,76.99,22.22,38,False
F001,Smart Campus,B001,Building 1,BLK-1,Block 1,2026-08-13 01:30:00,354.17,138.92,176.89,111.59,30.27,35,False
F001,Smart Campus,B001,Building 1,BLK-2,Block 2,2026-08-13 01:45:00,457.81,106.36,221.94,57.51,31.0,18,False
F001,Smart Campus,B001,Building 1,BLK-1,Block 1,2026-08-13 02:00:00,530.28,165.98,171.73,103.61,30.93,43,False
F001,Smart Campus,B001,Building 1,BLK-2,Block 2,2026-08-13 02:15:00,591.27,156.39,161.62,88.0,26.68,2,False
F001,Smart Campus,B001,Building 1,BLK-1,Block 1,2026-08-13 02:30:00,540.12,144.72,271.24,119.16,22.3,47,False
F001,Smart Campus,B001,Building 1,BLK-2,Block 2,2026-08-13 02:45:00,441.96,125.48,203.28,111.81,28.02,0,False
F001,Smart Campus,B001,Building 1,BLK-1,Block 1,2026-08-13 03:00:00,598.38,87.93,165.46,65.56,29.67,29,False
F001,Smart Campus,B001,Building 1,BLK-2,Block 2,2026-08-13 03:15:00,1355.96,135.11,603.87,193.32,27.03,50,True
F001,Smart Campus,B001,Building 1,BLK-1,Block 1,2026-08-13 03:30:00,377.67,180.58,284.58,111.97,27.54,37,False
F001,Smart Campus,B001,Building 1,BLK-2,Block 2,2026-08-13 03:45:00,915.37,99.03,300.25,164.69,30.25,41,True
F001,Smart Campus,B001,Building 1,BLK-1,Block 1,2026-08-13 04:00:00,856.13,86.32,495.41,71.44,25.73,21,True
F001,Smart Campus,B001,Building 1,BLK-2,Block 2,2026-08-13 04:15:00,586.15,135.42,226.1,68.06,23.3,48,False
F001,Smart Campus,B001,Building 1,BLK-1,Block 1,2026-08-13 04:30:00,398.42,162.28,252.37,111.69,25.61,27,False
F001,Smart Campus,B001,Building 1,BLK-2,Block 2,2026-08-13 04:45:00,384.49,91.63,271.62,66.42,28.32,18,False
F001,Smart Campus,B001,Building 1,BLK-1,Block 1,2026-08-13 05:00:00,494.96,140.48,296.09,89.56,27.16,49,False
F001,Smart Campus,B001,Building 1,BLK-2,Block 2,2026-08-13 05:15:00,403.46,106.48,207.34,76.52,31.37,14,False
F001,Smart Campus,B001,Building 1,BLK-1,Block 1,2026-08-13 05:30:00,547.85,191.76,210.97,75.97,24.11,44,False
F001,Smart Campus,B001,Building 1,BLK-2,Block 2,2026-08-13 05:45:00,564.55,160.29,252.07,113.19,26.86,16,False
F001,Smart Campus,B001,Building 1,BLK-1,Block 1,2026-08-13 06:00:00,490.25,172.53,208.65,95.81,27.36,37,False
F001,Smart Campus,B001,Building 1,BLK-2,Block 2,2026-08-13 06:15:00,524.99,93.98,295.76,64.63,25.13,32,False
F001,Smart Campus,B001,Building 1,BLK-1,Block 1,2026-08-13 06:30:00,477.19,147.52,150.03,53.92,28.09,23,False
F001,Smart Campus,B001,Building 1,BLK-2,Block 2,2026-08-13 06:45:00,594.13,163.49,231.55,119.78,31.21,27,False
F001,Smart Campus,B001,Building 1,BLK-1,Block 1,2026-08-13 07:00:00,464.73,103.8,163.78,74.29,28.15,5,False
F001,Smart Campus,B001,Building 1,BLK-2,Block 2,2026-08-13 07:15:00,496.03,85.52,291.02,86.88,23.62,28,False
F001,Smart Campus,B001,Building 1,BLK-1,Block 1,2026-08-13 07:30:00,598.98,125.0,156.67,92.33,28.63,30,False
F001,Smart Campus,B001,Building 1,BLK-2,Block 2,2026-08-13 07:45:00,479.7,144.95,157.1,75.3,28.27,8,False
F001,Smart Campus,B001,Building 1,BLK-1,Block 1,2026-08-13 08:00:00,473.61,153.53,278.93,94.8,27.25,136,False
F001,Smart Campus,B001,Building 1,BLK-2,Block 2,2026-08-13 08:15:00,585.19,180.74,255.88,115.55,31.17,107,False
F001,Smart Campus,B001,Building 1,BLK-1,Block 1,2026-08-13 08:30:00,357.66,126.93,263.16,99.23,22.92,204,False
F001,Smart Campus,B001,Building 1,BLK-2,Block 2,2026-08-13 08:45:00,526.39,118.85,205.5,83.45,27.49,134,False
F001,Smart Campus,B001,Building 1,BLK-1,Block 1,2026-08-13 09:00:00,406.03,145.94,261.58,116.38,27.12,80,False
F001,Smart Campus,B001,Building 1,BLK-2,Block 2,2026-08-13 09:15:00,489.98,116.33,180.88,55.96,22.84,155,False
F001,Smart Campus,B001,Building 1,BLK-1,Block 1,2026-08-13 09:30:00,372.38,147.9,195.51,104.02,28.89,216,False
F001,Smart Campus,B001,Building 1,BLK-2,Block 2,2026-08-13 09:45:00,516.68,184.91,222.32,75.28,28.51,218,False
F001,Smart Campus,B001,Building 1,BLK-1,Block 1,2026-08-13 10:00:00,539.42,105.16,297.69,113.03,31.63,232,False
F001,Smart Campus,B001,Building 1,BLK-2,Block 2,2026-08-13 10:15:00,577.92,91.53,191.19,111.37,28.59,229,False
F001,Smart Campus,B001,Building 1,BLK-1,Block 1,2026-08-13 10:30:00,369.97,89.09,235.81,63.62,23.31,99,False
F001,Smart Campus,B001,Building 1,BLK-2,Block 2,2026-08-13 10:45:00,359.13,129.36,265.11,106.41,27.6,285,False
F001,Smart Campus,B001,Building 1,BLK-1,Block 1,2026-08-13 11:00:00,536.36,129.79,201.71,89.39,25.6,237,False
F001,Smart Campus,B001,Building 1,BLK-2,Block 2,2026-08-13 11:15:00,536.87,176.55,154.93,89.76,24.57,105,False
F001,Smart Campus,B001,Building 1,BLK-1,Block 1,2026-08-13 11:30:00,533.13,133.48,226.48,88.67,26.07,93,False
F001,Smart Campus,B001,Building 1,BLK-2,Block 2,2026-08-13 11:45:00,371.59,112.97,183.42,51.96,31.12,108,False
F001,Smart Campus,B001,Building 1,BLK-1,Block 1,2026-08-13 12:00:00,578.54,126.21,234.45,78.98,25.81,268,False
F001,Smart Campus,B001,Building 1,BLK-2,Block 2,2026-08-13 12:15:00,528.64,130.08,258.67,68.84,28.71,96,False
F001,Smart Campus,B001,Building 1,BLK-1,Block 1,2026-08-13 12:30:00,506.43,145.23,233.91,51.36,28.53,196,False
F001,Smart Campus,B001,Building 1,BLK-2,Block 2,2026-08-13 12:45:00,361.44,81.57,171.17,91.66,26.15,170,False
F001,Smart Campus,B001,Building 1,BLK-1,Block 1,2026-08-13 13:00:00,466.16,182.9,154.61,115.95,30.43,211,False
F001,Smart Campus,B001,Building 1,BLK-2,Block 2,2026-08-13 13:15:00,585.5,177.13,213.71,71.92,30.82,266,False
F001,Smart Campus,B001,Building 1,BLK-1,Block 1,2026-08-13 13:30:00,524.97,93.49,213.84,66.64,23.61,287,False
F001,Smart Campus,B001,Building 1,BLK-2,Block 2,2026-08-13 13:45:00,395.12,161.96,255.33,64.16,24.91,141,False
F001,Smart Campus,B001,Building 1,BLK-1,Block 1,2026-08-13 14:00:00,533.45,120.19,150.16,71.97,24.61,120,False
F001,Smart Campus,B001,Building 1,BLK-2,Block 2,2026-08-13 14:15:00,579.36,109.45,271.75,91.75,25.68,290,False
F001,Smart Campus,B001,Building 1,BLK-1,Block 1,2026-08-13 14:30:00,377.72,184.89,248.99,100.14,30.06,269,False
F001,Smart Campus,B001,Building 1,BLK-2,Block 2,2026-08-13 14:45:00,357.12,159.38,168.55,101.17,28.05,103,False
F001,Smart Campus,B001,Building 1,BLK-1,Block 1,2026-08-13 15:00:00,597.98,159.18,292.72,75.65,24.59,188,False
F001,Smart Campus,B001,Building 1,BLK-2,Block 2,2026-08-13 15:15:00,374.82,101.31,249.28,110.34,24.63,88,False
F001,Smart Campus,B001,Building 1,BLK-1,Block 1,2026-08-13 15:30:00,357.16,191.75,266.16,91.25,31.44,164,False
F001,Smart Campus,B001,Building 1,BLK-2,Block 2,2026-08-13 15:45:00,438.46,173.07,242.34,109.47,28.74,201,False
F001,Smart Campus,B001,Building 1,BLK-1,Block 1,2026-08-13 16:00:00,478.16,125.58,161.05,77.11,27.79,249,False
F001,Smart Campus,B001,Building 1,BLK-2,Block 2,2026-08-13 16:15:00,362.66,134.39,187.63,88.18,23.16,282,False
F001,Smart Campus,B001,Building 1,BLK-1,Block 1,2026-08-13 16:30:00,434.46,111.21,178.76,114.79,29.41,105,False
F001,Smart Campus,B001,Building 1,BLK-2,Block 2,2026-08-13 16:45:00,420.31,102.22,201.08,56.44,24.65,262,False
F001,Smart Campus,B001,Building 1,BLK-1,Block 1,2026-08-13 17:00:00,538.89,160.44,179.35,53.84,25.29,242,False
F001,Smart Campus,B001,Building 1,BLK-2,Block 2,2026-08-13 17:15:00,382.54,150.34,195.36,59.12,26.5,128,False
F001,Smart Campus,B001,Building 1,BLK-1,Block 1,2026-08-13 17:30:00,584.2,165.13,270.46,64.79,23.61,93,False
F001,Smart Campus,B001,Building 1,BLK-2,Block 2,2026-08-13 17:45:00,382.32,117.33,205.4,119.16,26.54,121,False
F001,Smart Campus,B001,Building 1,BLK-1,Block 1,2026-08-13 18:00:00,521.37,138.06,166.58,116.1,22.59,176,False
F001,Smart Campus,B001,Building 1,BLK-2,Block 2,2026-08-13 18:15:00,384.21,93.86,165.6,101.4,24.86,278,False
F001,Smart Campus,B001,Building 1,BLK-1,Block 1,2026-08-13 18:30:00,531.29,109.63,176.03,109.14,31.54,268,False
F001,Smart Campus,B001,Building 1,BLK-2,Block 2,2026-08-13 18:45:00,544.86,169.75,187.25,90.08,25.56,135,False
F001,Smart Campus,B001,Building 1,BLK-1,Block 1,2026-08-13 19:00:00,404.86,92.3,196.54,98.34,28.91,50,False
F001,Smart Campus,B001,Building 1,BLK-2,Block 2,2026-08-13 19:15:00,568.27,159.12,292.91,71.56,27.63,28,False
F001,Smart Campus,B001,Building 1,BLK-1,Block 1,2026-08-13 19:30:00,573.38,89.2,290.22,108.75,31.04,1,False
F001,Smart Campus,B001,Building 1,BLK-2,Block 2,2026-08-13 19:45:00,355.59,194.57,289.27,95.44,26.53,21,False
F001,Smart Campus,B001,Building 1,BLK-1,Block 1,2026-08-13 20:00:00,462.13,142.0,150.51,53.16,31.72,22,False
F001,Smart Campus,B001,Building 1,BLK-2,Block 2,2026-08-13 20:15:00,382.32,158.28,170.05,117.6,30.77,14,False
F001,Smart Campus,B001,Building 1,BLK-1,Block 1,2026-08-13 20:30:00,534.16,171.17,229.34,107.79,23.3,40,False
F001,Smart Campus,B001,Building 1,BLK-2,Block 2,2026-08-13 20:45:00,510.5,190.18,229.97,88.8,29.39,36,False
F001,Smart Campus,B001,Building 1,BLK-1,Block 1,2026-08-13 21:00:00,353.55,163.0,187.8,64.28,25.1,7,False
F001,Smart Campus,B001,Building 1,BLK-2,Block 2,2026-08-13 21:15:00,529.51,123.16,274.9,102.85,29.93,0,False
F001,Smart Campus,B001,Building 1,BLK-1,Block 1,2026-08-13 21:30:00,481.38,148.44,183.32,52.67,29.73,46,False
F001,Smart Campus,B001,Building 1,BLK-2,Block 2,2026-08-13 21:45:00,547.29,103.5,256.11,103.49,30.98,20,False
F001,Smart Campus,B001,Building 1,BLK-1,Block 1,2026-08-13 22:00:00,524.64,86.33,224.24,99.9,29.38,25,False
F001,Smart Campus,B001,Building 1,BLK-2,Block 2,2026-08-13 22:15:00,467.21,139.62,212.78,102.48,23.29,41,False
F001,Smart Campus,B001,Building 1,BLK-1,Block 1,2026-08-13 22:30:00,501.77,116.92,223.9,114.18,26.58,26,False
F001,Smart Campus,B001,Building 1,BLK-2,Block 2,2026-08-13 22:45:00,413.75,82.78,184.34,55.54,30.47,18,False
F001,Smart Campus,B001,Building 1,BLK-1,Block 1,2026-08-13 23:00:00,562.54,152.19,181.32,53.27,31.86,41,False
F001,Smart Campus,B001,Building 1,BLK-2,Block 2,2026-08-13 23:15:00,544.79,185.05,190.03,100.59,25.48,23,False
F001,Smart Campus,B001,Building 1,BLK-1,Block 1,2026-08-13 23:30:00,415.21,96.81,211.69,82.56,28.04,30,False
F001,Smart Campus,B001,Building 1,BLK-2,Block 2,2026-08-13 23:45:00,558.79,86.35,195.43,112.06,26.75,3,False
F001,Smart Campus,B001,Building 1,BLK-1,Block 1,2026-08-14 00:00:00,570.74,181.32,232.72,92.8,28.76,4,False
F001,Smart Campus,B001,Building 1,BLK-2,Block 2,2026-08-14 00:15:00,449.44,144.53,286.59,94.91,24.52,22,False
F001,Smart Campus,B001,Building 1,BLK-1,Block 1,2026-08-14 00:30:00,447.95,89.98,220.6,63.06,27.71,46,False
F001,Smart Campus,B001,Building 1,BLK-2,Block 2,2026-08-14 00:45:00,535.49,104.84,191.15,57.98,27.14,42,False
F001,Smart Campus,B001,Building 1,BLK-1,Block 1,2026-08-14 01:00:00,439.85,131.83,296.06,115.61,26.23,19,False
F001,Smart Campus,B001,Building 1,BLK-2,Block 2,2026-08-14 01:15:00,565.3,98.74,241.22,117.68,31.1,44,False
F001,Smart Campus,B001,Building 1,BLK-1,Block 1,2026-08-14 01:30:00,370.13,138.11,284.46,94.56,27.9,17,False
F001,Smart Campus,B001,Building 1,BLK-2,Block 2,2026-08-14 01:45:00,499.55,89.08,191.87,73.65,25.51,3,False
F001,Smart Campus,B001,Building 1,BLK-1,Block 1,2026-08-14 02:00:00,549.84,96.66,160.04,76.05,31.22,34,False
F001,Smart Campus,B001,Building 1,BLK-2,Block 2,2026-08-14 02:15:00,546.72,198.87,285.83,102.4,22.06,50,False
F001,Smart Campus,B001,Building 1,BLK-1,Block 1,2026-08-14 02:30:00,1279.33,168.12,413.01,115.31,25.4,46,True
F001,Smart Campus,B001,Building 1,BLK-2,Block 2,2026-08-14 02:45:00,578.54,144.02,264.11,82.83,24.49,30,False
F001,Smart Campus,B001,Building 1,BLK-1,Block 1,2026-08-14 03:00:00,541.91,142.13,256.49,71.04,28.42,31,False
F001,Smart Campus,B001,Building 1,BLK-2,Block 2,2026-08-14 03:15:00,442.78,134.09,265.71,84.65,29.29,26,False
F001,Smart Campus,B001,Building 1,BLK-1,Block 1,2026-08-14 03:30:00,536.29,193.38,272.51,92.24,28.12,9,False
F001,Smart Campus,B001,Building 1,BLK-2,Block 2,2026-08-14 03:45:00,542.65,162.21,282.85,84.67,28.63,38,False
F001,Smart Campus,B001,Building 1,BLK-1,Block 1,2026-08-14 04:00:00,537.75,136.14,168.49,88.36,27.63,15,False
F001,Smart Campus,B001,Building 1,BLK-2,Block 2,2026-08-14 04:15:00,549.85,121.71,236.81,98.93,28.55,27,False
F001,Smart Campus,B001,Building 1,BLK-1,Block 1,2026-08-14 04:30:00,531.08,150.72,266.75,64.44,25.37,33,False
F001,Smart Campus,B001,Building 1,BLK-2,Block 2,2026-08-14 04:45:00,460.02,80.33,263.05,64.03,26.23,17,False
F001,Smart Campus,B001,Building 1,BLK-1,Block 1,2026-08-14 05:00:00,478.87,85.73,219.32,110.07,24.32,27,False
F001,Smart Campus,B001,Building 1,BLK-2,Block 2,2026-08-14 05:15:00,474.4,180.68,205.24,92.29,24.02,15,False
F001,Smart Campus,B001,Building 1,BLK-1,Block 1,2026-08-14 05:30:00,501.01,178.08,264.33,93.26,25.15,39,False
F001,Smart Campus,B001,Building 1,BLK-2,Block 2,2026-08-14 05:45:00,477.27,157.34,179.5,96.67,22.46,48,False
F001,Smart Campus,B001,Building 1,BLK-1,Block 1,2026-08-14 06:00:00,439.57,85.46,237.17,79.62,26.17,22,False
F001,Smart Campus,B001,Building 1,BLK-2,Block 2,2026-08-14 06:15:00,468.16,102.74,195.49,99.47,22.92,49,False
F001,Smart Campus,B001,Building 1,BLK-1,Block 1,2026-08-14 06:30:00,522.35,162.03,216.67,72.92,31.03,38,False
F001,Smart Campus,B001,Building 1,BLK-2,Block 2,2026-08-14 06:45:00,547.04,168.91,243.35,61.25,23.4,18,False
F001,Smart Campus,B001,Building 1,BLK-1,Block 1,2026-08-14 07:00:00,379.59,188.15,231.09,61.55,29.29,17,False
F001,Smart Campus,B001,Building 1,BLK-2,Block 2,2026-08-14 07:15:00,580.42,147.42,202.52,84.48,31.1,36,False
F001,Smart Campus,B001,Building 1,BLK-1,Block 1,2026-08-14 07:30:00,542.27,126.48,251.66,102.17,29.6,50,False
F001,Smart Campus,B001,Building 1,BLK-2,Block 2,2026-08-14 07:45:00,570.4,123.52,259.94,101.41,27.44,0,False
F001,Smart Campus,B001,Building 1,BLK-1,Block 1,2026-08-14 08:00:00,353.19,145.86,176.29,100.67,23.15,226,False
F001,Smart Campus,B001,Building 1,BLK-2,Block 2,2026-08-14 08:15:00,484.56,184.7,226.49,67.8,27.15,178,False
F001,Smart Campus,B001,Building 1,BLK-1,Block 1,2026-08-14 08:30:00,670.11,195.36,476.08,128.27,28.42,133,True
F001,Smart Campus,B001,Building 1,BLK-2,Block 2,2026-08-14 08:45:00,526.4,91.94,276.72,85.9,25.67,213,False
F001,Smart Campus,B001,Building 1,BLK-1,Block 1,2026-08-14 09:00:00,585.01,91.74,285.14,54.48,29.52,137,False
F001,Smart Campus,B001,Building 1,BLK-2,Block 2,2026-08-14 09:15:00,592.74,124.9,199.07,73.45,25.73,148,False
F001,Smart Campus,B001,Building 1,BLK-1,Block 1,2026-08-14 09:30:00,399.07,81.47,278.76,108.18,28.1,227,False
F001,Smart Campus,B001,Building 1,BLK-2,Block 2,2026-08-14 09:45:00,578.0,179.16,261.19,85.52,26.68,258,False
F001,Smart Campus,B001,Building 1,BLK-1,Block 1,2026-08-14 10:00:00,555.73,163.07,193.38,74.74,22.01,92,False
F001,Smart Campus,B001,Building 1,BLK-2,Block 2,2026-08-14 10:15:00,489.28,177.29,251.93,97.66,25.09,219,False
F001,Smart Campus,B001,Building 1,BLK-1,Block 1,2026-08-14 10:30:00,565.82,170.17,263.37,54.48,31.6,183,False
F001,Smart Campus,B001,Building 1,BLK-2,Block 2,2026-08-14 10:45:00,590.42,187.57,276.8,94.17,26.11,181,False
F001,Smart Campus,B001,Building 1,BLK-1,Block 1,2026-08-14 11:00:00,385.47,174.85,268.46,95.51,25.32,172,False
F001,Smart Campus,B001,Building 1,BLK-2,Block 2,2026-08-14 11:15:00,413.8,171.13,238.32,118.3,30.12,274,False
F001,Smart Campus,B001,Building 1,BLK-1,Block 1,2026-08-14 11:30:00,496.11,130.46,202.54,76.44,27.02,213,False
F001,Smart Campus,B001,Building 1,BLK-2,Block 2,2026-08-14 11:45:00,531.56,182.9,200.77,58.61,29.69,279,False
F001,Smart Campus,B001,Building 1,BLK-1,Block 1,2026-08-14 12:00:00,593.71,99.33,256.58,94.31,26.22,249,False
F001,Smart Campus,B001,Building 1,BLK-2,Block 2,2026-08-14 12:15:00,465.43,160.84,220.08,73.89,23.41,96,False
F001,Smart Campus,B001,Building 1,BLK-1,Block 1,2026-08-14 12:30:00,372.6,156.63,225.34,99.35,30.47,111,False
F001,Smart Campus,B001,Building 1,BLK-2,Block 2,2026-08-14 12:45:00,479.86,164.61,178.92,106.24,25.98,242,False
F001,Smart Campus,B001,Building 1,BLK-1,Block 1,2026-08-14 13:00:00,592.43,168.49,155.3,101.57,27.3,81,False
F001,Smart Campus,B001,Building 1,BLK-2,Block 2,2026-08-14 13:15:00,413.31,107.73,219.96,100.35,29.37,108,False
F001,Smart Campus,B001,Building 1,BLK-1,Block 1,2026-08-14 13:30:00,415.82,168.32,233.22,78.53,24.04,169,False
F001,Smart Campus,B001,Building 1,BLK-2,Block 2,2026-08-14 13:45:00,456.53,177.46,216.73,93.47,26.95,252,False
F001,Smart Campus,B001,Building 1,BLK-1,Block 1,2026-08-14 14:00:00,482.4,134.79,236.5,84.54,23.24,243,False
F001,Smart Campus,B001,Building 1,BLK-2,Block 2,2026-08-14 14:15:00,395.66,80.66,244.87,91.95,23.34,158,False
F001,Smart Campus,B001,Building 1,BLK-1,Block 1,2026-08-14 14:30:00,402.21,191.38,187.32,100.7,29.61,206,False
F001,Smart Campus,B001,Building 1,BLK-2,Block 2,2026-08-14 14:45:00,937.9,109.55,339.44,177.02,26.84,251,True
F001,Smart Campus,B001,Building 1,BLK-1,Block 1,2026-08-14 15:00:00,592.46,130.27,190.65,66.98,29.53,238,False
F001,Smart Campus,B001,Building 1,BLK-2,Block 2,2026-08-14 15:15:00,517.03,143.73,210.16,77.63,22.16,200,False
F001,Smart Campus,B001,Building 1,BLK-1,Block 1,2026-08-14 15:30:00,579.83,97.15,264.23,107.84,22.3,287,False
F001,Smart Campus,B001,Building 1,BLK-2,Block 2,2026-08-14 15:45:00,443.3,128.93,246.48,76.65,28.02,198,False
F001,Smart Campus,B001,Building 1,BLK-1,Block 1,2026-08-14 16:00:00,487.4,158.3,166.19,94.45,28.48,182,False
F001,Smart Campus,B001,Building 1,BLK-2,Block 2,2026-08-14 16:15:00,410.87,168.54,240.14,115.77,24.9,296,False
F001,Smart Campus,B001,Building 1,BLK-1,Block 1,2026-08-14 16:30:00,576.32,112.02,192.18,73.38,25.16,184,False
F001,Smart Campus,B001,Building 1,BLK-2,Block 2,2026-08-14 16:45:00,492.98,195.85,173.98,60.63,24.06,196,False
F001,Smart Campus,B001,Building 1,BLK-1,Block 1,2026-08-14 17:00:00,450.29,137.52,226.9,96.55,23.77,181,False
F001,Smart Campus,B001,Building 1,BLK-2,Block 2,2026-08-14 17:15:00,591.19,163.84,167.83,90.66,30.87,244,False
F001,Smart Campus,B001,Building 1,BLK-1,Block 1,2026-08-14 17:30:00,518.33,94.93,293.34,117.16,31.4,121,False
F001,Smart Campus,B001,Building 1,BLK-2,Block 2,2026-08-14 17:45:00,576.47,113.19,172.53,56.85,29.0,243,False
F001,Smart Campus,B001,Building 1,BLK-1,Block 1,2026-08-14 18:00:00,487.27,133.21,212.33,99.04,31.16,171,False
F001,Smart Campus,B001,Building 1,BLK-2,Block 2,2026-08-14 18:15:00,437.79,134.91,251.82,113.07,25.34,212,False
F001,Smart Campus,B001,Building 1,BLK-1,Block 1,2026-08-14 18:30:00,529.08,145.96,226.02,54.23,24.8,284,False
F001,Smart Campus,B001,Building 1,BLK-2,Block 2,2026-08-14 18:45:00,418.57,138.1,298.09,98.69,23.02,245,False
F001,Smart Campus,B001,Building 1,BLK-1,Block 1,2026-08-14 19:00:00,354.28,197.87,226.22,106.83,31.82,46,False
F001,Smart Campus,B001,Building 1,BLK-2,Block 2,2026-08-14 19:15:00,391.61,102.58,271.85,108.03,29.34,38,False
F001,Smart Campus,B001,Building 1,BLK-1,Block 1,2026-08-14 19:30:00,549.42,99.26,226.47,115.19,23.56,48,False
F001,Smart Campus,B001,Building 1,BLK-2,Block 2,2026-08-14 19:45:00,393.46,118.86,278.2,91.12,28.73,18,False
F001,Smart Campus,B001,Building 1,BLK-1,Block 1,2026-08-14 20:00:00,541.28,184.64,263.52,100.0,29.84,36,False
F001,Smart Campus,B001,Building 1,BLK-2,Block 2,2026-08-14 20:15:00,516.88,82.37,251.82,79.73,29.35,24,False
F001,Smart Campus,B001,Building 1,BLK-1,Block 1,2026-08-14 20:30:00,480.46,132.57,291.32,88.39,24.75,27,False
F001,Smart Campus,B001,Building 1,BLK-2,Block 2,2026-08-14 20:45:00,391.94,133.39,161.26,99.91,30.78,33,False
F001,Smart Campus,B001,Building 1,BLK-1,Block 1,2026-08-14 21:00:00,1203.33,111.77,360.52,133.21,31.63,14,True
F001,Smart Campus,B001,Building 1,BLK-2,Block 2,2026-08-14 21:15:00,356.51,108.99,288.35,99.73,30.79,34,False
F001,Smart Campus,B001,Building 1,BLK-1,Block 1,2026-08-14 21:30:00,539.12,183.19,219.83,70.55,24.94,47,False
F001,Smart Campus,B001,Building 1,BLK-2,Block 2,2026-08-14 21:45:00,410.48,131.97,257.78,63.31,25.43,8,False
F001,Smart Campus,B001,Building 1,BLK-1,Block 1,2026-08-14 22:00:00,569.29,133.78,202.31,115.53,26.98,8,False
F001,Smart Campus,B001,Building 1,BLK-2,Block 2,2026-08-14 22:15:00,565.12,176.14,190.38,79.05,24.46,20,False
F001,Smart Campus,B001,Building 1,BLK-1,Block 1,2026-08-14 22:30:00,456.08,177.88,165.64,73.49,25.31,29,False
F001,Smart Campus,B001,Building 1,BLK-2,Block 2,2026-08-14 22:45:00,578.6,140.97,205.3,117.29,23.02,25,False
F001,Smart Campus,B001,Building 1,BLK-1,Block 1,2026-08-14 23:00:00,415.33,144.2,256.81,84.79,27.91,14,False
F001,Smart Campus,B001,Building 1,BLK-2,Block 2,2026-08-14 23:15:00,595.11,155.13,293.34,60.29,30.82,33,False
F001,Smart Campus,B001,Building 1,BLK-1,Block 1,2026-08-14 23:30:00,467.53,80.52,164.94,100.25,29.87,10,False
F001,Smart Campus,B001,Building 1,BLK-2,Block 2,2026-08-14 23:45:00,435.87,173.52,276.65,117.75,28.4,7,False
F001,Smart Campus,B001,Building 1,BLK-1,Block 1,2026-08-15 00:00:00,519.02,94.15,274.65,51.28,27.26,46,False
F001,Smart Campus,B001,Building 1,BLK-2,Block 2,2026-08-15 00:15:00,445.54,193.47,231.6,63.75,24.13,48,False
F001,Smart Campus,B001,Building 1,BLK-1,Block 1,2026-08-15 00:30:00,455.92,86.42,250.43,119.91,26.26,12,False
F001,Smart Campus,B001,Building 1,BLK-2,Block 2,2026-08-15 00:45:00,466.01,88.2,261.38,65.52,31.53,50,False
F001,Smart Campus,B001,Building 1,BLK-1,Block 1,2026-08-15 01:00:00,366.68,185.08,283.47,107.61,28.49,6,False
F001,Smart Campus,B001,Building 1,BLK-2,Block 2,2026-08-15 01:15:00,378.01,187.93,164.81,82.92,23.96,36,False
F001,Smart Campus,B001,Building 1,BLK-1,Block 1,2026-08-15 01:30:00,441.71,194.58,211.32,64.79,31.84,1,False
F001,Smart Campus,B001,Building 1,BLK-2,Block 2,2026-08-15 01:45:00,515.29,175.94,173.14,66.95,27.09,18,False
F001,Smart Campus,B001,Building 1,BLK-1,Block 1,2026-08-15 02:00:00,482.11,184.47,267.3,69.04,23.99,13,False
F001,Smart Campus,B001,Building 1,BLK-2,Block 2,2026-08-15 02:15:00,585.26,100.7,157.09,75.31,27.84,30,False
F001,Smart Campus,B001,Building 1,BLK-1,Block 1,2026-08-15 02:30:00,357.18,138.18,205.19,51.65,22.61,31,False
F001,Smart Campus,B001,Building 1,BLK-2,Block 2,2026-08-15 02:45:00,485.1,152.55,204.1,83.1,27.4,37,False
F001,Smart Campus,B001,Building 1,BLK-1,Block 1,2026-08-15 03:00:00,420.57,155.46,250.06,84.8,30.73,6,False
F001,Smart Campus,B001,Building 1,BLK-2,Block 2,2026-08-15 03:15:00,450.03,139.77,181.89,91.89,26.36,13,False
F001,Smart Campus,B001,Building 1,BLK-1,Block 1,2026-08-15 03:30:00,1091.84,141.16,485.05,165.42,24.65,16,True
F001,Smart Campus,B001,Building 1,BLK-2,Block 2,2026-08-15 03:45:00,473.87,118.05,184.17,61.59,31.13,9,False
F001,Smart Campus,B001,Building 1,BLK-1,Block 1,2026-08-15 04:00:00,395.55,89.08,195.27,100.46,30.23,16,False
F001,Smart Campus,B001,Building 1,BLK-2,Block 2,2026-08-15 04:15:00,477.11,118.9,242.85,58.88,30.12,7,False
F001,Smart Campus,B001,Building 1,BLK-1,Block 1,2026-08-15 04:30:00,466.39,168.22,158.96,68.41,26.26,36,False
F001,Smart Campus,B001,Building 1,BLK-2,Block 2,2026-08-15 04:45:00,355.76,187.41,159.12,79.98,29.01,18,False
F001,Smart Campus,B001,Building 1,BLK-1,Block 1,2026-08-15 05:00:00,561.24,96.23,250.03,117.44,24.59,30,False
F001,Smart Campus,B001,Building 1,BLK-2,Block 2,2026-08-15 05:15:00,373.53,101.74,189.26,99.52,29.38,0,False
F001,Smart Campus,B001,Building 1,BLK-1,Block 1,2026-08-15 05:30:00,555.09,119.98,287.5,110.82,27.19,17,False
F001,Smart Campus,B001,Building 1,BLK-2,Block 2,2026-08-15 05:45:00,561.34,94.02,155.61,107.49,29.8,0,False
F001,Smart Campus,B001,Building 1,BLK-1,Block 1,2026-08-15 06:00:00,590.95,118.77,284.18,82.58,30.56,12,False
F001,Smart Campus,B001,Building 1,BLK-2,Block 2,2026-08-15 06:15:00,440.91,169.44,226.18,64.62,24.16,38,False
F001,Smart Campus,B001,Building 1,BLK-1,Block 1,2026-08-15 06:30:00,580.18,115.95,181.66,56.73,28.37,9,False
F001,Smart Campus,B001,Building 1,BLK-2,Block 2,2026-08-15 06:45:00,418.93,180.1,240.75,105.11,24.88,42,False
F001,Smart Campus,B001,Building 1,BLK-1,Block 1,2026-08-15 07:00:00,575.75,192.07,258.64,100.21,30.6,44,False
F001,Smart Campus,B001,Building 1,BLK-2,Block 2,2026-08-15 07:15:00,451.73,177.55,231.44,62.63,27.37,27,False
F001,Smart Campus,B001,Building 1,BLK-1,Block 1,2026-08-15 07:30:00,556.43,110.95,256.3,108.06,29.16,43,False
F001,Smart Campus,B001,Building 1,BLK-2,Block 2,2026-08-15 07:45:00,354.25,136.11,232.73,83.95,31.53,49,False
F001,Smart Campus,B001,Building 1,BLK-1,Block 1,2026-08-15 08:00:00,444.59,87.37,213.19,73.56,26.5,167,False
F001,Smart Campus,B001,Building 1,BLK-2,Block 2,2026-08-15 08:15:00,446.23,125.68,258.98,108.19,24.22,87,False
F001,Smart Campus,B001,Building 1,BLK-1,Block 1,2026-08-15 08:30:00,549.33,113.16,221.42,109.77,26.86,177,False
F001,Smart Campus,B001,Building 1,BLK-2,Block 2,2026-08-15 08:45:00,385.8,107.37,186.29,73.3,24.47,149,False
F001,Smart Campus,B001,Building 1,BLK-1,Block 1,2026-08-15 09:00:00,497.02,146.22,181.12,68.32,27.81,112,False
F001,Smart Campus,B001,Building 1,BLK-2,Block 2,2026-08-15 09:15:00,594.82,186.88,250.93,70.53,27.09,261,False
F001,Smart Campus,B001,Building 1,BLK-1,Block 1,2026-08-15 09:30:00,575.54,165.59,176.59,59.42,23.92,141,False
F001,Smart Campus,B001,Building 1,BLK-2,Block 2,2026-08-15 09:45:00,445.63,153.56,166.99,89.65,26.78,159,False
F001,Smart Campus,B001,Building 1,BLK-1,Block 1,2026-08-15 10:00:00,424.84,102.56,289.9,100.34,26.67,97,False
F001,Smart Campus,B001,Building 1,BLK-2,Block 2,2026-08-15 10:15:00,533.1,88.48,252.73,114.53,30.2,106,False
F001,Smart Campus,B001,Building 1,BLK-1,Block 1,2026-08-15 10:30:00,428.49,165.34,279.49,73.81,32.0,294,False
F001,Smart Campus,B001,Building 1,BLK-2,Block 2,2026-08-15 10:45:00,474.27,142.86,242.32,87.1,25.71,299,False
F001,Smart Campus,B001,Building 1,BLK-1,Block 1,2026-08-15 11:00:00,461.38,195.04,176.56,78.13,24.15,139,False
F001,Smart Campus,B001,Building 1,BLK-2,Block 2,2026-08-15 11:15:00,514.92,118.33,292.74,91.03,31.3,242,False
F001,Smart Campus,B001,Building 1,BLK-1,Block 1,2026-08-15 11:30:00,357.02,188.3,288.27,71.14,23.54,184,False
F001,Smart Campus,B001,Building 1,BLK-2,Block 2,2026-08-15 11:45:00,472.99,116.13,285.91,77.29,28.84,287,False
F001,Smart Campus,B001,Building 1,BLK-1,Block 1,2026-08-15 12:00:00,399.77,120.82,178.44,80.3,23.88,263,False
F001,Smart Campus,B001,Building 1,BLK-2,Block 2,2026-08-15 12:15:00,359.91,154.77,175.76,103.79,23.71,123,False
F001,Smart Campus,B001,Building 1,BLK-1,Block 1,2026-08-15 12:30:00,413.49,112.91,188.91,74.69,25.12,258,False
F001,Smart Campus,B001,Building 1,BLK-2,Block 2,2026-08-15 12:45:00,397.45,87.34,246.13,112.55,23.57,260,False
F001,Smart Campus,B001,Building 1,BLK-1,Block 1,2026-08-15 13:00:00,591.14,116.81,181.07,112.54,31.22,290,False
F001,Smart Campus,B001,Building 1,BLK-2,Block 2,2026-08-15 13:15:00,483.85,133.62,164.6,84.84,23.04,256,False
F001,Smart Campus,B001,Building 1,BLK-1,Block 1,2026-08-15 13:30:00,475.49,140.88,294.88,97.73,23.61,86,False
F001,Smart Campus,B001,Building 1,BLK-2,Block 2,2026-08-15 13:45:00,422.35,99.59,200.13,64.96,30.12,228,False
F001,Smart Campus,B001,Building 1,BLK-1,Block 1,2026-08-15 14:00:00,516.57,189.87,204.37,85.91,29.23,83,False
F001,Smart Campus,B001,Building 1,BLK-2,Block 2,2026-08-15 14:15:00,485.85,116.03,252.58,71.14,31.57,272,False
F001,Smart Campus,B001,Building 1,BLK-1,Block 1,2026-08-15 14:30:00,433.83,156.79,184.75,111.11,25.01,166,False
F001,Smart Campus,B001,Building 1,BLK-2,Block 2,2026-08-15 14:45:00,540.67,152.24,294.41,58.89,27.02,142,False
F001,Smart Campus,B001,Building 1,BLK-1,Block 1,2026-08-15 15:00:00,549.69,144.25,268.86,74.7,28.46,179,False
F001,Smart Campus,B001,Building 1,BLK-2,Block 2,2026-08-15 15:15:00,518.46,96.03,160.39,114.25,24.82,220,False
F001,Smart Campus,B001,Building 1,BLK-1,Block 1,2026-08-15 15:30:00,358.94,119.35,197.24,87.11,28.14,242,False
F001,Smart Campus,B001,Building 1,BLK-2,Block 2,2026-08-15 15:45:00,417.04,146.49,284.46,67.82,29.31,264,False
F001,Smart Campus,B001,Building 1,BLK-1,Block 1,2026-08-15 16:00:00,469.88,174.33,242.45,56.2,24.61,175,False
F001,Smart Campus,B001,Building 1,BLK-2,Block 2,2026-08-15 16:15:00,439.5,116.48,161.74,69.44,26.25,167,False
F001,Smart Campus,B001,Building 1,BLK-1,Block 1,2026-08-15 16:30:00,574.86,135.11,178.38,98.43,29.61,138,False
F001,Smart Campus,B001,Building 1,BLK-2,Block 2,2026-08-15 16:45:00,383.7,152.69,208.96,91.0,26.51,299,False
F001,Smart Campus,B001,Building 1,BLK-1,Block 1,2026-08-15 17:00:00,565.04,181.42,295.79,86.17,27.26,120,False
F001,Smart Campus,B001,Building 1,BLK-2,Block 2,2026-08-15 17:15:00,513.09,129.92,163.9,56.69,31.21,274,False
F001,Smart Campus,B001,Building 1,BLK-1,Block 1,2026-08-15 17:30:00,595.53,176.84,209.93,104.46,29.91,202,False
F001,Smart Campus,B001,Building 1,BLK-2,Block 2,2026-08-15 17:45:00,353.61,102.9,176.26,69.27,31.59,254,False
F001,Smart Campus,B001,Building 1,BLK-1,Block 1,2026-08-15 18:00:00,379.05,168.02,235.72,52.43,30.23,157,False
F001,Smart Campus,B001,Building 1,BLK-2,Block 2,2026-08-15 18:15:00,361.54,125.71,165.39,108.58,24.37,300,False
F001,Smart Campus,B001,Building 1,BLK-1,Block 1,2026-08-15 18:30:00,487.04,89.1,203.07,99.16,28.78,128,False
F001,Smart Campus,B001,Building 1,BLK-2,Block 2,2026-08-15 18:45:00,566.88,118.9,218.46,54.83,30.56,281,False
F001,Smart Campus,B001,Building 1,BLK-1,Block 1,2026-08-15 19:00:00,470.05,83.65,221.49,55.83,22.19,12,False
F001,Smart Campus,B001,Building 1,BLK-2,Block 2,2026-08-15 19:15:00,594.77,194.64,211.37,70.68,23.82,10,False
F001,Smart Campus,B001,Building 1,BLK-1,Block 1,2026-08-15 19:30:00,385.34,158.84,197.18,91.56,23.22,49,False
F001,Smart Campus,B001,Building 1,BLK-2,Block 2,2026-08-15 19:45:00,428.71,116.46,291.5,75.87,23.48,44,False
F001,Smart Campus,B001,Building 1,BLK-1,Block 1,2026-08-15 20:00:00,561.44,198.56,278.01,54.03,23.76,40,False
F001,Smart Campus,B001,Building 1,BLK-2,Block 2,2026-08-15 20:15:00,485.54,105.87,213.8,56.45,26.64,40,False
F001,Smart Campus,B001,Building 1,BLK-1,Block 1,2026-08-15 20:30:00,599.77,130.35,201.0,116.34,27.73,43,False
F001,Smart Campus,B001,Building 1,BLK-2,Block 2,2026-08-15 20:45:00,453.69,188.27,157.93,103.79,26.42,2,False
F001,Smart Campus,B001,Building 1,BLK-1,Block 1,2026-08-15 21:00:00,370.92,109.22,217.11,91.56,23.99,37,False
F001,Smart Campus,B001,Building 1,BLK-2,Block 2,2026-08-15 21:15:00,540.6,165.11,230.03,92.29,23.14,21,False
F001,Smart Campus,B001,Building 1,BLK-1,Block 1,2026-08-15 21:30:00,466.34,124.09,246.76,64.68,25.38,40,False
F001,Smart Campus,B001,Building 1,BLK-2,Block 2,2026-08-15 21:45:00,537.86,83.66,290.06,56.48,31.41,19,False
F001,Smart Campus,B001,Building 1,BLK-1,Block 1,2026-08-15 22:00:00,523.18,185.51,289.28,73.63,23.0,32,False
F001,Smart Campus,B001,Building 1,BLK-2,Block 2,2026-08-15 22:15:00,477.43,117.46,192.61,102.51,27.6,7,False
F001,Smart Campus,B001,Building 1,BLK-1,Block 1,2026-08-15 22:30:00,495.22,116.43,250.42,104.0,30.09,27,False
F001,Smart Campus,B001,Building 1,BLK-2,Block 2,2026-08-15 22:45:00,545.34,175.55,214.67,98.26,23.48,20,False
F001,Smart Campus,B001,Building 1,BLK-1,Block 1,2026-08-15 23:00:00,414.7,86.62,297.88,71.72,31.43,50,False
F001,Smart Campus,B001,Building 1,BLK-2,Block 2,2026-08-15 23:15:00,404.04,111.01,279.34,71.65,25.28,41,False
F001,Smart Campus,B001,Building 1,BLK-1,Block 1,2026-08-15 23:30:00,488.03,89.2,218.65,71.68,30.25,13,False
F001,Smart Campus,B001,Building 1,BLK-2,Block 2,2026-08-15 23:45:00,485.93,127.47,162.4,75.44,30.55,37,False
F001,Smart Campus,B001,Building 1,BLK-1,Block 1,2026-08-16 00:00:00,512.38,135.91,247.74,50.05,27.53,31,False
F001,Smart Campus,B001,Building 1,BLK-2,Block 2,2026-08-16 00:15:00,555.89,86.42,228.36,80.38,22.29,16,False
F001,Smart Campus,B001,Building 1,BLK-1,Block 1,2026-08-16 00:30:00,554.42,127.04,207.42,85.19,29.55,30,False
F001,Smart Campus,B001,Building 1,BLK-2,Block 2,2026-08-16 00:45:00,593.92,192.44,194.22,55.06,23.18,19,False
F001,Smart Campus,B001,Building 1,BLK-1,Block 1,2026-08-16 01:00:00,576.4,128.36,191.79,65.63,28.93,18,False
F001,Smart Campus,B001,Building 1,BLK-2,Block 2,2026-08-16 01:15:00,445.85,96.85,210.04,101.65,31.44,49,False
F001,Smart Campus,B001,Building 1,BLK-1,Block 1,2026-08-16 01:30:00,385.05,114.16,276.8,95.13,27.79,34,False
F001,Smart Campus,B001,Building 1,BLK-2,Block 2,2026-08-16 01:45:00,482.98,90.84,246.89,74.12,23.14,41,False
F001,Smart Campus,B001,Building 1,BLK-1,Block 1,2026-08-16 02:00:00,547.78,162.23,288.33,90.03,29.49,42,False
F001,Smart Campus,B001,Building 1,BLK-2,Block 2,2026-08-16 02:15:00,547.61,92.69,210.29,87.67,29.69,7,False
F001,Smart Campus,B001,Building 1,BLK-1,Block 1,2026-08-16 02:30:00,548.79,137.69,205.67,57.53,30.67,1,False
F001,Smart Campus,B001,Building 1,BLK-2,Block 2,2026-08-16 02:45:00,490.01,86.87,242.57,112.4,26.58,20,False
F001,Smart Campus,B001,Building 1,BLK-1,Block 1,2026-08-16 03:00:00,581.12,187.37,296.1,59.17,27.79,27,False
F001,Smart Campus,B001,Building 1,BLK-2,Block 2,2026-08-16 03:15:00,427.87,85.67,271.48,101.39,26.29,23,False
F001,Smart Campus,B001,Building 1,BLK-1,Block 1,2026-08-16 03:30:00,544.75,184.61,150.39,95.02,24.26,5,False
F001,Smart Campus,B001,Building 1,BLK-2,Block 2,2026-08-16 03:45:00,483.07,105.35,212.41,66.26,29.84,31,False
F001,Smart Campus,B001,Building 1,BLK-1,Block 1,2026-08-16 04:00:00,487.26,197.3,254.89,92.55,28.06,36,False
F001,Smart Campus,B001,Building 1,BLK-2,Block 2,2026-08-16 04:15:00,488.77,136.81,178.47,108.33,27.57,35,False
F001,Smart Campus,B001,Building 1,BLK-1,Block 1,2026-08-16 04:30:00,370.91,185.05,232.49,108.36,30.13,43,False
F001,Smart Campus,B001,Building 1,BLK-2,Block 2,2026-08-16 04:45:00,860.27,127.89,461.39,101.17,30.97,10,True
F001,Smart Campus,B001,Building 1,BLK-1,Block 1,2026-08-16 05:00:00,570.58,163.01,190.55,100.96,29.42,23,False
F001,Smart Campus,B001,Building 1,BLK-2,Block 2,2026-08-16 05:15:00,418.96,138.86,262.43,95.32,31.57,10,False
F001,Smart Campus,B001,Building 1,BLK-1,Block 1,2026-08-16 05:30:00,571.07,82.37,250.37,51.95,22.63,16,False
F001,Smart Campus,B001,Building 1,BLK-2,Block 2,2026-08-16 05:45:00,457.89,109.53,170.28,78.47,24.02,8,False
F001,Smart Campus,B001,Building 1,BLK-1,Block 1,2026-08-16 06:00:00,352.45,126.64,175.19,105.82,26.95,38,False
F001,Smart Campus,B001,Building 1,BLK-2,Block 2,2026-08-16 06:15:00,555.91,119.02,203.95,62.16,25.82,6,False
F001,Smart Campus,B001,Building 1,BLK-1,Block 1,2026-08-16 06:30:00,391.83,138.43,237.8,77.73,28.78,44,False
F001,Smart Campus,B001,Building 1,BLK-2,Block 2,2026-08-16 06:45:00,570.6,84.1,220.37,107.23,25.58,45,False
F001,Smart Campus,B001,Building 1,BLK-1,Block 1,2026-08-16 07:00:00,543.08,89.94,213.02,111.97,24.07,20,False
F001,Smart Campus,B001,Building 1,BLK-2,Block 2,2026-08-16 07:15:00,404.47,125.7,235.92,107.78,27.48,12,False
F001,Smart Campus,B001,Building 1,BLK-1,Block 1,2026-08-16 07:30:00,438.02,91.42,297.95,63.42,30.66,7,False
F001,Smart Campus,B001,Building 1,BLK-2,Block 2,2026-08-16 07:45:00,483.05,193.5,156.34,67.13,29.62,12,False
F001,Smart Campus,B001,Building 1,BLK-1,Block 1,2026-08-16 08:00:00,547.96,198.56,257.28,71.14,27.26,276,False
F001,Smart Campus,B001,Building 1,BLK-2,Block 2,2026-08-16 08:15:00,554.79,157.31,215.34,57.75,31.59,163,False
F001,Smart Campus,B001,Building 1,BLK-1,Block 1,2026-08-16 08:30:00,398.0,80.81,173.79,118.94,25.34,243,False
F001,Smart Campus,B001,Building 1,BLK-2,Block 2,2026-08-16 08:45:00,380.59,194.29,186.13,62.76,27.93,229,False
F001,Smart Campus,B001,Building 1,BLK-1,Block 1,2026-08-16 09:00:00,392.82,186.02,223.8,115.97,29.65,186,False
F001,Smart Campus,B001,Building 1,BLK-2,Block 2,2026-08-16 09:15:00,559.59,90.29,263.97,57.91,30.84,159,False
F001,Smart Campus,B001,Building 1,BLK-1,Block 1,2026-08-16 09:30:00,458.87,138.63,162.21,113.73,26.79,91,False
F001,Smart Campus,B001,Building 1,BLK-2,Block 2,2026-08-16 09:45:00,372.95,132.46,154.73,106.95,23.18,164,False
F001,Smart Campus,B001,Building 1,BLK-1,Block 1,2026-08-16 10:00:00,442.23,116.01,205.9,96.9,23.74,217,False
F001,Smart Campus,B001,Building 1,BLK-2,Block 2,2026-08-16 10:15:00,514.48,89.12,155.75,103.04,24.61,257,False
F001,Smart Campus,B001,Building 1,BLK-1,Block 1,2026-08-16 10:30:00,440.47,80.85,174.38,50.64,29.52,295,False
F001,Smart Campus,B001,Building 1,BLK-2,Block 2,2026-08-16 10:45:00,368.47,157.97,243.99,107.1,27.58,90,False
F001,Smart Campus,B001,Building 1,BLK-1,Block 1,2026-08-16 11:00:00,525.42,156.23,232.61,64.92,23.3,266,False
F001,Smart Campus,B001,Building 1,BLK-2,Block 2,2026-08-16 11:15:00,440.5,193.91,169.44,75.42,25.24,219,False
F001,Smart Campus,B001,Building 1,BLK-1,Block 1,2026-08-16 11:30:00,487.74,197.17,191.82,57.59,30.15,211,False
F001,Smart Campus,B001,Building 1,BLK-2,Block 2,2026-08-16 11:45:00,413.2,150.37,201.21,70.81,27.87,198,False
F001,Smart Campus,B001,Building 1,BLK-1,Block 1,2026-08-16 12:00:00,477.79,133.64,232.05,112.36,28.24,111,False
F001,Smart Campus,B001,Building 1,BLK-2,Block 2,2026-08-16 12:15:00,539.24,80.6,184.9,92.38,28.55,125,False
F001,Smart Campus,B001,Building 1,BLK-1,Block 1,2026-08-16 12:30:00,486.45,116.69,239.89,104.09,22.38,157,False
F001,Smart Campus,B001,Building 1,BLK-2,Block 2,2026-08-16 12:45:00,519.69,156.01,216.78,105.09,25.81,231,False
F001,Smart Campus,B001,Building 1,BLK-1,Block 1,2026-08-16 13:00:00,462.42,145.17,171.89,58.26,28.02,89,False
F001,Smart Campus,B001,Building 1,BLK-2,Block 2,2026-08-16 13:15:00,355.82,186.89,293.0,81.82,24.86,147,False
F001,Smart Campus,B001,Building 1,BLK-1,Block 1,2026-08-16 13:30:00,414.04,88.8,151.38,50.91,30.61,159,False
F001,Smart Campus,B001,Building 1,BLK-2,Block 2,2026-08-16 13:45:00,445.53,145.62,174.13,104.24,29.56,94,False
F001,Smart Campus,B001,Building 1,BLK-1,Block 1,2026-08-16 14:00:00,542.57,99.43,221.36,100.59,29.02,121,False
F001,Smart Campus,B001,Building 1,BLK-2,Block 2,2026-08-16 14:15:00,363.04,126.28,273.26,105.31,28.19,88,False
F001,Smart Campus,B001,Building 1,BLK-1,Block 1,2026-08-16 14:30:00,363.11,82.43,251.65,108.04,23.54,87,False
F001,Smart Campus,B001,Building 1,BLK-2,Block 2,2026-08-16 14:45:00,506.81,114.06,299.15,105.91,25.07,223,False
F001,Smart Campus,B001,Building 1,BLK-1,Block 1,2026-08-16 15:00:00,539.18,93.88,250.54,107.6,28.28,276,False
F001,Smart Campus,B001,Building 1,BLK-2,Block 2,2026-08-16 15:15:00,569.91,178.87,201.68,87.5,27.74,179,False
F001,Smart Campus,B001,Building 1,BLK-1,Block 1,2026-08-16 15:30:00,475.12,160.22,179.3,102.74,31.24,193,False
F001,Smart Campus,B001,Building 1,BLK-2,Block 2,2026-08-16 15:45:00,462.1,152.94,203.11,101.05,25.78,216,False
F001,Smart Campus,B001,Building 1,BLK-1,Block 1,2026-08-16 16:00:00,467.49,103.28,263.45,99.17,30.33,157,False
F001,Smart Campus,B001,Building 1,BLK-2,Block 2,2026-08-16 16:15:00,436.98,96.35,163.25,74.56,23.0,254,False
F001,Smart Campus,B001,Building 1,BLK-1,Block 1,2026-08-16 16:30:00,501.02,140.87,265.24,89.51,26.01,281,False
F001,Smart Campus,B001,Building 1,BLK-2,Block 2,2026-08-16 16:45:00,383.59,195.8,285.36,97.5,24.87,86,False
F001,Smart Campus,B001,Building 1,BLK-1,Block 1,2026-08-16 17:00:00,506.84,110.8,204.97,51.3,24.37,249,False
F001,Smart Campus,B001,Building 1,BLK-2,Block 2,2026-08-16 17:15:00,371.83,90.79,260.4,85.03,23.94,243,False
F001,Smart Campus,B001,Building 1,BLK-1,Block 1,2026-08-16 17:30:00,423.29,164.02,155.8,106.36,31.81,289,False
F001,Smart Campus,B001,Building 1,BLK-2,Block 2,2026-08-16 17:45:00,483.13,100.53,290.78,89.3,25.14,135,False
F001,Smart Campus,B001,Building 1,BLK-1,Block 1,2026-08-16 18:00:00,416.17,96.44,189.4,93.28,23.88,179,False
F001,Smart Campus,B001,Building 1,BLK-2,Block 2,2026-08-16 18:15:00,576.76,80.74,196.33,87.87,30.22,88,False
F001,Smart Campus,B001,Building 1,BLK-1,Block 1,2026-08-16 18:30:00,463.18,188.74,180.94,119.54,30.47,179,False
F001,Smart Campus,B001,Building 1,BLK-2,Block 2,2026-08-16 18:45:00,422.71,152.23,275.55,57.38,24.92,150,False
F001,Smart Campus,B001,Building 1,BLK-1,Block 1,2026-08-16 19:00:00,433.35,178.33,214.43,73.77,27.78,4,False
F001,Smart Campus,B001,Building 1,BLK-2,Block 2,2026-08-16 19:15:00,445.33,136.42,234.62,91.96,28.6,2,False
F001,Smart Campus,B001,Building 1,BLK-1,Block 1,2026-08-16 19:30:00,405.69,85.52,204.19,84.92,31.46,28,False
F001,Smart Campus,B001,Building 1,BLK-2,Block 2,2026-08-16 19:45:00,388.76,92.73,197.54,109.43,28.61,43,False
F001,Smart Campus,B001,Building 1,BLK-1,Block 1,2026-08-16 20:00:00,416.43,174.22,207.45,119.81,26.52,44,False
F001,Smart Campus,B001,Building 1,BLK-2,Block 2,2026-08-16 20:15:00,450.01,185.94,198.66,95.83,22.95,43,False
F001,Smart Campus,B001,Building 1,BLK-1,Block 1,2026-08-16 20:30:00,534.9,197.37,249.77,59.08,28.89,49,False
F001,Smart Campus,B001,Building 1,BLK-2,Block 2,2026-08-16 20:45:00,420.51,150.64,286.92,72.95,23.0,1,False
F001,Smart Campus,B001,Building 1,BLK-1,Block 1,2026-08-16 21:00:00,399.12,90.4,278.77,61.03,26.76,34,False
F001,Smart Campus,B001,Building 1,BLK-2,Block 2,2026-08-16 21:15:00,566.08,124.8,173.78,103.42,26.59,26,False
F001,Smart Campus,B001,Building 1,BLK-1,Block 1,2026-08-16 21:30:00,512.88,157.14,206.55,51.96,24.33,29,False
F001,Smart Campus,B001,Building 1,BLK-2,Block 2,2026-08-16 21:45:00,408.12,157.98,229.7,118.83,31.67,30,False
F001,Smart Campus,B001,Building 1,BLK-1,Block 1,2026-08-16 22:00:00,386.11,167.91,239.15,71.89,27.29,27,False
F001,Smart Campus,B001,Building 1,BLK-2,Block 2,2026-08-16 22:15:00,457.3,173.6,230.34,55.6,30.15,45,False
F001,Smart Campus,B001,Building 1,BLK-1,Block 1,2026-08-16 22:30:00,558.69,122.39,287.72,97.77,26.4,5,False
F001,Smart Campus,B001,Building 1,BLK-2,Block 2,2026-08-16 22:45:00,501.68,86.34,286.58,99.35,31.49,42,False
F001,Smart Campus,B001,Building 1,BLK-1,Block 1,2026-08-16 23:00:00,528.73,161.18,162.14,61.81,26.99,19,False
F001,Smart Campus,B001,Building 1,BLK-2,Block 2,2026-08-16 23:15:00,444.93,94.95,189.39,118.01,26.46,44,False
F001,Smart Campus,B001,Building 1,BLK-1,Block 1,2026-08-16 23:30:00,569.62,186.83,229.49,73.08,30.26,7,False
F001,Smart Campus,B001,Building 1,BLK-2,Block 2,2026-08-16 23:45:00,565.99,125.91,150.37,75.41,26.09,38,False
F001,Smart Campus,B001,Building 1,BLK-1,Block 1,2026-08-17 00:00:00,1047.21,132.25,430.47,116.39,22.45,26,True
F001,Smart Campus,B001,Building 1,BLK-2,Block 2,2026-08-17 00:15:00,482.39,107.22,200.6,74.88,25.66,36,False
F001,Smart Campus,B001,Building 1,BLK-1,Block 1,2026-08-17 00:30:00,444.78,107.86,155.36,64.84,29.96,11,False
F001,Smart Campus,B001,Building 1,BLK-2,Block 2,2026-08-17 00:45:00,372.27,121.8,174.95,103.57,29.44,26,False
F001,Smart Campus,B001,Building 1,BLK-1,Block 1,2026-08-17 01:00:00,356.31,130.04,201.47,82.04,25.34,8,False
F001,Smart Campus,B001,Building 1,BLK-2,Block 2,2026-08-17 01:15:00,535.14,85.81,161.93,77.48,30.03,17,False
F001,Smart Campus,B001,Building 1,BLK-1,Block 1,2026-08-17 01:30:00,370.71,171.57,299.88,64.34,25.91,44,False
F001,Smart Campus,B001,Building 1,BLK-2,Block 2,2026-08-17 01:45:00,573.48,173.0,228.79,97.64,29.9,46,False
F001,Smart Campus,B001,Building 1,BLK-1,Block 1,2026-08-17 02:00:00,371.71,154.13,164.87,76.1,29.44,5,False
F001,Smart Campus,B001,Building 1,BLK-2,Block 2,2026-08-17 02:15:00,567.97,156.85,172.22,109.37,27.98,42,False
F001,Smart Campus,B001,Building 1,BLK-1,Block 1,2026-08-17 02:30:00,423.72,170.88,276.42,92.63,22.46,41,False
F001,Smart Campus,B001,Building 1,BLK-2,Block 2,2026-08-17 02:45:00,579.41,81.35,293.4,72.64,24.5,47,False
F001,Smart Campus,B001,Building 1,BLK-1,Block 1,2026-08-17 03:00:00,494.37,164.55,164.38,74.74,31.78,0,False
F001,Smart Campus,B001,Building 1,BLK-2,Block 2,2026-08-17 03:15:00,405.99,138.12,282.47,82.94,22.88,46,False
F001,Smart Campus,B001,Building 1,BLK-1,Block 1,2026-08-17 03:30:00,584.82,144.46,288.43,87.32,30.5,34,False
F001,Smart Campus,B001,Building 1,BLK-2,Block 2,2026-08-17 03:45:00,429.2,156.86,291.61,101.88,24.88,40,False
F001,Smart Campus,B001,Building 1,BLK-1,Block 1,2026-08-17 04:00:00,508.62,189.65,226.06,67.04,31.09,7,False
F001,Smart Campus,B001,Building 1,BLK-2,Block 2,2026-08-17 04:15:00,590.31,132.99,234.7,65.29,28.37,25,False
F001,Smart Campus,B001,Building 1,BLK-1,Block 1,2026-08-17 04:30:00,572.37,164.33,153.57,58.03,27.99,1,False
F001,Smart Campus,B001,Building 1,BLK-2,Block 2,2026-08-17 04:45:00,528.4,193.44,180.19,60.93,22.23,43,False
F001,Smart Campus,B001,Building 1,BLK-1,Block 1,2026-08-17 05:00:00,383.68,136.2,247.89,107.77,24.21,11,False
F001,Smart Campus,B001,Building 1,BLK-2,Block 2,2026-08-17 05:15:00,374.32,89.8,264.07,94.56,24.11,26,False
F001,Smart Campus,B001,Building 1,BLK-1,Block 1,2026-08-17 05:30:00,566.84,157.51,160.03,70.45,27.04,43,False
F001,Smart Campus,B001,Building 1,BLK-2,Block 2,2026-08-17 05:45:00,412.91,86.81,229.22,51.88,28.95,36,False
F001,Smart Campus,B001,Building 1,BLK-1,Block 1,2026-08-17 06:00:00,359.26,192.73,212.31,50.57,28.15,46,False
F001,Smart Campus,B001,Building 1,BLK-2,Block 2,2026-08-17 06:15:00,498.82,128.32,266.58,58.88,26.46,12,False
F001,Smart Campus,B001,Building 1,BLK-1,Block 1,2026-08-17 06:30:00,491.15,85.93,232.3,99.87,30.93,39,False
F001,Smart Campus,B001,Building 1,BLK-2,Block 2,2026-08-17 06:45:00,483.78,162.73,184.33,52.23,31.64,18,False
F001,Smart Campus,B001,Building 1,BLK-1,Block 1,2026-08-17 07:00:00,376.73,167.88,273.75,83.39,23.21,18,False
F001,Smart Campus,B001,Building 1,BLK-2,Block 2,2026-08-17 07:15:00,598.55,103.77,199.86,73.72,25.69,9,False
F001,Smart Campus,B001,Building 1,BLK-1,Block 1,2026-08-17 07:30:00,418.03,170.47,263.68,95.61,29.43,20,False
F001,Smart Campus,B001,Building 1,BLK-2,Block 2,2026-08-17 07:45:00,469.88,197.49,285.31,84.68,24.82,2,False
F001,Smart Campus,B001,Building 1,BLK-1,Block 1,2026-08-17 08:00:00,357.58,176.45,212.36,110.1,23.07,300,False
F001,Smart Campus,B001,Building 1,BLK-2,Block 2,2026-08-17 08:15:00,597.22,164.79,292.83,74.13,30.91,101,False
F001,Smart Campus,B001,Building 1,BLK-1,Block 1,2026-08-17 08:30:00,358.87,157.51,194.41,85.57,26.64,80,False
F001,Smart Campus,B001,Building 1,BLK-2,Block 2,2026-08-17 08:45:00,463.12,188.83,155.8,78.14,24.97,267,False
F001,Smart Campus,B001,Building 1,BLK-1,Block 1,2026-08-17 09:00:00,519.16,102.11,265.79,66.93,29.42,155,False
F001,Smart Campus,B001,Building 1,BLK-2,Block 2,2026-08-17 09:15:00,489.2,179.53,240.38,56.08,30.28,204,False
F001,Smart Campus,B001,Building 1,BLK-1,Block 1,2026-08-17 09:30:00,570.11,81.2,151.53,111.74,22.61,120,False
F001,Smart Campus,B001,Building 1,BLK-2,Block 2,2026-08-17 09:45:00,446.82,196.4,168.58,77.08,23.02,80,False
F001,Smart Campus,B001,Building 1,BLK-1,Block 1,2026-08-17 10:00:00,430.65,106.39,169.73,83.78,23.1,226,False
F001,Smart Campus,B001,Building 1,BLK-2,Block 2,2026-08-17 10:15:00,419.39,84.41,222.67,57.29,31.5,93,False
F001,Smart Campus,B001,Building 1,BLK-1,Block 1,2026-08-17 10:30:00,375.02,162.66,175.83,50.67,26.07,127,False
F001,Smart Campus,B001,Building 1,BLK-2,Block 2,2026-08-17 10:45:00,1075.16,192.15,589.55,189.41,23.31,163,True
F001,Smart Campus,B001,Building 1,BLK-1,Block 1,2026-08-17 11:00:00,373.63,172.41,190.43,55.15,31.31,124,False
F001,Smart Campus,B001,Building 1,BLK-2,Block 2,2026-08-17 11:15:00,538.56,149.96,181.19,99.0,23.94,265,False
F001,Smart Campus,B001,Building 1,BLK-1,Block 1,2026-08-17 11:30:00,456.03,195.71,287.62,63.64,22.79,219,False
F001,Smart Campus,B001,Building 1,BLK-2,Block 2,2026-08-17 11:45:00,475.88,124.05,252.27,113.94,22.18,295,False
F001,Smart Campus,B001,Building 1,BLK-1,Block 1,2026-08-17 12:00:00,590.09,132.43,200.84,115.18,29.9,265,False
F001,Smart Campus,B001,Building 1,BLK-2,Block 2,2026-08-17 12:15:00,416.93,157.87,249.23,105.91,25.64,157,False
F001,Smart Campus,B001,Building 1,BLK-1,Block 1,2026-08-17 12:30:00,413.46,152.15,260.06,66.34,30.57,158,False
F001,Smart Campus,B001,Building 1,BLK-2,Block 2,2026-08-17 12:45:00,472.72,119.37,157.05,57.32,27.91,221,False
F001,Smart Campus,B001,Building 1,BLK-1,Block 1,2026-08-17 13:00:00,511.0,148.98,294.24,102.1,23.61,251,False
F001,Smart Campus,B001,Building 1,BLK-2,Block 2,2026-08-17 13:15:00,556.14,166.03,156.95,57.03,26.11,160,False
F001,Smart Campus,B001,Building 1,BLK-1,Block 1,2026-08-17 13:30:00,547.74,140.51,183.31,53.0,30.1,222,False
F001,Smart Campus,B001,Building 1,BLK-2,Block 2,2026-08-17 13:45:00,570.9,116.92,214.5,99.98,31.59,268,False
F001,Smart Campus,B001,Building 1,BLK-1,Block 1,2026-08-17 14:00:00,532.89,114.71,162.06,98.02,29.16,135,False
F001,Smart Campus,B001,Building 1,BLK-2,Block 2,2026-08-17 14:15:00,559.02,119.05,275.83,74.36,26.0,117,False
F001,Smart Campus,B001,Building 1,BLK-1,Block 1,2026-08-17 14:30:00,350.57,169.93,282.07,111.52,29.79,166,False
F001,Smart Campus,B001,Building 1,BLK-2,Block 2,2026-08-17 14:45:00,1045.65,186.31,332.47,168.93,26.59,119,True
F001,Smart Campus,B001,Building 1,BLK-1,Block 1,2026-08-17 15:00:00,407.58,183.24,247.14,117.04,24.25,118,False
F001,Smart Campus,B001,Building 1,BLK-2,Block 2,2026-08-17 15:15:00,456.72,172.55,262.18,97.15,25.74,104,False
F001,Smart Campus,B001,Building 1,BLK-1,Block 1,2026-08-17 15:30:00,448.66,89.1,292.64,83.55,26.1,159,False
F001,Smart Campus,B001,Building 1,BLK-2,Block 2,2026-08-17 15:45:00,597.77,170.25,217.32,64.27,27.31,272,False
F001,Smart Campus,B001,Building 1,BLK-1,Block 1,2026-08-17 16:00:00,546.66,121.36,298.21,76.81,22.47,87,False
F001,Smart Campus,B001,Building 1,BLK-2,Block 2,2026-08-17 16:15:00,480.5,162.25,221.92,80.46,31.47,133,False
F001,Smart Campus,B001,Building 1,BLK-1,Block 1,2026-08-17 16:30:00,550.94,184.97,257.77,116.75,31.02,191,False
F001,Smart Campus,B001,Building 1,BLK-2,Block 2,2026-08-17 16:45:00,562.55,159.17,180.35,53.24,22.03,180,False
F001,Smart Campus,B001,Building 1,BLK-1,Block 1,2026-08-17 17:00:00,403.75,92.14,226.17,117.74,29.46,113,False
F001,Smart Campus,B001,Building 1,BLK-2,Block 2,2026-08-17 17:15:00,414.89,175.0,263.52,114.58,28.81,286,False
F001,Smart Campus,B001,Building 1,BLK-1,Block 1,2026-08-17 17:30:00,547.37,179.01,206.16,102.84,24.9,86,False
F001,Smart Campus,B001,Building 1,BLK-2,Block 2,2026-08-17 17:45:00,448.27,94.11,182.47,71.55,24.36,234,False
F001,Smart Campus,B001,Building 1,BLK-1,Block 1,2026-08-17 18:00:00,466.64,129.48,259.02,54.14,26.56,137,False
F001,Smart Campus,B001,Building 1,BLK-2,Block 2,2026-08-17 18:15:00,517.5,98.24,223.92,64.98,28.53,93,False
F001,Smart Campus,B001,Building 1,BLK-1,Block 1,2026-08-17 18:30:00,483.14,106.51,190.51,103.88,31.9,93,False
F001,Smart Campus,B001,Building 1,BLK-2,Block 2,2026-08-17 18:45:00,475.48,174.78,153.09,97.02,24.14,137,False
F001,Smart Campus,B001,Building 1,BLK-1,Block 1,2026-08-17 19:00:00,576.38,159.98,197.78,78.22,23.8,25,False
F001,Smart Campus,B001,Building 1,BLK-2,Block 2,2026-08-17 19:15:00,550.11,87.01,270.44,92.57,30.17,31,False
F001,Smart Campus,B001,Building 1,BLK-1,Block 1,2026-08-17 19:30:00,474.48,85.45,203.35,91.28,28.59,39,False
F001,Smart Campus,B001,Building 1,BLK-2,Block 2,2026-08-17 19:45:00,484.27,139.49,241.21,93.67,29.05,14,False
F001,Smart Campus,B001,Building 1,BLK-1,Block 1,2026-08-17 20:00:00,517.97,95.46,237.68,100.15,25.72,32,False
F001,Smart Campus,B001,Building 1,BLK-2,Block 2,2026-08-17 20:15:00,465.83,117.01,211.46,60.31,30.56,35,False
F001,Smart Campus,B001,Building 1,BLK-1,Block 1,2026-08-17 20:30:00,494.3,142.73,261.78,110.45,31.7,42,False
F001,Smart Campus,B001,Building 1,BLK-2,Block 2,2026-08-17 20:45:00,365.05,199.06,163.28,111.4,26.87,14,False
F001,Smart Campus,B001,Building 1,BLK-1,Block 1,2026-08-17 21:00:00,564.9,121.81,150.16,66.33,31.77,40,False
F001,Smart Campus,B001,Building 1,BLK-2,Block 2,2026-08-17 21:15:00,373.13,121.45,178.64,78.3,22.5,23,False
F001,Smart Campus,B001,Building 1,BLK-1,Block 1,2026-08-17 21:30:00,569.67,190.26,251.69,85.03,31.2,49,False
F001,Smart Campus,B001,Building 1,BLK-2,Block 2,2026-08-17 21:45:00,375.39,192.22,258.36,66.72,29.35,0,False
F001,Smart Campus,B001,Building 1,BLK-1,Block 1,2026-08-17 22:00:00,509.43,85.96,162.05,107.49,25.95,49,False
F001,Smart Campus,B001,Building 1,BLK-2,Block 2,2026-08-17 22:15:00,563.23,111.08,190.0,108.46,28.65,13,False
F001,Smart Campus,B001,Building 1,BLK-1,Block 1,2026-08-17 22:30:00,592.42,154.12,289.07,83.34,24.49,43,False
F001,Smart Campus,B001,Building 1,BLK-2,Block 2,2026-08-17 22:45:00,523.09,88.71,162.61,119.11,30.74,50,False
F001,Smart Campus,B001,Building 1,BLK-1,Block 1,2026-08-17 23:00:00,466.15,114.57,178.49,117.12,31.72,38,False
F001,Smart Campus,B001,Building 1,BLK-2,Block 2,2026-08-17 23:15:00,532.27,102.22,168.57,101.63,26.71,16,False
F001,Smart Campus,B001,Building 1,BLK-1,Block 1,2026-08-17 23:30:00,391.66,117.03,181.17,57.62,24.81,10,False
F001,Smart Campus,B001,Building 1,BLK-2,Block 2,2026-08-17 23:45:00,393.19,93.8,263.15,114.85,29.26,20,False
F001,Smart Campus,B001,Building 1,BLK-1,Block 1,2026-08-18 00:00:00,390.98,124.72,154.06,92.67,26.7,25,False
F001,Smart Campus,B001,Building 1,BLK-2,Block 2,2026-08-18 00:15:00,386.7,89.57,189.66,94.0,26.15,35,False
F001,Smart Campus,B001,Building 1,BLK-1,Block 1,2026-08-18 00:30:00,402.72,160.73,189.63,63.9,28.52,15,False
F001,Smart Campus,B001,Building 1,BLK-2,Block 2,2026-08-18 00:45:00,477.96,185.05,278.36,85.77,25.29,14,False
F001,Smart Campus,B001,Building 1,BLK-1,Block 1,2026-08-18 01:00:00,384.47,81.29,200.36,57.23,24.39,19,False
F001,Smart Campus,B001,Building 1,BLK-2,Block 2,2026-08-18 01:15:00,367.26,141.65,281.15,109.79,30.36,10,False
F001,Smart Campus,B001,Building 1,BLK-1,Block 1,2026-08-18 01:30:00,427.12,88.49,170.67,110.89,29.73,14,False
F001,Smart Campus,B001,Building 1,BLK-2,Block 2,2026-08-18 01:45:00,588.48,199.56,281.76,83.41,30.13,14,False
F001,Smart Campus,B001,Building 1,BLK-1,Block 1,2026-08-18 02:00:00,429.41,132.04,288.4,80.4,30.42,21,False
F001,Smart Campus,B001,Building 1,BLK-2,Block 2,2026-08-18 02:15:00,535.84,165.05,234.3,103.74,30.09,12,False
F001,Smart Campus,B001,Building 1,BLK-1,Block 1,2026-08-18 02:30:00,394.51,101.29,256.56,105.04,31.05,36,False
F001,Smart Campus,B001,Building 1,BLK-2,Block 2,2026-08-18 02:45:00,435.0,127.52,200.23,70.73,28.97,21,False
F001,Smart Campus,B001,Building 1,BLK-1,Block 1,2026-08-18 03:00:00,468.09,197.8,294.67,102.69,30.03,13,False
F001,Smart Campus,B001,Building 1,BLK-2,Block 2,2026-08-18 03:15:00,471.12,146.88,234.47,103.68,30.71,15,False
F001,Smart Campus,B001,Building 1,BLK-1,Block 1,2026-08-18 03:30:00,593.27,90.76,277.36,56.65,23.49,4,False
F001,Smart Campus,B001,Building 1,BLK-2,Block 2,2026-08-18 03:45:00,492.27,139.76,298.6,98.08,24.37,40,False
F001,Smart Campus,B001,Building 1,BLK-1,Block 1,2026-08-18 04:00:00,972.97,149.01,313.48,166.43,25.98,34,True
F001,Smart Campus,B001,Building 1,BLK-2,Block 2,2026-08-18 04:15:00,362.75,197.51,161.15,104.75,23.3,36,False
F001,Smart Campus,B001,Building 1,BLK-1,Block 1,2026-08-18 04:30:00,384.17,179.34,212.87,111.71,22.91,45,False
F001,Smart Campus,B001,Building 1,BLK-2,Block 2,2026-08-18 04:45:00,515.67,141.41,243.36,102.76,22.15,8,False
F001,Smart Campus,B001,Building 1,BLK-1,Block 1,2026-08-18 05:00:00,401.77,127.39,248.02,50.17,26.25,30,False
F001,Smart Campus,B001,Building 1,BLK-2,Block 2,2026-08-18 05:15:00,479.36,169.99,161.16,82.73,22.96,44,False
F001,Smart Campus,B001,Building 1,BLK-1,Block 1,2026-08-18 05:30:00,583.37,164.2,188.14,90.94,27.1,31,False
F001,Smart Campus,B001,Building 1,BLK-2,Block 2,2026-08-18 05:45:00,422.49,130.08,225.97,68.05,24.52,21,False
F001,Smart Campus,B001,Building 1,BLK-1,Block 1,2026-08-18 06:00:00,570.48,109.14,228.26,58.24,25.29,47,False
F001,Smart Campus,B001,Building 1,BLK-2,Block 2,2026-08-18 06:15:00,574.05,145.38,244.1,50.81,30.29,32,False
F001,Smart Campus,B001,Building 1,BLK-1,Block 1,2026-08-18 06:30:00,458.35,177.91,262.38,100.9,26.71,15,False
F001,Smart Campus,B001,Building 1,BLK-2,Block 2,2026-08-18 06:45:00,434.06,168.84,293.85,64.78,23.54,12,False
F001,Smart Campus,B001,Building 1,BLK-1,Block 1,2026-08-18 07:00:00,486.75,106.45,231.66,84.3,24.18,32,False
F001,Smart Campus,B001,Building 1,BLK-2,Block 2,2026-08-18 07:15:00,497.87,85.47,249.23,54.21,27.71,2,False
F001,Smart Campus,B001,Building 1,BLK-1,Block 1,2026-08-18 07:30:00,437.97,143.2,243.59,118.96,30.48,22,False
F001,Smart Campus,B001,Building 1,BLK-2,Block 2,2026-08-18 07:45:00,393.31,110.22,297.79,79.4,29.99,25,False
F001,Smart Campus,B001,Building 1,BLK-1,Block 1,2026-08-18 08:00:00,399.21,199.38,277.86,52.77,29.2,224,False
F001,Smart Campus,B001,Building 1,BLK-2,Block 2,2026-08-18 08:15:00,414.46,179.84,212.31,90.35,27.91,238,False
F001,Smart Campus,B001,Building 1,BLK-1,Block 1,2026-08-18 08:30:00,352.1,158.72,213.17,117.68,28.82,221,False
F001,Smart Campus,B001,Building 1,BLK-2,Block 2,2026-08-18 08:45:00,391.09,95.17,295.11,64.82,25.5,251,False
F001,Smart Campus,B001,Building 1,BLK-1,Block 1,2026-08-18 09:00:00,445.29,164.58,295.81,70.98,28.69,144,False
F001,Smart Campus,B001,Building 1,BLK-2,Block 2,2026-08-18 09:15:00,598.49,177.62,155.59,94.86,24.37,216,False
F001,Smart Campus,B001,Building 1,BLK-1,Block 1,2026-08-18 09:30:00,355.38,97.25,250.81,92.92,22.19,135,False
F001,Smart Campus,B001,Building 1,BLK-2,Block 2,2026-08-18 09:45:00,456.86,150.42,217.71,75.53,22.49,292,False
F001,Smart Campus,B001,Building 1,BLK-1,Block 1,2026-08-18 10:00:00,360.63,156.29,271.15,88.28,24.74,282,False
F001,Smart Campus,B001,Building 1,BLK-2,Block 2,2026-08-18 10:15:00,499.06,192.47,181.95,61.52,25.11,283,False
F001,Smart Campus,B001,Building 1,BLK-1,Block 1,2026-08-18 10:30:00,546.17,106.59,270.99,70.74,30.22,110,False
F001,Smart Campus,B001,Building 1,BLK-2,Block 2,2026-08-18 10:45:00,524.14,185.1,297.23,66.09,22.21,185,False
F001,Smart Campus,B001,Building 1,BLK-1,Block 1,2026-08-18 11:00:00,497.45,182.14,285.42,97.05,24.52,194,False
F001,Smart Campus,B001,Building 1,BLK-2,Block 2,2026-08-18 11:15:00,570.65,170.92,176.05,110.58,23.9,231,False
F001,Smart Campus,B001,Building 1,BLK-1,Block 1,2026-08-18 11:30:00,494.42,119.07,235.58,60.37,31.31,222,False
F001,Smart Campus,B001,Building 1,BLK-2,Block 2,2026-08-18 11:45:00,381.44,172.52,187.49,101.26,29.72,197,False
F001,Smart Campus,B001,Building 1,BLK-1,Block 1,2026-08-18 12:00:00,785.08,128.11,246.72,95.81,24.87,103,True
F001,Smart Campus,B001,Building 1,BLK-2,Block 2,2026-08-18 12:15:00,835.25,81.2,679.51,132.67,24.17,270,True
F001,Smart Campus,B001,Building 1,BLK-1,Block 1,2026-08-18 12:30:00,402.58,129.61,274.88,51.62,23.12,117,False
F001,Smart Campus,B001,Building 1,BLK-2,Block 2,2026-08-18 12:45:00,572.99,136.91,271.26,66.62,29.82,110,False
F001,Smart Campus,B001,Building 1,BLK-1,Block 1,2026-08-18 13:00:00,400.52,184.85,241.17,114.93,29.99,92,False
F001,Smart Campus,B001,Building 1,BLK-2,Block 2,2026-08-18 13:15:00,377.58,189.41,204.03,61.99,23.01,190,False
F001,Smart Campus,B001,Building 1,BLK-1,Block 1,2026-08-18 13:30:00,513.22,161.78,276.8,116.15,25.38,198,False
F001,Smart Campus,B001,Building 1,BLK-2,Block 2,2026-08-18 13:45:00,393.28,179.72,186.74,76.93,25.21,163,False
F001,Smart Campus,B001,Building 1,BLK-1,Block 1,2026-08-18 14:00:00,502.49,152.79,227.15,99.07,26.53,282,False
F001,Smart Campus,B001,Building 1,BLK-2,Block 2,2026-08-18 14:15:00,380.43,159.25,222.83,87.59,24.36,118,False
F001,Smart Campus,B001,Building 1,BLK-1,Block 1,2026-08-18 14:30:00,442.13,175.07,206.73,118.56,22.9,116,False
F001,Smart Campus,B001,Building 1,BLK-2,Block 2,2026-08-18 14:45:00,381.57,153.78,224.25,75.15,26.44,146,False
F001,Smart Campus,B001,Building 1,BLK-1,Block 1,2026-08-18 15:00:00,351.45,155.54,185.64,60.38,22.92,216,False
F001,Smart Campus,B001,Building 1,BLK-2,Block 2,2026-08-18 15:15:00,546.03,176.97,210.62,56.69,28.75,220,False
F001,Smart Campus,B001,Building 1,BLK-1,Block 1,2026-08-18 15:30:00,446.38,166.48,228.89,64.46,29.36,171,False
F001,Smart Campus,B001,Building 1,BLK-2,Block 2,2026-08-18 15:45:00,400.17,101.5,189.72,98.9,29.93,128,False
F001,Smart Campus,B001,Building 1,BLK-1,Block 1,2026-08-18 16:00:00,476.92,172.16,285.33,75.0,30.57,151,False
F001,Smart Campus,B001,Building 1,BLK-2,Block 2,2026-08-18 16:15:00,550.65,142.21,274.67,54.48,26.62,106,False
F001,Smart Campus,B001,Building 1,BLK-1,Block 1,2026-08-18 16:30:00,589.28,134.19,206.92,73.08,24.19,188,False
F001,Smart Campus,B001,Building 1,BLK-2,Block 2,2026-08-18 16:45:00,424.04,171.26,201.32,55.23,22.65,185,False
F001,Smart Campus,B001,Building 1,BLK-1,Block 1,2026-08-18 17:00:00,581.3,167.77,231.42,72.47,24.53,108,False
F001,Smart Campus,B001,Building 1,BLK-2,Block 2,2026-08-18 17:15:00,504.37,104.7,215.84,103.4,24.98,173,False
F001,Smart Campus,B001,Building 1,BLK-1,Block 1,2026-08-18 17:30:00,502.72,171.67,254.49,62.47,24.91,281,False
F001,Smart Campus,B001,Building 1,BLK-2,Block 2,2026-08-18 17:45:00,596.44,113.13,295.46,79.01,26.87,186,False
F001,Smart Campus,B001,Building 1,BLK-1,Block 1,2026-08-18 18:00:00,450.43,82.12,224.79,58.99,25.83,281,False
F001,Smart Campus,B001,Building 1,BLK-2,Block 2,2026-08-18 18:15:00,462.42,119.94,260.74,52.38,29.96,120,False
F001,Smart Campus,B001,Building 1,BLK-1,Block 1,2026-08-18 18:30:00,402.97,179.84,212.26,79.5,30.61,212,False
F001,Smart Campus,B001,Building 1,BLK-2,Block 2,2026-08-18 18:45:00,490.75,117.71,258.0,64.0,29.11,282,False
F001,Smart Campus,B001,Building 1,BLK-1,Block 1,2026-08-18 19:00:00,481.7,175.77,198.51,58.61,27.43,48,False
F001,Smart Campus,B001,Building 1,BLK-2,Block 2,2026-08-18 19:15:00,393.04,150.08,212.87,63.74,24.9,32,False
F001,Smart Campus,B001,Building 1,BLK-1,Block 1,2026-08-18 19:30:00,576.4,149.97,151.98,58.9,31.11,29,False
F001,Smart Campus,B001,Building 1,BLK-2,Block 2,2026-08-18 19:45:00,480.41,154.6,194.05,97.3,28.6,36,False
F001,Smart Campus,B001,Building 1,BLK-1,Block 1,2026-08-18 20:00:00,505.38,130.92,173.4,65.71,28.16,1,False
F001,Smart Campus,B001,Building 1,BLK-2,Block 2,2026-08-18 20:15:00,385.88,156.91,184.01,78.8,27.45,47,False
F001,Smart Campus,B001,Building 1,BLK-1,Block 1,2026-08-18 20:30:00,438.11,149.37,236.08,59.9,28.49,39,False
F001,Smart Campus,B001,Building 1,BLK-2,Block 2,2026-08-18 20:45:00,404.33,176.56,296.74,118.79,23.21,47,False
F001,Smart Campus,B001,Building 1,BLK-1,Block 1,2026-08-18 21:00:00,420.4,114.29,292.51,67.32,27.84,12,False
F001,Smart Campus,B001,Building 1,BLK-2,Block 2,2026-08-18 21:15:00,397.57,155.61,267.84,100.46,24.33,26,False
F001,Smart Campus,B001,Building 1,BLK-1,Block 1,2026-08-18 21:30:00,383.39,154.46,192.51,67.49,22.63,41,False
F001,Smart Campus,B001,Building 1,BLK-2,Block 2,2026-08-18 21:45:00,465.92,116.67,277.88,107.44,26.86,5,False
F001,Smart Campus,B001,Building 1,BLK-1,Block 1,2026-08-18 22:00:00,445.22,143.53,155.07,81.31,25.94,47,False
F001,Smart Campus,B001,Building 1,BLK-2,Block 2,2026-08-18 22:15:00,456.74,119.27,177.53,84.26,23.25,34,False
F001,Smart Campus,B001,Building 1,BLK-1,Block 1,2026-08-18 22:30:00,532.33,152.1,156.03,103.5,28.31,18,False
F001,Smart Campus,B001,Building 1,BLK-2,Block 2,2026-08-18 22:45:00,420.09,172.0,263.5,89.11,27.08,45,False
F001,Smart Campus,B001,Building 1,BLK-1,Block 1,2026-08-18 23:00:00,481.26,110.81,281.68,112.48,29.46,44,False
F001,Smart Campus,B001,Building 1,BLK-2,Block 2,2026-08-18 23:15:00,486.02,148.72,190.55,113.11,26.02,0,False
F001,Smart Campus,B001,Building 1,BLK-1,Block 1,2026-08-18 23:30:00,545.53,88.29,224.53,88.04,27.95,28,False
F001,Smart Campus,B001,Building 1,BLK-2,Block 2,2026-08-18 23:45:00,355.19,153.67,196.62,57.98,29.77,35,False
F001,Smart Campus,B001,Building 1,BLK-1,Block 1,2026-08-19 00:00:00,380.07,188.65,251.19,91.73,29.35,10,False
F001,Smart Campus,B001,Building 1,BLK-2,Block 2,2026-08-19 00:15:00,483.31,130.74,273.71,55.63,31.32,5,False
F001,Smart Campus,B001,Building 1,BLK-1,Block 1,2026-08-19 00:30:00,833.69,162.02,485.67,174.57,22.84,40,True
F001,Smart Campus,B001,Building 1,BLK-2,Block 2,2026-08-19 00:45:00,518.04,171.85,231.89,103.64,23.8,20,False
F001,Smart Campus,B001,Building 1,BLK-1,Block 1,2026-08-19 01:00:00,525.43,151.67,239.52,75.5,26.4,21,False
F001,Smart Campus,B001,Building 1,BLK-2,Block 2,2026-08-19 01:15:00,504.69,181.64,193.69,64.56,23.18,40,False
F001,Smart Campus,B001,Building 1,BLK-1,Block 1,2026-08-19 01:30:00,370.96,197.92,287.92,80.73,28.2,45,False
F001,Smart Campus,B001,Building 1,BLK-2,Block 2,2026-08-19 01:45:00,380.11,123.31,238.13,115.46,30.04,6,False
F001,Smart Campus,B001,Building 1,BLK-1,Block 1,2026-08-19 02:00:00,588.18,194.87,155.2,106.63,30.72,16,False
F001,Smart Campus,B001,Building 1,BLK-2,Block 2,2026-08-19 02:15:00,544.52,144.13,285.47,56.19,28.35,42,False
F001,Smart Campus,B001,Building 1,BLK-1,Block 1,2026-08-19 02:30:00,410.8,111.26,240.4,103.13,22.78,11,False
F001,Smart Campus,B001,Building 1,BLK-2,Block 2,2026-08-19 02:45:00,515.9,83.48,194.43,55.56,25.68,10,False
F001,Smart Campus,B001,Building 1,BLK-1,Block 1,2026-08-19 03:00:00,422.99,176.07,275.88,79.78,24.99,17,False
F001,Smart Campus,B001,Building 1,BLK-2,Block 2,2026-08-19 03:15:00,541.38,173.03,165.07,54.54,26.27,20,False
F001,Smart Campus,B001,Building 1,BLK-1,Block 1,2026-08-19 03:30:00,434.03,170.85,270.63,76.19,28.37,48,False
F001,Smart Campus,B001,Building 1,BLK-2,Block 2,2026-08-19 03:45:00,1450.29,147.06,589.82,147.12,30.79,46,True
F001,Smart Campus,B001,Building 1,BLK-1,Block 1,2026-08-19 04:00:00,517.57,191.39,234.13,64.5,30.55,16,False
F001,Smart Campus,B001,Building 1,BLK-2,Block 2,2026-08-19 04:15:00,466.52,121.42,225.46,66.3,24.1,2,False
F001,Smart Campus,B001,Building 1,BLK-1,Block 1,2026-08-19 04:30:00,353.18,90.95,216.01,81.34,30.0,2,False
F001,Smart Campus,B001,Building 1,BLK-2,Block 2,2026-08-19 04:45:00,529.7,96.76,221.43,115.51,31.88,36,False
F001,Smart Campus,B001,Building 1,BLK-1,Block 1,2026-08-19 05:00:00,553.15,142.26,256.94,56.87,30.17,30,False
F001,Smart Campus,B001,Building 1,BLK-2,Block 2,2026-08-19 05:15:00,439.1,104.17,150.3,118.53,30.56,46,False
F001,Smart Campus,B001,Building 1,BLK-1,Block 1,2026-08-19 05:30:00,596.05,177.65,209.12,80.68,24.42,1,False
F001,Smart Campus,B001,Building 1,BLK-2,Block 2,2026-08-19 05:45:00,455.75,168.12,295.49,62.35,29.5,36,False
F001,Smart Campus,B001,Building 1,BLK-1,Block 1,2026-08-19 06:00:00,587.93,129.21,195.4,100.65,25.11,5,False
F001,Smart Campus,B001,Building 1,BLK-2,Block 2,2026-08-19 06:15:00,361.65,186.52,191.32,96.21,27.34,47,False
F001,Smart Campus,B001,Building 1,BLK-1,Block 1,2026-08-19 06:30:00,426.44,197.35,275.81,98.22,28.61,8,False
F001,Smart Campus,B001,Building 1,BLK-2,Block 2,2026-08-19 06:45:00,539.02,190.72,221.17,66.26,30.64,47,False
F001,Smart Campus,B001,Building 1,BLK-1,Block 1,2026-08-19 07:00:00,374.25,135.35,291.05,90.95,30.38,2,False
F001,Smart Campus,B001,Building 1,BLK-2,Block 2,2026-08-19 07:15:00,395.6,95.48,194.43,105.4,30.02,23,False
F001,Smart Campus,B001,Building 1,BLK-1,Block 1,2026-08-19 07:30:00,561.36,91.58,207.91,62.64,29.05,18,False
F001,Smart Campus,B001,Building 1,BLK-2,Block 2,2026-08-19 07:45:00,585.45,199.45,252.09,119.23,29.78,12,False
F001,Smart Campus,B001,Building 1,BLK-1,Block 1,2026-08-19 08:00:00,416.79,112.41,201.6,112.51,31.34,240,False
F001,Smart Campus,B001,Building 1,BLK-2,Block 2,2026-08-19 08:15:00,518.71,157.12,257.32,103.21,25.84,96,False
F001,Smart Campus,B001,Building 1,BLK-1,Block 1,2026-08-19 08:30:00,552.69,168.68,182.1,84.44,28.25,122,False
F001,Smart Campus,B001,Building 1,BLK-2,Block 2,2026-08-19 08:45:00,381.04,118.92,167.26,94.92,26.18,181,False
F001,Smart Campus,B001,Building 1,BLK-1,Block 1,2026-08-19 09:00:00,503.64,108.75,198.91,91.87,29.19,265,False
F001,Smart Campus,B001,Building 1,BLK-2,Block 2,2026-08-19 09:15:00,597.63,83.83,225.27,66.49,27.56,89,False
F001,Smart Campus,B001,Building 1,BLK-1,Block 1,2026-08-19 09:30:00,389.87,178.6,150.3,111.95,25.74,117,False
F001,Smart Campus,B001,Building 1,BLK-2,Block 2,2026-08-19 09:45:00,381.22,120.25,163.82,99.15,27.04,249,False
F001,Smart Campus,B001,Building 1,BLK-1,Block 1,2026-08-19 10:00:00,428.93,85.13,271.48,61.65,28.53,94,False
F001,Smart Campus,B001,Building 1,BLK-2,Block 2,2026-08-19 10:15:00,542.9,189.62,255.86,64.14,26.96,287,False
F001,Smart Campus,B001,Building 1,BLK-1,Block 1,2026-08-19 10:30:00,361.13,149.29,270.26,73.37,29.62,190,False
F001,Smart Campus,B001,Building 1,BLK-2,Block 2,2026-08-19 10:45:00,546.76,126.5,291.93,115.78,25.61,123,False
F001,Smart Campus,B001,Building 1,BLK-1,Block 1,2026-08-19 11:00:00,354.24,198.79,273.7,71.62,25.73,195,False
F001,Smart Campus,B001,Building 1,BLK-2,Block 2,2026-08-19 11:15:00,562.02,186.58,243.21,82.72,29.58,182,False
F001,Smart Campus,B001,Building 1,BLK-1,Block 1,2026-08-19 11:30:00,556.73,143.75,297.07,82.25,29.13,175,False
F001,Smart Campus,B001,Building 1,BLK-2,Block 2,2026-08-19 11:45:00,561.23,86.47,232.09,103.45,30.6,108,False
F001,Smart Campus,B001,Building 1,BLK-1,Block 1,2026-08-19 12:00:00,596.38,118.07,163.5,117.78,30.41,146,False
F001,Smart Campus,B001,Building 1,BLK-2,Block 2,2026-08-19 12:15:00,575.81,119.47,271.5,50.21,28.11,215,False
F001,Smart Campus,B001,Building 1,BLK-1,Block 1,2026-08-19 12:30:00,390.39,97.29,243.62,112.84,31.29,211,False
F001,Smart Campus,B001,Building 1,BLK-2,Block 2,2026-08-19 12:45:00,520.86,155.15,182.74,54.0,23.95,248,False
F001,Smart Campus,B001,Building 1,BLK-1,Block 1,2026-08-19 13:00:00,506.58,155.6,227.23,96.64,22.9,243,False
F001,Smart Campus,B001,Building 1,BLK-2,Block 2,2026-08-19 13:15:00,415.66,82.98,292.64,99.23,24.9,266,False
F001,Smart Campus,B001,Building 1,BLK-1,Block 1,2026-08-19 13:30:00,591.38,140.74,228.47,88.63,23.07,218,False
F001,Smart Campus,B001,Building 1,BLK-2,Block 2,2026-08-19 13:45:00,518.3,83.66,250.37,82.4,29.19,240,False
F001,Smart Campus,B001,Building 1,BLK-1,Block 1,2026-08-19 14:00:00,576.09,149.44,287.82,112.95,26.99,93,False
F001,Smart Campus,B001,Building 1,BLK-2,Block 2,2026-08-19 14:15:00,393.0,137.89,186.73,112.61,22.62,229,False
F001,Smart Campus,B001,Building 1,BLK-1,Block 1,2026-08-19 14:30:00,588.03,162.15,262.23,67.56,30.63,264,False
F001,Smart Campus,B001,Building 1,BLK-2,Block 2,2026-08-19 14:45:00,520.73,128.0,161.48,70.22,26.82,268,False
F001,Smart Campus,B001,Building 1,BLK-1,Block 1,2026-08-19 15:00:00,435.64,82.5,287.79,99.23,24.1,199,False
F001,Smart Campus,B001,Building 1,BLK-2,Block 2,2026-08-19 15:15:00,519.16,177.25,151.59,107.82,28.58,281,False
F001,Smart Campus,B001,Building 1,BLK-1,Block 1,2026-08-19 15:30:00,465.62,123.11,243.26,62.05,23.06,266,False
F001,Smart Campus,B001,Building 1,BLK-2,Block 2,2026-08-19 15:45:00,434.62,165.75,209.66,55.01,30.29,152,False
F001,Smart Campus,B001,Building 1,BLK-1,Block 1,2026-08-19 16:00:00,480.34,192.9,177.63,117.49,23.6,223,False
F001,Smart Campus,B001,Building 1,BLK-2,Block 2,2026-08-19 16:15:00,440.29,124.33,265.48,51.48,28.32,254,False
F001,Smart Campus,B001,Building 1,BLK-1,Block 1,2026-08-19 16:30:00,370.32,143.8,161.8,57.81,24.0,109,False
F001,Smart Campus,B001,Building 1,BLK-2,Block 2,2026-08-19 16:45:00,551.78,140.74,278.14,54.07,29.19,218,False
F001,Smart Campus,B001,Building 1,BLK-1,Block 1,2026-08-19 17:00:00,400.31,197.31,217.35,104.58,25.27,286,False
F001,Smart Campus,B001,Building 1,BLK-2,Block 2,2026-08-19 17:15:00,360.05,112.63,255.39,102.73,30.38,287,False
F001,Smart Campus,B001,Building 1,BLK-1,Block 1,2026-08-19 17:30:00,354.25,104.67,165.49,91.05,28.32,102,False
F001,Smart Campus,B001,Building 1,BLK-2,Block 2,2026-08-19 17:45:00,571.33,174.54,271.11,67.7,25.57,277,False
F001,Smart Campus,B001,Building 1,BLK-1,Block 1,2026-08-19 18:00:00,526.11,98.74,231.05,66.34,27.25,226,False
F001,Smart Campus,B001,Building 1,BLK-2,Block 2,2026-08-19 18:15:00,570.97,86.41,193.93,108.22,23.12,193,False
F001,Smart Campus,B001,Building 1,BLK-1,Block 1,2026-08-19 18:30:00,598.04,168.47,194.19,53.85,23.38,208,False
F001,Smart Campus,B001,Building 1,BLK-2,Block 2,2026-08-19 18:45:00,468.22,117.64,214.62,86.23,25.9,159,False
F001,Smart Campus,B001,Building 1,BLK-1,Block 1,2026-08-19 19:00:00,461.3,160.22,249.18,50.17,22.11,0,False
F001,Smart Campus,B001,Building 1,BLK-2,Block 2,2026-08-19 19:15:00,379.61,113.79,179.04,88.1,29.49,20,False
F001,Smart Campus,B001,Building 1,BLK-1,Block 1,2026-08-19 19:30:00,456.38,170.75,191.95,106.43,26.43,21,False
F001,Smart Campus,B001,Building 1,BLK-2,Block 2,2026-08-19 19:45:00,350.58,115.34,244.02,77.91,22.26,30,False
F001,Smart Campus,B001,Building 1,BLK-1,Block 1,2026-08-19 20:00:00,508.83,126.6,244.13,108.72,28.25,44,False
F001,Smart Campus,B001,Building 1,BLK-2,Block 2,2026-08-19 20:15:00,1182.5,119.83,260.53,153.11,23.51,11,True
F001,Smart Campus,B001,Building 1,BLK-1,Block 1,2026-08-19 20:30:00,415.94,140.17,169.9,108.16,25.58,31,False
F001,Smart Campus,B001,Building 1,BLK-2,Block 2,2026-08-19 20:45:00,543.17,156.41,157.66,83.95,22.53,0,False
F001,Smart Campus,B001,Building 1,BLK-1,Block 1,2026-08-19 21:00:00,524.18,171.47,257.94,117.77,27.24,19,False
F001,Smart Campus,B001,Building 1,BLK-2,Block 2,2026-08-19 21:15:00,480.39,136.91,225.16,75.95,30.58,19,False
F001,Smart Campus,B001,Building 1,BLK-1,Block 1,2026-08-19 21:30:00,400.33,190.5,231.51,112.95,25.15,27,False
F001,Smart Campus,B001,Building 1,BLK-2,Block 2,2026-08-19 21:45:00,483.85,143.31,189.71,99.87,28.59,44,False
F001,Smart Campus,B001,Building 1,BLK-1,Block 1,2026-08-19 22:00:00,504.64,147.48,174.89,103.02,28.08,47,False
F001,Smart Campus,B001,Building 1,BLK-2,Block 2,2026-08-19 22:15:00,499.87,148.67,256.33,119.28,23.77,43,False
F001,Smart Campus,B001,Building 1,BLK-1,Block 1,2026-08-19 22:30:00,401.89,167.69,193.42,90.31,25.88,37,False
F001,Smart Campus,B001,Building 1,BLK-2,Block 2,2026-08-19 22:45:00,501.59,107.13,265.86,81.95,30.86,22,False
F001,Smart Campus,B001,Building 1,BLK-1,Block 1,2026-08-19 23:00:00,355.61,121.3,212.81,92.81,27.35,44,False
F001,Smart Campus,B001,Building 1,BLK-2,Block 2,2026-08-19 23:15:00,466.06,182.54,173.47,103.08,28.35,47,False
F001,Smart Campus,B001,Building 1,BLK-1,Block 1,2026-08-19 23:30:00,421.63,150.74,196.85,50.95,28.58,22,False
F001,Smart Campus,B001,Building 1,BLK-2,Block 2,2026-08-19 23:45:00,436.27,128.97,178.5,71.56,29.26,1,False
F001,Smart Campus,B001,Building 1,BLK-1,Block 1,2026-08-20 00:00:00,520.76,83.34,278.39,52.26,29.34,16,False
F001,Smart Campus,B001,Building 1,BLK-2,Block 2,2026-08-20 00:15:00,540.85,109.73,238.47,115.21,23.96,43,False
F001,Smart Campus,B001,Building 1,BLK-1,Block 1,2026-08-20 00:30:00,566.68,103.0,272.53,92.62,26.74,16,False
F001,Smart Campus,B001,Building 1,BLK-2,Block 2,2026-08-20 00:45:00,581.54,105.22,286.74,102.11,30.78,33,False
F001,Smart Campus,B001,Building 1,BLK-1,Block 1,2026-08-20 01:00:00,1273.15,152.34,531.32,78.25,28.25,25,True
F001,Smart Campus,B001,Building 1,BLK-2,Block 2,2026-08-20 01:15:00,574.57,166.52,172.93,97.09,27.63,18,False
F001,Smart Campus,B001,Building 1,BLK-1,Block 1,2026-08-20 01:30:00,593.76,138.9,164.14,72.33,29.01,48,False
F001,Smart Campus,B001,Building 1,BLK-2,Block 2,2026-08-20 01:45:00,452.12,124.64,183.4,70.0,29.66,7,False
F001,Smart Campus,B001,Building 1,BLK-1,Block 1,2026-08-20 02:00:00,448.04,132.05,151.9,92.61,23.8,2,False
F001,Smart Campus,B001,Building 1,BLK-2,Block 2,2026-08-20 02:15:00,546.38,133.45,240.52,59.46,22.75,20,False
F001,Smart Campus,B001,Building 1,BLK-1,Block 1,2026-08-20 02:30:00,486.68,117.12,288.85,95.49,31.89,40,False
F001,Smart Campus,B001,Building 1,BLK-2,Block 2,2026-08-20 02:45:00,546.29,171.49,291.51,70.03,24.75,11,False
F001,Smart Campus,B001,Building 1,BLK-1,Block 1,2026-08-20 03:00:00,592.58,179.47,206.78,65.75,31.25,49,False
F001,Smart Campus,B001,Building 1,BLK-2,Block 2,2026-08-20 03:15:00,496.15,140.14,155.01,53.85,30.78,18,False
F001,Smart Campus,B001,Building 1,BLK-1,Block 1,2026-08-20 03:30:00,554.66,129.5,203.14,62.12,22.03,29,False
F001,Smart Campus,B001,Building 1,BLK-2,Block 2,2026-08-20 03:45:00,423.62,82.04,272.32,112.18,23.73,31,False
F001,Smart Campus,B001,Building 1,BLK-1,Block 1,2026-08-20 04:00:00,588.54,124.65,207.15,105.58,28.93,4,False
F001,Smart Campus,B001,Building 1,BLK-2,Block 2,2026-08-20 04:15:00,444.38,97.08,279.32,79.73,28.28,4,False
F001,Smart Campus,B001,Building 1,BLK-1,Block 1,2026-08-20 04:30:00,398.17,196.35,268.78,101.79,23.96,22,False
F001,Smart Campus,B001,Building 1,BLK-2,Block 2,2026-08-20 04:45:00,438.72,100.08,168.99,71.15,31.46,8,False
F001,Smart Campus,B001,Building 1,BLK-1,Block 1,2026-08-20 05:00:00,451.02,159.72,293.01,54.67,28.64,7,False
F001,Smart Campus,B001,Building 1,BLK-2,Block 2,2026-08-20 05:15:00,433.77,123.39,290.63,118.85,24.05,36,False
F001,Smart Campus,B001,Building 1,BLK-1,Block 1,2026-08-20 05:30:00,533.73,144.12,191.18,111.08,23.99,3,False
F001,Smart Campus,B001,Building 1,BLK-2,Block 2,2026-08-20 05:45:00,564.16,176.34,270.55,62.33,30.78,43,False
F001,Smart Campus,B001,Building 1,BLK-1,Block 1,2026-08-20 06:00:00,409.25,106.54,246.1,87.16,25.09,0,False
F001,Smart Campus,B001,Building 1,BLK-2,Block 2,2026-08-20 06:15:00,525.63,153.21,188.71,113.3,31.74,24,False
F001,Smart Campus,B001,Building 1,BLK-1,Block 1,2026-08-20 06:30:00,503.92,98.56,288.1,83.45,25.85,6,False
F001,Smart Campus,B001,Building 1,BLK-2,Block 2,2026-08-20 06:45:00,1052.75,164.24,509.87,118.82,31.95,10,True
F001,Smart Campus,B001,Building 1,BLK-1,Block 1,2026-08-20 07:00:00,451.34,172.13,257.98,119.14,29.89,21,False
F001,Smart Campus,B001,Building 1,BLK-2,Block 2,2026-08-20 07:15:00,418.19,154.56,188.15,105.97,30.41,49,False
F001,Smart Campus,B001,Building 1,BLK-1,Block 1,2026-08-20 07:30:00,514.68,170.26,267.5,117.98,24.57,6,False
F001,Smart Campus,B001,Building 1,BLK-2,Block 2,2026-08-20 07:45:00,439.66,163.04,288.4,76.73,26.2,14,False
F001,Smart Campus,B001,Building 1,BLK-1,Block 1,2026-08-20 08:00:00,375.62,91.78,199.46,61.87,27.45,197,False
F001,Smart Campus,B001,Building 1,BLK-2,Block 2,2026-08-20 08:15:00,464.55,173.67,207.06,68.82,25.94,213,False
F001,Smart Campus,B001,Building 1,BLK-1,Block 1,2026-08-20 08:30:00,380.22,129.06,250.83,56.27,31.31,239,False
F001,Smart Campus,B001,Building 1,BLK-2,Block 2,2026-08-20 08:45:00,432.67,127.32,280.38,93.79,22.08,158,False
F001,Smart Campus,B001,Building 1,BLK-1,Block 1,2026-08-20 09:00:00,567.41,111.57,190.58,65.25,29.18,222,False
F001,Smart Campus,B001,Building 1,BLK-2,Block 2,2026-08-20 09:15:00,494.54,88.09,267.73,62.32,23.54,106,False
F001,Smart Campus,B001,Building 1,BLK-1,Block 1,2026-08-20 09:30:00,473.71,92.48,293.64,92.78,31.28,80,False
F001,Smart Campus,B001,Building 1,BLK-2,Block 2,2026-08-20 09:45:00,480.73,122.32,262.04,73.28,24.22,257,False
F001,Smart Campus,B001,Building 1,BLK-1,Block 1,2026-08-20 10:00:00,947.58,139.22,676.33,96.2,28.07,144,True
F001,Smart Campus,B001,Building 1,BLK-2,Block 2,2026-08-20 10:15:00,589.8,98.37,195.96,63.39,29.92,131,False
F001,Smart Campus,B001,Building 1,BLK-1,Block 1,2026-08-20 10:30:00,599.57,153.15,250.13,119.68,24.0,177,False
F001,Smart Campus,B001,Building 1,BLK-2,Block 2,2026-08-20 10:45:00,550.69,102.7,214.65,56.59,27.36,184,False
F001,Smart Campus,B001,Building 1,BLK-1,Block 1,2026-08-20 11:00:00,503.51,154.01,228.45,104.11,23.94,267,False
F001,Smart Campus,B001,Building 1,BLK-2,Block 2,2026-08-20 11:15:00,554.29,134.27,295.59,117.49,28.4,172,False
F001,Smart Campus,B001,Building 1,BLK-1,Block 1,2026-08-20 11:30:00,451.76,174.53,259.95,114.32,27.79,129,False
F001,Smart Campus,B001,Building 1,BLK-2,Block 2,2026-08-20 11:45:00,380.52,161.49,196.66,86.55,22.25,181,False
F001,Smart Campus,B001,Building 1,BLK-1,Block 1,2026-08-20 12:00:00,471.92,152.69,270.08,83.92,26.78,81,False
F001,Smart Campus,B001,Building 1,BLK-2,Block 2,2026-08-20 12:15:00,453.92,115.74,160.38,78.95,30.18,184,False
F001,Smart Campus,B001,Building 1,BLK-1,Block 1,2026-08-20 12:30:00,570.33,88.4,222.07,78.55,24.54,167,False
F001,Smart Campus,B001,Building 1,BLK-2,Block 2,2026-08-20 12:45:00,360.46,190.22,151.0,71.16,23.57,153,False
F001,Smart Campus,B001,Building 1,BLK-1,Block 1,2026-08-20 13:00:00,376.12,194.21,259.93,85.48,25.87,225,False
F001,Smart Campus,B001,Building 1,BLK-2,Block 2,2026-08-20 13:15:00,578.73,114.53,177.53,91.85,27.81,133,False
F001,Smart Campus,B001,Building 1,BLK-1,Block 1,2026-08-20 13:30:00,541.05,199.68,292.7,62.2,28.06,111,False
F001,Smart Campus,B001,Building 1,BLK-2,Block 2,2026-08-20 13:45:00,533.65,115.5,150.31,92.46,27.95,270,False
F001,Smart Campus,B001,Building 1,BLK-1,Block 1,2026-08-20 14:00:00,562.4,145.84,160.15,85.83,23.29,236,False
F001,Smart Campus,B001,Building 1,BLK-2,Block 2,2026-08-20 14:15:00,563.15,171.94,251.79,102.73,27.96,206,False
F001,Smart Campus,B001,Building 1,BLK-1,Block 1,2026-08-20 14:30:00,526.85,195.82,262.27,115.32,26.32,84,False
F001,Smart Campus,B001,Building 1,BLK-2,Block 2,2026-08-20 14:45:00,470.13,104.54,234.71,106.28,29.39,226,False
F001,Smart Campus,B001,Building 1,BLK-1,Block 1,2026-08-20 15:00:00,597.49,92.22,217.87,86.15,25.35,167,False
F001,Smart Campus,B001,Building 1,BLK-2,Block 2,2026-08-20 15:15:00,395.99,91.56,211.79,119.4,28.28,274,False
F001,Smart Campus,B001,Building 1,BLK-1,Block 1,2026-08-20 15:30:00,460.36,85.64,286.79,100.76,24.44,285,False
F001,Smart Campus,B001,Building 1,BLK-2,Block 2,2026-08-20 15:45:00,904.21,134.2,425.53,148.99,22.11,276,True
F001,Smart Campus,B001,Building 1,BLK-1,Block 1,2026-08-20 16:00:00,523.25,107.35,224.18,63.12,23.25,276,False
F001,Smart Campus,B001,Building 1,BLK-2,Block 2,2026-08-20 16:15:00,587.64,185.73,181.03,108.99,30.39,119,False
F001,Smart Campus,B001,Building 1,BLK-1,Block 1,2026-08-20 16:30:00,819.43,97.31,507.79,207.57,24.64,116,True
F001,Smart Campus,B001,Building 1,BLK-2,Block 2,2026-08-20 16:45:00,358.99,130.26,260.75,77.83,23.8,185,False
F001,Smart Campus,B001,Building 1,BLK-1,Block 1,2026-08-20 17:00:00,473.07,133.02,259.23,62.52,27.06,128,False
F001,Smart Campus,B001,Building 1,BLK-2,Block 2,2026-08-20 17:15:00,510.57,90.45,206.44,107.43,29.42,130,False
F001,Smart Campus,B001,Building 1,BLK-1,Block 1,2026-08-20 17:30:00,388.22,155.71,247.05,97.93,24.69,116,False
F001,Smart Campus,B001,Building 1,BLK-2,Block 2,2026-08-20 17:45:00,557.54,83.56,290.2,66.0,25.32,248,False
F001,Smart Campus,B001,Building 1,BLK-1,Block 1,2026-08-20 18:00:00,401.05,80.29,251.18,105.43,25.98,164,False
F001,Smart Campus,B001,Building 1,BLK-2,Block 2,2026-08-20 18:15:00,494.58,106.6,180.25,50.01,29.28,153,False
F001,Smart Campus,B001,Building 1,BLK-1,Block 1,2026-08-20 18:30:00,386.92,158.37,284.48,69.98,28.15,220,False
F001,Smart Campus,B001,Building 1,BLK-2,Block 2,2026-08-20 18:45:00,368.38,127.23,206.13,68.91,23.94,237,False
F001,Smart Campus,B001,Building 1,BLK-1,Block 1,2026-08-20 19:00:00,400.96,156.65,233.67,84.66,27.8,8,False
F001,Smart Campus,B001,Building 1,BLK-2,Block 2,2026-08-20 19:15:00,568.69,173.53,274.37,88.96,29.39,1,False
F001,Smart Campus,B001,Building 1,BLK-1,Block 1,2026-08-20 19:30:00,381.94,182.14,208.09,65.85,24.92,48,False
F001,Smart Campus,B001,Building 1,BLK-2,Block 2,2026-08-20 19:45:00,1221.33,153.42,421.27,177.5,22.09,45,True
F001,Smart Campus,B001,Building 1,BLK-1,Block 1,2026-08-20 20:00:00,458.66,166.83,282.61,51.82,26.52,0,False
F001,Smart Campus,B001,Building 1,BLK-2,Block 2,2026-08-20 20:15:00,362.96,119.49,175.3,86.29,31.8,11,False
F001,Smart Campus,B001,Building 1,BLK-1,Block 1,2026-08-20 20:30:00,424.74,100.37,241.09,117.86,31.56,14,False
F001,Smart Campus,B001,Building 1,BLK-2,Block 2,2026-08-20 20:45:00,553.32,193.35,273.71,94.64,23.68,11,False
F001,Smart Campus,B001,Building 1,BLK-1,Block 1,2026-08-20 21:00:00,376.8,127.16,245.34,115.2,29.77,18,False
F001,Smart Campus,B001,Building 1,BLK-2,Block 2,2026-08-20 21:15:00,592.4,182.61,266.93,66.08,22.33,45,False
F001,Smart Campus,B001,Building 1,BLK-1,Block 1,2026-08-20 21:30:00,566.93,171.98,160.12,60.53,25.03,26,False
F001,Smart Campus,B001,Building 1,BLK-2,Block 2,2026-08-20 21:45:00,597.48,87.92,281.81,74.97,24.19,22,False
F001,Smart Campus,B001,Building 1,BLK-1,Block 1,2026-08-20 22:00:00,574.76,175.29,292.14,51.85,30.48,15,False
F001,Smart Campus,B001,Building 1,BLK-2,Block 2,2026-08-20 22:15:00,401.73,80.99,210.97,101.25,27.09,19,False
F001,Smart Campus,B001,Building 1,BLK-1,Block 1,2026-08-20 22:30:00,504.66,141.32,231.22,84.83,26.21,32,False
F001,Smart Campus,B001,Building 1,BLK-2,Block 2,2026-08-20 22:45:00,460.73,132.79,290.48,105.63,30.03,33,False
F001,Smart Campus,B001,Building 1,BLK-1,Block 1,2026-08-20 23:00:00,581.58,154.49,294.83,77.22,27.45,6,False
F001,Smart Campus,B001,Building 1,BLK-2,Block 2,2026-08-20 23:15:00,491.86,137.1,162.56,89.14,27.75,2,False
F001,Smart Campus,B001,Building 1,BLK-1,Block 1,2026-08-20 23:30:00,409.74,132.6,166.47,60.94,30.3,16,False
F001,Smart Campus,B001,Building 1,BLK-2,Block 2,2026-08-20 23:45:00,451.83,151.79,154.45,80.41,25.46,20,False
F001,Smart Campus,B001,Building 1,BLK-1,Block 1,2026-08-21 00:00:00,593.34,135.24,181.23,88.68,24.62,42,False
F001,Smart Campus,B001,Building 1,BLK-2,Block 2,2026-08-21 00:15:00,382.08,90.33,189.0,54.51,30.19,21,False
F001,Smart Campus,B001,Building 1,BLK-1,Block 1,2026-08-21 00:30:00,579.72,187.49,279.15,93.17,24.76,27,False
F001,Smart Campus,B001,Building 1,BLK-2,Block 2,2026-08-21 00:45:00,562.95,128.01,243.46,80.04,25.25,20,False
F001,Smart Campus,B001,Building 1,BLK-1,Block 1,2026-08-21 01:00:00,434.57,163.51,258.79,69.05,22.73,16,False
F001,Smart Campus,B001,Building 1,BLK-2,Block 2,2026-08-21 01:15:00,405.15,162.56,195.31,100.92,28.49,45,False
F001,Smart Campus,B001,Building 1,BLK-1,Block 1,2026-08-21 01:30:00,447.73,179.89,231.94,92.03,22.53,45,False
F001,Smart Campus,B001,Building 1,BLK-2,Block 2,2026-08-21 01:45:00,400.62,171.24,192.49,72.78,23.78,26,False
F001,Smart Campus,B001,Building 1,BLK-1,Block 1,2026-08-21 02:00:00,352.72,158.94,265.05,112.88,24.95,42,False
F001,Smart Campus,B001,Building 1,BLK-2,Block 2,2026-08-21 02:15:00,493.0,82.59,291.26,90.96,30.82,41,False
F001,Smart Campus,B001,Building 1,BLK-1,Block 1,2026-08-21 02:30:00,589.24,123.31,174.88,103.66,31.0,4,False
F001,Smart Campus,B001,Building 1,BLK-2,Block 2,2026-08-21 02:45:00,500.0,81.43,217.54,85.91,31.66,37,False
F001,Smart Campus,B001,Building 1,BLK-1,Block 1,2026-08-21 03:00:00,541.89,152.94,154.98,104.24,30.04,11,False
F001,Smart Campus,B001,Building 1,BLK-2,Block 2,2026-08-21 03:15:00,398.84,173.27,185.45,99.28,29.63,49,False
F001,Smart Campus,B001,Building 1,BLK-1,Block 1,2026-08-21 03:30:00,553.58,133.92,192.28,95.05,23.32,23,False
F001,Smart Campus,B001,Building 1,BLK-2,Block 2,2026-08-21 03:45:00,589.7,133.72,254.93,50.61,30.47,46,False
F001,Smart Campus,B001,Building 1,BLK-1,Block 1,2026-08-21 04:00:00,424.49,133.07,285.34,67.75,26.82,32,False
F001,Smart Campus,B001,Building 1,BLK-2,Block 2,2026-08-21 04:15:00,453.52,199.1,250.67,95.0,25.04,29,False
F001,Smart Campus,B001,Building 1,BLK-1,Block 1,2026-08-21 04:30:00,572.69,146.23,217.75,54.21,31.52,43,False
F001,Smart Campus,B001,Building 1,BLK-2,Block 2,2026-08-21 04:45:00,585.8,154.26,161.89,72.36,23.08,45,False
F001,Smart Campus,B001,Building 1,BLK-1,Block 1,2026-08-21 05:00:00,415.68,85.5,226.7,51.14,26.46,12,False
F001,Smart Campus,B001,Building 1,BLK-2,Block 2,2026-08-21 05:15:00,520.8,176.68,215.49,66.63,25.63,49,False
F001,Smart Campus,B001,Building 1,BLK-1,Block 1,2026-08-21 05:30:00,555.24,101.11,276.24,55.27,27.35,42,False
F001,Smart Campus,B001,Building 1,BLK-2,Block 2,2026-08-21 05:45:00,570.85,119.89,172.79,51.43,25.45,6,False
F001,Smart Campus,B001,Building 1,BLK-1,Block 1,2026-08-21 06:00:00,461.37,192.24,253.38,84.89,28.2,32,False
F001,Smart Campus,B001,Building 1,BLK-2,Block 2,2026-08-21 06:15:00,579.13,164.16,210.28,113.21,22.94,48,False
F001,Smart Campus,B001,Building 1,BLK-1,Block 1,2026-08-21 06:30:00,548.09,96.56,225.9,58.33,30.67,49,False
F001,Smart Campus,B001,Building 1,BLK-2,Block 2,2026-08-21 06:45:00,541.42,168.52,285.52,111.25,24.98,38,False
F001,Smart Campus,B001,Building 1,BLK-1,Block 1,2026-08-21 07:00:00,413.75,142.34,206.67,54.62,22.41,0,False
F001,Smart Campus,B001,Building 1,BLK-2,Block 2,2026-08-21 07:15:00,401.91,106.73,178.74,113.62,27.63,32,False
F001,Smart Campus,B001,Building 1,BLK-1,Block 1,2026-08-21 07:30:00,529.99,168.61,288.73,105.75,24.23,49,False
F001,Smart Campus,B001,Building 1,BLK-2,Block 2,2026-08-21 07:45:00,546.7,153.0,267.4,88.68,26.83,18,False
F001,Smart Campus,B001,Building 1,BLK-1,Block 1,2026-08-21 08:00:00,510.48,115.2,269.03,112.19,27.14,217,False
F001,Smart Campus,B001,Building 1,BLK-2,Block 2,2026-08-21 08:15:00,512.59,87.04,231.69,98.76,25.22,194,False
F001,Smart Campus,B001,Building 1,BLK-1,Block 1,2026-08-21 08:30:00,554.58,150.71,201.89,92.24,30.13,188,False
F001,Smart Campus,B001,Building 1,BLK-2,Block 2,2026-08-21 08:45:00,447.24,199.95,167.99,79.05,27.92,83,False
F001,Smart Campus,B001,Building 1,BLK-1,Block 1,2026-08-21 09:00:00,370.32,181.88,187.17,104.26,28.0,242,False
F001,Smart Campus,B001,Building 1,BLK-2,Block 2,2026-08-21 09:15:00,384.53,184.49,275.14,104.67,28.09,284,False
F001,Smart Campus,B001,Building 1,BLK-1,Block 1,2026-08-21 09:30:00,489.85,176.58,234.2,114.58,27.19,270,False
F001,Smart Campus,B001,Building 1,BLK-2,Block 2,2026-08-21 09:45:00,437.14,107.92,253.79,63.37,24.49,221,False
F001,Smart Campus,B001,Building 1,BLK-1,Block 1,2026-08-21 10:00:00,370.42,120.47,214.38,62.95,26.31,171,False
F001,Smart Campus,B001,Building 1,BLK-2,Block 2,2026-08-21 10:15:00,515.51,177.3,193.04,65.35,29.77,211,False
F001,Smart Campus,B001,Building 1,BLK-1,Block 1,2026-08-21 10:30:00,543.06,182.07,297.82,112.54,29.42,279,False
F001,Smart Campus,B001,Building 1,BLK-2,Block 2,2026-08-21 10:45:00,503.52,126.33,224.12,87.02,29.54,90,False
F001,Smart Campus,B001,Building 1,BLK-1,Block 1,2026-08-21 11:00:00,425.63,90.94,286.65,100.29,28.31,213,False
F001,Smart Campus,B001,Building 1,BLK-2,Block 2,2026-08-21 11:15:00,516.7,88.06,151.41,96.35,22.17,108,False
F001,Smart Campus,B001,Building 1,BLK-1,Block 1,2026-08-21 11:30:00,366.72,171.45,294.15,105.14,31.13,297,False
F001,Smart Campus,B001,Building 1,BLK-2,Block 2,2026-08-21 11:45:00,428.3,127.19,165.95,52.92,22.6,195,False
F001,Smart Campus,B001,Building 1,BLK-1,Block 1,2026-08-21 12:00:00,558.45,83.66,176.03,67.48,31.48,185,False
F001,Smart Campus,B001,Building 1,BLK-2,Block 2,2026-08-21 12:15:00,531.7,102.09,267.15,113.16,22.24,109,False
F001,Smart Campus,B001,Building 1,BLK-1,Block 1,2026-08-21 12:30:00,430.53,195.9,188.31,95.13,31.81,289,False
F001,Smart Campus,B001,Building 1,BLK-2,Block 2,2026-08-21 12:45:00,482.53,177.91,284.86,58.0,30.5,143,False
F001,Smart Campus,B001,Building 1,BLK-1,Block 1,2026-08-21 13:00:00,580.97,138.85,265.49,59.45,30.4,282,False
F001,Smart Campus,B001,Building 1,BLK-2,Block 2,2026-08-21 13:15:00,502.47,163.66,283.95,93.25,31.78,257,False
F001,Smart Campus,B001,Building 1,BLK-1,Block 1,2026-08-21 13:30:00,588.12,83.09,185.32,74.95,29.54,297,False
F001,Smart Campus,B001,Building 1,BLK-2,Block 2,2026-08-21 13:45:00,556.51,138.04,295.28,98.28,29.6,271,False
F001,Smart Campus,B001,Building 1,BLK-1,Block 1,2026-08-21 14:00:00,557.29,127.48,177.2,64.43,30.67,282,False
F001,Smart Campus,B001,Building 1,BLK-2,Block 2,2026-08-21 14:15:00,599.28,97.93,178.74,104.93,29.51,266,False
F001,Smart Campus,B001,Building 1,BLK-1,Block 1,2026-08-21 14:30:00,434.88,143.21,176.05,56.92,28.55,119,False
F001,Smart Campus,B001,Building 1,BLK-2,Block 2,2026-08-21 14:45:00,553.18,94.06,222.0,87.51,26.1,216,False
F001,Smart Campus,B001,Building 1,BLK-1,Block 1,2026-08-21 15:00:00,566.96,167.19,280.57,89.56,24.38,93,False
F001,Smart Campus,B001,Building 1,BLK-2,Block 2,2026-08-21 15:15:00,598.16,115.04,190.34,50.45,26.76,248,False
F001,Smart Campus,B001,Building 1,BLK-1,Block 1,2026-08-21 15:30:00,396.31,194.99,210.64,83.69,27.23,217,False
F001,Smart Campus,B001,Building 1,BLK-2,Block 2,2026-08-21 15:45:00,426.56,134.85,211.85,54.45,23.65,243,False
F001,Smart Campus,B001,Building 1,BLK-1,Block 1,2026-08-21 16:00:00,583.95,95.34,190.98,87.43,23.33,286,False
F001,Smart Campus,B001,Building 1,BLK-2,Block 2,2026-08-21 16:15:00,416.22,84.29,218.61,92.14,27.56,113,False
F001,Smart Campus,B001,Building 1,BLK-1,Block 1,2026-08-21 16:30:00,565.03,116.13,166.28,114.95,22.95,187,False
F001,Smart Campus,B001,Building 1,BLK-2,Block 2,2026-08-21 16:45:00,648.63,83.49,300.41,205.19,28.15,111,True
F001,Smart Campus,B001,Building 1,BLK-1,Block 1,2026-08-21 17:00:00,429.65,197.82,285.45,112.88,24.72,143,False
F001,Smart Campus,B001,Building 1,BLK-2,Block 2,2026-08-21 17:15:00,368.98,150.88,221.49,92.62,28.29,90,False
F001,Smart Campus,B001,Building 1,BLK-1,Block 1,2026-08-21 17:30:00,497.89,121.66,276.83,107.97,28.11,183,False
F001,Smart Campus,B001,Building 1,BLK-2,Block 2,2026-08-21 17:45:00,401.11,191.87,277.71,89.06,29.54,125,False
F001,Smart Campus,B001,Building 1,BLK-1,Block 1,2026-08-21 18:00:00,486.67,154.07,277.62,79.54,28.15,295,False
F001,Smart Campus,B001,Building 1,BLK-2,Block 2,2026-08-21 18:15:00,597.58,168.55,269.49,91.22,29.26,246,False
F001,Smart Campus,B001,Building 1,BLK-1,Block 1,2026-08-21 18:30:00,526.15,188.46,295.51,50.72,25.31,251,False
F001,Smart Campus,B001,Building 1,BLK-2,Block 2,2026-08-21 18:45:00,359.12,98.32,236.08,119.19,27.39,181,False
F001,Smart Campus,B001,Building 1,BLK-1,Block 1,2026-08-21 19:00:00,525.03,144.51,215.88,90.0,29.83,45,False
F001,Smart Campus,B001,Building 1,BLK-2,Block 2,2026-08-21 19:15:00,408.34,86.9,171.5,94.15,30.81,13,False
F001,Smart Campus,B001,Building 1,BLK-1,Block 1,2026-08-21 19:30:00,535.84,92.63,235.99,118.0,29.87,31,False
F001,Smart Campus,B001,Building 1,BLK-2,Block 2,2026-08-21 19:45:00,498.26,167.15,289.27,64.86,26.38,50,False
F001,Smart Campus,B001,Building 1,BLK-1,Block 1,2026-08-21 20:00:00,460.56,114.59,189.16,117.17,27.99,14,False
F001,Smart Campus,B001,Building 1,BLK-2,Block 2,2026-08-21 20:15:00,386.2,185.61,269.78,74.54,30.55,21,False
F001,Smart Campus,B001,Building 1,BLK-1,Block 1,2026-08-21 20:30:00,549.01,105.69,281.32,98.6,23.49,21,False
F001,Smart Campus,B001,Building 1,BLK-2,Block 2,2026-08-21 20:45:00,492.92,82.51,189.93,107.93,25.83,33,False
F001,Smart Campus,B001,Building 1,BLK-1,Block 1,2026-08-21 21:00:00,559.05,95.37,210.95,58.27,23.84,33,False
F001,Smart Campus,B001,Building 1,BLK-2,Block 2,2026-08-21 21:15:00,534.5,120.08,170.29,65.62,31.65,7,False
F001,Smart Campus,B001,Building 1,BLK-1,Block 1,2026-08-21 21:30:00,371.4,135.3,159.49,74.26,30.62,1,False
F001,Smart Campus,B001,Building 1,BLK-2,Block 2,2026-08-21 21:45:00,594.0,192.15,292.33,51.23,24.21,13,False
F001,Smart Campus,B001,Building 1,BLK-1,Block 1,2026-08-21 22:00:00,443.18,102.08,227.19,97.85,24.35,12,False
F001,Smart Campus,B001,Building 1,BLK-2,Block 2,2026-08-21 22:15:00,437.17,198.62,194.21,67.29,28.29,24,False
F001,Smart Campus,B001,Building 1,BLK-1,Block 1,2026-08-21 22:30:00,424.45,167.52,158.18,86.48,28.47,50,False
F001,Smart Campus,B001,Building 1,BLK-2,Block 2,2026-08-21 22:45:00,516.07,168.53,172.87,86.83,23.75,16,False
F001,Smart Campus,B001,Building 1,BLK-1,Block 1,2026-08-21 23:00:00,480.24,148.42,180.22,111.12,24.7,37,False
F001,Smart Campus,B001,Building 1,BLK-2,Block 2,2026-08-21 23:15:00,552.42,187.27,218.77,91.7,26.68,36,False
F001,Smart Campus,B001,Building 1,BLK-1,Block 1,2026-08-21 23:30:00,586.02,162.52,259.3,68.93,26.86,30,False
F001,Smart Campus,B001,Building 1,BLK-2,Block 2,2026-08-21 23:45:00,491.13,198.61,235.18,77.89,27.24,20,False
F001,Smart Campus,B001,Building 1,BLK-1,Block 1,2026-08-22 00:00:00,581.3,170.67,263.0,96.29,28.15,35,False
F001,Smart Campus,B001,Building 1,BLK-2,Block 2,2026-08-22 00:15:00,959.42,191.4,379.45,159.75,26.35,42,True
F001,Smart Campus,B001,Building 1,BLK-1,Block 1,2026-08-22 00:30:00,517.97,94.73,156.78,75.74,31.31,25,False
F001,Smart Campus,B001,Building 1,BLK-2,Block 2,2026-08-22 00:45:00,356.95,119.58,242.83,62.7,31.9,9,False
F001,Smart Campus,B001,Building 1,BLK-1,Block 1,2026-08-22 01:00:00,579.14,190.57,288.99,71.86,22.74,46,False
F001,Smart Campus,B001,Building 1,BLK-2,Block 2,2026-08-22 01:15:00,517.36,186.14,277.6,71.22,31.89,24,False
F001,Smart Campus,B001,Building 1,BLK-1,Block 1,2026-08-22 01:30:00,567.91,189.94,195.93,66.99,28.64,23,False
F001,Smart Campus,B001,Building 1,BLK-2,Block 2,2026-08-22 01:45:00,406.32,109.05,210.56,79.57,22.31,11,False
F001,Smart Campus,B001,Building 1,BLK-1,Block 1,2026-08-22 02:00:00,424.64,183.16,297.22,58.11,26.12,9,False
F001,Smart Campus,B001,Building 1,BLK-2,Block 2,2026-08-22 02:15:00,360.0,102.53,231.04,80.28,31.61,43,False
F001,Smart Campus,B001,Building 1,BLK-1,Block 1,2026-08-22 02:30:00,371.61,137.15,239.07,113.92,22.91,26,False
F001,Smart Campus,B001,Building 1,BLK-2,Block 2,2026-08-22 02:45:00,437.34,111.65,291.18,76.2,22.9,41,False
F001,Smart Campus,B001,Building 1,BLK-1,Block 1,2026-08-22 03:00:00,429.07,130.23,172.56,107.77,27.17,3,False
F001,Smart Campus,B001,Building 1,BLK-2,Block 2,2026-08-22 03:15:00,506.92,195.68,241.71,85.0,31.48,39,False
F001,Smart Campus,B001,Building 1,BLK-1,Block 1,2026-08-22 03:30:00,530.89,96.52,245.34,99.28,24.03,27,False
F001,Smart Campus,B001,Building 1,BLK-2,Block 2,2026-08-22 03:45:00,508.38,184.84,174.4,50.69,22.06,35,False
F001,Smart Campus,B001,Building 1,BLK-1,Block 1,2026-08-22 04:00:00,576.77,174.08,226.68,114.98,25.33,6,False
F001,Smart Campus,B001,Building 1,BLK-2,Block 2,2026-08-22 04:15:00,445.74,135.31,189.68,62.59,23.9,34,False
F001,Smart Campus,B001,Building 1,BLK-1,Block 1,2026-08-22 04:30:00,354.22,189.13,215.6,61.39,29.91,49,False
F001,Smart Campus,B001,Building 1,BLK-2,Block 2,2026-08-22 04:45:00,380.13,140.97,271.93,54.28,29.93,31,False
F001,Smart Campus,B001,Building 1,BLK-1,Block 1,2026-08-22 05:00:00,571.13,181.89,284.24,67.81,27.81,18,False
F001,Smart Campus,B001,Building 1,BLK-2,Block 2,2026-08-22 05:15:00,545.97,126.34,280.37,65.21,27.65,8,False
F001,Smart Campus,B001,Building 1,BLK-1,Block 1,2026-08-22 05:30:00,584.59,174.76,236.5,103.53,26.79,23,False
F001,Smart Campus,B001,Building 1,BLK-2,Block 2,2026-08-22 05:45:00,539.6,159.08,249.53,115.05,28.01,21,False
F001,Smart Campus,B001,Building 1,BLK-1,Block 1,2026-08-22 06:00:00,585.78,166.2,292.0,61.78,27.81,39,False
F001,Smart Campus,B001,Building 1,BLK-2,Block 2,2026-08-22 06:15:00,404.7,86.67,211.53,65.81,27.3,44,False
F001,Smart Campus,B001,Building 1,BLK-1,Block 1,2026-08-22 06:30:00,455.83,118.28,225.12,106.5,25.59,17,False
F001,Smart Campus,B001,Building 1,BLK-2,Block 2,2026-08-22 06:45:00,532.05,162.48,185.26,64.08,29.8,42,False
F001,Smart Campus,B001,Building 1,BLK-1,Block 1,2026-08-22 07:00:00,392.48,190.95,230.7,101.27,30.92,15,False
F001,Smart Campus,B001,Building 1,BLK-2,Block 2,2026-08-22 07:15:00,352.37,180.73,289.52,103.11,22.17,2,False
F001,Smart Campus,B001,Building 1,BLK-1,Block 1,2026-08-22 07:30:00,568.39,95.95,185.78,88.76,29.29,34,False
F001,Smart Campus,B001,Building 1,BLK-2,Block 2,2026-08-22 07:45:00,387.41,153.96,158.24,106.93,27.36,27,False
F001,Smart Campus,B001,Building 1,BLK-1,Block 1,2026-08-22 08:00:00,468.87,174.73,236.78,109.03,25.74,146,False
F001,Smart Campus,B001,Building 1,BLK-2,Block 2,2026-08-22 08:15:00,361.14,199.58,163.96,78.48,23.92,124,False
F001,Smart Campus,B001,Building 1,BLK-1,Block 1,2026-08-22 08:30:00,439.49,100.83,181.58,96.29,27.98,117,False
F001,Smart Campus,B001,Building 1,BLK-2,Block 2,2026-08-22 08:45:00,409.86,129.83,216.59,115.95,31.05,221,False
F001,Smart Campus,B001,Building 1,BLK-1,Block 1,2026-08-22 09:00:00,368.01,193.19,152.77,59.61,28.86,200,False
F001,Smart Campus,B001,Building 1,BLK-2,Block 2,2026-08-22 09:15:00,352.8,196.7,298.1,79.88,28.29,193,False
F001,Smart Campus,B001,Building 1,BLK-1,Block 1,2026-08-22 09:30:00,492.85,146.47,297.38,109.98,26.44,169,False
F001,Smart Campus,B001,Building 1,BLK-2,Block 2,2026-08-22 09:45:00,582.61,194.76,270.49,72.6,29.77,240,False
F001,Smart Campus,B001,Building 1,BLK-1,Block 1,2026-08-22 10:00:00,430.41,90.41,229.53,54.14,24.02,247,False
F001,Smart Campus,B001,Building 1,BLK-2,Block 2,2026-08-22 10:15:00,439.57,177.99,231.44,96.42,24.47,255,False
F001,Smart Campus,B001,Building 1,BLK-1,Block 1,2026-08-22 10:30:00,489.72,189.9,263.48,66.39,28.62,98,False
F001,Smart Campus,B001,Building 1,BLK-2,Block 2,2026-08-22 10:45:00,572.16,176.89,260.53,116.67,23.83,196,False
F001,Smart Campus,B001,Building 1,BLK-1,Block 1,2026-08-22 11:00:00,475.08,191.47,230.54,117.15,22.82,265,False
F001,Smart Campus,B001,Building 1,BLK-2,Block 2,2026-08-22 11:15:00,377.22,123.72,206.25,63.44,28.68,159,False
F001,Smart Campus,B001,Building 1,BLK-1,Block 1,2026-08-22 11:30:00,400.34,102.1,237.03,65.76,22.63,180,False
F001,Smart Campus,B001,Building 1,BLK-2,Block 2,2026-08-22 11:45:00,415.07,164.89,150.03,91.35,30.33,219,False
F001,Smart Campus,B001,Building 1,BLK-1,Block 1,2026-08-22 12:00:00,355.74,118.24,194.39,63.1,31.13,185,False
F001,Smart Campus,B001,Building 1,BLK-2,Block 2,2026-08-22 12:15:00,567.16,123.33,151.49,65.72,26.01,93,False
F001,Smart Campus,B001,Building 1,BLK-1,Block 1,2026-08-22 12:30:00,464.46,160.16,224.48,110.44,27.83,256,False
F001,Smart Campus,B001,Building 1,BLK-2,Block 2,2026-08-22 12:45:00,518.34,177.47,260.26,51.47,22.42,119,False
F001,Smart Campus,B001,Building 1,BLK-1,Block 1,2026-08-22 13:00:00,353.07,89.59,253.72,72.89,28.58,151,False
F001,Smart Campus,B001,Building 1,BLK-2,Block 2,2026-08-22 13:15:00,526.37,87.85,232.15,112.07,30.27,153,False
F001,Smart Campus,B001,Building 1,BLK-1,Block 1,2026-08-22 13:30:00,443.79,181.22,252.84,52.85,28.11,243,False
F001,Smart Campus,B001,Building 1,BLK-2,Block 2,2026-08-22 13:45:00,580.52,163.28,296.88,101.51,29.45,145,False
F001,Smart Campus,B001,Building 1,BLK-1,Block 1,2026-08-22 14:00:00,419.15,173.91,165.18,81.82,25.39,275,False
F001,Smart Campus,B001,Building 1,BLK-2,Block 2,2026-08-22 14:15:00,420.88,126.66,254.71,111.15,28.56,262,False
F001,Smart Campus,B001,Building 1,BLK-1,Block 1,2026-08-22 14:30:00,376.94,104.35,202.39,80.12,31.44,288,False
F001,Smart Campus,B001,Building 1,BLK-2,Block 2,2026-08-22 14:45:00,438.77,97.48,272.38,70.65,22.88,213,False
F001,Smart Campus,B001,Building 1,BLK-1,Block 1,2026-08-22 15:00:00,502.06,116.21,158.69,87.08,25.83,223,False
F001,Smart Campus,B001,Building 1,BLK-2,Block 2,2026-08-22 15:15:00,415.41,188.79,150.33,86.69,29.67,161,False
F001,Smart Campus,B001,Building 1,BLK-1,Block 1,2026-08-22 15:30:00,533.58,90.78,291.33,57.54,30.27,166,False
F001,Smart Campus,B001,Building 1,BLK-2,Block 2,2026-08-22 15:45:00,363.43,112.96,175.3,50.65,24.66,264,False
F001,Smart Campus,B001,Building 1,BLK-1,Block 1,2026-08-22 16:00:00,470.51,99.41,299.27,86.48,22.3,271,False
F001,Smart Campus,B001,Building 1,BLK-2,Block 2,2026-08-22 16:15:00,797.35,157.33,617.89,163.25,29.72,99,True
F001,Smart Campus,B001,Building 1,BLK-1,Block 1,2026-08-22 16:30:00,481.39,194.4,268.93,69.61,31.07,204,False
F001,Smart Campus,B001,Building 1,BLK-2,Block 2,2026-08-22 16:45:00,498.81,169.01,258.36,118.21,26.11,196,False
F001,Smart Campus,B001,Building 1,BLK-1,Block 1,2026-08-22 17:00:00,378.16,89.47,234.47,55.47,25.29,112,False
F001,Smart Campus,B001,Building 1,BLK-2,Block 2,2026-08-22 17:15:00,388.27,166.12,235.22,119.07,25.34,287,False
F001,Smart Campus,B001,Building 1,BLK-1,Block 1,2026-08-22 17:30:00,410.04,169.45,201.89,107.07,26.95,91,False
F001,Smart Campus,B001,Building 1,BLK-2,Block 2,2026-08-22 17:45:00,413.75,136.81,229.02,64.16,30.62,203,False
F001,Smart Campus,B001,Building 1,BLK-1,Block 1,2026-08-22 18:00:00,1006.26,126.67,369.48,141.75,31.14,211,True
F001,Smart Campus,B001,Building 1,BLK-2,Block 2,2026-08-22 18:15:00,352.98,104.7,158.66,92.17,25.93,238,False
F001,Smart Campus,B001,Building 1,BLK-1,Block 1,2026-08-22 18:30:00,592.1,107.13,236.06,116.73,23.1,180,False
F001,Smart Campus,B001,Building 1,BLK-2,Block 2,2026-08-22 18:45:00,1011.2,135.21,467.87,106.77,29.11,197,True
F001,Smart Campus,B001,Building 1,BLK-1,Block 1,2026-08-22 19:00:00,549.32,169.68,279.25,100.23,28.51,23,False
F001,Smart Campus,B001,Building 1,BLK-2,Block 2,2026-08-22 19:15:00,375.69,182.2,190.71,81.94,30.62,15,False
F001,Smart Campus,B001,Building 1,BLK-1,Block 1,2026-08-22 19:30:00,522.95,135.28,267.34,88.68,24.42,30,False
F001,Smart Campus,B001,Building 1,BLK-2,Block 2,2026-08-22 19:45:00,391.71,136.68,267.76,96.28,31.4,37,False
F001,Smart Campus,B001,Building 1,BLK-1,Block 1,2026-08-22 20:00:00,352.02,99.02,194.39,61.46,22.59,50,False
F001,Smart Campus,B001,Building 1,BLK-2,Block 2,2026-08-22 20:15:00,502.44,140.25,278.74,81.69,29.45,16,False
F001,Smart Campus,B001,Building 1,BLK-1,Block 1,2026-08-22 20:30:00,359.01,178.83,191.1,88.39,22.79,34,False
F001,Smart Campus,B001,Building 1,BLK-2,Block 2,2026-08-22 20:45:00,366.22,152.95,169.61,73.82,26.99,42,False
F001,Smart Campus,B001,Building 1,BLK-1,Block 1,2026-08-22 21:00:00,414.08,166.22,154.35,62.53,29.74,12,False
F001,Smart Campus,B001,Building 1,BLK-2,Block 2,2026-08-22 21:15:00,377.96,84.37,251.53,106.73,28.68,9,False
F001,Smart Campus,B001,Building 1,BLK-1,Block 1,2026-08-22 21:30:00,591.68,155.76,271.93,54.91,25.86,33,False
F001,Smart Campus,B001,Building 1,BLK-2,Block 2,2026-08-22 21:45:00,355.75,128.23,152.8,62.13,26.45,4,False
F001,Smart Campus,B001,Building 1,BLK-1,Block 1,2026-08-22 22:00:00,377.0,126.91,198.71,52.9,22.05,37,False
F001,Smart Campus,B001,Building 1,BLK-2,Block 2,2026-08-22 22:15:00,472.07,157.43,246.28,104.16,30.81,28,False
F001,Smart Campus,B001,Building 1,BLK-1,Block 1,2026-08-22 22:30:00,474.73,131.91,254.4,93.58,30.67,39,False
F001,Smart Campus,B001,Building 1,BLK-2,Block 2,2026-08-22 22:45:00,528.13,156.99,267.78,53.25,26.3,37,False
F001,Smart Campus,B001,Building 1,BLK-1,Block 1,2026-08-22 23:00:00,371.03,105.47,160.99,93.13,31.83,1,False
F001,Smart Campus,B001,Building 1,BLK-2,Block 2,2026-08-22 23:15:00,409.75,105.54,167.7,53.31,23.73,5,False
F001,Smart Campus,B001,Building 1,BLK-1,Block 1,2026-08-22 23:30:00,491.87,118.68,178.34,70.68,27.15,8,False
F001,Smart Campus,B001,Building 1,BLK-2,Block 2,2026-08-22 23:45:00,437.04,100.75,177.19,101.38,28.46,37,False
F001,Smart Campus,B001,Building 1,BLK-1,Block 1,2026-08-23 00:00:00,572.76,148.24,258.09,117.33,31.47,35,False
F001,Smart Campus,B001,Building 1,BLK-2,Block 2,2026-08-23 00:15:00,383.04,95.0,294.99,116.86,31.45,49,False
F001,Smart Campus,B001,Building 1,BLK-1,Block 1,2026-08-23 00:30:00,482.37,154.85,234.99,78.52,27.75,6,False
F001,Smart Campus,B001,Building 1,BLK-2,Block 2,2026-08-23 00:45:00,377.0,109.77,276.84,84.92,22.57,5,False
F001,Smart Campus,B001,Building 1,BLK-1,Block 1,2026-08-23 01:00:00,571.24,102.47,232.86,73.29,24.3,43,False
F001,Smart Campus,B001,Building 1,BLK-2,Block 2,2026-08-23 01:15:00,456.29,163.16,279.37,72.57,28.0,8,False
F001,Smart Campus,B001,Building 1,BLK-1,Block 1,2026-08-23 01:30:00,559.8,191.67,273.46,65.44,31.68,30,False
F001,Smart Campus,B001,Building 1,BLK-2,Block 2,2026-08-23 01:45:00,537.36,99.29,191.19,95.05,22.37,5,False
F001,Smart Campus,B001,Building 1,BLK-1,Block 1,2026-08-23 02:00:00,592.82,158.81,285.47,108.68,30.49,35,False
F001,Smart Campus,B001,Building 1,BLK-2,Block 2,2026-08-23 02:15:00,462.61,153.58,187.96,112.71,23.23,33,False
F001,Smart Campus,B001,Building 1,BLK-1,Block 1,2026-08-23 02:30:00,596.71,175.93,271.27,77.47,29.15,40,False
F001,Smart Campus,B001,Building 1,BLK-2,Block 2,2026-08-23 02:45:00,375.3,125.6,297.46,77.61,24.81,42,False
F001,Smart Campus,B001,Building 1,BLK-1,Block 1,2026-08-23 03:00:00,494.06,95.83,176.06,79.07,24.39,10,False
F001,Smart Campus,B001,Building 1,BLK-2,Block 2,2026-08-23 03:15:00,523.01,125.29,150.67,83.23,24.99,10,False
F001,Smart Campus,B001,Building 1,BLK-1,Block 1,2026-08-23 03:30:00,597.61,91.93,250.4,119.09,29.63,39,False
F001,Smart Campus,B001,Building 1,BLK-2,Block 2,2026-08-23 03:45:00,536.55,83.08,284.56,77.83,30.25,44,False
F001,Smart Campus,B001,Building 1,BLK-1,Block 1,2026-08-23 04:00:00,585.24,110.48,273.47,64.79,27.1,46,False
F001,Smart Campus,B001,Building 1,BLK-2,Block 2,2026-08-23 04:15:00,464.35,179.69,200.61,112.27,24.99,5,False
F001,Smart Campus,B001,Building 1,BLK-1,Block 1,2026-08-23 04:30:00,353.46,84.95,202.96,59.37,22.83,3,False
F001,Smart Campus,B001,Building 1,BLK-2,Block 2,2026-08-23 04:45:00,362.64,183.29,242.56,57.39,31.73,39,False
F001,Smart Campus,B001,Building 1,BLK-1,Block 1,2026-08-23 05:00:00,418.99,177.49,241.41,68.45,24.85,46,False
F001,Smart Campus,B001,Building 1,BLK-2,Block 2,2026-08-23 05:15:00,455.76,140.43,286.32,89.91,29.77,44,False
F001,Smart Campus,B001,Building 1,BLK-1,Block 1,2026-08-23 05:30:00,370.13,194.76,218.44,113.8,30.65,3,False
F001,Smart Campus,B001,Building 1,BLK-2,Block 2,2026-08-23 05:45:00,503.57,184.37,241.97,94.47,24.58,27,False
F001,Smart Campus,B001,Building 1,BLK-1,Block 1,2026-08-23 06:00:00,370.18,170.24,296.14,118.37,24.77,36,False
F001,Smart Campus,B001,Building 1,BLK-2,Block 2,2026-08-23 06:15:00,588.82,196.96,173.19,99.78,29.82,9,False
F001,Smart Campus,B001,Building 1,BLK-1,Block 1,2026-08-23 06:30:00,456.88,121.42,225.86,101.82,27.43,10,False
F001,Smart Campus,B001,Building 1,BLK-2,Block 2,2026-08-23 06:45:00,578.72,139.29,211.14,108.9,22.17,16,False
F001,Smart Campus,B001,Building 1,BLK-1,Block 1,2026-08-23 07:00:00,519.22,174.64,198.96,74.8,23.75,19,False
F001,Smart Campus,B001,Building 1,BLK-2,Block 2,2026-08-23 07:15:00,533.24,162.3,233.86,78.08,25.66,8,False
F001,Smart Campus,B001,Building 1,BLK-1,Block 1,2026-08-23 07:30:00,352.82,156.4,177.84,52.97,28.83,32,False
F001,Smart Campus,B001,Building 1,BLK-2,Block 2,2026-08-23 07:45:00,416.64,81.1,261.1,101.25,29.18,43,False
F001,Smart Campus,B001,Building 1,BLK-1,Block 1,2026-08-23 08:00:00,496.07,141.17,223.93,104.58,29.75,82,False
F001,Smart Campus,B001,Building 1,BLK-2,Block 2,2026-08-23 08:15:00,411.44,110.94,219.69,111.27,25.59,192,False
F001,Smart Campus,B001,Building 1,BLK-1,Block 1,2026-08-23 08:30:00,535.03,121.17,158.66,83.25,22.82,238,False
F001,Smart Campus,B001,Building 1,BLK-2,Block 2,2026-08-23 08:45:00,559.07,158.47,237.09,59.05,25.41,217,False
F001,Smart Campus,B001,Building 1,BLK-1,Block 1,2026-08-23 09:00:00,599.15,173.23,161.44,111.13,31.96,130,False
F001,Smart Campus,B001,Building 1,BLK-2,Block 2,2026-08-23 09:15:00,452.31,93.12,155.29,56.82,22.04,170,False
F001,Smart Campus,B001,Building 1,BLK-1,Block 1,2026-08-23 09:30:00,352.89,107.53,259.96,83.46,28.33,87,False
F001,Smart Campus,B001,Building 1,BLK-2,Block 2,2026-08-23 09:45:00,570.27,109.16,215.64,55.09,29.35,262,False
F001,Smart Campus,B001,Building 1,BLK-1,Block 1,2026-08-23 10:00:00,392.65,152.75,271.9,75.9,29.12,251,False
F001,Smart Campus,B001,Building 1,BLK-2,Block 2,2026-08-23 10:15:00,495.7,160.11,287.7,119.8,26.92,88,False
F001,Smart Campus,B001,Building 1,BLK-1,Block 1,2026-08-23 10:30:00,562.37,179.27,203.52,112.74,24.34,264,False
F001,Smart Campus,B001,Building 1,BLK-2,Block 2,2026-08-23 10:45:00,515.45,122.27,194.9,77.39,27.29,142,False
F001,Smart Campus,B001,Building 1,BLK-1,Block 1,2026-08-23 11:00:00,499.92,147.72,261.77,52.83,30.41,288,False
F001,Smart Campus,B001,Building 1,BLK-2,Block 2,2026-08-23 11:15:00,362.3,138.94,185.99,77.36,30.91,296,False
F001,Smart Campus,B001,Building 1,BLK-1,Block 1,2026-08-23 11:30:00,386.99,160.69,230.88,66.42,23.17,204,False
F001,Smart Campus,B001,Building 1,BLK-2,Block 2,2026-08-23 11:45:00,350.85,166.87,254.71,77.64,25.93,273,False
F001,Smart Campus,B001,Building 1,BLK-1,Block 1,2026-08-23 12:00:00,515.1,86.03,239.6,74.29,27.57,223,False
F001,Smart Campus,B001,Building 1,BLK-2,Block 2,2026-08-23 12:15:00,433.11,99.76,185.6,103.47,22.83,176,False
F001,Smart Campus,B001,Building 1,BLK-1,Block 1,2026-08-23 12:30:00,599.3,95.95,219.02,52.56,31.31,230,False
F001,Smart Campus,B001,Building 1,BLK-2,Block 2,2026-08-23 12:45:00,555.33,80.97,289.0,71.38,30.93,215,False
F001,Smart Campus,B001,Building 1,BLK-1,Block 1,2026-08-23 13:00:00,557.41,136.77,264.28,86.79,23.23,229,False
F001,Smart Campus,B001,Building 1,BLK-2,Block 2,2026-08-23 13:15:00,378.44,152.67,198.22,115.92,28.81,95,False
F001,Smart Campus,B001,Building 1,BLK-1,Block 1,2026-08-23 13:30:00,470.95,125.95,196.37,85.79,22.96,168,False
F001,Smart Campus,B001,Building 1,BLK-2,Block 2,2026-08-23 13:45:00,466.04,165.28,251.3,99.08,24.25,269,False
F001,Smart Campus,B001,Building 1,BLK-1,Block 1,2026-08-23 14:00:00,478.5,186.41,245.83,72.32,28.03,174,False
F001,Smart Campus,B001,Building 1,BLK-2,Block 2,2026-08-23 14:15:00,536.77,158.31,258.93,76.44,24.77,158,False
F001,Smart Campus,B001,Building 1,BLK-1,Block 1,2026-08-23 14:30:00,900.62,150.04,433.41,209.98,27.41,80,True
F001,Smart Campus,B001,Building 1,BLK-2,Block 2,2026-08-23 14:45:00,495.03,143.45,262.58,104.55,23.0,137,False
F001,Smart Campus,B001,Building 1,BLK-1,Block 1,2026-08-23 15:00:00,509.8,196.52,222.21,78.67,27.08,97,False
F001,Smart Campus,B001,Building 1,BLK-2,Block 2,2026-08-23 15:15:00,861.43,195.82,632.72,75.33,22.31,275,True
F001,Smart Campus,B001,Building 1,BLK-1,Block 1,2026-08-23 15:30:00,572.55,135.65,150.8,115.92,27.21,277,False
F001,Smart Campus,B001,Building 1,BLK-2,Block 2,2026-08-23 15:45:00,522.98,92.47,232.42,85.43,24.52,145,False
F001,Smart Campus,B001,Building 1,BLK-1,Block 1,2026-08-23 16:00:00,523.0,127.36,263.43,83.65,31.03,124,False
F001,Smart Campus,B001,Building 1,BLK-2,Block 2,2026-08-23 16:15:00,450.92,183.57,183.72,83.61,28.36,281,False
F001,Smart Campus,B001,Building 1,BLK-1,Block 1,2026-08-23 16:30:00,532.66,89.78,253.91,68.02,28.54,140,False
F001,Smart Campus,B001,Building 1,BLK-2,Block 2,2026-08-23 16:45:00,515.76,124.21,270.66,85.59,30.89,111,False
F001,Smart Campus,B001,Building 1,BLK-1,Block 1,2026-08-23 17:00:00,409.7,117.97,259.45,72.45,22.02,213,False
F001,Smart Campus,B001,Building 1,BLK-2,Block 2,2026-08-23 17:15:00,490.98,127.89,173.79,79.39,28.04,231,False
F001,Smart Campus,B001,Building 1,BLK-1,Block 1,2026-08-23 17:30:00,460.98,134.97,150.69,79.73,27.38,184,False
F001,Smart Campus,B001,Building 1,BLK-2,Block 2,2026-08-23 17:45:00,462.6,153.46,153.79,60.68,28.19,120,False
F001,Smart Campus,B001,Building 1,BLK-1,Block 1,2026-08-23 18:00:00,572.67,166.32,275.11,118.37,27.62,275,False
F001,Smart Campus,B001,Building 1,BLK-2,Block 2,2026-08-23 18:15:00,589.38,151.84,195.26,92.71,27.8,183,False
F001,Smart Campus,B001,Building 1,BLK-1,Block 1,2026-08-23 18:30:00,424.2,165.32,210.11,99.78,28.8,109,False
F001,Smart Campus,B001,Building 1,BLK-2,Block 2,2026-08-23 18:45:00,576.54,149.48,262.45,96.98,26.01,163,False
F001,Smart Campus,B001,Building 1,BLK-1,Block 1,2026-08-23 19:00:00,424.76,167.26,232.85,74.76,24.88,42,False
F001,Smart Campus,B001,Building 1,BLK-2,Block 2,2026-08-23 19:15:00,539.4,110.32,258.83,61.16,22.66,33,False
F001,Smart Campus,B001,Building 1,BLK-1,Block 1,2026-08-23 19:30:00,515.18,95.11,276.34,90.88,24.94,9,False
F001,Smart Campus,B001,Building 1,BLK-2,Block 2,2026-08-23 19:45:00,439.42,124.05,269.75,66.22,31.45,3,False
F001,Smart Campus,B001,Building 1,BLK-1,Block 1,2026-08-23 20:00:00,371.84,113.11,252.3,114.28,22.65,13,False
F001,Smart Campus,B001,Building 1,BLK-2,Block 2,2026-08-23 20:15:00,430.0,83.14,201.39,72.25,31.53,11,False
F001,Smart Campus,B001,Building 1,BLK-1,Block 1,2026-08-23 20:30:00,380.11,160.53,214.0,117.68,29.43,13,False
F001,Smart Campus,B001,Building 1,BLK-2,Block 2,2026-08-23 20:45:00,427.38,125.91,212.13,72.12,22.79,28,False
F001,Smart Campus,B001,Building 1,BLK-1,Block 1,2026-08-23 21:00:00,708.17,162.02,324.22,136.07,26.67,32,True
F001,Smart Campus,B001,Building 1,BLK-2,Block 2,2026-08-23 21:15:00,383.18,163.18,276.15,99.96,22.25,5,False
F001,Smart Campus,B001,Building 1,BLK-1,Block 1,2026-08-23 21:30:00,392.04,120.42,180.95,72.43,27.49,44,False
F001,Smart Campus,B001,Building 1,BLK-2,Block 2,2026-08-23 21:45:00,508.57,141.68,170.33,112.34,31.94,44,False
F001,Smart Campus,B001,Building 1,BLK-1,Block 1,2026-08-23 22:00:00,531.09,120.91,259.52,117.76,31.24,50,False
F001,Smart Campus,B001,Building 1,BLK-2,Block 2,2026-08-23 22:15:00,550.71,135.57,187.22,53.42,22.46,7,False
F001,Smart Campus,B001,Building 1,BLK-1,Block 1,2026-08-23 22:30:00,512.09,184.48,239.1,117.15,25.68,6,False
F001,Smart Campus,B001,Building 1,BLK-2,Block 2,2026-08-23 22:45:00,379.44,146.7,262.76,61.58,30.6,14,False
F001,Smart Campus,B001,Building 1,BLK-1,Block 1,2026-08-23 23:00:00,378.05,188.2,207.84,87.37,30.48,46,False
F001,Smart Campus,B001,Building 1,BLK-2,Block 2,2026-08-23 23:15:00,357.0,196.96,276.19,97.13,22.43,23,False
F001,Smart Campus,B001,Building 1,BLK-1,Block 1,2026-08-23 23:30:00,577.1,112.59,168.91,59.28,26.7,36,False
F001,Smart Campus,B001,Building 1,BLK-2,Block 2,2026-08-23 23:45:00,430.45,133.21,284.47,58.94,30.57,16,False
F001,Smart Campus,B001,Building 1,BLK-1,Block 1,2026-08-24 00:00:00,588.74,126.2,235.67,70.94,28.01,38,False
F001,Smart Campus,B001,Building 1,BLK-2,Block 2,2026-08-24 00:15:00,502.04,123.72,234.58,107.66,27.71,50,False
F001,Smart Campus,B001,Building 1,BLK-1,Block 1,2026-08-24 00:30:00,450.69,143.03,185.65,51.24,31.69,7,False
F001,Smart Campus,B001,Building 1,BLK-2,Block 2,2026-08-24 00:45:00,504.21,175.9,179.2,57.9,29.1,37,False
F001,Smart Campus,B001,Building 1,BLK-1,Block 1,2026-08-24 01:00:00,354.26,163.08,181.03,118.4,24.37,40,False
F001,Smart Campus,B001,Building 1,BLK-2,Block 2,2026-08-24 01:15:00,571.7,181.62,187.08,109.11,27.59,10,False
F001,Smart Campus,B001,Building 1,BLK-1,Block 1,2026-08-24 01:30:00,395.51,181.24,294.5,118.05,31.11,31,False
F001,Smart Campus,B001,Building 1,BLK-2,Block 2,2026-08-24 01:45:00,378.49,176.92,229.16,90.34,30.9,23,False
F001,Smart Campus,B001,Building 1,BLK-1,Block 1,2026-08-24 02:00:00,484.26,113.4,261.52,116.55,30.99,11,False
F001,Smart Campus,B001,Building 1,BLK-2,Block 2,2026-08-24 02:15:00,409.87,191.42,289.99,61.29,25.98,22,False
F001,Smart Campus,B001,Building 1,BLK-1,Block 1,2026-08-24 02:30:00,488.45,89.97,278.41,118.4,30.87,0,False
F001,Smart Campus,B001,Building 1,BLK-2,Block 2,2026-08-24 02:45:00,362.64,167.0,203.54,53.58,31.71,12,False
F001,Smart Campus,B001,Building 1,BLK-1,Block 1,2026-08-24 03:00:00,546.98,129.3,255.3,103.94,24.87,3,False
F001,Smart Campus,B001,Building 1,BLK-2,Block 2,2026-08-24 03:15:00,545.09,114.43,177.26,117.42,31.94,25,False
F001,Smart Campus,B001,Building 1,BLK-1,Block 1,2026-08-24 03:30:00,383.15,126.0,287.93,109.64,28.47,43,False
F001,Smart Campus,B001,Building 1,BLK-2,Block 2,2026-08-24 03:45:00,373.38,127.61,160.06,54.05,30.65,30,False
F001,Smart Campus,B001,Building 1,BLK-1,Block 1,2026-08-24 04:00:00,567.94,133.18,267.19,108.44,25.07,45,False
F001,Smart Campus,B001,Building 1,BLK-2,Block 2,2026-08-24 04:15:00,487.84,123.92,153.11,68.79,23.75,11,False
F001,Smart Campus,B001,Building 1,BLK-1,Block 1,2026-08-24 04:30:00,530.95,133.81,164.54,113.98,27.74,28,False
F001,Smart Campus,B001,Building 1,BLK-2,Block 2,2026-08-24 04:45:00,450.44,88.32,277.62,84.79,25.38,1,False
F001,Smart Campus,B001,Building 1,BLK-1,Block 1,2026-08-24 05:00:00,585.94,120.47,182.46,85.4,30.68,41,False
F001,Smart Campus,B001,Building 1,BLK-2,Block 2,2026-08-24 05:15:00,545.49,168.45,157.01,78.56,29.94,36,False
F001,Smart Campus,B001,Building 1,BLK-1,Block 1,2026-08-24 05:30:00,403.36,121.1,194.12,75.61,28.38,13,False
F001,Smart Campus,B001,Building 1,BLK-2,Block 2,2026-08-24 05:45:00,581.25,137.52,194.67,106.2,30.91,11,False
F001,Smart Campus,B001,Building 1,BLK-1,Block 1,2026-08-24 06:00:00,523.22,95.67,244.09,86.12,24.87,38,False
F001,Smart Campus,B001,Building 1,BLK-2,Block 2,2026-08-24 06:15:00,422.9,161.3,239.47,71.8,31.83,48,False
F001,Smart Campus,B001,Building 1,BLK-1,Block 1,2026-08-24 06:30:00,500.61,179.03,260.52,98.99,25.71,27,False
F001,Smart Campus,B001,Building 1,BLK-2,Block 2,2026-08-24 06:45:00,380.23,144.76,297.51,108.6,28.4,45,False
F001,Smart Campus,B001,Building 1,BLK-1,Block 1,2026-08-24 07:00:00,371.09,176.59,249.14,100.31,24.06,35,False
F001,Smart Campus,B001,Building 1,BLK-2,Block 2,2026-08-24 07:15:00,503.15,127.21,272.03,91.05,26.68,30,False
F001,Smart Campus,B001,Building 1,BLK-1,Block 1,2026-08-24 07:30:00,507.94,137.67,191.07,98.74,28.75,44,False
F001,Smart Campus,B001,Building 1,BLK-2,Block 2,2026-08-24 07:45:00,420.3,177.27,239.15,119.21,26.52,35,False
F001,Smart Campus,B001,Building 1,BLK-1,Block 1,2026-08-24 08:00:00,457.07,96.97,270.85,55.45,26.87,114,False
F001,Smart Campus,B001,Building 1,BLK-2,Block 2,2026-08-24 08:15:00,466.46,91.4,182.48,76.73,27.62,268,False
F001,Smart Campus,B001,Building 1,BLK-1,Block 1,2026-08-24 08:30:00,548.85,163.25,220.84,87.58,24.6,216,False
F001,Smart Campus,B001,Building 1,BLK-2,Block 2,2026-08-24 08:45:00,457.16,138.86,242.78,52.86,22.53,218,False
F001,Smart Campus,B001,Building 1,BLK-1,Block 1,2026-08-24 09:00:00,401.0,155.92,167.77,91.82,24.5,293,False
F001,Smart Campus,B001,Building 1,BLK-2,Block 2,2026-08-24 09:15:00,526.14,163.98,175.06,82.41,23.43,281,False
F001,Smart Campus,B001,Building 1,BLK-1,Block 1,2026-08-24 09:30:00,532.39,109.5,258.61,63.38,24.13,275,False
F001,Smart Campus,B001,Building 1,BLK-2,Block 2,2026-08-24 09:45:00,475.22,185.96,211.81,85.94,22.24,252,False
F001,Smart Campus,B001,Building 1,BLK-1,Block 1,2026-08-24 10:00:00,400.86,192.99,249.31,92.47,25.84,142,False
F001,Smart Campus,B001,Building 1,BLK-2,Block 2,2026-08-24 10:15:00,562.57,169.13,239.66,116.6,27.24,294,False
F001,Smart Campus,B001,Building 1,BLK-1,Block 1,2026-08-24 10:30:00,416.07,91.55,162.28,52.25,26.55,155,False
F001,Smart Campus,B001,Building 1,BLK-2,Block 2,2026-08-24 10:45:00,396.35,129.56,219.48,93.03,24.3,86,False
F001,Smart Campus,B001,Building 1,BLK-1,Block 1,2026-08-24 11:00:00,483.97,120.62,264.08,115.38,26.56,209,False
F001,Smart Campus,B001,Building 1,BLK-2,Block 2,2026-08-24 11:15:00,425.04,115.07,246.86,61.64,22.83,277,False
F001,Smart Campus,B001,Building 1,BLK-1,Block 1,2026-08-24 11:30:00,533.51,167.78,188.89,109.47,28.15,189,False
F001,Smart Campus,B001,Building 1,BLK-2,Block 2,2026-08-24 11:45:00,498.45,94.18,174.81,118.93,28.5,262,False
F001,Smart Campus,B001,Building 1,BLK-1,Block 1,2026-08-24 12:00:00,457.0,98.87,225.93,66.68,27.51,283,False
F001,Smart Campus,B001,Building 1,BLK-2,Block 2,2026-08-24 12:15:00,385.51,122.7,210.09,84.19,25.61,130,False
F001,Smart Campus,B001,Building 1,BLK-1,Block 1,2026-08-24 12:30:00,558.15,156.88,183.44,92.9,28.19,212,False
F001,Smart Campus,B001,Building 1,BLK-2,Block 2,2026-08-24 12:45:00,429.28,196.66,270.87,79.92,25.69,140,False
F001,Smart Campus,B001,Building 1,BLK-1,Block 1,2026-08-24 13:00:00,439.65,184.61,269.8,119.23,31.13,89,False
F001,Smart Campus,B001,Building 1,BLK-2,Block 2,2026-08-24 13:15:00,354.36,173.51,178.81,59.12,23.79,104,False
F001,Smart Campus,B001,Building 1,BLK-1,Block 1,2026-08-24 13:30:00,439.8,133.53,287.46,91.47,24.52,247,False
F001,Smart Campus,B001,Building 1,BLK-2,Block 2,2026-08-24 13:45:00,471.41,148.96,214.94,50.72,26.97,227,False
F001,Smart Campus,B001,Building 1,BLK-1,Block 1,2026-08-24 14:00:00,483.39,191.63,191.94,83.53,23.87,112,False
F001,Smart Campus,B001,Building 1,BLK-2,Block 2,2026-08-24 14:15:00,513.31,147.71,168.56,51.04,25.43,153,False
F001,Smart Campus,B001,Building 1,BLK-1,Block 1,2026-08-24 14:30:00,532.63,150.73,179.38,115.51,23.08,174,False
F001,Smart Campus,B001,Building 1,BLK-2,Block 2,2026-08-24 14:45:00,550.08,181.9,287.26,54.82,28.74,156,False
F001,Smart Campus,B001,Building 1,BLK-1,Block 1,2026-08-24 15:00:00,434.65,123.98,251.4,93.64,27.67,127,False
F001,Smart Campus,B001,Building 1,BLK-2,Block 2,2026-08-24 15:15:00,486.45,136.62,297.18,94.88,28.76,157,False
F001,Smart Campus,B001,Building 1,BLK-1,Block 1,2026-08-24 15:30:00,493.28,80.14,276.76,59.95,27.25,245,False
F001,Smart Campus,B001,Building 1,BLK-2,Block 2,2026-08-24 15:45:00,585.41,195.21,238.61,66.13,27.26,122,False
F001,Smart Campus,B001,Building 1,BLK-1,Block 1,2026-08-24 16:00:00,1076.6,89.46,382.98,122.09,26.2,95,True
F001,Smart Campus,B001,Building 1,BLK-2,Block 2,2026-08-24 16:15:00,538.48,173.98,212.77,61.78,30.18,160,False
F001,Smart Campus,B001,Building 1,BLK-1,Block 1,2026-08-24 16:30:00,514.96,123.96,291.27,88.23,27.81,293,False
F001,Smart Campus,B001,Building 1,BLK-2,Block 2,2026-08-24 16:45:00,513.56,144.53,169.96,98.99,30.44,119,False
F001,Smart Campus,B001,Building 1,BLK-1,Block 1,2026-08-24 17:00:00,573.15,85.23,190.9,78.5,26.34,218,False
F001,Smart Campus,B001,Building 1,BLK-2,Block 2,2026-08-24 17:15:00,407.8,190.65,294.71,112.72,25.48,144,False
F001,Smart Campus,B001,Building 1,BLK-1,Block 1,2026-08-24 17:30:00,544.17,89.68,251.81,91.13,29.45,188,False
F001,Smart Campus,B001,Building 1,BLK-2,Block 2,2026-08-24 17:45:00,553.29,165.73,244.52,68.48,25.87,142,False
F001,Smart Campus,B001,Building 1,BLK-1,Block 1,2026-08-24 18:00:00,482.01,174.95,233.35,110.53,23.1,194,False
F001,Smart Campus,B001,Building 1,BLK-2,Block 2,2026-08-24 18:15:00,559.42,174.35,271.5,64.88,27.71,89,False
F001,Smart Campus,B001,Building 1,BLK-1,Block 1,2026-08-24 18:30:00,494.38,124.52,225.11,113.32,28.73,162,False
F001,Smart Campus,B001,Building 1,BLK-2,Block 2,2026-08-24 18:45:00,477.02,174.12,175.27,89.66,26.51,192,False
F001,Smart Campus,B001,Building 1,BLK-1,Block 1,2026-08-24 19:00:00,521.29,102.13,284.34,75.15,23.48,11,False
F001,Smart Campus,B001,Building 1,BLK-2,Block 2,2026-08-24 19:15:00,503.73,156.77,244.38,87.56,24.69,50,False
F001,Smart Campus,B001,Building 1,BLK-1,Block 1,2026-08-24 19:30:00,575.0,194.36,158.64,76.2,23.63,8,False
F001,Smart Campus,B001,Building 1,BLK-2,Block 2,2026-08-24 19:45:00,590.79,89.65,174.41,106.51,25.83,40,False
F001,Smart Campus,B001,Building 1,BLK-1,Block 1,2026-08-24 20:00:00,421.01,124.62,164.65,54.04,27.07,10,False
F001,Smart Campus,B001,Building 1,BLK-2,Block 2,2026-08-24 20:15:00,473.2,195.67,239.71,64.62,30.39,34,False
F001,Smart Campus,B001,Building 1,BLK-1,Block 1,2026-08-24 20:30:00,358.2,159.29,156.56,119.24,27.49,39,False
F001,Smart Campus,B001,Building 1,BLK-2,Block 2,2026-08-24 20:45:00,421.23,117.13,196.21,116.48,24.31,39,False
F001,Smart Campus,B001,Building 1,BLK-1,Block 1,2026-08-24 21:00:00,423.95,121.68,287.76,78.07,25.46,4,False
F001,Smart Campus,B001,Building 1,BLK-2,Block 2,2026-08-24 21:15:00,572.02,85.5,279.35,97.68,28.67,3,False
F001,Smart Campus,B001,Building 1,BLK-1,Block 1,2026-08-24 21:30:00,456.86,105.91,205.98,89.31,25.2,21,False
F001,Smart Campus,B001,Building 1,BLK-2,Block 2,2026-08-24 21:45:00,437.54,169.36,208.38,102.55,25.48,24,False
F001,Smart Campus,B001,Building 1,BLK-1,Block 1,2026-08-24 22:00:00,524.37,83.32,244.77,114.84,26.52,33,False
F001,Smart Campus,B001,Building 1,BLK-2,Block 2,2026-08-24 22:15:00,594.95,178.02,233.59,68.04,26.32,13,False
F001,Smart Campus,B001,Building 1,BLK-1,Block 1,2026-08-24 22:30:00,585.1,118.62,227.63,56.14,27.77,30,False
F001,Smart Campus,B001,Building 1,BLK-2,Block 2,2026-08-24 22:45:00,496.95,174.64,281.09,93.23,25.14,40,False
F001,Smart Campus,B001,Building 1,BLK-1,Block 1,2026-08-24 23:00:00,362.45,135.05,290.1,63.44,25.66,31,False
F001,Smart Campus,B001,Building 1,BLK-2,Block 2,2026-08-24 23:15:00,581.5,192.16,173.33,73.48,29.27,26,False
F001,Smart Campus,B001,Building 1,BLK-1,Block 1,2026-08-24 23:30:00,380.53,89.21,159.98,50.79,31.85,30,False
F001,Smart Campus,B001,Building 1,BLK-2,Block 2,2026-08-24 23:45:00,445.96,175.96,292.39,113.8,31.26,31,False
F001,Smart Campus,B001,Building 1,BLK-1,Block 1,2026-08-25 00:00:00,370.71,89.37,220.33,52.82,27.38,50,False
F001,Smart Campus,B001,Building 1,BLK-2,Block 2,2026-08-25 00:15:00,478.13,101.24,204.38,119.43,29.77,3,False
F001,Smart Campus,B001,Building 1,BLK-1,Block 1,2026-08-25 00:30:00,526.78,99.85,179.05,54.53,23.02,12,False
F001,Smart Campus,B001,Building 1,BLK-2,Block 2,2026-08-25 00:45:00,963.38,87.91,497.3,83.18,26.58,40,True
F001,Smart Campus,B001,Building 1,BLK-1,Block 1,2026-08-25 01:00:00,523.08,80.66,247.05,96.81,22.5,33,False
F001,Smart Campus,B001,Building 1,BLK-2,Block 2,2026-08-25 01:15:00,459.99,114.69,248.51,111.67,22.07,11,False
F001,Smart Campus,B001,Building 1,BLK-1,Block 1,2026-08-25 01:30:00,583.4,166.61,153.1,53.86,27.92,4,False
F001,Smart Campus,B001,Building 1,BLK-2,Block 2,2026-08-25 01:45:00,475.3,192.29,255.67,112.02,31.57,6,False
F001,Smart Campus,B001,Building 1,BLK-1,Block 1,2026-08-25 02:00:00,1350.92,155.07,552.14,107.55,22.69,21,True
F001,Smart Campus,B001,Building 1,BLK-2,Block 2,2026-08-25 02:15:00,383.17,196.01,281.83,58.7,28.21,46,False
F001,Smart Campus,B001,Building 1,BLK-1,Block 1,2026-08-25 02:30:00,523.45,167.62,210.08,94.98,25.73,9,False
F001,Smart Campus,B001,Building 1,BLK-2,Block 2,2026-08-25 02:45:00,414.34,161.24,241.14,51.14,25.74,43,False
F001,Smart Campus,B001,Building 1,BLK-1,Block 1,2026-08-25 03:00:00,467.28,178.0,155.03,99.61,30.3,34,False
F001,Smart Campus,B001,Building 1,BLK-2,Block 2,2026-08-25 03:15:00,546.4,121.67,227.01,117.52,31.2,13,False
F001,Smart Campus,B001,Building 1,BLK-1,Block 1,2026-08-25 03:30:00,488.06,171.12,292.94,118.76,28.59,49,False
F001,Smart Campus,B001,Building 1,BLK-2,Block 2,2026-08-25 03:45:00,353.26,143.81,239.29,83.22,31.03,3,False
F001,Smart Campus,B001,Building 1,BLK-1,Block 1,2026-08-25 04:00:00,364.78,83.74,223.38,108.9,23.88,10,False
F001,Smart Campus,B001,Building 1,BLK-2,Block 2,2026-08-25 04:15:00,431.84,113.93,277.61,50.83,29.37,24,False
F001,Smart Campus,B001,Building 1,BLK-1,Block 1,2026-08-25 04:30:00,391.85,81.41,181.78,97.93,27.03,28,False
F001,Smart Campus,B001,Building 1,BLK-2,Block 2,2026-08-25 04:45:00,382.57,178.71,185.73,94.32,26.53,29,False
F001,Smart Campus,B001,Building 1,BLK-1,Block 1,2026-08-25 05:00:00,454.76,179.42,166.2,93.21,22.43,15,False
F001,Smart Campus,B001,Building 1,BLK-2,Block 2,2026-08-25 05:15:00,464.46,191.99,276.6,117.11,22.58,42,False
F001,Smart Campus,B001,Building 1,BLK-1,Block 1,2026-08-25 05:30:00,481.28,80.38,161.53,92.16,29.68,46,False
F001,Smart Campus,B001,Building 1,BLK-2,Block 2,2026-08-25 05:45:00,1042.59,179.9,302.86,130.3,31.9,13,True
F001,Smart Campus,B001,Building 1,BLK-1,Block 1,2026-08-25 06:00:00,550.26,156.61,228.52,110.98,28.95,2,False
F001,Smart Campus,B001,Building 1,BLK-2,Block 2,2026-08-25 06:15:00,399.17,138.6,234.46,95.83,23.58,36,False
F001,Smart Campus,B001,Building 1,BLK-1,Block 1,2026-08-25 06:30:00,500.91,129.48,200.62,94.34,30.33,17,False
F001,Smart Campus,B001,Building 1,BLK-2,Block 2,2026-08-25 06:45:00,545.17,82.86,163.95,117.3,26.91,32,False
F001,Smart Campus,B001,Building 1,BLK-1,Block 1,2026-08-25 07:00:00,567.6,144.87,209.96,86.23,28.45,11,False
F001,Smart Campus,B001,Building 1,BLK-2,Block 2,2026-08-25 07:15:00,460.46,114.22,249.04,108.79,22.26,31,False
F001,Smart Campus,B001,Building 1,BLK-1,Block 1,2026-08-25 07:30:00,546.89,116.61,278.63,53.25,28.87,25,False
F001,Smart Campus,B001,Building 1,BLK-2,Block 2,2026-08-25 07:45:00,419.21,81.21,248.93,114.32,29.26,47,False
F001,Smart Campus,B001,Building 1,BLK-1,Block 1,2026-08-25 08:00:00,535.61,96.17,184.63,88.04,29.02,114,False
F001,Smart Campus,B001,Building 1,BLK-2,Block 2,2026-08-25 08:15:00,363.82,129.47,208.37,92.19,31.16,218,False
F001,Smart Campus,B001,Building 1,BLK-1,Block 1,2026-08-25 08:30:00,357.03,119.52,162.01,97.94,22.45,97,False
F001,Smart Campus,B001,Building 1,BLK-2,Block 2,2026-08-25 08:45:00,410.2,113.21,156.99,77.71,31.62,290,False
F001,Smart Campus,B001,Building 1,BLK-1,Block 1,2026-08-25 09:00:00,581.55,90.05,159.95,50.2,28.47,172,False
F001,Smart Campus,B001,Building 1,BLK-2,Block 2,2026-08-25 09:15:00,552.51,111.1,169.45,112.71,23.38,218,False
F001,Smart Campus,B001,Building 1,BLK-1,Block 1,2026-08-25 09:30:00,503.52,107.96,194.74,96.29,24.46,261,False
F001,Smart Campus,B001,Building 1,BLK-2,Block 2,2026-08-25 09:45:00,493.21,143.47,241.05,87.68,23.95,278,False
F001,Smart Campus,B001,Building 1,BLK-1,Block 1,2026-08-25 10:00:00,401.17,140.17,210.56,61.39,23.11,175,False
F001,Smart Campus,B001,Building 1,BLK-2,Block 2,2026-08-25 10:15:00,425.1,84.32,216.61,72.16,23.99,138,False
F001,Smart Campus,B001,Building 1,BLK-1,Block 1,2026-08-25 10:30:00,359.75,93.83,176.23,81.42,26.2,145,False
F001,Smart Campus,B001,Building 1,BLK-2,Block 2,2026-08-25 10:45:00,456.28,88.47,292.03,65.76,31.02,106,False
F001,Smart Campus,B001,Building 1,BLK-1,Block 1,2026-08-25 11:00:00,568.02,140.1,158.35,56.92,22.42,151,False
F001,Smart Campus,B001,Building 1,BLK-2,Block 2,2026-08-25 11:15:00,587.73,139.45,242.99,81.39,22.93,257,False
F001,Smart Campus,B001,Building 1,BLK-1,Block 1,2026-08-25 11:30:00,460.32,132.22,281.53,75.56,29.0,157,False
F001,Smart Campus,B001,Building 1,BLK-2,Block 2,2026-08-25 11:45:00,530.02,102.61,269.23,115.2,27.5,207,False
F001,Smart Campus,B001,Building 1,BLK-1,Block 1,2026-08-25 12:00:00,539.28,97.73,208.54,56.08,28.02,131,False
F001,Smart Campus,B001,Building 1,BLK-2,Block 2,2026-08-25 12:15:00,477.62,151.51,168.43,72.51,23.24,105,False
F001,Smart Campus,B001,Building 1,BLK-1,Block 1,2026-08-25 12:30:00,371.77,186.55,224.49,105.93,30.97,243,False
F001,Smart Campus,B001,Building 1,BLK-2,Block 2,2026-08-25 12:45:00,507.62,127.86,161.04,51.5,30.22,121,False
F001,Smart Campus,B001,Building 1,BLK-1,Block 1,2026-08-25 13:00:00,595.27,153.18,157.37,63.63,29.53,217,False
F001,Smart Campus,B001,Building 1,BLK-2,Block 2,2026-08-25 13:15:00,514.91,192.89,260.92,97.16,22.35,101,False
F001,Smart Campus,B001,Building 1,BLK-1,Block 1,2026-08-25 13:30:00,533.34,128.45,277.1,115.3,25.51,225,False
F001,Smart Campus,B001,Building 1,BLK-2,Block 2,2026-08-25 13:45:00,531.21,124.92,174.4,55.54,26.7,255,False
F001,Smart Campus,B001,Building 1,BLK-1,Block 1,2026-08-25 14:00:00,526.23,193.06,270.28,103.98,25.55,138,False
F001,Smart Campus,B001,Building 1,BLK-2,Block 2,2026-08-25 14:15:00,590.1,115.3,202.08,106.95,31.13,176,False
F001,Smart Campus,B001,Building 1,BLK-1,Block 1,2026-08-25 14:30:00,564.61,116.84,150.89,96.67,29.1,232,False
F001,Smart Campus,B001,Building 1,BLK-2,Block 2,2026-08-25 14:45:00,429.43,83.21,233.32,98.23,23.39,150,False
F001,Smart Campus,B001,Building 1,BLK-1,Block 1,2026-08-25 15:00:00,511.32,123.18,178.83,66.08,27.53,299,False
F001,Smart Campus,B001,Building 1,BLK-2,Block 2,2026-08-25 15:15:00,505.04,169.86,155.0,65.54,25.03,117,False
F001,Smart Campus,B001,Building 1,BLK-1,Block 1,2026-08-25 15:30:00,479.87,89.34,224.13,100.3,31.64,150,False
F001,Smart Campus,B001,Building 1,BLK-2,Block 2,2026-08-25 15:45:00,351.15,96.52,206.39,84.82,26.29,293,False
F001,Smart Campus,B001,Building 1,BLK-1,Block 1,2026-08-25 16:00:00,548.9,165.33,233.38,111.31,24.24,219,False
F001,Smart Campus,B001,Building 1,BLK-2,Block 2,2026-08-25 16:15:00,576.76,101.54,293.53,61.23,31.08,165,False
F001,Smart Campus,B001,Building 1,BLK-1,Block 1,2026-08-25 16:30:00,436.3,128.64,295.62,89.64,28.19,219,False
F001,Smart Campus,B001,Building 1,BLK-2,Block 2,2026-08-25 16:45:00,518.92,152.72,232.63,104.18,25.82,109,False
F001,Smart Campus,B001,Building 1,BLK-1,Block 1,2026-08-25 17:00:00,395.12,159.07,160.84,65.05,23.08,120,False
F001,Smart Campus,B001,Building 1,BLK-2,Block 2,2026-08-25 17:15:00,516.47,137.97,282.42,86.54,29.14,143,False
F001,Smart Campus,B001,Building 1,BLK-1,Block 1,2026-08-25 17:30:00,463.41,98.66,231.88,99.5,27.18,168,False
F001,Smart Campus,B001,Building 1,BLK-2,Block 2,2026-08-25 17:45:00,401.96,113.65,209.03,110.57,27.05,155,False
F001,Smart Campus,B001,Building 1,BLK-1,Block 1,2026-08-25 18:00:00,357.05,91.82,251.79,101.69,23.12,114,False
F001,Smart Campus,B001,Building 1,BLK-2,Block 2,2026-08-25 18:15:00,395.66,106.07,212.99,52.22,22.79,241,False
F001,Smart Campus,B001,Building 1,BLK-1,Block 1,2026-08-25 18:30:00,510.17,170.03,218.32,106.3,31.95,263,False
F001,Smart Campus,B001,Building 1,BLK-2,Block 2,2026-08-25 18:45:00,499.91,167.16,271.5,100.08,23.08,95,False
F001,Smart Campus,B001,Building 1,BLK-1,Block 1,2026-08-25 19:00:00,351.77,176.37,180.17,63.86,24.35,43,False
F001,Smart Campus,B001,Building 1,BLK-2,Block 2,2026-08-25 19:15:00,519.47,148.95,179.26,91.21,28.9,25,False
F001,Smart Campus,B001,Building 1,BLK-1,Block 1,2026-08-25 19:30:00,447.2,163.21,280.24,84.76,23.53,8,False
F001,Smart Campus,B001,Building 1,BLK-2,Block 2,2026-08-25 19:45:00,394.65,150.46,206.13,50.16,29.57,48,False
F001,Smart Campus,B001,Building 1,BLK-1,Block 1,2026-08-25 20:00:00,553.71,109.72,282.81,53.52,29.67,36,False
F001,Smart Campus,B001,Building 1,BLK-2,Block 2,2026-08-25 20:15:00,479.32,92.18,241.22,67.45,31.91,23,False
F001,Smart Campus,B001,Building 1,BLK-1,Block 1,2026-08-25 20:30:00,389.76,165.08,279.54,96.59,24.43,32,False
F001,Smart Campus,B001,Building 1,BLK-2,Block 2,2026-08-25 20:45:00,526.56,152.15,187.75,109.46,31.78,4,False
F001,Smart Campus,B001,Building 1,BLK-1,Block 1,2026-08-25 21:00:00,581.88,85.17,171.84,74.34,22.12,43,False
F001,Smart Campus,B001,Building 1,BLK-2,Block 2,2026-08-25 21:15:00,445.48,180.98,192.62,87.3,23.13,33,False
F001,Smart Campus,B001,Building 1,BLK-1,Block 1,2026-08-25 21:30:00,426.83,144.0,178.04,56.83,24.26,8,False
F001,Smart Campus,B001,Building 1,BLK-2,Block 2,2026-08-25 21:45:00,411.61,146.37,286.77,92.13,31.69,17,False
F001,Smart Campus,B001,Building 1,BLK-1,Block 1,2026-08-25 22:00:00,501.4,143.74,186.96,51.34,28.17,42,False
F001,Smart Campus,B001,Building 1,BLK-2,Block 2,2026-08-25 22:15:00,869.73,188.46,501.57,192.3,24.3,19,True
F001,Smart Campus,B001,Building 1,BLK-1,Block 1,2026-08-25 22:30:00,576.64,174.9,206.15,52.61,27.09,36,False
F001,Smart Campus,B001,Building 1,BLK-2,Block 2,2026-08-25 22:45:00,406.14,95.03,270.24,72.27,26.46,11,False
F001,Smart Campus,B001,Building 1,BLK-1,Block 1,2026-08-25 23:00:00,582.74,104.67,253.91,82.29,28.38,24,False
F001,Smart Campus,B001,Building 1,BLK-2,Block 2,2026-08-25 23:15:00,458.62,163.82,218.28,87.78,26.3,42,False
F001,Smart Campus,B001,Building 1,BLK-1,Block 1,2026-08-25 23:30:00,452.56,130.26,297.68,58.44,27.96,47,False
F001,Smart Campus,B001,Building 1,BLK-2,Block 2,2026-08-25 23:45:00,425.89,196.29,227.4,60.05,24.94,28,False
F001,Smart Campus,B001,Building 1,BLK-1,Block 1,2026-08-26 00:00:00,542.47,95.11,248.56,100.65,28.01,1,False
F001,Smart Campus,B001,Building 1,BLK-2,Block 2,2026-08-26 00:15:00,384.93,84.68,267.76,101.7,22.28,15,False
F001,Smart Campus,B001,Building 1,BLK-1,Block 1,2026-08-26 00:30:00,470.72,139.18,295.87,62.85,22.78,45,False
F001,Smart Campus,B001,Building 1,BLK-2,Block 2,2026-08-26 00:45:00,508.14,105.41,201.8,71.95,22.35,43,False
F001,Smart Campus,B001,Building 1,BLK-1,Block 1,2026-08-26 01:00:00,506.8,180.41,207.82,117.49,29.41,46,False
F001,Smart Campus,B001,Building 1,BLK-2,Block 2,2026-08-26 01:15:00,395.61,188.26,299.18,115.09,25.82,9,False
F001,Smart Campus,B001,Building 1,BLK-1,Block 1,2026-08-26 01:30:00,352.81,157.62,200.87,85.93,28.39,38,False
F001,Smart Campus,B001,Building 1,BLK-2,Block 2,2026-08-26 01:45:00,512.63,126.53,254.34,103.19,24.87,38,False
F001,Smart Campus,B001,Building 1,BLK-1,Block 1,2026-08-26 02:00:00,585.75,150.14,263.28,113.73,30.04,18,False
F001,Smart Campus,B001,Building 1,BLK-2,Block 2,2026-08-26 02:15:00,566.84,131.39,160.28,91.66,25.52,37,False
F001,Smart Campus,B001,Building 1,BLK-1,Block 1,2026-08-26 02:30:00,492.45,144.35,230.56,83.31,29.65,35,False
F001,Smart Campus,B001,Building 1,BLK-2,Block 2,2026-08-26 02:45:00,547.96,131.77,165.6,107.61,25.98,3,False
F001,Smart Campus,B001,Building 1,BLK-1,Block 1,2026-08-26 03:00:00,581.52,169.0,210.84,77.75,27.71,37,False
F001,Smart Campus,B001,Building 1,BLK-2,Block 2,2026-08-26 03:15:00,386.97,171.25,238.2,100.98,25.68,44,False
F001,Smart Campus,B001,Building 1,BLK-1,Block 1,2026-08-26 03:30:00,565.77,113.14,241.64,103.86,28.21,30,False
F001,Smart Campus,B001,Building 1,BLK-2,Block 2,2026-08-26 03:45:00,394.98,148.27,253.52,96.58,24.63,38,False
F001,Smart Campus,B001,Building 1,BLK-1,Block 1,2026-08-26 04:00:00,581.7,147.25,212.0,75.04,22.26,29,False
F001,Smart Campus,B001,Building 1,BLK-2,Block 2,2026-08-26 04:15:00,394.73,196.32,226.7,94.24,29.41,50,False
F001,Smart Campus,B001,Building 1,BLK-1,Block 1,2026-08-26 04:30:00,551.78,184.68,251.94,88.45,29.35,39,False
F001,Smart Campus,B001,Building 1,BLK-2,Block 2,2026-08-26 04:45:00,401.25,136.92,232.29,78.8,31.89,26,False
F001,Smart Campus,B001,Building 1,BLK-1,Block 1,2026-08-26 05:00:00,588.38,152.76,247.29,51.12,27.15,27,False
F001,Smart Campus,B001,Building 1,BLK-2,Block 2,2026-08-26 05:15:00,397.66,92.28,195.3,87.02,28.31,15,False
F001,Smart Campus,B001,Building 1,BLK-1,Block 1,2026-08-26 05:30:00,517.91,137.22,273.79,59.24,28.45,17,False
F001,Smart Campus,B001,Building 1,BLK-2,Block 2,2026-08-26 05:45:00,578.59,182.81,182.03,59.68,28.77,22,False
F001,Smart Campus,B001,Building 1,BLK-1,Block 1,2026-08-26 06:00:00,542.48,162.92,201.02,53.15,28.79,1,False
F001,Smart Campus,B001,Building 1,BLK-2,Block 2,2026-08-26 06:15:00,395.85,90.78,192.69,88.41,23.11,19,False
F001,Smart Campus,B001,Building 1,BLK-1,Block 1,2026-08-26 06:30:00,369.28,157.64,269.39,68.66,31.57,34,False
F001,Smart Campus,B001,Building 1,BLK-2,Block 2,2026-08-26 06:45:00,583.74,98.8,226.33,101.76,23.99,23,False
F001,Smart Campus,B001,Building 1,BLK-1,Block 1,2026-08-26 07:00:00,473.85,173.36,199.38,75.18,28.91,12,False
F001,Smart Campus,B001,Building 1,BLK-2,Block 2,2026-08-26 07:15:00,578.78,182.68,248.41,112.16,28.1,16,False
F001,Smart Campus,B001,Building 1,BLK-1,Block 1,2026-08-26 07:30:00,458.26,187.83,222.37,74.68,22.91,41,False
F001,Smart Campus,B001,Building 1,BLK-2,Block 2,2026-08-26 07:45:00,557.07,130.4,237.6,87.07,29.68,47,False
F001,Smart Campus,B001,Building 1,BLK-1,Block 1,2026-08-26 08:00:00,531.35,121.92,269.28,57.85,29.95,125,False
F001,Smart Campus,B001,Building 1,BLK-2,Block 2,2026-08-26 08:15:00,581.48,195.88,281.69,87.96,28.48,255,False
F001,Smart Campus,B001,Building 1,BLK-1,Block 1,2026-08-26 08:30:00,460.51,108.19,262.31,65.96,22.5,260,False
F001,Smart Campus,B001,Building 1,BLK-2,Block 2,2026-08-26 08:45:00,396.87,175.42,288.32,82.81,25.64,159,False
F001,Smart Campus,B001,Building 1,BLK-1,Block 1,2026-08-26 09:00:00,559.06,103.55,252.86,54.44,22.07,211,False
F001,Smart Campus,B001,Building 1,BLK-2,Block 2,2026-08-26 09:15:00,510.74,148.02,266.03,69.75,28.17,253,False
F001,Smart Campus,B001,Building 1,BLK-1,Block 1,2026-08-26 09:30:00,592.32,103.69,256.79,113.38,28.25,292,False
F001,Smart Campus,B001,Building 1,BLK-2,Block 2,2026-08-26 09:45:00,364.37,164.88,229.81,91.5,25.92,118,False
F001,Smart Campus,B001,Building 1,BLK-1,Block 1,2026-08-26 10:00:00,903.26,100.86,517.72,207.27,29.49,143,True
F001,Smart Campus,B001,Building 1,BLK-2,Block 2,2026-08-26 10:15:00,444.89,156.97,285.26,119.67,31.55,253,False
F001,Smart Campus,B001,Building 1,BLK-1,Block 1,2026-08-26 10:30:00,491.31,167.68,277.31,57.62,28.44,284,False
F001,Smart Campus,B001,Building 1,BLK-2,Block 2,2026-08-26 10:45:00,427.92,143.53,177.92,99.73,25.37,97,False
F001,Smart Campus,B001,Building 1,BLK-1,Block 1,2026-08-26 11:00:00,424.56,199.92,168.94,50.25,29.04,121,False
F001,Smart Campus,B001,Building 1,BLK-2,Block 2,2026-08-26 11:15:00,389.99,154.71,225.49,53.68,25.99,139,False
F001,Smart Campus,B001,Building 1,BLK-1,Block 1,2026-08-26 11:30:00,575.0,86.72,219.92,76.68,27.96,144,False
F001,Smart Campus,B001,Building 1,BLK-2,Block 2,2026-08-26 11:45:00,385.23,192.33,296.19,67.19,24.15,140,False
F001,Smart Campus,B001,Building 1,BLK-1,Block 1,2026-08-26 12:00:00,584.74,122.9,221.47,52.08,29.69,193,False
F001,Smart Campus,B001,Building 1,BLK-2,Block 2,2026-08-26 12:15:00,456.01,153.17,215.23,79.76,29.51,189,False
F001,Smart Campus,B001,Building 1,BLK-1,Block 1,2026-08-26 12:30:00,566.14,83.17,196.19,56.4,26.35,293,False
F001,Smart Campus,B001,Building 1,BLK-2,Block 2,2026-08-26 12:45:00,452.58,141.41,267.76,81.22,23.64,83,False
F001,Smart Campus,B001,Building 1,BLK-1,Block 1,2026-08-26 13:00:00,507.49,86.91,166.31,93.23,29.89,221,False
F001,Smart Campus,B001,Building 1,BLK-2,Block 2,2026-08-26 13:15:00,444.08,97.97,245.58,51.33,25.98,149,False
F001,Smart Campus,B001,Building 1,BLK-1,Block 1,2026-08-26 13:30:00,491.16,92.38,211.6,51.46,24.86,256,False
F001,Smart Campus,B001,Building 1,BLK-2,Block 2,2026-08-26 13:45:00,565.57,87.08,266.03,62.31,27.51,264,False
F001,Smart Campus,B001,Building 1,BLK-1,Block 1,2026-08-26 14:00:00,353.94,183.2,256.09,54.85,28.05,259,False
F001,Smart Campus,B001,Building 1,BLK-2,Block 2,2026-08-26 14:15:00,373.14,100.0,278.94,82.44,24.8,132,False
F001,Smart Campus,B001,Building 1,BLK-1,Block 1,2026-08-26 14:30:00,435.84,179.44,195.36,57.01,25.82,127,False
F001,Smart Campus,B001,Building 1,BLK-2,Block 2,2026-08-26 14:45:00,485.17,147.65,204.12,54.75,31.98,223,False
F001,Smart Campus,B001,Building 1,BLK-1,Block 1,2026-08-26 15:00:00,469.31,81.34,243.84,97.89,25.87,88,False
F001,Smart Campus,B001,Building 1,BLK-2,Block 2,2026-08-26 15:15:00,553.33,109.88,288.78,76.68,23.0,287,False
F001,Smart Campus,B001,Building 1,BLK-1,Block 1,2026-08-26 15:30:00,459.68,95.32,203.57,83.04,31.22,137,False
F001,Smart Campus,B001,Building 1,BLK-2,Block 2,2026-08-26 15:45:00,580.74,118.59,256.46,70.25,25.57,220,False
F001,Smart Campus,B001,Building 1,BLK-1,Block 1,2026-08-26 16:00:00,934.53,131.61,485.65,227.58,25.76,254,True
F001,Smart Campus,B001,Building 1,BLK-2,Block 2,2026-08-26 16:15:00,535.87,143.02,164.1,115.9,25.93,291,False
F001,Smart Campus,B001,Building 1,BLK-1,Block 1,2026-08-26 16:30:00,352.7,170.61,290.78,91.69,27.47,285,False
F001,Smart Campus,B001,Building 1,BLK-2,Block 2,2026-08-26 16:45:00,562.9,94.14,213.41,71.33,31.29,273,False
F001,Smart Campus,B001,Building 1,BLK-1,Block 1,2026-08-26 17:00:00,565.33,102.84,209.7,103.46,28.41,227,False
F001,Smart Campus,B001,Building 1,BLK-2,Block 2,2026-08-26 17:15:00,401.94,110.29,280.99,78.91,25.2,262,False
F001,Smart Campus,B001,Building 1,BLK-1,Block 1,2026-08-26 17:30:00,539.06,120.36,277.04,82.53,23.47,290,False
F001,Smart Campus,B001,Building 1,BLK-2,Block 2,2026-08-26 17:45:00,375.5,139.3,273.78,104.56,28.62,264,False
F001,Smart Campus,B001,Building 1,BLK-1,Block 1,2026-08-26 18:00:00,415.06,182.43,267.94,70.65,25.14,174,False
F001,Smart Campus,B001,Building 1,BLK-2,Block 2,2026-08-26 18:15:00,423.06,97.25,272.85,67.28,24.86,187,False
F001,Smart Campus,B001,Building 1,BLK-1,Block 1,2026-08-26 18:30:00,422.06,148.3,207.71,54.25,28.03,146,False
F001,Smart Campus,B001,Building 1,BLK-2,Block 2,2026-08-26 18:45:00,380.01,148.46,272.35,114.86,29.04,132,False
F001,Smart Campus,B001,Building 1,BLK-1,Block 1,2026-08-26 19:00:00,422.39,180.54,164.91,118.71,26.4,27,False
F001,Smart Campus,B001,Building 1,BLK-2,Block 2,2026-08-26 19:15:00,417.33,112.71,208.86,98.69,22.28,0,False
F001,Smart Campus,B001,Building 1,BLK-1,Block 1,2026-08-26 19:30:00,422.81,148.88,219.24,57.32,23.64,13,False
F001,Smart Campus,B001,Building 1,BLK-2,Block 2,2026-08-26 19:45:00,449.51,129.79,183.75,100.02,31.86,15,False
F001,Smart Campus,B001,Building 1,BLK-1,Block 1,2026-08-26 20:00:00,471.23,181.8,253.16,71.31,23.92,23,False
F001,Smart Campus,B001,Building 1,BLK-2,Block 2,2026-08-26 20:15:00,559.3,119.58,267.77,91.25,31.52,41,False
F001,Smart Campus,B001,Building 1,BLK-1,Block 1,2026-08-26 20:30:00,485.6,138.68,267.87,55.29,25.69,45,False
F001,Smart Campus,B001,Building 1,BLK-2,Block 2,2026-08-26 20:45:00,425.18,156.45,232.56,85.8,28.58,47,False
F001,Smart Campus,B001,Building 1,BLK-1,Block 1,2026-08-26 21:00:00,525.79,99.59,255.06,86.51,31.36,45,False
F001,Smart Campus,B001,Building 1,BLK-2,Block 2,2026-08-26 21:15:00,382.23,142.83,257.49,109.44,30.27,35,False
F001,Smart Campus,B001,Building 1,BLK-1,Block 1,2026-08-26 21:30:00,474.24,80.29,297.99,63.52,23.55,10,False
F001,Smart Campus,B001,Building 1,BLK-2,Block 2,2026-08-26 21:45:00,497.37,143.4,184.86,113.07,31.31,34,False
F001,Smart Campus,B001,Building 1,BLK-1,Block 1,2026-08-26 22:00:00,380.08,171.66,265.4,64.29,30.24,13,False
F001,Smart Campus,B001,Building 1,BLK-2,Block 2,2026-08-26 22:15:00,490.06,161.32,269.84,69.34,29.71,13,False
F001,Smart Campus,B001,Building 1,BLK-1,Block 1,2026-08-26 22:30:00,479.88,107.04,244.71,72.37,30.85,50,False
F001,Smart Campus,B001,Building 1,BLK-2,Block 2,2026-08-26 22:45:00,572.14,108.47,159.94,117.34,23.96,16,False
F001,Smart Campus,B001,Building 1,BLK-1,Block 1,2026-08-26 23:00:00,577.69,141.47,276.52,95.93,30.51,37,False
F001,Smart Campus,B001,Building 1,BLK-2,Block 2,2026-08-26 23:15:00,389.17,168.27,157.73,112.94,24.74,10,False
F001,Smart Campus,B001,Building 1,BLK-1,Block 1,2026-08-26 23:30:00,444.11,149.87,272.48,115.49,31.3,5,False
F001,Smart Campus,B001,Building 1,BLK-2,Block 2,2026-08-26 23:45:00,493.62,141.12,161.81,55.06,23.13,21,False
F001,Smart Campus,B001,Building 1,BLK-1,Block 1,2026-08-27 00:00:00,406.02,165.63,187.76,95.21,25.68,34,False
F001,Smart Campus,B001,Building 1,BLK-2,Block 2,2026-08-27 00:15:00,485.81,129.6,253.79,98.88,31.59,28,False
F001,Smart Campus,B001,Building 1,BLK-1,Block 1,2026-08-27 00:30:00,542.89,126.19,271.27,68.34,25.86,14,False
F001,Smart Campus,B001,Building 1,BLK-2,Block 2,2026-08-27 00:45:00,500.59,132.31,191.27,66.33,25.96,23,False
F001,Smart Campus,B001,Building 1,BLK-1,Block 1,2026-08-27 01:00:00,511.83,148.77,259.38,86.44,27.85,22,False
F001,Smart Campus,B001,Building 1,BLK-2,Block 2,2026-08-27 01:15:00,518.64,165.1,286.51,74.93,23.13,42,False
F001,Smart Campus,B001,Building 1,BLK-1,Block 1,2026-08-27 01:30:00,579.83,168.46,269.73,102.62,28.57,38,False
F001,Smart Campus,B001,Building 1,BLK-2,Block 2,2026-08-27 01:45:00,515.41,183.91,280.22,86.31,26.02,36,False
F001,Smart Campus,B001,Building 1,BLK-1,Block 1,2026-08-27 02:00:00,534.27,122.48,247.67,98.76,31.02,32,False
F001,Smart Campus,B001,Building 1,BLK-2,Block 2,2026-08-27 02:15:00,391.78,134.13,253.85,93.19,22.8,15,False
F001,Smart Campus,B001,Building 1,BLK-1,Block 1,2026-08-27 02:30:00,430.77,99.61,194.41,114.28,29.08,34,False
F001,Smart Campus,B001,Building 1,BLK-2,Block 2,2026-08-27 02:45:00,542.58,144.76,171.89,57.22,30.24,13,False
F001,Smart Campus,B001,Building 1,BLK-1,Block 1,2026-08-27 03:00:00,472.26,147.85,266.49,79.05,24.14,25,False
F001,Smart Campus,B001,Building 1,BLK-2,Block 2,2026-08-27 03:15:00,365.19,90.99,226.84,109.49,30.85,44,False
F001,Smart Campus,B001,Building 1,BLK-1,Block 1,2026-08-27 03:30:00,419.09,199.76,296.57,71.3,24.24,36,False
F001,Smart Campus,B001,Building 1,BLK-2,Block 2,2026-08-27 03:45:00,560.52,110.82,287.66,101.63,30.37,47,False
F001,Smart Campus,B001,Building 1,BLK-1,Block 1,2026-08-27 04:00:00,870.01,153.3,457.54,163.4,31.88,14,True
F001,Smart Campus,B001,Building 1,BLK-2,Block 2,2026-08-27 04:15:00,441.76,126.94,292.7,101.98,29.83,35,False
F001,Smart Campus,B001,Building 1,BLK-1,Block 1,2026-08-27 04:30:00,570.56,125.29,166.75,77.69,31.92,16,False
F001,Smart Campus,B001,Building 1,BLK-2,Block 2,2026-08-27 04:45:00,454.8,105.68,155.87,80.93,25.47,35,False
F001,Smart Campus,B001,Building 1,BLK-1,Block 1,2026-08-27 05:00:00,475.15,189.72,158.42,103.85,29.29,19,False
F001,Smart Campus,B001,Building 1,BLK-2,Block 2,2026-08-27 05:15:00,515.06,83.04,184.48,58.75,24.61,27,False
F001,Smart Campus,B001,Building 1,BLK-1,Block 1,2026-08-27 05:30:00,592.23,107.0,261.24,97.48,25.46,42,False
F001,Smart Campus,B001,Building 1,BLK-2,Block 2,2026-08-27 05:45:00,397.45,163.05,288.14,55.9,31.11,26,False
F001,Smart Campus,B001,Building 1,BLK-1,Block 1,2026-08-27 06:00:00,464.62,151.75,177.79,97.77,22.69,20,False
F001,Smart Campus,B001,Building 1,BLK-2,Block 2,2026-08-27 06:15:00,579.11,189.08,281.48,87.82,23.81,31,False
F001,Smart Campus,B001,Building 1,BLK-1,Block 1,2026-08-27 06:30:00,385.02,169.54,292.12,79.2,26.97,45,False
F001,Smart Campus,B001,Building 1,BLK-2,Block 2,2026-08-27 06:45:00,404.73,156.99,239.34,108.16,26.74,32,False
F001,Smart Campus,B001,Building 1,BLK-1,Block 1,2026-08-27 07:00:00,593.26,82.87,238.28,59.47,23.38,32,False
F001,Smart Campus,B001,Building 1,BLK-2,Block 2,2026-08-27 07:15:00,579.7,115.12,271.94,109.81,27.75,26,False
F001,Smart Campus,B001,Building 1,BLK-1,Block 1,2026-08-27 07:30:00,437.21,97.22,287.71,119.45,22.05,45,False
F001,Smart Campus,B001,Building 1,BLK-2,Block 2,2026-08-27 07:45:00,596.56,145.28,257.7,76.16,23.15,33,False
F001,Smart Campus,B001,Building 1,BLK-1,Block 1,2026-08-27 08:00:00,396.34,176.73,262.46,93.28,31.03,101,False
F001,Smart Campus,B001,Building 1,BLK-2,Block 2,2026-08-27 08:15:00,441.83,96.75,160.94,63.74,28.93,138,False
F001,Smart Campus,B001,Building 1,BLK-1,Block 1,2026-08-27 08:30:00,517.93,85.84,167.17,72.53,22.71,150,False
F001,Smart Campus,B001,Building 1,BLK-2,Block 2,2026-08-27 08:45:00,460.31,139.62,161.16,71.39,24.59,83,False
F001,Smart Campus,B001,Building 1,BLK-1,Block 1,2026-08-27 09:00:00,594.31,128.87,236.05,59.78,28.05,238,False
F001,Smart Campus,B001,Building 1,BLK-2,Block 2,2026-08-27 09:15:00,589.65,127.7,179.94,111.5,31.22,271,False
F001,Smart Campus,B001,Building 1,BLK-1,Block 1,2026-08-27 09:30:00,515.09,85.83,193.73,53.48,23.37,267,False
F001,Smart Campus,B001,Building 1,BLK-2,Block 2,2026-08-27 09:45:00,831.64,142.72,634.18,226.01,31.49,84,True
F001,Smart Campus,B001,Building 1,BLK-1,Block 1,2026-08-27 10:00:00,1228.33,123.03,304.06,163.05,22.61,281,True
F001,Smart Campus,B001,Building 1,BLK-2,Block 2,2026-08-27 10:15:00,529.85,163.19,175.19,105.61,30.36,201,False
F001,Smart Campus,B001,Building 1,BLK-1,Block 1,2026-08-27 10:30:00,379.3,87.16,221.33,80.56,31.42,222,False
F001,Smart Campus,B001,Building 1,BLK-2,Block 2,2026-08-27 10:45:00,496.45,106.62,285.09,57.91,26.97,107,False
F001,Smart Campus,B001,Building 1,BLK-1,Block 1,2026-08-27 11:00:00,518.23,152.39,239.52,74.56,28.55,132,False
F001,Smart Campus,B001,Building 1,BLK-2,Block 2,2026-08-27 11:15:00,362.27,146.96,245.41,58.44,31.14,96,False
F001,Smart Campus,B001,Building 1,BLK-1,Block 1,2026-08-27 11:30:00,376.6,152.01,193.22,98.68,31.87,109,False
F001,Smart Campus,B001,Building 1,BLK-2,Block 2,2026-08-27 11:45:00,518.38,142.26,165.96,59.92,28.37,136,False
F001,Smart Campus,B001,Building 1,BLK-1,Block 1,2026-08-27 12:00:00,533.01,170.48,256.27,111.55,31.06,166,False
F001,Smart Campus,B001,Building 1,BLK-2,Block 2,2026-08-27 12:15:00,354.73,133.01,283.05,78.75,22.13,95,False
F001,Smart Campus,B001,Building 1,BLK-1,Block 1,2026-08-27 12:30:00,564.53,110.36,174.16,50.26,25.47,234,False
F001,Smart Campus,B001,Building 1,BLK-2,Block 2,2026-08-27 12:45:00,581.54,136.14,255.21,57.69,22.17,215,False
F001,Smart Campus,B001,Building 1,BLK-1,Block 1,2026-08-27 13:00:00,506.91,181.39,207.99,95.04,26.51,254,False
F001,Smart Campus,B001,Building 1,BLK-2,Block 2,2026-08-27 13:15:00,486.91,149.6,237.54,54.42,28.97,281,False
F001,Smart Campus,B001,Building 1,BLK-1,Block 1,2026-08-27 13:30:00,437.4,154.51,252.85,54.96,22.36,119,False
F001,Smart Campus,B001,Building 1,BLK-2,Block 2,2026-08-27 13:45:00,373.77,111.73,238.11,105.13,28.88,152,False
F001,Smart Campus,B001,Building 1,BLK-1,Block 1,2026-08-27 14:00:00,557.23,167.1,168.69,111.22,25.99,240,False
F001,Smart Campus,B001,Building 1,BLK-2,Block 2,2026-08-27 14:15:00,426.56,187.16,288.82,91.55,23.47,196,False
F001,Smart Campus,B001,Building 1,BLK-1,Block 1,2026-08-27 14:30:00,565.24,166.22,170.42,117.63,24.32,135,False
F001,Smart Campus,B001,Building 1,BLK-2,Block 2,2026-08-27 14:45:00,540.31,100.98,253.99,50.66,25.68,89,False
F001,Smart Campus,B001,Building 1,BLK-1,Block 1,2026-08-27 15:00:00,545.58,187.94,255.05,99.94,29.11,236,False
F001,Smart Campus,B001,Building 1,BLK-2,Block 2,2026-08-27 15:15:00,431.34,128.7,203.03,92.9,25.5,187,False
F001,Smart Campus,B001,Building 1,BLK-1,Block 1,2026-08-27 15:30:00,375.39,176.4,185.17,72.36,25.08,146,False
F001,Smart Campus,B001,Building 1,BLK-2,Block 2,2026-08-27 15:45:00,543.21,139.3,152.33,51.18,28.6,210,False
F001,Smart Campus,B001,Building 1,BLK-1,Block 1,2026-08-27 16:00:00,358.61,158.13,264.58,84.97,29.03,291,False
F001,Smart Campus,B001,Building 1,BLK-2,Block 2,2026-08-27 16:15:00,532.42,106.2,282.15,62.44,31.45,222,False
F001,Smart Campus,B001,Building 1,BLK-1,Block 1,2026-08-27 16:30:00,373.98,150.11,210.56,104.15,24.98,246,False
F001,Smart Campus,B001,Building 1,BLK-2,Block 2,2026-08-27 16:45:00,564.89,161.63,265.06,106.02,24.35,152,False
F001,Smart Campus,B001,Building 1,BLK-1,Block 1,2026-08-27 17:00:00,381.58,190.83,280.99,62.69,30.33,209,False
F001,Smart Campus,B001,Building 1,BLK-2,Block 2,2026-08-27 17:15:00,446.05,173.63,212.44,54.73,22.05,86,False
F001,Smart Campus,B001,Building 1,BLK-1,Block 1,2026-08-27 17:30:00,554.06,136.05,229.34,77.89,22.27,177,False
F001,Smart Campus,B001,Building 1,BLK-2,Block 2,2026-08-27 17:45:00,1244.95,93.16,369.71,155.34,29.05,153,True
F001,Smart Campus,B001,Building 1,BLK-1,Block 1,2026-08-27 18:00:00,598.17,140.97,263.8,56.53,30.82,185,False
F001,Smart Campus,B001,Building 1,BLK-2,Block 2,2026-08-27 18:15:00,559.75,160.13,238.7,118.46,23.95,232,False
F001,Smart Campus,B001,Building 1,BLK-1,Block 1,2026-08-27 18:30:00,546.14,182.98,197.06,81.65,30.5,185,False
F001,Smart Campus,B001,Building 1,BLK-2,Block 2,2026-08-27 18:45:00,583.83,121.04,151.86,86.52,28.42,284,False
F001,Smart Campus,B001,Building 1,BLK-1,Block 1,2026-08-27 19:00:00,554.59,184.38,257.67,88.05,26.87,15,False
F001,Smart Campus,B001,Building 1,BLK-2,Block 2,2026-08-27 19:15:00,511.29,82.55,271.19,68.35,28.52,40,False
F001,Smart Campus,B001,Building 1,BLK-1,Block 1,2026-08-27 19:30:00,536.93,153.14,269.61,102.97,29.59,11,False
F001,Smart Campus,B001,Building 1,BLK-2,Block 2,2026-08-27 19:45:00,541.27,199.91,289.1,78.19,27.68,2,False
F001,Smart Campus,B001,Building 1,BLK-1,Block 1,2026-08-27 20:00:00,409.56,103.93,264.96,63.06,28.19,40,False
F001,Smart Campus,B001,Building 1,BLK-2,Block 2,2026-08-27 20:15:00,371.91,118.94,298.88,50.25,31.48,49,False
F001,Smart Campus,B001,Building 1,BLK-1,Block 1,2026-08-27 20:30:00,412.75,178.67,178.45,84.09,25.98,5,False
F001,Smart Campus,B001,Building 1,BLK-2,Block 2,2026-08-27 20:45:00,1213.42,168.76,472.82,100.12,30.57,10,True
F001,Smart Campus,B001,Building 1,BLK-1,Block 1,2026-08-27 21:00:00,553.61,84.87,268.27,52.1,23.71,3,False
F001,Smart Campus,B001,Building 1,BLK-2,Block 2,2026-08-27 21:15:00,369.88,122.22,187.49,51.56,25.79,30,False
F001,Smart Campus,B001,Building 1,BLK-1,Block 1,2026-08-27 21:30:00,369.44,194.54,217.81,107.95,29.0,35,False
F001,Smart Campus,B001,Building 1,BLK-2,Block 2,2026-08-27 21:45:00,557.1,185.84,178.33,84.08,27.56,36,False
F001,Smart Campus,B001,Building 1,BLK-1,Block 1,2026-08-27 22:00:00,524.76,121.88,248.36,118.73,23.89,33,False
F001,Smart Campus,B001,Building 1,BLK-2,Block 2,2026-08-27 22:15:00,550.46,133.87,281.27,62.6,28.85,28,False
F001,Smart Campus,B001,Building 1,BLK-1,Block 1,2026-08-27 22:30:00,567.19,114.62,272.64,54.16,23.72,29,False
F001,Smart Campus,B001,Building 1,BLK-2,Block 2,2026-08-27 22:45:00,386.81,155.22,245.7,109.9,29.83,20,False
F001,Smart Campus,B001,Building 1,BLK-1,Block 1,2026-08-27 23:00:00,575.07,185.13,206.23,85.06,27.93,34,False
F001,Smart Campus,B001,Building 1,BLK-2,Block 2,2026-08-27 23:15:00,482.79,123.32,230.77,84.01,28.51,19,False
F001,Smart Campus,B001,Building 1,BLK-1,Block 1,2026-08-27 23:30:00,466.21,198.26,297.15,89.27,30.57,23,False
F001,Smart Campus,B001,Building 1,BLK-2,Block 2,2026-08-27 23:45:00,474.48,169.47,202.44,68.4,31.56,42,False
F001,Smart Campus,B001,Building 1,BLK-1,Block 1,2026-08-28 00:00:00,425.47,105.69,239.07,108.39,26.58,41,False
F001,Smart Campus,B001,Building 1,BLK-2,Block 2,2026-08-28 00:15:00,1013.48,143.85,443.74,167.88,30.95,25,True
F001,Smart Campus,B001,Building 1,BLK-1,Block 1,2026-08-28 00:30:00,575.23,142.54,189.46,62.56,22.19,11,False
F001,Smart Campus,B001,Building 1,BLK-2,Block 2,2026-08-28 00:45:00,386.04,134.79,157.88,88.36,25.33,31,False
F001,Smart Campus,B001,Building 1,BLK-1,Block 1,2026-08-28 01:00:00,554.67,166.37,298.48,111.78,30.53,1,False
F001,Smart Campus,B001,Building 1,BLK-2,Block 2,2026-08-28 01:15:00,563.19,189.75,164.45,73.41,27.52,40,False
F001,Smart Campus,B001,Building 1,BLK-1,Block 1,2026-08-28 01:30:00,425.36,132.06,269.13,103.7,23.13,7,False
F001,Smart Campus,B001,Building 1,BLK-2,Block 2,2026-08-28 01:45:00,448.68,88.25,208.52,57.74,27.73,10,False
F001,Smart Campus,B001,Building 1,BLK-1,Block 1,2026-08-28 02:00:00,390.3,102.25,266.73,94.47,28.64,50,False
F001,Smart Campus,B001,Building 1,BLK-2,Block 2,2026-08-28 02:15:00,416.39,158.87,167.27,78.76,29.1,49,False
F001,Smart Campus,B001,Building 1,BLK-1,Block 1,2026-08-28 02:30:00,469.93,174.49,279.97,59.92,22.47,25,False
F001,Smart Campus,B001,Building 1,BLK-2,Block 2,2026-08-28 02:45:00,533.82,196.8,189.97,106.0,22.82,24,False
F001,Smart Campus,B001,Building 1,BLK-1,Block 1,2026-08-28 03:00:00,503.33,154.69,252.11,70.8,22.39,19,False
F001,Smart Campus,B001,Building 1,BLK-2,Block 2,2026-08-28 03:15:00,405.92,197.11,214.07,118.87,24.53,31,False
F001,Smart Campus,B001,Building 1,BLK-1,Block 1,2026-08-28 03:30:00,520.66,181.5,287.81,92.4,26.76,0,False
F001,Smart Campus,B001,Building 1,BLK-2,Block 2,2026-08-28 03:45:00,572.46,160.61,246.75,76.92,28.39,28,False
F001,Smart Campus,B001,Building 1,BLK-1,Block 1,2026-08-28 04:00:00,531.47,84.3,219.86,86.52,29.61,46,False
F001,Smart Campus,B001,Building 1,BLK-2,Block 2,2026-08-28 04:15:00,425.92,195.69,176.77,52.69,26.39,42,False
F001,Smart Campus,B001,Building 1,BLK-1,Block 1,2026-08-28 04:30:00,397.21,128.87,163.27,61.19,31.15,22,False
F001,Smart Campus,B001,Building 1,BLK-2,Block 2,2026-08-28 04:45:00,386.73,135.9,264.78,76.78,24.32,50,False
F001,Smart Campus,B001,Building 1,BLK-1,Block 1,2026-08-28 05:00:00,572.26,160.91,173.77,104.9,31.05,10,False
F001,Smart Campus,B001,Building 1,BLK-2,Block 2,2026-08-28 05:15:00,503.46,85.23,297.54,91.41,22.8,4,False
F001,Smart Campus,B001,Building 1,BLK-1,Block 1,2026-08-28 05:30:00,436.21,145.21,270.97,112.14,27.51,50,False
F001,Smart Campus,B001,Building 1,BLK-2,Block 2,2026-08-28 05:45:00,505.59,116.19,293.96,103.12,26.81,15,False
F001,Smart Campus,B001,Building 1,BLK-1,Block 1,2026-08-28 06:00:00,350.73,119.04,294.81,115.04,27.11,48,False
F001,Smart Campus,B001,Building 1,BLK-2,Block 2,2026-08-28 06:15:00,541.81,127.6,258.09,72.85,31.38,47,False
F001,Smart Campus,B001,Building 1,BLK-1,Block 1,2026-08-28 06:30:00,375.39,97.53,161.44,114.04,30.13,34,False
F001,Smart Campus,B001,Building 1,BLK-2,Block 2,2026-08-28 06:45:00,380.48,171.85,199.5,113.17,31.28,10,False
F001,Smart Campus,B001,Building 1,BLK-1,Block 1,2026-08-28 07:00:00,509.12,171.49,202.17,107.26,29.04,22,False
F001,Smart Campus,B001,Building 1,BLK-2,Block 2,2026-08-28 07:15:00,512.38,152.73,288.05,70.93,28.52,12,False
F001,Smart Campus,B001,Building 1,BLK-1,Block 1,2026-08-28 07:30:00,1184.56,94.16,666.65,176.18,25.06,17,True
F001,Smart Campus,B001,Building 1,BLK-2,Block 2,2026-08-28 07:45:00,430.09,163.1,265.2,83.84,30.52,9,False
F001,Smart Campus,B001,Building 1,BLK-1,Block 1,2026-08-28 08:00:00,413.43,195.23,296.02,52.27,26.3,207,False
F001,Smart Campus,B001,Building 1,BLK-2,Block 2,2026-08-28 08:15:00,478.66,161.84,171.72,109.44,23.39,194,False
F001,Smart Campus,B001,Building 1,BLK-1,Block 1,2026-08-28 08:30:00,578.52,82.36,255.69,63.76,27.6,249,False
F001,Smart Campus,B001,Building 1,BLK-2,Block 2,2026-08-28 08:45:00,523.03,185.58,170.33,53.52,26.34,195,False
F001,Smart Campus,B001,Building 1,BLK-1,Block 1,2026-08-28 09:00:00,391.93,105.26,246.95,59.31,31.14,173,False
F001,Smart Campus,B001,Building 1,BLK-2,Block 2,2026-08-28 09:15:00,428.46,189.88,262.99,91.28,24.47,192,False
F001,Smart Campus,B001,Building 1,BLK-1,Block 1,2026-08-28 09:30:00,499.07,196.35,272.29,71.31,23.75,237,False
F001,Smart Campus,B001,Building 1,BLK-2,Block 2,2026-08-28 09:45:00,438.33,188.68,160.36,58.51,29.15,283,False
F001,Smart Campus,B001,Building 1,BLK-1,Block 1,2026-08-28 10:00:00,534.65,141.09,150.61,104.23,25.32,218,False
F001,Smart Campus,B001,Building 1,BLK-2,Block 2,2026-08-28 10:15:00,403.33,144.27,242.3,105.38,24.7,107,False
F001,Smart Campus,B001,Building 1,BLK-1,Block 1,2026-08-28 10:30:00,410.13,110.43,293.33,64.44,25.08,177,False
F001,Smart Campus,B001,Building 1,BLK-2,Block 2,2026-08-28 10:45:00,574.49,102.87,164.07,69.95,26.69,300,False
F001,Smart Campus,B001,Building 1,BLK-1,Block 1,2026-08-28 11:00:00,563.29,106.14,256.66,90.84,29.38,291,False
F001,Smart Campus,B001,Building 1,BLK-2,Block 2,2026-08-28 11:15:00,391.71,145.49,239.19,78.35,25.35,207,False
F001,Smart Campus,B001,Building 1,BLK-1,Block 1,2026-08-28 11:30:00,353.53,112.61,150.47,68.21,28.57,128,False
F001,Smart Campus,B001,Building 1,BLK-2,Block 2,2026-08-28 11:45:00,557.32,152.77,215.96,72.14,23.68,297,False
F001,Smart Campus,B001,Building 1,BLK-1,Block 1,2026-08-28 12:00:00,534.29,142.63,286.36,101.76,28.13,268,False
F001,Smart Campus,B001,Building 1,BLK-2,Block 2,2026-08-28 12:15:00,453.46,180.11,286.69,101.96,24.19,88,False
F001,Smart Campus,B001,Building 1,BLK-1,Block 1,2026-08-28 12:30:00,556.31,89.98,247.3,115.41,25.64,177,False
F001,Smart Campus,B001,Building 1,BLK-2,Block 2,2026-08-28 12:45:00,389.76,139.91,203.57,106.1,24.66,112,False
F001,Smart Campus,B001,Building 1,BLK-1,Block 1,2026-08-28 13:00:00,582.87,193.91,179.73,70.9,22.22,205,False
F001,Smart Campus,B001,Building 1,BLK-2,Block 2,2026-08-28 13:15:00,550.87,89.69,277.29,99.42,30.13,235,False
F001,Smart Campus,B001,Building 1,BLK-1,Block 1,2026-08-28 13:30:00,472.68,113.79,212.29,52.0,25.58,121,False
F001,Smart Campus,B001,Building 1,BLK-2,Block 2,2026-08-28 13:45:00,560.47,131.12,163.6,82.45,26.62,161,False
F001,Smart Campus,B001,Building 1,BLK-1,Block 1,2026-08-28 14:00:00,438.43,89.14,159.61,101.42,29.4,284,False
F001,Smart Campus,B001,Building 1,BLK-2,Block 2,2026-08-28 14:15:00,385.77,126.95,153.49,109.73,26.09,279,False
F001,Smart Campus,B001,Building 1,BLK-1,Block 1,2026-08-28 14:30:00,384.59,101.74,221.44,89.25,29.18,281,False
F001,Smart Campus,B001,Building 1,BLK-2,Block 2,2026-08-28 14:45:00,417.75,117.88,206.23,86.7,23.68,148,False
F001,Smart Campus,B001,Building 1,BLK-1,Block 1,2026-08-28 15:00:00,403.2,162.73,184.61,57.0,31.62,206,False
F001,Smart Campus,B001,Building 1,BLK-2,Block 2,2026-08-28 15:15:00,597.81,189.74,278.02,58.73,31.77,121,False
F001,Smart Campus,B001,Building 1,BLK-1,Block 1,2026-08-28 15:30:00,464.93,117.69,278.9,68.63,24.02,252,False
F001,Smart Campus,B001,Building 1,BLK-2,Block 2,2026-08-28 15:45:00,441.93,174.51,151.18,116.71,29.42,264,False
F001,Smart Campus,B001,Building 1,BLK-1,Block 1,2026-08-28 16:00:00,1094.23,121.13,359.69,147.31,23.1,150,True
F001,Smart Campus,B001,Building 1,BLK-2,Block 2,2026-08-28 16:15:00,355.96,130.4,221.38,105.86,27.73,297,False
F001,Smart Campus,B001,Building 1,BLK-1,Block 1,2026-08-28 16:30:00,404.05,188.57,293.31,81.26,26.8,177,False
F001,Smart Campus,B001,Building 1,BLK-2,Block 2,2026-08-28 16:45:00,408.99,162.55,150.67,50.49,29.21,133,False
F001,Smart Campus,B001,Building 1,BLK-1,Block 1,2026-08-28 17:00:00,488.34,179.73,210.49,109.25,31.59,257,False
F001,Smart Campus,B001,Building 1,BLK-2,Block 2,2026-08-28 17:15:00,362.31,160.46,182.85,80.07,26.65,299,False
F001,Smart Campus,B001,Building 1,BLK-1,Block 1,2026-08-28 17:30:00,436.9,121.42,242.2,65.54,27.11,94,False
F001,Smart Campus,B001,Building 1,BLK-2,Block 2,2026-08-28 17:45:00,377.39,153.96,267.86,66.16,23.92,103,False
F001,Smart Campus,B001,Building 1,BLK-1,Block 1,2026-08-28 18:00:00,584.18,132.22,297.85,67.44,24.45,195,False
F001,Smart Campus,B001,Building 1,BLK-2,Block 2,2026-08-28 18:15:00,439.34,150.8,293.98,98.84,26.81,134,False
F001,Smart Campus,B001,Building 1,BLK-1,Block 1,2026-08-28 18:30:00,542.77,167.44,258.9,107.07,25.98,174,False
F001,Smart Campus,B001,Building 1,BLK-2,Block 2,2026-08-28 18:45:00,567.77,173.01,274.66,70.93,22.09,176,False
F001,Smart Campus,B001,Building 1,BLK-1,Block 1,2026-08-28 19:00:00,380.5,110.7,224.23,82.85,22.22,42,False
F001,Smart Campus,B001,Building 1,BLK-2,Block 2,2026-08-28 19:15:00,354.36,168.2,274.09,74.19,28.1,15,False
F001,Smart Campus,B001,Building 1,BLK-1,Block 1,2026-08-28 19:30:00,434.37,90.24,185.57,115.88,27.58,29,False
F001,Smart Campus,B001,Building 1,BLK-2,Block 2,2026-08-28 19:45:00,582.15,98.44,296.92,98.58,29.96,41,False
F001,Smart Campus,B001,Building 1,BLK-1,Block 1,2026-08-28 20:00:00,501.82,159.48,270.15,54.86,22.09,14,False
F001,Smart Campus,B001,Building 1,BLK-2,Block 2,2026-08-28 20:15:00,534.55,118.02,283.3,87.58,29.69,25,False
F001,Smart Campus,B001,Building 1,BLK-1,Block 1,2026-08-28 20:30:00,413.42,149.42,173.31,91.37,29.5,11,False
F001,Smart Campus,B001,Building 1,BLK-2,Block 2,2026-08-28 20:45:00,526.78,164.84,293.54,100.1,26.0,9,False
F001,Smart Campus,B001,Building 1,BLK-1,Block 1,2026-08-28 21:00:00,379.98,124.32,272.47,51.6,27.61,46,False
F001,Smart Campus,B001,Building 1,BLK-2,Block 2,2026-08-28 21:15:00,575.27,140.17,192.41,71.62,30.84,3,False
F001,Smart Campus,B001,Building 1,BLK-1,Block 1,2026-08-28 21:30:00,584.82,173.74,221.85,105.52,23.22,42,False
F001,Smart Campus,B001,Building 1,BLK-2,Block 2,2026-08-28 21:45:00,450.18,174.58,200.42,99.72,30.07,19,False
F001,Smart Campus,B001,Building 1,BLK-1,Block 1,2026-08-28 22:00:00,387.35,84.61,156.72,91.85,23.52,9,False
F001,Smart Campus,B001,Building 1,BLK-2,Block 2,2026-08-28 22:15:00,389.61,141.81,292.83,105.72,29.59,14,False
F001,Smart Campus,B001,Building 1,BLK-1,Block 1,2026-08-28 22:30:00,568.01,140.65,188.11,114.52,26.67,38,False
F001,Smart Campus,B001,Building 1,BLK-2,Block 2,2026-08-28 22:45:00,536.75,86.85,273.71,99.6,28.53,23,False
F001,Smart Campus,B001,Building 1,BLK-1,Block 1,2026-08-28 23:00:00,535.04,157.37,254.87,82.17,28.19,35,False
F001,Smart Campus,B001,Building 1,BLK-2,Block 2,2026-08-28 23:15:00,473.49,139.93,155.02,118.8,26.26,14,False
F001,Smart Campus,B001,Building 1,BLK-1,Block 1,2026-08-28 23:30:00,492.76,121.59,240.38,89.33,22.21,38,False
F001,Smart Campus,B001,Building 1,BLK-2,Block 2,2026-08-28 23:45:00,405.45,149.94,293.01,92.63,27.67,20,False
F001,Smart Campus,B001,Building 1,BLK-1,Block 1,2026-08-29 00:00:00,404.43,155.49,235.84,84.01,26.0,15,False
F001,Smart Campus,B001,Building 1,BLK-2,Block 2,2026-08-29 00:15:00,498.74,100.3,193.25,70.77,30.94,8,False
F001,Smart Campus,B001,Building 1,BLK-1,Block 1,2026-08-29 00:30:00,379.56,176.61,162.42,119.37,24.5,26,False
F001,Smart Campus,B001,Building 1,BLK-2,Block 2,2026-08-29 00:45:00,459.03,136.57,175.26,66.44,30.49,9,False
F001,Smart Campus,B001,Building 1,BLK-1,Block 1,2026-08-29 01:00:00,484.0,94.49,243.2,105.18,28.55,49,False
F001,Smart Campus,B001,Building 1,BLK-2,Block 2,2026-08-29 01:15:00,366.15,107.74,256.35,82.27,31.31,28,False
F001,Smart Campus,B001,Building 1,BLK-1,Block 1,2026-08-29 01:30:00,582.85,193.66,162.56,72.18,29.52,20,False
F001,Smart Campus,B001,Building 1,BLK-2,Block 2,2026-08-29 01:45:00,407.29,160.04,216.49,114.56,22.34,14,False
F001,Smart Campus,B001,Building 1,BLK-1,Block 1,2026-08-29 02:00:00,402.73,189.99,186.26,95.88,31.59,11,False
F001,Smart Campus,B001,Building 1,BLK-2,Block 2,2026-08-29 02:15:00,484.41,115.69,294.4,100.2,25.71,17,False
F001,Smart Campus,B001,Building 1,BLK-1,Block 1,2026-08-29 02:30:00,576.58,154.56,257.95,116.49,30.96,46,False
F001,Smart Campus,B001,Building 1,BLK-2,Block 2,2026-08-29 02:45:00,382.11,127.17,275.54,73.61,29.98,20,False
F001,Smart Campus,B001,Building 1,BLK-1,Block 1,2026-08-29 03:00:00,585.47,82.91,266.54,58.25,24.54,10,False
F001,Smart Campus,B001,Building 1,BLK-2,Block 2,2026-08-29 03:15:00,505.88,81.04,298.98,59.21,28.69,11,False
F001,Smart Campus,B001,Building 1,BLK-1,Block 1,2026-08-29 03:30:00,487.91,121.02,271.7,53.26,31.35,20,False
F001,Smart Campus,B001,Building 1,BLK-2,Block 2,2026-08-29 03:45:00,351.85,115.09,249.43,106.35,22.32,13,False
F001,Smart Campus,B001,Building 1,BLK-1,Block 1,2026-08-29 04:00:00,360.0,191.12,257.08,115.0,25.89,48,False
F001,Smart Campus,B001,Building 1,BLK-2,Block 2,2026-08-29 04:15:00,418.62,172.29,254.48,56.21,27.37,0,False
F001,Smart Campus,B001,Building 1,BLK-1,Block 1,2026-08-29 04:30:00,581.71,100.05,255.78,75.06,30.64,50,False
F001,Smart Campus,B001,Building 1,BLK-2,Block 2,2026-08-29 04:45:00,584.71,118.62,209.58,58.82,22.38,31,False
F001,Smart Campus,B001,Building 1,BLK-1,Block 1,2026-08-29 05:00:00,434.86,147.8,202.51,90.2,28.86,7,False
F001,Smart Campus,B001,Building 1,BLK-2,Block 2,2026-08-29 05:15:00,413.91,84.91,198.55,94.26,28.14,21,False
F001,Smart Campus,B001,Building 1,BLK-1,Block 1,2026-08-29 05:30:00,535.05,144.63,201.9,119.29,24.03,45,False
F001,Smart Campus,B001,Building 1,BLK-2,Block 2,2026-08-29 05:45:00,360.96,82.43,194.46,73.64,27.32,11,False
F001,Smart Campus,B001,Building 1,BLK-1,Block 1,2026-08-29 06:00:00,458.08,199.59,163.08,76.96,24.9,26,False
F001,Smart Campus,B001,Building 1,BLK-2,Block 2,2026-08-29 06:15:00,571.69,175.04,172.92,116.13,23.17,13,False
F001,Smart Campus,B001,Building 1,BLK-1,Block 1,2026-08-29 06:30:00,505.64,107.11,205.58,92.66,23.64,24,False
F001,Smart Campus,B001,Building 1,BLK-2,Block 2,2026-08-29 06:45:00,386.1,138.78,163.39,67.36,22.23,39,False
F001,Smart Campus,B001,Building 1,BLK-1,Block 1,2026-08-29 07:00:00,382.52,152.8,271.82,81.09,31.32,44,False
F001,Smart Campus,B001,Building 1,BLK-2,Block 2,2026-08-29 07:15:00,358.31,156.19,189.36,96.36,29.33,17,False
F001,Smart Campus,B001,Building 1,BLK-1,Block 1,2026-08-29 07:30:00,495.08,158.98,254.27,97.31,26.68,2,False
F001,Smart Campus,B001,Building 1,BLK-2,Block 2,2026-08-29 07:45:00,566.2,147.01,236.15,116.79,31.91,28,False
F001,Smart Campus,B001,Building 1,BLK-1,Block 1,2026-08-29 08:00:00,1088.47,171.15,339.55,78.0,30.17,110,True
F001,Smart Campus,B001,Building 1,BLK-2,Block 2,2026-08-29 08:15:00,570.87,188.29,238.99,78.42,31.74,112,False
F001,Smart Campus,B001,Building 1,BLK-1,Block 1,2026-08-29 08:30:00,368.92,174.32,154.44,94.17,25.82,111,False
F001,Smart Campus,B001,Building 1,BLK-2,Block 2,2026-08-29 08:45:00,462.75,128.85,255.48,111.94,29.43,162,False
F001,Smart Campus,B001,Building 1,BLK-1,Block 1,2026-08-29 09:00:00,558.92,102.03,254.21,96.68,29.69,105,False
F001,Smart Campus,B001,Building 1,BLK-2,Block 2,2026-08-29 09:15:00,538.42,82.74,272.25,69.6,23.45,156,False
F001,Smart Campus,B001,Building 1,BLK-1,Block 1,2026-08-29 09:30:00,436.62,122.47,177.4,110.0,23.5,235,False
F001,Smart Campus,B001,Building 1,BLK-2,Block 2,2026-08-29 09:45:00,570.2,166.31,264.0,114.71,25.34,289,False
F001,Smart Campus,B001,Building 1,BLK-1,Block 1,2026-08-29 10:00:00,583.85,133.5,199.63,119.65,26.11,86,False
F001,Smart Campus,B001,Building 1,BLK-2,Block 2,2026-08-29 10:15:00,442.89,114.02,162.07,94.24,28.28,113,False
F001,Smart Campus,B001,Building 1,BLK-1,Block 1,2026-08-29 10:30:00,490.39,183.84,188.54,84.35,24.86,84,False
F001,Smart Campus,B001,Building 1,BLK-2,Block 2,2026-08-29 10:45:00,399.69,84.26,186.02,105.07,25.47,277,False
F001,Smart Campus,B001,Building 1,BLK-1,Block 1,2026-08-29 11:00:00,598.57,122.6,270.78,86.32,24.85,145,False
F001,Smart Campus,B001,Building 1,BLK-2,Block 2,2026-08-29 11:15:00,570.54,137.79,262.93,63.06,27.87,139,False
F001,Smart Campus,B001,Building 1,BLK-1,Block 1,2026-08-29 11:30:00,467.45,167.75,200.4,99.59,24.76,290,False
F001,Smart Campus,B001,Building 1,BLK-2,Block 2,2026-08-29 11:45:00,416.52,187.24,191.43,76.29,22.93,162,False
F001,Smart Campus,B001,Building 1,BLK-1,Block 1,2026-08-29 12:00:00,594.94,173.71,204.33,52.91,28.25,196,False
F001,Smart Campus,B001,Building 1,BLK-2,Block 2,2026-08-29 12:15:00,478.18,88.65,293.27,68.2,22.89,150,False
F001,Smart Campus,B001,Building 1,BLK-1,Block 1,2026-08-29 12:30:00,525.25,168.69,181.84,89.36,23.76,181,False
F001,Smart Campus,B001,Building 1,BLK-2,Block 2,2026-08-29 12:45:00,383.8,99.12,190.81,107.21,23.29,199,False
F001,Smart Campus,B001,Building 1,BLK-1,Block 1,2026-08-29 13:00:00,824.91,194.92,583.78,197.94,27.55,138,True
F001,Smart Campus,B001,Building 1,BLK-2,Block 2,2026-08-29 13:15:00,422.04,163.68,153.21,71.76,31.11,107,False
F001,Smart Campus,B001,Building 1,BLK-1,Block 1,2026-08-29 13:30:00,581.4,185.82,284.23,53.29,22.18,89,False
F001,Smart Campus,B001,Building 1,BLK-2,Block 2,2026-08-29 13:45:00,494.41,111.13,198.65,100.68,28.71,151,False
F001,Smart Campus,B001,Building 1,BLK-1,Block 1,2026-08-29 14:00:00,356.46,144.15,293.95,103.4,31.01,171,False
F001,Smart Campus,B001,Building 1,BLK-2,Block 2,2026-08-29 14:15:00,392.31,171.18,181.64,116.38,26.78,197,False
F001,Smart Campus,B001,Building 1,BLK-1,Block 1,2026-08-29 14:30:00,538.94,89.97,187.53,79.56,23.97,106,False
F001,Smart Campus,B001,Building 1,BLK-2,Block 2,2026-08-29 14:45:00,428.38,185.34,247.46,100.91,24.6,253,False
F001,Smart Campus,B001,Building 1,BLK-1,Block 1,2026-08-29 15:00:00,559.9,179.97,223.38,79.32,24.22,82,False
F001,Smart Campus,B001,Building 1,BLK-2,Block 2,2026-08-29 15:15:00,489.8,194.17,205.37,90.32,27.44,140,False
F001,Smart Campus,B001,Building 1,BLK-1,Block 1,2026-08-29 15:30:00,392.78,181.45,182.31,85.45,31.9,249,False
F001,Smart Campus,B001,Building 1,BLK-2,Block 2,2026-08-29 15:45:00,519.63,85.01,178.21,85.62,27.91,149,False
F001,Smart Campus,B001,Building 1,BLK-1,Block 1,2026-08-29 16:00:00,490.48,124.81,193.99,108.23,27.89,118,False
F001,Smart Campus,B001,Building 1,BLK-2,Block 2,2026-08-29 16:15:00,432.13,114.84,283.11,80.74,26.18,224,False
F001,Smart Campus,B001,Building 1,BLK-1,Block 1,2026-08-29 16:30:00,422.06,160.72,285.55,55.09,30.02,97,False
F001,Smart Campus,B001,Building 1,BLK-2,Block 2,2026-08-29 16:45:00,437.42,161.12,176.05,57.91,28.01,233,False
F001,Smart Campus,B001,Building 1,BLK-1,Block 1,2026-08-29 17:00:00,376.3,133.45,231.28,85.44,22.03,229,False
F001,Smart Campus,B001,Building 1,BLK-2,Block 2,2026-08-29 17:15:00,414.52,188.19,157.67,66.19,31.45,114,False
F001,Smart Campus,B001,Building 1,BLK-1,Block 1,2026-08-29 17:30:00,570.63,168.54,292.93,83.9,30.2,167,False
F001,Smart Campus,B001,Building 1,BLK-2,Block 2,2026-08-29 17:45:00,520.98,93.05,205.13,91.57,27.39,240,False
F001,Smart Campus,B001,Building 1,BLK-1,Block 1,2026-08-29 18:00:00,354.98,168.1,270.57,82.91,30.26,254,False
F001,Smart Campus,B001,Building 1,BLK-2,Block 2,2026-08-29 18:15:00,528.37,153.61,200.8,108.16,31.72,89,False
F001,Smart Campus,B001,Building 1,BLK-1,Block 1,2026-08-29 18:30:00,400.06,155.18,288.82,77.87,31.48,186,False
F001,Smart Campus,B001,Building 1,BLK-2,Block 2,2026-08-29 18:45:00,454.02,195.19,165.48,102.49,24.63,272,False
F001,Smart Campus,B001,Building 1,BLK-1,Block 1,2026-08-29 19:00:00,488.98,90.67,180.4,72.44,23.47,8,False
F001,Smart Campus,B001,Building 1,BLK-2,Block 2,2026-08-29 19:15:00,353.33,181.34,298.27,74.66,22.74,20,False
F001,Smart Campus,B001,Building 1,BLK-1,Block 1,2026-08-29 19:30:00,489.38,100.43,220.22,113.78,29.75,9,False
F001,Smart Campus,B001,Building 1,BLK-2,Block 2,2026-08-29 19:45:00,387.8,182.35,176.93,114.2,30.95,21,False
F001,Smart Campus,B001,Building 1,BLK-1,Block 1,2026-08-29 20:00:00,395.16,91.55,285.84,64.67,27.32,7,False
F001,Smart Campus,B001,Building 1,BLK-2,Block 2,2026-08-29 20:15:00,447.38,185.34,158.74,115.37,29.03,12,False
F001,Smart Campus,B001,Building 1,BLK-1,Block 1,2026-08-29 20:30:00,376.43,167.9,156.41,106.55,31.34,33,False
F001,Smart Campus,B001,Building 1,BLK-2,Block 2,2026-08-29 20:45:00,549.27,189.22,279.15,89.89,25.64,23,False
F001,Smart Campus,B001,Building 1,BLK-1,Block 1,2026-08-29 21:00:00,470.74,98.11,194.38,100.3,30.99,10,False
F001,Smart Campus,B001,Building 1,BLK-2,Block 2,2026-08-29 21:15:00,492.18,96.78,205.07,74.35,29.68,0,False
F001,Smart Campus,B001,Building 1,BLK-1,Block 1,2026-08-29 21:30:00,387.86,122.62,258.9,51.38,25.12,25,False
F001,Smart Campus,B001,Building 1,BLK-2,Block 2,2026-08-29 21:45:00,544.35,89.33,247.3,97.69,30.41,32,False
F001,Smart Campus,B001,Building 1,BLK-1,Block 1,2026-08-29 22:00:00,579.59,181.42,156.07,114.2,26.86,47,False
F001,Smart Campus,B001,Building 1,BLK-2,Block 2,2026-08-29 22:15:00,575.48,183.49,292.63,119.93,27.51,5,False
F001,Smart Campus,B001,Building 1,BLK-1,Block 1,2026-08-29 22:30:00,386.51,126.6,155.06,99.85,26.03,19,False
F001,Smart Campus,B001,Building 1,BLK-2,Block 2,2026-08-29 22:45:00,368.72,150.35,154.95,77.07,27.56,30,False
