facility_id,facility_name,asset_id,asset_name,asset_type,building_name,block_name,timestamp,temperature_c,vibration_mm_s,pressure_bar,power_kw,runtime_hours,operating_hours,age_years,days_since_service,health_score,health_status,abnormal_behavior,maintenance_required,days_to_maintenance
FAC-001,FacilityOps Campus,AST-001,HVAC Unit 1,HVAC,Building A,Block A1,2026-01-01 00:00:00,101.61,3.38,5.01,32.59,0.82,1860.82,4,24.0,14.23,CRITICAL,1,1,5
FAC-001,FacilityOps Campus,AST-001,HVAC Unit 1,HVAC,Building A,Block A1,2026-01-01 01:00:00,55.69,2.21,5.37,13.46,0.98,1861.81,4,24.04,98.29,EXCELLENT,0,0,151
FAC-001,FacilityOps Campus,AST-001,HVAC Unit 1,HVAC,Building A,Block A1,2026-01-01 02:00:00,57.71,2.22,5.07,24.87,0.76,1862.57,4,24.08,97.09,EXCELLENT,0,0,128
FAC-001,FacilityOps Campus,AST-001,HVAC Unit 1,HVAC,Building A,Block A1,2026-01-01 03:00:00,58.28,2.22,5.7,14.54,0.54,1863.11,4,24.12,98.0,EXCELLENT,0,0,149
FAC-001,FacilityOps Campus,AST-001,HVAC Unit 1,HVAC,Building A,Block A1,2026-01-01 04:00:00,57.92,2.07,5.5,15.92,0.8,1863.91,4,24.17,98.79,EXCELLENT,0,0,95
FAC-001,FacilityOps Campus,AST-001,HVAC Unit 1,HVAC,Building A,Block A1,2026-01-01 05:00:00,58.97,2.08,5.52,17.31,0.64,1864.55,4,24.21,98.72,EXCELLENT,0,0,137
FAC-001,FacilityOps Campus,AST-001,HVAC Unit 1,HVAC,Building A,Block A1,2026-01-01 06:00:00,61.0,2.4,6.3,20.16,0.75,1865.3,4,24.25,95.61,EXCELLENT,0,0,149
FAC-001,FacilityOps Campus,AST-001,HVAC Unit 1,HVAC,Building A,Block A1,2026-01-01 07:00:00,62.1,2.28,5.38,20.97,0.4,1865.7,4,24.29,98.34,EXCELLENT,0,0,170
FAC-001,FacilityOps Campus,AST-001,HVAC Unit 1,HVAC,Building A,Block A1,2026-01-01 08:00:00,59.53,2.32,5.89,42.49,0.95,1866.65,4,24.33,97.24,EXCELLENT,0,0,101
FAC-001,FacilityOps Campus,AST-001,HVAC Unit 1,HVAC,Building A,Block A1,2026-01-01 09:00:00,59.49,2.16,5.38,39.34,0.78,1867.43,4,24.38,98.31,EXCELLENT,0,0,154
FAC-001,FacilityOps Campus,AST-001,HVAC Unit 1,HVAC,Building A,Block A1,2026-01-01 10:00:00,55.75,1.97,5.74,35.58,0.66,1868.1,4,24.42,97.86,EXCELLENT,0,0,141
FAC-001,FacilityOps Campus,AST-001,HVAC Unit 1,HVAC,Building A,Block A1,2026-01-01 11:00:00,58.83,2.0,5.63,41.98,0.52,1868.62,4,24.46,98.29,EXCELLENT,0,0,160
FAC-001,FacilityOps Campus,AST-001,HVAC Unit 1,HVAC,Building A,Block A1,2026-01-01 12:00:00,63.72,2.33,5.85,36.41,0.51,1869.13,4,24.5,97.41,EXCELLENT,0,0,164
FAC-001,FacilityOps Campus,AST-001,HVAC Unit 1,HVAC,Building A,Block A1,2026-01-01 13:00:00,74.71,2.93,5.7,45.84,0.79,1869.92,4,24.54,71.03,GOOD,1,0,81
FAC-001,FacilityOps Campus,AST-001,HVAC Unit 1,HVAC,Building A,Block A1,2026-01-01 14:00:00,55.73,2.0,5.36,40.24,0.73,1870.65,4,24.58,98.22,EXCELLENT,0,0,151
FAC-001,FacilityOps Campus,AST-001,HVAC Unit 1,HVAC,Building A,Block A1,2026-01-01 15:00:00,53.2,2.19,5.52,51.99,0.43,1871.09,4,24.62,95.65,EXCELLENT,0,0,90
FAC-001,FacilityOps Campus,AST-001,HVAC Unit 1,HVAC,Building A,Block A1,2026-01-01 16:00:00,57.91,1.91,5.84,36.92,0.54,1871.63,4,24.67,97.43,EXCELLENT,0,0,113
FAC-001,FacilityOps Campus,AST-001,HVAC Unit 1,HVAC,Building A,Block A1,2026-01-01 17:00:00,57.89,2.25,5.65,39.78,0.49,1872.12,4,24.71,98.19,EXCELLENT,0,0,169
FAC-001,FacilityOps Campus,AST-001,HVAC Unit 1,HVAC,Building A,Block A1,2026-01-01 18:00:00,62.27,2.42,5.5,31.18,0.54,1872.65,4,24.75,98.79,EXCELLENT,0,0,141
FAC-001,FacilityOps Campus,AST-001,HVAC Unit 1,HVAC,Building A,Block A1,2026-01-01 19:00:00,59.07,1.58,5.64,30.86,0.84,1873.5,4,24.79,98.22,EXCELLENT,0,0,120
FAC-001,FacilityOps Campus,AST-001,HVAC Unit 1,HVAC,Building A,Block A1,2026-01-01 20:00:00,60.03,1.89,5.57,30.89,0.72,1874.21,4,24.83,98.53,EXCELLENT,0,0,137
FAC-001,FacilityOps Campus,AST-001,HVAC Unit 1,HVAC,Building A,Block A1,2026-01-01 21:00:00,60.5,2.24,5.32,26.76,0.82,1875.03,4,24.88,98.08,EXCELLENT,0,0,109
FAC-001,FacilityOps Campus,AST-001,HVAC Unit 1,HVAC,Building A,Block A1,2026-01-01 22:00:00,59.54,2.5,5.57,29.88,0.41,1875.44,4,24.92,98.53,EXCELLENT,0,0,114
FAC-001,FacilityOps Campus,AST-001,HVAC Unit 1,HVAC,Building A,Block A1,2026-01-01 23:00:00,58.44,1.9,5.81,18.11,0.53,1875.97,4,24.96,97.54,EXCELLENT,0,0,122
FAC-001,FacilityOps Campus,AST-001,HVAC Unit 1,HVAC,Building A,Block A1,2026-01-02 00:00:00,56.84,1.92,5.76,24.38,0.58,1876.56,4,25.0,97.76,EXCELLENT,0,0,148
FAC-001,FacilityOps Campus,AST-001,HVAC Unit 1,HVAC,Building A,Block A1,2026-01-02 01:00:00,55.78,2.0,5.48,20.97,0.94,1877.49,4,25.04,98.71,EXCELLENT,0,0,110
FAC-001,FacilityOps Campus,AST-001,HVAC Unit 1,HVAC,Building A,Block A1,2026-01-02 02:00:00,72.05,4.98,5.46,28.58,0.57,1878.06,4,25.08,34.39,CRITICAL,1,1,0
FAC-001,FacilityOps Campus,AST-001,HVAC Unit 1,HVAC,Building A,Block A1,2026-01-02 03:00:00,59.79,2.35,4.92,29.56,0.45,1878.51,4,25.12,96.47,EXCELLENT,0,0,121
FAC-001,FacilityOps Campus,AST-001,HVAC Unit 1,HVAC,Building A,Block A1,2026-01-02 04:00:00,58.13,1.97,5.35,29.0,0.82,1879.32,4,25.17,98.18,EXCELLENT,0,0,113
FAC-001,FacilityOps Campus,AST-001,HVAC Unit 1,HVAC,Building A,Block A1,2026-01-02 05:00:00,58.23,1.91,5.92,15.62,0.59,1879.92,4,25.21,97.13,EXCELLENT,0,0,98
FAC-001,FacilityOps Campus,AST-001,HVAC Unit 1,HVAC,Building A,Block A1,2026-01-02 06:00:00,55.43,1.86,5.22,26.32,0.92,1880.84,4,25.25,97.67,EXCELLENT,0,0,96
FAC-001,FacilityOps Campus,AST-001,HVAC Unit 1,HVAC,Building A,Block A1,2026-01-02 07:00:00,59.28,2.34,5.84,24.48,0.93,1881.77,4,25.29,97.44,EXCELLENT,0,0,155
FAC-001,FacilityOps Campus,AST-001,HVAC Unit 1,HVAC,Building A,Block A1,2026-01-02 08:00:00,59.63,1.9,5.86,38.32,0.55,1882.32,4,25.33,97.36,EXCELLENT,0,0,104
FAC-001,FacilityOps Campus,AST-001,HVAC Unit 1,HVAC,Building A,Block A1,2026-01-02 09:00:00,58.35,2.22,5.18,34.99,0.77,1883.1,4,25.38,97.51,EXCELLENT,0,0,136
FAC-001,FacilityOps Campus,AST-001,HVAC Unit 1,HVAC,Building A,Block A1,2026-01-02 10:00:00,59.7,2.17,5.35,45.8,0.55,1883.65,4,25.42,98.22,EXCELLENT,0,0,151
FAC-001,FacilityOps Campus,AST-001,HVAC Unit 1,HVAC,Building A,Block A1,2026-01-02 11:00:00,56.92,2.01,6.0,42.95,0.55,1884.2,4,25.46,96.81,EXCELLENT,0,0,137
FAC-001,FacilityOps Campus,AST-001,HVAC Unit 1,HVAC,Building A,Block A1,2026-01-02 12:00:00,57.21,2.25,5.67,39.57,0.66,1884.86,4,25.5,98.11,EXCELLENT,0,0,156
FAC-001,FacilityOps Campus,AST-001,HVAC Unit 1,HVAC,Building A,Block A1,2026-01-02 13:00:00,58.57,2.52,5.29,36.26,0.68,1885.54,4,25.54,97.95,EXCELLENT,0,0,137
FAC-001,FacilityOps Campus,AST-001,HVAC Unit 1,HVAC,Building A,Block A1,2026-01-02 14:00:00,59.94,2.08,4.87,42.3,0.97,1886.51,4,25.58,96.29,EXCELLENT,0,0,141
FAC-001,FacilityOps Campus,AST-001,HVAC Unit 1,HVAC,Building A,Block A1,2026-01-02 15:00:00,58.35,2.21,6.2,38.03,0.5,1887.01,4,25.62,95.98,EXCELLENT,0,0,91
FAC-001,FacilityOps Campus,AST-001,HVAC Unit 1,HVAC,Building A,Block A1,2026-01-02 16:00:00,60.27,2.36,5.54,27.11,0.79,1887.8,4,25.67,98.65,EXCELLENT,0,0,140
FAC-001,FacilityOps Campus,AST-001,HVAC Unit 1,HVAC,Building A,Block A1,2026-01-02 17:00:00,61.2,2.48,5.63,40.68,0.56,1888.36,4,25.71,98.26,EXCELLENT,0,0,135
FAC-001,FacilityOps Campus,AST-001,HVAC Unit 1,HVAC,Building A,Block A1,2026-01-02 18:00:00,80.47,3.2,4.82,41.99,0.91,1889.27,4,25.75,53.54,WARNING,1,1,19
FAC-001,FacilityOps Campus,AST-001,HVAC Unit 1,HVAC,Building A,Block A1,2026-01-02 19:00:00,57.77,2.07,5.52,29.72,0.65,1889.92,4,25.79,98.74,EXCELLENT,0,0,138
FAC-001,FacilityOps Campus,AST-001,HVAC Unit 1,HVAC,Building A,Block A1,2026-01-02 20:00:00,57.08,2.06,5.81,26.03,0.74,1890.66,4,25.83,97.55,EXCELLENT,0,0,144
FAC-001,FacilityOps Campus,AST-001,HVAC Unit 1,HVAC,Building A,Block A1,2026-01-02 21:00:00,56.98,2.27,5.5,28.08,0.9,1891.55,4,25.88,98.79,EXCELLENT,0,0,148
FAC-001,FacilityOps Campus,AST-001,HVAC Unit 1,HVAC,Building A,Block A1,2026-01-02 22:00:00,56.97,2.45,5.53,16.84,0.69,1892.24,4,25.92,98.68,EXCELLENT,0,0,105
FAC-001,FacilityOps Campus,AST-001,HVAC Unit 1,HVAC,Building A,Block A1,2026-01-02 23:00:00,55.48,1.9,5.85,23.29,0.87,1893.12,4,25.96,97.41,EXCELLENT,0,0,142
FAC-001,FacilityOps Campus,AST-001,HVAC Unit 1,HVAC,Building A,Block A1,2026-01-03 00:00:00,58.19,2.03,5.79,21.6,0.61,1893.73,4,26.0,97.63,EXCELLENT,0,0,165
FAC-001,FacilityOps Campus,AST-001,HVAC Unit 1,HVAC,Building A,Block A1,2026-01-03 01:00:00,58.23,2.22,5.42,27.8,0.53,1894.26,4,26.04,98.49,EXCELLENT,0,0,116
FAC-001,FacilityOps Campus,AST-001,HVAC Unit 1,HVAC,Building A,Block A1,2026-01-03 02:00:00,60.89,2.08,5.3,28.51,0.45,1894.71,4,26.08,98.0,EXCELLENT,0,0,143
FAC-001,FacilityOps Campus,AST-001,HVAC Unit 1,HVAC,Building A,Block A1,2026-01-03 03:00:00,56.02,1.91,5.02,24.0,0.64,1895.36,4,26.12,96.9,EXCELLENT,0,0,109
FAC-001,FacilityOps Campus,AST-001,HVAC Unit 1,HVAC,Building A,Block A1,2026-01-03 04:00:00,58.81,1.99,5.66,20.31,0.98,1896.33,4,26.17,98.18,EXCELLENT,0,0,114
FAC-001,FacilityOps Campus,AST-001,HVAC Unit 1,HVAC,Building A,Block A1,2026-01-03 05:00:00,58.56,2.2,5.53,25.52,0.98,1897.32,4,26.21,98.68,EXCELLENT,0,0,138
FAC-001,FacilityOps Campus,AST-001,HVAC Unit 1,HVAC,Building A,Block A1,2026-01-03 06:00:00,63.38,2.01,5.76,25.39,0.43,1897.74,4,26.25,97.75,EXCELLENT,0,0,105
FAC-001,FacilityOps Campus,AST-001,HVAC Unit 1,HVAC,Building A,Block A1,2026-01-03 07:00:00,63.47,2.0,5.25,26.28,0.68,1898.42,4,26.29,97.79,EXCELLENT,0,0,139
FAC-001,FacilityOps Campus,AST-001,HVAC Unit 1,HVAC,Building A,Block A1,2026-01-03 08:00:00,54.69,2.01,5.35,35.28,0.57,1898.99,4,26.33,98.21,EXCELLENT,0,0,166
FAC-001,FacilityOps Campus,AST-001,HVAC Unit 1,HVAC,Building A,Block A1,2026-01-03 09:00:00,59.85,2.57,5.71,41.23,0.92,1899.91,4,26.38,97.16,EXCELLENT,0,0,122
FAC-001,FacilityOps Campus,AST-001,HVAC Unit 1,HVAC,Building A,Block A1,2026-01-03 10:00:00,58.85,2.2,5.91,41.22,0.64,1900.54,4,26.42,97.15,EXCELLENT,0,0,138
FAC-001,FacilityOps Campus,AST-001,HVAC Unit 1,HVAC,Building A,Block A1,2026-01-03 11:00:00,51.87,1.97,5.47,43.68,0.92,1901.46,4,26.46,98.67,EXCELLENT,0,0,94
FAC-001,FacilityOps Campus,AST-001,HVAC Unit 1,HVAC,Building A,Block A1,2026-01-03 12:00:00,61.79,2.28,5.41,42.12,0.48,1901.94,4,26.5,98.42,EXCELLENT,0,0,166
FAC-001,FacilityOps Campus,AST-001,HVAC Unit 1,HVAC,Building A,Block A1,2026-01-03 13:00:00,58.84,2.32,5.5,33.47,0.69,1902.63,4,26.54,98.8,EXCELLENT,0,0,139
FAC-001,FacilityOps Campus,AST-001,HVAC Unit 1,HVAC,Building A,Block A1,2026-01-03 14:00:00,99.21,4.45,6.48,54.59,0.48,1903.11,4,26.58,0.0,CRITICAL,1,1,5
FAC-001,FacilityOps Campus,AST-001,HVAC Unit 1,HVAC,Building A,Block A1,2026-01-03 15:00:00,53.6,2.26,5.36,34.54,0.95,1904.05,4,26.62,98.26,EXCELLENT,0,0,140
FAC-001,FacilityOps Campus,AST-001,HVAC Unit 1,HVAC,Building A,Block A1,2026-01-03 16:00:00,62.9,2.15,5.93,42.92,0.44,1904.49,4,26.67,97.1,EXCELLENT,0,0,95
FAC-001,FacilityOps Campus,AST-001,HVAC Unit 1,HVAC,Building A,Block A1,2026-01-03 17:00:00,59.47,2.48,5.07,38.43,0.48,1904.97,4,26.71,97.07,EXCELLENT,0,0,164
FAC-001,FacilityOps Campus,AST-001,HVAC Unit 1,HVAC,Building A,Block A1,2026-01-03 18:00:00,57.81,1.92,5.65,35.42,0.68,1905.65,4,26.75,98.21,EXCELLENT,0,0,139
FAC-001,FacilityOps Campus,AST-001,HVAC Unit 1,HVAC,Building A,Block A1,2026-01-03 19:00:00,57.27,2.35,5.34,20.32,0.42,1906.07,4,26.79,98.17,EXCELLENT,0,0,94
FAC-001,FacilityOps Campus,AST-001,HVAC Unit 1,HVAC,Building A,Block A1,2026-01-03 20:00:00,54.75,2.06,5.14,26.42,0.42,1906.5,4,26.83,97.36,EXCELLENT,0,0,175
FAC-001,FacilityOps Campus,AST-001,HVAC Unit 1,HVAC,Building A,Block A1,2026-01-03 21:00:00,58.09,2.17,5.43,17.45,0.51,1907.01,4,26.88,98.53,EXCELLENT,0,0,145
FAC-001,FacilityOps Campus,AST-001,HVAC Unit 1,HVAC,Building A,Block A1,2026-01-03 22:00:00,59.89,1.82,5.91,25.97,0.42,1907.43,4,26.92,97.16,EXCELLENT,0,0,96
FAC-001,FacilityOps Campus,AST-001,HVAC Unit 1,HVAC,Building A,Block A1,2026-01-03 23:00:00,57.38,2.32,5.7,21.85,0.46,1907.89,4,26.96,98.02,EXCELLENT,0,0,117
FAC-001,FacilityOps Campus,AST-001,HVAC Unit 1,HVAC,Building A,Block A1,2026-01-04 00:00:00,53.85,1.93,5.3,13.05,0.93,1908.83,4,27.0,98.01,EXCELLENT,0,0,157
FAC-001,FacilityOps Campus,AST-001,HVAC Unit 1,HVAC,Building A,Block A1,2026-01-04 01:00:00,57.12,2.13,6.15,23.86,0.73,1909.56,4,27.04,96.19,EXCELLENT,0,0,172
FAC-001,FacilityOps Campus,AST-001,HVAC Unit 1,HVAC,Building A,Block A1,2026-01-04 02:00:00,59.39,2.38,5.41,16.7,0.7,1910.26,4,27.08,98.45,EXCELLENT,0,0,122
FAC-001,FacilityOps Campus,AST-001,HVAC Unit 1,HVAC,Building A,Block A1,2026-01-04 03:00:00,59.49,2.05,5.12,17.81,0.45,1910.71,4,27.12,97.29,EXCELLENT,0,0,113
FAC-001,FacilityOps Campus,AST-001,HVAC Unit 1,HVAC,Building A,Block A1,2026-01-04 04:00:00,57.9,2.21,5.25,28.56,0.47,1911.18,4,27.17,97.8,EXCELLENT,0,0,164
FAC-001,FacilityOps Campus,AST-001,HVAC Unit 1,HVAC,Building A,Block A1,2026-01-04 05:00:00,57.87,2.06,5.73,28.69,0.96,1912.14,4,27.21,97.89,EXCELLENT,0,0,97
FAC-001,FacilityOps Campus,AST-001,HVAC Unit 1,HVAC,Building A,Block A1,2026-01-04 06:00:00,55.56,2.09,5.65,23.32,0.72,1912.86,4,27.25,98.21,EXCELLENT,0,0,103
FAC-001,FacilityOps Campus,AST-001,HVAC Unit 1,HVAC,Building A,Block A1,2026-01-04 07:00:00,55.96,1.92,5.58,25.96,0.43,1913.29,4,27.29,98.48,EXCELLENT,0,0,99
FAC-001,FacilityOps Campus,AST-001,HVAC Unit 1,HVAC,Building A,Block A1,2026-01-04 08:00:00,67.99,2.53,5.83,52.5,0.48,1913.77,4,27.33,86.71,EXCELLENT,1,0,138
FAC-001,FacilityOps Campus,AST-001,HVAC Unit 1,HVAC,Building A,Block A1,2026-01-04 09:00:00,56.6,2.58,5.35,40.88,0.96,1914.73,4,27.38,97.24,EXCELLENT,0,0,149
FAC-001,FacilityOps Campus,AST-001,HVAC Unit 1,HVAC,Building A,Block A1,2026-01-04 10:00:00,58.84,2.1,5.35,42.78,0.5,1915.22,4,27.42,98.21,EXCELLENT,0,0,167
FAC-001,FacilityOps Campus,AST-001,HVAC Unit 1,HVAC,Building A,Block A1,2026-01-04 11:00:00,60.18,2.12,5.86,38.16,0.66,1915.89,4,27.46,97.36,EXCELLENT,0,0,140
FAC-001,FacilityOps Campus,AST-001,HVAC Unit 1,HVAC,Building A,Block A1,2026-01-04 12:00:00,52.18,2.58,4.94,43.19,0.63,1916.52,4,27.5,95.59,EXCELLENT,0,0,142
FAC-001,FacilityOps Campus,AST-001,HVAC Unit 1,HVAC,Building A,Block A1,2026-01-04 13:00:00,55.79,2.27,5.55,46.26,0.6,1917.12,4,27.54,98.6,EXCELLENT,0,0,104
FAC-001,FacilityOps Campus,AST-001,HVAC Unit 1,HVAC,Building A,Block A1,2026-01-04 14:00:00,62.26,2.19,5.75,46.96,0.87,1917.99,4,27.58,97.81,EXCELLENT,0,0,157
FAC-001,FacilityOps Campus,AST-001,HVAC Unit 1,HVAC,Building A,Block A1,2026-01-04 15:00:00,59.2,2.28,5.81,38.59,0.47,1918.46,4,27.62,97.55,EXCELLENT,0,0,177
FAC-001,FacilityOps Campus,AST-001,HVAC Unit 1,HVAC,Building A,Block A1,2026-01-04 16:00:00,97.04,3.62,3.55,51.61,0.86,1919.32,4,27.67,8.54,CRITICAL,1,1,6
FAC-001,FacilityOps Campus,AST-001,HVAC Unit 1,HVAC,Building A,Block A1,2026-01-04 17:00:00,56.3,2.25,6.29,37.78,0.92,1920.24,4,27.71,95.63,EXCELLENT,0,0,157
FAC-001,FacilityOps Campus,AST-001,HVAC Unit 1,HVAC,Building A,Block A1,2026-01-04 18:00:00,58.12,2.05,5.89,41.53,0.51,1920.76,4,27.75,97.24,EXCELLENT,0,0,90
FAC-001,FacilityOps Campus,AST-001,HVAC Unit 1,HVAC,Building A,Block A1,2026-01-04 19:00:00,56.76,2.83,5.66,26.01,0.6,1921.36,4,27.79,91.94,EXCELLENT,0,0,115
FAC-001,FacilityOps Campus,AST-001,HVAC Unit 1,HVAC,Building A,Block A1,2026-01-04 20:00:00,57.67,2.41,4.8,19.02,0.61,1921.97,4,27.83,96.02,EXCELLENT,0,0,106
FAC-001,FacilityOps Campus,AST-001,HVAC Unit 1,HVAC,Building A,Block A1,2026-01-04 21:00:00,59.57,2.32,5.04,25.95,0.57,1922.53,4,27.88,96.96,EXCELLENT,0,0,174
FAC-001,FacilityOps Campus,AST-001,HVAC Unit 1,HVAC,Building A,Block A1,2026-01-04 22:00:00,56.25,2.19,5.63,25.06,0.72,1923.25,4,27.92,98.28,EXCELLENT,0,0,160
FAC-001,FacilityOps Campus,AST-001,HVAC Unit 1,HVAC,Building A,Block A1,2026-01-04 23:00:00,58.44,2.2,5.49,23.95,0.52,1923.78,4,27.96,98.77,EXCELLENT,0,0,134
FAC-001,FacilityOps Campus,AST-001,HVAC Unit 1,HVAC,Building A,Block A1,2026-01-05 00:00:00,57.64,2.28,5.85,22.87,0.72,1924.49,4,28.0,97.4,EXCELLENT,0,0,127
FAC-001,FacilityOps Campus,AST-001,HVAC Unit 1,HVAC,Building A,Block A1,2026-01-05 01:00:00,55.5,2.13,5.29,26.23,0.56,1925.06,4,28.04,97.94,EXCELLENT,0,0,123
FAC-001,FacilityOps Campus,AST-001,HVAC Unit 1,HVAC,Building A,Block A1,2026-01-05 02:00:00,57.54,2.43,5.88,22.53,0.41,1925.47,4,28.08,97.27,EXCELLENT,0,0,156
FAC-001,FacilityOps Campus,AST-001,HVAC Unit 1,HVAC,Building A,Block A1,2026-01-05 03:00:00,55.18,2.63,5.63,30.9,0.98,1926.45,4,28.12,96.24,EXCELLENT,0,0,143
FAC-001,FacilityOps Campus,AST-001,HVAC Unit 1,HVAC,Building A,Block A1,2026-01-05 04:00:00,59.05,2.35,5.41,18.54,0.65,1927.1,4,28.17,98.43,EXCELLENT,0,0,136
FAC-001,FacilityOps Campus,AST-001,HVAC Unit 1,HVAC,Building A,Block A1,2026-01-05 05:00:00,54.87,2.45,5.35,23.05,0.9,1928.0,4,28.21,98.19,EXCELLENT,0,0,98
FAC-001,FacilityOps Campus,AST-001,HVAC Unit 1,HVAC,Building A,Block A1,2026-01-05 06:00:00,57.76,2.25,5.47,19.74,0.92,1928.92,4,28.25,98.68,EXCELLENT,0,0,176
FAC-001,FacilityOps Campus,AST-001,HVAC Unit 1,HVAC,Building A,Block A1,2026-01-05 07:00:00,59.0,2.11,5.48,27.23,0.78,1929.7,4,28.29,98.73,EXCELLENT,0,0,111
FAC-001,FacilityOps Campus,AST-001,HVAC Unit 1,HVAC,Building A,Block A1,2026-01-05 08:00:00,53.72,2.2,5.6,42.41,0.41,1930.11,4,28.33,98.38,EXCELLENT,0,0,174
FAC-001,FacilityOps Campus,AST-001,HVAC Unit 1,HVAC,Building A,Block A1,2026-01-05 09:00:00,56.05,2.01,5.5,43.31,0.83,1930.94,4,28.38,98.8,EXCELLENT,0,0,175
FAC-001,FacilityOps Campus,AST-001,HVAC Unit 1,HVAC,Building A,Block A1,2026-01-05 10:00:00,51.55,2.61,5.97,30.98,0.95,1931.89,4,28.42,95.38,EXCELLENT,0,0,151
FAC-001,FacilityOps Campus,AST-001,HVAC Unit 1,HVAC,Building A,Block A1,2026-01-05 11:00:00,59.28,2.11,5.56,35.51,0.63,1932.52,4,28.46,98.56,EXCELLENT,0,0,125
FAC-001,FacilityOps Campus,AST-001,HVAC Unit 1,HVAC,Building A,Block A1,2026-01-05 12:00:00,59.45,2.34,4.97,47.31,0.96,1933.49,4,28.5,96.7,EXCELLENT,0,0,122
FAC-001,FacilityOps Campus,AST-001,HVAC Unit 1,HVAC,Building A,Block A1,2026-01-05 13:00:00,57.24,1.89,5.54,36.06,0.97,1934.46,4,28.54,98.63,EXCELLENT,0,0,162
FAC-001,FacilityOps Campus,AST-001,HVAC Unit 1,HVAC,Building A,Block A1,2026-01-05 14:00:00,58.58,2.19,6.03,41.25,0.55,1935.01,4,28.58,96.68,EXCELLENT,0,0,133
FAC-001,FacilityOps Campus,AST-001,HVAC Unit 1,HVAC,Building A,Block A1,2026-01-05 15:00:00,62.53,2.45,5.32,46.27,0.45,1935.46,4,28.62,98.09,EXCELLENT,0,0,172
FAC-001,FacilityOps Campus,AST-001,HVAC Unit 1,HVAC,Building A,Block A1,2026-01-05 16:00:00,62.86,2.34,5.82,44.37,0.55,1936.01,4,28.67,97.5,EXCELLENT,0,0,104
FAC-001,FacilityOps Campus,AST-001,HVAC Unit 1,HVAC,Building A,Block A1,2026-01-05 17:00:00,59.15,2.24,5.39,41.95,1.0,1937.01,4,28.71,98.34,EXCELLENT,0,0,175
FAC-001,FacilityOps Campus,AST-001,HVAC Unit 1,HVAC,Building A,Block A1,2026-01-05 18:00:00,56.66,2.31,5.44,47.8,0.91,1937.91,4,28.75,98.54,EXCELLENT,0,0,106
FAC-001,FacilityOps Campus,AST-001,HVAC Unit 1,HVAC,Building A,Block A1,2026-01-05 19:00:00,57.8,2.43,4.9,26.83,0.72,1938.63,4,28.79,96.39,EXCELLENT,0,0,176
FAC-001,FacilityOps Campus,AST-001,HVAC Unit 1,HVAC,Building A,Block A1,2026-01-05 20:00:00,57.87,2.3,4.92,14.02,0.78,1939.41,4,28.83,96.48,EXCELLENT,0,0,131
FAC-001,FacilityOps Campus,AST-001,HVAC Unit 1,HVAC,Building A,Block A1,2026-01-05 21:00:00,60.61,1.93,4.79,26.48,0.96,1940.37,4,28.88,95.95,EXCELLENT,0,0,135
FAC-001,FacilityOps Campus,AST-001,HVAC Unit 1,HVAC,Building A,Block A1,2026-01-05 22:00:00,55.03,2.07,5.92,25.65,0.92,1941.29,4,28.92,97.11,EXCELLENT,0,0,99
FAC-001,FacilityOps Campus,AST-001,HVAC Unit 1,HVAC,Building A,Block A1,2026-01-05 23:00:00,57.09,2.27,4.87,11.36,0.91,1942.2,4,28.96,96.3,EXCELLENT,0,0,126
FAC-001,FacilityOps Campus,AST-001,HVAC Unit 1,HVAC,Building A,Block A1,2026-01-06 00:00:00,57.25,1.72,5.14,12.62,0.97,1943.17,4,29.0,97.35,EXCELLENT,0,0,132
FAC-001,FacilityOps Campus,AST-001,HVAC Unit 1,HVAC,Building A,Block A1,2026-01-06 01:00:00,59.71,2.41,5.56,22.98,0.9,1944.08,4,29.04,98.55,EXCELLENT,0,0,163
FAC-001,FacilityOps Campus,AST-001,HVAC Unit 1,HVAC,Building A,Block A1,2026-01-06 02:00:00,56.35,2.1,5.47,16.69,0.53,1944.61,4,29.08,98.68,EXCELLENT,0,0,109
FAC-001,FacilityOps Campus,AST-001,HVAC Unit 1,HVAC,Building A,Block A1,2026-01-06 03:00:00,60.99,2.11,5.15,31.33,0.49,1945.1,4,29.12,97.39,EXCELLENT,0,0,102
FAC-001,FacilityOps Campus,AST-001,HVAC Unit 1,HVAC,Building A,Block A1,2026-01-06 04:00:00,60.62,2.79,5.78,15.87,0.93,1946.02,4,29.17,92.37,EXCELLENT,0,0,118
FAC-001,FacilityOps Campus,AST-001,HVAC Unit 1,HVAC,Building A,Block A1,2026-01-06 05:00:00,58.41,2.34,5.83,25.62,0.65,1946.67,4,29.21,97.5,EXCELLENT,0,0,161
FAC-001,FacilityOps Campus,AST-001,HVAC Unit 1,HVAC,Building A,Block A1,2026-01-06 06:00:00,58.26,2.21,5.31,27.21,0.74,1947.41,4,29.25,98.04,EXCELLENT,0,0,129
FAC-001,FacilityOps Campus,AST-001,HVAC Unit 1,HVAC,Building A,Block A1,2026-01-06 07:00:00,58.09,2.35,5.39,24.5,0.91,1948.32,4,29.29,98.37,EXCELLENT,0,0,130
FAC-001,FacilityOps Campus,AST-001,HVAC Unit 1,HVAC,Building A,Block A1,2026-01-06 08:00:00,60.77,2.28,5.31,36.9,0.98,1949.3,4,29.33,98.04,EXCELLENT,0,0,120
FAC-001,FacilityOps Campus,AST-001,HVAC Unit 1,HVAC,Building A,Block A1,2026-01-06 09:00:00,57.6,2.11,5.25,41.9,0.89,1950.19,4,29.38,97.8,EXCELLENT,0,0,101
FAC-001,FacilityOps Campus,AST-001,HVAC Unit 1,HVAC,Building A,Block A1,2026-01-06 10:00:00,59.24,2.4,5.05,31.66,0.56,1950.75,4,29.42,97.01,EXCELLENT,0,0,177
FAC-001,FacilityOps Campus,AST-001,HVAC Unit 1,HVAC,Building A,Block A1,2026-01-06 11:00:00,58.22,2.1,5.3,43.42,0.9,1951.65,4,29.46,98.0,EXCELLENT,0,0,168
FAC-001,FacilityOps Campus,AST-001,HVAC Unit 1,HVAC,Building A,Block A1,2026-01-06 12:00:00,57.18,2.09,5.56,47.91,0.44,1952.09,4,29.5,98.57,EXCELLENT,0,0,154
FAC-001,FacilityOps Campus,AST-001,HVAC Unit 1,HVAC,Building A,Block A1,2026-01-06 13:00:00,55.43,2.71,5.28,28.05,0.44,1952.53,4,29.54,94.33,EXCELLENT,0,0,168
FAC-001,FacilityOps Campus,AST-001,HVAC Unit 1,HVAC,Building A,Block A1,2026-01-06 14:00:00,61.46,2.17,5.13,43.76,0.9,1953.43,4,29.58,97.33,EXCELLENT,0,0,121
FAC-001,FacilityOps Campus,AST-001,HVAC Unit 1,HVAC,Building A,Block A1,2026-01-06 15:00:00,60.91,2.48,5.89,32.15,0.97,1954.39,4,29.62,97.23,EXCELLENT,0,0,148
FAC-001,FacilityOps Campus,AST-001,HVAC Unit 1,HVAC,Building A,Block A1,2026-01-06 16:00:00,55.13,2.11,5.96,42.86,0.83,1955.23,4,29.67,96.94,EXCELLENT,0,0,124
FAC-001,FacilityOps Campus,AST-001,HVAC Unit 1,HVAC,Building A,Block A1,2026-01-06 17:00:00,55.07,1.89,5.93,31.75,0.98,1956.21,4,29.71,97.07,EXCELLENT,0,0,106
FAC-001,FacilityOps Campus,AST-001,HVAC Unit 1,HVAC,Building A,Block A1,2026-01-06 18:00:00,60.79,2.16,5.14,31.91,0.88,1957.09,4,29.75,97.38,EXCELLENT,0,0,113
FAC-001,FacilityOps Campus,AST-001,HVAC Unit 1,HVAC,Building A,Block A1,2026-01-06 19:00:00,58.06,2.51,5.65,25.64,0.48,1957.56,4,29.79,98.21,EXCELLENT,0,0,98
FAC-001,FacilityOps Campus,AST-001,HVAC Unit 1,HVAC,Building A,Block A1,2026-01-06 20:00:00,57.88,2.01,5.5,13.64,0.88,1958.44,4,29.83,98.78,EXCELLENT,0,0,166
FAC-001,FacilityOps Campus,AST-001,HVAC Unit 1,HVAC,Building A,Block A1,2026-01-06 21:00:00,59.41,2.69,5.38,17.73,0.83,1959.27,4,29.88,95.05,EXCELLENT,0,0,178
FAC-001,FacilityOps Campus,AST-001,HVAC Unit 1,HVAC,Building A,Block A1,2026-01-06 22:00:00,57.82,1.96,5.49,27.33,0.77,1960.04,4,29.92,98.74,EXCELLENT,0,0,163
FAC-001,FacilityOps Campus,AST-001,HVAC Unit 1,HVAC,Building A,Block A1,2026-01-06 23:00:00,55.1,2.46,5.53,22.61,0.99,1961.03,4,29.96,98.69,EXCELLENT,0,0,104
FAC-001,FacilityOps Campus,AST-001,HVAC Unit 1,HVAC,Building A,Block A1,2026-01-07 00:00:00,55.23,2.55,5.78,17.79,0.83,1961.86,4,30.0,97.28,EXCELLENT,0,0,139
FAC-001,FacilityOps Campus,AST-001,HVAC Unit 1,HVAC,Building A,Block A1,2026-01-07 01:00:00,56.38,2.33,5.89,29.22,0.73,1962.59,4,30.04,97.23,EXCELLENT,0,0,111
FAC-001,FacilityOps Campus,AST-001,HVAC Unit 1,HVAC,Building A,Block A1,2026-01-07 02:00:00,57.49,2.3,6.15,20.42,0.44,1963.02,4,30.08,96.18,EXCELLENT,0,0,102
FAC-001,FacilityOps Campus,AST-001,HVAC Unit 1,HVAC,Building A,Block A1,2026-01-07 03:00:00,58.51,1.81,5.82,25.96,0.92,1963.95,4,30.12,97.53,EXCELLENT,0,0,121
FAC-001,FacilityOps Campus,AST-001,HVAC Unit 1,HVAC,Building A,Block A1,2026-01-07 04:00:00,57.49,2.63,5.63,22.12,0.52,1964.47,4,30.17,96.19,EXCELLENT,0,0,143
FAC-001,FacilityOps Campus,AST-001,HVAC Unit 1,HVAC,Building A,Block A1,2026-01-07 05:00:00,58.3,2.14,5.0,16.16,0.85,1965.31,4,30.21,96.8,EXCELLENT,0,0,93
FAC-001,FacilityOps Campus,AST-001,HVAC Unit 1,HVAC,Building A,Block A1,2026-01-07 06:00:00,83.99,3.28,8.92,38.45,0.75,1966.06,4,30.25,34.99,CRITICAL,1,1,6
FAC-001,FacilityOps Campus,AST-001,HVAC Unit 1,HVAC,Building A,Block A1,2026-01-07 07:00:00,60.0,2.24,5.66,15.61,0.78,1966.84,4,30.29,98.16,EXCELLENT,0,0,115
FAC-001,FacilityOps Campus,AST-001,HVAC Unit 1,HVAC,Building A,Block A1,2026-01-07 08:00:00,58.81,2.13,5.0,41.9,0.92,1967.77,4,30.33,96.82,EXCELLENT,0,0,178
FAC-001,FacilityOps Campus,AST-001,HVAC Unit 1,HVAC,Building A,Block A1,2026-01-07 09:00:00,87.21,3.02,5.67,43.94,0.91,1968.68,4,30.38,47.75,CRITICAL,1,1,5
FAC-001,FacilityOps Campus,AST-001,HVAC Unit 1,HVAC,Building A,Block A1,2026-01-07 10:00:00,57.25,1.68,5.58,33.34,0.55,1969.23,4,30.42,98.49,EXCELLENT,0,0,90
FAC-001,FacilityOps Campus,AST-001,HVAC Unit 1,HVAC,Building A,Block A1,2026-01-07 11:00:00,61.08,1.88,5.05,31.09,0.72,1969.95,4,30.46,96.98,EXCELLENT,0,0,133
FAC-001,FacilityOps Campus,AST-001,HVAC Unit 1,HVAC,Building A,Block A1,2026-01-07 12:00:00,61.01,2.24,5.83,36.76,0.99,1970.94,4,30.5,97.49,EXCELLENT,0,0,126
FAC-001,FacilityOps Campus,AST-001,HVAC Unit 1,HVAC,Building A,Block A1,2026-01-07 13:00:00,58.11,2.38,5.48,45.47,0.42,1971.37,4,30.54,98.7,EXCELLENT,0,0,142
FAC-001,FacilityOps Campus,AST-001,HVAC Unit 1,HVAC,Building A,Block A1,2026-01-07 14:00:00,53.0,1.81,5.65,33.21,0.72,1972.09,4,30.58,98.2,EXCELLENT,0,0,134
FAC-001,FacilityOps Campus,AST-001,HVAC Unit 1,HVAC,Building A,Block A1,2026-01-07 15:00:00,58.73,2.22,5.54,32.62,0.84,1972.92,4,30.62,98.66,EXCELLENT,0,0,94
FAC-001,FacilityOps Campus,AST-001,HVAC Unit 1,HVAC,Building A,Block A1,2026-01-07 16:00:00,56.93,2.4,5.13,45.53,0.41,1973.34,4,30.67,97.34,EXCELLENT,0,0,115
FAC-001,FacilityOps Campus,AST-001,HVAC Unit 1,HVAC,Building A,Block A1,2026-01-07 17:00:00,58.49,2.09,5.52,44.77,0.81,1974.14,4,30.71,98.72,EXCELLENT,0,0,169
FAC-001,FacilityOps Campus,AST-001,HVAC Unit 1,HVAC,Building A,Block A1,2026-01-07 18:00:00,59.12,2.41,6.04,41.16,0.76,1974.9,4,30.75,96.62,EXCELLENT,0,0,122
FAC-001,FacilityOps Campus,AST-001,HVAC Unit 1,HVAC,Building A,Block A1,2026-01-07 19:00:00,56.9,2.28,5.63,24.75,0.93,1975.83,4,30.79,98.29,EXCELLENT,0,0,93
FAC-001,FacilityOps Campus,AST-001,HVAC Unit 1,HVAC,Building A,Block A1,2026-01-07 20:00:00,59.13,2.35,5.71,23.76,0.89,1976.72,4,30.83,97.96,EXCELLENT,0,0,143
FAC-001,FacilityOps Campus,AST-001,HVAC Unit 1,HVAC,Building A,Block A1,2026-01-07 21:00:00,61.44,2.48,5.06,27.19,0.63,1977.35,4,30.88,97.05,EXCELLENT,0,0,122
FAC-001,FacilityOps Campus,AST-001,HVAC Unit 1,HVAC,Building A,Block A1,2026-01-07 22:00:00,63.07,1.88,5.32,18.62,0.8,1978.15,4,30.92,98.08,EXCELLENT,0,0,135
FAC-001,FacilityOps Campus,AST-001,HVAC Unit 1,HVAC,Building A,Block A1,2026-01-07 23:00:00,56.25,2.36,5.52,22.28,0.55,1978.7,4,30.96,98.73,EXCELLENT,0,0,132
FAC-001,FacilityOps Campus,AST-001,HVAC Unit 1,HVAC,Building A,Block A1,2026-01-08 00:00:00,55.05,2.35,5.76,27.86,0.55,1979.24,4,31.0,97.78,EXCELLENT,0,0,104
FAC-001,FacilityOps Campus,AST-001,HVAC Unit 1,HVAC,Building A,Block A1,2026-01-08 01:00:00,58.7,1.85,5.47,18.58,0.71,1979.96,4,31.04,98.69,EXCELLENT,0,0,118
FAC-001,FacilityOps Campus,AST-001,HVAC Unit 1,HVAC,Building A,Block A1,2026-01-08 02:00:00,55.22,1.72,5.62,30.32,0.56,1980.52,4,31.08,98.32,EXCELLENT,0,0,178
FAC-001,FacilityOps Campus,AST-001,HVAC Unit 1,HVAC,Building A,Block A1,2026-01-08 03:00:00,59.93,2.06,5.65,24.77,0.51,1981.03,4,31.12,98.18,EXCELLENT,0,0,173
FAC-001,FacilityOps Campus,AST-001,HVAC Unit 1,HVAC,Building A,Block A1,2026-01-08 04:00:00,56.34,2.26,5.91,22.12,0.97,1982.0,4,31.17,97.16,EXCELLENT,0,0,110
FAC-001,FacilityOps Campus,AST-001,HVAC Unit 1,HVAC,Building A,Block A1,2026-01-08 05:00:00,56.93,2.02,5.3,24.16,0.9,1982.91,4,31.21,98.0,EXCELLENT,0,0,169
FAC-001,FacilityOps Campus,AST-001,HVAC Unit 1,HVAC,Building A,Block A1,2026-01-08 06:00:00,62.37,1.99,5.18,24.63,0.8,1983.71,4,31.25,97.53,EXCELLENT,0,0,108
FAC-001,FacilityOps Campus,AST-001,HVAC Unit 1,HVAC,Building A,Block A1,2026-01-08 07:00:00,59.14,2.76,5.13,25.19,0.92,1984.63,4,31.29,92.7,EXCELLENT,0,0,170
FAC-001,FacilityOps Campus,AST-001,HVAC Unit 1,HVAC,Building A,Block A1,2026-01-08 08:00:00,56.16,1.93,5.28,35.53,0.55,1985.18,4,31.33,97.91,EXCELLENT,0,0,146
FAC-001,FacilityOps Campus,AST-001,HVAC Unit 1,HVAC,Building A,Block A1,2026-01-08 09:00:00,55.03,2.0,5.99,43.03,0.82,1986.0,4,31.38,96.83,EXCELLENT,0,0,149
FAC-001,FacilityOps Campus,AST-001,HVAC Unit 1,HVAC,Building A,Block A1,2026-01-08 10:00:00,56.62,1.79,5.81,43.96,0.56,1986.56,4,31.42,97.55,EXCELLENT,0,0,125
FAC-001,FacilityOps Campus,AST-001,HVAC Unit 1,HVAC,Building A,Block A1,2026-01-08 11:00:00,58.63,1.92,5.29,32.84,0.71,1987.27,4,31.46,97.95,EXCELLENT,0,0,94
FAC-001,FacilityOps Campus,AST-001,HVAC Unit 1,HVAC,Building A,Block A1,2026-01-08 12:00:00,57.51,1.86,5.75,36.79,0.54,1987.81,4,31.5,97.81,EXCELLENT,0,0,175
FAC-001,FacilityOps Campus,AST-001,HVAC Unit 1,HVAC,Building A,Block A1,2026-01-08 13:00:00,60.18,2.62,5.63,39.56,0.74,1988.54,4,31.54,96.49,EXCELLENT,0,0,166
FAC-001,FacilityOps Campus,AST-001,HVAC Unit 1,HVAC,Building A,Block A1,2026-01-08 14:00:00,87.01,2.9,3.83,45.55,0.89,1989.44,4,31.58,44.62,CRITICAL,1,1,6
FAC-001,FacilityOps Campus,AST-001,HVAC Unit 1,HVAC,Building A,Block A1,2026-01-08 15:00:00,58.18,2.4,5.52,40.46,0.77,1990.21,4,31.62,98.71,EXCELLENT,0,0,121
FAC-001,FacilityOps Campus,AST-001,HVAC Unit 1,HVAC,Building A,Block A1,2026-01-08 16:00:00,59.26,2.35,5.18,31.14,0.62,1990.83,4,31.67,97.52,EXCELLENT,0,0,180
FAC-001,FacilityOps Campus,AST-001,HVAC Unit 1,HVAC,Building A,Block A1,2026-01-08 17:00:00,61.28,2.21,5.56,34.77,0.92,1991.75,4,31.71,98.57,EXCELLENT,0,0,111
FAC-001,FacilityOps Campus,AST-001,HVAC Unit 1,HVAC,Building A,Block A1,2026-01-08 18:00:00,58.2,2.18,5.78,38.07,0.92,1992.67,4,31.75,97.7,EXCELLENT,0,0,169
FAC-001,FacilityOps Campus,AST-001,HVAC Unit 1,HVAC,Building A,Block A1,2026-01-08 19:00:00,56.63,2.45,5.71,18.12,0.75,1993.42,4,31.79,97.95,EXCELLENT,0,0,122
FAC-001,FacilityOps Campus,AST-001,HVAC Unit 1,HVAC,Building A,Block A1,2026-01-08 20:00:00,64.16,2.12,5.3,29.6,0.7,1994.12,4,31.83,97.4,EXCELLENT,0,0,114
FAC-001,FacilityOps Campus,AST-001,HVAC Unit 1,HVAC,Building A,Block A1,2026-01-08 21:00:00,57.85,1.94,5.03,24.59,0.45,1994.57,4,31.88,96.9,EXCELLENT,0,0,102
FAC-001,FacilityOps Campus,AST-001,HVAC Unit 1,HVAC,Building A,Block A1,2026-01-08 22:00:00,57.07,2.36,5.51,27.88,0.62,1995.19,4,31.92,98.74,EXCELLENT,0,0,94
FAC-001,FacilityOps Campus,AST-001,HVAC Unit 1,HVAC,Building A,Block A1,2026-01-08 23:00:00,56.28,2.18,5.33,25.14,0.47,1995.66,4,31.96,98.12,EXCELLENT,0,0,96
FAC-001,FacilityOps Campus,AST-001,HVAC Unit 1,HVAC,Building A,Block A1,2026-01-09 00:00:00,58.04,2.02,5.04,27.17,0.77,1996.43,4,32.0,96.96,EXCELLENT,0,0,139
FAC-001,FacilityOps Campus,AST-001,HVAC Unit 1,HVAC,Building A,Block A1,2026-01-09 01:00:00,57.68,2.45,5.35,13.67,0.65,1997.08,4,32.04,98.19,EXCELLENT,0,0,175
FAC-001,FacilityOps Campus,AST-001,HVAC Unit 1,HVAC,Building A,Block A1,2026-01-09 02:00:00,56.58,2.1,5.91,27.9,0.75,1997.83,4,32.08,97.16,EXCELLENT,0,0,128
FAC-001,FacilityOps Campus,AST-001,HVAC Unit 1,HVAC,Building A,Block A1,2026-01-09 03:00:00,60.34,2.08,5.14,25.09,0.44,1998.27,4,32.12,97.37,EXCELLENT,0,0,170
FAC-001,FacilityOps Campus,AST-001,HVAC Unit 1,HVAC,Building A,Block A1,2026-01-09 04:00:00,53.1,2.72,5.14,16.21,0.59,1998.86,4,32.17,93.58,EXCELLENT,0,0,141
FAC-001,FacilityOps Campus,AST-001,HVAC Unit 1,HVAC,Building A,Block A1,2026-01-09 05:00:00,59.24,2.17,5.64,27.76,0.89,1999.75,4,32.21,98.24,EXCELLENT,0,0,99
FAC-001,FacilityOps Campus,AST-001,HVAC Unit 1,HVAC,Building A,Block A1,2026-01-09 06:00:00,60.02,2.02,5.49,31.68,0.63,2000.38,4,32.25,98.78,EXCELLENT,0,0,138
FAC-001,FacilityOps Campus,AST-001,HVAC Unit 1,HVAC,Building A,Block A1,2026-01-09 07:00:00,58.08,2.01,5.64,22.02,0.71,2001.09,4,32.29,98.25,EXCELLENT,0,0,166
FAC-001,FacilityOps Campus,AST-001,HVAC Unit 1,HVAC,Building A,Block A1,2026-01-09 08:00:00,59.98,2.51,5.46,32.3,0.42,2001.51,4,32.33,98.65,EXCELLENT,0,0,147
FAC-001,FacilityOps Campus,AST-001,HVAC Unit 1,HVAC,Building A,Block A1,2026-01-09 09:00:00,55.31,1.76,5.88,38.77,0.44,2001.95,4,32.38,97.29,EXCELLENT,0,0,170
FAC-001,FacilityOps Campus,AST-001,HVAC Unit 1,HVAC,Building A,Block A1,2026-01-09 10:00:00,59.52,2.53,5.12,34.58,0.47,2002.42,4,32.42,97.3,EXCELLENT,0,0,167
FAC-001,FacilityOps Campus,AST-001,HVAC Unit 1,HVAC,Building A,Block A1,2026-01-09 11:00:00,57.93,2.34,5.41,34.25,0.48,2002.9,4,32.46,98.43,EXCELLENT,0,0,91
FAC-001,FacilityOps Campus,AST-001,HVAC Unit 1,HVAC,Building A,Block A1,2026-01-09 12:00:00,61.82,2.33,5.66,43.05,0.48,2003.38,4,32.5,98.15,EXCELLENT,0,0,129
FAC-001,FacilityOps Campus,AST-001,HVAC Unit 1,HVAC,Building A,Block A1,2026-01-09 13:00:00,57.4,2.01,4.85,42.75,0.5,2003.87,4,32.54,96.2,EXCELLENT,0,0,173
FAC-001,FacilityOps Campus,AST-001,HVAC Unit 1,HVAC,Building A,Block A1,2026-01-09 14:00:00,58.53,2.16,5.1,35.59,0.89,2004.76,4,32.58,97.19,EXCELLENT,0,0,101
FAC-001,FacilityOps Campus,AST-001,HVAC Unit 1,HVAC,Building A,Block A1,2026-01-09 15:00:00,60.09,2.0,5.86,44.66,0.84,2005.6,4,32.62,97.34,EXCELLENT,0,0,164
FAC-001,FacilityOps Campus,AST-001,HVAC Unit 1,HVAC,Building A,Block A1,2026-01-09 16:00:00,55.93,2.43,6.02,36.96,0.46,2006.07,4,32.67,96.72,EXCELLENT,0,0,141
FAC-001,FacilityOps Campus,AST-001,HVAC Unit 1,HVAC,Building A,Block A1,2026-01-09 17:00:00,58.08,1.83,5.65,45.34,0.73,2006.79,4,32.71,98.21,EXCELLENT,0,0,145
FAC-001,FacilityOps Campus,AST-001,HVAC Unit 1,HVAC,Building A,Block A1,2026-01-09 18:00:00,58.41,1.99,5.45,43.06,0.5,2007.29,4,32.75,98.59,EXCELLENT,0,0,161
FAC-001,FacilityOps Campus,AST-001,HVAC Unit 1,HVAC,Building A,Block A1,2026-01-09 19:00:00,57.48,1.99,5.33,19.81,0.73,2008.02,4,32.79,98.1,EXCELLENT,0,0,180
FAC-001,FacilityOps Campus,AST-001,HVAC Unit 1,HVAC,Building A,Block A1,2026-01-09 20:00:00,78.44,3.69,4.57,21.5,0.86,2008.88,4,32.83,46.12,CRITICAL,1,1,6
FAC-001,FacilityOps Campus,AST-001,HVAC Unit 1,HVAC,Building A,Block A1,2026-01-09 21:00:00,56.91,1.93,5.5,25.55,0.87,2009.75,4,32.88,98.79,EXCELLENT,0,0,115
FAC-001,FacilityOps Campus,AST-001,HVAC Unit 1,HVAC,Building A,Block A1,2026-01-09 22:00:00,54.87,2.62,5.27,23.4,0.46,2010.2,4,32.92,96.05,EXCELLENT,0,0,93
FAC-001,FacilityOps Campus,AST-001,HVAC Unit 1,HVAC,Building A,Block A1,2026-01-09 23:00:00,56.57,2.07,5.59,24.05,0.43,2010.63,4,32.96,98.44,EXCELLENT,0,0,119
FAC-001,FacilityOps Campus,AST-001,HVAC Unit 1,HVAC,Building A,Block A1,2026-01-10 00:00:00,55.52,2.39,5.33,24.47,0.44,2011.07,4,33.0,98.14,EXCELLENT,0,0,119
FAC-001,FacilityOps Campus,AST-001,HVAC Unit 1,HVAC,Building A,Block A1,2026-01-10 01:00:00,57.99,2.34,5.35,23.33,0.47,2011.54,4,33.04,98.21,EXCELLENT,0,0,107
FAC-001,FacilityOps Campus,AST-001,HVAC Unit 1,HVAC,Building A,Block A1,2026-01-10 02:00:00,58.92,2.39,5.76,17.94,0.78,2012.32,4,33.08,97.74,EXCELLENT,0,0,136
FAC-001,FacilityOps Campus,AST-001,HVAC Unit 1,HVAC,Building A,Block A1,2026-01-10 03:00:00,56.65,2.49,5.41,19.46,0.75,2013.08,4,33.12,98.43,EXCELLENT,0,0,150
FAC-001,FacilityOps Campus,AST-001,HVAC Unit 1,HVAC,Building A,Block A1,2026-01-10 04:00:00,53.16,2.33,5.24,33.35,0.82,2013.9,4,33.17,97.77,EXCELLENT,0,0,140
FAC-001,FacilityOps Campus,AST-001,HVAC Unit 1,HVAC,Building A,Block A1,2026-01-10 05:00:00,62.18,2.08,5.02,29.82,0.67,2014.57,4,33.21,96.89,EXCELLENT,0,0,159
FAC-001,FacilityOps Campus,AST-001,HVAC Unit 1,HVAC,Building A,Block A1,2026-01-10 06:00:00,56.67,2.22,5.54,22.81,0.64,2015.21,4,33.25,98.62,EXCELLENT,0,0,178
FAC-001,FacilityOps Campus,AST-001,HVAC Unit 1,HVAC,Building A,Block A1,2026-01-10 07:00:00,57.13,1.96,5.23,29.66,0.55,2015.76,4,33.29,97.73,EXCELLENT,0,0,143
FAC-001,FacilityOps Campus,AST-001,HVAC Unit 1,HVAC,Building A,Block A1,2026-01-10 08:00:00,57.45,2.08,5.71,38.24,0.43,2016.19,4,33.33,97.94,EXCELLENT,0,0,146
FAC-001,FacilityOps Campus,AST-001,HVAC Unit 1,HVAC,Building A,Block A1,2026-01-10 09:00:00,57.58,2.47,5.28,36.2,0.84,2017.03,4,33.38,97.93,EXCELLENT,0,0,177
FAC-001,FacilityOps Campus,AST-001,HVAC Unit 1,HVAC,Building A,Block A1,2026-01-10 10:00:00,57.41,1.81,5.34,41.74,0.52,2017.55,4,33.42,98.17,EXCELLENT,0,0,108
FAC-001,FacilityOps Campus,AST-001,HVAC Unit 1,HVAC,Building A,Block A1,2026-01-10 11:00:00,54.86,2.05,5.99,36.7,0.73,2018.27,4,33.46,96.84,EXCELLENT,0,0,150
FAC-001,FacilityOps Campus,AST-001,HVAC Unit 1,HVAC,Building A,Block A1,2026-01-10 12:00:00,56.52,2.13,5.55,45.1,0.45,2018.72,4,33.5,98.62,EXCELLENT,0,0,154
FAC-001,FacilityOps Campus,AST-001,HVAC Unit 1,HVAC,Building A,Block A1,2026-01-10 13:00:00,62.53,2.3,5.23,37.29,0.92,2019.64,4,33.54,97.74,EXCELLENT,0,0,128
FAC-001,FacilityOps Campus,AST-001,HVAC Unit 1,HVAC,Building A,Block A1,2026-01-10 14:00:00,57.65,2.21,5.28,39.06,0.43,2020.07,4,33.58,97.93,EXCELLENT,0,0,153
FAC-001,FacilityOps Campus,AST-001,HVAC Unit 1,HVAC,Building A,Block A1,2026-01-10 15:00:00,61.44,2.23,5.82,38.5,0.41,2020.48,4,33.62,97.52,EXCELLENT,0,0,168
FAC-001,FacilityOps Campus,AST-001,HVAC Unit 1,HVAC,Building A,Block A1,2026-01-10 16:00:00,74.47,2.84,5.62,58.28,0.86,2021.34,4,33.67,65.25,WARNING,1,0,26
FAC-001,FacilityOps Campus,AST-001,HVAC Unit 1,HVAC,Building A,Block A1,2026-01-10 17:00:00,55.99,1.67,5.26,42.72,0.66,2022.01,4,33.71,97.82,EXCELLENT,0,0,101
FAC-001,FacilityOps Campus,AST-001,HVAC Unit 1,HVAC,Building A,Block A1,2026-01-10 18:00:00,60.3,2.03,6.06,41.91,0.88,2022.89,4,33.75,96.55,EXCELLENT,0,0,137
FAC-001,FacilityOps Campus,AST-001,HVAC Unit 1,HVAC,Building A,Block A1,2026-01-10 19:00:00,51.1,2.47,5.13,28.42,0.77,2023.66,4,33.79,97.33,EXCELLENT,0,0,116
FAC-001,FacilityOps Campus,AST-001,HVAC Unit 1,HVAC,Building A,Block A1,2026-01-10 20:00:00,56.63,2.07,5.59,20.69,0.49,2024.15,4,33.83,98.44,EXCELLENT,0,0,159
FAC-001,FacilityOps Campus,AST-001,HVAC Unit 1,HVAC,Building A,Block A1,2026-01-10 21:00:00,55.85,2.49,5.5,29.69,0.47,2024.62,4,33.88,98.79,EXCELLENT,0,0,123
FAC-001,FacilityOps Campus,AST-001,HVAC Unit 1,HVAC,Building A,Block A1,2026-01-10 22:00:00,57.53,2.45,5.86,23.67,0.83,2025.45,4,33.92,97.38,EXCELLENT,0,0,94
FAC-001,FacilityOps Campus,AST-001,HVAC Unit 1,HVAC,Building A,Block A1,2026-01-10 23:00:00,54.85,1.95,5.58,30.85,0.59,2026.04,4,33.96,98.47,EXCELLENT,0,0,175
FAC-001,FacilityOps Campus,AST-001,HVAC Unit 1,HVAC,Building A,Block A1,2026-01-11 00:00:00,55.5,2.07,5.75,28.25,0.46,2026.5,4,34.0,97.79,EXCELLENT,0,0,141
FAC-001,FacilityOps Campus,AST-001,HVAC Unit 1,HVAC,Building A,Block A1,2026-01-11 01:00:00,56.04,2.35,5.16,33.09,0.75,2027.25,4,34.04,97.43,EXCELLENT,0,0,100
FAC-001,FacilityOps Campus,AST-001,HVAC Unit 1,HVAC,Building A,Block A1,2026-01-11 02:00:00,56.78,2.27,5.22,28.37,0.79,2028.04,4,34.08,97.69,EXCELLENT,0,0,176
FAC-001,FacilityOps Campus,AST-001,HVAC Unit 1,HVAC,Building A,Block A1,2026-01-11 03:00:00,60.17,2.11,5.32,12.78,0.44,2028.48,4,34.12,98.09,EXCELLENT,0,0,142
FAC-001,FacilityOps Campus,AST-001,HVAC Unit 1,HVAC,Building A,Block A1,2026-01-11 04:00:00,59.81,2.37,5.14,26.4,0.94,2029.43,4,34.17,97.35,EXCELLENT,0,0,112
FAC-001,FacilityOps Campus,AST-001,HVAC Unit 1,HVAC,Building A,Block A1,2026-01-11 05:00:00,54.1,1.84,5.33,13.86,0.48,2029.9,4,34.21,98.11,EXCELLENT,0,0,167
FAC-001,FacilityOps Campus,AST-001,HVAC Unit 1,HVAC,Building A,Block A1,2026-01-11 06:00:00,57.88,2.12,5.62,19.99,0.98,2030.89,4,34.25,98.33,EXCELLENT,0,0,108
FAC-001,FacilityOps Campus,AST-001,HVAC Unit 1,HVAC,Building A,Block A1,2026-01-11 07:00:00,55.66,2.47,5.34,28.57,0.92,2031.81,4,34.29,98.16,EXCELLENT,0,0,127
FAC-001,FacilityOps Campus,AST-001,HVAC Unit 1,HVAC,Building A,Block A1,2026-01-11 08:00:00,57.7,2.15,5.53,31.81,0.57,2032.38,4,34.33,98.7,EXCELLENT,0,0,142
FAC-001,FacilityOps Campus,AST-001,HVAC Unit 1,HVAC,Building A,Block A1,2026-01-11 09:00:00,60.63,1.98,5.63,38.14,0.76,2033.14,4,34.38,98.29,EXCELLENT,0,0,144
FAC-001,FacilityOps Campus,AST-001,HVAC Unit 1,HVAC,Building A,Block A1,2026-01-11 10:00:00,56.74,2.4,5.01,38.06,0.87,2034.01,4,34.42,96.85,EXCELLENT,0,0,110
FAC-001,FacilityOps Campus,AST-001,HVAC Unit 1,HVAC,Building A,Block A1,2026-01-11 11:00:00,58.87,2.49,5.58,34.05,0.9,2034.91,4,34.46,98.48,EXCELLENT,0,0,154
FAC-001,FacilityOps Campus,AST-001,HVAC Unit 1,HVAC,Building A,Block A1,2026-01-11 12:00:00,56.71,2.26,5.48,34.08,0.48,2035.39,4,34.5,98.71,EXCELLENT,0,0,141
FAC-001,FacilityOps Campus,AST-001,HVAC Unit 1,HVAC,Building A,Block A1,2026-01-11 13:00:00,62.03,2.53,5.99,39.89,0.54,2035.93,4,34.54,96.83,EXCELLENT,0,0,117
FAC-001,FacilityOps Campus,AST-001,HVAC Unit 1,HVAC,Building A,Block A1,2026-01-11 14:00:00,55.76,1.97,5.61,34.89,0.56,2036.49,4,34.58,98.38,EXCELLENT,0,0,175
FAC-001,FacilityOps Campus,AST-001,HVAC Unit 1,HVAC,Building A,Block A1,2026-01-11 15:00:00,56.9,1.65,5.43,30.03,0.52,2037.01,4,34.62,98.54,EXCELLENT,0,0,173
FAC-001,FacilityOps Campus,AST-001,HVAC Unit 1,HVAC,Building A,Block A1,2026-01-11 16:00:00,57.49,2.2,5.83,33.09,0.74,2037.76,4,34.67,97.5,EXCELLENT,0,0,143
FAC-001,FacilityOps Campus,AST-001,HVAC Unit 1,HVAC,Building A,Block A1,2026-01-11 17:00:00,56.05,2.15,5.23,45.87,0.61,2038.36,4,34.71,97.74,EXCELLENT,0,0,130
FAC-001,FacilityOps Campus,AST-001,HVAC Unit 1,HVAC,Building A,Block A1,2026-01-11 18:00:00,57.27,2.23,5.73,31.72,0.5,2038.86,4,34.75,97.89,EXCELLENT,0,0,108
FAC-001,FacilityOps Campus,AST-001,HVAC Unit 1,HVAC,Building A,Block A1,2026-01-11 19:00:00,58.67,2.33,5.03,23.0,0.89,2039.76,4,34.79,96.9,EXCELLENT,0,0,158
FAC-001,FacilityOps Campus,AST-001,HVAC Unit 1,HVAC,Building A,Block A1,2026-01-11 20:00:00,56.79,2.24,5.98,16.98,0.47,2040.22,4,34.83,96.87,EXCELLENT,0,0,125
FAC-001,FacilityOps Campus,AST-001,HVAC Unit 1,HVAC,Building A,Block A1,2026-01-11 21:00:00,57.47,1.95,5.46,20.32,0.45,2040.67,4,34.88,98.64,EXCELLENT,0,0,128
FAC-001,FacilityOps Campus,AST-001,HVAC Unit 1,HVAC,Building A,Block A1,2026-01-11 22:00:00,61.33,2.53,5.57,23.07,0.7,2041.37,4,34.92,98.49,EXCELLENT,0,0,162
FAC-001,FacilityOps Campus,AST-001,HVAC Unit 1,HVAC,Building A,Block A1,2026-01-11 23:00:00,75.54,3.47,3.56,28.42,0.49,2041.86,4,34.96,51.63,WARNING,1,1,29
FAC-001,FacilityOps Campus,AST-001,HVAC Unit 1,HVAC,Building A,Block A1,2026-01-12 00:00:00,59.83,2.16,5.31,25.96,0.45,2042.31,4,35.0,98.02,EXCELLENT,0,0,119
FAC-001,FacilityOps Campus,AST-001,HVAC Unit 1,HVAC,Building A,Block A1,2026-01-12 01:00:00,60.71,2.33,5.65,16.68,0.75,2043.05,4,35.04,98.21,EXCELLENT,0,0,146
FAC-001,FacilityOps Campus,AST-001,HVAC Unit 1,HVAC,Building A,Block A1,2026-01-12 02:00:00,56.27,2.34,4.78,11.91,0.79,2043.84,4,35.08,95.93,EXCELLENT,0,0,154
FAC-001,FacilityOps Campus,AST-001,HVAC Unit 1,HVAC,Building A,Block A1,2026-01-12 03:00:00,58.11,2.53,5.92,18.37,0.65,2044.49,4,35.12,97.13,EXCELLENT,0,0,127
FAC-001,FacilityOps Campus,AST-001,HVAC Unit 1,HVAC,Building A,Block A1,2026-01-12 04:00:00,57.48,2.51,5.53,30.97,0.46,2044.95,4,35.17,98.67,EXCELLENT,0,0,139
FAC-001,FacilityOps Campus,AST-001,HVAC Unit 1,HVAC,Building A,Block A1,2026-01-12 05:00:00,76.81,2.98,5.77,29.45,0.42,2045.37,4,35.21,66.03,WARNING,1,0,21
FAC-001,FacilityOps Campus,AST-001,HVAC Unit 1,HVAC,Building A,Block A1,2026-01-12 06:00:00,58.12,2.19,5.08,18.21,0.68,2046.06,4,35.25,97.12,EXCELLENT,0,0,107
FAC-001,FacilityOps Campus,AST-001,HVAC Unit 1,HVAC,Building A,Block A1,2026-01-12 07:00:00,57.73,2.31,5.03,24.01,0.72,2046.78,4,35.29,96.91,EXCELLENT,0,0,138
FAC-001,FacilityOps Campus,AST-001,HVAC Unit 1,HVAC,Building A,Block A1,2026-01-12 08:00:00,56.71,2.03,5.37,41.89,0.9,2047.68,4,35.33,98.28,EXCELLENT,0,0,174
FAC-001,FacilityOps Campus,AST-001,HVAC Unit 1,HVAC,Building A,Block A1,2026-01-12 09:00:00,53.05,2.39,5.18,37.14,0.67,2048.35,4,35.38,97.51,EXCELLENT,0,0,100
FAC-001,FacilityOps Campus,AST-001,HVAC Unit 1,HVAC,Building A,Block A1,2026-01-12 10:00:00,59.78,2.41,5.19,31.52,0.88,2049.22,4,35.42,97.54,EXCELLENT,0,0,174
FAC-001,FacilityOps Campus,AST-001,HVAC Unit 1,HVAC,Building A,Block A1,2026-01-12 11:00:00,59.14,2.39,6.0,37.61,0.61,2049.83,4,35.46,96.8,EXCELLENT,0,0,110
FAC-001,FacilityOps Campus,AST-001,HVAC Unit 1,HVAC,Building A,Block A1,2026-01-12 12:00:00,56.3,2.22,5.39,47.42,0.42,2050.25,4,35.5,98.37,EXCELLENT,0,0,108
FAC-001,FacilityOps Campus,AST-001,HVAC Unit 1,HVAC,Building A,Block A1,2026-01-12 13:00:00,58.54,2.11,4.92,38.84,0.69,2050.95,4,35.54,96.49,EXCELLENT,0,0,151
FAC-001,FacilityOps Campus,AST-001,HVAC Unit 1,HVAC,Building A,Block A1,2026-01-12 14:00:00,58.6,1.6,6.31,42.02,0.92,2051.87,4,35.58,95.54,EXCELLENT,0,0,171
FAC-001,FacilityOps Campus,AST-001,HVAC Unit 1,HVAC,Building A,Block A1,2026-01-12 15:00:00,61.79,2.62,5.47,41.52,1.0,2052.87,4,35.62,96.75,EXCELLENT,0,0,134
FAC-001,FacilityOps Campus,AST-001,HVAC Unit 1,HVAC,Building A,Block A1,2026-01-12 16:00:00,59.48,1.46,5.7,38.45,0.41,2053.28,4,35.67,98.01,EXCELLENT,0,0,175
FAC-001,FacilityOps Campus,AST-001,HVAC Unit 1,HVAC,Building A,Block A1,2026-01-12 17:00:00,56.07,2.3,5.21,38.65,0.88,2054.16,4,35.71,97.63,EXCELLENT,0,0,145
FAC-001,FacilityOps Campus,AST-001,HVAC Unit 1,HVAC,Building A,Block A1,2026-01-12 18:00:00,57.69,2.11,5.32,39.75,0.4,2054.56,4,35.75,98.06,EXCELLENT,0,0,149
FAC-001,FacilityOps Campus,AST-001,HVAC Unit 1,HVAC,Building A,Block A1,2026-01-12 19:00:00,59.46,2.31,5.27,24.91,0.69,2055.26,4,35.79,97.88,EXCELLENT,0,0,93
FAC-001,FacilityOps Campus,AST-001,HVAC Unit 1,HVAC,Building A,Block A1,2026-01-12 20:00:00,57.52,2.06,5.53,20.34,0.97,2056.23,4,35.83,98.67,EXCELLENT,0,0,150
FAC-001,FacilityOps Campus,AST-001,HVAC Unit 1,HVAC,Building A,Block A1,2026-01-12 21:00:00,58.98,2.4,5.46,12.11,0.49,2056.71,4,35.88,98.64,EXCELLENT,0,0,145
FAC-001,FacilityOps Campus,AST-001,HVAC Unit 1,HVAC,Building A,Block A1,2026-01-12 22:00:00,56.08,1.97,5.75,18.55,0.59,2057.31,4,35.92,97.8,EXCELLENT,0,0,154
FAC-001,FacilityOps Campus,AST-001,HVAC Unit 1,HVAC,Building A,Block A1,2026-01-12 23:00:00,56.98,1.85,5.29,24.24,0.83,2058.14,4,35.96,97.96,EXCELLENT,0,0,163
FAC-001,FacilityOps Campus,AST-001,HVAC Unit 1,HVAC,Building A,Block A1,2026-01-13 00:00:00,56.38,2.25,5.17,25.28,0.83,2058.97,4,36.0,97.47,EXCELLENT,0,0,113
FAC-001,FacilityOps Campus,AST-001,HVAC Unit 1,HVAC,Building A,Block A1,2026-01-13 01:00:00,55.48,2.24,5.57,20.04,0.64,2059.61,4,36.04,98.53,EXCELLENT,0,0,123
FAC-001,FacilityOps Campus,AST-001,HVAC Unit 1,HVAC,Building A,Block A1,2026-01-13 02:00:00,56.69,2.24,5.25,19.49,0.4,2060.01,4,36.08,97.81,EXCELLENT,0,0,115
FAC-001,FacilityOps Campus,AST-001,HVAC Unit 1,HVAC,Building A,Block A1,2026-01-13 03:00:00,60.21,2.25,5.21,31.35,0.6,2060.61,4,36.12,97.64,EXCELLENT,0,0,153
FAC-001,FacilityOps Campus,AST-001,HVAC Unit 1,HVAC,Building A,Block A1,2026-01-13 04:00:00,57.32,2.01,5.72,18.12,0.59,2061.2,4,36.17,97.93,EXCELLENT,0,0,104
FAC-001,FacilityOps Campus,AST-001,HVAC Unit 1,HVAC,Building A,Block A1,2026-01-13 05:00:00,53.3,1.9,5.56,29.72,0.47,2061.67,4,36.21,98.58,EXCELLENT,0,0,118
FAC-001,FacilityOps Campus,AST-001,HVAC Unit 1,HVAC,Building A,Block A1,2026-01-13 06:00:00,61.56,2.43,5.79,23.51,0.98,2062.65,4,36.25,97.64,EXCELLENT,0,0,106
FAC-001,FacilityOps Campus,AST-001,HVAC Unit 1,HVAC,Building A,Block A1,2026-01-13 07:00:00,63.6,2.1,4.77,24.56,0.92,2063.57,4,36.29,95.89,EXCELLENT,0,0,107
FAC-001,FacilityOps Campus,AST-001,HVAC Unit 1,HVAC,Building A,Block A1,2026-01-13 08:00:00,57.28,2.28,4.85,44.2,0.83,2064.4,4,36.33,96.2,EXCELLENT,0,0,127
FAC-001,FacilityOps Campus,AST-001,HVAC Unit 1,HVAC,Building A,Block A1,2026-01-13 09:00:00,57.32,2.29,5.79,42.48,0.58,2064.98,4,36.38,97.63,EXCELLENT,0,0,96
FAC-001,FacilityOps Campus,AST-001,HVAC Unit 1,HVAC,Building A,Block A1,2026-01-13 10:00:00,58.35,2.12,6.24,30.85,0.45,2065.43,4,36.42,95.84,EXCELLENT,0,0,102
FAC-001,FacilityOps Campus,AST-001,HVAC Unit 1,HVAC,Building A,Block A1,2026-01-13 11:00:00,58.1,1.95,5.72,31.06,0.41,2065.84,4,36.46,97.91,EXCELLENT,0,0,113
FAC-001,FacilityOps Campus,AST-001,HVAC Unit 1,HVAC,Building A,Block A1,2026-01-13 12:00:00,58.44,2.22,5.7,43.13,0.56,2066.4,4,36.5,98.01,EXCELLENT,0,0,114
FAC-001,FacilityOps Campus,AST-001,HVAC Unit 1,HVAC,Building A,Block A1,2026-01-13 13:00:00,63.04,2.25,5.82,43.84,0.86,2067.26,4,36.54,97.54,EXCELLENT,0,0,147
FAC-001,FacilityOps Campus,AST-001,HVAC Unit 1,HVAC,Building A,Block A1,2026-01-13 14:00:00,56.09,2.23,5.04,40.69,0.51,2067.77,4,36.58,96.97,EXCELLENT,0,0,114
FAC-001,FacilityOps Campus,AST-001,HVAC Unit 1,HVAC,Building A,Block A1,2026-01-13 15:00:00,52.6,2.26,5.8,39.46,0.98,2068.75,4,36.62,97.61,EXCELLENT,0,0,162
FAC-001,FacilityOps Campus,AST-001,HVAC Unit 1,HVAC,Building A,Block A1,2026-01-13 16:00:00,58.93,2.49,5.22,37.86,0.49,2069.25,4,36.67,97.68,EXCELLENT,0,0,118
FAC-001,FacilityOps Campus,AST-001,HVAC Unit 1,HVAC,Building A,Block A1,2026-01-13 17:00:00,57.74,1.79,5.45,39.04,0.43,2069.68,4,36.71,98.59,EXCELLENT,0,0,98
FAC-001,FacilityOps Campus,AST-001,HVAC Unit 1,HVAC,Building A,Block A1,2026-01-13 18:00:00,63.32,2.31,5.75,40.01,0.87,2070.55,4,36.75,97.79,EXCELLENT,0,0,179
FAC-001,FacilityOps Campus,AST-001,HVAC Unit 1,HVAC,Building A,Block A1,2026-01-13 19:00:00,58.85,1.95,5.62,21.14,0.49,2071.03,4,36.79,98.33,EXCELLENT,0,0,157
FAC-001,FacilityOps Campus,AST-001,HVAC Unit 1,HVAC,Building A,Block A1,2026-01-13 20:00:00,55.07,2.41,5.69,19.81,0.57,2071.61,4,36.83,98.03,EXCELLENT,0,0,136
FAC-001,FacilityOps Campus,AST-001,HVAC Unit 1,HVAC,Building A,Block A1,2026-01-13 21:00:00,60.79,2.48,5.5,17.54,0.54,2072.15,4,36.88,98.79,EXCELLENT,0,0,122
FAC-001,FacilityOps Campus,AST-001,HVAC Unit 1,HVAC,Building A,Block A1,2026-01-13 22:00:00,53.98,2.25,6.11,28.8,0.45,2072.59,4,36.92,96.37,EXCELLENT,0,0,175
FAC-001,FacilityOps Campus,AST-001,HVAC Unit 1,HVAC,Building A,Block A1,2026-01-13 23:00:00,54.73,2.25,6.19,21.96,0.92,2073.51,4,36.96,96.05,EXCELLENT,0,0,122
FAC-001,FacilityOps Campus,AST-001,HVAC Unit 1,HVAC,Building A,Block A1,2026-01-14 00:00:00,58.03,2.25,5.98,13.95,0.47,2073.98,4,37.0,96.86,EXCELLENT,0,0,137
FAC-001,FacilityOps Campus,AST-001,HVAC Unit 1,HVAC,Building A,Block A1,2026-01-14 01:00:00,58.08,2.36,5.43,16.93,0.95,2074.93,4,37.04,98.54,EXCELLENT,0,0,171
FAC-001,FacilityOps Campus,AST-001,HVAC Unit 1,HVAC,Building A,Block A1,2026-01-14 02:00:00,59.37,2.05,5.51,30.56,0.99,2075.91,4,37.08,98.77,EXCELLENT,0,0,102
FAC-001,FacilityOps Campus,AST-001,HVAC Unit 1,HVAC,Building A,Block A1,2026-01-14 03:00:00,56.18,2.46,5.43,23.36,0.87,2076.78,4,37.12,98.51,EXCELLENT,0,0,175
FAC-001,FacilityOps Campus,AST-001,HVAC Unit 1,HVAC,Building A,Block A1,2026-01-14 04:00:00,60.84,2.29,5.34,30.47,0.73,2077.51,4,37.17,98.14,EXCELLENT,0,0,174
FAC-001,FacilityOps Campus,AST-001,HVAC Unit 1,HVAC,Building A,Block A1,2026-01-14 05:00:00,88.64,2.89,6.1,22.38,0.66,2078.17,4,37.21,46.22,CRITICAL,1,1,2
FAC-001,FacilityOps Campus,AST-001,HVAC Unit 1,HVAC,Building A,Block A1,2026-01-14 06:00:00,57.55,1.47,6.1,20.13,0.42,2078.59,4,37.25,96.4,EXCELLENT,0,0,180
FAC-001,FacilityOps Campus,AST-001,HVAC Unit 1,HVAC,Building A,Block A1,2026-01-14 07:00:00,58.6,2.51,4.93,21.59,0.94,2079.53,4,37.29,96.5,EXCELLENT,0,0,109
FAC-001,FacilityOps Campus,AST-001,HVAC Unit 1,HVAC,Building A,Block A1,2026-01-14 08:00:00,57.32,1.82,5.51,33.54,0.57,2080.1,4,37.33,98.76,EXCELLENT,0,0,158
FAC-001,FacilityOps Campus,AST-001,HVAC Unit 1,HVAC,Building A,Block A1,2026-01-14 09:00:00,57.53,1.72,6.01,44.41,0.49,2080.59,4,37.38,96.77,EXCELLENT,0,0,160
FAC-001,FacilityOps Campus,AST-001,HVAC Unit 1,HVAC,Building A,Block A1,2026-01-14 10:00:00,56.82,2.56,5.34,40.36,0.55,2081.14,4,37.42,97.65,EXCELLENT,0,0,135
FAC-001,FacilityOps Campus,AST-001,HVAC Unit 1,HVAC,Building A,Block A1,2026-01-14 11:00:00,58.53,2.2,5.71,37.73,0.9,2082.04,4,37.46,97.95,EXCELLENT,0,0,113
FAC-001,FacilityOps Campus,AST-001,HVAC Unit 1,HVAC,Building A,Block A1,2026-01-14 12:00:00,57.08,2.22,5.89,35.16,0.57,2082.62,4,37.5,97.23,EXCELLENT,0,0,142
FAC-001,FacilityOps Campus,AST-001,HVAC Unit 1,HVAC,Building A,Block A1,2026-01-14 13:00:00,103.52,2.95,4.42,53.3,0.54,2083.16,4,37.54,13.22,CRITICAL,1,1,6
FAC-001,FacilityOps Campus,AST-001,HVAC Unit 1,HVAC,Building A,Block A1,2026-01-14 14:00:00,59.48,2.55,5.24,35.29,0.48,2083.63,4,37.58,97.38,EXCELLENT,0,0,136
FAC-001,FacilityOps Campus,AST-001,HVAC Unit 1,HVAC,Building A,Block A1,2026-01-14 15:00:00,61.65,1.77,5.32,43.93,0.73,2084.36,4,37.62,98.08,EXCELLENT,0,0,148
FAC-001,FacilityOps Campus,AST-001,HVAC Unit 1,HVAC,Building A,Block A1,2026-01-14 16:00:00,53.63,2.23,5.4,41.25,0.62,2084.97,4,37.67,98.41,EXCELLENT,0,0,114
FAC-001,FacilityOps Campus,AST-001,HVAC Unit 1,HVAC,Building A,Block A1,2026-01-14 17:00:00,61.64,2.28,5.25,34.77,0.98,2085.96,4,37.71,97.78,EXCELLENT,0,0,155
FAC-001,FacilityOps Campus,AST-001,HVAC Unit 1,HVAC,Building A,Block A1,2026-01-14 18:00:00,57.2,2.65,5.57,43.0,0.84,2086.79,4,37.75,96.09,EXCELLENT,0,0,170
FAC-001,FacilityOps Campus,AST-001,HVAC Unit 1,HVAC,Building A,Block A1,2026-01-14 19:00:00,59.6,1.92,5.72,18.03,0.66,2087.46,4,37.79,97.92,EXCELLENT,0,0,170
FAC-001,FacilityOps Campus,AST-001,HVAC Unit 1,HVAC,Building A,Block A1,2026-01-14 20:00:00,59.14,2.07,5.29,23.93,0.42,2087.87,4,37.83,97.95,EXCELLENT,0,0,167
FAC-001,FacilityOps Campus,AST-001,HVAC Unit 1,HVAC,Building A,Block A1,2026-01-14 21:00:00,57.85,2.31,5.73,22.52,0.89,2088.76,4,37.88,97.87,EXCELLENT,0,0,138
FAC-001,FacilityOps Campus,AST-001,HVAC Unit 1,HVAC,Building A,Block A1,2026-01-14 22:00:00,53.55,2.04,5.19,22.53,0.98,2089.74,4,37.92,97.56,EXCELLENT,0,0,108
FAC-001,FacilityOps Campus,AST-001,HVAC Unit 1,HVAC,Building A,Block A1,2026-01-14 23:00:00,56.8,1.98,5.71,19.54,0.8,2090.54,4,37.96,97.97,EXCELLENT,0,0,96
FAC-001,FacilityOps Campus,AST-001,HVAC Unit 1,HVAC,Building A,Block A1,2026-01-15 00:00:00,71.49,3.21,6.31,25.76,0.51,2091.05,4,38.0,68.42,WARNING,1,0,11
FAC-001,FacilityOps Campus,AST-001,HVAC Unit 1,HVAC,Building A,Block A1,2026-01-15 01:00:00,57.54,2.02,5.78,20.27,0.6,2091.65,4,38.04,97.68,EXCELLENT,0,0,136
FAC-001,FacilityOps Campus,AST-001,HVAC Unit 1,HVAC,Building A,Block A1,2026-01-15 02:00:00,56.36,2.06,5.6,22.0,0.76,2092.41,4,38.08,98.39,EXCELLENT,0,0,113
FAC-001,FacilityOps Campus,AST-001,HVAC Unit 1,HVAC,Building A,Block A1,2026-01-15 03:00:00,59.65,2.29,5.49,18.84,0.51,2092.92,4,38.12,98.74,EXCELLENT,0,0,158
FAC-001,FacilityOps Campus,AST-001,HVAC Unit 1,HVAC,Building A,Block A1,2026-01-15 04:00:00,56.1,1.87,5.57,25.7,0.71,2093.63,4,38.17,98.51,EXCELLENT,0,0,92
FAC-001,FacilityOps Campus,AST-001,HVAC Unit 1,HVAC,Building A,Block A1,2026-01-15 05:00:00,58.94,1.76,5.46,20.11,0.98,2094.61,4,38.21,98.65,EXCELLENT,0,0,128
FAC-001,FacilityOps Campus,AST-001,HVAC Unit 1,HVAC,Building A,Block A1,2026-01-15 06:00:00,54.79,2.64,5.31,15.0,0.73,2095.35,4,38.25,95.77,EXCELLENT,0,0,111
FAC-001,FacilityOps Campus,AST-001,HVAC Unit 1,HVAC,Building A,Block A1,2026-01-15 07:00:00,57.77,2.4,5.16,30.95,0.59,2095.93,4,38.29,97.42,EXCELLENT,0,0,91
FAC-001,FacilityOps Campus,AST-001,HVAC Unit 1,HVAC,Building A,Block A1,2026-01-15 08:00:00,61.84,2.34,5.6,45.22,0.82,2096.76,4,38.33,98.39,EXCELLENT,0,0,117
FAC-001,FacilityOps Campus,AST-001,HVAC Unit 1,HVAC,Building A,Block A1,2026-01-15 09:00:00,54.68,2.36,5.45,42.49,0.53,2097.29,4,38.38,98.6,EXCELLENT,0,0,135
FAC-001,FacilityOps Campus,AST-001,HVAC Unit 1,HVAC,Building A,Block A1,2026-01-15 10:00:00,58.17,1.98,5.46,35.07,0.66,2097.95,4,38.42,98.63,EXCELLENT,0,0,162
FAC-001,FacilityOps Campus,AST-001,HVAC Unit 1,HVAC,Building A,Block A1,2026-01-15 11:00:00,58.47,2.69,5.66,35.53,0.79,2098.74,4,38.46,94.85,EXCELLENT,0,0,141
FAC-001,FacilityOps Campus,AST-001,HVAC Unit 1,HVAC,Building A,Block A1,2026-01-15 12:00:00,59.62,2.0,5.29,29.39,0.44,2099.18,4,38.5,97.97,EXCELLENT,0,0,156
FAC-001,FacilityOps Campus,AST-001,HVAC Unit 1,HVAC,Building A,Block A1,2026-01-15 13:00:00,55.92,2.6,5.99,30.94,0.93,2100.11,4,38.54,95.43,EXCELLENT,0,0,125
FAC-001,FacilityOps Campus,AST-001,HVAC Unit 1,HVAC,Building A,Block A1,2026-01-15 14:00:00,55.17,1.85,5.56,48.78,0.84,2100.95,4,38.58,98.15,EXCELLENT,0,0,140
FAC-001,FacilityOps Campus,AST-001,HVAC Unit 1,HVAC,Building A,Block A1,2026-01-15 15:00:00,59.7,1.86,5.4,41.33,0.92,2101.87,4,38.62,98.39,EXCELLENT,0,0,126
FAC-001,FacilityOps Campus,AST-001,HVAC Unit 1,HVAC,Building A,Block A1,2026-01-15 16:00:00,60.69,2.14,5.94,37.92,0.82,2102.69,4,38.67,97.06,EXCELLENT,0,0,125
FAC-001,FacilityOps Campus,AST-001,HVAC Unit 1,HVAC,Building A,Block A1,2026-01-15 17:00:00,59.73,2.3,5.36,39.37,0.87,2103.57,4,38.71,98.22,EXCELLENT,0,0,166
FAC-001,FacilityOps Campus,AST-001,HVAC Unit 1,HVAC,Building A,Block A1,2026-01-15 18:00:00,51.25,2.03,5.5,37.92,0.46,2104.03,4,38.75,98.8,EXCELLENT,0,0,167
FAC-001,FacilityOps Campus,AST-001,HVAC Unit 1,HVAC,Building A,Block A1,2026-01-15 19:00:00,57.96,2.38,5.45,14.98,0.87,2104.9,4,38.79,98.61,EXCELLENT,0,0,160
FAC-001,FacilityOps Campus,AST-001,HVAC Unit 1,HVAC,Building A,Block A1,2026-01-15 20:00:00,55.49,2.15,5.88,25.03,0.73,2105.63,4,38.83,97.28,EXCELLENT,0,0,150
FAC-001,FacilityOps Campus,AST-001,HVAC Unit 1,HVAC,Building A,Block A1,2026-01-15 21:00:00,59.95,2.32,5.66,21.28,0.97,2106.6,4,38.88,98.14,EXCELLENT,0,0,138
FAC-001,FacilityOps Campus,AST-001,HVAC Unit 1,HVAC,Building A,Block A1,2026-01-15 22:00:00,57.36,2.14,5.24,22.57,0.52,2107.12,4,38.92,97.78,EXCELLENT,0,0,131
FAC-001,FacilityOps Campus,AST-001,HVAC Unit 1,HVAC,Building A,Block A1,2026-01-15 23:00:00,65.46,2.07,4.88,27.16,0.58,2107.7,4,38.96,93.44,EXCELLENT,0,0,176
FAC-001,FacilityOps Campus,AST-001,HVAC Unit 1,HVAC,Building A,Block A1,2026-01-16 00:00:00,57.91,1.94,5.72,17.62,0.5,2108.19,4,39.0,97.91,EXCELLENT,0,0,170
FAC-001,FacilityOps Campus,AST-001,HVAC Unit 1,HVAC,Building A,Block A1,2026-01-16 01:00:00,62.36,2.34,5.6,21.58,0.75,2108.94,4,39.04,98.38,EXCELLENT,0,0,117
FAC-001,FacilityOps Campus,AST-001,HVAC Unit 1,HVAC,Building A,Block A1,2026-01-16 02:00:00,55.8,2.07,5.3,17.09,0.85,2109.79,4,39.08,98.01,EXCELLENT,0,0,98
FAC-001,FacilityOps Campus,AST-001,HVAC Unit 1,HVAC,Building A,Block A1,2026-01-16 03:00:00,54.94,2.54,4.8,23.55,0.5,2110.3,4,39.12,95.89,EXCELLENT,0,0,102
FAC-001,FacilityOps Campus,AST-001,HVAC Unit 1,HVAC,Building A,Block A1,2026-01-16 04:00:00,60.64,2.34,6.17,28.13,0.47,2110.77,4,39.17,96.14,EXCELLENT,0,0,177
FAC-001,FacilityOps Campus,AST-001,HVAC Unit 1,HVAC,Building A,Block A1,2026-01-16 05:00:00,55.71,2.08,5.11,24.54,0.7,2111.47,4,39.21,97.26,EXCELLENT,0,0,151
FAC-001,FacilityOps Campus,AST-001,HVAC Unit 1,HVAC,Building A,Block A1,2026-01-16 06:00:00,58.44,2.19,5.27,31.47,0.81,2112.28,4,39.25,97.88,EXCELLENT,0,0,114
FAC-001,FacilityOps Campus,AST-001,HVAC Unit 1,HVAC,Building A,Block A1,2026-01-16 07:00:00,60.4,2.46,5.75,28.13,0.52,2112.81,4,39.29,97.82,EXCELLENT,0,0,160
FAC-001,FacilityOps Campus,AST-001,HVAC Unit 1,HVAC,Building A,Block A1,2026-01-16 08:00:00,57.75,2.28,5.41,37.91,0.45,2113.25,4,39.33,98.44,EXCELLENT,0,0,107
FAC-001,FacilityOps Campus,AST-001,HVAC Unit 1,HVAC,Building A,Block A1,2026-01-16 09:00:00,60.56,2.13,5.78,46.01,0.44,2113.69,4,39.38,97.67,EXCELLENT,0,0,134
FAC-001,FacilityOps Campus,AST-001,HVAC Unit 1,HVAC,Building A,Block A1,2026-01-16 10:00:00,58.11,2.27,5.5,37.95,0.44,2114.13,4,39.42,98.79,EXCELLENT,0,0,129
FAC-001,FacilityOps Campus,AST-001,HVAC Unit 1,HVAC,Building A,Block A1,2026-01-16 11:00:00,76.38,2.87,6.11,38.31,0.83,2114.96,4,39.46,67.76,WARNING,1,0,8
FAC-001,FacilityOps Campus,AST-001,HVAC Unit 1,HVAC,Building A,Block A1,2026-01-16 12:00:00,56.16,2.22,5.64,46.53,0.87,2115.83,4,39.5,98.25,EXCELLENT,0,0,128
FAC-001,FacilityOps Campus,AST-001,HVAC Unit 1,HVAC,Building A,Block A1,2026-01-16 13:00:00,59.67,1.97,5.97,38.68,0.61,2116.44,4,39.54,96.91,EXCELLENT,0,0,147
FAC-001,FacilityOps Campus,AST-001,HVAC Unit 1,HVAC,Building A,Block A1,2026-01-16 14:00:00,59.35,2.56,5.74,45.63,0.75,2117.18,4,39.58,97.24,EXCELLENT,0,0,131
FAC-001,FacilityOps Campus,AST-001,HVAC Unit 1,HVAC,Building A,Block A1,2026-01-16 15:00:00,62.1,2.04,5.91,31.57,0.51,2117.7,4,39.62,97.16,EXCELLENT,0,0,91
FAC-001,FacilityOps Campus,AST-001,HVAC Unit 1,HVAC,Building A,Block A1,2026-01-16 16:00:00,58.04,2.43,5.23,41.57,0.89,2118.59,4,39.67,97.71,EXCELLENT,0,0,151
FAC-001,FacilityOps Campus,AST-001,HVAC Unit 1,HVAC,Building A,Block A1,2026-01-16 17:00:00,58.25,2.19,5.07,44.46,0.56,2119.15,4,39.71,97.09,EXCELLENT,0,0,102
FAC-001,FacilityOps Campus,AST-001,HVAC Unit 1,HVAC,Building A,Block A1,2026-01-16 18:00:00,59.54,2.33,5.6,41.05,0.87,2120.02,4,39.75,98.38,EXCELLENT,0,0,173
FAC-001,FacilityOps Campus,AST-001,HVAC Unit 1,HVAC,Building A,Block A1,2026-01-16 19:00:00,56.85,2.18,5.4,21.35,0.73,2120.76,4,39.79,98.4,EXCELLENT,0,0,139
FAC-001,FacilityOps Campus,AST-001,HVAC Unit 1,HVAC,Building A,Block A1,2026-01-16 20:00:00,54.61,2.12,6.02,26.48,0.66,2121.42,4,39.83,96.73,EXCELLENT,0,0,107
FAC-001,FacilityOps Campus,AST-001,HVAC Unit 1,HVAC,Building A,Block A1,2026-01-16 21:00:00,59.17,1.82,5.73,28.66,0.91,2122.33,4,39.88,97.89,EXCELLENT,0,0,124
FAC-001,FacilityOps Campus,AST-001,HVAC Unit 1,HVAC,Building A,Block A1,2026-01-16 22:00:00,55.31,1.91,5.41,25.87,0.41,2122.74,4,39.92,98.44,EXCELLENT,0,0,124
FAC-001,FacilityOps Campus,AST-001,HVAC Unit 1,HVAC,Building A,Block A1,2026-01-16 23:00:00,55.42,2.48,5.51,12.14,0.4,2123.14,4,39.96,98.76,EXCELLENT,0,0,158
FAC-001,FacilityOps Campus,AST-001,HVAC Unit 1,HVAC,Building A,Block A1,2026-01-17 00:00:00,62.08,2.64,6.03,26.17,0.63,2123.78,4,40.0,94.45,EXCELLENT,0,0,172
FAC-001,FacilityOps Campus,AST-001,HVAC Unit 1,HVAC,Building A,Block A1,2026-01-17 01:00:00,54.28,1.85,5.96,30.87,0.68,2124.46,4,40.04,96.98,EXCELLENT,0,0,139
FAC-001,FacilityOps Campus,AST-001,HVAC Unit 1,HVAC,Building A,Block A1,2026-01-17 02:00:00,59.56,2.42,5.32,24.56,0.67,2125.13,4,40.08,98.09,EXCELLENT,0,0,144
FAC-001,FacilityOps Campus,AST-001,HVAC Unit 1,HVAC,Building A,Block A1,2026-01-17 03:00:00,56.7,2.24,5.55,27.53,0.44,2125.57,4,40.12,98.59,EXCELLENT,0,0,154
FAC-001,FacilityOps Campus,AST-001,HVAC Unit 1,HVAC,Building A,Block A1,2026-01-17 04:00:00,54.98,2.29,5.38,28.63,0.8,2126.38,4,40.17,98.32,EXCELLENT,0,0,103
FAC-001,FacilityOps Campus,AST-001,HVAC Unit 1,HVAC,Building A,Block A1,2026-01-17 05:00:00,57.55,1.88,6.07,14.42,0.95,2127.32,4,40.21,96.51,EXCELLENT,0,0,179
FAC-001,FacilityOps Campus,AST-001,HVAC Unit 1,HVAC,Building A,Block A1,2026-01-17 06:00:00,58.6,1.91,5.62,20.09,0.75,2128.07,4,40.25,98.34,EXCELLENT,0,0,129
FAC-001,FacilityOps Campus,AST-001,HVAC Unit 1,HVAC,Building A,Block A1,2026-01-17 07:00:00,57.05,2.24,5.55,23.16,0.77,2128.84,4,40.29,98.6,EXCELLENT,0,0,135
FAC-001,FacilityOps Campus,AST-001,HVAC Unit 1,HVAC,Building A,Block A1,2026-01-17 08:00:00,59.07,2.11,5.45,41.72,0.84,2129.68,4,40.33,98.6,EXCELLENT,0,0,162
FAC-001,FacilityOps Campus,AST-001,HVAC Unit 1,HVAC,Building A,Block A1,2026-01-17 09:00:00,58.72,2.22,5.86,45.86,0.44,2130.12,4,40.38,97.37,EXCELLENT,0,0,142
FAC-001,FacilityOps Campus,AST-001,HVAC Unit 1,HVAC,Building A,Block A1,2026-01-17 10:00:00,58.86,2.28,5.3,45.39,0.53,2130.65,4,40.42,98.0,EXCELLENT,0,0,109
FAC-001,FacilityOps Campus,AST-001,HVAC Unit 1,HVAC,Building A,Block A1,2026-01-17 11:00:00,61.08,1.57,5.38,31.09,0.78,2131.43,4,40.46,98.31,EXCELLENT,0,0,145
FAC-001,FacilityOps Campus,AST-001,HVAC Unit 1,HVAC,Building A,Block A1,2026-01-17 12:00:00,56.08,1.88,5.36,33.86,0.53,2131.95,4,40.5,98.25,EXCELLENT,0,0,171
FAC-001,FacilityOps Campus,AST-001,HVAC Unit 1,HVAC,Building A,Block A1,2026-01-17 13:00:00,57.92,1.99,5.67,32.04,0.88,2132.83,4,40.54,98.11,EXCELLENT,0,0,99
FAC-001,FacilityOps Campus,AST-001,HVAC Unit 1,HVAC,Building A,Block A1,2026-01-17 14:00:00,58.87,1.95,5.47,34.45,0.45,2133.28,4,40.58,98.69,EXCELLENT,0,0,146
FAC-001,FacilityOps Campus,AST-001,HVAC Unit 1,HVAC,Building A,Block A1,2026-01-17 15:00:00,55.84,1.85,5.34,39.26,0.73,2134.01,4,40.62,98.15,EXCELLENT,0,0,106
FAC-001,FacilityOps Campus,AST-001,HVAC Unit 1,HVAC,Building A,Block A1,2026-01-17 16:00:00,58.98,1.72,5.42,46.3,0.52,2134.53,4,40.67,98.47,EXCELLENT,0,0,169
FAC-001,FacilityOps Campus,AST-001,HVAC Unit 1,HVAC,Building A,Block A1,2026-01-17 17:00:00,62.61,2.35,5.26,41.98,0.88,2135.41,4,40.71,97.84,EXCELLENT,0,0,128
FAC-001,FacilityOps Campus,AST-001,HVAC Unit 1,HVAC,Building A,Block A1,2026-01-17 18:00:00,56.77,2.29,5.58,35.01,0.75,2136.16,4,40.75,98.49,EXCELLENT,0,0,143
FAC-001,FacilityOps Campus,AST-001,HVAC Unit 1,HVAC,Building A,Block A1,2026-01-17 19:00:00,52.76,2.42,5.23,19.09,0.74,2136.9,4,40.79,97.73,EXCELLENT,0,0,156
FAC-001,FacilityOps Campus,AST-001,HVAC Unit 1,HVAC,Building A,Block A1,2026-01-17 20:00:00,59.1,2.09,5.61,17.43,0.98,2137.88,4,40.83,98.34,EXCELLENT,0,0,146
FAC-001,FacilityOps Campus,AST-001,HVAC Unit 1,HVAC,Building A,Block A1,2026-01-17 21:00:00,57.24,2.38,5.66,30.35,0.6,2138.48,4,40.88,98.18,EXCELLENT,0,0,130
FAC-001,FacilityOps Campus,AST-001,HVAC Unit 1,HVAC,Building A,Block A1,2026-01-17 22:00:00,64.2,2.77,5.95,19.74,0.77,2139.26,4,40.92,91.48,EXCELLENT,0,0,138
FAC-001,FacilityOps Campus,AST-001,HVAC Unit 1,HVAC,Building A,Block A1,2026-01-17 23:00:00,56.41,2.31,4.87,22.45,0.46,2139.71,4,40.96,96.3,EXCELLENT,0,0,180
FAC-001,FacilityOps Campus,AST-001,HVAC Unit 1,HVAC,Building A,Block A1,2026-01-18 00:00:00,55.66,2.03,5.59,14.82,0.68,2140.39,4,41.0,98.45,EXCELLENT,0,0,178
FAC-001,FacilityOps Campus,AST-001,HVAC Unit 1,HVAC,Building A,Block A1,2026-01-18 01:00:00,61.43,2.35,6.07,25.33,0.96,2141.36,4,41.04,96.54,EXCELLENT,0,0,171
FAC-001,FacilityOps Campus,AST-001,HVAC Unit 1,HVAC,Building A,Block A1,2026-01-18 02:00:00,58.35,1.67,5.73,17.75,0.71,2142.06,4,41.08,97.88,EXCELLENT,0,0,176
FAC-001,FacilityOps Campus,AST-001,HVAC Unit 1,HVAC,Building A,Block A1,2026-01-18 03:00:00,59.81,2.09,5.69,25.82,0.53,2142.59,4,41.12,98.02,EXCELLENT,0,0,101
FAC-001,FacilityOps Campus,AST-001,HVAC Unit 1,HVAC,Building A,Block A1,2026-01-18 04:00:00,58.62,1.98,5.26,23.98,0.63,2143.22,4,41.17,97.82,EXCELLENT,0,0,151
FAC-001,FacilityOps Campus,AST-001,HVAC Unit 1,HVAC,Building A,Block A1,2026-01-18 05:00:00,62.78,2.42,5.58,11.92,0.91,2144.13,4,41.21,98.47,EXCELLENT,0,0,145
FAC-001,FacilityOps Campus,AST-001,HVAC Unit 1,HVAC,Building A,Block A1,2026-01-18 06:00:00,99.0,4.87,6.86,26.57,0.61,2144.74,4,41.25,0.0,CRITICAL,1,1,5
FAC-001,FacilityOps Campus,AST-001,HVAC Unit 1,HVAC,Building A,Block A1,2026-01-18 07:00:00,60.46,2.55,6.0,13.52,0.95,2145.69,4,41.29,96.49,EXCELLENT,0,0,102
FAC-001,FacilityOps Campus,AST-001,HVAC Unit 1,HVAC,Building A,Block A1,2026-01-18 08:00:00,58.23,2.45,5.81,28.91,0.45,2146.14,4,41.33,97.55,EXCELLENT,0,0,90
FAC-001,FacilityOps Campus,AST-001,HVAC Unit 1,HVAC,Building A,Block A1,2026-01-18 09:00:00,54.8,2.2,5.57,29.31,0.5,2146.63,4,41.38,98.52,EXCELLENT,0,0,145
FAC-001,FacilityOps Campus,AST-001,HVAC Unit 1,HVAC,Building A,Block A1,2026-01-18 10:00:00,57.46,2.22,4.6,39.78,0.8,2147.43,4,41.42,95.21,EXCELLENT,0,0,153
FAC-001,FacilityOps Campus,AST-001,HVAC Unit 1,HVAC,Building A,Block A1,2026-01-18 11:00:00,53.92,2.06,5.24,35.02,0.92,2148.35,4,41.46,97.75,EXCELLENT,0,0,136
FAC-001,FacilityOps Campus,AST-001,HVAC Unit 1,HVAC,Building A,Block A1,2026-01-18 12:00:00,61.7,2.13,5.68,34.63,0.51,2148.86,4,41.5,98.09,EXCELLENT,0,0,110
FAC-001,FacilityOps Campus,AST-001,HVAC Unit 1,HVAC,Building A,Block A1,2026-01-18 13:00:00,60.31,2.26,6.01,37.66,0.58,2149.44,4,41.54,96.74,EXCELLENT,0,0,135
FAC-001,FacilityOps Campus,AST-001,HVAC Unit 1,HVAC,Building A,Block A1,2026-01-18 14:00:00,64.53,2.91,5.78,51.01,0.53,2149.98,4,41.58,86.48,EXCELLENT,1,0,153
FAC-001,FacilityOps Campus,AST-001,HVAC Unit 1,HVAC,Building A,Block A1,2026-01-18 15:00:00,53.86,1.96,5.46,44.94,0.75,2150.72,4,41.62,98.65,EXCELLENT,0,0,145
FAC-001,FacilityOps Campus,AST-001,HVAC Unit 1,HVAC,Building A,Block A1,2026-01-18 16:00:00,54.44,2.31,5.56,33.53,0.82,2151.54,4,41.67,98.57,EXCELLENT,0,0,100
FAC-001,FacilityOps Campus,AST-001,HVAC Unit 1,HVAC,Building A,Block A1,2026-01-18 17:00:00,53.64,2.35,5.48,40.46,0.61,2152.15,4,41.71,98.72,EXCELLENT,0,0,141
FAC-001,FacilityOps Campus,AST-001,HVAC Unit 1,HVAC,Building A,Block A1,2026-01-18 18:00:00,54.24,2.23,5.51,32.4,0.48,2152.63,4,41.75,98.76,EXCELLENT,0,0,131
FAC-001,FacilityOps Campus,AST-001,HVAC Unit 1,HVAC,Building A,Block A1,2026-01-18 19:00:00,57.77,2.53,5.11,23.29,0.88,2153.52,4,41.79,97.23,EXCELLENT,0,0,179
FAC-001,FacilityOps Campus,AST-001,HVAC Unit 1,HVAC,Building A,Block A1,2026-01-18 20:00:00,56.9,2.46,5.54,19.1,0.51,2154.03,4,41.83,98.64,EXCELLENT,0,0,104
FAC-001,FacilityOps Campus,AST-001,HVAC Unit 1,HVAC,Building A,Block A1,2026-01-18 21:00:00,56.02,1.64,5.62,26.34,0.47,2154.5,4,41.88,98.31,EXCELLENT,0,0,138
FAC-001,FacilityOps Campus,AST-001,HVAC Unit 1,HVAC,Building A,Block A1,2026-01-18 22:00:00,59.6,2.24,5.17,18.81,0.79,2155.29,4,41.92,97.49,EXCELLENT,0,0,93
FAC-001,FacilityOps Campus,AST-001,HVAC Unit 1,HVAC,Building A,Block A1,2026-01-18 23:00:00,57.14,2.24,5.21,22.44,0.77,2156.06,4,41.96,97.64,EXCELLENT,0,0,124
FAC-001,FacilityOps Campus,AST-001,HVAC Unit 1,HVAC,Building A,Block A1,2026-01-19 00:00:00,59.79,1.69,5.85,14.98,0.89,2156.95,4,42.0,97.41,EXCELLENT,0,0,106
FAC-001,FacilityOps Campus,AST-001,HVAC Unit 1,HVAC,Building A,Block A1,2026-01-19 01:00:00,57.84,2.33,5.56,32.06,0.72,2157.67,4,42.04,98.55,EXCELLENT,0,0,168
FAC-001,FacilityOps Campus,AST-001,HVAC Unit 1,HVAC,Building A,Block A1,2026-01-19 02:00:00,57.06,2.11,5.14,19.77,0.93,2158.6,4,42.08,97.36,EXCELLENT,0,0,97
FAC-001,FacilityOps Campus,AST-001,HVAC Unit 1,HVAC,Building A,Block A1,2026-01-19 03:00:00,58.88,2.14,5.91,25.69,0.64,2159.24,4,42.12,97.16,EXCELLENT,0,0,107
FAC-001,FacilityOps Campus,AST-001,HVAC Unit 1,HVAC,Building A,Block A1,2026-01-19 04:00:00,76.2,3.59,2.94,20.52,0.79,2160.03,4,42.17,45.46,CRITICAL,1,1,6
FAC-001,FacilityOps Campus,AST-001,HVAC Unit 1,HVAC,Building A,Block A1,2026-01-19 05:00:00,58.05,1.71,5.54,17.23,0.42,2160.46,4,42.21,98.63,EXCELLENT,0,0,100
FAC-001,FacilityOps Campus,AST-001,HVAC Unit 1,HVAC,Building A,Block A1,2026-01-19 06:00:00,59.9,1.93,5.86,23.36,0.91,2161.37,4,42.25,97.37,EXCELLENT,0,0,124
FAC-001,FacilityOps Campus,AST-001,HVAC Unit 1,HVAC,Building A,Block A1,2026-01-19 07:00:00,56.34,2.54,5.36,28.8,0.8,2162.17,4,42.29,98.09,EXCELLENT,0,0,162
FAC-001,FacilityOps Campus,AST-001,HVAC Unit 1,HVAC,Building A,Block A1,2026-01-19 08:00:00,57.16,1.88,5.67,35.3,0.65,2162.82,4,42.33,98.11,EXCELLENT,0,0,114
FAC-001,FacilityOps Campus,AST-001,HVAC Unit 1,HVAC,Building A,Block A1,2026-01-19 09:00:00,53.33,2.44,5.83,45.95,0.43,2163.25,4,42.38,97.47,EXCELLENT,0,0,137
FAC-001,FacilityOps Campus,AST-001,HVAC Unit 1,HVAC,Building A,Block A1,2026-01-19 10:00:00,56.58,2.11,5.35,32.4,0.42,2163.67,4,42.42,98.19,EXCELLENT,0,0,107
FAC-001,FacilityOps Campus,AST-001,HVAC Unit 1,HVAC,Building A,Block A1,2026-01-19 11:00:00,57.73,2.03,5.81,46.19,0.62,2164.29,4,42.46,97.55,EXCELLENT,0,0,91
FAC-001,FacilityOps Campus,AST-001,HVAC Unit 1,HVAC,Building A,Block A1,2026-01-19 12:00:00,55.38,2.81,5.89,31.0,0.71,2165.0,4,42.5,91.57,EXCELLENT,0,0,101
FAC-001,FacilityOps Campus,AST-001,HVAC Unit 1,HVAC,Building A,Block A1,2026-01-19 13:00:00,58.96,2.08,5.33,34.68,0.45,2165.45,4,42.54,98.12,EXCELLENT,0,0,125
FAC-001,FacilityOps Campus,AST-001,HVAC Unit 1,HVAC,Building A,Block A1,2026-01-19 14:00:00,55.85,2.41,5.39,30.79,0.6,2166.05,4,42.58,98.36,EXCELLENT,0,0,135
FAC-001,FacilityOps Campus,AST-001,HVAC Unit 1,HVAC,Building A,Block A1,2026-01-19 15:00:00,57.06,2.04,5.31,40.96,0.73,2166.78,4,42.62,98.04,EXCELLENT,0,0,152
FAC-001,FacilityOps Campus,AST-001,HVAC Unit 1,HVAC,Building A,Block A1,2026-01-19 16:00:00,57.35,2.62,5.24,40.76,0.52,2167.3,4,42.67,95.83,EXCELLENT,0,0,111
FAC-001,FacilityOps Campus,AST-001,HVAC Unit 1,HVAC,Building A,Block A1,2026-01-19 17:00:00,55.85,2.02,5.39,37.23,0.93,2168.22,4,42.71,98.36,EXCELLENT,0,0,109
FAC-001,FacilityOps Campus,AST-001,HVAC Unit 1,HVAC,Building A,Block A1,2026-01-19 18:00:00,56.0,2.11,5.85,42.61,0.62,2168.84,4,42.75,97.38,EXCELLENT,0,0,133
FAC-001,FacilityOps Campus,AST-001,HVAC Unit 1,HVAC,Building A,Block A1,2026-01-19 19:00:00,56.26,2.35,5.83,18.55,0.57,2169.41,4,42.79,97.46,EXCELLENT,0,0,155
FAC-001,FacilityOps Campus,AST-001,HVAC Unit 1,HVAC,Building A,Block A1,2026-01-19 20:00:00,74.71,3.77,7.32,23.95,0.79,2170.2,4,42.83,47.32,CRITICAL,1,1,6
FAC-001,FacilityOps Campus,AST-001,HVAC Unit 1,HVAC,Building A,Block A1,2026-01-19 21:00:00,55.62,2.03,5.27,17.03,0.92,2171.12,4,42.88,97.87,EXCELLENT,0,0,115
FAC-001,FacilityOps Campus,AST-001,HVAC Unit 1,HVAC,Building A,Block A1,2026-01-19 22:00:00,59.71,2.19,5.85,15.73,0.79,2171.91,4,42.92,97.41,EXCELLENT,0,0,169
FAC-001,FacilityOps Campus,AST-001,HVAC Unit 1,HVAC,Building A,Block A1,2026-01-19 23:00:00,58.93,2.03,5.61,14.71,0.65,2172.56,4,42.96,98.36,EXCELLENT,0,0,179
FAC-001,FacilityOps Campus,AST-001,HVAC Unit 1,HVAC,Building A,Block A1,2026-01-20 00:00:00,57.54,2.12,5.52,14.21,0.66,2173.21,4,43.0,98.71,EXCELLENT,0,0,113
FAC-001,FacilityOps Campus,AST-001,HVAC Unit 1,HVAC,Building A,Block A1,2026-01-20 01:00:00,60.92,2.33,5.88,20.88,0.76,2173.97,4,43.04,97.29,EXCELLENT,0,0,113
FAC-001,FacilityOps Campus,AST-001,HVAC Unit 1,HVAC,Building A,Block A1,2026-01-20 02:00:00,61.04,2.24,5.58,19.21,0.92,2174.88,4,43.08,98.48,EXCELLENT,0,0,159
FAC-001,FacilityOps Campus,AST-001,HVAC Unit 1,HVAC,Building A,Block A1,2026-01-20 03:00:00,58.57,1.74,5.68,25.96,0.88,2175.76,4,43.12,98.08,EXCELLENT,0,0,125
FAC-001,FacilityOps Campus,AST-001,HVAC Unit 1,HVAC,Building A,Block A1,2026-01-20 04:00:00,54.15,2.33,5.43,24.1,0.95,2176.71,4,43.17,98.52,EXCELLENT,0,0,167
FAC-001,FacilityOps Campus,AST-001,HVAC Unit 1,HVAC,Building A,Block A1,2026-01-20 05:00:00,58.22,2.15,5.47,13.17,0.59,2177.3,4,43.21,98.7,EXCELLENT,0,0,176
FAC-001,FacilityOps Campus,AST-001,HVAC Unit 1,HVAC,Building A,Block A1,2026-01-20 06:00:00,57.06,2.27,5.11,23.51,0.41,2177.71,4,43.25,97.24,EXCELLENT,0,0,129
FAC-001,FacilityOps Campus,AST-001,HVAC Unit 1,HVAC,Building A,Block A1,2026-01-20 07:00:00,61.33,2.26,5.97,25.11,0.99,2178.71,4,43.29,96.93,EXCELLENT,0,0,161
FAC-001,FacilityOps Campus,AST-001,HVAC Unit 1,HVAC,Building A,Block A1,2026-01-20 08:00:00,56.43,2.13,5.93,26.63,0.92,2179.63,4,43.33,97.1,EXCELLENT,0,0,135
FAC-001,FacilityOps Campus,AST-001,HVAC Unit 1,HVAC,Building A,Block A1,2026-01-20 09:00:00,57.35,1.7,5.46,33.26,0.92,2180.55,4,43.38,98.65,EXCELLENT,0,0,140
FAC-001,FacilityOps Campus,AST-001,HVAC Unit 1,HVAC,Building A,Block A1,2026-01-20 10:00:00,60.11,2.5,5.56,34.36,0.55,2181.1,4,43.42,98.57,EXCELLENT,0,0,108
FAC-001,FacilityOps Campus,AST-001,HVAC Unit 1,HVAC,Building A,Block A1,2026-01-20 11:00:00,55.05,2.31,6.13,39.68,0.91,2182.01,4,43.46,96.3,EXCELLENT,0,0,161
FAC-001,FacilityOps Campus,AST-001,HVAC Unit 1,HVAC,Building A,Block A1,2026-01-20 12:00:00,57.87,1.95,5.84,51.51,0.45,2182.46,4,43.5,94.78,EXCELLENT,0,0,128
FAC-001,FacilityOps Campus,AST-001,HVAC Unit 1,HVAC,Building A,Block A1,2026-01-20 13:00:00,56.12,2.19,5.48,45.43,0.96,2183.42,4,43.54,98.71,EXCELLENT,0,0,108
FAC-001,FacilityOps Campus,AST-001,HVAC Unit 1,HVAC,Building A,Block A1,2026-01-20 14:00:00,55.91,1.93,5.75,42.23,0.89,2184.31,4,43.58,97.8,EXCELLENT,0,0,136
FAC-001,FacilityOps Campus,AST-001,HVAC Unit 1,HVAC,Building A,Block A1,2026-01-20 15:00:00,56.7,2.74,5.68,34.54,0.73,2185.04,4,43.62,93.77,EXCELLENT,0,0,126
FAC-001,FacilityOps Campus,AST-001,HVAC Unit 1,HVAC,Building A,Block A1,2026-01-20 16:00:00,57.06,2.16,5.73,34.35,0.6,2185.64,4,43.67,97.88,EXCELLENT,0,0,164
FAC-001,FacilityOps Campus,AST-001,HVAC Unit 1,HVAC,Building A,Block A1,2026-01-20 17:00:00,55.02,2.47,5.75,39.87,0.87,2186.51,4,43.71,97.82,EXCELLENT,0,0,146
FAC-001,FacilityOps Campus,AST-001,HVAC Unit 1,HVAC,Building A,Block A1,2026-01-20 18:00:00,57.55,2.08,5.12,37.11,0.79,2187.31,4,43.75,97.3,EXCELLENT,0,0,169
FAC-001,FacilityOps Campus,AST-001,HVAC Unit 1,HVAC,Building A,Block A1,2026-01-20 19:00:00,58.77,2.19,5.26,21.97,0.64,2187.95,4,43.79,97.83,EXCELLENT,0,0,178
FAC-001,FacilityOps Campus,AST-001,HVAC Unit 1,HVAC,Building A,Block A1,2026-01-20 20:00:00,59.0,2.23,5.48,25.51,0.76,2188.71,4,43.83,98.71,EXCELLENT,0,0,180
FAC-001,FacilityOps Campus,AST-001,HVAC Unit 1,HVAC,Building A,Block A1,2026-01-20 21:00:00,57.3,1.96,5.65,17.83,0.53,2189.23,4,43.88,98.19,EXCELLENT,0,0,90
FAC-001,FacilityOps Campus,AST-001,HVAC Unit 1,HVAC,Building A,Block A1,2026-01-20 22:00:00,56.08,2.13,5.4,14.02,0.58,2189.81,4,43.92,98.4,EXCELLENT,0,0,132
FAC-001,FacilityOps Campus,AST-001,HVAC Unit 1,HVAC,Building A,Block A1,2026-01-20 23:00:00,57.49,2.4,5.27,21.91,0.49,2190.3,4,43.96,97.88,EXCELLENT,0,0,93
FAC-001,FacilityOps Campus,AST-001,HVAC Unit 1,HVAC,Building A,Block A1,2026-01-21 00:00:00,53.02,2.27,5.58,15.32,0.52,2190.82,4,44.0,98.47,EXCELLENT,0,0,155
FAC-001,FacilityOps Campus,AST-001,HVAC Unit 1,HVAC,Building A,Block A1,2026-01-21 01:00:00,59.23,2.34,5.56,23.71,0.47,2191.3,4,44.04,98.57,EXCELLENT,0,0,176
FAC-001,FacilityOps Campus,AST-001,HVAC Unit 1,HVAC,Building A,Block A1,2026-01-21 02:00:00,61.85,1.81,5.46,23.03,0.65,2191.95,4,44.08,98.63,EXCELLENT,0,0,119
FAC-001,FacilityOps Campus,AST-001,HVAC Unit 1,HVAC,Building A,Block A1,2026-01-21 03:00:00,61.45,2.18,5.32,26.71,0.48,2192.43,4,44.12,98.09,EXCELLENT,0,0,141
FAC-001,FacilityOps Campus,AST-001,HVAC Unit 1,HVAC,Building A,Block A1,2026-01-21 04:00:00,57.56,1.86,5.61,15.63,0.9,2193.33,4,44.17,98.36,EXCELLENT,0,0,100
FAC-001,FacilityOps Campus,AST-001,HVAC Unit 1,HVAC,Building A,Block A1,2026-01-21 05:00:00,53.56,2.47,5.58,30.34,0.9,2194.23,4,44.21,98.5,EXCELLENT,0,0,114
FAC-001,FacilityOps Campus,AST-001,HVAC Unit 1,HVAC,Building A,Block A1,2026-01-21 06:00:00,100.84,3.93,5.59,25.36,0.69,2194.91,4,44.25,5.93,CRITICAL,1,1,1
FAC-001,FacilityOps Campus,AST-001,HVAC Unit 1,HVAC,Building A,Block A1,2026-01-21 07:00:00,61.08,1.9,5.44,14.57,0.63,2195.54,4,44.29,98.55,EXCELLENT,0,0,127
FAC-001,FacilityOps Campus,AST-001,HVAC Unit 1,HVAC,Building A,Block A1,2026-01-21 08:00:00,56.63,1.61,5.4,38.52,0.7,2196.25,4,44.33,98.39,EXCELLENT,0,0,134
FAC-001,FacilityOps Campus,AST-001,HVAC Unit 1,HVAC,Building A,Block A1,2026-01-21 09:00:00,58.47,2.25,5.5,38.0,0.47,2196.72,4,44.38,98.79,EXCELLENT,0,0,160
FAC-001,FacilityOps Campus,AST-001,HVAC Unit 1,HVAC,Building A,Block A1,2026-01-21 10:00:00,56.0,2.24,5.1,31.11,0.97,2197.68,4,44.42,97.2,EXCELLENT,0,0,145
FAC-001,FacilityOps Campus,AST-001,HVAC Unit 1,HVAC,Building A,Block A1,2026-01-21 11:00:00,58.33,2.36,5.72,35.81,0.44,2198.12,4,44.46,97.91,EXCELLENT,0,0,158
FAC-001,FacilityOps Campus,AST-001,HVAC Unit 1,HVAC,Building A,Block A1,2026-01-21 12:00:00,59.25,2.12,5.2,43.46,0.4,2198.52,4,44.5,97.59,EXCELLENT,0,0,140
FAC-001,FacilityOps Campus,AST-001,HVAC Unit 1,HVAC,Building A,Block A1,2026-01-21 13:00:00,58.26,2.08,5.94,38.77,0.41,2198.94,4,44.54,97.06,EXCELLENT,0,0,156
FAC-001,FacilityOps Campus,AST-001,HVAC Unit 1,HVAC,Building A,Block A1,2026-01-21 14:00:00,62.58,2.33,5.52,45.66,0.5,2199.44,4,44.58,98.73,EXCELLENT,0,0,171
FAC-001,FacilityOps Campus,AST-001,HVAC Unit 1,HVAC,Building A,Block A1,2026-01-21 15:00:00,55.45,2.33,6.08,45.28,0.44,2199.88,4,44.62,96.48,EXCELLENT,0,0,144
FAC-001,FacilityOps Campus,AST-001,HVAC Unit 1,HVAC,Building A,Block A1,2026-01-21 16:00:00,57.88,2.21,5.52,41.74,0.65,2200.53,4,44.67,98.74,EXCELLENT,0,0,112
FAC-001,FacilityOps Campus,AST-001,HVAC Unit 1,HVAC,Building A,Block A1,2026-01-21 17:00:00,54.57,2.33,5.34,34.11,0.62,2201.15,4,44.71,98.17,EXCELLENT,0,0,141
FAC-001,FacilityOps Campus,AST-001,HVAC Unit 1,HVAC,Building A,Block A1,2026-01-21 18:00:00,55.7,2.24,5.39,43.61,0.73,2201.88,4,44.75,98.36,EXCELLENT,0,0,176
FAC-001,FacilityOps Campus,AST-001,HVAC Unit 1,HVAC,Building A,Block A1,2026-01-21 19:00:00,55.33,2.24,5.33,18.7,0.48,2202.36,4,44.79,98.14,EXCELLENT,0,0,95
FAC-001,FacilityOps Campus,AST-001,HVAC Unit 1,HVAC,Building A,Block A1,2026-01-21 20:00:00,62.71,2.15,6.12,15.31,0.76,2203.11,4,44.83,96.32,EXCELLENT,0,0,110
FAC-001,FacilityOps Campus,AST-001,HVAC Unit 1,HVAC,Building A,Block A1,2026-01-21 21:00:00,55.37,2.72,5.98,23.35,0.42,2203.53,4,44.88,92.92,EXCELLENT,0,0,139
FAC-001,FacilityOps Campus,AST-001,HVAC Unit 1,HVAC,Building A,Block A1,2026-01-21 22:00:00,55.97,1.94,5.87,13.96,0.52,2204.04,4,44.92,97.33,EXCELLENT,0,0,134
FAC-001,FacilityOps Campus,AST-001,HVAC Unit 1,HVAC,Building A,Block A1,2026-01-21 23:00:00,61.81,2.1,5.32,26.44,0.71,2204.75,4,44.96,98.07,EXCELLENT,0,0,130
FAC-001,FacilityOps Campus,AST-001,HVAC Unit 1,HVAC,Building A,Block A1,2026-01-22 00:00:00,54.31,2.45,5.23,22.16,0.96,2205.72,4,45.0,97.71,EXCELLENT,0,0,113
FAC-001,FacilityOps Campus,AST-001,HVAC Unit 1,HVAC,Building A,Block A1,2026-01-22 01:00:00,57.1,1.98,5.91,14.24,0.79,2206.5,4,45.04,97.15,EXCELLENT,0,0,138
FAC-001,FacilityOps Campus,AST-001,HVAC Unit 1,HVAC,Building A,Block A1,2026-01-22 02:00:00,56.62,2.43,5.56,30.52,0.66,2207.16,4,45.08,98.58,EXCELLENT,0,0,162
FAC-001,FacilityOps Campus,AST-001,HVAC Unit 1,HVAC,Building A,Block A1,2026-01-22 03:00:00,58.98,2.06,5.26,21.52,0.58,2207.74,4,45.12,97.85,EXCELLENT,0,0,95
FAC-001,FacilityOps Campus,AST-001,HVAC Unit 1,HVAC,Building A,Block A1,2026-01-22 04:00:00,78.2,3.34,6.21,35.41,0.75,2208.49,4,45.17,54.53,WARNING,1,1,19
FAC-001,FacilityOps Campus,AST-001,HVAC Unit 1,HVAC,Building A,Block A1,2026-01-22 05:00:00,63.76,1.83,5.88,29.33,0.96,2209.45,4,45.21,97.29,EXCELLENT,0,0,163
FAC-001,FacilityOps Campus,AST-001,HVAC Unit 1,HVAC,Building A,Block A1,2026-01-22 06:00:00,68.83,2.9,6.08,21.63,0.48,2209.93,4,45.25,80.24,GOOD,1,0,53
FAC-001,FacilityOps Campus,AST-001,HVAC Unit 1,HVAC,Building A,Block A1,2026-01-22 07:00:00,57.39,2.0,4.99,27.28,0.58,2210.52,4,45.29,96.77,EXCELLENT,0,0,178
FAC-001,FacilityOps Campus,AST-001,HVAC Unit 1,HVAC,Building A,Block A1,2026-01-22 08:00:00,58.47,2.1,5.45,38.59,0.84,2211.35,4,45.33,98.61,EXCELLENT,0,0,171
FAC-001,FacilityOps Campus,AST-001,HVAC Unit 1,HVAC,Building A,Block A1,2026-01-22 09:00:00,55.38,2.46,5.07,36.61,0.89,2212.24,4,45.38,97.1,EXCELLENT,0,0,104
FAC-001,FacilityOps Campus,AST-001,HVAC Unit 1,HVAC,Building A,Block A1,2026-01-22 10:00:00,58.11,1.82,5.15,42.49,0.47,2212.7,4,45.42,97.41,EXCELLENT,0,0,169
FAC-001,FacilityOps Campus,AST-001,HVAC Unit 1,HVAC,Building A,Block A1,2026-01-22 11:00:00,56.18,2.11,5.72,41.97,0.81,2213.52,4,45.46,97.94,EXCELLENT,0,0,118
FAC-001,FacilityOps Campus,AST-001,HVAC Unit 1,HVAC,Building A,Block A1,2026-01-22 12:00:00,59.06,2.24,5.38,34.43,0.58,2214.1,4,45.5,98.32,EXCELLENT,0,0,164
FAC-001,FacilityOps Campus,AST-001,HVAC Unit 1,HVAC,Building A,Block A1,2026-01-22 13:00:00,56.03,2.5,5.12,46.01,0.97,2215.07,4,45.54,97.29,EXCELLENT,0,0,148
FAC-001,FacilityOps Campus,AST-001,HVAC Unit 1,HVAC,Building A,Block A1,2026-01-22 14:00:00,59.48,2.21,5.55,43.89,0.77,2215.84,4,45.58,98.6,EXCELLENT,0,0,96
FAC-001,FacilityOps Campus,AST-001,HVAC Unit 1,HVAC,Building A,Block A1,2026-01-22 15:00:00,56.36,2.5,5.47,39.23,0.9,2216.75,4,45.62,98.7,EXCELLENT,0,0,139
FAC-001,FacilityOps Campus,AST-001,HVAC Unit 1,HVAC,Building A,Block A1,2026-01-22 16:00:00,57.02,1.77,5.71,41.07,0.99,2217.73,4,45.67,97.95,EXCELLENT,0,0,136
FAC-001,FacilityOps Campus,AST-001,HVAC Unit 1,HVAC,Building A,Block A1,2026-01-22 17:00:00,57.72,2.32,5.78,30.58,0.93,2218.66,4,45.71,97.68,EXCELLENT,0,0,112
FAC-001,FacilityOps Campus,AST-001,HVAC Unit 1,HVAC,Building A,Block A1,2026-01-22 18:00:00,61.52,1.93,5.14,39.98,0.92,2219.58,4,45.75,97.36,EXCELLENT,0,0,168
FAC-001,FacilityOps Campus,AST-001,HVAC Unit 1,HVAC,Building A,Block A1,2026-01-22 19:00:00,94.32,3.19,6.94,20.87,0.48,2220.06,4,45.79,26.96,CRITICAL,1,1,0
FAC-001,FacilityOps Campus,AST-001,HVAC Unit 1,HVAC,Building A,Block A1,2026-01-22 20:00:00,57.65,1.89,5.3,16.9,0.64,2220.7,4,45.83,97.99,EXCELLENT,0,0,167
FAC-001,FacilityOps Campus,AST-001,HVAC Unit 1,HVAC,Building A,Block A1,2026-01-22 21:00:00,52.32,2.73,5.87,26.6,0.94,2221.64,4,45.88,93.14,EXCELLENT,0,0,132
FAC-001,FacilityOps Campus,AST-001,HVAC Unit 1,HVAC,Building A,Block A1,2026-01-22 22:00:00,60.15,1.99,4.89,21.8,0.76,2222.4,4,45.92,96.38,EXCELLENT,0,0,158
FAC-001,FacilityOps Campus,AST-001,HVAC Unit 1,HVAC,Building A,Block A1,2026-01-22 23:00:00,56.01,2.86,5.71,25.78,0.57,2222.96,4,45.96,91.17,EXCELLENT,0,0,118
FAC-001,FacilityOps Campus,AST-001,HVAC Unit 1,HVAC,Building A,Block A1,2026-01-23 00:00:00,58.37,2.13,5.46,18.34,0.47,2223.44,4,46.0,98.66,EXCELLENT,0,0,171
FAC-001,FacilityOps Campus,AST-001,HVAC Unit 1,HVAC,Building A,Block A1,2026-01-23 01:00:00,60.16,2.45,5.73,13.71,0.95,2224.39,4,46.04,97.88,EXCELLENT,0,0,123
FAC-001,FacilityOps Campus,AST-001,HVAC Unit 1,HVAC,Building A,Block A1,2026-01-23 02:00:00,61.13,2.09,5.29,10.53,0.81,2225.19,4,46.08,97.97,EXCELLENT,0,0,168
FAC-001,FacilityOps Campus,AST-001,HVAC Unit 1,HVAC,Building A,Block A1,2026-01-23 03:00:00,57.76,2.21,5.34,26.17,0.88,2226.08,4,46.12,98.14,EXCELLENT,0,0,96
FAC-001,FacilityOps Campus,AST-001,HVAC Unit 1,HVAC,Building A,Block A1,2026-01-23 04:00:00,73.36,2.76,4.52,29.69,0.61,2226.68,4,46.17,73.64,GOOD,1,0,68
FAC-001,FacilityOps Campus,AST-001,HVAC Unit 1,HVAC,Building A,Block A1,2026-01-23 05:00:00,56.03,2.13,5.11,20.34,0.99,2227.67,4,46.21,97.25,EXCELLENT,0,0,130
FAC-001,FacilityOps Campus,AST-001,HVAC Unit 1,HVAC,Building A,Block A1,2026-01-23 06:00:00,52.99,2.09,5.79,25.43,0.91,2228.58,4,46.25,97.64,EXCELLENT,0,0,156
FAC-001,FacilityOps Campus,AST-001,HVAC Unit 1,HVAC,Building A,Block A1,2026-01-23 07:00:00,55.0,2.25,5.89,25.51,0.5,2229.08,4,46.29,97.24,EXCELLENT,0,0,129
FAC-001,FacilityOps Campus,AST-001,HVAC Unit 1,HVAC,Building A,Block A1,2026-01-23 08:00:00,56.97,2.11,5.5,34.84,0.93,2230.01,4,46.33,98.8,EXCELLENT,0,0,167
FAC-001,FacilityOps Campus,AST-001,HVAC Unit 1,HVAC,Building A,Block A1,2026-01-23 09:00:00,64.22,2.32,5.24,38.21,0.7,2230.71,4,46.38,97.03,EXCELLENT,0,0,121
FAC-001,FacilityOps Campus,AST-001,HVAC Unit 1,HVAC,Building A,Block A1,2026-01-23 10:00:00,55.76,2.0,5.6,40.86,0.53,2231.24,4,46.42,98.39,EXCELLENT,0,0,112
FAC-001,FacilityOps Campus,AST-001,HVAC Unit 1,HVAC,Building A,Block A1,2026-01-23 11:00:00,56.9,2.1,5.46,34.53,0.97,2232.21,4,46.46,98.65,EXCELLENT,0,0,144
FAC-001,FacilityOps Campus,AST-001,HVAC Unit 1,HVAC,Building A,Block A1,2026-01-23 12:00:00,55.04,2.8,5.55,37.81,0.86,2233.07,4,46.5,93.19,EXCELLENT,0,0,118
FAC-001,FacilityOps Campus,AST-001,HVAC Unit 1,HVAC,Building A,Block A1,2026-01-23 13:00:00,52.06,2.27,5.76,30.5,0.78,2233.85,4,46.54,97.77,EXCELLENT,0,0,160
FAC-001,FacilityOps Campus,AST-001,HVAC Unit 1,HVAC,Building A,Block A1,2026-01-23 14:00:00,55.23,2.33,6.06,42.53,0.98,2234.83,4,46.58,96.56,EXCELLENT,0,0,140
FAC-001,FacilityOps Campus,AST-001,HVAC Unit 1,HVAC,Building A,Block A1,2026-01-23 15:00:00,54.21,2.6,5.75,43.7,0.52,2235.35,4,46.62,96.33,EXCELLENT,0,0,147
FAC-001,FacilityOps Campus,AST-001,HVAC Unit 1,HVAC,Building A,Block A1,2026-01-23 16:00:00,56.84,2.52,5.17,33.23,0.77,2236.12,4,46.67,97.47,EXCELLENT,0,0,127
FAC-001,FacilityOps Campus,AST-001,HVAC Unit 1,HVAC,Building A,Block A1,2026-01-23 17:00:00,57.62,1.84,5.57,30.59,0.91,2237.03,4,46.71,98.53,EXCELLENT,0,0,151
FAC-001,FacilityOps Campus,AST-001,HVAC Unit 1,HVAC,Building A,Block A1,2026-01-23 18:00:00,58.63,2.01,5.41,48.17,0.83,2237.86,4,46.75,98.42,EXCELLENT,0,0,107
FAC-001,FacilityOps Campus,AST-001,HVAC Unit 1,HVAC,Building A,Block A1,2026-01-23 19:00:00,62.05,2.59,6.22,26.52,0.95,2238.81,4,46.79,94.75,EXCELLENT,0,0,162
FAC-001,FacilityOps Campus,AST-001,HVAC Unit 1,HVAC,Building A,Block A1,2026-01-23 20:00:00,56.93,2.87,5.52,26.22,0.59,2239.4,4,46.83,91.78,EXCELLENT,0,0,108
FAC-001,FacilityOps Campus,AST-001,HVAC Unit 1,HVAC,Building A,Block A1,2026-01-23 21:00:00,58.28,2.69,5.46,17.82,0.9,2240.29,4,46.88,95.41,EXCELLENT,0,0,131
FAC-001,FacilityOps Campus,AST-001,HVAC Unit 1,HVAC,Building A,Block A1,2026-01-23 22:00:00,54.51,2.05,4.98,25.66,0.88,2241.17,4,46.92,96.7,EXCELLENT,0,0,161
FAC-001,FacilityOps Campus,AST-001,HVAC Unit 1,HVAC,Building A,Block A1,2026-01-23 23:00:00,55.66,2.24,5.67,28.35,0.91,2242.08,4,46.96,98.11,EXCELLENT,0,0,138
FAC-001,FacilityOps Campus,AST-001,HVAC Unit 1,HVAC,Building A,Block A1,2026-01-24 00:00:00,59.55,2.16,5.31,12.4,0.77,2242.85,4,47.0,98.06,EXCELLENT,0,0,160
FAC-001,FacilityOps Campus,AST-001,HVAC Unit 1,HVAC,Building A,Block A1,2026-01-24 01:00:00,64.0,1.85,5.57,28.26,0.69,2243.54,4,47.04,98.19,EXCELLENT,0,0,141
FAC-001,FacilityOps Campus,AST-001,HVAC Unit 1,HVAC,Building A,Block A1,2026-01-24 02:00:00,55.89,2.6,5.06,20.96,0.98,2244.52,4,47.08,95.62,EXCELLENT,0,0,167
FAC-001,FacilityOps Campus,AST-001,HVAC Unit 1,HVAC,Building A,Block A1,2026-01-24 03:00:00,60.34,1.94,5.46,20.3,0.9,2245.42,4,47.12,98.62,EXCELLENT,0,0,173
FAC-001,FacilityOps Campus,AST-001,HVAC Unit 1,HVAC,Building A,Block A1,2026-01-24 04:00:00,55.03,2.2,5.72,29.27,0.65,2246.07,4,47.17,97.93,EXCELLENT,0,0,133
FAC-001,FacilityOps Campus,AST-001,HVAC Unit 1,HVAC,Building A,Block A1,2026-01-24 05:00:00,59.11,2.11,5.27,25.19,0.64,2246.71,4,47.21,97.87,EXCELLENT,0,0,137
FAC-001,FacilityOps Campus,AST-001,HVAC Unit 1,HVAC,Building A,Block A1,2026-01-24 06:00:00,61.08,2.31,5.39,22.69,0.81,2247.52,4,47.25,98.34,EXCELLENT,0,0,92
FAC-001,FacilityOps Campus,AST-001,HVAC Unit 1,HVAC,Building A,Block A1,2026-01-24 07:00:00,56.31,2.28,6.05,14.19,0.53,2248.04,4,47.29,96.59,EXCELLENT,0,0,110
FAC-001,FacilityOps Campus,AST-001,HVAC Unit 1,HVAC,Building A,Block A1,2026-01-24 08:00:00,59.3,2.3,5.56,41.58,0.56,2248.6,4,47.33,98.57,EXCELLENT,0,0,127
FAC-001,FacilityOps Campus,AST-001,HVAC Unit 1,HVAC,Building A,Block A1,2026-01-24 09:00:00,60.71,2.05,5.61,40.04,0.74,2249.34,4,47.38,98.36,EXCELLENT,0,0,102
FAC-001,FacilityOps Campus,AST-001,HVAC Unit 1,HVAC,Building A,Block A1,2026-01-24 10:00:00,53.28,2.34,5.59,39.38,0.47,2249.81,4,47.42,98.44,EXCELLENT,0,0,95
FAC-001,FacilityOps Campus,AST-001,HVAC Unit 1,HVAC,Building A,Block A1,2026-01-24 11:00:00,58.55,2.48,5.95,33.69,0.72,2250.53,4,47.46,96.99,EXCELLENT,0,0,142
FAC-001,FacilityOps Campus,AST-001,HVAC Unit 1,HVAC,Building A,Block A1,2026-01-24 12:00:00,64.25,2.05,5.73,40.8,0.7,2251.23,4,47.5,97.1,EXCELLENT,0,0,174
FAC-001,FacilityOps Campus,AST-001,HVAC Unit 1,HVAC,Building A,Block A1,2026-01-24 13:00:00,61.33,2.14,5.76,45.88,0.9,2252.14,4,47.54,97.77,EXCELLENT,0,0,175
FAC-001,FacilityOps Campus,AST-001,HVAC Unit 1,HVAC,Building A,Block A1,2026-01-24 14:00:00,55.62,2.61,5.61,34.27,0.98,2253.12,4,47.58,96.71,EXCELLENT,0,0,174
FAC-001,FacilityOps Campus,AST-001,HVAC Unit 1,HVAC,Building A,Block A1,2026-01-24 15:00:00,57.92,1.82,4.71,37.4,0.67,2253.79,4,47.62,95.64,EXCELLENT,0,0,131
FAC-001,FacilityOps Campus,AST-001,HVAC Unit 1,HVAC,Building A,Block A1,2026-01-24 16:00:00,78.33,3.5,4.83,38.68,0.47,2254.27,4,47.67,51.28,WARNING,1,1,14
FAC-001,FacilityOps Campus,AST-001,HVAC Unit 1,HVAC,Building A,Block A1,2026-01-24 17:00:00,56.96,2.14,5.98,41.72,0.92,2255.18,4,47.71,96.9,EXCELLENT,0,0,107
FAC-001,FacilityOps Campus,AST-001,HVAC Unit 1,HVAC,Building A,Block A1,2026-01-24 18:00:00,56.3,2.12,5.27,35.73,0.86,2256.04,4,47.75,97.86,EXCELLENT,0,0,147
FAC-001,FacilityOps Campus,AST-001,HVAC Unit 1,HVAC,Building A,Block A1,2026-01-24 19:00:00,53.43,2.24,5.86,23.15,0.81,2256.85,4,47.79,97.36,EXCELLENT,0,0,147
FAC-001,FacilityOps Campus,AST-001,HVAC Unit 1,HVAC,Building A,Block A1,2026-01-24 20:00:00,55.59,1.91,5.76,25.76,0.77,2257.62,4,47.83,97.75,EXCELLENT,0,0,102
FAC-001,FacilityOps Campus,AST-001,HVAC Unit 1,HVAC,Building A,Block A1,2026-01-24 21:00:00,58.21,1.82,5.58,18.32,0.94,2258.56,4,47.88,98.48,EXCELLENT,0,0,171
FAC-001,FacilityOps Campus,AST-001,HVAC Unit 1,HVAC,Building A,Block A1,2026-01-24 22:00:00,56.15,2.25,5.64,20.73,0.75,2259.31,4,47.92,98.25,EXCELLENT,0,0,129
FAC-001,FacilityOps Campus,AST-001,HVAC Unit 1,HVAC,Building A,Block A1,2026-01-24 23:00:00,56.84,2.3,5.09,26.09,0.83,2260.14,4,47.96,97.15,EXCELLENT,0,0,139
FAC-001,FacilityOps Campus,AST-001,HVAC Unit 1,HVAC,Building A,Block A1,2026-01-25 00:00:00,63.12,2.13,5.02,25.16,0.78,2260.92,4,48.0,96.87,EXCELLENT,0,0,159
FAC-001,FacilityOps Campus,AST-001,HVAC Unit 1,HVAC,Building A,Block A1,2026-01-25 01:00:00,59.41,1.87,5.47,21.05,0.68,2261.6,4,48.04,98.69,EXCELLENT,0,0,180
FAC-001,FacilityOps Campus,AST-001,HVAC Unit 1,HVAC,Building A,Block A1,2026-01-25 02:00:00,59.0,2.31,5.05,24.89,0.42,2262.02,4,48.08,96.99,EXCELLENT,0,0,158
FAC-001,FacilityOps Campus,AST-001,HVAC Unit 1,HVAC,Building A,Block A1,2026-01-25 03:00:00,60.85,2.1,5.17,31.7,0.96,2262.98,4,48.12,97.48,EXCELLENT,0,0,122
FAC-001,FacilityOps Campus,AST-001,HVAC Unit 1,HVAC,Building A,Block A1,2026-01-25 04:00:00,59.67,2.25,5.27,15.18,0.64,2263.62,4,48.17,97.88,EXCELLENT,0,0,99
FAC-001,FacilityOps Campus,AST-001,HVAC Unit 1,HVAC,Building A,Block A1,2026-01-25 05:00:00,61.03,2.08,5.82,18.71,0.51,2264.13,4,48.21,97.53,EXCELLENT,0,0,152
FAC-001,FacilityOps Campus,AST-001,HVAC Unit 1,HVAC,Building A,Block A1,2026-01-25 06:00:00,59.61,1.81,5.17,24.23,0.55,2264.68,4,48.25,97.46,EXCELLENT,0,0,169
FAC-001,FacilityOps Campus,AST-001,HVAC Unit 1,HVAC,Building A,Block A1,2026-01-25 07:00:00,57.39,1.73,5.36,12.94,0.64,2265.32,4,48.29,98.25,EXCELLENT,0,0,124
FAC-001,FacilityOps Campus,AST-001,HVAC Unit 1,HVAC,Building A,Block A1,2026-01-25 08:00:00,60.76,2.05,5.44,38.98,0.75,2266.07,4,48.33,98.55,EXCELLENT,0,0,138
FAC-001,FacilityOps Campus,AST-001,HVAC Unit 1,HVAC,Building A,Block A1,2026-01-25 09:00:00,57.3,2.22,5.55,41.56,0.65,2266.72,4,48.38,98.62,EXCELLENT,0,0,177
FAC-001,FacilityOps Campus,AST-001,HVAC Unit 1,HVAC,Building A,Block A1,2026-01-25 10:00:00,59.39,1.66,5.37,42.73,0.96,2267.68,4,48.42,98.26,EXCELLENT,0,0,119
FAC-001,FacilityOps Campus,AST-001,HVAC Unit 1,HVAC,Building A,Block A1,2026-01-25 11:00:00,56.71,2.26,5.48,48.55,0.44,2268.12,4,48.46,98.52,EXCELLENT,0,0,145
FAC-001,FacilityOps Campus,AST-001,HVAC Unit 1,HVAC,Building A,Block A1,2026-01-25 12:00:00,57.22,2.31,5.34,44.53,0.64,2268.76,4,48.5,98.15,EXCELLENT,0,0,126
FAC-001,FacilityOps Campus,AST-001,HVAC Unit 1,HVAC,Building A,Block A1,2026-01-25 13:00:00,55.62,2.05,5.38,42.29,0.87,2269.63,4,48.54,98.33,EXCELLENT,0,0,96
FAC-001,FacilityOps Campus,AST-001,HVAC Unit 1,HVAC,Building A,Block A1,2026-01-25 14:00:00,57.51,2.03,4.91,30.38,0.43,2270.06,4,48.58,96.42,EXCELLENT,0,0,99
FAC-001,FacilityOps Campus,AST-001,HVAC Unit 1,HVAC,Building A,Block A1,2026-01-25 15:00:00,72.96,3.28,4.83,53.08,0.42,2270.49,4,48.62,61.09,WARNING,1,0,10
FAC-001,FacilityOps Campus,AST-001,HVAC Unit 1,HVAC,Building A,Block A1,2026-01-25 16:00:00,57.84,2.26,5.23,43.27,0.99,2271.48,4,48.67,97.73,EXCELLENT,0,0,95
FAC-001,FacilityOps Campus,AST-001,HVAC Unit 1,HVAC,Building A,Block A1,2026-01-25 17:00:00,58.82,2.18,5.95,47.31,0.56,2272.04,4,48.71,97.0,EXCELLENT,0,0,136
FAC-001,FacilityOps Campus,AST-001,HVAC Unit 1,HVAC,Building A,Block A1,2026-01-25 18:00:00,58.29,2.03,5.03,33.65,0.49,2272.53,4,48.75,96.91,EXCELLENT,0,0,144
FAC-001,FacilityOps Campus,AST-001,HVAC Unit 1,HVAC,Building A,Block A1,2026-01-25 19:00:00,58.37,2.66,5.43,12.11,0.61,2273.14,4,48.79,95.94,EXCELLENT,0,0,155
FAC-001,FacilityOps Campus,AST-001,HVAC Unit 1,HVAC,Building A,Block A1,2026-01-25 20:00:00,85.17,3.79,6.19,35.2,0.87,2274.01,4,48.83,33.5,CRITICAL,1,1,1
FAC-001,FacilityOps Campus,AST-001,HVAC Unit 1,HVAC,Building A,Block A1,2026-01-25 21:00:00,62.97,2.77,5.15,18.08,0.99,2275.0,4,48.88,92.48,EXCELLENT,0,0,165
FAC-001,FacilityOps Campus,AST-001,HVAC Unit 1,HVAC,Building A,Block A1,2026-01-25 22:00:00,57.81,2.16,5.41,25.61,0.45,2275.45,4,48.92,98.43,EXCELLENT,0,0,171
FAC-001,FacilityOps Campus,AST-001,HVAC Unit 1,HVAC,Building A,Block A1,2026-01-25 23:00:00,56.47,2.33,5.03,17.18,0.66,2276.11,4,48.96,96.92,EXCELLENT,0,0,113
FAC-001,FacilityOps Campus,AST-001,HVAC Unit 1,HVAC,Building A,Block A1,2026-01-26 00:00:00,61.61,2.22,5.88,17.13,0.51,2276.62,4,49.0,97.28,EXCELLENT,0,0,99
FAC-001,FacilityOps Campus,AST-001,HVAC Unit 1,HVAC,Building A,Block A1,2026-01-26 01:00:00,50.74,2.35,5.52,19.72,0.92,2277.54,4,49.04,98.71,EXCELLENT,0,0,171
FAC-001,FacilityOps Campus,AST-001,HVAC Unit 1,HVAC,Building A,Block A1,2026-01-26 02:00:00,62.08,2.36,5.27,26.86,0.67,2278.22,4,49.08,97.89,EXCELLENT,0,0,162
FAC-001,FacilityOps Campus,AST-001,HVAC Unit 1,HVAC,Building A,Block A1,2026-01-26 03:00:00,56.12,1.89,4.93,16.78,0.72,2278.93,4,49.12,96.53,EXCELLENT,0,0,112
FAC-001,FacilityOps Campus,AST-001,HVAC Unit 1,HVAC,Building A,Block A1,2026-01-26 04:00:00,57.11,2.14,5.42,17.07,0.85,2279.78,4,49.17,98.47,EXCELLENT,0,0,94
FAC-001,FacilityOps Campus,AST-001,HVAC Unit 1,HVAC,Building A,Block A1,2026-01-26 05:00:00,61.81,2.22,6.16,26.04,0.87,2280.65,4,49.21,96.15,EXCELLENT,0,0,130
FAC-001,FacilityOps Campus,AST-001,HVAC Unit 1,HVAC,Building A,Block A1,2026-01-26 06:00:00,56.05,2.25,5.36,25.69,0.76,2281.41,4,49.25,98.25,EXCELLENT,0,0,123
FAC-001,FacilityOps Campus,AST-001,HVAC Unit 1,HVAC,Building A,Block A1,2026-01-26 07:00:00,54.29,2.15,5.86,23.22,0.73,2282.14,4,49.29,97.35,EXCELLENT,0,0,177
FAC-001,FacilityOps Campus,AST-001,HVAC Unit 1,HVAC,Building A,Block A1,2026-01-26 08:00:00,56.94,1.86,5.21,36.78,0.62,2282.76,4,49.33,97.63,EXCELLENT,0,0,93
FAC-001,FacilityOps Campus,AST-001,HVAC Unit 1,HVAC,Building A,Block A1,2026-01-26 09:00:00,54.42,1.67,5.83,41.83,0.62,2283.37,4,49.38,97.5,EXCELLENT,0,0,178
FAC-001,FacilityOps Campus,AST-001,HVAC Unit 1,HVAC,Building A,Block A1,2026-01-26 10:00:00,58.25,2.23,5.92,40.3,0.59,2283.96,4,49.42,97.13,EXCELLENT,0,0,91
FAC-001,FacilityOps Campus,AST-001,HVAC Unit 1,HVAC,Building A,Block A1,2026-01-26 11:00:00,53.7,1.97,5.81,33.56,0.58,2284.54,4,49.46,97.54,EXCELLENT,0,0,149
FAC-001,FacilityOps Campus,AST-001,HVAC Unit 1,HVAC,Building A,Block A1,2026-01-26 12:00:00,60.33,2.47,5.83,42.1,0.95,2285.49,4,49.5,97.5,EXCELLENT,0,0,129
FAC-001,FacilityOps Campus,AST-001,HVAC Unit 1,HVAC,Building A,Block A1,2026-01-26 13:00:00,58.33,1.77,5.26,39.22,0.73,2286.22,4,49.54,97.83,EXCELLENT,0,0,156
FAC-001,FacilityOps Campus,AST-001,HVAC Unit 1,HVAC,Building A,Block A1,2026-01-26 14:00:00,57.88,1.8,5.22,30.84,0.7,2286.92,4,49.58,97.67,EXCELLENT,0,0,139
FAC-001,FacilityOps Campus,AST-001,HVAC Unit 1,HVAC,Building A,Block A1,2026-01-26 15:00:00,53.49,2.32,5.13,37.64,0.58,2287.5,4,49.62,97.32,EXCELLENT,0,0,127
FAC-001,FacilityOps Campus,AST-001,HVAC Unit 1,HVAC,Building A,Block A1,2026-01-26 16:00:00,56.97,2.27,5.81,44.5,0.75,2288.25,4,49.67,97.56,EXCELLENT,0,0,111
FAC-001,FacilityOps Campus,AST-001,HVAC Unit 1,HVAC,Building A,Block A1,2026-01-26 17:00:00,59.79,2.06,4.93,43.34,0.56,2288.81,4,49.71,96.52,EXCELLENT,0,0,133
FAC-001,FacilityOps Campus,AST-001,HVAC Unit 1,HVAC,Building A,Block A1,2026-01-26 18:00:00,52.07,2.71,5.59,41.23,0.92,2289.73,4,49.75,94.75,EXCELLENT,0,0,113
FAC-001,FacilityOps Campus,AST-001,HVAC Unit 1,HVAC,Building A,Block A1,2026-01-26 19:00:00,60.49,1.82,5.41,20.45,0.94,2290.67,4,49.79,98.45,EXCELLENT,0,0,158
FAC-001,FacilityOps Campus,AST-001,HVAC Unit 1,HVAC,Building A,Block A1,2026-01-26 20:00:00,60.81,2.29,5.31,29.41,0.84,2291.51,4,49.83,98.05,EXCELLENT,0,0,140
FAC-001,FacilityOps Campus,AST-001,HVAC Unit 1,HVAC,Building A,Block A1,2026-01-26 21:00:00,61.65,2.15,6.0,23.91,1.0,2292.51,4,49.88,96.81,EXCELLENT,0,0,110
FAC-001,FacilityOps Campus,AST-001,HVAC Unit 1,HVAC,Building A,Block A1,2026-01-26 22:00:00,58.68,2.05,5.51,23.34,0.72,2293.23,4,49.92,98.75,EXCELLENT,0,0,90
FAC-001,FacilityOps Campus,AST-001,HVAC Unit 1,HVAC,Building A,Block A1,2026-01-26 23:00:00,56.65,2.18,5.82,26.95,0.82,2294.06,4,49.96,97.5,EXCELLENT,0,0,158
FAC-001,FacilityOps Campus,AST-001,HVAC Unit 1,HVAC,Building A,Block A1,2026-01-27 00:00:00,61.7,2.15,5.7,26.92,0.6,2294.66,4,50.0,97.99,EXCELLENT,0,0,92
FAC-001,FacilityOps Campus,AST-001,HVAC Unit 1,HVAC,Building A,Block A1,2026-01-27 01:00:00,61.42,1.93,5.88,24.11,0.56,2295.22,4,50.04,97.29,EXCELLENT,0,0,104
FAC-001,FacilityOps Campus,AST-001,HVAC Unit 1,HVAC,Building A,Block A1,2026-01-27 02:00:00,58.26,2.08,4.97,18.72,0.45,2295.67,4,50.08,96.66,EXCELLENT,0,0,127
FAC-001,FacilityOps Campus,AST-001,HVAC Unit 1,HVAC,Building A,Block A1,2026-01-27 03:00:00,55.31,2.25,5.45,23.41,0.67,2296.33,4,50.12,98.58,EXCELLENT,0,0,110
FAC-001,FacilityOps Campus,AST-001,HVAC Unit 1,HVAC,Building A,Block A1,2026-01-27 04:00:00,57.42,2.22,5.53,22.98,0.76,2297.1,4,50.17,98.66,EXCELLENT,0,0,98
FAC-001,FacilityOps Campus,AST-001,HVAC Unit 1,HVAC,Building A,Block A1,2026-01-27 05:00:00,59.2,2.57,5.35,14.79,0.51,2297.61,4,50.21,97.3,EXCELLENT,0,0,112
FAC-001,FacilityOps Campus,AST-001,HVAC Unit 1,HVAC,Building A,Block A1,2026-01-27 06:00:00,58.18,1.93,5.45,19.98,1.0,2298.61,4,50.25,98.6,EXCELLENT,0,0,180
FAC-001,FacilityOps Campus,AST-001,HVAC Unit 1,HVAC,Building A,Block A1,2026-01-27 07:00:00,60.97,2.66,5.75,21.66,0.52,2299.13,4,50.29,95.08,EXCELLENT,0,0,116
FAC-001,FacilityOps Campus,AST-001,HVAC Unit 1,HVAC,Building A,Block A1,2026-01-27 08:00:00,60.64,2.0,5.29,42.19,0.71,2299.84,4,50.33,97.97,EXCELLENT,0,0,156
FAC-001,FacilityOps Campus,AST-001,HVAC Unit 1,HVAC,Building A,Block A1,2026-01-27 09:00:00,60.72,2.03,5.56,38.96,0.89,2300.72,4,50.38,98.55,EXCELLENT,0,0,109
FAC-001,FacilityOps Campus,AST-001,HVAC Unit 1,HVAC,Building A,Block A1,2026-01-27 10:00:00,60.25,1.86,5.56,43.8,0.42,2301.14,4,50.42,98.56,EXCELLENT,0,0,92
FAC-001,FacilityOps Campus,AST-001,HVAC Unit 1,HVAC,Building A,Block A1,2026-01-27 11:00:00,56.67,2.04,5.76,41.94,0.53,2301.67,4,50.46,97.76,EXCELLENT,0,0,124
FAC-001,FacilityOps Campus,AST-001,HVAC Unit 1,HVAC,Building A,Block A1,2026-01-27 12:00:00,56.32,2.04,5.25,47.97,0.94,2302.61,4,50.5,97.82,EXCELLENT,0,0,100
FAC-001,FacilityOps Campus,AST-001,HVAC Unit 1,HVAC,Building A,Block A1,2026-01-27 13:00:00,60.2,2.2,5.45,46.9,0.56,2303.16,4,50.54,98.61,EXCELLENT,0,0,122
FAC-001,FacilityOps Campus,AST-001,HVAC Unit 1,HVAC,Building A,Block A1,2026-01-27 14:00:00,59.73,2.27,5.7,32.85,0.81,2303.97,4,50.58,98.01,EXCELLENT,0,0,145
FAC-001,FacilityOps Campus,AST-001,HVAC Unit 1,HVAC,Building A,Block A1,2026-01-27 15:00:00,56.68,2.46,5.66,39.33,0.71,2304.68,4,50.62,98.16,EXCELLENT,0,0,140
FAC-001,FacilityOps Campus,AST-001,HVAC Unit 1,HVAC,Building A,Block A1,2026-01-27 16:00:00,55.14,2.34,5.9,30.24,0.72,2305.4,4,50.67,97.18,EXCELLENT,0,0,133
FAC-001,FacilityOps Campus,AST-001,HVAC Unit 1,HVAC,Building A,Block A1,2026-01-27 17:00:00,60.43,2.17,5.87,41.38,0.99,2306.39,4,50.71,97.34,EXCELLENT,0,0,137
FAC-001,FacilityOps Campus,AST-001,HVAC Unit 1,HVAC,Building A,Block A1,2026-01-27 18:00:00,55.27,2.4,5.45,41.76,0.87,2307.26,4,50.75,98.58,EXCELLENT,0,0,105
FAC-001,FacilityOps Campus,AST-001,HVAC Unit 1,HVAC,Building A,Block A1,2026-01-27 19:00:00,54.22,2.19,5.54,19.33,0.46,2307.72,4,50.79,98.64,EXCELLENT,0,0,132
FAC-001,FacilityOps Campus,AST-001,HVAC Unit 1,HVAC,Building A,Block A1,2026-01-27 20:00:00,58.93,2.35,5.47,17.12,0.56,2308.28,4,50.83,98.68,EXCELLENT,0,0,167
FAC-001,FacilityOps Campus,AST-001,HVAC Unit 1,HVAC,Building A,Block A1,2026-01-27 21:00:00,60.58,2.04,5.15,22.49,0.67,2308.96,4,50.88,97.4,EXCELLENT,0,0,169
FAC-001,FacilityOps Campus,AST-001,HVAC Unit 1,HVAC,Building A,Block A1,2026-01-27 22:00:00,60.05,2.24,6.02,26.35,0.54,2309.5,4,50.92,96.72,EXCELLENT,0,0,94
FAC-001,FacilityOps Campus,AST-001,HVAC Unit 1,HVAC,Building A,Block A1,2026-01-27 23:00:00,56.73,1.99,5.41,15.44,0.89,2310.39,4,50.96,98.46,EXCELLENT,0,0,119
FAC-001,FacilityOps Campus,AST-001,HVAC Unit 1,HVAC,Building A,Block A1,2026-01-28 00:00:00,54.35,1.75,6.06,16.39,0.94,2311.33,4,51.0,96.57,EXCELLENT,0,0,176
FAC-001,FacilityOps Campus,AST-001,HVAC Unit 1,HVAC,Building A,Block A1,2026-01-28 01:00:00,58.52,1.95,5.5,20.81,0.91,2312.24,4,51.04,98.79,EXCELLENT,0,0,133
FAC-001,FacilityOps Campus,AST-001,HVAC Unit 1,HVAC,Building A,Block A1,2026-01-28 02:00:00,96.32,3.88,4.59,26.12,0.58,2312.82,4,51.08,11.43,CRITICAL,1,1,1
FAC-001,FacilityOps Campus,AST-001,HVAC Unit 1,HVAC,Building A,Block A1,2026-01-28 03:00:00,60.09,2.02,5.3,18.63,0.7,2313.52,4,51.12,98.0,EXCELLENT,0,0,162
FAC-001,FacilityOps Campus,AST-001,HVAC Unit 1,HVAC,Building A,Block A1,2026-01-28 04:00:00,60.87,2.43,5.87,18.36,0.78,2314.3,4,51.17,97.31,EXCELLENT,0,0,172
FAC-001,FacilityOps Campus,AST-001,HVAC Unit 1,HVAC,Building A,Block A1,2026-01-28 05:00:00,58.35,2.2,5.47,21.17,0.84,2315.14,4,51.21,98.67,EXCELLENT,0,0,112
FAC-001,FacilityOps Campus,AST-001,HVAC Unit 1,HVAC,Building A,Block A1,2026-01-28 06:00:00,62.32,2.08,5.18,18.46,0.75,2315.89,4,51.25,97.52,EXCELLENT,0,0,168
FAC-001,FacilityOps Campus,AST-001,HVAC Unit 1,HVAC,Building A,Block A1,2026-01-28 07:00:00,57.74,2.05,6.08,23.8,0.78,2316.66,4,51.29,96.46,EXCELLENT,0,0,128
FAC-001,FacilityOps Campus,AST-001,HVAC Unit 1,HVAC,Building A,Block A1,2026-01-28 08:00:00,90.08,3.05,5.05,45.98,0.94,2317.61,4,51.33,41.08,CRITICAL,1,1,5
FAC-001,FacilityOps Campus,AST-001,HVAC Unit 1,HVAC,Building A,Block A1,2026-01-28 09:00:00,57.38,2.36,5.51,36.68,0.78,2318.38,4,51.38,98.75,EXCELLENT,0,0,112
FAC-001,FacilityOps Campus,AST-001,HVAC Unit 1,HVAC,Building A,Block A1,2026-01-28 10:00:00,54.7,2.16,5.42,37.93,0.68,2319.07,4,51.42,98.5,EXCELLENT,0,0,140
FAC-001,FacilityOps Campus,AST-001,HVAC Unit 1,HVAC,Building A,Block A1,2026-01-28 11:00:00,57.26,1.97,5.9,41.6,0.83,2319.89,4,51.46,97.21,EXCELLENT,0,0,162
FAC-001,FacilityOps Campus,AST-001,HVAC Unit 1,HVAC,Building A,Block A1,2026-01-28 12:00:00,54.85,2.38,5.78,35.91,0.8,2320.7,4,51.5,97.68,EXCELLENT,0,0,171
FAC-001,FacilityOps Campus,AST-001,HVAC Unit 1,HVAC,Building A,Block A1,2026-01-28 13:00:00,56.88,2.2,5.09,31.82,0.72,2321.42,4,51.54,97.14,EXCELLENT,0,0,147
FAC-001,FacilityOps Campus,AST-001,HVAC Unit 1,HVAC,Building A,Block A1,2026-01-28 14:00:00,56.01,1.96,5.07,33.4,0.41,2321.83,4,51.58,97.07,EXCELLENT,0,0,153
FAC-001,FacilityOps Campus,AST-001,HVAC Unit 1,HVAC,Building A,Block A1,2026-01-28 15:00:00,55.35,1.97,5.59,41.68,0.79,2322.62,4,51.62,98.45,EXCELLENT,0,0,137
FAC-001,FacilityOps Campus,AST-001,HVAC Unit 1,HVAC,Building A,Block A1,2026-01-28 16:00:00,54.26,2.44,5.89,30.58,0.89,2323.51,4,51.67,97.26,EXCELLENT,0,0,159
FAC-001,FacilityOps Campus,AST-001,HVAC Unit 1,HVAC,Building A,Block A1,2026-01-28 17:00:00,61.02,2.48,5.16,37.54,0.89,2324.39,4,51.71,97.43,EXCELLENT,0,0,135
FAC-001,FacilityOps Campus,AST-001,HVAC Unit 1,HVAC,Building A,Block A1,2026-01-28 18:00:00,56.84,2.39,5.54,40.37,0.75,2325.14,4,51.75,98.65,EXCELLENT,0,0,126
FAC-001,FacilityOps Campus,AST-001,HVAC Unit 1,HVAC,Building A,Block A1,2026-01-28 19:00:00,58.58,3.01,5.76,26.51,0.41,2325.55,4,51.79,88.01,EXCELLENT,0,0,110
FAC-001,FacilityOps Campus,AST-001,HVAC Unit 1,HVAC,Building A,Block A1,2026-01-28 20:00:00,60.14,2.34,5.26,20.64,0.86,2326.41,4,51.83,97.82,EXCELLENT,0,0,130
FAC-001,FacilityOps Campus,AST-001,HVAC Unit 1,HVAC,Building A,Block A1,2026-01-28 21:00:00,55.38,2.32,5.59,19.31,0.49,2326.9,4,51.88,98.45,EXCELLENT,0,0,165
FAC-001,FacilityOps Campus,AST-001,HVAC Unit 1,HVAC,Building A,Block A1,2026-01-28 22:00:00,54.07,2.34,5.68,26.35,0.52,2327.43,4,51.92,98.06,EXCELLENT,0,0,122
FAC-001,FacilityOps Campus,AST-001,HVAC Unit 1,HVAC,Building A,Block A1,2026-01-28 23:00:00,63.0,2.71,5.45,14.56,0.91,2328.34,4,51.96,94.98,EXCELLENT,0,0,135
FAC-001,FacilityOps Campus,AST-001,HVAC Unit 1,HVAC,Building A,Block A1,2026-01-29 00:00:00,57.68,2.22,5.22,27.88,0.41,2328.75,4,52.0,97.69,EXCELLENT,0,0,149
FAC-001,FacilityOps Campus,AST-001,HVAC Unit 1,HVAC,Building A,Block A1,2026-01-29 01:00:00,56.34,2.38,5.12,21.62,0.83,2329.58,4,52.04,97.28,EXCELLENT,0,0,138
FAC-001,FacilityOps Campus,AST-001,HVAC Unit 1,HVAC,Building A,Block A1,2026-01-29 02:00:00,56.63,2.18,5.38,15.87,0.47,2330.05,4,52.08,98.31,EXCELLENT,0,0,103
FAC-001,FacilityOps Campus,AST-001,HVAC Unit 1,HVAC,Building A,Block A1,2026-01-29 03:00:00,52.46,2.1,5.64,17.74,0.75,2330.8,4,52.12,98.26,EXCELLENT,0,0,145
FAC-001,FacilityOps Campus,AST-001,HVAC Unit 1,HVAC,Building A,Block A1,2026-01-29 04:00:00,61.02,2.19,5.4,24.58,0.6,2331.4,4,52.17,98.39,EXCELLENT,0,0,106
FAC-001,FacilityOps Campus,AST-001,HVAC Unit 1,HVAC,Building A,Block A1,2026-01-29 05:00:00,58.51,2.4,6.28,31.34,0.99,2332.38,4,52.21,95.7,EXCELLENT,0,0,100
FAC-001,FacilityOps Campus,AST-001,HVAC Unit 1,HVAC,Building A,Block A1,2026-01-29 06:00:00,57.62,1.88,5.65,14.27,0.73,2333.12,4,52.25,98.22,EXCELLENT,0,0,110
FAC-001,FacilityOps Campus,AST-001,HVAC Unit 1,HVAC,Building A,Block A1,2026-01-29 07:00:00,54.51,2.02,5.42,24.87,0.86,2333.97,4,52.29,98.48,EXCELLENT,0,0,142
FAC-001,FacilityOps Campus,AST-001,HVAC Unit 1,HVAC,Building A,Block A1,2026-01-29 08:00:00,61.57,2.1,5.73,26.99,0.52,2334.49,4,52.33,97.89,EXCELLENT,0,0,168
FAC-001,FacilityOps Campus,AST-001,HVAC Unit 1,HVAC,Building A,Block A1,2026-01-29 09:00:00,59.39,2.44,5.64,37.16,0.66,2335.15,4,52.38,98.25,EXCELLENT,0,0,118
FAC-001,FacilityOps Campus,AST-001,HVAC Unit 1,HVAC,Building A,Block A1,2026-01-29 10:00:00,57.93,1.87,5.7,32.86,0.73,2335.88,4,52.42,97.98,EXCELLENT,0,0,115
FAC-001,FacilityOps Campus,AST-001,HVAC Unit 1,HVAC,Building A,Block A1,2026-01-29 11:00:00,56.65,2.19,5.56,43.16,0.52,2336.4,4,52.46,98.54,EXCELLENT,0,0,152
FAC-001,FacilityOps Campus,AST-001,HVAC Unit 1,HVAC,Building A,Block A1,2026-01-29 12:00:00,58.71,2.45,5.33,44.66,0.75,2337.15,4,52.5,98.11,EXCELLENT,0,0,126
FAC-001,FacilityOps Campus,AST-001,HVAC Unit 1,HVAC,Building A,Block A1,2026-01-29 13:00:00,55.98,2.22,5.71,42.26,0.78,2337.93,4,52.54,97.98,EXCELLENT,0,0,164
FAC-001,FacilityOps Campus,AST-001,HVAC Unit 1,HVAC,Building A,Block A1,2026-01-29 14:00:00,58.8,2.08,5.66,35.97,0.5,2338.44,4,52.58,98.18,EXCELLENT,0,0,145
FAC-001,FacilityOps Campus,AST-001,HVAC Unit 1,HVAC,Building A,Block A1,2026-01-29 15:00:00,56.31,2.3,5.42,34.93,0.58,2339.02,4,52.62,98.47,EXCELLENT,0,0,102
FAC-001,FacilityOps Campus,AST-001,HVAC Unit 1,HVAC,Building A,Block A1,2026-01-29 16:00:00,57.8,2.02,5.59,41.08,0.79,2339.81,4,52.67,98.43,EXCELLENT,0,0,161
FAC-001,FacilityOps Campus,AST-001,HVAC Unit 1,HVAC,Building A,Block A1,2026-01-29 17:00:00,65.69,2.54,5.13,41.29,0.52,2340.33,4,52.71,93.84,EXCELLENT,0,0,112
FAC-001,FacilityOps Campus,AST-001,HVAC Unit 1,HVAC,Building A,Block A1,2026-01-29 18:00:00,55.51,2.2,5.08,37.46,0.41,2340.74,4,52.75,97.13,EXCELLENT,0,0,177
FAC-001,FacilityOps Campus,AST-001,HVAC Unit 1,HVAC,Building A,Block A1,2026-01-29 19:00:00,59.11,2.0,5.86,18.23,0.96,2341.7,4,52.79,97.35,EXCELLENT,0,0,113
FAC-001,FacilityOps Campus,AST-001,HVAC Unit 1,HVAC,Building A,Block A1,2026-01-29 20:00:00,56.94,2.32,5.56,17.21,0.64,2342.34,4,52.83,98.56,EXCELLENT,0,0,175
FAC-001,FacilityOps Campus,AST-001,HVAC Unit 1,HVAC,Building A,Block A1,2026-01-29 21:00:00,53.04,2.16,5.7,21.2,0.93,2343.27,4,52.88,98.01,EXCELLENT,0,0,93
FAC-001,FacilityOps Campus,AST-001,HVAC Unit 1,HVAC,Building A,Block A1,2026-01-29 22:00:00,59.68,2.35,5.38,17.29,0.62,2343.9,4,52.92,98.33,EXCELLENT,0,0,96
FAC-001,FacilityOps Campus,AST-001,HVAC Unit 1,HVAC,Building A,Block A1,2026-01-29 23:00:00,56.76,1.91,5.58,23.02,0.47,2344.37,4,52.96,98.48,EXCELLENT,0,0,171
FAC-001,FacilityOps Campus,AST-001,HVAC Unit 1,HVAC,Building A,Block A1,2026-01-30 00:00:00,48.73,2.64,5.5,19.47,0.63,2345.0,4,53.0,96.58,EXCELLENT,0,0,172
FAC-001,FacilityOps Campus,AST-001,HVAC Unit 1,HVAC,Building A,Block A1,2026-01-30 01:00:00,60.23,2.29,5.53,21.9,0.84,2345.85,4,53.04,98.68,EXCELLENT,0,0,171
FAC-001,FacilityOps Campus,AST-001,HVAC Unit 1,HVAC,Building A,Block A1,2026-01-30 02:00:00,58.3,1.98,5.4,18.69,0.6,2346.44,4,53.08,98.41,EXCELLENT,0,0,157
FAC-001,FacilityOps Campus,AST-001,HVAC Unit 1,HVAC,Building A,Block A1,2026-01-30 03:00:00,61.84,2.48,5.36,24.15,0.47,2346.91,4,53.12,98.25,EXCELLENT,0,0,92
FAC-001,FacilityOps Campus,AST-001,HVAC Unit 1,HVAC,Building A,Block A1,2026-01-30 04:00:00,60.29,2.18,5.72,16.78,0.96,2347.88,4,53.17,97.93,EXCELLENT,0,0,91
FAC-001,FacilityOps Campus,AST-001,HVAC Unit 1,HVAC,Building A,Block A1,2026-01-30 05:00:00,59.44,2.53,5.82,22.18,0.72,2348.6,4,53.21,97.51,EXCELLENT,0,0,116
FAC-001,FacilityOps Campus,AST-001,HVAC Unit 1,HVAC,Building A,Block A1,2026-01-30 06:00:00,55.48,1.67,5.24,15.8,0.58,2349.19,4,53.25,97.78,EXCELLENT,0,0,160
FAC-001,FacilityOps Campus,AST-001,HVAC Unit 1,HVAC,Building A,Block A1,2026-01-30 07:00:00,60.53,1.9,5.22,28.9,0.41,2349.6,4,53.29,97.7,EXCELLENT,0,0,128
FAC-001,FacilityOps Campus,AST-001,HVAC Unit 1,HVAC,Building A,Block A1,2026-01-30 08:00:00,56.62,2.53,4.88,36.23,0.62,2350.22,4,53.33,96.31,EXCELLENT,0,0,106
FAC-001,FacilityOps Campus,AST-001,HVAC Unit 1,HVAC,Building A,Block A1,2026-01-30 09:00:00,62.41,2.17,5.17,41.31,0.52,2350.73,4,53.38,97.47,EXCELLENT,0,0,147
FAC-001,FacilityOps Campus,AST-001,HVAC Unit 1,HVAC,Building A,Block A1,2026-01-30 10:00:00,58.21,2.12,6.4,42.6,0.62,2351.35,4,53.42,95.18,EXCELLENT,0,0,99
FAC-001,FacilityOps Campus,AST-001,HVAC Unit 1,HVAC,Building A,Block A1,2026-01-30 11:00:00,60.85,1.91,5.39,42.6,0.99,2352.34,4,53.46,98.37,EXCELLENT,0,0,125
FAC-001,FacilityOps Campus,AST-001,HVAC Unit 1,HVAC,Building A,Block A1,2026-01-30 12:00:00,60.02,1.99,5.37,37.84,0.68,2353.01,4,53.5,98.29,EXCELLENT,0,0,124
FAC-001,FacilityOps Campus,AST-001,HVAC Unit 1,HVAC,Building A,Block A1,2026-01-30 13:00:00,60.62,2.32,5.28,40.63,0.56,2353.58,4,53.54,97.92,EXCELLENT,0,0,147
FAC-001,FacilityOps Campus,AST-001,HVAC Unit 1,HVAC,Building A,Block A1,2026-01-30 14:00:00,58.02,2.14,5.52,40.64,0.95,2354.53,4,53.58,98.71,EXCELLENT,0,0,162
FAC-001,FacilityOps Campus,AST-001,HVAC Unit 1,HVAC,Building A,Block A1,2026-01-30 15:00:00,58.39,2.3,5.48,36.38,0.54,2355.07,4,53.62,98.73,EXCELLENT,0,0,117
FAC-001,FacilityOps Campus,AST-001,HVAC Unit 1,HVAC,Building A,Block A1,2026-01-30 16:00:00,58.15,2.78,5.14,44.42,0.76,2355.84,4,53.67,92.3,EXCELLENT,0,0,114
FAC-001,FacilityOps Campus,AST-001,HVAC Unit 1,HVAC,Building A,Block A1,2026-01-30 17:00:00,59.83,2.33,5.71,38.11,0.42,2356.25,4,53.71,97.94,EXCELLENT,0,0,160
FAC-001,FacilityOps Campus,AST-001,HVAC Unit 1,HVAC,Building A,Block A1,2026-01-30 18:00:00,62.06,2.3,5.65,36.47,0.45,2356.71,4,53.75,98.2,EXCELLENT,0,0,180
FAC-001,FacilityOps Campus,AST-001,HVAC Unit 1,HVAC,Building A,Block A1,2026-01-30 19:00:00,57.56,1.92,5.85,24.53,0.67,2357.37,4,53.79,97.41,EXCELLENT,0,0,153
FAC-001,FacilityOps Campus,AST-001,HVAC Unit 1,HVAC,Building A,Block A1,2026-01-30 20:00:00,58.85,2.13,5.14,24.85,0.71,2358.08,4,53.83,97.34,EXCELLENT,0,0,179
FAC-001,FacilityOps Campus,AST-001,HVAC Unit 1,HVAC,Building A,Block A1,2026-01-30 21:00:00,56.57,2.06,5.39,15.88,0.93,2359.01,4,53.88,98.35,EXCELLENT,0,0,107
FAC-001,FacilityOps Campus,AST-001,HVAC Unit 1,HVAC,Building A,Block A1,2026-01-30 22:00:00,59.38,2.12,5.38,24.23,0.75,2359.76,4,53.92,98.33,EXCELLENT,0,0,158
FAC-001,FacilityOps Campus,AST-001,HVAC Unit 1,HVAC,Building A,Block A1,2026-01-30 23:00:00,56.07,2.42,5.98,30.27,0.96,2360.73,4,53.96,96.89,EXCELLENT,0,0,165
FAC-001,FacilityOps Campus,AST-002,Chiller 1,Chiller,Building A,Block A2,2026-01-01 00:00:00,58.0,3.3,6.21,36.07,0.56,2524.56,6,79.0,72.38,GOOD,1,0,75
FAC-001,FacilityOps Campus,AST-002,Chiller 1,Chiller,Building A,Block A2,2026-01-01 01:00:00,53.26,1.86,6.24,34.96,0.44,2525.0,6,79.04,96.25,EXCELLENT,0,0,127
FAC-001,FacilityOps Campus,AST-002,Chiller 1,Chiller,Building A,Block A2,2026-01-01 02:00:00,51.95,2.47,6.16,32.83,0.56,2525.56,6,79.08,92.34,EXCELLENT,0,0,152
FAC-001,FacilityOps Campus,AST-002,Chiller 1,Chiller,Building A,Block A2,2026-01-01 03:00:00,54.43,2.12,6.52,33.77,0.47,2526.03,6,79.12,95.13,EXCELLENT,0,0,174
FAC-001,FacilityOps Campus,AST-002,Chiller 1,Chiller,Building A,Block A2,2026-01-01 04:00:00,54.01,1.64,6.6,36.46,0.47,2526.49,6,79.17,94.8,EXCELLENT,0,0,141
FAC-001,FacilityOps Campus,AST-002,Chiller 1,Chiller,Building A,Block A2,2026-01-01 05:00:00,51.8,2.42,6.02,22.58,0.65,2527.14,6,79.21,93.03,EXCELLENT,0,0,125
FAC-001,FacilityOps Campus,AST-002,Chiller 1,Chiller,Building A,Block A2,2026-01-01 06:00:00,54.04,1.95,6.47,29.58,0.98,2528.12,6,79.25,95.3,EXCELLENT,0,0,160
FAC-001,FacilityOps Campus,AST-002,Chiller 1,Chiller,Building A,Block A2,2026-01-01 07:00:00,49.09,2.15,6.4,28.76,0.87,2528.99,6,79.29,95.6,EXCELLENT,0,0,160
FAC-001,FacilityOps Campus,AST-002,Chiller 1,Chiller,Building A,Block A2,2026-01-01 08:00:00,52.34,2.09,6.5,42.59,0.72,2529.71,6,79.33,95.21,EXCELLENT,0,0,157
FAC-001,FacilityOps Campus,AST-002,Chiller 1,Chiller,Building A,Block A2,2026-01-01 09:00:00,53.68,1.86,6.36,51.4,0.73,2530.44,6,79.38,95.76,EXCELLENT,0,0,177
FAC-001,FacilityOps Campus,AST-002,Chiller 1,Chiller,Building A,Block A2,2026-01-01 10:00:00,50.98,2.0,6.53,50.59,0.77,2531.22,6,79.42,95.07,EXCELLENT,0,0,146
FAC-001,FacilityOps Campus,AST-002,Chiller 1,Chiller,Building A,Block A2,2026-01-01 11:00:00,51.31,1.99,5.67,63.55,0.7,2531.92,6,79.46,94.29,EXCELLENT,0,0,100
FAC-001,FacilityOps Campus,AST-002,Chiller 1,Chiller,Building A,Block A2,2026-01-01 12:00:00,49.91,2.64,6.4,47.21,0.43,2532.35,6,79.5,88.02,EXCELLENT,0,0,115
FAC-001,FacilityOps Campus,AST-002,Chiller 1,Chiller,Building A,Block A2,2026-01-01 13:00:00,55.51,1.75,6.03,44.38,0.61,2532.96,6,79.54,95.74,EXCELLENT,0,0,166
FAC-001,FacilityOps Campus,AST-002,Chiller 1,Chiller,Building A,Block A2,2026-01-01 14:00:00,52.64,2.31,5.96,50.04,0.5,2533.47,6,79.58,95.31,EXCELLENT,0,0,135
FAC-001,FacilityOps Campus,AST-002,Chiller 1,Chiller,Building A,Block A2,2026-01-01 15:00:00,57.08,1.95,6.31,61.47,0.93,2534.39,6,79.62,95.96,EXCELLENT,0,0,168
FAC-001,FacilityOps Campus,AST-002,Chiller 1,Chiller,Building A,Block A2,2026-01-01 16:00:00,47.11,1.28,6.23,65.63,0.57,2534.97,6,79.67,96.3,EXCELLENT,0,0,167
FAC-001,FacilityOps Campus,AST-002,Chiller 1,Chiller,Building A,Block A2,2026-01-01 17:00:00,49.69,2.26,6.1,46.68,0.47,2535.44,6,79.71,96.0,EXCELLENT,0,0,132
FAC-001,FacilityOps Campus,AST-002,Chiller 1,Chiller,Building A,Block A2,2026-01-01 18:00:00,54.31,2.6,6.45,59.34,0.71,2536.15,6,79.75,88.76,EXCELLENT,0,0,159
FAC-001,FacilityOps Campus,AST-002,Chiller 1,Chiller,Building A,Block A2,2026-01-01 19:00:00,50.74,1.84,6.38,39.25,0.43,2536.59,6,79.79,95.7,EXCELLENT,0,0,139
FAC-001,FacilityOps Campus,AST-002,Chiller 1,Chiller,Building A,Block A2,2026-01-01 20:00:00,50.07,1.87,5.84,41.3,0.47,2537.05,6,79.83,94.96,EXCELLENT,0,0,154
FAC-001,FacilityOps Campus,AST-002,Chiller 1,Chiller,Building A,Block A2,2026-01-01 21:00:00,52.03,2.11,6.06,38.76,0.82,2537.87,6,79.88,95.83,EXCELLENT,0,0,141
FAC-001,FacilityOps Campus,AST-002,Chiller 1,Chiller,Building A,Block A2,2026-01-01 22:00:00,56.59,1.98,5.97,26.43,0.64,2538.52,6,79.92,95.49,EXCELLENT,0,0,104
FAC-001,FacilityOps Campus,AST-002,Chiller 1,Chiller,Building A,Block A2,2026-01-01 23:00:00,53.62,2.24,6.2,34.33,0.94,2539.46,6,79.96,96.38,EXCELLENT,0,0,136
FAC-001,FacilityOps Campus,AST-002,Chiller 1,Chiller,Building A,Block A2,2026-01-02 00:00:00,48.1,1.66,6.11,31.33,0.66,2540.11,6,80.0,96.03,EXCELLENT,0,0,132
FAC-001,FacilityOps Campus,AST-002,Chiller 1,Chiller,Building A,Block A2,2026-01-02 01:00:00,48.55,1.8,6.08,27.53,0.67,2540.78,6,80.04,95.92,EXCELLENT,0,0,109
FAC-001,FacilityOps Campus,AST-002,Chiller 1,Chiller,Building A,Block A2,2026-01-02 02:00:00,47.69,1.89,6.14,35.9,0.88,2541.65,6,80.08,96.15,EXCELLENT,0,0,113
FAC-001,FacilityOps Campus,AST-002,Chiller 1,Chiller,Building A,Block A2,2026-01-02 03:00:00,53.65,1.67,6.42,41.19,0.79,2542.45,6,80.12,95.53,EXCELLENT,0,0,140
FAC-001,FacilityOps Campus,AST-002,Chiller 1,Chiller,Building A,Block A2,2026-01-02 04:00:00,58.47,2.71,6.69,15.08,0.81,2543.26,6,80.17,82.77,GOOD,0,0,54
FAC-001,FacilityOps Campus,AST-002,Chiller 1,Chiller,Building A,Block A2,2026-01-02 05:00:00,50.04,2.17,5.88,37.3,0.84,2544.1,6,80.21,95.1,EXCELLENT,0,0,145
FAC-001,FacilityOps Campus,AST-002,Chiller 1,Chiller,Building A,Block A2,2026-01-02 06:00:00,55.39,1.62,5.93,31.01,0.91,2545.01,6,80.25,95.3,EXCELLENT,0,0,173
FAC-001,FacilityOps Campus,AST-002,Chiller 1,Chiller,Building A,Block A2,2026-01-02 07:00:00,48.49,2.17,6.28,30.64,0.83,2545.84,6,80.29,96.07,EXCELLENT,0,0,132
FAC-001,FacilityOps Campus,AST-002,Chiller 1,Chiller,Building A,Block A2,2026-01-02 08:00:00,51.22,2.12,5.96,43.07,0.75,2546.59,6,80.33,95.44,EXCELLENT,0,0,172
FAC-001,FacilityOps Campus,AST-002,Chiller 1,Chiller,Building A,Block A2,2026-01-02 09:00:00,58.31,2.71,6.21,83.38,0.68,2547.28,6,80.38,74.85,GOOD,1,0,57
FAC-001,FacilityOps Campus,AST-002,Chiller 1,Chiller,Building A,Block A2,2026-01-02 10:00:00,52.44,1.76,6.18,66.6,1.0,2548.27,6,80.42,96.31,EXCELLENT,0,0,149
FAC-001,FacilityOps Campus,AST-002,Chiller 1,Chiller,Building A,Block A2,2026-01-02 11:00:00,52.12,1.75,5.84,59.81,0.98,2549.25,6,80.46,94.95,EXCELLENT,0,0,95
FAC-001,FacilityOps Campus,AST-002,Chiller 1,Chiller,Building A,Block A2,2026-01-02 12:00:00,50.07,1.88,6.05,52.33,0.88,2550.13,6,80.5,95.78,EXCELLENT,0,0,103
FAC-001,FacilityOps Campus,AST-002,Chiller 1,Chiller,Building A,Block A2,2026-01-02 13:00:00,48.34,2.17,6.23,47.64,0.88,2551.01,6,80.54,96.28,EXCELLENT,0,0,165
FAC-001,FacilityOps Campus,AST-002,Chiller 1,Chiller,Building A,Block A2,2026-01-02 14:00:00,54.5,1.78,6.28,52.14,0.43,2551.44,6,80.58,96.09,EXCELLENT,0,0,128
FAC-001,FacilityOps Campus,AST-002,Chiller 1,Chiller,Building A,Block A2,2026-01-02 15:00:00,48.15,2.17,6.61,53.01,0.96,2552.41,6,80.62,94.76,EXCELLENT,0,0,122
FAC-001,FacilityOps Campus,AST-002,Chiller 1,Chiller,Building A,Block A2,2026-01-02 16:00:00,50.65,2.22,5.71,51.53,0.68,2553.09,6,80.67,94.44,EXCELLENT,0,0,112
FAC-001,FacilityOps Campus,AST-002,Chiller 1,Chiller,Building A,Block A2,2026-01-02 17:00:00,52.15,1.77,6.14,44.64,0.66,2553.75,6,80.71,96.17,EXCELLENT,0,0,162
FAC-001,FacilityOps Campus,AST-002,Chiller 1,Chiller,Building A,Block A2,2026-01-02 18:00:00,48.89,1.72,5.87,51.92,0.54,2554.29,6,80.75,95.08,EXCELLENT,0,0,114
FAC-001,FacilityOps Campus,AST-002,Chiller 1,Chiller,Building A,Block A2,2026-01-02 19:00:00,53.34,2.14,5.95,35.11,0.44,2554.73,6,80.79,95.41,EXCELLENT,0,0,105
FAC-001,FacilityOps Campus,AST-002,Chiller 1,Chiller,Building A,Block A2,2026-01-02 20:00:00,53.72,1.96,6.21,30.95,0.95,2555.68,6,80.83,96.37,EXCELLENT,0,0,108
FAC-001,FacilityOps Campus,AST-002,Chiller 1,Chiller,Building A,Block A2,2026-01-02 21:00:00,49.3,2.09,6.09,23.22,0.67,2556.35,6,80.88,95.97,EXCELLENT,0,0,167
FAC-001,FacilityOps Campus,AST-002,Chiller 1,Chiller,Building A,Block A2,2026-01-02 22:00:00,47.06,1.7,6.46,43.27,0.46,2556.81,6,80.92,95.35,EXCELLENT,0,0,169
FAC-001,FacilityOps Campus,AST-002,Chiller 1,Chiller,Building A,Block A2,2026-01-02 23:00:00,52.6,2.18,5.63,26.97,0.64,2557.45,6,80.96,94.13,EXCELLENT,0,0,105
FAC-001,FacilityOps Campus,AST-002,Chiller 1,Chiller,Building A,Block A2,2026-01-03 00:00:00,50.77,1.6,5.94,27.67,0.6,2558.04,6,81.0,95.36,EXCELLENT,0,0,155
FAC-001,FacilityOps Campus,AST-002,Chiller 1,Chiller,Building A,Block A2,2026-01-03 01:00:00,70.08,3.66,6.36,26.9,0.91,2558.96,6,81.04,40.43,CRITICAL,1,1,4
FAC-001,FacilityOps Campus,AST-002,Chiller 1,Chiller,Building A,Block A2,2026-01-03 02:00:00,74.96,2.68,5.06,40.28,0.52,2559.48,6,81.08,49.04,CRITICAL,1,1,0
FAC-001,FacilityOps Campus,AST-002,Chiller 1,Chiller,Building A,Block A2,2026-01-03 03:00:00,53.98,1.94,6.26,38.65,0.63,2560.1,6,81.12,96.15,EXCELLENT,0,0,93
FAC-001,FacilityOps Campus,AST-002,Chiller 1,Chiller,Building A,Block A2,2026-01-03 04:00:00,69.56,3.69,5.67,44.85,0.77,2560.87,6,81.17,39.17,CRITICAL,1,1,3
FAC-001,FacilityOps Campus,AST-002,Chiller 1,Chiller,Building A,Block A2,2026-01-03 05:00:00,51.31,1.98,6.01,23.85,0.63,2561.5,6,81.21,95.63,EXCELLENT,0,0,166
FAC-001,FacilityOps Campus,AST-002,Chiller 1,Chiller,Building A,Block A2,2026-01-03 06:00:00,50.5,2.1,6.45,37.08,0.86,2562.36,6,81.25,95.41,EXCELLENT,0,0,102
FAC-001,FacilityOps Campus,AST-002,Chiller 1,Chiller,Building A,Block A2,2026-01-03 07:00:00,50.53,2.08,6.14,34.49,0.93,2563.29,6,81.29,96.16,EXCELLENT,0,0,148
FAC-001,FacilityOps Campus,AST-002,Chiller 1,Chiller,Building A,Block A2,2026-01-03 08:00:00,49.75,2.02,6.21,48.95,0.97,2564.27,6,81.33,96.36,EXCELLENT,0,0,112
FAC-001,FacilityOps Campus,AST-002,Chiller 1,Chiller,Building A,Block A2,2026-01-03 09:00:00,53.86,2.35,5.84,55.69,0.76,2565.03,6,81.38,93.78,EXCELLENT,0,0,145
FAC-001,FacilityOps Campus,AST-002,Chiller 1,Chiller,Building A,Block A2,2026-01-03 10:00:00,51.66,1.79,6.04,55.47,0.48,2565.51,6,81.42,95.77,EXCELLENT,0,0,111
FAC-001,FacilityOps Campus,AST-002,Chiller 1,Chiller,Building A,Block A2,2026-01-03 11:00:00,65.76,2.81,3.92,57.29,0.49,2566.0,6,81.46,59.28,WARNING,1,0,20
FAC-001,FacilityOps Campus,AST-002,Chiller 1,Chiller,Building A,Block A2,2026-01-03 12:00:00,49.37,1.43,6.46,63.65,0.54,2566.54,6,81.5,95.35,EXCELLENT,0,0,164
FAC-001,FacilityOps Campus,AST-002,Chiller 1,Chiller,Building A,Block A2,2026-01-03 13:00:00,50.29,2.31,6.38,52.53,0.4,2566.94,6,81.54,95.53,EXCELLENT,0,0,109
FAC-001,FacilityOps Campus,AST-002,Chiller 1,Chiller,Building A,Block A2,2026-01-03 14:00:00,55.87,2.2,6.13,49.74,0.84,2567.79,6,81.58,96.12,EXCELLENT,0,0,140
FAC-001,FacilityOps Campus,AST-002,Chiller 1,Chiller,Building A,Block A2,2026-01-03 15:00:00,51.6,2.63,5.88,58.36,0.8,2568.59,6,81.62,87.82,EXCELLENT,0,0,109
FAC-001,FacilityOps Campus,AST-002,Chiller 1,Chiller,Building A,Block A2,2026-01-03 16:00:00,66.43,3.47,5.99,70.15,0.7,2569.29,6,81.67,49.44,CRITICAL,1,1,2
FAC-001,FacilityOps Campus,AST-002,Chiller 1,Chiller,Building A,Block A2,2026-01-03 17:00:00,52.79,2.19,6.21,54.93,0.47,2569.76,6,81.71,96.34,EXCELLENT,0,0,103
FAC-001,FacilityOps Campus,AST-002,Chiller 1,Chiller,Building A,Block A2,2026-01-03 18:00:00,44.2,1.76,5.51,61.72,0.67,2570.43,6,81.75,93.62,EXCELLENT,0,0,161
FAC-001,FacilityOps Campus,AST-002,Chiller 1,Chiller,Building A,Block A2,2026-01-03 19:00:00,49.64,1.91,6.09,26.99,0.77,2571.21,6,81.79,95.95,EXCELLENT,0,0,154
FAC-001,FacilityOps Campus,AST-002,Chiller 1,Chiller,Building A,Block A2,2026-01-03 20:00:00,47.11,1.96,6.21,19.46,0.68,2571.88,6,81.83,96.37,EXCELLENT,0,0,108
FAC-001,FacilityOps Campus,AST-002,Chiller 1,Chiller,Building A,Block A2,2026-01-03 21:00:00,48.22,2.3,6.66,18.75,0.45,2572.34,6,81.88,94.55,EXCELLENT,0,0,117
FAC-001,FacilityOps Campus,AST-002,Chiller 1,Chiller,Building A,Block A2,2026-01-03 22:00:00,51.37,1.98,6.14,32.65,0.79,2573.13,6,81.92,96.18,EXCELLENT,0,0,159
FAC-001,FacilityOps Campus,AST-002,Chiller 1,Chiller,Building A,Block A2,2026-01-03 23:00:00,50.79,1.64,6.41,22.18,0.65,2573.78,6,81.96,95.58,EXCELLENT,0,0,156
FAC-001,FacilityOps Campus,AST-002,Chiller 1,Chiller,Building A,Block A2,2026-01-04 00:00:00,51.19,2.02,5.78,29.22,0.74,2574.52,6,82.0,94.74,EXCELLENT,0,0,150
FAC-001,FacilityOps Campus,AST-002,Chiller 1,Chiller,Building A,Block A2,2026-01-04 01:00:00,50.96,2.1,6.62,30.66,0.44,2574.96,6,82.04,94.74,EXCELLENT,0,0,171
FAC-001,FacilityOps Campus,AST-002,Chiller 1,Chiller,Building A,Block A2,2026-01-04 02:00:00,51.57,2.5,6.06,25.86,0.84,2575.81,6,82.08,91.39,EXCELLENT,0,0,98
FAC-001,FacilityOps Campus,AST-002,Chiller 1,Chiller,Building A,Block A2,2026-01-04 03:00:00,48.87,2.22,6.42,38.95,0.74,2576.55,6,82.12,95.51,EXCELLENT,0,0,124
FAC-001,FacilityOps Campus,AST-002,Chiller 1,Chiller,Building A,Block A2,2026-01-04 04:00:00,57.27,2.0,6.5,32.23,0.79,2577.34,6,82.17,95.08,EXCELLENT,0,0,174
FAC-001,FacilityOps Campus,AST-002,Chiller 1,Chiller,Building A,Block A2,2026-01-04 05:00:00,50.78,2.2,6.03,28.51,0.59,2577.93,6,82.21,95.73,EXCELLENT,0,0,127
FAC-001,FacilityOps Campus,AST-002,Chiller 1,Chiller,Building A,Block A2,2026-01-04 06:00:00,55.4,2.36,6.48,28.03,0.92,2578.85,6,82.25,93.88,EXCELLENT,0,0,147
FAC-001,FacilityOps Campus,AST-002,Chiller 1,Chiller,Building A,Block A2,2026-01-04 07:00:00,52.21,2.25,6.19,30.0,0.46,2579.31,6,82.29,96.35,EXCELLENT,0,0,117
FAC-001,FacilityOps Campus,AST-002,Chiller 1,Chiller,Building A,Block A2,2026-01-04 08:00:00,50.32,1.44,5.91,55.34,0.69,2580.0,6,82.33,95.24,EXCELLENT,0,0,156
FAC-001,FacilityOps Campus,AST-002,Chiller 1,Chiller,Building A,Block A2,2026-01-04 09:00:00,50.01,2.01,5.48,59.64,0.69,2580.69,6,82.38,93.53,EXCELLENT,0,0,150
FAC-001,FacilityOps Campus,AST-002,Chiller 1,Chiller,Building A,Block A2,2026-01-04 10:00:00,57.18,1.92,6.36,59.27,0.56,2581.25,6,82.42,95.76,EXCELLENT,0,0,136
FAC-001,FacilityOps Campus,AST-002,Chiller 1,Chiller,Building A,Block A2,2026-01-04 11:00:00,48.19,1.75,6.21,44.29,0.63,2581.88,6,82.46,96.34,EXCELLENT,0,0,177
FAC-001,FacilityOps Campus,AST-002,Chiller 1,Chiller,Building A,Block A2,2026-01-04 12:00:00,48.26,2.1,6.35,63.36,0.66,2582.54,6,82.5,95.81,EXCELLENT,0,0,179
FAC-001,FacilityOps Campus,AST-002,Chiller 1,Chiller,Building A,Block A2,2026-01-04 13:00:00,52.11,1.96,6.19,59.61,0.73,2583.27,6,82.54,96.37,EXCELLENT,0,0,149
FAC-001,FacilityOps Campus,AST-002,Chiller 1,Chiller,Building A,Block A2,2026-01-04 14:00:00,51.81,1.78,6.35,52.02,0.9,2584.16,6,82.58,95.79,EXCELLENT,0,0,128
FAC-001,FacilityOps Campus,AST-002,Chiller 1,Chiller,Building A,Block A2,2026-01-04 15:00:00,54.07,2.1,6.07,62.58,0.59,2584.75,6,82.62,95.89,EXCELLENT,0,0,125
FAC-001,FacilityOps Campus,AST-002,Chiller 1,Chiller,Building A,Block A2,2026-01-04 16:00:00,51.35,1.84,6.52,62.2,0.6,2585.35,6,82.67,95.1,EXCELLENT,0,0,126
FAC-001,FacilityOps Campus,AST-002,Chiller 1,Chiller,Building A,Block A2,2026-01-04 17:00:00,55.1,1.92,5.48,42.63,0.98,2586.33,6,82.71,93.51,EXCELLENT,0,0,160
FAC-001,FacilityOps Campus,AST-002,Chiller 1,Chiller,Building A,Block A2,2026-01-04 18:00:00,49.23,2.05,6.03,49.35,1.0,2587.32,6,82.75,95.73,EXCELLENT,0,0,114
FAC-001,FacilityOps Campus,AST-002,Chiller 1,Chiller,Building A,Block A2,2026-01-04 19:00:00,51.02,2.08,5.9,21.46,0.73,2588.05,6,82.79,95.21,EXCELLENT,0,0,136
FAC-001,FacilityOps Campus,AST-002,Chiller 1,Chiller,Building A,Block A2,2026-01-04 20:00:00,48.34,2.07,6.17,29.05,0.79,2588.84,6,82.83,96.28,EXCELLENT,0,0,92
FAC-001,FacilityOps Campus,AST-002,Chiller 1,Chiller,Building A,Block A2,2026-01-04 21:00:00,52.2,1.43,6.14,20.38,0.66,2589.5,6,82.88,96.15,EXCELLENT,0,0,106
FAC-001,FacilityOps Campus,AST-002,Chiller 1,Chiller,Building A,Block A2,2026-01-04 22:00:00,52.85,1.97,6.14,33.31,0.64,2590.14,6,82.92,96.14,EXCELLENT,0,0,131
FAC-001,FacilityOps Campus,AST-002,Chiller 1,Chiller,Building A,Block A2,2026-01-04 23:00:00,56.58,1.75,5.78,31.36,0.67,2590.8,6,82.96,94.71,EXCELLENT,0,0,175
FAC-001,FacilityOps Campus,AST-002,Chiller 1,Chiller,Building A,Block A2,2026-01-05 00:00:00,51.2,1.63,6.7,27.02,0.85,2591.65,6,83.0,94.42,EXCELLENT,0,0,120
FAC-001,FacilityOps Campus,AST-002,Chiller 1,Chiller,Building A,Block A2,2026-01-05 01:00:00,50.66,1.65,6.31,16.54,0.54,2592.19,6,83.04,95.96,EXCELLENT,0,0,180
FAC-001,FacilityOps Campus,AST-002,Chiller 1,Chiller,Building A,Block A2,2026-01-05 02:00:00,52.68,2.32,6.21,21.01,0.48,2592.67,6,83.08,95.85,EXCELLENT,0,0,111
FAC-001,FacilityOps Campus,AST-002,Chiller 1,Chiller,Building A,Block A2,2026-01-05 03:00:00,47.33,2.08,6.64,34.79,0.51,2593.17,6,83.12,94.63,EXCELLENT,0,0,147
FAC-001,FacilityOps Campus,AST-002,Chiller 1,Chiller,Building A,Block A2,2026-01-05 04:00:00,50.67,2.21,5.82,20.75,0.84,2594.01,6,83.17,94.87,EXCELLENT,0,0,98
FAC-001,FacilityOps Campus,AST-002,Chiller 1,Chiller,Building A,Block A2,2026-01-05 05:00:00,50.89,2.28,6.63,32.82,0.47,2594.48,6,83.21,94.67,EXCELLENT,0,0,156
FAC-001,FacilityOps Campus,AST-002,Chiller 1,Chiller,Building A,Block A2,2026-01-05 06:00:00,49.9,2.21,5.87,27.73,0.87,2595.35,6,83.25,95.06,EXCELLENT,0,0,91
FAC-001,FacilityOps Campus,AST-002,Chiller 1,Chiller,Building A,Block A2,2026-01-05 07:00:00,57.0,1.84,6.12,40.73,0.41,2595.76,6,83.29,96.06,EXCELLENT,0,0,136
FAC-001,FacilityOps Campus,AST-002,Chiller 1,Chiller,Building A,Block A2,2026-01-05 08:00:00,49.63,2.19,6.38,50.97,0.78,2596.54,6,83.33,95.69,EXCELLENT,0,0,143
FAC-001,FacilityOps Campus,AST-002,Chiller 1,Chiller,Building A,Block A2,2026-01-05 09:00:00,54.67,1.69,6.02,52.96,0.65,2597.19,6,83.38,95.69,EXCELLENT,0,0,165
FAC-001,FacilityOps Campus,AST-002,Chiller 1,Chiller,Building A,Block A2,2026-01-05 10:00:00,49.01,2.27,5.86,52.53,0.52,2597.71,6,83.42,95.05,EXCELLENT,0,0,153
FAC-001,FacilityOps Campus,AST-002,Chiller 1,Chiller,Building A,Block A2,2026-01-05 11:00:00,53.88,1.77,6.67,44.35,0.62,2598.33,6,83.46,94.51,EXCELLENT,0,0,156
FAC-001,FacilityOps Campus,AST-002,Chiller 1,Chiller,Building A,Block A2,2026-01-05 12:00:00,45.85,2.08,6.39,42.53,0.66,2598.99,6,83.5,95.62,EXCELLENT,0,0,90
FAC-001,FacilityOps Campus,AST-002,Chiller 1,Chiller,Building A,Block A2,2026-01-05 13:00:00,50.66,1.84,5.99,59.43,0.78,2599.77,6,83.54,95.56,EXCELLENT,0,0,103
FAC-001,FacilityOps Campus,AST-002,Chiller 1,Chiller,Building A,Block A2,2026-01-05 14:00:00,51.03,2.12,6.39,60.02,0.52,2600.29,6,83.58,95.66,EXCELLENT,0,0,127
FAC-001,FacilityOps Campus,AST-002,Chiller 1,Chiller,Building A,Block A2,2026-01-05 15:00:00,51.13,1.63,6.7,53.2,0.69,2600.98,6,83.62,94.39,EXCELLENT,0,0,146
FAC-001,FacilityOps Campus,AST-002,Chiller 1,Chiller,Building A,Block A2,2026-01-05 16:00:00,49.91,2.03,6.47,44.64,0.9,2601.88,6,83.67,95.31,EXCELLENT,0,0,122
FAC-001,FacilityOps Campus,AST-002,Chiller 1,Chiller,Building A,Block A2,2026-01-05 17:00:00,52.26,1.38,6.29,67.38,0.41,2602.29,6,83.71,95.61,EXCELLENT,0,0,92
FAC-001,FacilityOps Campus,AST-002,Chiller 1,Chiller,Building A,Block A2,2026-01-05 18:00:00,51.91,2.01,6.18,46.2,0.55,2602.84,6,83.75,96.34,EXCELLENT,0,0,158
FAC-001,FacilityOps Campus,AST-002,Chiller 1,Chiller,Building A,Block A2,2026-01-05 19:00:00,50.92,2.11,6.44,37.88,0.53,2603.36,6,83.79,95.44,EXCELLENT,0,0,158
FAC-001,FacilityOps Campus,AST-002,Chiller 1,Chiller,Building A,Block A2,2026-01-05 20:00:00,50.07,1.97,6.36,39.59,0.57,2603.93,6,83.83,95.74,EXCELLENT,0,0,115
FAC-001,FacilityOps Campus,AST-002,Chiller 1,Chiller,Building A,Block A2,2026-01-05 21:00:00,52.02,2.13,6.1,29.57,0.53,2604.46,6,83.88,96.01,EXCELLENT,0,0,179
FAC-001,FacilityOps Campus,AST-002,Chiller 1,Chiller,Building A,Block A2,2026-01-05 22:00:00,52.64,1.86,6.45,35.27,0.43,2604.9,6,83.92,95.38,EXCELLENT,0,0,98
FAC-001,FacilityOps Campus,AST-002,Chiller 1,Chiller,Building A,Block A2,2026-01-05 23:00:00,50.3,2.17,6.47,36.2,0.66,2605.55,6,83.96,95.34,EXCELLENT,0,0,110
FAC-001,FacilityOps Campus,AST-002,Chiller 1,Chiller,Building A,Block A2,2026-01-06 00:00:00,50.81,2.0,5.74,24.44,0.87,2606.43,6,84.0,94.55,EXCELLENT,0,0,131
FAC-001,FacilityOps Campus,AST-002,Chiller 1,Chiller,Building A,Block A2,2026-01-06 01:00:00,54.08,2.17,6.09,35.65,0.85,2607.28,6,84.04,95.94,EXCELLENT,0,0,106
FAC-001,FacilityOps Campus,AST-002,Chiller 1,Chiller,Building A,Block A2,2026-01-06 02:00:00,55.6,2.18,6.04,37.02,0.65,2607.92,6,84.08,95.77,EXCELLENT,0,0,97
FAC-001,FacilityOps Campus,AST-002,Chiller 1,Chiller,Building A,Block A2,2026-01-06 03:00:00,52.29,2.21,5.85,25.68,0.74,2608.67,6,84.12,95.01,EXCELLENT,0,0,126
FAC-001,FacilityOps Campus,AST-002,Chiller 1,Chiller,Building A,Block A2,2026-01-06 04:00:00,52.62,2.0,6.74,22.22,0.73,2609.39,6,84.17,94.23,EXCELLENT,0,0,99
FAC-001,FacilityOps Campus,AST-002,Chiller 1,Chiller,Building A,Block A2,2026-01-06 05:00:00,51.05,1.65,6.07,26.28,0.78,2610.17,6,84.21,95.86,EXCELLENT,0,0,108
FAC-001,FacilityOps Campus,AST-002,Chiller 1,Chiller,Building A,Block A2,2026-01-06 06:00:00,53.9,2.5,6.32,33.84,0.71,2610.88,6,84.25,91.48,EXCELLENT,0,0,95
FAC-001,FacilityOps Campus,AST-002,Chiller 1,Chiller,Building A,Block A2,2026-01-06 07:00:00,50.58,1.88,6.55,42.12,0.58,2611.47,6,84.29,94.99,EXCELLENT,0,0,139
FAC-001,FacilityOps Campus,AST-002,Chiller 1,Chiller,Building A,Block A2,2026-01-06 08:00:00,49.81,1.93,6.39,51.71,0.77,2612.24,6,84.33,95.63,EXCELLENT,0,0,96
FAC-001,FacilityOps Campus,AST-002,Chiller 1,Chiller,Building A,Block A2,2026-01-06 09:00:00,53.4,2.16,6.1,55.39,0.42,2612.66,6,84.38,96.0,EXCELLENT,0,0,165
FAC-001,FacilityOps Campus,AST-002,Chiller 1,Chiller,Building A,Block A2,2026-01-06 10:00:00,55.08,1.99,6.33,59.31,0.49,2613.16,6,84.42,95.86,EXCELLENT,0,0,175
FAC-001,FacilityOps Campus,AST-002,Chiller 1,Chiller,Building A,Block A2,2026-01-06 11:00:00,54.74,1.96,6.49,57.58,0.69,2613.85,6,84.46,95.24,EXCELLENT,0,0,135
FAC-001,FacilityOps Campus,AST-002,Chiller 1,Chiller,Building A,Block A2,2026-01-06 12:00:00,69.15,2.82,4.73,80.09,0.43,2614.28,6,84.5,47.85,CRITICAL,1,1,4
FAC-001,FacilityOps Campus,AST-002,Chiller 1,Chiller,Building A,Block A2,2026-01-06 13:00:00,79.27,3.78,6.7,80.52,0.87,2615.15,6,84.54,10.43,CRITICAL,1,1,6
FAC-001,FacilityOps Campus,AST-002,Chiller 1,Chiller,Building A,Block A2,2026-01-06 14:00:00,51.81,1.91,6.23,57.69,0.7,2615.85,6,84.58,96.27,EXCELLENT,0,0,178
FAC-001,FacilityOps Campus,AST-002,Chiller 1,Chiller,Building A,Block A2,2026-01-06 15:00:00,53.42,2.19,6.35,49.21,0.5,2616.36,6,84.62,95.78,EXCELLENT,0,0,161
FAC-001,FacilityOps Campus,AST-002,Chiller 1,Chiller,Building A,Block A2,2026-01-06 16:00:00,50.83,2.66,6.38,54.39,0.77,2617.13,6,84.67,87.57,EXCELLENT,0,0,119
FAC-001,FacilityOps Campus,AST-002,Chiller 1,Chiller,Building A,Block A2,2026-01-06 17:00:00,53.81,1.79,6.53,62.11,0.44,2617.57,6,84.71,95.08,EXCELLENT,0,0,108
FAC-001,FacilityOps Campus,AST-002,Chiller 1,Chiller,Building A,Block A2,2026-01-06 18:00:00,50.76,1.75,6.27,65.6,0.94,2618.51,6,84.75,96.13,EXCELLENT,0,0,166
FAC-001,FacilityOps Campus,AST-002,Chiller 1,Chiller,Building A,Block A2,2026-01-06 19:00:00,51.67,2.18,6.58,38.99,0.42,2618.93,6,84.79,94.86,EXCELLENT,0,0,93
FAC-001,FacilityOps Campus,AST-002,Chiller 1,Chiller,Building A,Block A2,2026-01-06 20:00:00,51.64,1.83,5.64,32.14,0.43,2619.36,6,84.83,94.15,EXCELLENT,0,0,159
FAC-001,FacilityOps Campus,AST-002,Chiller 1,Chiller,Building A,Block A2,2026-01-06 21:00:00,47.93,2.07,6.19,41.62,0.4,2619.76,6,84.88,96.35,EXCELLENT,0,0,155
FAC-001,FacilityOps Campus,AST-002,Chiller 1,Chiller,Building A,Block A2,2026-01-06 22:00:00,52.23,1.96,5.94,23.39,0.72,2620.48,6,84.92,95.35,EXCELLENT,0,0,161
FAC-001,FacilityOps Campus,AST-002,Chiller 1,Chiller,Building A,Block A2,2026-01-06 23:00:00,53.85,2.21,6.09,30.59,0.84,2621.32,6,84.96,95.98,EXCELLENT,0,0,113
FAC-001,FacilityOps Campus,AST-002,Chiller 1,Chiller,Building A,Block A2,2026-01-07 00:00:00,58.89,2.13,5.98,31.36,0.76,2622.08,6,85.0,92.28,EXCELLENT,0,0,150
FAC-001,FacilityOps Campus,AST-002,Chiller 1,Chiller,Building A,Block A2,2026-01-07 01:00:00,47.32,1.76,6.34,23.79,0.66,2622.73,6,85.04,95.86,EXCELLENT,0,0,150
FAC-001,FacilityOps Campus,AST-002,Chiller 1,Chiller,Building A,Block A2,2026-01-07 02:00:00,52.96,2.03,6.34,32.87,0.45,2623.18,6,85.08,95.84,EXCELLENT,0,0,132
FAC-001,FacilityOps Campus,AST-002,Chiller 1,Chiller,Building A,Block A2,2026-01-07 03:00:00,52.09,2.29,6.65,31.94,0.46,2623.64,6,85.12,94.6,EXCELLENT,0,0,151
FAC-001,FacilityOps Campus,AST-002,Chiller 1,Chiller,Building A,Block A2,2026-01-07 04:00:00,48.36,1.89,6.43,32.29,0.85,2624.49,6,85.17,95.47,EXCELLENT,0,0,99
FAC-001,FacilityOps Campus,AST-002,Chiller 1,Chiller,Building A,Block A2,2026-01-07 05:00:00,55.36,1.47,6.16,34.17,0.53,2625.02,6,85.21,96.22,EXCELLENT,0,0,92
FAC-001,FacilityOps Campus,AST-002,Chiller 1,Chiller,Building A,Block A2,2026-01-07 06:00:00,57.52,1.89,6.09,40.76,0.51,2625.53,6,85.25,95.34,EXCELLENT,0,0,113
FAC-001,FacilityOps Campus,AST-002,Chiller 1,Chiller,Building A,Block A2,2026-01-07 07:00:00,54.12,1.7,6.54,29.66,0.91,2626.44,6,85.29,95.03,EXCELLENT,0,0,149
FAC-001,FacilityOps Campus,AST-002,Chiller 1,Chiller,Building A,Block A2,2026-01-07 08:00:00,47.87,1.46,6.01,59.51,0.79,2627.23,6,85.33,95.64,EXCELLENT,0,0,152
FAC-001,FacilityOps Campus,AST-002,Chiller 1,Chiller,Building A,Block A2,2026-01-07 09:00:00,55.12,1.67,5.67,49.43,0.91,2628.15,6,85.38,94.27,EXCELLENT,0,0,150
FAC-001,FacilityOps Campus,AST-002,Chiller 1,Chiller,Building A,Block A2,2026-01-07 10:00:00,56.28,1.63,5.7,53.05,0.42,2628.57,6,85.42,94.39,EXCELLENT,0,0,136
FAC-001,FacilityOps Campus,AST-002,Chiller 1,Chiller,Building A,Block A2,2026-01-07 11:00:00,51.41,2.4,6.46,56.11,0.74,2629.31,6,85.46,93.15,EXCELLENT,0,0,124
FAC-001,FacilityOps Campus,AST-002,Chiller 1,Chiller,Building A,Block A2,2026-01-07 12:00:00,51.24,2.22,6.34,47.87,0.42,2629.73,6,85.5,95.83,EXCELLENT,0,0,130
FAC-001,FacilityOps Campus,AST-002,Chiller 1,Chiller,Building A,Block A2,2026-01-07 13:00:00,51.1,2.25,6.4,49.52,0.65,2630.38,6,85.54,95.6,EXCELLENT,0,0,166
FAC-001,FacilityOps Campus,AST-002,Chiller 1,Chiller,Building A,Block A2,2026-01-07 14:00:00,47.27,1.94,6.49,50.39,0.62,2631.01,6,85.58,95.25,EXCELLENT,0,0,107
FAC-001,FacilityOps Campus,AST-002,Chiller 1,Chiller,Building A,Block A2,2026-01-07 15:00:00,55.6,2.2,5.72,66.02,0.6,2631.6,6,85.62,94.48,EXCELLENT,0,0,168
FAC-001,FacilityOps Campus,AST-002,Chiller 1,Chiller,Building A,Block A2,2026-01-07 16:00:00,54.02,1.71,6.67,53.14,0.43,2632.04,6,85.67,94.5,EXCELLENT,0,0,106
FAC-001,FacilityOps Campus,AST-002,Chiller 1,Chiller,Building A,Block A2,2026-01-07 17:00:00,52.32,1.94,7.06,51.38,0.97,2633.0,6,85.71,92.98,EXCELLENT,0,0,151
FAC-001,FacilityOps Campus,AST-002,Chiller 1,Chiller,Building A,Block A2,2026-01-07 18:00:00,55.62,2.36,6.21,44.94,0.91,2633.91,6,85.75,95.13,EXCELLENT,0,0,98
FAC-001,FacilityOps Campus,AST-002,Chiller 1,Chiller,Building A,Block A2,2026-01-07 19:00:00,44.79,1.57,5.72,32.18,0.86,2634.77,6,85.79,94.49,EXCELLENT,0,0,154
FAC-001,FacilityOps Campus,AST-002,Chiller 1,Chiller,Building A,Block A2,2026-01-07 20:00:00,50.31,2.07,6.09,39.8,0.93,2635.7,6,85.83,95.96,EXCELLENT,0,0,156
FAC-001,FacilityOps Campus,AST-002,Chiller 1,Chiller,Building A,Block A2,2026-01-07 21:00:00,45.78,2.24,6.68,28.03,0.68,2636.38,6,85.88,94.49,EXCELLENT,0,0,160
FAC-001,FacilityOps Campus,AST-002,Chiller 1,Chiller,Building A,Block A2,2026-01-07 22:00:00,55.8,1.85,6.35,36.63,0.76,2637.14,6,85.92,95.8,EXCELLENT,0,0,95
FAC-001,FacilityOps Campus,AST-002,Chiller 1,Chiller,Building A,Block A2,2026-01-07 23:00:00,53.61,1.92,5.96,29.63,0.79,2637.93,6,85.96,95.43,EXCELLENT,0,0,106
FAC-001,FacilityOps Campus,AST-002,Chiller 1,Chiller,Building A,Block A2,2026-01-08 00:00:00,50.5,2.09,5.9,28.97,0.57,2638.49,6,86.0,95.21,EXCELLENT,0,0,96
FAC-001,FacilityOps Campus,AST-002,Chiller 1,Chiller,Building A,Block A2,2026-01-08 01:00:00,52.35,2.25,6.41,24.68,0.75,2639.25,6,86.04,95.58,EXCELLENT,0,0,128
FAC-001,FacilityOps Campus,AST-002,Chiller 1,Chiller,Building A,Block A2,2026-01-08 02:00:00,50.06,1.9,6.23,32.98,0.99,2640.24,6,86.08,96.3,EXCELLENT,0,0,119
FAC-001,FacilityOps Campus,AST-002,Chiller 1,Chiller,Building A,Block A2,2026-01-08 03:00:00,51.54,1.73,5.67,22.3,0.85,2641.09,6,86.12,94.28,EXCELLENT,0,0,121
FAC-001,FacilityOps Campus,AST-002,Chiller 1,Chiller,Building A,Block A2,2026-01-08 04:00:00,55.06,2.17,6.4,34.18,0.9,2641.99,6,86.17,95.6,EXCELLENT,0,0,175
FAC-001,FacilityOps Campus,AST-002,Chiller 1,Chiller,Building A,Block A2,2026-01-08 05:00:00,51.43,2.29,6.82,39.23,0.56,2642.55,6,86.21,93.92,EXCELLENT,0,0,173
FAC-001,FacilityOps Campus,AST-002,Chiller 1,Chiller,Building A,Block A2,2026-01-08 06:00:00,53.01,1.74,5.81,32.97,0.89,2643.44,6,86.25,94.83,EXCELLENT,0,0,120
FAC-001,FacilityOps Campus,AST-002,Chiller 1,Chiller,Building A,Block A2,2026-01-08 07:00:00,51.65,1.95,6.56,16.79,0.81,2644.25,6,86.29,94.95,EXCELLENT,0,0,155
FAC-001,FacilityOps Campus,AST-002,Chiller 1,Chiller,Building A,Block A2,2026-01-08 08:00:00,53.52,2.23,5.91,57.51,0.6,2644.85,6,86.33,95.25,EXCELLENT,0,0,141
FAC-001,FacilityOps Campus,AST-002,Chiller 1,Chiller,Building A,Block A2,2026-01-08 09:00:00,50.06,2.15,6.36,59.15,0.63,2645.47,6,86.38,95.77,EXCELLENT,0,0,178
FAC-001,FacilityOps Campus,AST-002,Chiller 1,Chiller,Building A,Block A2,2026-01-08 10:00:00,50.5,1.93,6.05,58.23,0.98,2646.46,6,86.42,95.81,EXCELLENT,0,0,153
FAC-001,FacilityOps Campus,AST-002,Chiller 1,Chiller,Building A,Block A2,2026-01-08 11:00:00,54.32,2.19,6.39,61.87,0.83,2647.29,6,86.46,95.66,EXCELLENT,0,0,172
FAC-001,FacilityOps Campus,AST-002,Chiller 1,Chiller,Building A,Block A2,2026-01-08 12:00:00,47.63,2.01,6.22,45.56,0.6,2647.89,6,86.5,96.31,EXCELLENT,0,0,178
FAC-001,FacilityOps Campus,AST-002,Chiller 1,Chiller,Building A,Block A2,2026-01-08 13:00:00,55.18,1.5,5.82,48.37,0.54,2648.43,6,86.54,94.86,EXCELLENT,0,0,122
FAC-001,FacilityOps Campus,AST-002,Chiller 1,Chiller,Building A,Block A2,2026-01-08 14:00:00,53.41,2.23,6.35,60.55,0.75,2649.18,6,86.58,95.79,EXCELLENT,0,0,146
FAC-001,FacilityOps Campus,AST-002,Chiller 1,Chiller,Building A,Block A2,2026-01-08 15:00:00,48.44,1.91,6.06,50.96,0.8,2649.98,6,86.62,95.85,EXCELLENT,0,0,159
FAC-001,FacilityOps Campus,AST-002,Chiller 1,Chiller,Building A,Block A2,2026-01-08 16:00:00,50.31,2.52,5.78,44.66,0.94,2650.92,6,86.67,89.68,EXCELLENT,0,0,149
FAC-001,FacilityOps Campus,AST-002,Chiller 1,Chiller,Building A,Block A2,2026-01-08 17:00:00,53.08,2.31,6.3,48.04,0.7,2651.62,6,86.71,95.67,EXCELLENT,0,0,139
FAC-001,FacilityOps Campus,AST-002,Chiller 1,Chiller,Building A,Block A2,2026-01-08 18:00:00,53.1,1.76,6.72,57.03,0.55,2652.16,6,86.75,94.33,EXCELLENT,0,0,114
FAC-001,FacilityOps Campus,AST-002,Chiller 1,Chiller,Building A,Block A2,2026-01-08 19:00:00,49.69,1.81,6.11,38.89,0.42,2652.58,6,86.79,96.03,EXCELLENT,0,0,165
FAC-001,FacilityOps Campus,AST-002,Chiller 1,Chiller,Building A,Block A2,2026-01-08 20:00:00,50.75,1.98,6.29,31.13,0.64,2653.22,6,86.83,96.03,EXCELLENT,0,0,111
FAC-001,FacilityOps Campus,AST-002,Chiller 1,Chiller,Building A,Block A2,2026-01-08 21:00:00,52.45,1.94,6.5,26.93,0.73,2653.95,6,86.88,95.2,EXCELLENT,0,0,159
FAC-001,FacilityOps Campus,AST-002,Chiller 1,Chiller,Building A,Block A2,2026-01-08 22:00:00,51.76,1.94,6.36,27.26,0.89,2654.85,6,86.92,95.74,EXCELLENT,0,0,137
FAC-001,FacilityOps Campus,AST-002,Chiller 1,Chiller,Building A,Block A2,2026-01-08 23:00:00,47.88,2.0,6.76,25.0,0.69,2655.53,6,86.96,94.14,EXCELLENT,0,0,130
FAC-001,FacilityOps Campus,AST-002,Chiller 1,Chiller,Building A,Block A2,2026-01-09 00:00:00,56.53,1.97,6.23,35.42,0.54,2656.08,6,87.0,96.29,EXCELLENT,0,0,146
FAC-001,FacilityOps Campus,AST-002,Chiller 1,Chiller,Building A,Block A2,2026-01-09 01:00:00,53.41,2.2,5.93,23.48,0.54,2656.62,6,87.04,95.32,EXCELLENT,0,0,99
FAC-001,FacilityOps Campus,AST-002,Chiller 1,Chiller,Building A,Block A2,2026-01-09 02:00:00,50.85,2.1,5.97,19.62,0.61,2657.23,6,87.08,95.48,EXCELLENT,0,0,166
FAC-001,FacilityOps Campus,AST-002,Chiller 1,Chiller,Building A,Block A2,2026-01-09 03:00:00,50.91,1.83,6.24,24.85,0.96,2658.2,6,87.12,96.25,EXCELLENT,0,0,179
FAC-001,FacilityOps Campus,AST-002,Chiller 1,Chiller,Building A,Block A2,2026-01-09 04:00:00,48.83,1.79,6.06,27.33,0.41,2658.61,6,87.17,95.82,EXCELLENT,0,0,106
FAC-001,FacilityOps Campus,AST-002,Chiller 1,Chiller,Building A,Block A2,2026-01-09 05:00:00,50.34,2.08,6.0,26.01,0.61,2659.21,6,87.21,95.6,EXCELLENT,0,0,114
FAC-001,FacilityOps Campus,AST-002,Chiller 1,Chiller,Building A,Block A2,2026-01-09 06:00:00,50.33,2.06,5.9,22.61,0.67,2659.88,6,87.25,95.2,EXCELLENT,0,0,121
FAC-001,FacilityOps Campus,AST-002,Chiller 1,Chiller,Building A,Block A2,2026-01-09 07:00:00,52.3,2.3,5.82,24.24,0.81,2660.69,6,87.29,94.88,EXCELLENT,0,0,126
FAC-001,FacilityOps Campus,AST-002,Chiller 1,Chiller,Building A,Block A2,2026-01-09 08:00:00,56.26,2.27,6.12,59.91,0.45,2661.14,6,87.33,96.09,EXCELLENT,0,0,147
FAC-001,FacilityOps Campus,AST-002,Chiller 1,Chiller,Building A,Block A2,2026-01-09 09:00:00,53.23,1.99,6.17,67.53,0.69,2661.83,6,87.38,95.79,EXCELLENT,0,0,143
FAC-001,FacilityOps Campus,AST-002,Chiller 1,Chiller,Building A,Block A2,2026-01-09 10:00:00,72.62,2.34,7.01,72.1,0.5,2662.33,6,87.42,59.4,WARNING,1,1,13
FAC-001,FacilityOps Campus,AST-002,Chiller 1,Chiller,Building A,Block A2,2026-01-09 11:00:00,54.24,1.56,6.14,65.3,0.41,2662.74,6,87.46,96.16,EXCELLENT,0,0,174
FAC-001,FacilityOps Campus,AST-002,Chiller 1,Chiller,Building A,Block A2,2026-01-09 12:00:00,50.88,2.05,6.37,60.88,0.9,2663.65,6,87.5,95.71,EXCELLENT,0,0,129
FAC-001,FacilityOps Campus,AST-002,Chiller 1,Chiller,Building A,Block A2,2026-01-09 13:00:00,56.8,1.28,6.05,56.48,0.75,2664.4,6,87.54,95.8,EXCELLENT,0,0,108
FAC-001,FacilityOps Campus,AST-002,Chiller 1,Chiller,Building A,Block A2,2026-01-09 14:00:00,53.25,2.31,6.15,61.16,0.45,2664.84,6,87.58,95.85,EXCELLENT,0,0,152
FAC-001,FacilityOps Campus,AST-002,Chiller 1,Chiller,Building A,Block A2,2026-01-09 15:00:00,52.99,1.81,6.12,48.67,0.44,2665.28,6,87.62,96.06,EXCELLENT,0,0,169
FAC-001,FacilityOps Campus,AST-002,Chiller 1,Chiller,Building A,Block A2,2026-01-09 16:00:00,54.23,2.03,5.89,57.11,0.74,2666.02,6,87.67,95.17,EXCELLENT,0,0,93
FAC-001,FacilityOps Campus,AST-002,Chiller 1,Chiller,Building A,Block A2,2026-01-09 17:00:00,44.53,1.73,6.37,64.4,0.73,2666.76,6,87.71,95.7,EXCELLENT,0,0,179
FAC-001,FacilityOps Campus,AST-002,Chiller 1,Chiller,Building A,Block A2,2026-01-09 18:00:00,53.82,2.15,6.19,61.37,0.79,2667.54,6,87.75,96.36,EXCELLENT,0,0,132
FAC-001,FacilityOps Campus,AST-002,Chiller 1,Chiller,Building A,Block A2,2026-01-09 19:00:00,56.01,1.98,6.06,40.76,0.94,2668.48,6,87.79,95.84,EXCELLENT,0,0,148
FAC-001,FacilityOps Campus,AST-002,Chiller 1,Chiller,Building A,Block A2,2026-01-09 20:00:00,51.28,2.06,6.12,18.15,0.71,2669.19,6,87.83,96.08,EXCELLENT,0,0,127
FAC-001,FacilityOps Campus,AST-002,Chiller 1,Chiller,Building A,Block A2,2026-01-09 21:00:00,51.61,2.28,6.19,37.41,0.81,2670.0,6,87.88,96.35,EXCELLENT,0,0,171
FAC-001,FacilityOps Campus,AST-002,Chiller 1,Chiller,Building A,Block A2,2026-01-09 22:00:00,49.15,1.9,6.32,27.03,0.65,2670.66,6,87.92,95.92,EXCELLENT,0,0,134
FAC-001,FacilityOps Campus,AST-002,Chiller 1,Chiller,Building A,Block A2,2026-01-09 23:00:00,56.72,2.17,5.88,35.79,0.68,2671.34,6,87.96,95.14,EXCELLENT,0,0,95
FAC-001,FacilityOps Campus,AST-002,Chiller 1,Chiller,Building A,Block A2,2026-01-10 00:00:00,50.2,2.14,6.24,37.58,0.61,2671.95,6,88.0,96.25,EXCELLENT,0,0,137
FAC-001,FacilityOps Campus,AST-002,Chiller 1,Chiller,Building A,Block A2,2026-01-10 01:00:00,53.92,2.0,6.53,47.96,0.67,2672.63,6,88.04,95.09,EXCELLENT,0,0,96
FAC-001,FacilityOps Campus,AST-002,Chiller 1,Chiller,Building A,Block A2,2026-01-10 02:00:00,46.69,2.08,6.1,31.39,0.5,2673.13,6,88.08,96.0,EXCELLENT,0,0,158
FAC-001,FacilityOps Campus,AST-002,Chiller 1,Chiller,Building A,Block A2,2026-01-10 03:00:00,53.87,2.06,6.62,28.52,0.56,2673.69,6,88.12,94.72,EXCELLENT,0,0,166
FAC-001,FacilityOps Campus,AST-002,Chiller 1,Chiller,Building A,Block A2,2026-01-10 04:00:00,51.31,1.92,6.0,27.04,0.92,2674.6,6,88.17,95.59,EXCELLENT,0,0,167
FAC-001,FacilityOps Campus,AST-002,Chiller 1,Chiller,Building A,Block A2,2026-01-10 05:00:00,55.06,1.78,6.04,24.93,0.85,2675.45,6,88.21,95.76,EXCELLENT,0,0,114
FAC-001,FacilityOps Campus,AST-002,Chiller 1,Chiller,Building A,Block A2,2026-01-10 06:00:00,48.14,2.14,5.96,22.3,0.94,2676.39,6,88.25,95.43,EXCELLENT,0,0,144
FAC-001,FacilityOps Campus,AST-002,Chiller 1,Chiller,Building A,Block A2,2026-01-10 07:00:00,52.55,2.1,6.33,37.56,0.52,2676.91,6,88.29,95.86,EXCELLENT,0,0,134
FAC-001,FacilityOps Campus,AST-002,Chiller 1,Chiller,Building A,Block A2,2026-01-10 08:00:00,66.83,2.57,6.85,60.75,0.58,2677.49,6,88.33,69.17,WARNING,1,0,28
FAC-001,FacilityOps Campus,AST-002,Chiller 1,Chiller,Building A,Block A2,2026-01-10 09:00:00,53.76,2.09,6.24,59.95,0.45,2677.95,6,88.38,96.25,EXCELLENT,0,0,167
FAC-001,FacilityOps Campus,AST-002,Chiller 1,Chiller,Building A,Block A2,2026-01-10 10:00:00,84.7,3.21,4.57,84.97,0.48,2678.43,6,88.42,5.53,CRITICAL,1,1,5
FAC-001,FacilityOps Campus,AST-002,Chiller 1,Chiller,Building A,Block A2,2026-01-10 11:00:00,53.94,2.04,5.94,44.57,0.79,2679.22,6,88.46,95.35,EXCELLENT,0,0,131
FAC-001,FacilityOps Campus,AST-002,Chiller 1,Chiller,Building A,Block A2,2026-01-10 12:00:00,51.32,1.72,5.68,44.06,0.61,2679.83,6,88.5,94.33,EXCELLENT,0,0,165
FAC-001,FacilityOps Campus,AST-002,Chiller 1,Chiller,Building A,Block A2,2026-01-10 13:00:00,51.38,1.71,6.08,52.23,0.67,2680.5,6,88.54,95.9,EXCELLENT,0,0,120
FAC-001,FacilityOps Campus,AST-002,Chiller 1,Chiller,Building A,Block A2,2026-01-10 14:00:00,48.39,1.58,5.86,57.0,0.51,2681.01,6,88.58,95.04,EXCELLENT,0,0,142
FAC-001,FacilityOps Campus,AST-002,Chiller 1,Chiller,Building A,Block A2,2026-01-10 15:00:00,52.56,2.25,6.51,55.12,0.8,2681.8,6,88.62,95.16,EXCELLENT,0,0,127
FAC-001,FacilityOps Campus,AST-002,Chiller 1,Chiller,Building A,Block A2,2026-01-10 16:00:00,53.09,2.1,6.17,61.36,0.44,2682.24,6,88.67,96.26,EXCELLENT,0,0,131
FAC-001,FacilityOps Campus,AST-002,Chiller 1,Chiller,Building A,Block A2,2026-01-10 17:00:00,52.37,1.83,6.38,59.07,0.5,2682.74,6,88.71,95.66,EXCELLENT,0,0,142
FAC-001,FacilityOps Campus,AST-002,Chiller 1,Chiller,Building A,Block A2,2026-01-10 18:00:00,50.33,2.24,6.19,54.5,0.59,2683.33,6,88.75,96.37,EXCELLENT,0,0,169
FAC-001,FacilityOps Campus,AST-002,Chiller 1,Chiller,Building A,Block A2,2026-01-10 19:00:00,50.82,1.87,5.94,25.16,0.8,2684.13,6,88.79,95.34,EXCELLENT,0,0,117
FAC-001,FacilityOps Campus,AST-002,Chiller 1,Chiller,Building A,Block A2,2026-01-10 20:00:00,53.03,2.07,6.14,20.54,0.68,2684.81,6,88.83,96.16,EXCELLENT,0,0,158
FAC-001,FacilityOps Campus,AST-002,Chiller 1,Chiller,Building A,Block A2,2026-01-10 21:00:00,60.09,2.97,6.39,45.21,0.79,2685.6,6,88.88,75.06,GOOD,1,0,70
FAC-001,FacilityOps Campus,AST-002,Chiller 1,Chiller,Building A,Block A2,2026-01-10 22:00:00,51.74,1.96,5.84,43.62,0.55,2686.15,6,88.92,94.97,EXCELLENT,0,0,109
FAC-001,FacilityOps Campus,AST-002,Chiller 1,Chiller,Building A,Block A2,2026-01-10 23:00:00,49.94,1.8,5.66,30.87,0.64,2686.79,6,88.96,94.23,EXCELLENT,0,0,115
FAC-001,FacilityOps Campus,AST-002,Chiller 1,Chiller,Building A,Block A2,2026-01-11 00:00:00,52.39,2.3,6.2,22.48,0.57,2687.36,6,89.0,96.38,EXCELLENT,0,0,161
FAC-001,FacilityOps Campus,AST-002,Chiller 1,Chiller,Building A,Block A2,2026-01-11 01:00:00,51.34,1.73,6.41,33.93,0.57,2687.93,6,89.04,95.58,EXCELLENT,0,0,156
FAC-001,FacilityOps Campus,AST-002,Chiller 1,Chiller,Building A,Block A2,2026-01-11 02:00:00,50.87,2.25,6.2,35.03,0.65,2688.58,6,89.08,96.38,EXCELLENT,0,0,162
FAC-001,FacilityOps Campus,AST-002,Chiller 1,Chiller,Building A,Block A2,2026-01-11 03:00:00,48.23,1.48,5.67,32.09,0.53,2689.11,6,89.12,94.29,EXCELLENT,0,0,147
FAC-001,FacilityOps Campus,AST-002,Chiller 1,Chiller,Building A,Block A2,2026-01-11 04:00:00,50.79,1.54,6.56,30.81,0.52,2689.63,6,89.17,94.97,EXCELLENT,0,0,155
FAC-001,FacilityOps Campus,AST-002,Chiller 1,Chiller,Building A,Block A2,2026-01-11 05:00:00,46.18,1.88,6.17,39.47,0.74,2690.37,6,89.21,96.29,EXCELLENT,0,0,104
FAC-001,FacilityOps Campus,AST-002,Chiller 1,Chiller,Building A,Block A2,2026-01-11 06:00:00,51.72,2.02,5.74,31.79,0.5,2690.87,6,89.25,94.57,EXCELLENT,0,0,108
FAC-001,FacilityOps Campus,AST-002,Chiller 1,Chiller,Building A,Block A2,2026-01-11 07:00:00,52.13,1.71,6.23,36.05,0.6,2691.47,6,89.29,96.27,EXCELLENT,0,0,93
FAC-001,FacilityOps Campus,AST-002,Chiller 1,Chiller,Building A,Block A2,2026-01-11 08:00:00,56.52,3.13,5.74,61.86,0.87,2692.34,6,89.33,75.93,GOOD,1,0,52
FAC-001,FacilityOps Campus,AST-002,Chiller 1,Chiller,Building A,Block A2,2026-01-11 09:00:00,53.85,2.03,6.05,56.38,0.54,2692.89,6,89.38,95.78,EXCELLENT,0,0,126
FAC-001,FacilityOps Campus,AST-002,Chiller 1,Chiller,Building A,Block A2,2026-01-11 10:00:00,53.0,2.21,6.38,57.66,0.7,2693.59,6,89.42,95.7,EXCELLENT,0,0,137
FAC-001,FacilityOps Campus,AST-002,Chiller 1,Chiller,Building A,Block A2,2026-01-11 11:00:00,56.83,2.06,6.2,55.75,0.59,2694.18,6,89.46,96.39,EXCELLENT,0,0,120
FAC-001,FacilityOps Campus,AST-002,Chiller 1,Chiller,Building A,Block A2,2026-01-11 12:00:00,55.77,2.28,6.39,54.27,0.65,2694.83,6,89.5,95.65,EXCELLENT,0,0,163
FAC-001,FacilityOps Campus,AST-002,Chiller 1,Chiller,Building A,Block A2,2026-01-11 13:00:00,46.51,1.78,6.19,49.35,0.45,2695.28,6,89.54,96.34,EXCELLENT,0,0,174
FAC-001,FacilityOps Campus,AST-002,Chiller 1,Chiller,Building A,Block A2,2026-01-11 14:00:00,50.75,1.81,6.43,46.27,0.42,2695.7,6,89.58,95.47,EXCELLENT,0,0,125
FAC-001,FacilityOps Campus,AST-002,Chiller 1,Chiller,Building A,Block A2,2026-01-11 15:00:00,48.89,2.11,5.99,43.73,0.97,2696.67,6,89.62,95.55,EXCELLENT,0,0,125
FAC-001,FacilityOps Campus,AST-002,Chiller 1,Chiller,Building A,Block A2,2026-01-11 16:00:00,50.66,2.39,6.04,52.46,0.88,2697.56,6,89.67,93.74,EXCELLENT,0,0,115
FAC-001,FacilityOps Campus,AST-002,Chiller 1,Chiller,Building A,Block A2,2026-01-11 17:00:00,52.67,1.58,6.03,55.44,0.72,2698.28,6,89.71,95.74,EXCELLENT,0,0,105
FAC-001,FacilityOps Campus,AST-002,Chiller 1,Chiller,Building A,Block A2,2026-01-11 18:00:00,53.83,1.82,5.93,61.85,0.91,2699.19,6,89.75,95.32,EXCELLENT,0,0,118
FAC-001,FacilityOps Campus,AST-002,Chiller 1,Chiller,Building A,Block A2,2026-01-11 19:00:00,50.76,1.16,6.08,32.6,0.8,2700.0,6,89.79,95.91,EXCELLENT,0,0,106
FAC-001,FacilityOps Campus,AST-002,Chiller 1,Chiller,Building A,Block A2,2026-01-11 20:00:00,48.34,2.32,5.09,30.9,0.49,2700.49,6,89.83,91.41,EXCELLENT,0,0,133
FAC-001,FacilityOps Campus,AST-002,Chiller 1,Chiller,Building A,Block A2,2026-01-11 21:00:00,52.62,2.0,6.46,27.22,0.65,2701.14,6,89.88,95.35,EXCELLENT,0,0,129
FAC-001,FacilityOps Campus,AST-002,Chiller 1,Chiller,Building A,Block A2,2026-01-11 22:00:00,54.58,2.41,5.75,26.48,0.45,2701.59,6,89.92,92.19,EXCELLENT,0,0,96
FAC-001,FacilityOps Campus,AST-002,Chiller 1,Chiller,Building A,Block A2,2026-01-11 23:00:00,50.4,1.94,6.5,27.38,0.6,2702.19,6,89.96,95.19,EXCELLENT,0,0,142
FAC-001,FacilityOps Campus,AST-002,Chiller 1,Chiller,Building A,Block A2,2026-01-12 00:00:00,55.99,1.84,6.41,27.33,0.43,2702.61,6,90.0,95.57,EXCELLENT,0,0,119
FAC-001,FacilityOps Campus,AST-002,Chiller 1,Chiller,Building A,Block A2,2026-01-12 01:00:00,48.64,1.75,6.14,36.28,0.45,2703.06,6,90.04,96.17,EXCELLENT,0,0,94
FAC-001,FacilityOps Campus,AST-002,Chiller 1,Chiller,Building A,Block A2,2026-01-12 02:00:00,50.11,2.49,6.06,39.14,0.81,2703.88,6,90.08,91.64,EXCELLENT,0,0,135
FAC-001,FacilityOps Campus,AST-002,Chiller 1,Chiller,Building A,Block A2,2026-01-12 03:00:00,56.61,1.66,6.17,37.18,0.54,2704.42,6,90.12,96.27,EXCELLENT,0,0,135
FAC-001,FacilityOps Campus,AST-002,Chiller 1,Chiller,Building A,Block A2,2026-01-12 04:00:00,55.9,1.51,5.81,37.35,0.95,2705.37,6,90.17,94.82,EXCELLENT,0,0,136
FAC-001,FacilityOps Campus,AST-002,Chiller 1,Chiller,Building A,Block A2,2026-01-12 05:00:00,52.3,2.21,6.32,20.65,0.95,2706.32,6,90.21,95.92,EXCELLENT,0,0,167
FAC-001,FacilityOps Campus,AST-002,Chiller 1,Chiller,Building A,Block A2,2026-01-12 06:00:00,50.75,1.98,6.5,30.17,0.81,2707.13,6,90.25,95.21,EXCELLENT,0,0,178
FAC-001,FacilityOps Campus,AST-002,Chiller 1,Chiller,Building A,Block A2,2026-01-12 07:00:00,51.29,1.88,6.12,26.6,0.48,2707.62,6,90.29,96.06,EXCELLENT,0,0,167
FAC-001,FacilityOps Campus,AST-002,Chiller 1,Chiller,Building A,Block A2,2026-01-12 08:00:00,46.97,2.08,6.06,59.3,0.41,2708.03,6,90.33,95.86,EXCELLENT,0,0,137
FAC-001,FacilityOps Campus,AST-002,Chiller 1,Chiller,Building A,Block A2,2026-01-12 09:00:00,55.37,2.36,6.29,56.34,0.84,2708.87,6,90.38,94.68,EXCELLENT,0,0,103
FAC-001,FacilityOps Campus,AST-002,Chiller 1,Chiller,Building A,Block A2,2026-01-12 10:00:00,55.73,2.16,6.33,63.29,0.7,2709.57,6,90.42,95.86,EXCELLENT,0,0,176
FAC-001,FacilityOps Campus,AST-002,Chiller 1,Chiller,Building A,Block A2,2026-01-12 11:00:00,50.98,2.25,6.14,52.3,0.84,2710.41,6,90.46,96.18,EXCELLENT,0,0,127
FAC-001,FacilityOps Campus,AST-002,Chiller 1,Chiller,Building A,Block A2,2026-01-12 12:00:00,50.26,2.06,6.13,58.88,0.59,2710.99,6,90.5,96.11,EXCELLENT,0,0,149
FAC-001,FacilityOps Campus,AST-002,Chiller 1,Chiller,Building A,Block A2,2026-01-12 13:00:00,54.44,1.85,5.94,43.39,0.9,2711.89,6,90.54,95.38,EXCELLENT,0,0,173
FAC-001,FacilityOps Campus,AST-002,Chiller 1,Chiller,Building A,Block A2,2026-01-12 14:00:00,62.17,2.8,6.94,71.05,0.93,2712.81,6,90.58,69.94,WARNING,1,0,17
FAC-001,FacilityOps Campus,AST-002,Chiller 1,Chiller,Building A,Block A2,2026-01-12 15:00:00,49.14,2.49,6.41,49.08,0.74,2713.56,6,90.62,91.34,EXCELLENT,0,0,138
FAC-001,FacilityOps Campus,AST-002,Chiller 1,Chiller,Building A,Block A2,2026-01-12 16:00:00,53.49,1.62,6.67,54.68,0.82,2714.37,6,90.67,94.53,EXCELLENT,0,0,166
FAC-001,FacilityOps Campus,AST-002,Chiller 1,Chiller,Building A,Block A2,2026-01-12 17:00:00,70.44,4.04,7.36,84.65,0.73,2715.11,6,90.71,16.23,CRITICAL,1,1,0
FAC-001,FacilityOps Campus,AST-002,Chiller 1,Chiller,Building A,Block A2,2026-01-12 18:00:00,55.46,2.27,6.82,56.17,0.46,2715.56,6,90.75,93.94,EXCELLENT,0,0,106
FAC-001,FacilityOps Campus,AST-002,Chiller 1,Chiller,Building A,Block A2,2026-01-12 19:00:00,50.52,2.02,6.45,29.45,0.74,2716.3,6,90.79,95.4,EXCELLENT,0,0,109
FAC-001,FacilityOps Campus,AST-002,Chiller 1,Chiller,Building A,Block A2,2026-01-12 20:00:00,52.79,1.88,6.18,26.28,0.8,2717.09,6,90.83,96.31,EXCELLENT,0,0,116
FAC-001,FacilityOps Campus,AST-002,Chiller 1,Chiller,Building A,Block A2,2026-01-12 21:00:00,55.51,2.42,6.51,31.94,0.88,2717.97,6,90.88,92.57,EXCELLENT,0,0,157
FAC-001,FacilityOps Campus,AST-002,Chiller 1,Chiller,Building A,Block A2,2026-01-12 22:00:00,46.08,2.09,5.91,27.07,1.0,2718.97,6,90.92,95.22,EXCELLENT,0,0,139
FAC-001,FacilityOps Campus,AST-002,Chiller 1,Chiller,Building A,Block A2,2026-01-12 23:00:00,52.92,1.61,6.21,24.56,0.64,2719.61,6,90.96,96.38,EXCELLENT,0,0,111
FAC-001,FacilityOps Campus,AST-002,Chiller 1,Chiller,Building A,Block A2,2026-01-13 00:00:00,50.84,1.91,6.11,29.48,0.42,2720.02,6,91.0,96.04,EXCELLENT,0,0,115
FAC-001,FacilityOps Campus,AST-002,Chiller 1,Chiller,Building A,Block A2,2026-01-13 01:00:00,52.48,2.33,6.18,30.15,0.75,2720.77,6,91.04,95.69,EXCELLENT,0,0,107
FAC-001,FacilityOps Campus,AST-002,Chiller 1,Chiller,Building A,Block A2,2026-01-13 02:00:00,49.46,2.26,6.39,39.81,0.89,2721.66,6,91.08,95.65,EXCELLENT,0,0,169
FAC-001,FacilityOps Campus,AST-002,Chiller 1,Chiller,Building A,Block A2,2026-01-13 03:00:00,47.87,1.94,6.05,30.56,0.48,2722.13,6,91.12,95.8,EXCELLENT,0,0,180
FAC-001,FacilityOps Campus,AST-002,Chiller 1,Chiller,Building A,Block A2,2026-01-13 04:00:00,52.76,1.81,6.35,33.49,0.71,2722.85,6,91.17,95.79,EXCELLENT,0,0,102
FAC-001,FacilityOps Campus,AST-002,Chiller 1,Chiller,Building A,Block A2,2026-01-13 05:00:00,46.91,1.91,5.97,31.2,0.48,2723.33,6,91.21,95.47,EXCELLENT,0,0,94
FAC-001,FacilityOps Campus,AST-002,Chiller 1,Chiller,Building A,Block A2,2026-01-13 06:00:00,51.71,1.89,6.49,37.51,0.47,2723.8,6,91.25,95.23,EXCELLENT,0,0,146
FAC-001,FacilityOps Campus,AST-002,Chiller 1,Chiller,Building A,Block A2,2026-01-13 07:00:00,51.58,2.15,6.61,23.3,0.59,2724.4,6,91.29,94.75,EXCELLENT,0,0,159
FAC-001,FacilityOps Campus,AST-002,Chiller 1,Chiller,Building A,Block A2,2026-01-13 08:00:00,51.28,1.3,6.47,47.01,0.88,2725.28,6,91.33,95.31,EXCELLENT,0,0,154
FAC-001,FacilityOps Campus,AST-002,Chiller 1,Chiller,Building A,Block A2,2026-01-13 09:00:00,46.91,2.33,6.42,63.32,0.55,2725.83,6,91.38,94.97,EXCELLENT,0,0,128
FAC-001,FacilityOps Campus,AST-002,Chiller 1,Chiller,Building A,Block A2,2026-01-13 10:00:00,53.13,1.97,6.73,56.52,0.83,2726.66,6,91.42,94.27,EXCELLENT,0,0,106
FAC-001,FacilityOps Campus,AST-002,Chiller 1,Chiller,Building A,Block A2,2026-01-13 11:00:00,54.77,2.29,6.36,49.09,0.88,2727.53,6,91.46,95.76,EXCELLENT,0,0,137
FAC-001,FacilityOps Campus,AST-002,Chiller 1,Chiller,Building A,Block A2,2026-01-13 12:00:00,48.56,2.43,6.72,53.57,0.65,2728.18,6,91.5,91.5,EXCELLENT,0,0,91
FAC-001,FacilityOps Campus,AST-002,Chiller 1,Chiller,Building A,Block A2,2026-01-13 13:00:00,51.49,2.78,6.2,50.65,0.5,2728.68,6,91.54,85.6,EXCELLENT,0,0,131
FAC-001,FacilityOps Campus,AST-002,Chiller 1,Chiller,Building A,Block A2,2026-01-13 14:00:00,49.24,1.81,5.91,48.26,0.96,2729.64,6,91.58,95.25,EXCELLENT,0,0,106
FAC-001,FacilityOps Campus,AST-002,Chiller 1,Chiller,Building A,Block A2,2026-01-13 15:00:00,52.8,2.07,6.04,60.29,0.57,2730.21,6,91.62,95.75,EXCELLENT,0,0,94
FAC-001,FacilityOps Campus,AST-002,Chiller 1,Chiller,Building A,Block A2,2026-01-13 16:00:00,53.48,2.33,6.5,51.88,0.75,2730.97,6,91.67,94.52,EXCELLENT,0,0,102
FAC-001,FacilityOps Campus,AST-002,Chiller 1,Chiller,Building A,Block A2,2026-01-13 17:00:00,47.21,1.63,6.3,41.05,0.82,2731.79,6,91.71,96.0,EXCELLENT,0,0,102
FAC-001,FacilityOps Campus,AST-002,Chiller 1,Chiller,Building A,Block A2,2026-01-13 18:00:00,53.8,2.45,6.18,45.76,0.76,2732.55,6,91.75,92.81,EXCELLENT,0,0,92
FAC-001,FacilityOps Campus,AST-002,Chiller 1,Chiller,Building A,Block A2,2026-01-13 19:00:00,53.25,1.79,6.14,30.8,0.54,2733.09,6,91.79,96.17,EXCELLENT,0,0,122
FAC-001,FacilityOps Campus,AST-002,Chiller 1,Chiller,Building A,Block A2,2026-01-13 20:00:00,51.19,1.98,6.33,14.63,0.95,2734.04,6,91.83,95.88,EXCELLENT,0,0,133
FAC-001,FacilityOps Campus,AST-002,Chiller 1,Chiller,Building A,Block A2,2026-01-13 21:00:00,54.18,2.61,6.34,21.21,0.96,2735.0,6,91.88,88.93,EXCELLENT,0,0,159
FAC-001,FacilityOps Campus,AST-002,Chiller 1,Chiller,Building A,Block A2,2026-01-13 22:00:00,50.65,1.91,6.27,28.13,0.53,2735.53,6,91.92,96.12,EXCELLENT,0,0,177
FAC-001,FacilityOps Campus,AST-002,Chiller 1,Chiller,Building A,Block A2,2026-01-13 23:00:00,56.92,1.99,6.57,24.08,0.82,2736.35,6,91.96,94.9,EXCELLENT,0,0,110
FAC-001,FacilityOps Campus,AST-002,Chiller 1,Chiller,Building A,Block A2,2026-01-14 00:00:00,48.65,1.94,6.28,19.11,0.9,2737.25,6,92.0,96.09,EXCELLENT,0,0,112
FAC-001,FacilityOps Campus,AST-002,Chiller 1,Chiller,Building A,Block A2,2026-01-14 01:00:00,54.57,1.81,5.86,22.67,0.5,2737.75,6,92.04,95.02,EXCELLENT,0,0,176
FAC-001,FacilityOps Campus,AST-002,Chiller 1,Chiller,Building A,Block A2,2026-01-14 02:00:00,47.3,1.82,6.36,33.69,0.87,2738.62,6,92.08,95.75,EXCELLENT,0,0,158
FAC-001,FacilityOps Campus,AST-002,Chiller 1,Chiller,Building A,Block A2,2026-01-14 03:00:00,49.48,1.72,6.83,24.23,0.63,2739.25,6,92.12,93.9,EXCELLENT,0,0,93
FAC-001,FacilityOps Campus,AST-002,Chiller 1,Chiller,Building A,Block A2,2026-01-14 04:00:00,50.94,2.01,6.15,23.5,0.97,2740.22,6,92.17,96.22,EXCELLENT,0,0,137
FAC-001,FacilityOps Campus,AST-002,Chiller 1,Chiller,Building A,Block A2,2026-01-14 05:00:00,53.76,2.37,6.09,41.71,0.53,2740.75,6,92.21,94.44,EXCELLENT,0,0,135
FAC-001,FacilityOps Campus,AST-002,Chiller 1,Chiller,Building A,Block A2,2026-01-14 06:00:00,48.1,2.52,6.54,34.88,0.41,2741.16,6,92.25,90.08,EXCELLENT,0,0,165
FAC-001,FacilityOps Campus,AST-002,Chiller 1,Chiller,Building A,Block A2,2026-01-14 07:00:00,51.91,1.57,6.21,26.51,0.85,2742.01,6,92.29,96.38,EXCELLENT,0,0,115
FAC-001,FacilityOps Campus,AST-002,Chiller 1,Chiller,Building A,Block A2,2026-01-14 08:00:00,51.36,2.24,5.95,49.05,0.83,2742.84,6,92.33,95.39,EXCELLENT,0,0,131
FAC-001,FacilityOps Campus,AST-002,Chiller 1,Chiller,Building A,Block A2,2026-01-14 09:00:00,55.63,1.68,5.94,57.14,0.93,2743.77,6,92.38,95.35,EXCELLENT,0,0,171
FAC-001,FacilityOps Campus,AST-002,Chiller 1,Chiller,Building A,Block A2,2026-01-14 10:00:00,51.16,2.09,6.12,55.31,0.63,2744.39,6,92.42,96.07,EXCELLENT,0,0,180
FAC-001,FacilityOps Campus,AST-002,Chiller 1,Chiller,Building A,Block A2,2026-01-14 11:00:00,48.79,1.87,6.26,58.25,0.59,2744.98,6,92.46,96.15,EXCELLENT,0,0,93
FAC-001,FacilityOps Campus,AST-002,Chiller 1,Chiller,Building A,Block A2,2026-01-14 12:00:00,51.82,2.25,5.78,55.29,0.76,2745.74,6,92.5,94.72,EXCELLENT,0,0,146
FAC-001,FacilityOps Campus,AST-002,Chiller 1,Chiller,Building A,Block A2,2026-01-14 13:00:00,54.11,1.91,6.36,58.31,0.5,2746.24,6,92.54,95.76,EXCELLENT,0,0,138
FAC-001,FacilityOps Campus,AST-002,Chiller 1,Chiller,Building A,Block A2,2026-01-14 14:00:00,52.3,1.75,6.15,47.58,0.44,2746.68,6,92.58,96.21,EXCELLENT,0,0,155
FAC-001,FacilityOps Campus,AST-002,Chiller 1,Chiller,Building A,Block A2,2026-01-14 15:00:00,52.95,2.34,6.01,61.85,0.43,2747.11,6,92.62,94.71,EXCELLENT,0,0,97
FAC-001,FacilityOps Campus,AST-002,Chiller 1,Chiller,Building A,Block A2,2026-01-14 16:00:00,56.84,2.2,6.05,53.95,0.93,2748.04,6,92.67,95.79,EXCELLENT,0,0,99
FAC-001,FacilityOps Campus,AST-002,Chiller 1,Chiller,Building A,Block A2,2026-01-14 17:00:00,52.34,1.82,6.05,51.32,0.78,2748.82,6,92.71,95.8,EXCELLENT,0,0,116
FAC-001,FacilityOps Campus,AST-002,Chiller 1,Chiller,Building A,Block A2,2026-01-14 18:00:00,60.27,2.36,5.97,63.92,0.9,2749.72,6,92.75,88.19,EXCELLENT,1,0,165
FAC-001,FacilityOps Campus,AST-002,Chiller 1,Chiller,Building A,Block A2,2026-01-14 19:00:00,50.52,2.29,6.43,23.21,0.44,2750.17,6,92.79,95.46,EXCELLENT,0,0,105
FAC-001,FacilityOps Campus,AST-002,Chiller 1,Chiller,Building A,Block A2,2026-01-14 20:00:00,49.53,2.13,5.81,26.57,0.44,2750.6,6,92.83,94.86,EXCELLENT,0,0,149
FAC-001,FacilityOps Campus,AST-002,Chiller 1,Chiller,Building A,Block A2,2026-01-14 21:00:00,57.14,1.73,6.51,20.46,0.84,2751.44,6,92.88,95.17,EXCELLENT,0,0,143
FAC-001,FacilityOps Campus,AST-002,Chiller 1,Chiller,Building A,Block A2,2026-01-14 22:00:00,49.37,1.85,5.8,32.71,0.98,2752.42,6,92.92,94.78,EXCELLENT,0,0,142
FAC-001,FacilityOps Campus,AST-002,Chiller 1,Chiller,Building A,Block A2,2026-01-14 23:00:00,51.92,2.07,6.26,21.66,0.61,2753.03,6,92.96,96.15,EXCELLENT,0,0,99
FAC-001,FacilityOps Campus,AST-002,Chiller 1,Chiller,Building A,Block A2,2026-01-15 00:00:00,47.71,2.09,6.45,32.5,0.41,2753.44,6,93.0,95.39,EXCELLENT,0,0,157
FAC-001,FacilityOps Campus,AST-002,Chiller 1,Chiller,Building A,Block A2,2026-01-15 01:00:00,49.22,2.22,5.9,26.22,0.9,2754.35,6,93.04,95.22,EXCELLENT,0,0,161
FAC-001,FacilityOps Campus,AST-002,Chiller 1,Chiller,Building A,Block A2,2026-01-15 02:00:00,54.46,1.87,5.92,28.78,0.64,2754.98,6,93.08,95.3,EXCELLENT,0,0,171
FAC-001,FacilityOps Campus,AST-002,Chiller 1,Chiller,Building A,Block A2,2026-01-15 03:00:00,54.79,1.92,6.01,26.73,0.94,2755.92,6,93.12,95.65,EXCELLENT,0,0,170
FAC-001,FacilityOps Campus,AST-002,Chiller 1,Chiller,Building A,Block A2,2026-01-15 04:00:00,53.15,2.03,5.35,15.5,0.83,2756.75,6,93.17,93.01,EXCELLENT,0,0,158
FAC-001,FacilityOps Campus,AST-002,Chiller 1,Chiller,Building A,Block A2,2026-01-15 05:00:00,54.36,2.57,5.99,32.28,0.97,2757.72,6,93.21,89.49,EXCELLENT,0,0,167
FAC-001,FacilityOps Campus,AST-002,Chiller 1,Chiller,Building A,Block A2,2026-01-15 06:00:00,52.94,1.8,6.05,38.73,0.45,2758.17,6,93.25,95.8,EXCELLENT,0,0,170
FAC-001,FacilityOps Campus,AST-002,Chiller 1,Chiller,Building A,Block A2,2026-01-15 07:00:00,58.01,2.18,5.82,21.62,0.55,2758.72,6,93.29,93.31,EXCELLENT,0,0,136
FAC-001,FacilityOps Campus,AST-002,Chiller 1,Chiller,Building A,Block A2,2026-01-15 08:00:00,50.22,1.86,6.27,65.97,0.46,2759.17,6,93.33,96.14,EXCELLENT,0,0,146
FAC-001,FacilityOps Campus,AST-002,Chiller 1,Chiller,Building A,Block A2,2026-01-15 09:00:00,51.75,1.82,5.99,58.51,0.8,2759.98,6,93.38,95.54,EXCELLENT,0,0,137
FAC-001,FacilityOps Campus,AST-002,Chiller 1,Chiller,Building A,Block A2,2026-01-15 10:00:00,51.31,1.87,5.88,54.04,0.6,2760.58,6,93.42,95.11,EXCELLENT,0,0,176
FAC-001,FacilityOps Campus,AST-002,Chiller 1,Chiller,Building A,Block A2,2026-01-15 11:00:00,46.7,2.32,6.14,52.97,0.6,2761.18,6,93.46,95.76,EXCELLENT,0,0,155
FAC-001,FacilityOps Campus,AST-002,Chiller 1,Chiller,Building A,Block A2,2026-01-15 12:00:00,50.56,1.66,6.45,53.74,0.93,2762.11,6,93.5,95.38,EXCELLENT,0,0,120
FAC-001,FacilityOps Campus,AST-002,Chiller 1,Chiller,Building A,Block A2,2026-01-15 13:00:00,52.09,2.32,6.49,48.45,0.91,2763.02,6,93.54,94.87,EXCELLENT,0,0,104
FAC-001,FacilityOps Campus,AST-002,Chiller 1,Chiller,Building A,Block A2,2026-01-15 14:00:00,51.41,1.96,6.04,56.01,0.85,2763.86,6,93.58,95.77,EXCELLENT,0,0,147
FAC-001,FacilityOps Campus,AST-002,Chiller 1,Chiller,Building A,Block A2,2026-01-15 15:00:00,49.67,1.57,5.9,60.37,0.71,2764.57,6,93.62,95.21,EXCELLENT,0,0,113
FAC-001,FacilityOps Campus,AST-002,Chiller 1,Chiller,Building A,Block A2,2026-01-15 16:00:00,51.67,1.73,6.21,57.33,0.56,2765.12,6,93.67,96.36,EXCELLENT,0,0,110
FAC-001,FacilityOps Campus,AST-002,Chiller 1,Chiller,Building A,Block A2,2026-01-15 17:00:00,55.71,1.86,5.77,54.6,0.89,2766.01,6,93.71,94.69,EXCELLENT,0,0,128
FAC-001,FacilityOps Campus,AST-002,Chiller 1,Chiller,Building A,Block A2,2026-01-15 18:00:00,53.67,1.74,6.45,59.85,0.83,2766.85,6,93.75,95.42,EXCELLENT,0,0,110
FAC-001,FacilityOps Campus,AST-002,Chiller 1,Chiller,Building A,Block A2,2026-01-15 19:00:00,52.42,2.21,6.18,29.89,0.88,2767.73,6,93.79,96.33,EXCELLENT,0,0,170
FAC-001,FacilityOps Campus,AST-002,Chiller 1,Chiller,Building A,Block A2,2026-01-15 20:00:00,46.91,1.73,6.09,19.04,0.8,2768.53,6,93.83,95.96,EXCELLENT,0,0,156
FAC-001,FacilityOps Campus,AST-002,Chiller 1,Chiller,Building A,Block A2,2026-01-15 21:00:00,52.79,2.05,6.42,38.56,0.52,2769.04,6,93.88,95.5,EXCELLENT,0,0,155
FAC-001,FacilityOps Campus,AST-002,Chiller 1,Chiller,Building A,Block A2,2026-01-15 22:00:00,53.5,2.38,5.88,23.55,0.75,2769.8,6,93.92,93.39,EXCELLENT,0,0,112
FAC-001,FacilityOps Campus,AST-002,Chiller 1,Chiller,Building A,Block A2,2026-01-15 23:00:00,55.74,1.99,6.38,32.34,0.62,2770.42,6,93.96,95.66,EXCELLENT,0,0,128
FAC-001,FacilityOps Campus,AST-002,Chiller 1,Chiller,Building A,Block A2,2026-01-16 00:00:00,52.56,2.06,6.59,30.33,0.42,2770.84,6,94.0,94.84,EXCELLENT,0,0,167
FAC-001,FacilityOps Campus,AST-002,Chiller 1,Chiller,Building A,Block A2,2026-01-16 01:00:00,49.78,2.4,5.66,26.15,0.71,2771.55,6,94.04,91.98,EXCELLENT,0,0,115
FAC-001,FacilityOps Campus,AST-002,Chiller 1,Chiller,Building A,Block A2,2026-01-16 02:00:00,47.33,1.73,6.13,37.98,0.69,2772.24,6,94.08,96.13,EXCELLENT,0,0,102
FAC-001,FacilityOps Campus,AST-002,Chiller 1,Chiller,Building A,Block A2,2026-01-16 03:00:00,52.99,2.24,6.03,14.27,0.57,2772.81,6,94.12,95.74,EXCELLENT,0,0,92
FAC-001,FacilityOps Campus,AST-002,Chiller 1,Chiller,Building A,Block A2,2026-01-16 04:00:00,57.11,1.86,6.1,16.05,0.86,2773.67,6,94.17,96.01,EXCELLENT,0,0,140
FAC-001,FacilityOps Campus,AST-002,Chiller 1,Chiller,Building A,Block A2,2026-01-16 05:00:00,54.82,2.05,6.7,26.98,0.53,2774.2,6,94.21,94.39,EXCELLENT,0,0,100
FAC-001,FacilityOps Campus,AST-002,Chiller 1,Chiller,Building A,Block A2,2026-01-16 06:00:00,53.57,2.13,6.2,34.8,0.53,2774.73,6,94.25,96.4,EXCELLENT,0,0,147
FAC-001,FacilityOps Campus,AST-002,Chiller 1,Chiller,Building A,Block A2,2026-01-16 07:00:00,52.0,1.63,6.2,27.37,0.83,2775.56,6,94.29,96.39,EXCELLENT,0,0,118
FAC-001,FacilityOps Campus,AST-002,Chiller 1,Chiller,Building A,Block A2,2026-01-16 08:00:00,50.67,1.82,6.45,52.4,0.73,2776.29,6,94.33,95.39,EXCELLENT,0,0,105
FAC-001,FacilityOps Campus,AST-002,Chiller 1,Chiller,Building A,Block A2,2026-01-16 09:00:00,49.58,2.1,6.02,51.25,0.85,2777.14,6,94.38,95.68,EXCELLENT,0,0,176
FAC-001,FacilityOps Campus,AST-002,Chiller 1,Chiller,Building A,Block A2,2026-01-16 10:00:00,51.6,1.65,6.69,52.42,0.67,2777.82,6,94.42,94.46,EXCELLENT,0,0,169
FAC-001,FacilityOps Campus,AST-002,Chiller 1,Chiller,Building A,Block A2,2026-01-16 11:00:00,55.68,2.33,5.85,58.94,0.9,2778.72,6,94.46,94.26,EXCELLENT,0,0,91
FAC-001,FacilityOps Campus,AST-002,Chiller 1,Chiller,Building A,Block A2,2026-01-16 12:00:00,52.49,1.82,6.41,50.33,1.0,2779.72,6,94.5,95.56,EXCELLENT,0,0,142
FAC-001,FacilityOps Campus,AST-002,Chiller 1,Chiller,Building A,Block A2,2026-01-16 13:00:00,49.97,2.14,5.83,64.19,0.6,2780.32,6,94.54,94.93,EXCELLENT,0,0,108
FAC-001,FacilityOps Campus,AST-002,Chiller 1,Chiller,Building A,Block A2,2026-01-16 14:00:00,50.35,1.58,6.23,54.02,0.46,2780.78,6,94.58,96.28,EXCELLENT,0,0,98
FAC-001,FacilityOps Campus,AST-002,Chiller 1,Chiller,Building A,Block A2,2026-01-16 15:00:00,50.86,2.02,6.41,56.82,0.53,2781.31,6,94.62,95.55,EXCELLENT,0,0,106
FAC-001,FacilityOps Campus,AST-002,Chiller 1,Chiller,Building A,Block A2,2026-01-16 16:00:00,52.37,2.12,6.64,45.05,0.83,2782.14,6,94.67,94.64,EXCELLENT,0,0,94
FAC-001,FacilityOps Campus,AST-002,Chiller 1,Chiller,Building A,Block A2,2026-01-16 17:00:00,50.6,1.91,6.12,54.15,0.87,2783.01,6,94.71,96.06,EXCELLENT,0,0,102
FAC-001,FacilityOps Campus,AST-002,Chiller 1,Chiller,Building A,Block A2,2026-01-16 18:00:00,56.71,1.75,6.23,61.67,0.87,2783.88,6,94.75,96.3,EXCELLENT,0,0,176
FAC-001,FacilityOps Campus,AST-002,Chiller 1,Chiller,Building A,Block A2,2026-01-16 19:00:00,53.76,2.0,6.07,38.84,0.83,2784.71,6,94.79,95.89,EXCELLENT,0,0,105
FAC-001,FacilityOps Campus,AST-002,Chiller 1,Chiller,Building A,Block A2,2026-01-16 20:00:00,48.72,1.53,6.62,43.41,0.76,2785.47,6,94.83,94.74,EXCELLENT,0,0,102
FAC-001,FacilityOps Campus,AST-002,Chiller 1,Chiller,Building A,Block A2,2026-01-16 21:00:00,49.6,2.21,5.93,39.56,0.99,2786.47,6,94.88,95.31,EXCELLENT,0,0,152
FAC-001,FacilityOps Campus,AST-002,Chiller 1,Chiller,Building A,Block A2,2026-01-16 22:00:00,52.74,2.28,6.11,26.85,0.7,2787.17,6,94.92,96.04,EXCELLENT,0,0,175
FAC-001,FacilityOps Campus,AST-002,Chiller 1,Chiller,Building A,Block A2,2026-01-16 23:00:00,47.61,2.18,6.35,23.72,0.49,2787.66,6,94.96,95.8,EXCELLENT,0,0,122
FAC-001,FacilityOps Campus,AST-002,Chiller 1,Chiller,Building A,Block A2,2026-01-17 00:00:00,51.47,2.21,6.6,30.93,0.57,2788.24,6,95.0,94.8,EXCELLENT,0,0,147
FAC-001,FacilityOps Campus,AST-002,Chiller 1,Chiller,Building A,Block A2,2026-01-17 01:00:00,51.81,1.79,6.0,28.02,0.43,2788.67,6,95.04,95.58,EXCELLENT,0,0,122
FAC-001,FacilityOps Campus,AST-002,Chiller 1,Chiller,Building A,Block A2,2026-01-17 02:00:00,52.48,2.31,6.29,36.97,0.53,2789.2,6,95.08,95.76,EXCELLENT,0,0,102
FAC-001,FacilityOps Campus,AST-002,Chiller 1,Chiller,Building A,Block A2,2026-01-17 03:00:00,52.17,1.87,6.35,42.04,0.45,2789.65,6,95.12,95.8,EXCELLENT,0,0,117
FAC-001,FacilityOps Campus,AST-002,Chiller 1,Chiller,Building A,Block A2,2026-01-17 04:00:00,49.54,1.64,6.31,36.92,0.65,2790.3,6,95.17,95.95,EXCELLENT,0,0,165
FAC-001,FacilityOps Campus,AST-002,Chiller 1,Chiller,Building A,Block A2,2026-01-17 05:00:00,53.54,1.95,6.42,33.87,0.46,2790.76,6,95.21,95.51,EXCELLENT,0,0,147
FAC-001,FacilityOps Campus,AST-002,Chiller 1,Chiller,Building A,Block A2,2026-01-17 06:00:00,51.32,1.93,6.09,39.13,0.57,2791.33,6,95.25,95.97,EXCELLENT,0,0,129
FAC-001,FacilityOps Campus,AST-002,Chiller 1,Chiller,Building A,Block A2,2026-01-17 07:00:00,50.88,1.68,6.4,37.32,0.81,2792.14,6,95.29,95.61,EXCELLENT,0,0,125
FAC-001,FacilityOps Campus,AST-002,Chiller 1,Chiller,Building A,Block A2,2026-01-17 08:00:00,54.47,1.95,6.1,59.97,0.81,2792.94,6,95.33,96.02,EXCELLENT,0,0,134
FAC-001,FacilityOps Campus,AST-002,Chiller 1,Chiller,Building A,Block A2,2026-01-17 09:00:00,49.54,1.96,5.95,66.04,0.96,2793.9,6,95.38,95.38,EXCELLENT,0,0,115
FAC-001,FacilityOps Campus,AST-002,Chiller 1,Chiller,Building A,Block A2,2026-01-17 10:00:00,49.28,1.89,5.89,51.59,0.8,2794.7,6,95.42,95.18,EXCELLENT,0,0,171
FAC-001,FacilityOps Campus,AST-002,Chiller 1,Chiller,Building A,Block A2,2026-01-17 11:00:00,54.03,2.72,5.93,64.91,0.83,2795.53,6,95.46,85.95,EXCELLENT,0,0,150
FAC-001,FacilityOps Campus,AST-002,Chiller 1,Chiller,Building A,Block A2,2026-01-17 12:00:00,51.11,2.2,5.63,51.94,0.68,2796.21,6,95.5,94.14,EXCELLENT,0,0,175
FAC-001,FacilityOps Campus,AST-002,Chiller 1,Chiller,Building A,Block A2,2026-01-17 13:00:00,53.19,1.65,6.59,57.19,0.95,2797.16,6,95.54,94.84,EXCELLENT,0,0,137
FAC-001,FacilityOps Campus,AST-002,Chiller 1,Chiller,Building A,Block A2,2026-01-17 14:00:00,54.22,2.51,6.13,46.01,0.75,2797.91,6,95.58,91.47,EXCELLENT,0,0,118
FAC-001,FacilityOps Campus,AST-002,Chiller 1,Chiller,Building A,Block A2,2026-01-17 15:00:00,51.41,1.94,6.27,60.02,0.55,2798.46,6,95.62,96.13,EXCELLENT,0,0,125
FAC-001,FacilityOps Campus,AST-002,Chiller 1,Chiller,Building A,Block A2,2026-01-17 16:00:00,56.35,2.05,6.29,46.48,0.96,2799.42,6,95.67,96.04,EXCELLENT,0,0,157
FAC-001,FacilityOps Campus,AST-002,Chiller 1,Chiller,Building A,Block A2,2026-01-17 17:00:00,63.08,2.8,6.91,69.3,0.7,2800.12,6,95.71,69.34,WARNING,1,0,14
FAC-001,FacilityOps Campus,AST-002,Chiller 1,Chiller,Building A,Block A2,2026-01-17 18:00:00,51.59,2.01,6.38,56.81,0.52,2800.65,6,95.75,95.69,EXCELLENT,0,0,116
FAC-001,FacilityOps Campus,AST-002,Chiller 1,Chiller,Building A,Block A2,2026-01-17 19:00:00,52.75,2.19,6.43,37.08,0.57,2801.22,6,95.79,95.49,EXCELLENT,0,0,97
FAC-001,FacilityOps Campus,AST-002,Chiller 1,Chiller,Building A,Block A2,2026-01-17 20:00:00,91.48,2.78,6.97,41.09,0.62,2801.84,6,95.83,16.66,CRITICAL,1,1,3
FAC-001,FacilityOps Campus,AST-002,Chiller 1,Chiller,Building A,Block A2,2026-01-17 21:00:00,56.71,3.33,6.4,30.73,0.55,2802.4,6,95.88,72.4,GOOD,1,0,66
FAC-001,FacilityOps Campus,AST-002,Chiller 1,Chiller,Building A,Block A2,2026-01-17 22:00:00,53.1,2.07,5.95,36.83,0.71,2803.11,6,95.92,95.39,EXCELLENT,0,0,96
FAC-001,FacilityOps Campus,AST-002,Chiller 1,Chiller,Building A,Block A2,2026-01-17 23:00:00,81.58,3.14,6.08,32.71,0.7,2803.81,6,95.96,30.18,CRITICAL,1,1,3
FAC-001,FacilityOps Campus,AST-002,Chiller 1,Chiller,Building A,Block A2,2026-01-18 00:00:00,50.26,2.1,6.2,27.07,0.56,2804.37,6,96.0,96.39,EXCELLENT,0,0,170
FAC-001,FacilityOps Campus,AST-002,Chiller 1,Chiller,Building A,Block A2,2026-01-18 01:00:00,53.16,1.94,6.94,26.41,0.69,2805.06,6,96.04,93.44,EXCELLENT,0,0,112
FAC-001,FacilityOps Campus,AST-002,Chiller 1,Chiller,Building A,Block A2,2026-01-18 02:00:00,50.93,1.77,6.05,30.44,0.46,2805.51,6,96.08,95.8,EXCELLENT,0,0,107
FAC-001,FacilityOps Campus,AST-002,Chiller 1,Chiller,Building A,Block A2,2026-01-18 03:00:00,56.72,2.27,6.61,36.17,0.41,2805.92,6,96.12,94.75,EXCELLENT,0,0,153
FAC-001,FacilityOps Campus,AST-002,Chiller 1,Chiller,Building A,Block A2,2026-01-18 04:00:00,51.47,2.15,5.8,38.53,0.41,2806.33,6,96.17,94.82,EXCELLENT,0,0,173
FAC-001,FacilityOps Campus,AST-002,Chiller 1,Chiller,Building A,Block A2,2026-01-18 05:00:00,51.88,1.95,6.08,35.72,0.92,2807.25,6,96.21,95.91,EXCELLENT,0,0,109
FAC-001,FacilityOps Campus,AST-002,Chiller 1,Chiller,Building A,Block A2,2026-01-18 06:00:00,51.4,2.03,6.65,35.04,0.93,2808.19,6,96.25,94.6,EXCELLENT,0,0,127
FAC-001,FacilityOps Campus,AST-002,Chiller 1,Chiller,Building A,Block A2,2026-01-18 07:00:00,54.58,2.77,5.96,27.75,0.66,2808.85,6,96.29,84.89,GOOD,0,0,79
FAC-001,FacilityOps Campus,AST-002,Chiller 1,Chiller,Building A,Block A2,2026-01-18 08:00:00,48.63,1.87,6.9,57.36,0.48,2809.32,6,96.33,93.59,EXCELLENT,0,0,90
FAC-001,FacilityOps Campus,AST-002,Chiller 1,Chiller,Building A,Block A2,2026-01-18 09:00:00,51.51,1.97,6.52,43.56,0.92,2810.24,6,96.38,95.12,EXCELLENT,0,0,160
FAC-001,FacilityOps Campus,AST-002,Chiller 1,Chiller,Building A,Block A2,2026-01-18 10:00:00,49.92,2.35,6.44,51.04,0.63,2810.87,6,96.42,94.27,EXCELLENT,0,0,128
FAC-001,FacilityOps Campus,AST-002,Chiller 1,Chiller,Building A,Block A2,2026-01-18 11:00:00,56.96,1.95,6.15,48.53,0.41,2811.28,6,96.46,96.18,EXCELLENT,0,0,137
FAC-001,FacilityOps Campus,AST-002,Chiller 1,Chiller,Building A,Block A2,2026-01-18 12:00:00,54.36,1.71,6.43,55.33,0.53,2811.81,6,96.5,95.48,EXCELLENT,0,0,158
FAC-001,FacilityOps Campus,AST-002,Chiller 1,Chiller,Building A,Block A2,2026-01-18 13:00:00,55.93,2.22,6.6,62.44,0.7,2812.51,6,96.54,94.8,EXCELLENT,0,0,136
FAC-001,FacilityOps Campus,AST-002,Chiller 1,Chiller,Building A,Block A2,2026-01-18 14:00:00,56.39,2.22,6.24,47.82,0.59,2813.1,6,96.58,96.22,EXCELLENT,0,0,168
FAC-001,FacilityOps Campus,AST-002,Chiller 1,Chiller,Building A,Block A2,2026-01-18 15:00:00,55.18,2.45,6.32,55.2,0.56,2813.66,6,96.62,92.49,EXCELLENT,0,0,126
FAC-001,FacilityOps Campus,AST-002,Chiller 1,Chiller,Building A,Block A2,2026-01-18 16:00:00,53.42,1.83,6.82,52.11,0.41,2814.07,6,96.67,93.93,EXCELLENT,0,0,118
FAC-001,FacilityOps Campus,AST-002,Chiller 1,Chiller,Building A,Block A2,2026-01-18 17:00:00,47.45,2.31,5.93,49.96,0.85,2814.92,6,96.71,95.12,EXCELLENT,0,0,130
FAC-001,FacilityOps Campus,AST-002,Chiller 1,Chiller,Building A,Block A2,2026-01-18 18:00:00,74.55,2.89,5.96,49.18,0.96,2815.88,6,96.75,48.73,CRITICAL,1,1,3
FAC-001,FacilityOps Campus,AST-002,Chiller 1,Chiller,Building A,Block A2,2026-01-18 19:00:00,56.6,2.03,6.15,24.75,0.89,2816.77,6,96.79,96.21,EXCELLENT,0,0,172
FAC-001,FacilityOps Campus,AST-002,Chiller 1,Chiller,Building A,Block A2,2026-01-18 20:00:00,57.81,1.91,6.07,43.88,0.66,2817.42,6,96.83,94.69,EXCELLENT,0,0,168
FAC-001,FacilityOps Campus,AST-002,Chiller 1,Chiller,Building A,Block A2,2026-01-18 21:00:00,53.99,2.3,6.06,30.15,0.79,2818.22,6,96.88,95.86,EXCELLENT,0,0,101
FAC-001,FacilityOps Campus,AST-002,Chiller 1,Chiller,Building A,Block A2,2026-01-18 22:00:00,53.31,2.15,5.84,28.02,0.55,2818.77,6,96.92,94.97,EXCELLENT,0,0,100
FAC-001,FacilityOps Campus,AST-002,Chiller 1,Chiller,Building A,Block A2,2026-01-18 23:00:00,54.2,1.76,6.15,37.94,0.94,2819.71,6,96.96,96.18,EXCELLENT,0,0,101
FAC-001,FacilityOps Campus,AST-002,Chiller 1,Chiller,Building A,Block A2,2026-01-19 00:00:00,53.51,1.96,6.67,19.08,0.45,2820.16,6,97.0,94.52,EXCELLENT,0,0,166
FAC-001,FacilityOps Campus,AST-002,Chiller 1,Chiller,Building A,Block A2,2026-01-19 01:00:00,50.76,1.63,6.18,26.02,0.92,2821.09,6,97.04,96.34,EXCELLENT,0,0,102
FAC-001,FacilityOps Campus,AST-002,Chiller 1,Chiller,Building A,Block A2,2026-01-19 02:00:00,49.8,2.13,5.99,24.85,0.65,2821.74,6,97.08,95.57,EXCELLENT,0,0,119
FAC-001,FacilityOps Campus,AST-002,Chiller 1,Chiller,Building A,Block A2,2026-01-19 03:00:00,55.16,1.96,7.16,25.65,0.52,2822.26,6,97.12,92.55,EXCELLENT,0,0,167
FAC-001,FacilityOps Campus,AST-002,Chiller 1,Chiller,Building A,Block A2,2026-01-19 04:00:00,50.12,1.97,6.04,41.37,0.46,2822.72,6,97.17,95.75,EXCELLENT,0,0,119
FAC-001,FacilityOps Campus,AST-002,Chiller 1,Chiller,Building A,Block A2,2026-01-19 05:00:00,50.82,2.28,6.68,43.64,0.62,2823.34,6,97.21,94.48,EXCELLENT,0,0,130
FAC-001,FacilityOps Campus,AST-002,Chiller 1,Chiller,Building A,Block A2,2026-01-19 06:00:00,52.63,1.75,6.05,24.54,0.55,2823.88,6,97.25,95.79,EXCELLENT,0,0,91
FAC-001,FacilityOps Campus,AST-002,Chiller 1,Chiller,Building A,Block A2,2026-01-19 07:00:00,49.47,2.21,6.11,35.4,0.99,2824.87,6,97.29,96.02,EXCELLENT,0,0,94
FAC-001,FacilityOps Campus,AST-002,Chiller 1,Chiller,Building A,Block A2,2026-01-19 08:00:00,51.67,2.34,5.9,47.79,0.65,2825.52,6,97.33,94.23,EXCELLENT,0,0,127
FAC-001,FacilityOps Campus,AST-002,Chiller 1,Chiller,Building A,Block A2,2026-01-19 09:00:00,51.0,1.89,6.38,43.73,0.77,2826.29,6,97.38,95.67,EXCELLENT,0,0,136
FAC-001,FacilityOps Campus,AST-002,Chiller 1,Chiller,Building A,Block A2,2026-01-19 10:00:00,49.7,1.85,5.57,58.31,0.49,2826.78,6,97.42,93.86,EXCELLENT,0,0,95
FAC-001,FacilityOps Campus,AST-002,Chiller 1,Chiller,Building A,Block A2,2026-01-19 11:00:00,57.42,1.72,6.53,44.95,0.9,2827.69,6,97.46,94.66,EXCELLENT,0,0,132
FAC-001,FacilityOps Campus,AST-002,Chiller 1,Chiller,Building A,Block A2,2026-01-19 12:00:00,48.32,1.78,6.57,63.66,0.63,2828.32,6,97.5,94.91,EXCELLENT,0,0,125
FAC-001,FacilityOps Campus,AST-002,Chiller 1,Chiller,Building A,Block A2,2026-01-19 13:00:00,54.64,2.2,6.47,47.06,0.64,2828.96,6,97.54,95.3,EXCELLENT,0,0,130
FAC-001,FacilityOps Campus,AST-002,Chiller 1,Chiller,Building A,Block A2,2026-01-19 14:00:00,53.59,1.91,5.84,41.03,0.56,2829.52,6,97.58,94.95,EXCELLENT,0,0,130
FAC-001,FacilityOps Campus,AST-002,Chiller 1,Chiller,Building A,Block A2,2026-01-19 15:00:00,48.94,1.41,6.78,47.6,0.97,2830.48,6,97.62,94.1,EXCELLENT,0,0,160
FAC-001,FacilityOps Campus,AST-002,Chiller 1,Chiller,Building A,Block A2,2026-01-19 16:00:00,57.02,1.74,6.34,47.67,0.53,2831.01,6,97.67,95.82,EXCELLENT,0,0,179
FAC-001,FacilityOps Campus,AST-002,Chiller 1,Chiller,Building A,Block A2,2026-01-19 17:00:00,51.95,1.84,5.81,46.88,0.82,2831.83,6,97.71,94.86,EXCELLENT,0,0,132
FAC-001,FacilityOps Campus,AST-002,Chiller 1,Chiller,Building A,Block A2,2026-01-19 18:00:00,49.85,2.06,6.32,46.63,0.72,2832.55,6,97.75,95.93,EXCELLENT,0,0,140
FAC-001,FacilityOps Campus,AST-002,Chiller 1,Chiller,Building A,Block A2,2026-01-19 19:00:00,50.67,1.9,5.86,21.8,0.72,2833.26,6,97.79,95.05,EXCELLENT,0,0,112
FAC-001,FacilityOps Campus,AST-002,Chiller 1,Chiller,Building A,Block A2,2026-01-19 20:00:00,49.84,2.28,6.1,25.8,0.67,2833.93,6,97.83,96.02,EXCELLENT,0,0,169
FAC-001,FacilityOps Campus,AST-002,Chiller 1,Chiller,Building A,Block A2,2026-01-19 21:00:00,53.9,1.85,6.36,18.65,0.87,2834.8,6,97.88,95.78,EXCELLENT,0,0,158
FAC-001,FacilityOps Campus,AST-002,Chiller 1,Chiller,Building A,Block A2,2026-01-19 22:00:00,56.17,2.08,6.29,39.31,0.81,2835.61,6,97.92,96.03,EXCELLENT,0,0,164
FAC-001,FacilityOps Campus,AST-002,Chiller 1,Chiller,Building A,Block A2,2026-01-19 23:00:00,52.54,2.05,6.73,21.32,0.92,2836.53,6,97.96,94.3,EXCELLENT,0,0,149
FAC-001,FacilityOps Campus,AST-002,Chiller 1,Chiller,Building A,Block A2,2026-01-20 00:00:00,48.44,2.48,6.01,34.78,0.74,2837.27,6,98.0,91.63,EXCELLENT,0,0,127
FAC-001,FacilityOps Campus,AST-002,Chiller 1,Chiller,Building A,Block A2,2026-01-20 01:00:00,49.22,1.71,6.55,42.31,0.7,2837.96,6,98.04,95.0,EXCELLENT,0,0,144
FAC-001,FacilityOps Campus,AST-002,Chiller 1,Chiller,Building A,Block A2,2026-01-20 02:00:00,55.61,1.53,6.66,30.9,0.71,2838.67,6,98.08,94.58,EXCELLENT,0,0,123
FAC-001,FacilityOps Campus,AST-002,Chiller 1,Chiller,Building A,Block A2,2026-01-20 03:00:00,47.34,2.2,6.21,23.16,1.0,2839.67,6,98.12,96.36,EXCELLENT,0,0,152
FAC-001,FacilityOps Campus,AST-002,Chiller 1,Chiller,Building A,Block A2,2026-01-20 04:00:00,52.38,2.18,6.51,30.46,0.58,2840.25,6,98.17,95.16,EXCELLENT,0,0,110
FAC-001,FacilityOps Campus,AST-002,Chiller 1,Chiller,Building A,Block A2,2026-01-20 05:00:00,57.05,1.83,6.07,28.39,0.51,2840.76,6,98.21,95.87,EXCELLENT,0,0,97
FAC-001,FacilityOps Campus,AST-002,Chiller 1,Chiller,Building A,Block A2,2026-01-20 06:00:00,55.5,2.63,6.04,29.12,0.94,2841.69,6,98.25,88.27,EXCELLENT,0,0,95
FAC-001,FacilityOps Campus,AST-002,Chiller 1,Chiller,Building A,Block A2,2026-01-20 07:00:00,56.33,2.29,6.09,31.72,0.6,2842.3,6,98.29,95.94,EXCELLENT,0,0,91
FAC-001,FacilityOps Campus,AST-002,Chiller 1,Chiller,Building A,Block A2,2026-01-20 08:00:00,48.47,2.08,6.16,46.04,0.6,2842.89,6,98.33,96.22,EXCELLENT,0,0,132
FAC-001,FacilityOps Campus,AST-002,Chiller 1,Chiller,Building A,Block A2,2026-01-20 09:00:00,52.93,2.14,6.23,60.46,0.85,2843.74,6,98.38,96.27,EXCELLENT,0,0,126
FAC-001,FacilityOps Campus,AST-002,Chiller 1,Chiller,Building A,Block A2,2026-01-20 10:00:00,53.95,2.01,6.06,47.7,0.57,2844.32,6,98.42,95.84,EXCELLENT,0,0,169
FAC-001,FacilityOps Campus,AST-002,Chiller 1,Chiller,Building A,Block A2,2026-01-20 11:00:00,48.01,1.79,6.14,44.33,0.69,2845.01,6,98.46,96.15,EXCELLENT,0,0,136
FAC-001,FacilityOps Campus,AST-002,Chiller 1,Chiller,Building A,Block A2,2026-01-20 12:00:00,50.53,1.69,6.32,58.16,0.67,2845.68,6,98.5,95.92,EXCELLENT,0,0,130
FAC-001,FacilityOps Campus,AST-002,Chiller 1,Chiller,Building A,Block A2,2026-01-20 13:00:00,51.27,1.7,5.69,58.66,0.72,2846.39,6,98.54,94.37,EXCELLENT,0,0,111
FAC-001,FacilityOps Campus,AST-002,Chiller 1,Chiller,Building A,Block A2,2026-01-20 14:00:00,53.11,2.05,6.3,62.68,0.74,2847.13,6,98.58,96.0,EXCELLENT,0,0,141
FAC-001,FacilityOps Campus,AST-002,Chiller 1,Chiller,Building A,Block A2,2026-01-20 15:00:00,47.65,2.08,6.43,48.99,0.83,2847.96,6,98.62,95.49,EXCELLENT,0,0,167
FAC-001,FacilityOps Campus,AST-002,Chiller 1,Chiller,Building A,Block A2,2026-01-20 16:00:00,49.36,2.07,6.03,53.55,0.95,2848.91,6,98.67,95.71,EXCELLENT,0,0,170
FAC-001,FacilityOps Campus,AST-002,Chiller 1,Chiller,Building A,Block A2,2026-01-20 17:00:00,52.72,2.24,6.02,44.16,0.69,2849.59,6,98.71,95.68,EXCELLENT,0,0,175
FAC-001,FacilityOps Campus,AST-002,Chiller 1,Chiller,Building A,Block A2,2026-01-20 18:00:00,51.4,1.79,6.37,60.75,0.59,2850.18,6,98.75,95.74,EXCELLENT,0,0,149
FAC-001,FacilityOps Campus,AST-002,Chiller 1,Chiller,Building A,Block A2,2026-01-20 19:00:00,52.39,2.05,6.19,23.46,0.84,2851.02,6,98.79,96.37,EXCELLENT,0,0,179
FAC-001,FacilityOps Campus,AST-002,Chiller 1,Chiller,Building A,Block A2,2026-01-20 20:00:00,51.55,1.85,6.05,24.06,0.84,2851.85,6,98.83,95.81,EXCELLENT,0,0,136
FAC-001,FacilityOps Campus,AST-002,Chiller 1,Chiller,Building A,Block A2,2026-01-20 21:00:00,50.54,2.1,6.12,28.08,0.61,2852.46,6,98.88,96.1,EXCELLENT,0,0,93
FAC-001,FacilityOps Campus,AST-002,Chiller 1,Chiller,Building A,Block A2,2026-01-20 22:00:00,53.95,1.72,6.22,15.05,0.93,2853.4,6,98.92,96.34,EXCELLENT,0,0,123
FAC-001,FacilityOps Campus,AST-002,Chiller 1,Chiller,Building A,Block A2,2026-01-20 23:00:00,52.46,2.43,6.21,24.92,0.42,2853.81,6,98.96,93.32,EXCELLENT,0,0,112
FAC-001,FacilityOps Campus,AST-002,Chiller 1,Chiller,Building A,Block A2,2026-01-21 00:00:00,48.98,1.86,6.18,38.04,0.53,2854.35,6,99.0,96.31,EXCELLENT,0,0,151
FAC-001,FacilityOps Campus,AST-002,Chiller 1,Chiller,Building A,Block A2,2026-01-21 01:00:00,52.57,1.85,6.22,28.16,0.56,2854.9,6,99.04,96.33,EXCELLENT,0,0,163
FAC-001,FacilityOps Campus,AST-002,Chiller 1,Chiller,Building A,Block A2,2026-01-21 02:00:00,49.57,2.11,5.87,33.37,0.85,2855.75,6,99.08,95.1,EXCELLENT,0,0,106
FAC-001,FacilityOps Campus,AST-002,Chiller 1,Chiller,Building A,Block A2,2026-01-21 03:00:00,49.81,2.21,6.44,19.55,0.47,2856.22,6,99.12,95.45,EXCELLENT,0,0,91
FAC-001,FacilityOps Campus,AST-002,Chiller 1,Chiller,Building A,Block A2,2026-01-21 04:00:00,80.57,2.86,5.79,36.72,0.53,2856.75,6,99.17,37.26,CRITICAL,1,1,2
FAC-001,FacilityOps Campus,AST-002,Chiller 1,Chiller,Building A,Block A2,2026-01-21 05:00:00,53.46,2.35,5.85,22.27,0.94,2857.69,6,99.21,93.88,EXCELLENT,0,0,118
FAC-001,FacilityOps Campus,AST-002,Chiller 1,Chiller,Building A,Block A2,2026-01-21 06:00:00,53.59,2.26,6.04,35.72,0.6,2858.3,6,99.25,95.77,EXCELLENT,0,0,149
FAC-001,FacilityOps Campus,AST-002,Chiller 1,Chiller,Building A,Block A2,2026-01-21 07:00:00,51.56,1.93,5.98,34.91,0.62,2858.92,6,99.29,95.52,EXCELLENT,0,0,155
FAC-001,FacilityOps Campus,AST-002,Chiller 1,Chiller,Building A,Block A2,2026-01-21 08:00:00,50.74,1.72,5.79,56.27,0.97,2859.89,6,99.33,94.75,EXCELLENT,0,0,161
FAC-001,FacilityOps Campus,AST-002,Chiller 1,Chiller,Building A,Block A2,2026-01-21 09:00:00,49.86,1.79,6.32,55.03,0.89,2860.78,6,99.38,95.93,EXCELLENT,0,0,114
FAC-001,FacilityOps Campus,AST-002,Chiller 1,Chiller,Building A,Block A2,2026-01-21 10:00:00,51.47,1.61,6.24,42.92,0.55,2861.33,6,99.42,96.23,EXCELLENT,0,0,103
FAC-001,FacilityOps Campus,AST-002,Chiller 1,Chiller,Building A,Block A2,2026-01-21 11:00:00,49.81,1.5,6.59,48.89,0.71,2862.05,6,99.46,94.83,EXCELLENT,0,0,175
FAC-001,FacilityOps Campus,AST-002,Chiller 1,Chiller,Building A,Block A2,2026-01-21 12:00:00,50.94,2.23,6.26,52.67,0.78,2862.82,6,99.5,96.15,EXCELLENT,0,0,153
FAC-001,FacilityOps Campus,AST-002,Chiller 1,Chiller,Building A,Block A2,2026-01-21 13:00:00,52.05,2.06,6.09,59.37,0.65,2863.47,6,99.54,95.95,EXCELLENT,0,0,165
FAC-001,FacilityOps Campus,AST-002,Chiller 1,Chiller,Building A,Block A2,2026-01-21 14:00:00,53.37,1.78,6.2,46.26,0.62,2864.09,6,99.58,96.38,EXCELLENT,0,0,169
FAC-001,FacilityOps Campus,AST-002,Chiller 1,Chiller,Building A,Block A2,2026-01-21 15:00:00,56.09,1.78,6.45,62.63,0.98,2865.07,6,99.62,95.41,EXCELLENT,0,0,107
FAC-001,FacilityOps Campus,AST-002,Chiller 1,Chiller,Building A,Block A2,2026-01-21 16:00:00,54.91,2.36,5.71,51.88,0.43,2865.5,6,99.67,93.0,EXCELLENT,0,0,155
FAC-001,FacilityOps Campus,AST-002,Chiller 1,Chiller,Building A,Block A2,2026-01-21 17:00:00,52.34,1.82,6.04,61.35,0.69,2866.19,6,99.71,95.74,EXCELLENT,0,0,163
FAC-001,FacilityOps Campus,AST-002,Chiller 1,Chiller,Building A,Block A2,2026-01-21 18:00:00,53.2,1.9,5.97,56.88,0.87,2867.06,6,99.75,95.49,EXCELLENT,0,0,93
FAC-001,FacilityOps Campus,AST-002,Chiller 1,Chiller,Building A,Block A2,2026-01-21 19:00:00,53.05,1.37,5.97,27.06,0.4,2867.47,6,99.79,95.48,EXCELLENT,0,0,161
FAC-001,FacilityOps Campus,AST-002,Chiller 1,Chiller,Building A,Block A2,2026-01-21 20:00:00,53.45,2.17,5.78,23.81,0.45,2867.91,6,99.83,94.73,EXCELLENT,0,0,104
FAC-001,FacilityOps Campus,AST-002,Chiller 1,Chiller,Building A,Block A2,2026-01-21 21:00:00,52.14,1.58,6.47,36.75,0.65,2868.57,6,99.88,95.3,EXCELLENT,0,0,150
FAC-001,FacilityOps Campus,AST-002,Chiller 1,Chiller,Building A,Block A2,2026-01-21 22:00:00,50.84,2.17,5.7,22.48,0.43,2869.0,6,99.92,94.39,EXCELLENT,0,0,125
FAC-001,FacilityOps Campus,AST-002,Chiller 1,Chiller,Building A,Block A2,2026-01-21 23:00:00,51.82,2.38,6.54,16.84,0.6,2869.6,6,99.96,93.25,EXCELLENT,0,0,139
FAC-001,FacilityOps Campus,AST-002,Chiller 1,Chiller,Building A,Block A2,2026-01-22 00:00:00,49.08,1.68,5.96,22.78,0.42,2870.02,6,100.0,95.44,EXCELLENT,0,0,90
FAC-001,FacilityOps Campus,AST-002,Chiller 1,Chiller,Building A,Block A2,2026-01-22 01:00:00,52.5,2.13,6.74,26.95,0.71,2870.74,6,100.04,94.25,EXCELLENT,0,0,164
FAC-001,FacilityOps Campus,AST-002,Chiller 1,Chiller,Building A,Block A2,2026-01-22 02:00:00,54.11,1.94,6.13,44.8,0.52,2871.25,6,100.08,96.1,EXCELLENT,0,0,111
FAC-001,FacilityOps Campus,AST-002,Chiller 1,Chiller,Building A,Block A2,2026-01-22 03:00:00,54.25,1.91,6.42,25.08,0.86,2872.11,6,100.12,95.53,EXCELLENT,0,0,165
FAC-001,FacilityOps Campus,AST-002,Chiller 1,Chiller,Building A,Block A2,2026-01-22 04:00:00,54.12,1.75,5.99,28.88,0.8,2872.91,6,100.17,95.58,EXCELLENT,0,0,98
FAC-001,FacilityOps Campus,AST-002,Chiller 1,Chiller,Building A,Block A2,2026-01-22 05:00:00,54.0,2.29,6.3,26.67,0.71,2873.62,6,100.21,96.0,EXCELLENT,0,0,172
FAC-001,FacilityOps Campus,AST-002,Chiller 1,Chiller,Building A,Block A2,2026-01-22 06:00:00,54.04,2.1,7.12,39.77,0.48,2874.1,6,100.25,92.74,EXCELLENT,0,0,151
FAC-001,FacilityOps Campus,AST-002,Chiller 1,Chiller,Building A,Block A2,2026-01-22 07:00:00,48.26,2.05,5.53,34.81,0.55,2874.65,6,100.29,93.73,EXCELLENT,0,0,118
FAC-001,FacilityOps Campus,AST-002,Chiller 1,Chiller,Building A,Block A2,2026-01-22 08:00:00,52.22,2.13,6.16,62.28,0.68,2875.33,6,100.33,96.26,EXCELLENT,0,0,154
FAC-001,FacilityOps Campus,AST-002,Chiller 1,Chiller,Building A,Block A2,2026-01-22 09:00:00,54.26,2.07,6.04,48.14,0.41,2875.74,6,100.38,95.75,EXCELLENT,0,0,101
FAC-001,FacilityOps Campus,AST-002,Chiller 1,Chiller,Building A,Block A2,2026-01-22 10:00:00,51.88,2.03,6.37,60.57,0.87,2876.6,6,100.42,95.71,EXCELLENT,0,0,141
FAC-001,FacilityOps Campus,AST-002,Chiller 1,Chiller,Building A,Block A2,2026-01-22 11:00:00,51.64,1.52,6.08,54.17,0.5,2877.11,6,100.46,95.93,EXCELLENT,0,0,134
FAC-001,FacilityOps Campus,AST-002,Chiller 1,Chiller,Building A,Block A2,2026-01-22 12:00:00,51.86,2.28,6.37,48.45,0.5,2877.61,6,100.5,95.72,EXCELLENT,0,0,160
FAC-001,FacilityOps Campus,AST-002,Chiller 1,Chiller,Building A,Block A2,2026-01-22 13:00:00,52.37,2.07,6.3,44.82,0.71,2878.31,6,100.54,96.02,EXCELLENT,0,0,121
FAC-001,FacilityOps Campus,AST-002,Chiller 1,Chiller,Building A,Block A2,2026-01-22 14:00:00,51.06,2.35,6.12,50.86,0.85,2879.16,6,100.58,94.94,EXCELLENT,0,0,152
FAC-001,FacilityOps Campus,AST-002,Chiller 1,Chiller,Building A,Block A2,2026-01-22 15:00:00,51.26,1.73,5.74,68.84,0.64,2879.79,6,100.62,93.26,EXCELLENT,0,0,108
FAC-001,FacilityOps Campus,AST-002,Chiller 1,Chiller,Building A,Block A2,2026-01-22 16:00:00,53.99,2.11,6.24,51.39,0.59,2880.38,6,100.67,96.24,EXCELLENT,0,0,97
FAC-001,FacilityOps Campus,AST-002,Chiller 1,Chiller,Building A,Block A2,2026-01-22 17:00:00,72.88,3.34,4.47,57.14,0.78,2881.16,6,100.71,35.95,CRITICAL,1,1,2
FAC-001,FacilityOps Campus,AST-002,Chiller 1,Chiller,Building A,Block A2,2026-01-22 18:00:00,54.54,2.05,6.22,55.02,0.85,2882.01,6,100.75,96.34,EXCELLENT,0,0,110
FAC-001,FacilityOps Campus,AST-002,Chiller 1,Chiller,Building A,Block A2,2026-01-22 19:00:00,55.58,1.66,6.1,28.43,0.67,2882.68,6,100.79,95.99,EXCELLENT,0,0,175
FAC-001,FacilityOps Campus,AST-002,Chiller 1,Chiller,Building A,Block A2,2026-01-22 20:00:00,51.61,2.15,5.71,36.65,0.8,2883.48,6,100.83,94.45,EXCELLENT,0,0,176
FAC-001,FacilityOps Campus,AST-002,Chiller 1,Chiller,Building A,Block A2,2026-01-22 21:00:00,69.59,3.78,6.82,48.06,0.91,2884.39,6,100.88,36.88,CRITICAL,1,1,4
FAC-001,FacilityOps Campus,AST-002,Chiller 1,Chiller,Building A,Block A2,2026-01-22 22:00:00,51.62,2.22,6.25,21.26,0.61,2885.0,6,100.92,96.19,EXCELLENT,0,0,170
FAC-001,FacilityOps Campus,AST-002,Chiller 1,Chiller,Building A,Block A2,2026-01-22 23:00:00,51.22,1.78,6.19,26.23,0.97,2885.97,6,100.96,96.36,EXCELLENT,0,0,131
FAC-001,FacilityOps Campus,AST-002,Chiller 1,Chiller,Building A,Block A2,2026-01-23 00:00:00,53.92,2.08,6.22,30.62,0.83,2886.8,6,101.0,96.32,EXCELLENT,0,0,142
FAC-001,FacilityOps Campus,AST-002,Chiller 1,Chiller,Building A,Block A2,2026-01-23 01:00:00,52.2,1.61,5.89,32.6,0.95,2887.75,6,101.04,95.15,EXCELLENT,0,0,151
FAC-001,FacilityOps Campus,AST-002,Chiller 1,Chiller,Building A,Block A2,2026-01-23 02:00:00,48.05,2.13,5.83,22.08,0.9,2888.65,6,101.08,94.91,EXCELLENT,0,0,139
FAC-001,FacilityOps Campus,AST-002,Chiller 1,Chiller,Building A,Block A2,2026-01-23 03:00:00,63.96,3.58,6.95,40.24,0.99,2889.65,6,101.12,51.65,WARNING,1,1,28
FAC-001,FacilityOps Campus,AST-002,Chiller 1,Chiller,Building A,Block A2,2026-01-23 04:00:00,54.42,2.32,6.07,17.74,0.8,2890.45,6,101.17,95.53,EXCELLENT,0,0,92
FAC-001,FacilityOps Campus,AST-002,Chiller 1,Chiller,Building A,Block A2,2026-01-23 05:00:00,55.54,1.87,6.15,24.4,0.65,2891.1,6,101.21,96.2,EXCELLENT,0,0,108
FAC-001,FacilityOps Campus,AST-002,Chiller 1,Chiller,Building A,Block A2,2026-01-23 06:00:00,48.84,2.41,6.5,16.02,0.9,2892.0,6,101.25,92.79,EXCELLENT,0,0,140
FAC-001,FacilityOps Campus,AST-002,Chiller 1,Chiller,Building A,Block A2,2026-01-23 07:00:00,54.64,2.02,5.67,29.61,0.54,2892.54,6,101.29,94.28,EXCELLENT,0,0,117
FAC-001,FacilityOps Campus,AST-002,Chiller 1,Chiller,Building A,Block A2,2026-01-23 08:00:00,49.16,2.18,6.24,50.29,0.61,2893.15,6,101.33,96.24,EXCELLENT,0,0,127
FAC-001,FacilityOps Campus,AST-002,Chiller 1,Chiller,Building A,Block A2,2026-01-23 09:00:00,81.17,2.92,6.99,68.26,0.97,2894.12,6,101.38,32.15,CRITICAL,1,1,6
FAC-001,FacilityOps Campus,AST-002,Chiller 1,Chiller,Building A,Block A2,2026-01-23 10:00:00,48.14,1.67,6.33,52.43,0.93,2895.05,6,101.42,95.89,EXCELLENT,0,0,102
FAC-001,FacilityOps Campus,AST-002,Chiller 1,Chiller,Building A,Block A2,2026-01-23 11:00:00,48.45,1.76,6.25,43.85,0.57,2895.62,6,101.46,96.21,EXCELLENT,0,0,96
FAC-001,FacilityOps Campus,AST-002,Chiller 1,Chiller,Building A,Block A2,2026-01-23 12:00:00,50.09,1.78,5.95,58.18,0.97,2896.59,6,101.5,95.42,EXCELLENT,0,0,168
FAC-001,FacilityOps Campus,AST-002,Chiller 1,Chiller,Building A,Block A2,2026-01-23 13:00:00,52.71,2.06,6.15,50.61,0.91,2897.5,6,101.54,96.2,EXCELLENT,0,0,98
FAC-001,FacilityOps Campus,AST-002,Chiller 1,Chiller,Building A,Block A2,2026-01-23 14:00:00,51.65,1.72,6.39,41.47,0.73,2898.23,6,101.58,95.63,EXCELLENT,0,0,153
FAC-001,FacilityOps Campus,AST-002,Chiller 1,Chiller,Building A,Block A2,2026-01-23 15:00:00,51.25,2.07,6.16,49.17,0.88,2899.11,6,101.62,96.26,EXCELLENT,0,0,105
FAC-001,FacilityOps Campus,AST-002,Chiller 1,Chiller,Building A,Block A2,2026-01-23 16:00:00,52.77,2.04,6.15,47.72,0.48,2899.59,6,101.67,96.18,EXCELLENT,0,0,155
FAC-001,FacilityOps Campus,AST-002,Chiller 1,Chiller,Building A,Block A2,2026-01-23 17:00:00,55.07,1.75,6.31,59.08,0.81,2900.4,6,101.71,95.94,EXCELLENT,0,0,106
FAC-001,FacilityOps Campus,AST-002,Chiller 1,Chiller,Building A,Block A2,2026-01-23 18:00:00,53.87,1.7,6.16,59.0,0.95,2901.35,6,101.75,96.24,EXCELLENT,0,0,165
FAC-001,FacilityOps Campus,AST-002,Chiller 1,Chiller,Building A,Block A2,2026-01-23 19:00:00,53.41,1.92,6.47,27.13,0.92,2902.27,6,101.79,95.31,EXCELLENT,0,0,138
FAC-001,FacilityOps Campus,AST-002,Chiller 1,Chiller,Building A,Block A2,2026-01-23 20:00:00,69.91,3.47,5.82,44.48,0.62,2902.89,6,101.83,44.11,CRITICAL,1,1,5
FAC-001,FacilityOps Campus,AST-002,Chiller 1,Chiller,Building A,Block A2,2026-01-23 21:00:00,53.56,1.94,6.11,44.99,0.95,2903.84,6,101.88,96.03,EXCELLENT,0,0,135
FAC-001,FacilityOps Campus,AST-002,Chiller 1,Chiller,Building A,Block A2,2026-01-23 22:00:00,74.21,3.14,6.08,45.67,0.63,2904.47,6,101.92,44.4,CRITICAL,1,1,1
FAC-001,FacilityOps Campus,AST-002,Chiller 1,Chiller,Building A,Block A2,2026-01-23 23:00:00,51.89,2.12,5.89,25.02,0.55,2905.02,6,101.96,95.17,EXCELLENT,0,0,92
FAC-001,FacilityOps Campus,AST-002,Chiller 1,Chiller,Building A,Block A2,2026-01-24 00:00:00,53.26,2.25,6.16,25.52,0.9,2905.92,6,102.0,96.24,EXCELLENT,0,0,104
FAC-001,FacilityOps Campus,AST-002,Chiller 1,Chiller,Building A,Block A2,2026-01-24 01:00:00,53.08,2.09,5.81,23.51,0.47,2906.39,6,102.04,94.84,EXCELLENT,0,0,113
FAC-001,FacilityOps Campus,AST-002,Chiller 1,Chiller,Building A,Block A2,2026-01-24 02:00:00,52.37,1.85,6.28,39.68,0.76,2907.15,6,102.08,96.09,EXCELLENT,0,0,92
FAC-001,FacilityOps Campus,AST-002,Chiller 1,Chiller,Building A,Block A2,2026-01-24 03:00:00,70.09,3.54,5.97,45.99,0.8,2907.95,6,102.12,42.8,CRITICAL,1,1,1
FAC-001,FacilityOps Campus,AST-002,Chiller 1,Chiller,Building A,Block A2,2026-01-24 04:00:00,54.11,2.07,5.65,37.04,0.94,2908.89,6,102.17,94.2,EXCELLENT,0,0,175
FAC-001,FacilityOps Campus,AST-002,Chiller 1,Chiller,Building A,Block A2,2026-01-24 05:00:00,51.25,1.63,6.58,31.15,0.94,2909.83,6,102.21,94.87,EXCELLENT,0,0,156
FAC-001,FacilityOps Campus,AST-002,Chiller 1,Chiller,Building A,Block A2,2026-01-24 06:00:00,50.64,2.19,6.25,22.07,0.66,2910.49,6,102.25,96.18,EXCELLENT,0,0,153
FAC-001,FacilityOps Campus,AST-002,Chiller 1,Chiller,Building A,Block A2,2026-01-24 07:00:00,53.49,1.93,6.09,30.68,0.45,2910.94,6,102.29,95.96,EXCELLENT,0,0,98
FAC-001,FacilityOps Campus,AST-002,Chiller 1,Chiller,Building A,Block A2,2026-01-24 08:00:00,52.5,2.12,6.44,44.62,0.91,2911.85,6,102.33,95.44,EXCELLENT,0,0,156
FAC-001,FacilityOps Campus,AST-002,Chiller 1,Chiller,Building A,Block A2,2026-01-24 09:00:00,52.41,2.33,6.06,41.8,0.99,2912.84,6,102.38,95.27,EXCELLENT,0,0,102
FAC-001,FacilityOps Campus,AST-002,Chiller 1,Chiller,Building A,Block A2,2026-01-24 10:00:00,48.01,2.37,6.82,65.7,0.5,2913.34,6,102.42,92.3,EXCELLENT,0,0,141
FAC-001,FacilityOps Campus,AST-002,Chiller 1,Chiller,Building A,Block A2,2026-01-24 11:00:00,53.61,2.03,6.48,52.45,0.98,2914.32,6,102.46,95.26,EXCELLENT,0,0,132
FAC-001,FacilityOps Campus,AST-002,Chiller 1,Chiller,Building A,Block A2,2026-01-24 12:00:00,50.37,2.02,5.74,52.25,1.0,2915.32,6,102.5,94.58,EXCELLENT,0,0,104
FAC-001,FacilityOps Campus,AST-002,Chiller 1,Chiller,Building A,Block A2,2026-01-24 13:00:00,55.04,2.04,5.82,46.14,0.43,2915.74,6,102.54,94.88,EXCELLENT,0,0,127
FAC-001,FacilityOps Campus,AST-002,Chiller 1,Chiller,Building A,Block A2,2026-01-24 14:00:00,49.06,1.91,6.56,49.15,0.88,2916.62,6,102.58,94.95,EXCELLENT,0,0,176
FAC-001,FacilityOps Campus,AST-002,Chiller 1,Chiller,Building A,Block A2,2026-01-24 15:00:00,55.83,2.11,6.75,45.74,0.98,2917.61,6,102.62,94.18,EXCELLENT,0,0,97
FAC-001,FacilityOps Campus,AST-002,Chiller 1,Chiller,Building A,Block A2,2026-01-24 16:00:00,49.0,1.84,6.6,54.74,0.73,2918.33,6,102.67,94.82,EXCELLENT,0,0,144
FAC-001,FacilityOps Campus,AST-002,Chiller 1,Chiller,Building A,Block A2,2026-01-24 17:00:00,52.47,1.94,5.36,56.7,0.65,2918.99,6,102.71,93.04,EXCELLENT,0,0,172
FAC-001,FacilityOps Campus,AST-002,Chiller 1,Chiller,Building A,Block A2,2026-01-24 18:00:00,52.49,2.27,6.44,47.68,0.68,2919.67,6,102.75,95.45,EXCELLENT,0,0,98
FAC-001,FacilityOps Campus,AST-002,Chiller 1,Chiller,Building A,Block A2,2026-01-24 19:00:00,52.61,2.07,5.74,29.92,0.92,2920.59,6,102.79,94.57,EXCELLENT,0,0,93
FAC-001,FacilityOps Campus,AST-002,Chiller 1,Chiller,Building A,Block A2,2026-01-24 20:00:00,54.59,1.57,6.23,22.26,0.89,2921.47,6,102.83,96.28,EXCELLENT,0,0,170
FAC-001,FacilityOps Campus,AST-002,Chiller 1,Chiller,Building A,Block A2,2026-01-24 21:00:00,54.35,1.82,6.32,18.68,0.95,2922.42,6,102.88,95.91,EXCELLENT,0,0,103
FAC-001,FacilityOps Campus,AST-002,Chiller 1,Chiller,Building A,Block A2,2026-01-24 22:00:00,50.91,2.0,6.59,27.62,0.71,2923.13,6,102.92,94.83,EXCELLENT,0,0,103
FAC-001,FacilityOps Campus,AST-002,Chiller 1,Chiller,Building A,Block A2,2026-01-24 23:00:00,53.68,2.27,6.48,20.98,0.6,2923.73,6,102.96,95.27,EXCELLENT,0,0,153
FAC-001,FacilityOps Campus,AST-002,Chiller 1,Chiller,Building A,Block A2,2026-01-25 00:00:00,49.25,2.01,6.39,32.47,0.63,2924.36,6,103.0,95.64,EXCELLENT,0,0,123
FAC-001,FacilityOps Campus,AST-002,Chiller 1,Chiller,Building A,Block A2,2026-01-25 01:00:00,52.71,2.2,6.27,35.44,0.88,2925.24,6,103.04,96.12,EXCELLENT,0,0,175
FAC-001,FacilityOps Campus,AST-002,Chiller 1,Chiller,Building A,Block A2,2026-01-25 02:00:00,51.57,1.98,5.69,37.61,0.44,2925.68,6,103.08,94.35,EXCELLENT,0,0,128
FAC-001,FacilityOps Campus,AST-002,Chiller 1,Chiller,Building A,Block A2,2026-01-25 03:00:00,47.63,1.92,5.49,26.05,0.75,2926.43,6,103.12,93.58,EXCELLENT,0,0,169
FAC-001,FacilityOps Campus,AST-002,Chiller 1,Chiller,Building A,Block A2,2026-01-25 04:00:00,51.14,2.18,6.64,29.53,0.77,2927.21,6,103.17,94.65,EXCELLENT,0,0,170
FAC-001,FacilityOps Campus,AST-002,Chiller 1,Chiller,Building A,Block A2,2026-01-25 05:00:00,52.05,2.33,6.18,21.83,0.72,2927.92,6,103.21,95.62,EXCELLENT,0,0,146
FAC-001,FacilityOps Campus,AST-002,Chiller 1,Chiller,Building A,Block A2,2026-01-25 06:00:00,50.14,2.04,6.36,28.04,1.0,2928.92,6,103.25,95.76,EXCELLENT,0,0,104
FAC-001,FacilityOps Campus,AST-002,Chiller 1,Chiller,Building A,Block A2,2026-01-25 07:00:00,54.43,2.02,6.18,27.47,0.82,2929.74,6,103.29,96.32,EXCELLENT,0,0,92
FAC-001,FacilityOps Campus,AST-002,Chiller 1,Chiller,Building A,Block A2,2026-01-25 08:00:00,49.75,1.9,6.29,43.27,0.42,2930.16,6,103.33,96.06,EXCELLENT,0,0,148
FAC-001,FacilityOps Campus,AST-002,Chiller 1,Chiller,Building A,Block A2,2026-01-25 09:00:00,48.26,2.05,6.05,53.84,0.7,2930.86,6,103.38,95.81,EXCELLENT,0,0,114
FAC-001,FacilityOps Campus,AST-002,Chiller 1,Chiller,Building A,Block A2,2026-01-25 10:00:00,51.08,2.06,6.7,44.58,0.5,2931.37,6,103.42,94.39,EXCELLENT,0,0,113
FAC-001,FacilityOps Campus,AST-002,Chiller 1,Chiller,Building A,Block A2,2026-01-25 11:00:00,49.9,1.7,6.43,62.11,0.94,2932.31,6,103.46,95.46,EXCELLENT,0,0,133
FAC-001,FacilityOps Campus,AST-002,Chiller 1,Chiller,Building A,Block A2,2026-01-25 12:00:00,52.09,2.08,5.82,57.23,0.63,2932.94,6,103.5,94.89,EXCELLENT,0,0,145
FAC-001,FacilityOps Campus,AST-002,Chiller 1,Chiller,Building A,Block A2,2026-01-25 13:00:00,54.65,2.07,6.31,48.64,0.65,2933.58,6,103.54,95.98,EXCELLENT,0,0,144
FAC-001,FacilityOps Campus,AST-002,Chiller 1,Chiller,Building A,Block A2,2026-01-25 14:00:00,55.93,2.03,6.35,43.92,0.86,2934.44,6,103.58,95.8,EXCELLENT,0,0,141
FAC-001,FacilityOps Campus,AST-002,Chiller 1,Chiller,Building A,Block A2,2026-01-25 15:00:00,48.8,1.91,6.03,56.35,0.46,2934.9,6,103.62,95.72,EXCELLENT,0,0,173
FAC-001,FacilityOps Campus,AST-002,Chiller 1,Chiller,Building A,Block A2,2026-01-25 16:00:00,53.45,2.07,6.01,54.71,0.93,2935.83,6,103.67,95.65,EXCELLENT,0,0,166
FAC-001,FacilityOps Campus,AST-002,Chiller 1,Chiller,Building A,Block A2,2026-01-25 17:00:00,59.77,2.17,5.23,71.17,0.4,2936.23,6,103.71,84.87,GOOD,1,0,51
FAC-001,FacilityOps Campus,AST-002,Chiller 1,Chiller,Building A,Block A2,2026-01-25 18:00:00,53.76,1.9,6.45,59.71,0.89,2937.12,6,103.75,95.39,EXCELLENT,0,0,161
FAC-001,FacilityOps Campus,AST-002,Chiller 1,Chiller,Building A,Block A2,2026-01-25 19:00:00,52.08,1.66,6.42,28.08,0.53,2937.65,6,103.79,95.51,EXCELLENT,0,0,99
FAC-001,FacilityOps Campus,AST-002,Chiller 1,Chiller,Building A,Block A2,2026-01-25 20:00:00,50.94,1.67,6.04,27.91,0.46,2938.11,6,103.83,95.75,EXCELLENT,0,0,109
FAC-001,FacilityOps Campus,AST-002,Chiller 1,Chiller,Building A,Block A2,2026-01-25 21:00:00,54.52,2.48,5.91,35.8,0.54,2938.65,6,103.88,91.19,EXCELLENT,0,0,179
FAC-001,FacilityOps Campus,AST-002,Chiller 1,Chiller,Building A,Block A2,2026-01-25 22:00:00,51.78,1.82,6.49,43.75,0.94,2939.58,6,103.92,95.25,EXCELLENT,0,0,118
FAC-001,FacilityOps Campus,AST-002,Chiller 1,Chiller,Building A,Block A2,2026-01-25 23:00:00,48.94,1.88,6.01,44.51,0.53,2940.12,6,103.96,95.64,EXCELLENT,0,0,150
FAC-001,FacilityOps Campus,AST-002,Chiller 1,Chiller,Building A,Block A2,2026-01-26 00:00:00,53.52,1.8,6.78,41.01,0.57,2940.69,6,104.0,94.09,EXCELLENT,0,0,160
FAC-001,FacilityOps Campus,AST-002,Chiller 1,Chiller,Building A,Block A2,2026-01-26 01:00:00,53.31,1.94,6.29,24.56,1.0,2941.69,6,104.04,96.05,EXCELLENT,0,0,115
FAC-001,FacilityOps Campus,AST-002,Chiller 1,Chiller,Building A,Block A2,2026-01-26 02:00:00,55.66,2.26,6.32,36.43,0.77,2942.46,6,104.08,95.92,EXCELLENT,0,0,168
FAC-001,FacilityOps Campus,AST-002,Chiller 1,Chiller,Building A,Block A2,2026-01-26 03:00:00,51.34,2.15,6.1,35.04,0.74,2943.2,6,104.12,96.0,EXCELLENT,0,0,129
FAC-001,FacilityOps Campus,AST-002,Chiller 1,Chiller,Building A,Block A2,2026-01-26 04:00:00,53.2,1.83,6.46,35.61,0.82,2944.02,6,104.17,95.36,EXCELLENT,0,0,122
FAC-001,FacilityOps Campus,AST-002,Chiller 1,Chiller,Building A,Block A2,2026-01-26 05:00:00,53.07,2.01,6.15,30.57,0.77,2944.8,6,104.21,96.2,EXCELLENT,0,0,148
FAC-001,FacilityOps Campus,AST-002,Chiller 1,Chiller,Building A,Block A2,2026-01-26 06:00:00,49.49,2.48,5.89,36.5,0.53,2945.33,6,104.25,91.16,EXCELLENT,0,0,96
FAC-001,FacilityOps Campus,AST-002,Chiller 1,Chiller,Building A,Block A2,2026-01-26 07:00:00,54.91,1.98,6.37,26.76,0.61,2945.94,6,104.29,95.73,EXCELLENT,0,0,114
FAC-001,FacilityOps Campus,AST-002,Chiller 1,Chiller,Building A,Block A2,2026-01-26 08:00:00,56.21,1.69,5.9,51.12,0.44,2946.38,6,104.33,95.19,EXCELLENT,0,0,102
FAC-001,FacilityOps Campus,AST-002,Chiller 1,Chiller,Building A,Block A2,2026-01-26 09:00:00,52.92,2.13,6.17,44.36,0.65,2947.02,6,104.38,96.27,EXCELLENT,0,0,164
FAC-001,FacilityOps Campus,AST-002,Chiller 1,Chiller,Building A,Block A2,2026-01-26 10:00:00,51.47,2.08,6.31,46.56,0.99,2948.01,6,104.42,95.97,EXCELLENT,0,0,131
FAC-001,FacilityOps Campus,AST-002,Chiller 1,Chiller,Building A,Block A2,2026-01-26 11:00:00,51.49,2.21,6.07,54.34,0.85,2948.86,6,104.46,95.89,EXCELLENT,0,0,113
FAC-001,FacilityOps Campus,AST-002,Chiller 1,Chiller,Building A,Block A2,2026-01-26 12:00:00,58.32,1.7,6.07,45.45,0.46,2949.31,6,104.5,93.73,EXCELLENT,0,0,175
FAC-001,FacilityOps Campus,AST-002,Chiller 1,Chiller,Building A,Block A2,2026-01-26 13:00:00,55.39,1.85,5.97,46.73,0.5,2949.82,6,104.54,95.46,EXCELLENT,0,0,103
FAC-001,FacilityOps Campus,AST-002,Chiller 1,Chiller,Building A,Block A2,2026-01-26 14:00:00,55.35,2.22,6.35,56.24,0.97,2950.79,6,104.58,95.78,EXCELLENT,0,0,155
FAC-001,FacilityOps Campus,AST-002,Chiller 1,Chiller,Building A,Block A2,2026-01-26 15:00:00,54.22,1.98,6.18,47.49,0.88,2951.67,6,104.62,96.32,EXCELLENT,0,0,177
FAC-001,FacilityOps Campus,AST-002,Chiller 1,Chiller,Building A,Block A2,2026-01-26 16:00:00,52.49,1.91,6.27,45.3,0.77,2952.44,6,104.67,96.12,EXCELLENT,0,0,155
FAC-001,FacilityOps Campus,AST-002,Chiller 1,Chiller,Building A,Block A2,2026-01-26 17:00:00,48.08,1.98,6.45,50.17,0.4,2952.84,6,104.71,95.39,EXCELLENT,0,0,97
FAC-001,FacilityOps Campus,AST-002,Chiller 1,Chiller,Building A,Block A2,2026-01-26 18:00:00,85.39,3.5,7.77,61.44,0.41,2953.25,6,104.75,8.91,CRITICAL,1,1,6
FAC-001,FacilityOps Campus,AST-002,Chiller 1,Chiller,Building A,Block A2,2026-01-26 19:00:00,51.05,2.19,6.15,21.84,0.79,2954.05,6,104.79,96.19,EXCELLENT,0,0,94
FAC-001,FacilityOps Campus,AST-002,Chiller 1,Chiller,Building A,Block A2,2026-01-26 20:00:00,55.64,2.03,6.04,37.08,0.92,2954.97,6,104.83,95.76,EXCELLENT,0,0,98
FAC-001,FacilityOps Campus,AST-002,Chiller 1,Chiller,Building A,Block A2,2026-01-26 21:00:00,51.11,2.09,6.15,19.37,0.75,2955.72,6,104.88,96.21,EXCELLENT,0,0,164
FAC-001,FacilityOps Campus,AST-002,Chiller 1,Chiller,Building A,Block A2,2026-01-26 22:00:00,55.71,1.77,6.49,28.25,0.85,2956.57,6,104.92,95.26,EXCELLENT,0,0,96
FAC-001,FacilityOps Campus,AST-002,Chiller 1,Chiller,Building A,Block A2,2026-01-26 23:00:00,54.51,1.9,6.72,31.72,0.46,2957.03,6,104.96,94.34,EXCELLENT,0,0,92
FAC-001,FacilityOps Campus,AST-002,Chiller 1,Chiller,Building A,Block A2,2026-01-27 00:00:00,50.75,1.81,6.55,32.08,0.85,2957.88,6,105.0,94.99,EXCELLENT,0,0,144
FAC-001,FacilityOps Campus,AST-002,Chiller 1,Chiller,Building A,Block A2,2026-01-27 01:00:00,48.52,1.88,6.21,27.44,0.53,2958.41,6,105.04,96.34,EXCELLENT,0,0,162
FAC-001,FacilityOps Campus,AST-002,Chiller 1,Chiller,Building A,Block A2,2026-01-27 02:00:00,52.05,1.99,6.58,17.02,0.78,2959.19,6,105.08,94.87,EXCELLENT,0,0,134
FAC-001,FacilityOps Campus,AST-002,Chiller 1,Chiller,Building A,Block A2,2026-01-27 03:00:00,54.45,1.94,6.26,24.04,0.41,2959.6,6,105.12,96.15,EXCELLENT,0,0,170
FAC-001,FacilityOps Campus,AST-002,Chiller 1,Chiller,Building A,Block A2,2026-01-27 04:00:00,51.5,1.9,6.51,39.9,0.77,2960.37,6,105.17,95.16,EXCELLENT,0,0,98
FAC-001,FacilityOps Campus,AST-002,Chiller 1,Chiller,Building A,Block A2,2026-01-27 05:00:00,50.22,2.28,6.39,34.61,0.61,2960.98,6,105.21,95.65,EXCELLENT,0,0,106
FAC-001,FacilityOps Campus,AST-002,Chiller 1,Chiller,Building A,Block A2,2026-01-27 06:00:00,49.48,2.43,6.01,38.73,0.91,2961.89,6,105.25,92.68,EXCELLENT,0,0,90
FAC-001,FacilityOps Campus,AST-002,Chiller 1,Chiller,Building A,Block A2,2026-01-27 07:00:00,53.49,2.08,5.99,24.97,0.85,2962.74,6,105.29,95.55,EXCELLENT,0,0,135
FAC-001,FacilityOps Campus,AST-002,Chiller 1,Chiller,Building A,Block A2,2026-01-27 08:00:00,50.43,1.49,6.31,59.18,0.6,2963.34,6,105.33,95.97,EXCELLENT,0,0,151
FAC-001,FacilityOps Campus,AST-002,Chiller 1,Chiller,Building A,Block A2,2026-01-27 09:00:00,48.59,2.09,6.36,59.45,0.59,2963.93,6,105.38,95.76,EXCELLENT,0,0,127
FAC-001,FacilityOps Campus,AST-002,Chiller 1,Chiller,Building A,Block A2,2026-01-27 10:00:00,53.43,2.35,6.34,50.92,0.8,2964.73,6,105.42,94.76,EXCELLENT,0,0,154
FAC-001,FacilityOps Campus,AST-002,Chiller 1,Chiller,Building A,Block A2,2026-01-27 11:00:00,53.81,2.21,5.99,58.79,0.95,2965.68,6,105.46,95.55,EXCELLENT,0,0,116
FAC-001,FacilityOps Campus,AST-002,Chiller 1,Chiller,Building A,Block A2,2026-01-27 12:00:00,52.56,1.49,6.36,49.45,0.75,2966.43,6,105.5,95.75,EXCELLENT,0,0,96
FAC-001,FacilityOps Campus,AST-002,Chiller 1,Chiller,Building A,Block A2,2026-01-27 13:00:00,50.27,1.7,6.5,55.72,0.85,2967.28,6,105.54,95.19,EXCELLENT,0,0,139
FAC-001,FacilityOps Campus,AST-002,Chiller 1,Chiller,Building A,Block A2,2026-01-27 14:00:00,51.6,2.02,6.09,59.47,0.46,2967.75,6,105.58,95.97,EXCELLENT,0,0,175
FAC-001,FacilityOps Campus,AST-002,Chiller 1,Chiller,Building A,Block A2,2026-01-27 15:00:00,50.19,1.96,6.5,58.34,0.77,2968.52,6,105.62,95.2,EXCELLENT,0,0,112
FAC-001,FacilityOps Campus,AST-002,Chiller 1,Chiller,Building A,Block A2,2026-01-27 16:00:00,50.5,1.81,6.18,66.08,0.95,2969.47,6,105.67,96.31,EXCELLENT,0,0,129
FAC-001,FacilityOps Campus,AST-002,Chiller 1,Chiller,Building A,Block A2,2026-01-27 17:00:00,52.91,1.87,6.25,62.69,0.61,2970.08,6,105.71,96.18,EXCELLENT,0,0,120
FAC-001,FacilityOps Campus,AST-002,Chiller 1,Chiller,Building A,Block A2,2026-01-27 18:00:00,79.2,3.85,5.26,61.24,0.48,2970.56,6,105.75,15.46,CRITICAL,1,1,2
FAC-001,FacilityOps Campus,AST-002,Chiller 1,Chiller,Building A,Block A2,2026-01-27 19:00:00,51.81,1.47,5.54,30.28,0.61,2971.17,6,105.79,93.76,EXCELLENT,0,0,143
FAC-001,FacilityOps Campus,AST-002,Chiller 1,Chiller,Building A,Block A2,2026-01-27 20:00:00,62.38,3.56,8.38,27.13,0.86,2972.03,6,105.83,49.46,CRITICAL,1,1,4
FAC-001,FacilityOps Campus,AST-002,Chiller 1,Chiller,Building A,Block A2,2026-01-27 21:00:00,54.81,2.17,6.26,27.89,0.88,2972.91,6,105.88,96.17,EXCELLENT,0,0,143
FAC-001,FacilityOps Campus,AST-002,Chiller 1,Chiller,Building A,Block A2,2026-01-27 22:00:00,55.26,2.03,6.18,32.67,0.86,2973.77,6,105.92,96.34,EXCELLENT,0,0,141
FAC-001,FacilityOps Campus,AST-002,Chiller 1,Chiller,Building A,Block A2,2026-01-27 23:00:00,53.48,2.29,5.83,30.25,0.9,2974.67,6,105.96,94.94,EXCELLENT,0,0,152
FAC-001,FacilityOps Campus,AST-002,Chiller 1,Chiller,Building A,Block A2,2026-01-28 00:00:00,55.63,1.84,6.7,30.39,0.63,2975.3,6,106.0,94.42,EXCELLENT,0,0,104
FAC-001,FacilityOps Campus,AST-002,Chiller 1,Chiller,Building A,Block A2,2026-01-28 01:00:00,53.15,1.66,6.0,39.08,0.63,2975.93,6,106.04,95.61,EXCELLENT,0,0,163
FAC-001,FacilityOps Campus,AST-002,Chiller 1,Chiller,Building A,Block A2,2026-01-28 02:00:00,51.95,2.07,6.35,27.58,0.69,2976.62,6,106.08,95.82,EXCELLENT,0,0,108
FAC-001,FacilityOps Campus,AST-002,Chiller 1,Chiller,Building A,Block A2,2026-01-28 03:00:00,50.39,1.75,5.87,36.16,0.68,2977.31,6,106.12,95.07,EXCELLENT,0,0,116
FAC-001,FacilityOps Campus,AST-002,Chiller 1,Chiller,Building A,Block A2,2026-01-28 04:00:00,53.94,2.37,5.87,35.23,0.59,2977.89,6,106.17,93.45,EXCELLENT,0,0,168
FAC-001,FacilityOps Campus,AST-002,Chiller 1,Chiller,Building A,Block A2,2026-01-28 05:00:00,49.73,1.42,6.16,19.59,0.75,2978.64,6,106.21,96.23,EXCELLENT,0,0,142
FAC-001,FacilityOps Campus,AST-002,Chiller 1,Chiller,Building A,Block A2,2026-01-28 06:00:00,54.27,2.13,6.7,18.55,0.52,2979.16,6,106.25,94.4,EXCELLENT,0,0,113
FAC-001,FacilityOps Campus,AST-002,Chiller 1,Chiller,Building A,Block A2,2026-01-28 07:00:00,55.17,1.69,6.61,26.37,0.49,2979.65,6,106.29,94.77,EXCELLENT,0,0,130
FAC-001,FacilityOps Campus,AST-002,Chiller 1,Chiller,Building A,Block A2,2026-01-28 08:00:00,52.65,1.62,6.2,46.69,0.64,2980.29,6,106.33,96.39,EXCELLENT,0,0,99
FAC-001,FacilityOps Campus,AST-002,Chiller 1,Chiller,Building A,Block A2,2026-01-28 09:00:00,55.81,1.95,6.55,41.44,0.43,2980.72,6,106.38,94.99,EXCELLENT,0,0,104
FAC-001,FacilityOps Campus,AST-002,Chiller 1,Chiller,Building A,Block A2,2026-01-28 10:00:00,51.18,2.32,5.84,47.36,0.96,2981.68,6,106.42,94.45,EXCELLENT,0,0,124
FAC-001,FacilityOps Campus,AST-002,Chiller 1,Chiller,Building A,Block A2,2026-01-28 11:00:00,91.39,3.51,5.71,66.84,0.67,2982.35,6,106.46,1.33,CRITICAL,1,1,4
FAC-001,FacilityOps Campus,AST-002,Chiller 1,Chiller,Building A,Block A2,2026-01-28 12:00:00,52.95,2.07,5.7,62.99,0.58,2982.94,6,106.5,94.38,EXCELLENT,0,0,168
FAC-001,FacilityOps Campus,AST-002,Chiller 1,Chiller,Building A,Block A2,2026-01-28 13:00:00,53.31,2.21,6.3,45.58,0.87,2983.8,6,106.54,96.0,EXCELLENT,0,0,146
FAC-001,FacilityOps Campus,AST-002,Chiller 1,Chiller,Building A,Block A2,2026-01-28 14:00:00,49.61,2.05,6.35,59.42,0.67,2984.47,6,106.58,95.81,EXCELLENT,0,0,176
FAC-001,FacilityOps Campus,AST-002,Chiller 1,Chiller,Building A,Block A2,2026-01-28 15:00:00,47.96,1.6,6.32,48.85,0.6,2985.07,6,106.62,95.92,EXCELLENT,0,0,95
FAC-001,FacilityOps Campus,AST-002,Chiller 1,Chiller,Building A,Block A2,2026-01-28 16:00:00,53.53,2.01,5.87,50.13,0.49,2985.56,6,106.67,95.09,EXCELLENT,0,0,101
FAC-001,FacilityOps Campus,AST-002,Chiller 1,Chiller,Building A,Block A2,2026-01-28 17:00:00,49.34,1.71,5.49,43.81,0.74,2986.3,6,106.71,93.57,EXCELLENT,0,0,148
FAC-001,FacilityOps Campus,AST-002,Chiller 1,Chiller,Building A,Block A2,2026-01-28 18:00:00,55.64,1.96,5.74,40.66,0.5,2986.81,6,106.75,94.56,EXCELLENT,0,0,145
FAC-001,FacilityOps Campus,AST-002,Chiller 1,Chiller,Building A,Block A2,2026-01-28 19:00:00,50.5,1.91,6.63,27.38,0.6,2987.4,6,106.79,94.68,EXCELLENT,0,0,176
FAC-001,FacilityOps Campus,AST-002,Chiller 1,Chiller,Building A,Block A2,2026-01-28 20:00:00,54.69,1.71,6.5,38.87,0.61,2988.01,6,106.83,95.18,EXCELLENT,0,0,104
FAC-001,FacilityOps Campus,AST-002,Chiller 1,Chiller,Building A,Block A2,2026-01-28 21:00:00,49.14,2.35,6.14,16.14,0.41,2988.42,6,106.88,94.91,EXCELLENT,0,0,156
FAC-001,FacilityOps Campus,AST-002,Chiller 1,Chiller,Building A,Block A2,2026-01-28 22:00:00,48.32,1.84,6.15,26.98,0.88,2989.3,6,106.92,96.21,EXCELLENT,0,0,123
FAC-001,FacilityOps Campus,AST-002,Chiller 1,Chiller,Building A,Block A2,2026-01-28 23:00:00,50.4,2.18,6.26,25.41,0.89,2990.2,6,106.96,96.15,EXCELLENT,0,0,132
FAC-001,FacilityOps Campus,AST-002,Chiller 1,Chiller,Building A,Block A2,2026-01-29 00:00:00,48.35,1.7,6.65,35.27,0.99,2991.19,6,107.0,94.6,EXCELLENT,0,0,142
FAC-001,FacilityOps Campus,AST-002,Chiller 1,Chiller,Building A,Block A2,2026-01-29 01:00:00,54.06,2.21,6.28,26.0,0.94,2992.13,6,107.04,96.06,EXCELLENT,0,0,107
FAC-001,FacilityOps Campus,AST-002,Chiller 1,Chiller,Building A,Block A2,2026-01-29 02:00:00,46.82,1.82,5.86,36.69,0.74,2992.87,6,107.08,95.02,EXCELLENT,0,0,174
FAC-001,FacilityOps Campus,AST-002,Chiller 1,Chiller,Building A,Block A2,2026-01-29 03:00:00,52.84,2.3,6.24,28.04,0.78,2993.64,6,107.12,96.25,EXCELLENT,0,0,115
FAC-001,FacilityOps Campus,AST-002,Chiller 1,Chiller,Building A,Block A2,2026-01-29 04:00:00,55.88,2.4,6.48,25.6,0.69,2994.33,6,107.17,92.94,EXCELLENT,0,0,150
FAC-001,FacilityOps Campus,AST-002,Chiller 1,Chiller,Building A,Block A2,2026-01-29 05:00:00,52.92,2.24,5.77,45.27,0.58,2994.91,6,107.21,94.7,EXCELLENT,0,0,127
FAC-001,FacilityOps Campus,AST-002,Chiller 1,Chiller,Building A,Block A2,2026-01-29 06:00:00,52.99,2.16,6.29,29.93,0.83,2995.74,6,107.25,96.05,EXCELLENT,0,0,104
FAC-001,FacilityOps Campus,AST-002,Chiller 1,Chiller,Building A,Block A2,2026-01-29 07:00:00,50.65,2.15,6.8,16.1,0.7,2996.45,6,107.29,93.99,EXCELLENT,0,0,164
FAC-001,FacilityOps Campus,AST-002,Chiller 1,Chiller,Building A,Block A2,2026-01-29 08:00:00,51.86,1.44,6.45,44.78,0.89,2997.34,6,107.33,95.4,EXCELLENT,0,0,158
FAC-001,FacilityOps Campus,AST-002,Chiller 1,Chiller,Building A,Block A2,2026-01-29 09:00:00,52.66,2.16,6.31,43.29,0.66,2998.0,6,107.38,95.97,EXCELLENT,0,0,146
FAC-001,FacilityOps Campus,AST-002,Chiller 1,Chiller,Building A,Block A2,2026-01-29 10:00:00,55.94,2.38,6.16,51.03,0.68,2998.68,6,107.42,94.36,EXCELLENT,0,0,93
FAC-001,FacilityOps Campus,AST-002,Chiller 1,Chiller,Building A,Block A2,2026-01-29 11:00:00,54.82,1.95,6.59,54.41,0.92,2999.6,6,107.46,94.84,EXCELLENT,0,0,132
FAC-001,FacilityOps Campus,AST-002,Chiller 1,Chiller,Building A,Block A2,2026-01-29 12:00:00,52.57,2.07,6.06,51.56,0.75,3000.34,6,107.5,95.85,EXCELLENT,0,0,149
FAC-001,FacilityOps Campus,AST-002,Chiller 1,Chiller,Building A,Block A2,2026-01-29 13:00:00,52.22,1.84,5.9,56.02,0.95,3001.29,6,107.54,95.21,EXCELLENT,0,0,172
FAC-001,FacilityOps Campus,AST-002,Chiller 1,Chiller,Building A,Block A2,2026-01-29 14:00:00,48.82,2.44,6.29,55.89,0.89,3002.18,6,107.58,92.79,EXCELLENT,0,0,130
FAC-001,FacilityOps Campus,AST-002,Chiller 1,Chiller,Building A,Block A2,2026-01-29 15:00:00,49.75,2.19,5.87,54.44,0.91,3003.09,6,107.62,95.08,EXCELLENT,0,0,146
FAC-001,FacilityOps Campus,AST-002,Chiller 1,Chiller,Building A,Block A2,2026-01-29 16:00:00,51.31,2.05,6.26,44.5,0.55,3003.64,6,107.67,96.17,EXCELLENT,0,0,156
FAC-001,FacilityOps Campus,AST-002,Chiller 1,Chiller,Building A,Block A2,2026-01-29 17:00:00,54.03,2.3,6.59,48.79,0.9,3004.54,6,107.71,94.84,EXCELLENT,0,0,170
FAC-001,FacilityOps Campus,AST-002,Chiller 1,Chiller,Building A,Block A2,2026-01-29 18:00:00,50.24,2.3,6.83,51.35,0.8,3005.34,6,107.75,93.9,EXCELLENT,0,0,161
FAC-001,FacilityOps Campus,AST-002,Chiller 1,Chiller,Building A,Block A2,2026-01-29 19:00:00,51.19,2.21,5.93,33.33,0.53,3005.86,6,107.79,95.3,EXCELLENT,0,0,157
FAC-001,FacilityOps Campus,AST-002,Chiller 1,Chiller,Building A,Block A2,2026-01-29 20:00:00,55.65,2.35,6.4,39.9,0.54,3006.4,6,107.83,94.56,EXCELLENT,0,0,98
FAC-001,FacilityOps Campus,AST-002,Chiller 1,Chiller,Building A,Block A2,2026-01-29 21:00:00,49.7,1.74,6.3,34.83,0.56,3006.95,6,107.88,95.98,EXCELLENT,0,0,163
FAC-001,FacilityOps Campus,AST-002,Chiller 1,Chiller,Building A,Block A2,2026-01-29 22:00:00,49.17,2.17,6.44,22.16,0.77,3007.72,6,107.92,95.43,EXCELLENT,0,0,136
FAC-001,FacilityOps Campus,AST-002,Chiller 1,Chiller,Building A,Block A2,2026-01-29 23:00:00,51.92,2.15,6.8,24.13,0.83,3008.55,6,107.96,94.02,EXCELLENT,0,0,114
FAC-001,FacilityOps Campus,AST-002,Chiller 1,Chiller,Building A,Block A2,2026-01-30 00:00:00,51.46,2.0,6.05,30.74,0.53,3009.08,6,108.0,95.79,EXCELLENT,0,0,177
FAC-001,FacilityOps Campus,AST-002,Chiller 1,Chiller,Building A,Block A2,2026-01-30 01:00:00,52.89,2.27,5.76,22.84,0.68,3009.76,6,108.04,94.63,EXCELLENT,0,0,174
FAC-001,FacilityOps Campus,AST-002,Chiller 1,Chiller,Building A,Block A2,2026-01-30 02:00:00,50.17,2.2,6.56,37.7,0.51,3010.27,6,108.08,94.97,EXCELLENT,0,0,131
FAC-001,FacilityOps Campus,AST-002,Chiller 1,Chiller,Building A,Block A2,2026-01-30 03:00:00,58.62,1.93,6.01,32.36,0.88,3011.15,6,108.12,92.91,EXCELLENT,0,0,106
FAC-001,FacilityOps Campus,AST-002,Chiller 1,Chiller,Building A,Block A2,2026-01-30 04:00:00,53.07,2.3,6.57,26.05,0.84,3011.99,6,108.17,94.88,EXCELLENT,0,0,158
FAC-001,FacilityOps Campus,AST-002,Chiller 1,Chiller,Building A,Block A2,2026-01-30 05:00:00,52.58,2.07,6.67,34.83,0.58,3012.57,6,108.21,94.52,EXCELLENT,0,0,160
FAC-001,FacilityOps Campus,AST-002,Chiller 1,Chiller,Building A,Block A2,2026-01-30 06:00:00,52.44,2.29,6.32,28.42,0.52,3013.09,6,108.25,95.9,EXCELLENT,0,0,119
FAC-001,FacilityOps Campus,AST-002,Chiller 1,Chiller,Building A,Block A2,2026-01-30 07:00:00,77.51,3.95,4.51,44.18,0.88,3013.97,6,108.29,13.45,CRITICAL,1,1,0
FAC-001,FacilityOps Campus,AST-002,Chiller 1,Chiller,Building A,Block A2,2026-01-30 08:00:00,51.45,2.63,6.38,44.18,0.57,3014.54,6,108.33,88.24,EXCELLENT,0,0,92
FAC-001,FacilityOps Campus,AST-002,Chiller 1,Chiller,Building A,Block A2,2026-01-30 09:00:00,49.52,1.36,6.45,51.16,0.5,3015.03,6,108.38,95.39,EXCELLENT,0,0,118
FAC-001,FacilityOps Campus,AST-002,Chiller 1,Chiller,Building A,Block A2,2026-01-30 10:00:00,58.26,1.88,6.41,44.48,0.58,3015.61,6,108.42,93.53,EXCELLENT,0,0,126
FAC-001,FacilityOps Campus,AST-002,Chiller 1,Chiller,Building A,Block A2,2026-01-30 11:00:00,48.96,1.87,6.74,59.03,0.53,3016.14,6,108.46,94.25,EXCELLENT,0,0,133
FAC-001,FacilityOps Campus,AST-002,Chiller 1,Chiller,Building A,Block A2,2026-01-30 12:00:00,53.52,1.82,6.18,61.62,0.47,3016.6,6,108.5,96.33,EXCELLENT,0,0,172
FAC-001,FacilityOps Campus,AST-002,Chiller 1,Chiller,Building A,Block A2,2026-01-30 13:00:00,47.76,1.82,6.39,51.89,0.64,3017.24,6,108.54,95.65,EXCELLENT,0,0,149
FAC-001,FacilityOps Campus,AST-002,Chiller 1,Chiller,Building A,Block A2,2026-01-30 14:00:00,53.03,1.93,6.38,54.31,0.49,3017.74,6,108.58,95.7,EXCELLENT,0,0,101
FAC-001,FacilityOps Campus,AST-002,Chiller 1,Chiller,Building A,Block A2,2026-01-30 15:00:00,50.86,1.65,6.22,57.66,0.6,3018.34,6,108.62,96.31,EXCELLENT,0,0,104
FAC-001,FacilityOps Campus,AST-002,Chiller 1,Chiller,Building A,Block A2,2026-01-30 16:00:00,52.82,1.8,6.66,47.11,0.72,3019.06,6,108.67,94.57,EXCELLENT,0,0,116
FAC-001,FacilityOps Campus,AST-002,Chiller 1,Chiller,Building A,Block A2,2026-01-30 17:00:00,51.26,2.22,6.8,54.3,0.8,3019.86,6,108.71,94.0,EXCELLENT,0,0,169
FAC-001,FacilityOps Campus,AST-002,Chiller 1,Chiller,Building A,Block A2,2026-01-30 18:00:00,52.6,2.34,5.9,58.72,0.45,3020.31,6,108.75,94.23,EXCELLENT,0,0,120
FAC-001,FacilityOps Campus,AST-002,Chiller 1,Chiller,Building A,Block A2,2026-01-30 19:00:00,46.92,2.35,6.17,41.92,0.66,3020.96,6,108.79,95.05,EXCELLENT,0,0,154
FAC-001,FacilityOps Campus,AST-002,Chiller 1,Chiller,Building A,Block A2,2026-01-30 20:00:00,51.16,2.14,6.28,41.63,0.74,3021.71,6,108.83,96.07,EXCELLENT,0,0,153
FAC-001,FacilityOps Campus,AST-002,Chiller 1,Chiller,Building A,Block A2,2026-01-30 21:00:00,53.93,1.55,5.97,28.33,0.86,3022.56,6,108.88,95.5,EXCELLENT,0,0,180
FAC-001,FacilityOps Campus,AST-002,Chiller 1,Chiller,Building A,Block A2,2026-01-30 22:00:00,50.57,2.04,6.53,28.23,0.53,3023.09,6,108.92,95.09,EXCELLENT,0,0,155
FAC-001,FacilityOps Campus,AST-002,Chiller 1,Chiller,Building A,Block A2,2026-01-30 23:00:00,48.38,2.41,6.41,18.87,0.93,3024.02,6,108.96,93.07,EXCELLENT,0,0,117
FAC-001,FacilityOps Campus,AST-003,Water Pump 1,Pump,Building B,Block B1,2026-01-01 00:00:00,51.4,2.13,5.82,9.74,0.94,3225.94,3,73.0,99.94,EXCELLENT,0,0,165
FAC-001,FacilityOps Campus,AST-003,Water Pump 1,Pump,Building B,Block B1,2026-01-01 01:00:00,45.96,2.72,5.89,5.77,0.53,3226.47,3,73.04,99.66,EXCELLENT,0,0,166
FAC-001,FacilityOps Campus,AST-003,Water Pump 1,Pump,Building B,Block B1,2026-01-01 02:00:00,48.87,2.76,5.61,9.71,0.82,3227.29,3,73.08,99.23,EXCELLENT,0,0,131
FAC-001,FacilityOps Campus,AST-003,Water Pump 1,Pump,Building B,Block B1,2026-01-01 03:00:00,42.02,2.92,5.95,11.64,0.48,3227.78,3,73.12,98.52,EXCELLENT,0,0,152
FAC-001,FacilityOps Campus,AST-003,Water Pump 1,Pump,Building B,Block B1,2026-01-01 04:00:00,44.67,2.66,6.04,14.55,0.89,3228.67,3,73.17,99.04,EXCELLENT,0,0,134
FAC-001,FacilityOps Campus,AST-003,Water Pump 1,Pump,Building B,Block B1,2026-01-01 05:00:00,49.03,2.24,5.77,14.14,0.95,3229.62,3,73.21,99.88,EXCELLENT,0,0,176
FAC-001,FacilityOps Campus,AST-003,Water Pump 1,Pump,Building B,Block B1,2026-01-01 06:00:00,47.43,2.65,5.8,8.9,0.41,3230.03,3,73.25,99.98,EXCELLENT,0,0,180
FAC-001,FacilityOps Campus,AST-003,Water Pump 1,Pump,Building B,Block B1,2026-01-01 07:00:00,54.71,2.33,6.18,16.13,0.89,3230.92,3,73.29,94.5,EXCELLENT,0,0,151
FAC-001,FacilityOps Campus,AST-003,Water Pump 1,Pump,Building B,Block B1,2026-01-01 08:00:00,47.08,2.4,6.39,25.14,0.84,3231.76,3,73.33,97.64,EXCELLENT,0,0,110
FAC-001,FacilityOps Campus,AST-003,Water Pump 1,Pump,Building B,Block B1,2026-01-01 09:00:00,45.66,2.29,6.2,21.09,0.85,3232.61,3,73.38,98.42,EXCELLENT,0,0,109
FAC-001,FacilityOps Campus,AST-003,Water Pump 1,Pump,Building B,Block B1,2026-01-01 10:00:00,46.63,2.37,5.54,21.07,0.62,3233.23,3,73.42,98.98,EXCELLENT,0,0,98
FAC-001,FacilityOps Campus,AST-003,Water Pump 1,Pump,Building B,Block B1,2026-01-01 11:00:00,49.07,3.0,6.42,17.13,0.9,3234.12,3,73.46,95.34,EXCELLENT,0,0,141
FAC-001,FacilityOps Campus,AST-003,Water Pump 1,Pump,Building B,Block B1,2026-01-01 12:00:00,44.97,2.36,5.72,26.56,0.8,3234.92,3,73.5,99.69,EXCELLENT,0,0,150
FAC-001,FacilityOps Campus,AST-003,Water Pump 1,Pump,Building B,Block B1,2026-01-01 13:00:00,48.25,2.37,5.63,22.59,0.88,3235.8,3,73.54,99.32,EXCELLENT,0,0,125
FAC-001,FacilityOps Campus,AST-003,Water Pump 1,Pump,Building B,Block B1,2026-01-01 14:00:00,47.57,2.53,5.84,20.49,0.56,3236.36,3,73.58,99.84,EXCELLENT,0,0,177
FAC-001,FacilityOps Campus,AST-003,Water Pump 1,Pump,Building B,Block B1,2026-01-01 15:00:00,47.28,2.37,5.48,27.15,0.61,3236.97,3,73.62,98.71,EXCELLENT,0,0,179
FAC-001,FacilityOps Campus,AST-003,Water Pump 1,Pump,Building B,Block B1,2026-01-01 16:00:00,45.5,2.69,5.42,21.48,0.61,3237.59,3,73.67,98.49,EXCELLENT,0,0,149
FAC-001,FacilityOps Campus,AST-003,Water Pump 1,Pump,Building B,Block B1,2026-01-01 17:00:00,48.91,2.37,5.75,24.14,0.66,3238.24,3,73.71,99.82,EXCELLENT,0,0,142
FAC-001,FacilityOps Campus,AST-003,Water Pump 1,Pump,Building B,Block B1,2026-01-01 18:00:00,50.22,2.85,6.03,24.19,0.98,3239.22,3,73.75,99.06,EXCELLENT,0,0,154
FAC-001,FacilityOps Campus,AST-003,Water Pump 1,Pump,Building B,Block B1,2026-01-01 19:00:00,46.34,2.44,6.33,8.55,0.74,3239.97,3,73.79,97.89,EXCELLENT,0,0,99
FAC-001,FacilityOps Campus,AST-003,Water Pump 1,Pump,Building B,Block B1,2026-01-01 20:00:00,49.49,2.22,5.52,16.63,0.41,3240.38,3,73.83,98.87,EXCELLENT,0,0,107
FAC-001,FacilityOps Campus,AST-003,Water Pump 1,Pump,Building B,Block B1,2026-01-01 21:00:00,50.87,2.02,6.1,13.41,0.61,3240.99,3,73.88,98.8,EXCELLENT,0,0,161
FAC-001,FacilityOps Campus,AST-003,Water Pump 1,Pump,Building B,Block B1,2026-01-01 22:00:00,46.01,2.13,5.83,16.47,0.77,3241.76,3,73.92,99.9,EXCELLENT,0,0,177
FAC-001,FacilityOps Campus,AST-003,Water Pump 1,Pump,Building B,Block B1,2026-01-01 23:00:00,44.89,2.32,5.84,8.98,0.76,3242.51,3,73.96,99.86,EXCELLENT,0,0,147
FAC-001,FacilityOps Campus,AST-003,Water Pump 1,Pump,Building B,Block B1,2026-01-02 00:00:00,48.42,2.85,6.23,15.9,0.8,3243.31,3,74.0,98.3,EXCELLENT,0,0,113
FAC-001,FacilityOps Campus,AST-003,Water Pump 1,Pump,Building B,Block B1,2026-01-02 01:00:00,45.98,2.12,6.06,18.05,0.98,3244.29,3,74.04,98.94,EXCELLENT,0,0,151
FAC-001,FacilityOps Campus,AST-003,Water Pump 1,Pump,Building B,Block B1,2026-01-02 02:00:00,47.84,2.48,6.16,8.81,0.54,3244.83,3,74.08,98.56,EXCELLENT,0,0,127
FAC-001,FacilityOps Campus,AST-003,Water Pump 1,Pump,Building B,Block B1,2026-01-02 03:00:00,43.56,2.34,5.42,14.31,0.89,3245.72,3,74.12,98.48,EXCELLENT,0,0,105
FAC-001,FacilityOps Campus,AST-003,Water Pump 1,Pump,Building B,Block B1,2026-01-02 04:00:00,42.6,2.53,6.68,17.46,0.89,3246.61,3,74.17,96.5,EXCELLENT,0,0,108
FAC-001,FacilityOps Campus,AST-003,Water Pump 1,Pump,Building B,Block B1,2026-01-02 05:00:00,47.47,2.55,5.93,14.92,0.5,3247.12,3,74.21,99.49,EXCELLENT,0,0,101
FAC-001,FacilityOps Campus,AST-003,Water Pump 1,Pump,Building B,Block B1,2026-01-02 06:00:00,44.32,2.48,6.03,10.56,0.54,3247.66,3,74.25,99.06,EXCELLENT,0,0,99
FAC-001,FacilityOps Campus,AST-003,Water Pump 1,Pump,Building B,Block B1,2026-01-02 07:00:00,44.27,2.31,5.33,9.08,0.59,3248.25,3,74.29,98.13,EXCELLENT,0,0,142
FAC-001,FacilityOps Campus,AST-003,Water Pump 1,Pump,Building B,Block B1,2026-01-02 08:00:00,49.22,2.55,6.03,20.12,0.99,3249.23,3,74.33,99.07,EXCELLENT,0,0,162
FAC-001,FacilityOps Campus,AST-003,Water Pump 1,Pump,Building B,Block B1,2026-01-02 09:00:00,43.84,2.24,6.4,21.07,0.47,3249.7,3,74.38,97.61,EXCELLENT,0,0,96
FAC-001,FacilityOps Campus,AST-003,Water Pump 1,Pump,Building B,Block B1,2026-01-02 10:00:00,43.14,2.32,5.51,23.14,0.56,3250.26,3,74.42,98.86,EXCELLENT,0,0,139
FAC-001,FacilityOps Campus,AST-003,Water Pump 1,Pump,Building B,Block B1,2026-01-02 11:00:00,49.47,2.31,6.15,16.54,0.83,3251.09,3,74.46,98.58,EXCELLENT,0,0,92
FAC-001,FacilityOps Campus,AST-003,Water Pump 1,Pump,Building B,Block B1,2026-01-02 12:00:00,48.46,2.16,5.79,24.13,0.79,3251.88,3,74.5,99.96,EXCELLENT,0,0,136
FAC-001,FacilityOps Campus,AST-003,Water Pump 1,Pump,Building B,Block B1,2026-01-02 13:00:00,45.52,2.79,6.37,23.62,0.65,3252.53,3,74.54,97.72,EXCELLENT,0,0,166
FAC-001,FacilityOps Campus,AST-003,Water Pump 1,Pump,Building B,Block B1,2026-01-02 14:00:00,51.57,2.44,5.99,22.41,0.41,3252.95,3,74.58,99.24,EXCELLENT,0,0,154
FAC-001,FacilityOps Campus,AST-003,Water Pump 1,Pump,Building B,Block B1,2026-01-02 15:00:00,45.48,2.52,5.47,18.98,0.98,3253.93,3,74.62,98.69,EXCELLENT,0,0,169
FAC-001,FacilityOps Campus,AST-003,Water Pump 1,Pump,Building B,Block B1,2026-01-02 16:00:00,52.77,2.73,6.02,21.13,0.54,3254.47,3,74.67,99.1,EXCELLENT,0,0,157
FAC-001,FacilityOps Campus,AST-003,Water Pump 1,Pump,Building B,Block B1,2026-01-02 17:00:00,43.15,2.53,5.4,22.3,0.78,3255.25,3,74.71,98.39,EXCELLENT,0,0,91
FAC-001,FacilityOps Campus,AST-003,Water Pump 1,Pump,Building B,Block B1,2026-01-02 18:00:00,52.13,2.39,5.46,20.44,0.8,3256.06,3,74.75,98.62,EXCELLENT,0,0,147
FAC-001,FacilityOps Campus,AST-003,Water Pump 1,Pump,Building B,Block B1,2026-01-02 19:00:00,47.98,2.34,5.49,12.21,0.98,3257.03,3,74.79,98.77,EXCELLENT,0,0,160
FAC-001,FacilityOps Campus,AST-003,Water Pump 1,Pump,Building B,Block B1,2026-01-02 20:00:00,45.33,2.3,5.63,13.66,0.89,3257.92,3,74.83,99.32,EXCELLENT,0,0,156
FAC-001,FacilityOps Campus,AST-003,Water Pump 1,Pump,Building B,Block B1,2026-01-02 21:00:00,45.68,2.34,6.23,11.39,0.67,3258.59,3,74.88,98.29,EXCELLENT,0,0,142
FAC-001,FacilityOps Campus,AST-003,Water Pump 1,Pump,Building B,Block B1,2026-01-02 22:00:00,47.03,2.68,5.59,11.78,0.61,3259.2,3,74.92,99.17,EXCELLENT,0,0,157
FAC-001,FacilityOps Campus,AST-003,Water Pump 1,Pump,Building B,Block B1,2026-01-02 23:00:00,51.19,2.7,6.1,19.34,0.87,3260.07,3,74.96,98.8,EXCELLENT,0,0,138
FAC-001,FacilityOps Campus,AST-003,Water Pump 1,Pump,Building B,Block B1,2026-01-03 00:00:00,50.26,2.54,5.82,12.66,0.86,3260.93,3,75.0,99.9,EXCELLENT,0,0,107
FAC-001,FacilityOps Campus,AST-003,Water Pump 1,Pump,Building B,Block B1,2026-01-03 01:00:00,47.97,2.29,6.07,13.45,0.93,3261.86,3,75.04,98.92,EXCELLENT,0,0,153
FAC-001,FacilityOps Campus,AST-003,Water Pump 1,Pump,Building B,Block B1,2026-01-03 02:00:00,47.53,2.38,5.92,9.47,0.43,3262.29,3,75.08,99.53,EXCELLENT,0,0,163
FAC-001,FacilityOps Campus,AST-003,Water Pump 1,Pump,Building B,Block B1,2026-01-03 03:00:00,51.48,2.3,5.32,13.94,0.77,3263.05,3,75.12,98.08,EXCELLENT,0,0,154
FAC-001,FacilityOps Campus,AST-003,Water Pump 1,Pump,Building B,Block B1,2026-01-03 04:00:00,51.18,2.17,5.77,10.83,0.9,3263.96,3,75.17,99.87,EXCELLENT,0,0,125
FAC-001,FacilityOps Campus,AST-003,Water Pump 1,Pump,Building B,Block B1,2026-01-03 05:00:00,45.98,2.48,5.97,8.04,0.81,3264.77,3,75.21,99.33,EXCELLENT,0,0,99
FAC-001,FacilityOps Campus,AST-003,Water Pump 1,Pump,Building B,Block B1,2026-01-03 06:00:00,46.15,2.71,5.58,10.86,0.96,3265.73,3,75.25,99.13,EXCELLENT,0,0,110
FAC-001,FacilityOps Campus,AST-003,Water Pump 1,Pump,Building B,Block B1,2026-01-03 07:00:00,46.82,2.19,5.23,11.83,0.86,3266.6,3,75.29,97.74,EXCELLENT,0,0,171
FAC-001,FacilityOps Campus,AST-003,Water Pump 1,Pump,Building B,Block B1,2026-01-03 08:00:00,48.45,2.57,5.91,23.9,0.63,3267.23,3,75.33,99.55,EXCELLENT,0,0,115
FAC-001,FacilityOps Campus,AST-003,Water Pump 1,Pump,Building B,Block B1,2026-01-03 09:00:00,49.14,2.84,6.16,19.17,0.41,3267.64,3,75.38,98.56,EXCELLENT,0,0,109
FAC-001,FacilityOps Campus,AST-003,Water Pump 1,Pump,Building B,Block B1,2026-01-03 10:00:00,47.06,2.52,5.83,20.18,0.59,3268.23,3,75.42,99.88,EXCELLENT,0,0,107
FAC-001,FacilityOps Campus,AST-003,Water Pump 1,Pump,Building B,Block B1,2026-01-03 11:00:00,46.85,2.65,5.45,22.17,0.76,3268.99,3,75.46,98.58,EXCELLENT,0,0,163
FAC-001,FacilityOps Campus,AST-003,Water Pump 1,Pump,Building B,Block B1,2026-01-03 12:00:00,46.29,2.95,5.92,23.07,0.4,3269.39,3,75.5,98.19,EXCELLENT,0,0,167
FAC-001,FacilityOps Campus,AST-003,Water Pump 1,Pump,Building B,Block B1,2026-01-03 13:00:00,47.43,2.42,5.52,21.71,0.7,3270.09,3,75.54,98.87,EXCELLENT,0,0,139
FAC-001,FacilityOps Campus,AST-003,Water Pump 1,Pump,Building B,Block B1,2026-01-03 14:00:00,52.4,2.39,6.0,19.96,0.46,3270.55,3,75.58,99.22,EXCELLENT,0,0,156
FAC-001,FacilityOps Campus,AST-003,Water Pump 1,Pump,Building B,Block B1,2026-01-03 15:00:00,45.52,2.62,5.83,20.98,0.88,3271.43,3,75.62,99.89,EXCELLENT,0,0,133
FAC-001,FacilityOps Campus,AST-003,Water Pump 1,Pump,Building B,Block B1,2026-01-03 16:00:00,47.16,2.6,5.67,18.95,0.71,3272.13,3,75.67,99.48,EXCELLENT,0,0,161
FAC-001,FacilityOps Campus,AST-003,Water Pump 1,Pump,Building B,Block B1,2026-01-03 17:00:00,45.82,2.27,5.36,25.06,0.48,3272.61,3,75.71,98.23,EXCELLENT,0,0,162
FAC-001,FacilityOps Campus,AST-003,Water Pump 1,Pump,Building B,Block B1,2026-01-03 18:00:00,47.58,2.4,5.79,24.1,0.48,3273.09,3,75.75,99.97,EXCELLENT,0,0,128
FAC-001,FacilityOps Campus,AST-003,Water Pump 1,Pump,Building B,Block B1,2026-01-03 19:00:00,47.25,2.75,5.37,8.95,0.43,3273.52,3,75.79,98.29,EXCELLENT,0,0,169
FAC-001,FacilityOps Campus,AST-003,Water Pump 1,Pump,Building B,Block B1,2026-01-03 20:00:00,47.41,2.58,6.04,11.37,0.73,3274.25,3,75.83,99.03,EXCELLENT,0,0,156
FAC-001,FacilityOps Campus,AST-003,Water Pump 1,Pump,Building B,Block B1,2026-01-03 21:00:00,48.84,2.34,5.95,11.75,0.43,3274.68,3,75.88,99.38,EXCELLENT,0,0,149
FAC-001,FacilityOps Campus,AST-003,Water Pump 1,Pump,Building B,Block B1,2026-01-03 22:00:00,48.08,2.28,5.75,13.98,0.76,3275.44,3,75.92,99.78,EXCELLENT,0,0,164
FAC-001,FacilityOps Campus,AST-003,Water Pump 1,Pump,Building B,Block B1,2026-01-03 23:00:00,51.85,2.32,5.35,16.38,0.79,3276.23,3,75.96,98.19,EXCELLENT,0,0,165
FAC-001,FacilityOps Campus,AST-003,Water Pump 1,Pump,Building B,Block B1,2026-01-04 00:00:00,49.26,2.5,5.53,11.69,0.48,3276.71,3,76.0,98.91,EXCELLENT,0,0,171
FAC-001,FacilityOps Campus,AST-003,Water Pump 1,Pump,Building B,Block B1,2026-01-04 01:00:00,45.1,2.07,5.89,15.59,0.76,3277.48,3,76.04,99.62,EXCELLENT,0,0,99
FAC-001,FacilityOps Campus,AST-003,Water Pump 1,Pump,Building B,Block B1,2026-01-04 02:00:00,46.7,2.37,5.5,11.63,0.41,3277.89,3,76.08,98.82,EXCELLENT,0,0,120
FAC-001,FacilityOps Campus,AST-003,Water Pump 1,Pump,Building B,Block B1,2026-01-04 03:00:00,45.97,2.23,5.7,14.22,0.85,3278.73,3,76.12,99.59,EXCELLENT,0,0,101
FAC-001,FacilityOps Campus,AST-003,Water Pump 1,Pump,Building B,Block B1,2026-01-04 04:00:00,46.81,2.58,5.71,12.44,0.42,3279.15,3,76.17,99.63,EXCELLENT,0,0,153
FAC-001,FacilityOps Campus,AST-003,Water Pump 1,Pump,Building B,Block B1,2026-01-04 05:00:00,48.73,2.59,6.1,15.65,0.43,3279.58,3,76.21,98.79,EXCELLENT,0,0,97
FAC-001,FacilityOps Campus,AST-003,Water Pump 1,Pump,Building B,Block B1,2026-01-04 06:00:00,51.14,2.81,5.94,10.83,0.67,3280.25,3,76.25,99.45,EXCELLENT,0,0,94
FAC-001,FacilityOps Campus,AST-003,Water Pump 1,Pump,Building B,Block B1,2026-01-04 07:00:00,47.72,2.26,5.08,13.85,0.51,3280.76,3,76.29,97.13,EXCELLENT,0,0,169
FAC-001,FacilityOps Campus,AST-003,Water Pump 1,Pump,Building B,Block B1,2026-01-04 08:00:00,48.1,2.5,6.0,19.89,0.73,3281.49,3,76.33,99.19,EXCELLENT,0,0,149
FAC-001,FacilityOps Campus,AST-003,Water Pump 1,Pump,Building B,Block B1,2026-01-04 09:00:00,46.15,2.7,6.27,22.63,0.68,3282.18,3,76.38,98.1,EXCELLENT,0,0,115
FAC-001,FacilityOps Campus,AST-003,Water Pump 1,Pump,Building B,Block B1,2026-01-04 10:00:00,47.35,2.38,5.82,21.03,0.62,3282.8,3,76.42,99.93,EXCELLENT,0,0,98
FAC-001,FacilityOps Campus,AST-003,Water Pump 1,Pump,Building B,Block B1,2026-01-04 11:00:00,52.79,2.46,5.81,24.5,0.58,3283.38,3,76.46,99.94,EXCELLENT,0,0,177
FAC-001,FacilityOps Campus,AST-003,Water Pump 1,Pump,Building B,Block B1,2026-01-04 12:00:00,50.33,2.33,5.63,26.25,0.86,3284.24,3,76.5,99.31,EXCELLENT,0,0,148
FAC-001,FacilityOps Campus,AST-003,Water Pump 1,Pump,Building B,Block B1,2026-01-04 13:00:00,46.62,2.77,6.22,21.29,0.44,3284.68,3,76.54,98.32,EXCELLENT,0,0,100
FAC-001,FacilityOps Campus,AST-003,Water Pump 1,Pump,Building B,Block B1,2026-01-04 14:00:00,45.52,2.48,5.33,22.73,0.99,3285.67,3,76.58,98.11,EXCELLENT,0,0,105
FAC-001,FacilityOps Campus,AST-003,Water Pump 1,Pump,Building B,Block B1,2026-01-04 15:00:00,47.21,2.67,5.48,16.96,0.59,3286.26,3,76.62,98.73,EXCELLENT,0,0,141
FAC-001,FacilityOps Campus,AST-003,Water Pump 1,Pump,Building B,Block B1,2026-01-04 16:00:00,47.82,2.29,5.56,21.68,0.53,3286.79,3,76.67,99.03,EXCELLENT,0,0,135
FAC-001,FacilityOps Campus,AST-003,Water Pump 1,Pump,Building B,Block B1,2026-01-04 17:00:00,49.79,2.27,5.56,21.87,0.96,3287.75,3,76.71,99.06,EXCELLENT,0,0,151
FAC-001,FacilityOps Campus,AST-003,Water Pump 1,Pump,Building B,Block B1,2026-01-04 18:00:00,45.93,2.65,5.69,24.33,0.79,3288.54,3,76.75,99.54,EXCELLENT,0,0,96
FAC-001,FacilityOps Campus,AST-003,Water Pump 1,Pump,Building B,Block B1,2026-01-04 19:00:00,45.84,2.67,5.74,10.52,0.55,3289.09,3,76.79,99.75,EXCELLENT,0,0,131
FAC-001,FacilityOps Campus,AST-003,Water Pump 1,Pump,Building B,Block B1,2026-01-04 20:00:00,50.49,2.37,5.76,11.3,0.41,3289.5,3,76.83,99.82,EXCELLENT,0,0,106
FAC-001,FacilityOps Campus,AST-003,Water Pump 1,Pump,Building B,Block B1,2026-01-04 21:00:00,49.77,2.39,5.66,11.54,0.82,3290.32,3,76.88,99.44,EXCELLENT,0,0,93
FAC-001,FacilityOps Campus,AST-003,Water Pump 1,Pump,Building B,Block B1,2026-01-04 22:00:00,45.87,2.3,5.55,14.14,0.46,3290.79,3,76.92,98.99,EXCELLENT,0,0,106
FAC-001,FacilityOps Campus,AST-003,Water Pump 1,Pump,Building B,Block B1,2026-01-04 23:00:00,44.65,2.28,5.54,13.21,0.83,3291.61,3,76.96,98.98,EXCELLENT,0,0,90
FAC-001,FacilityOps Campus,AST-003,Water Pump 1,Pump,Building B,Block B1,2026-01-05 00:00:00,48.72,2.26,5.61,13.59,0.85,3292.46,3,77.0,99.23,EXCELLENT,0,0,123
FAC-001,FacilityOps Campus,AST-003,Water Pump 1,Pump,Building B,Block B1,2026-01-05 01:00:00,51.57,2.47,5.72,14.51,0.56,3293.02,3,77.04,99.67,EXCELLENT,0,0,131
FAC-001,FacilityOps Campus,AST-003,Water Pump 1,Pump,Building B,Block B1,2026-01-05 02:00:00,47.81,2.72,6.14,10.34,0.59,3293.61,3,77.08,98.64,EXCELLENT,0,0,93
FAC-001,FacilityOps Campus,AST-003,Water Pump 1,Pump,Building B,Block B1,2026-01-05 03:00:00,45.91,2.58,5.64,11.5,0.98,3294.59,3,77.12,99.35,EXCELLENT,0,0,153
FAC-001,FacilityOps Campus,AST-003,Water Pump 1,Pump,Building B,Block B1,2026-01-05 04:00:00,45.14,2.53,6.63,10.04,0.8,3295.4,3,77.17,96.66,EXCELLENT,0,0,112
FAC-001,FacilityOps Campus,AST-003,Water Pump 1,Pump,Building B,Block B1,2026-01-05 05:00:00,47.65,2.82,5.62,17.04,0.71,3296.1,3,77.21,99.28,EXCELLENT,0,0,121
FAC-001,FacilityOps Campus,AST-003,Water Pump 1,Pump,Building B,Block B1,2026-01-05 06:00:00,49.93,2.63,5.62,9.47,0.65,3296.75,3,77.25,99.27,EXCELLENT,0,0,130
FAC-001,FacilityOps Campus,AST-003,Water Pump 1,Pump,Building B,Block B1,2026-01-05 07:00:00,41.77,2.66,5.46,14.19,0.58,3297.33,3,77.29,98.66,EXCELLENT,0,0,102
FAC-001,FacilityOps Campus,AST-003,Water Pump 1,Pump,Building B,Block B1,2026-01-05 08:00:00,47.73,2.43,6.01,26.09,0.79,3298.13,3,77.33,99.16,EXCELLENT,0,0,142
FAC-001,FacilityOps Campus,AST-003,Water Pump 1,Pump,Building B,Block B1,2026-01-05 09:00:00,47.38,2.61,5.61,17.37,0.48,3298.61,3,77.38,99.23,EXCELLENT,0,0,120
FAC-001,FacilityOps Campus,AST-003,Water Pump 1,Pump,Building B,Block B1,2026-01-05 10:00:00,48.72,2.46,5.99,17.39,0.86,3299.47,3,77.42,99.24,EXCELLENT,0,0,180
FAC-001,FacilityOps Campus,AST-003,Water Pump 1,Pump,Building B,Block B1,2026-01-05 11:00:00,48.64,2.6,5.76,23.39,0.56,3300.03,3,77.46,99.84,EXCELLENT,0,0,133
FAC-001,FacilityOps Campus,AST-003,Water Pump 1,Pump,Building B,Block B1,2026-01-05 12:00:00,52.49,2.54,5.67,21.44,0.71,3300.75,3,77.5,99.47,EXCELLENT,0,0,108
FAC-001,FacilityOps Campus,AST-003,Water Pump 1,Pump,Building B,Block B1,2026-01-05 13:00:00,49.41,2.39,5.87,23.65,0.93,3301.68,3,77.54,99.71,EXCELLENT,0,0,158
FAC-001,FacilityOps Campus,AST-003,Water Pump 1,Pump,Building B,Block B1,2026-01-05 14:00:00,45.21,2.12,5.71,23.3,0.85,3302.53,3,77.58,99.65,EXCELLENT,0,0,142
FAC-001,FacilityOps Campus,AST-003,Water Pump 1,Pump,Building B,Block B1,2026-01-05 15:00:00,43.62,2.78,5.82,18.63,0.51,3303.04,3,77.62,99.94,EXCELLENT,0,0,178
FAC-001,FacilityOps Campus,AST-003,Water Pump 1,Pump,Building B,Block B1,2026-01-05 16:00:00,51.41,2.18,5.77,20.88,0.51,3303.55,3,77.67,99.86,EXCELLENT,0,0,120
FAC-001,FacilityOps Campus,AST-003,Water Pump 1,Pump,Building B,Block B1,2026-01-05 17:00:00,47.56,2.31,5.4,26.21,0.56,3304.11,3,77.71,98.4,EXCELLENT,0,0,114
FAC-001,FacilityOps Campus,AST-003,Water Pump 1,Pump,Building B,Block B1,2026-01-05 18:00:00,44.59,3.03,6.0,24.49,0.81,3304.93,3,77.75,96.35,EXCELLENT,0,0,171
FAC-001,FacilityOps Campus,AST-003,Water Pump 1,Pump,Building B,Block B1,2026-01-05 19:00:00,51.88,2.57,5.85,10.44,0.52,3305.44,3,77.79,99.8,EXCELLENT,0,0,150
FAC-001,FacilityOps Campus,AST-003,Water Pump 1,Pump,Building B,Block B1,2026-01-05 20:00:00,47.42,2.46,5.65,9.47,0.57,3306.01,3,77.83,99.42,EXCELLENT,0,0,178
FAC-001,FacilityOps Campus,AST-003,Water Pump 1,Pump,Building B,Block B1,2026-01-05 21:00:00,63.4,4.28,3.96,19.73,0.61,3306.63,3,77.88,45.16,CRITICAL,1,1,1
FAC-001,FacilityOps Campus,AST-003,Water Pump 1,Pump,Building B,Block B1,2026-01-05 22:00:00,48.05,2.86,5.3,13.05,0.9,3307.53,3,77.92,97.99,EXCELLENT,0,0,90
FAC-001,FacilityOps Campus,AST-003,Water Pump 1,Pump,Building B,Block B1,2026-01-05 23:00:00,48.0,2.32,5.71,16.81,0.97,3308.5,3,77.96,99.64,EXCELLENT,0,0,123
FAC-001,FacilityOps Campus,AST-003,Water Pump 1,Pump,Building B,Block B1,2026-01-06 00:00:00,52.33,2.28,5.41,15.89,0.61,3309.11,3,78.0,98.43,EXCELLENT,0,0,119
FAC-001,FacilityOps Campus,AST-003,Water Pump 1,Pump,Building B,Block B1,2026-01-06 01:00:00,44.53,2.46,5.54,8.99,0.55,3309.65,3,78.04,98.94,EXCELLENT,0,0,162
FAC-001,FacilityOps Campus,AST-003,Water Pump 1,Pump,Building B,Block B1,2026-01-06 02:00:00,48.07,2.66,5.05,11.37,0.44,3310.1,3,78.08,97.0,EXCELLENT,0,0,104
FAC-001,FacilityOps Campus,AST-003,Water Pump 1,Pump,Building B,Block B1,2026-01-06 03:00:00,45.42,2.57,5.55,17.98,0.56,3310.66,3,78.12,99.0,EXCELLENT,0,0,122
FAC-001,FacilityOps Campus,AST-003,Water Pump 1,Pump,Building B,Block B1,2026-01-06 04:00:00,50.89,2.51,5.69,13.07,0.49,3311.14,3,78.17,99.57,EXCELLENT,0,0,139
FAC-001,FacilityOps Campus,AST-003,Water Pump 1,Pump,Building B,Block B1,2026-01-06 05:00:00,46.85,2.99,5.2,15.44,0.51,3311.65,3,78.21,95.53,EXCELLENT,0,0,154
FAC-001,FacilityOps Campus,AST-003,Water Pump 1,Pump,Building B,Block B1,2026-01-06 06:00:00,49.54,2.17,5.86,10.98,0.49,3312.14,3,78.25,99.78,EXCELLENT,0,0,98
FAC-001,FacilityOps Campus,AST-003,Water Pump 1,Pump,Building B,Block B1,2026-01-06 07:00:00,47.5,2.67,5.24,10.17,0.98,3313.12,3,78.29,97.75,EXCELLENT,0,0,133
FAC-001,FacilityOps Campus,AST-003,Water Pump 1,Pump,Building B,Block B1,2026-01-06 08:00:00,46.64,2.29,6.09,21.87,0.97,3314.1,3,78.33,98.84,EXCELLENT,0,0,139
FAC-001,FacilityOps Campus,AST-003,Water Pump 1,Pump,Building B,Block B1,2026-01-06 09:00:00,47.04,2.49,5.48,23.37,0.98,3315.08,3,78.38,98.71,EXCELLENT,0,0,91
FAC-001,FacilityOps Campus,AST-003,Water Pump 1,Pump,Building B,Block B1,2026-01-06 10:00:00,48.59,2.27,6.1,25.32,0.58,3315.66,3,78.42,98.78,EXCELLENT,0,0,92
FAC-001,FacilityOps Campus,AST-003,Water Pump 1,Pump,Building B,Block B1,2026-01-06 11:00:00,46.26,2.35,5.52,19.54,0.46,3316.12,3,78.46,98.89,EXCELLENT,0,0,111
FAC-001,FacilityOps Campus,AST-003,Water Pump 1,Pump,Building B,Block B1,2026-01-06 12:00:00,46.8,2.37,5.75,19.04,0.79,3316.91,3,78.5,99.78,EXCELLENT,0,0,112
FAC-001,FacilityOps Campus,AST-003,Water Pump 1,Pump,Building B,Block B1,2026-01-06 13:00:00,51.68,2.43,5.3,26.18,0.85,3317.76,3,78.54,98.01,EXCELLENT,0,0,167
FAC-001,FacilityOps Campus,AST-003,Water Pump 1,Pump,Building B,Block B1,2026-01-06 14:00:00,44.24,2.96,5.71,20.05,0.44,3318.2,3,78.58,98.06,EXCELLENT,0,0,95
FAC-001,FacilityOps Campus,AST-003,Water Pump 1,Pump,Building B,Block B1,2026-01-06 15:00:00,45.14,2.13,5.9,28.68,0.75,3318.95,3,78.62,98.04,EXCELLENT,0,0,104
FAC-001,FacilityOps Campus,AST-003,Water Pump 1,Pump,Building B,Block B1,2026-01-06 16:00:00,51.86,2.6,5.5,18.83,0.5,3319.46,3,78.67,98.78,EXCELLENT,0,0,152
FAC-001,FacilityOps Campus,AST-003,Water Pump 1,Pump,Building B,Block B1,2026-01-06 17:00:00,50.5,2.62,6.09,26.85,0.8,3320.26,3,78.71,98.84,EXCELLENT,0,0,106
FAC-001,FacilityOps Campus,AST-003,Water Pump 1,Pump,Building B,Block B1,2026-01-06 18:00:00,50.58,2.61,5.75,24.87,0.71,3320.97,3,78.75,99.81,EXCELLENT,0,0,96
FAC-001,FacilityOps Campus,AST-003,Water Pump 1,Pump,Building B,Block B1,2026-01-06 19:00:00,47.08,2.43,5.62,10.07,0.74,3321.71,3,78.79,99.26,EXCELLENT,0,0,124
FAC-001,FacilityOps Campus,AST-003,Water Pump 1,Pump,Building B,Block B1,2026-01-06 20:00:00,50.12,1.71,5.7,9.62,0.79,3322.5,3,78.83,99.62,EXCELLENT,0,0,134
FAC-001,FacilityOps Campus,AST-003,Water Pump 1,Pump,Building B,Block B1,2026-01-06 21:00:00,48.65,2.75,5.78,14.12,0.89,3323.38,3,78.88,99.9,EXCELLENT,0,0,157
FAC-001,FacilityOps Campus,AST-003,Water Pump 1,Pump,Building B,Block B1,2026-01-06 22:00:00,49.44,2.91,5.57,10.72,0.48,3323.87,3,78.92,98.53,EXCELLENT,0,0,109
FAC-001,FacilityOps Campus,AST-003,Water Pump 1,Pump,Building B,Block B1,2026-01-06 23:00:00,50.42,2.98,5.77,10.45,0.71,3324.58,3,78.96,98.06,EXCELLENT,0,0,146
FAC-001,FacilityOps Campus,AST-003,Water Pump 1,Pump,Building B,Block B1,2026-01-07 00:00:00,48.71,2.78,6.14,11.95,0.75,3325.32,3,79.0,98.65,EXCELLENT,0,0,126
FAC-001,FacilityOps Campus,AST-003,Water Pump 1,Pump,Building B,Block B1,2026-01-07 01:00:00,50.94,2.48,5.85,14.02,0.88,3326.21,3,79.04,99.78,EXCELLENT,0,0,137
FAC-001,FacilityOps Campus,AST-003,Water Pump 1,Pump,Building B,Block B1,2026-01-07 02:00:00,48.1,2.41,5.73,18.52,0.51,3326.71,3,79.08,99.73,EXCELLENT,0,0,133
FAC-001,FacilityOps Campus,AST-003,Water Pump 1,Pump,Building B,Block B1,2026-01-07 03:00:00,46.42,2.48,6.15,9.83,0.95,3327.66,3,79.12,98.6,EXCELLENT,0,0,99
FAC-001,FacilityOps Campus,AST-003,Water Pump 1,Pump,Building B,Block B1,2026-01-07 04:00:00,49.09,2.47,5.56,9.52,0.9,3328.56,3,79.17,99.04,EXCELLENT,0,0,176
FAC-001,FacilityOps Campus,AST-003,Water Pump 1,Pump,Building B,Block B1,2026-01-07 05:00:00,51.22,2.39,6.11,9.14,0.63,3329.19,3,79.21,98.75,EXCELLENT,0,0,101
FAC-001,FacilityOps Campus,AST-003,Water Pump 1,Pump,Building B,Block B1,2026-01-07 06:00:00,47.89,2.36,5.63,11.34,0.88,3330.07,3,79.25,99.31,EXCELLENT,0,0,157
FAC-001,FacilityOps Campus,AST-003,Water Pump 1,Pump,Building B,Block B1,2026-01-07 07:00:00,44.58,2.9,5.94,13.32,0.99,3331.06,3,79.29,98.95,EXCELLENT,0,0,152
FAC-001,FacilityOps Campus,AST-003,Water Pump 1,Pump,Building B,Block B1,2026-01-07 08:00:00,49.39,2.68,5.97,24.45,0.82,3331.88,3,79.33,99.3,EXCELLENT,0,0,146
FAC-001,FacilityOps Campus,AST-003,Water Pump 1,Pump,Building B,Block B1,2026-01-07 09:00:00,47.53,2.47,5.4,17.36,0.51,3332.39,3,79.38,98.4,EXCELLENT,0,0,120
FAC-001,FacilityOps Campus,AST-003,Water Pump 1,Pump,Building B,Block B1,2026-01-07 10:00:00,49.01,2.91,5.46,22.02,0.83,3333.22,3,79.42,98.01,EXCELLENT,0,0,179
FAC-001,FacilityOps Campus,AST-003,Water Pump 1,Pump,Building B,Block B1,2026-01-07 11:00:00,47.17,2.8,5.66,18.14,0.9,3334.13,3,79.46,99.44,EXCELLENT,0,0,106
FAC-001,FacilityOps Campus,AST-003,Water Pump 1,Pump,Building B,Block B1,2026-01-07 12:00:00,49.05,2.14,5.53,20.32,0.98,3335.1,3,79.5,98.9,EXCELLENT,0,0,122
FAC-001,FacilityOps Campus,AST-003,Water Pump 1,Pump,Building B,Block B1,2026-01-07 13:00:00,45.36,2.74,5.79,19.2,0.81,3335.91,3,79.54,99.98,EXCELLENT,0,0,139
FAC-001,FacilityOps Campus,AST-003,Water Pump 1,Pump,Building B,Block B1,2026-01-07 14:00:00,50.24,2.38,5.46,21.38,0.56,3336.47,3,79.58,98.64,EXCELLENT,0,0,129
FAC-001,FacilityOps Campus,AST-003,Water Pump 1,Pump,Building B,Block B1,2026-01-07 15:00:00,45.32,2.63,5.33,24.17,0.42,3336.9,3,79.62,98.13,EXCELLENT,0,0,138
FAC-001,FacilityOps Campus,AST-003,Water Pump 1,Pump,Building B,Block B1,2026-01-07 16:00:00,47.89,2.57,5.79,24.14,0.82,3337.72,3,79.67,99.98,EXCELLENT,0,0,127
FAC-001,FacilityOps Campus,AST-003,Water Pump 1,Pump,Building B,Block B1,2026-01-07 17:00:00,48.77,2.59,5.9,24.02,0.42,3338.14,3,79.71,99.61,EXCELLENT,0,0,144
FAC-001,FacilityOps Campus,AST-003,Water Pump 1,Pump,Building B,Block B1,2026-01-07 18:00:00,50.67,2.35,5.47,23.67,0.95,3339.09,3,79.75,98.66,EXCELLENT,0,0,92
FAC-001,FacilityOps Campus,AST-003,Water Pump 1,Pump,Building B,Block B1,2026-01-07 19:00:00,57.42,3.5,6.1,19.78,0.96,3340.05,3,79.79,77.93,GOOD,1,0,61
FAC-001,FacilityOps Campus,AST-003,Water Pump 1,Pump,Building B,Block B1,2026-01-07 20:00:00,46.32,2.29,5.5,13.13,0.45,3340.5,3,79.83,98.79,EXCELLENT,0,0,152
FAC-001,FacilityOps Campus,AST-003,Water Pump 1,Pump,Building B,Block B1,2026-01-07 21:00:00,49.16,2.81,5.96,11.14,0.78,3341.27,3,79.88,99.34,EXCELLENT,0,0,179
FAC-001,FacilityOps Campus,AST-003,Water Pump 1,Pump,Building B,Block B1,2026-01-07 22:00:00,50.21,3.01,5.68,14.34,0.7,3341.97,3,79.92,97.03,EXCELLENT,0,0,176
FAC-001,FacilityOps Campus,AST-003,Water Pump 1,Pump,Building B,Block B1,2026-01-07 23:00:00,45.85,2.52,5.73,15.8,0.83,3342.8,3,79.96,99.73,EXCELLENT,0,0,114
FAC-001,FacilityOps Campus,AST-003,Water Pump 1,Pump,Building B,Block B1,2026-01-08 00:00:00,47.22,2.62,5.75,16.93,0.56,3343.37,3,80.0,99.82,EXCELLENT,0,0,179
FAC-001,FacilityOps Campus,AST-003,Water Pump 1,Pump,Building B,Block B1,2026-01-08 01:00:00,49.46,2.51,5.94,12.53,0.62,3343.99,3,80.04,99.43,EXCELLENT,0,0,155
FAC-001,FacilityOps Campus,AST-003,Water Pump 1,Pump,Building B,Block B1,2026-01-08 02:00:00,46.95,2.53,5.91,14.92,0.95,3344.94,3,80.08,99.56,EXCELLENT,0,0,167
FAC-001,FacilityOps Campus,AST-003,Water Pump 1,Pump,Building B,Block B1,2026-01-08 03:00:00,47.24,2.75,6.06,15.94,0.98,3345.93,3,80.12,98.97,EXCELLENT,0,0,174
FAC-001,FacilityOps Campus,AST-003,Water Pump 1,Pump,Building B,Block B1,2026-01-08 04:00:00,47.31,2.51,5.58,8.86,0.64,3346.57,3,80.17,99.13,EXCELLENT,0,0,114
FAC-001,FacilityOps Campus,AST-003,Water Pump 1,Pump,Building B,Block B1,2026-01-08 05:00:00,50.05,2.41,5.56,11.19,0.44,3347.01,3,80.21,99.03,EXCELLENT,0,0,94
FAC-001,FacilityOps Campus,AST-003,Water Pump 1,Pump,Building B,Block B1,2026-01-08 06:00:00,58.2,3.52,5.7,21.65,0.6,3347.61,3,80.25,76.78,GOOD,1,0,46
FAC-001,FacilityOps Campus,AST-003,Water Pump 1,Pump,Building B,Block B1,2026-01-08 07:00:00,48.93,2.37,5.67,14.22,0.68,3348.29,3,80.29,99.48,EXCELLENT,0,0,150
FAC-001,FacilityOps Campus,AST-003,Water Pump 1,Pump,Building B,Block B1,2026-01-08 08:00:00,44.3,2.97,5.7,22.22,0.49,3348.78,3,80.33,97.98,EXCELLENT,0,0,153
FAC-001,FacilityOps Campus,AST-003,Water Pump 1,Pump,Building B,Block B1,2026-01-08 09:00:00,52.29,2.58,5.48,25.26,0.6,3349.37,3,80.38,98.72,EXCELLENT,0,0,96
FAC-001,FacilityOps Campus,AST-003,Water Pump 1,Pump,Building B,Block B1,2026-01-08 10:00:00,47.07,2.34,5.31,20.07,0.76,3350.13,3,80.42,98.03,EXCELLENT,0,0,113
FAC-001,FacilityOps Campus,AST-003,Water Pump 1,Pump,Building B,Block B1,2026-01-08 11:00:00,42.57,2.09,6.41,21.31,0.64,3350.78,3,80.46,97.57,EXCELLENT,0,0,147
FAC-001,FacilityOps Campus,AST-003,Water Pump 1,Pump,Building B,Block B1,2026-01-08 12:00:00,48.34,2.21,5.75,24.28,0.51,3351.29,3,80.5,99.81,EXCELLENT,0,0,157
FAC-001,FacilityOps Campus,AST-003,Water Pump 1,Pump,Building B,Block B1,2026-01-08 13:00:00,51.56,2.3,5.23,23.56,0.5,3351.78,3,80.54,97.72,EXCELLENT,0,0,107
FAC-001,FacilityOps Campus,AST-003,Water Pump 1,Pump,Building B,Block B1,2026-01-08 14:00:00,47.41,2.49,5.63,24.08,0.61,3352.4,3,80.58,99.3,EXCELLENT,0,0,146
FAC-001,FacilityOps Campus,AST-003,Water Pump 1,Pump,Building B,Block B1,2026-01-08 15:00:00,46.97,2.56,5.68,21.85,0.9,3353.3,3,80.62,99.5,EXCELLENT,0,0,110
FAC-001,FacilityOps Campus,AST-003,Water Pump 1,Pump,Building B,Block B1,2026-01-08 16:00:00,55.08,2.69,5.67,22.03,0.51,3353.81,3,80.67,94.73,EXCELLENT,0,0,96
FAC-001,FacilityOps Campus,AST-003,Water Pump 1,Pump,Building B,Block B1,2026-01-08 17:00:00,41.22,2.77,5.69,25.66,0.72,3354.53,3,80.71,99.58,EXCELLENT,0,0,116
FAC-001,FacilityOps Campus,AST-003,Water Pump 1,Pump,Building B,Block B1,2026-01-08 18:00:00,50.65,2.7,5.29,25.0,0.67,3355.19,3,80.75,97.96,EXCELLENT,0,0,161
FAC-001,FacilityOps Campus,AST-003,Water Pump 1,Pump,Building B,Block B1,2026-01-08 19:00:00,49.05,2.72,5.42,10.28,0.82,3356.01,3,80.79,98.47,EXCELLENT,0,0,102
FAC-001,FacilityOps Campus,AST-003,Water Pump 1,Pump,Building B,Block B1,2026-01-08 20:00:00,49.43,2.91,5.57,11.43,0.86,3356.87,3,80.83,98.41,EXCELLENT,0,0,175
FAC-001,FacilityOps Campus,AST-003,Water Pump 1,Pump,Building B,Block B1,2026-01-08 21:00:00,53.46,2.7,5.7,16.68,0.73,3357.6,3,80.88,98.22,EXCELLENT,0,0,162
FAC-001,FacilityOps Campus,AST-003,Water Pump 1,Pump,Building B,Block B1,2026-01-08 22:00:00,49.03,2.44,6.37,12.22,0.81,3358.41,3,80.92,97.71,EXCELLENT,0,0,133
FAC-001,FacilityOps Campus,AST-003,Water Pump 1,Pump,Building B,Block B1,2026-01-08 23:00:00,50.31,2.34,6.13,13.86,0.72,3359.13,3,80.96,98.69,EXCELLENT,0,0,169
FAC-001,FacilityOps Campus,AST-003,Water Pump 1,Pump,Building B,Block B1,2026-01-09 00:00:00,48.27,2.42,5.92,15.72,0.78,3359.91,3,81.0,99.53,EXCELLENT,0,0,169
FAC-001,FacilityOps Campus,AST-003,Water Pump 1,Pump,Building B,Block B1,2026-01-09 01:00:00,48.89,2.87,5.89,8.49,0.43,3360.34,3,81.04,99.65,EXCELLENT,0,0,164
FAC-001,FacilityOps Campus,AST-003,Water Pump 1,Pump,Building B,Block B1,2026-01-09 02:00:00,45.64,2.37,5.94,11.08,0.97,3361.31,3,81.08,99.44,EXCELLENT,0,0,140
FAC-001,FacilityOps Campus,AST-003,Water Pump 1,Pump,Building B,Block B1,2026-01-09 03:00:00,46.2,2.77,5.7,10.42,0.56,3361.87,3,81.12,99.59,EXCELLENT,0,0,96
FAC-001,FacilityOps Campus,AST-003,Water Pump 1,Pump,Building B,Block B1,2026-01-09 04:00:00,50.97,2.51,5.71,11.29,0.7,3362.57,3,81.17,99.66,EXCELLENT,0,0,164
FAC-001,FacilityOps Campus,AST-003,Water Pump 1,Pump,Building B,Block B1,2026-01-09 05:00:00,48.36,2.47,5.62,10.76,0.58,3363.16,3,81.21,99.26,EXCELLENT,0,0,135
FAC-001,FacilityOps Campus,AST-003,Water Pump 1,Pump,Building B,Block B1,2026-01-09 06:00:00,46.39,2.39,6.19,14.04,0.56,3363.72,3,81.25,98.43,EXCELLENT,0,0,114
FAC-001,FacilityOps Campus,AST-003,Water Pump 1,Pump,Building B,Block B1,2026-01-09 07:00:00,44.04,2.62,5.52,12.24,0.44,3364.16,3,81.29,98.9,EXCELLENT,0,0,107
FAC-001,FacilityOps Campus,AST-003,Water Pump 1,Pump,Building B,Block B1,2026-01-09 08:00:00,48.08,2.03,5.56,19.71,0.55,3364.71,3,81.33,99.04,EXCELLENT,0,0,144
FAC-001,FacilityOps Campus,AST-003,Water Pump 1,Pump,Building B,Block B1,2026-01-09 09:00:00,48.54,2.58,6.14,25.65,0.92,3365.63,3,81.38,98.64,EXCELLENT,0,0,157
FAC-001,FacilityOps Campus,AST-003,Water Pump 1,Pump,Building B,Block B1,2026-01-09 10:00:00,41.49,3.11,5.91,25.89,0.41,3366.04,3,81.42,95.39,EXCELLENT,0,0,172
FAC-001,FacilityOps Campus,AST-003,Water Pump 1,Pump,Building B,Block B1,2026-01-09 11:00:00,48.45,2.59,5.79,23.14,0.9,3366.94,3,81.46,99.96,EXCELLENT,0,0,117
FAC-001,FacilityOps Campus,AST-003,Water Pump 1,Pump,Building B,Block B1,2026-01-09 12:00:00,40.58,2.54,5.82,21.52,0.48,3367.42,3,81.5,99.9,EXCELLENT,0,0,165
FAC-001,FacilityOps Campus,AST-003,Water Pump 1,Pump,Building B,Block B1,2026-01-09 13:00:00,51.82,2.28,5.82,24.1,0.62,3368.04,3,81.54,99.9,EXCELLENT,0,0,112
FAC-001,FacilityOps Campus,AST-003,Water Pump 1,Pump,Building B,Block B1,2026-01-09 14:00:00,49.96,2.12,5.87,19.47,0.95,3368.99,3,81.58,99.73,EXCELLENT,0,0,158
FAC-001,FacilityOps Campus,AST-003,Water Pump 1,Pump,Building B,Block B1,2026-01-09 15:00:00,48.8,2.53,5.57,26.01,0.8,3369.79,3,81.62,99.1,EXCELLENT,0,0,103
FAC-001,FacilityOps Campus,AST-003,Water Pump 1,Pump,Building B,Block B1,2026-01-09 16:00:00,46.65,2.7,5.73,20.53,0.53,3370.32,3,81.67,99.73,EXCELLENT,0,0,149
FAC-001,FacilityOps Campus,AST-003,Water Pump 1,Pump,Building B,Block B1,2026-01-09 17:00:00,45.94,2.64,5.95,24.73,0.69,3371.01,3,81.71,99.41,EXCELLENT,0,0,162
FAC-001,FacilityOps Campus,AST-003,Water Pump 1,Pump,Building B,Block B1,2026-01-09 18:00:00,44.31,2.78,4.96,24.31,0.82,3371.83,3,81.75,96.64,EXCELLENT,0,0,164
FAC-001,FacilityOps Campus,AST-003,Water Pump 1,Pump,Building B,Block B1,2026-01-09 19:00:00,51.27,2.61,6.29,16.69,0.79,3372.62,3,81.79,98.05,EXCELLENT,0,0,94
FAC-001,FacilityOps Campus,AST-003,Water Pump 1,Pump,Building B,Block B1,2026-01-09 20:00:00,49.91,2.36,6.17,15.14,0.64,3373.26,3,81.83,98.54,EXCELLENT,0,0,153
FAC-001,FacilityOps Campus,AST-003,Water Pump 1,Pump,Building B,Block B1,2026-01-09 21:00:00,48.33,2.46,5.38,14.71,0.81,3374.07,3,81.88,98.32,EXCELLENT,0,0,170
FAC-001,FacilityOps Campus,AST-003,Water Pump 1,Pump,Building B,Block B1,2026-01-09 22:00:00,50.84,2.25,5.86,12.38,0.43,3374.5,3,81.92,99.76,EXCELLENT,0,0,160
FAC-001,FacilityOps Campus,AST-003,Water Pump 1,Pump,Building B,Block B1,2026-01-09 23:00:00,77.67,3.15,5.37,14.15,0.65,3375.15,3,81.96,41.5,CRITICAL,1,1,3
FAC-001,FacilityOps Campus,AST-003,Water Pump 1,Pump,Building B,Block B1,2026-01-10 00:00:00,50.34,2.45,5.57,12.16,0.97,3376.11,3,82.0,99.07,EXCELLENT,0,0,98
FAC-001,FacilityOps Campus,AST-003,Water Pump 1,Pump,Building B,Block B1,2026-01-10 01:00:00,47.91,2.3,5.5,10.78,0.75,3376.86,3,82.04,98.79,EXCELLENT,0,0,101
FAC-001,FacilityOps Campus,AST-003,Water Pump 1,Pump,Building B,Block B1,2026-01-10 02:00:00,59.64,3.07,4.17,15.63,0.7,3377.57,3,82.08,75.75,GOOD,1,0,59
FAC-001,FacilityOps Campus,AST-003,Water Pump 1,Pump,Building B,Block B1,2026-01-10 03:00:00,51.82,2.2,6.15,13.42,0.75,3378.32,3,82.12,98.59,EXCELLENT,0,0,96
FAC-001,FacilityOps Campus,AST-003,Water Pump 1,Pump,Building B,Block B1,2026-01-10 04:00:00,48.27,2.07,5.83,12.79,0.48,3378.8,3,82.17,99.9,EXCELLENT,0,0,175
FAC-001,FacilityOps Campus,AST-003,Water Pump 1,Pump,Building B,Block B1,2026-01-10 05:00:00,49.81,2.45,6.03,13.59,0.95,3379.75,3,82.21,99.07,EXCELLENT,0,0,142
FAC-001,FacilityOps Campus,AST-003,Water Pump 1,Pump,Building B,Block B1,2026-01-10 06:00:00,49.48,2.48,6.28,11.03,0.61,3380.35,3,82.25,98.07,EXCELLENT,0,0,153
FAC-001,FacilityOps Campus,AST-003,Water Pump 1,Pump,Building B,Block B1,2026-01-10 07:00:00,47.37,3.08,5.86,13.65,0.42,3380.78,3,82.29,96.08,EXCELLENT,0,0,110
FAC-001,FacilityOps Campus,AST-003,Water Pump 1,Pump,Building B,Block B1,2026-01-10 08:00:00,43.72,2.9,6.0,18.56,0.7,3381.48,3,82.33,98.72,EXCELLENT,0,0,104
FAC-001,FacilityOps Campus,AST-003,Water Pump 1,Pump,Building B,Block B1,2026-01-10 09:00:00,51.76,2.22,5.9,27.52,0.8,3382.28,3,82.38,99.58,EXCELLENT,0,0,173
FAC-001,FacilityOps Campus,AST-003,Water Pump 1,Pump,Building B,Block B1,2026-01-10 10:00:00,48.02,2.13,5.79,28.8,0.52,3382.8,3,82.42,98.2,EXCELLENT,0,0,151
FAC-001,FacilityOps Campus,AST-003,Water Pump 1,Pump,Building B,Block B1,2026-01-10 11:00:00,53.51,2.83,5.61,22.23,0.86,3383.67,3,82.46,97.75,EXCELLENT,0,0,178
FAC-001,FacilityOps Campus,AST-003,Water Pump 1,Pump,Building B,Block B1,2026-01-10 12:00:00,47.43,2.13,5.94,27.95,0.79,3384.46,3,82.5,98.95,EXCELLENT,0,0,165
FAC-001,FacilityOps Campus,AST-003,Water Pump 1,Pump,Building B,Block B1,2026-01-10 13:00:00,46.6,2.23,5.7,24.25,0.95,3385.41,3,82.54,99.61,EXCELLENT,0,0,176
FAC-001,FacilityOps Campus,AST-003,Water Pump 1,Pump,Building B,Block B1,2026-01-10 14:00:00,48.92,2.61,5.32,17.76,0.44,3385.85,3,82.58,98.08,EXCELLENT,0,0,159
FAC-001,FacilityOps Campus,AST-003,Water Pump 1,Pump,Building B,Block B1,2026-01-10 15:00:00,48.05,2.97,5.83,22.8,0.56,3386.41,3,82.62,98.19,EXCELLENT,0,0,154
FAC-001,FacilityOps Campus,AST-003,Water Pump 1,Pump,Building B,Block B1,2026-01-10 16:00:00,45.56,2.53,5.52,24.14,0.79,3387.2,3,82.67,98.86,EXCELLENT,0,0,158
FAC-001,FacilityOps Campus,AST-003,Water Pump 1,Pump,Building B,Block B1,2026-01-10 17:00:00,45.71,2.55,6.02,22.76,0.68,3387.88,3,82.71,99.12,EXCELLENT,0,0,108
FAC-001,FacilityOps Campus,AST-003,Water Pump 1,Pump,Building B,Block B1,2026-01-10 18:00:00,51.03,2.84,6.07,20.92,0.67,3388.55,3,82.75,98.94,EXCELLENT,0,0,95
FAC-001,FacilityOps Campus,AST-003,Water Pump 1,Pump,Building B,Block B1,2026-01-10 19:00:00,48.63,2.48,5.81,15.61,0.85,3389.4,3,82.79,99.95,EXCELLENT,0,0,156
FAC-001,FacilityOps Campus,AST-003,Water Pump 1,Pump,Building B,Block B1,2026-01-10 20:00:00,50.47,2.43,5.55,13.79,0.88,3390.28,3,82.83,99.01,EXCELLENT,0,0,122
FAC-001,FacilityOps Campus,AST-003,Water Pump 1,Pump,Building B,Block B1,2026-01-10 21:00:00,48.85,2.42,5.82,13.65,0.43,3390.7,3,82.88,99.9,EXCELLENT,0,0,105
FAC-001,FacilityOps Campus,AST-003,Water Pump 1,Pump,Building B,Block B1,2026-01-10 22:00:00,49.9,2.55,6.09,9.71,0.96,3391.66,3,82.92,98.82,EXCELLENT,0,0,157
FAC-001,FacilityOps Campus,AST-003,Water Pump 1,Pump,Building B,Block B1,2026-01-10 23:00:00,50.76,2.57,5.49,13.49,0.78,3392.44,3,82.96,98.77,EXCELLENT,0,0,174
FAC-001,FacilityOps Campus,AST-003,Water Pump 1,Pump,Building B,Block B1,2026-01-11 00:00:00,46.31,2.02,5.77,16.13,0.42,3392.86,3,83.0,99.9,EXCELLENT,0,0,134
FAC-001,FacilityOps Campus,AST-003,Water Pump 1,Pump,Building B,Block B1,2026-01-11 01:00:00,49.67,2.77,5.85,12.46,0.49,3393.35,3,83.04,99.79,EXCELLENT,0,0,123
FAC-001,FacilityOps Campus,AST-003,Water Pump 1,Pump,Building B,Block B1,2026-01-11 02:00:00,43.78,2.08,5.73,12.26,0.92,3394.27,3,83.08,99.73,EXCELLENT,0,0,98
FAC-001,FacilityOps Campus,AST-003,Water Pump 1,Pump,Building B,Block B1,2026-01-11 03:00:00,49.91,2.38,5.82,16.93,0.51,3394.78,3,83.12,99.91,EXCELLENT,0,0,123
FAC-001,FacilityOps Campus,AST-003,Water Pump 1,Pump,Building B,Block B1,2026-01-11 04:00:00,48.75,2.67,5.52,16.37,0.94,3395.72,3,83.17,98.89,EXCELLENT,0,0,160
FAC-001,FacilityOps Campus,AST-003,Water Pump 1,Pump,Building B,Block B1,2026-01-11 05:00:00,52.25,2.7,5.63,8.4,0.82,3396.54,3,83.21,99.31,EXCELLENT,0,0,158
FAC-001,FacilityOps Campus,AST-003,Water Pump 1,Pump,Building B,Block B1,2026-01-11 06:00:00,52.15,2.46,5.63,8.94,0.79,3397.33,3,83.25,99.32,EXCELLENT,0,0,165
FAC-001,FacilityOps Campus,AST-003,Water Pump 1,Pump,Building B,Block B1,2026-01-11 07:00:00,46.16,2.02,5.37,13.19,0.81,3398.14,3,83.29,98.26,EXCELLENT,0,0,119
FAC-001,FacilityOps Campus,AST-003,Water Pump 1,Pump,Building B,Block B1,2026-01-11 08:00:00,47.83,2.02,5.78,22.28,0.87,3399.01,3,83.33,99.92,EXCELLENT,0,0,125
FAC-001,FacilityOps Campus,AST-003,Water Pump 1,Pump,Building B,Block B1,2026-01-11 09:00:00,44.72,2.64,5.96,23.35,0.74,3399.75,3,83.38,99.35,EXCELLENT,0,0,114
FAC-001,FacilityOps Campus,AST-003,Water Pump 1,Pump,Building B,Block B1,2026-01-11 10:00:00,46.08,2.52,6.26,20.03,0.53,3400.27,3,83.42,98.15,EXCELLENT,0,0,110
FAC-001,FacilityOps Campus,AST-003,Water Pump 1,Pump,Building B,Block B1,2026-01-11 11:00:00,41.23,2.26,5.56,17.66,0.89,3401.17,3,83.46,99.03,EXCELLENT,0,0,125
FAC-001,FacilityOps Campus,AST-003,Water Pump 1,Pump,Building B,Block B1,2026-01-11 12:00:00,44.56,2.49,5.72,22.27,0.77,3401.93,3,83.5,99.69,EXCELLENT,0,0,156
FAC-001,FacilityOps Campus,AST-003,Water Pump 1,Pump,Building B,Block B1,2026-01-11 13:00:00,46.86,2.67,5.69,23.85,0.53,3402.46,3,83.54,99.56,EXCELLENT,0,0,125
FAC-001,FacilityOps Campus,AST-003,Water Pump 1,Pump,Building B,Block B1,2026-01-11 14:00:00,46.45,2.61,6.11,20.78,0.68,3403.14,3,83.58,98.74,EXCELLENT,0,0,173
FAC-001,FacilityOps Campus,AST-003,Water Pump 1,Pump,Building B,Block B1,2026-01-11 15:00:00,47.81,2.76,5.66,20.28,0.68,3403.82,3,83.62,99.43,EXCELLENT,0,0,131
FAC-001,FacilityOps Campus,AST-003,Water Pump 1,Pump,Building B,Block B1,2026-01-11 16:00:00,48.52,2.45,6.08,25.35,0.44,3404.26,3,83.67,98.9,EXCELLENT,0,0,170
FAC-001,FacilityOps Campus,AST-003,Water Pump 1,Pump,Building B,Block B1,2026-01-11 17:00:00,52.19,2.39,5.53,18.54,0.77,3405.02,3,83.71,98.92,EXCELLENT,0,0,180
FAC-001,FacilityOps Campus,AST-003,Water Pump 1,Pump,Building B,Block B1,2026-01-11 18:00:00,49.96,2.53,6.01,21.04,0.79,3405.82,3,83.75,99.16,EXCELLENT,0,0,169
FAC-001,FacilityOps Campus,AST-003,Water Pump 1,Pump,Building B,Block B1,2026-01-11 19:00:00,61.51,3.71,6.22,14.53,0.45,3406.26,3,83.79,65.06,WARNING,1,0,12
FAC-001,FacilityOps Campus,AST-003,Water Pump 1,Pump,Building B,Block B1,2026-01-11 20:00:00,46.97,2.25,5.63,12.37,0.77,3407.03,3,83.83,99.33,EXCELLENT,0,0,132
FAC-001,FacilityOps Campus,AST-003,Water Pump 1,Pump,Building B,Block B1,2026-01-11 21:00:00,52.18,2.56,6.0,12.65,0.83,3407.86,3,83.88,99.21,EXCELLENT,0,0,90
FAC-001,FacilityOps Campus,AST-003,Water Pump 1,Pump,Building B,Block B1,2026-01-11 22:00:00,50.17,2.44,5.66,14.72,0.82,3408.68,3,83.92,99.45,EXCELLENT,0,0,158
FAC-001,FacilityOps Campus,AST-003,Water Pump 1,Pump,Building B,Block B1,2026-01-11 23:00:00,44.12,2.47,6.26,11.95,0.45,3409.12,3,83.96,98.15,EXCELLENT,0,0,147
FAC-001,FacilityOps Campus,AST-003,Water Pump 1,Pump,Building B,Block B1,2026-01-12 00:00:00,45.87,2.63,6.03,14.41,0.75,3409.87,3,84.0,99.09,EXCELLENT,0,0,125
FAC-001,FacilityOps Campus,AST-003,Water Pump 1,Pump,Building B,Block B1,2026-01-12 01:00:00,48.81,2.44,5.19,12.36,0.57,3410.44,3,84.04,97.58,EXCELLENT,0,0,114
FAC-001,FacilityOps Campus,AST-003,Water Pump 1,Pump,Building B,Block B1,2026-01-12 02:00:00,52.19,2.68,6.18,16.41,0.42,3410.86,3,84.08,98.49,EXCELLENT,0,0,144
FAC-001,FacilityOps Campus,AST-003,Water Pump 1,Pump,Building B,Block B1,2026-01-12 03:00:00,44.24,2.32,5.69,15.97,0.74,3411.6,3,84.12,99.57,EXCELLENT,0,0,155
FAC-001,FacilityOps Campus,AST-003,Water Pump 1,Pump,Building B,Block B1,2026-01-12 04:00:00,48.58,2.36,5.92,10.96,0.99,3412.59,3,84.17,99.52,EXCELLENT,0,0,112
FAC-001,FacilityOps Campus,AST-003,Water Pump 1,Pump,Building B,Block B1,2026-01-12 05:00:00,49.8,2.42,5.77,11.73,0.64,3413.23,3,84.21,99.86,EXCELLENT,0,0,171
FAC-001,FacilityOps Campus,AST-003,Water Pump 1,Pump,Building B,Block B1,2026-01-12 06:00:00,49.95,2.37,5.45,17.43,0.65,3413.88,3,84.25,98.58,EXCELLENT,0,0,125
FAC-001,FacilityOps Campus,AST-003,Water Pump 1,Pump,Building B,Block B1,2026-01-12 07:00:00,47.18,2.68,5.85,10.78,0.54,3414.42,3,84.29,99.8,EXCELLENT,0,0,137
FAC-001,FacilityOps Campus,AST-003,Water Pump 1,Pump,Building B,Block B1,2026-01-12 08:00:00,48.71,2.42,6.07,24.67,0.95,3415.37,3,84.33,98.92,EXCELLENT,0,0,151
FAC-001,FacilityOps Campus,AST-003,Water Pump 1,Pump,Building B,Block B1,2026-01-12 09:00:00,47.84,2.87,5.69,20.98,0.7,3416.07,3,84.38,99.58,EXCELLENT,0,0,122
FAC-001,FacilityOps Campus,AST-003,Water Pump 1,Pump,Building B,Block B1,2026-01-12 10:00:00,47.32,2.58,5.15,22.36,0.47,3416.55,3,84.42,97.41,EXCELLENT,0,0,168
FAC-001,FacilityOps Campus,AST-003,Water Pump 1,Pump,Building B,Block B1,2026-01-12 11:00:00,50.68,2.7,5.71,19.01,0.69,3417.24,3,84.46,99.63,EXCELLENT,0,0,107
FAC-001,FacilityOps Campus,AST-003,Water Pump 1,Pump,Building B,Block B1,2026-01-12 12:00:00,45.75,3.02,5.87,23.53,0.5,3417.73,3,84.5,97.1,EXCELLENT,0,0,93
FAC-001,FacilityOps Campus,AST-003,Water Pump 1,Pump,Building B,Block B1,2026-01-12 13:00:00,50.0,2.13,5.82,25.69,0.83,3418.57,3,84.54,99.93,EXCELLENT,0,0,170
FAC-001,FacilityOps Campus,AST-003,Water Pump 1,Pump,Building B,Block B1,2026-01-12 14:00:00,49.45,2.51,5.78,22.43,0.82,3419.39,3,84.58,99.92,EXCELLENT,0,0,127
FAC-001,FacilityOps Campus,AST-003,Water Pump 1,Pump,Building B,Block B1,2026-01-12 15:00:00,42.91,2.36,5.22,22.54,0.66,3420.05,3,84.62,97.68,EXCELLENT,0,0,121
FAC-001,FacilityOps Campus,AST-003,Water Pump 1,Pump,Building B,Block B1,2026-01-12 16:00:00,54.9,2.43,5.6,25.51,0.54,3420.59,3,84.67,94.83,EXCELLENT,0,0,109
FAC-001,FacilityOps Campus,AST-003,Water Pump 1,Pump,Building B,Block B1,2026-01-12 17:00:00,46.83,2.78,6.06,18.65,0.78,3421.37,3,84.71,98.97,EXCELLENT,0,0,154
FAC-001,FacilityOps Campus,AST-003,Water Pump 1,Pump,Building B,Block B1,2026-01-12 18:00:00,49.37,2.83,5.8,23.11,0.45,3421.82,3,84.75,99.98,EXCELLENT,0,0,148
FAC-001,FacilityOps Campus,AST-003,Water Pump 1,Pump,Building B,Block B1,2026-01-12 19:00:00,56.84,3.47,7.39,19.52,0.51,3422.33,3,84.79,74.5,GOOD,1,0,75
FAC-001,FacilityOps Campus,AST-003,Water Pump 1,Pump,Building B,Block B1,2026-01-12 20:00:00,48.9,2.07,5.37,12.5,0.42,3422.75,3,84.83,98.27,EXCELLENT,0,0,152
FAC-001,FacilityOps Campus,AST-003,Water Pump 1,Pump,Building B,Block B1,2026-01-12 21:00:00,51.16,2.73,5.87,17.9,0.54,3423.29,3,84.88,99.74,EXCELLENT,0,0,100
FAC-001,FacilityOps Campus,AST-003,Water Pump 1,Pump,Building B,Block B1,2026-01-12 22:00:00,44.77,2.74,5.58,10.41,0.68,3423.97,3,84.92,99.13,EXCELLENT,0,0,97
FAC-001,FacilityOps Campus,AST-003,Water Pump 1,Pump,Building B,Block B1,2026-01-12 23:00:00,49.36,2.35,6.06,10.38,0.94,3424.91,3,84.96,98.95,EXCELLENT,0,0,142
FAC-001,FacilityOps Campus,AST-003,Water Pump 1,Pump,Building B,Block B1,2026-01-13 00:00:00,48.37,2.56,6.35,13.84,0.79,3425.7,3,85.0,97.79,EXCELLENT,0,0,126
FAC-001,FacilityOps Campus,AST-003,Water Pump 1,Pump,Building B,Block B1,2026-01-13 01:00:00,48.08,2.38,5.68,11.3,1.0,3426.7,3,85.04,99.52,EXCELLENT,0,0,129
FAC-001,FacilityOps Campus,AST-003,Water Pump 1,Pump,Building B,Block B1,2026-01-13 02:00:00,48.23,2.7,6.15,9.09,0.41,3427.11,3,85.08,98.59,EXCELLENT,0,0,159
FAC-001,FacilityOps Campus,AST-003,Water Pump 1,Pump,Building B,Block B1,2026-01-13 03:00:00,49.78,2.86,5.68,9.03,0.84,3427.96,3,85.12,99.54,EXCELLENT,0,0,166
FAC-001,FacilityOps Campus,AST-003,Water Pump 1,Pump,Building B,Block B1,2026-01-13 04:00:00,47.33,2.66,5.62,11.83,0.54,3428.5,3,85.17,99.26,EXCELLENT,0,0,114
FAC-001,FacilityOps Campus,AST-003,Water Pump 1,Pump,Building B,Block B1,2026-01-13 05:00:00,45.86,2.72,6.07,19.24,0.98,3429.47,3,85.21,98.91,EXCELLENT,0,0,172
FAC-001,FacilityOps Campus,AST-003,Water Pump 1,Pump,Building B,Block B1,2026-01-13 06:00:00,46.27,2.66,6.03,13.74,0.52,3430.0,3,85.25,99.08,EXCELLENT,0,0,143
FAC-001,FacilityOps Campus,AST-003,Water Pump 1,Pump,Building B,Block B1,2026-01-13 07:00:00,69.18,2.41,6.04,18.94,0.63,3430.62,3,85.29,64.92,WARNING,1,1,8
FAC-001,FacilityOps Campus,AST-003,Water Pump 1,Pump,Building B,Block B1,2026-01-13 08:00:00,46.53,2.22,5.83,24.9,0.88,3431.5,3,85.33,99.89,EXCELLENT,0,0,145
FAC-001,FacilityOps Campus,AST-003,Water Pump 1,Pump,Building B,Block B1,2026-01-13 09:00:00,48.86,2.27,5.89,23.91,0.83,3432.33,3,85.38,99.62,EXCELLENT,0,0,130
FAC-001,FacilityOps Campus,AST-003,Water Pump 1,Pump,Building B,Block B1,2026-01-13 10:00:00,48.08,2.6,5.23,23.16,0.66,3432.99,3,85.42,97.73,EXCELLENT,0,0,125
FAC-001,FacilityOps Campus,AST-003,Water Pump 1,Pump,Building B,Block B1,2026-01-13 11:00:00,51.08,2.49,6.34,25.49,0.6,3433.59,3,85.46,97.84,EXCELLENT,0,0,145
FAC-001,FacilityOps Campus,AST-003,Water Pump 1,Pump,Building B,Block B1,2026-01-13 12:00:00,44.5,2.49,5.68,21.96,0.78,3434.37,3,85.5,99.5,EXCELLENT,0,0,90
FAC-001,FacilityOps Campus,AST-003,Water Pump 1,Pump,Building B,Block B1,2026-01-13 13:00:00,42.11,2.17,5.71,25.15,0.55,3434.92,3,85.54,99.63,EXCELLENT,0,0,128
FAC-001,FacilityOps Campus,AST-003,Water Pump 1,Pump,Building B,Block B1,2026-01-13 14:00:00,44.63,2.71,5.66,22.92,0.86,3435.78,3,85.58,99.45,EXCELLENT,0,0,132
FAC-001,FacilityOps Campus,AST-003,Water Pump 1,Pump,Building B,Block B1,2026-01-13 15:00:00,46.47,2.14,5.36,22.8,0.47,3436.25,3,85.62,98.22,EXCELLENT,0,0,107
FAC-001,FacilityOps Campus,AST-003,Water Pump 1,Pump,Building B,Block B1,2026-01-13 16:00:00,48.12,2.77,5.9,20.31,0.68,3436.93,3,85.67,99.58,EXCELLENT,0,0,98
FAC-001,FacilityOps Campus,AST-003,Water Pump 1,Pump,Building B,Block B1,2026-01-13 17:00:00,46.54,2.73,6.04,19.9,0.59,3437.52,3,85.71,99.04,EXCELLENT,0,0,172
FAC-001,FacilityOps Campus,AST-003,Water Pump 1,Pump,Building B,Block B1,2026-01-13 18:00:00,53.89,2.28,5.65,21.8,0.77,3438.29,3,85.75,97.14,EXCELLENT,0,0,170
FAC-001,FacilityOps Campus,AST-003,Water Pump 1,Pump,Building B,Block B1,2026-01-13 19:00:00,45.89,2.52,5.85,11.5,0.91,3439.2,3,85.79,99.79,EXCELLENT,0,0,144
FAC-001,FacilityOps Campus,AST-003,Water Pump 1,Pump,Building B,Block B1,2026-01-13 20:00:00,52.82,2.5,6.01,8.4,0.46,3439.66,3,85.83,99.11,EXCELLENT,0,0,175
FAC-001,FacilityOps Campus,AST-003,Water Pump 1,Pump,Building B,Block B1,2026-01-13 21:00:00,46.0,2.52,5.59,15.21,0.84,3440.51,3,85.88,99.17,EXCELLENT,0,0,119
FAC-001,FacilityOps Campus,AST-003,Water Pump 1,Pump,Building B,Block B1,2026-01-13 22:00:00,48.26,2.76,5.67,11.34,0.85,3441.36,3,85.92,99.47,EXCELLENT,0,0,135
FAC-001,FacilityOps Campus,AST-003,Water Pump 1,Pump,Building B,Block B1,2026-01-13 23:00:00,49.89,2.67,5.74,11.21,0.7,3442.06,3,85.96,99.76,EXCELLENT,0,0,175
FAC-001,FacilityOps Campus,AST-003,Water Pump 1,Pump,Building B,Block B1,2026-01-14 00:00:00,45.35,2.37,6.35,9.24,0.81,3442.87,3,86.0,97.8,EXCELLENT,0,0,116
FAC-001,FacilityOps Campus,AST-003,Water Pump 1,Pump,Building B,Block B1,2026-01-14 01:00:00,47.87,2.36,5.64,15.12,0.63,3443.5,3,86.04,99.36,EXCELLENT,0,0,156
FAC-001,FacilityOps Campus,AST-003,Water Pump 1,Pump,Building B,Block B1,2026-01-14 02:00:00,46.49,3.01,5.9,17.65,0.61,3444.11,3,86.08,97.17,EXCELLENT,0,0,106
FAC-001,FacilityOps Campus,AST-003,Water Pump 1,Pump,Building B,Block B1,2026-01-14 03:00:00,47.4,2.43,6.2,11.15,0.73,3444.84,3,86.12,98.38,EXCELLENT,0,0,144
FAC-001,FacilityOps Campus,AST-003,Water Pump 1,Pump,Building B,Block B1,2026-01-14 04:00:00,47.37,2.67,5.73,14.39,0.74,3445.58,3,86.17,99.72,EXCELLENT,0,0,118
FAC-001,FacilityOps Campus,AST-003,Water Pump 1,Pump,Building B,Block B1,2026-01-14 05:00:00,45.19,2.71,6.29,7.51,0.66,3446.24,3,86.21,98.06,EXCELLENT,0,0,169
FAC-001,FacilityOps Campus,AST-003,Water Pump 1,Pump,Building B,Block B1,2026-01-14 06:00:00,44.49,2.45,5.68,11.81,0.53,3446.77,3,86.25,99.51,EXCELLENT,0,0,151
FAC-001,FacilityOps Campus,AST-003,Water Pump 1,Pump,Building B,Block B1,2026-01-14 07:00:00,47.96,2.24,5.95,7.11,0.67,3447.44,3,86.29,99.39,EXCELLENT,0,0,151
FAC-001,FacilityOps Campus,AST-003,Water Pump 1,Pump,Building B,Block B1,2026-01-14 08:00:00,49.89,2.07,5.55,25.67,0.8,3448.24,3,86.33,98.98,EXCELLENT,0,0,122
FAC-001,FacilityOps Campus,AST-003,Water Pump 1,Pump,Building B,Block B1,2026-01-14 09:00:00,48.79,2.54,5.91,25.69,0.45,3448.69,3,86.38,99.58,EXCELLENT,0,0,143
FAC-001,FacilityOps Campus,AST-003,Water Pump 1,Pump,Building B,Block B1,2026-01-14 10:00:00,46.29,2.64,5.86,22.66,0.7,3449.39,3,86.42,99.76,EXCELLENT,0,0,126
FAC-001,FacilityOps Campus,AST-003,Water Pump 1,Pump,Building B,Block B1,2026-01-14 11:00:00,44.4,2.81,6.29,25.33,0.44,3449.83,3,86.46,98.02,EXCELLENT,0,0,102
FAC-001,FacilityOps Campus,AST-003,Water Pump 1,Pump,Building B,Block B1,2026-01-14 12:00:00,46.89,2.47,6.28,21.64,0.86,3450.69,3,86.5,98.09,EXCELLENT,0,0,147
FAC-001,FacilityOps Campus,AST-003,Water Pump 1,Pump,Building B,Block B1,2026-01-14 13:00:00,41.47,2.46,5.62,20.56,0.48,3451.17,3,86.54,99.29,EXCELLENT,0,0,162
FAC-001,FacilityOps Campus,AST-003,Water Pump 1,Pump,Building B,Block B1,2026-01-14 14:00:00,47.99,2.39,5.34,22.65,0.74,3451.91,3,86.58,98.17,EXCELLENT,0,0,149
FAC-001,FacilityOps Campus,AST-003,Water Pump 1,Pump,Building B,Block B1,2026-01-14 15:00:00,44.91,2.46,5.65,23.62,0.65,3452.56,3,86.62,99.39,EXCELLENT,0,0,97
FAC-001,FacilityOps Campus,AST-003,Water Pump 1,Pump,Building B,Block B1,2026-01-14 16:00:00,43.03,2.51,5.97,17.58,0.52,3453.09,3,86.67,99.32,EXCELLENT,0,0,180
FAC-001,FacilityOps Campus,AST-003,Water Pump 1,Pump,Building B,Block B1,2026-01-14 17:00:00,46.85,2.25,6.41,21.08,0.69,3453.78,3,86.71,97.56,EXCELLENT,0,0,142
FAC-001,FacilityOps Campus,AST-003,Water Pump 1,Pump,Building B,Block B1,2026-01-14 18:00:00,49.76,2.58,5.46,20.28,0.56,3454.34,3,86.75,98.66,EXCELLENT,0,0,147
FAC-001,FacilityOps Campus,AST-003,Water Pump 1,Pump,Building B,Block B1,2026-01-14 19:00:00,48.38,2.36,5.56,8.44,0.97,3455.31,3,86.79,99.02,EXCELLENT,0,0,125
FAC-001,FacilityOps Campus,AST-003,Water Pump 1,Pump,Building B,Block B1,2026-01-14 20:00:00,47.21,2.79,5.95,6.99,0.89,3456.2,3,86.83,99.39,EXCELLENT,0,0,113
FAC-001,FacilityOps Campus,AST-003,Water Pump 1,Pump,Building B,Block B1,2026-01-14 21:00:00,46.3,2.09,5.26,9.36,0.57,3456.78,3,86.88,97.83,EXCELLENT,0,0,124
FAC-001,FacilityOps Campus,AST-003,Water Pump 1,Pump,Building B,Block B1,2026-01-14 22:00:00,47.01,2.47,6.02,10.69,0.42,3457.19,3,86.92,99.12,EXCELLENT,0,0,154
FAC-001,FacilityOps Campus,AST-003,Water Pump 1,Pump,Building B,Block B1,2026-01-14 23:00:00,50.74,2.0,6.11,17.83,0.81,3458.01,3,86.96,98.76,EXCELLENT,0,0,131
FAC-001,FacilityOps Campus,AST-003,Water Pump 1,Pump,Building B,Block B1,2026-01-15 00:00:00,46.95,2.42,5.73,10.45,0.57,3458.57,3,87.0,99.71,EXCELLENT,0,0,92
FAC-001,FacilityOps Campus,AST-003,Water Pump 1,Pump,Building B,Block B1,2026-01-15 01:00:00,47.76,2.9,5.59,15.29,0.73,3459.31,3,87.04,98.65,EXCELLENT,0,0,131
FAC-001,FacilityOps Campus,AST-003,Water Pump 1,Pump,Building B,Block B1,2026-01-15 02:00:00,47.25,2.13,5.57,11.26,0.59,3459.89,3,87.08,99.08,EXCELLENT,0,0,175
FAC-001,FacilityOps Campus,AST-003,Water Pump 1,Pump,Building B,Block B1,2026-01-15 03:00:00,52.76,2.53,5.77,17.49,0.9,3460.8,3,87.12,99.87,EXCELLENT,0,0,121
FAC-001,FacilityOps Campus,AST-003,Water Pump 1,Pump,Building B,Block B1,2026-01-15 04:00:00,44.88,2.32,5.27,16.42,0.53,3461.33,3,87.17,97.86,EXCELLENT,0,0,150
FAC-001,FacilityOps Campus,AST-003,Water Pump 1,Pump,Building B,Block B1,2026-01-15 05:00:00,68.26,4.66,5.34,19.23,0.96,3462.29,3,87.21,33.89,CRITICAL,1,1,6
FAC-001,FacilityOps Campus,AST-003,Water Pump 1,Pump,Building B,Block B1,2026-01-15 06:00:00,47.93,2.32,5.79,6.9,0.43,3462.72,3,87.25,99.95,EXCELLENT,0,0,147
FAC-001,FacilityOps Campus,AST-003,Water Pump 1,Pump,Building B,Block B1,2026-01-15 07:00:00,49.07,1.93,5.46,11.76,0.77,3463.49,3,87.29,98.66,EXCELLENT,0,0,128
FAC-001,FacilityOps Campus,AST-003,Water Pump 1,Pump,Building B,Block B1,2026-01-15 08:00:00,46.74,2.86,5.22,20.69,0.5,3463.99,3,87.33,97.69,EXCELLENT,0,0,113
FAC-001,FacilityOps Campus,AST-003,Water Pump 1,Pump,Building B,Block B1,2026-01-15 09:00:00,51.27,2.6,5.7,24.05,0.73,3464.72,3,87.38,99.61,EXCELLENT,0,0,96
FAC-001,FacilityOps Campus,AST-003,Water Pump 1,Pump,Building B,Block B1,2026-01-15 10:00:00,46.75,2.55,5.45,21.95,0.42,3465.14,3,87.42,98.62,EXCELLENT,0,0,172
FAC-001,FacilityOps Campus,AST-003,Water Pump 1,Pump,Building B,Block B1,2026-01-15 11:00:00,46.24,2.88,5.91,19.51,0.77,3465.91,3,87.46,99.5,EXCELLENT,0,0,154
FAC-001,FacilityOps Campus,AST-003,Water Pump 1,Pump,Building B,Block B1,2026-01-15 12:00:00,52.04,2.39,6.14,26.66,0.78,3466.69,3,87.5,98.63,EXCELLENT,0,0,120
FAC-001,FacilityOps Campus,AST-003,Water Pump 1,Pump,Building B,Block B1,2026-01-15 13:00:00,43.15,2.48,5.75,19.49,0.93,3467.62,3,87.54,99.78,EXCELLENT,0,0,148
FAC-001,FacilityOps Campus,AST-003,Water Pump 1,Pump,Building B,Block B1,2026-01-15 14:00:00,48.19,2.23,6.34,22.27,0.48,3468.09,3,87.58,97.84,EXCELLENT,0,0,94
FAC-001,FacilityOps Campus,AST-003,Water Pump 1,Pump,Building B,Block B1,2026-01-15 15:00:00,49.89,2.66,5.95,27.82,0.79,3468.88,3,87.62,99.09,EXCELLENT,0,0,131
FAC-001,FacilityOps Campus,AST-003,Water Pump 1,Pump,Building B,Block B1,2026-01-15 16:00:00,48.5,2.53,6.13,26.61,0.66,3469.54,3,87.67,98.7,EXCELLENT,0,0,151
FAC-001,FacilityOps Campus,AST-003,Water Pump 1,Pump,Building B,Block B1,2026-01-15 17:00:00,45.41,2.6,6.09,22.04,0.41,3469.95,3,87.71,98.85,EXCELLENT,0,0,119
FAC-001,FacilityOps Campus,AST-003,Water Pump 1,Pump,Building B,Block B1,2026-01-15 18:00:00,46.51,2.42,5.47,20.96,1.0,3470.95,3,87.75,98.66,EXCELLENT,0,0,150
FAC-001,FacilityOps Campus,AST-003,Water Pump 1,Pump,Building B,Block B1,2026-01-15 19:00:00,59.86,4.37,5.79,15.2,0.89,3471.84,3,87.79,58.34,WARNING,1,0,15
FAC-001,FacilityOps Campus,AST-003,Water Pump 1,Pump,Building B,Block B1,2026-01-15 20:00:00,47.69,2.72,5.85,11.73,0.94,3472.78,3,87.83,99.81,EXCELLENT,0,0,180
FAC-001,FacilityOps Campus,AST-003,Water Pump 1,Pump,Building B,Block B1,2026-01-15 21:00:00,52.85,2.26,5.39,12.1,0.94,3473.72,3,87.88,98.27,EXCELLENT,0,0,97
FAC-001,FacilityOps Campus,AST-003,Water Pump 1,Pump,Building B,Block B1,2026-01-15 22:00:00,48.32,2.2,5.56,10.19,0.64,3474.36,3,87.92,99.05,EXCELLENT,0,0,166
FAC-001,FacilityOps Campus,AST-003,Water Pump 1,Pump,Building B,Block B1,2026-01-15 23:00:00,48.48,2.15,6.28,12.69,0.63,3474.99,3,87.96,98.07,EXCELLENT,0,0,162
FAC-001,FacilityOps Campus,AST-003,Water Pump 1,Pump,Building B,Block B1,2026-01-16 00:00:00,46.91,2.14,5.85,15.76,0.58,3475.57,3,88.0,99.78,EXCELLENT,0,0,147
FAC-001,FacilityOps Campus,AST-003,Water Pump 1,Pump,Building B,Block B1,2026-01-16 01:00:00,52.17,2.66,5.58,14.51,0.68,3476.25,3,88.04,99.14,EXCELLENT,0,0,159
FAC-001,FacilityOps Campus,AST-003,Water Pump 1,Pump,Building B,Block B1,2026-01-16 02:00:00,45.19,2.73,5.71,14.49,0.9,3477.15,3,88.08,99.65,EXCELLENT,0,0,98
FAC-001,FacilityOps Campus,AST-003,Water Pump 1,Pump,Building B,Block B1,2026-01-16 03:00:00,48.48,2.57,5.45,10.89,0.61,3477.75,3,88.12,98.6,EXCELLENT,0,0,96
FAC-001,FacilityOps Campus,AST-003,Water Pump 1,Pump,Building B,Block B1,2026-01-16 04:00:00,48.4,2.25,5.92,8.98,0.56,3478.31,3,88.17,99.52,EXCELLENT,0,0,130
FAC-001,FacilityOps Campus,AST-003,Water Pump 1,Pump,Building B,Block B1,2026-01-16 05:00:00,47.99,2.26,5.25,15.44,0.79,3479.1,3,88.21,97.81,EXCELLENT,0,0,141
FAC-001,FacilityOps Campus,AST-003,Water Pump 1,Pump,Building B,Block B1,2026-01-16 06:00:00,48.23,2.55,6.16,15.39,0.51,3479.61,3,88.25,98.54,EXCELLENT,0,0,166
FAC-001,FacilityOps Campus,AST-003,Water Pump 1,Pump,Building B,Block B1,2026-01-16 07:00:00,45.56,2.74,5.93,18.86,0.47,3480.07,3,88.29,99.46,EXCELLENT,0,0,115
FAC-001,FacilityOps Campus,AST-003,Water Pump 1,Pump,Building B,Block B1,2026-01-16 08:00:00,48.44,2.38,5.47,24.78,0.91,3480.98,3,88.33,98.68,EXCELLENT,0,0,117
FAC-001,FacilityOps Campus,AST-003,Water Pump 1,Pump,Building B,Block B1,2026-01-16 09:00:00,51.81,2.34,6.22,19.83,0.41,3481.39,3,88.38,98.32,EXCELLENT,0,0,129
FAC-001,FacilityOps Campus,AST-003,Water Pump 1,Pump,Building B,Block B1,2026-01-16 10:00:00,46.81,2.93,5.43,18.74,0.87,3482.26,3,88.42,97.57,EXCELLENT,0,0,142
FAC-001,FacilityOps Campus,AST-003,Water Pump 1,Pump,Building B,Block B1,2026-01-16 11:00:00,48.25,2.53,6.05,15.77,0.96,3483.22,3,88.46,99.0,EXCELLENT,0,0,155
FAC-001,FacilityOps Campus,AST-003,Water Pump 1,Pump,Building B,Block B1,2026-01-16 12:00:00,50.56,2.52,6.44,20.06,0.94,3484.17,3,88.5,97.43,EXCELLENT,0,0,158
FAC-001,FacilityOps Campus,AST-003,Water Pump 1,Pump,Building B,Block B1,2026-01-16 13:00:00,50.94,2.63,5.58,23.52,0.89,3485.06,3,88.54,99.13,EXCELLENT,0,0,149
FAC-001,FacilityOps Campus,AST-003,Water Pump 1,Pump,Building B,Block B1,2026-01-16 14:00:00,50.0,2.2,5.44,21.55,0.82,3485.88,3,88.58,98.56,EXCELLENT,0,0,128
FAC-001,FacilityOps Campus,AST-003,Water Pump 1,Pump,Building B,Block B1,2026-01-16 15:00:00,50.97,2.94,5.57,20.19,0.62,3486.5,3,88.62,97.91,EXCELLENT,0,0,176
FAC-001,FacilityOps Campus,AST-003,Water Pump 1,Pump,Building B,Block B1,2026-01-16 16:00:00,46.84,2.72,6.46,25.35,0.59,3487.09,3,88.67,97.37,EXCELLENT,0,0,139
FAC-001,FacilityOps Campus,AST-003,Water Pump 1,Pump,Building B,Block B1,2026-01-16 17:00:00,46.47,2.28,5.79,18.22,0.87,3487.96,3,88.71,99.97,EXCELLENT,0,0,110
FAC-001,FacilityOps Campus,AST-003,Water Pump 1,Pump,Building B,Block B1,2026-01-16 18:00:00,49.24,2.22,5.86,26.04,0.79,3488.75,3,88.75,99.76,EXCELLENT,0,0,137
FAC-001,FacilityOps Campus,AST-003,Water Pump 1,Pump,Building B,Block B1,2026-01-16 19:00:00,46.4,2.83,5.4,18.35,0.59,3489.34,3,88.79,98.4,EXCELLENT,0,0,160
FAC-001,FacilityOps Campus,AST-003,Water Pump 1,Pump,Building B,Block B1,2026-01-16 20:00:00,48.1,2.42,5.81,12.26,0.99,3490.33,3,88.83,99.98,EXCELLENT,0,0,160
FAC-001,FacilityOps Campus,AST-003,Water Pump 1,Pump,Building B,Block B1,2026-01-16 21:00:00,48.19,2.47,6.19,9.61,0.97,3491.3,3,88.88,98.44,EXCELLENT,0,0,164
FAC-001,FacilityOps Campus,AST-003,Water Pump 1,Pump,Building B,Block B1,2026-01-16 22:00:00,46.37,2.47,6.24,11.27,0.65,3491.94,3,88.92,98.22,EXCELLENT,0,0,115
FAC-001,FacilityOps Campus,AST-003,Water Pump 1,Pump,Building B,Block B1,2026-01-16 23:00:00,47.64,2.56,5.5,11.34,0.67,3492.62,3,88.96,98.79,EXCELLENT,0,0,145
FAC-001,FacilityOps Campus,AST-003,Water Pump 1,Pump,Building B,Block B1,2026-01-17 00:00:00,45.07,2.83,6.08,13.53,0.5,3493.12,3,89.0,98.88,EXCELLENT,0,0,143
FAC-001,FacilityOps Campus,AST-003,Water Pump 1,Pump,Building B,Block B1,2026-01-17 01:00:00,62.36,3.68,3.92,18.68,0.82,3493.94,3,89.04,58.03,WARNING,1,0,23
FAC-001,FacilityOps Campus,AST-003,Water Pump 1,Pump,Building B,Block B1,2026-01-17 02:00:00,46.04,2.78,5.4,17.35,0.74,3494.68,3,89.08,98.41,EXCELLENT,0,0,90
FAC-001,FacilityOps Campus,AST-003,Water Pump 1,Pump,Building B,Block B1,2026-01-17 03:00:00,49.8,2.37,6.23,12.66,0.45,3495.13,3,89.12,98.29,EXCELLENT,0,0,135
FAC-001,FacilityOps Campus,AST-003,Water Pump 1,Pump,Building B,Block B1,2026-01-17 04:00:00,47.95,2.2,6.44,8.36,0.83,3495.96,3,89.17,97.46,EXCELLENT,0,0,166
FAC-001,FacilityOps Campus,AST-003,Water Pump 1,Pump,Building B,Block B1,2026-01-17 05:00:00,49.85,2.82,6.11,12.42,0.64,3496.59,3,89.21,98.74,EXCELLENT,0,0,173
FAC-001,FacilityOps Campus,AST-003,Water Pump 1,Pump,Building B,Block B1,2026-01-17 06:00:00,50.89,2.41,6.04,10.83,0.61,3497.2,3,89.25,99.04,EXCELLENT,0,0,91
FAC-001,FacilityOps Campus,AST-003,Water Pump 1,Pump,Building B,Block B1,2026-01-17 07:00:00,47.52,2.95,5.81,11.61,0.47,3497.67,3,89.29,98.54,EXCELLENT,0,0,92
FAC-001,FacilityOps Campus,AST-003,Water Pump 1,Pump,Building B,Block B1,2026-01-17 08:00:00,50.08,2.12,5.47,24.05,0.89,3498.56,3,89.33,98.68,EXCELLENT,0,0,96
FAC-001,FacilityOps Campus,AST-003,Water Pump 1,Pump,Building B,Block B1,2026-01-17 09:00:00,54.37,2.29,5.36,22.1,0.45,3499.01,3,89.38,94.97,EXCELLENT,0,0,148
FAC-001,FacilityOps Campus,AST-003,Water Pump 1,Pump,Building B,Block B1,2026-01-17 10:00:00,49.14,2.45,5.98,20.71,0.4,3499.41,3,89.42,99.27,EXCELLENT,0,0,180
FAC-001,FacilityOps Campus,AST-003,Water Pump 1,Pump,Building B,Block B1,2026-01-17 11:00:00,50.67,2.58,5.8,25.6,0.59,3500.0,3,89.46,99.99,EXCELLENT,0,0,118
FAC-001,FacilityOps Campus,AST-003,Water Pump 1,Pump,Building B,Block B1,2026-01-17 12:00:00,45.16,2.25,5.96,20.16,0.68,3500.69,3,89.5,99.36,EXCELLENT,0,0,135
FAC-001,FacilityOps Campus,AST-003,Water Pump 1,Pump,Building B,Block B1,2026-01-17 13:00:00,47.68,2.52,6.07,18.71,0.44,3501.13,3,89.54,98.92,EXCELLENT,0,0,107
FAC-001,FacilityOps Campus,AST-003,Water Pump 1,Pump,Building B,Block B1,2026-01-17 14:00:00,49.91,3.05,5.58,22.72,0.54,3501.67,3,89.58,95.94,EXCELLENT,0,0,102
FAC-001,FacilityOps Campus,AST-003,Water Pump 1,Pump,Building B,Block B1,2026-01-17 15:00:00,44.1,2.63,5.94,22.59,0.78,3502.45,3,89.62,99.45,EXCELLENT,0,0,95
FAC-001,FacilityOps Campus,AST-003,Water Pump 1,Pump,Building B,Block B1,2026-01-17 16:00:00,80.94,4.1,5.98,32.88,0.75,3503.2,3,89.67,10.91,CRITICAL,1,1,4
FAC-001,FacilityOps Campus,AST-003,Water Pump 1,Pump,Building B,Block B1,2026-01-17 17:00:00,48.7,2.89,5.87,24.91,1.0,3504.19,3,89.71,99.35,EXCELLENT,0,0,94
FAC-001,FacilityOps Campus,AST-003,Water Pump 1,Pump,Building B,Block B1,2026-01-17 18:00:00,45.47,2.52,5.92,19.64,0.95,3505.14,3,89.75,99.53,EXCELLENT,0,0,97
FAC-001,FacilityOps Campus,AST-003,Water Pump 1,Pump,Building B,Block B1,2026-01-17 19:00:00,58.68,3.81,5.78,16.22,0.46,3505.61,3,89.79,70.82,GOOD,1,0,76
FAC-001,FacilityOps Campus,AST-003,Water Pump 1,Pump,Building B,Block B1,2026-01-17 20:00:00,46.78,2.37,5.67,16.1,0.5,3506.11,3,89.83,99.48,EXCELLENT,0,0,175
FAC-001,FacilityOps Campus,AST-003,Water Pump 1,Pump,Building B,Block B1,2026-01-17 21:00:00,45.63,2.29,5.86,11.82,0.91,3507.02,3,89.88,99.74,EXCELLENT,0,0,142
FAC-001,FacilityOps Campus,AST-003,Water Pump 1,Pump,Building B,Block B1,2026-01-17 22:00:00,44.75,2.64,6.13,14.39,0.43,3507.45,3,89.92,98.68,EXCELLENT,0,0,108
FAC-001,FacilityOps Campus,AST-003,Water Pump 1,Pump,Building B,Block B1,2026-01-17 23:00:00,45.98,2.43,5.76,13.66,0.53,3507.98,3,89.96,99.85,EXCELLENT,0,0,128
FAC-001,FacilityOps Campus,AST-003,Water Pump 1,Pump,Building B,Block B1,2026-01-18 00:00:00,44.37,2.53,5.37,17.3,0.54,3508.52,3,90.0,98.29,EXCELLENT,0,0,159
FAC-001,FacilityOps Campus,AST-003,Water Pump 1,Pump,Building B,Block B1,2026-01-18 01:00:00,42.68,2.59,5.38,12.89,0.55,3509.07,3,90.04,98.31,EXCELLENT,0,0,156
FAC-001,FacilityOps Campus,AST-003,Water Pump 1,Pump,Building B,Block B1,2026-01-18 02:00:00,51.01,3.17,5.62,18.5,0.74,3509.81,3,90.08,93.97,EXCELLENT,0,0,146
FAC-001,FacilityOps Campus,AST-003,Water Pump 1,Pump,Building B,Block B1,2026-01-18 03:00:00,47.85,2.47,5.79,10.17,0.87,3510.68,3,90.12,99.96,EXCELLENT,0,0,93
FAC-001,FacilityOps Campus,AST-003,Water Pump 1,Pump,Building B,Block B1,2026-01-18 04:00:00,49.39,2.62,6.12,12.46,0.7,3511.38,3,90.17,98.72,EXCELLENT,0,0,146
FAC-001,FacilityOps Campus,AST-003,Water Pump 1,Pump,Building B,Block B1,2026-01-18 05:00:00,46.8,2.36,5.65,16.31,0.96,3512.34,3,90.21,99.39,EXCELLENT,0,0,129
FAC-001,FacilityOps Campus,AST-003,Water Pump 1,Pump,Building B,Block B1,2026-01-18 06:00:00,59.02,4.43,6.14,21.39,0.53,3512.87,3,90.25,57.72,WARNING,1,0,17
FAC-001,FacilityOps Campus,AST-003,Water Pump 1,Pump,Building B,Block B1,2026-01-18 07:00:00,44.44,2.9,5.75,14.88,0.81,3513.68,3,90.29,99.36,EXCELLENT,0,0,171
FAC-001,FacilityOps Campus,AST-003,Water Pump 1,Pump,Building B,Block B1,2026-01-18 08:00:00,76.76,4.26,6.03,27.81,0.6,3514.29,3,90.33,24.01,CRITICAL,1,1,6
FAC-001,FacilityOps Campus,AST-003,Water Pump 1,Pump,Building B,Block B1,2026-01-18 09:00:00,49.41,2.63,6.02,24.44,0.75,3515.03,3,90.38,99.11,EXCELLENT,0,0,117
FAC-001,FacilityOps Campus,AST-003,Water Pump 1,Pump,Building B,Block B1,2026-01-18 10:00:00,44.91,2.66,6.14,19.18,0.8,3515.83,3,90.42,98.65,EXCELLENT,0,0,103
FAC-001,FacilityOps Campus,AST-003,Water Pump 1,Pump,Building B,Block B1,2026-01-18 11:00:00,52.97,2.92,4.92,20.42,0.83,3516.67,3,90.46,95.24,EXCELLENT,0,0,99
FAC-001,FacilityOps Campus,AST-003,Water Pump 1,Pump,Building B,Block B1,2026-01-18 12:00:00,44.77,2.92,5.76,22.97,0.95,3517.62,3,90.5,98.95,EXCELLENT,0,0,171
FAC-001,FacilityOps Campus,AST-003,Water Pump 1,Pump,Building B,Block B1,2026-01-18 13:00:00,42.84,2.35,5.34,23.04,0.61,3518.23,3,90.54,98.15,EXCELLENT,0,0,115
FAC-001,FacilityOps Campus,AST-003,Water Pump 1,Pump,Building B,Block B1,2026-01-18 14:00:00,49.17,2.7,5.98,24.65,0.75,3518.98,3,90.58,99.29,EXCELLENT,0,0,116
FAC-001,FacilityOps Campus,AST-003,Water Pump 1,Pump,Building B,Block B1,2026-01-18 15:00:00,51.65,2.34,5.63,20.92,0.88,3519.85,3,90.62,99.33,EXCELLENT,0,0,176
FAC-001,FacilityOps Campus,AST-003,Water Pump 1,Pump,Building B,Block B1,2026-01-18 16:00:00,49.53,2.53,5.35,24.8,0.88,3520.74,3,90.67,98.2,EXCELLENT,0,0,132
FAC-001,FacilityOps Campus,AST-003,Water Pump 1,Pump,Building B,Block B1,2026-01-18 17:00:00,49.29,2.76,6.23,23.27,0.71,3521.45,3,90.71,98.28,EXCELLENT,0,0,121
FAC-001,FacilityOps Campus,AST-003,Water Pump 1,Pump,Building B,Block B1,2026-01-18 18:00:00,47.59,2.32,6.38,26.11,0.59,3522.04,3,90.75,97.68,EXCELLENT,0,0,90
FAC-001,FacilityOps Campus,AST-003,Water Pump 1,Pump,Building B,Block B1,2026-01-18 19:00:00,46.18,2.2,5.64,12.51,0.98,3523.03,3,90.79,99.35,EXCELLENT,0,0,172
FAC-001,FacilityOps Campus,AST-003,Water Pump 1,Pump,Building B,Block B1,2026-01-18 20:00:00,48.66,2.07,5.57,14.35,0.44,3523.47,3,90.83,99.07,EXCELLENT,0,0,135
FAC-001,FacilityOps Campus,AST-003,Water Pump 1,Pump,Building B,Block B1,2026-01-18 21:00:00,42.96,2.54,5.43,13.52,0.81,3524.28,3,90.88,98.53,EXCELLENT,0,0,113
FAC-001,FacilityOps Campus,AST-003,Water Pump 1,Pump,Building B,Block B1,2026-01-18 22:00:00,50.89,2.27,5.67,14.02,0.43,3524.71,3,90.92,99.49,EXCELLENT,0,0,170
FAC-001,FacilityOps Campus,AST-003,Water Pump 1,Pump,Building B,Block B1,2026-01-18 23:00:00,47.42,2.62,5.96,15.16,0.83,3525.54,3,90.96,99.35,EXCELLENT,0,0,148
FAC-001,FacilityOps Campus,AST-003,Water Pump 1,Pump,Building B,Block B1,2026-01-19 00:00:00,47.79,2.63,6.0,15.9,0.64,3526.19,3,91.0,99.21,EXCELLENT,0,0,133
FAC-001,FacilityOps Campus,AST-003,Water Pump 1,Pump,Building B,Block B1,2026-01-19 01:00:00,48.68,2.37,5.97,10.72,0.47,3526.66,3,91.04,99.33,EXCELLENT,0,0,110
FAC-001,FacilityOps Campus,AST-003,Water Pump 1,Pump,Building B,Block B1,2026-01-19 02:00:00,48.33,2.58,5.67,9.84,0.86,3527.52,3,91.08,99.49,EXCELLENT,0,0,130
FAC-001,FacilityOps Campus,AST-003,Water Pump 1,Pump,Building B,Block B1,2026-01-19 03:00:00,47.26,2.93,6.08,10.29,0.78,3528.3,3,91.12,97.97,EXCELLENT,0,0,105
FAC-001,FacilityOps Campus,AST-003,Water Pump 1,Pump,Building B,Block B1,2026-01-19 04:00:00,49.81,2.52,6.1,9.47,0.67,3528.98,3,91.17,98.78,EXCELLENT,0,0,178
FAC-001,FacilityOps Campus,AST-003,Water Pump 1,Pump,Building B,Block B1,2026-01-19 05:00:00,48.45,2.39,5.28,12.72,0.66,3529.63,3,91.21,97.9,EXCELLENT,0,0,138
FAC-001,FacilityOps Campus,AST-003,Water Pump 1,Pump,Building B,Block B1,2026-01-19 06:00:00,45.73,2.31,5.83,13.36,0.88,3530.52,3,91.25,99.88,EXCELLENT,0,0,140
FAC-001,FacilityOps Campus,AST-003,Water Pump 1,Pump,Building B,Block B1,2026-01-19 07:00:00,43.89,2.46,5.54,12.55,0.7,3531.22,3,91.29,98.97,EXCELLENT,0,0,173
FAC-001,FacilityOps Campus,AST-003,Water Pump 1,Pump,Building B,Block B1,2026-01-19 08:00:00,45.94,2.3,6.08,24.15,0.92,3532.14,3,91.33,98.89,EXCELLENT,0,0,163
FAC-001,FacilityOps Campus,AST-003,Water Pump 1,Pump,Building B,Block B1,2026-01-19 09:00:00,44.76,2.44,5.8,23.9,0.8,3532.94,3,91.38,99.99,EXCELLENT,0,0,138
FAC-001,FacilityOps Campus,AST-003,Water Pump 1,Pump,Building B,Block B1,2026-01-19 10:00:00,50.14,2.43,5.89,24.88,0.57,3533.51,3,91.42,99.64,EXCELLENT,0,0,138
FAC-001,FacilityOps Campus,AST-003,Water Pump 1,Pump,Building B,Block B1,2026-01-19 11:00:00,43.5,2.36,5.75,26.31,0.97,3534.48,3,91.46,99.79,EXCELLENT,0,0,179
FAC-001,FacilityOps Campus,AST-003,Water Pump 1,Pump,Building B,Block B1,2026-01-19 12:00:00,48.91,2.01,5.63,20.7,0.84,3535.32,3,91.5,99.31,EXCELLENT,0,0,99
FAC-001,FacilityOps Campus,AST-003,Water Pump 1,Pump,Building B,Block B1,2026-01-19 13:00:00,49.17,2.34,5.65,20.84,0.57,3535.89,3,91.54,99.39,EXCELLENT,0,0,177
FAC-001,FacilityOps Campus,AST-003,Water Pump 1,Pump,Building B,Block B1,2026-01-19 14:00:00,46.84,2.29,5.54,21.87,0.84,3536.72,3,91.58,98.96,EXCELLENT,0,0,112
FAC-001,FacilityOps Campus,AST-003,Water Pump 1,Pump,Building B,Block B1,2026-01-19 15:00:00,50.67,2.45,5.75,21.7,0.97,3537.7,3,91.62,99.81,EXCELLENT,0,0,174
FAC-001,FacilityOps Campus,AST-003,Water Pump 1,Pump,Building B,Block B1,2026-01-19 16:00:00,46.43,2.06,5.86,23.91,0.77,3538.47,3,91.67,99.77,EXCELLENT,0,0,94
FAC-001,FacilityOps Campus,AST-003,Water Pump 1,Pump,Building B,Block B1,2026-01-19 17:00:00,50.92,2.69,6.06,24.55,0.81,3539.28,3,91.71,98.97,EXCELLENT,0,0,111
FAC-001,FacilityOps Campus,AST-003,Water Pump 1,Pump,Building B,Block B1,2026-01-19 18:00:00,49.24,2.6,5.82,28.0,0.42,3539.71,3,91.75,99.32,EXCELLENT,0,0,103
FAC-001,FacilityOps Campus,AST-003,Water Pump 1,Pump,Building B,Block B1,2026-01-19 19:00:00,49.86,2.78,5.98,9.83,0.91,3540.62,3,91.79,99.27,EXCELLENT,0,0,117
FAC-001,FacilityOps Campus,AST-003,Water Pump 1,Pump,Building B,Block B1,2026-01-19 20:00:00,47.67,2.38,5.64,9.2,0.93,3541.54,3,91.83,99.34,EXCELLENT,0,0,110
FAC-001,FacilityOps Campus,AST-003,Water Pump 1,Pump,Building B,Block B1,2026-01-19 21:00:00,49.61,2.61,6.09,8.98,0.53,3542.07,3,91.88,98.83,EXCELLENT,0,0,132
FAC-001,FacilityOps Campus,AST-003,Water Pump 1,Pump,Building B,Block B1,2026-01-19 22:00:00,48.79,2.47,6.09,11.16,0.96,3543.03,3,91.92,98.83,EXCELLENT,0,0,146
FAC-001,FacilityOps Campus,AST-003,Water Pump 1,Pump,Building B,Block B1,2026-01-19 23:00:00,45.36,3.08,5.86,10.33,0.85,3543.88,3,91.96,96.09,EXCELLENT,0,0,116
FAC-001,FacilityOps Campus,AST-003,Water Pump 1,Pump,Building B,Block B1,2026-01-20 00:00:00,51.53,2.43,5.24,12.02,0.88,3544.76,3,92.0,97.76,EXCELLENT,0,0,163
FAC-001,FacilityOps Campus,AST-003,Water Pump 1,Pump,Building B,Block B1,2026-01-20 01:00:00,46.9,2.37,6.06,13.67,0.41,3545.17,3,92.04,98.96,EXCELLENT,0,0,116
FAC-001,FacilityOps Campus,AST-003,Water Pump 1,Pump,Building B,Block B1,2026-01-20 02:00:00,49.38,2.52,5.9,14.17,0.53,3545.7,3,92.08,99.59,EXCELLENT,0,0,157
FAC-001,FacilityOps Campus,AST-003,Water Pump 1,Pump,Building B,Block B1,2026-01-20 03:00:00,51.36,2.29,5.51,12.79,0.96,3546.66,3,92.12,98.82,EXCELLENT,0,0,141
FAC-001,FacilityOps Campus,AST-003,Water Pump 1,Pump,Building B,Block B1,2026-01-20 04:00:00,49.09,2.48,5.54,12.94,0.45,3547.11,3,92.17,98.98,EXCELLENT,0,0,151
FAC-001,FacilityOps Campus,AST-003,Water Pump 1,Pump,Building B,Block B1,2026-01-20 05:00:00,48.76,2.91,6.46,15.33,0.73,3547.84,3,92.21,96.76,EXCELLENT,0,0,146
FAC-001,FacilityOps Campus,AST-003,Water Pump 1,Pump,Building B,Block B1,2026-01-20 06:00:00,50.43,2.29,6.19,15.66,0.58,3548.42,3,92.25,98.42,EXCELLENT,0,0,119
FAC-001,FacilityOps Campus,AST-003,Water Pump 1,Pump,Building B,Block B1,2026-01-20 07:00:00,51.27,2.86,5.91,12.85,0.72,3549.14,3,92.29,99.58,EXCELLENT,0,0,92
FAC-001,FacilityOps Campus,AST-003,Water Pump 1,Pump,Building B,Block B1,2026-01-20 08:00:00,50.0,2.08,5.62,28.06,0.68,3549.83,3,92.33,98.6,EXCELLENT,0,0,140
FAC-001,FacilityOps Campus,AST-003,Water Pump 1,Pump,Building B,Block B1,2026-01-20 09:00:00,48.37,2.6,6.1,19.91,0.85,3550.68,3,92.38,98.79,EXCELLENT,0,0,140
FAC-001,FacilityOps Campus,AST-003,Water Pump 1,Pump,Building B,Block B1,2026-01-20 10:00:00,47.46,2.44,5.59,18.29,0.62,3551.29,3,92.42,99.16,EXCELLENT,0,0,108
FAC-001,FacilityOps Campus,AST-003,Water Pump 1,Pump,Building B,Block B1,2026-01-20 11:00:00,47.44,2.44,5.66,18.85,0.53,3551.83,3,92.46,99.43,EXCELLENT,0,0,95
FAC-001,FacilityOps Campus,AST-003,Water Pump 1,Pump,Building B,Block B1,2026-01-20 12:00:00,48.85,2.62,5.64,24.88,0.6,3552.43,3,92.5,99.35,EXCELLENT,0,0,169
FAC-001,FacilityOps Campus,AST-003,Water Pump 1,Pump,Building B,Block B1,2026-01-20 13:00:00,50.95,2.64,5.41,24.59,0.82,3553.24,3,92.54,98.42,EXCELLENT,0,0,126
FAC-001,FacilityOps Campus,AST-003,Water Pump 1,Pump,Building B,Block B1,2026-01-20 14:00:00,65.19,3.58,5.01,29.37,0.58,3553.83,3,92.58,55.66,WARNING,1,1,25
FAC-001,FacilityOps Campus,AST-003,Water Pump 1,Pump,Building B,Block B1,2026-01-20 15:00:00,46.39,2.78,5.92,24.75,0.82,3554.65,3,92.62,99.53,EXCELLENT,0,0,179
FAC-001,FacilityOps Campus,AST-003,Water Pump 1,Pump,Building B,Block B1,2026-01-20 16:00:00,45.42,2.59,5.88,19.8,0.61,3555.26,3,92.67,99.68,EXCELLENT,0,0,160
FAC-001,FacilityOps Campus,AST-003,Water Pump 1,Pump,Building B,Block B1,2026-01-20 17:00:00,46.59,2.91,6.12,20.48,0.9,3556.16,3,92.71,97.99,EXCELLENT,0,0,115
FAC-001,FacilityOps Campus,AST-003,Water Pump 1,Pump,Building B,Block B1,2026-01-20 18:00:00,47.54,2.6,5.61,22.53,0.6,3556.76,3,92.75,99.24,EXCELLENT,0,0,110
FAC-001,FacilityOps Campus,AST-003,Water Pump 1,Pump,Building B,Block B1,2026-01-20 19:00:00,83.21,3.29,7.86,8.65,0.57,3557.33,3,92.79,20.98,CRITICAL,1,1,5
FAC-001,FacilityOps Campus,AST-003,Water Pump 1,Pump,Building B,Block B1,2026-01-20 20:00:00,49.92,1.76,6.2,13.84,0.85,3558.18,3,92.83,98.38,EXCELLENT,0,0,165
FAC-001,FacilityOps Campus,AST-003,Water Pump 1,Pump,Building B,Block B1,2026-01-20 21:00:00,49.3,2.3,6.04,6.31,0.56,3558.74,3,92.88,99.06,EXCELLENT,0,0,127
FAC-001,FacilityOps Campus,AST-003,Water Pump 1,Pump,Building B,Block B1,2026-01-20 22:00:00,47.17,2.6,5.82,16.45,0.88,3559.61,3,92.92,99.91,EXCELLENT,0,0,129
FAC-001,FacilityOps Campus,AST-003,Water Pump 1,Pump,Building B,Block B1,2026-01-20 23:00:00,45.3,2.73,6.04,14.55,0.53,3560.14,3,92.96,99.05,EXCELLENT,0,0,132
FAC-001,FacilityOps Campus,AST-003,Water Pump 1,Pump,Building B,Block B1,2026-01-21 00:00:00,50.9,2.08,5.85,12.49,0.64,3560.78,3,93.0,99.79,EXCELLENT,0,0,172
FAC-001,FacilityOps Campus,AST-003,Water Pump 1,Pump,Building B,Block B1,2026-01-21 01:00:00,46.81,2.75,5.79,13.86,0.46,3561.24,3,93.04,99.97,EXCELLENT,0,0,143
FAC-001,FacilityOps Campus,AST-003,Water Pump 1,Pump,Building B,Block B1,2026-01-21 02:00:00,44.16,2.7,6.04,15.19,0.63,3561.87,3,93.08,99.05,EXCELLENT,0,0,136
FAC-001,FacilityOps Campus,AST-003,Water Pump 1,Pump,Building B,Block B1,2026-01-21 03:00:00,46.44,2.45,5.64,15.4,0.75,3562.63,3,93.12,99.37,EXCELLENT,0,0,135
FAC-001,FacilityOps Campus,AST-003,Water Pump 1,Pump,Building B,Block B1,2026-01-21 04:00:00,48.72,2.74,6.05,10.06,0.56,3563.19,3,93.17,98.99,EXCELLENT,0,0,173
FAC-001,FacilityOps Campus,AST-003,Water Pump 1,Pump,Building B,Block B1,2026-01-21 05:00:00,47.61,2.17,5.98,13.16,0.67,3563.85,3,93.21,99.27,EXCELLENT,0,0,107
FAC-001,FacilityOps Campus,AST-003,Water Pump 1,Pump,Building B,Block B1,2026-01-21 06:00:00,52.38,2.57,5.39,11.97,0.62,3564.47,3,93.25,98.35,EXCELLENT,0,0,104
FAC-001,FacilityOps Campus,AST-003,Water Pump 1,Pump,Building B,Block B1,2026-01-21 07:00:00,48.52,2.1,6.03,15.65,0.64,3565.11,3,93.29,99.09,EXCELLENT,0,0,133
FAC-001,FacilityOps Campus,AST-003,Water Pump 1,Pump,Building B,Block B1,2026-01-21 08:00:00,47.24,2.88,5.22,26.77,0.49,3565.6,3,93.33,97.61,EXCELLENT,0,0,99
FAC-001,FacilityOps Campus,AST-003,Water Pump 1,Pump,Building B,Block B1,2026-01-21 09:00:00,50.93,2.28,5.89,18.83,0.97,3566.57,3,93.38,99.65,EXCELLENT,0,0,164
FAC-001,FacilityOps Campus,AST-003,Water Pump 1,Pump,Building B,Block B1,2026-01-21 10:00:00,48.91,2.67,6.24,21.57,0.88,3567.44,3,93.42,98.23,EXCELLENT,0,0,101
FAC-001,FacilityOps Campus,AST-003,Water Pump 1,Pump,Building B,Block B1,2026-01-21 11:00:00,50.73,2.27,5.2,22.61,0.79,3568.23,3,93.46,97.6,EXCELLENT,0,0,147
FAC-001,FacilityOps Campus,AST-003,Water Pump 1,Pump,Building B,Block B1,2026-01-21 12:00:00,55.02,2.38,5.59,21.32,0.54,3568.76,3,93.5,94.52,EXCELLENT,0,0,170
FAC-001,FacilityOps Campus,AST-003,Water Pump 1,Pump,Building B,Block B1,2026-01-21 13:00:00,46.15,2.48,6.31,17.17,0.45,3569.21,3,93.54,97.97,EXCELLENT,0,0,138
FAC-001,FacilityOps Campus,AST-003,Water Pump 1,Pump,Building B,Block B1,2026-01-21 14:00:00,46.96,2.27,6.05,19.86,0.47,3569.68,3,93.58,99.0,EXCELLENT,0,0,107
FAC-001,FacilityOps Campus,AST-003,Water Pump 1,Pump,Building B,Block B1,2026-01-21 15:00:00,46.87,2.42,5.13,26.21,0.53,3570.21,3,93.62,97.34,EXCELLENT,0,0,160
FAC-001,FacilityOps Campus,AST-003,Water Pump 1,Pump,Building B,Block B1,2026-01-21 16:00:00,50.05,2.66,5.62,25.23,0.6,3570.81,3,93.67,99.27,EXCELLENT,0,0,91
FAC-001,FacilityOps Campus,AST-003,Water Pump 1,Pump,Building B,Block B1,2026-01-21 17:00:00,45.88,2.39,6.21,25.32,0.78,3571.59,3,93.71,98.36,EXCELLENT,0,0,165
FAC-001,FacilityOps Campus,AST-003,Water Pump 1,Pump,Building B,Block B1,2026-01-21 18:00:00,48.4,2.69,6.02,22.17,0.69,3572.29,3,93.75,99.13,EXCELLENT,0,0,115
FAC-001,FacilityOps Campus,AST-003,Water Pump 1,Pump,Building B,Block B1,2026-01-21 19:00:00,50.5,1.93,5.96,15.06,0.48,3572.77,3,93.79,99.36,EXCELLENT,0,0,142
FAC-001,FacilityOps Campus,AST-003,Water Pump 1,Pump,Building B,Block B1,2026-01-21 20:00:00,59.18,5.94,5.93,16.57,0.49,3573.26,3,93.83,31.06,CRITICAL,1,1,6
FAC-001,FacilityOps Campus,AST-003,Water Pump 1,Pump,Building B,Block B1,2026-01-21 21:00:00,49.53,2.69,6.41,15.42,0.89,3574.16,3,93.88,97.55,EXCELLENT,0,0,176
FAC-001,FacilityOps Campus,AST-003,Water Pump 1,Pump,Building B,Block B1,2026-01-21 22:00:00,42.95,2.54,5.89,10.26,0.49,3574.65,3,93.92,99.64,EXCELLENT,0,0,129
FAC-001,FacilityOps Campus,AST-003,Water Pump 1,Pump,Building B,Block B1,2026-01-21 23:00:00,49.8,2.52,6.09,13.11,0.7,3575.35,3,93.96,98.84,EXCELLENT,0,0,162
FAC-001,FacilityOps Campus,AST-003,Water Pump 1,Pump,Building B,Block B1,2026-01-22 00:00:00,53.77,2.31,5.7,8.89,0.99,3576.34,3,94.0,97.6,EXCELLENT,0,0,150
FAC-001,FacilityOps Campus,AST-003,Water Pump 1,Pump,Building B,Block B1,2026-01-22 01:00:00,49.76,2.41,5.46,9.36,0.52,3576.86,3,94.04,98.66,EXCELLENT,0,0,167
FAC-001,FacilityOps Campus,AST-003,Water Pump 1,Pump,Building B,Block B1,2026-01-22 02:00:00,48.7,2.23,5.9,15.11,0.49,3577.35,3,94.08,99.61,EXCELLENT,0,0,92
FAC-001,FacilityOps Campus,AST-003,Water Pump 1,Pump,Building B,Block B1,2026-01-22 03:00:00,51.29,2.42,5.74,10.28,0.45,3577.8,3,94.12,99.75,EXCELLENT,0,0,149
FAC-001,FacilityOps Campus,AST-003,Water Pump 1,Pump,Building B,Block B1,2026-01-22 04:00:00,48.28,2.07,6.53,8.18,0.69,3578.49,3,94.17,97.07,EXCELLENT,0,0,106
FAC-001,FacilityOps Campus,AST-003,Water Pump 1,Pump,Building B,Block B1,2026-01-22 05:00:00,51.96,2.74,6.38,10.78,0.5,3578.99,3,94.21,97.67,EXCELLENT,0,0,135
FAC-001,FacilityOps Campus,AST-003,Water Pump 1,Pump,Building B,Block B1,2026-01-22 06:00:00,44.57,2.69,6.03,13.81,0.64,3579.64,3,94.25,99.1,EXCELLENT,0,0,138
FAC-001,FacilityOps Campus,AST-003,Water Pump 1,Pump,Building B,Block B1,2026-01-22 07:00:00,51.93,2.29,5.76,9.04,0.82,3580.46,3,94.29,99.84,EXCELLENT,0,0,168
FAC-001,FacilityOps Campus,AST-003,Water Pump 1,Pump,Building B,Block B1,2026-01-22 08:00:00,53.58,2.53,5.59,20.68,0.94,3581.4,3,94.33,97.53,EXCELLENT,0,0,114
FAC-001,FacilityOps Campus,AST-003,Water Pump 1,Pump,Building B,Block B1,2026-01-22 09:00:00,48.58,2.53,5.49,20.96,0.76,3582.16,3,94.38,98.78,EXCELLENT,0,0,111
FAC-001,FacilityOps Campus,AST-003,Water Pump 1,Pump,Building B,Block B1,2026-01-22 10:00:00,52.46,2.41,5.79,28.45,0.91,3583.08,3,94.42,98.72,EXCELLENT,0,0,160
FAC-001,FacilityOps Campus,AST-003,Water Pump 1,Pump,Building B,Block B1,2026-01-22 11:00:00,42.22,2.64,5.71,23.64,0.86,3583.94,3,94.46,99.65,EXCELLENT,0,0,129
FAC-001,FacilityOps Campus,AST-003,Water Pump 1,Pump,Building B,Block B1,2026-01-22 12:00:00,48.29,2.59,6.09,26.85,0.45,3584.39,3,94.5,98.84,EXCELLENT,0,0,137
FAC-001,FacilityOps Campus,AST-003,Water Pump 1,Pump,Building B,Block B1,2026-01-22 13:00:00,49.59,2.57,5.51,25.78,0.45,3584.84,3,94.54,98.86,EXCELLENT,0,0,99
FAC-001,FacilityOps Campus,AST-003,Water Pump 1,Pump,Building B,Block B1,2026-01-22 14:00:00,48.32,2.44,5.11,18.51,0.46,3585.3,3,94.58,97.22,EXCELLENT,0,0,151
FAC-001,FacilityOps Campus,AST-003,Water Pump 1,Pump,Building B,Block B1,2026-01-22 15:00:00,47.82,2.52,5.69,23.96,0.91,3586.22,3,94.62,99.56,EXCELLENT,0,0,94
FAC-001,FacilityOps Campus,AST-003,Water Pump 1,Pump,Building B,Block B1,2026-01-22 16:00:00,45.8,2.64,5.59,26.17,0.79,3587.01,3,94.67,99.17,EXCELLENT,0,0,107
FAC-001,FacilityOps Campus,AST-003,Water Pump 1,Pump,Building B,Block B1,2026-01-22 17:00:00,50.05,2.28,5.89,24.55,0.75,3587.76,3,94.71,99.63,EXCELLENT,0,0,178
FAC-001,FacilityOps Campus,AST-003,Water Pump 1,Pump,Building B,Block B1,2026-01-22 18:00:00,46.31,2.83,5.54,23.08,0.65,3588.41,3,94.75,98.97,EXCELLENT,0,0,131
FAC-001,FacilityOps Campus,AST-003,Water Pump 1,Pump,Building B,Block B1,2026-01-22 19:00:00,46.58,2.68,5.61,12.34,0.82,3589.23,3,94.79,99.23,EXCELLENT,0,0,144
FAC-001,FacilityOps Campus,AST-003,Water Pump 1,Pump,Building B,Block B1,2026-01-22 20:00:00,48.91,2.64,4.84,13.35,0.78,3590.02,3,94.83,96.17,EXCELLENT,0,0,107
FAC-001,FacilityOps Campus,AST-003,Water Pump 1,Pump,Building B,Block B1,2026-01-22 21:00:00,47.12,2.61,5.46,12.55,0.56,3590.57,3,94.88,98.65,EXCELLENT,0,0,91
FAC-001,FacilityOps Campus,AST-003,Water Pump 1,Pump,Building B,Block B1,2026-01-22 22:00:00,48.52,2.4,5.49,14.45,0.74,3591.32,3,94.92,98.76,EXCELLENT,0,0,122
FAC-001,FacilityOps Campus,AST-003,Water Pump 1,Pump,Building B,Block B1,2026-01-22 23:00:00,46.74,2.47,5.88,12.87,0.72,3592.04,3,94.96,99.68,EXCELLENT,0,0,164
FAC-001,FacilityOps Campus,AST-003,Water Pump 1,Pump,Building B,Block B1,2026-01-23 00:00:00,47.17,2.51,6.1,14.17,0.47,3592.51,3,95.0,98.78,EXCELLENT,0,0,110
FAC-001,FacilityOps Campus,AST-003,Water Pump 1,Pump,Building B,Block B1,2026-01-23 01:00:00,48.55,2.32,5.82,11.52,0.86,3593.37,3,95.04,99.93,EXCELLENT,0,0,121
FAC-001,FacilityOps Campus,AST-003,Water Pump 1,Pump,Building B,Block B1,2026-01-23 02:00:00,85.31,4.98,5.88,22.62,0.44,3593.81,3,95.08,0.0,CRITICAL,1,1,6
FAC-001,FacilityOps Campus,AST-003,Water Pump 1,Pump,Building B,Block B1,2026-01-23 03:00:00,48.98,2.19,5.82,10.55,0.61,3594.41,3,95.12,99.93,EXCELLENT,0,0,136
FAC-001,FacilityOps Campus,AST-003,Water Pump 1,Pump,Building B,Block B1,2026-01-23 04:00:00,47.65,2.61,5.6,8.69,0.57,3594.99,3,95.17,99.21,EXCELLENT,0,0,156
FAC-001,FacilityOps Campus,AST-003,Water Pump 1,Pump,Building B,Block B1,2026-01-23 05:00:00,50.77,2.41,5.97,14.46,0.48,3595.46,3,95.21,99.34,EXCELLENT,0,0,174
FAC-001,FacilityOps Campus,AST-003,Water Pump 1,Pump,Building B,Block B1,2026-01-23 06:00:00,51.49,2.53,5.46,9.2,0.76,3596.22,3,95.25,98.62,EXCELLENT,0,0,104
FAC-001,FacilityOps Campus,AST-003,Water Pump 1,Pump,Building B,Block B1,2026-01-23 07:00:00,53.95,2.53,5.16,12.59,0.88,3597.11,3,95.29,95.02,EXCELLENT,0,0,117
FAC-001,FacilityOps Campus,AST-003,Water Pump 1,Pump,Building B,Block B1,2026-01-23 08:00:00,52.3,2.74,6.09,24.31,1.0,3598.1,3,95.33,98.86,EXCELLENT,0,0,167
FAC-001,FacilityOps Campus,AST-003,Water Pump 1,Pump,Building B,Block B1,2026-01-23 09:00:00,43.71,2.41,5.57,22.56,0.47,3598.57,3,95.38,99.07,EXCELLENT,0,0,102
FAC-001,FacilityOps Campus,AST-003,Water Pump 1,Pump,Building B,Block B1,2026-01-23 10:00:00,51.71,2.56,6.15,24.92,0.97,3599.54,3,95.42,98.58,EXCELLENT,0,0,135
FAC-001,FacilityOps Campus,AST-003,Water Pump 1,Pump,Building B,Block B1,2026-01-23 11:00:00,51.8,2.71,5.96,23.61,0.98,3600.53,3,95.46,99.36,EXCELLENT,0,0,95
FAC-001,FacilityOps Campus,AST-003,Water Pump 1,Pump,Building B,Block B1,2026-01-23 12:00:00,57.69,3.85,4.78,24.16,0.66,3601.18,3,95.5,68.24,WARNING,1,0,26
FAC-001,FacilityOps Campus,AST-003,Water Pump 1,Pump,Building B,Block B1,2026-01-23 13:00:00,50.95,2.49,5.76,19.64,0.5,3601.68,3,95.54,99.83,EXCELLENT,0,0,164
FAC-001,FacilityOps Campus,AST-003,Water Pump 1,Pump,Building B,Block B1,2026-01-23 14:00:00,45.82,2.31,5.78,25.32,0.52,3602.21,3,95.58,99.94,EXCELLENT,0,0,122
FAC-001,FacilityOps Campus,AST-003,Water Pump 1,Pump,Building B,Block B1,2026-01-23 15:00:00,43.7,2.27,5.79,22.98,0.79,3603.0,3,95.62,99.94,EXCELLENT,0,0,130
FAC-001,FacilityOps Campus,AST-003,Water Pump 1,Pump,Building B,Block B1,2026-01-23 16:00:00,49.86,2.22,5.51,24.61,0.83,3603.83,3,95.67,98.83,EXCELLENT,0,0,170
FAC-001,FacilityOps Campus,AST-003,Water Pump 1,Pump,Building B,Block B1,2026-01-23 17:00:00,44.6,2.13,5.71,28.38,0.42,3604.25,3,95.71,98.5,EXCELLENT,0,0,100
FAC-001,FacilityOps Campus,AST-003,Water Pump 1,Pump,Building B,Block B1,2026-01-23 18:00:00,68.39,4.62,3.84,25.3,0.92,3605.16,3,95.75,28.35,CRITICAL,1,1,0
FAC-001,FacilityOps Campus,AST-003,Water Pump 1,Pump,Building B,Block B1,2026-01-23 19:00:00,46.95,2.32,6.48,18.09,0.64,3605.81,3,95.79,97.27,EXCELLENT,0,0,136
FAC-001,FacilityOps Campus,AST-003,Water Pump 1,Pump,Building B,Block B1,2026-01-23 20:00:00,49.17,2.64,5.52,14.03,0.78,3606.59,3,95.83,98.89,EXCELLENT,0,0,165
FAC-001,FacilityOps Campus,AST-003,Water Pump 1,Pump,Building B,Block B1,2026-01-23 21:00:00,50.39,2.74,5.52,6.64,0.56,3607.15,3,95.88,98.89,EXCELLENT,0,0,126
FAC-001,FacilityOps Campus,AST-003,Water Pump 1,Pump,Building B,Block B1,2026-01-23 22:00:00,49.11,2.68,6.0,14.28,0.95,3608.1,3,95.92,99.2,EXCELLENT,0,0,112
FAC-001,FacilityOps Campus,AST-003,Water Pump 1,Pump,Building B,Block B1,2026-01-23 23:00:00,45.6,2.84,5.49,15.09,0.49,3608.59,3,95.96,98.78,EXCELLENT,0,0,111
FAC-001,FacilityOps Campus,AST-003,Water Pump 1,Pump,Building B,Block B1,2026-01-24 00:00:00,49.41,2.7,5.88,14.25,0.83,3609.42,3,96.0,99.67,EXCELLENT,0,0,123
FAC-001,FacilityOps Campus,AST-003,Water Pump 1,Pump,Building B,Block B1,2026-01-24 01:00:00,51.38,2.7,5.74,9.77,0.42,3609.84,3,96.04,99.76,EXCELLENT,0,0,129
FAC-001,FacilityOps Campus,AST-003,Water Pump 1,Pump,Building B,Block B1,2026-01-24 02:00:00,45.99,2.35,6.05,11.64,0.8,3610.63,3,96.08,99.02,EXCELLENT,0,0,120
FAC-001,FacilityOps Campus,AST-003,Water Pump 1,Pump,Building B,Block B1,2026-01-24 03:00:00,49.69,2.37,5.85,9.4,0.89,3611.52,3,96.12,99.79,EXCELLENT,0,0,123
FAC-001,FacilityOps Campus,AST-003,Water Pump 1,Pump,Building B,Block B1,2026-01-24 04:00:00,47.92,2.61,5.96,8.84,0.98,3612.5,3,96.17,99.38,EXCELLENT,0,0,121
FAC-001,FacilityOps Campus,AST-003,Water Pump 1,Pump,Building B,Block B1,2026-01-24 05:00:00,53.22,2.61,5.89,15.49,0.99,3613.5,3,96.21,98.79,EXCELLENT,0,0,171
FAC-001,FacilityOps Campus,AST-003,Water Pump 1,Pump,Building B,Block B1,2026-01-24 06:00:00,49.55,2.31,5.82,16.03,0.85,3614.35,3,96.25,99.93,EXCELLENT,0,0,91
FAC-001,FacilityOps Campus,AST-003,Water Pump 1,Pump,Building B,Block B1,2026-01-24 07:00:00,47.26,1.7,5.55,10.82,0.97,3615.32,3,96.29,98.99,EXCELLENT,0,0,163
FAC-001,FacilityOps Campus,AST-003,Water Pump 1,Pump,Building B,Block B1,2026-01-24 08:00:00,47.23,2.36,5.85,18.81,0.52,3615.84,3,96.33,99.78,EXCELLENT,0,0,122
FAC-001,FacilityOps Campus,AST-003,Water Pump 1,Pump,Building B,Block B1,2026-01-24 09:00:00,52.26,2.56,5.61,24.29,0.49,3616.33,3,96.38,99.25,EXCELLENT,0,0,121
FAC-001,FacilityOps Campus,AST-003,Water Pump 1,Pump,Building B,Block B1,2026-01-24 10:00:00,45.19,2.68,5.68,25.2,0.84,3617.17,3,96.42,99.53,EXCELLENT,0,0,114
FAC-001,FacilityOps Campus,AST-003,Water Pump 1,Pump,Building B,Block B1,2026-01-24 11:00:00,47.1,2.61,5.43,20.39,0.4,3617.57,3,96.46,98.54,EXCELLENT,0,0,112
FAC-001,FacilityOps Campus,AST-003,Water Pump 1,Pump,Building B,Block B1,2026-01-24 12:00:00,54.4,2.48,5.89,20.39,0.7,3618.27,3,96.5,96.33,EXCELLENT,0,0,156
FAC-001,FacilityOps Campus,AST-003,Water Pump 1,Pump,Building B,Block B1,2026-01-24 13:00:00,45.41,2.65,5.71,21.65,0.55,3618.82,3,96.54,99.63,EXCELLENT,0,0,100
FAC-001,FacilityOps Campus,AST-003,Water Pump 1,Pump,Building B,Block B1,2026-01-24 14:00:00,47.28,2.95,6.04,25.82,0.56,3619.38,3,96.58,97.76,EXCELLENT,0,0,149
FAC-001,FacilityOps Campus,AST-003,Water Pump 1,Pump,Building B,Block B1,2026-01-24 15:00:00,50.81,2.79,5.78,22.57,0.52,3619.9,3,96.62,99.93,EXCELLENT,0,0,119
FAC-001,FacilityOps Campus,AST-003,Water Pump 1,Pump,Building B,Block B1,2026-01-24 16:00:00,46.92,2.72,5.93,22.46,0.83,3620.72,3,96.67,99.47,EXCELLENT,0,0,127
FAC-001,FacilityOps Campus,AST-003,Water Pump 1,Pump,Building B,Block B1,2026-01-24 17:00:00,49.15,2.97,5.97,19.18,0.52,3621.24,3,96.71,97.67,EXCELLENT,0,0,101
FAC-001,FacilityOps Campus,AST-003,Water Pump 1,Pump,Building B,Block B1,2026-01-24 18:00:00,46.58,2.65,5.48,25.37,0.9,3622.14,3,96.75,98.71,EXCELLENT,0,0,173
FAC-001,FacilityOps Campus,AST-003,Water Pump 1,Pump,Building B,Block B1,2026-01-24 19:00:00,48.69,2.59,5.74,14.38,0.62,3622.76,3,96.79,99.77,EXCELLENT,0,0,152
FAC-001,FacilityOps Campus,AST-003,Water Pump 1,Pump,Building B,Block B1,2026-01-24 20:00:00,49.68,2.44,5.46,15.89,0.86,3623.62,3,96.83,98.65,EXCELLENT,0,0,126
FAC-001,FacilityOps Campus,AST-003,Water Pump 1,Pump,Building B,Block B1,2026-01-24 21:00:00,49.7,2.24,5.86,17.51,0.72,3624.34,3,96.88,99.75,EXCELLENT,0,0,113
FAC-001,FacilityOps Campus,AST-003,Water Pump 1,Pump,Building B,Block B1,2026-01-24 22:00:00,42.84,2.23,5.87,10.54,0.77,3625.12,3,96.92,99.72,EXCELLENT,0,0,129
FAC-001,FacilityOps Campus,AST-003,Water Pump 1,Pump,Building B,Block B1,2026-01-24 23:00:00,46.88,2.84,5.75,16.09,0.89,3626.01,3,96.96,99.79,EXCELLENT,0,0,145
FAC-001,FacilityOps Campus,AST-003,Water Pump 1,Pump,Building B,Block B1,2026-01-25 00:00:00,47.08,2.64,6.22,14.96,0.81,3626.82,3,97.0,98.33,EXCELLENT,0,0,109
FAC-001,FacilityOps Campus,AST-003,Water Pump 1,Pump,Building B,Block B1,2026-01-25 01:00:00,46.82,2.84,5.92,13.92,0.66,3627.48,3,97.04,99.51,EXCELLENT,0,0,130
FAC-001,FacilityOps Campus,AST-003,Water Pump 1,Pump,Building B,Block B1,2026-01-25 02:00:00,49.98,2.43,5.92,15.32,0.59,3628.07,3,97.08,99.51,EXCELLENT,0,0,174
FAC-001,FacilityOps Campus,AST-003,Water Pump 1,Pump,Building B,Block B1,2026-01-25 03:00:00,78.24,3.84,7.63,13.0,0.48,3628.55,3,97.12,22.39,CRITICAL,1,1,4
FAC-001,FacilityOps Campus,AST-003,Water Pump 1,Pump,Building B,Block B1,2026-01-25 04:00:00,50.64,2.33,6.16,13.3,0.89,3629.44,3,97.17,98.56,EXCELLENT,0,0,171
FAC-001,FacilityOps Campus,AST-003,Water Pump 1,Pump,Building B,Block B1,2026-01-25 05:00:00,51.23,2.06,6.34,12.87,0.74,3630.18,3,97.21,97.84,EXCELLENT,0,0,162
FAC-001,FacilityOps Campus,AST-003,Water Pump 1,Pump,Building B,Block B1,2026-01-25 06:00:00,44.83,2.8,5.62,11.08,0.44,3630.62,3,97.25,99.26,EXCELLENT,0,0,117
FAC-001,FacilityOps Campus,AST-003,Water Pump 1,Pump,Building B,Block B1,2026-01-25 07:00:00,51.63,2.22,5.58,14.97,0.74,3631.37,3,97.29,99.13,EXCELLENT,0,0,178
FAC-001,FacilityOps Campus,AST-003,Water Pump 1,Pump,Building B,Block B1,2026-01-25 08:00:00,53.11,2.37,5.46,20.86,0.89,3632.26,3,97.33,98.0,EXCELLENT,0,0,173
FAC-001,FacilityOps Campus,AST-003,Water Pump 1,Pump,Building B,Block B1,2026-01-25 09:00:00,48.25,2.13,6.12,21.93,0.54,3632.79,3,97.38,98.72,EXCELLENT,0,0,159
FAC-001,FacilityOps Campus,AST-003,Water Pump 1,Pump,Building B,Block B1,2026-01-25 10:00:00,48.74,2.35,6.24,16.83,0.9,3633.69,3,97.42,98.26,EXCELLENT,0,0,177
FAC-001,FacilityOps Campus,AST-003,Water Pump 1,Pump,Building B,Block B1,2026-01-25 11:00:00,45.32,2.86,5.68,18.4,0.53,3634.23,3,97.46,99.52,EXCELLENT,0,0,119
FAC-001,FacilityOps Campus,AST-003,Water Pump 1,Pump,Building B,Block B1,2026-01-25 12:00:00,45.24,2.72,5.7,19.43,1.0,3635.22,3,97.5,99.61,EXCELLENT,0,0,120
FAC-001,FacilityOps Campus,AST-003,Water Pump 1,Pump,Building B,Block B1,2026-01-25 13:00:00,47.29,2.36,5.59,18.58,0.74,3635.96,3,97.54,99.15,EXCELLENT,0,0,119
FAC-001,FacilityOps Campus,AST-003,Water Pump 1,Pump,Building B,Block B1,2026-01-25 14:00:00,46.65,2.7,6.04,22.35,0.69,3636.65,3,97.58,99.03,EXCELLENT,0,0,158
FAC-001,FacilityOps Campus,AST-003,Water Pump 1,Pump,Building B,Block B1,2026-01-25 15:00:00,47.96,2.52,5.77,20.82,0.54,3637.19,3,97.62,99.86,EXCELLENT,0,0,161
FAC-001,FacilityOps Campus,AST-003,Water Pump 1,Pump,Building B,Block B1,2026-01-25 16:00:00,48.62,2.32,5.72,20.68,0.78,3637.97,3,97.67,99.66,EXCELLENT,0,0,132
FAC-001,FacilityOps Campus,AST-003,Water Pump 1,Pump,Building B,Block B1,2026-01-25 17:00:00,46.96,2.26,5.78,22.38,0.91,3638.88,3,97.71,99.94,EXCELLENT,0,0,166
FAC-001,FacilityOps Campus,AST-003,Water Pump 1,Pump,Building B,Block B1,2026-01-25 18:00:00,44.42,2.6,5.82,24.1,0.48,3639.36,3,97.75,99.92,EXCELLENT,0,0,129
FAC-001,FacilityOps Campus,AST-003,Water Pump 1,Pump,Building B,Block B1,2026-01-25 19:00:00,46.8,2.54,6.02,17.32,0.51,3639.87,3,97.79,99.12,EXCELLENT,0,0,95
FAC-001,FacilityOps Campus,AST-003,Water Pump 1,Pump,Building B,Block B1,2026-01-25 20:00:00,48.18,2.29,5.81,11.88,0.84,3640.72,3,97.83,99.95,EXCELLENT,0,0,139
FAC-001,FacilityOps Campus,AST-003,Water Pump 1,Pump,Building B,Block B1,2026-01-25 21:00:00,44.31,2.46,5.54,16.32,0.54,3641.26,3,97.88,98.97,EXCELLENT,0,0,133
FAC-001,FacilityOps Campus,AST-003,Water Pump 1,Pump,Building B,Block B1,2026-01-25 22:00:00,49.6,2.3,5.72,10.84,0.45,3641.71,3,97.92,99.67,EXCELLENT,0,0,146
FAC-001,FacilityOps Campus,AST-003,Water Pump 1,Pump,Building B,Block B1,2026-01-25 23:00:00,42.3,2.5,5.21,13.21,0.98,3642.69,3,97.96,97.63,EXCELLENT,0,0,128
FAC-001,FacilityOps Campus,AST-003,Water Pump 1,Pump,Building B,Block B1,2026-01-26 00:00:00,48.75,2.38,6.07,10.96,0.61,3643.29,3,98.0,98.9,EXCELLENT,0,0,145
FAC-001,FacilityOps Campus,AST-003,Water Pump 1,Pump,Building B,Block B1,2026-01-26 01:00:00,49.99,2.68,5.96,15.11,0.86,3644.15,3,98.04,99.35,EXCELLENT,0,0,159
FAC-001,FacilityOps Campus,AST-003,Water Pump 1,Pump,Building B,Block B1,2026-01-26 02:00:00,49.17,2.54,5.71,13.15,0.69,3644.84,3,98.08,99.65,EXCELLENT,0,0,120
FAC-001,FacilityOps Campus,AST-003,Water Pump 1,Pump,Building B,Block B1,2026-01-26 03:00:00,47.22,2.33,5.46,9.63,0.9,3645.75,3,98.12,98.63,EXCELLENT,0,0,131
FAC-001,FacilityOps Campus,AST-003,Water Pump 1,Pump,Building B,Block B1,2026-01-26 04:00:00,52.37,2.74,5.65,13.99,0.53,3646.28,3,98.17,99.4,EXCELLENT,0,0,142
FAC-001,FacilityOps Campus,AST-003,Water Pump 1,Pump,Building B,Block B1,2026-01-26 05:00:00,49.57,2.33,5.8,5.91,0.59,3646.87,3,98.21,99.99,EXCELLENT,0,0,110
FAC-001,FacilityOps Campus,AST-003,Water Pump 1,Pump,Building B,Block B1,2026-01-26 06:00:00,45.49,2.47,5.31,12.23,0.61,3647.48,3,98.25,98.04,EXCELLENT,0,0,159
FAC-001,FacilityOps Campus,AST-003,Water Pump 1,Pump,Building B,Block B1,2026-01-26 07:00:00,48.51,2.78,5.4,15.39,0.62,3648.1,3,98.29,98.39,EXCELLENT,0,0,91
FAC-001,FacilityOps Campus,AST-003,Water Pump 1,Pump,Building B,Block B1,2026-01-26 08:00:00,49.42,2.38,5.55,26.33,0.76,3648.86,3,98.33,99.02,EXCELLENT,0,0,108
FAC-001,FacilityOps Campus,AST-003,Water Pump 1,Pump,Building B,Block B1,2026-01-26 09:00:00,44.41,2.14,6.03,24.26,0.41,3649.26,3,98.38,99.07,EXCELLENT,0,0,118
FAC-001,FacilityOps Campus,AST-003,Water Pump 1,Pump,Building B,Block B1,2026-01-26 10:00:00,46.78,2.68,5.6,22.71,0.8,3650.07,3,98.42,99.19,EXCELLENT,0,0,164
FAC-001,FacilityOps Campus,AST-003,Water Pump 1,Pump,Building B,Block B1,2026-01-26 11:00:00,42.99,2.51,5.82,25.03,0.88,3650.95,3,98.46,99.91,EXCELLENT,0,0,110
FAC-001,FacilityOps Campus,AST-003,Water Pump 1,Pump,Building B,Block B1,2026-01-26 12:00:00,49.7,2.21,5.78,14.76,0.48,3651.42,3,98.5,99.92,EXCELLENT,0,0,161
FAC-001,FacilityOps Campus,AST-003,Water Pump 1,Pump,Building B,Block B1,2026-01-26 13:00:00,49.34,2.44,5.92,19.44,0.96,3652.38,3,98.54,99.53,EXCELLENT,0,0,98
FAC-001,FacilityOps Campus,AST-003,Water Pump 1,Pump,Building B,Block B1,2026-01-26 14:00:00,48.41,2.72,5.31,22.29,0.76,3653.15,3,98.58,98.06,EXCELLENT,0,0,172
FAC-001,FacilityOps Campus,AST-003,Water Pump 1,Pump,Building B,Block B1,2026-01-26 15:00:00,46.51,2.73,5.44,25.12,0.52,3653.67,3,98.62,98.55,EXCELLENT,0,0,158
FAC-001,FacilityOps Campus,AST-003,Water Pump 1,Pump,Building B,Block B1,2026-01-26 16:00:00,48.97,2.3,6.22,25.22,0.64,3654.31,3,98.67,98.33,EXCELLENT,0,0,106
FAC-001,FacilityOps Campus,AST-003,Water Pump 1,Pump,Building B,Block B1,2026-01-26 17:00:00,45.14,2.69,6.23,21.4,0.69,3655.0,3,98.71,98.29,EXCELLENT,0,0,173
FAC-001,FacilityOps Campus,AST-003,Water Pump 1,Pump,Building B,Block B1,2026-01-26 18:00:00,46.15,2.88,5.59,19.44,0.44,3655.45,3,98.75,98.99,EXCELLENT,0,0,125
FAC-001,FacilityOps Campus,AST-003,Water Pump 1,Pump,Building B,Block B1,2026-01-26 19:00:00,64.79,3.5,6.46,17.58,0.75,3656.19,3,98.79,61.12,WARNING,1,0,14
FAC-001,FacilityOps Campus,AST-003,Water Pump 1,Pump,Building B,Block B1,2026-01-26 20:00:00,48.94,2.66,5.71,11.17,0.82,3657.02,3,98.83,99.65,EXCELLENT,0,0,142
FAC-001,FacilityOps Campus,AST-003,Water Pump 1,Pump,Building B,Block B1,2026-01-26 21:00:00,44.14,2.78,5.74,12.32,0.69,3657.71,3,98.88,99.76,EXCELLENT,0,0,108
FAC-001,FacilityOps Campus,AST-003,Water Pump 1,Pump,Building B,Block B1,2026-01-26 22:00:00,50.96,2.93,6.05,8.13,0.62,3658.34,3,98.92,98.08,EXCELLENT,0,0,180
FAC-001,FacilityOps Campus,AST-003,Water Pump 1,Pump,Building B,Block B1,2026-01-26 23:00:00,48.79,2.2,5.29,15.52,0.92,3659.26,3,98.96,97.98,EXCELLENT,0,0,136
FAC-001,FacilityOps Campus,AST-003,Water Pump 1,Pump,Building B,Block B1,2026-01-27 00:00:00,50.49,2.76,6.13,8.15,0.59,3659.84,3,99.0,98.67,EXCELLENT,0,0,123
FAC-001,FacilityOps Campus,AST-003,Water Pump 1,Pump,Building B,Block B1,2026-01-27 01:00:00,47.69,2.38,5.84,8.37,0.63,3660.47,3,99.04,99.82,EXCELLENT,0,0,100
FAC-001,FacilityOps Campus,AST-003,Water Pump 1,Pump,Building B,Block B1,2026-01-27 02:00:00,47.63,2.38,5.62,11.72,0.84,3661.32,3,99.08,99.27,EXCELLENT,0,0,178
FAC-001,FacilityOps Campus,AST-003,Water Pump 1,Pump,Building B,Block B1,2026-01-27 03:00:00,46.63,2.32,6.07,9.61,0.75,3662.07,3,99.12,98.91,EXCELLENT,0,0,106
FAC-001,FacilityOps Campus,AST-003,Water Pump 1,Pump,Building B,Block B1,2026-01-27 04:00:00,45.79,2.77,5.93,12.3,0.52,3662.59,3,99.17,99.49,EXCELLENT,0,0,118
FAC-001,FacilityOps Campus,AST-003,Water Pump 1,Pump,Building B,Block B1,2026-01-27 05:00:00,48.15,2.47,6.55,14.59,0.53,3663.12,3,99.21,97.02,EXCELLENT,0,0,137
FAC-001,FacilityOps Campus,AST-003,Water Pump 1,Pump,Building B,Block B1,2026-01-27 06:00:00,49.85,2.64,5.79,11.32,0.53,3663.65,3,99.25,99.98,EXCELLENT,0,0,104
FAC-001,FacilityOps Campus,AST-003,Water Pump 1,Pump,Building B,Block B1,2026-01-27 07:00:00,48.8,2.39,6.07,6.54,0.59,3664.24,3,99.29,98.94,EXCELLENT,0,0,125
FAC-001,FacilityOps Campus,AST-003,Water Pump 1,Pump,Building B,Block B1,2026-01-27 08:00:00,46.38,2.59,5.91,22.56,0.69,3664.93,3,99.33,99.56,EXCELLENT,0,0,125
FAC-001,FacilityOps Campus,AST-003,Water Pump 1,Pump,Building B,Block B1,2026-01-27 09:00:00,49.04,2.51,5.31,22.74,0.6,3665.53,3,99.38,98.02,EXCELLENT,0,0,92
FAC-001,FacilityOps Campus,AST-003,Water Pump 1,Pump,Building B,Block B1,2026-01-27 10:00:00,45.99,2.64,6.18,25.22,0.76,3666.29,3,99.42,98.49,EXCELLENT,0,0,156
FAC-001,FacilityOps Campus,AST-003,Water Pump 1,Pump,Building B,Block B1,2026-01-27 11:00:00,49.58,2.67,5.07,26.08,0.77,3667.06,3,99.46,97.1,EXCELLENT,0,0,124
FAC-001,FacilityOps Campus,AST-003,Water Pump 1,Pump,Building B,Block B1,2026-01-27 12:00:00,45.39,2.76,5.42,25.88,0.47,3667.53,3,99.5,98.47,EXCELLENT,0,0,164
FAC-001,FacilityOps Campus,AST-003,Water Pump 1,Pump,Building B,Block B1,2026-01-27 13:00:00,46.03,2.37,5.95,24.87,0.45,3667.98,3,99.54,99.42,EXCELLENT,0,0,173
FAC-001,FacilityOps Campus,AST-003,Water Pump 1,Pump,Building B,Block B1,2026-01-27 14:00:00,66.03,4.38,6.09,23.94,0.6,3668.59,3,99.58,44.15,CRITICAL,1,1,5
FAC-001,FacilityOps Campus,AST-003,Water Pump 1,Pump,Building B,Block B1,2026-01-27 15:00:00,47.69,2.51,5.33,19.1,0.89,3669.48,3,99.62,98.11,EXCELLENT,0,0,143
FAC-001,FacilityOps Campus,AST-003,Water Pump 1,Pump,Building B,Block B1,2026-01-27 16:00:00,49.05,2.47,5.68,23.63,0.6,3670.08,3,99.67,99.52,EXCELLENT,0,0,151
FAC-001,FacilityOps Campus,AST-003,Water Pump 1,Pump,Building B,Block B1,2026-01-27 17:00:00,49.21,2.88,5.67,25.23,0.5,3670.58,3,99.71,99.31,EXCELLENT,0,0,151
FAC-001,FacilityOps Campus,AST-003,Water Pump 1,Pump,Building B,Block B1,2026-01-27 18:00:00,49.67,2.55,6.1,22.23,0.67,3671.25,3,99.75,98.8,EXCELLENT,0,0,94
FAC-001,FacilityOps Campus,AST-003,Water Pump 1,Pump,Building B,Block B1,2026-01-27 19:00:00,42.82,2.51,5.95,10.71,0.43,3671.68,3,99.79,99.38,EXCELLENT,0,0,143
FAC-001,FacilityOps Campus,AST-003,Water Pump 1,Pump,Building B,Block B1,2026-01-27 20:00:00,46.22,2.67,5.58,8.22,0.75,3672.43,3,99.83,99.12,EXCELLENT,0,0,177
FAC-001,FacilityOps Campus,AST-003,Water Pump 1,Pump,Building B,Block B1,2026-01-27 21:00:00,49.46,2.28,6.13,13.73,0.87,3673.31,3,99.88,98.67,EXCELLENT,0,0,167
FAC-001,FacilityOps Campus,AST-003,Water Pump 1,Pump,Building B,Block B1,2026-01-27 22:00:00,59.68,3.88,5.11,13.14,0.6,3673.91,3,99.92,64.74,WARNING,1,0,10
FAC-001,FacilityOps Campus,AST-003,Water Pump 1,Pump,Building B,Block B1,2026-01-27 23:00:00,46.89,2.68,6.06,15.88,0.93,3674.84,3,99.96,98.97,EXCELLENT,0,0,161
FAC-001,FacilityOps Campus,AST-003,Water Pump 1,Pump,Building B,Block B1,2026-01-28 00:00:00,49.81,2.57,5.73,15.83,0.62,3675.46,3,100.0,99.73,EXCELLENT,0,0,91
FAC-001,FacilityOps Campus,AST-003,Water Pump 1,Pump,Building B,Block B1,2026-01-28 01:00:00,49.95,2.73,5.85,12.23,0.65,3676.12,3,100.04,99.8,EXCELLENT,0,0,162
FAC-001,FacilityOps Campus,AST-003,Water Pump 1,Pump,Building B,Block B1,2026-01-28 02:00:00,50.45,2.73,5.76,10.77,0.82,3676.94,3,100.08,99.84,EXCELLENT,0,0,106
FAC-001,FacilityOps Campus,AST-003,Water Pump 1,Pump,Building B,Block B1,2026-01-28 03:00:00,51.84,2.78,5.49,11.44,0.8,3677.74,3,100.12,98.78,EXCELLENT,0,0,134
FAC-001,FacilityOps Campus,AST-003,Water Pump 1,Pump,Building B,Block B1,2026-01-28 04:00:00,51.05,2.54,6.1,13.02,0.87,3678.61,3,100.17,98.8,EXCELLENT,0,0,174
FAC-001,FacilityOps Campus,AST-003,Water Pump 1,Pump,Building B,Block B1,2026-01-28 05:00:00,48.88,2.73,5.52,7.02,0.76,3679.36,3,100.21,98.89,EXCELLENT,0,0,126
FAC-001,FacilityOps Campus,AST-003,Water Pump 1,Pump,Building B,Block B1,2026-01-28 06:00:00,49.94,2.37,5.81,15.05,0.84,3680.2,3,100.25,99.95,EXCELLENT,0,0,139
FAC-001,FacilityOps Campus,AST-003,Water Pump 1,Pump,Building B,Block B1,2026-01-28 07:00:00,47.78,2.4,5.78,12.27,0.45,3680.66,3,100.29,99.94,EXCELLENT,0,0,162
FAC-001,FacilityOps Campus,AST-003,Water Pump 1,Pump,Building B,Block B1,2026-01-28 08:00:00,45.47,2.94,5.43,20.26,0.83,3681.49,3,100.33,97.39,EXCELLENT,0,0,143
FAC-001,FacilityOps Campus,AST-003,Water Pump 1,Pump,Building B,Block B1,2026-01-28 09:00:00,46.81,2.43,5.63,25.65,0.73,3682.21,3,100.38,99.3,EXCELLENT,0,0,125
FAC-001,FacilityOps Campus,AST-003,Water Pump 1,Pump,Building B,Block B1,2026-01-28 10:00:00,39.93,2.88,5.68,24.39,0.69,3682.91,3,100.42,99.44,EXCELLENT,0,0,150
FAC-001,FacilityOps Campus,AST-003,Water Pump 1,Pump,Building B,Block B1,2026-01-28 11:00:00,50.48,2.65,5.64,18.33,0.79,3683.7,3,100.46,99.36,EXCELLENT,0,0,100
FAC-001,FacilityOps Campus,AST-003,Water Pump 1,Pump,Building B,Block B1,2026-01-28 12:00:00,44.13,2.48,6.38,25.0,0.7,3684.4,3,100.5,97.67,EXCELLENT,0,0,112
FAC-001,FacilityOps Campus,AST-003,Water Pump 1,Pump,Building B,Block B1,2026-01-28 13:00:00,46.72,2.89,5.95,23.66,0.76,3685.15,3,100.54,99.09,EXCELLENT,0,0,139
FAC-001,FacilityOps Campus,AST-003,Water Pump 1,Pump,Building B,Block B1,2026-01-28 14:00:00,48.8,2.17,6.33,18.24,0.83,3685.98,3,100.58,97.88,EXCELLENT,0,0,160
FAC-001,FacilityOps Campus,AST-003,Water Pump 1,Pump,Building B,Block B1,2026-01-28 15:00:00,50.06,2.65,5.94,25.39,0.4,3686.38,3,100.62,99.46,EXCELLENT,0,0,121
FAC-001,FacilityOps Campus,AST-003,Water Pump 1,Pump,Building B,Block B1,2026-01-28 16:00:00,45.5,2.52,5.74,26.3,0.98,3687.36,3,100.67,99.76,EXCELLENT,0,0,152
FAC-001,FacilityOps Campus,AST-003,Water Pump 1,Pump,Building B,Block B1,2026-01-28 17:00:00,54.75,2.22,5.82,21.14,0.93,3688.29,3,100.71,95.88,EXCELLENT,0,0,177
FAC-001,FacilityOps Campus,AST-003,Water Pump 1,Pump,Building B,Block B1,2026-01-28 18:00:00,48.06,2.22,5.96,17.47,0.41,3688.7,3,100.75,99.36,EXCELLENT,0,0,174
FAC-001,FacilityOps Campus,AST-003,Water Pump 1,Pump,Building B,Block B1,2026-01-28 19:00:00,47.2,2.56,5.62,10.34,0.55,3689.26,3,100.79,99.26,EXCELLENT,0,0,151
FAC-001,FacilityOps Campus,AST-003,Water Pump 1,Pump,Building B,Block B1,2026-01-28 20:00:00,45.96,2.55,5.26,12.1,0.55,3689.81,3,100.83,97.84,EXCELLENT,0,0,134
FAC-001,FacilityOps Campus,AST-003,Water Pump 1,Pump,Building B,Block B1,2026-01-28 21:00:00,45.2,2.45,5.47,15.3,0.41,3690.22,3,100.88,98.69,EXCELLENT,0,0,137
FAC-001,FacilityOps Campus,AST-003,Water Pump 1,Pump,Building B,Block B1,2026-01-28 22:00:00,45.95,2.33,5.37,14.87,0.52,3690.74,3,100.92,98.27,EXCELLENT,0,0,138
FAC-001,FacilityOps Campus,AST-003,Water Pump 1,Pump,Building B,Block B1,2026-01-28 23:00:00,51.09,2.22,5.44,16.25,0.79,3691.52,3,100.96,98.55,EXCELLENT,0,0,155
FAC-001,FacilityOps Campus,AST-003,Water Pump 1,Pump,Building B,Block B1,2026-01-29 00:00:00,45.23,2.25,5.74,11.81,0.61,3692.13,3,101.0,99.75,EXCELLENT,0,0,93
FAC-001,FacilityOps Campus,AST-003,Water Pump 1,Pump,Building B,Block B1,2026-01-29 01:00:00,48.34,2.52,6.02,13.29,0.6,3692.73,3,101.04,99.11,EXCELLENT,0,0,93
FAC-001,FacilityOps Campus,AST-003,Water Pump 1,Pump,Building B,Block B1,2026-01-29 02:00:00,49.38,2.19,5.61,15.15,0.99,3693.72,3,101.08,99.26,EXCELLENT,0,0,110
FAC-001,FacilityOps Campus,AST-003,Water Pump 1,Pump,Building B,Block B1,2026-01-29 03:00:00,50.81,2.29,5.67,11.8,1.0,3694.71,3,101.12,99.47,EXCELLENT,0,0,170
FAC-001,FacilityOps Campus,AST-003,Water Pump 1,Pump,Building B,Block B1,2026-01-29 04:00:00,49.73,2.57,5.59,9.81,0.98,3695.7,3,101.17,99.17,EXCELLENT,0,0,106
FAC-001,FacilityOps Campus,AST-003,Water Pump 1,Pump,Building B,Block B1,2026-01-29 05:00:00,48.01,2.26,5.73,9.7,0.6,3696.3,3,101.21,99.73,EXCELLENT,0,0,154
FAC-001,FacilityOps Campus,AST-003,Water Pump 1,Pump,Building B,Block B1,2026-01-29 06:00:00,44.91,2.63,5.76,14.94,0.79,3697.09,3,101.25,99.86,EXCELLENT,0,0,179
FAC-001,FacilityOps Campus,AST-003,Water Pump 1,Pump,Building B,Block B1,2026-01-29 07:00:00,46.81,2.68,5.74,14.97,0.91,3698.0,3,101.29,99.78,EXCELLENT,0,0,90
FAC-001,FacilityOps Campus,AST-003,Water Pump 1,Pump,Building B,Block B1,2026-01-29 08:00:00,48.66,2.4,5.9,18.88,0.56,3698.56,3,101.33,99.62,EXCELLENT,0,0,133
FAC-001,FacilityOps Campus,AST-003,Water Pump 1,Pump,Building B,Block B1,2026-01-29 09:00:00,44.42,2.27,5.29,25.48,0.96,3699.52,3,101.38,97.95,EXCELLENT,0,0,175
FAC-001,FacilityOps Campus,AST-003,Water Pump 1,Pump,Building B,Block B1,2026-01-29 10:00:00,51.7,2.44,5.78,20.46,0.7,3700.22,3,101.42,99.92,EXCELLENT,0,0,180
FAC-001,FacilityOps Campus,AST-003,Water Pump 1,Pump,Building B,Block B1,2026-01-29 11:00:00,48.35,2.36,5.15,20.02,0.73,3700.95,3,101.46,97.41,EXCELLENT,0,0,172
FAC-001,FacilityOps Campus,AST-003,Water Pump 1,Pump,Building B,Block B1,2026-01-29 12:00:00,46.57,2.63,6.09,25.35,0.94,3701.89,3,101.5,98.84,EXCELLENT,0,0,160
FAC-001,FacilityOps Campus,AST-003,Water Pump 1,Pump,Building B,Block B1,2026-01-29 13:00:00,49.94,2.25,5.56,24.35,0.78,3702.66,3,101.54,99.05,EXCELLENT,0,0,108
FAC-001,FacilityOps Campus,AST-003,Water Pump 1,Pump,Building B,Block B1,2026-01-29 14:00:00,51.75,2.12,6.0,23.78,0.97,3703.63,3,101.58,99.21,EXCELLENT,0,0,167
FAC-001,FacilityOps Campus,AST-003,Water Pump 1,Pump,Building B,Block B1,2026-01-29 15:00:00,42.69,2.5,5.92,18.2,0.76,3704.39,3,101.62,99.54,EXCELLENT,0,0,137
FAC-001,FacilityOps Campus,AST-003,Water Pump 1,Pump,Building B,Block B1,2026-01-29 16:00:00,49.76,2.42,5.64,22.67,0.48,3704.87,3,101.67,99.35,EXCELLENT,0,0,120
FAC-001,FacilityOps Campus,AST-003,Water Pump 1,Pump,Building B,Block B1,2026-01-29 17:00:00,46.43,2.16,5.94,17.53,0.55,3705.42,3,101.71,99.44,EXCELLENT,0,0,113
FAC-001,FacilityOps Campus,AST-003,Water Pump 1,Pump,Building B,Block B1,2026-01-29 18:00:00,47.02,2.67,6.05,18.26,0.67,3706.09,3,101.75,99.01,EXCELLENT,0,0,137
FAC-001,FacilityOps Campus,AST-003,Water Pump 1,Pump,Building B,Block B1,2026-01-29 19:00:00,48.83,2.36,6.36,11.66,0.94,3707.03,3,101.79,97.78,EXCELLENT,0,0,135
FAC-001,FacilityOps Campus,AST-003,Water Pump 1,Pump,Building B,Block B1,2026-01-29 20:00:00,42.88,2.58,6.19,17.62,0.83,3707.86,3,101.83,98.44,EXCELLENT,0,0,99
FAC-001,FacilityOps Campus,AST-003,Water Pump 1,Pump,Building B,Block B1,2026-01-29 21:00:00,45.48,2.71,6.39,13.98,0.98,3708.83,3,101.88,97.65,EXCELLENT,0,0,124
FAC-001,FacilityOps Campus,AST-003,Water Pump 1,Pump,Building B,Block B1,2026-01-29 22:00:00,47.15,2.72,5.68,8.46,0.86,3709.69,3,101.92,99.54,EXCELLENT,0,0,128
FAC-001,FacilityOps Campus,AST-003,Water Pump 1,Pump,Building B,Block B1,2026-01-29 23:00:00,46.61,2.94,5.92,9.39,0.67,3710.36,3,101.96,98.41,EXCELLENT,0,0,117
FAC-001,FacilityOps Campus,AST-003,Water Pump 1,Pump,Building B,Block B1,2026-01-30 00:00:00,46.21,2.68,5.71,8.01,0.42,3710.78,3,102.0,99.64,EXCELLENT,0,0,95
FAC-001,FacilityOps Campus,AST-003,Water Pump 1,Pump,Building B,Block B1,2026-01-30 01:00:00,45.21,2.29,5.65,11.25,0.5,3711.29,3,102.04,99.39,EXCELLENT,0,0,155
FAC-001,FacilityOps Campus,AST-003,Water Pump 1,Pump,Building B,Block B1,2026-01-30 02:00:00,53.23,2.42,6.09,15.12,0.88,3712.17,3,102.08,97.95,EXCELLENT,0,0,177
FAC-001,FacilityOps Campus,AST-003,Water Pump 1,Pump,Building B,Block B1,2026-01-30 03:00:00,49.8,2.81,5.94,10.48,0.68,3712.84,3,102.12,99.44,EXCELLENT,0,0,136
FAC-001,FacilityOps Campus,AST-003,Water Pump 1,Pump,Building B,Block B1,2026-01-30 04:00:00,45.83,2.45,5.78,17.8,0.73,3713.58,3,102.17,99.91,EXCELLENT,0,0,177
FAC-001,FacilityOps Campus,AST-003,Water Pump 1,Pump,Building B,Block B1,2026-01-30 05:00:00,50.72,2.8,6.01,10.0,0.43,3714.0,3,102.21,99.17,EXCELLENT,0,0,135
FAC-001,FacilityOps Campus,AST-003,Water Pump 1,Pump,Building B,Block B1,2026-01-30 06:00:00,47.99,2.13,5.18,9.38,0.57,3714.57,3,102.25,97.5,EXCELLENT,0,0,116
FAC-001,FacilityOps Campus,AST-003,Water Pump 1,Pump,Building B,Block B1,2026-01-30 07:00:00,45.88,2.85,6.07,14.35,0.54,3715.12,3,102.29,98.94,EXCELLENT,0,0,111
FAC-001,FacilityOps Campus,AST-003,Water Pump 1,Pump,Building B,Block B1,2026-01-30 08:00:00,51.18,2.49,5.82,19.97,0.84,3715.95,3,102.33,99.9,EXCELLENT,0,0,106
FAC-001,FacilityOps Campus,AST-003,Water Pump 1,Pump,Building B,Block B1,2026-01-30 09:00:00,44.79,2.73,5.66,24.02,1.0,3716.95,3,102.38,99.43,EXCELLENT,0,0,130
FAC-001,FacilityOps Campus,AST-003,Water Pump 1,Pump,Building B,Block B1,2026-01-30 10:00:00,50.35,2.49,5.71,21.6,0.42,3717.36,3,102.42,99.66,EXCELLENT,0,0,132
FAC-001,FacilityOps Campus,AST-003,Water Pump 1,Pump,Building B,Block B1,2026-01-30 11:00:00,51.5,2.55,6.14,18.04,0.45,3717.82,3,102.46,98.63,EXCELLENT,0,0,166
FAC-001,FacilityOps Campus,AST-003,Water Pump 1,Pump,Building B,Block B1,2026-01-30 12:00:00,45.6,2.3,5.83,17.42,0.92,3718.73,3,102.5,99.9,EXCELLENT,0,0,119
FAC-001,FacilityOps Campus,AST-003,Water Pump 1,Pump,Building B,Block B1,2026-01-30 13:00:00,47.37,2.84,5.8,18.64,0.66,3719.39,3,102.54,99.98,EXCELLENT,0,0,124
FAC-001,FacilityOps Campus,AST-003,Water Pump 1,Pump,Building B,Block B1,2026-01-30 14:00:00,47.21,2.65,5.99,24.19,0.52,3719.91,3,102.58,99.25,EXCELLENT,0,0,91
FAC-001,FacilityOps Campus,AST-003,Water Pump 1,Pump,Building B,Block B1,2026-01-30 15:00:00,45.24,2.7,5.85,19.25,0.86,3720.77,3,102.62,99.8,EXCELLENT,0,0,168
FAC-001,FacilityOps Campus,AST-003,Water Pump 1,Pump,Building B,Block B1,2026-01-30 16:00:00,49.02,2.42,6.01,24.85,0.82,3721.59,3,102.67,99.18,EXCELLENT,0,0,180
FAC-001,FacilityOps Campus,AST-003,Water Pump 1,Pump,Building B,Block B1,2026-01-30 17:00:00,49.74,2.48,5.79,24.85,0.83,3722.42,3,102.71,99.95,EXCELLENT,0,0,139
FAC-001,FacilityOps Campus,AST-003,Water Pump 1,Pump,Building B,Block B1,2026-01-30 18:00:00,50.97,2.09,5.99,25.38,0.41,3722.83,3,102.75,99.25,EXCELLENT,0,0,157
FAC-001,FacilityOps Campus,AST-003,Water Pump 1,Pump,Building B,Block B1,2026-01-30 19:00:00,51.88,2.24,6.15,15.88,0.94,3723.77,3,102.79,98.59,EXCELLENT,0,0,96
FAC-001,FacilityOps Campus,AST-003,Water Pump 1,Pump,Building B,Block B1,2026-01-30 20:00:00,46.97,2.67,6.01,11.72,0.83,3724.61,3,102.83,99.14,EXCELLENT,0,0,102
FAC-001,FacilityOps Campus,AST-003,Water Pump 1,Pump,Building B,Block B1,2026-01-30 21:00:00,44.33,2.13,4.98,10.65,0.72,3725.32,3,102.88,96.72,EXCELLENT,0,0,93
FAC-001,FacilityOps Campus,AST-003,Water Pump 1,Pump,Building B,Block B1,2026-01-30 22:00:00,47.69,2.5,5.6,14.01,0.65,3725.98,3,102.92,99.19,EXCELLENT,0,0,94
FAC-001,FacilityOps Campus,AST-003,Water Pump 1,Pump,Building B,Block B1,2026-01-30 23:00:00,42.49,2.5,5.97,14.7,0.48,3726.46,3,102.96,99.31,EXCELLENT,0,0,137
FAC-001,FacilityOps Campus,AST-004,HVAC Unit 2,HVAC,Building B,Block B2,2026-01-01 00:00:00,58.22,2.56,5.16,19.65,0.67,3962.67,5,26.0,95.55,EXCELLENT,0,0,160
FAC-001,FacilityOps Campus,AST-004,HVAC Unit 2,HVAC,Building B,Block B2,2026-01-01 01:00:00,53.21,2.08,5.33,29.03,0.7,3963.38,5,26.04,96.9,EXCELLENT,0,0,117
FAC-001,FacilityOps Campus,AST-004,HVAC Unit 2,HVAC,Building B,Block B2,2026-01-01 02:00:00,57.48,2.39,5.46,14.67,0.56,3963.94,5,26.08,97.46,EXCELLENT,0,0,154
FAC-001,FacilityOps Campus,AST-004,HVAC Unit 2,HVAC,Building B,Block B2,2026-01-01 03:00:00,58.25,2.54,5.17,16.21,0.92,3964.85,5,26.12,96.17,EXCELLENT,0,0,115
FAC-001,FacilityOps Campus,AST-004,HVAC Unit 2,HVAC,Building B,Block B2,2026-01-01 04:00:00,58.14,2.39,5.78,22.29,0.57,3965.42,5,26.17,96.47,EXCELLENT,0,0,166
FAC-001,FacilityOps Campus,AST-004,HVAC Unit 2,HVAC,Building B,Block B2,2026-01-01 05:00:00,58.83,2.5,5.05,18.6,0.42,3965.84,5,26.21,95.78,EXCELLENT,0,0,158
FAC-001,FacilityOps Campus,AST-004,HVAC Unit 2,HVAC,Building B,Block B2,2026-01-01 06:00:00,58.87,2.38,5.38,13.72,0.79,3966.63,5,26.25,97.11,EXCELLENT,0,0,123
FAC-001,FacilityOps Campus,AST-004,HVAC Unit 2,HVAC,Building B,Block B2,2026-01-01 07:00:00,57.12,1.94,5.58,19.75,0.66,3967.29,5,26.29,97.3,EXCELLENT,0,0,90
FAC-001,FacilityOps Campus,AST-004,HVAC Unit 2,HVAC,Building B,Block B2,2026-01-01 08:00:00,59.41,1.84,5.34,40.7,0.5,3967.79,5,26.33,96.95,EXCELLENT,0,0,101
FAC-001,FacilityOps Campus,AST-004,HVAC Unit 2,HVAC,Building B,Block B2,2026-01-01 09:00:00,55.65,2.24,5.54,32.89,1.0,3968.79,5,26.38,97.44,EXCELLENT,0,0,96
FAC-001,FacilityOps Campus,AST-004,HVAC Unit 2,HVAC,Building B,Block B2,2026-01-01 10:00:00,58.9,2.54,5.96,30.67,0.53,3969.32,5,26.42,95.57,EXCELLENT,0,0,104
FAC-001,FacilityOps Campus,AST-004,HVAC Unit 2,HVAC,Building B,Block B2,2026-01-01 11:00:00,57.83,2.36,5.94,43.4,0.73,3970.05,5,26.46,95.85,EXCELLENT,0,0,121
FAC-001,FacilityOps Campus,AST-004,HVAC Unit 2,HVAC,Building B,Block B2,2026-01-01 12:00:00,57.49,2.07,5.58,29.69,0.67,3970.72,5,26.5,97.26,EXCELLENT,0,0,172
FAC-001,FacilityOps Campus,AST-004,HVAC Unit 2,HVAC,Building B,Block B2,2026-01-01 13:00:00,85.79,3.5,6.52,44.72,0.76,3971.48,5,26.54,35.7,CRITICAL,1,1,2
FAC-001,FacilityOps Campus,AST-004,HVAC Unit 2,HVAC,Building B,Block B2,2026-01-01 14:00:00,62.01,1.84,4.99,40.83,0.48,3971.96,5,26.58,95.55,EXCELLENT,0,0,131
FAC-001,FacilityOps Campus,AST-004,HVAC Unit 2,HVAC,Building B,Block B2,2026-01-01 15:00:00,57.18,2.3,5.21,48.32,0.81,3972.77,5,26.62,96.42,EXCELLENT,0,0,116
FAC-001,FacilityOps Campus,AST-004,HVAC Unit 2,HVAC,Building B,Block B2,2026-01-01 16:00:00,57.46,2.05,5.72,37.42,0.69,3973.46,5,26.67,96.71,EXCELLENT,0,0,178
FAC-001,FacilityOps Campus,AST-004,HVAC Unit 2,HVAC,Building B,Block B2,2026-01-01 17:00:00,55.38,2.06,5.21,47.48,0.6,3974.06,5,26.71,96.43,EXCELLENT,0,0,123
FAC-001,FacilityOps Campus,AST-004,HVAC Unit 2,HVAC,Building B,Block B2,2026-01-01 18:00:00,57.27,1.7,5.78,36.55,0.52,3974.59,5,26.75,96.48,EXCELLENT,0,0,134
FAC-001,FacilityOps Campus,AST-004,HVAC Unit 2,HVAC,Building B,Block B2,2026-01-01 19:00:00,53.83,2.21,5.13,24.23,0.46,3975.05,5,26.79,96.11,EXCELLENT,0,0,174
FAC-001,FacilityOps Campus,AST-004,HVAC Unit 2,HVAC,Building B,Block B2,2026-01-01 20:00:00,61.39,2.02,5.61,12.07,0.57,3975.62,5,26.83,97.15,EXCELLENT,0,0,130
FAC-001,FacilityOps Campus,AST-004,HVAC Unit 2,HVAC,Building B,Block B2,2026-01-01 21:00:00,61.49,2.15,5.53,12.4,0.76,3976.38,5,26.88,97.47,EXCELLENT,0,0,94
FAC-001,FacilityOps Campus,AST-004,HVAC Unit 2,HVAC,Building B,Block B2,2026-01-01 22:00:00,60.71,2.53,5.24,24.14,0.95,3977.33,5,26.92,96.53,EXCELLENT,0,0,178
FAC-001,FacilityOps Campus,AST-004,HVAC Unit 2,HVAC,Building B,Block B2,2026-01-01 23:00:00,57.2,2.13,5.08,22.13,0.55,3977.88,5,26.96,95.92,EXCELLENT,0,0,158
FAC-001,FacilityOps Campus,AST-004,HVAC Unit 2,HVAC,Building B,Block B2,2026-01-02 00:00:00,60.72,1.72,5.44,29.77,0.88,3978.76,5,27.0,97.36,EXCELLENT,0,0,100
FAC-001,FacilityOps Campus,AST-004,HVAC Unit 2,HVAC,Building B,Block B2,2026-01-02 01:00:00,62.87,2.16,5.57,15.03,0.81,3979.57,5,27.04,97.34,EXCELLENT,0,0,99
FAC-001,FacilityOps Campus,AST-004,HVAC Unit 2,HVAC,Building B,Block B2,2026-01-02 02:00:00,59.16,2.19,5.92,23.34,0.78,3980.35,5,27.08,95.93,EXCELLENT,0,0,165
FAC-001,FacilityOps Campus,AST-004,HVAC Unit 2,HVAC,Building B,Block B2,2026-01-02 03:00:00,71.81,2.58,5.64,24.22,0.6,3980.95,5,27.12,82.23,GOOD,1,0,60
FAC-001,FacilityOps Campus,AST-004,HVAC Unit 2,HVAC,Building B,Block B2,2026-01-02 04:00:00,57.31,2.2,5.22,22.52,0.9,3981.85,5,27.17,96.49,EXCELLENT,0,0,93
FAC-001,FacilityOps Campus,AST-004,HVAC Unit 2,HVAC,Building B,Block B2,2026-01-02 05:00:00,55.22,2.22,5.49,17.42,0.56,3982.41,5,27.21,97.57,EXCELLENT,0,0,145
FAC-001,FacilityOps Campus,AST-004,HVAC Unit 2,HVAC,Building B,Block B2,2026-01-02 06:00:00,57.37,2.48,5.04,21.42,0.64,3983.05,5,27.25,95.75,EXCELLENT,0,0,103
FAC-001,FacilityOps Campus,AST-004,HVAC Unit 2,HVAC,Building B,Block B2,2026-01-02 07:00:00,58.91,2.0,5.39,22.49,0.64,3983.69,5,27.29,97.17,EXCELLENT,0,0,96
FAC-001,FacilityOps Campus,AST-004,HVAC Unit 2,HVAC,Building B,Block B2,2026-01-02 08:00:00,57.98,2.25,5.07,44.84,0.66,3984.35,5,27.33,95.87,EXCELLENT,0,0,173
FAC-001,FacilityOps Campus,AST-004,HVAC Unit 2,HVAC,Building B,Block B2,2026-01-02 09:00:00,53.5,2.07,5.3,49.26,0.84,3985.19,5,27.38,96.0,EXCELLENT,0,0,162
FAC-001,FacilityOps Campus,AST-004,HVAC Unit 2,HVAC,Building B,Block B2,2026-01-02 10:00:00,57.57,2.2,4.76,42.77,0.83,3986.01,5,27.42,94.62,EXCELLENT,0,0,150
FAC-001,FacilityOps Campus,AST-004,HVAC Unit 2,HVAC,Building B,Block B2,2026-01-02 11:00:00,58.72,2.21,5.25,35.74,0.75,3986.77,5,27.46,96.59,EXCELLENT,0,0,106
FAC-001,FacilityOps Campus,AST-004,HVAC Unit 2,HVAC,Building B,Block B2,2026-01-02 12:00:00,57.33,2.74,5.59,37.5,0.99,3987.75,5,27.5,92.88,EXCELLENT,0,0,164
FAC-001,FacilityOps Campus,AST-004,HVAC Unit 2,HVAC,Building B,Block B2,2026-01-02 13:00:00,55.54,1.78,5.48,34.76,0.9,3988.65,5,27.54,97.53,EXCELLENT,0,0,120
FAC-001,FacilityOps Campus,AST-004,HVAC Unit 2,HVAC,Building B,Block B2,2026-01-02 14:00:00,53.49,2.3,4.78,41.81,0.46,3989.1,5,27.58,94.7,EXCELLENT,0,0,104
FAC-001,FacilityOps Campus,AST-004,HVAC Unit 2,HVAC,Building B,Block B2,2026-01-02 15:00:00,54.23,1.96,5.67,39.51,0.94,3990.04,5,27.62,96.91,EXCELLENT,0,0,120
FAC-001,FacilityOps Campus,AST-004,HVAC Unit 2,HVAC,Building B,Block B2,2026-01-02 16:00:00,59.94,1.96,6.63,33.58,0.88,3990.93,5,27.67,93.07,EXCELLENT,0,0,124
FAC-001,FacilityOps Campus,AST-004,HVAC Unit 2,HVAC,Building B,Block B2,2026-01-02 17:00:00,56.46,2.06,5.31,40.8,0.7,3991.63,5,27.71,96.85,EXCELLENT,0,0,93
FAC-001,FacilityOps Campus,AST-004,HVAC Unit 2,HVAC,Building B,Block B2,2026-01-02 18:00:00,57.74,2.23,5.87,37.24,0.66,3992.29,5,27.75,96.11,EXCELLENT,0,0,172
FAC-001,FacilityOps Campus,AST-004,HVAC Unit 2,HVAC,Building B,Block B2,2026-01-02 19:00:00,56.84,2.09,5.68,19.96,0.4,3992.69,5,27.79,96.87,EXCELLENT,0,0,178
FAC-001,FacilityOps Campus,AST-004,HVAC Unit 2,HVAC,Building B,Block B2,2026-01-02 20:00:00,54.46,2.7,5.39,20.05,0.96,3993.65,5,27.83,93.61,EXCELLENT,0,0,156
FAC-001,FacilityOps Campus,AST-004,HVAC Unit 2,HVAC,Building B,Block B2,2026-01-02 21:00:00,55.08,2.32,5.51,16.41,0.71,3994.36,5,27.88,97.55,EXCELLENT,0,0,152
FAC-001,FacilityOps Campus,AST-004,HVAC Unit 2,HVAC,Building B,Block B2,2026-01-02 22:00:00,56.8,2.06,5.84,27.63,0.54,3994.89,5,27.92,96.24,EXCELLENT,0,0,148
FAC-001,FacilityOps Campus,AST-004,HVAC Unit 2,HVAC,Building B,Block B2,2026-01-02 23:00:00,107.03,3.44,5.26,17.09,0.88,3995.77,5,27.96,3.48,CRITICAL,1,1,1
FAC-001,FacilityOps Campus,AST-004,HVAC Unit 2,HVAC,Building B,Block B2,2026-01-03 00:00:00,59.9,2.45,5.42,23.68,0.67,3996.44,5,28.0,97.3,EXCELLENT,0,0,95
FAC-001,FacilityOps Campus,AST-004,HVAC Unit 2,HVAC,Building B,Block B2,2026-01-03 01:00:00,57.68,2.66,5.52,17.61,0.46,3996.91,5,28.04,94.82,EXCELLENT,0,0,168
FAC-001,FacilityOps Campus,AST-004,HVAC Unit 2,HVAC,Building B,Block B2,2026-01-03 02:00:00,72.38,3.91,6.62,24.29,0.49,3997.4,5,28.08,50.04,WARNING,1,1,27
FAC-001,FacilityOps Campus,AST-004,HVAC Unit 2,HVAC,Building B,Block B2,2026-01-03 03:00:00,54.5,2.28,6.24,19.8,0.88,3998.28,5,28.12,94.65,EXCELLENT,0,0,139
FAC-001,FacilityOps Campus,AST-004,HVAC Unit 2,HVAC,Building B,Block B2,2026-01-03 04:00:00,56.37,2.38,5.62,19.82,0.46,3998.74,5,28.17,97.13,EXCELLENT,0,0,140
FAC-001,FacilityOps Campus,AST-004,HVAC Unit 2,HVAC,Building B,Block B2,2026-01-03 05:00:00,61.71,2.09,5.79,17.02,0.94,3999.68,5,28.21,96.46,EXCELLENT,0,0,90
FAC-001,FacilityOps Campus,AST-004,HVAC Unit 2,HVAC,Building B,Block B2,2026-01-03 06:00:00,57.2,2.6,5.0,19.8,0.89,4000.58,5,28.25,94.17,EXCELLENT,0,0,94
FAC-001,FacilityOps Campus,AST-004,HVAC Unit 2,HVAC,Building B,Block B2,2026-01-03 07:00:00,60.32,2.4,5.24,24.16,0.83,4001.41,5,28.29,96.55,EXCELLENT,0,0,135
FAC-001,FacilityOps Campus,AST-004,HVAC Unit 2,HVAC,Building B,Block B2,2026-01-03 08:00:00,59.9,1.78,5.67,38.5,0.63,4002.03,5,28.33,96.93,EXCELLENT,0,0,93
FAC-001,FacilityOps Campus,AST-004,HVAC Unit 2,HVAC,Building B,Block B2,2026-01-03 09:00:00,57.49,2.6,4.69,38.89,0.76,4002.8,5,28.38,92.85,EXCELLENT,0,0,101
FAC-001,FacilityOps Campus,AST-004,HVAC Unit 2,HVAC,Building B,Block B2,2026-01-03 10:00:00,59.32,2.34,5.22,34.78,0.48,4003.28,5,28.42,96.48,EXCELLENT,0,0,156
FAC-001,FacilityOps Campus,AST-004,HVAC Unit 2,HVAC,Building B,Block B2,2026-01-03 11:00:00,58.95,2.29,5.65,38.8,0.67,4003.94,5,28.46,96.99,EXCELLENT,0,0,115
FAC-001,FacilityOps Campus,AST-004,HVAC Unit 2,HVAC,Building B,Block B2,2026-01-03 12:00:00,57.52,1.91,5.12,43.56,0.87,4004.81,5,28.5,96.08,EXCELLENT,0,0,177
FAC-001,FacilityOps Campus,AST-004,HVAC Unit 2,HVAC,Building B,Block B2,2026-01-03 13:00:00,60.29,2.13,5.55,42.31,0.93,4005.74,5,28.54,97.38,EXCELLENT,0,0,180
FAC-001,FacilityOps Campus,AST-004,HVAC Unit 2,HVAC,Building B,Block B2,2026-01-03 14:00:00,57.96,2.37,5.65,38.56,0.71,4006.45,5,28.58,97.0,EXCELLENT,0,0,159
FAC-001,FacilityOps Campus,AST-004,HVAC Unit 2,HVAC,Building B,Block B2,2026-01-03 15:00:00,57.54,1.96,5.73,32.09,0.48,4006.93,5,28.62,96.69,EXCELLENT,0,0,145
FAC-001,FacilityOps Campus,AST-004,HVAC Unit 2,HVAC,Building B,Block B2,2026-01-03 16:00:00,57.8,2.12,5.67,43.52,0.97,4007.91,5,28.67,96.93,EXCELLENT,0,0,120
FAC-001,FacilityOps Campus,AST-004,HVAC Unit 2,HVAC,Building B,Block B2,2026-01-03 17:00:00,58.83,1.94,5.4,39.81,0.47,4008.37,5,28.71,97.19,EXCELLENT,0,0,130
FAC-001,FacilityOps Campus,AST-004,HVAC Unit 2,HVAC,Building B,Block B2,2026-01-03 18:00:00,57.3,2.4,5.8,34.59,0.7,4009.07,5,28.75,96.42,EXCELLENT,0,0,154
FAC-001,FacilityOps Campus,AST-004,HVAC Unit 2,HVAC,Building B,Block B2,2026-01-03 19:00:00,54.68,1.94,5.81,23.26,0.71,4009.78,5,28.79,96.38,EXCELLENT,0,0,174
FAC-001,FacilityOps Campus,AST-004,HVAC Unit 2,HVAC,Building B,Block B2,2026-01-03 20:00:00,56.48,2.34,5.83,27.15,0.45,4010.23,5,28.83,96.28,EXCELLENT,0,0,117
FAC-001,FacilityOps Campus,AST-004,HVAC Unit 2,HVAC,Building B,Block B2,2026-01-03 21:00:00,55.74,1.77,5.32,25.47,0.76,4010.99,5,28.88,96.87,EXCELLENT,0,0,155
FAC-001,FacilityOps Campus,AST-004,HVAC Unit 2,HVAC,Building B,Block B2,2026-01-03 22:00:00,62.53,2.15,5.38,26.1,0.8,4011.79,5,28.92,97.12,EXCELLENT,0,0,160
FAC-001,FacilityOps Campus,AST-004,HVAC Unit 2,HVAC,Building B,Block B2,2026-01-03 23:00:00,56.37,2.21,5.24,24.72,0.82,4012.61,5,28.96,96.58,EXCELLENT,0,0,93
FAC-001,FacilityOps Campus,AST-004,HVAC Unit 2,HVAC,Building B,Block B2,2026-01-04 00:00:00,69.2,2.08,5.54,13.64,0.97,4013.58,5,29.0,88.15,EXCELLENT,0,0,97
FAC-001,FacilityOps Campus,AST-004,HVAC Unit 2,HVAC,Building B,Block B2,2026-01-04 01:00:00,58.8,2.17,5.41,30.18,0.48,4014.06,5,29.04,97.23,EXCELLENT,0,0,114
FAC-001,FacilityOps Campus,AST-004,HVAC Unit 2,HVAC,Building B,Block B2,2026-01-04 02:00:00,54.39,2.29,5.33,25.09,0.87,4014.92,5,29.08,96.91,EXCELLENT,0,0,131
FAC-001,FacilityOps Campus,AST-004,HVAC Unit 2,HVAC,Building B,Block B2,2026-01-04 03:00:00,57.73,2.73,5.83,26.39,0.44,4015.37,5,29.12,92.2,EXCELLENT,0,0,149
FAC-001,FacilityOps Campus,AST-004,HVAC Unit 2,HVAC,Building B,Block B2,2026-01-04 04:00:00,55.67,2.09,5.64,28.3,0.94,4016.31,5,29.17,97.05,EXCELLENT,0,0,157
FAC-001,FacilityOps Campus,AST-004,HVAC Unit 2,HVAC,Building B,Block B2,2026-01-04 05:00:00,52.78,2.02,5.83,16.08,0.7,4017.01,5,29.21,96.29,EXCELLENT,0,0,167
FAC-001,FacilityOps Campus,AST-004,HVAC Unit 2,HVAC,Building B,Block B2,2026-01-04 06:00:00,59.15,2.46,5.49,25.15,0.56,4017.56,5,29.25,97.58,EXCELLENT,0,0,100
FAC-001,FacilityOps Campus,AST-004,HVAC Unit 2,HVAC,Building B,Block B2,2026-01-04 07:00:00,54.78,2.47,5.8,22.35,0.64,4018.2,5,29.29,96.4,EXCELLENT,0,0,91
FAC-001,FacilityOps Campus,AST-004,HVAC Unit 2,HVAC,Building B,Block B2,2026-01-04 08:00:00,54.63,1.84,5.45,40.87,0.66,4018.86,5,29.33,97.39,EXCELLENT,0,0,163
FAC-001,FacilityOps Campus,AST-004,HVAC Unit 2,HVAC,Building B,Block B2,2026-01-04 09:00:00,59.46,2.36,5.58,37.14,0.54,4019.4,5,29.38,97.29,EXCELLENT,0,0,166
FAC-001,FacilityOps Campus,AST-004,HVAC Unit 2,HVAC,Building B,Block B2,2026-01-04 10:00:00,59.19,2.6,5.87,39.03,0.88,4020.28,5,29.42,94.62,EXCELLENT,0,0,139
FAC-001,FacilityOps Campus,AST-004,HVAC Unit 2,HVAC,Building B,Block B2,2026-01-04 11:00:00,61.69,2.77,6.15,35.72,0.72,4021.0,5,29.46,90.06,EXCELLENT,0,0,104
FAC-001,FacilityOps Campus,AST-004,HVAC Unit 2,HVAC,Building B,Block B2,2026-01-04 12:00:00,59.93,1.89,5.62,39.53,0.9,4021.9,5,29.5,97.12,EXCELLENT,0,0,153
FAC-001,FacilityOps Campus,AST-004,HVAC Unit 2,HVAC,Building B,Block B2,2026-01-04 13:00:00,54.95,2.66,5.89,33.63,0.79,4022.69,5,29.54,93.45,EXCELLENT,0,0,172
FAC-001,FacilityOps Campus,AST-004,HVAC Unit 2,HVAC,Building B,Block B2,2026-01-04 14:00:00,60.15,1.86,5.32,34.61,0.62,4023.32,5,29.58,96.89,EXCELLENT,0,0,100
FAC-001,FacilityOps Campus,AST-004,HVAC Unit 2,HVAC,Building B,Block B2,2026-01-04 15:00:00,58.43,2.36,5.56,41.76,0.51,4023.82,5,29.62,97.37,EXCELLENT,0,0,155
FAC-001,FacilityOps Campus,AST-004,HVAC Unit 2,HVAC,Building B,Block B2,2026-01-04 16:00:00,57.12,2.24,5.02,42.13,0.63,4024.46,5,29.67,95.66,EXCELLENT,0,0,143
FAC-001,FacilityOps Campus,AST-004,HVAC Unit 2,HVAC,Building B,Block B2,2026-01-04 17:00:00,56.52,2.03,4.92,41.95,0.97,4025.43,5,29.71,95.3,EXCELLENT,0,0,120
FAC-001,FacilityOps Campus,AST-004,HVAC Unit 2,HVAC,Building B,Block B2,2026-01-04 18:00:00,58.44,2.39,5.99,40.92,0.93,4026.35,5,29.75,95.64,EXCELLENT,0,0,140
FAC-001,FacilityOps Campus,AST-004,HVAC Unit 2,HVAC,Building B,Block B2,2026-01-04 19:00:00,59.72,1.97,4.99,22.41,1.0,4027.35,5,29.79,95.57,EXCELLENT,0,0,169
FAC-001,FacilityOps Campus,AST-004,HVAC Unit 2,HVAC,Building B,Block B2,2026-01-04 20:00:00,61.03,2.28,5.27,25.75,0.57,4027.92,5,29.83,96.67,EXCELLENT,0,0,107
FAC-001,FacilityOps Campus,AST-004,HVAC Unit 2,HVAC,Building B,Block B2,2026-01-04 21:00:00,63.96,2.32,5.39,17.3,0.65,4028.57,5,29.88,96.9,EXCELLENT,0,0,174
FAC-001,FacilityOps Campus,AST-004,HVAC Unit 2,HVAC,Building B,Block B2,2026-01-04 22:00:00,59.18,2.42,5.51,24.37,0.83,4029.4,5,29.92,97.55,EXCELLENT,0,0,101
FAC-001,FacilityOps Campus,AST-004,HVAC Unit 2,HVAC,Building B,Block B2,2026-01-04 23:00:00,56.84,2.2,5.37,19.31,0.69,4030.08,5,29.96,97.08,EXCELLENT,0,0,106
FAC-001,FacilityOps Campus,AST-004,HVAC Unit 2,HVAC,Building B,Block B2,2026-01-05 00:00:00,60.06,1.91,5.25,28.72,0.48,4030.56,5,30.0,96.62,EXCELLENT,0,0,176
FAC-001,FacilityOps Campus,AST-004,HVAC Unit 2,HVAC,Building B,Block B2,2026-01-05 01:00:00,60.49,2.68,5.51,17.36,0.71,4031.27,5,30.04,94.48,EXCELLENT,0,0,138
FAC-001,FacilityOps Campus,AST-004,HVAC Unit 2,HVAC,Building B,Block B2,2026-01-05 02:00:00,57.64,2.36,5.15,21.96,0.88,4032.16,5,30.08,96.19,EXCELLENT,0,0,150
FAC-001,FacilityOps Campus,AST-004,HVAC Unit 2,HVAC,Building B,Block B2,2026-01-05 03:00:00,61.14,2.49,4.89,25.76,0.76,4032.91,5,30.12,95.17,EXCELLENT,0,0,171
FAC-001,FacilityOps Campus,AST-004,HVAC Unit 2,HVAC,Building B,Block B2,2026-01-05 04:00:00,58.47,2.24,5.28,12.82,0.92,4033.84,5,30.17,96.72,EXCELLENT,0,0,95
FAC-001,FacilityOps Campus,AST-004,HVAC Unit 2,HVAC,Building B,Block B2,2026-01-05 05:00:00,55.82,2.15,5.09,20.29,0.6,4034.44,5,30.21,95.98,EXCELLENT,0,0,144
FAC-001,FacilityOps Campus,AST-004,HVAC Unit 2,HVAC,Building B,Block B2,2026-01-05 06:00:00,58.6,2.54,5.38,11.46,0.73,4035.17,5,30.25,96.9,EXCELLENT,0,0,125
FAC-001,FacilityOps Campus,AST-004,HVAC Unit 2,HVAC,Building B,Block B2,2026-01-05 07:00:00,53.64,1.77,5.43,15.23,0.46,4035.63,5,30.29,97.33,EXCELLENT,0,0,163
FAC-001,FacilityOps Campus,AST-004,HVAC Unit 2,HVAC,Building B,Block B2,2026-01-05 08:00:00,59.2,2.44,5.63,35.96,0.84,4036.47,5,30.33,97.1,EXCELLENT,0,0,103
FAC-001,FacilityOps Campus,AST-004,HVAC Unit 2,HVAC,Building B,Block B2,2026-01-05 09:00:00,53.61,2.18,5.35,43.64,0.9,4037.37,5,30.38,96.99,EXCELLENT,0,0,94
FAC-001,FacilityOps Campus,AST-004,HVAC Unit 2,HVAC,Building B,Block B2,2026-01-05 10:00:00,55.58,2.23,5.57,32.35,0.95,4038.33,5,30.42,97.31,EXCELLENT,0,0,105
FAC-001,FacilityOps Campus,AST-004,HVAC Unit 2,HVAC,Building B,Block B2,2026-01-05 11:00:00,53.48,2.5,5.11,43.26,0.62,4038.94,5,30.46,96.05,EXCELLENT,0,0,129
FAC-001,FacilityOps Campus,AST-004,HVAC Unit 2,HVAC,Building B,Block B2,2026-01-05 12:00:00,55.63,1.98,4.99,44.15,0.73,4039.67,5,30.5,95.58,EXCELLENT,0,0,95
FAC-001,FacilityOps Campus,AST-004,HVAC Unit 2,HVAC,Building B,Block B2,2026-01-05 13:00:00,61.16,2.45,5.61,40.38,0.46,4040.13,5,30.54,97.15,EXCELLENT,0,0,161
FAC-001,FacilityOps Campus,AST-004,HVAC Unit 2,HVAC,Building B,Block B2,2026-01-05 14:00:00,57.75,2.58,5.96,46.06,0.5,4040.63,5,30.58,94.67,EXCELLENT,0,0,108
FAC-001,FacilityOps Campus,AST-004,HVAC Unit 2,HVAC,Building B,Block B2,2026-01-05 15:00:00,56.71,2.44,5.14,37.14,0.45,4041.08,5,30.62,96.15,EXCELLENT,0,0,164
FAC-001,FacilityOps Campus,AST-004,HVAC Unit 2,HVAC,Building B,Block B2,2026-01-05 16:00:00,55.3,2.14,5.95,44.77,0.79,4041.87,5,30.67,95.82,EXCELLENT,0,0,171
FAC-001,FacilityOps Campus,AST-004,HVAC Unit 2,HVAC,Building B,Block B2,2026-01-05 17:00:00,57.12,2.11,5.34,36.67,0.48,4042.36,5,30.71,96.95,EXCELLENT,0,0,159
FAC-001,FacilityOps Campus,AST-004,HVAC Unit 2,HVAC,Building B,Block B2,2026-01-05 18:00:00,60.47,2.35,5.36,47.35,0.91,4043.26,5,30.75,97.05,EXCELLENT,0,0,163
FAC-001,FacilityOps Campus,AST-004,HVAC Unit 2,HVAC,Building B,Block B2,2026-01-05 19:00:00,62.49,2.14,5.93,18.62,0.54,4043.8,5,30.79,95.86,EXCELLENT,0,0,149
FAC-001,FacilityOps Campus,AST-004,HVAC Unit 2,HVAC,Building B,Block B2,2026-01-05 20:00:00,55.76,2.26,5.58,25.09,0.8,4044.6,5,30.83,97.28,EXCELLENT,0,0,159
FAC-001,FacilityOps Campus,AST-004,HVAC Unit 2,HVAC,Building B,Block B2,2026-01-05 21:00:00,58.82,2.08,4.66,18.9,0.66,4045.26,5,30.88,94.26,EXCELLENT,0,0,112
FAC-001,FacilityOps Campus,AST-004,HVAC Unit 2,HVAC,Building B,Block B2,2026-01-05 22:00:00,56.15,2.03,5.27,18.71,1.0,4046.25,5,30.92,96.66,EXCELLENT,0,0,169
FAC-001,FacilityOps Campus,AST-004,HVAC Unit 2,HVAC,Building B,Block B2,2026-01-05 23:00:00,55.4,2.16,5.55,22.83,1.0,4047.25,5,30.96,97.39,EXCELLENT,0,0,96
FAC-001,FacilityOps Campus,AST-004,HVAC Unit 2,HVAC,Building B,Block B2,2026-01-06 00:00:00,58.97,1.79,5.49,22.47,0.52,4047.77,5,31.0,97.57,EXCELLENT,0,0,127
FAC-001,FacilityOps Campus,AST-004,HVAC Unit 2,HVAC,Building B,Block B2,2026-01-06 01:00:00,62.34,2.74,5.29,21.96,0.57,4048.35,5,31.04,92.36,EXCELLENT,0,0,90
FAC-001,FacilityOps Campus,AST-004,HVAC Unit 2,HVAC,Building B,Block B2,2026-01-06 02:00:00,58.83,2.55,5.64,13.01,0.43,4048.77,5,31.08,96.64,EXCELLENT,0,0,110
FAC-001,FacilityOps Campus,AST-004,HVAC Unit 2,HVAC,Building B,Block B2,2026-01-06 03:00:00,64.88,2.62,5.24,29.66,0.77,4049.54,5,31.12,92.93,EXCELLENT,0,0,148
FAC-001,FacilityOps Campus,AST-004,HVAC Unit 2,HVAC,Building B,Block B2,2026-01-06 04:00:00,58.5,1.94,5.58,17.35,0.76,4050.3,5,31.17,97.29,EXCELLENT,0,0,144
FAC-001,FacilityOps Campus,AST-004,HVAC Unit 2,HVAC,Building B,Block B2,2026-01-06 05:00:00,58.23,2.19,5.32,20.62,0.99,4051.29,5,31.21,96.89,EXCELLENT,0,0,124
FAC-001,FacilityOps Campus,AST-004,HVAC Unit 2,HVAC,Building B,Block B2,2026-01-06 06:00:00,52.28,2.14,5.05,18.83,0.62,4051.92,5,31.25,95.8,EXCELLENT,0,0,98
FAC-001,FacilityOps Campus,AST-004,HVAC Unit 2,HVAC,Building B,Block B2,2026-01-06 07:00:00,60.0,2.19,5.84,21.11,0.51,4052.42,5,31.29,96.23,EXCELLENT,0,0,104
FAC-001,FacilityOps Campus,AST-004,HVAC Unit 2,HVAC,Building B,Block B2,2026-01-06 08:00:00,79.7,3.07,7.08,53.31,0.82,4053.24,5,31.33,48.68,CRITICAL,1,1,1
FAC-001,FacilityOps Campus,AST-004,HVAC Unit 2,HVAC,Building B,Block B2,2026-01-06 09:00:00,59.54,1.77,5.16,43.14,0.76,4054.01,5,31.38,96.22,EXCELLENT,0,0,117
FAC-001,FacilityOps Campus,AST-004,HVAC Unit 2,HVAC,Building B,Block B2,2026-01-06 10:00:00,61.99,2.41,5.39,44.29,0.96,4054.97,5,31.42,97.17,EXCELLENT,0,0,164
FAC-001,FacilityOps Campus,AST-004,HVAC Unit 2,HVAC,Building B,Block B2,2026-01-06 11:00:00,56.6,2.27,5.55,29.11,0.85,4055.82,5,31.46,97.39,EXCELLENT,0,0,149
FAC-001,FacilityOps Campus,AST-004,HVAC Unit 2,HVAC,Building B,Block B2,2026-01-06 12:00:00,60.23,2.11,5.42,44.1,0.61,4056.43,5,31.5,97.27,EXCELLENT,0,0,162
FAC-001,FacilityOps Campus,AST-004,HVAC Unit 2,HVAC,Building B,Block B2,2026-01-06 13:00:00,57.6,2.23,5.47,36.93,0.84,4057.27,5,31.54,97.48,EXCELLENT,0,0,135
FAC-001,FacilityOps Campus,AST-004,HVAC Unit 2,HVAC,Building B,Block B2,2026-01-06 14:00:00,59.81,2.37,5.39,43.37,0.5,4057.77,5,31.58,97.15,EXCELLENT,0,0,98
FAC-001,FacilityOps Campus,AST-004,HVAC Unit 2,HVAC,Building B,Block B2,2026-01-06 15:00:00,58.69,2.63,5.29,31.39,0.98,4058.75,5,31.62,94.81,EXCELLENT,0,0,112
FAC-001,FacilityOps Campus,AST-004,HVAC Unit 2,HVAC,Building B,Block B2,2026-01-06 16:00:00,63.08,2.27,5.19,41.34,0.78,4059.53,5,31.67,96.34,EXCELLENT,0,0,90
FAC-001,FacilityOps Campus,AST-004,HVAC Unit 2,HVAC,Building B,Block B2,2026-01-06 17:00:00,57.38,1.95,5.34,30.68,0.73,4060.26,5,31.71,96.95,EXCELLENT,0,0,148
FAC-001,FacilityOps Campus,AST-004,HVAC Unit 2,HVAC,Building B,Block B2,2026-01-06 18:00:00,60.31,2.07,4.9,40.34,0.97,4061.23,5,31.75,95.22,EXCELLENT,0,0,132
FAC-001,FacilityOps Campus,AST-004,HVAC Unit 2,HVAC,Building B,Block B2,2026-01-06 19:00:00,58.24,2.04,5.43,29.03,0.49,4061.72,5,31.79,97.33,EXCELLENT,0,0,164
FAC-001,FacilityOps Campus,AST-004,HVAC Unit 2,HVAC,Building B,Block B2,2026-01-06 20:00:00,58.53,2.28,5.95,14.4,0.94,4062.66,5,31.83,95.8,EXCELLENT,0,0,166
FAC-001,FacilityOps Campus,AST-004,HVAC Unit 2,HVAC,Building B,Block B2,2026-01-06 21:00:00,55.69,2.21,5.35,21.87,0.64,4063.3,5,31.88,97.02,EXCELLENT,0,0,121
FAC-001,FacilityOps Campus,AST-004,HVAC Unit 2,HVAC,Building B,Block B2,2026-01-06 22:00:00,58.85,2.17,5.61,28.44,0.54,4063.84,5,31.92,97.16,EXCELLENT,0,0,149
FAC-001,FacilityOps Campus,AST-004,HVAC Unit 2,HVAC,Building B,Block B2,2026-01-06 23:00:00,53.79,2.3,5.27,29.68,0.71,4064.56,5,31.96,96.68,EXCELLENT,0,0,139
FAC-001,FacilityOps Campus,AST-004,HVAC Unit 2,HVAC,Building B,Block B2,2026-01-07 00:00:00,58.68,2.45,5.21,16.38,0.64,4065.2,5,32.0,96.45,EXCELLENT,0,0,121
FAC-001,FacilityOps Campus,AST-004,HVAC Unit 2,HVAC,Building B,Block B2,2026-01-07 01:00:00,60.23,2.22,5.35,12.28,0.6,4065.8,5,32.04,97.0,EXCELLENT,0,0,141
FAC-001,FacilityOps Campus,AST-004,HVAC Unit 2,HVAC,Building B,Block B2,2026-01-07 02:00:00,59.83,2.1,5.28,13.69,0.63,4066.42,5,32.08,96.73,EXCELLENT,0,0,126
FAC-001,FacilityOps Campus,AST-004,HVAC Unit 2,HVAC,Building B,Block B2,2026-01-07 03:00:00,59.18,2.47,5.57,26.28,0.47,4066.89,5,32.12,97.31,EXCELLENT,0,0,161
FAC-001,FacilityOps Campus,AST-004,HVAC Unit 2,HVAC,Building B,Block B2,2026-01-07 04:00:00,53.85,2.38,5.44,24.56,0.52,4067.42,5,32.17,97.37,EXCELLENT,0,0,150
FAC-001,FacilityOps Campus,AST-004,HVAC Unit 2,HVAC,Building B,Block B2,2026-01-07 05:00:00,61.88,2.21,5.28,13.64,0.75,4068.17,5,32.21,96.7,EXCELLENT,0,0,146
FAC-001,FacilityOps Campus,AST-004,HVAC Unit 2,HVAC,Building B,Block B2,2026-01-07 06:00:00,57.55,2.35,5.77,30.28,0.72,4068.89,5,32.25,96.53,EXCELLENT,0,0,148
FAC-001,FacilityOps Campus,AST-004,HVAC Unit 2,HVAC,Building B,Block B2,2026-01-07 07:00:00,57.41,2.25,4.45,21.95,0.61,4069.5,5,32.29,93.41,EXCELLENT,0,0,132
FAC-001,FacilityOps Campus,AST-004,HVAC Unit 2,HVAC,Building B,Block B2,2026-01-07 08:00:00,55.61,2.11,5.44,43.04,0.58,4070.08,5,32.33,97.34,EXCELLENT,0,0,163
FAC-001,FacilityOps Campus,AST-004,HVAC Unit 2,HVAC,Building B,Block B2,2026-01-07 09:00:00,57.2,2.08,5.46,35.09,0.95,4071.03,5,32.38,97.42,EXCELLENT,0,0,162
FAC-001,FacilityOps Campus,AST-004,HVAC Unit 2,HVAC,Building B,Block B2,2026-01-07 10:00:00,53.96,2.48,5.87,41.13,0.91,4071.94,5,32.42,96.14,EXCELLENT,0,0,110
FAC-001,FacilityOps Campus,AST-004,HVAC Unit 2,HVAC,Building B,Block B2,2026-01-07 11:00:00,56.77,2.22,5.39,44.42,1.0,4072.94,5,32.46,97.15,EXCELLENT,0,0,152
FAC-001,FacilityOps Campus,AST-004,HVAC Unit 2,HVAC,Building B,Block B2,2026-01-07 12:00:00,58.44,1.82,5.28,41.3,0.77,4073.7,5,32.5,96.72,EXCELLENT,0,0,166
FAC-001,FacilityOps Campus,AST-004,HVAC Unit 2,HVAC,Building B,Block B2,2026-01-07 13:00:00,57.71,2.38,5.44,36.25,0.86,4074.56,5,32.54,97.35,EXCELLENT,0,0,162
FAC-001,FacilityOps Campus,AST-004,HVAC Unit 2,HVAC,Building B,Block B2,2026-01-07 14:00:00,57.85,1.96,5.41,42.58,0.87,4075.43,5,32.58,97.24,EXCELLENT,0,0,126
FAC-001,FacilityOps Campus,AST-004,HVAC Unit 2,HVAC,Building B,Block B2,2026-01-07 15:00:00,58.38,2.03,5.44,40.83,0.96,4076.4,5,32.62,97.37,EXCELLENT,0,0,130
FAC-001,FacilityOps Campus,AST-004,HVAC Unit 2,HVAC,Building B,Block B2,2026-01-07 16:00:00,87.26,3.14,5.53,36.83,0.98,4077.38,5,32.67,44.6,CRITICAL,1,1,1
FAC-001,FacilityOps Campus,AST-004,HVAC Unit 2,HVAC,Building B,Block B2,2026-01-07 17:00:00,57.5,2.52,5.5,35.16,0.83,4078.2,5,32.71,97.58,EXCELLENT,0,0,167
FAC-001,FacilityOps Campus,AST-004,HVAC Unit 2,HVAC,Building B,Block B2,2026-01-07 18:00:00,55.11,1.99,6.08,43.88,1.0,4079.2,5,32.75,95.29,EXCELLENT,0,0,149
FAC-001,FacilityOps Campus,AST-004,HVAC Unit 2,HVAC,Building B,Block B2,2026-01-07 19:00:00,56.44,2.26,5.99,13.41,0.97,4080.17,5,32.79,95.64,EXCELLENT,0,0,173
FAC-001,FacilityOps Campus,AST-004,HVAC Unit 2,HVAC,Building B,Block B2,2026-01-07 20:00:00,53.26,2.01,5.16,23.74,0.43,4080.6,5,32.83,96.26,EXCELLENT,0,0,178
FAC-001,FacilityOps Campus,AST-004,HVAC Unit 2,HVAC,Building B,Block B2,2026-01-07 21:00:00,57.76,2.55,5.76,20.76,0.45,4081.05,5,32.88,96.18,EXCELLENT,0,0,124
FAC-001,FacilityOps Campus,AST-004,HVAC Unit 2,HVAC,Building B,Block B2,2026-01-07 22:00:00,56.98,1.6,5.61,24.09,1.0,4082.04,5,32.92,97.14,EXCELLENT,0,0,100
FAC-001,FacilityOps Campus,AST-004,HVAC Unit 2,HVAC,Building B,Block B2,2026-01-07 23:00:00,64.37,2.29,6.19,28.66,0.6,4082.64,5,32.96,93.87,EXCELLENT,0,0,173
FAC-001,FacilityOps Campus,AST-004,HVAC Unit 2,HVAC,Building B,Block B2,2026-01-08 00:00:00,58.91,2.41,5.43,32.73,0.49,4083.14,5,33.0,97.34,EXCELLENT,0,0,172
FAC-001,FacilityOps Campus,AST-004,HVAC Unit 2,HVAC,Building B,Block B2,2026-01-08 01:00:00,57.4,2.29,5.44,22.61,0.46,4083.6,5,33.04,97.34,EXCELLENT,0,0,131
FAC-001,FacilityOps Campus,AST-004,HVAC Unit 2,HVAC,Building B,Block B2,2026-01-08 02:00:00,77.65,2.97,4.32,26.38,0.41,4084.0,5,33.08,60.1,WARNING,1,0,16
FAC-001,FacilityOps Campus,AST-004,HVAC Unit 2,HVAC,Building B,Block B2,2026-01-08 03:00:00,57.88,2.07,5.59,24.14,0.59,4084.59,5,33.12,97.24,EXCELLENT,0,0,157
FAC-001,FacilityOps Campus,AST-004,HVAC Unit 2,HVAC,Building B,Block B2,2026-01-08 04:00:00,60.22,2.35,5.55,19.91,0.44,4085.03,5,33.17,97.39,EXCELLENT,0,0,97
FAC-001,FacilityOps Campus,AST-004,HVAC Unit 2,HVAC,Building B,Block B2,2026-01-08 05:00:00,60.03,2.25,5.75,17.69,0.83,4085.86,5,33.21,96.59,EXCELLENT,0,0,149
FAC-001,FacilityOps Campus,AST-004,HVAC Unit 2,HVAC,Building B,Block B2,2026-01-08 06:00:00,61.69,2.45,5.88,16.72,0.71,4086.57,5,33.25,96.07,EXCELLENT,0,0,165
FAC-001,FacilityOps Campus,AST-004,HVAC Unit 2,HVAC,Building B,Block B2,2026-01-08 07:00:00,57.28,2.0,5.77,25.01,0.99,4087.56,5,33.29,96.53,EXCELLENT,0,0,125
FAC-001,FacilityOps Campus,AST-004,HVAC Unit 2,HVAC,Building B,Block B2,2026-01-08 08:00:00,58.09,1.85,5.69,33.63,0.54,4088.11,5,33.33,96.83,EXCELLENT,0,0,131
FAC-001,FacilityOps Campus,AST-004,HVAC Unit 2,HVAC,Building B,Block B2,2026-01-08 09:00:00,57.88,2.24,5.23,30.48,0.91,4089.02,5,33.38,96.51,EXCELLENT,0,0,178
FAC-001,FacilityOps Campus,AST-004,HVAC Unit 2,HVAC,Building B,Block B2,2026-01-08 10:00:00,54.28,2.25,5.07,38.03,0.75,4089.77,5,33.42,95.89,EXCELLENT,0,0,133
FAC-001,FacilityOps Campus,AST-004,HVAC Unit 2,HVAC,Building B,Block B2,2026-01-08 11:00:00,57.08,2.15,5.63,37.66,0.57,4090.33,5,33.46,97.09,EXCELLENT,0,0,158
FAC-001,FacilityOps Campus,AST-004,HVAC Unit 2,HVAC,Building B,Block B2,2026-01-08 12:00:00,57.86,2.18,5.35,33.9,0.66,4091.0,5,33.5,96.99,EXCELLENT,0,0,113
FAC-001,FacilityOps Campus,AST-004,HVAC Unit 2,HVAC,Building B,Block B2,2026-01-08 13:00:00,56.66,2.15,6.11,44.04,0.8,4091.8,5,33.54,95.16,EXCELLENT,0,0,126
FAC-001,FacilityOps Campus,AST-004,HVAC Unit 2,HVAC,Building B,Block B2,2026-01-08 14:00:00,58.7,2.1,5.67,35.56,0.53,4092.32,5,33.58,96.9,EXCELLENT,0,0,107
FAC-001,FacilityOps Campus,AST-004,HVAC Unit 2,HVAC,Building B,Block B2,2026-01-08 15:00:00,57.7,2.04,5.29,41.93,0.48,4092.81,5,33.62,96.77,EXCELLENT,0,0,149
FAC-001,FacilityOps Campus,AST-004,HVAC Unit 2,HVAC,Building B,Block B2,2026-01-08 16:00:00,60.0,1.98,5.24,41.84,0.41,4093.21,5,33.67,96.55,EXCELLENT,0,0,93
FAC-001,FacilityOps Campus,AST-004,HVAC Unit 2,HVAC,Building B,Block B2,2026-01-08 17:00:00,61.33,2.12,5.75,30.1,0.65,4093.86,5,33.71,96.61,EXCELLENT,0,0,139
FAC-001,FacilityOps Campus,AST-004,HVAC Unit 2,HVAC,Building B,Block B2,2026-01-08 18:00:00,58.72,2.27,5.83,41.68,0.53,4094.39,5,33.75,96.27,EXCELLENT,0,0,158
FAC-001,FacilityOps Campus,AST-004,HVAC Unit 2,HVAC,Building B,Block B2,2026-01-08 19:00:00,55.85,1.89,5.43,23.71,0.91,4095.29,5,33.79,97.32,EXCELLENT,0,0,93
FAC-001,FacilityOps Campus,AST-004,HVAC Unit 2,HVAC,Building B,Block B2,2026-01-08 20:00:00,62.73,2.54,5.23,21.14,0.86,4096.16,5,33.83,96.26,EXCELLENT,0,0,114
FAC-001,FacilityOps Campus,AST-004,HVAC Unit 2,HVAC,Building B,Block B2,2026-01-08 21:00:00,58.52,2.32,5.18,26.81,0.72,4096.88,5,33.88,96.31,EXCELLENT,0,0,170
FAC-001,FacilityOps Campus,AST-004,HVAC Unit 2,HVAC,Building B,Block B2,2026-01-08 22:00:00,58.4,2.13,5.6,26.9,0.59,4097.47,5,33.92,97.21,EXCELLENT,0,0,98
FAC-001,FacilityOps Campus,AST-004,HVAC Unit 2,HVAC,Building B,Block B2,2026-01-08 23:00:00,59.55,2.23,5.2,27.94,0.5,4097.98,5,33.96,96.39,EXCELLENT,0,0,105
FAC-001,FacilityOps Campus,AST-004,HVAC Unit 2,HVAC,Building B,Block B2,2026-01-09 00:00:00,58.04,2.48,5.6,20.8,0.83,4098.8,5,34.0,97.19,EXCELLENT,0,0,140
FAC-001,FacilityOps Campus,AST-004,HVAC Unit 2,HVAC,Building B,Block B2,2026-01-09 01:00:00,58.62,2.38,5.6,18.33,0.92,4099.72,5,34.04,97.2,EXCELLENT,0,0,110
FAC-001,FacilityOps Campus,AST-004,HVAC Unit 2,HVAC,Building B,Block B2,2026-01-09 02:00:00,61.33,2.27,5.58,21.07,0.85,4100.57,5,34.08,97.27,EXCELLENT,0,0,108
FAC-001,FacilityOps Campus,AST-004,HVAC Unit 2,HVAC,Building B,Block B2,2026-01-09 03:00:00,56.82,2.12,5.23,18.41,0.5,4101.07,5,34.12,96.52,EXCELLENT,0,0,90
FAC-001,FacilityOps Campus,AST-004,HVAC Unit 2,HVAC,Building B,Block B2,2026-01-09 04:00:00,61.96,1.76,5.77,26.83,0.77,4101.84,5,34.17,96.51,EXCELLENT,0,0,130
FAC-001,FacilityOps Campus,AST-004,HVAC Unit 2,HVAC,Building B,Block B2,2026-01-09 05:00:00,57.87,2.34,5.06,23.37,0.55,4102.39,5,34.21,95.83,EXCELLENT,0,0,130
FAC-001,FacilityOps Campus,AST-004,HVAC Unit 2,HVAC,Building B,Block B2,2026-01-09 06:00:00,55.32,2.27,5.64,22.35,0.59,4102.98,5,34.25,97.03,EXCELLENT,0,0,113
FAC-001,FacilityOps Campus,AST-004,HVAC Unit 2,HVAC,Building B,Block B2,2026-01-09 07:00:00,59.62,2.41,5.69,23.08,0.41,4103.39,5,34.29,96.84,EXCELLENT,0,0,128
FAC-001,FacilityOps Campus,AST-004,HVAC Unit 2,HVAC,Building B,Block B2,2026-01-09 08:00:00,60.77,2.17,5.43,44.29,0.53,4103.92,5,34.33,97.34,EXCELLENT,0,0,105
FAC-001,FacilityOps Campus,AST-004,HVAC Unit 2,HVAC,Building B,Block B2,2026-01-09 09:00:00,58.27,1.93,5.4,33.36,0.62,4104.54,5,34.38,97.18,EXCELLENT,0,0,166
FAC-001,FacilityOps Campus,AST-004,HVAC Unit 2,HVAC,Building B,Block B2,2026-01-09 10:00:00,63.79,2.15,5.52,48.78,0.49,4105.02,5,34.42,97.11,EXCELLENT,0,0,108
FAC-001,FacilityOps Campus,AST-004,HVAC Unit 2,HVAC,Building B,Block B2,2026-01-09 11:00:00,57.68,3.0,5.65,42.92,0.75,4105.78,5,34.46,87.32,EXCELLENT,0,0,118
FAC-001,FacilityOps Campus,AST-004,HVAC Unit 2,HVAC,Building B,Block B2,2026-01-09 12:00:00,54.68,2.31,5.3,37.35,0.83,4106.6,5,34.5,96.79,EXCELLENT,0,0,118
FAC-001,FacilityOps Campus,AST-004,HVAC Unit 2,HVAC,Building B,Block B2,2026-01-09 13:00:00,59.74,2.37,5.76,42.32,0.41,4107.01,5,34.54,96.58,EXCELLENT,0,0,156
FAC-001,FacilityOps Campus,AST-004,HVAC Unit 2,HVAC,Building B,Block B2,2026-01-09 14:00:00,55.42,2.06,5.31,38.19,0.6,4107.61,5,34.58,96.86,EXCELLENT,0,0,121
FAC-001,FacilityOps Campus,AST-004,HVAC Unit 2,HVAC,Building B,Block B2,2026-01-09 15:00:00,55.04,1.95,5.61,34.26,0.43,4108.04,5,34.62,97.16,EXCELLENT,0,0,149
FAC-001,FacilityOps Campus,AST-004,HVAC Unit 2,HVAC,Building B,Block B2,2026-01-09 16:00:00,58.53,2.53,5.96,37.05,0.85,4108.89,5,34.67,95.76,EXCELLENT,0,0,171
FAC-001,FacilityOps Campus,AST-004,HVAC Unit 2,HVAC,Building B,Block B2,2026-01-09 17:00:00,55.78,2.11,5.18,39.16,0.98,4109.87,5,34.71,96.33,EXCELLENT,0,0,112
FAC-001,FacilityOps Campus,AST-004,HVAC Unit 2,HVAC,Building B,Block B2,2026-01-09 18:00:00,56.99,2.18,5.15,44.68,0.55,4110.42,5,34.75,96.19,EXCELLENT,0,0,126
FAC-001,FacilityOps Campus,AST-004,HVAC Unit 2,HVAC,Building B,Block B2,2026-01-09 19:00:00,58.12,2.03,5.65,21.47,0.73,4111.15,5,34.79,97.0,EXCELLENT,0,0,142
FAC-001,FacilityOps Campus,AST-004,HVAC Unit 2,HVAC,Building B,Block B2,2026-01-09 20:00:00,57.0,2.24,5.52,26.63,0.93,4112.08,5,34.83,97.51,EXCELLENT,0,0,102
FAC-001,FacilityOps Campus,AST-004,HVAC Unit 2,HVAC,Building B,Block B2,2026-01-09 21:00:00,61.2,2.7,5.41,24.9,0.57,4112.65,5,34.88,93.73,EXCELLENT,0,0,179
FAC-001,FacilityOps Campus,AST-004,HVAC Unit 2,HVAC,Building B,Block B2,2026-01-09 22:00:00,55.01,1.88,5.39,18.36,0.6,4113.25,5,34.92,97.14,EXCELLENT,0,0,95
FAC-001,FacilityOps Campus,AST-004,HVAC Unit 2,HVAC,Building B,Block B2,2026-01-09 23:00:00,56.57,1.8,5.37,18.96,0.95,4114.2,5,34.96,97.09,EXCELLENT,0,0,104
FAC-001,FacilityOps Campus,AST-004,HVAC Unit 2,HVAC,Building B,Block B2,2026-01-10 00:00:00,58.62,2.11,5.82,19.19,0.83,4115.03,5,35.0,96.32,EXCELLENT,0,0,155
FAC-001,FacilityOps Campus,AST-004,HVAC Unit 2,HVAC,Building B,Block B2,2026-01-10 01:00:00,55.84,2.19,5.22,14.46,0.97,4116.01,5,35.04,96.46,EXCELLENT,0,0,125
FAC-001,FacilityOps Campus,AST-004,HVAC Unit 2,HVAC,Building B,Block B2,2026-01-10 02:00:00,54.48,2.45,5.81,14.55,0.99,4116.99,5,35.08,96.36,EXCELLENT,0,0,148
FAC-001,FacilityOps Campus,AST-004,HVAC Unit 2,HVAC,Building B,Block B2,2026-01-10 03:00:00,59.09,2.37,5.44,23.84,0.94,4117.93,5,35.12,97.37,EXCELLENT,0,0,154
FAC-001,FacilityOps Campus,AST-004,HVAC Unit 2,HVAC,Building B,Block B2,2026-01-10 04:00:00,60.01,2.43,5.2,25.64,0.53,4118.46,5,35.17,96.42,EXCELLENT,0,0,176
FAC-001,FacilityOps Campus,AST-004,HVAC Unit 2,HVAC,Building B,Block B2,2026-01-10 05:00:00,56.15,2.17,5.35,16.97,0.97,4119.43,5,35.21,97.02,EXCELLENT,0,0,102
FAC-001,FacilityOps Campus,AST-004,HVAC Unit 2,HVAC,Building B,Block B2,2026-01-10 06:00:00,59.9,2.16,5.49,25.54,0.62,4120.05,5,35.25,97.55,EXCELLENT,0,0,137
FAC-001,FacilityOps Campus,AST-004,HVAC Unit 2,HVAC,Building B,Block B2,2026-01-10 07:00:00,56.38,2.61,5.58,20.28,0.94,4120.99,5,35.29,95.6,EXCELLENT,0,0,103
FAC-001,FacilityOps Campus,AST-004,HVAC Unit 2,HVAC,Building B,Block B2,2026-01-10 08:00:00,58.31,1.63,5.34,31.42,0.72,4121.71,5,35.33,96.94,EXCELLENT,0,0,104
FAC-001,FacilityOps Campus,AST-004,HVAC Unit 2,HVAC,Building B,Block B2,2026-01-10 09:00:00,61.56,2.5,5.76,43.95,0.8,4122.5,5,35.38,96.57,EXCELLENT,0,0,106
FAC-001,FacilityOps Campus,AST-004,HVAC Unit 2,HVAC,Building B,Block B2,2026-01-10 10:00:00,56.26,2.06,5.38,45.23,0.85,4123.35,5,35.42,97.12,EXCELLENT,0,0,162
FAC-001,FacilityOps Campus,AST-004,HVAC Unit 2,HVAC,Building B,Block B2,2026-01-10 11:00:00,58.18,2.19,5.12,45.58,1.0,4124.35,5,35.46,96.08,EXCELLENT,0,0,143
FAC-001,FacilityOps Campus,AST-004,HVAC Unit 2,HVAC,Building B,Block B2,2026-01-10 12:00:00,56.65,2.24,5.35,42.83,0.8,4125.15,5,35.5,97.0,EXCELLENT,0,0,104
FAC-001,FacilityOps Campus,AST-004,HVAC Unit 2,HVAC,Building B,Block B2,2026-01-10 13:00:00,55.75,2.39,5.78,35.8,0.41,4125.56,5,35.54,96.46,EXCELLENT,0,0,120
FAC-001,FacilityOps Campus,AST-004,HVAC Unit 2,HVAC,Building B,Block B2,2026-01-10 14:00:00,59.24,2.41,5.5,31.87,0.68,4126.24,5,35.58,97.58,EXCELLENT,0,0,91
FAC-001,FacilityOps Campus,AST-004,HVAC Unit 2,HVAC,Building B,Block B2,2026-01-10 15:00:00,56.63,2.16,5.39,42.24,0.62,4126.86,5,35.62,97.15,EXCELLENT,0,0,142
FAC-001,FacilityOps Campus,AST-004,HVAC Unit 2,HVAC,Building B,Block B2,2026-01-10 16:00:00,56.11,2.27,5.74,38.53,0.52,4127.39,5,35.67,96.63,EXCELLENT,0,0,170
FAC-001,FacilityOps Campus,AST-004,HVAC Unit 2,HVAC,Building B,Block B2,2026-01-10 17:00:00,55.22,2.11,5.33,43.39,0.68,4128.07,5,35.71,96.94,EXCELLENT,0,0,117
FAC-001,FacilityOps Campus,AST-004,HVAC Unit 2,HVAC,Building B,Block B2,2026-01-10 18:00:00,61.09,2.29,5.6,35.81,0.93,4129.0,5,35.75,97.2,EXCELLENT,0,0,147
FAC-001,FacilityOps Campus,AST-004,HVAC Unit 2,HVAC,Building B,Block B2,2026-01-10 19:00:00,56.11,1.85,5.65,27.71,0.98,4129.98,5,35.79,97.0,EXCELLENT,0,0,173
FAC-001,FacilityOps Campus,AST-004,HVAC Unit 2,HVAC,Building B,Block B2,2026-01-10 20:00:00,60.17,2.09,5.92,14.82,0.51,4130.49,5,35.83,95.93,EXCELLENT,0,0,121
FAC-001,FacilityOps Campus,AST-004,HVAC Unit 2,HVAC,Building B,Block B2,2026-01-10 21:00:00,60.9,1.82,5.25,21.97,0.83,4131.31,5,35.88,96.61,EXCELLENT,0,0,171
FAC-001,FacilityOps Campus,AST-004,HVAC Unit 2,HVAC,Building B,Block B2,2026-01-10 22:00:00,58.14,2.26,4.74,12.79,0.74,4132.06,5,35.92,94.57,EXCELLENT,0,0,122
FAC-001,FacilityOps Campus,AST-004,HVAC Unit 2,HVAC,Building B,Block B2,2026-01-10 23:00:00,57.62,2.49,5.4,16.85,0.87,4132.93,5,35.96,97.21,EXCELLENT,0,0,101
FAC-001,FacilityOps Campus,AST-004,HVAC Unit 2,HVAC,Building B,Block B2,2026-01-11 00:00:00,62.59,2.43,5.7,22.75,0.73,4133.66,5,36.0,96.8,EXCELLENT,0,0,148
FAC-001,FacilityOps Campus,AST-004,HVAC Unit 2,HVAC,Building B,Block B2,2026-01-11 01:00:00,59.01,2.36,5.49,31.91,0.89,4134.55,5,36.04,97.55,EXCELLENT,0,0,112
FAC-001,FacilityOps Campus,AST-004,HVAC Unit 2,HVAC,Building B,Block B2,2026-01-11 02:00:00,55.46,2.46,5.51,20.58,0.49,4135.04,5,36.08,97.56,EXCELLENT,0,0,141
FAC-001,FacilityOps Campus,AST-004,HVAC Unit 2,HVAC,Building B,Block B2,2026-01-11 03:00:00,60.92,2.32,5.04,23.73,0.75,4135.79,5,36.12,95.76,EXCELLENT,0,0,138
FAC-001,FacilityOps Campus,AST-004,HVAC Unit 2,HVAC,Building B,Block B2,2026-01-11 04:00:00,57.19,2.32,5.52,16.68,0.54,4136.33,5,36.17,97.5,EXCELLENT,0,0,126
FAC-001,FacilityOps Campus,AST-004,HVAC Unit 2,HVAC,Building B,Block B2,2026-01-11 05:00:00,55.3,2.12,5.92,23.64,0.67,4137.0,5,36.21,95.92,EXCELLENT,0,0,173
FAC-001,FacilityOps Campus,AST-004,HVAC Unit 2,HVAC,Building B,Block B2,2026-01-11 06:00:00,59.76,2.01,5.49,22.01,0.41,4137.4,5,36.25,97.57,EXCELLENT,0,0,93
FAC-001,FacilityOps Campus,AST-004,HVAC Unit 2,HVAC,Building B,Block B2,2026-01-11 07:00:00,59.88,1.69,5.62,24.81,0.72,4138.13,5,36.29,97.12,EXCELLENT,0,0,136
FAC-001,FacilityOps Campus,AST-004,HVAC Unit 2,HVAC,Building B,Block B2,2026-01-11 08:00:00,52.96,2.38,5.96,40.86,0.44,4138.56,5,36.33,95.77,EXCELLENT,0,0,119
FAC-001,FacilityOps Campus,AST-004,HVAC Unit 2,HVAC,Building B,Block B2,2026-01-11 09:00:00,55.02,2.02,5.53,42.0,0.58,4139.14,5,36.38,97.48,EXCELLENT,0,0,159
FAC-001,FacilityOps Campus,AST-004,HVAC Unit 2,HVAC,Building B,Block B2,2026-01-11 10:00:00,55.8,1.73,5.76,41.67,0.63,4139.77,5,36.42,96.58,EXCELLENT,0,0,102
FAC-001,FacilityOps Campus,AST-004,HVAC Unit 2,HVAC,Building B,Block B2,2026-01-11 11:00:00,55.94,2.13,5.33,33.81,0.92,4140.68,5,36.46,96.93,EXCELLENT,0,0,133
FAC-001,FacilityOps Campus,AST-004,HVAC Unit 2,HVAC,Building B,Block B2,2026-01-11 12:00:00,60.77,2.17,5.35,39.4,0.91,4141.59,5,36.5,96.98,EXCELLENT,0,0,151
FAC-001,FacilityOps Campus,AST-004,HVAC Unit 2,HVAC,Building B,Block B2,2026-01-11 13:00:00,57.74,2.23,5.57,46.14,0.41,4142.0,5,36.54,97.31,EXCELLENT,0,0,174
FAC-001,FacilityOps Campus,AST-004,HVAC Unit 2,HVAC,Building B,Block B2,2026-01-11 14:00:00,56.7,2.55,6.17,34.3,0.95,4142.94,5,36.58,94.53,EXCELLENT,0,0,143
FAC-001,FacilityOps Campus,AST-004,HVAC Unit 2,HVAC,Building B,Block B2,2026-01-11 15:00:00,56.12,2.47,5.35,46.18,0.56,4143.5,5,36.62,96.98,EXCELLENT,0,0,133
FAC-001,FacilityOps Campus,AST-004,HVAC Unit 2,HVAC,Building B,Block B2,2026-01-11 16:00:00,55.85,2.6,5.48,37.33,0.94,4144.44,5,36.67,96.02,EXCELLENT,0,0,90
FAC-001,FacilityOps Campus,AST-004,HVAC Unit 2,HVAC,Building B,Block B2,2026-01-11 17:00:00,56.75,1.76,5.41,44.77,0.43,4144.87,5,36.71,97.26,EXCELLENT,0,0,94
FAC-001,FacilityOps Campus,AST-004,HVAC Unit 2,HVAC,Building B,Block B2,2026-01-11 18:00:00,59.14,2.34,5.45,32.94,0.97,4145.85,5,36.75,97.39,EXCELLENT,0,0,146
FAC-001,FacilityOps Campus,AST-004,HVAC Unit 2,HVAC,Building B,Block B2,2026-01-11 19:00:00,58.1,2.69,6.08,14.72,0.52,4146.36,5,36.79,92.05,EXCELLENT,0,0,101
FAC-001,FacilityOps Campus,AST-004,HVAC Unit 2,HVAC,Building B,Block B2,2026-01-11 20:00:00,57.31,2.19,5.61,19.98,0.71,4147.08,5,36.83,97.17,EXCELLENT,0,0,95
FAC-001,FacilityOps Campus,AST-004,HVAC Unit 2,HVAC,Building B,Block B2,2026-01-11 21:00:00,51.71,2.43,5.72,20.12,0.55,4147.63,5,36.88,96.7,EXCELLENT,0,0,157
FAC-001,FacilityOps Campus,AST-004,HVAC Unit 2,HVAC,Building B,Block B2,2026-01-11 22:00:00,60.25,2.05,5.59,26.46,0.63,4148.26,5,36.92,97.26,EXCELLENT,0,0,141
FAC-001,FacilityOps Campus,AST-004,HVAC Unit 2,HVAC,Building B,Block B2,2026-01-11 23:00:00,60.31,2.64,5.08,16.72,0.54,4148.81,5,36.96,93.74,EXCELLENT,0,0,123
FAC-001,FacilityOps Campus,AST-004,HVAC Unit 2,HVAC,Building B,Block B2,2026-01-12 00:00:00,60.69,2.31,5.34,22.4,0.83,4149.64,5,37.0,96.98,EXCELLENT,0,0,150
FAC-001,FacilityOps Campus,AST-004,HVAC Unit 2,HVAC,Building B,Block B2,2026-01-12 01:00:00,98.25,2.62,3.87,34.63,0.41,4150.04,5,37.04,29.91,CRITICAL,1,1,6
FAC-001,FacilityOps Campus,AST-004,HVAC Unit 2,HVAC,Building B,Block B2,2026-01-12 02:00:00,57.57,1.99,5.74,21.45,0.62,4150.66,5,37.08,96.62,EXCELLENT,0,0,172
FAC-001,FacilityOps Campus,AST-004,HVAC Unit 2,HVAC,Building B,Block B2,2026-01-12 03:00:00,55.26,2.25,5.34,27.04,0.53,4151.2,5,37.12,96.95,EXCELLENT,0,0,149
FAC-001,FacilityOps Campus,AST-004,HVAC Unit 2,HVAC,Building B,Block B2,2026-01-12 04:00:00,58.28,2.36,5.7,24.28,0.56,4151.75,5,37.17,96.81,EXCELLENT,0,0,93
FAC-001,FacilityOps Campus,AST-004,HVAC Unit 2,HVAC,Building B,Block B2,2026-01-12 05:00:00,56.64,2.22,5.4,18.05,0.94,4152.69,5,37.21,97.18,EXCELLENT,0,0,141
FAC-001,FacilityOps Campus,AST-004,HVAC Unit 2,HVAC,Building B,Block B2,2026-01-12 06:00:00,55.84,2.33,5.09,18.2,0.66,4153.35,5,37.25,95.97,EXCELLENT,0,0,90
FAC-001,FacilityOps Campus,AST-004,HVAC Unit 2,HVAC,Building B,Block B2,2026-01-12 07:00:00,59.59,2.61,5.75,15.05,0.68,4154.03,5,37.29,95.0,EXCELLENT,0,0,106
FAC-001,FacilityOps Campus,AST-004,HVAC Unit 2,HVAC,Building B,Block B2,2026-01-12 08:00:00,57.82,2.82,5.86,43.63,0.49,4154.51,5,37.33,90.22,EXCELLENT,0,0,162
FAC-001,FacilityOps Campus,AST-004,HVAC Unit 2,HVAC,Building B,Block B2,2026-01-12 09:00:00,59.69,2.14,5.58,44.92,0.44,4154.96,5,37.38,97.27,EXCELLENT,0,0,176
FAC-001,FacilityOps Campus,AST-004,HVAC Unit 2,HVAC,Building B,Block B2,2026-01-12 10:00:00,60.12,2.21,5.87,27.54,0.67,4155.63,5,37.42,96.13,EXCELLENT,0,0,145
FAC-001,FacilityOps Campus,AST-004,HVAC Unit 2,HVAC,Building B,Block B2,2026-01-12 11:00:00,57.42,2.01,5.14,37.18,0.55,4156.18,5,37.46,96.14,EXCELLENT,0,0,116
FAC-001,FacilityOps Campus,AST-004,HVAC Unit 2,HVAC,Building B,Block B2,2026-01-12 12:00:00,61.33,2.2,5.31,40.24,0.97,4157.15,5,37.5,96.85,EXCELLENT,0,0,136
FAC-001,FacilityOps Campus,AST-004,HVAC Unit 2,HVAC,Building B,Block B2,2026-01-12 13:00:00,58.42,1.96,5.81,28.05,0.83,4157.98,5,37.54,96.37,EXCELLENT,0,0,172
FAC-001,FacilityOps Campus,AST-004,HVAC Unit 2,HVAC,Building B,Block B2,2026-01-12 14:00:00,57.65,2.41,5.49,42.04,0.7,4158.68,5,37.58,97.54,EXCELLENT,0,0,158
FAC-001,FacilityOps Campus,AST-004,HVAC Unit 2,HVAC,Building B,Block B2,2026-01-12 15:00:00,56.27,2.34,5.69,36.41,0.4,4159.08,5,37.62,96.82,EXCELLENT,0,0,95
FAC-001,FacilityOps Campus,AST-004,HVAC Unit 2,HVAC,Building B,Block B2,2026-01-12 16:00:00,55.35,2.38,6.07,41.42,0.94,4160.02,5,37.67,95.3,EXCELLENT,0,0,154
FAC-001,FacilityOps Campus,AST-004,HVAC Unit 2,HVAC,Building B,Block B2,2026-01-12 17:00:00,60.58,1.93,5.63,42.05,0.8,4160.82,5,37.71,97.08,EXCELLENT,0,0,155
FAC-001,FacilityOps Campus,AST-004,HVAC Unit 2,HVAC,Building B,Block B2,2026-01-12 18:00:00,54.94,2.56,5.43,41.39,0.55,4161.36,5,37.75,96.61,EXCELLENT,0,0,115
FAC-001,FacilityOps Campus,AST-004,HVAC Unit 2,HVAC,Building B,Block B2,2026-01-12 19:00:00,59.4,1.91,6.06,15.51,0.91,4162.27,5,37.79,95.35,EXCELLENT,0,0,121
FAC-001,FacilityOps Campus,AST-004,HVAC Unit 2,HVAC,Building B,Block B2,2026-01-12 20:00:00,53.86,1.81,5.73,20.29,0.82,4163.09,5,37.83,96.66,EXCELLENT,0,0,121
FAC-001,FacilityOps Campus,AST-004,HVAC Unit 2,HVAC,Building B,Block B2,2026-01-12 21:00:00,52.99,1.97,5.26,25.08,0.76,4163.86,5,37.88,96.63,EXCELLENT,0,0,104
FAC-001,FacilityOps Campus,AST-004,HVAC Unit 2,HVAC,Building B,Block B2,2026-01-12 22:00:00,58.98,2.56,5.47,19.07,0.79,4164.64,5,37.92,96.8,EXCELLENT,0,0,173
FAC-001,FacilityOps Campus,AST-004,HVAC Unit 2,HVAC,Building B,Block B2,2026-01-12 23:00:00,63.65,1.68,5.51,21.27,0.79,4165.44,5,37.96,97.55,EXCELLENT,0,0,169
FAC-001,FacilityOps Campus,AST-004,HVAC Unit 2,HVAC,Building B,Block B2,2026-01-13 00:00:00,56.84,3.03,5.14,27.56,0.82,4166.26,5,38.0,85.93,EXCELLENT,0,0,151
FAC-001,FacilityOps Campus,AST-004,HVAC Unit 2,HVAC,Building B,Block B2,2026-01-13 01:00:00,61.75,2.56,5.54,26.62,0.99,4167.25,5,38.04,96.87,EXCELLENT,0,0,159
FAC-001,FacilityOps Campus,AST-004,HVAC Unit 2,HVAC,Building B,Block B2,2026-01-13 02:00:00,60.14,2.36,5.38,26.98,0.75,4167.99,5,38.08,97.12,EXCELLENT,0,0,153
FAC-001,FacilityOps Campus,AST-004,HVAC Unit 2,HVAC,Building B,Block B2,2026-01-13 03:00:00,57.57,2.03,5.63,20.24,0.93,4168.93,5,38.12,97.07,EXCELLENT,0,0,117
FAC-001,FacilityOps Campus,AST-004,HVAC Unit 2,HVAC,Building B,Block B2,2026-01-13 04:00:00,57.23,1.99,5.13,27.42,0.68,4169.6,5,38.17,96.11,EXCELLENT,0,0,167
FAC-001,FacilityOps Campus,AST-004,HVAC Unit 2,HVAC,Building B,Block B2,2026-01-13 05:00:00,55.86,1.93,6.2,17.71,0.81,4170.41,5,38.21,94.8,EXCELLENT,0,0,116
FAC-001,FacilityOps Campus,AST-004,HVAC Unit 2,HVAC,Building B,Block B2,2026-01-13 06:00:00,56.57,2.1,5.56,23.04,0.58,4170.99,5,38.25,97.34,EXCELLENT,0,0,91
FAC-001,FacilityOps Campus,AST-004,HVAC Unit 2,HVAC,Building B,Block B2,2026-01-13 07:00:00,58.55,2.11,5.74,11.36,0.91,4171.9,5,38.29,96.63,EXCELLENT,0,0,144
FAC-001,FacilityOps Campus,AST-004,HVAC Unit 2,HVAC,Building B,Block B2,2026-01-13 08:00:00,52.64,1.7,5.59,42.22,0.67,4172.57,5,38.33,97.22,EXCELLENT,0,0,174
FAC-001,FacilityOps Campus,AST-004,HVAC Unit 2,HVAC,Building B,Block B2,2026-01-13 09:00:00,54.62,2.18,5.54,47.53,0.87,4173.44,5,38.38,97.43,EXCELLENT,0,0,147
FAC-001,FacilityOps Campus,AST-004,HVAC Unit 2,HVAC,Building B,Block B2,2026-01-13 10:00:00,57.44,2.3,5.3,35.57,0.44,4173.88,5,38.42,96.81,EXCELLENT,0,0,166
FAC-001,FacilityOps Campus,AST-004,HVAC Unit 2,HVAC,Building B,Block B2,2026-01-13 11:00:00,56.23,2.24,5.51,41.42,0.95,4174.83,5,38.46,97.55,EXCELLENT,0,0,91
FAC-001,FacilityOps Campus,AST-004,HVAC Unit 2,HVAC,Building B,Block B2,2026-01-13 12:00:00,54.64,2.17,5.53,29.81,0.9,4175.74,5,38.5,97.5,EXCELLENT,0,0,162
FAC-001,FacilityOps Campus,AST-004,HVAC Unit 2,HVAC,Building B,Block B2,2026-01-13 13:00:00,93.93,2.87,6.22,37.53,0.47,4176.21,5,38.54,35.75,CRITICAL,1,1,6
FAC-001,FacilityOps Campus,AST-004,HVAC Unit 2,HVAC,Building B,Block B2,2026-01-13 14:00:00,54.7,1.96,5.91,47.05,0.67,4176.88,5,38.58,95.96,EXCELLENT,0,0,174
FAC-001,FacilityOps Campus,AST-004,HVAC Unit 2,HVAC,Building B,Block B2,2026-01-13 15:00:00,53.71,2.27,5.41,37.16,0.98,4177.86,5,38.62,97.23,EXCELLENT,0,0,162
FAC-001,FacilityOps Campus,AST-004,HVAC Unit 2,HVAC,Building B,Block B2,2026-01-13 16:00:00,54.42,2.23,5.16,37.94,0.72,4178.58,5,38.67,96.25,EXCELLENT,0,0,172
FAC-001,FacilityOps Campus,AST-004,HVAC Unit 2,HVAC,Building B,Block B2,2026-01-13 17:00:00,54.54,2.51,4.87,34.09,0.85,4179.43,5,38.71,95.07,EXCELLENT,0,0,113
FAC-001,FacilityOps Campus,AST-004,HVAC Unit 2,HVAC,Building B,Block B2,2026-01-13 18:00:00,57.24,2.55,5.04,31.36,0.54,4179.97,5,38.75,95.39,EXCELLENT,0,0,144
FAC-001,FacilityOps Campus,AST-004,HVAC Unit 2,HVAC,Building B,Block B2,2026-01-13 19:00:00,54.36,2.42,5.34,20.87,0.63,4180.6,5,38.79,96.98,EXCELLENT,0,0,175
FAC-001,FacilityOps Campus,AST-004,HVAC Unit 2,HVAC,Building B,Block B2,2026-01-13 20:00:00,55.92,2.46,5.29,24.43,0.66,4181.26,5,38.83,96.77,EXCELLENT,0,0,122
FAC-001,FacilityOps Campus,AST-004,HVAC Unit 2,HVAC,Building B,Block B2,2026-01-13 21:00:00,60.21,2.43,5.07,18.76,0.86,4182.12,5,38.88,95.87,EXCELLENT,0,0,109
FAC-001,FacilityOps Campus,AST-004,HVAC Unit 2,HVAC,Building B,Block B2,2026-01-13 22:00:00,57.48,1.96,5.17,21.2,0.94,4183.06,5,38.92,96.27,EXCELLENT,0,0,104
FAC-001,FacilityOps Campus,AST-004,HVAC Unit 2,HVAC,Building B,Block B2,2026-01-13 23:00:00,59.49,2.05,5.76,15.51,0.72,4183.78,5,38.96,96.57,EXCELLENT,0,0,147
FAC-001,FacilityOps Campus,AST-004,HVAC Unit 2,HVAC,Building B,Block B2,2026-01-14 00:00:00,61.1,2.28,5.96,27.42,0.46,4184.25,5,39.0,95.75,EXCELLENT,0,0,165
FAC-001,FacilityOps Campus,AST-004,HVAC Unit 2,HVAC,Building B,Block B2,2026-01-14 01:00:00,56.87,1.76,5.63,15.51,0.99,4185.24,5,39.04,97.09,EXCELLENT,0,0,119
FAC-001,FacilityOps Campus,AST-004,HVAC Unit 2,HVAC,Building B,Block B2,2026-01-14 02:00:00,63.08,2.37,5.42,28.3,0.47,4185.71,5,39.08,97.27,EXCELLENT,0,0,177
FAC-001,FacilityOps Campus,AST-004,HVAC Unit 2,HVAC,Building B,Block B2,2026-01-14 03:00:00,61.0,2.06,5.16,23.13,0.71,4186.42,5,39.12,96.26,EXCELLENT,0,0,162
FAC-001,FacilityOps Campus,AST-004,HVAC Unit 2,HVAC,Building B,Block B2,2026-01-14 04:00:00,57.89,2.45,5.61,21.68,0.89,4187.31,5,39.17,97.16,EXCELLENT,0,0,115
FAC-001,FacilityOps Campus,AST-004,HVAC Unit 2,HVAC,Building B,Block B2,2026-01-14 05:00:00,57.72,2.19,5.6,26.96,0.81,4188.13,5,39.21,97.2,EXCELLENT,0,0,172
FAC-001,FacilityOps Campus,AST-004,HVAC Unit 2,HVAC,Building B,Block B2,2026-01-14 06:00:00,55.7,2.36,5.36,27.64,0.88,4189.0,5,39.25,97.03,EXCELLENT,0,0,159
FAC-001,FacilityOps Campus,AST-004,HVAC Unit 2,HVAC,Building B,Block B2,2026-01-14 07:00:00,54.67,2.36,5.37,19.21,0.68,4189.68,5,39.29,97.07,EXCELLENT,0,0,98
FAC-001,FacilityOps Campus,AST-004,HVAC Unit 2,HVAC,Building B,Block B2,2026-01-14 08:00:00,58.1,1.94,5.35,44.98,0.79,4190.47,5,39.33,97.01,EXCELLENT,0,0,152
FAC-001,FacilityOps Campus,AST-004,HVAC Unit 2,HVAC,Building B,Block B2,2026-01-14 09:00:00,60.48,1.95,5.3,33.09,0.47,4190.94,5,39.38,96.78,EXCELLENT,0,0,144
FAC-001,FacilityOps Campus,AST-004,HVAC Unit 2,HVAC,Building B,Block B2,2026-01-14 10:00:00,57.19,1.9,5.41,34.04,0.64,4191.57,5,39.42,97.25,EXCELLENT,0,0,180
FAC-001,FacilityOps Campus,AST-004,HVAC Unit 2,HVAC,Building B,Block B2,2026-01-14 11:00:00,58.67,2.13,5.42,37.9,0.77,4192.35,5,39.46,97.3,EXCELLENT,0,0,111
FAC-001,FacilityOps Campus,AST-004,HVAC Unit 2,HVAC,Building B,Block B2,2026-01-14 12:00:00,61.51,2.31,5.54,33.97,0.8,4193.15,5,39.5,97.44,EXCELLENT,0,0,164
FAC-001,FacilityOps Campus,AST-004,HVAC Unit 2,HVAC,Building B,Block B2,2026-01-14 13:00:00,58.29,2.45,5.83,32.8,0.91,4194.06,5,39.54,96.28,EXCELLENT,0,0,153
FAC-001,FacilityOps Campus,AST-004,HVAC Unit 2,HVAC,Building B,Block B2,2026-01-14 14:00:00,56.71,2.33,5.13,41.25,0.76,4194.83,5,39.58,96.11,EXCELLENT,0,0,152
FAC-001,FacilityOps Campus,AST-004,HVAC Unit 2,HVAC,Building B,Block B2,2026-01-14 15:00:00,57.9,1.83,5.4,44.17,0.55,4195.37,5,39.62,97.21,EXCELLENT,0,0,99
FAC-001,FacilityOps Campus,AST-004,HVAC Unit 2,HVAC,Building B,Block B2,2026-01-14 16:00:00,55.41,2.29,5.52,44.31,0.54,4195.91,5,39.67,97.54,EXCELLENT,0,0,167
FAC-001,FacilityOps Campus,AST-004,HVAC Unit 2,HVAC,Building B,Block B2,2026-01-14 17:00:00,60.18,2.49,5.51,38.97,0.94,4196.86,5,39.71,97.55,EXCELLENT,0,0,143
FAC-001,FacilityOps Campus,AST-004,HVAC Unit 2,HVAC,Building B,Block B2,2026-01-14 18:00:00,56.7,2.4,5.45,38.92,0.53,4197.38,5,39.75,97.41,EXCELLENT,0,0,161
FAC-001,FacilityOps Campus,AST-004,HVAC Unit 2,HVAC,Building B,Block B2,2026-01-14 19:00:00,61.87,2.57,4.91,16.04,0.72,4198.1,5,39.79,94.41,EXCELLENT,0,0,98
FAC-001,FacilityOps Campus,AST-004,HVAC Unit 2,HVAC,Building B,Block B2,2026-01-14 20:00:00,60.98,1.93,5.1,20.6,0.98,4199.09,5,39.83,96.01,EXCELLENT,0,0,159
FAC-001,FacilityOps Campus,AST-004,HVAC Unit 2,HVAC,Building B,Block B2,2026-01-14 21:00:00,54.26,2.14,5.63,24.21,0.54,4199.63,5,39.88,97.08,EXCELLENT,0,0,150
FAC-001,FacilityOps Campus,AST-004,HVAC Unit 2,HVAC,Building B,Block B2,2026-01-14 22:00:00,55.9,2.44,4.94,25.83,0.91,4200.54,5,39.92,95.38,EXCELLENT,0,0,93
FAC-001,FacilityOps Campus,AST-004,HVAC Unit 2,HVAC,Building B,Block B2,2026-01-14 23:00:00,82.25,2.7,5.47,27.98,0.79,4201.33,5,39.96,62.15,WARNING,1,1,27
FAC-001,FacilityOps Campus,AST-004,HVAC Unit 2,HVAC,Building B,Block B2,2026-01-15 00:00:00,56.63,2.27,5.8,24.47,0.54,4201.86,5,40.0,96.39,EXCELLENT,0,0,172
FAC-001,FacilityOps Campus,AST-004,HVAC Unit 2,HVAC,Building B,Block B2,2026-01-15 01:00:00,60.39,2.19,5.29,24.2,0.81,4202.67,5,40.04,96.74,EXCELLENT,0,0,179
FAC-001,FacilityOps Campus,AST-004,HVAC Unit 2,HVAC,Building B,Block B2,2026-01-15 02:00:00,56.29,2.43,5.7,29.24,0.57,4203.25,5,40.08,96.81,EXCELLENT,0,0,107
FAC-001,FacilityOps Campus,AST-004,HVAC Unit 2,HVAC,Building B,Block B2,2026-01-15 03:00:00,59.63,2.13,5.62,22.94,0.47,4203.72,5,40.12,97.12,EXCELLENT,0,0,96
FAC-001,FacilityOps Campus,AST-004,HVAC Unit 2,HVAC,Building B,Block B2,2026-01-15 04:00:00,61.89,2.32,5.4,19.61,0.8,4204.52,5,40.17,97.21,EXCELLENT,0,0,101
FAC-001,FacilityOps Campus,AST-004,HVAC Unit 2,HVAC,Building B,Block B2,2026-01-15 05:00:00,54.22,1.95,5.41,23.0,0.77,4205.29,5,40.21,97.26,EXCELLENT,0,0,97
FAC-001,FacilityOps Campus,AST-004,HVAC Unit 2,HVAC,Building B,Block B2,2026-01-15 06:00:00,56.52,2.03,5.71,19.2,0.46,4205.75,5,40.25,96.77,EXCELLENT,0,0,176
FAC-001,FacilityOps Campus,AST-004,HVAC Unit 2,HVAC,Building B,Block B2,2026-01-15 07:00:00,61.81,2.08,5.38,20.84,0.91,4206.66,5,40.29,97.1,EXCELLENT,0,0,180
FAC-001,FacilityOps Campus,AST-004,HVAC Unit 2,HVAC,Building B,Block B2,2026-01-15 08:00:00,80.78,4.12,4.67,60.97,0.95,4207.61,5,40.33,22.03,CRITICAL,1,1,0
FAC-001,FacilityOps Campus,AST-004,HVAC Unit 2,HVAC,Building B,Block B2,2026-01-15 09:00:00,54.78,2.43,5.4,46.97,0.47,4208.08,5,40.38,97.2,EXCELLENT,0,0,161
FAC-001,FacilityOps Campus,AST-004,HVAC Unit 2,HVAC,Building B,Block B2,2026-01-15 10:00:00,58.18,2.47,4.97,40.38,0.68,4208.76,5,40.42,95.49,EXCELLENT,0,0,125
FAC-001,FacilityOps Campus,AST-004,HVAC Unit 2,HVAC,Building B,Block B2,2026-01-15 11:00:00,59.09,2.64,5.04,43.61,0.99,4209.75,5,40.46,93.51,EXCELLENT,0,0,120
FAC-001,FacilityOps Campus,AST-004,HVAC Unit 2,HVAC,Building B,Block B2,2026-01-15 12:00:00,58.47,2.32,5.73,35.87,0.6,4210.35,5,40.5,96.68,EXCELLENT,0,0,167
FAC-001,FacilityOps Campus,AST-004,HVAC Unit 2,HVAC,Building B,Block B2,2026-01-15 13:00:00,56.22,2.28,5.59,36.03,0.87,4211.21,5,40.54,97.22,EXCELLENT,0,0,102
FAC-001,FacilityOps Campus,AST-004,HVAC Unit 2,HVAC,Building B,Block B2,2026-01-15 14:00:00,56.57,2.2,5.72,38.49,0.75,4211.96,5,40.58,96.73,EXCELLENT,0,0,94
FAC-001,FacilityOps Campus,AST-004,HVAC Unit 2,HVAC,Building B,Block B2,2026-01-15 15:00:00,55.69,1.82,5.39,32.61,0.45,4212.41,5,40.62,97.16,EXCELLENT,0,0,101
FAC-001,FacilityOps Campus,AST-004,HVAC Unit 2,HVAC,Building B,Block B2,2026-01-15 16:00:00,54.01,2.21,5.14,44.13,0.61,4213.02,5,40.67,96.14,EXCELLENT,0,0,129
FAC-001,FacilityOps Campus,AST-004,HVAC Unit 2,HVAC,Building B,Block B2,2026-01-15 17:00:00,54.9,2.29,5.27,30.61,0.42,4213.45,5,40.71,96.69,EXCELLENT,0,0,129
FAC-001,FacilityOps Campus,AST-004,HVAC Unit 2,HVAC,Building B,Block B2,2026-01-15 18:00:00,57.55,2.34,5.94,44.47,0.48,4213.93,5,40.75,95.83,EXCELLENT,0,0,149
FAC-001,FacilityOps Campus,AST-004,HVAC Unit 2,HVAC,Building B,Block B2,2026-01-15 19:00:00,54.41,2.26,5.7,18.52,0.66,4214.59,5,40.79,96.8,EXCELLENT,0,0,163
FAC-001,FacilityOps Campus,AST-004,HVAC Unit 2,HVAC,Building B,Block B2,2026-01-15 20:00:00,56.05,1.88,5.38,25.1,0.52,4215.11,5,40.83,97.13,EXCELLENT,0,0,173
FAC-001,FacilityOps Campus,AST-004,HVAC Unit 2,HVAC,Building B,Block B2,2026-01-15 21:00:00,60.13,2.48,5.38,23.52,0.85,4215.96,5,40.88,97.11,EXCELLENT,0,0,156
FAC-001,FacilityOps Campus,AST-004,HVAC Unit 2,HVAC,Building B,Block B2,2026-01-15 22:00:00,57.94,2.63,5.53,24.61,0.86,4216.82,5,40.92,95.41,EXCELLENT,0,0,103
FAC-001,FacilityOps Campus,AST-004,HVAC Unit 2,HVAC,Building B,Block B2,2026-01-15 23:00:00,59.06,2.28,5.6,23.74,0.55,4217.37,5,40.96,97.21,EXCELLENT,0,0,113
FAC-001,FacilityOps Campus,AST-004,HVAC Unit 2,HVAC,Building B,Block B2,2026-01-16 00:00:00,59.45,2.44,5.68,25.0,0.86,4218.24,5,41.0,96.88,EXCELLENT,0,0,152
FAC-001,FacilityOps Campus,AST-004,HVAC Unit 2,HVAC,Building B,Block B2,2026-01-16 01:00:00,57.59,2.37,5.8,27.97,1.0,4219.24,5,41.04,96.41,EXCELLENT,0,0,148
FAC-001,FacilityOps Campus,AST-004,HVAC Unit 2,HVAC,Building B,Block B2,2026-01-16 02:00:00,55.44,2.22,5.69,21.81,0.7,4219.94,5,41.08,96.83,EXCELLENT,0,0,148
FAC-001,FacilityOps Campus,AST-004,HVAC Unit 2,HVAC,Building B,Block B2,2026-01-16 03:00:00,55.96,1.99,5.43,26.09,0.75,4220.69,5,41.12,97.33,EXCELLENT,0,0,125
FAC-001,FacilityOps Campus,AST-004,HVAC Unit 2,HVAC,Building B,Block B2,2026-01-16 04:00:00,56.32,2.46,5.35,17.09,0.83,4221.52,5,41.17,97.01,EXCELLENT,0,0,132
FAC-001,FacilityOps Campus,AST-004,HVAC Unit 2,HVAC,Building B,Block B2,2026-01-16 05:00:00,99.24,2.79,4.95,27.16,0.5,4222.02,5,41.21,28.89,CRITICAL,1,1,4
FAC-001,FacilityOps Campus,AST-004,HVAC Unit 2,HVAC,Building B,Block B2,2026-01-16 06:00:00,63.9,2.08,5.3,26.44,0.68,4222.7,5,41.25,96.63,EXCELLENT,0,0,162
FAC-001,FacilityOps Campus,AST-004,HVAC Unit 2,HVAC,Building B,Block B2,2026-01-16 07:00:00,80.52,3.43,6.22,29.96,0.4,4223.1,5,41.29,47.55,CRITICAL,1,1,4
FAC-001,FacilityOps Campus,AST-004,HVAC Unit 2,HVAC,Building B,Block B2,2026-01-16 08:00:00,61.86,2.2,5.84,29.19,0.96,4224.06,5,41.33,96.23,EXCELLENT,0,0,162
FAC-001,FacilityOps Campus,AST-004,HVAC Unit 2,HVAC,Building B,Block B2,2026-01-16 09:00:00,57.28,2.08,5.38,34.52,0.56,4224.62,5,41.38,97.12,EXCELLENT,0,0,105
FAC-001,FacilityOps Campus,AST-004,HVAC Unit 2,HVAC,Building B,Block B2,2026-01-16 10:00:00,56.02,2.36,5.69,33.82,0.92,4225.54,5,41.42,96.83,EXCELLENT,0,0,161
FAC-001,FacilityOps Campus,AST-004,HVAC Unit 2,HVAC,Building B,Block B2,2026-01-16 11:00:00,55.69,2.73,5.42,45.12,0.91,4226.45,5,41.46,93.22,EXCELLENT,0,0,150
FAC-001,FacilityOps Campus,AST-004,HVAC Unit 2,HVAC,Building B,Block B2,2026-01-16 12:00:00,58.4,1.89,5.45,43.92,0.49,4226.94,5,41.5,97.4,EXCELLENT,0,0,126
FAC-001,FacilityOps Campus,AST-004,HVAC Unit 2,HVAC,Building B,Block B2,2026-01-16 13:00:00,57.0,2.73,5.51,35.41,0.94,4227.89,5,41.54,93.48,EXCELLENT,0,0,94
FAC-001,FacilityOps Campus,AST-004,HVAC Unit 2,HVAC,Building B,Block B2,2026-01-16 14:00:00,56.95,1.75,5.57,43.15,0.46,4228.35,5,41.58,97.33,EXCELLENT,0,0,98
FAC-001,FacilityOps Campus,AST-004,HVAC Unit 2,HVAC,Building B,Block B2,2026-01-16 15:00:00,56.77,2.54,5.97,39.48,0.46,4228.8,5,41.62,95.59,EXCELLENT,0,0,130
FAC-001,FacilityOps Campus,AST-004,HVAC Unit 2,HVAC,Building B,Block B2,2026-01-16 16:00:00,56.26,2.27,5.84,35.44,0.93,4229.73,5,41.67,96.23,EXCELLENT,0,0,129
FAC-001,FacilityOps Campus,AST-004,HVAC Unit 2,HVAC,Building B,Block B2,2026-01-16 17:00:00,58.33,2.02,5.28,37.68,0.51,4230.24,5,41.71,96.72,EXCELLENT,0,0,105
FAC-001,FacilityOps Campus,AST-004,HVAC Unit 2,HVAC,Building B,Block B2,2026-01-16 18:00:00,59.65,2.5,5.33,35.7,0.78,4231.02,5,41.75,96.93,EXCELLENT,0,0,159
FAC-001,FacilityOps Campus,AST-004,HVAC Unit 2,HVAC,Building B,Block B2,2026-01-16 19:00:00,57.73,2.19,5.08,20.85,0.8,4231.82,5,41.79,95.92,EXCELLENT,0,0,151
FAC-001,FacilityOps Campus,AST-004,HVAC Unit 2,HVAC,Building B,Block B2,2026-01-16 20:00:00,60.98,2.47,5.76,26.91,0.46,4232.28,5,41.83,96.57,EXCELLENT,0,0,125
FAC-001,FacilityOps Campus,AST-004,HVAC Unit 2,HVAC,Building B,Block B2,2026-01-16 21:00:00,59.65,2.24,5.32,20.71,0.92,4233.2,5,41.88,96.88,EXCELLENT,0,0,175
FAC-001,FacilityOps Campus,AST-004,HVAC Unit 2,HVAC,Building B,Block B2,2026-01-16 22:00:00,58.5,2.11,5.79,25.55,0.47,4233.68,5,41.92,96.44,EXCELLENT,0,0,160
FAC-001,FacilityOps Campus,AST-004,HVAC Unit 2,HVAC,Building B,Block B2,2026-01-16 23:00:00,59.47,2.22,5.5,24.32,0.5,4234.18,5,41.96,97.58,EXCELLENT,0,0,106
FAC-001,FacilityOps Campus,AST-004,HVAC Unit 2,HVAC,Building B,Block B2,2026-01-17 00:00:00,59.87,2.13,4.98,24.12,0.87,4235.05,5,42.0,95.53,EXCELLENT,0,0,95
FAC-001,FacilityOps Campus,AST-004,HVAC Unit 2,HVAC,Building B,Block B2,2026-01-17 01:00:00,62.13,2.07,5.44,22.52,0.59,4235.64,5,42.04,97.37,EXCELLENT,0,0,168
FAC-001,FacilityOps Campus,AST-004,HVAC Unit 2,HVAC,Building B,Block B2,2026-01-17 02:00:00,56.91,2.31,5.74,13.55,0.92,4236.56,5,42.08,96.63,EXCELLENT,0,0,160
FAC-001,FacilityOps Campus,AST-004,HVAC Unit 2,HVAC,Building B,Block B2,2026-01-17 03:00:00,57.27,2.26,4.99,21.54,0.75,4237.31,5,42.12,95.56,EXCELLENT,0,0,146
FAC-001,FacilityOps Campus,AST-004,HVAC Unit 2,HVAC,Building B,Block B2,2026-01-17 04:00:00,58.89,2.44,5.31,17.27,0.91,4238.22,5,42.17,96.82,EXCELLENT,0,0,136
FAC-001,FacilityOps Campus,AST-004,HVAC Unit 2,HVAC,Building B,Block B2,2026-01-17 05:00:00,57.38,2.3,5.38,19.75,0.45,4238.67,5,42.21,97.12,EXCELLENT,0,0,172
FAC-001,FacilityOps Campus,AST-004,HVAC Unit 2,HVAC,Building B,Block B2,2026-01-17 06:00:00,61.4,2.31,5.64,31.78,0.51,4239.19,5,42.25,97.05,EXCELLENT,0,0,146
FAC-001,FacilityOps Campus,AST-004,HVAC Unit 2,HVAC,Building B,Block B2,2026-01-17 07:00:00,58.35,2.04,5.31,29.23,0.83,4240.01,5,42.29,96.86,EXCELLENT,0,0,93
FAC-001,FacilityOps Campus,AST-004,HVAC Unit 2,HVAC,Building B,Block B2,2026-01-17 08:00:00,55.34,2.15,5.65,43.53,0.44,4240.46,5,42.33,97.01,EXCELLENT,0,0,99
FAC-001,FacilityOps Campus,AST-004,HVAC Unit 2,HVAC,Building B,Block B2,2026-01-17 09:00:00,57.51,2.24,5.41,35.4,0.45,4240.91,5,42.38,97.24,EXCELLENT,0,0,143
FAC-001,FacilityOps Campus,AST-004,HVAC Unit 2,HVAC,Building B,Block B2,2026-01-17 10:00:00,54.63,2.22,5.54,30.5,0.84,4241.75,5,42.42,97.44,EXCELLENT,0,0,102
FAC-001,FacilityOps Campus,AST-004,HVAC Unit 2,HVAC,Building B,Block B2,2026-01-17 11:00:00,58.88,2.06,5.04,41.5,0.57,4242.32,5,42.46,95.75,EXCELLENT,0,0,122
FAC-001,FacilityOps Campus,AST-004,HVAC Unit 2,HVAC,Building B,Block B2,2026-01-17 12:00:00,60.0,2.03,5.09,33.07,0.79,4243.11,5,42.5,95.96,EXCELLENT,0,0,127
FAC-001,FacilityOps Campus,AST-004,HVAC Unit 2,HVAC,Building B,Block B2,2026-01-17 13:00:00,56.72,1.91,5.27,37.28,0.97,4244.08,5,42.54,96.7,EXCELLENT,0,0,93
FAC-001,FacilityOps Campus,AST-004,HVAC Unit 2,HVAC,Building B,Block B2,2026-01-17 14:00:00,60.44,2.39,5.4,40.4,0.59,4244.66,5,42.58,97.2,EXCELLENT,0,0,93
FAC-001,FacilityOps Campus,AST-004,HVAC Unit 2,HVAC,Building B,Block B2,2026-01-17 15:00:00,60.04,2.32,4.91,41.06,0.69,4245.35,5,42.62,95.24,EXCELLENT,0,0,140
FAC-001,FacilityOps Campus,AST-004,HVAC Unit 2,HVAC,Building B,Block B2,2026-01-17 16:00:00,56.53,1.97,5.49,40.77,0.88,4246.23,5,42.67,97.55,EXCELLENT,0,0,105
FAC-001,FacilityOps Campus,AST-004,HVAC Unit 2,HVAC,Building B,Block B2,2026-01-17 17:00:00,54.83,2.36,5.8,37.57,0.42,4246.65,5,42.71,96.4,EXCELLENT,0,0,104
FAC-001,FacilityOps Campus,AST-004,HVAC Unit 2,HVAC,Building B,Block B2,2026-01-17 18:00:00,59.04,1.99,5.05,35.44,0.86,4247.51,5,42.75,95.81,EXCELLENT,0,0,122
FAC-001,FacilityOps Campus,AST-004,HVAC Unit 2,HVAC,Building B,Block B2,2026-01-17 19:00:00,61.62,2.33,5.97,25.81,0.87,4248.38,5,42.79,95.71,EXCELLENT,0,0,165
FAC-001,FacilityOps Campus,AST-004,HVAC Unit 2,HVAC,Building B,Block B2,2026-01-17 20:00:00,54.89,2.35,5.69,19.4,0.4,4248.78,5,42.83,96.85,EXCELLENT,0,0,169
FAC-001,FacilityOps Campus,AST-004,HVAC Unit 2,HVAC,Building B,Block B2,2026-01-17 21:00:00,56.37,2.37,5.37,14.75,0.72,4249.5,5,42.88,97.07,EXCELLENT,0,0,151
FAC-001,FacilityOps Campus,AST-004,HVAC Unit 2,HVAC,Building B,Block B2,2026-01-17 22:00:00,55.05,2.4,5.31,22.62,0.64,4250.14,5,42.92,96.84,EXCELLENT,0,0,172
FAC-001,FacilityOps Campus,AST-004,HVAC Unit 2,HVAC,Building B,Block B2,2026-01-17 23:00:00,57.95,2.12,5.41,20.42,0.43,4250.57,5,42.96,97.22,EXCELLENT,0,0,120
FAC-001,FacilityOps Campus,AST-004,HVAC Unit 2,HVAC,Building B,Block B2,2026-01-18 00:00:00,58.17,2.0,5.9,31.05,0.79,4251.36,5,43.0,96.0,EXCELLENT,0,0,179
FAC-001,FacilityOps Campus,AST-004,HVAC Unit 2,HVAC,Building B,Block B2,2026-01-18 01:00:00,62.24,2.17,5.27,14.94,0.43,4251.79,5,43.04,96.68,EXCELLENT,0,0,126
FAC-001,FacilityOps Campus,AST-004,HVAC Unit 2,HVAC,Building B,Block B2,2026-01-18 02:00:00,54.96,2.0,5.78,30.96,0.96,4252.75,5,43.08,96.47,EXCELLENT,0,0,128
FAC-001,FacilityOps Campus,AST-004,HVAC Unit 2,HVAC,Building B,Block B2,2026-01-18 03:00:00,60.46,2.2,5.56,23.12,0.53,4253.28,5,43.12,97.35,EXCELLENT,0,0,143
FAC-001,FacilityOps Campus,AST-004,HVAC Unit 2,HVAC,Building B,Block B2,2026-01-18 04:00:00,60.6,2.04,5.08,17.71,0.97,4254.25,5,43.17,95.92,EXCELLENT,0,0,94
FAC-001,FacilityOps Campus,AST-004,HVAC Unit 2,HVAC,Building B,Block B2,2026-01-18 05:00:00,57.65,2.35,5.38,22.27,0.96,4255.21,5,43.21,97.14,EXCELLENT,0,0,166
FAC-001,FacilityOps Campus,AST-004,HVAC Unit 2,HVAC,Building B,Block B2,2026-01-18 06:00:00,59.04,1.93,5.27,30.16,0.84,4256.05,5,43.25,96.7,EXCELLENT,0,0,158
FAC-001,FacilityOps Campus,AST-004,HVAC Unit 2,HVAC,Building B,Block B2,2026-01-18 07:00:00,59.5,2.26,6.02,28.03,0.68,4256.73,5,43.29,95.52,EXCELLENT,0,0,118
FAC-001,FacilityOps Campus,AST-004,HVAC Unit 2,HVAC,Building B,Block B2,2026-01-18 08:00:00,60.62,2.29,6.0,33.12,0.49,4257.22,5,43.33,95.58,EXCELLENT,0,0,126
FAC-001,FacilityOps Campus,AST-004,HVAC Unit 2,HVAC,Building B,Block B2,2026-01-18 09:00:00,52.75,2.3,5.36,34.36,0.46,4257.68,5,43.38,97.05,EXCELLENT,0,0,140
FAC-001,FacilityOps Campus,AST-004,HVAC Unit 2,HVAC,Building B,Block B2,2026-01-18 10:00:00,58.58,2.16,6.11,41.99,0.49,4258.17,5,43.42,95.17,EXCELLENT,0,0,129
FAC-001,FacilityOps Campus,AST-004,HVAC Unit 2,HVAC,Building B,Block B2,2026-01-18 11:00:00,57.12,2.08,5.4,41.02,0.88,4259.05,5,43.46,97.2,EXCELLENT,0,0,94
FAC-001,FacilityOps Campus,AST-004,HVAC Unit 2,HVAC,Building B,Block B2,2026-01-18 12:00:00,56.27,2.13,5.29,35.95,0.96,4260.01,5,43.5,96.77,EXCELLENT,0,0,168
FAC-001,FacilityOps Campus,AST-004,HVAC Unit 2,HVAC,Building B,Block B2,2026-01-18 13:00:00,55.78,2.34,5.84,42.32,0.85,4260.86,5,43.54,96.23,EXCELLENT,0,0,166
FAC-001,FacilityOps Campus,AST-004,HVAC Unit 2,HVAC,Building B,Block B2,2026-01-18 14:00:00,58.51,2.46,5.31,45.34,0.97,4261.83,5,43.58,96.83,EXCELLENT,0,0,126
FAC-001,FacilityOps Campus,AST-004,HVAC Unit 2,HVAC,Building B,Block B2,2026-01-18 15:00:00,59.72,2.27,5.48,42.38,0.95,4262.78,5,43.62,97.52,EXCELLENT,0,0,171
FAC-001,FacilityOps Campus,AST-004,HVAC Unit 2,HVAC,Building B,Block B2,2026-01-18 16:00:00,59.2,1.87,4.93,33.63,0.93,4263.71,5,43.67,95.31,EXCELLENT,0,0,142
FAC-001,FacilityOps Campus,AST-004,HVAC Unit 2,HVAC,Building B,Block B2,2026-01-18 17:00:00,57.76,1.95,5.67,31.63,0.47,4264.18,5,43.71,96.92,EXCELLENT,0,0,154
FAC-001,FacilityOps Campus,AST-004,HVAC Unit 2,HVAC,Building B,Block B2,2026-01-18 18:00:00,59.34,2.23,5.75,42.97,0.55,4264.73,5,43.75,96.59,EXCELLENT,0,0,129
FAC-001,FacilityOps Campus,AST-004,HVAC Unit 2,HVAC,Building B,Block B2,2026-01-18 19:00:00,56.96,2.11,5.1,30.6,0.78,4265.51,5,43.79,96.0,EXCELLENT,0,0,105
FAC-001,FacilityOps Campus,AST-004,HVAC Unit 2,HVAC,Building B,Block B2,2026-01-18 20:00:00,58.44,2.42,5.47,15.58,0.97,4266.48,5,43.83,97.49,EXCELLENT,0,0,165
FAC-001,FacilityOps Campus,AST-004,HVAC Unit 2,HVAC,Building B,Block B2,2026-01-18 21:00:00,75.6,3.08,4.69,24.63,0.78,4267.26,5,43.88,62.79,WARNING,1,0,25
FAC-001,FacilityOps Campus,AST-004,HVAC Unit 2,HVAC,Building B,Block B2,2026-01-18 22:00:00,62.58,2.29,5.74,26.8,0.83,4268.09,5,43.92,96.62,EXCELLENT,0,0,153
FAC-001,FacilityOps Campus,AST-004,HVAC Unit 2,HVAC,Building B,Block B2,2026-01-18 23:00:00,53.18,2.25,5.65,18.83,0.58,4268.66,5,43.96,97.02,EXCELLENT,0,0,126
FAC-001,FacilityOps Campus,AST-004,HVAC Unit 2,HVAC,Building B,Block B2,2026-01-19 00:00:00,62.96,1.88,5.55,20.65,0.91,4269.58,5,44.0,97.4,EXCELLENT,0,0,98
FAC-001,FacilityOps Campus,AST-004,HVAC Unit 2,HVAC,Building B,Block B2,2026-01-19 01:00:00,59.38,2.47,5.76,21.79,0.97,4270.55,5,44.04,96.56,EXCELLENT,0,0,179
FAC-001,FacilityOps Campus,AST-004,HVAC Unit 2,HVAC,Building B,Block B2,2026-01-19 02:00:00,58.03,2.31,4.77,27.23,0.84,4271.39,5,44.08,94.66,EXCELLENT,0,0,116
FAC-001,FacilityOps Campus,AST-004,HVAC Unit 2,HVAC,Building B,Block B2,2026-01-19 03:00:00,53.7,1.89,5.3,18.96,0.62,4272.01,5,44.12,96.8,EXCELLENT,0,0,123
FAC-001,FacilityOps Campus,AST-004,HVAC Unit 2,HVAC,Building B,Block B2,2026-01-19 04:00:00,53.61,1.66,5.45,17.55,0.79,4272.8,5,44.17,97.4,EXCELLENT,0,0,102
FAC-001,FacilityOps Campus,AST-004,HVAC Unit 2,HVAC,Building B,Block B2,2026-01-19 05:00:00,57.09,1.82,5.62,17.37,1.0,4273.8,5,44.21,97.14,EXCELLENT,0,0,172
FAC-001,FacilityOps Campus,AST-004,HVAC Unit 2,HVAC,Building B,Block B2,2026-01-19 06:00:00,58.15,1.99,5.52,18.14,0.45,4274.25,5,44.25,97.51,EXCELLENT,0,0,110
FAC-001,FacilityOps Campus,AST-004,HVAC Unit 2,HVAC,Building B,Block B2,2026-01-19 07:00:00,61.63,2.2,5.59,30.18,0.56,4274.81,5,44.29,97.22,EXCELLENT,0,0,163
FAC-001,FacilityOps Campus,AST-004,HVAC Unit 2,HVAC,Building B,Block B2,2026-01-19 08:00:00,56.14,1.94,5.65,47.26,0.94,4275.74,5,44.33,96.99,EXCELLENT,0,0,113
FAC-001,FacilityOps Campus,AST-004,HVAC Unit 2,HVAC,Building B,Block B2,2026-01-19 09:00:00,58.59,2.53,5.54,35.06,0.8,4276.54,5,44.38,97.43,EXCELLENT,0,0,102
FAC-001,FacilityOps Campus,AST-004,HVAC Unit 2,HVAC,Building B,Block B2,2026-01-19 10:00:00,58.25,2.1,5.22,45.31,0.91,4277.45,5,44.42,96.49,EXCELLENT,0,0,92
FAC-001,FacilityOps Campus,AST-004,HVAC Unit 2,HVAC,Building B,Block B2,2026-01-19 11:00:00,59.6,2.63,5.44,45.98,0.51,4277.97,5,44.46,95.39,EXCELLENT,0,0,96
FAC-001,FacilityOps Campus,AST-004,HVAC Unit 2,HVAC,Building B,Block B2,2026-01-19 12:00:00,56.43,1.96,5.52,32.35,0.7,4278.66,5,44.5,97.52,EXCELLENT,0,0,99
FAC-001,FacilityOps Campus,AST-004,HVAC Unit 2,HVAC,Building B,Block B2,2026-01-19 13:00:00,102.4,3.86,6.34,46.13,0.84,4279.51,5,44.54,0.49,CRITICAL,1,1,6
FAC-001,FacilityOps Campus,AST-004,HVAC Unit 2,HVAC,Building B,Block B2,2026-01-19 14:00:00,51.69,2.32,5.36,41.14,0.43,4279.94,5,44.58,97.05,EXCELLENT,0,0,148
FAC-001,FacilityOps Campus,AST-004,HVAC Unit 2,HVAC,Building B,Block B2,2026-01-19 15:00:00,55.76,2.5,5.77,47.29,0.55,4280.49,5,44.62,96.5,EXCELLENT,0,0,104
FAC-001,FacilityOps Campus,AST-004,HVAC Unit 2,HVAC,Building B,Block B2,2026-01-19 16:00:00,56.08,2.56,5.4,36.43,0.67,4281.16,5,44.67,96.57,EXCELLENT,0,0,173
FAC-001,FacilityOps Campus,AST-004,HVAC Unit 2,HVAC,Building B,Block B2,2026-01-19 17:00:00,60.38,2.12,5.34,38.62,0.67,4281.83,5,44.71,96.98,EXCELLENT,0,0,144
FAC-001,FacilityOps Campus,AST-004,HVAC Unit 2,HVAC,Building B,Block B2,2026-01-19 18:00:00,59.37,2.27,5.65,33.92,0.84,4282.67,5,44.75,96.98,EXCELLENT,0,0,138
FAC-001,FacilityOps Campus,AST-004,HVAC Unit 2,HVAC,Building B,Block B2,2026-01-19 19:00:00,58.72,2.65,5.47,24.42,0.87,4283.54,5,44.79,95.0,EXCELLENT,0,0,97
FAC-001,FacilityOps Campus,AST-004,HVAC Unit 2,HVAC,Building B,Block B2,2026-01-19 20:00:00,59.47,2.37,5.38,27.78,0.84,4284.37,5,44.83,97.13,EXCELLENT,0,0,164
FAC-001,FacilityOps Campus,AST-004,HVAC Unit 2,HVAC,Building B,Block B2,2026-01-19 21:00:00,57.19,2.38,5.55,28.46,0.64,4285.01,5,44.88,97.4,EXCELLENT,0,0,152
FAC-001,FacilityOps Campus,AST-004,HVAC Unit 2,HVAC,Building B,Block B2,2026-01-19 22:00:00,57.84,2.43,6.25,21.61,0.66,4285.67,5,44.92,94.58,EXCELLENT,0,0,138
FAC-001,FacilityOps Campus,AST-004,HVAC Unit 2,HVAC,Building B,Block B2,2026-01-19 23:00:00,56.91,2.39,5.85,24.82,0.72,4286.39,5,44.96,96.22,EXCELLENT,0,0,152
FAC-001,FacilityOps Campus,AST-004,HVAC Unit 2,HVAC,Building B,Block B2,2026-01-20 00:00:00,58.95,2.4,5.62,23.8,0.94,4287.32,5,45.0,97.12,EXCELLENT,0,0,149
FAC-001,FacilityOps Campus,AST-004,HVAC Unit 2,HVAC,Building B,Block B2,2026-01-20 01:00:00,57.91,2.29,5.36,30.99,0.62,4287.94,5,45.04,97.04,EXCELLENT,0,0,108
FAC-001,FacilityOps Campus,AST-004,HVAC Unit 2,HVAC,Building B,Block B2,2026-01-20 02:00:00,56.27,1.98,5.31,23.71,0.47,4288.41,5,45.08,96.83,EXCELLENT,0,0,175
FAC-001,FacilityOps Campus,AST-004,HVAC Unit 2,HVAC,Building B,Block B2,2026-01-20 03:00:00,58.78,2.54,5.24,22.13,0.59,4289.0,5,45.12,96.26,EXCELLENT,0,0,142
FAC-001,FacilityOps Campus,AST-004,HVAC Unit 2,HVAC,Building B,Block B2,2026-01-20 04:00:00,60.41,2.31,5.24,19.02,0.93,4289.93,5,45.17,96.57,EXCELLENT,0,0,161
FAC-001,FacilityOps Campus,AST-004,HVAC Unit 2,HVAC,Building B,Block B2,2026-01-20 05:00:00,63.08,1.93,5.5,13.9,0.96,4290.89,5,45.21,97.59,EXCELLENT,0,0,133
FAC-001,FacilityOps Campus,AST-004,HVAC Unit 2,HVAC,Building B,Block B2,2026-01-20 06:00:00,56.71,2.15,6.26,25.29,0.4,4291.29,5,45.25,94.58,EXCELLENT,0,0,125
FAC-001,FacilityOps Campus,AST-004,HVAC Unit 2,HVAC,Building B,Block B2,2026-01-20 07:00:00,55.41,1.96,5.69,22.64,0.78,4292.07,5,45.29,96.84,EXCELLENT,0,0,152
FAC-001,FacilityOps Campus,AST-004,HVAC Unit 2,HVAC,Building B,Block B2,2026-01-20 08:00:00,57.29,1.7,5.24,37.61,0.52,4292.59,5,45.33,96.56,EXCELLENT,0,0,170
FAC-001,FacilityOps Campus,AST-004,HVAC Unit 2,HVAC,Building B,Block B2,2026-01-20 09:00:00,57.64,2.46,5.46,36.21,0.51,4293.09,5,45.38,97.43,EXCELLENT,0,0,98
FAC-001,FacilityOps Campus,AST-004,HVAC Unit 2,HVAC,Building B,Block B2,2026-01-20 10:00:00,63.32,2.01,5.15,46.02,0.68,4293.77,5,45.42,96.18,EXCELLENT,0,0,121
FAC-001,FacilityOps Campus,AST-004,HVAC Unit 2,HVAC,Building B,Block B2,2026-01-20 11:00:00,60.71,2.25,5.6,34.84,0.87,4294.64,5,45.46,97.2,EXCELLENT,0,0,137
FAC-001,FacilityOps Campus,AST-004,HVAC Unit 2,HVAC,Building B,Block B2,2026-01-20 12:00:00,57.82,1.94,5.67,41.88,0.51,4295.15,5,45.5,96.9,EXCELLENT,0,0,121
FAC-001,FacilityOps Campus,AST-004,HVAC Unit 2,HVAC,Building B,Block B2,2026-01-20 13:00:00,57.64,2.19,5.37,45.33,0.8,4295.95,5,45.54,97.1,EXCELLENT,0,0,176
FAC-001,FacilityOps Campus,AST-004,HVAC Unit 2,HVAC,Building B,Block B2,2026-01-20 14:00:00,60.53,2.29,5.03,32.18,0.41,4296.36,5,45.58,95.71,EXCELLENT,0,0,126
FAC-001,FacilityOps Campus,AST-004,HVAC Unit 2,HVAC,Building B,Block B2,2026-01-20 15:00:00,61.41,2.03,5.53,31.47,0.84,4297.2,5,45.62,97.49,EXCELLENT,0,0,93
FAC-001,FacilityOps Campus,AST-004,HVAC Unit 2,HVAC,Building B,Block B2,2026-01-20 16:00:00,55.19,2.03,5.29,44.23,0.83,4298.03,5,45.67,96.77,EXCELLENT,0,0,133
FAC-001,FacilityOps Campus,AST-004,HVAC Unit 2,HVAC,Building B,Block B2,2026-01-20 17:00:00,60.69,2.3,5.51,34.14,0.74,4298.76,5,45.71,97.57,EXCELLENT,0,0,147
FAC-001,FacilityOps Campus,AST-004,HVAC Unit 2,HVAC,Building B,Block B2,2026-01-20 18:00:00,57.72,2.26,5.55,35.88,0.69,4299.46,5,45.75,97.41,EXCELLENT,0,0,103
FAC-001,FacilityOps Campus,AST-004,HVAC Unit 2,HVAC,Building B,Block B2,2026-01-20 19:00:00,56.31,2.37,5.32,28.2,0.79,4300.24,5,45.79,96.89,EXCELLENT,0,0,174
FAC-001,FacilityOps Campus,AST-004,HVAC Unit 2,HVAC,Building B,Block B2,2026-01-20 20:00:00,59.79,1.74,5.29,27.33,0.62,4300.86,5,45.83,96.75,EXCELLENT,0,0,176
FAC-001,FacilityOps Campus,AST-004,HVAC Unit 2,HVAC,Building B,Block B2,2026-01-20 21:00:00,55.01,2.78,4.86,29.58,0.48,4301.34,5,45.88,89.9,EXCELLENT,0,0,142
FAC-001,FacilityOps Campus,AST-004,HVAC Unit 2,HVAC,Building B,Block B2,2026-01-20 22:00:00,58.09,2.53,5.21,17.97,0.53,4301.87,5,45.92,96.41,EXCELLENT,0,0,150
FAC-001,FacilityOps Campus,AST-004,HVAC Unit 2,HVAC,Building B,Block B2,2026-01-20 23:00:00,60.88,2.27,5.27,15.66,0.48,4302.36,5,45.96,96.69,EXCELLENT,0,0,91
FAC-001,FacilityOps Campus,AST-004,HVAC Unit 2,HVAC,Building B,Block B2,2026-01-21 00:00:00,56.09,2.01,5.74,20.31,0.63,4302.99,5,46.0,96.62,EXCELLENT,0,0,151
FAC-001,FacilityOps Campus,AST-004,HVAC Unit 2,HVAC,Building B,Block B2,2026-01-21 01:00:00,58.29,2.13,4.87,21.6,0.75,4303.73,5,46.04,95.09,EXCELLENT,0,0,108
FAC-001,FacilityOps Campus,AST-004,HVAC Unit 2,HVAC,Building B,Block B2,2026-01-21 02:00:00,55.29,2.39,5.65,24.86,0.54,4304.27,5,46.08,96.98,EXCELLENT,0,0,140
FAC-001,FacilityOps Campus,AST-004,HVAC Unit 2,HVAC,Building B,Block B2,2026-01-21 03:00:00,59.73,2.41,5.14,24.81,0.59,4304.86,5,46.12,96.15,EXCELLENT,0,0,150
FAC-001,FacilityOps Campus,AST-004,HVAC Unit 2,HVAC,Building B,Block B2,2026-01-21 04:00:00,56.67,2.45,5.95,16.75,0.78,4305.64,5,46.17,95.8,EXCELLENT,0,0,161
FAC-001,FacilityOps Campus,AST-004,HVAC Unit 2,HVAC,Building B,Block B2,2026-01-21 05:00:00,53.75,2.44,5.67,23.27,0.49,4306.12,5,46.21,96.91,EXCELLENT,0,0,104
FAC-001,FacilityOps Campus,AST-004,HVAC Unit 2,HVAC,Building B,Block B2,2026-01-21 06:00:00,61.8,2.36,5.79,18.03,0.84,4306.96,5,46.25,96.42,EXCELLENT,0,0,166
FAC-001,FacilityOps Campus,AST-004,HVAC Unit 2,HVAC,Building B,Block B2,2026-01-21 07:00:00,55.54,2.12,5.67,14.01,0.76,4307.72,5,46.29,96.92,EXCELLENT,0,0,164
FAC-001,FacilityOps Campus,AST-004,HVAC Unit 2,HVAC,Building B,Block B2,2026-01-21 08:00:00,56.21,2.17,5.32,41.21,0.58,4308.3,5,46.33,96.87,EXCELLENT,0,0,141
FAC-001,FacilityOps Campus,AST-004,HVAC Unit 2,HVAC,Building B,Block B2,2026-01-21 09:00:00,55.33,2.53,5.98,32.98,0.98,4309.28,5,46.38,95.61,EXCELLENT,0,0,177
FAC-001,FacilityOps Campus,AST-004,HVAC Unit 2,HVAC,Building B,Block B2,2026-01-21 10:00:00,55.35,1.93,5.63,37.29,0.6,4309.88,5,46.42,97.06,EXCELLENT,0,0,178
FAC-001,FacilityOps Campus,AST-004,HVAC Unit 2,HVAC,Building B,Block B2,2026-01-21 11:00:00,56.78,2.08,6.11,38.04,0.45,4310.33,5,46.46,95.16,EXCELLENT,0,0,130
FAC-001,FacilityOps Campus,AST-004,HVAC Unit 2,HVAC,Building B,Block B2,2026-01-21 12:00:00,55.3,2.32,5.3,37.08,0.48,4310.81,5,46.5,96.8,EXCELLENT,0,0,161
FAC-001,FacilityOps Campus,AST-004,HVAC Unit 2,HVAC,Building B,Block B2,2026-01-21 13:00:00,79.14,2.87,4.9,46.33,0.58,4311.38,5,46.54,61.89,WARNING,1,1,26
FAC-001,FacilityOps Campus,AST-004,HVAC Unit 2,HVAC,Building B,Block B2,2026-01-21 14:00:00,57.85,2.12,5.74,37.81,0.63,4312.01,5,46.58,96.64,EXCELLENT,0,0,170
FAC-001,FacilityOps Campus,AST-004,HVAC Unit 2,HVAC,Building B,Block B2,2026-01-21 15:00:00,55.57,2.13,5.67,44.57,0.96,4312.97,5,46.62,96.94,EXCELLENT,0,0,152
FAC-001,FacilityOps Campus,AST-004,HVAC Unit 2,HVAC,Building B,Block B2,2026-01-21 16:00:00,59.08,2.0,5.38,50.13,0.75,4313.71,5,46.67,95.58,EXCELLENT,0,0,134
FAC-001,FacilityOps Campus,AST-004,HVAC Unit 2,HVAC,Building B,Block B2,2026-01-21 17:00:00,64.68,2.06,5.34,38.76,0.41,4314.13,5,46.71,95.42,EXCELLENT,0,0,102
FAC-001,FacilityOps Campus,AST-004,HVAC Unit 2,HVAC,Building B,Block B2,2026-01-21 18:00:00,57.69,2.36,5.35,26.27,0.82,4314.95,5,46.75,96.99,EXCELLENT,0,0,122
FAC-001,FacilityOps Campus,AST-004,HVAC Unit 2,HVAC,Building B,Block B2,2026-01-21 19:00:00,54.58,2.19,5.49,17.87,0.65,4315.59,5,46.79,97.57,EXCELLENT,0,0,111
FAC-001,FacilityOps Campus,AST-004,HVAC Unit 2,HVAC,Building B,Block B2,2026-01-21 20:00:00,53.59,2.33,5.59,19.37,0.68,4316.28,5,46.83,97.25,EXCELLENT,0,0,158
FAC-001,FacilityOps Campus,AST-004,HVAC Unit 2,HVAC,Building B,Block B2,2026-01-21 21:00:00,61.05,2.26,5.59,23.17,0.7,4316.98,5,46.88,97.23,EXCELLENT,0,0,136
FAC-001,FacilityOps Campus,AST-004,HVAC Unit 2,HVAC,Building B,Block B2,2026-01-21 22:00:00,57.38,2.41,5.71,21.84,0.97,4317.95,5,46.92,96.76,EXCELLENT,0,0,111
FAC-001,FacilityOps Campus,AST-004,HVAC Unit 2,HVAC,Building B,Block B2,2026-01-21 23:00:00,62.9,1.81,5.48,27.81,0.53,4318.48,5,46.96,97.52,EXCELLENT,0,0,155
FAC-001,FacilityOps Campus,AST-004,HVAC Unit 2,HVAC,Building B,Block B2,2026-01-22 00:00:00,57.38,1.88,5.77,17.55,0.99,4319.47,5,47.0,96.53,EXCELLENT,0,0,125
FAC-001,FacilityOps Campus,AST-004,HVAC Unit 2,HVAC,Building B,Block B2,2026-01-22 01:00:00,60.32,2.18,5.8,26.7,0.77,4320.24,5,47.04,96.42,EXCELLENT,0,0,168
FAC-001,FacilityOps Campus,AST-004,HVAC Unit 2,HVAC,Building B,Block B2,2026-01-22 02:00:00,57.82,2.44,5.4,15.71,0.47,4320.7,5,47.08,97.18,EXCELLENT,0,0,162
FAC-001,FacilityOps Campus,AST-004,HVAC Unit 2,HVAC,Building B,Block B2,2026-01-22 03:00:00,57.9,2.28,5.36,24.55,0.98,4321.69,5,47.12,97.04,EXCELLENT,0,0,147
FAC-001,FacilityOps Campus,AST-004,HVAC Unit 2,HVAC,Building B,Block B2,2026-01-22 04:00:00,59.74,1.96,6.15,19.67,0.67,4322.36,5,47.17,95.0,EXCELLENT,0,0,93
FAC-001,FacilityOps Campus,AST-004,HVAC Unit 2,HVAC,Building B,Block B2,2026-01-22 05:00:00,57.43,1.92,5.85,16.54,0.45,4322.82,5,47.21,96.21,EXCELLENT,0,0,119
FAC-001,FacilityOps Campus,AST-004,HVAC Unit 2,HVAC,Building B,Block B2,2026-01-22 06:00:00,56.48,2.44,5.42,16.83,0.72,4323.54,5,47.25,97.27,EXCELLENT,0,0,110
FAC-001,FacilityOps Campus,AST-004,HVAC Unit 2,HVAC,Building B,Block B2,2026-01-22 07:00:00,74.97,2.88,4.63,31.8,0.85,4324.39,5,47.29,67.78,WARNING,1,0,12
FAC-001,FacilityOps Campus,AST-004,HVAC Unit 2,HVAC,Building B,Block B2,2026-01-22 08:00:00,53.26,1.96,5.5,45.81,0.63,4325.01,5,47.33,97.59,EXCELLENT,0,0,104
FAC-001,FacilityOps Campus,AST-004,HVAC Unit 2,HVAC,Building B,Block B2,2026-01-22 09:00:00,62.56,2.02,5.52,43.85,0.56,4325.57,5,47.38,97.53,EXCELLENT,0,0,132
FAC-001,FacilityOps Campus,AST-004,HVAC Unit 2,HVAC,Building B,Block B2,2026-01-22 10:00:00,57.05,2.24,5.76,34.55,0.79,4326.36,5,47.42,96.55,EXCELLENT,0,0,163
FAC-001,FacilityOps Campus,AST-004,HVAC Unit 2,HVAC,Building B,Block B2,2026-01-22 11:00:00,58.35,2.65,5.29,42.63,0.87,4327.24,5,47.46,94.22,EXCELLENT,0,0,156
FAC-001,FacilityOps Campus,AST-004,HVAC Unit 2,HVAC,Building B,Block B2,2026-01-22 12:00:00,56.63,2.02,5.3,33.93,0.91,4328.14,5,47.5,96.78,EXCELLENT,0,0,141
FAC-001,FacilityOps Campus,AST-004,HVAC Unit 2,HVAC,Building B,Block B2,2026-01-22 13:00:00,60.25,2.25,5.46,41.88,0.66,4328.8,5,47.54,97.46,EXCELLENT,0,0,156
FAC-001,FacilityOps Campus,AST-004,HVAC Unit 2,HVAC,Building B,Block B2,2026-01-22 14:00:00,59.63,2.5,5.41,42.22,0.95,4329.76,5,47.58,97.23,EXCELLENT,0,0,164
FAC-001,FacilityOps Campus,AST-004,HVAC Unit 2,HVAC,Building B,Block B2,2026-01-22 15:00:00,63.18,2.52,5.13,41.22,0.81,4330.57,5,47.62,96.13,EXCELLENT,0,0,179
FAC-001,FacilityOps Campus,AST-004,HVAC Unit 2,HVAC,Building B,Block B2,2026-01-22 16:00:00,61.3,2.38,5.43,39.27,0.98,4331.55,5,47.67,97.32,EXCELLENT,0,0,162
FAC-001,FacilityOps Campus,AST-004,HVAC Unit 2,HVAC,Building B,Block B2,2026-01-22 17:00:00,57.51,2.39,5.35,37.95,0.43,4331.97,5,47.71,97.02,EXCELLENT,0,0,132
FAC-001,FacilityOps Campus,AST-004,HVAC Unit 2,HVAC,Building B,Block B2,2026-01-22 18:00:00,59.03,1.94,5.4,40.15,0.72,4332.7,5,47.75,97.21,EXCELLENT,0,0,131
FAC-001,FacilityOps Campus,AST-004,HVAC Unit 2,HVAC,Building B,Block B2,2026-01-22 19:00:00,56.13,2.21,5.19,18.22,0.43,4333.13,5,47.79,96.38,EXCELLENT,0,0,139
FAC-001,FacilityOps Campus,AST-004,HVAC Unit 2,HVAC,Building B,Block B2,2026-01-22 20:00:00,61.47,2.63,5.47,28.26,0.54,4333.66,5,47.83,95.48,EXCELLENT,0,0,152
FAC-001,FacilityOps Campus,AST-004,HVAC Unit 2,HVAC,Building B,Block B2,2026-01-22 21:00:00,60.38,2.16,5.59,24.22,0.91,4334.58,5,47.88,97.24,EXCELLENT,0,0,110
FAC-001,FacilityOps Campus,AST-004,HVAC Unit 2,HVAC,Building B,Block B2,2026-01-22 22:00:00,56.14,2.49,5.24,23.84,0.96,4335.54,5,47.92,96.55,EXCELLENT,0,0,126
FAC-001,FacilityOps Campus,AST-004,HVAC Unit 2,HVAC,Building B,Block B2,2026-01-22 23:00:00,58.31,2.15,5.68,16.11,0.66,4336.2,5,47.96,96.88,EXCELLENT,0,0,178
FAC-001,FacilityOps Campus,AST-004,HVAC Unit 2,HVAC,Building B,Block B2,2026-01-23 00:00:00,59.49,2.25,5.82,22.31,0.92,4337.12,5,48.0,96.33,EXCELLENT,0,0,137
FAC-001,FacilityOps Campus,AST-004,HVAC Unit 2,HVAC,Building B,Block B2,2026-01-23 01:00:00,59.11,2.08,5.8,24.61,0.88,4338.0,5,48.04,96.42,EXCELLENT,0,0,116
FAC-001,FacilityOps Campus,AST-004,HVAC Unit 2,HVAC,Building B,Block B2,2026-01-23 02:00:00,56.32,2.21,5.44,28.79,0.77,4338.77,5,48.08,97.36,EXCELLENT,0,0,152
FAC-001,FacilityOps Campus,AST-004,HVAC Unit 2,HVAC,Building B,Block B2,2026-01-23 03:00:00,60.27,2.57,5.41,23.9,0.44,4339.21,5,48.12,96.36,EXCELLENT,0,0,139
FAC-001,FacilityOps Campus,AST-004,HVAC Unit 2,HVAC,Building B,Block B2,2026-01-23 04:00:00,59.93,2.09,5.12,28.28,0.8,4340.01,5,48.17,96.09,EXCELLENT,0,0,111
FAC-001,FacilityOps Campus,AST-004,HVAC Unit 2,HVAC,Building B,Block B2,2026-01-23 05:00:00,56.19,2.2,5.37,18.42,0.89,4340.9,5,48.21,97.09,EXCELLENT,0,0,95
FAC-001,FacilityOps Campus,AST-004,HVAC Unit 2,HVAC,Building B,Block B2,2026-01-23 06:00:00,61.16,2.88,5.22,21.01,0.96,4341.86,5,48.25,89.28,EXCELLENT,0,0,111
FAC-001,FacilityOps Campus,AST-004,HVAC Unit 2,HVAC,Building B,Block B2,2026-01-23 07:00:00,56.29,2.52,5.68,26.64,0.98,4342.84,5,48.29,96.88,EXCELLENT,0,0,173
FAC-001,FacilityOps Campus,AST-004,HVAC Unit 2,HVAC,Building B,Block B2,2026-01-23 08:00:00,58.05,1.84,5.71,36.21,0.79,4343.63,5,48.33,96.76,EXCELLENT,0,0,132
FAC-001,FacilityOps Campus,AST-004,HVAC Unit 2,HVAC,Building B,Block B2,2026-01-23 09:00:00,62.89,1.89,5.47,38.57,0.99,4344.62,5,48.38,97.49,EXCELLENT,0,0,128
FAC-001,FacilityOps Campus,AST-004,HVAC Unit 2,HVAC,Building B,Block B2,2026-01-23 10:00:00,57.14,2.3,5.38,37.29,0.5,4345.12,5,48.42,97.11,EXCELLENT,0,0,113
FAC-001,FacilityOps Campus,AST-004,HVAC Unit 2,HVAC,Building B,Block B2,2026-01-23 11:00:00,56.75,2.03,5.31,37.77,0.75,4345.87,5,48.46,96.86,EXCELLENT,0,0,180
FAC-001,FacilityOps Campus,AST-004,HVAC Unit 2,HVAC,Building B,Block B2,2026-01-23 12:00:00,56.44,2.19,5.28,33.95,0.74,4346.61,5,48.5,96.7,EXCELLENT,0,0,167
FAC-001,FacilityOps Campus,AST-004,HVAC Unit 2,HVAC,Building B,Block B2,2026-01-23 13:00:00,60.72,1.97,5.14,45.75,0.8,4347.41,5,48.54,96.16,EXCELLENT,0,0,119
FAC-001,FacilityOps Campus,AST-004,HVAC Unit 2,HVAC,Building B,Block B2,2026-01-23 14:00:00,54.29,2.24,5.52,38.47,0.85,4348.26,5,48.58,97.51,EXCELLENT,0,0,147
FAC-001,FacilityOps Campus,AST-004,HVAC Unit 2,HVAC,Building B,Block B2,2026-01-23 15:00:00,58.53,2.26,5.72,39.1,0.82,4349.08,5,48.62,96.71,EXCELLENT,0,0,111
FAC-001,FacilityOps Campus,AST-004,HVAC Unit 2,HVAC,Building B,Block B2,2026-01-23 16:00:00,52.43,2.57,5.41,38.39,0.87,4349.96,5,48.67,96.45,EXCELLENT,0,0,179
FAC-001,FacilityOps Campus,AST-004,HVAC Unit 2,HVAC,Building B,Block B2,2026-01-23 17:00:00,59.96,1.78,5.53,46.33,0.57,4350.52,5,48.71,97.47,EXCELLENT,0,0,174
FAC-001,FacilityOps Campus,AST-004,HVAC Unit 2,HVAC,Building B,Block B2,2026-01-23 18:00:00,59.62,2.39,5.0,49.31,0.95,4351.47,5,48.75,94.75,EXCELLENT,0,0,164
FAC-001,FacilityOps Campus,AST-004,HVAC Unit 2,HVAC,Building B,Block B2,2026-01-23 19:00:00,57.08,2.1,5.66,22.68,0.72,4352.19,5,48.79,96.95,EXCELLENT,0,0,133
FAC-001,FacilityOps Campus,AST-004,HVAC Unit 2,HVAC,Building B,Block B2,2026-01-23 20:00:00,59.64,2.45,5.52,24.74,0.61,4352.8,5,48.83,97.5,EXCELLENT,0,0,172
FAC-001,FacilityOps Campus,AST-004,HVAC Unit 2,HVAC,Building B,Block B2,2026-01-23 21:00:00,57.05,2.47,5.55,24.1,0.75,4353.55,5,48.88,97.39,EXCELLENT,0,0,125
FAC-001,FacilityOps Campus,AST-004,HVAC Unit 2,HVAC,Building B,Block B2,2026-01-23 22:00:00,81.4,2.71,5.6,28.23,0.56,4354.1,5,48.92,63.23,WARNING,1,1,25
FAC-001,FacilityOps Campus,AST-004,HVAC Unit 2,HVAC,Building B,Block B2,2026-01-23 23:00:00,60.49,2.15,5.17,16.59,0.88,4354.99,5,48.96,96.29,EXCELLENT,0,0,168
FAC-001,FacilityOps Campus,AST-004,HVAC Unit 2,HVAC,Building B,Block B2,2026-01-24 00:00:00,56.59,2.31,5.87,14.48,0.86,4355.85,5,49.0,96.1,EXCELLENT,0,0,106
FAC-001,FacilityOps Campus,AST-004,HVAC Unit 2,HVAC,Building B,Block B2,2026-01-24 01:00:00,59.56,2.16,5.39,14.19,0.67,4356.52,5,49.04,97.17,EXCELLENT,0,0,139
FAC-001,FacilityOps Campus,AST-004,HVAC Unit 2,HVAC,Building B,Block B2,2026-01-24 02:00:00,58.93,2.33,5.11,22.33,0.72,4357.24,5,49.08,96.05,EXCELLENT,0,0,127
FAC-001,FacilityOps Campus,AST-004,HVAC Unit 2,HVAC,Building B,Block B2,2026-01-24 03:00:00,57.54,2.06,5.53,17.8,0.42,4357.66,5,49.12,97.47,EXCELLENT,0,0,103
FAC-001,FacilityOps Campus,AST-004,HVAC Unit 2,HVAC,Building B,Block B2,2026-01-24 04:00:00,56.49,2.14,5.28,29.76,0.42,4358.07,5,49.17,96.71,EXCELLENT,0,0,171
FAC-001,FacilityOps Campus,AST-004,HVAC Unit 2,HVAC,Building B,Block B2,2026-01-24 05:00:00,60.39,2.12,5.16,18.89,0.78,4358.85,5,49.21,96.24,EXCELLENT,0,0,105
FAC-001,FacilityOps Campus,AST-004,HVAC Unit 2,HVAC,Building B,Block B2,2026-01-24 06:00:00,58.14,2.29,5.55,29.48,0.89,4359.73,5,49.25,97.41,EXCELLENT,0,0,104
FAC-001,FacilityOps Campus,AST-004,HVAC Unit 2,HVAC,Building B,Block B2,2026-01-24 07:00:00,55.34,1.79,6.12,16.91,0.92,4360.65,5,49.29,95.11,EXCELLENT,0,0,143
FAC-001,FacilityOps Campus,AST-004,HVAC Unit 2,HVAC,Building B,Block B2,2026-01-24 08:00:00,61.54,2.21,5.91,44.08,0.54,4361.19,5,49.33,95.96,EXCELLENT,0,0,109
FAC-001,FacilityOps Campus,AST-004,HVAC Unit 2,HVAC,Building B,Block B2,2026-01-24 09:00:00,57.53,2.21,6.11,48.3,0.97,4362.16,5,49.38,95.17,EXCELLENT,0,0,161
FAC-001,FacilityOps Campus,AST-004,HVAC Unit 2,HVAC,Building B,Block B2,2026-01-24 10:00:00,58.7,2.34,5.3,37.24,0.53,4362.69,5,49.42,96.79,EXCELLENT,0,0,176
FAC-001,FacilityOps Campus,AST-004,HVAC Unit 2,HVAC,Building B,Block B2,2026-01-24 11:00:00,60.5,2.83,5.43,42.38,0.76,4363.45,5,49.46,91.2,EXCELLENT,0,0,111
FAC-001,FacilityOps Campus,AST-004,HVAC Unit 2,HVAC,Building B,Block B2,2026-01-24 12:00:00,57.16,2.18,5.02,35.78,0.97,4364.43,5,49.5,95.67,EXCELLENT,0,0,173
FAC-001,FacilityOps Campus,AST-004,HVAC Unit 2,HVAC,Building B,Block B2,2026-01-24 13:00:00,54.25,2.22,5.43,38.94,0.82,4365.25,5,49.54,97.32,EXCELLENT,0,0,151
FAC-001,FacilityOps Campus,AST-004,HVAC Unit 2,HVAC,Building B,Block B2,2026-01-24 14:00:00,60.43,2.12,5.8,42.78,0.55,4365.81,5,49.58,96.39,EXCELLENT,0,0,168
FAC-001,FacilityOps Campus,AST-004,HVAC Unit 2,HVAC,Building B,Block B2,2026-01-24 15:00:00,60.99,2.18,5.12,38.64,0.84,4366.64,5,49.62,96.1,EXCELLENT,0,0,132
FAC-001,FacilityOps Campus,AST-004,HVAC Unit 2,HVAC,Building B,Block B2,2026-01-24 16:00:00,61.55,2.62,5.2,39.8,0.7,4367.34,5,49.67,94.55,EXCELLENT,0,0,159
FAC-001,FacilityOps Campus,AST-004,HVAC Unit 2,HVAC,Building B,Block B2,2026-01-24 17:00:00,60.38,2.18,5.88,40.27,0.59,4367.92,5,49.71,96.08,EXCELLENT,0,0,126
FAC-001,FacilityOps Campus,AST-004,HVAC Unit 2,HVAC,Building B,Block B2,2026-01-24 18:00:00,58.58,2.42,5.44,42.69,0.48,4368.41,5,49.75,97.36,EXCELLENT,0,0,107
FAC-001,FacilityOps Campus,AST-004,HVAC Unit 2,HVAC,Building B,Block B2,2026-01-24 19:00:00,56.15,2.32,5.88,22.99,0.97,4369.38,5,49.79,96.06,EXCELLENT,0,0,168
FAC-001,FacilityOps Campus,AST-004,HVAC Unit 2,HVAC,Building B,Block B2,2026-01-24 20:00:00,55.0,2.14,5.62,17.86,0.43,4369.81,5,49.83,97.13,EXCELLENT,0,0,175
FAC-001,FacilityOps Campus,AST-004,HVAC Unit 2,HVAC,Building B,Block B2,2026-01-24 21:00:00,60.7,1.76,5.28,26.33,0.72,4370.53,5,49.88,96.74,EXCELLENT,0,0,169
FAC-001,FacilityOps Campus,AST-004,HVAC Unit 2,HVAC,Building B,Block B2,2026-01-24 22:00:00,59.4,2.12,6.33,19.23,0.94,4371.47,5,49.92,94.26,EXCELLENT,0,0,120
FAC-001,FacilityOps Campus,AST-004,HVAC Unit 2,HVAC,Building B,Block B2,2026-01-24 23:00:00,58.12,2.03,5.21,17.06,0.55,4372.01,5,49.96,96.46,EXCELLENT,0,0,171
FAC-001,FacilityOps Campus,AST-004,HVAC Unit 2,HVAC,Building B,Block B2,2026-01-25 00:00:00,57.58,2.18,5.44,15.6,0.89,4372.9,5,50.0,97.35,EXCELLENT,0,0,178
FAC-001,FacilityOps Campus,AST-004,HVAC Unit 2,HVAC,Building B,Block B2,2026-01-25 01:00:00,57.72,2.19,5.29,16.91,0.96,4373.86,5,50.04,96.77,EXCELLENT,0,0,108
FAC-001,FacilityOps Campus,AST-004,HVAC Unit 2,HVAC,Building B,Block B2,2026-01-25 02:00:00,57.65,2.23,5.32,11.16,0.94,4374.79,5,50.08,96.86,EXCELLENT,0,0,171
FAC-001,FacilityOps Campus,AST-004,HVAC Unit 2,HVAC,Building B,Block B2,2026-01-25 03:00:00,60.57,2.51,5.26,28.64,1.0,4375.79,5,50.12,96.64,EXCELLENT,0,0,156
FAC-001,FacilityOps Campus,AST-004,HVAC Unit 2,HVAC,Building B,Block B2,2026-01-25 04:00:00,58.4,2.3,5.16,14.13,0.99,4376.78,5,50.17,96.23,EXCELLENT,0,0,96
FAC-001,FacilityOps Campus,AST-004,HVAC Unit 2,HVAC,Building B,Block B2,2026-01-25 05:00:00,58.62,2.74,5.6,24.03,0.86,4377.64,5,50.21,92.91,EXCELLENT,0,0,126
FAC-001,FacilityOps Campus,AST-004,HVAC Unit 2,HVAC,Building B,Block B2,2026-01-25 06:00:00,60.35,1.96,5.93,23.36,0.76,4378.41,5,50.25,95.88,EXCELLENT,0,0,166
FAC-001,FacilityOps Campus,AST-004,HVAC Unit 2,HVAC,Building B,Block B2,2026-01-25 07:00:00,50.87,2.21,5.54,21.69,0.52,4378.93,5,50.29,97.44,EXCELLENT,0,0,104
FAC-001,FacilityOps Campus,AST-004,HVAC Unit 2,HVAC,Building B,Block B2,2026-01-25 08:00:00,58.9,2.05,5.2,38.26,0.87,4379.8,5,50.33,96.41,EXCELLENT,0,0,156
FAC-001,FacilityOps Campus,AST-004,HVAC Unit 2,HVAC,Building B,Block B2,2026-01-25 09:00:00,57.6,2.24,5.7,33.1,0.66,4380.46,5,50.38,96.8,EXCELLENT,0,0,94
FAC-001,FacilityOps Campus,AST-004,HVAC Unit 2,HVAC,Building B,Block B2,2026-01-25 10:00:00,59.54,2.29,5.36,45.36,0.65,4381.11,5,50.42,97.05,EXCELLENT,0,0,171
FAC-001,FacilityOps Campus,AST-004,HVAC Unit 2,HVAC,Building B,Block B2,2026-01-25 11:00:00,61.01,2.41,5.7,47.09,0.52,4381.63,5,50.46,96.79,EXCELLENT,0,0,90
FAC-001,FacilityOps Campus,AST-004,HVAC Unit 2,HVAC,Building B,Block B2,2026-01-25 12:00:00,60.72,2.19,5.37,44.05,0.64,4382.26,5,50.5,97.08,EXCELLENT,0,0,93
FAC-001,FacilityOps Campus,AST-004,HVAC Unit 2,HVAC,Building B,Block B2,2026-01-25 13:00:00,58.84,2.61,5.38,33.78,0.7,4382.97,5,50.54,95.46,EXCELLENT,0,0,143
FAC-001,FacilityOps Campus,AST-004,HVAC Unit 2,HVAC,Building B,Block B2,2026-01-25 14:00:00,57.78,1.64,6.04,33.79,0.5,4383.47,5,50.58,95.45,EXCELLENT,0,0,96
FAC-001,FacilityOps Campus,AST-004,HVAC Unit 2,HVAC,Building B,Block B2,2026-01-25 15:00:00,54.77,2.43,5.97,43.46,0.75,4384.22,5,50.62,95.72,EXCELLENT,0,0,140
FAC-001,FacilityOps Campus,AST-004,HVAC Unit 2,HVAC,Building B,Block B2,2026-01-25 16:00:00,58.25,2.0,5.31,41.31,0.58,4384.8,5,50.67,96.83,EXCELLENT,0,0,137
FAC-001,FacilityOps Campus,AST-004,HVAC Unit 2,HVAC,Building B,Block B2,2026-01-25 17:00:00,58.55,2.61,5.3,35.11,0.81,4385.61,5,50.71,95.22,EXCELLENT,0,0,108
FAC-001,FacilityOps Campus,AST-004,HVAC Unit 2,HVAC,Building B,Block B2,2026-01-25 18:00:00,58.59,1.86,5.38,44.55,0.93,4386.54,5,50.75,97.11,EXCELLENT,0,0,177
FAC-001,FacilityOps Campus,AST-004,HVAC Unit 2,HVAC,Building B,Block B2,2026-01-25 19:00:00,60.78,2.26,5.44,27.9,0.79,4387.33,5,50.79,97.35,EXCELLENT,0,0,151
FAC-001,FacilityOps Campus,AST-004,HVAC Unit 2,HVAC,Building B,Block B2,2026-01-25 20:00:00,61.7,1.94,5.38,24.08,0.84,4388.16,5,50.83,97.1,EXCELLENT,0,0,163
FAC-001,FacilityOps Campus,AST-004,HVAC Unit 2,HVAC,Building B,Block B2,2026-01-25 21:00:00,56.27,2.29,5.21,20.99,0.75,4388.91,5,50.88,96.43,EXCELLENT,0,0,128
FAC-001,FacilityOps Campus,AST-004,HVAC Unit 2,HVAC,Building B,Block B2,2026-01-25 22:00:00,60.18,2.0,5.11,18.27,0.63,4389.55,5,50.92,96.04,EXCELLENT,0,0,149
FAC-001,FacilityOps Campus,AST-004,HVAC Unit 2,HVAC,Building B,Block B2,2026-01-25 23:00:00,61.14,2.15,4.97,19.1,0.46,4390.01,5,50.96,95.49,EXCELLENT,0,0,91
FAC-001,FacilityOps Campus,AST-004,HVAC Unit 2,HVAC,Building B,Block B2,2026-01-26 00:00:00,55.26,2.18,5.35,30.37,0.61,4390.62,5,51.0,96.99,EXCELLENT,0,0,90
FAC-001,FacilityOps Campus,AST-004,HVAC Unit 2,HVAC,Building B,Block B2,2026-01-26 01:00:00,57.08,2.38,5.18,19.21,0.56,4391.18,5,51.04,96.32,EXCELLENT,0,0,163
FAC-001,FacilityOps Campus,AST-004,HVAC Unit 2,HVAC,Building B,Block B2,2026-01-26 02:00:00,82.71,3.46,5.0,27.08,0.42,4391.6,5,51.08,44.05,CRITICAL,1,1,5
FAC-001,FacilityOps Campus,AST-004,HVAC Unit 2,HVAC,Building B,Block B2,2026-01-26 03:00:00,59.77,2.06,5.49,17.12,0.78,4392.38,5,51.12,97.56,EXCELLENT,0,0,123
FAC-001,FacilityOps Campus,AST-004,HVAC Unit 2,HVAC,Building B,Block B2,2026-01-26 04:00:00,55.88,2.39,5.67,18.84,0.99,4393.37,5,51.17,96.9,EXCELLENT,0,0,177
FAC-001,FacilityOps Campus,AST-004,HVAC Unit 2,HVAC,Building B,Block B2,2026-01-26 05:00:00,57.21,2.16,5.54,25.12,0.46,4393.83,5,51.21,97.46,EXCELLENT,0,0,143
FAC-001,FacilityOps Campus,AST-004,HVAC Unit 2,HVAC,Building B,Block B2,2026-01-26 06:00:00,55.59,2.1,5.38,18.9,0.89,4394.72,5,51.25,97.14,EXCELLENT,0,0,178
FAC-001,FacilityOps Campus,AST-004,HVAC Unit 2,HVAC,Building B,Block B2,2026-01-26 07:00:00,60.25,2.53,5.59,20.71,0.48,4395.2,5,51.29,97.26,EXCELLENT,0,0,159
FAC-001,FacilityOps Campus,AST-004,HVAC Unit 2,HVAC,Building B,Block B2,2026-01-26 08:00:00,59.63,2.41,5.58,40.64,1.0,4396.2,5,51.33,97.3,EXCELLENT,0,0,95
FAC-001,FacilityOps Campus,AST-004,HVAC Unit 2,HVAC,Building B,Block B2,2026-01-26 09:00:00,58.32,2.03,5.52,45.99,0.67,4396.87,5,51.38,97.52,EXCELLENT,0,0,115
FAC-001,FacilityOps Campus,AST-004,HVAC Unit 2,HVAC,Building B,Block B2,2026-01-26 10:00:00,55.65,2.36,5.48,36.68,0.57,4397.44,5,51.42,97.54,EXCELLENT,0,0,168
FAC-001,FacilityOps Campus,AST-004,HVAC Unit 2,HVAC,Building B,Block B2,2026-01-26 11:00:00,53.34,2.32,6.38,32.28,0.54,4397.98,5,51.46,94.1,EXCELLENT,0,0,110
FAC-001,FacilityOps Campus,AST-004,HVAC Unit 2,HVAC,Building B,Block B2,2026-01-26 12:00:00,57.73,2.5,5.65,42.99,0.8,4398.79,5,51.5,97.01,EXCELLENT,0,0,123
FAC-001,FacilityOps Campus,AST-004,HVAC Unit 2,HVAC,Building B,Block B2,2026-01-26 13:00:00,75.48,3.59,5.39,37.92,0.98,4399.76,5,51.54,55.39,WARNING,1,0,28
FAC-001,FacilityOps Campus,AST-004,HVAC Unit 2,HVAC,Building B,Block B2,2026-01-26 14:00:00,53.19,2.57,5.35,40.8,0.85,4400.61,5,51.58,96.2,EXCELLENT,0,0,120
FAC-001,FacilityOps Campus,AST-004,HVAC Unit 2,HVAC,Building B,Block B2,2026-01-26 15:00:00,61.49,2.59,5.21,42.63,0.63,4401.24,5,51.62,95.12,EXCELLENT,0,0,131
FAC-001,FacilityOps Campus,AST-004,HVAC Unit 2,HVAC,Building B,Block B2,2026-01-26 16:00:00,55.88,2.25,5.83,28.25,0.68,4401.91,5,51.67,96.26,EXCELLENT,0,0,141
FAC-001,FacilityOps Campus,AST-004,HVAC Unit 2,HVAC,Building B,Block B2,2026-01-26 17:00:00,53.63,1.78,5.68,38.8,0.6,4402.52,5,51.71,96.89,EXCELLENT,0,0,102
FAC-001,FacilityOps Campus,AST-004,HVAC Unit 2,HVAC,Building B,Block B2,2026-01-26 18:00:00,63.29,2.07,5.82,40.19,0.69,4403.21,5,51.75,96.31,EXCELLENT,0,0,167
FAC-001,FacilityOps Campus,AST-004,HVAC Unit 2,HVAC,Building B,Block B2,2026-01-26 19:00:00,58.19,2.5,5.23,15.94,0.97,4404.18,5,51.79,96.51,EXCELLENT,0,0,106
FAC-001,FacilityOps Campus,AST-004,HVAC Unit 2,HVAC,Building B,Block B2,2026-01-26 20:00:00,59.62,2.2,5.66,21.66,0.43,4404.61,5,51.83,96.96,EXCELLENT,0,0,144
FAC-001,FacilityOps Campus,AST-004,HVAC Unit 2,HVAC,Building B,Block B2,2026-01-26 21:00:00,55.01,2.34,6.08,16.48,0.96,4405.57,5,51.88,95.29,EXCELLENT,0,0,155
FAC-001,FacilityOps Campus,AST-004,HVAC Unit 2,HVAC,Building B,Block B2,2026-01-26 22:00:00,63.73,2.02,6.09,16.03,0.67,4406.24,5,51.92,95.24,EXCELLENT,0,0,174
FAC-001,FacilityOps Campus,AST-004,HVAC Unit 2,HVAC,Building B,Block B2,2026-01-26 23:00:00,53.83,2.67,5.61,20.2,0.88,4407.11,5,51.96,94.35,EXCELLENT,0,0,103
FAC-001,FacilityOps Campus,AST-004,HVAC Unit 2,HVAC,Building B,Block B2,2026-01-27 00:00:00,58.41,2.35,6.22,20.67,0.78,4407.9,5,52.0,94.73,EXCELLENT,0,0,124
FAC-001,FacilityOps Campus,AST-004,HVAC Unit 2,HVAC,Building B,Block B2,2026-01-27 01:00:00,55.45,2.22,5.94,14.58,0.9,4408.8,5,52.04,95.82,EXCELLENT,0,0,131
FAC-001,FacilityOps Campus,AST-004,HVAC Unit 2,HVAC,Building B,Block B2,2026-01-27 02:00:00,56.67,1.78,5.64,20.67,0.91,4409.71,5,52.08,97.03,EXCELLENT,0,0,97
FAC-001,FacilityOps Campus,AST-004,HVAC Unit 2,HVAC,Building B,Block B2,2026-01-27 03:00:00,57.45,2.25,5.57,19.8,0.53,4410.25,5,52.12,97.34,EXCELLENT,0,0,176
FAC-001,FacilityOps Campus,AST-004,HVAC Unit 2,HVAC,Building B,Block B2,2026-01-27 04:00:00,57.27,2.29,5.53,20.85,0.85,4411.1,5,52.17,97.47,EXCELLENT,0,0,124
FAC-001,FacilityOps Campus,AST-004,HVAC Unit 2,HVAC,Building B,Block B2,2026-01-27 05:00:00,61.9,2.8,5.93,23.06,0.52,4411.63,5,52.21,90.45,EXCELLENT,0,0,124
FAC-001,FacilityOps Campus,AST-004,HVAC Unit 2,HVAC,Building B,Block B2,2026-01-27 06:00:00,60.01,2.08,5.61,24.85,0.97,4412.59,5,52.25,97.17,EXCELLENT,0,0,177
FAC-001,FacilityOps Campus,AST-004,HVAC Unit 2,HVAC,Building B,Block B2,2026-01-27 07:00:00,59.34,2.24,5.27,27.59,0.61,4413.2,5,52.29,96.68,EXCELLENT,0,0,178
FAC-001,FacilityOps Campus,AST-004,HVAC Unit 2,HVAC,Building B,Block B2,2026-01-27 08:00:00,63.65,1.61,5.52,44.82,0.96,4414.16,5,52.33,97.51,EXCELLENT,0,0,127
FAC-001,FacilityOps Campus,AST-004,HVAC Unit 2,HVAC,Building B,Block B2,2026-01-27 09:00:00,56.7,1.8,5.3,44.91,0.97,4415.13,5,52.38,96.79,EXCELLENT,0,0,90
FAC-001,FacilityOps Campus,AST-004,HVAC Unit 2,HVAC,Building B,Block B2,2026-01-27 10:00:00,55.67,1.88,5.72,39.68,0.83,4415.96,5,52.42,96.73,EXCELLENT,0,0,119
FAC-001,FacilityOps Campus,AST-004,HVAC Unit 2,HVAC,Building B,Block B2,2026-01-27 11:00:00,60.14,2.7,6.22,46.06,0.84,4416.79,5,52.46,91.34,EXCELLENT,0,0,156
FAC-001,FacilityOps Campus,AST-004,HVAC Unit 2,HVAC,Building B,Block B2,2026-01-27 12:00:00,58.17,1.91,5.76,38.85,0.78,4417.57,5,52.5,96.54,EXCELLENT,0,0,96
FAC-001,FacilityOps Campus,AST-004,HVAC Unit 2,HVAC,Building B,Block B2,2026-01-27 13:00:00,59.11,2.16,5.91,42.54,0.68,4418.25,5,52.54,95.95,EXCELLENT,0,0,173
FAC-001,FacilityOps Campus,AST-004,HVAC Unit 2,HVAC,Building B,Block B2,2026-01-27 14:00:00,59.22,1.99,5.4,43.5,0.7,4418.95,5,52.58,97.18,EXCELLENT,0,0,144
FAC-001,FacilityOps Campus,AST-004,HVAC Unit 2,HVAC,Building B,Block B2,2026-01-27 15:00:00,58.04,1.99,6.02,34.3,0.88,4419.83,5,52.62,95.51,EXCELLENT,0,0,98
FAC-001,FacilityOps Campus,AST-004,HVAC Unit 2,HVAC,Building B,Block B2,2026-01-27 16:00:00,57.91,1.96,5.8,42.99,0.95,4420.78,5,52.67,96.42,EXCELLENT,0,0,94
FAC-001,FacilityOps Campus,AST-004,HVAC Unit 2,HVAC,Building B,Block B2,2026-01-27 17:00:00,57.85,2.04,5.56,37.84,0.85,4421.64,5,52.71,97.36,EXCELLENT,0,0,163
FAC-001,FacilityOps Campus,AST-004,HVAC Unit 2,HVAC,Building B,Block B2,2026-01-27 18:00:00,56.03,2.38,5.89,33.95,0.6,4422.23,5,52.75,96.04,EXCELLENT,0,0,109
FAC-001,FacilityOps Campus,AST-004,HVAC Unit 2,HVAC,Building B,Block B2,2026-01-27 19:00:00,60.54,2.56,5.5,24.57,0.66,4422.89,5,52.79,96.92,EXCELLENT,0,0,171
FAC-001,FacilityOps Campus,AST-004,HVAC Unit 2,HVAC,Building B,Block B2,2026-01-27 20:00:00,57.11,1.96,5.6,27.92,0.98,4423.87,5,52.83,97.21,EXCELLENT,0,0,127
FAC-001,FacilityOps Campus,AST-004,HVAC Unit 2,HVAC,Building B,Block B2,2026-01-27 21:00:00,55.96,2.4,5.77,28.98,0.45,4424.32,5,52.88,96.53,EXCELLENT,0,0,94
FAC-001,FacilityOps Campus,AST-004,HVAC Unit 2,HVAC,Building B,Block B2,2026-01-27 22:00:00,56.38,2.41,5.07,26.49,0.97,4425.29,5,52.92,95.86,EXCELLENT,0,0,133
FAC-001,FacilityOps Campus,AST-004,HVAC Unit 2,HVAC,Building B,Block B2,2026-01-27 23:00:00,68.92,2.43,4.0,32.73,0.82,4426.12,5,52.96,82.76,GOOD,1,0,59
FAC-001,FacilityOps Campus,AST-004,HVAC Unit 2,HVAC,Building B,Block B2,2026-01-28 00:00:00,56.29,1.97,5.08,29.64,0.53,4426.65,5,53.0,95.93,EXCELLENT,0,0,110
FAC-001,FacilityOps Campus,AST-004,HVAC Unit 2,HVAC,Building B,Block B2,2026-01-28 01:00:00,55.81,1.96,5.58,22.9,0.71,4427.36,5,53.04,97.27,EXCELLENT,0,0,172
FAC-001,FacilityOps Campus,AST-004,HVAC Unit 2,HVAC,Building B,Block B2,2026-01-28 02:00:00,59.87,2.02,5.11,16.42,0.55,4427.92,5,53.08,96.05,EXCELLENT,0,0,173
FAC-001,FacilityOps Campus,AST-004,HVAC Unit 2,HVAC,Building B,Block B2,2026-01-28 03:00:00,56.33,2.33,5.85,25.21,0.41,4428.33,5,53.12,96.22,EXCELLENT,0,0,124
FAC-001,FacilityOps Campus,AST-004,HVAC Unit 2,HVAC,Building B,Block B2,2026-01-28 04:00:00,60.4,2.27,6.02,16.21,0.89,4429.22,5,53.17,95.51,EXCELLENT,0,0,169
FAC-001,FacilityOps Campus,AST-004,HVAC Unit 2,HVAC,Building B,Block B2,2026-01-28 05:00:00,61.32,2.01,5.33,19.57,0.96,4430.18,5,53.21,96.93,EXCELLENT,0,0,116
FAC-001,FacilityOps Campus,AST-004,HVAC Unit 2,HVAC,Building B,Block B2,2026-01-28 06:00:00,56.91,2.0,5.63,14.95,0.42,4430.6,5,53.25,97.07,EXCELLENT,0,0,127
FAC-001,FacilityOps Campus,AST-004,HVAC Unit 2,HVAC,Building B,Block B2,2026-01-28 07:00:00,55.95,2.38,5.49,17.13,0.67,4431.27,5,53.29,97.57,EXCELLENT,0,0,164
FAC-001,FacilityOps Campus,AST-004,HVAC Unit 2,HVAC,Building B,Block B2,2026-01-28 08:00:00,59.51,2.74,5.98,37.68,0.5,4431.77,5,53.33,91.37,EXCELLENT,0,0,177
FAC-001,FacilityOps Campus,AST-004,HVAC Unit 2,HVAC,Building B,Block B2,2026-01-28 09:00:00,56.14,1.94,5.71,35.45,0.8,4432.58,5,53.38,96.74,EXCELLENT,0,0,152
FAC-001,FacilityOps Campus,AST-004,HVAC Unit 2,HVAC,Building B,Block B2,2026-01-28 10:00:00,58.31,1.97,5.17,30.8,0.68,4433.26,5,53.42,96.27,EXCELLENT,0,0,104
FAC-001,FacilityOps Campus,AST-004,HVAC Unit 2,HVAC,Building B,Block B2,2026-01-28 11:00:00,54.69,2.05,5.72,40.81,0.88,4434.14,5,53.46,96.71,EXCELLENT,0,0,92
FAC-001,FacilityOps Campus,AST-004,HVAC Unit 2,HVAC,Building B,Block B2,2026-01-28 12:00:00,60.93,2.0,5.67,45.51,0.63,4434.77,5,53.5,96.93,EXCELLENT,0,0,112
FAC-001,FacilityOps Campus,AST-004,HVAC Unit 2,HVAC,Building B,Block B2,2026-01-28 13:00:00,57.61,2.22,5.78,39.29,0.5,4435.27,5,53.54,96.49,EXCELLENT,0,0,118
FAC-001,FacilityOps Campus,AST-004,HVAC Unit 2,HVAC,Building B,Block B2,2026-01-28 14:00:00,62.8,2.16,5.4,42.09,0.6,4435.87,5,53.58,97.19,EXCELLENT,0,0,153
FAC-001,FacilityOps Campus,AST-004,HVAC Unit 2,HVAC,Building B,Block B2,2026-01-28 15:00:00,61.84,1.9,5.67,36.61,0.94,4436.8,5,53.62,96.9,EXCELLENT,0,0,169
FAC-001,FacilityOps Campus,AST-004,HVAC Unit 2,HVAC,Building B,Block B2,2026-01-28 16:00:00,71.78,2.81,4.41,52.2,0.71,4437.51,5,53.67,70.46,GOOD,1,0,64
FAC-001,FacilityOps Campus,AST-004,HVAC Unit 2,HVAC,Building B,Block B2,2026-01-28 17:00:00,59.43,2.23,5.48,41.52,0.99,4438.51,5,53.71,97.5,EXCELLENT,0,0,150
FAC-001,FacilityOps Campus,AST-004,HVAC Unit 2,HVAC,Building B,Block B2,2026-01-28 18:00:00,59.44,2.5,5.04,30.67,0.69,4439.19,5,53.75,95.77,EXCELLENT,0,0,106
FAC-001,FacilityOps Campus,AST-004,HVAC Unit 2,HVAC,Building B,Block B2,2026-01-28 19:00:00,57.82,2.42,5.44,26.95,0.62,4439.81,5,53.79,97.35,EXCELLENT,0,0,96
FAC-001,FacilityOps Campus,AST-004,HVAC Unit 2,HVAC,Building B,Block B2,2026-01-28 20:00:00,58.53,1.98,6.0,10.72,0.42,4440.24,5,53.83,95.59,EXCELLENT,0,0,175
FAC-001,FacilityOps Campus,AST-004,HVAC Unit 2,HVAC,Building B,Block B2,2026-01-28 21:00:00,58.9,2.37,5.75,16.32,0.65,4440.89,5,53.88,96.61,EXCELLENT,0,0,163
FAC-001,FacilityOps Campus,AST-004,HVAC Unit 2,HVAC,Building B,Block B2,2026-01-28 22:00:00,54.88,2.58,5.61,14.87,0.72,4441.6,5,53.92,96.08,EXCELLENT,0,0,108
FAC-001,FacilityOps Campus,AST-004,HVAC Unit 2,HVAC,Building B,Block B2,2026-01-28 23:00:00,58.98,2.16,5.56,22.67,0.52,4442.12,5,53.96,97.35,EXCELLENT,0,0,109
FAC-001,FacilityOps Campus,AST-004,HVAC Unit 2,HVAC,Building B,Block B2,2026-01-29 00:00:00,62.82,2.27,5.23,21.17,0.9,4443.03,5,54.0,96.53,EXCELLENT,0,0,113
FAC-001,FacilityOps Campus,AST-004,HVAC Unit 2,HVAC,Building B,Block B2,2026-01-29 01:00:00,55.31,1.84,5.85,20.73,0.47,4443.5,5,54.04,96.21,EXCELLENT,0,0,141
FAC-001,FacilityOps Campus,AST-004,HVAC Unit 2,HVAC,Building B,Block B2,2026-01-29 02:00:00,57.92,1.96,6.05,20.15,0.85,4444.35,5,54.08,95.39,EXCELLENT,0,0,157
FAC-001,FacilityOps Campus,AST-004,HVAC Unit 2,HVAC,Building B,Block B2,2026-01-29 03:00:00,59.77,2.07,5.62,26.18,0.95,4445.3,5,54.12,97.13,EXCELLENT,0,0,175
FAC-001,FacilityOps Campus,AST-004,HVAC Unit 2,HVAC,Building B,Block B2,2026-01-29 04:00:00,54.98,2.23,5.92,18.56,0.64,4445.94,5,54.17,95.9,EXCELLENT,0,0,153
FAC-001,FacilityOps Campus,AST-004,HVAC Unit 2,HVAC,Building B,Block B2,2026-01-29 05:00:00,56.36,1.89,5.67,13.9,0.46,4446.4,5,54.21,96.93,EXCELLENT,0,0,131
FAC-001,FacilityOps Campus,AST-004,HVAC Unit 2,HVAC,Building B,Block B2,2026-01-29 06:00:00,61.61,2.12,5.46,19.66,0.62,4447.02,5,54.25,97.46,EXCELLENT,0,0,113
FAC-001,FacilityOps Campus,AST-004,HVAC Unit 2,HVAC,Building B,Block B2,2026-01-29 07:00:00,61.57,1.76,5.44,16.75,0.57,4447.58,5,54.29,97.36,EXCELLENT,0,0,99
FAC-001,FacilityOps Campus,AST-004,HVAC Unit 2,HVAC,Building B,Block B2,2026-01-29 08:00:00,60.45,2.53,5.1,43.53,0.76,4448.35,5,54.33,95.96,EXCELLENT,0,0,91
FAC-001,FacilityOps Campus,AST-004,HVAC Unit 2,HVAC,Building B,Block B2,2026-01-29 09:00:00,56.02,1.91,5.15,32.67,0.57,4448.92,5,54.38,96.21,EXCELLENT,0,0,114
FAC-001,FacilityOps Campus,AST-004,HVAC Unit 2,HVAC,Building B,Block B2,2026-01-29 10:00:00,52.81,2.22,5.57,48.36,0.45,4449.37,5,54.42,97.29,EXCELLENT,0,0,169
FAC-001,FacilityOps Campus,AST-004,HVAC Unit 2,HVAC,Building B,Block B2,2026-01-29 11:00:00,56.78,2.24,5.3,35.18,0.8,4450.17,5,54.46,96.81,EXCELLENT,0,0,118
FAC-001,FacilityOps Campus,AST-004,HVAC Unit 2,HVAC,Building B,Block B2,2026-01-29 12:00:00,58.18,2.42,4.85,30.91,0.77,4450.94,5,54.5,94.99,EXCELLENT,0,0,177
FAC-001,FacilityOps Campus,AST-004,HVAC Unit 2,HVAC,Building B,Block B2,2026-01-29 13:00:00,54.87,2.17,5.8,39.91,0.57,4451.51,5,54.54,96.39,EXCELLENT,0,0,180
FAC-001,FacilityOps Campus,AST-004,HVAC Unit 2,HVAC,Building B,Block B2,2026-01-29 14:00:00,57.4,2.14,5.34,33.04,0.76,4452.27,5,54.58,96.95,EXCELLENT,0,0,165
FAC-001,FacilityOps Campus,AST-004,HVAC Unit 2,HVAC,Building B,Block B2,2026-01-29 15:00:00,59.2,2.03,5.71,34.27,0.89,4453.16,5,54.62,96.74,EXCELLENT,0,0,160
FAC-001,FacilityOps Campus,AST-004,HVAC Unit 2,HVAC,Building B,Block B2,2026-01-29 16:00:00,55.68,2.49,5.76,37.52,0.75,4453.91,5,54.67,96.57,EXCELLENT,0,0,163
FAC-001,FacilityOps Campus,AST-004,HVAC Unit 2,HVAC,Building B,Block B2,2026-01-29 17:00:00,57.49,2.1,5.01,39.51,0.94,4454.85,5,54.71,95.62,EXCELLENT,0,0,176
FAC-001,FacilityOps Campus,AST-004,HVAC Unit 2,HVAC,Building B,Block B2,2026-01-29 18:00:00,63.61,2.5,5.27,47.44,0.55,4455.4,5,54.75,96.66,EXCELLENT,0,0,95
FAC-001,FacilityOps Campus,AST-004,HVAC Unit 2,HVAC,Building B,Block B2,2026-01-29 19:00:00,59.81,2.3,4.93,26.57,0.67,4456.06,5,54.79,95.31,EXCELLENT,0,0,102
FAC-001,FacilityOps Campus,AST-004,HVAC Unit 2,HVAC,Building B,Block B2,2026-01-29 20:00:00,79.44,3.68,1.91,32.15,0.72,4456.78,5,54.83,32.79,CRITICAL,1,1,3
FAC-001,FacilityOps Campus,AST-004,HVAC Unit 2,HVAC,Building B,Block B2,2026-01-29 21:00:00,57.37,2.48,6.01,18.4,0.4,4457.19,5,54.88,95.54,EXCELLENT,0,0,92
FAC-001,FacilityOps Campus,AST-004,HVAC Unit 2,HVAC,Building B,Block B2,2026-01-29 22:00:00,60.5,2.11,5.66,24.33,0.7,4457.89,5,54.92,96.95,EXCELLENT,0,0,149
FAC-001,FacilityOps Campus,AST-004,HVAC Unit 2,HVAC,Building B,Block B2,2026-01-29 23:00:00,58.01,2.22,5.75,25.65,0.81,4458.7,5,54.96,96.62,EXCELLENT,0,0,113
FAC-001,FacilityOps Campus,AST-004,HVAC Unit 2,HVAC,Building B,Block B2,2026-01-30 00:00:00,57.93,2.21,5.74,16.63,0.88,4459.58,5,55.0,96.63,EXCELLENT,0,0,116
FAC-001,FacilityOps Campus,AST-004,HVAC Unit 2,HVAC,Building B,Block B2,2026-01-30 01:00:00,57.04,1.86,5.81,26.16,0.43,4460.01,5,55.04,96.37,EXCELLENT,0,0,140
FAC-001,FacilityOps Campus,AST-004,HVAC Unit 2,HVAC,Building B,Block B2,2026-01-30 02:00:00,56.63,2.21,5.33,16.53,0.79,4460.8,5,55.08,96.94,EXCELLENT,0,0,122
FAC-001,FacilityOps Campus,AST-004,HVAC Unit 2,HVAC,Building B,Block B2,2026-01-30 03:00:00,52.83,2.05,5.76,22.05,0.87,4461.67,5,55.12,96.54,EXCELLENT,0,0,154
FAC-001,FacilityOps Campus,AST-004,HVAC Unit 2,HVAC,Building B,Block B2,2026-01-30 04:00:00,64.63,3.27,5.96,29.11,0.55,4462.22,5,55.17,79.21,GOOD,1,0,70
FAC-001,FacilityOps Campus,AST-004,HVAC Unit 2,HVAC,Building B,Block B2,2026-01-30 05:00:00,57.49,1.93,5.14,23.51,0.41,4462.63,5,55.21,96.16,EXCELLENT,0,0,167
FAC-001,FacilityOps Campus,AST-004,HVAC Unit 2,HVAC,Building B,Block B2,2026-01-30 06:00:00,58.43,2.44,5.83,20.12,0.74,4463.37,5,55.25,96.27,EXCELLENT,0,0,180
FAC-001,FacilityOps Campus,AST-004,HVAC Unit 2,HVAC,Building B,Block B2,2026-01-30 07:00:00,54.46,2.89,5.47,29.49,0.8,4464.17,5,55.29,90.1,EXCELLENT,0,0,142
FAC-001,FacilityOps Campus,AST-004,HVAC Unit 2,HVAC,Building B,Block B2,2026-01-30 08:00:00,55.87,2.1,5.62,34.71,0.52,4464.69,5,55.33,97.14,EXCELLENT,0,0,144
FAC-001,FacilityOps Campus,AST-004,HVAC Unit 2,HVAC,Building B,Block B2,2026-01-30 09:00:00,57.02,2.1,5.73,44.75,0.77,4465.47,5,55.38,96.67,EXCELLENT,0,0,93
FAC-001,FacilityOps Campus,AST-004,HVAC Unit 2,HVAC,Building B,Block B2,2026-01-30 10:00:00,61.02,2.51,5.08,34.39,0.62,4466.09,5,55.42,95.91,EXCELLENT,0,0,173
FAC-001,FacilityOps Campus,AST-004,HVAC Unit 2,HVAC,Building B,Block B2,2026-01-30 11:00:00,56.19,2.43,5.57,35.5,0.6,4466.69,5,55.46,97.33,EXCELLENT,0,0,131
FAC-001,FacilityOps Campus,AST-004,HVAC Unit 2,HVAC,Building B,Block B2,2026-01-30 12:00:00,58.89,2.4,5.51,41.07,0.87,4467.56,5,55.5,97.58,EXCELLENT,0,0,116
FAC-001,FacilityOps Campus,AST-004,HVAC Unit 2,HVAC,Building B,Block B2,2026-01-30 13:00:00,58.02,2.06,5.33,47.3,0.41,4467.97,5,55.54,96.93,EXCELLENT,0,0,163
FAC-001,FacilityOps Campus,AST-004,HVAC Unit 2,HVAC,Building B,Block B2,2026-01-30 14:00:00,63.43,2.65,5.36,44.91,0.72,4468.69,5,55.58,94.66,EXCELLENT,0,0,135
FAC-001,FacilityOps Campus,AST-004,HVAC Unit 2,HVAC,Building B,Block B2,2026-01-30 15:00:00,56.84,1.99,5.27,46.33,0.89,4469.58,5,55.62,96.7,EXCELLENT,0,0,149
FAC-001,FacilityOps Campus,AST-004,HVAC Unit 2,HVAC,Building B,Block B2,2026-01-30 16:00:00,57.13,2.05,5.36,38.53,0.75,4470.33,5,55.67,97.05,EXCELLENT,0,0,95
FAC-001,FacilityOps Campus,AST-004,HVAC Unit 2,HVAC,Building B,Block B2,2026-01-30 17:00:00,56.71,2.31,5.37,39.53,0.45,4470.78,5,55.71,97.08,EXCELLENT,0,0,144
FAC-001,FacilityOps Campus,AST-004,HVAC Unit 2,HVAC,Building B,Block B2,2026-01-30 18:00:00,62.29,1.95,5.26,42.41,0.66,4471.43,5,55.75,96.63,EXCELLENT,0,0,149
FAC-001,FacilityOps Campus,AST-004,HVAC Unit 2,HVAC,Building B,Block B2,2026-01-30 19:00:00,56.6,2.23,5.79,14.39,0.99,4472.42,5,55.79,96.44,EXCELLENT,0,0,135
FAC-001,FacilityOps Campus,AST-004,HVAC Unit 2,HVAC,Building B,Block B2,2026-01-30 20:00:00,56.54,2.25,5.44,27.16,0.53,4472.95,5,55.83,97.35,EXCELLENT,0,0,101
FAC-001,FacilityOps Campus,AST-004,HVAC Unit 2,HVAC,Building B,Block B2,2026-01-30 21:00:00,61.82,2.41,5.65,20.3,0.56,4473.51,5,55.88,96.99,EXCELLENT,0,0,151
FAC-001,FacilityOps Campus,AST-004,HVAC Unit 2,HVAC,Building B,Block B2,2026-01-30 22:00:00,57.45,2.18,5.52,20.85,0.61,4474.12,5,55.92,97.54,EXCELLENT,0,0,141
FAC-001,FacilityOps Campus,AST-004,HVAC Unit 2,HVAC,Building B,Block B2,2026-01-30 23:00:00,60.33,2.27,5.2,19.87,0.55,4474.67,5,55.96,96.41,EXCELLENT,0,0,108
FAC-001,FacilityOps Campus,AST-005,Generator 1,Generator,Building C,Block C1,2026-01-01 00:00:00,66.41,3.31,4.89,41.2,0.96,3546.96,7,79.0,94.75,EXCELLENT,0,0,136
FAC-001,FacilityOps Campus,AST-005,Generator 1,Generator,Building C,Block C1,2026-01-01 01:00:00,62.36,3.13,5.46,31.17,0.59,3547.55,7,79.04,93.36,EXCELLENT,0,0,157
FAC-001,FacilityOps Campus,AST-005,Generator 1,Generator,Building C,Block C1,2026-01-01 02:00:00,59.45,2.67,5.2,32.01,0.43,3547.98,7,79.08,94.39,EXCELLENT,0,0,102
FAC-001,FacilityOps Campus,AST-005,Generator 1,Generator,Building C,Block C1,2026-01-01 03:00:00,60.58,2.82,5.42,23.64,0.89,3548.87,7,79.12,93.52,EXCELLENT,0,0,105
FAC-001,FacilityOps Campus,AST-005,Generator 1,Generator,Building C,Block C1,2026-01-01 04:00:00,63.5,3.13,4.71,22.88,0.54,3549.41,7,79.17,94.06,EXCELLENT,0,0,107
FAC-001,FacilityOps Campus,AST-005,Generator 1,Generator,Building C,Block C1,2026-01-01 05:00:00,62.26,2.74,4.76,43.04,0.65,3550.06,7,79.21,94.22,EXCELLENT,0,0,180
FAC-001,FacilityOps Campus,AST-005,Generator 1,Generator,Building C,Block C1,2026-01-01 06:00:00,64.5,2.85,5.79,37.99,0.67,3550.73,7,79.25,92.02,EXCELLENT,0,0,139
FAC-001,FacilityOps Campus,AST-005,Generator 1,Generator,Building C,Block C1,2026-01-01 07:00:00,68.72,2.7,4.47,33.39,0.9,3551.63,7,79.29,92.24,EXCELLENT,0,0,141
FAC-001,FacilityOps Campus,AST-005,Generator 1,Generator,Building C,Block C1,2026-01-01 08:00:00,60.35,3.08,5.1,66.44,0.77,3552.4,7,79.33,94.81,EXCELLENT,0,0,169
FAC-001,FacilityOps Campus,AST-005,Generator 1,Generator,Building C,Block C1,2026-01-01 09:00:00,62.2,2.92,4.5,55.13,0.77,3553.17,7,79.38,93.21,EXCELLENT,0,0,118
FAC-001,FacilityOps Campus,AST-005,Generator 1,Generator,Building C,Block C1,2026-01-01 10:00:00,61.31,3.29,4.88,68.21,0.55,3553.72,7,79.42,94.73,EXCELLENT,0,0,119
FAC-001,FacilityOps Campus,AST-005,Generator 1,Generator,Building C,Block C1,2026-01-01 11:00:00,65.19,2.9,4.83,51.92,0.78,3554.5,7,79.46,94.5,EXCELLENT,0,0,121
FAC-001,FacilityOps Campus,AST-005,Generator 1,Generator,Building C,Block C1,2026-01-01 12:00:00,65.89,2.87,4.71,72.77,0.82,3555.33,7,79.5,94.03,EXCELLENT,0,0,90
FAC-001,FacilityOps Campus,AST-005,Generator 1,Generator,Building C,Block C1,2026-01-01 13:00:00,63.34,3.01,4.8,66.78,0.84,3556.17,7,79.54,94.38,EXCELLENT,0,0,138
FAC-001,FacilityOps Campus,AST-005,Generator 1,Generator,Building C,Block C1,2026-01-01 14:00:00,61.07,3.1,4.99,68.45,0.42,3556.59,7,79.58,95.14,EXCELLENT,0,0,115
FAC-001,FacilityOps Campus,AST-005,Generator 1,Generator,Building C,Block C1,2026-01-01 15:00:00,60.23,2.4,5.3,58.91,0.97,3557.56,7,79.62,94.0,EXCELLENT,0,0,128
FAC-001,FacilityOps Campus,AST-005,Generator 1,Generator,Building C,Block C1,2026-01-01 16:00:00,61.28,3.25,4.79,53.82,0.69,3558.25,7,79.67,94.35,EXCELLENT,0,0,134
FAC-001,FacilityOps Campus,AST-005,Generator 1,Generator,Building C,Block C1,2026-01-01 17:00:00,62.08,3.41,4.49,52.58,0.64,3558.89,7,79.71,93.14,EXCELLENT,0,0,113
FAC-001,FacilityOps Campus,AST-005,Generator 1,Generator,Building C,Block C1,2026-01-01 18:00:00,59.74,3.39,5.23,57.77,0.44,3559.34,7,79.75,94.28,EXCELLENT,0,0,96
FAC-001,FacilityOps Campus,AST-005,Generator 1,Generator,Building C,Block C1,2026-01-01 19:00:00,60.6,2.83,4.72,27.86,0.73,3560.07,7,79.79,94.09,EXCELLENT,0,0,122
FAC-001,FacilityOps Campus,AST-005,Generator 1,Generator,Building C,Block C1,2026-01-01 20:00:00,76.67,4.28,5.31,40.48,0.76,3560.83,7,79.83,67.84,WARNING,1,0,17
FAC-001,FacilityOps Campus,AST-005,Generator 1,Generator,Building C,Block C1,2026-01-01 21:00:00,65.93,3.18,4.97,34.93,0.54,3561.37,7,79.88,95.07,EXCELLENT,0,0,171
FAC-001,FacilityOps Campus,AST-005,Generator 1,Generator,Building C,Block C1,2026-01-01 22:00:00,60.85,2.93,4.49,45.12,0.7,3562.07,7,79.92,93.17,EXCELLENT,0,0,106
FAC-001,FacilityOps Campus,AST-005,Generator 1,Generator,Building C,Block C1,2026-01-01 23:00:00,60.87,2.88,5.0,27.05,0.73,3562.8,7,79.96,95.19,EXCELLENT,0,0,168
FAC-001,FacilityOps Campus,AST-005,Generator 1,Generator,Building C,Block C1,2026-01-02 00:00:00,59.02,2.78,4.94,35.09,0.66,3563.46,7,80.0,94.96,EXCELLENT,0,0,172
FAC-001,FacilityOps Campus,AST-005,Generator 1,Generator,Building C,Block C1,2026-01-02 01:00:00,62.11,3.07,4.66,37.0,0.59,3564.04,7,80.04,93.85,EXCELLENT,0,0,156
FAC-001,FacilityOps Campus,AST-005,Generator 1,Generator,Building C,Block C1,2026-01-02 02:00:00,64.2,2.99,5.03,44.42,0.92,3564.97,7,80.08,95.08,EXCELLENT,0,0,153
FAC-001,FacilityOps Campus,AST-005,Generator 1,Generator,Building C,Block C1,2026-01-02 03:00:00,62.49,3.04,4.79,39.16,0.91,3565.88,7,80.12,94.37,EXCELLENT,0,0,138
FAC-001,FacilityOps Campus,AST-005,Generator 1,Generator,Building C,Block C1,2026-01-02 04:00:00,60.8,3.04,5.16,46.25,0.49,3566.37,7,80.17,94.56,EXCELLENT,0,0,122
FAC-001,FacilityOps Campus,AST-005,Generator 1,Generator,Building C,Block C1,2026-01-02 05:00:00,87.63,4.24,6.82,57.32,0.59,3566.96,7,80.21,44.67,CRITICAL,1,1,3
FAC-001,FacilityOps Campus,AST-005,Generator 1,Generator,Building C,Block C1,2026-01-02 06:00:00,61.97,3.07,4.63,44.78,0.47,3567.43,7,80.25,93.73,EXCELLENT,0,0,136
FAC-001,FacilityOps Campus,AST-005,Generator 1,Generator,Building C,Block C1,2026-01-02 07:00:00,79.96,5.1,5.8,49.48,0.77,3568.2,7,80.29,48.26,CRITICAL,1,1,0
FAC-001,FacilityOps Campus,AST-005,Generator 1,Generator,Building C,Block C1,2026-01-02 08:00:00,61.89,3.19,5.43,63.39,0.63,3568.83,7,80.33,93.47,EXCELLENT,0,0,158
FAC-001,FacilityOps Campus,AST-005,Generator 1,Generator,Building C,Block C1,2026-01-02 09:00:00,65.16,2.69,4.48,69.98,0.56,3569.4,7,80.38,93.12,EXCELLENT,0,0,129
FAC-001,FacilityOps Campus,AST-005,Generator 1,Generator,Building C,Block C1,2026-01-02 10:00:00,59.98,2.92,4.27,64.89,0.83,3570.23,7,80.42,92.27,EXCELLENT,0,0,126
FAC-001,FacilityOps Campus,AST-005,Generator 1,Generator,Building C,Block C1,2026-01-02 11:00:00,61.33,3.31,5.48,48.21,0.86,3571.09,7,80.46,93.28,EXCELLENT,0,0,155
FAC-001,FacilityOps Campus,AST-005,Generator 1,Generator,Building C,Block C1,2026-01-02 12:00:00,58.26,3.11,5.19,58.95,0.58,3571.66,7,80.5,94.45,EXCELLENT,0,0,161
FAC-001,FacilityOps Campus,AST-005,Generator 1,Generator,Building C,Block C1,2026-01-02 13:00:00,60.0,2.73,4.53,54.61,0.83,3572.5,7,80.54,93.32,EXCELLENT,0,0,140
FAC-001,FacilityOps Campus,AST-005,Generator 1,Generator,Building C,Block C1,2026-01-02 14:00:00,64.19,2.69,5.08,64.66,0.99,3573.49,7,80.58,94.9,EXCELLENT,0,0,157
FAC-001,FacilityOps Campus,AST-005,Generator 1,Generator,Building C,Block C1,2026-01-02 15:00:00,62.95,2.68,4.88,64.25,0.85,3574.34,7,80.62,94.72,EXCELLENT,0,0,163
FAC-001,FacilityOps Campus,AST-005,Generator 1,Generator,Building C,Block C1,2026-01-02 16:00:00,63.78,2.89,4.45,52.55,0.76,3575.1,7,80.67,93.01,EXCELLENT,0,0,146
FAC-001,FacilityOps Campus,AST-005,Generator 1,Generator,Building C,Block C1,2026-01-02 17:00:00,65.14,2.84,4.61,64.77,0.47,3575.57,7,80.71,93.63,EXCELLENT,0,0,151
FAC-001,FacilityOps Campus,AST-005,Generator 1,Generator,Building C,Block C1,2026-01-02 18:00:00,61.31,3.27,4.8,59.22,0.51,3576.08,7,80.75,94.39,EXCELLENT,0,0,164
FAC-001,FacilityOps Campus,AST-005,Generator 1,Generator,Building C,Block C1,2026-01-02 19:00:00,63.6,3.21,5.38,35.95,0.82,3576.89,7,80.79,93.67,EXCELLENT,0,0,90
FAC-001,FacilityOps Campus,AST-005,Generator 1,Generator,Building C,Block C1,2026-01-02 20:00:00,61.76,2.92,4.76,18.17,0.7,3577.59,7,80.83,94.24,EXCELLENT,0,0,102
FAC-001,FacilityOps Campus,AST-005,Generator 1,Generator,Building C,Block C1,2026-01-02 21:00:00,65.37,2.55,5.28,30.55,0.47,3578.06,7,80.88,94.09,EXCELLENT,0,0,127
FAC-001,FacilityOps Campus,AST-005,Generator 1,Generator,Building C,Block C1,2026-01-02 22:00:00,58.67,2.95,4.91,25.25,0.85,3578.91,7,80.92,94.84,EXCELLENT,0,0,147
FAC-001,FacilityOps Campus,AST-005,Generator 1,Generator,Building C,Block C1,2026-01-02 23:00:00,62.8,2.87,4.78,28.7,0.86,3579.78,7,80.96,94.3,EXCELLENT,0,0,140
FAC-001,FacilityOps Campus,AST-005,Generator 1,Generator,Building C,Block C1,2026-01-03 00:00:00,61.35,3.29,5.25,37.13,0.53,3580.3,7,81.0,94.19,EXCELLENT,0,0,100
FAC-001,FacilityOps Campus,AST-005,Generator 1,Generator,Building C,Block C1,2026-01-03 01:00:00,63.32,3.04,4.54,32.23,0.42,3580.73,7,81.04,93.34,EXCELLENT,0,0,108
FAC-001,FacilityOps Campus,AST-005,Generator 1,Generator,Building C,Block C1,2026-01-03 02:00:00,77.17,5.15,5.57,53.97,0.75,3581.47,7,81.08,52.88,WARNING,1,1,26
FAC-001,FacilityOps Campus,AST-005,Generator 1,Generator,Building C,Block C1,2026-01-03 03:00:00,61.79,2.81,4.66,28.89,0.46,3581.93,7,81.12,93.84,EXCELLENT,0,0,102
FAC-001,FacilityOps Campus,AST-005,Generator 1,Generator,Building C,Block C1,2026-01-03 04:00:00,59.77,2.94,5.43,31.2,0.96,3582.89,7,81.17,93.49,EXCELLENT,0,0,153
FAC-001,FacilityOps Campus,AST-005,Generator 1,Generator,Building C,Block C1,2026-01-03 05:00:00,63.56,3.62,5.16,43.45,0.46,3583.34,7,81.21,92.06,EXCELLENT,0,0,100
FAC-001,FacilityOps Campus,AST-005,Generator 1,Generator,Building C,Block C1,2026-01-03 06:00:00,62.68,3.14,4.67,32.65,0.76,3584.1,7,81.25,93.9,EXCELLENT,0,0,180
FAC-001,FacilityOps Campus,AST-005,Generator 1,Generator,Building C,Block C1,2026-01-03 07:00:00,57.9,3.29,4.7,36.55,0.47,3584.57,7,81.29,94.02,EXCELLENT,0,0,123
FAC-001,FacilityOps Campus,AST-005,Generator 1,Generator,Building C,Block C1,2026-01-03 08:00:00,62.23,2.79,4.78,53.79,0.92,3585.49,7,81.33,94.33,EXCELLENT,0,0,168
FAC-001,FacilityOps Campus,AST-005,Generator 1,Generator,Building C,Block C1,2026-01-03 09:00:00,57.95,2.91,5.04,50.14,0.85,3586.34,7,81.38,95.04,EXCELLENT,0,0,157
FAC-001,FacilityOps Campus,AST-005,Generator 1,Generator,Building C,Block C1,2026-01-03 10:00:00,59.67,2.84,5.09,72.96,0.57,3586.91,7,81.42,94.83,EXCELLENT,0,0,129
FAC-001,FacilityOps Campus,AST-005,Generator 1,Generator,Building C,Block C1,2026-01-03 11:00:00,58.35,2.95,5.35,53.5,0.75,3587.66,7,81.46,93.79,EXCELLENT,0,0,169
FAC-001,FacilityOps Campus,AST-005,Generator 1,Generator,Building C,Block C1,2026-01-03 12:00:00,61.89,3.05,5.53,49.67,0.79,3588.45,7,81.5,93.08,EXCELLENT,0,0,94
FAC-001,FacilityOps Campus,AST-005,Generator 1,Generator,Building C,Block C1,2026-01-03 13:00:00,63.14,2.63,5.05,55.44,0.42,3588.87,7,81.54,95.01,EXCELLENT,0,0,134
FAC-001,FacilityOps Campus,AST-005,Generator 1,Generator,Building C,Block C1,2026-01-03 14:00:00,58.59,2.9,5.33,53.66,0.49,3589.36,7,81.58,93.9,EXCELLENT,0,0,111
FAC-001,FacilityOps Campus,AST-005,Generator 1,Generator,Building C,Block C1,2026-01-03 15:00:00,64.58,3.27,5.5,52.55,0.94,3590.3,7,81.62,93.21,EXCELLENT,0,0,124
FAC-001,FacilityOps Campus,AST-005,Generator 1,Generator,Building C,Block C1,2026-01-03 16:00:00,62.42,3.0,5.19,59.54,0.57,3590.87,7,81.67,94.44,EXCELLENT,0,0,98
FAC-001,FacilityOps Campus,AST-005,Generator 1,Generator,Building C,Block C1,2026-01-03 17:00:00,62.01,3.21,5.27,55.21,0.71,3591.58,7,81.71,94.12,EXCELLENT,0,0,94
FAC-001,FacilityOps Campus,AST-005,Generator 1,Generator,Building C,Block C1,2026-01-03 18:00:00,63.92,3.23,5.39,60.48,0.78,3592.37,7,81.75,93.64,EXCELLENT,0,0,146
FAC-001,FacilityOps Campus,AST-005,Generator 1,Generator,Building C,Block C1,2026-01-03 19:00:00,58.65,3.25,5.09,41.58,0.91,3593.27,7,81.79,94.85,EXCELLENT,0,0,108
FAC-001,FacilityOps Campus,AST-005,Generator 1,Generator,Building C,Block C1,2026-01-03 20:00:00,57.96,3.01,4.2,41.57,0.55,3593.82,7,81.83,92.01,EXCELLENT,0,0,128
FAC-001,FacilityOps Campus,AST-005,Generator 1,Generator,Building C,Block C1,2026-01-03 21:00:00,62.93,2.45,5.2,29.78,0.69,3594.52,7,81.88,94.38,EXCELLENT,0,0,92
FAC-001,FacilityOps Campus,AST-005,Generator 1,Generator,Building C,Block C1,2026-01-03 22:00:00,67.77,2.9,5.22,28.6,0.94,3595.46,7,81.92,94.31,EXCELLENT,0,0,112
FAC-001,FacilityOps Campus,AST-005,Generator 1,Generator,Building C,Block C1,2026-01-03 23:00:00,63.39,3.22,5.28,16.75,0.95,3596.41,7,81.96,94.08,EXCELLENT,0,0,143
FAC-001,FacilityOps Campus,AST-005,Generator 1,Generator,Building C,Block C1,2026-01-04 00:00:00,61.32,3.24,4.78,35.89,0.8,3597.21,7,82.0,94.33,EXCELLENT,0,0,101
FAC-001,FacilityOps Campus,AST-005,Generator 1,Generator,Building C,Block C1,2026-01-04 01:00:00,58.52,3.36,5.23,29.67,0.74,3597.95,7,82.04,94.26,EXCELLENT,0,0,162
FAC-001,FacilityOps Campus,AST-005,Generator 1,Generator,Building C,Block C1,2026-01-04 02:00:00,60.59,3.27,5.1,27.41,0.61,3598.56,7,82.08,94.79,EXCELLENT,0,0,107
FAC-001,FacilityOps Campus,AST-005,Generator 1,Generator,Building C,Block C1,2026-01-04 03:00:00,64.17,2.95,5.15,28.35,0.87,3599.44,7,82.12,94.59,EXCELLENT,0,0,167
FAC-001,FacilityOps Campus,AST-005,Generator 1,Generator,Building C,Block C1,2026-01-04 04:00:00,59.27,3.63,4.99,33.2,0.9,3600.34,7,82.17,92.51,EXCELLENT,0,0,107
FAC-001,FacilityOps Campus,AST-005,Generator 1,Generator,Building C,Block C1,2026-01-04 05:00:00,60.69,2.78,5.06,46.47,0.66,3600.99,7,82.21,94.98,EXCELLENT,0,0,109
FAC-001,FacilityOps Campus,AST-005,Generator 1,Generator,Building C,Block C1,2026-01-04 06:00:00,62.87,3.56,5.4,37.75,0.66,3601.65,7,82.25,92.0,EXCELLENT,0,0,152
FAC-001,FacilityOps Campus,AST-005,Generator 1,Generator,Building C,Block C1,2026-01-04 07:00:00,64.57,2.99,5.67,43.2,0.43,3602.08,7,82.29,92.53,EXCELLENT,0,0,154
FAC-001,FacilityOps Campus,AST-005,Generator 1,Generator,Building C,Block C1,2026-01-04 08:00:00,61.71,3.04,4.87,66.29,0.91,3602.99,7,82.33,94.67,EXCELLENT,0,0,94
FAC-001,FacilityOps Campus,AST-005,Generator 1,Generator,Building C,Block C1,2026-01-04 09:00:00,61.48,2.92,5.42,45.12,0.71,3603.7,7,82.38,93.51,EXCELLENT,0,0,121
FAC-001,FacilityOps Campus,AST-005,Generator 1,Generator,Building C,Block C1,2026-01-04 10:00:00,61.38,2.98,4.8,48.91,0.8,3604.49,7,82.42,94.42,EXCELLENT,0,0,91
FAC-001,FacilityOps Campus,AST-005,Generator 1,Generator,Building C,Block C1,2026-01-04 11:00:00,61.08,3.15,5.11,62.15,0.72,3605.22,7,82.46,94.77,EXCELLENT,0,0,108
FAC-001,FacilityOps Campus,AST-005,Generator 1,Generator,Building C,Block C1,2026-01-04 12:00:00,64.26,2.63,4.96,58.27,0.69,3605.91,7,82.5,95.03,EXCELLENT,0,0,111
FAC-001,FacilityOps Campus,AST-005,Generator 1,Generator,Building C,Block C1,2026-01-04 13:00:00,63.03,3.08,5.29,49.4,0.77,3606.68,7,82.54,94.03,EXCELLENT,0,0,170
FAC-001,FacilityOps Campus,AST-005,Generator 1,Generator,Building C,Block C1,2026-01-04 14:00:00,61.0,3.09,5.02,61.09,0.73,3607.4,7,82.58,95.1,EXCELLENT,0,0,177
FAC-001,FacilityOps Campus,AST-005,Generator 1,Generator,Building C,Block C1,2026-01-04 15:00:00,68.06,2.81,5.41,52.33,0.51,3607.91,7,82.62,93.54,EXCELLENT,0,0,165
FAC-001,FacilityOps Campus,AST-005,Generator 1,Generator,Building C,Block C1,2026-01-04 16:00:00,62.16,2.93,5.44,59.53,0.73,3608.63,7,82.67,93.42,EXCELLENT,0,0,157
FAC-001,FacilityOps Campus,AST-005,Generator 1,Generator,Building C,Block C1,2026-01-04 17:00:00,59.86,2.84,5.06,73.97,0.82,3609.45,7,82.71,94.95,EXCELLENT,0,0,157
FAC-001,FacilityOps Campus,AST-005,Generator 1,Generator,Building C,Block C1,2026-01-04 18:00:00,62.09,2.83,4.92,57.31,0.74,3610.19,7,82.75,94.89,EXCELLENT,0,0,98
FAC-001,FacilityOps Campus,AST-005,Generator 1,Generator,Building C,Block C1,2026-01-04 19:00:00,59.32,2.94,4.96,46.84,0.7,3610.89,7,82.79,95.04,EXCELLENT,0,0,148
FAC-001,FacilityOps Campus,AST-005,Generator 1,Generator,Building C,Block C1,2026-01-04 20:00:00,63.2,3.46,4.57,37.74,0.42,3611.31,7,82.83,93.26,EXCELLENT,0,0,133
FAC-001,FacilityOps Campus,AST-005,Generator 1,Generator,Building C,Block C1,2026-01-04 21:00:00,93.62,4.27,2.88,26.47,0.94,3612.25,7,82.88,33.37,CRITICAL,1,1,3
FAC-001,FacilityOps Campus,AST-005,Generator 1,Generator,Building C,Block C1,2026-01-04 22:00:00,63.44,3.12,5.0,25.46,0.92,3613.17,7,82.92,95.19,EXCELLENT,0,0,174
FAC-001,FacilityOps Campus,AST-005,Generator 1,Generator,Building C,Block C1,2026-01-04 23:00:00,72.95,4.82,5.44,39.58,0.88,3614.05,7,82.96,65.26,WARNING,1,0,23
FAC-001,FacilityOps Campus,AST-005,Generator 1,Generator,Building C,Block C1,2026-01-05 00:00:00,59.62,2.59,5.21,23.57,0.61,3614.66,7,83.0,94.37,EXCELLENT,0,0,126
FAC-001,FacilityOps Campus,AST-005,Generator 1,Generator,Building C,Block C1,2026-01-05 01:00:00,61.01,3.31,4.38,45.26,0.86,3615.52,7,83.04,92.74,EXCELLENT,0,0,156
FAC-001,FacilityOps Campus,AST-005,Generator 1,Generator,Building C,Block C1,2026-01-05 02:00:00,62.06,3.15,5.07,28.49,0.81,3616.33,7,83.08,94.93,EXCELLENT,0,0,167
FAC-001,FacilityOps Campus,AST-005,Generator 1,Generator,Building C,Block C1,2026-01-05 03:00:00,60.24,3.3,4.82,22.16,0.8,3617.13,7,83.12,94.47,EXCELLENT,0,0,120
FAC-001,FacilityOps Campus,AST-005,Generator 1,Generator,Building C,Block C1,2026-01-05 04:00:00,64.84,2.77,5.37,37.33,0.88,3618.01,7,83.17,93.72,EXCELLENT,0,0,112
FAC-001,FacilityOps Campus,AST-005,Generator 1,Generator,Building C,Block C1,2026-01-05 05:00:00,58.74,3.3,5.1,27.72,0.79,3618.8,7,83.21,94.81,EXCELLENT,0,0,101
FAC-001,FacilityOps Campus,AST-005,Generator 1,Generator,Building C,Block C1,2026-01-05 06:00:00,60.61,2.78,4.85,25.89,0.93,3619.73,7,83.25,94.59,EXCELLENT,0,0,157
FAC-001,FacilityOps Campus,AST-005,Generator 1,Generator,Building C,Block C1,2026-01-05 07:00:00,61.8,3.21,5.71,27.18,0.95,3620.68,7,83.29,92.36,EXCELLENT,0,0,177
FAC-001,FacilityOps Campus,AST-005,Generator 1,Generator,Building C,Block C1,2026-01-05 08:00:00,57.79,2.97,5.3,63.72,0.79,3621.47,7,83.33,93.99,EXCELLENT,0,0,157
FAC-001,FacilityOps Campus,AST-005,Generator 1,Generator,Building C,Block C1,2026-01-05 09:00:00,64.72,3.22,4.47,54.38,0.92,3622.39,7,83.38,93.09,EXCELLENT,0,0,157
FAC-001,FacilityOps Campus,AST-005,Generator 1,Generator,Building C,Block C1,2026-01-05 10:00:00,57.94,3.29,5.08,74.86,0.6,3622.99,7,83.42,94.84,EXCELLENT,0,0,143
FAC-001,FacilityOps Campus,AST-005,Generator 1,Generator,Building C,Block C1,2026-01-05 11:00:00,62.23,3.19,5.13,62.3,0.88,3623.87,7,83.46,94.68,EXCELLENT,0,0,135
FAC-001,FacilityOps Campus,AST-005,Generator 1,Generator,Building C,Block C1,2026-01-05 12:00:00,56.74,2.87,5.02,50.23,0.84,3624.71,7,83.5,95.11,EXCELLENT,0,0,154
FAC-001,FacilityOps Campus,AST-005,Generator 1,Generator,Building C,Block C1,2026-01-05 13:00:00,60.75,2.92,5.48,58.44,0.47,3625.18,7,83.54,93.29,EXCELLENT,0,0,124
FAC-001,FacilityOps Campus,AST-005,Generator 1,Generator,Building C,Block C1,2026-01-05 14:00:00,65.16,3.14,5.54,60.35,0.89,3626.06,7,83.58,93.05,EXCELLENT,0,0,139
FAC-001,FacilityOps Campus,AST-005,Generator 1,Generator,Building C,Block C1,2026-01-05 15:00:00,60.21,3.09,4.87,54.51,0.51,3626.57,7,83.62,94.7,EXCELLENT,0,0,109
FAC-001,FacilityOps Campus,AST-005,Generator 1,Generator,Building C,Block C1,2026-01-05 16:00:00,62.33,3.64,5.15,60.07,0.53,3627.1,7,83.67,91.73,EXCELLENT,0,0,143
FAC-001,FacilityOps Campus,AST-005,Generator 1,Generator,Building C,Block C1,2026-01-05 17:00:00,64.24,3.04,4.87,67.88,0.83,3627.93,7,83.71,94.7,EXCELLENT,0,0,120
FAC-001,FacilityOps Campus,AST-005,Generator 1,Generator,Building C,Block C1,2026-01-05 18:00:00,62.17,3.11,5.2,43.52,0.69,3628.62,7,83.75,94.4,EXCELLENT,0,0,124
FAC-001,FacilityOps Campus,AST-005,Generator 1,Generator,Building C,Block C1,2026-01-05 19:00:00,59.31,3.09,4.35,35.59,0.6,3629.21,7,83.79,92.58,EXCELLENT,0,0,171
FAC-001,FacilityOps Campus,AST-005,Generator 1,Generator,Building C,Block C1,2026-01-05 20:00:00,65.66,3.05,5.04,39.49,0.58,3629.8,7,83.83,95.05,EXCELLENT,0,0,117
FAC-001,FacilityOps Campus,AST-005,Generator 1,Generator,Building C,Block C1,2026-01-05 21:00:00,63.41,2.87,5.43,30.98,0.76,3630.56,7,83.88,93.5,EXCELLENT,0,0,130
FAC-001,FacilityOps Campus,AST-005,Generator 1,Generator,Building C,Block C1,2026-01-05 22:00:00,60.14,2.75,4.63,45.63,0.46,3631.02,7,83.92,93.71,EXCELLENT,0,0,177
FAC-001,FacilityOps Campus,AST-005,Generator 1,Generator,Building C,Block C1,2026-01-05 23:00:00,75.61,4.28,4.79,39.14,0.59,3631.61,7,83.96,70.03,GOOD,1,0,51
FAC-001,FacilityOps Campus,AST-005,Generator 1,Generator,Building C,Block C1,2026-01-06 00:00:00,59.32,2.4,4.72,30.58,0.83,3632.44,7,84.0,94.09,EXCELLENT,0,0,119
FAC-001,FacilityOps Campus,AST-005,Generator 1,Generator,Building C,Block C1,2026-01-06 01:00:00,64.18,3.2,5.12,27.25,0.77,3633.21,7,84.04,94.72,EXCELLENT,0,0,141
FAC-001,FacilityOps Campus,AST-005,Generator 1,Generator,Building C,Block C1,2026-01-06 02:00:00,60.66,2.94,4.67,24.03,0.73,3633.94,7,84.08,93.88,EXCELLENT,0,0,163
FAC-001,FacilityOps Campus,AST-005,Generator 1,Generator,Building C,Block C1,2026-01-06 03:00:00,63.13,3.09,4.84,42.82,0.71,3634.65,7,84.12,94.58,EXCELLENT,0,0,135
FAC-001,FacilityOps Campus,AST-005,Generator 1,Generator,Building C,Block C1,2026-01-06 04:00:00,61.0,3.12,5.01,44.49,0.93,3635.58,7,84.17,95.14,EXCELLENT,0,0,161
FAC-001,FacilityOps Campus,AST-005,Generator 1,Generator,Building C,Block C1,2026-01-06 05:00:00,62.84,3.39,4.96,40.19,0.92,3636.5,7,84.21,95.02,EXCELLENT,0,0,117
FAC-001,FacilityOps Campus,AST-005,Generator 1,Generator,Building C,Block C1,2026-01-06 06:00:00,59.5,3.15,4.94,22.22,0.53,3637.03,7,84.25,94.95,EXCELLENT,0,0,132
FAC-001,FacilityOps Campus,AST-005,Generator 1,Generator,Building C,Block C1,2026-01-06 07:00:00,62.47,3.13,5.12,41.89,0.9,3637.93,7,84.29,94.72,EXCELLENT,0,0,102
FAC-001,FacilityOps Campus,AST-005,Generator 1,Generator,Building C,Block C1,2026-01-06 08:00:00,65.11,2.65,4.76,51.44,0.57,3638.5,7,84.33,94.24,EXCELLENT,0,0,150
FAC-001,FacilityOps Campus,AST-005,Generator 1,Generator,Building C,Block C1,2026-01-06 09:00:00,66.77,2.45,5.13,59.58,0.79,3639.29,7,84.38,94.7,EXCELLENT,0,0,112
FAC-001,FacilityOps Campus,AST-005,Generator 1,Generator,Building C,Block C1,2026-01-06 10:00:00,62.38,2.95,4.81,56.15,0.56,3639.85,7,84.42,94.46,EXCELLENT,0,0,103
FAC-001,FacilityOps Campus,AST-005,Generator 1,Generator,Building C,Block C1,2026-01-06 11:00:00,66.08,2.74,4.67,48.58,0.89,3640.74,7,84.46,93.9,EXCELLENT,0,0,144
FAC-001,FacilityOps Campus,AST-005,Generator 1,Generator,Building C,Block C1,2026-01-06 12:00:00,58.83,3.02,4.6,48.28,0.48,3641.22,7,84.5,93.62,EXCELLENT,0,0,170
FAC-001,FacilityOps Campus,AST-005,Generator 1,Generator,Building C,Block C1,2026-01-06 13:00:00,62.18,2.8,5.13,54.32,0.67,3641.89,7,84.54,94.68,EXCELLENT,0,0,128
FAC-001,FacilityOps Campus,AST-005,Generator 1,Generator,Building C,Block C1,2026-01-06 14:00:00,57.34,3.33,4.86,58.88,0.66,3642.55,7,84.58,94.65,EXCELLENT,0,0,176
FAC-001,FacilityOps Campus,AST-005,Generator 1,Generator,Building C,Block C1,2026-01-06 15:00:00,94.71,4.84,4.18,73.13,0.44,3643.0,7,84.62,28.3,CRITICAL,1,1,0
FAC-001,FacilityOps Campus,AST-005,Generator 1,Generator,Building C,Block C1,2026-01-06 16:00:00,65.01,3.0,5.06,66.75,0.87,3643.86,7,84.67,94.95,EXCELLENT,0,0,132
FAC-001,FacilityOps Campus,AST-005,Generator 1,Generator,Building C,Block C1,2026-01-06 17:00:00,60.3,2.81,5.06,60.0,0.8,3644.67,7,84.71,94.98,EXCELLENT,0,0,158
FAC-001,FacilityOps Campus,AST-005,Generator 1,Generator,Building C,Block C1,2026-01-06 18:00:00,63.87,2.94,4.68,58.0,0.54,3645.21,7,84.75,93.91,EXCELLENT,0,0,164
FAC-001,FacilityOps Campus,AST-005,Generator 1,Generator,Building C,Block C1,2026-01-06 19:00:00,62.59,2.36,5.33,24.46,0.5,3645.71,7,84.79,93.87,EXCELLENT,0,0,169
FAC-001,FacilityOps Campus,AST-005,Generator 1,Generator,Building C,Block C1,2026-01-06 20:00:00,83.3,3.96,5.33,46.21,0.59,3646.3,7,84.83,61.95,WARNING,1,0,11
FAC-001,FacilityOps Campus,AST-005,Generator 1,Generator,Building C,Block C1,2026-01-06 21:00:00,64.83,2.68,5.06,35.79,0.68,3646.97,7,84.88,94.98,EXCELLENT,0,0,90
FAC-001,FacilityOps Campus,AST-005,Generator 1,Generator,Building C,Block C1,2026-01-06 22:00:00,60.57,3.0,5.29,42.18,0.45,3647.42,7,84.92,94.04,EXCELLENT,0,0,172
FAC-001,FacilityOps Campus,AST-005,Generator 1,Generator,Building C,Block C1,2026-01-06 23:00:00,60.16,2.99,4.5,29.69,0.56,3647.99,7,84.96,93.21,EXCELLENT,0,0,100
FAC-001,FacilityOps Campus,AST-005,Generator 1,Generator,Building C,Block C1,2026-01-07 00:00:00,62.72,2.8,4.99,27.12,0.98,3648.96,7,85.0,95.14,EXCELLENT,0,0,152
FAC-001,FacilityOps Campus,AST-005,Generator 1,Generator,Building C,Block C1,2026-01-07 01:00:00,60.78,3.51,5.23,35.59,0.57,3649.53,7,85.04,93.46,EXCELLENT,0,0,166
FAC-001,FacilityOps Campus,AST-005,Generator 1,Generator,Building C,Block C1,2026-01-07 02:00:00,58.86,3.27,4.98,28.97,0.49,3650.01,7,85.08,95.13,EXCELLENT,0,0,96
FAC-001,FacilityOps Campus,AST-005,Generator 1,Generator,Building C,Block C1,2026-01-07 03:00:00,61.52,2.78,5.37,51.78,1.0,3651.01,7,85.12,93.74,EXCELLENT,0,0,131
FAC-001,FacilityOps Campus,AST-005,Generator 1,Generator,Building C,Block C1,2026-01-07 04:00:00,60.46,2.68,4.66,19.51,0.76,3651.78,7,85.17,93.86,EXCELLENT,0,0,154
FAC-001,FacilityOps Campus,AST-005,Generator 1,Generator,Building C,Block C1,2026-01-07 05:00:00,62.57,2.58,5.1,20.17,0.82,3652.6,7,85.21,94.8,EXCELLENT,0,0,105
FAC-001,FacilityOps Campus,AST-005,Generator 1,Generator,Building C,Block C1,2026-01-07 06:00:00,62.43,2.87,4.69,38.5,0.43,3653.03,7,85.25,93.96,EXCELLENT,0,0,114
FAC-001,FacilityOps Campus,AST-005,Generator 1,Generator,Building C,Block C1,2026-01-07 07:00:00,65.87,2.7,4.74,45.99,0.7,3653.73,7,85.29,94.17,EXCELLENT,0,0,149
FAC-001,FacilityOps Campus,AST-005,Generator 1,Generator,Building C,Block C1,2026-01-07 08:00:00,60.92,2.98,5.33,50.63,0.63,3654.36,7,85.33,93.9,EXCELLENT,0,0,98
FAC-001,FacilityOps Campus,AST-005,Generator 1,Generator,Building C,Block C1,2026-01-07 09:00:00,62.99,3.24,4.89,63.87,0.97,3655.33,7,85.38,94.74,EXCELLENT,0,0,109
FAC-001,FacilityOps Campus,AST-005,Generator 1,Generator,Building C,Block C1,2026-01-07 10:00:00,61.61,3.09,4.94,58.36,0.97,3656.3,7,85.42,94.95,EXCELLENT,0,0,149
FAC-001,FacilityOps Campus,AST-005,Generator 1,Generator,Building C,Block C1,2026-01-07 11:00:00,64.62,2.94,4.73,69.88,0.42,3656.72,7,85.46,94.1,EXCELLENT,0,0,170
FAC-001,FacilityOps Campus,AST-005,Generator 1,Generator,Building C,Block C1,2026-01-07 12:00:00,61.86,2.96,4.84,54.89,0.77,3657.49,7,85.5,94.54,EXCELLENT,0,0,92
FAC-001,FacilityOps Campus,AST-005,Generator 1,Generator,Building C,Block C1,2026-01-07 13:00:00,62.31,3.3,4.66,67.05,0.84,3658.33,7,85.54,93.83,EXCELLENT,0,0,112
FAC-001,FacilityOps Campus,AST-005,Generator 1,Generator,Building C,Block C1,2026-01-07 14:00:00,61.36,2.51,4.65,55.91,0.9,3659.23,7,85.58,93.79,EXCELLENT,0,0,124
FAC-001,FacilityOps Campus,AST-005,Generator 1,Generator,Building C,Block C1,2026-01-07 15:00:00,59.73,3.09,4.87,56.17,0.6,3659.83,7,85.62,94.7,EXCELLENT,0,0,146
FAC-001,FacilityOps Campus,AST-005,Generator 1,Generator,Building C,Block C1,2026-01-07 16:00:00,63.4,3.36,5.15,64.23,0.57,3660.4,7,85.67,94.58,EXCELLENT,0,0,158
FAC-001,FacilityOps Campus,AST-005,Generator 1,Generator,Building C,Block C1,2026-01-07 17:00:00,61.19,2.82,5.15,57.29,0.5,3660.9,7,85.71,94.62,EXCELLENT,0,0,111
FAC-001,FacilityOps Campus,AST-005,Generator 1,Generator,Building C,Block C1,2026-01-07 18:00:00,61.92,2.79,5.2,70.6,0.82,3661.72,7,85.75,94.42,EXCELLENT,0,0,166
FAC-001,FacilityOps Campus,AST-005,Generator 1,Generator,Building C,Block C1,2026-01-07 19:00:00,59.29,3.08,5.33,36.54,0.98,3662.7,7,85.79,93.88,EXCELLENT,0,0,97
FAC-001,FacilityOps Campus,AST-005,Generator 1,Generator,Building C,Block C1,2026-01-07 20:00:00,60.35,3.41,5.18,19.98,0.89,3663.59,7,85.83,94.47,EXCELLENT,0,0,166
FAC-001,FacilityOps Campus,AST-005,Generator 1,Generator,Building C,Block C1,2026-01-07 21:00:00,60.31,2.97,5.28,17.72,0.58,3664.17,7,85.88,94.09,EXCELLENT,0,0,177
FAC-001,FacilityOps Campus,AST-005,Generator 1,Generator,Building C,Block C1,2026-01-07 22:00:00,64.61,3.01,4.77,33.24,0.48,3664.64,7,85.92,94.26,EXCELLENT,0,0,117
FAC-001,FacilityOps Campus,AST-005,Generator 1,Generator,Building C,Block C1,2026-01-07 23:00:00,59.47,2.86,4.88,27.86,0.42,3665.07,7,85.96,94.7,EXCELLENT,0,0,160
FAC-001,FacilityOps Campus,AST-005,Generator 1,Generator,Building C,Block C1,2026-01-08 00:00:00,62.52,2.39,5.03,19.24,0.89,3665.96,7,86.0,95.09,EXCELLENT,0,0,92
FAC-001,FacilityOps Campus,AST-005,Generator 1,Generator,Building C,Block C1,2026-01-08 01:00:00,60.64,3.18,5.12,33.23,0.74,3666.7,7,86.04,94.73,EXCELLENT,0,0,148
FAC-001,FacilityOps Campus,AST-005,Generator 1,Generator,Building C,Block C1,2026-01-08 02:00:00,64.3,2.94,5.18,27.46,0.48,3667.18,7,86.08,94.47,EXCELLENT,0,0,107
FAC-001,FacilityOps Campus,AST-005,Generator 1,Generator,Building C,Block C1,2026-01-08 03:00:00,54.94,2.87,5.05,32.86,0.65,3667.83,7,86.12,95.02,EXCELLENT,0,0,153
FAC-001,FacilityOps Campus,AST-005,Generator 1,Generator,Building C,Block C1,2026-01-08 04:00:00,58.93,2.62,5.53,42.87,0.83,3668.66,7,86.17,93.06,EXCELLENT,0,0,146
FAC-001,FacilityOps Campus,AST-005,Generator 1,Generator,Building C,Block C1,2026-01-08 05:00:00,64.07,2.99,5.65,40.59,0.59,3669.25,7,86.21,92.62,EXCELLENT,0,0,166
FAC-001,FacilityOps Campus,AST-005,Generator 1,Generator,Building C,Block C1,2026-01-08 06:00:00,60.62,3.08,5.06,34.9,0.66,3669.91,7,86.25,94.95,EXCELLENT,0,0,160
FAC-001,FacilityOps Campus,AST-005,Generator 1,Generator,Building C,Block C1,2026-01-08 07:00:00,58.09,2.66,4.8,32.0,0.96,3670.88,7,86.29,94.39,EXCELLENT,0,0,149
FAC-001,FacilityOps Campus,AST-005,Generator 1,Generator,Building C,Block C1,2026-01-08 08:00:00,66.6,2.89,5.11,46.15,0.41,3671.29,7,86.33,94.78,EXCELLENT,0,0,159
FAC-001,FacilityOps Campus,AST-005,Generator 1,Generator,Building C,Block C1,2026-01-08 09:00:00,61.52,3.11,5.28,55.38,0.84,3672.13,7,86.38,94.08,EXCELLENT,0,0,157
FAC-001,FacilityOps Campus,AST-005,Generator 1,Generator,Building C,Block C1,2026-01-08 10:00:00,63.73,3.07,4.3,69.51,0.88,3673.02,7,86.42,92.42,EXCELLENT,0,0,98
FAC-001,FacilityOps Campus,AST-005,Generator 1,Generator,Building C,Block C1,2026-01-08 11:00:00,61.75,3.12,5.23,63.9,0.95,3673.96,7,86.46,94.26,EXCELLENT,0,0,109
FAC-001,FacilityOps Campus,AST-005,Generator 1,Generator,Building C,Block C1,2026-01-08 12:00:00,63.3,2.58,5.24,66.55,0.67,3674.64,7,86.5,94.25,EXCELLENT,0,0,101
FAC-001,FacilityOps Campus,AST-005,Generator 1,Generator,Building C,Block C1,2026-01-08 13:00:00,60.24,2.56,4.73,72.93,0.7,3675.33,7,86.54,94.12,EXCELLENT,0,0,169
FAC-001,FacilityOps Campus,AST-005,Generator 1,Generator,Building C,Block C1,2026-01-08 14:00:00,76.0,3.52,5.27,62.6,0.83,3676.16,7,86.58,80.47,GOOD,1,0,62
FAC-001,FacilityOps Campus,AST-005,Generator 1,Generator,Building C,Block C1,2026-01-08 15:00:00,56.27,3.03,4.98,64.64,0.53,3676.69,7,86.62,95.12,EXCELLENT,0,0,170
FAC-001,FacilityOps Campus,AST-005,Generator 1,Generator,Building C,Block C1,2026-01-08 16:00:00,59.07,2.92,4.84,53.33,0.69,3677.38,7,86.67,94.56,EXCELLENT,0,0,178
FAC-001,FacilityOps Campus,AST-005,Generator 1,Generator,Building C,Block C1,2026-01-08 17:00:00,61.66,3.44,4.85,45.78,0.96,3678.34,7,86.71,94.6,EXCELLENT,0,0,178
FAC-001,FacilityOps Campus,AST-005,Generator 1,Generator,Building C,Block C1,2026-01-08 18:00:00,60.75,2.82,4.44,58.88,0.52,3678.86,7,86.75,92.95,EXCELLENT,0,0,121
FAC-001,FacilityOps Campus,AST-005,Generator 1,Generator,Building C,Block C1,2026-01-08 19:00:00,62.63,3.16,4.69,29.63,0.79,3679.65,7,86.79,93.98,EXCELLENT,0,0,104
FAC-001,FacilityOps Campus,AST-005,Generator 1,Generator,Building C,Block C1,2026-01-08 20:00:00,64.07,3.21,4.59,31.15,0.57,3680.22,7,86.83,93.54,EXCELLENT,0,0,139
FAC-001,FacilityOps Campus,AST-005,Generator 1,Generator,Building C,Block C1,2026-01-08 21:00:00,59.2,3.16,5.09,27.49,0.41,3680.64,7,86.88,94.85,EXCELLENT,0,0,121
FAC-001,FacilityOps Campus,AST-005,Generator 1,Generator,Building C,Block C1,2026-01-08 22:00:00,61.83,2.57,5.26,38.49,0.96,3681.6,7,86.92,94.17,EXCELLENT,0,0,115
FAC-001,FacilityOps Campus,AST-005,Generator 1,Generator,Building C,Block C1,2026-01-08 23:00:00,61.06,3.39,5.34,28.85,0.55,3682.15,7,86.96,93.86,EXCELLENT,0,0,113
FAC-001,FacilityOps Campus,AST-005,Generator 1,Generator,Building C,Block C1,2026-01-09 00:00:00,60.35,3.11,5.55,27.3,0.78,3682.93,7,87.0,92.99,EXCELLENT,0,0,104
FAC-001,FacilityOps Campus,AST-005,Generator 1,Generator,Building C,Block C1,2026-01-09 01:00:00,61.39,2.91,5.33,34.65,0.99,3683.92,7,87.04,93.88,EXCELLENT,0,0,135
FAC-001,FacilityOps Campus,AST-005,Generator 1,Generator,Building C,Block C1,2026-01-09 02:00:00,77.9,4.52,4.5,43.43,0.42,3684.34,7,87.08,61.51,WARNING,1,0,9
FAC-001,FacilityOps Campus,AST-005,Generator 1,Generator,Building C,Block C1,2026-01-09 03:00:00,59.04,3.3,4.36,47.46,0.48,3684.82,7,87.12,92.64,EXCELLENT,0,0,152
FAC-001,FacilityOps Campus,AST-005,Generator 1,Generator,Building C,Block C1,2026-01-09 04:00:00,62.21,2.95,5.31,32.09,0.84,3685.66,7,87.17,93.95,EXCELLENT,0,0,112
FAC-001,FacilityOps Campus,AST-005,Generator 1,Generator,Building C,Block C1,2026-01-09 05:00:00,61.11,2.67,4.77,31.4,0.4,3686.07,7,87.21,94.28,EXCELLENT,0,0,159
FAC-001,FacilityOps Campus,AST-005,Generator 1,Generator,Building C,Block C1,2026-01-09 06:00:00,58.87,2.92,5.03,34.57,0.89,3686.95,7,87.25,95.09,EXCELLENT,0,0,133
FAC-001,FacilityOps Campus,AST-005,Generator 1,Generator,Building C,Block C1,2026-01-09 07:00:00,62.69,3.59,5.37,29.09,0.7,3687.66,7,87.29,91.66,EXCELLENT,0,0,118
FAC-001,FacilityOps Campus,AST-005,Generator 1,Generator,Building C,Block C1,2026-01-09 08:00:00,66.68,3.15,4.89,69.45,0.66,3688.32,7,87.33,94.76,EXCELLENT,0,0,92
FAC-001,FacilityOps Campus,AST-005,Generator 1,Generator,Building C,Block C1,2026-01-09 09:00:00,65.91,3.09,5.78,49.69,0.94,3689.26,7,87.38,92.1,EXCELLENT,0,0,114
FAC-001,FacilityOps Campus,AST-005,Generator 1,Generator,Building C,Block C1,2026-01-09 10:00:00,62.81,3.07,5.31,66.2,0.82,3690.08,7,87.42,93.95,EXCELLENT,0,0,112
FAC-001,FacilityOps Campus,AST-005,Generator 1,Generator,Building C,Block C1,2026-01-09 11:00:00,61.81,2.92,5.2,54.85,0.71,3690.79,7,87.46,94.39,EXCELLENT,0,0,158
FAC-001,FacilityOps Campus,AST-005,Generator 1,Generator,Building C,Block C1,2026-01-09 12:00:00,65.91,2.96,5.07,50.26,0.65,3691.44,7,87.5,94.91,EXCELLENT,0,0,126
FAC-001,FacilityOps Campus,AST-005,Generator 1,Generator,Building C,Block C1,2026-01-09 13:00:00,60.91,3.23,4.91,61.52,0.56,3692.0,7,87.54,94.84,EXCELLENT,0,0,172
FAC-001,FacilityOps Campus,AST-005,Generator 1,Generator,Building C,Block C1,2026-01-09 14:00:00,63.46,3.16,4.87,62.2,0.51,3692.51,7,87.58,94.67,EXCELLENT,0,0,159
FAC-001,FacilityOps Campus,AST-005,Generator 1,Generator,Building C,Block C1,2026-01-09 15:00:00,65.22,2.72,5.08,57.91,0.95,3693.46,7,87.62,94.88,EXCELLENT,0,0,109
FAC-001,FacilityOps Campus,AST-005,Generator 1,Generator,Building C,Block C1,2026-01-09 16:00:00,60.54,3.07,5.05,53.87,0.79,3694.25,7,87.67,94.99,EXCELLENT,0,0,178
FAC-001,FacilityOps Campus,AST-005,Generator 1,Generator,Building C,Block C1,2026-01-09 17:00:00,63.63,3.25,4.7,67.11,0.5,3694.75,7,87.71,94.01,EXCELLENT,0,0,125
FAC-001,FacilityOps Campus,AST-005,Generator 1,Generator,Building C,Block C1,2026-01-09 18:00:00,62.04,3.03,4.96,69.76,0.52,3695.27,7,87.75,95.02,EXCELLENT,0,0,153
FAC-001,FacilityOps Campus,AST-005,Generator 1,Generator,Building C,Block C1,2026-01-09 19:00:00,58.82,3.01,4.55,32.31,0.78,3696.05,7,87.79,93.41,EXCELLENT,0,0,128
FAC-001,FacilityOps Campus,AST-005,Generator 1,Generator,Building C,Block C1,2026-01-09 20:00:00,60.78,2.87,4.65,41.96,0.62,3696.67,7,87.83,93.78,EXCELLENT,0,0,163
FAC-001,FacilityOps Campus,AST-005,Generator 1,Generator,Building C,Block C1,2026-01-09 21:00:00,58.83,2.76,4.92,21.01,0.58,3697.24,7,87.88,94.87,EXCELLENT,0,0,96
FAC-001,FacilityOps Campus,AST-005,Generator 1,Generator,Building C,Block C1,2026-01-09 22:00:00,60.47,2.96,5.46,39.45,0.64,3697.88,7,87.92,93.36,EXCELLENT,0,0,177
FAC-001,FacilityOps Campus,AST-005,Generator 1,Generator,Building C,Block C1,2026-01-09 23:00:00,60.54,3.1,5.19,34.09,0.91,3698.79,7,87.96,94.45,EXCELLENT,0,0,116
FAC-001,FacilityOps Campus,AST-005,Generator 1,Generator,Building C,Block C1,2026-01-10 00:00:00,62.2,3.25,5.16,34.51,0.73,3699.53,7,88.0,94.55,EXCELLENT,0,0,161
FAC-001,FacilityOps Campus,AST-005,Generator 1,Generator,Building C,Block C1,2026-01-10 01:00:00,62.16,2.97,4.78,27.53,0.76,3700.29,7,88.04,94.33,EXCELLENT,0,0,175
FAC-001,FacilityOps Campus,AST-005,Generator 1,Generator,Building C,Block C1,2026-01-10 02:00:00,62.24,3.07,5.04,39.64,0.91,3701.2,7,88.08,95.05,EXCELLENT,0,0,129
FAC-001,FacilityOps Campus,AST-005,Generator 1,Generator,Building C,Block C1,2026-01-10 03:00:00,58.34,3.02,4.78,38.52,0.75,3701.94,7,88.12,94.33,EXCELLENT,0,0,143
FAC-001,FacilityOps Campus,AST-005,Generator 1,Generator,Building C,Block C1,2026-01-10 04:00:00,66.47,3.06,5.42,44.03,0.74,3702.68,7,88.17,93.53,EXCELLENT,0,0,119
FAC-001,FacilityOps Campus,AST-005,Generator 1,Generator,Building C,Block C1,2026-01-10 05:00:00,62.1,3.16,5.2,40.66,0.95,3703.64,7,88.21,94.38,EXCELLENT,0,0,156
FAC-001,FacilityOps Campus,AST-005,Generator 1,Generator,Building C,Block C1,2026-01-10 06:00:00,65.04,3.17,5.17,29.85,0.8,3704.44,7,88.25,94.54,EXCELLENT,0,0,99
FAC-001,FacilityOps Campus,AST-005,Generator 1,Generator,Building C,Block C1,2026-01-10 07:00:00,63.92,2.8,5.14,31.35,0.82,3705.26,7,88.29,94.64,EXCELLENT,0,0,161
FAC-001,FacilityOps Campus,AST-005,Generator 1,Generator,Building C,Block C1,2026-01-10 08:00:00,61.06,3.12,4.82,60.89,0.42,3705.68,7,88.33,94.47,EXCELLENT,0,0,135
FAC-001,FacilityOps Campus,AST-005,Generator 1,Generator,Building C,Block C1,2026-01-10 09:00:00,59.56,2.87,4.9,68.58,0.67,3706.35,7,88.38,94.81,EXCELLENT,0,0,177
FAC-001,FacilityOps Campus,AST-005,Generator 1,Generator,Building C,Block C1,2026-01-10 10:00:00,60.81,2.72,5.37,60.14,0.95,3707.3,7,88.42,93.73,EXCELLENT,0,0,137
FAC-001,FacilityOps Campus,AST-005,Generator 1,Generator,Building C,Block C1,2026-01-10 11:00:00,62.89,2.89,5.08,52.84,0.71,3708.02,7,88.46,94.89,EXCELLENT,0,0,168
FAC-001,FacilityOps Campus,AST-005,Generator 1,Generator,Building C,Block C1,2026-01-10 12:00:00,60.05,2.72,5.21,58.73,1.0,3709.02,7,88.5,94.38,EXCELLENT,0,0,154
FAC-001,FacilityOps Campus,AST-005,Generator 1,Generator,Building C,Block C1,2026-01-10 13:00:00,63.52,2.9,4.91,68.99,0.51,3709.53,7,88.54,94.86,EXCELLENT,0,0,121
FAC-001,FacilityOps Campus,AST-005,Generator 1,Generator,Building C,Block C1,2026-01-10 14:00:00,62.09,3.13,4.99,51.67,0.72,3710.25,7,88.58,95.18,EXCELLENT,0,0,150
FAC-001,FacilityOps Campus,AST-005,Generator 1,Generator,Building C,Block C1,2026-01-10 15:00:00,61.87,3.37,5.18,55.94,0.69,3710.93,7,88.62,94.47,EXCELLENT,0,0,120
FAC-001,FacilityOps Campus,AST-005,Generator 1,Generator,Building C,Block C1,2026-01-10 16:00:00,58.22,3.06,5.01,47.9,0.75,3711.69,7,88.67,95.14,EXCELLENT,0,0,132
FAC-001,FacilityOps Campus,AST-005,Generator 1,Generator,Building C,Block C1,2026-01-10 17:00:00,57.16,3.03,5.32,69.47,0.81,3712.5,7,88.71,93.94,EXCELLENT,0,0,99
FAC-001,FacilityOps Campus,AST-005,Generator 1,Generator,Building C,Block C1,2026-01-10 18:00:00,58.53,3.22,4.66,53.11,0.87,3713.37,7,88.75,93.82,EXCELLENT,0,0,102
FAC-001,FacilityOps Campus,AST-005,Generator 1,Generator,Building C,Block C1,2026-01-10 19:00:00,61.38,2.74,4.96,47.14,0.81,3714.18,7,88.79,95.06,EXCELLENT,0,0,132
FAC-001,FacilityOps Campus,AST-005,Generator 1,Generator,Building C,Block C1,2026-01-10 20:00:00,57.26,3.28,5.03,23.37,0.63,3714.82,7,88.83,95.07,EXCELLENT,0,0,154
FAC-001,FacilityOps Campus,AST-005,Generator 1,Generator,Building C,Block C1,2026-01-10 21:00:00,66.88,3.26,5.31,19.27,0.63,3715.44,7,88.88,93.94,EXCELLENT,0,0,110
FAC-001,FacilityOps Campus,AST-005,Generator 1,Generator,Building C,Block C1,2026-01-10 22:00:00,62.23,3.16,4.55,35.64,0.96,3716.4,7,88.92,93.39,EXCELLENT,0,0,147
FAC-001,FacilityOps Campus,AST-005,Generator 1,Generator,Building C,Block C1,2026-01-10 23:00:00,60.68,2.79,4.36,23.42,0.7,3717.11,7,88.96,92.64,EXCELLENT,0,0,176
FAC-001,FacilityOps Campus,AST-005,Generator 1,Generator,Building C,Block C1,2026-01-11 00:00:00,62.07,2.73,4.63,36.14,0.69,3717.79,7,89.0,93.72,EXCELLENT,0,0,94
FAC-001,FacilityOps Campus,AST-005,Generator 1,Generator,Building C,Block C1,2026-01-11 01:00:00,62.16,3.1,4.64,38.58,0.63,3718.42,7,89.04,93.76,EXCELLENT,0,0,105
FAC-001,FacilityOps Campus,AST-005,Generator 1,Generator,Building C,Block C1,2026-01-11 02:00:00,59.87,3.22,4.83,38.94,0.79,3719.21,7,89.08,94.53,EXCELLENT,0,0,136
FAC-001,FacilityOps Campus,AST-005,Generator 1,Generator,Building C,Block C1,2026-01-11 03:00:00,62.1,3.2,4.68,45.15,0.41,3719.62,7,89.12,93.91,EXCELLENT,0,0,110
FAC-001,FacilityOps Campus,AST-005,Generator 1,Generator,Building C,Block C1,2026-01-11 04:00:00,61.22,3.15,5.32,22.84,0.98,3720.59,7,89.17,93.94,EXCELLENT,0,0,98
FAC-001,FacilityOps Campus,AST-005,Generator 1,Generator,Building C,Block C1,2026-01-11 05:00:00,60.31,2.86,4.99,41.27,0.94,3721.53,7,89.21,95.17,EXCELLENT,0,0,115
FAC-001,FacilityOps Campus,AST-005,Generator 1,Generator,Building C,Block C1,2026-01-11 06:00:00,65.38,3.29,5.08,27.29,0.6,3722.13,7,89.25,94.87,EXCELLENT,0,0,128
FAC-001,FacilityOps Campus,AST-005,Generator 1,Generator,Building C,Block C1,2026-01-11 07:00:00,57.3,3.04,5.71,29.72,0.75,3722.88,7,89.29,92.38,EXCELLENT,0,0,114
FAC-001,FacilityOps Campus,AST-005,Generator 1,Generator,Building C,Block C1,2026-01-11 08:00:00,64.54,3.04,5.02,63.88,0.47,3723.35,7,89.33,95.11,EXCELLENT,0,0,100
FAC-001,FacilityOps Campus,AST-005,Generator 1,Generator,Building C,Block C1,2026-01-11 09:00:00,61.89,3.0,4.55,52.51,0.71,3724.06,7,89.38,93.41,EXCELLENT,0,0,93
FAC-001,FacilityOps Campus,AST-005,Generator 1,Generator,Building C,Block C1,2026-01-11 10:00:00,74.91,3.91,5.62,84.3,0.68,3724.74,7,89.42,69.8,WARNING,1,0,13
FAC-001,FacilityOps Campus,AST-005,Generator 1,Generator,Building C,Block C1,2026-01-11 11:00:00,61.0,2.97,5.03,53.87,0.92,3725.66,7,89.46,95.09,EXCELLENT,0,0,95
FAC-001,FacilityOps Campus,AST-005,Generator 1,Generator,Building C,Block C1,2026-01-11 12:00:00,65.18,2.95,5.09,63.2,0.55,3726.22,7,89.5,94.85,EXCELLENT,0,0,158
FAC-001,FacilityOps Campus,AST-005,Generator 1,Generator,Building C,Block C1,2026-01-11 13:00:00,62.85,2.93,4.88,59.37,0.6,3726.82,7,89.54,94.73,EXCELLENT,0,0,112
FAC-001,FacilityOps Campus,AST-005,Generator 1,Generator,Building C,Block C1,2026-01-11 14:00:00,57.62,3.16,4.78,54.76,0.57,3727.39,7,89.58,94.32,EXCELLENT,0,0,122
FAC-001,FacilityOps Campus,AST-005,Generator 1,Generator,Building C,Block C1,2026-01-11 15:00:00,56.63,3.15,5.16,60.44,0.77,3728.17,7,89.62,94.56,EXCELLENT,0,0,131
FAC-001,FacilityOps Campus,AST-005,Generator 1,Generator,Building C,Block C1,2026-01-11 16:00:00,58.79,2.8,4.91,68.41,0.62,3728.79,7,89.67,94.84,EXCELLENT,0,0,116
FAC-001,FacilityOps Campus,AST-005,Generator 1,Generator,Building C,Block C1,2026-01-11 17:00:00,60.82,2.87,5.29,45.01,0.84,3729.63,7,89.71,94.04,EXCELLENT,0,0,171
FAC-001,FacilityOps Campus,AST-005,Generator 1,Generator,Building C,Block C1,2026-01-11 18:00:00,63.69,3.34,5.43,64.62,0.8,3730.43,7,89.75,93.47,EXCELLENT,0,0,94
FAC-001,FacilityOps Campus,AST-005,Generator 1,Generator,Building C,Block C1,2026-01-11 19:00:00,65.44,3.16,4.85,29.49,0.42,3730.85,7,89.79,94.6,EXCELLENT,0,0,148
FAC-001,FacilityOps Campus,AST-005,Generator 1,Generator,Building C,Block C1,2026-01-11 20:00:00,64.29,3.4,5.51,28.54,0.66,3731.51,7,89.83,93.16,EXCELLENT,0,0,128
FAC-001,FacilityOps Campus,AST-005,Generator 1,Generator,Building C,Block C1,2026-01-11 21:00:00,60.32,3.16,5.12,38.7,0.79,3732.29,7,89.88,94.7,EXCELLENT,0,0,105
FAC-001,FacilityOps Campus,AST-005,Generator 1,Generator,Building C,Block C1,2026-01-11 22:00:00,58.11,3.45,4.74,37.01,0.74,3733.03,7,89.92,94.17,EXCELLENT,0,0,104
FAC-001,FacilityOps Campus,AST-005,Generator 1,Generator,Building C,Block C1,2026-01-11 23:00:00,65.57,2.8,4.51,38.79,0.65,3733.68,7,89.96,93.24,EXCELLENT,0,0,162
FAC-001,FacilityOps Campus,AST-005,Generator 1,Generator,Building C,Block C1,2026-01-12 00:00:00,61.35,2.85,4.73,44.32,0.54,3734.22,7,90.0,94.12,EXCELLENT,0,0,125
FAC-001,FacilityOps Campus,AST-005,Generator 1,Generator,Building C,Block C1,2026-01-12 01:00:00,63.07,2.84,4.77,40.04,0.97,3735.2,7,90.04,94.28,EXCELLENT,0,0,165
FAC-001,FacilityOps Campus,AST-005,Generator 1,Generator,Building C,Block C1,2026-01-12 02:00:00,61.04,3.35,5.13,34.31,0.62,3735.81,7,90.08,94.69,EXCELLENT,0,0,164
FAC-001,FacilityOps Campus,AST-005,Generator 1,Generator,Building C,Block C1,2026-01-12 03:00:00,57.06,2.83,4.66,23.71,0.99,3736.8,7,90.12,93.85,EXCELLENT,0,0,106
FAC-001,FacilityOps Campus,AST-005,Generator 1,Generator,Building C,Block C1,2026-01-12 04:00:00,72.67,4.28,6.19,47.14,0.83,3737.63,7,90.17,70.75,GOOD,1,0,70
FAC-001,FacilityOps Campus,AST-005,Generator 1,Generator,Building C,Block C1,2026-01-12 05:00:00,60.46,2.96,5.06,35.97,0.84,3738.47,7,90.21,94.94,EXCELLENT,0,0,152
FAC-001,FacilityOps Campus,AST-005,Generator 1,Generator,Building C,Block C1,2026-01-12 06:00:00,64.39,2.78,5.16,42.11,0.79,3739.26,7,90.25,94.55,EXCELLENT,0,0,142
FAC-001,FacilityOps Campus,AST-005,Generator 1,Generator,Building C,Block C1,2026-01-12 07:00:00,60.84,2.81,5.37,30.68,0.62,3739.88,7,90.29,93.73,EXCELLENT,0,0,174
FAC-001,FacilityOps Campus,AST-005,Generator 1,Generator,Building C,Block C1,2026-01-12 08:00:00,57.78,2.98,5.32,72.11,0.73,3740.6,7,90.33,93.92,EXCELLENT,0,0,100
FAC-001,FacilityOps Campus,AST-005,Generator 1,Generator,Building C,Block C1,2026-01-12 09:00:00,61.76,2.76,5.54,65.01,0.89,3741.49,7,90.38,93.03,EXCELLENT,0,0,131
FAC-001,FacilityOps Campus,AST-005,Generator 1,Generator,Building C,Block C1,2026-01-12 10:00:00,59.34,2.67,5.48,71.26,0.75,3742.24,7,90.42,93.29,EXCELLENT,0,0,165
FAC-001,FacilityOps Campus,AST-005,Generator 1,Generator,Building C,Block C1,2026-01-12 11:00:00,66.26,3.23,5.25,54.58,0.95,3743.19,7,90.46,94.18,EXCELLENT,0,0,134
FAC-001,FacilityOps Campus,AST-005,Generator 1,Generator,Building C,Block C1,2026-01-12 12:00:00,57.25,2.81,4.14,57.81,0.4,3743.6,7,90.5,91.75,EXCELLENT,0,0,131
FAC-001,FacilityOps Campus,AST-005,Generator 1,Generator,Building C,Block C1,2026-01-12 13:00:00,62.05,2.75,5.28,71.73,0.86,3744.45,7,90.54,94.09,EXCELLENT,0,0,159
FAC-001,FacilityOps Campus,AST-005,Generator 1,Generator,Building C,Block C1,2026-01-12 14:00:00,60.31,3.04,4.86,60.39,0.86,3745.31,7,90.58,94.64,EXCELLENT,0,0,116
FAC-001,FacilityOps Campus,AST-005,Generator 1,Generator,Building C,Block C1,2026-01-12 15:00:00,61.13,3.33,4.57,62.5,0.73,3746.05,7,90.62,93.47,EXCELLENT,0,0,134
FAC-001,FacilityOps Campus,AST-005,Generator 1,Generator,Building C,Block C1,2026-01-12 16:00:00,59.9,3.18,4.66,58.8,0.46,3746.51,7,90.67,93.86,EXCELLENT,0,0,114
FAC-001,FacilityOps Campus,AST-005,Generator 1,Generator,Building C,Block C1,2026-01-12 17:00:00,61.94,3.01,4.93,50.17,0.5,3747.01,7,90.71,94.92,EXCELLENT,0,0,135
FAC-001,FacilityOps Campus,AST-005,Generator 1,Generator,Building C,Block C1,2026-01-12 18:00:00,63.22,2.6,5.45,58.57,0.96,3747.97,7,90.75,93.4,EXCELLENT,0,0,145
FAC-001,FacilityOps Campus,AST-005,Generator 1,Generator,Building C,Block C1,2026-01-12 19:00:00,62.36,2.53,5.34,36.77,0.83,3748.79,7,90.79,93.86,EXCELLENT,0,0,96
FAC-001,FacilityOps Campus,AST-005,Generator 1,Generator,Building C,Block C1,2026-01-12 20:00:00,62.69,3.15,4.91,44.2,0.43,3749.22,7,90.83,94.84,EXCELLENT,0,0,143
FAC-001,FacilityOps Campus,AST-005,Generator 1,Generator,Building C,Block C1,2026-01-12 21:00:00,69.12,3.1,4.99,52.58,0.69,3749.91,7,90.88,93.69,EXCELLENT,0,0,175
FAC-001,FacilityOps Campus,AST-005,Generator 1,Generator,Building C,Block C1,2026-01-12 22:00:00,60.08,3.44,5.07,24.14,0.61,3750.52,7,90.92,94.9,EXCELLENT,0,0,126
FAC-001,FacilityOps Campus,AST-005,Generator 1,Generator,Building C,Block C1,2026-01-12 23:00:00,62.5,3.32,4.91,40.02,0.74,3751.27,7,90.96,94.82,EXCELLENT,0,0,142
FAC-001,FacilityOps Campus,AST-005,Generator 1,Generator,Building C,Block C1,2026-01-13 00:00:00,59.86,3.15,5.19,44.43,0.99,3752.26,7,91.0,94.45,EXCELLENT,0,0,90
FAC-001,FacilityOps Campus,AST-005,Generator 1,Generator,Building C,Block C1,2026-01-13 01:00:00,61.55,2.62,4.84,43.54,0.59,3752.85,7,91.04,94.56,EXCELLENT,0,0,129
FAC-001,FacilityOps Campus,AST-005,Generator 1,Generator,Building C,Block C1,2026-01-13 02:00:00,64.01,2.86,4.53,46.37,0.42,3753.27,7,91.08,93.32,EXCELLENT,0,0,134
FAC-001,FacilityOps Campus,AST-005,Generator 1,Generator,Building C,Block C1,2026-01-13 03:00:00,59.24,3.61,4.85,49.68,0.79,3754.06,7,91.12,92.17,EXCELLENT,0,0,142
FAC-001,FacilityOps Campus,AST-005,Generator 1,Generator,Building C,Block C1,2026-01-13 04:00:00,64.42,2.88,4.61,38.52,0.45,3754.5,7,91.17,93.63,EXCELLENT,0,0,91
FAC-001,FacilityOps Campus,AST-005,Generator 1,Generator,Building C,Block C1,2026-01-13 05:00:00,63.35,2.71,4.78,43.24,0.46,3754.96,7,91.21,94.3,EXCELLENT,0,0,145
FAC-001,FacilityOps Campus,AST-005,Generator 1,Generator,Building C,Block C1,2026-01-13 06:00:00,59.04,2.4,5.11,35.74,0.88,3755.83,7,91.25,94.77,EXCELLENT,0,0,136
FAC-001,FacilityOps Campus,AST-005,Generator 1,Generator,Building C,Block C1,2026-01-13 07:00:00,61.28,3.29,5.05,33.69,0.69,3756.52,7,91.29,95.02,EXCELLENT,0,0,151
FAC-001,FacilityOps Campus,AST-005,Generator 1,Generator,Building C,Block C1,2026-01-13 08:00:00,61.86,3.13,5.24,54.48,0.71,3757.23,7,91.33,94.25,EXCELLENT,0,0,90
FAC-001,FacilityOps Campus,AST-005,Generator 1,Generator,Building C,Block C1,2026-01-13 09:00:00,62.25,2.97,4.8,56.62,0.9,3758.13,7,91.38,94.41,EXCELLENT,0,0,150
FAC-001,FacilityOps Campus,AST-005,Generator 1,Generator,Building C,Block C1,2026-01-13 10:00:00,57.93,3.16,4.83,56.2,0.63,3758.76,7,91.42,94.54,EXCELLENT,0,0,165
FAC-001,FacilityOps Campus,AST-005,Generator 1,Generator,Building C,Block C1,2026-01-13 11:00:00,65.9,3.22,5.18,59.29,0.47,3759.23,7,91.46,94.49,EXCELLENT,0,0,178
FAC-001,FacilityOps Campus,AST-005,Generator 1,Generator,Building C,Block C1,2026-01-13 12:00:00,59.33,2.52,4.64,60.48,0.62,3759.85,7,91.5,93.76,EXCELLENT,0,0,138
FAC-001,FacilityOps Campus,AST-005,Generator 1,Generator,Building C,Block C1,2026-01-13 13:00:00,60.01,3.04,5.21,50.44,0.58,3760.43,7,91.54,94.37,EXCELLENT,0,0,129
FAC-001,FacilityOps Campus,AST-005,Generator 1,Generator,Building C,Block C1,2026-01-13 14:00:00,64.65,3.14,5.05,60.48,0.44,3760.87,7,91.58,95.0,EXCELLENT,0,0,178
FAC-001,FacilityOps Campus,AST-005,Generator 1,Generator,Building C,Block C1,2026-01-13 15:00:00,61.94,3.02,4.49,65.42,0.81,3761.67,7,91.62,93.16,EXCELLENT,0,0,120
FAC-001,FacilityOps Campus,AST-005,Generator 1,Generator,Building C,Block C1,2026-01-13 16:00:00,61.24,2.77,4.77,53.87,0.76,3762.44,7,91.67,94.27,EXCELLENT,0,0,153
FAC-001,FacilityOps Campus,AST-005,Generator 1,Generator,Building C,Block C1,2026-01-13 17:00:00,63.33,3.46,4.68,69.78,0.68,3763.11,7,91.71,93.7,EXCELLENT,0,0,109
FAC-001,FacilityOps Campus,AST-005,Generator 1,Generator,Building C,Block C1,2026-01-13 18:00:00,63.8,2.78,5.41,62.7,0.47,3763.58,7,91.75,93.56,EXCELLENT,0,0,172
FAC-001,FacilityOps Campus,AST-005,Generator 1,Generator,Building C,Block C1,2026-01-13 19:00:00,63.85,3.27,4.81,39.85,0.91,3764.49,7,91.79,94.43,EXCELLENT,0,0,148
FAC-001,FacilityOps Campus,AST-005,Generator 1,Generator,Building C,Block C1,2026-01-13 20:00:00,61.06,2.88,4.6,36.27,0.8,3765.3,7,91.83,93.6,EXCELLENT,0,0,175
FAC-001,FacilityOps Campus,AST-005,Generator 1,Generator,Building C,Block C1,2026-01-13 21:00:00,63.53,3.53,4.79,28.75,0.64,3765.94,7,91.88,93.17,EXCELLENT,0,0,123
FAC-001,FacilityOps Campus,AST-005,Generator 1,Generator,Building C,Block C1,2026-01-13 22:00:00,59.19,2.91,5.05,33.13,0.58,3766.52,7,91.92,95.02,EXCELLENT,0,0,138
FAC-001,FacilityOps Campus,AST-005,Generator 1,Generator,Building C,Block C1,2026-01-13 23:00:00,60.52,2.93,4.7,38.41,0.98,3767.5,7,91.96,94.02,EXCELLENT,0,0,95
FAC-001,FacilityOps Campus,AST-005,Generator 1,Generator,Building C,Block C1,2026-01-14 00:00:00,61.54,3.22,4.9,46.22,0.74,3768.24,7,92.0,94.79,EXCELLENT,0,0,120
FAC-001,FacilityOps Campus,AST-005,Generator 1,Generator,Building C,Block C1,2026-01-14 01:00:00,65.61,3.38,5.27,36.61,0.88,3769.11,7,92.04,94.13,EXCELLENT,0,0,164
FAC-001,FacilityOps Campus,AST-005,Generator 1,Generator,Building C,Block C1,2026-01-14 02:00:00,61.74,3.13,5.18,26.54,0.66,3769.77,7,92.08,94.48,EXCELLENT,0,0,178
FAC-001,FacilityOps Campus,AST-005,Generator 1,Generator,Building C,Block C1,2026-01-14 03:00:00,61.44,3.16,5.31,41.5,0.8,3770.57,7,92.12,93.97,EXCELLENT,0,0,177
FAC-001,FacilityOps Campus,AST-005,Generator 1,Generator,Building C,Block C1,2026-01-14 04:00:00,63.68,2.6,5.44,36.46,0.5,3771.07,7,92.17,93.44,EXCELLENT,0,0,106
FAC-001,FacilityOps Campus,AST-005,Generator 1,Generator,Building C,Block C1,2026-01-14 05:00:00,64.36,3.04,4.78,33.47,0.41,3771.48,7,92.21,94.33,EXCELLENT,0,0,176
FAC-001,FacilityOps Campus,AST-005,Generator 1,Generator,Building C,Block C1,2026-01-14 06:00:00,64.16,2.66,4.85,32.33,0.63,3772.11,7,92.25,94.59,EXCELLENT,0,0,110
FAC-001,FacilityOps Campus,AST-005,Generator 1,Generator,Building C,Block C1,2026-01-14 07:00:00,64.37,2.71,5.1,38.23,0.86,3772.97,7,92.29,94.82,EXCELLENT,0,0,92
FAC-001,FacilityOps Campus,AST-005,Generator 1,Generator,Building C,Block C1,2026-01-14 08:00:00,62.23,3.34,4.65,65.69,0.9,3773.87,7,92.33,93.8,EXCELLENT,0,0,159
FAC-001,FacilityOps Campus,AST-005,Generator 1,Generator,Building C,Block C1,2026-01-14 09:00:00,57.94,3.2,5.72,66.31,0.77,3774.64,7,92.38,92.3,EXCELLENT,0,0,162
FAC-001,FacilityOps Campus,AST-005,Generator 1,Generator,Building C,Block C1,2026-01-14 10:00:00,56.8,2.7,4.58,60.18,0.45,3775.09,7,92.42,93.53,EXCELLENT,0,0,161
FAC-001,FacilityOps Campus,AST-005,Generator 1,Generator,Building C,Block C1,2026-01-14 11:00:00,60.7,3.34,5.42,67.7,0.48,3775.57,7,92.46,93.51,EXCELLENT,0,0,120
FAC-001,FacilityOps Campus,AST-005,Generator 1,Generator,Building C,Block C1,2026-01-14 12:00:00,66.28,3.21,4.85,59.04,0.88,3776.45,7,92.5,94.6,EXCELLENT,0,0,165
FAC-001,FacilityOps Campus,AST-005,Generator 1,Generator,Building C,Block C1,2026-01-14 13:00:00,62.42,2.92,4.86,54.44,0.93,3777.38,7,92.54,94.65,EXCELLENT,0,0,130
FAC-001,FacilityOps Campus,AST-005,Generator 1,Generator,Building C,Block C1,2026-01-14 14:00:00,65.88,3.19,5.09,62.86,0.96,3778.33,7,92.58,94.84,EXCELLENT,0,0,134
FAC-001,FacilityOps Campus,AST-005,Generator 1,Generator,Building C,Block C1,2026-01-14 15:00:00,62.76,3.02,5.16,63.61,0.69,3779.02,7,92.62,94.57,EXCELLENT,0,0,106
FAC-001,FacilityOps Campus,AST-005,Generator 1,Generator,Building C,Block C1,2026-01-14 16:00:00,60.6,2.99,4.85,52.39,0.56,3779.58,7,92.67,94.59,EXCELLENT,0,0,95
FAC-001,FacilityOps Campus,AST-005,Generator 1,Generator,Building C,Block C1,2026-01-14 17:00:00,64.02,3.19,4.33,66.88,0.96,3780.54,7,92.71,92.54,EXCELLENT,0,0,135
FAC-001,FacilityOps Campus,AST-005,Generator 1,Generator,Building C,Block C1,2026-01-14 18:00:00,75.94,5.58,3.97,80.92,0.49,3781.03,7,92.75,43.29,CRITICAL,1,1,6
FAC-001,FacilityOps Campus,AST-005,Generator 1,Generator,Building C,Block C1,2026-01-14 19:00:00,60.67,3.41,5.6,31.3,0.94,3781.97,7,92.79,92.8,EXCELLENT,0,0,171
FAC-001,FacilityOps Campus,AST-005,Generator 1,Generator,Building C,Block C1,2026-01-14 20:00:00,61.27,3.12,5.45,30.26,0.45,3782.42,7,92.83,93.41,EXCELLENT,0,0,162
FAC-001,FacilityOps Campus,AST-005,Generator 1,Generator,Building C,Block C1,2026-01-14 21:00:00,60.95,3.24,5.62,42.99,0.79,3783.21,7,92.88,92.74,EXCELLENT,0,0,91
FAC-001,FacilityOps Campus,AST-005,Generator 1,Generator,Building C,Block C1,2026-01-14 22:00:00,62.44,3.18,4.57,38.38,0.71,3783.92,7,92.92,93.48,EXCELLENT,0,0,175
FAC-001,FacilityOps Campus,AST-005,Generator 1,Generator,Building C,Block C1,2026-01-14 23:00:00,62.6,3.05,4.71,45.85,0.54,3784.46,7,92.96,94.02,EXCELLENT,0,0,165
FAC-001,FacilityOps Campus,AST-005,Generator 1,Generator,Building C,Block C1,2026-01-15 00:00:00,57.24,3.12,5.03,45.31,0.55,3785.02,7,93.0,95.09,EXCELLENT,0,0,92
FAC-001,FacilityOps Campus,AST-005,Generator 1,Generator,Building C,Block C1,2026-01-15 01:00:00,65.09,2.94,4.82,27.78,0.81,3785.83,7,93.04,94.46,EXCELLENT,0,0,156
FAC-001,FacilityOps Campus,AST-005,Generator 1,Generator,Building C,Block C1,2026-01-15 02:00:00,58.59,3.47,5.19,31.95,0.62,3786.45,7,93.08,94.2,EXCELLENT,0,0,154
FAC-001,FacilityOps Campus,AST-005,Generator 1,Generator,Building C,Block C1,2026-01-15 03:00:00,63.27,2.64,5.05,37.5,0.59,3787.04,7,93.12,95.0,EXCELLENT,0,0,108
FAC-001,FacilityOps Campus,AST-005,Generator 1,Generator,Building C,Block C1,2026-01-15 04:00:00,60.58,2.48,4.98,20.08,0.84,3787.88,7,93.17,95.13,EXCELLENT,0,0,178
FAC-001,FacilityOps Campus,AST-005,Generator 1,Generator,Building C,Block C1,2026-01-15 05:00:00,56.51,3.53,4.87,36.44,0.73,3788.61,7,93.21,93.52,EXCELLENT,0,0,142
FAC-001,FacilityOps Campus,AST-005,Generator 1,Generator,Building C,Block C1,2026-01-15 06:00:00,75.73,5.18,4.44,44.18,0.78,3789.39,7,93.25,54.86,WARNING,1,1,30
FAC-001,FacilityOps Campus,AST-005,Generator 1,Generator,Building C,Block C1,2026-01-15 07:00:00,92.4,4.41,3.47,36.19,0.74,3790.13,7,93.29,35.64,CRITICAL,1,1,1
FAC-001,FacilityOps Campus,AST-005,Generator 1,Generator,Building C,Block C1,2026-01-15 08:00:00,61.31,3.13,4.95,64.46,0.86,3790.99,7,93.33,94.98,EXCELLENT,0,0,176
FAC-001,FacilityOps Campus,AST-005,Generator 1,Generator,Building C,Block C1,2026-01-15 09:00:00,62.54,3.13,4.42,66.05,0.95,3791.93,7,93.38,92.89,EXCELLENT,0,0,164
FAC-001,FacilityOps Campus,AST-005,Generator 1,Generator,Building C,Block C1,2026-01-15 10:00:00,67.95,3.29,5.04,53.81,0.57,3792.5,7,93.42,95.03,EXCELLENT,0,0,105
FAC-001,FacilityOps Campus,AST-005,Generator 1,Generator,Building C,Block C1,2026-01-15 11:00:00,60.97,3.12,5.14,67.64,0.59,3793.09,7,93.46,94.62,EXCELLENT,0,0,98
FAC-001,FacilityOps Campus,AST-005,Generator 1,Generator,Building C,Block C1,2026-01-15 12:00:00,58.36,3.0,5.2,52.12,0.87,3793.96,7,93.5,94.42,EXCELLENT,0,0,174
FAC-001,FacilityOps Campus,AST-005,Generator 1,Generator,Building C,Block C1,2026-01-15 13:00:00,58.6,2.49,5.19,65.14,0.43,3794.39,7,93.54,94.44,EXCELLENT,0,0,128
FAC-001,FacilityOps Campus,AST-005,Generator 1,Generator,Building C,Block C1,2026-01-15 14:00:00,62.43,2.7,5.14,54.93,0.42,3794.81,7,93.58,94.63,EXCELLENT,0,0,91
FAC-001,FacilityOps Campus,AST-005,Generator 1,Generator,Building C,Block C1,2026-01-15 15:00:00,60.06,3.27,4.81,52.23,0.69,3795.51,7,93.62,94.42,EXCELLENT,0,0,127
FAC-001,FacilityOps Campus,AST-005,Generator 1,Generator,Building C,Block C1,2026-01-15 16:00:00,64.91,2.78,4.79,71.8,0.9,3796.4,7,93.67,94.34,EXCELLENT,0,0,110
FAC-001,FacilityOps Campus,AST-005,Generator 1,Generator,Building C,Block C1,2026-01-15 17:00:00,64.35,3.09,5.25,62.96,0.83,3797.23,7,93.71,94.2,EXCELLENT,0,0,145
FAC-001,FacilityOps Campus,AST-005,Generator 1,Generator,Building C,Block C1,2026-01-15 18:00:00,65.1,2.67,4.76,61.14,0.58,3797.82,7,93.75,94.22,EXCELLENT,0,0,131
FAC-001,FacilityOps Campus,AST-005,Generator 1,Generator,Building C,Block C1,2026-01-15 19:00:00,66.2,2.53,4.99,25.72,0.94,3798.76,7,93.79,95.16,EXCELLENT,0,0,152
FAC-001,FacilityOps Campus,AST-005,Generator 1,Generator,Building C,Block C1,2026-01-15 20:00:00,61.85,3.16,5.03,34.21,0.65,3799.41,7,93.83,95.1,EXCELLENT,0,0,96
FAC-001,FacilityOps Campus,AST-005,Generator 1,Generator,Building C,Block C1,2026-01-15 21:00:00,64.7,3.34,5.08,31.51,0.48,3799.88,7,93.88,94.9,EXCELLENT,0,0,168
FAC-001,FacilityOps Campus,AST-005,Generator 1,Generator,Building C,Block C1,2026-01-15 22:00:00,58.69,3.28,4.85,28.36,0.47,3800.36,7,93.92,94.58,EXCELLENT,0,0,150
FAC-001,FacilityOps Campus,AST-005,Generator 1,Generator,Building C,Block C1,2026-01-15 23:00:00,59.42,3.16,5.31,39.57,0.54,3800.9,7,93.96,93.94,EXCELLENT,0,0,173
FAC-001,FacilityOps Campus,AST-005,Generator 1,Generator,Building C,Block C1,2026-01-16 00:00:00,62.09,2.83,4.71,34.3,0.88,3801.78,7,94.0,94.05,EXCELLENT,0,0,135
FAC-001,FacilityOps Campus,AST-005,Generator 1,Generator,Building C,Block C1,2026-01-16 01:00:00,64.88,2.54,5.11,25.21,0.97,3802.75,7,94.04,94.77,EXCELLENT,0,0,147
FAC-001,FacilityOps Campus,AST-005,Generator 1,Generator,Building C,Block C1,2026-01-16 02:00:00,60.32,2.88,5.47,29.14,0.67,3803.42,7,94.08,93.32,EXCELLENT,0,0,167
FAC-001,FacilityOps Campus,AST-005,Generator 1,Generator,Building C,Block C1,2026-01-16 03:00:00,58.13,2.56,4.68,39.94,0.47,3803.89,7,94.12,93.93,EXCELLENT,0,0,138
FAC-001,FacilityOps Campus,AST-005,Generator 1,Generator,Building C,Block C1,2026-01-16 04:00:00,62.62,2.84,5.67,37.1,0.43,3804.32,7,94.17,92.52,EXCELLENT,0,0,141
FAC-001,FacilityOps Campus,AST-005,Generator 1,Generator,Building C,Block C1,2026-01-16 05:00:00,63.94,3.0,4.58,35.43,0.76,3805.07,7,94.21,93.5,EXCELLENT,0,0,94
FAC-001,FacilityOps Campus,AST-005,Generator 1,Generator,Building C,Block C1,2026-01-16 06:00:00,60.37,3.08,4.84,40.21,0.65,3805.73,7,94.25,94.57,EXCELLENT,0,0,115
FAC-001,FacilityOps Campus,AST-005,Generator 1,Generator,Building C,Block C1,2026-01-16 07:00:00,59.76,3.18,4.7,21.17,0.7,3806.42,7,94.29,94.01,EXCELLENT,0,0,144
FAC-001,FacilityOps Campus,AST-005,Generator 1,Generator,Building C,Block C1,2026-01-16 08:00:00,64.36,2.89,4.27,74.66,0.76,3807.18,7,94.33,92.29,EXCELLENT,0,0,143
FAC-001,FacilityOps Campus,AST-005,Generator 1,Generator,Building C,Block C1,2026-01-16 09:00:00,55.75,3.13,4.94,64.62,0.45,3807.63,7,94.38,94.98,EXCELLENT,0,0,175
FAC-001,FacilityOps Campus,AST-005,Generator 1,Generator,Building C,Block C1,2026-01-16 10:00:00,60.19,3.34,4.62,64.55,0.77,3808.41,7,94.42,93.68,EXCELLENT,0,0,172
FAC-001,FacilityOps Campus,AST-005,Generator 1,Generator,Building C,Block C1,2026-01-16 11:00:00,62.23,2.83,4.74,63.29,0.42,3808.83,7,94.46,94.16,EXCELLENT,0,0,103
FAC-001,FacilityOps Campus,AST-005,Generator 1,Generator,Building C,Block C1,2026-01-16 12:00:00,60.94,2.97,4.32,57.7,0.54,3809.37,7,94.5,92.49,EXCELLENT,0,0,110
FAC-001,FacilityOps Campus,AST-005,Generator 1,Generator,Building C,Block C1,2026-01-16 13:00:00,77.78,4.81,5.99,58.92,0.79,3810.16,7,94.54,55.43,WARNING,1,0,24
FAC-001,FacilityOps Campus,AST-005,Generator 1,Generator,Building C,Block C1,2026-01-16 14:00:00,63.38,3.04,5.38,59.54,0.99,3811.15,7,94.58,93.68,EXCELLENT,0,0,169
FAC-001,FacilityOps Campus,AST-005,Generator 1,Generator,Building C,Block C1,2026-01-16 15:00:00,58.96,3.34,4.55,57.51,0.82,3811.97,7,94.62,93.38,EXCELLENT,0,0,165
FAC-001,FacilityOps Campus,AST-005,Generator 1,Generator,Building C,Block C1,2026-01-16 16:00:00,63.49,2.96,4.91,63.22,0.85,3812.82,7,94.67,94.83,EXCELLENT,0,0,136
FAC-001,FacilityOps Campus,AST-005,Generator 1,Generator,Building C,Block C1,2026-01-16 17:00:00,65.38,3.26,4.77,64.99,0.77,3813.59,7,94.71,94.3,EXCELLENT,0,0,119
FAC-001,FacilityOps Campus,AST-005,Generator 1,Generator,Building C,Block C1,2026-01-16 18:00:00,63.72,3.01,4.2,60.55,0.67,3814.26,7,94.75,92.01,EXCELLENT,0,0,169
FAC-001,FacilityOps Campus,AST-005,Generator 1,Generator,Building C,Block C1,2026-01-16 19:00:00,59.8,2.96,5.13,24.8,0.56,3814.82,7,94.79,94.67,EXCELLENT,0,0,164
FAC-001,FacilityOps Campus,AST-005,Generator 1,Generator,Building C,Block C1,2026-01-16 20:00:00,67.48,3.37,5.5,25.67,1.0,3815.82,7,94.83,93.19,EXCELLENT,0,0,179
FAC-001,FacilityOps Campus,AST-005,Generator 1,Generator,Building C,Block C1,2026-01-16 21:00:00,59.39,3.32,5.32,35.01,0.43,3816.25,7,94.88,93.92,EXCELLENT,0,0,117
FAC-001,FacilityOps Campus,AST-005,Generator 1,Generator,Building C,Block C1,2026-01-16 22:00:00,62.04,2.81,5.42,45.91,0.57,3816.82,7,94.92,93.52,EXCELLENT,0,0,114
FAC-001,FacilityOps Campus,AST-005,Generator 1,Generator,Building C,Block C1,2026-01-16 23:00:00,67.27,3.39,5.32,30.88,0.83,3817.65,7,94.96,93.92,EXCELLENT,0,0,112
FAC-001,FacilityOps Campus,AST-005,Generator 1,Generator,Building C,Block C1,2026-01-17 00:00:00,65.04,2.68,4.95,30.34,0.72,3818.37,7,95.0,94.98,EXCELLENT,0,0,144
FAC-001,FacilityOps Campus,AST-005,Generator 1,Generator,Building C,Block C1,2026-01-17 01:00:00,61.26,2.74,5.33,34.07,0.87,3819.24,7,95.04,93.87,EXCELLENT,0,0,148
FAC-001,FacilityOps Campus,AST-005,Generator 1,Generator,Building C,Block C1,2026-01-17 02:00:00,60.02,3.08,4.48,47.1,0.63,3819.87,7,95.08,93.1,EXCELLENT,0,0,105
FAC-001,FacilityOps Campus,AST-005,Generator 1,Generator,Building C,Block C1,2026-01-17 03:00:00,69.74,4.2,5.03,38.35,0.68,3820.56,7,95.12,81.33,GOOD,1,0,60
FAC-001,FacilityOps Campus,AST-005,Generator 1,Generator,Building C,Block C1,2026-01-17 04:00:00,57.63,3.09,5.22,32.07,0.47,3821.02,7,95.17,94.32,EXCELLENT,0,0,177
FAC-001,FacilityOps Campus,AST-005,Generator 1,Generator,Building C,Block C1,2026-01-17 05:00:00,68.34,4.22,5.98,37.31,0.49,3821.51,7,95.21,79.55,GOOD,1,0,55
FAC-001,FacilityOps Campus,AST-005,Generator 1,Generator,Building C,Block C1,2026-01-17 06:00:00,63.25,3.26,4.98,36.07,0.4,3821.91,7,95.25,95.13,EXCELLENT,0,0,168
FAC-001,FacilityOps Campus,AST-005,Generator 1,Generator,Building C,Block C1,2026-01-17 07:00:00,63.16,3.09,4.6,45.75,0.91,3822.82,7,95.29,93.62,EXCELLENT,0,0,93
FAC-001,FacilityOps Campus,AST-005,Generator 1,Generator,Building C,Block C1,2026-01-17 08:00:00,57.52,2.79,4.99,55.77,0.91,3823.73,7,95.33,95.15,EXCELLENT,0,0,179
FAC-001,FacilityOps Campus,AST-005,Generator 1,Generator,Building C,Block C1,2026-01-17 09:00:00,61.24,3.46,4.92,52.7,0.48,3824.21,7,95.38,94.77,EXCELLENT,0,0,114
FAC-001,FacilityOps Campus,AST-005,Generator 1,Generator,Building C,Block C1,2026-01-17 10:00:00,65.07,2.74,5.34,55.66,0.51,3824.72,7,95.42,93.83,EXCELLENT,0,0,136
FAC-001,FacilityOps Campus,AST-005,Generator 1,Generator,Building C,Block C1,2026-01-17 11:00:00,63.88,2.89,5.45,67.51,0.8,3825.51,7,95.46,93.41,EXCELLENT,0,0,140
FAC-001,FacilityOps Campus,AST-005,Generator 1,Generator,Building C,Block C1,2026-01-17 12:00:00,62.21,3.51,4.9,64.25,0.49,3826.0,7,95.5,93.85,EXCELLENT,0,0,138
FAC-001,FacilityOps Campus,AST-005,Generator 1,Generator,Building C,Block C1,2026-01-17 13:00:00,61.96,3.13,5.16,63.33,0.8,3826.8,7,95.54,94.56,EXCELLENT,0,0,134
FAC-001,FacilityOps Campus,AST-005,Generator 1,Generator,Building C,Block C1,2026-01-17 14:00:00,61.3,3.2,4.72,52.96,0.53,3827.33,7,95.58,94.09,EXCELLENT,0,0,108
FAC-001,FacilityOps Campus,AST-005,Generator 1,Generator,Building C,Block C1,2026-01-17 15:00:00,63.24,2.65,5.39,66.63,0.86,3828.19,7,95.62,93.64,EXCELLENT,0,0,150
FAC-001,FacilityOps Campus,AST-005,Generator 1,Generator,Building C,Block C1,2026-01-17 16:00:00,59.32,2.73,4.52,55.68,0.96,3829.16,7,95.67,93.29,EXCELLENT,0,0,103
FAC-001,FacilityOps Campus,AST-005,Generator 1,Generator,Building C,Block C1,2026-01-17 17:00:00,59.79,2.92,4.93,53.98,1.0,3830.15,7,95.71,94.92,EXCELLENT,0,0,128
FAC-001,FacilityOps Campus,AST-005,Generator 1,Generator,Building C,Block C1,2026-01-17 18:00:00,59.53,2.67,5.04,60.06,0.62,3830.77,7,95.75,95.05,EXCELLENT,0,0,150
FAC-001,FacilityOps Campus,AST-005,Generator 1,Generator,Building C,Block C1,2026-01-17 19:00:00,63.7,3.05,5.57,35.11,0.79,3831.55,7,95.79,92.94,EXCELLENT,0,0,173
FAC-001,FacilityOps Campus,AST-005,Generator 1,Generator,Building C,Block C1,2026-01-17 20:00:00,60.55,3.11,4.76,39.51,0.61,3832.17,7,95.83,94.23,EXCELLENT,0,0,135
FAC-001,FacilityOps Campus,AST-005,Generator 1,Generator,Building C,Block C1,2026-01-17 21:00:00,61.01,3.44,4.87,36.96,0.96,3833.12,7,95.88,94.68,EXCELLENT,0,0,175
FAC-001,FacilityOps Campus,AST-005,Generator 1,Generator,Building C,Block C1,2026-01-17 22:00:00,65.15,2.78,4.72,31.64,0.8,3833.93,7,95.92,94.08,EXCELLENT,0,0,97
FAC-001,FacilityOps Campus,AST-005,Generator 1,Generator,Building C,Block C1,2026-01-17 23:00:00,66.52,3.43,4.62,24.72,0.88,3834.81,7,95.96,93.68,EXCELLENT,0,0,145
FAC-001,FacilityOps Campus,AST-005,Generator 1,Generator,Building C,Block C1,2026-01-18 00:00:00,63.36,3.12,5.51,19.33,0.92,3835.72,7,96.0,93.17,EXCELLENT,0,0,136
FAC-001,FacilityOps Campus,AST-005,Generator 1,Generator,Building C,Block C1,2026-01-18 01:00:00,64.37,2.76,4.88,40.95,0.53,3836.25,7,96.04,94.71,EXCELLENT,0,0,142
FAC-001,FacilityOps Campus,AST-005,Generator 1,Generator,Building C,Block C1,2026-01-18 02:00:00,63.69,3.0,5.48,24.95,0.66,3836.91,7,96.08,93.29,EXCELLENT,0,0,125
FAC-001,FacilityOps Campus,AST-005,Generator 1,Generator,Building C,Block C1,2026-01-18 03:00:00,61.53,2.95,4.97,28.8,0.49,3837.39,7,96.12,95.08,EXCELLENT,0,0,162
FAC-001,FacilityOps Campus,AST-005,Generator 1,Generator,Building C,Block C1,2026-01-18 04:00:00,63.3,3.31,5.03,38.89,0.44,3837.83,7,96.17,95.09,EXCELLENT,0,0,172
FAC-001,FacilityOps Campus,AST-005,Generator 1,Generator,Building C,Block C1,2026-01-18 05:00:00,80.05,4.51,3.82,33.48,0.75,3838.58,7,96.21,55.51,WARNING,1,0,21
FAC-001,FacilityOps Campus,AST-005,Generator 1,Generator,Building C,Block C1,2026-01-18 06:00:00,64.04,3.09,4.75,34.77,0.7,3839.28,7,96.25,94.19,EXCELLENT,0,0,155
FAC-001,FacilityOps Campus,AST-005,Generator 1,Generator,Building C,Block C1,2026-01-18 07:00:00,60.74,2.7,5.57,37.94,0.9,3840.19,7,96.29,92.94,EXCELLENT,0,0,152
FAC-001,FacilityOps Campus,AST-005,Generator 1,Generator,Building C,Block C1,2026-01-18 08:00:00,66.2,3.17,4.91,57.79,0.7,3840.88,7,96.33,94.85,EXCELLENT,0,0,138
FAC-001,FacilityOps Campus,AST-005,Generator 1,Generator,Building C,Block C1,2026-01-18 09:00:00,59.67,3.11,5.74,61.88,0.74,3841.62,7,96.38,92.23,EXCELLENT,0,0,154
FAC-001,FacilityOps Campus,AST-005,Generator 1,Generator,Building C,Block C1,2026-01-18 10:00:00,61.75,3.02,4.82,63.67,0.8,3842.43,7,96.42,94.47,EXCELLENT,0,0,109
FAC-001,FacilityOps Campus,AST-005,Generator 1,Generator,Building C,Block C1,2026-01-18 11:00:00,61.06,3.16,4.67,65.99,0.51,3842.93,7,96.46,93.89,EXCELLENT,0,0,91
FAC-001,FacilityOps Campus,AST-005,Generator 1,Generator,Building C,Block C1,2026-01-18 12:00:00,62.55,2.94,5.25,69.82,0.53,3843.46,7,96.5,94.21,EXCELLENT,0,0,140
FAC-001,FacilityOps Campus,AST-005,Generator 1,Generator,Building C,Block C1,2026-01-18 13:00:00,60.91,3.31,5.38,76.96,0.89,3844.35,7,96.54,92.5,EXCELLENT,0,0,129
FAC-001,FacilityOps Campus,AST-005,Generator 1,Generator,Building C,Block C1,2026-01-18 14:00:00,63.11,3.07,5.35,49.12,0.51,3844.85,7,96.58,93.78,EXCELLENT,0,0,128
FAC-001,FacilityOps Campus,AST-005,Generator 1,Generator,Building C,Block C1,2026-01-18 15:00:00,63.38,2.99,4.3,54.78,0.6,3845.45,7,96.62,92.38,EXCELLENT,0,0,103
FAC-001,FacilityOps Campus,AST-005,Generator 1,Generator,Building C,Block C1,2026-01-18 16:00:00,88.89,4.64,3.7,74.47,0.67,3846.13,7,96.67,38.85,CRITICAL,1,1,0
FAC-001,FacilityOps Campus,AST-005,Generator 1,Generator,Building C,Block C1,2026-01-18 17:00:00,64.62,2.8,5.28,69.19,0.88,3847.01,7,96.71,94.07,EXCELLENT,0,0,100
FAC-001,FacilityOps Campus,AST-005,Generator 1,Generator,Building C,Block C1,2026-01-18 18:00:00,64.21,3.22,4.91,63.96,0.56,3847.56,7,96.75,94.84,EXCELLENT,0,0,180
FAC-001,FacilityOps Campus,AST-005,Generator 1,Generator,Building C,Block C1,2026-01-18 19:00:00,62.9,3.15,4.88,43.44,0.55,3848.11,7,96.79,94.7,EXCELLENT,0,0,154
FAC-001,FacilityOps Campus,AST-005,Generator 1,Generator,Building C,Block C1,2026-01-18 20:00:00,58.65,2.84,5.11,34.46,0.57,3848.68,7,96.83,94.76,EXCELLENT,0,0,90
FAC-001,FacilityOps Campus,AST-005,Generator 1,Generator,Building C,Block C1,2026-01-18 21:00:00,57.55,3.05,4.78,37.12,0.59,3849.27,7,96.88,94.32,EXCELLENT,0,0,109
FAC-001,FacilityOps Campus,AST-005,Generator 1,Generator,Building C,Block C1,2026-01-18 22:00:00,61.72,2.97,5.17,30.74,0.48,3849.75,7,96.92,94.5,EXCELLENT,0,0,152
FAC-001,FacilityOps Campus,AST-005,Generator 1,Generator,Building C,Block C1,2026-01-18 23:00:00,65.53,2.86,4.9,28.2,0.5,3850.25,7,96.96,94.82,EXCELLENT,0,0,124
FAC-001,FacilityOps Campus,AST-005,Generator 1,Generator,Building C,Block C1,2026-01-19 00:00:00,60.36,3.42,4.95,29.0,0.67,3850.91,7,97.0,94.99,EXCELLENT,0,0,167
FAC-001,FacilityOps Campus,AST-005,Generator 1,Generator,Building C,Block C1,2026-01-19 01:00:00,60.19,2.81,5.01,25.23,0.55,3851.47,7,97.04,95.17,EXCELLENT,0,0,149
FAC-001,FacilityOps Campus,AST-005,Generator 1,Generator,Building C,Block C1,2026-01-19 02:00:00,60.8,3.16,4.88,20.87,0.64,3852.11,7,97.08,94.74,EXCELLENT,0,0,119
FAC-001,FacilityOps Campus,AST-005,Generator 1,Generator,Building C,Block C1,2026-01-19 03:00:00,59.85,2.87,5.43,30.37,0.6,3852.71,7,97.12,93.48,EXCELLENT,0,0,111
FAC-001,FacilityOps Campus,AST-005,Generator 1,Generator,Building C,Block C1,2026-01-19 04:00:00,65.08,2.57,5.33,31.57,0.69,3853.4,7,97.17,93.88,EXCELLENT,0,0,129
FAC-001,FacilityOps Campus,AST-005,Generator 1,Generator,Building C,Block C1,2026-01-19 05:00:00,59.38,3.13,5.12,30.0,0.45,3853.85,7,97.21,94.7,EXCELLENT,0,0,128
FAC-001,FacilityOps Campus,AST-005,Generator 1,Generator,Building C,Block C1,2026-01-19 06:00:00,59.18,3.53,5.31,26.83,0.89,3854.74,7,97.25,92.79,EXCELLENT,0,0,138
FAC-001,FacilityOps Campus,AST-005,Generator 1,Generator,Building C,Block C1,2026-01-19 07:00:00,62.5,2.74,5.07,33.37,0.59,3855.33,7,97.29,94.94,EXCELLENT,0,0,123
FAC-001,FacilityOps Campus,AST-005,Generator 1,Generator,Building C,Block C1,2026-01-19 08:00:00,65.43,3.13,4.88,52.55,0.42,3855.75,7,97.33,94.71,EXCELLENT,0,0,167
FAC-001,FacilityOps Campus,AST-005,Generator 1,Generator,Building C,Block C1,2026-01-19 09:00:00,61.01,2.69,5.08,68.42,0.91,3856.66,7,97.38,94.87,EXCELLENT,0,0,125
FAC-001,FacilityOps Campus,AST-005,Generator 1,Generator,Building C,Block C1,2026-01-19 10:00:00,61.92,2.97,5.11,53.49,0.8,3857.46,7,97.42,94.75,EXCELLENT,0,0,151
FAC-001,FacilityOps Campus,AST-005,Generator 1,Generator,Building C,Block C1,2026-01-19 11:00:00,63.52,3.2,4.99,56.93,0.78,3858.24,7,97.46,95.16,EXCELLENT,0,0,176
FAC-001,FacilityOps Campus,AST-005,Generator 1,Generator,Building C,Block C1,2026-01-19 12:00:00,62.53,3.14,5.33,63.13,0.55,3858.79,7,97.5,93.89,EXCELLENT,0,0,121
FAC-001,FacilityOps Campus,AST-005,Generator 1,Generator,Building C,Block C1,2026-01-19 13:00:00,60.9,3.34,5.06,56.91,0.64,3859.43,7,97.54,94.95,EXCELLENT,0,0,136
FAC-001,FacilityOps Campus,AST-005,Generator 1,Generator,Building C,Block C1,2026-01-19 14:00:00,63.67,2.67,4.84,59.04,0.91,3860.34,7,97.58,94.55,EXCELLENT,0,0,142
FAC-001,FacilityOps Campus,AST-005,Generator 1,Generator,Building C,Block C1,2026-01-19 15:00:00,64.85,3.1,5.19,60.09,0.73,3861.07,7,97.62,94.46,EXCELLENT,0,0,149
FAC-001,FacilityOps Campus,AST-005,Generator 1,Generator,Building C,Block C1,2026-01-19 16:00:00,58.28,2.85,4.81,78.76,0.98,3862.05,7,97.67,92.28,EXCELLENT,0,0,109
FAC-001,FacilityOps Campus,AST-005,Generator 1,Generator,Building C,Block C1,2026-01-19 17:00:00,60.55,2.94,5.45,64.29,0.81,3862.86,7,97.71,93.41,EXCELLENT,0,0,107
FAC-001,FacilityOps Campus,AST-005,Generator 1,Generator,Building C,Block C1,2026-01-19 18:00:00,62.74,2.82,5.04,57.03,0.66,3863.53,7,97.75,95.04,EXCELLENT,0,0,105
FAC-001,FacilityOps Campus,AST-005,Generator 1,Generator,Building C,Block C1,2026-01-19 19:00:00,64.78,2.88,4.95,33.33,0.76,3864.29,7,97.79,95.01,EXCELLENT,0,0,96
FAC-001,FacilityOps Campus,AST-005,Generator 1,Generator,Building C,Block C1,2026-01-19 20:00:00,62.3,2.99,4.99,42.86,0.45,3864.74,7,97.83,95.15,EXCELLENT,0,0,132
FAC-001,FacilityOps Campus,AST-005,Generator 1,Generator,Building C,Block C1,2026-01-19 21:00:00,61.16,3.31,5.16,36.74,0.81,3865.54,7,97.88,94.56,EXCELLENT,0,0,154
FAC-001,FacilityOps Campus,AST-005,Generator 1,Generator,Building C,Block C1,2026-01-19 22:00:00,63.01,3.02,5.4,46.46,0.74,3866.28,7,97.92,93.61,EXCELLENT,0,0,126
FAC-001,FacilityOps Campus,AST-005,Generator 1,Generator,Building C,Block C1,2026-01-19 23:00:00,63.54,2.85,4.67,22.02,0.85,3867.13,7,97.96,93.87,EXCELLENT,0,0,168
FAC-001,FacilityOps Campus,AST-005,Generator 1,Generator,Building C,Block C1,2026-01-20 00:00:00,64.66,2.9,4.41,24.58,0.74,3867.87,7,98.0,92.82,EXCELLENT,0,0,142
FAC-001,FacilityOps Campus,AST-005,Generator 1,Generator,Building C,Block C1,2026-01-20 01:00:00,61.09,3.39,4.68,30.37,0.85,3868.72,7,98.04,93.91,EXCELLENT,0,0,131
FAC-001,FacilityOps Campus,AST-005,Generator 1,Generator,Building C,Block C1,2026-01-20 02:00:00,62.36,3.28,5.35,45.14,0.97,3869.68,7,98.08,93.8,EXCELLENT,0,0,140
FAC-001,FacilityOps Campus,AST-005,Generator 1,Generator,Building C,Block C1,2026-01-20 03:00:00,82.67,4.03,4.53,26.12,0.5,3870.19,7,98.12,61.31,WARNING,1,0,21
FAC-001,FacilityOps Campus,AST-005,Generator 1,Generator,Building C,Block C1,2026-01-20 04:00:00,61.0,3.57,5.16,28.89,0.88,3871.06,7,98.17,92.8,EXCELLENT,0,0,124
FAC-001,FacilityOps Campus,AST-005,Generator 1,Generator,Building C,Block C1,2026-01-20 05:00:00,61.8,2.89,5.14,29.15,0.95,3872.01,7,98.21,94.66,EXCELLENT,0,0,147
FAC-001,FacilityOps Campus,AST-005,Generator 1,Generator,Building C,Block C1,2026-01-20 06:00:00,62.94,2.82,5.16,20.06,0.67,3872.68,7,98.25,94.57,EXCELLENT,0,0,130
FAC-001,FacilityOps Campus,AST-005,Generator 1,Generator,Building C,Block C1,2026-01-20 07:00:00,60.77,3.26,4.75,39.28,0.47,3873.15,7,98.29,94.22,EXCELLENT,0,0,108
FAC-001,FacilityOps Campus,AST-005,Generator 1,Generator,Building C,Block C1,2026-01-20 08:00:00,60.01,2.9,5.28,61.32,0.54,3873.7,7,98.33,94.1,EXCELLENT,0,0,112
FAC-001,FacilityOps Campus,AST-005,Generator 1,Generator,Building C,Block C1,2026-01-20 09:00:00,57.82,3.13,5.02,58.7,0.93,3874.63,7,98.38,95.1,EXCELLENT,0,0,102
FAC-001,FacilityOps Campus,AST-005,Generator 1,Generator,Building C,Block C1,2026-01-20 10:00:00,64.31,2.62,4.64,66.93,0.74,3875.37,7,98.42,93.76,EXCELLENT,0,0,133
FAC-001,FacilityOps Campus,AST-005,Generator 1,Generator,Building C,Block C1,2026-01-20 11:00:00,58.99,2.87,5.14,52.02,0.64,3876.01,7,98.46,94.62,EXCELLENT,0,0,104
FAC-001,FacilityOps Campus,AST-005,Generator 1,Generator,Building C,Block C1,2026-01-20 12:00:00,59.81,2.87,4.26,63.02,0.87,3876.88,7,98.5,92.26,EXCELLENT,0,0,116
FAC-001,FacilityOps Campus,AST-005,Generator 1,Generator,Building C,Block C1,2026-01-20 13:00:00,65.15,3.45,5.05,68.11,0.95,3877.83,7,98.54,94.95,EXCELLENT,0,0,99
FAC-001,FacilityOps Campus,AST-005,Generator 1,Generator,Building C,Block C1,2026-01-20 14:00:00,62.8,2.83,4.98,49.55,0.78,3878.6,7,98.58,95.11,EXCELLENT,0,0,139
FAC-001,FacilityOps Campus,AST-005,Generator 1,Generator,Building C,Block C1,2026-01-20 15:00:00,61.88,3.17,4.64,61.54,0.41,3879.01,7,98.62,93.75,EXCELLENT,0,0,110
FAC-001,FacilityOps Campus,AST-005,Generator 1,Generator,Building C,Block C1,2026-01-20 16:00:00,60.61,3.37,5.12,65.53,0.59,3879.61,7,98.67,94.71,EXCELLENT,0,0,94
FAC-001,FacilityOps Campus,AST-005,Generator 1,Generator,Building C,Block C1,2026-01-20 17:00:00,60.06,2.59,4.99,60.44,0.44,3880.04,7,98.71,95.16,EXCELLENT,0,0,128
FAC-001,FacilityOps Campus,AST-005,Generator 1,Generator,Building C,Block C1,2026-01-20 18:00:00,61.26,3.64,4.32,50.36,0.99,3881.03,7,98.75,89.58,EXCELLENT,0,0,166
FAC-001,FacilityOps Campus,AST-005,Generator 1,Generator,Building C,Block C1,2026-01-20 19:00:00,62.21,3.1,4.7,25.67,0.81,3881.84,7,98.79,94.01,EXCELLENT,0,0,132
FAC-001,FacilityOps Campus,AST-005,Generator 1,Generator,Building C,Block C1,2026-01-20 20:00:00,61.93,3.46,4.75,33.82,0.59,3882.43,7,98.83,93.98,EXCELLENT,0,0,121
FAC-001,FacilityOps Campus,AST-005,Generator 1,Generator,Building C,Block C1,2026-01-20 21:00:00,59.79,2.87,5.21,25.82,0.67,3883.09,7,98.88,94.36,EXCELLENT,0,0,133
FAC-001,FacilityOps Campus,AST-005,Generator 1,Generator,Building C,Block C1,2026-01-20 22:00:00,64.25,2.99,5.36,28.11,0.64,3883.73,7,98.92,93.74,EXCELLENT,0,0,164
FAC-001,FacilityOps Campus,AST-005,Generator 1,Generator,Building C,Block C1,2026-01-20 23:00:00,64.78,3.03,5.25,35.29,0.45,3884.19,7,98.96,94.21,EXCELLENT,0,0,159
FAC-001,FacilityOps Campus,AST-005,Generator 1,Generator,Building C,Block C1,2026-01-21 00:00:00,60.58,2.83,4.68,24.64,0.61,3884.8,7,99.0,93.94,EXCELLENT,0,0,114
FAC-001,FacilityOps Campus,AST-005,Generator 1,Generator,Building C,Block C1,2026-01-21 01:00:00,65.11,3.16,4.98,30.77,0.48,3885.29,7,99.04,95.11,EXCELLENT,0,0,90
FAC-001,FacilityOps Campus,AST-005,Generator 1,Generator,Building C,Block C1,2026-01-21 02:00:00,59.41,2.92,4.43,29.36,0.96,3886.25,7,99.08,92.91,EXCELLENT,0,0,153
FAC-001,FacilityOps Campus,AST-005,Generator 1,Generator,Building C,Block C1,2026-01-21 03:00:00,62.99,2.95,5.45,39.03,0.98,3887.23,7,99.12,93.39,EXCELLENT,0,0,96
FAC-001,FacilityOps Campus,AST-005,Generator 1,Generator,Building C,Block C1,2026-01-21 04:00:00,61.69,3.07,5.02,44.02,0.72,3887.95,7,99.17,95.11,EXCELLENT,0,0,100
FAC-001,FacilityOps Campus,AST-005,Generator 1,Generator,Building C,Block C1,2026-01-21 05:00:00,60.41,2.53,5.03,45.06,0.72,3888.66,7,99.21,95.09,EXCELLENT,0,0,177
FAC-001,FacilityOps Campus,AST-005,Generator 1,Generator,Building C,Block C1,2026-01-21 06:00:00,56.52,3.17,5.33,38.73,0.64,3889.31,7,99.25,93.89,EXCELLENT,0,0,143
FAC-001,FacilityOps Campus,AST-005,Generator 1,Generator,Building C,Block C1,2026-01-21 07:00:00,61.98,2.93,5.0,22.43,0.94,3890.24,7,99.29,95.18,EXCELLENT,0,0,167
FAC-001,FacilityOps Campus,AST-005,Generator 1,Generator,Building C,Block C1,2026-01-21 08:00:00,63.18,3.1,5.11,70.33,0.72,3890.96,7,99.33,94.77,EXCELLENT,0,0,141
FAC-001,FacilityOps Campus,AST-005,Generator 1,Generator,Building C,Block C1,2026-01-21 09:00:00,61.44,2.71,4.87,55.03,0.97,3891.93,7,99.38,94.67,EXCELLENT,0,0,106
FAC-001,FacilityOps Campus,AST-005,Generator 1,Generator,Building C,Block C1,2026-01-21 10:00:00,61.92,2.66,4.72,73.6,0.53,3892.46,7,99.42,94.07,EXCELLENT,0,0,107
FAC-001,FacilityOps Campus,AST-005,Generator 1,Generator,Building C,Block C1,2026-01-21 11:00:00,60.72,3.46,5.16,73.51,0.9,3893.36,7,99.46,94.38,EXCELLENT,0,0,113
FAC-001,FacilityOps Campus,AST-005,Generator 1,Generator,Building C,Block C1,2026-01-21 12:00:00,63.0,3.05,5.16,67.1,0.76,3894.12,7,99.5,94.55,EXCELLENT,0,0,162
FAC-001,FacilityOps Campus,AST-005,Generator 1,Generator,Building C,Block C1,2026-01-21 13:00:00,60.22,2.91,5.32,59.37,0.97,3895.09,7,99.54,93.94,EXCELLENT,0,0,120
FAC-001,FacilityOps Campus,AST-005,Generator 1,Generator,Building C,Block C1,2026-01-21 14:00:00,59.52,2.93,4.94,73.46,0.75,3895.84,7,99.58,94.95,EXCELLENT,0,0,179
FAC-001,FacilityOps Campus,AST-005,Generator 1,Generator,Building C,Block C1,2026-01-21 15:00:00,63.04,3.29,4.64,63.58,0.98,3896.82,7,99.62,93.78,EXCELLENT,0,0,154
FAC-001,FacilityOps Campus,AST-005,Generator 1,Generator,Building C,Block C1,2026-01-21 16:00:00,61.95,3.17,4.8,74.21,0.41,3897.23,7,99.67,94.38,EXCELLENT,0,0,160
FAC-001,FacilityOps Campus,AST-005,Generator 1,Generator,Building C,Block C1,2026-01-21 17:00:00,63.57,3.13,5.2,47.1,0.87,3898.1,7,99.71,94.41,EXCELLENT,0,0,123
FAC-001,FacilityOps Campus,AST-005,Generator 1,Generator,Building C,Block C1,2026-01-21 18:00:00,65.34,3.15,4.94,66.8,0.75,3898.85,7,99.75,94.98,EXCELLENT,0,0,156
FAC-001,FacilityOps Campus,AST-005,Generator 1,Generator,Building C,Block C1,2026-01-21 19:00:00,62.35,3.44,5.01,23.01,0.46,3899.31,7,99.79,95.18,EXCELLENT,0,0,98
FAC-001,FacilityOps Campus,AST-005,Generator 1,Generator,Building C,Block C1,2026-01-21 20:00:00,63.84,2.61,5.6,34.12,0.82,3900.12,7,99.83,92.82,EXCELLENT,0,0,159
FAC-001,FacilityOps Campus,AST-005,Generator 1,Generator,Building C,Block C1,2026-01-21 21:00:00,62.25,3.13,4.72,33.93,0.91,3901.03,7,99.88,94.1,EXCELLENT,0,0,176
FAC-001,FacilityOps Campus,AST-005,Generator 1,Generator,Building C,Block C1,2026-01-21 22:00:00,62.09,2.95,4.63,36.19,0.59,3901.62,7,99.92,93.7,EXCELLENT,0,0,167
FAC-001,FacilityOps Campus,AST-005,Generator 1,Generator,Building C,Block C1,2026-01-21 23:00:00,65.61,3.38,5.08,37.53,0.67,3902.29,7,99.96,94.9,EXCELLENT,0,0,117
FAC-001,FacilityOps Campus,AST-005,Generator 1,Generator,Building C,Block C1,2026-01-22 00:00:00,60.05,2.82,5.25,40.13,0.58,3902.87,7,100.0,94.19,EXCELLENT,0,0,141
FAC-001,FacilityOps Campus,AST-005,Generator 1,Generator,Building C,Block C1,2026-01-22 01:00:00,58.67,3.36,5.45,28.15,0.53,3903.39,7,100.04,93.38,EXCELLENT,0,0,126
FAC-001,FacilityOps Campus,AST-005,Generator 1,Generator,Building C,Block C1,2026-01-22 02:00:00,57.73,3.27,5.43,35.87,0.78,3904.18,7,100.08,93.48,EXCELLENT,0,0,160
FAC-001,FacilityOps Campus,AST-005,Generator 1,Generator,Building C,Block C1,2026-01-22 03:00:00,56.4,3.28,4.83,46.85,0.89,3905.07,7,100.12,94.51,EXCELLENT,0,0,118
FAC-001,FacilityOps Campus,AST-005,Generator 1,Generator,Building C,Block C1,2026-01-22 04:00:00,62.0,3.14,5.0,36.94,0.53,3905.6,7,100.17,95.2,EXCELLENT,0,0,128
FAC-001,FacilityOps Campus,AST-005,Generator 1,Generator,Building C,Block C1,2026-01-22 05:00:00,60.07,3.24,4.85,37.31,0.95,3906.54,7,100.21,94.6,EXCELLENT,0,0,141
FAC-001,FacilityOps Campus,AST-005,Generator 1,Generator,Building C,Block C1,2026-01-22 06:00:00,60.29,2.96,5.41,33.22,0.49,3907.03,7,100.25,93.54,EXCELLENT,0,0,115
FAC-001,FacilityOps Campus,AST-005,Generator 1,Generator,Building C,Block C1,2026-01-22 07:00:00,61.09,2.57,4.48,25.82,0.88,3907.92,7,100.29,93.14,EXCELLENT,0,0,135
FAC-001,FacilityOps Campus,AST-005,Generator 1,Generator,Building C,Block C1,2026-01-22 08:00:00,59.67,3.21,4.94,58.07,0.74,3908.66,7,100.33,94.98,EXCELLENT,0,0,107
FAC-001,FacilityOps Campus,AST-005,Generator 1,Generator,Building C,Block C1,2026-01-22 09:00:00,63.14,3.37,5.05,52.38,0.65,3909.31,7,100.38,94.98,EXCELLENT,0,0,170
FAC-001,FacilityOps Campus,AST-005,Generator 1,Generator,Building C,Block C1,2026-01-22 10:00:00,64.18,3.38,5.2,60.56,0.88,3910.19,7,100.42,94.4,EXCELLENT,0,0,131
FAC-001,FacilityOps Campus,AST-005,Generator 1,Generator,Building C,Block C1,2026-01-22 11:00:00,64.28,2.81,4.74,54.1,0.7,3910.89,7,100.46,94.14,EXCELLENT,0,0,105
FAC-001,FacilityOps Campus,AST-005,Generator 1,Generator,Building C,Block C1,2026-01-22 12:00:00,63.22,2.95,5.31,59.2,0.43,3911.31,7,100.5,93.94,EXCELLENT,0,0,174
FAC-001,FacilityOps Campus,AST-005,Generator 1,Generator,Building C,Block C1,2026-01-22 13:00:00,61.93,3.12,5.29,59.31,0.95,3912.26,7,100.54,94.03,EXCELLENT,0,0,110
FAC-001,FacilityOps Campus,AST-005,Generator 1,Generator,Building C,Block C1,2026-01-22 14:00:00,61.5,3.06,4.92,61.04,0.87,3913.13,7,100.58,94.9,EXCELLENT,0,0,170
FAC-001,FacilityOps Campus,AST-005,Generator 1,Generator,Building C,Block C1,2026-01-22 15:00:00,62.05,3.02,4.59,78.55,0.6,3913.73,7,100.62,91.51,EXCELLENT,0,0,161
FAC-001,FacilityOps Campus,AST-005,Generator 1,Generator,Building C,Block C1,2026-01-22 16:00:00,62.72,3.1,5.02,60.68,0.55,3914.27,7,100.67,95.1,EXCELLENT,0,0,115
FAC-001,FacilityOps Campus,AST-005,Generator 1,Generator,Building C,Block C1,2026-01-22 17:00:00,59.54,2.68,5.39,67.29,0.87,3915.14,7,100.71,93.63,EXCELLENT,0,0,145
FAC-001,FacilityOps Campus,AST-005,Generator 1,Generator,Building C,Block C1,2026-01-22 18:00:00,62.86,3.04,4.75,52.39,0.59,3915.73,7,100.75,94.2,EXCELLENT,0,0,103
FAC-001,FacilityOps Campus,AST-005,Generator 1,Generator,Building C,Block C1,2026-01-22 19:00:00,60.05,2.82,5.11,29.68,0.48,3916.21,7,100.79,94.75,EXCELLENT,0,0,104
FAC-001,FacilityOps Campus,AST-005,Generator 1,Generator,Building C,Block C1,2026-01-22 20:00:00,62.65,3.07,5.18,26.16,0.51,3916.72,7,100.83,94.46,EXCELLENT,0,0,158
FAC-001,FacilityOps Campus,AST-005,Generator 1,Generator,Building C,Block C1,2026-01-22 21:00:00,61.14,2.33,5.19,49.99,0.44,3917.16,7,100.88,94.44,EXCELLENT,0,0,146
FAC-001,FacilityOps Campus,AST-005,Generator 1,Generator,Building C,Block C1,2026-01-22 22:00:00,60.57,3.0,5.59,29.97,0.88,3918.05,7,100.92,92.85,EXCELLENT,0,0,167
FAC-001,FacilityOps Campus,AST-005,Generator 1,Generator,Building C,Block C1,2026-01-22 23:00:00,63.94,3.02,4.63,28.21,0.96,3919.01,7,100.96,93.72,EXCELLENT,0,0,99
FAC-001,FacilityOps Campus,AST-005,Generator 1,Generator,Building C,Block C1,2026-01-23 00:00:00,64.33,3.02,4.74,45.43,0.48,3919.48,7,101.0,94.17,EXCELLENT,0,0,137
FAC-001,FacilityOps Campus,AST-005,Generator 1,Generator,Building C,Block C1,2026-01-23 01:00:00,60.15,3.04,4.83,45.66,0.87,3920.35,7,101.04,94.52,EXCELLENT,0,0,121
FAC-001,FacilityOps Campus,AST-005,Generator 1,Generator,Building C,Block C1,2026-01-23 02:00:00,58.39,3.04,5.44,36.12,0.71,3921.07,7,101.08,93.42,EXCELLENT,0,0,94
FAC-001,FacilityOps Campus,AST-005,Generator 1,Generator,Building C,Block C1,2026-01-23 03:00:00,62.08,3.2,4.76,25.43,0.55,3921.62,7,101.12,94.24,EXCELLENT,0,0,124
FAC-001,FacilityOps Campus,AST-005,Generator 1,Generator,Building C,Block C1,2026-01-23 04:00:00,59.02,2.8,4.59,43.42,0.58,3922.2,7,101.17,93.54,EXCELLENT,0,0,177
FAC-001,FacilityOps Campus,AST-005,Generator 1,Generator,Building C,Block C1,2026-01-23 05:00:00,61.15,3.13,5.05,27.49,0.68,3922.88,7,101.21,95.02,EXCELLENT,0,0,106
FAC-001,FacilityOps Campus,AST-005,Generator 1,Generator,Building C,Block C1,2026-01-23 06:00:00,61.17,2.76,4.51,39.44,0.52,3923.4,7,101.25,93.22,EXCELLENT,0,0,91
FAC-001,FacilityOps Campus,AST-005,Generator 1,Generator,Building C,Block C1,2026-01-23 07:00:00,62.48,2.96,5.19,37.06,0.7,3924.09,7,101.29,94.46,EXCELLENT,0,0,115
FAC-001,FacilityOps Campus,AST-005,Generator 1,Generator,Building C,Block C1,2026-01-23 08:00:00,60.17,3.13,5.01,72.22,0.82,3924.91,7,101.33,95.17,EXCELLENT,0,0,162
FAC-001,FacilityOps Campus,AST-005,Generator 1,Generator,Building C,Block C1,2026-01-23 09:00:00,58.68,2.66,5.19,68.21,0.51,3925.42,7,101.38,94.45,EXCELLENT,0,0,102
FAC-001,FacilityOps Campus,AST-005,Generator 1,Generator,Building C,Block C1,2026-01-23 10:00:00,61.29,3.3,4.78,56.64,0.7,3926.11,7,101.42,94.33,EXCELLENT,0,0,126
FAC-001,FacilityOps Campus,AST-005,Generator 1,Generator,Building C,Block C1,2026-01-23 11:00:00,61.49,3.3,4.56,76.04,0.94,3927.06,7,101.46,92.75,EXCELLENT,0,0,147
FAC-001,FacilityOps Campus,AST-005,Generator 1,Generator,Building C,Block C1,2026-01-23 12:00:00,63.86,2.51,5.19,54.04,0.51,3927.57,7,101.5,94.46,EXCELLENT,0,0,147
FAC-001,FacilityOps Campus,AST-005,Generator 1,Generator,Building C,Block C1,2026-01-23 13:00:00,62.18,2.62,4.74,60.0,0.74,3928.3,7,101.54,94.16,EXCELLENT,0,0,93
FAC-001,FacilityOps Campus,AST-005,Generator 1,Generator,Building C,Block C1,2026-01-23 14:00:00,63.66,2.76,5.25,47.06,0.51,3928.81,7,101.58,94.2,EXCELLENT,0,0,128
FAC-001,FacilityOps Campus,AST-005,Generator 1,Generator,Building C,Block C1,2026-01-23 15:00:00,64.41,2.87,5.08,56.32,0.95,3929.76,7,101.62,94.86,EXCELLENT,0,0,116
FAC-001,FacilityOps Campus,AST-005,Generator 1,Generator,Building C,Block C1,2026-01-23 16:00:00,62.73,3.17,5.05,63.46,0.63,3930.39,7,101.67,95.0,EXCELLENT,0,0,113
FAC-001,FacilityOps Campus,AST-005,Generator 1,Generator,Building C,Block C1,2026-01-23 17:00:00,59.62,3.48,4.88,51.81,0.55,3930.95,7,101.71,94.26,EXCELLENT,0,0,124
FAC-001,FacilityOps Campus,AST-005,Generator 1,Generator,Building C,Block C1,2026-01-23 18:00:00,61.86,3.17,4.68,45.95,0.48,3931.43,7,101.75,93.91,EXCELLENT,0,0,169
FAC-001,FacilityOps Campus,AST-005,Generator 1,Generator,Building C,Block C1,2026-01-23 19:00:00,58.76,3.14,5.46,38.4,0.55,3931.98,7,101.79,93.35,EXCELLENT,0,0,176
FAC-001,FacilityOps Campus,AST-005,Generator 1,Generator,Building C,Block C1,2026-01-23 20:00:00,57.52,2.64,5.16,24.05,0.53,3932.5,7,101.83,94.57,EXCELLENT,0,0,179
FAC-001,FacilityOps Campus,AST-005,Generator 1,Generator,Building C,Block C1,2026-01-23 21:00:00,64.03,2.61,5.46,47.27,0.65,3933.15,7,101.88,93.35,EXCELLENT,0,0,156
FAC-001,FacilityOps Campus,AST-005,Generator 1,Generator,Building C,Block C1,2026-01-23 22:00:00,63.76,2.83,5.48,32.68,0.44,3933.59,7,101.92,93.28,EXCELLENT,0,0,97
FAC-001,FacilityOps Campus,AST-005,Generator 1,Generator,Building C,Block C1,2026-01-23 23:00:00,65.0,2.84,5.19,41.55,0.94,3934.53,7,101.96,94.43,EXCELLENT,0,0,141
FAC-001,FacilityOps Campus,AST-005,Generator 1,Generator,Building C,Block C1,2026-01-24 00:00:00,62.72,3.16,5.29,35.5,0.72,3935.25,7,102.0,94.03,EXCELLENT,0,0,123
FAC-001,FacilityOps Campus,AST-005,Generator 1,Generator,Building C,Block C1,2026-01-24 01:00:00,58.89,3.41,5.21,51.38,0.85,3936.1,7,102.04,94.36,EXCELLENT,0,0,155
FAC-001,FacilityOps Campus,AST-005,Generator 1,Generator,Building C,Block C1,2026-01-24 02:00:00,62.38,3.85,4.67,35.78,0.7,3936.8,7,102.08,87.88,EXCELLENT,0,0,120
FAC-001,FacilityOps Campus,AST-005,Generator 1,Generator,Building C,Block C1,2026-01-24 03:00:00,65.44,2.92,5.04,39.51,0.71,3937.51,7,102.12,95.05,EXCELLENT,0,0,149
FAC-001,FacilityOps Campus,AST-005,Generator 1,Generator,Building C,Block C1,2026-01-24 04:00:00,57.14,2.94,4.85,24.77,0.64,3938.14,7,102.17,94.59,EXCELLENT,0,0,173
FAC-001,FacilityOps Campus,AST-005,Generator 1,Generator,Building C,Block C1,2026-01-24 05:00:00,60.63,3.14,5.06,45.9,0.79,3938.94,7,102.21,94.97,EXCELLENT,0,0,136
FAC-001,FacilityOps Campus,AST-005,Generator 1,Generator,Building C,Block C1,2026-01-24 06:00:00,66.61,2.91,5.05,38.82,0.54,3939.48,7,102.25,95.02,EXCELLENT,0,0,93
FAC-001,FacilityOps Campus,AST-005,Generator 1,Generator,Building C,Block C1,2026-01-24 07:00:00,61.97,3.07,5.35,39.27,0.45,3939.93,7,102.29,93.79,EXCELLENT,0,0,93
FAC-001,FacilityOps Campus,AST-005,Generator 1,Generator,Building C,Block C1,2026-01-24 08:00:00,61.31,3.27,5.28,53.24,0.47,3940.4,7,102.33,94.1,EXCELLENT,0,0,160
FAC-001,FacilityOps Campus,AST-005,Generator 1,Generator,Building C,Block C1,2026-01-24 09:00:00,60.93,2.54,4.81,67.22,0.5,3940.9,7,102.38,94.44,EXCELLENT,0,0,156
FAC-001,FacilityOps Campus,AST-005,Generator 1,Generator,Building C,Block C1,2026-01-24 10:00:00,94.93,5.1,5.44,77.56,0.63,3941.53,7,102.42,24.04,CRITICAL,1,1,3
FAC-001,FacilityOps Campus,AST-005,Generator 1,Generator,Building C,Block C1,2026-01-24 11:00:00,106.83,4.31,4.66,60.65,0.7,3942.23,7,102.46,18.63,CRITICAL,1,1,1
FAC-001,FacilityOps Campus,AST-005,Generator 1,Generator,Building C,Block C1,2026-01-24 12:00:00,60.18,3.33,4.57,51.53,0.94,3943.17,7,102.5,93.48,EXCELLENT,0,0,139
FAC-001,FacilityOps Campus,AST-005,Generator 1,Generator,Building C,Block C1,2026-01-24 13:00:00,63.37,2.79,5.09,56.32,0.82,3943.99,7,102.54,94.83,EXCELLENT,0,0,133
FAC-001,FacilityOps Campus,AST-005,Generator 1,Generator,Building C,Block C1,2026-01-24 14:00:00,61.33,2.74,5.22,63.39,0.52,3944.51,7,102.58,94.31,EXCELLENT,0,0,105
FAC-001,FacilityOps Campus,AST-005,Generator 1,Generator,Building C,Block C1,2026-01-24 15:00:00,62.42,2.82,5.22,50.65,0.63,3945.14,7,102.62,94.32,EXCELLENT,0,0,164
FAC-001,FacilityOps Campus,AST-005,Generator 1,Generator,Building C,Block C1,2026-01-24 16:00:00,62.14,2.73,5.22,43.87,0.98,3946.12,7,102.67,94.32,EXCELLENT,0,0,142
FAC-001,FacilityOps Campus,AST-005,Generator 1,Generator,Building C,Block C1,2026-01-24 17:00:00,64.38,3.14,4.66,70.94,0.7,3946.82,7,102.71,93.85,EXCELLENT,0,0,133
FAC-001,FacilityOps Campus,AST-005,Generator 1,Generator,Building C,Block C1,2026-01-24 18:00:00,59.64,3.36,5.67,53.07,0.98,3947.8,7,102.75,92.52,EXCELLENT,0,0,90
FAC-001,FacilityOps Campus,AST-005,Generator 1,Generator,Building C,Block C1,2026-01-24 19:00:00,58.61,2.73,5.07,38.48,0.86,3948.66,7,102.79,94.94,EXCELLENT,0,0,162
FAC-001,FacilityOps Campus,AST-005,Generator 1,Generator,Building C,Block C1,2026-01-24 20:00:00,62.49,2.84,5.13,39.39,0.61,3949.27,7,102.83,94.7,EXCELLENT,0,0,131
FAC-001,FacilityOps Campus,AST-005,Generator 1,Generator,Building C,Block C1,2026-01-24 21:00:00,69.45,3.26,4.73,29.31,0.79,3950.06,7,102.88,92.12,EXCELLENT,0,0,99
FAC-001,FacilityOps Campus,AST-005,Generator 1,Generator,Building C,Block C1,2026-01-24 22:00:00,60.89,3.18,5.04,43.2,0.74,3950.8,7,102.92,95.05,EXCELLENT,0,0,113
FAC-001,FacilityOps Campus,AST-005,Generator 1,Generator,Building C,Block C1,2026-01-24 23:00:00,62.87,2.87,5.42,38.13,0.46,3951.26,7,102.96,93.53,EXCELLENT,0,0,112
FAC-001,FacilityOps Campus,AST-005,Generator 1,Generator,Building C,Block C1,2026-01-25 00:00:00,65.16,2.86,5.35,39.41,0.89,3952.14,7,103.0,93.81,EXCELLENT,0,0,168
FAC-001,FacilityOps Campus,AST-005,Generator 1,Generator,Building C,Block C1,2026-01-25 01:00:00,63.45,2.96,5.25,27.41,0.94,3953.09,7,103.04,94.19,EXCELLENT,0,0,165
FAC-001,FacilityOps Campus,AST-005,Generator 1,Generator,Building C,Block C1,2026-01-25 02:00:00,65.4,2.99,5.46,34.54,0.9,3953.99,7,103.08,93.34,EXCELLENT,0,0,165
FAC-001,FacilityOps Campus,AST-005,Generator 1,Generator,Building C,Block C1,2026-01-25 03:00:00,62.35,3.01,5.02,27.43,0.68,3954.67,7,103.12,95.14,EXCELLENT,0,0,155
FAC-001,FacilityOps Campus,AST-005,Generator 1,Generator,Building C,Block C1,2026-01-25 04:00:00,63.98,3.01,4.97,18.01,0.79,3955.46,7,103.17,95.07,EXCELLENT,0,0,159
FAC-001,FacilityOps Campus,AST-005,Generator 1,Generator,Building C,Block C1,2026-01-25 05:00:00,62.85,2.97,5.01,30.51,0.93,3956.39,7,103.21,95.16,EXCELLENT,0,0,99
FAC-001,FacilityOps Campus,AST-005,Generator 1,Generator,Building C,Block C1,2026-01-25 06:00:00,61.36,2.75,5.44,39.27,0.86,3957.25,7,103.25,93.43,EXCELLENT,0,0,133
FAC-001,FacilityOps Campus,AST-005,Generator 1,Generator,Building C,Block C1,2026-01-25 07:00:00,53.26,2.91,5.16,36.35,0.82,3958.07,7,103.29,94.56,EXCELLENT,0,0,167
FAC-001,FacilityOps Campus,AST-005,Generator 1,Generator,Building C,Block C1,2026-01-25 08:00:00,60.29,2.91,4.69,64.33,0.87,3958.95,7,103.33,93.98,EXCELLENT,0,0,178
FAC-001,FacilityOps Campus,AST-005,Generator 1,Generator,Building C,Block C1,2026-01-25 09:00:00,64.8,3.05,4.76,61.6,0.71,3959.65,7,103.38,94.24,EXCELLENT,0,0,168
FAC-001,FacilityOps Campus,AST-005,Generator 1,Generator,Building C,Block C1,2026-01-25 10:00:00,61.65,2.86,4.53,68.27,0.7,3960.35,7,103.42,93.33,EXCELLENT,0,0,170
FAC-001,FacilityOps Campus,AST-005,Generator 1,Generator,Building C,Block C1,2026-01-25 11:00:00,58.63,2.92,5.33,69.22,0.85,3961.21,7,103.46,93.88,EXCELLENT,0,0,179
FAC-001,FacilityOps Campus,AST-005,Generator 1,Generator,Building C,Block C1,2026-01-25 12:00:00,56.64,3.21,4.94,55.25,0.49,3961.69,7,103.5,94.96,EXCELLENT,0,0,144
FAC-001,FacilityOps Campus,AST-005,Generator 1,Generator,Building C,Block C1,2026-01-25 13:00:00,59.34,2.73,4.89,54.73,0.57,3962.26,7,103.54,94.78,EXCELLENT,0,0,166
FAC-001,FacilityOps Campus,AST-005,Generator 1,Generator,Building C,Block C1,2026-01-25 14:00:00,58.28,2.74,4.62,50.66,0.61,3962.87,7,103.58,93.7,EXCELLENT,0,0,131
FAC-001,FacilityOps Campus,AST-005,Generator 1,Generator,Building C,Block C1,2026-01-25 15:00:00,60.06,3.12,4.7,67.89,0.47,3963.34,7,103.62,93.99,EXCELLENT,0,0,130
FAC-001,FacilityOps Campus,AST-005,Generator 1,Generator,Building C,Block C1,2026-01-25 16:00:00,63.35,3.31,5.22,63.18,0.55,3963.88,7,103.67,94.33,EXCELLENT,0,0,136
FAC-001,FacilityOps Campus,AST-005,Generator 1,Generator,Building C,Block C1,2026-01-25 17:00:00,61.9,3.31,5.32,59.14,0.97,3964.85,7,103.71,93.91,EXCELLENT,0,0,133
FAC-001,FacilityOps Campus,AST-005,Generator 1,Generator,Building C,Block C1,2026-01-25 18:00:00,66.79,2.64,4.85,57.98,0.61,3965.46,7,103.75,94.61,EXCELLENT,0,0,111
FAC-001,FacilityOps Campus,AST-005,Generator 1,Generator,Building C,Block C1,2026-01-25 19:00:00,57.73,3.37,5.32,28.27,0.5,3965.96,7,103.79,93.93,EXCELLENT,0,0,112
FAC-001,FacilityOps Campus,AST-005,Generator 1,Generator,Building C,Block C1,2026-01-25 20:00:00,62.94,3.26,5.26,38.79,0.65,3966.61,7,103.83,94.15,EXCELLENT,0,0,160
FAC-001,FacilityOps Campus,AST-005,Generator 1,Generator,Building C,Block C1,2026-01-25 21:00:00,61.02,2.92,4.98,26.69,0.8,3967.41,7,103.88,95.11,EXCELLENT,0,0,142
FAC-001,FacilityOps Campus,AST-005,Generator 1,Generator,Building C,Block C1,2026-01-25 22:00:00,67.46,2.69,4.47,38.43,0.77,3968.17,7,103.92,93.08,EXCELLENT,0,0,115
FAC-001,FacilityOps Campus,AST-005,Generator 1,Generator,Building C,Block C1,2026-01-25 23:00:00,57.37,3.07,4.81,38.32,0.85,3969.02,7,103.96,94.43,EXCELLENT,0,0,142
FAC-001,FacilityOps Campus,AST-005,Generator 1,Generator,Building C,Block C1,2026-01-26 00:00:00,62.87,2.94,4.67,26.9,0.75,3969.77,7,104.0,93.87,EXCELLENT,0,0,167
FAC-001,FacilityOps Campus,AST-005,Generator 1,Generator,Building C,Block C1,2026-01-26 01:00:00,61.59,2.98,5.16,47.0,0.66,3970.42,7,104.04,94.57,EXCELLENT,0,0,115
FAC-001,FacilityOps Campus,AST-005,Generator 1,Generator,Building C,Block C1,2026-01-26 02:00:00,61.44,2.96,4.54,28.9,0.94,3971.37,7,104.08,93.38,EXCELLENT,0,0,122
FAC-001,FacilityOps Campus,AST-005,Generator 1,Generator,Building C,Block C1,2026-01-26 03:00:00,63.15,3.21,5.36,41.95,0.97,3972.34,7,104.12,93.76,EXCELLENT,0,0,112
FAC-001,FacilityOps Campus,AST-005,Generator 1,Generator,Building C,Block C1,2026-01-26 04:00:00,63.1,3.14,4.79,36.11,0.45,3972.79,7,104.17,94.36,EXCELLENT,0,0,148
FAC-001,FacilityOps Campus,AST-005,Generator 1,Generator,Building C,Block C1,2026-01-26 05:00:00,63.81,2.53,5.1,40.71,0.98,3973.77,7,104.21,94.81,EXCELLENT,0,0,95
FAC-001,FacilityOps Campus,AST-005,Generator 1,Generator,Building C,Block C1,2026-01-26 06:00:00,64.63,3.33,5.01,32.04,0.73,3974.5,7,104.25,95.17,EXCELLENT,0,0,143
FAC-001,FacilityOps Campus,AST-005,Generator 1,Generator,Building C,Block C1,2026-01-26 07:00:00,63.98,3.17,4.7,36.06,0.87,3975.37,7,104.29,93.99,EXCELLENT,0,0,122
FAC-001,FacilityOps Campus,AST-005,Generator 1,Generator,Building C,Block C1,2026-01-26 08:00:00,63.21,2.84,4.9,67.93,0.89,3976.26,7,104.33,94.82,EXCELLENT,0,0,104
FAC-001,FacilityOps Campus,AST-005,Generator 1,Generator,Building C,Block C1,2026-01-26 09:00:00,63.59,2.92,5.4,63.95,0.41,3976.67,7,104.38,93.61,EXCELLENT,0,0,105
FAC-001,FacilityOps Campus,AST-005,Generator 1,Generator,Building C,Block C1,2026-01-26 10:00:00,62.94,3.4,4.82,74.03,1.0,3977.67,7,104.42,94.5,EXCELLENT,0,0,90
FAC-001,FacilityOps Campus,AST-005,Generator 1,Generator,Building C,Block C1,2026-01-26 11:00:00,61.09,2.6,4.6,54.15,0.67,3978.34,7,104.46,93.58,EXCELLENT,0,0,102
FAC-001,FacilityOps Campus,AST-005,Generator 1,Generator,Building C,Block C1,2026-01-26 12:00:00,64.38,3.24,4.71,64.9,0.45,3978.78,7,104.5,94.03,EXCELLENT,0,0,171
FAC-001,FacilityOps Campus,AST-005,Generator 1,Generator,Building C,Block C1,2026-01-26 13:00:00,57.23,2.83,4.85,67.49,0.42,3979.21,7,104.54,94.58,EXCELLENT,0,0,102
FAC-001,FacilityOps Campus,AST-005,Generator 1,Generator,Building C,Block C1,2026-01-26 14:00:00,61.98,3.33,5.33,66.91,0.52,3979.72,7,104.58,93.89,EXCELLENT,0,0,159
FAC-001,FacilityOps Campus,AST-005,Generator 1,Generator,Building C,Block C1,2026-01-26 15:00:00,62.99,3.01,5.01,65.88,0.42,3980.15,7,104.62,95.15,EXCELLENT,0,0,94
FAC-001,FacilityOps Campus,AST-005,Generator 1,Generator,Building C,Block C1,2026-01-26 16:00:00,75.08,4.72,4.84,71.68,0.65,3980.8,7,104.67,64.42,WARNING,1,0,20
FAC-001,FacilityOps Campus,AST-005,Generator 1,Generator,Building C,Block C1,2026-01-26 17:00:00,63.85,2.76,4.76,56.72,0.54,3981.34,7,104.71,94.25,EXCELLENT,0,0,174
FAC-001,FacilityOps Campus,AST-005,Generator 1,Generator,Building C,Block C1,2026-01-26 18:00:00,63.27,3.04,5.29,74.39,0.76,3982.1,7,104.75,94.05,EXCELLENT,0,0,123
FAC-001,FacilityOps Campus,AST-005,Generator 1,Generator,Building C,Block C1,2026-01-26 19:00:00,63.51,2.67,4.88,28.54,0.48,3982.58,7,104.79,94.7,EXCELLENT,0,0,172
FAC-001,FacilityOps Campus,AST-005,Generator 1,Generator,Building C,Block C1,2026-01-26 20:00:00,57.87,2.94,4.87,25.55,0.98,3983.56,7,104.83,94.67,EXCELLENT,0,0,99
FAC-001,FacilityOps Campus,AST-005,Generator 1,Generator,Building C,Block C1,2026-01-26 21:00:00,61.08,3.23,5.38,41.57,0.64,3984.2,7,104.88,93.69,EXCELLENT,0,0,106
FAC-001,FacilityOps Campus,AST-005,Generator 1,Generator,Building C,Block C1,2026-01-26 22:00:00,60.15,2.97,5.08,27.5,0.81,3985.01,7,104.92,94.87,EXCELLENT,0,0,172
FAC-001,FacilityOps Campus,AST-005,Generator 1,Generator,Building C,Block C1,2026-01-26 23:00:00,64.59,3.12,5.06,29.4,0.59,3985.6,7,104.96,94.97,EXCELLENT,0,0,153
FAC-001,FacilityOps Campus,AST-005,Generator 1,Generator,Building C,Block C1,2026-01-27 00:00:00,65.54,3.08,5.05,28.68,0.64,3986.24,7,105.0,95.02,EXCELLENT,0,0,172
FAC-001,FacilityOps Campus,AST-005,Generator 1,Generator,Building C,Block C1,2026-01-27 01:00:00,55.39,2.44,5.01,46.92,0.79,3987.03,7,105.04,95.15,EXCELLENT,0,0,104
FAC-001,FacilityOps Campus,AST-005,Generator 1,Generator,Building C,Block C1,2026-01-27 02:00:00,61.75,2.95,4.49,36.48,0.43,3987.46,7,105.08,93.15,EXCELLENT,0,0,128
FAC-001,FacilityOps Campus,AST-005,Generator 1,Generator,Building C,Block C1,2026-01-27 03:00:00,58.77,3.09,4.82,32.3,0.92,3988.38,7,105.12,94.46,EXCELLENT,0,0,165
FAC-001,FacilityOps Campus,AST-005,Generator 1,Generator,Building C,Block C1,2026-01-27 04:00:00,61.87,3.11,4.98,28.24,0.72,3989.1,7,105.17,95.13,EXCELLENT,0,0,105
FAC-001,FacilityOps Campus,AST-005,Generator 1,Generator,Building C,Block C1,2026-01-27 05:00:00,65.39,2.9,5.31,37.82,0.79,3989.89,7,105.21,93.96,EXCELLENT,0,0,174
FAC-001,FacilityOps Campus,AST-005,Generator 1,Generator,Building C,Block C1,2026-01-27 06:00:00,62.64,3.07,4.95,38.85,0.73,3990.63,7,105.25,95.01,EXCELLENT,0,0,169
FAC-001,FacilityOps Campus,AST-005,Generator 1,Generator,Building C,Block C1,2026-01-27 07:00:00,63.24,3.21,5.29,25.06,0.47,3991.09,7,105.29,94.05,EXCELLENT,0,0,131
FAC-001,FacilityOps Campus,AST-005,Generator 1,Generator,Building C,Block C1,2026-01-27 08:00:00,58.31,2.92,4.99,62.04,0.52,3991.62,7,105.33,95.16,EXCELLENT,0,0,97
FAC-001,FacilityOps Campus,AST-005,Generator 1,Generator,Building C,Block C1,2026-01-27 09:00:00,62.33,3.16,4.52,56.54,0.72,3992.34,7,105.38,93.28,EXCELLENT,0,0,139
FAC-001,FacilityOps Campus,AST-005,Generator 1,Generator,Building C,Block C1,2026-01-27 10:00:00,61.11,3.08,4.72,65.96,0.94,3993.27,7,105.42,94.08,EXCELLENT,0,0,138
FAC-001,FacilityOps Campus,AST-005,Generator 1,Generator,Building C,Block C1,2026-01-27 11:00:00,57.78,2.95,4.88,59.91,0.83,3994.11,7,105.46,94.73,EXCELLENT,0,0,148
FAC-001,FacilityOps Campus,AST-005,Generator 1,Generator,Building C,Block C1,2026-01-27 12:00:00,62.05,3.15,4.98,54.05,0.77,3994.87,7,105.5,95.13,EXCELLENT,0,0,175
FAC-001,FacilityOps Campus,AST-005,Generator 1,Generator,Building C,Block C1,2026-01-27 13:00:00,59.98,2.92,4.62,50.33,0.87,3995.74,7,105.54,93.69,EXCELLENT,0,0,111
FAC-001,FacilityOps Campus,AST-005,Generator 1,Generator,Building C,Block C1,2026-01-27 14:00:00,62.12,3.15,5.0,64.81,0.41,3996.16,7,105.58,95.19,EXCELLENT,0,0,95
FAC-001,FacilityOps Campus,AST-005,Generator 1,Generator,Building C,Block C1,2026-01-27 15:00:00,62.82,2.98,5.57,62.83,0.5,3996.66,7,105.62,92.94,EXCELLENT,0,0,178
FAC-001,FacilityOps Campus,AST-005,Generator 1,Generator,Building C,Block C1,2026-01-27 16:00:00,63.82,2.73,5.13,56.65,0.56,3997.22,7,105.67,94.68,EXCELLENT,0,0,168
FAC-001,FacilityOps Campus,AST-005,Generator 1,Generator,Building C,Block C1,2026-01-27 17:00:00,63.96,3.3,4.4,61.78,0.8,3998.02,7,105.71,92.78,EXCELLENT,0,0,110
FAC-001,FacilityOps Campus,AST-005,Generator 1,Generator,Building C,Block C1,2026-01-27 18:00:00,62.13,2.76,4.32,49.56,0.6,3998.62,7,105.75,92.49,EXCELLENT,0,0,179
FAC-001,FacilityOps Campus,AST-005,Generator 1,Generator,Building C,Block C1,2026-01-27 19:00:00,62.74,3.05,5.51,44.74,0.83,3999.46,7,105.79,93.17,EXCELLENT,0,0,157
FAC-001,FacilityOps Campus,AST-005,Generator 1,Generator,Building C,Block C1,2026-01-27 20:00:00,60.07,3.09,4.81,45.11,0.88,4000.34,7,105.83,94.43,EXCELLENT,0,0,170
FAC-001,FacilityOps Campus,AST-005,Generator 1,Generator,Building C,Block C1,2026-01-27 21:00:00,66.59,3.45,5.15,26.23,0.91,4001.25,7,105.88,94.62,EXCELLENT,0,0,108
FAC-001,FacilityOps Campus,AST-005,Generator 1,Generator,Building C,Block C1,2026-01-27 22:00:00,62.52,2.92,4.64,31.36,0.69,4001.94,7,105.92,93.77,EXCELLENT,0,0,131
FAC-001,FacilityOps Campus,AST-005,Generator 1,Generator,Building C,Block C1,2026-01-27 23:00:00,60.81,3.07,4.99,39.92,0.53,4002.47,7,105.96,95.16,EXCELLENT,0,0,121
FAC-001,FacilityOps Campus,AST-005,Generator 1,Generator,Building C,Block C1,2026-01-28 00:00:00,63.83,2.76,4.49,27.95,0.92,4003.39,7,106.0,93.16,EXCELLENT,0,0,113
FAC-001,FacilityOps Campus,AST-005,Generator 1,Generator,Building C,Block C1,2026-01-28 01:00:00,59.91,2.82,4.68,32.76,0.8,4004.19,7,106.04,93.91,EXCELLENT,0,0,164
FAC-001,FacilityOps Campus,AST-005,Generator 1,Generator,Building C,Block C1,2026-01-28 02:00:00,63.93,2.83,5.22,29.33,0.64,4004.83,7,106.08,94.31,EXCELLENT,0,0,125
FAC-001,FacilityOps Campus,AST-005,Generator 1,Generator,Building C,Block C1,2026-01-28 03:00:00,61.26,3.52,4.73,30.79,0.79,4005.63,7,106.12,93.05,EXCELLENT,0,0,119
FAC-001,FacilityOps Campus,AST-005,Generator 1,Generator,Building C,Block C1,2026-01-28 04:00:00,62.36,2.92,5.23,32.89,0.62,4006.24,7,106.17,94.3,EXCELLENT,0,0,162
FAC-001,FacilityOps Campus,AST-005,Generator 1,Generator,Building C,Block C1,2026-01-28 05:00:00,60.93,2.89,4.71,29.12,0.93,4007.18,7,106.21,94.06,EXCELLENT,0,0,157
FAC-001,FacilityOps Campus,AST-005,Generator 1,Generator,Building C,Block C1,2026-01-28 06:00:00,63.07,2.44,4.77,41.16,0.94,4008.11,7,106.25,94.3,EXCELLENT,0,0,91
FAC-001,FacilityOps Campus,AST-005,Generator 1,Generator,Building C,Block C1,2026-01-28 07:00:00,60.98,3.06,5.16,27.45,0.51,4008.62,7,106.29,94.57,EXCELLENT,0,0,98
FAC-001,FacilityOps Campus,AST-005,Generator 1,Generator,Building C,Block C1,2026-01-28 08:00:00,60.58,2.75,4.85,64.78,0.83,4009.46,7,106.33,94.62,EXCELLENT,0,0,107
FAC-001,FacilityOps Campus,AST-005,Generator 1,Generator,Building C,Block C1,2026-01-28 09:00:00,61.82,2.99,5.03,71.12,0.88,4010.33,7,106.38,95.09,EXCELLENT,0,0,121
FAC-001,FacilityOps Campus,AST-005,Generator 1,Generator,Building C,Block C1,2026-01-28 10:00:00,81.05,3.72,4.21,82.76,0.99,4011.32,7,106.42,62.92,WARNING,1,0,16
FAC-001,FacilityOps Campus,AST-005,Generator 1,Generator,Building C,Block C1,2026-01-28 11:00:00,61.5,3.01,5.22,52.91,0.6,4011.92,7,106.46,94.3,EXCELLENT,0,0,122
FAC-001,FacilityOps Campus,AST-005,Generator 1,Generator,Building C,Block C1,2026-01-28 12:00:00,59.7,2.88,4.89,59.82,0.45,4012.36,7,106.5,94.76,EXCELLENT,0,0,158
FAC-001,FacilityOps Campus,AST-005,Generator 1,Generator,Building C,Block C1,2026-01-28 13:00:00,64.2,2.9,5.08,56.07,0.46,4012.82,7,106.54,94.88,EXCELLENT,0,0,93
FAC-001,FacilityOps Campus,AST-005,Generator 1,Generator,Building C,Block C1,2026-01-28 14:00:00,79.92,3.54,4.14,74.45,0.4,4013.23,7,106.58,71.41,GOOD,1,0,53
FAC-001,FacilityOps Campus,AST-005,Generator 1,Generator,Building C,Block C1,2026-01-28 15:00:00,60.43,3.1,5.37,71.82,0.86,4014.08,7,106.62,93.71,EXCELLENT,0,0,120
FAC-001,FacilityOps Campus,AST-005,Generator 1,Generator,Building C,Block C1,2026-01-28 16:00:00,61.85,3.17,4.52,50.78,0.93,4015.02,7,106.67,93.3,EXCELLENT,0,0,152
FAC-001,FacilityOps Campus,AST-005,Generator 1,Generator,Building C,Block C1,2026-01-28 17:00:00,58.75,2.95,4.91,45.4,0.46,4015.48,7,106.71,94.83,EXCELLENT,0,0,121
FAC-001,FacilityOps Campus,AST-005,Generator 1,Generator,Building C,Block C1,2026-01-28 18:00:00,61.47,3.0,5.51,74.97,0.9,4016.37,7,106.75,93.03,EXCELLENT,0,0,152
FAC-001,FacilityOps Campus,AST-005,Generator 1,Generator,Building C,Block C1,2026-01-28 19:00:00,64.65,3.01,5.38,32.79,0.97,4017.35,7,106.79,93.7,EXCELLENT,0,0,157
FAC-001,FacilityOps Campus,AST-005,Generator 1,Generator,Building C,Block C1,2026-01-28 20:00:00,63.63,2.6,4.82,38.37,0.74,4018.09,7,106.83,94.49,EXCELLENT,0,0,132
FAC-001,FacilityOps Campus,AST-005,Generator 1,Generator,Building C,Block C1,2026-01-28 21:00:00,60.9,3.11,4.3,16.88,0.92,4019.01,7,106.88,92.41,EXCELLENT,0,0,108
FAC-001,FacilityOps Campus,AST-005,Generator 1,Generator,Building C,Block C1,2026-01-28 22:00:00,62.96,3.22,5.15,36.61,0.68,4019.69,7,106.92,94.58,EXCELLENT,0,0,149
FAC-001,FacilityOps Campus,AST-005,Generator 1,Generator,Building C,Block C1,2026-01-28 23:00:00,64.82,2.96,5.61,42.04,0.49,4020.18,7,106.96,92.75,EXCELLENT,0,0,128
FAC-001,FacilityOps Campus,AST-005,Generator 1,Generator,Building C,Block C1,2026-01-29 00:00:00,63.1,3.16,5.31,38.54,0.8,4020.99,7,107.0,93.95,EXCELLENT,0,0,140
FAC-001,FacilityOps Campus,AST-005,Generator 1,Generator,Building C,Block C1,2026-01-29 01:00:00,60.9,2.72,4.71,39.21,0.67,4021.65,7,107.04,94.02,EXCELLENT,0,0,161
FAC-001,FacilityOps Campus,AST-005,Generator 1,Generator,Building C,Block C1,2026-01-29 02:00:00,88.19,4.56,6.66,41.49,0.42,4022.07,7,107.08,39.63,CRITICAL,1,1,0
FAC-001,FacilityOps Campus,AST-005,Generator 1,Generator,Building C,Block C1,2026-01-29 03:00:00,63.34,2.93,5.03,37.13,0.74,4022.81,7,107.12,95.09,EXCELLENT,0,0,158
FAC-001,FacilityOps Campus,AST-005,Generator 1,Generator,Building C,Block C1,2026-01-29 04:00:00,61.07,3.17,4.85,24.82,0.98,4023.79,7,107.17,94.62,EXCELLENT,0,0,138
FAC-001,FacilityOps Campus,AST-005,Generator 1,Generator,Building C,Block C1,2026-01-29 05:00:00,63.43,3.06,4.99,31.59,0.72,4024.51,7,107.21,95.16,EXCELLENT,0,0,102
FAC-001,FacilityOps Campus,AST-005,Generator 1,Generator,Building C,Block C1,2026-01-29 06:00:00,57.11,2.9,5.08,42.3,0.86,4025.37,7,107.25,94.89,EXCELLENT,0,0,93
FAC-001,FacilityOps Campus,AST-005,Generator 1,Generator,Building C,Block C1,2026-01-29 07:00:00,60.2,2.68,5.23,26.68,0.42,4025.79,7,107.29,94.26,EXCELLENT,0,0,175
FAC-001,FacilityOps Campus,AST-005,Generator 1,Generator,Building C,Block C1,2026-01-29 08:00:00,61.21,2.96,5.26,62.4,0.77,4026.56,7,107.33,94.17,EXCELLENT,0,0,108
FAC-001,FacilityOps Campus,AST-005,Generator 1,Generator,Building C,Block C1,2026-01-29 09:00:00,61.06,2.79,5.11,57.52,0.97,4027.53,7,107.38,94.75,EXCELLENT,0,0,154
FAC-001,FacilityOps Campus,AST-005,Generator 1,Generator,Building C,Block C1,2026-01-29 10:00:00,58.07,2.92,5.41,65.77,0.78,4028.32,7,107.42,93.55,EXCELLENT,0,0,103
FAC-001,FacilityOps Campus,AST-005,Generator 1,Generator,Building C,Block C1,2026-01-29 11:00:00,58.48,2.56,4.68,63.17,0.89,4029.21,7,107.46,93.93,EXCELLENT,0,0,179
FAC-001,FacilityOps Campus,AST-005,Generator 1,Generator,Building C,Block C1,2026-01-29 12:00:00,63.6,3.29,5.17,64.84,0.54,4029.75,7,107.5,94.52,EXCELLENT,0,0,173
FAC-001,FacilityOps Campus,AST-005,Generator 1,Generator,Building C,Block C1,2026-01-29 13:00:00,59.89,3.47,5.3,50.26,0.43,4030.18,7,107.54,93.78,EXCELLENT,0,0,180
FAC-001,FacilityOps Campus,AST-005,Generator 1,Generator,Building C,Block C1,2026-01-29 14:00:00,62.08,2.81,4.27,62.65,0.7,4030.88,7,107.58,92.27,EXCELLENT,0,0,95
FAC-001,FacilityOps Campus,AST-005,Generator 1,Generator,Building C,Block C1,2026-01-29 15:00:00,57.85,2.26,4.7,58.16,0.47,4031.35,7,107.62,94.0,EXCELLENT,0,0,141
FAC-001,FacilityOps Campus,AST-005,Generator 1,Generator,Building C,Block C1,2026-01-29 16:00:00,60.72,3.22,5.17,68.66,0.53,4031.88,7,107.67,94.51,EXCELLENT,0,0,158
FAC-001,FacilityOps Campus,AST-005,Generator 1,Generator,Building C,Block C1,2026-01-29 17:00:00,96.78,5.09,4.39,78.69,0.74,4032.61,7,107.71,20.02,CRITICAL,1,1,6
FAC-001,FacilityOps Campus,AST-005,Generator 1,Generator,Building C,Block C1,2026-01-29 18:00:00,63.31,2.97,5.08,65.19,0.4,4033.02,7,107.75,94.87,EXCELLENT,0,0,138
FAC-001,FacilityOps Campus,AST-005,Generator 1,Generator,Building C,Block C1,2026-01-29 19:00:00,58.83,2.9,4.96,21.28,0.94,4033.96,7,107.79,95.05,EXCELLENT,0,0,115
FAC-001,FacilityOps Campus,AST-005,Generator 1,Generator,Building C,Block C1,2026-01-29 20:00:00,57.16,3.39,5.19,33.3,0.7,4034.66,7,107.83,94.45,EXCELLENT,0,0,98
FAC-001,FacilityOps Campus,AST-005,Generator 1,Generator,Building C,Block C1,2026-01-29 21:00:00,60.33,2.93,5.07,27.92,0.63,4035.29,7,107.88,94.9,EXCELLENT,0,0,112
FAC-001,FacilityOps Campus,AST-005,Generator 1,Generator,Building C,Block C1,2026-01-29 22:00:00,62.94,2.81,4.84,25.19,0.59,4035.88,7,107.92,94.58,EXCELLENT,0,0,105
FAC-001,FacilityOps Campus,AST-005,Generator 1,Generator,Building C,Block C1,2026-01-29 23:00:00,65.16,2.6,4.78,42.73,0.67,4036.55,7,107.96,94.3,EXCELLENT,0,0,176
FAC-001,FacilityOps Campus,AST-005,Generator 1,Generator,Building C,Block C1,2026-01-30 00:00:00,59.59,3.19,4.56,17.22,0.91,4037.46,7,108.0,93.44,EXCELLENT,0,0,140
FAC-001,FacilityOps Campus,AST-005,Generator 1,Generator,Building C,Block C1,2026-01-30 01:00:00,60.49,2.84,4.93,41.42,0.86,4038.31,7,108.04,94.92,EXCELLENT,0,0,139
FAC-001,FacilityOps Campus,AST-005,Generator 1,Generator,Building C,Block C1,2026-01-30 02:00:00,84.56,4.29,5.89,44.05,0.82,4039.13,7,108.08,52.61,WARNING,1,1,16
FAC-001,FacilityOps Campus,AST-005,Generator 1,Generator,Building C,Block C1,2026-01-30 03:00:00,59.2,2.85,4.96,38.3,0.98,4040.11,7,108.12,95.05,EXCELLENT,0,0,164
FAC-001,FacilityOps Campus,AST-005,Generator 1,Generator,Building C,Block C1,2026-01-30 04:00:00,65.76,2.96,5.23,25.68,0.4,4040.51,7,108.17,94.29,EXCELLENT,0,0,170
FAC-001,FacilityOps Campus,AST-005,Generator 1,Generator,Building C,Block C1,2026-01-30 05:00:00,61.07,3.06,5.16,35.27,0.42,4040.93,7,108.21,94.56,EXCELLENT,0,0,142
FAC-001,FacilityOps Campus,AST-005,Generator 1,Generator,Building C,Block C1,2026-01-30 06:00:00,59.37,2.67,5.4,32.24,0.64,4041.57,7,108.25,93.62,EXCELLENT,0,0,128
FAC-001,FacilityOps Campus,AST-005,Generator 1,Generator,Building C,Block C1,2026-01-30 07:00:00,64.56,2.87,5.13,26.21,0.77,4042.33,7,108.29,94.68,EXCELLENT,0,0,100
FAC-001,FacilityOps Campus,AST-005,Generator 1,Generator,Building C,Block C1,2026-01-30 08:00:00,61.06,3.05,4.79,61.76,0.69,4043.03,7,108.33,94.38,EXCELLENT,0,0,108
FAC-001,FacilityOps Campus,AST-005,Generator 1,Generator,Building C,Block C1,2026-01-30 09:00:00,59.86,2.93,4.75,59.19,0.97,4044.0,7,108.38,94.2,EXCELLENT,0,0,119
FAC-001,FacilityOps Campus,AST-005,Generator 1,Generator,Building C,Block C1,2026-01-30 10:00:00,59.49,3.05,5.0,55.01,0.88,4044.88,7,108.42,95.19,EXCELLENT,0,0,98
FAC-001,FacilityOps Campus,AST-005,Generator 1,Generator,Building C,Block C1,2026-01-30 11:00:00,66.34,3.06,5.24,70.65,0.77,4045.65,7,108.46,94.22,EXCELLENT,0,0,101
FAC-001,FacilityOps Campus,AST-005,Generator 1,Generator,Building C,Block C1,2026-01-30 12:00:00,60.03,3.28,5.33,76.53,0.99,4046.64,7,108.5,92.9,EXCELLENT,0,0,131
FAC-001,FacilityOps Campus,AST-005,Generator 1,Generator,Building C,Block C1,2026-01-30 13:00:00,63.7,3.07,4.73,60.16,0.98,4047.62,7,108.54,94.13,EXCELLENT,0,0,111
FAC-001,FacilityOps Campus,AST-005,Generator 1,Generator,Building C,Block C1,2026-01-30 14:00:00,59.54,2.68,4.84,62.05,0.61,4048.23,7,108.58,94.55,EXCELLENT,0,0,169
FAC-001,FacilityOps Campus,AST-005,Generator 1,Generator,Building C,Block C1,2026-01-30 15:00:00,87.27,4.11,3.52,75.04,0.58,4048.81,7,108.62,48.48,CRITICAL,1,1,0
FAC-001,FacilityOps Campus,AST-005,Generator 1,Generator,Building C,Block C1,2026-01-30 16:00:00,59.43,2.86,4.85,49.44,0.45,4049.27,7,108.67,94.61,EXCELLENT,0,0,131
FAC-001,FacilityOps Campus,AST-005,Generator 1,Generator,Building C,Block C1,2026-01-30 17:00:00,63.01,2.69,4.14,73.09,0.96,4050.23,7,108.71,91.77,EXCELLENT,0,0,127
FAC-001,FacilityOps Campus,AST-005,Generator 1,Generator,Building C,Block C1,2026-01-30 18:00:00,59.97,2.98,4.75,54.22,0.54,4050.77,7,108.75,94.18,EXCELLENT,0,0,125
FAC-001,FacilityOps Campus,AST-005,Generator 1,Generator,Building C,Block C1,2026-01-30 19:00:00,64.42,3.46,5.01,39.89,0.65,4051.42,7,108.79,95.03,EXCELLENT,0,0,176
FAC-001,FacilityOps Campus,AST-005,Generator 1,Generator,Building C,Block C1,2026-01-30 20:00:00,58.12,3.01,4.87,41.88,0.81,4052.24,7,108.83,94.69,EXCELLENT,0,0,139
FAC-001,FacilityOps Campus,AST-005,Generator 1,Generator,Building C,Block C1,2026-01-30 21:00:00,62.82,3.03,5.11,38.31,0.8,4053.04,7,108.88,94.78,EXCELLENT,0,0,149
FAC-001,FacilityOps Campus,AST-005,Generator 1,Generator,Building C,Block C1,2026-01-30 22:00:00,66.23,2.96,4.9,26.66,0.79,4053.83,7,108.92,94.79,EXCELLENT,0,0,154
FAC-001,FacilityOps Campus,AST-005,Generator 1,Generator,Building C,Block C1,2026-01-30 23:00:00,58.96,2.7,4.67,43.5,0.95,4054.77,7,108.96,93.89,EXCELLENT,0,0,154
FAC-001,FacilityOps Campus,AST-006,Air Handling Unit 1,AHU,Building C,Block C2,2026-01-01 00:00:00,47.84,2.27,5.62,14.1,0.47,4148.47,4,69.0,97.9,EXCELLENT,0,0,159
FAC-001,FacilityOps Campus,AST-006,Air Handling Unit 1,AHU,Building C,Block C2,2026-01-01 01:00:00,51.36,2.37,5.25,21.09,0.78,4149.25,4,69.04,98.21,EXCELLENT,0,0,95
FAC-001,FacilityOps Campus,AST-006,Air Handling Unit 1,AHU,Building C,Block C2,2026-01-01 02:00:00,47.84,1.82,5.23,18.06,0.78,4150.03,4,69.08,98.1,EXCELLENT,0,0,101
FAC-001,FacilityOps Campus,AST-006,Air Handling Unit 1,AHU,Building C,Block C2,2026-01-01 03:00:00,48.04,1.88,5.21,12.55,0.88,4150.91,4,69.12,98.03,EXCELLENT,0,0,95
FAC-001,FacilityOps Campus,AST-006,Air Handling Unit 1,AHU,Building C,Block C2,2026-01-01 04:00:00,46.9,2.05,5.28,15.35,0.41,4151.32,4,69.17,98.31,EXCELLENT,0,0,120
FAC-001,FacilityOps Campus,AST-006,Air Handling Unit 1,AHU,Building C,Block C2,2026-01-01 05:00:00,47.33,1.43,5.57,20.27,0.49,4151.81,4,69.21,98.13,EXCELLENT,0,0,157
FAC-001,FacilityOps Campus,AST-006,Air Handling Unit 1,AHU,Building C,Block C2,2026-01-01 06:00:00,47.58,2.05,5.31,19.38,0.5,4152.31,4,69.25,98.43,EXCELLENT,0,0,161
FAC-001,FacilityOps Campus,AST-006,Air Handling Unit 1,AHU,Building C,Block C2,2026-01-01 07:00:00,48.2,2.23,5.68,15.85,0.41,4152.73,4,69.29,97.68,EXCELLENT,0,0,178
FAC-001,FacilityOps Campus,AST-006,Air Handling Unit 1,AHU,Building C,Block C2,2026-01-01 08:00:00,50.83,2.16,4.75,28.58,0.44,4153.16,4,69.33,96.21,EXCELLENT,0,0,135
FAC-001,FacilityOps Campus,AST-006,Air Handling Unit 1,AHU,Building C,Block C2,2026-01-01 09:00:00,49.55,2.62,5.29,23.38,0.92,4154.08,4,69.38,93.91,EXCELLENT,0,0,99
FAC-001,FacilityOps Campus,AST-006,Air Handling Unit 1,AHU,Building C,Block C2,2026-01-01 10:00:00,53.92,2.04,4.8,24.62,0.4,4154.49,4,69.42,96.4,EXCELLENT,0,0,95
FAC-001,FacilityOps Campus,AST-006,Air Handling Unit 1,AHU,Building C,Block C2,2026-01-01 11:00:00,45.42,1.76,5.49,28.43,0.86,4155.34,4,69.46,98.46,EXCELLENT,0,0,171
FAC-001,FacilityOps Campus,AST-006,Air Handling Unit 1,AHU,Building C,Block C2,2026-01-01 12:00:00,49.73,1.97,5.29,27.59,0.95,4156.29,4,69.5,98.38,EXCELLENT,0,0,105
FAC-001,FacilityOps Campus,AST-006,Air Handling Unit 1,AHU,Building C,Block C2,2026-01-01 13:00:00,50.95,2.54,5.22,33.01,0.97,4157.26,4,69.54,95.39,EXCELLENT,0,0,151
FAC-001,FacilityOps Campus,AST-006,Air Handling Unit 1,AHU,Building C,Block C2,2026-01-01 14:00:00,47.89,2.56,5.41,33.0,0.72,4157.98,4,69.58,95.77,EXCELLENT,0,0,144
FAC-001,FacilityOps Campus,AST-006,Air Handling Unit 1,AHU,Building C,Block C2,2026-01-01 15:00:00,48.81,2.37,5.14,24.18,0.82,4158.8,4,69.62,97.75,EXCELLENT,0,0,169
FAC-001,FacilityOps Campus,AST-006,Air Handling Unit 1,AHU,Building C,Block C2,2026-01-01 16:00:00,50.65,2.29,5.62,24.03,0.64,4159.44,4,69.67,97.94,EXCELLENT,0,0,99
FAC-001,FacilityOps Campus,AST-006,Air Handling Unit 1,AHU,Building C,Block C2,2026-01-01 17:00:00,48.48,2.43,5.39,28.89,0.67,4160.12,4,69.71,98.46,EXCELLENT,0,0,102
FAC-001,FacilityOps Campus,AST-006,Air Handling Unit 1,AHU,Building C,Block C2,2026-01-01 18:00:00,49.4,2.29,4.86,29.72,0.41,4160.53,4,69.75,96.64,EXCELLENT,0,0,115
FAC-001,FacilityOps Campus,AST-006,Air Handling Unit 1,AHU,Building C,Block C2,2026-01-01 19:00:00,52.77,2.09,6.25,10.73,0.89,4161.42,4,69.79,95.41,EXCELLENT,0,0,92
FAC-001,FacilityOps Campus,AST-006,Air Handling Unit 1,AHU,Building C,Block C2,2026-01-01 20:00:00,48.87,1.77,5.15,15.38,0.71,4162.14,4,69.83,97.81,EXCELLENT,0,0,161
FAC-001,FacilityOps Campus,AST-006,Air Handling Unit 1,AHU,Building C,Block C2,2026-01-01 21:00:00,51.31,2.21,5.12,12.61,0.54,4162.68,4,69.88,97.68,EXCELLENT,0,0,140
FAC-001,FacilityOps Campus,AST-006,Air Handling Unit 1,AHU,Building C,Block C2,2026-01-01 22:00:00,45.8,2.33,5.81,11.21,0.78,4163.46,4,69.92,97.16,EXCELLENT,0,0,145
FAC-001,FacilityOps Campus,AST-006,Air Handling Unit 1,AHU,Building C,Block C2,2026-01-01 23:00:00,51.65,2.77,5.72,18.95,0.94,4164.4,4,69.96,89.86,EXCELLENT,0,0,164
FAC-001,FacilityOps Campus,AST-006,Air Handling Unit 1,AHU,Building C,Block C2,2026-01-02 00:00:00,50.62,2.61,5.07,19.26,0.49,4164.89,4,70.0,93.37,EXCELLENT,0,0,146
FAC-001,FacilityOps Campus,AST-006,Air Handling Unit 1,AHU,Building C,Block C2,2026-01-02 01:00:00,51.65,2.14,4.71,14.14,0.94,4165.82,4,70.04,96.03,EXCELLENT,0,0,123
FAC-001,FacilityOps Campus,AST-006,Air Handling Unit 1,AHU,Building C,Block C2,2026-01-02 02:00:00,46.98,2.38,5.22,12.58,0.76,4166.58,4,70.08,98.1,EXCELLENT,0,0,118
FAC-001,FacilityOps Campus,AST-006,Air Handling Unit 1,AHU,Building C,Block C2,2026-01-02 03:00:00,94.4,2.62,7.02,20.89,0.5,4167.08,4,70.12,9.02,CRITICAL,1,1,1
FAC-001,FacilityOps Campus,AST-006,Air Handling Unit 1,AHU,Building C,Block C2,2026-01-02 04:00:00,53.28,1.98,5.56,19.37,0.85,4167.93,4,70.17,98.17,EXCELLENT,0,0,134
FAC-001,FacilityOps Campus,AST-006,Air Handling Unit 1,AHU,Building C,Block C2,2026-01-02 05:00:00,48.09,1.68,5.79,13.08,0.73,4168.66,4,70.21,97.22,EXCELLENT,0,0,142
FAC-001,FacilityOps Campus,AST-006,Air Handling Unit 1,AHU,Building C,Block C2,2026-01-02 06:00:00,49.86,2.13,5.19,12.11,0.81,4169.48,4,70.25,97.95,EXCELLENT,0,0,138
FAC-001,FacilityOps Campus,AST-006,Air Handling Unit 1,AHU,Building C,Block C2,2026-01-02 07:00:00,46.77,2.07,5.05,13.83,0.96,4170.43,4,70.29,97.38,EXCELLENT,0,0,90
FAC-001,FacilityOps Campus,AST-006,Air Handling Unit 1,AHU,Building C,Block C2,2026-01-02 08:00:00,46.8,1.97,5.84,27.56,0.6,4171.03,4,70.33,97.04,EXCELLENT,0,0,126
FAC-001,FacilityOps Campus,AST-006,Air Handling Unit 1,AHU,Building C,Block C2,2026-01-02 09:00:00,50.43,1.91,5.4,26.1,0.65,4171.68,4,70.38,98.79,EXCELLENT,0,0,132
FAC-001,FacilityOps Campus,AST-006,Air Handling Unit 1,AHU,Building C,Block C2,2026-01-02 10:00:00,54.85,1.91,5.07,26.26,1.0,4172.68,4,70.42,97.5,EXCELLENT,0,0,164
FAC-001,FacilityOps Campus,AST-006,Air Handling Unit 1,AHU,Building C,Block C2,2026-01-02 11:00:00,51.46,1.97,5.59,23.64,0.95,4173.63,4,70.46,98.03,EXCELLENT,0,0,111
FAC-001,FacilityOps Campus,AST-006,Air Handling Unit 1,AHU,Building C,Block C2,2026-01-02 12:00:00,49.56,2.1,5.53,27.94,0.45,4174.08,4,70.5,98.28,EXCELLENT,0,0,173
FAC-001,FacilityOps Campus,AST-006,Air Handling Unit 1,AHU,Building C,Block C2,2026-01-02 13:00:00,47.8,2.06,4.9,24.71,0.67,4174.75,4,70.54,96.8,EXCELLENT,0,0,158
FAC-001,FacilityOps Campus,AST-006,Air Handling Unit 1,AHU,Building C,Block C2,2026-01-02 14:00:00,48.21,1.91,5.9,24.66,0.79,4175.54,4,70.58,96.81,EXCELLENT,0,0,155
FAC-001,FacilityOps Campus,AST-006,Air Handling Unit 1,AHU,Building C,Block C2,2026-01-02 15:00:00,52.52,1.63,4.94,18.34,0.85,4176.4,4,70.62,96.97,EXCELLENT,0,0,131
FAC-001,FacilityOps Campus,AST-006,Air Handling Unit 1,AHU,Building C,Block C2,2026-01-02 16:00:00,51.11,2.04,5.68,25.81,0.57,4176.96,4,70.67,97.67,EXCELLENT,0,0,180
FAC-001,FacilityOps Campus,AST-006,Air Handling Unit 1,AHU,Building C,Block C2,2026-01-02 17:00:00,52.7,1.76,4.9,23.73,0.74,4177.71,4,70.71,96.81,EXCELLENT,0,0,131
FAC-001,FacilityOps Campus,AST-006,Air Handling Unit 1,AHU,Building C,Block C2,2026-01-02 18:00:00,43.49,2.37,5.22,25.47,0.44,4178.15,4,70.75,98.07,EXCELLENT,0,0,128
FAC-001,FacilityOps Campus,AST-006,Air Handling Unit 1,AHU,Building C,Block C2,2026-01-02 19:00:00,56.46,2.71,3.82,16.17,0.91,4179.06,4,70.79,83.28,GOOD,1,0,63
FAC-001,FacilityOps Campus,AST-006,Air Handling Unit 1,AHU,Building C,Block C2,2026-01-02 20:00:00,54.02,2.27,5.43,9.0,0.9,4179.96,4,70.83,98.69,EXCELLENT,0,0,155
FAC-001,FacilityOps Campus,AST-006,Air Handling Unit 1,AHU,Building C,Block C2,2026-01-02 21:00:00,48.25,2.18,5.44,13.7,0.78,4180.74,4,70.88,98.64,EXCELLENT,0,0,153
FAC-001,FacilityOps Campus,AST-006,Air Handling Unit 1,AHU,Building C,Block C2,2026-01-02 22:00:00,47.47,2.4,5.18,13.95,0.97,4181.71,4,70.92,97.92,EXCELLENT,0,0,98
FAC-001,FacilityOps Campus,AST-006,Air Handling Unit 1,AHU,Building C,Block C2,2026-01-02 23:00:00,47.09,1.71,5.07,19.26,0.46,4182.17,4,70.96,97.48,EXCELLENT,0,0,124
FAC-001,FacilityOps Campus,AST-006,Air Handling Unit 1,AHU,Building C,Block C2,2026-01-03 00:00:00,46.05,1.8,5.42,16.1,0.82,4182.99,4,71.0,98.71,EXCELLENT,0,0,162
FAC-001,FacilityOps Campus,AST-006,Air Handling Unit 1,AHU,Building C,Block C2,2026-01-03 01:00:00,45.23,1.5,5.13,12.53,0.91,4183.9,4,71.04,97.73,EXCELLENT,0,0,118
FAC-001,FacilityOps Campus,AST-006,Air Handling Unit 1,AHU,Building C,Block C2,2026-01-03 02:00:00,52.16,2.2,5.15,13.34,0.74,4184.65,4,71.08,97.81,EXCELLENT,0,0,160
FAC-001,FacilityOps Campus,AST-006,Air Handling Unit 1,AHU,Building C,Block C2,2026-01-03 03:00:00,50.29,2.15,5.38,11.85,0.59,4185.24,4,71.12,98.71,EXCELLENT,0,0,162
FAC-001,FacilityOps Campus,AST-006,Air Handling Unit 1,AHU,Building C,Block C2,2026-01-03 04:00:00,49.53,1.79,5.4,16.95,0.94,4186.17,4,71.17,98.78,EXCELLENT,0,0,149
FAC-001,FacilityOps Campus,AST-006,Air Handling Unit 1,AHU,Building C,Block C2,2026-01-03 05:00:00,53.79,1.88,5.43,21.12,0.82,4187.0,4,71.21,98.67,EXCELLENT,0,0,179
FAC-001,FacilityOps Campus,AST-006,Air Handling Unit 1,AHU,Building C,Block C2,2026-01-03 06:00:00,54.22,2.56,4.77,18.85,0.41,4187.41,4,71.25,93.18,EXCELLENT,0,0,130
FAC-001,FacilityOps Campus,AST-006,Air Handling Unit 1,AHU,Building C,Block C2,2026-01-03 07:00:00,52.51,2.07,5.49,9.74,0.98,4188.39,4,71.29,98.45,EXCELLENT,0,0,156
FAC-001,FacilityOps Campus,AST-006,Air Handling Unit 1,AHU,Building C,Block C2,2026-01-03 08:00:00,50.74,2.17,5.32,29.59,0.87,4189.26,4,71.33,98.49,EXCELLENT,0,0,174
FAC-001,FacilityOps Campus,AST-006,Air Handling Unit 1,AHU,Building C,Block C2,2026-01-03 09:00:00,53.94,2.48,5.58,28.69,0.42,4189.68,4,71.38,96.74,EXCELLENT,0,0,149
FAC-001,FacilityOps Campus,AST-006,Air Handling Unit 1,AHU,Building C,Block C2,2026-01-03 10:00:00,51.62,2.18,5.22,29.07,0.97,4190.65,4,71.42,98.07,EXCELLENT,0,0,113
FAC-001,FacilityOps Campus,AST-006,Air Handling Unit 1,AHU,Building C,Block C2,2026-01-03 11:00:00,52.89,1.99,5.91,25.77,0.91,4191.56,4,71.46,96.76,EXCELLENT,0,0,140
FAC-001,FacilityOps Campus,AST-006,Air Handling Unit 1,AHU,Building C,Block C2,2026-01-03 12:00:00,52.34,2.25,5.09,29.06,0.88,4192.44,4,71.5,97.56,EXCELLENT,0,0,124
FAC-001,FacilityOps Campus,AST-006,Air Handling Unit 1,AHU,Building C,Block C2,2026-01-03 13:00:00,50.48,2.07,5.76,33.27,0.66,4193.1,4,71.54,97.35,EXCELLENT,0,0,178
FAC-001,FacilityOps Campus,AST-006,Air Handling Unit 1,AHU,Building C,Block C2,2026-01-03 14:00:00,49.43,2.37,5.59,24.24,0.6,4193.71,4,71.58,98.05,EXCELLENT,0,0,162
FAC-001,FacilityOps Campus,AST-006,Air Handling Unit 1,AHU,Building C,Block C2,2026-01-03 15:00:00,46.56,2.02,5.48,29.62,0.65,4194.36,4,71.62,98.49,EXCELLENT,0,0,117
FAC-001,FacilityOps Campus,AST-006,Air Handling Unit 1,AHU,Building C,Block C2,2026-01-03 16:00:00,50.78,2.66,5.8,22.7,0.75,4195.11,4,71.67,91.88,EXCELLENT,0,0,96
FAC-001,FacilityOps Campus,AST-006,Air Handling Unit 1,AHU,Building C,Block C2,2026-01-03 17:00:00,46.57,2.37,5.48,24.32,0.95,4196.06,4,71.71,98.47,EXCELLENT,0,0,101
FAC-001,FacilityOps Campus,AST-006,Air Handling Unit 1,AHU,Building C,Block C2,2026-01-03 18:00:00,53.11,2.21,5.33,32.13,0.79,4196.85,4,71.75,98.54,EXCELLENT,0,0,149
FAC-001,FacilityOps Campus,AST-006,Air Handling Unit 1,AHU,Building C,Block C2,2026-01-03 19:00:00,46.95,2.24,5.63,11.87,0.86,4197.71,4,71.79,97.88,EXCELLENT,0,0,111
FAC-001,FacilityOps Campus,AST-006,Air Handling Unit 1,AHU,Building C,Block C2,2026-01-03 20:00:00,50.72,1.51,5.4,12.55,0.87,4198.57,4,71.83,98.79,EXCELLENT,0,0,146
FAC-001,FacilityOps Campus,AST-006,Air Handling Unit 1,AHU,Building C,Block C2,2026-01-03 21:00:00,49.06,2.08,5.72,15.87,0.91,4199.48,4,71.88,97.52,EXCELLENT,0,0,137
FAC-001,FacilityOps Campus,AST-006,Air Handling Unit 1,AHU,Building C,Block C2,2026-01-03 22:00:00,48.02,2.41,5.4,10.08,0.87,4200.35,4,71.92,98.78,EXCELLENT,0,0,117
FAC-001,FacilityOps Campus,AST-006,Air Handling Unit 1,AHU,Building C,Block C2,2026-01-03 23:00:00,55.2,2.09,5.4,9.66,0.67,4201.02,4,71.96,98.39,EXCELLENT,0,0,162
FAC-001,FacilityOps Campus,AST-006,Air Handling Unit 1,AHU,Building C,Block C2,2026-01-04 00:00:00,51.84,1.75,4.95,21.82,0.65,4201.67,4,72.0,97.0,EXCELLENT,0,0,102
FAC-001,FacilityOps Campus,AST-006,Air Handling Unit 1,AHU,Building C,Block C2,2026-01-04 01:00:00,49.5,1.78,5.09,14.16,0.48,4202.15,4,72.04,97.55,EXCELLENT,0,0,162
FAC-001,FacilityOps Campus,AST-006,Air Handling Unit 1,AHU,Building C,Block C2,2026-01-04 02:00:00,52.39,2.16,5.33,16.38,0.85,4203.0,4,72.08,98.54,EXCELLENT,0,0,156
FAC-001,FacilityOps Campus,AST-006,Air Handling Unit 1,AHU,Building C,Block C2,2026-01-04 03:00:00,44.52,1.98,5.87,11.44,0.45,4203.45,4,72.12,96.91,EXCELLENT,0,0,144
FAC-001,FacilityOps Campus,AST-006,Air Handling Unit 1,AHU,Building C,Block C2,2026-01-04 04:00:00,51.06,2.6,5.28,19.19,0.68,4204.13,4,72.17,94.38,EXCELLENT,0,0,146
FAC-001,FacilityOps Campus,AST-006,Air Handling Unit 1,AHU,Building C,Block C2,2026-01-04 05:00:00,50.36,2.1,5.07,10.62,0.47,4204.6,4,72.21,97.5,EXCELLENT,0,0,146
FAC-001,FacilityOps Campus,AST-006,Air Handling Unit 1,AHU,Building C,Block C2,2026-01-04 06:00:00,50.32,2.22,5.03,9.75,0.67,4205.27,4,72.25,97.31,EXCELLENT,0,0,117
FAC-001,FacilityOps Campus,AST-006,Air Handling Unit 1,AHU,Building C,Block C2,2026-01-04 07:00:00,65.94,3.32,6.48,25.59,0.78,4206.04,4,72.29,53.09,WARNING,1,1,18
FAC-001,FacilityOps Campus,AST-006,Air Handling Unit 1,AHU,Building C,Block C2,2026-01-04 08:00:00,52.12,2.35,5.06,34.19,0.4,4206.45,4,72.33,97.43,EXCELLENT,0,0,135
FAC-001,FacilityOps Campus,AST-006,Air Handling Unit 1,AHU,Building C,Block C2,2026-01-04 09:00:00,52.77,1.77,5.32,24.93,0.73,4207.18,4,72.38,98.49,EXCELLENT,0,0,115
FAC-001,FacilityOps Campus,AST-006,Air Handling Unit 1,AHU,Building C,Block C2,2026-01-04 10:00:00,48.94,2.39,5.46,30.9,0.89,4208.06,4,72.42,98.54,EXCELLENT,0,0,132
FAC-001,FacilityOps Campus,AST-006,Air Handling Unit 1,AHU,Building C,Block C2,2026-01-04 11:00:00,62.32,2.94,6.74,34.64,0.71,4208.78,4,72.46,67.42,WARNING,1,0,30
FAC-001,FacilityOps Campus,AST-006,Air Handling Unit 1,AHU,Building C,Block C2,2026-01-04 12:00:00,50.64,1.91,5.45,26.05,0.48,4209.25,4,72.5,98.6,EXCELLENT,0,0,161
FAC-001,FacilityOps Campus,AST-006,Air Handling Unit 1,AHU,Building C,Block C2,2026-01-04 13:00:00,46.38,2.19,5.1,28.16,0.86,4210.11,4,72.54,97.62,EXCELLENT,0,0,127
FAC-001,FacilityOps Campus,AST-006,Air Handling Unit 1,AHU,Building C,Block C2,2026-01-04 14:00:00,46.17,2.34,5.68,26.39,0.83,4210.94,4,72.58,97.67,EXCELLENT,0,0,104
FAC-001,FacilityOps Campus,AST-006,Air Handling Unit 1,AHU,Building C,Block C2,2026-01-04 15:00:00,52.2,2.12,5.43,21.83,0.81,4211.75,4,72.62,98.68,EXCELLENT,0,0,171
FAC-001,FacilityOps Campus,AST-006,Air Handling Unit 1,AHU,Building C,Block C2,2026-01-04 16:00:00,48.46,2.15,5.11,24.17,0.4,4212.16,4,72.67,97.63,EXCELLENT,0,0,103
FAC-001,FacilityOps Campus,AST-006,Air Handling Unit 1,AHU,Building C,Block C2,2026-01-04 17:00:00,49.02,2.5,5.15,28.89,0.95,4213.1,4,72.71,96.07,EXCELLENT,0,0,114
FAC-001,FacilityOps Campus,AST-006,Air Handling Unit 1,AHU,Building C,Block C2,2026-01-04 18:00:00,50.65,1.85,5.8,26.82,0.52,4213.62,4,72.75,97.21,EXCELLENT,0,0,170
FAC-001,FacilityOps Campus,AST-006,Air Handling Unit 1,AHU,Building C,Block C2,2026-01-04 19:00:00,51.24,2.08,5.75,14.74,0.6,4214.22,4,72.79,97.4,EXCELLENT,0,0,178
FAC-001,FacilityOps Campus,AST-006,Air Handling Unit 1,AHU,Building C,Block C2,2026-01-04 20:00:00,45.51,2.34,5.79,11.42,0.79,4215.01,4,72.83,97.25,EXCELLENT,0,0,117
FAC-001,FacilityOps Campus,AST-006,Air Handling Unit 1,AHU,Building C,Block C2,2026-01-04 21:00:00,47.95,2.42,5.18,8.74,0.92,4215.93,4,72.88,97.86,EXCELLENT,0,0,100
FAC-001,FacilityOps Campus,AST-006,Air Handling Unit 1,AHU,Building C,Block C2,2026-01-04 22:00:00,52.41,1.85,5.21,17.82,0.83,4216.76,4,72.92,98.04,EXCELLENT,0,0,116
FAC-001,FacilityOps Campus,AST-006,Air Handling Unit 1,AHU,Building C,Block C2,2026-01-04 23:00:00,48.7,2.14,5.46,14.57,0.97,4217.74,4,72.96,98.55,EXCELLENT,0,0,172
FAC-001,FacilityOps Campus,AST-006,Air Handling Unit 1,AHU,Building C,Block C2,2026-01-05 00:00:00,53.33,2.26,5.28,14.8,0.49,4218.22,4,73.0,98.3,EXCELLENT,0,0,159
FAC-001,FacilityOps Campus,AST-006,Air Handling Unit 1,AHU,Building C,Block C2,2026-01-05 01:00:00,52.26,2.16,5.3,11.84,0.64,4218.86,4,73.04,98.42,EXCELLENT,0,0,166
FAC-001,FacilityOps Campus,AST-006,Air Handling Unit 1,AHU,Building C,Block C2,2026-01-05 02:00:00,50.06,2.3,5.26,18.8,0.99,4219.85,4,73.08,98.22,EXCELLENT,0,0,95
FAC-001,FacilityOps Campus,AST-006,Air Handling Unit 1,AHU,Building C,Block C2,2026-01-05 03:00:00,49.49,1.99,5.31,12.25,0.44,4220.29,4,73.12,98.44,EXCELLENT,0,0,94
FAC-001,FacilityOps Campus,AST-006,Air Handling Unit 1,AHU,Building C,Block C2,2026-01-05 04:00:00,51.37,1.59,5.96,20.67,0.81,4221.11,4,73.17,96.55,EXCELLENT,0,0,158
FAC-001,FacilityOps Campus,AST-006,Air Handling Unit 1,AHU,Building C,Block C2,2026-01-05 05:00:00,50.92,1.85,5.09,11.79,0.57,4221.67,4,73.21,97.58,EXCELLENT,0,0,171
FAC-001,FacilityOps Campus,AST-006,Air Handling Unit 1,AHU,Building C,Block C2,2026-01-05 06:00:00,49.62,1.89,5.7,15.59,0.47,4222.14,4,73.25,97.58,EXCELLENT,0,0,143
FAC-001,FacilityOps Campus,AST-006,Air Handling Unit 1,AHU,Building C,Block C2,2026-01-05 07:00:00,49.88,2.23,5.05,12.03,0.43,4222.56,4,73.29,97.38,EXCELLENT,0,0,120
FAC-001,FacilityOps Campus,AST-006,Air Handling Unit 1,AHU,Building C,Block C2,2026-01-05 08:00:00,53.8,2.52,5.42,24.02,0.96,4223.52,4,73.33,96.54,EXCELLENT,0,0,155
FAC-001,FacilityOps Campus,AST-006,Air Handling Unit 1,AHU,Building C,Block C2,2026-01-05 09:00:00,50.63,2.34,5.44,33.62,0.72,4224.25,4,73.38,98.66,EXCELLENT,0,0,110
FAC-001,FacilityOps Campus,AST-006,Air Handling Unit 1,AHU,Building C,Block C2,2026-01-05 10:00:00,49.16,2.28,5.29,25.72,0.52,4224.76,4,73.42,98.36,EXCELLENT,0,0,153
FAC-001,FacilityOps Campus,AST-006,Air Handling Unit 1,AHU,Building C,Block C2,2026-01-05 11:00:00,46.08,2.23,5.51,32.24,0.46,4225.23,4,73.46,98.36,EXCELLENT,0,0,143
FAC-001,FacilityOps Campus,AST-006,Air Handling Unit 1,AHU,Building C,Block C2,2026-01-05 12:00:00,48.49,2.3,5.98,29.79,0.42,4225.65,4,73.5,96.48,EXCELLENT,0,0,127
FAC-001,FacilityOps Campus,AST-006,Air Handling Unit 1,AHU,Building C,Block C2,2026-01-05 13:00:00,50.41,2.24,5.82,34.38,0.61,4226.26,4,73.54,97.11,EXCELLENT,0,0,107
FAC-001,FacilityOps Campus,AST-006,Air Handling Unit 1,AHU,Building C,Block C2,2026-01-05 14:00:00,47.12,2.27,5.41,28.66,1.0,4227.25,4,73.58,98.75,EXCELLENT,0,0,163
FAC-001,FacilityOps Campus,AST-006,Air Handling Unit 1,AHU,Building C,Block C2,2026-01-05 15:00:00,51.82,2.02,5.59,26.25,0.43,4227.69,4,73.62,98.04,EXCELLENT,0,0,126
FAC-001,FacilityOps Campus,AST-006,Air Handling Unit 1,AHU,Building C,Block C2,2026-01-05 16:00:00,53.84,2.22,5.42,28.55,0.81,4228.5,4,73.67,98.71,EXCELLENT,0,0,94
FAC-001,FacilityOps Campus,AST-006,Air Handling Unit 1,AHU,Building C,Block C2,2026-01-05 17:00:00,48.12,2.55,5.47,36.55,0.47,4228.96,4,73.71,93.3,EXCELLENT,0,0,102
FAC-001,FacilityOps Campus,AST-006,Air Handling Unit 1,AHU,Building C,Block C2,2026-01-05 18:00:00,53.87,2.36,5.22,23.62,0.78,4229.74,4,73.75,98.1,EXCELLENT,0,0,172
FAC-001,FacilityOps Campus,AST-006,Air Handling Unit 1,AHU,Building C,Block C2,2026-01-05 19:00:00,49.17,2.18,5.34,12.84,0.91,4230.66,4,73.79,98.58,EXCELLENT,0,0,140
FAC-001,FacilityOps Campus,AST-006,Air Handling Unit 1,AHU,Building C,Block C2,2026-01-05 20:00:00,48.42,2.65,5.69,11.98,0.96,4231.62,4,73.83,92.54,EXCELLENT,0,0,114
FAC-001,FacilityOps Campus,AST-006,Air Handling Unit 1,AHU,Building C,Block C2,2026-01-05 21:00:00,54.14,1.69,5.63,11.05,0.99,4232.61,4,73.88,97.88,EXCELLENT,0,0,90
FAC-001,FacilityOps Campus,AST-006,Air Handling Unit 1,AHU,Building C,Block C2,2026-01-05 22:00:00,48.14,1.66,4.68,9.41,0.71,4233.32,4,73.92,95.9,EXCELLENT,0,0,160
FAC-001,FacilityOps Campus,AST-006,Air Handling Unit 1,AHU,Building C,Block C2,2026-01-05 23:00:00,67.14,3.19,5.86,12.77,0.6,4233.92,4,73.96,56.13,WARNING,1,0,17
FAC-001,FacilityOps Campus,AST-006,Air Handling Unit 1,AHU,Building C,Block C2,2026-01-06 00:00:00,49.96,2.19,5.37,15.45,0.96,4234.88,4,74.0,98.68,EXCELLENT,0,0,156
FAC-001,FacilityOps Campus,AST-006,Air Handling Unit 1,AHU,Building C,Block C2,2026-01-06 01:00:00,50.64,2.32,5.7,14.96,0.98,4235.86,4,74.04,97.62,EXCELLENT,0,0,173
FAC-001,FacilityOps Campus,AST-006,Air Handling Unit 1,AHU,Building C,Block C2,2026-01-06 02:00:00,57.98,2.18,5.14,16.34,0.53,4236.39,4,74.08,91.78,EXCELLENT,0,0,130
FAC-001,FacilityOps Campus,AST-006,Air Handling Unit 1,AHU,Building C,Block C2,2026-01-06 03:00:00,51.86,2.56,5.53,15.39,0.55,4236.95,4,74.12,95.17,EXCELLENT,0,0,98
FAC-001,FacilityOps Campus,AST-006,Air Handling Unit 1,AHU,Building C,Block C2,2026-01-06 04:00:00,63.5,3.37,4.29,25.64,0.96,4237.91,4,74.17,56.92,WARNING,1,0,25
FAC-001,FacilityOps Campus,AST-006,Air Handling Unit 1,AHU,Building C,Block C2,2026-01-06 05:00:00,51.06,2.64,5.67,16.35,0.48,4238.39,4,74.21,92.8,EXCELLENT,0,0,116
FAC-001,FacilityOps Campus,AST-006,Air Handling Unit 1,AHU,Building C,Block C2,2026-01-06 06:00:00,49.42,2.07,5.0,15.83,0.5,4238.89,4,74.25,97.19,EXCELLENT,0,0,173
FAC-001,FacilityOps Campus,AST-006,Air Handling Unit 1,AHU,Building C,Block C2,2026-01-06 07:00:00,52.14,2.17,5.68,17.68,0.74,4239.63,4,74.29,97.67,EXCELLENT,0,0,179
FAC-001,FacilityOps Campus,AST-006,Air Handling Unit 1,AHU,Building C,Block C2,2026-01-06 08:00:00,48.13,1.92,5.24,29.96,0.95,4240.58,4,74.33,98.18,EXCELLENT,0,0,180
FAC-001,FacilityOps Campus,AST-006,Air Handling Unit 1,AHU,Building C,Block C2,2026-01-06 09:00:00,46.74,1.83,5.14,23.24,0.84,4241.42,4,74.38,97.75,EXCELLENT,0,0,93
FAC-001,FacilityOps Campus,AST-006,Air Handling Unit 1,AHU,Building C,Block C2,2026-01-06 10:00:00,50.99,1.65,5.27,29.07,0.47,4241.89,4,74.42,98.3,EXCELLENT,0,0,120
FAC-001,FacilityOps Campus,AST-006,Air Handling Unit 1,AHU,Building C,Block C2,2026-01-06 11:00:00,54.96,2.44,5.49,24.56,0.97,4242.87,4,74.46,98.01,EXCELLENT,0,0,162
FAC-001,FacilityOps Campus,AST-006,Air Handling Unit 1,AHU,Building C,Block C2,2026-01-06 12:00:00,48.76,2.0,6.03,29.24,0.91,4243.78,4,74.5,96.28,EXCELLENT,0,0,169
FAC-001,FacilityOps Campus,AST-006,Air Handling Unit 1,AHU,Building C,Block C2,2026-01-06 13:00:00,48.78,2.46,5.42,27.61,0.71,4244.48,4,74.54,97.77,EXCELLENT,0,0,180
FAC-001,FacilityOps Campus,AST-006,Air Handling Unit 1,AHU,Building C,Block C2,2026-01-06 14:00:00,45.11,2.4,5.53,23.86,0.88,4245.36,4,74.58,98.28,EXCELLENT,0,0,115
FAC-001,FacilityOps Campus,AST-006,Air Handling Unit 1,AHU,Building C,Block C2,2026-01-06 15:00:00,48.88,2.21,5.03,27.05,0.82,4246.18,4,74.62,97.32,EXCELLENT,0,0,131
FAC-001,FacilityOps Campus,AST-006,Air Handling Unit 1,AHU,Building C,Block C2,2026-01-06 16:00:00,53.09,2.26,5.28,27.11,0.49,4246.68,4,74.67,98.3,EXCELLENT,0,0,98
FAC-001,FacilityOps Campus,AST-006,Air Handling Unit 1,AHU,Building C,Block C2,2026-01-06 17:00:00,48.58,2.2,6.12,32.38,0.7,4247.38,4,74.71,95.92,EXCELLENT,0,0,125
FAC-001,FacilityOps Campus,AST-006,Air Handling Unit 1,AHU,Building C,Block C2,2026-01-06 18:00:00,48.74,1.97,5.65,31.24,0.6,4247.98,4,74.75,97.79,EXCELLENT,0,0,137
FAC-001,FacilityOps Campus,AST-006,Air Handling Unit 1,AHU,Building C,Block C2,2026-01-06 19:00:00,54.37,2.02,5.66,8.01,0.42,4248.4,4,74.79,97.74,EXCELLENT,0,0,131
FAC-001,FacilityOps Campus,AST-006,Air Handling Unit 1,AHU,Building C,Block C2,2026-01-06 20:00:00,47.52,2.16,5.53,10.63,0.85,4249.25,4,74.83,98.29,EXCELLENT,0,0,153
FAC-001,FacilityOps Campus,AST-006,Air Handling Unit 1,AHU,Building C,Block C2,2026-01-06 21:00:00,51.67,2.43,4.77,19.51,0.87,4250.12,4,74.88,95.84,EXCELLENT,0,0,168
FAC-001,FacilityOps Campus,AST-006,Air Handling Unit 1,AHU,Building C,Block C2,2026-01-06 22:00:00,54.83,2.34,5.75,12.5,0.46,4250.57,4,74.92,97.42,EXCELLENT,0,0,106
FAC-001,FacilityOps Campus,AST-006,Air Handling Unit 1,AHU,Building C,Block C2,2026-01-06 23:00:00,50.59,2.07,5.55,14.32,0.88,4251.45,4,74.96,98.21,EXCELLENT,0,0,120
FAC-001,FacilityOps Campus,AST-006,Air Handling Unit 1,AHU,Building C,Block C2,2026-01-07 00:00:00,50.92,2.25,5.23,18.65,0.7,4252.15,4,75.0,98.11,EXCELLENT,0,0,160
FAC-001,FacilityOps Campus,AST-006,Air Handling Unit 1,AHU,Building C,Block C2,2026-01-07 01:00:00,47.0,2.51,5.71,16.47,0.66,4252.81,4,75.04,95.45,EXCELLENT,0,0,178
FAC-001,FacilityOps Campus,AST-006,Air Handling Unit 1,AHU,Building C,Block C2,2026-01-07 02:00:00,48.92,2.18,5.77,20.3,0.75,4253.57,4,75.08,97.3,EXCELLENT,0,0,109
FAC-001,FacilityOps Campus,AST-006,Air Handling Unit 1,AHU,Building C,Block C2,2026-01-07 03:00:00,61.86,4.49,5.26,21.54,0.41,4253.98,4,75.12,40.16,CRITICAL,1,1,6
FAC-001,FacilityOps Campus,AST-006,Air Handling Unit 1,AHU,Building C,Block C2,2026-01-07 04:00:00,50.35,2.11,5.57,17.82,0.42,4254.4,4,75.17,98.14,EXCELLENT,0,0,176
FAC-001,FacilityOps Campus,AST-006,Air Handling Unit 1,AHU,Building C,Block C2,2026-01-07 05:00:00,53.38,1.9,4.86,22.95,0.59,4254.99,4,75.21,96.64,EXCELLENT,0,0,120
FAC-001,FacilityOps Campus,AST-006,Air Handling Unit 1,AHU,Building C,Block C2,2026-01-07 06:00:00,48.89,2.07,5.27,15.64,0.79,4255.78,4,75.25,98.26,EXCELLENT,0,0,128
FAC-001,FacilityOps Campus,AST-006,Air Handling Unit 1,AHU,Building C,Block C2,2026-01-07 07:00:00,48.14,2.1,5.34,14.2,0.83,4256.62,4,75.29,98.55,EXCELLENT,0,0,164
FAC-001,FacilityOps Campus,AST-006,Air Handling Unit 1,AHU,Building C,Block C2,2026-01-07 08:00:00,54.66,2.1,5.16,30.99,0.7,4257.31,4,75.33,97.84,EXCELLENT,0,0,114
FAC-001,FacilityOps Campus,AST-006,Air Handling Unit 1,AHU,Building C,Block C2,2026-01-07 09:00:00,49.14,2.02,5.21,34.37,0.73,4258.04,4,75.38,98.06,EXCELLENT,0,0,105
FAC-001,FacilityOps Campus,AST-006,Air Handling Unit 1,AHU,Building C,Block C2,2026-01-07 10:00:00,53.89,2.22,5.03,31.86,0.72,4258.76,4,75.42,97.32,EXCELLENT,0,0,155
FAC-001,FacilityOps Campus,AST-006,Air Handling Unit 1,AHU,Building C,Block C2,2026-01-07 11:00:00,46.81,2.19,4.61,30.94,0.52,4259.29,4,75.46,95.63,EXCELLENT,0,0,146
FAC-001,FacilityOps Campus,AST-006,Air Handling Unit 1,AHU,Building C,Block C2,2026-01-07 12:00:00,47.2,2.36,5.35,35.96,0.65,4259.94,4,75.5,96.91,EXCELLENT,0,0,122
FAC-001,FacilityOps Campus,AST-006,Air Handling Unit 1,AHU,Building C,Block C2,2026-01-07 13:00:00,50.99,2.05,5.32,30.58,0.56,4260.5,4,75.54,98.48,EXCELLENT,0,0,161
FAC-001,FacilityOps Campus,AST-006,Air Handling Unit 1,AHU,Building C,Block C2,2026-01-07 14:00:00,57.32,2.38,5.91,30.9,0.9,4261.4,4,75.58,92.1,EXCELLENT,0,0,139
FAC-001,FacilityOps Campus,AST-006,Air Handling Unit 1,AHU,Building C,Block C2,2026-01-07 15:00:00,52.72,1.83,5.29,24.48,0.98,4262.38,4,75.62,98.36,EXCELLENT,0,0,168
FAC-001,FacilityOps Campus,AST-006,Air Handling Unit 1,AHU,Building C,Block C2,2026-01-07 16:00:00,55.83,2.45,4.94,38.06,0.55,4262.94,4,75.67,90.3,EXCELLENT,1,0,106
FAC-001,FacilityOps Campus,AST-006,Air Handling Unit 1,AHU,Building C,Block C2,2026-01-07 17:00:00,47.0,2.22,5.19,26.61,0.75,4263.68,4,75.71,97.96,EXCELLENT,0,0,145
FAC-001,FacilityOps Campus,AST-006,Air Handling Unit 1,AHU,Building C,Block C2,2026-01-07 18:00:00,54.41,1.71,5.31,29.89,0.53,4264.21,4,75.75,98.43,EXCELLENT,0,0,114
FAC-001,FacilityOps Campus,AST-006,Air Handling Unit 1,AHU,Building C,Block C2,2026-01-07 19:00:00,51.59,1.98,5.3,13.13,0.41,4264.61,4,75.79,98.41,EXCELLENT,0,0,139
FAC-001,FacilityOps Campus,AST-006,Air Handling Unit 1,AHU,Building C,Block C2,2026-01-07 20:00:00,46.9,2.36,5.57,20.54,0.82,4265.44,4,75.83,98.13,EXCELLENT,0,0,151
FAC-001,FacilityOps Campus,AST-006,Air Handling Unit 1,AHU,Building C,Block C2,2026-01-07 21:00:00,53.96,1.8,5.23,23.76,0.72,4266.16,4,75.88,98.12,EXCELLENT,0,0,148
FAC-001,FacilityOps Campus,AST-006,Air Handling Unit 1,AHU,Building C,Block C2,2026-01-07 22:00:00,50.94,2.14,5.28,17.77,0.95,4267.1,4,75.92,98.32,EXCELLENT,0,0,116
FAC-001,FacilityOps Campus,AST-006,Air Handling Unit 1,AHU,Building C,Block C2,2026-01-07 23:00:00,52.26,1.97,5.73,18.56,0.44,4267.54,4,75.96,97.5,EXCELLENT,0,0,165
FAC-001,FacilityOps Campus,AST-006,Air Handling Unit 1,AHU,Building C,Block C2,2026-01-08 00:00:00,54.03,1.86,5.19,19.72,0.97,4268.51,4,76.0,97.98,EXCELLENT,0,0,135
FAC-001,FacilityOps Campus,AST-006,Air Handling Unit 1,AHU,Building C,Block C2,2026-01-08 01:00:00,46.56,1.86,5.62,12.91,0.62,4269.13,4,76.04,97.92,EXCELLENT,0,0,118
FAC-001,FacilityOps Campus,AST-006,Air Handling Unit 1,AHU,Building C,Block C2,2026-01-08 02:00:00,51.11,1.98,5.29,12.04,0.54,4269.67,4,76.08,98.34,EXCELLENT,0,0,118
FAC-001,FacilityOps Campus,AST-006,Air Handling Unit 1,AHU,Building C,Block C2,2026-01-08 03:00:00,52.85,1.72,5.85,11.01,0.99,4270.66,4,76.12,96.99,EXCELLENT,0,0,94
FAC-001,FacilityOps Campus,AST-006,Air Handling Unit 1,AHU,Building C,Block C2,2026-01-08 04:00:00,52.71,1.53,5.23,11.1,0.87,4271.53,4,76.17,98.11,EXCELLENT,0,0,97
FAC-001,FacilityOps Campus,AST-006,Air Handling Unit 1,AHU,Building C,Block C2,2026-01-08 05:00:00,49.62,2.54,6.15,14.31,0.87,4272.4,4,76.21,93.11,EXCELLENT,0,0,154
FAC-001,FacilityOps Campus,AST-006,Air Handling Unit 1,AHU,Building C,Block C2,2026-01-08 06:00:00,88.01,3.12,4.88,13.34,0.84,4273.24,4,76.25,15.51,CRITICAL,1,1,3
FAC-001,FacilityOps Campus,AST-006,Air Handling Unit 1,AHU,Building C,Block C2,2026-01-08 07:00:00,50.31,2.09,5.67,15.0,0.8,4274.04,4,76.29,97.72,EXCELLENT,0,0,177
FAC-001,FacilityOps Campus,AST-006,Air Handling Unit 1,AHU,Building C,Block C2,2026-01-08 08:00:00,48.14,1.85,5.47,33.24,0.83,4274.87,4,76.33,98.51,EXCELLENT,0,0,101
FAC-001,FacilityOps Campus,AST-006,Air Handling Unit 1,AHU,Building C,Block C2,2026-01-08 09:00:00,46.67,2.39,5.41,32.23,0.51,4275.38,4,76.38,98.78,EXCELLENT,0,0,156
FAC-001,FacilityOps Campus,AST-006,Air Handling Unit 1,AHU,Building C,Block C2,2026-01-08 10:00:00,51.14,2.04,5.1,33.02,0.49,4275.87,4,76.42,97.6,EXCELLENT,0,0,91
FAC-001,FacilityOps Campus,AST-006,Air Handling Unit 1,AHU,Building C,Block C2,2026-01-08 11:00:00,48.5,1.9,4.96,22.85,0.63,4276.5,4,76.46,97.04,EXCELLENT,0,0,106
FAC-001,FacilityOps Campus,AST-006,Air Handling Unit 1,AHU,Building C,Block C2,2026-01-08 12:00:00,47.84,2.09,5.78,26.54,0.4,4276.9,4,76.5,97.28,EXCELLENT,0,0,133
FAC-001,FacilityOps Campus,AST-006,Air Handling Unit 1,AHU,Building C,Block C2,2026-01-08 13:00:00,54.69,2.17,5.27,33.27,0.62,4277.52,4,76.54,98.28,EXCELLENT,0,0,116
FAC-001,FacilityOps Campus,AST-006,Air Handling Unit 1,AHU,Building C,Block C2,2026-01-08 14:00:00,48.8,2.08,5.44,28.65,0.96,4278.48,4,76.58,98.65,EXCELLENT,0,0,101
FAC-001,FacilityOps Campus,AST-006,Air Handling Unit 1,AHU,Building C,Block C2,2026-01-08 15:00:00,47.72,1.77,5.18,32.49,0.92,4279.4,4,76.62,97.93,EXCELLENT,0,0,132
FAC-001,FacilityOps Campus,AST-006,Air Handling Unit 1,AHU,Building C,Block C2,2026-01-08 16:00:00,55.69,2.27,5.42,30.41,0.93,4280.33,4,76.67,97.34,EXCELLENT,0,0,169
FAC-001,FacilityOps Campus,AST-006,Air Handling Unit 1,AHU,Building C,Block C2,2026-01-08 17:00:00,45.12,2.16,5.26,29.11,0.74,4281.07,4,76.71,98.24,EXCELLENT,0,0,136
FAC-001,FacilityOps Campus,AST-006,Air Handling Unit 1,AHU,Building C,Block C2,2026-01-08 18:00:00,50.23,2.02,5.52,26.99,0.69,4281.76,4,76.75,98.34,EXCELLENT,0,0,91
FAC-001,FacilityOps Campus,AST-006,Air Handling Unit 1,AHU,Building C,Block C2,2026-01-08 19:00:00,53.06,2.16,5.16,11.04,0.41,4282.17,4,76.79,97.82,EXCELLENT,0,0,125
FAC-001,FacilityOps Campus,AST-006,Air Handling Unit 1,AHU,Building C,Block C2,2026-01-08 20:00:00,53.62,2.0,6.13,18.87,0.52,4282.69,4,76.83,95.87,EXCELLENT,0,0,145
FAC-001,FacilityOps Campus,AST-006,Air Handling Unit 1,AHU,Building C,Block C2,2026-01-08 21:00:00,50.64,1.99,5.23,18.94,0.58,4283.27,4,76.88,98.13,EXCELLENT,0,0,171
FAC-001,FacilityOps Campus,AST-006,Air Handling Unit 1,AHU,Building C,Block C2,2026-01-08 22:00:00,53.99,1.65,5.11,12.15,0.46,4283.73,4,76.92,97.65,EXCELLENT,0,0,90
FAC-001,FacilityOps Campus,AST-006,Air Handling Unit 1,AHU,Building C,Block C2,2026-01-08 23:00:00,49.31,2.15,5.87,15.38,0.74,4284.47,4,76.96,96.91,EXCELLENT,0,0,134
FAC-001,FacilityOps Campus,AST-006,Air Handling Unit 1,AHU,Building C,Block C2,2026-01-09 00:00:00,48.77,2.45,5.04,21.35,0.5,4284.97,4,77.0,96.65,EXCELLENT,0,0,133
FAC-001,FacilityOps Campus,AST-006,Air Handling Unit 1,AHU,Building C,Block C2,2026-01-09 01:00:00,48.94,1.87,5.44,18.12,0.92,4285.89,4,77.04,98.63,EXCELLENT,0,0,108
FAC-001,FacilityOps Campus,AST-006,Air Handling Unit 1,AHU,Building C,Block C2,2026-01-09 02:00:00,49.65,2.35,5.08,12.58,0.48,4286.37,4,77.08,97.52,EXCELLENT,0,0,99
FAC-001,FacilityOps Campus,AST-006,Air Handling Unit 1,AHU,Building C,Block C2,2026-01-09 03:00:00,45.78,2.22,5.2,14.99,0.82,4287.19,4,77.12,98.0,EXCELLENT,0,0,97
FAC-001,FacilityOps Campus,AST-006,Air Handling Unit 1,AHU,Building C,Block C2,2026-01-09 04:00:00,46.83,2.0,5.67,14.51,0.52,4287.71,4,77.17,97.72,EXCELLENT,0,0,148
FAC-001,FacilityOps Campus,AST-006,Air Handling Unit 1,AHU,Building C,Block C2,2026-01-09 05:00:00,51.44,2.34,5.79,14.23,0.96,4288.67,4,77.21,97.23,EXCELLENT,0,0,147
FAC-001,FacilityOps Campus,AST-006,Air Handling Unit 1,AHU,Building C,Block C2,2026-01-09 06:00:00,48.99,1.95,5.38,18.95,0.54,4289.21,4,77.25,98.73,EXCELLENT,0,0,155
FAC-001,FacilityOps Campus,AST-006,Air Handling Unit 1,AHU,Building C,Block C2,2026-01-09 07:00:00,50.72,1.87,5.68,17.66,0.43,4289.64,4,77.29,97.67,EXCELLENT,0,0,156
FAC-001,FacilityOps Campus,AST-006,Air Handling Unit 1,AHU,Building C,Block C2,2026-01-09 08:00:00,49.38,1.87,5.64,33.58,0.87,4290.5,4,77.33,97.83,EXCELLENT,0,0,156
FAC-001,FacilityOps Campus,AST-006,Air Handling Unit 1,AHU,Building C,Block C2,2026-01-09 09:00:00,51.52,1.99,5.4,33.46,0.99,4291.49,4,77.38,98.79,EXCELLENT,0,0,114
FAC-001,FacilityOps Campus,AST-006,Air Handling Unit 1,AHU,Building C,Block C2,2026-01-09 10:00:00,48.5,1.71,5.49,25.01,0.63,4292.12,4,77.42,98.44,EXCELLENT,0,0,122
FAC-001,FacilityOps Campus,AST-006,Air Handling Unit 1,AHU,Building C,Block C2,2026-01-09 11:00:00,70.91,3.25,3.7,40.15,0.67,4292.79,4,77.46,35.69,CRITICAL,1,1,2
FAC-001,FacilityOps Campus,AST-006,Air Handling Unit 1,AHU,Building C,Block C2,2026-01-09 12:00:00,62.91,2.42,4.3,28.49,0.55,4293.33,4,77.5,78.53,GOOD,1,0,80
FAC-001,FacilityOps Campus,AST-006,Air Handling Unit 1,AHU,Building C,Block C2,2026-01-09 13:00:00,50.15,2.06,5.48,30.26,0.9,4294.23,4,77.54,98.49,EXCELLENT,0,0,99
FAC-001,FacilityOps Campus,AST-006,Air Handling Unit 1,AHU,Building C,Block C2,2026-01-09 14:00:00,47.87,2.35,5.94,24.24,0.85,4295.09,4,77.58,96.62,EXCELLENT,0,0,101
FAC-001,FacilityOps Campus,AST-006,Air Handling Unit 1,AHU,Building C,Block C2,2026-01-09 15:00:00,49.68,1.89,5.5,26.97,0.9,4295.98,4,77.62,98.4,EXCELLENT,0,0,146
FAC-001,FacilityOps Campus,AST-006,Air Handling Unit 1,AHU,Building C,Block C2,2026-01-09 16:00:00,46.77,2.45,5.0,25.25,0.82,4296.81,4,77.67,96.46,EXCELLENT,0,0,168
FAC-001,FacilityOps Campus,AST-006,Air Handling Unit 1,AHU,Building C,Block C2,2026-01-09 17:00:00,52.09,2.42,6.2,28.8,0.85,4297.66,4,77.71,95.51,EXCELLENT,0,0,165
FAC-001,FacilityOps Campus,AST-006,Air Handling Unit 1,AHU,Building C,Block C2,2026-01-09 18:00:00,48.04,2.01,5.42,26.04,0.69,4298.35,4,77.75,98.71,EXCELLENT,0,0,94
FAC-001,FacilityOps Campus,AST-006,Air Handling Unit 1,AHU,Building C,Block C2,2026-01-09 19:00:00,52.74,2.18,5.05,10.2,0.82,4299.17,4,77.79,97.38,EXCELLENT,0,0,133
FAC-001,FacilityOps Campus,AST-006,Air Handling Unit 1,AHU,Building C,Block C2,2026-01-09 20:00:00,47.91,2.21,5.56,14.1,0.94,4300.12,4,77.83,98.17,EXCELLENT,0,0,119
FAC-001,FacilityOps Campus,AST-006,Air Handling Unit 1,AHU,Building C,Block C2,2026-01-09 21:00:00,50.04,1.8,5.95,15.43,0.56,4300.68,4,77.88,96.61,EXCELLENT,0,0,123
FAC-001,FacilityOps Campus,AST-006,Air Handling Unit 1,AHU,Building C,Block C2,2026-01-09 22:00:00,47.98,1.93,5.21,18.67,0.54,4301.22,4,77.92,98.04,EXCELLENT,0,0,152
FAC-001,FacilityOps Campus,AST-006,Air Handling Unit 1,AHU,Building C,Block C2,2026-01-09 23:00:00,54.71,2.04,5.26,10.13,0.89,4302.11,4,77.96,98.25,EXCELLENT,0,0,103
FAC-001,FacilityOps Campus,AST-006,Air Handling Unit 1,AHU,Building C,Block C2,2026-01-10 00:00:00,52.19,2.03,5.18,13.47,0.56,4302.67,4,78.0,97.94,EXCELLENT,0,0,171
FAC-001,FacilityOps Campus,AST-006,Air Handling Unit 1,AHU,Building C,Block C2,2026-01-10 01:00:00,53.25,1.94,5.44,13.89,0.64,4303.31,4,78.04,98.63,EXCELLENT,0,0,135
FAC-001,FacilityOps Campus,AST-006,Air Handling Unit 1,AHU,Building C,Block C2,2026-01-10 02:00:00,48.45,2.21,5.64,14.05,0.78,4304.1,4,78.08,97.86,EXCELLENT,0,0,125
FAC-001,FacilityOps Campus,AST-006,Air Handling Unit 1,AHU,Building C,Block C2,2026-01-10 03:00:00,52.06,1.72,5.32,16.02,0.64,4304.74,4,78.12,98.5,EXCELLENT,0,0,105
FAC-001,FacilityOps Campus,AST-006,Air Handling Unit 1,AHU,Building C,Block C2,2026-01-10 04:00:00,47.29,2.17,5.6,20.69,0.75,4305.48,4,78.17,98.0,EXCELLENT,0,0,130
FAC-001,FacilityOps Campus,AST-006,Air Handling Unit 1,AHU,Building C,Block C2,2026-01-10 05:00:00,50.39,2.38,5.08,18.52,0.54,4306.02,4,78.21,97.51,EXCELLENT,0,0,134
FAC-001,FacilityOps Campus,AST-006,Air Handling Unit 1,AHU,Building C,Block C2,2026-01-10 06:00:00,45.17,1.98,5.25,15.34,0.92,4306.94,4,78.25,98.21,EXCELLENT,0,0,111
FAC-001,FacilityOps Campus,AST-006,Air Handling Unit 1,AHU,Building C,Block C2,2026-01-10 07:00:00,50.31,1.83,5.51,11.83,0.75,4307.69,4,78.29,98.37,EXCELLENT,0,0,109
FAC-001,FacilityOps Campus,AST-006,Air Handling Unit 1,AHU,Building C,Block C2,2026-01-10 08:00:00,78.04,3.74,4.72,33.8,0.47,4308.16,4,78.33,21.64,CRITICAL,1,1,1
FAC-001,FacilityOps Campus,AST-006,Air Handling Unit 1,AHU,Building C,Block C2,2026-01-10 09:00:00,51.16,2.03,5.36,28.54,0.74,4308.9,4,78.38,98.63,EXCELLENT,0,0,174
FAC-001,FacilityOps Campus,AST-006,Air Handling Unit 1,AHU,Building C,Block C2,2026-01-10 10:00:00,51.79,2.0,4.99,26.52,0.71,4309.61,4,78.42,97.17,EXCELLENT,0,0,147
FAC-001,FacilityOps Campus,AST-006,Air Handling Unit 1,AHU,Building C,Block C2,2026-01-10 11:00:00,46.69,2.36,5.96,21.45,0.69,4310.3,4,78.46,96.55,EXCELLENT,0,0,102
FAC-001,FacilityOps Campus,AST-006,Air Handling Unit 1,AHU,Building C,Block C2,2026-01-10 12:00:00,53.48,2.01,5.16,28.1,0.58,4310.88,4,78.5,97.83,EXCELLENT,0,0,161
FAC-001,FacilityOps Campus,AST-006,Air Handling Unit 1,AHU,Building C,Block C2,2026-01-10 13:00:00,48.52,2.37,5.51,26.04,0.81,4311.69,4,78.54,98.37,EXCELLENT,0,0,163
FAC-001,FacilityOps Campus,AST-006,Air Handling Unit 1,AHU,Building C,Block C2,2026-01-10 14:00:00,52.91,2.37,5.59,23.22,0.67,4312.37,4,78.58,98.04,EXCELLENT,0,0,160
FAC-001,FacilityOps Campus,AST-006,Air Handling Unit 1,AHU,Building C,Block C2,2026-01-10 15:00:00,52.34,2.05,5.78,27.63,0.78,4313.15,4,78.62,97.26,EXCELLENT,0,0,90
FAC-001,FacilityOps Campus,AST-006,Air Handling Unit 1,AHU,Building C,Block C2,2026-01-10 16:00:00,46.93,1.98,5.39,28.0,0.88,4314.03,4,78.67,98.74,EXCELLENT,0,0,98
FAC-001,FacilityOps Campus,AST-006,Air Handling Unit 1,AHU,Building C,Block C2,2026-01-10 17:00:00,45.64,2.45,5.46,31.0,0.81,4314.84,4,78.71,97.83,EXCELLENT,0,0,118
FAC-001,FacilityOps Campus,AST-006,Air Handling Unit 1,AHU,Building C,Block C2,2026-01-10 18:00:00,48.5,1.96,5.27,27.23,0.82,4315.66,4,78.75,98.27,EXCELLENT,0,0,178
FAC-001,FacilityOps Campus,AST-006,Air Handling Unit 1,AHU,Building C,Block C2,2026-01-10 19:00:00,53.09,2.27,5.35,21.41,0.6,4316.26,4,78.79,98.59,EXCELLENT,0,0,179
FAC-001,FacilityOps Campus,AST-006,Air Handling Unit 1,AHU,Building C,Block C2,2026-01-10 20:00:00,48.92,1.83,5.15,12.64,0.77,4317.04,4,78.83,97.8,EXCELLENT,0,0,156
FAC-001,FacilityOps Campus,AST-006,Air Handling Unit 1,AHU,Building C,Block C2,2026-01-10 21:00:00,53.45,2.23,4.99,14.87,0.52,4317.56,4,78.88,97.14,EXCELLENT,0,0,99
FAC-001,FacilityOps Campus,AST-006,Air Handling Unit 1,AHU,Building C,Block C2,2026-01-10 22:00:00,49.49,2.13,5.14,16.4,0.71,4318.26,4,78.92,97.76,EXCELLENT,0,0,91
FAC-001,FacilityOps Campus,AST-006,Air Handling Unit 1,AHU,Building C,Block C2,2026-01-10 23:00:00,50.82,2.22,5.18,14.03,0.81,4319.07,4,78.96,97.9,EXCELLENT,0,0,147
FAC-001,FacilityOps Campus,AST-006,Air Handling Unit 1,AHU,Building C,Block C2,2026-01-11 00:00:00,47.18,2.21,5.56,16.56,0.67,4319.74,4,79.0,98.18,EXCELLENT,0,0,136
FAC-001,FacilityOps Campus,AST-006,Air Handling Unit 1,AHU,Building C,Block C2,2026-01-11 01:00:00,43.76,1.81,5.31,10.97,0.82,4320.57,4,79.04,98.45,EXCELLENT,0,0,139
FAC-001,FacilityOps Campus,AST-006,Air Handling Unit 1,AHU,Building C,Block C2,2026-01-11 02:00:00,49.48,1.67,5.0,18.1,0.98,4321.54,4,79.08,97.2,EXCELLENT,0,0,148
FAC-001,FacilityOps Campus,AST-006,Air Handling Unit 1,AHU,Building C,Block C2,2026-01-11 03:00:00,50.27,2.38,5.59,10.01,0.56,4322.11,4,79.12,98.02,EXCELLENT,0,0,159
FAC-001,FacilityOps Campus,AST-006,Air Handling Unit 1,AHU,Building C,Block C2,2026-01-11 04:00:00,49.75,1.66,4.83,13.12,0.56,4322.66,4,79.17,96.52,EXCELLENT,0,0,127
FAC-001,FacilityOps Campus,AST-006,Air Handling Unit 1,AHU,Building C,Block C2,2026-01-11 05:00:00,50.84,2.43,5.29,19.54,0.62,4323.28,4,79.21,98.13,EXCELLENT,0,0,128
FAC-001,FacilityOps Campus,AST-006,Air Handling Unit 1,AHU,Building C,Block C2,2026-01-11 06:00:00,48.15,2.56,5.44,13.4,0.53,4323.81,4,79.25,95.43,EXCELLENT,0,0,101
FAC-001,FacilityOps Campus,AST-006,Air Handling Unit 1,AHU,Building C,Block C2,2026-01-11 07:00:00,46.65,1.73,5.31,15.55,0.45,4324.26,4,79.29,98.44,EXCELLENT,0,0,148
FAC-001,FacilityOps Campus,AST-006,Air Handling Unit 1,AHU,Building C,Block C2,2026-01-11 08:00:00,49.73,2.26,5.73,27.05,0.72,4324.99,4,79.33,97.48,EXCELLENT,0,0,164
FAC-001,FacilityOps Campus,AST-006,Air Handling Unit 1,AHU,Building C,Block C2,2026-01-11 09:00:00,51.89,2.23,5.45,26.07,0.57,4325.56,4,79.38,98.59,EXCELLENT,0,0,152
FAC-001,FacilityOps Campus,AST-006,Air Handling Unit 1,AHU,Building C,Block C2,2026-01-11 10:00:00,53.89,1.68,4.98,26.51,0.45,4326.01,4,79.42,97.13,EXCELLENT,0,0,136
FAC-001,FacilityOps Campus,AST-006,Air Handling Unit 1,AHU,Building C,Block C2,2026-01-11 11:00:00,47.69,2.48,5.92,32.08,0.5,4326.51,4,79.46,95.32,EXCELLENT,0,0,90
FAC-001,FacilityOps Campus,AST-006,Air Handling Unit 1,AHU,Building C,Block C2,2026-01-11 12:00:00,45.54,2.19,5.32,33.93,0.84,4327.35,4,79.5,98.5,EXCELLENT,0,0,178
FAC-001,FacilityOps Campus,AST-006,Air Handling Unit 1,AHU,Building C,Block C2,2026-01-11 13:00:00,51.78,2.1,4.85,27.92,0.4,4327.75,4,79.54,96.61,EXCELLENT,0,0,173
FAC-001,FacilityOps Campus,AST-006,Air Handling Unit 1,AHU,Building C,Block C2,2026-01-11 14:00:00,52.39,1.67,5.27,33.42,0.83,4328.58,4,79.58,98.28,EXCELLENT,0,0,179
FAC-001,FacilityOps Campus,AST-006,Air Handling Unit 1,AHU,Building C,Block C2,2026-01-11 15:00:00,49.74,2.32,6.03,26.73,0.44,4329.02,4,79.62,96.27,EXCELLENT,0,0,173
FAC-001,FacilityOps Campus,AST-006,Air Handling Unit 1,AHU,Building C,Block C2,2026-01-11 16:00:00,48.85,1.75,5.12,28.87,0.78,4329.79,4,79.67,97.69,EXCELLENT,0,0,111
FAC-001,FacilityOps Campus,AST-006,Air Handling Unit 1,AHU,Building C,Block C2,2026-01-11 17:00:00,46.36,2.36,5.27,21.11,0.63,4330.42,4,79.71,98.27,EXCELLENT,0,0,111
FAC-001,FacilityOps Campus,AST-006,Air Handling Unit 1,AHU,Building C,Block C2,2026-01-11 18:00:00,47.6,1.92,5.3,26.99,0.64,4331.06,4,79.75,98.39,EXCELLENT,0,0,174
FAC-001,FacilityOps Campus,AST-006,Air Handling Unit 1,AHU,Building C,Block C2,2026-01-11 19:00:00,80.32,3.99,5.3,10.88,0.87,4331.93,4,79.79,13.93,CRITICAL,1,1,5
FAC-001,FacilityOps Campus,AST-006,Air Handling Unit 1,AHU,Building C,Block C2,2026-01-11 20:00:00,45.65,1.66,5.38,17.98,0.55,4332.48,4,79.83,98.73,EXCELLENT,0,0,132
FAC-001,FacilityOps Campus,AST-006,Air Handling Unit 1,AHU,Building C,Block C2,2026-01-11 21:00:00,48.43,1.93,5.84,20.87,0.92,4333.4,4,79.88,97.04,EXCELLENT,0,0,167
FAC-001,FacilityOps Campus,AST-006,Air Handling Unit 1,AHU,Building C,Block C2,2026-01-11 22:00:00,90.55,3.02,6.44,25.98,0.66,4334.06,4,79.92,10.62,CRITICAL,1,1,5
FAC-001,FacilityOps Campus,AST-006,Air Handling Unit 1,AHU,Building C,Block C2,2026-01-11 23:00:00,47.41,2.15,5.15,16.04,0.96,4335.02,4,79.96,97.79,EXCELLENT,0,0,147
FAC-001,FacilityOps Campus,AST-006,Air Handling Unit 1,AHU,Building C,Block C2,2026-01-12 00:00:00,49.05,2.2,5.46,19.03,0.72,4335.75,4,80.0,98.57,EXCELLENT,0,0,92
FAC-001,FacilityOps Campus,AST-006,Air Handling Unit 1,AHU,Building C,Block C2,2026-01-12 01:00:00,52.13,1.89,5.46,16.63,0.66,4336.41,4,80.04,98.54,EXCELLENT,0,0,119
FAC-001,FacilityOps Campus,AST-006,Air Handling Unit 1,AHU,Building C,Block C2,2026-01-12 02:00:00,51.51,1.94,5.41,13.03,0.97,4337.38,4,80.08,98.76,EXCELLENT,0,0,144
FAC-001,FacilityOps Campus,AST-006,Air Handling Unit 1,AHU,Building C,Block C2,2026-01-12 03:00:00,48.18,1.92,5.01,16.47,0.5,4337.88,4,80.12,97.25,EXCELLENT,0,0,95
FAC-001,FacilityOps Campus,AST-006,Air Handling Unit 1,AHU,Building C,Block C2,2026-01-12 04:00:00,48.53,2.06,5.31,18.57,0.53,4338.41,4,80.17,98.42,EXCELLENT,0,0,126
FAC-001,FacilityOps Campus,AST-006,Air Handling Unit 1,AHU,Building C,Block C2,2026-01-12 05:00:00,53.33,1.31,5.71,22.71,0.7,4339.11,4,80.21,97.57,EXCELLENT,0,0,170
FAC-001,FacilityOps Campus,AST-006,Air Handling Unit 1,AHU,Building C,Block C2,2026-01-12 06:00:00,62.21,3.63,6.08,16.81,0.81,4339.92,4,80.25,55.7,WARNING,1,0,19
FAC-001,FacilityOps Campus,AST-006,Air Handling Unit 1,AHU,Building C,Block C2,2026-01-12 07:00:00,50.59,2.26,5.38,16.29,0.65,4340.57,4,80.29,98.74,EXCELLENT,0,0,95
FAC-001,FacilityOps Campus,AST-006,Air Handling Unit 1,AHU,Building C,Block C2,2026-01-12 08:00:00,45.23,2.31,5.25,27.96,0.99,4341.56,4,80.33,98.19,EXCELLENT,0,0,90
FAC-001,FacilityOps Campus,AST-006,Air Handling Unit 1,AHU,Building C,Block C2,2026-01-12 09:00:00,57.36,2.02,5.14,28.55,0.7,4342.26,4,80.38,93.04,EXCELLENT,0,0,161
FAC-001,FacilityOps Campus,AST-006,Air Handling Unit 1,AHU,Building C,Block C2,2026-01-12 10:00:00,51.78,2.19,5.68,24.72,0.65,4342.91,4,80.42,97.69,EXCELLENT,0,0,174
FAC-001,FacilityOps Campus,AST-006,Air Handling Unit 1,AHU,Building C,Block C2,2026-01-12 11:00:00,54.46,1.97,5.91,30.33,0.79,4343.71,4,80.46,96.77,EXCELLENT,0,0,121
FAC-001,FacilityOps Campus,AST-006,Air Handling Unit 1,AHU,Building C,Block C2,2026-01-12 12:00:00,51.97,2.12,6.12,26.34,0.41,4344.11,4,80.5,95.93,EXCELLENT,0,0,139
FAC-001,FacilityOps Campus,AST-006,Air Handling Unit 1,AHU,Building C,Block C2,2026-01-12 13:00:00,52.46,2.01,5.2,29.12,0.51,4344.62,4,80.54,98.02,EXCELLENT,0,0,140
FAC-001,FacilityOps Campus,AST-006,Air Handling Unit 1,AHU,Building C,Block C2,2026-01-12 14:00:00,48.22,1.54,5.08,32.55,0.82,4345.44,4,80.58,97.54,EXCELLENT,0,0,159
FAC-001,FacilityOps Campus,AST-006,Air Handling Unit 1,AHU,Building C,Block C2,2026-01-12 15:00:00,49.38,2.14,5.32,26.53,0.57,4346.0,4,80.62,98.48,EXCELLENT,0,0,161
FAC-001,FacilityOps Campus,AST-006,Air Handling Unit 1,AHU,Building C,Block C2,2026-01-12 16:00:00,50.73,2.28,5.12,25.63,0.58,4346.58,4,80.67,97.67,EXCELLENT,0,0,114
FAC-001,FacilityOps Campus,AST-006,Air Handling Unit 1,AHU,Building C,Block C2,2026-01-12 17:00:00,46.99,2.05,6.02,31.96,0.89,4347.47,4,80.71,96.33,EXCELLENT,0,0,179
FAC-001,FacilityOps Campus,AST-006,Air Handling Unit 1,AHU,Building C,Block C2,2026-01-12 18:00:00,50.23,2.59,4.68,26.25,0.77,4348.24,4,80.75,92.28,EXCELLENT,0,0,125
FAC-001,FacilityOps Campus,AST-006,Air Handling Unit 1,AHU,Building C,Block C2,2026-01-12 19:00:00,50.27,2.39,5.37,18.2,0.63,4348.86,4,80.79,98.67,EXCELLENT,0,0,132
FAC-001,FacilityOps Campus,AST-006,Air Handling Unit 1,AHU,Building C,Block C2,2026-01-12 20:00:00,52.21,1.8,5.33,18.89,0.49,4349.35,4,80.83,98.51,EXCELLENT,0,0,127
FAC-001,FacilityOps Campus,AST-006,Air Handling Unit 1,AHU,Building C,Block C2,2026-01-12 21:00:00,51.75,2.02,5.94,7.49,0.51,4349.86,4,80.88,96.62,EXCELLENT,0,0,91
FAC-001,FacilityOps Campus,AST-006,Air Handling Unit 1,AHU,Building C,Block C2,2026-01-12 22:00:00,50.57,1.59,5.78,20.74,0.49,4350.35,4,80.92,97.29,EXCELLENT,0,0,118
FAC-001,FacilityOps Campus,AST-006,Air Handling Unit 1,AHU,Building C,Block C2,2026-01-12 23:00:00,46.46,2.35,5.35,17.15,0.69,4351.04,4,80.96,98.61,EXCELLENT,0,0,98
FAC-001,FacilityOps Campus,AST-006,Air Handling Unit 1,AHU,Building C,Block C2,2026-01-13 00:00:00,56.03,2.41,5.71,14.76,0.86,4351.9,4,81.0,95.5,EXCELLENT,1,0,180
FAC-001,FacilityOps Campus,AST-006,Air Handling Unit 1,AHU,Building C,Block C2,2026-01-13 01:00:00,50.6,2.25,5.59,8.97,0.64,4352.54,4,81.04,98.06,EXCELLENT,0,0,157
FAC-001,FacilityOps Campus,AST-006,Air Handling Unit 1,AHU,Building C,Block C2,2026-01-13 02:00:00,49.93,2.03,5.53,18.06,0.46,4353.0,4,81.08,98.29,EXCELLENT,0,0,166
FAC-001,FacilityOps Campus,AST-006,Air Handling Unit 1,AHU,Building C,Block C2,2026-01-13 03:00:00,52.58,1.78,4.68,13.61,0.54,4353.54,4,81.12,95.92,EXCELLENT,0,0,90
FAC-001,FacilityOps Campus,AST-006,Air Handling Unit 1,AHU,Building C,Block C2,2026-01-13 04:00:00,45.71,2.14,5.35,18.7,0.92,4354.46,4,81.17,98.61,EXCELLENT,0,0,92
FAC-001,FacilityOps Campus,AST-006,Air Handling Unit 1,AHU,Building C,Block C2,2026-01-13 05:00:00,45.73,2.2,5.06,14.22,0.68,4355.13,4,81.21,97.44,EXCELLENT,0,0,152
FAC-001,FacilityOps Campus,AST-006,Air Handling Unit 1,AHU,Building C,Block C2,2026-01-13 06:00:00,53.05,2.24,5.63,16.66,0.72,4355.86,4,81.25,97.89,EXCELLENT,0,0,133
FAC-001,FacilityOps Campus,AST-006,Air Handling Unit 1,AHU,Building C,Block C2,2026-01-13 07:00:00,55.24,2.25,5.11,15.91,0.88,4356.74,4,81.29,97.18,EXCELLENT,0,0,169
FAC-001,FacilityOps Campus,AST-006,Air Handling Unit 1,AHU,Building C,Block C2,2026-01-13 08:00:00,52.22,1.88,5.37,25.53,0.9,4357.63,4,81.33,98.69,EXCELLENT,0,0,168
FAC-001,FacilityOps Campus,AST-006,Air Handling Unit 1,AHU,Building C,Block C2,2026-01-13 09:00:00,52.84,2.24,5.44,33.42,0.75,4358.38,4,81.38,98.66,EXCELLENT,0,0,128
FAC-001,FacilityOps Campus,AST-006,Air Handling Unit 1,AHU,Building C,Block C2,2026-01-13 10:00:00,51.81,2.23,5.67,27.95,0.54,4358.92,4,81.42,97.74,EXCELLENT,0,0,106
FAC-001,FacilityOps Campus,AST-006,Air Handling Unit 1,AHU,Building C,Block C2,2026-01-13 11:00:00,53.12,2.24,5.63,22.63,0.44,4359.36,4,81.46,97.89,EXCELLENT,0,0,136
FAC-001,FacilityOps Campus,AST-006,Air Handling Unit 1,AHU,Building C,Block C2,2026-01-13 12:00:00,55.22,1.86,5.2,23.63,0.6,4359.96,4,81.5,97.56,EXCELLENT,0,0,132
FAC-001,FacilityOps Campus,AST-006,Air Handling Unit 1,AHU,Building C,Block C2,2026-01-13 13:00:00,46.77,2.27,5.5,33.51,0.53,4360.49,4,81.54,98.39,EXCELLENT,0,0,145
FAC-001,FacilityOps Campus,AST-006,Air Handling Unit 1,AHU,Building C,Block C2,2026-01-13 14:00:00,52.84,1.75,5.17,25.35,0.67,4361.15,4,81.58,97.89,EXCELLENT,0,0,113
FAC-001,FacilityOps Campus,AST-006,Air Handling Unit 1,AHU,Building C,Block C2,2026-01-13 15:00:00,48.98,2.02,5.21,24.42,0.77,4361.92,4,81.62,98.05,EXCELLENT,0,0,175
FAC-001,FacilityOps Campus,AST-006,Air Handling Unit 1,AHU,Building C,Block C2,2026-01-13 16:00:00,46.68,1.87,5.79,26.37,0.47,4362.39,4,81.67,97.24,EXCELLENT,0,0,101
FAC-001,FacilityOps Campus,AST-006,Air Handling Unit 1,AHU,Building C,Block C2,2026-01-13 17:00:00,47.43,2.05,5.22,28.95,1.0,4363.39,4,81.71,98.08,EXCELLENT,0,0,128
FAC-001,FacilityOps Campus,AST-006,Air Handling Unit 1,AHU,Building C,Block C2,2026-01-13 18:00:00,50.28,2.29,5.09,27.68,0.89,4364.28,4,81.75,97.57,EXCELLENT,0,0,166
FAC-001,FacilityOps Campus,AST-006,Air Handling Unit 1,AHU,Building C,Block C2,2026-01-13 19:00:00,52.49,2.48,5.51,23.05,0.5,4364.77,4,81.79,97.02,EXCELLENT,0,0,104
FAC-001,FacilityOps Campus,AST-006,Air Handling Unit 1,AHU,Building C,Block C2,2026-01-13 20:00:00,48.36,2.22,5.06,15.84,0.88,4365.66,4,81.83,97.42,EXCELLENT,0,0,150
FAC-001,FacilityOps Campus,AST-006,Air Handling Unit 1,AHU,Building C,Block C2,2026-01-13 21:00:00,48.85,1.88,5.44,14.6,0.62,4366.28,4,81.88,98.65,EXCELLENT,0,0,138
FAC-001,FacilityOps Campus,AST-006,Air Handling Unit 1,AHU,Building C,Block C2,2026-01-13 22:00:00,53.03,2.46,5.26,10.11,0.49,4366.77,4,81.92,97.3,EXCELLENT,0,0,155
FAC-001,FacilityOps Campus,AST-006,Air Handling Unit 1,AHU,Building C,Block C2,2026-01-13 23:00:00,47.81,1.9,5.27,11.4,0.77,4367.54,4,81.96,98.27,EXCELLENT,0,0,154
FAC-001,FacilityOps Campus,AST-006,Air Handling Unit 1,AHU,Building C,Block C2,2026-01-14 00:00:00,45.75,2.11,5.48,13.96,0.44,4367.98,4,82.0,98.47,EXCELLENT,0,0,101
FAC-001,FacilityOps Campus,AST-006,Air Handling Unit 1,AHU,Building C,Block C2,2026-01-14 01:00:00,50.49,1.87,5.52,21.67,0.52,4368.5,4,82.04,98.3,EXCELLENT,0,0,111
FAC-001,FacilityOps Campus,AST-006,Air Handling Unit 1,AHU,Building C,Block C2,2026-01-14 02:00:00,46.74,1.98,5.91,12.44,0.42,4368.91,4,82.08,96.75,EXCELLENT,0,0,140
FAC-001,FacilityOps Campus,AST-006,Air Handling Unit 1,AHU,Building C,Block C2,2026-01-14 03:00:00,48.12,1.72,6.05,18.77,0.86,4369.78,4,82.12,96.19,EXCELLENT,0,0,178
FAC-001,FacilityOps Campus,AST-006,Air Handling Unit 1,AHU,Building C,Block C2,2026-01-14 04:00:00,48.68,2.15,5.03,13.3,0.42,4370.2,4,82.17,97.32,EXCELLENT,0,0,141
FAC-001,FacilityOps Campus,AST-006,Air Handling Unit 1,AHU,Building C,Block C2,2026-01-14 05:00:00,51.26,1.76,5.49,16.37,0.8,4371.0,4,82.21,98.43,EXCELLENT,0,0,119
FAC-001,FacilityOps Campus,AST-006,Air Handling Unit 1,AHU,Building C,Block C2,2026-01-14 06:00:00,48.77,2.06,5.69,22.06,0.47,4371.47,4,82.25,97.63,EXCELLENT,0,0,106
FAC-001,FacilityOps Campus,AST-006,Air Handling Unit 1,AHU,Building C,Block C2,2026-01-14 07:00:00,48.41,2.46,5.49,10.93,0.63,4372.1,4,82.29,97.45,EXCELLENT,0,0,99
FAC-001,FacilityOps Campus,AST-006,Air Handling Unit 1,AHU,Building C,Block C2,2026-01-14 08:00:00,63.31,2.72,5.74,32.32,0.68,4372.79,4,82.33,74.32,GOOD,1,0,72
FAC-001,FacilityOps Campus,AST-006,Air Handling Unit 1,AHU,Building C,Block C2,2026-01-14 09:00:00,51.0,2.1,5.09,27.08,0.9,4373.69,4,82.38,97.56,EXCELLENT,0,0,111
FAC-001,FacilityOps Campus,AST-006,Air Handling Unit 1,AHU,Building C,Block C2,2026-01-14 10:00:00,51.97,2.09,4.9,27.74,0.69,4374.38,4,82.42,96.81,EXCELLENT,0,0,113
FAC-001,FacilityOps Campus,AST-006,Air Handling Unit 1,AHU,Building C,Block C2,2026-01-14 11:00:00,51.55,1.41,6.05,26.04,0.99,4375.36,4,82.46,96.22,EXCELLENT,0,0,168
FAC-001,FacilityOps Campus,AST-006,Air Handling Unit 1,AHU,Building C,Block C2,2026-01-14 12:00:00,49.53,2.17,5.51,30.43,0.73,4376.09,4,82.5,98.34,EXCELLENT,0,0,159
FAC-001,FacilityOps Campus,AST-006,Air Handling Unit 1,AHU,Building C,Block C2,2026-01-14 13:00:00,47.84,1.94,5.23,29.31,0.95,4377.04,4,82.54,98.12,EXCELLENT,0,0,109
FAC-001,FacilityOps Campus,AST-006,Air Handling Unit 1,AHU,Building C,Block C2,2026-01-14 14:00:00,53.32,2.24,5.56,25.66,0.61,4377.65,4,82.58,98.15,EXCELLENT,0,0,99
FAC-001,FacilityOps Campus,AST-006,Air Handling Unit 1,AHU,Building C,Block C2,2026-01-14 15:00:00,50.58,2.03,5.03,29.52,0.56,4378.21,4,82.62,97.33,EXCELLENT,0,0,122
FAC-001,FacilityOps Campus,AST-006,Air Handling Unit 1,AHU,Building C,Block C2,2026-01-14 16:00:00,47.37,2.21,5.84,21.73,0.54,4378.75,4,82.67,97.05,EXCELLENT,0,0,125
FAC-001,FacilityOps Campus,AST-006,Air Handling Unit 1,AHU,Building C,Block C2,2026-01-14 17:00:00,56.32,2.23,5.37,25.34,0.95,4379.7,4,82.71,96.05,EXCELLENT,0,0,136
FAC-001,FacilityOps Campus,AST-006,Air Handling Unit 1,AHU,Building C,Block C2,2026-01-14 18:00:00,47.96,1.98,5.7,26.27,0.96,4380.66,4,82.75,97.58,EXCELLENT,0,0,105
FAC-001,FacilityOps Campus,AST-006,Air Handling Unit 1,AHU,Building C,Block C2,2026-01-14 19:00:00,50.98,2.07,5.46,21.41,0.84,4381.49,4,82.79,98.57,EXCELLENT,0,0,104
FAC-001,FacilityOps Campus,AST-006,Air Handling Unit 1,AHU,Building C,Block C2,2026-01-14 20:00:00,54.9,2.06,4.75,13.64,0.72,4382.21,4,82.83,96.19,EXCELLENT,0,0,144
FAC-001,FacilityOps Campus,AST-006,Air Handling Unit 1,AHU,Building C,Block C2,2026-01-14 21:00:00,52.96,2.44,4.75,19.78,0.88,4383.08,4,82.88,95.63,EXCELLENT,0,0,152
FAC-001,FacilityOps Campus,AST-006,Air Handling Unit 1,AHU,Building C,Block C2,2026-01-14 22:00:00,51.55,1.8,5.42,21.82,0.4,4383.49,4,82.92,98.73,EXCELLENT,0,0,175
FAC-001,FacilityOps Campus,AST-006,Air Handling Unit 1,AHU,Building C,Block C2,2026-01-14 23:00:00,48.06,1.99,5.46,18.11,0.96,4384.44,4,82.96,98.56,EXCELLENT,0,0,137
FAC-001,FacilityOps Campus,AST-006,Air Handling Unit 1,AHU,Building C,Block C2,2026-01-15 00:00:00,44.36,2.35,5.27,15.11,0.57,4385.01,4,83.0,98.26,EXCELLENT,0,0,156
FAC-001,FacilityOps Campus,AST-006,Air Handling Unit 1,AHU,Building C,Block C2,2026-01-15 01:00:00,47.61,2.23,5.98,12.43,0.72,4385.73,4,83.04,96.49,EXCELLENT,0,0,177
FAC-001,FacilityOps Campus,AST-006,Air Handling Unit 1,AHU,Building C,Block C2,2026-01-15 02:00:00,51.11,1.75,4.8,21.8,0.85,4386.58,4,83.08,96.4,EXCELLENT,0,0,125
FAC-001,FacilityOps Campus,AST-006,Air Handling Unit 1,AHU,Building C,Block C2,2026-01-15 03:00:00,51.2,2.19,5.28,11.37,0.84,4387.42,4,83.12,98.31,EXCELLENT,0,0,150
FAC-001,FacilityOps Campus,AST-006,Air Handling Unit 1,AHU,Building C,Block C2,2026-01-15 04:00:00,55.83,1.96,5.18,10.06,0.86,4388.28,4,83.17,96.25,EXCELLENT,0,0,134
FAC-001,FacilityOps Campus,AST-006,Air Handling Unit 1,AHU,Building C,Block C2,2026-01-15 05:00:00,48.67,2.42,5.23,17.61,0.63,4388.91,4,83.21,98.05,EXCELLENT,0,0,90
FAC-001,FacilityOps Campus,AST-006,Air Handling Unit 1,AHU,Building C,Block C2,2026-01-15 06:00:00,52.12,2.29,5.2,16.21,0.75,4389.66,4,83.25,98.01,EXCELLENT,0,0,120
FAC-001,FacilityOps Campus,AST-006,Air Handling Unit 1,AHU,Building C,Block C2,2026-01-15 07:00:00,50.0,1.97,5.61,14.42,0.44,4390.1,4,83.29,97.97,EXCELLENT,0,0,149
FAC-001,FacilityOps Campus,AST-006,Air Handling Unit 1,AHU,Building C,Block C2,2026-01-15 08:00:00,53.99,2.11,5.18,31.64,0.97,4391.07,4,83.33,97.91,EXCELLENT,0,0,152
FAC-001,FacilityOps Campus,AST-006,Air Handling Unit 1,AHU,Building C,Block C2,2026-01-15 09:00:00,47.3,1.77,5.41,29.66,0.4,4391.47,4,83.38,98.75,EXCELLENT,0,0,130
FAC-001,FacilityOps Campus,AST-006,Air Handling Unit 1,AHU,Building C,Block C2,2026-01-15 10:00:00,52.21,1.89,5.33,28.16,0.63,4392.11,4,83.42,98.52,EXCELLENT,0,0,147
FAC-001,FacilityOps Campus,AST-006,Air Handling Unit 1,AHU,Building C,Block C2,2026-01-15 11:00:00,49.14,2.29,5.41,22.17,0.89,4393.0,4,83.46,98.76,EXCELLENT,0,0,142
FAC-001,FacilityOps Campus,AST-006,Air Handling Unit 1,AHU,Building C,Block C2,2026-01-15 12:00:00,50.25,1.88,5.24,26.43,0.9,4393.9,4,83.5,98.16,EXCELLENT,0,0,101
FAC-001,FacilityOps Campus,AST-006,Air Handling Unit 1,AHU,Building C,Block C2,2026-01-15 13:00:00,45.65,2.02,5.22,26.79,0.62,4394.52,4,83.54,98.09,EXCELLENT,0,0,97
FAC-001,FacilityOps Campus,AST-006,Air Handling Unit 1,AHU,Building C,Block C2,2026-01-15 14:00:00,49.39,2.29,5.46,22.24,0.53,4395.05,4,83.58,98.58,EXCELLENT,0,0,170
FAC-001,FacilityOps Campus,AST-006,Air Handling Unit 1,AHU,Building C,Block C2,2026-01-15 15:00:00,50.01,2.08,5.77,31.73,0.56,4395.61,4,83.62,97.31,EXCELLENT,0,0,139
FAC-001,FacilityOps Campus,AST-006,Air Handling Unit 1,AHU,Building C,Block C2,2026-01-15 16:00:00,46.49,2.05,5.53,29.45,0.55,4396.16,4,83.67,98.29,EXCELLENT,0,0,120
FAC-001,FacilityOps Campus,AST-006,Air Handling Unit 1,AHU,Building C,Block C2,2026-01-15 17:00:00,49.55,1.79,5.67,31.74,0.44,4396.6,4,83.71,97.73,EXCELLENT,0,0,180
FAC-001,FacilityOps Campus,AST-006,Air Handling Unit 1,AHU,Building C,Block C2,2026-01-15 18:00:00,46.26,2.55,5.37,29.75,0.63,4397.23,4,83.75,95.69,EXCELLENT,0,0,144
FAC-001,FacilityOps Campus,AST-006,Air Handling Unit 1,AHU,Building C,Block C2,2026-01-15 19:00:00,49.85,2.0,5.65,14.28,0.45,4397.68,4,83.79,97.78,EXCELLENT,0,0,125
FAC-001,FacilityOps Campus,AST-006,Air Handling Unit 1,AHU,Building C,Block C2,2026-01-15 20:00:00,45.91,2.33,5.38,13.12,0.66,4398.33,4,83.83,98.71,EXCELLENT,0,0,164
FAC-001,FacilityOps Campus,AST-006,Air Handling Unit 1,AHU,Building C,Block C2,2026-01-15 21:00:00,51.57,1.85,5.0,13.26,0.73,4399.06,4,83.88,97.21,EXCELLENT,0,0,131
FAC-001,FacilityOps Campus,AST-006,Air Handling Unit 1,AHU,Building C,Block C2,2026-01-15 22:00:00,48.8,2.44,5.25,13.53,0.51,4399.57,4,83.92,97.62,EXCELLENT,0,0,178
FAC-001,FacilityOps Campus,AST-006,Air Handling Unit 1,AHU,Building C,Block C2,2026-01-15 23:00:00,49.72,2.1,5.68,18.23,0.59,4400.16,4,83.96,97.67,EXCELLENT,0,0,90
FAC-001,FacilityOps Campus,AST-006,Air Handling Unit 1,AHU,Building C,Block C2,2026-01-16 00:00:00,54.57,2.01,5.25,17.99,0.42,4400.58,4,84.0,98.22,EXCELLENT,0,0,179
FAC-001,FacilityOps Campus,AST-006,Air Handling Unit 1,AHU,Building C,Block C2,2026-01-16 01:00:00,50.58,2.34,5.36,19.29,0.44,4401.02,4,84.04,98.62,EXCELLENT,0,0,119
FAC-001,FacilityOps Campus,AST-006,Air Handling Unit 1,AHU,Building C,Block C2,2026-01-16 02:00:00,53.49,2.28,5.16,9.4,0.92,4401.93,4,84.08,97.83,EXCELLENT,0,0,161
FAC-001,FacilityOps Campus,AST-006,Air Handling Unit 1,AHU,Building C,Block C2,2026-01-16 03:00:00,50.45,2.27,4.86,18.2,0.67,4402.6,4,84.12,96.66,EXCELLENT,0,0,142
FAC-001,FacilityOps Campus,AST-006,Air Handling Unit 1,AHU,Building C,Block C2,2026-01-16 04:00:00,49.64,2.37,5.24,17.35,0.91,4403.51,4,84.17,98.17,EXCELLENT,0,0,122
FAC-001,FacilityOps Campus,AST-006,Air Handling Unit 1,AHU,Building C,Block C2,2026-01-16 05:00:00,49.79,2.15,5.36,11.24,0.43,4403.94,4,84.21,98.64,EXCELLENT,0,0,97
FAC-001,FacilityOps Campus,AST-006,Air Handling Unit 1,AHU,Building C,Block C2,2026-01-16 06:00:00,50.8,1.93,5.94,15.64,0.6,4404.54,4,84.25,96.65,EXCELLENT,0,0,103
FAC-001,FacilityOps Campus,AST-006,Air Handling Unit 1,AHU,Building C,Block C2,2026-01-16 07:00:00,51.1,2.05,5.02,14.19,0.44,4404.99,4,84.29,97.27,EXCELLENT,0,0,156
FAC-001,FacilityOps Campus,AST-006,Air Handling Unit 1,AHU,Building C,Block C2,2026-01-16 08:00:00,50.16,2.35,5.67,25.4,0.44,4405.42,4,84.33,97.71,EXCELLENT,0,0,165
FAC-001,FacilityOps Campus,AST-006,Air Handling Unit 1,AHU,Building C,Block C2,2026-01-16 09:00:00,47.6,2.1,5.18,27.03,0.7,4406.12,4,84.38,97.91,EXCELLENT,0,0,107
FAC-001,FacilityOps Campus,AST-006,Air Handling Unit 1,AHU,Building C,Block C2,2026-01-16 10:00:00,51.83,2.14,5.24,29.06,0.76,4406.88,4,84.42,98.17,EXCELLENT,0,0,180
FAC-001,FacilityOps Campus,AST-006,Air Handling Unit 1,AHU,Building C,Block C2,2026-01-16 11:00:00,52.43,2.52,5.14,31.31,0.85,4407.73,4,84.46,95.57,EXCELLENT,0,0,132
FAC-001,FacilityOps Campus,AST-006,Air Handling Unit 1,AHU,Building C,Block C2,2026-01-16 12:00:00,50.6,2.13,5.1,25.5,0.89,4408.62,4,84.5,97.59,EXCELLENT,0,0,148
FAC-001,FacilityOps Campus,AST-006,Air Handling Unit 1,AHU,Building C,Block C2,2026-01-16 13:00:00,52.02,1.78,5.23,29.88,1.0,4409.61,4,84.54,98.13,EXCELLENT,0,0,135
FAC-001,FacilityOps Campus,AST-006,Air Handling Unit 1,AHU,Building C,Block C2,2026-01-16 14:00:00,49.15,1.88,5.03,33.68,0.89,4410.5,4,84.58,97.32,EXCELLENT,0,0,160
FAC-001,FacilityOps Campus,AST-006,Air Handling Unit 1,AHU,Building C,Block C2,2026-01-16 15:00:00,54.18,1.97,4.83,29.54,0.71,4411.21,4,84.62,96.5,EXCELLENT,0,0,113
FAC-001,FacilityOps Campus,AST-006,Air Handling Unit 1,AHU,Building C,Block C2,2026-01-16 16:00:00,48.64,2.1,5.26,31.55,0.99,4412.21,4,84.67,98.24,EXCELLENT,0,0,149
FAC-001,FacilityOps Campus,AST-006,Air Handling Unit 1,AHU,Building C,Block C2,2026-01-16 17:00:00,51.68,1.85,4.82,24.7,0.77,4412.97,4,84.71,96.47,EXCELLENT,0,0,97
FAC-001,FacilityOps Campus,AST-006,Air Handling Unit 1,AHU,Building C,Block C2,2026-01-16 18:00:00,53.07,2.27,5.2,28.21,0.85,4413.82,4,84.75,97.98,EXCELLENT,0,0,91
FAC-001,FacilityOps Campus,AST-006,Air Handling Unit 1,AHU,Building C,Block C2,2026-01-16 19:00:00,51.51,1.87,5.7,20.24,0.42,4414.24,4,84.79,97.6,EXCELLENT,0,0,90
FAC-001,FacilityOps Campus,AST-006,Air Handling Unit 1,AHU,Building C,Block C2,2026-01-16 20:00:00,50.58,2.07,5.47,17.0,0.59,4414.83,4,84.83,98.54,EXCELLENT,0,0,131
FAC-001,FacilityOps Campus,AST-006,Air Handling Unit 1,AHU,Building C,Block C2,2026-01-16 21:00:00,43.7,1.94,5.11,19.75,0.66,4415.49,4,84.88,97.65,EXCELLENT,0,0,97
FAC-001,FacilityOps Campus,AST-006,Air Handling Unit 1,AHU,Building C,Block C2,2026-01-16 22:00:00,48.65,1.71,4.96,14.76,0.56,4416.05,4,84.92,97.04,EXCELLENT,0,0,172
FAC-001,FacilityOps Campus,AST-006,Air Handling Unit 1,AHU,Building C,Block C2,2026-01-16 23:00:00,49.68,1.91,5.21,12.54,0.62,4416.67,4,84.96,98.05,EXCELLENT,0,0,90
FAC-001,FacilityOps Campus,AST-006,Air Handling Unit 1,AHU,Building C,Block C2,2026-01-17 00:00:00,60.51,3.16,4.46,13.13,0.93,4417.59,4,85.0,68.11,WARNING,1,0,24
FAC-001,FacilityOps Campus,AST-006,Air Handling Unit 1,AHU,Building C,Block C2,2026-01-17 01:00:00,46.21,2.17,5.56,18.59,0.57,4418.16,4,85.04,98.17,EXCELLENT,0,0,156
FAC-001,FacilityOps Campus,AST-006,Air Handling Unit 1,AHU,Building C,Block C2,2026-01-17 02:00:00,47.95,2.11,5.34,16.75,0.58,4418.74,4,85.08,98.56,EXCELLENT,0,0,157
FAC-001,FacilityOps Campus,AST-006,Air Handling Unit 1,AHU,Building C,Block C2,2026-01-17 03:00:00,50.39,1.85,5.1,11.79,0.49,4419.24,4,85.12,97.59,EXCELLENT,0,0,176
FAC-001,FacilityOps Campus,AST-006,Air Handling Unit 1,AHU,Building C,Block C2,2026-01-17 04:00:00,51.76,2.1,5.0,19.0,0.46,4419.7,4,85.17,97.19,EXCELLENT,0,0,93
FAC-001,FacilityOps Campus,AST-006,Air Handling Unit 1,AHU,Building C,Block C2,2026-01-17 05:00:00,48.55,2.08,5.44,14.92,0.72,4420.41,4,85.21,98.64,EXCELLENT,0,0,97
FAC-001,FacilityOps Campus,AST-006,Air Handling Unit 1,AHU,Building C,Block C2,2026-01-17 06:00:00,50.84,2.12,4.65,14.01,0.94,4421.36,4,85.25,95.8,EXCELLENT,0,0,122
FAC-001,FacilityOps Campus,AST-006,Air Handling Unit 1,AHU,Building C,Block C2,2026-01-17 07:00:00,46.96,1.92,5.57,13.79,0.95,4422.31,4,85.29,98.14,EXCELLENT,0,0,157
FAC-001,FacilityOps Campus,AST-006,Air Handling Unit 1,AHU,Building C,Block C2,2026-01-17 08:00:00,52.12,1.68,5.58,27.83,0.56,4422.87,4,85.33,98.07,EXCELLENT,0,0,129
FAC-001,FacilityOps Campus,AST-006,Air Handling Unit 1,AHU,Building C,Block C2,2026-01-17 09:00:00,46.88,2.46,5.47,27.59,0.57,4423.44,4,85.38,97.56,EXCELLENT,0,0,93
FAC-001,FacilityOps Campus,AST-006,Air Handling Unit 1,AHU,Building C,Block C2,2026-01-17 10:00:00,49.31,1.99,5.05,29.8,0.5,4423.94,4,85.42,97.39,EXCELLENT,0,0,157
FAC-001,FacilityOps Campus,AST-006,Air Handling Unit 1,AHU,Building C,Block C2,2026-01-17 11:00:00,49.51,2.34,5.73,28.28,0.64,4424.58,4,85.46,97.47,EXCELLENT,0,0,131
FAC-001,FacilityOps Campus,AST-006,Air Handling Unit 1,AHU,Building C,Block C2,2026-01-17 12:00:00,51.9,1.83,4.79,32.61,0.57,4425.15,4,85.5,96.35,EXCELLENT,0,0,139
FAC-001,FacilityOps Campus,AST-006,Air Handling Unit 1,AHU,Building C,Block C2,2026-01-17 13:00:00,52.72,2.01,5.37,30.81,0.44,4425.59,4,85.54,98.67,EXCELLENT,0,0,118
FAC-001,FacilityOps Campus,AST-006,Air Handling Unit 1,AHU,Building C,Block C2,2026-01-17 14:00:00,51.18,2.17,5.88,28.38,0.62,4426.21,4,85.58,96.87,EXCELLENT,0,0,119
FAC-001,FacilityOps Campus,AST-006,Air Handling Unit 1,AHU,Building C,Block C2,2026-01-17 15:00:00,53.31,1.53,5.46,31.33,0.79,4427.0,4,85.62,98.55,EXCELLENT,0,0,142
FAC-001,FacilityOps Campus,AST-006,Air Handling Unit 1,AHU,Building C,Block C2,2026-01-17 16:00:00,49.12,2.18,5.11,28.0,0.87,4427.86,4,85.67,97.66,EXCELLENT,0,0,141
FAC-001,FacilityOps Campus,AST-006,Air Handling Unit 1,AHU,Building C,Block C2,2026-01-17 17:00:00,54.4,1.92,5.12,26.32,0.58,4428.45,4,85.71,97.68,EXCELLENT,0,0,115
FAC-001,FacilityOps Campus,AST-006,Air Handling Unit 1,AHU,Building C,Block C2,2026-01-17 18:00:00,47.45,2.33,5.0,31.53,0.41,4428.85,4,85.75,97.2,EXCELLENT,0,0,110
FAC-001,FacilityOps Campus,AST-006,Air Handling Unit 1,AHU,Building C,Block C2,2026-01-17 19:00:00,49.86,2.13,4.72,16.17,0.84,4429.69,4,85.79,96.07,EXCELLENT,0,0,133
FAC-001,FacilityOps Campus,AST-006,Air Handling Unit 1,AHU,Building C,Block C2,2026-01-17 20:00:00,51.18,2.14,5.69,15.52,0.58,4430.27,4,85.83,97.62,EXCELLENT,0,0,139
FAC-001,FacilityOps Campus,AST-006,Air Handling Unit 1,AHU,Building C,Block C2,2026-01-17 21:00:00,52.01,2.06,5.66,21.95,0.44,4430.72,4,85.88,97.75,EXCELLENT,0,0,141
FAC-001,FacilityOps Campus,AST-006,Air Handling Unit 1,AHU,Building C,Block C2,2026-01-17 22:00:00,47.79,1.99,5.6,20.2,0.45,4431.17,4,85.92,97.99,EXCELLENT,0,0,140
FAC-001,FacilityOps Campus,AST-006,Air Handling Unit 1,AHU,Building C,Block C2,2026-01-17 23:00:00,50.34,2.04,5.55,12.04,0.45,4431.63,4,85.96,98.19,EXCELLENT,0,0,99
FAC-001,FacilityOps Campus,AST-006,Air Handling Unit 1,AHU,Building C,Block C2,2026-01-18 00:00:00,48.68,1.96,6.16,14.92,0.42,4432.04,4,86.0,95.77,EXCELLENT,0,0,107
FAC-001,FacilityOps Campus,AST-006,Air Handling Unit 1,AHU,Building C,Block C2,2026-01-18 01:00:00,51.03,1.8,5.61,12.47,0.56,4432.61,4,86.04,97.96,EXCELLENT,0,0,128
FAC-001,FacilityOps Campus,AST-006,Air Handling Unit 1,AHU,Building C,Block C2,2026-01-18 02:00:00,50.22,1.71,4.96,15.76,0.99,4433.6,4,86.08,97.04,EXCELLENT,0,0,134
FAC-001,FacilityOps Campus,AST-006,Air Handling Unit 1,AHU,Building C,Block C2,2026-01-18 03:00:00,48.38,2.23,5.87,13.26,0.98,4434.58,4,86.12,96.9,EXCELLENT,0,0,149
FAC-001,FacilityOps Campus,AST-006,Air Handling Unit 1,AHU,Building C,Block C2,2026-01-18 04:00:00,49.6,2.0,5.09,15.54,0.78,4435.35,4,86.17,97.54,EXCELLENT,0,0,151
FAC-001,FacilityOps Campus,AST-006,Air Handling Unit 1,AHU,Building C,Block C2,2026-01-18 05:00:00,53.45,1.43,5.68,19.25,0.8,4436.15,4,86.21,97.67,EXCELLENT,0,0,130
FAC-001,FacilityOps Campus,AST-006,Air Handling Unit 1,AHU,Building C,Block C2,2026-01-18 06:00:00,49.13,2.38,5.09,11.27,0.96,4437.11,4,86.25,97.58,EXCELLENT,0,0,117
FAC-001,FacilityOps Campus,AST-006,Air Handling Unit 1,AHU,Building C,Block C2,2026-01-18 07:00:00,53.16,1.91,5.57,19.9,0.54,4437.65,4,86.29,98.1,EXCELLENT,0,0,147
FAC-001,FacilityOps Campus,AST-006,Air Handling Unit 1,AHU,Building C,Block C2,2026-01-18 08:00:00,53.6,2.19,5.26,30.76,0.64,4438.29,4,86.33,98.25,EXCELLENT,0,0,109
FAC-001,FacilityOps Campus,AST-006,Air Handling Unit 1,AHU,Building C,Block C2,2026-01-18 09:00:00,50.06,1.75,5.76,32.64,0.93,4439.23,4,86.38,97.35,EXCELLENT,0,0,112
FAC-001,FacilityOps Campus,AST-006,Air Handling Unit 1,AHU,Building C,Block C2,2026-01-18 10:00:00,45.68,2.38,5.37,31.23,0.92,4440.15,4,86.42,98.68,EXCELLENT,0,0,177
FAC-001,FacilityOps Campus,AST-006,Air Handling Unit 1,AHU,Building C,Block C2,2026-01-18 11:00:00,54.0,2.16,5.1,31.56,0.71,4440.85,4,86.46,97.62,EXCELLENT,0,0,94
FAC-001,FacilityOps Campus,AST-006,Air Handling Unit 1,AHU,Building C,Block C2,2026-01-18 12:00:00,51.55,2.28,5.2,28.48,0.73,4441.58,4,86.5,98.01,EXCELLENT,0,0,112
FAC-001,FacilityOps Campus,AST-006,Air Handling Unit 1,AHU,Building C,Block C2,2026-01-18 13:00:00,46.14,2.32,4.96,24.21,0.97,4442.55,4,86.54,97.04,EXCELLENT,0,0,93
FAC-001,FacilityOps Campus,AST-006,Air Handling Unit 1,AHU,Building C,Block C2,2026-01-18 14:00:00,51.12,2.23,5.23,25.85,0.83,4443.38,4,86.58,98.1,EXCELLENT,0,0,92
FAC-001,FacilityOps Campus,AST-006,Air Handling Unit 1,AHU,Building C,Block C2,2026-01-18 15:00:00,52.68,1.97,5.61,34.61,0.8,4444.19,4,86.62,97.82,EXCELLENT,0,0,156
FAC-001,FacilityOps Campus,AST-006,Air Handling Unit 1,AHU,Building C,Block C2,2026-01-18 16:00:00,49.86,2.27,5.33,24.88,0.43,4444.62,4,86.67,98.53,EXCELLENT,0,0,135
FAC-001,FacilityOps Campus,AST-006,Air Handling Unit 1,AHU,Building C,Block C2,2026-01-18 17:00:00,53.31,2.25,5.71,21.3,0.45,4445.06,4,86.71,97.55,EXCELLENT,0,0,167
FAC-001,FacilityOps Campus,AST-006,Air Handling Unit 1,AHU,Building C,Block C2,2026-01-18 18:00:00,51.69,2.09,5.76,21.97,0.75,4445.81,4,86.75,97.37,EXCELLENT,0,0,138
FAC-001,FacilityOps Campus,AST-006,Air Handling Unit 1,AHU,Building C,Block C2,2026-01-18 19:00:00,49.34,2.16,5.78,15.37,0.85,4446.67,4,86.79,97.27,EXCELLENT,0,0,165
FAC-001,FacilityOps Campus,AST-006,Air Handling Unit 1,AHU,Building C,Block C2,2026-01-18 20:00:00,50.82,1.89,5.65,14.89,0.95,4447.62,4,86.83,97.81,EXCELLENT,0,0,122
FAC-001,FacilityOps Campus,AST-006,Air Handling Unit 1,AHU,Building C,Block C2,2026-01-18 21:00:00,48.66,2.0,5.78,14.03,0.97,4448.6,4,86.88,97.28,EXCELLENT,0,0,101
FAC-001,FacilityOps Campus,AST-006,Air Handling Unit 1,AHU,Building C,Block C2,2026-01-18 22:00:00,50.94,2.26,5.27,18.43,0.43,4449.03,4,86.92,98.3,EXCELLENT,0,0,146
FAC-001,FacilityOps Campus,AST-006,Air Handling Unit 1,AHU,Building C,Block C2,2026-01-18 23:00:00,44.12,2.16,5.63,12.22,0.62,4449.64,4,86.96,97.89,EXCELLENT,0,0,120
FAC-001,FacilityOps Campus,AST-006,Air Handling Unit 1,AHU,Building C,Block C2,2026-01-19 00:00:00,46.86,2.33,5.85,13.68,0.41,4450.06,4,87.0,97.0,EXCELLENT,0,0,102
FAC-001,FacilityOps Campus,AST-006,Air Handling Unit 1,AHU,Building C,Block C2,2026-01-19 01:00:00,51.9,1.74,5.66,14.34,0.69,4450.75,4,87.04,97.74,EXCELLENT,0,0,167
FAC-001,FacilityOps Campus,AST-006,Air Handling Unit 1,AHU,Building C,Block C2,2026-01-19 02:00:00,51.09,1.87,5.89,11.27,0.55,4451.3,4,87.08,96.85,EXCELLENT,0,0,106
FAC-001,FacilityOps Campus,AST-006,Air Handling Unit 1,AHU,Building C,Block C2,2026-01-19 03:00:00,47.79,2.25,5.02,18.59,0.51,4451.81,4,87.12,97.26,EXCELLENT,0,0,132
FAC-001,FacilityOps Campus,AST-006,Air Handling Unit 1,AHU,Building C,Block C2,2026-01-19 04:00:00,45.68,2.41,5.55,17.68,0.52,4452.32,4,87.17,98.22,EXCELLENT,0,0,121
FAC-001,FacilityOps Campus,AST-006,Air Handling Unit 1,AHU,Building C,Block C2,2026-01-19 05:00:00,49.16,1.99,4.92,12.46,0.7,4453.02,4,87.21,96.86,EXCELLENT,0,0,161
FAC-001,FacilityOps Campus,AST-006,Air Handling Unit 1,AHU,Building C,Block C2,2026-01-19 06:00:00,49.17,1.62,5.21,15.48,0.7,4453.72,4,87.25,98.04,EXCELLENT,0,0,172
FAC-001,FacilityOps Campus,AST-006,Air Handling Unit 1,AHU,Building C,Block C2,2026-01-19 07:00:00,50.54,1.79,5.19,21.24,0.58,4454.3,4,87.29,97.98,EXCELLENT,0,0,142
FAC-001,FacilityOps Campus,AST-006,Air Handling Unit 1,AHU,Building C,Block C2,2026-01-19 08:00:00,53.87,1.91,5.37,26.78,0.51,4454.81,4,87.33,98.69,EXCELLENT,0,0,151
FAC-001,FacilityOps Campus,AST-006,Air Handling Unit 1,AHU,Building C,Block C2,2026-01-19 09:00:00,45.88,1.95,5.02,23.57,0.88,4455.68,4,87.38,97.29,EXCELLENT,0,0,142
FAC-001,FacilityOps Campus,AST-006,Air Handling Unit 1,AHU,Building C,Block C2,2026-01-19 10:00:00,51.87,2.19,5.7,22.24,0.73,4456.41,4,87.42,97.6,EXCELLENT,0,0,117
FAC-001,FacilityOps Campus,AST-006,Air Handling Unit 1,AHU,Building C,Block C2,2026-01-19 11:00:00,48.44,2.08,5.73,28.33,0.47,4456.89,4,87.46,97.5,EXCELLENT,0,0,146
FAC-001,FacilityOps Campus,AST-006,Air Handling Unit 1,AHU,Building C,Block C2,2026-01-19 12:00:00,50.48,2.29,5.53,36.58,0.63,4457.52,4,87.5,95.85,EXCELLENT,0,0,91
FAC-001,FacilityOps Campus,AST-006,Air Handling Unit 1,AHU,Building C,Block C2,2026-01-19 13:00:00,50.14,2.43,5.23,28.06,0.59,4458.11,4,87.54,97.8,EXCELLENT,0,0,125
FAC-001,FacilityOps Campus,AST-006,Air Handling Unit 1,AHU,Building C,Block C2,2026-01-19 14:00:00,48.96,2.17,5.26,29.15,0.58,4458.7,4,87.58,98.23,EXCELLENT,0,0,148
FAC-001,FacilityOps Campus,AST-006,Air Handling Unit 1,AHU,Building C,Block C2,2026-01-19 15:00:00,52.11,1.98,4.96,27.52,0.83,4459.52,4,87.62,97.04,EXCELLENT,0,0,122
FAC-001,FacilityOps Campus,AST-006,Air Handling Unit 1,AHU,Building C,Block C2,2026-01-19 16:00:00,51.71,1.96,5.49,35.76,0.96,4460.48,4,87.67,96.96,EXCELLENT,0,0,166
FAC-001,FacilityOps Campus,AST-006,Air Handling Unit 1,AHU,Building C,Block C2,2026-01-19 17:00:00,54.2,1.95,5.26,27.95,0.6,4461.08,4,87.71,98.24,EXCELLENT,0,0,101
FAC-001,FacilityOps Campus,AST-006,Air Handling Unit 1,AHU,Building C,Block C2,2026-01-19 18:00:00,53.08,1.78,5.5,24.48,0.44,4461.52,4,87.75,98.4,EXCELLENT,0,0,133
FAC-001,FacilityOps Campus,AST-006,Air Handling Unit 1,AHU,Building C,Block C2,2026-01-19 19:00:00,52.52,2.42,4.97,11.12,0.95,4462.47,4,87.79,96.97,EXCELLENT,0,0,151
FAC-001,FacilityOps Campus,AST-006,Air Handling Unit 1,AHU,Building C,Block C2,2026-01-19 20:00:00,51.54,2.94,5.71,18.16,0.97,4463.44,4,87.83,86.25,EXCELLENT,0,0,170
FAC-001,FacilityOps Campus,AST-006,Air Handling Unit 1,AHU,Building C,Block C2,2026-01-19 21:00:00,49.31,2.08,5.43,16.63,0.9,4464.34,4,87.88,98.67,EXCELLENT,0,0,180
FAC-001,FacilityOps Campus,AST-006,Air Handling Unit 1,AHU,Building C,Block C2,2026-01-19 22:00:00,53.98,2.11,5.85,14.37,0.47,4464.81,4,87.92,96.99,EXCELLENT,0,0,144
FAC-001,FacilityOps Campus,AST-006,Air Handling Unit 1,AHU,Building C,Block C2,2026-01-19 23:00:00,47.17,2.49,4.83,18.18,0.71,4465.52,4,87.96,94.89,EXCELLENT,0,0,148
FAC-001,FacilityOps Campus,AST-006,Air Handling Unit 1,AHU,Building C,Block C2,2026-01-20 00:00:00,53.72,2.22,5.46,9.61,0.59,4466.11,4,88.0,98.57,EXCELLENT,0,0,119
FAC-001,FacilityOps Campus,AST-006,Air Handling Unit 1,AHU,Building C,Block C2,2026-01-20 01:00:00,75.14,3.26,6.62,26.17,0.84,4466.95,4,88.04,35.46,CRITICAL,1,1,5
FAC-001,FacilityOps Campus,AST-006,Air Handling Unit 1,AHU,Building C,Block C2,2026-01-20 02:00:00,52.36,2.14,5.43,12.96,0.59,4467.54,4,88.08,98.69,EXCELLENT,0,0,108
FAC-001,FacilityOps Campus,AST-006,Air Handling Unit 1,AHU,Building C,Block C2,2026-01-20 03:00:00,46.95,2.09,4.89,20.43,0.92,4468.46,4,88.12,96.75,EXCELLENT,0,0,129
FAC-001,FacilityOps Campus,AST-006,Air Handling Unit 1,AHU,Building C,Block C2,2026-01-20 04:00:00,51.58,2.26,5.39,17.13,0.85,4469.31,4,88.17,98.77,EXCELLENT,0,0,134
FAC-001,FacilityOps Campus,AST-006,Air Handling Unit 1,AHU,Building C,Block C2,2026-01-20 05:00:00,49.45,2.2,5.41,16.78,0.61,4469.92,4,88.21,98.76,EXCELLENT,0,0,114
FAC-001,FacilityOps Campus,AST-006,Air Handling Unit 1,AHU,Building C,Block C2,2026-01-20 06:00:00,49.17,2.13,5.18,19.16,0.59,4470.51,4,88.25,97.91,EXCELLENT,0,0,158
FAC-001,FacilityOps Campus,AST-006,Air Handling Unit 1,AHU,Building C,Block C2,2026-01-20 07:00:00,48.72,1.58,5.56,13.67,0.68,4471.19,4,88.29,98.16,EXCELLENT,0,0,151
FAC-001,FacilityOps Campus,AST-006,Air Handling Unit 1,AHU,Building C,Block C2,2026-01-20 08:00:00,48.73,1.87,5.36,29.08,0.87,4472.06,4,88.33,98.66,EXCELLENT,0,0,141
FAC-001,FacilityOps Campus,AST-006,Air Handling Unit 1,AHU,Building C,Block C2,2026-01-20 09:00:00,48.83,2.53,5.24,30.54,0.73,4472.79,4,88.38,95.71,EXCELLENT,0,0,162
FAC-001,FacilityOps Campus,AST-006,Air Handling Unit 1,AHU,Building C,Block C2,2026-01-20 10:00:00,47.54,2.25,5.56,31.49,0.42,4473.2,4,88.42,98.15,EXCELLENT,0,0,110
FAC-001,FacilityOps Campus,AST-006,Air Handling Unit 1,AHU,Building C,Block C2,2026-01-20 11:00:00,58.24,2.51,5.67,31.12,0.63,4473.84,4,88.46,89.15,EXCELLENT,1,0,127
FAC-001,FacilityOps Campus,AST-006,Air Handling Unit 1,AHU,Building C,Block C2,2026-01-20 12:00:00,48.4,1.71,5.49,26.33,0.54,4474.38,4,88.5,98.45,EXCELLENT,0,0,130
FAC-001,FacilityOps Campus,AST-006,Air Handling Unit 1,AHU,Building C,Block C2,2026-01-20 13:00:00,54.69,1.85,5.18,24.58,0.81,4475.18,4,88.54,97.92,EXCELLENT,0,0,174
FAC-001,FacilityOps Campus,AST-006,Air Handling Unit 1,AHU,Building C,Block C2,2026-01-20 14:00:00,45.74,1.89,5.18,32.78,0.91,4476.09,4,88.58,97.91,EXCELLENT,0,0,142
FAC-001,FacilityOps Campus,AST-006,Air Handling Unit 1,AHU,Building C,Block C2,2026-01-20 15:00:00,46.88,2.32,5.31,29.53,0.67,4476.76,4,88.62,98.44,EXCELLENT,0,0,108
FAC-001,FacilityOps Campus,AST-006,Air Handling Unit 1,AHU,Building C,Block C2,2026-01-20 16:00:00,49.81,1.88,5.25,27.19,0.62,4477.38,4,88.67,98.19,EXCELLENT,0,0,107
FAC-001,FacilityOps Campus,AST-006,Air Handling Unit 1,AHU,Building C,Block C2,2026-01-20 17:00:00,50.63,1.97,5.03,25.54,0.78,4478.16,4,88.71,97.32,EXCELLENT,0,0,164
FAC-001,FacilityOps Campus,AST-006,Air Handling Unit 1,AHU,Building C,Block C2,2026-01-20 18:00:00,47.34,2.41,5.0,27.37,0.56,4478.72,4,88.75,97.19,EXCELLENT,0,0,154
FAC-001,FacilityOps Campus,AST-006,Air Handling Unit 1,AHU,Building C,Block C2,2026-01-20 19:00:00,46.6,2.21,5.02,20.37,0.48,4479.2,4,88.79,97.29,EXCELLENT,0,0,163
FAC-001,FacilityOps Campus,AST-006,Air Handling Unit 1,AHU,Building C,Block C2,2026-01-20 20:00:00,70.05,2.87,5.65,23.94,0.93,4480.13,4,88.83,58.0,WARNING,1,1,7
FAC-001,FacilityOps Campus,AST-006,Air Handling Unit 1,AHU,Building C,Block C2,2026-01-20 21:00:00,52.5,1.82,5.7,11.06,0.83,4480.96,4,88.88,97.61,EXCELLENT,0,0,141
FAC-001,FacilityOps Campus,AST-006,Air Handling Unit 1,AHU,Building C,Block C2,2026-01-20 22:00:00,48.57,2.04,5.34,14.17,0.97,4481.93,4,88.92,98.55,EXCELLENT,0,0,97
FAC-001,FacilityOps Campus,AST-006,Air Handling Unit 1,AHU,Building C,Block C2,2026-01-20 23:00:00,49.04,2.34,5.14,13.89,0.82,4482.75,4,88.96,97.75,EXCELLENT,0,0,134
FAC-001,FacilityOps Campus,AST-006,Air Handling Unit 1,AHU,Building C,Block C2,2026-01-21 00:00:00,52.44,1.9,5.52,17.68,0.5,4483.25,4,89.0,98.31,EXCELLENT,0,0,90
FAC-001,FacilityOps Campus,AST-006,Air Handling Unit 1,AHU,Building C,Block C2,2026-01-21 01:00:00,50.58,1.59,5.61,12.84,0.81,4484.06,4,89.04,97.95,EXCELLENT,0,0,157
FAC-001,FacilityOps Campus,AST-006,Air Handling Unit 1,AHU,Building C,Block C2,2026-01-21 02:00:00,49.04,1.87,4.91,11.05,0.93,4484.99,4,89.08,96.86,EXCELLENT,0,0,138
FAC-001,FacilityOps Campus,AST-006,Air Handling Unit 1,AHU,Building C,Block C2,2026-01-21 03:00:00,50.07,1.59,5.54,17.5,0.45,4485.44,4,89.12,98.25,EXCELLENT,0,0,151
FAC-001,FacilityOps Campus,AST-006,Air Handling Unit 1,AHU,Building C,Block C2,2026-01-21 04:00:00,48.86,2.53,4.8,15.76,0.56,4486.0,4,89.17,93.88,EXCELLENT,0,0,164
FAC-001,FacilityOps Campus,AST-006,Air Handling Unit 1,AHU,Building C,Block C2,2026-01-21 05:00:00,46.79,1.85,5.33,14.59,0.65,4486.65,4,89.21,98.53,EXCELLENT,0,0,119
FAC-001,FacilityOps Campus,AST-006,Air Handling Unit 1,AHU,Building C,Block C2,2026-01-21 06:00:00,46.17,2.13,5.53,19.1,0.95,4487.6,4,89.25,98.27,EXCELLENT,0,0,174
FAC-001,FacilityOps Campus,AST-006,Air Handling Unit 1,AHU,Building C,Block C2,2026-01-21 07:00:00,51.15,2.47,5.21,8.85,0.48,4488.07,4,89.29,96.94,EXCELLENT,0,0,99
FAC-001,FacilityOps Campus,AST-006,Air Handling Unit 1,AHU,Building C,Block C2,2026-01-21 08:00:00,45.91,1.97,4.98,32.68,0.49,4488.56,4,89.33,97.11,EXCELLENT,0,0,140
FAC-001,FacilityOps Campus,AST-006,Air Handling Unit 1,AHU,Building C,Block C2,2026-01-21 09:00:00,46.03,2.07,5.25,31.94,0.59,4489.15,4,89.38,98.21,EXCELLENT,0,0,164
FAC-001,FacilityOps Campus,AST-006,Air Handling Unit 1,AHU,Building C,Block C2,2026-01-21 10:00:00,49.29,2.64,5.56,32.12,0.85,4490.0,4,89.42,93.32,EXCELLENT,0,0,128
FAC-001,FacilityOps Campus,AST-006,Air Handling Unit 1,AHU,Building C,Block C2,2026-01-21 11:00:00,54.66,2.58,4.85,29.88,0.87,4490.87,4,89.46,93.14,EXCELLENT,0,0,99
FAC-001,FacilityOps Campus,AST-006,Air Handling Unit 1,AHU,Building C,Block C2,2026-01-21 12:00:00,51.88,2.12,4.94,29.0,0.53,4491.39,4,89.5,96.97,EXCELLENT,0,0,93
FAC-001,FacilityOps Campus,AST-006,Air Handling Unit 1,AHU,Building C,Block C2,2026-01-21 13:00:00,50.84,2.29,5.3,24.55,0.59,4491.98,4,89.54,98.39,EXCELLENT,0,0,90
FAC-001,FacilityOps Campus,AST-006,Air Handling Unit 1,AHU,Building C,Block C2,2026-01-21 14:00:00,47.24,2.21,5.6,33.49,0.49,4492.47,4,89.58,98.01,EXCELLENT,0,0,148
FAC-001,FacilityOps Campus,AST-006,Air Handling Unit 1,AHU,Building C,Block C2,2026-01-21 15:00:00,50.55,1.83,5.12,30.05,0.98,4493.45,4,89.62,97.68,EXCELLENT,0,0,142
FAC-001,FacilityOps Campus,AST-006,Air Handling Unit 1,AHU,Building C,Block C2,2026-01-21 16:00:00,49.98,1.63,5.24,22.06,0.51,4493.96,4,89.67,98.17,EXCELLENT,0,0,166
FAC-001,FacilityOps Campus,AST-006,Air Handling Unit 1,AHU,Building C,Block C2,2026-01-21 17:00:00,47.15,2.26,5.3,23.07,0.94,4494.9,4,89.71,98.4,EXCELLENT,0,0,90
FAC-001,FacilityOps Campus,AST-006,Air Handling Unit 1,AHU,Building C,Block C2,2026-01-21 18:00:00,53.98,1.72,5.7,27.22,0.47,4495.37,4,89.75,97.59,EXCELLENT,0,0,143
FAC-001,FacilityOps Campus,AST-006,Air Handling Unit 1,AHU,Building C,Block C2,2026-01-21 19:00:00,49.76,1.9,5.26,18.07,0.98,4496.35,4,89.79,98.26,EXCELLENT,0,0,96
FAC-001,FacilityOps Campus,AST-006,Air Handling Unit 1,AHU,Building C,Block C2,2026-01-21 20:00:00,49.67,2.12,5.36,9.87,0.55,4496.9,4,89.83,98.63,EXCELLENT,0,0,161
FAC-001,FacilityOps Campus,AST-006,Air Handling Unit 1,AHU,Building C,Block C2,2026-01-21 21:00:00,51.11,2.33,5.11,18.92,0.61,4497.51,4,89.88,97.64,EXCELLENT,0,0,100
FAC-001,FacilityOps Campus,AST-006,Air Handling Unit 1,AHU,Building C,Block C2,2026-01-21 22:00:00,43.6,2.12,5.71,13.03,0.99,4498.5,4,89.92,97.57,EXCELLENT,0,0,173
FAC-001,FacilityOps Campus,AST-006,Air Handling Unit 1,AHU,Building C,Block C2,2026-01-21 23:00:00,50.04,2.9,5.89,17.06,0.93,4499.43,4,89.96,86.5,EXCELLENT,0,0,171
FAC-001,FacilityOps Campus,AST-006,Air Handling Unit 1,AHU,Building C,Block C2,2026-01-22 00:00:00,53.32,2.14,5.56,12.14,0.83,4500.27,4,90.0,98.17,EXCELLENT,0,0,139
FAC-001,FacilityOps Campus,AST-006,Air Handling Unit 1,AHU,Building C,Block C2,2026-01-22 01:00:00,46.65,1.98,5.24,20.24,0.89,4501.16,4,90.04,98.16,EXCELLENT,0,0,105
FAC-001,FacilityOps Campus,AST-006,Air Handling Unit 1,AHU,Building C,Block C2,2026-01-22 02:00:00,50.27,2.29,4.97,14.27,0.41,4501.56,4,90.08,97.07,EXCELLENT,0,0,162
FAC-001,FacilityOps Campus,AST-006,Air Handling Unit 1,AHU,Building C,Block C2,2026-01-22 03:00:00,52.07,2.21,4.86,18.94,0.74,4502.31,4,90.12,96.65,EXCELLENT,0,0,113
FAC-001,FacilityOps Campus,AST-006,Air Handling Unit 1,AHU,Building C,Block C2,2026-01-22 04:00:00,49.59,1.88,5.16,13.33,0.59,4502.9,4,90.17,97.85,EXCELLENT,0,0,172
FAC-001,FacilityOps Campus,AST-006,Air Handling Unit 1,AHU,Building C,Block C2,2026-01-22 05:00:00,50.69,1.87,5.65,15.38,0.99,4503.89,4,90.21,97.81,EXCELLENT,0,0,169
FAC-001,FacilityOps Campus,AST-006,Air Handling Unit 1,AHU,Building C,Block C2,2026-01-22 06:00:00,49.31,2.01,5.67,16.85,0.78,4504.68,4,90.25,97.7,EXCELLENT,0,0,94
FAC-001,FacilityOps Campus,AST-006,Air Handling Unit 1,AHU,Building C,Block C2,2026-01-22 07:00:00,52.78,2.46,5.2,8.54,0.44,4505.12,4,90.29,97.0,EXCELLENT,0,0,123
FAC-001,FacilityOps Campus,AST-006,Air Handling Unit 1,AHU,Building C,Block C2,2026-01-22 08:00:00,50.72,2.16,5.45,31.34,0.76,4505.87,4,90.33,98.6,EXCELLENT,0,0,113
FAC-001,FacilityOps Campus,AST-006,Air Handling Unit 1,AHU,Building C,Block C2,2026-01-22 09:00:00,51.32,1.92,5.34,31.66,0.47,4506.35,4,90.38,98.56,EXCELLENT,0,0,165
FAC-001,FacilityOps Campus,AST-006,Air Handling Unit 1,AHU,Building C,Block C2,2026-01-22 10:00:00,48.58,2.33,5.11,27.48,0.69,4507.04,4,90.42,97.64,EXCELLENT,0,0,110
FAC-001,FacilityOps Campus,AST-006,Air Handling Unit 1,AHU,Building C,Block C2,2026-01-22 11:00:00,49.62,2.47,5.7,31.02,0.86,4507.89,4,90.46,96.52,EXCELLENT,0,0,172
FAC-001,FacilityOps Campus,AST-006,Air Handling Unit 1,AHU,Building C,Block C2,2026-01-22 12:00:00,47.99,2.3,4.51,32.58,0.62,4508.52,4,90.5,95.22,EXCELLENT,0,0,97
FAC-001,FacilityOps Campus,AST-006,Air Handling Unit 1,AHU,Building C,Block C2,2026-01-22 13:00:00,48.24,1.78,5.64,28.39,0.95,4509.47,4,90.54,97.84,EXCELLENT,0,0,94
FAC-001,FacilityOps Campus,AST-006,Air Handling Unit 1,AHU,Building C,Block C2,2026-01-22 14:00:00,52.29,2.09,5.64,23.98,0.71,4510.18,4,90.58,97.82,EXCELLENT,0,0,145
FAC-001,FacilityOps Campus,AST-006,Air Handling Unit 1,AHU,Building C,Block C2,2026-01-22 15:00:00,47.24,2.38,5.74,23.2,0.44,4510.61,4,90.62,97.46,EXCELLENT,0,0,156
FAC-001,FacilityOps Campus,AST-006,Air Handling Unit 1,AHU,Building C,Block C2,2026-01-22 16:00:00,48.53,2.22,5.48,35.41,0.5,4511.11,4,90.67,97.42,EXCELLENT,0,0,117
FAC-001,FacilityOps Campus,AST-006,Air Handling Unit 1,AHU,Building C,Block C2,2026-01-22 17:00:00,51.26,2.11,5.68,33.57,0.66,4511.77,4,90.71,97.7,EXCELLENT,0,0,121
FAC-001,FacilityOps Campus,AST-006,Air Handling Unit 1,AHU,Building C,Block C2,2026-01-22 18:00:00,54.96,2.06,5.55,24.71,0.63,4512.4,4,90.75,98.2,EXCELLENT,0,0,103
FAC-001,FacilityOps Campus,AST-006,Air Handling Unit 1,AHU,Building C,Block C2,2026-01-22 19:00:00,52.6,2.35,5.22,19.88,1.0,4513.4,4,90.79,98.07,EXCELLENT,0,0,157
FAC-001,FacilityOps Campus,AST-006,Air Handling Unit 1,AHU,Building C,Block C2,2026-01-22 20:00:00,51.9,1.96,5.74,14.96,1.0,4514.4,4,90.83,97.45,EXCELLENT,0,0,125
FAC-001,FacilityOps Campus,AST-006,Air Handling Unit 1,AHU,Building C,Block C2,2026-01-22 21:00:00,49.07,2.29,5.21,17.96,0.71,4515.1,4,90.88,98.05,EXCELLENT,0,0,161
FAC-001,FacilityOps Campus,AST-006,Air Handling Unit 1,AHU,Building C,Block C2,2026-01-22 22:00:00,50.68,2.23,5.43,13.0,0.59,4515.7,4,90.92,98.7,EXCELLENT,0,0,125
FAC-001,FacilityOps Campus,AST-006,Air Handling Unit 1,AHU,Building C,Block C2,2026-01-22 23:00:00,48.12,2.02,5.04,8.55,0.47,4516.16,4,90.96,97.38,EXCELLENT,0,0,100
FAC-001,FacilityOps Campus,AST-006,Air Handling Unit 1,AHU,Building C,Block C2,2026-01-23 00:00:00,46.8,2.65,5.45,20.9,0.81,4516.97,4,91.0,93.47,EXCELLENT,0,0,152
FAC-001,FacilityOps Campus,AST-006,Air Handling Unit 1,AHU,Building C,Block C2,2026-01-23 01:00:00,51.31,2.35,5.64,18.49,0.97,4517.95,4,91.04,97.83,EXCELLENT,0,0,118
FAC-001,FacilityOps Campus,AST-006,Air Handling Unit 1,AHU,Building C,Block C2,2026-01-23 02:00:00,50.79,2.29,5.5,17.78,0.96,4518.91,4,91.08,98.41,EXCELLENT,0,0,110
FAC-001,FacilityOps Campus,AST-006,Air Handling Unit 1,AHU,Building C,Block C2,2026-01-23 03:00:00,51.95,2.59,5.23,12.62,0.91,4519.81,4,91.12,94.3,EXCELLENT,0,0,174
FAC-001,FacilityOps Campus,AST-006,Air Handling Unit 1,AHU,Building C,Block C2,2026-01-23 04:00:00,52.17,1.61,5.43,15.47,0.87,4520.68,4,91.17,98.69,EXCELLENT,0,0,121
FAC-001,FacilityOps Campus,AST-006,Air Handling Unit 1,AHU,Building C,Block C2,2026-01-23 05:00:00,49.01,1.87,5.67,15.26,0.66,4521.33,4,91.21,97.73,EXCELLENT,0,0,160
FAC-001,FacilityOps Campus,AST-006,Air Handling Unit 1,AHU,Building C,Block C2,2026-01-23 06:00:00,48.86,2.12,5.44,18.13,0.76,4522.09,4,91.25,98.63,EXCELLENT,0,0,101
FAC-001,FacilityOps Campus,AST-006,Air Handling Unit 1,AHU,Building C,Block C2,2026-01-23 07:00:00,50.18,1.95,5.42,9.26,0.52,4522.61,4,91.29,98.71,EXCELLENT,0,0,96
FAC-001,FacilityOps Campus,AST-006,Air Handling Unit 1,AHU,Building C,Block C2,2026-01-23 08:00:00,45.98,1.95,5.3,22.1,0.69,4523.3,4,91.33,98.4,EXCELLENT,0,0,139
FAC-001,FacilityOps Campus,AST-006,Air Handling Unit 1,AHU,Building C,Block C2,2026-01-23 09:00:00,52.03,2.23,5.34,26.27,0.76,4524.06,4,91.38,98.58,EXCELLENT,0,0,113
FAC-001,FacilityOps Campus,AST-006,Air Handling Unit 1,AHU,Building C,Block C2,2026-01-23 10:00:00,49.03,2.57,5.19,27.83,0.45,4524.51,4,91.42,94.61,EXCELLENT,0,0,146
FAC-001,FacilityOps Campus,AST-006,Air Handling Unit 1,AHU,Building C,Block C2,2026-01-23 11:00:00,51.04,1.76,5.98,22.95,0.88,4525.39,4,91.46,96.49,EXCELLENT,0,0,117
FAC-001,FacilityOps Campus,AST-006,Air Handling Unit 1,AHU,Building C,Block C2,2026-01-23 12:00:00,47.14,2.25,5.68,23.95,0.61,4526.0,4,91.5,97.67,EXCELLENT,0,0,110
FAC-001,FacilityOps Campus,AST-006,Air Handling Unit 1,AHU,Building C,Block C2,2026-01-23 13:00:00,51.52,2.32,5.71,26.86,0.59,4526.59,4,91.54,97.57,EXCELLENT,0,0,154
FAC-001,FacilityOps Campus,AST-006,Air Handling Unit 1,AHU,Building C,Block C2,2026-01-23 14:00:00,51.85,1.98,5.72,29.56,0.79,4527.38,4,91.58,97.51,EXCELLENT,0,0,138
FAC-001,FacilityOps Campus,AST-006,Air Handling Unit 1,AHU,Building C,Block C2,2026-01-23 15:00:00,48.08,1.87,5.46,31.75,0.59,4527.96,4,91.62,98.57,EXCELLENT,0,0,159
FAC-001,FacilityOps Campus,AST-006,Air Handling Unit 1,AHU,Building C,Block C2,2026-01-23 16:00:00,52.79,2.31,5.68,27.17,0.42,4528.39,4,91.67,97.68,EXCELLENT,0,0,114
FAC-001,FacilityOps Campus,AST-006,Air Handling Unit 1,AHU,Building C,Block C2,2026-01-23 17:00:00,48.95,2.42,5.53,28.58,0.69,4529.08,4,91.71,98.13,EXCELLENT,0,0,95
FAC-001,FacilityOps Campus,AST-006,Air Handling Unit 1,AHU,Building C,Block C2,2026-01-23 18:00:00,52.16,2.07,5.68,33.34,0.61,4529.69,4,91.75,97.68,EXCELLENT,0,0,100
FAC-001,FacilityOps Campus,AST-006,Air Handling Unit 1,AHU,Building C,Block C2,2026-01-23 19:00:00,55.51,2.08,5.61,14.5,0.94,4530.62,4,91.79,96.94,EXCELLENT,0,0,106
FAC-001,FacilityOps Campus,AST-006,Air Handling Unit 1,AHU,Building C,Block C2,2026-01-23 20:00:00,48.28,2.27,5.23,19.67,0.57,4531.19,4,91.83,98.14,EXCELLENT,0,0,168
FAC-001,FacilityOps Campus,AST-006,Air Handling Unit 1,AHU,Building C,Block C2,2026-01-23 21:00:00,45.71,2.25,5.97,12.36,0.87,4532.06,4,91.88,96.5,EXCELLENT,0,0,139
FAC-001,FacilityOps Campus,AST-006,Air Handling Unit 1,AHU,Building C,Block C2,2026-01-23 22:00:00,45.81,2.3,5.23,11.65,0.96,4533.02,4,91.92,98.14,EXCELLENT,0,0,130
FAC-001,FacilityOps Campus,AST-006,Air Handling Unit 1,AHU,Building C,Block C2,2026-01-23 23:00:00,50.5,2.13,5.26,16.85,0.89,4533.91,4,91.96,98.23,EXCELLENT,0,0,135
FAC-001,FacilityOps Campus,AST-006,Air Handling Unit 1,AHU,Building C,Block C2,2026-01-24 00:00:00,48.57,1.87,5.28,14.67,0.98,4534.89,4,92.0,98.34,EXCELLENT,0,0,96
FAC-001,FacilityOps Campus,AST-006,Air Handling Unit 1,AHU,Building C,Block C2,2026-01-24 01:00:00,48.11,1.53,5.46,13.7,0.51,4535.4,4,92.04,98.57,EXCELLENT,0,0,125
FAC-001,FacilityOps Campus,AST-006,Air Handling Unit 1,AHU,Building C,Block C2,2026-01-24 02:00:00,49.71,1.79,5.25,14.37,0.85,4536.25,4,92.08,98.22,EXCELLENT,0,0,165
FAC-001,FacilityOps Campus,AST-006,Air Handling Unit 1,AHU,Building C,Block C2,2026-01-24 03:00:00,48.63,2.1,5.14,10.57,0.67,4536.93,4,92.12,97.74,EXCELLENT,0,0,114
FAC-001,FacilityOps Campus,AST-006,Air Handling Unit 1,AHU,Building C,Block C2,2026-01-24 04:00:00,55.45,2.2,5.62,13.98,0.94,4537.87,4,92.17,97.0,EXCELLENT,0,0,126
FAC-001,FacilityOps Campus,AST-006,Air Handling Unit 1,AHU,Building C,Block C2,2026-01-24 05:00:00,49.54,2.23,5.27,18.84,0.73,4538.6,4,92.21,98.28,EXCELLENT,0,0,165
FAC-001,FacilityOps Campus,AST-006,Air Handling Unit 1,AHU,Building C,Block C2,2026-01-24 06:00:00,49.69,2.34,5.91,21.39,0.6,4539.21,4,92.25,96.76,EXCELLENT,0,0,173
FAC-001,FacilityOps Campus,AST-006,Air Handling Unit 1,AHU,Building C,Block C2,2026-01-24 07:00:00,49.55,2.0,5.44,14.27,0.58,4539.78,4,92.29,98.65,EXCELLENT,0,0,158
FAC-001,FacilityOps Campus,AST-006,Air Handling Unit 1,AHU,Building C,Block C2,2026-01-24 08:00:00,48.82,1.86,5.28,24.43,0.87,4540.65,4,92.33,98.3,EXCELLENT,0,0,131
FAC-001,FacilityOps Campus,AST-006,Air Handling Unit 1,AHU,Building C,Block C2,2026-01-24 09:00:00,51.28,2.3,5.75,30.89,0.69,4541.34,4,92.38,97.38,EXCELLENT,0,0,139
FAC-001,FacilityOps Campus,AST-006,Air Handling Unit 1,AHU,Building C,Block C2,2026-01-24 10:00:00,52.9,1.93,5.77,29.36,0.87,4542.21,4,92.42,97.31,EXCELLENT,0,0,156
FAC-001,FacilityOps Campus,AST-006,Air Handling Unit 1,AHU,Building C,Block C2,2026-01-24 11:00:00,45.69,1.89,4.98,31.11,0.7,4542.91,4,92.46,97.12,EXCELLENT,0,0,158
FAC-001,FacilityOps Campus,AST-006,Air Handling Unit 1,AHU,Building C,Block C2,2026-01-24 12:00:00,49.44,1.92,5.53,24.71,0.75,4543.66,4,92.5,98.29,EXCELLENT,0,0,111
FAC-001,FacilityOps Campus,AST-006,Air Handling Unit 1,AHU,Building C,Block C2,2026-01-24 13:00:00,51.18,1.99,5.87,27.9,0.78,4544.43,4,92.54,96.92,EXCELLENT,0,0,123
FAC-001,FacilityOps Campus,AST-006,Air Handling Unit 1,AHU,Building C,Block C2,2026-01-24 14:00:00,49.01,2.3,5.4,29.94,0.72,4545.16,4,92.58,98.78,EXCELLENT,0,0,102
FAC-001,FacilityOps Campus,AST-006,Air Handling Unit 1,AHU,Building C,Block C2,2026-01-24 15:00:00,50.72,1.9,5.16,28.77,0.88,4546.03,4,92.62,97.86,EXCELLENT,0,0,138
FAC-001,FacilityOps Campus,AST-006,Air Handling Unit 1,AHU,Building C,Block C2,2026-01-24 16:00:00,48.95,2.48,6.0,31.69,0.73,4546.76,4,92.67,95.07,EXCELLENT,0,0,138
FAC-001,FacilityOps Campus,AST-006,Air Handling Unit 1,AHU,Building C,Block C2,2026-01-24 17:00:00,48.73,2.06,5.19,23.51,0.58,4547.35,4,92.71,97.95,EXCELLENT,0,0,176
FAC-001,FacilityOps Campus,AST-006,Air Handling Unit 1,AHU,Building C,Block C2,2026-01-24 18:00:00,51.05,2.51,5.64,31.86,0.83,4548.18,4,92.75,95.9,EXCELLENT,0,0,101
FAC-001,FacilityOps Campus,AST-006,Air Handling Unit 1,AHU,Building C,Block C2,2026-01-24 19:00:00,50.34,2.24,5.54,18.95,0.65,4548.83,4,92.79,98.24,EXCELLENT,0,0,121
FAC-001,FacilityOps Campus,AST-006,Air Handling Unit 1,AHU,Building C,Block C2,2026-01-24 20:00:00,47.95,1.97,5.62,16.81,0.87,4549.7,4,92.83,97.91,EXCELLENT,0,0,123
FAC-001,FacilityOps Campus,AST-006,Air Handling Unit 1,AHU,Building C,Block C2,2026-01-24 21:00:00,48.34,2.12,4.83,19.85,0.81,4550.51,4,92.88,96.53,EXCELLENT,0,0,163
FAC-001,FacilityOps Campus,AST-006,Air Handling Unit 1,AHU,Building C,Block C2,2026-01-24 22:00:00,46.08,2.61,5.3,13.94,1.0,4551.51,4,92.92,94.21,EXCELLENT,0,0,90
FAC-001,FacilityOps Campus,AST-006,Air Handling Unit 1,AHU,Building C,Block C2,2026-01-24 23:00:00,51.45,1.48,5.54,23.63,0.77,4552.28,4,92.96,98.24,EXCELLENT,0,0,176
FAC-001,FacilityOps Campus,AST-006,Air Handling Unit 1,AHU,Building C,Block C2,2026-01-25 00:00:00,49.06,2.11,5.04,13.03,0.92,4553.2,4,93.0,97.37,EXCELLENT,0,0,152
FAC-001,FacilityOps Campus,AST-006,Air Handling Unit 1,AHU,Building C,Block C2,2026-01-25 01:00:00,52.51,1.53,5.3,10.53,0.67,4553.87,4,93.04,98.41,EXCELLENT,0,0,131
FAC-001,FacilityOps Campus,AST-006,Air Handling Unit 1,AHU,Building C,Block C2,2026-01-25 02:00:00,46.52,1.87,4.81,19.0,0.54,4554.41,4,93.08,96.44,EXCELLENT,0,0,158
FAC-001,FacilityOps Campus,AST-006,Air Handling Unit 1,AHU,Building C,Block C2,2026-01-25 03:00:00,46.42,1.75,5.53,18.72,0.88,4555.28,4,93.12,98.29,EXCELLENT,0,0,152
FAC-001,FacilityOps Campus,AST-006,Air Handling Unit 1,AHU,Building C,Block C2,2026-01-25 04:00:00,48.13,2.27,5.85,12.93,0.85,4556.13,4,93.17,96.98,EXCELLENT,0,0,125
FAC-001,FacilityOps Campus,AST-006,Air Handling Unit 1,AHU,Building C,Block C2,2026-01-25 05:00:00,54.49,2.46,5.69,15.03,0.85,4556.98,4,93.21,96.67,EXCELLENT,0,0,109
FAC-001,FacilityOps Campus,AST-006,Air Handling Unit 1,AHU,Building C,Block C2,2026-01-25 06:00:00,53.21,2.06,5.33,17.55,0.84,4557.82,4,93.25,98.52,EXCELLENT,0,0,112
FAC-001,FacilityOps Campus,AST-006,Air Handling Unit 1,AHU,Building C,Block C2,2026-01-25 07:00:00,52.22,1.98,4.96,23.29,0.53,4558.35,4,93.29,97.04,EXCELLENT,0,0,123
FAC-001,FacilityOps Campus,AST-006,Air Handling Unit 1,AHU,Building C,Block C2,2026-01-25 08:00:00,51.73,1.68,5.1,25.62,0.64,4558.99,4,93.33,97.6,EXCELLENT,0,0,107
FAC-001,FacilityOps Campus,AST-006,Air Handling Unit 1,AHU,Building C,Block C2,2026-01-25 09:00:00,55.09,2.15,5.92,33.19,0.7,4559.68,4,93.38,96.55,EXCELLENT,0,0,151
FAC-001,FacilityOps Campus,AST-006,Air Handling Unit 1,AHU,Building C,Block C2,2026-01-25 10:00:00,52.5,2.03,4.74,25.05,0.49,4560.17,4,93.42,96.15,EXCELLENT,0,0,127
FAC-001,FacilityOps Campus,AST-006,Air Handling Unit 1,AHU,Building C,Block C2,2026-01-25 11:00:00,88.47,2.08,4.87,25.63,0.97,4561.14,4,93.46,29.73,CRITICAL,1,1,5
FAC-001,FacilityOps Campus,AST-006,Air Handling Unit 1,AHU,Building C,Block C2,2026-01-25 12:00:00,49.81,2.35,5.73,25.56,0.88,4562.02,4,93.5,97.47,EXCELLENT,0,0,179
FAC-001,FacilityOps Campus,AST-006,Air Handling Unit 1,AHU,Building C,Block C2,2026-01-25 13:00:00,52.53,2.14,5.9,24.81,0.57,4562.59,4,93.54,96.82,EXCELLENT,0,0,179
FAC-001,FacilityOps Campus,AST-006,Air Handling Unit 1,AHU,Building C,Block C2,2026-01-25 14:00:00,50.71,2.04,5.41,28.08,0.95,4563.54,4,93.58,98.75,EXCELLENT,0,0,146
FAC-001,FacilityOps Campus,AST-006,Air Handling Unit 1,AHU,Building C,Block C2,2026-01-25 15:00:00,49.63,1.77,5.18,20.58,0.68,4564.22,4,93.62,97.92,EXCELLENT,0,0,112
FAC-001,FacilityOps Campus,AST-006,Air Handling Unit 1,AHU,Building C,Block C2,2026-01-25 16:00:00,50.43,2.43,5.25,23.53,0.97,4565.19,4,93.67,97.91,EXCELLENT,0,0,168
FAC-001,FacilityOps Campus,AST-006,Air Handling Unit 1,AHU,Building C,Block C2,2026-01-25 17:00:00,47.39,1.75,5.33,28.01,0.65,4565.84,4,93.71,98.53,EXCELLENT,0,0,151
FAC-001,FacilityOps Campus,AST-006,Air Handling Unit 1,AHU,Building C,Block C2,2026-01-25 18:00:00,49.16,1.74,5.08,28.7,0.41,4566.26,4,93.75,97.51,EXCELLENT,0,0,129
FAC-001,FacilityOps Campus,AST-006,Air Handling Unit 1,AHU,Building C,Block C2,2026-01-25 19:00:00,51.69,2.47,5.64,17.31,0.92,4567.18,4,93.79,96.57,EXCELLENT,0,0,151
FAC-001,FacilityOps Campus,AST-006,Air Handling Unit 1,AHU,Building C,Block C2,2026-01-25 20:00:00,44.38,2.11,5.28,11.88,0.99,4568.17,4,93.83,98.32,EXCELLENT,0,0,156
FAC-001,FacilityOps Campus,AST-006,Air Handling Unit 1,AHU,Building C,Block C2,2026-01-25 21:00:00,52.49,1.77,5.42,15.39,0.91,4569.08,4,93.88,98.72,EXCELLENT,0,0,140
FAC-001,FacilityOps Campus,AST-006,Air Handling Unit 1,AHU,Building C,Block C2,2026-01-25 22:00:00,53.97,1.93,5.6,18.8,0.41,4569.49,4,93.92,98.01,EXCELLENT,0,0,136
FAC-001,FacilityOps Campus,AST-006,Air Handling Unit 1,AHU,Building C,Block C2,2026-01-25 23:00:00,50.07,2.0,5.18,20.96,0.82,4570.31,4,93.96,97.94,EXCELLENT,0,0,173
FAC-001,FacilityOps Campus,AST-006,Air Handling Unit 1,AHU,Building C,Block C2,2026-01-26 00:00:00,53.68,2.15,5.36,9.51,0.6,4570.91,4,94.0,98.63,EXCELLENT,0,0,112
FAC-001,FacilityOps Campus,AST-006,Air Handling Unit 1,AHU,Building C,Block C2,2026-01-26 01:00:00,50.94,1.59,5.54,21.91,0.44,4571.34,4,94.04,98.26,EXCELLENT,0,0,169
FAC-001,FacilityOps Campus,AST-006,Air Handling Unit 1,AHU,Building C,Block C2,2026-01-26 02:00:00,50.24,2.17,5.23,17.58,0.88,4572.22,4,94.08,98.12,EXCELLENT,0,0,113
FAC-001,FacilityOps Campus,AST-006,Air Handling Unit 1,AHU,Building C,Block C2,2026-01-26 03:00:00,49.64,2.13,5.06,13.06,0.45,4572.67,4,94.12,97.43,EXCELLENT,0,0,153
FAC-001,FacilityOps Campus,AST-006,Air Handling Unit 1,AHU,Building C,Block C2,2026-01-26 04:00:00,49.13,2.26,5.11,11.62,0.46,4573.14,4,94.17,97.63,EXCELLENT,0,0,111
FAC-001,FacilityOps Campus,AST-006,Air Handling Unit 1,AHU,Building C,Block C2,2026-01-26 05:00:00,49.87,2.01,5.8,11.27,0.65,4573.78,4,94.21,97.22,EXCELLENT,0,0,170
FAC-001,FacilityOps Campus,AST-006,Air Handling Unit 1,AHU,Building C,Block C2,2026-01-26 06:00:00,54.78,2.31,5.39,9.02,0.98,4574.76,4,94.25,98.75,EXCELLENT,0,0,156
FAC-001,FacilityOps Campus,AST-006,Air Handling Unit 1,AHU,Building C,Block C2,2026-01-26 07:00:00,47.48,1.55,5.49,18.7,0.86,4575.62,4,94.29,98.42,EXCELLENT,0,0,162
FAC-001,FacilityOps Campus,AST-006,Air Handling Unit 1,AHU,Building C,Block C2,2026-01-26 08:00:00,45.87,2.6,5.23,22.51,0.64,4576.26,4,94.33,94.18,EXCELLENT,0,0,115
FAC-001,FacilityOps Campus,AST-006,Air Handling Unit 1,AHU,Building C,Block C2,2026-01-26 09:00:00,49.2,2.02,4.99,30.53,0.81,4577.07,4,94.38,97.17,EXCELLENT,0,0,131
FAC-001,FacilityOps Campus,AST-006,Air Handling Unit 1,AHU,Building C,Block C2,2026-01-26 10:00:00,53.73,1.94,5.41,27.42,0.47,4577.54,4,94.42,98.75,EXCELLENT,0,0,145
FAC-001,FacilityOps Campus,AST-006,Air Handling Unit 1,AHU,Building C,Block C2,2026-01-26 11:00:00,50.17,2.26,5.03,27.51,0.85,4578.39,4,94.46,97.32,EXCELLENT,0,0,114
FAC-001,FacilityOps Campus,AST-006,Air Handling Unit 1,AHU,Building C,Block C2,2026-01-26 12:00:00,49.36,2.45,4.85,28.63,0.5,4578.88,4,94.5,95.88,EXCELLENT,0,0,104
FAC-001,FacilityOps Campus,AST-006,Air Handling Unit 1,AHU,Building C,Block C2,2026-01-26 13:00:00,51.22,2.03,5.73,28.51,0.64,4579.52,4,94.54,97.48,EXCELLENT,0,0,108
FAC-001,FacilityOps Campus,AST-006,Air Handling Unit 1,AHU,Building C,Block C2,2026-01-26 14:00:00,46.42,2.21,5.39,25.24,0.75,4580.28,4,94.58,98.75,EXCELLENT,0,0,170
FAC-001,FacilityOps Campus,AST-006,Air Handling Unit 1,AHU,Building C,Block C2,2026-01-26 15:00:00,50.65,2.03,5.17,24.59,0.48,4580.76,4,94.62,97.89,EXCELLENT,0,0,169
FAC-001,FacilityOps Campus,AST-006,Air Handling Unit 1,AHU,Building C,Block C2,2026-01-26 16:00:00,51.44,2.1,5.23,30.39,0.87,4581.62,4,94.67,98.11,EXCELLENT,0,0,91
FAC-001,FacilityOps Campus,AST-006,Air Handling Unit 1,AHU,Building C,Block C2,2026-01-26 17:00:00,52.36,2.45,4.84,27.31,0.64,4582.27,4,94.71,95.77,EXCELLENT,0,0,90
FAC-001,FacilityOps Campus,AST-006,Air Handling Unit 1,AHU,Building C,Block C2,2026-01-26 18:00:00,51.04,2.07,5.49,26.24,0.51,4582.77,4,94.75,98.45,EXCELLENT,0,0,163
FAC-001,FacilityOps Campus,AST-006,Air Handling Unit 1,AHU,Building C,Block C2,2026-01-26 19:00:00,51.57,2.28,5.49,10.59,0.77,4583.54,4,94.79,98.44,EXCELLENT,0,0,156
FAC-001,FacilityOps Campus,AST-006,Air Handling Unit 1,AHU,Building C,Block C2,2026-01-26 20:00:00,46.36,2.21,5.26,11.6,0.9,4584.44,4,94.83,98.23,EXCELLENT,0,0,153
FAC-001,FacilityOps Campus,AST-006,Air Handling Unit 1,AHU,Building C,Block C2,2026-01-26 21:00:00,78.09,3.39,4.87,27.95,0.96,4585.4,4,94.88,29.54,CRITICAL,1,1,3
FAC-001,FacilityOps Campus,AST-006,Air Handling Unit 1,AHU,Building C,Block C2,2026-01-26 22:00:00,52.42,1.33,5.59,9.87,0.53,4585.93,4,94.92,98.03,EXCELLENT,0,0,162
FAC-001,FacilityOps Campus,AST-006,Air Handling Unit 1,AHU,Building C,Block C2,2026-01-26 23:00:00,51.72,2.2,4.97,11.58,0.72,4586.65,4,94.96,97.07,EXCELLENT,0,0,171
FAC-001,FacilityOps Campus,AST-006,Air Handling Unit 1,AHU,Building C,Block C2,2026-01-27 00:00:00,48.42,2.1,5.55,16.65,0.75,4587.4,4,95.0,98.19,EXCELLENT,0,0,141
FAC-001,FacilityOps Campus,AST-006,Air Handling Unit 1,AHU,Building C,Block C2,2026-01-27 01:00:00,51.17,1.86,5.69,10.81,0.67,4588.07,4,95.04,97.63,EXCELLENT,0,0,162
FAC-001,FacilityOps Campus,AST-006,Air Handling Unit 1,AHU,Building C,Block C2,2026-01-27 02:00:00,50.3,1.94,5.64,20.33,0.54,4588.61,4,95.08,97.83,EXCELLENT,0,0,176
FAC-001,FacilityOps Campus,AST-006,Air Handling Unit 1,AHU,Building C,Block C2,2026-01-27 03:00:00,52.45,2.21,5.02,14.81,0.51,4589.12,4,95.12,97.29,EXCELLENT,0,0,147
FAC-001,FacilityOps Campus,AST-006,Air Handling Unit 1,AHU,Building C,Block C2,2026-01-27 04:00:00,54.09,2.13,5.67,18.56,0.76,4589.88,4,95.17,97.71,EXCELLENT,0,0,148
FAC-001,FacilityOps Campus,AST-006,Air Handling Unit 1,AHU,Building C,Block C2,2026-01-27 05:00:00,87.35,3.35,5.32,16.38,0.53,4590.42,4,95.21,13.8,CRITICAL,1,1,3
FAC-001,FacilityOps Campus,AST-006,Air Handling Unit 1,AHU,Building C,Block C2,2026-01-27 06:00:00,54.09,2.05,5.66,14.23,0.71,4591.13,4,95.25,97.75,EXCELLENT,0,0,115
FAC-001,FacilityOps Campus,AST-006,Air Handling Unit 1,AHU,Building C,Block C2,2026-01-27 07:00:00,52.58,1.97,5.41,17.01,0.67,4591.8,4,95.29,98.78,EXCELLENT,0,0,140
FAC-001,FacilityOps Campus,AST-006,Air Handling Unit 1,AHU,Building C,Block C2,2026-01-27 08:00:00,48.13,1.77,5.58,24.29,0.46,4592.26,4,95.33,98.09,EXCELLENT,0,0,177
FAC-001,FacilityOps Campus,AST-006,Air Handling Unit 1,AHU,Building C,Block C2,2026-01-27 09:00:00,52.67,2.06,5.77,20.93,0.79,4593.05,4,95.38,97.31,EXCELLENT,0,0,92
FAC-001,FacilityOps Campus,AST-006,Air Handling Unit 1,AHU,Building C,Block C2,2026-01-27 10:00:00,54.98,2.2,5.46,22.12,0.4,4593.46,4,95.42,98.55,EXCELLENT,0,0,109
FAC-001,FacilityOps Campus,AST-006,Air Handling Unit 1,AHU,Building C,Block C2,2026-01-27 11:00:00,51.59,1.76,5.44,33.26,0.44,4593.9,4,95.46,98.62,EXCELLENT,0,0,109
FAC-001,FacilityOps Campus,AST-006,Air Handling Unit 1,AHU,Building C,Block C2,2026-01-27 12:00:00,50.78,1.85,5.45,21.93,0.75,4594.65,4,95.5,98.6,EXCELLENT,0,0,113
FAC-001,FacilityOps Campus,AST-006,Air Handling Unit 1,AHU,Building C,Block C2,2026-01-27 13:00:00,52.97,2.45,5.33,31.59,0.66,4595.31,4,95.54,97.81,EXCELLENT,0,0,95
FAC-001,FacilityOps Campus,AST-006,Air Handling Unit 1,AHU,Building C,Block C2,2026-01-27 14:00:00,47.63,2.01,5.51,31.61,0.52,4595.83,4,95.58,98.37,EXCELLENT,0,0,107
FAC-001,FacilityOps Campus,AST-006,Air Handling Unit 1,AHU,Building C,Block C2,2026-01-27 15:00:00,45.24,1.91,5.82,22.93,0.8,4596.63,4,95.62,97.11,EXCELLENT,0,0,131
FAC-001,FacilityOps Campus,AST-006,Air Handling Unit 1,AHU,Building C,Block C2,2026-01-27 16:00:00,53.03,2.19,5.09,26.53,0.88,4597.5,4,95.67,97.55,EXCELLENT,0,0,111
FAC-001,FacilityOps Campus,AST-006,Air Handling Unit 1,AHU,Building C,Block C2,2026-01-27 17:00:00,50.5,2.38,5.77,28.68,0.62,4598.12,4,95.71,97.33,EXCELLENT,0,0,161
FAC-001,FacilityOps Campus,AST-006,Air Handling Unit 1,AHU,Building C,Block C2,2026-01-27 18:00:00,49.62,1.38,5.56,30.43,0.52,4598.65,4,95.75,98.16,EXCELLENT,0,0,90
FAC-001,FacilityOps Campus,AST-006,Air Handling Unit 1,AHU,Building C,Block C2,2026-01-27 19:00:00,52.65,2.03,4.86,20.5,0.99,4599.64,4,95.79,96.62,EXCELLENT,0,0,153
FAC-001,FacilityOps Campus,AST-006,Air Handling Unit 1,AHU,Building C,Block C2,2026-01-27 20:00:00,50.98,1.75,4.74,11.12,0.45,4600.09,4,95.83,96.17,EXCELLENT,0,0,103
FAC-001,FacilityOps Campus,AST-006,Air Handling Unit 1,AHU,Building C,Block C2,2026-01-27 21:00:00,49.77,2.54,4.96,16.97,0.5,4600.59,4,95.88,94.34,EXCELLENT,0,0,167
FAC-001,FacilityOps Campus,AST-006,Air Handling Unit 1,AHU,Building C,Block C2,2026-01-27 22:00:00,46.17,2.31,5.45,20.16,0.91,4601.5,4,95.92,98.6,EXCELLENT,0,0,131
FAC-001,FacilityOps Campus,AST-006,Air Handling Unit 1,AHU,Building C,Block C2,2026-01-27 23:00:00,48.96,2.15,5.12,19.68,0.57,4602.07,4,95.96,97.7,EXCELLENT,0,0,173
FAC-001,FacilityOps Campus,AST-006,Air Handling Unit 1,AHU,Building C,Block C2,2026-01-28 00:00:00,49.99,2.32,5.63,17.31,0.98,4603.05,4,96.0,97.89,EXCELLENT,0,0,113
FAC-001,FacilityOps Campus,AST-006,Air Handling Unit 1,AHU,Building C,Block C2,2026-01-28 01:00:00,52.95,1.92,5.62,12.99,0.42,4603.48,4,96.04,97.92,EXCELLENT,0,0,151
FAC-001,FacilityOps Campus,AST-006,Air Handling Unit 1,AHU,Building C,Block C2,2026-01-28 02:00:00,46.58,2.43,4.91,12.03,0.9,4604.38,4,96.08,96.59,EXCELLENT,0,0,139
FAC-001,FacilityOps Campus,AST-006,Air Handling Unit 1,AHU,Building C,Block C2,2026-01-28 03:00:00,47.58,1.85,5.18,19.48,0.66,4605.03,4,96.12,97.94,EXCELLENT,0,0,140
FAC-001,FacilityOps Campus,AST-006,Air Handling Unit 1,AHU,Building C,Block C2,2026-01-28 04:00:00,52.38,1.62,5.5,20.37,0.92,4605.96,4,96.17,98.39,EXCELLENT,0,0,180
FAC-001,FacilityOps Campus,AST-006,Air Handling Unit 1,AHU,Building C,Block C2,2026-01-28 05:00:00,52.64,1.48,5.4,10.37,0.64,4606.59,4,96.21,98.78,EXCELLENT,0,0,104
FAC-001,FacilityOps Campus,AST-006,Air Handling Unit 1,AHU,Building C,Block C2,2026-01-28 06:00:00,52.36,1.99,5.64,14.48,0.81,4607.4,4,96.25,97.84,EXCELLENT,0,0,92
FAC-001,FacilityOps Campus,AST-006,Air Handling Unit 1,AHU,Building C,Block C2,2026-01-28 07:00:00,51.0,2.28,5.44,20.88,0.93,4608.33,4,96.29,98.65,EXCELLENT,0,0,137
FAC-001,FacilityOps Campus,AST-006,Air Handling Unit 1,AHU,Building C,Block C2,2026-01-28 08:00:00,50.23,2.24,5.15,21.43,0.99,4609.32,4,96.33,97.82,EXCELLENT,0,0,132
FAC-001,FacilityOps Campus,AST-006,Air Handling Unit 1,AHU,Building C,Block C2,2026-01-28 09:00:00,51.69,1.95,5.91,22.16,0.7,4610.02,4,96.38,96.77,EXCELLENT,0,0,123
FAC-001,FacilityOps Campus,AST-006,Air Handling Unit 1,AHU,Building C,Block C2,2026-01-28 10:00:00,49.69,2.17,5.87,22.28,0.56,4610.58,4,96.42,96.93,EXCELLENT,0,0,133
FAC-001,FacilityOps Campus,AST-006,Air Handling Unit 1,AHU,Building C,Block C2,2026-01-28 11:00:00,52.08,2.38,5.45,21.92,0.58,4611.16,4,96.46,98.58,EXCELLENT,0,0,140
FAC-001,FacilityOps Campus,AST-006,Air Handling Unit 1,AHU,Building C,Block C2,2026-01-28 12:00:00,54.09,2.48,5.44,22.64,0.68,4611.84,4,96.5,97.22,EXCELLENT,0,0,99
FAC-001,FacilityOps Campus,AST-006,Air Handling Unit 1,AHU,Building C,Block C2,2026-01-28 13:00:00,47.59,1.54,4.96,30.44,0.44,4612.29,4,96.54,97.06,EXCELLENT,0,0,133
FAC-001,FacilityOps Campus,AST-006,Air Handling Unit 1,AHU,Building C,Block C2,2026-01-28 14:00:00,51.64,2.17,5.75,22.08,0.42,4612.7,4,96.58,97.41,EXCELLENT,0,0,97
FAC-001,FacilityOps Campus,AST-006,Air Handling Unit 1,AHU,Building C,Block C2,2026-01-28 15:00:00,48.09,2.08,4.92,23.86,0.88,4613.58,4,96.62,96.89,EXCELLENT,0,0,113
FAC-001,FacilityOps Campus,AST-006,Air Handling Unit 1,AHU,Building C,Block C2,2026-01-28 16:00:00,49.98,2.05,5.86,29.29,0.49,4614.08,4,96.67,96.98,EXCELLENT,0,0,159
FAC-001,FacilityOps Campus,AST-006,Air Handling Unit 1,AHU,Building C,Block C2,2026-01-28 17:00:00,49.24,2.05,4.61,33.39,0.91,4614.99,4,96.71,95.62,EXCELLENT,0,0,179
FAC-001,FacilityOps Campus,AST-006,Air Handling Unit 1,AHU,Building C,Block C2,2026-01-28 18:00:00,47.59,2.57,5.72,30.27,0.87,4615.86,4,96.75,94.21,EXCELLENT,0,0,168
FAC-001,FacilityOps Campus,AST-006,Air Handling Unit 1,AHU,Building C,Block C2,2026-01-28 19:00:00,51.5,2.05,5.42,20.6,0.51,4616.37,4,96.79,98.7,EXCELLENT,0,0,91
FAC-001,FacilityOps Campus,AST-006,Air Handling Unit 1,AHU,Building C,Block C2,2026-01-28 20:00:00,44.95,2.1,4.88,16.49,0.42,4616.79,4,96.83,96.72,EXCELLENT,0,0,139
FAC-001,FacilityOps Campus,AST-006,Air Handling Unit 1,AHU,Building C,Block C2,2026-01-28 21:00:00,50.2,2.17,5.5,18.67,0.71,4617.5,4,96.88,98.39,EXCELLENT,0,0,134
FAC-001,FacilityOps Campus,AST-006,Air Handling Unit 1,AHU,Building C,Block C2,2026-01-28 22:00:00,51.4,2.11,5.75,16.87,0.71,4618.21,4,96.92,97.42,EXCELLENT,0,0,171
FAC-001,FacilityOps Campus,AST-006,Air Handling Unit 1,AHU,Building C,Block C2,2026-01-28 23:00:00,47.57,2.21,6.07,16.36,0.82,4619.03,4,96.96,96.12,EXCELLENT,0,0,128
FAC-001,FacilityOps Campus,AST-006,Air Handling Unit 1,AHU,Building C,Block C2,2026-01-29 00:00:00,49.85,2.03,5.11,17.36,0.41,4619.44,4,97.0,97.64,EXCELLENT,0,0,174
FAC-001,FacilityOps Campus,AST-006,Air Handling Unit 1,AHU,Building C,Block C2,2026-01-29 01:00:00,47.66,1.87,5.52,20.91,0.89,4620.33,4,97.04,98.31,EXCELLENT,0,0,101
FAC-001,FacilityOps Campus,AST-006,Air Handling Unit 1,AHU,Building C,Block C2,2026-01-29 02:00:00,55.65,2.0,4.57,18.75,0.98,4621.32,4,97.08,94.17,EXCELLENT,0,0,90
FAC-001,FacilityOps Campus,AST-006,Air Handling Unit 1,AHU,Building C,Block C2,2026-01-29 03:00:00,52.23,1.78,5.07,14.52,0.94,4622.25,4,97.12,97.49,EXCELLENT,0,0,118
FAC-001,FacilityOps Campus,AST-006,Air Handling Unit 1,AHU,Building C,Block C2,2026-01-29 04:00:00,49.98,2.21,5.52,17.39,0.44,4622.7,4,97.17,98.34,EXCELLENT,0,0,144
FAC-001,FacilityOps Campus,AST-006,Air Handling Unit 1,AHU,Building C,Block C2,2026-01-29 05:00:00,46.11,2.38,5.67,13.71,0.61,4623.31,4,97.21,97.73,EXCELLENT,0,0,111
FAC-001,FacilityOps Campus,AST-006,Air Handling Unit 1,AHU,Building C,Block C2,2026-01-29 06:00:00,52.11,1.97,5.27,20.07,0.66,4623.96,4,97.25,98.29,EXCELLENT,0,0,120
FAC-001,FacilityOps Campus,AST-006,Air Handling Unit 1,AHU,Building C,Block C2,2026-01-29 07:00:00,48.21,2.02,5.55,20.31,0.81,4624.77,4,97.29,98.2,EXCELLENT,0,0,123
FAC-001,FacilityOps Campus,AST-006,Air Handling Unit 1,AHU,Building C,Block C2,2026-01-29 08:00:00,51.22,1.94,5.43,31.81,0.64,4625.42,4,97.33,98.69,EXCELLENT,0,0,134
FAC-001,FacilityOps Campus,AST-006,Air Handling Unit 1,AHU,Building C,Block C2,2026-01-29 09:00:00,47.14,2.44,5.43,29.63,0.75,4626.17,4,97.38,98.22,EXCELLENT,0,0,176
FAC-001,FacilityOps Campus,AST-006,Air Handling Unit 1,AHU,Building C,Block C2,2026-01-29 10:00:00,50.46,2.21,4.44,24.38,0.97,4627.14,4,97.42,94.95,EXCELLENT,0,0,124
FAC-001,FacilityOps Campus,AST-006,Air Handling Unit 1,AHU,Building C,Block C2,2026-01-29 11:00:00,47.73,1.95,5.37,26.61,0.85,4627.99,4,97.46,98.68,EXCELLENT,0,0,143
FAC-001,FacilityOps Campus,AST-006,Air Handling Unit 1,AHU,Building C,Block C2,2026-01-29 12:00:00,53.75,2.58,5.35,29.9,0.8,4628.79,4,97.5,95.14,EXCELLENT,0,0,162
FAC-001,FacilityOps Campus,AST-006,Air Handling Unit 1,AHU,Building C,Block C2,2026-01-29 13:00:00,47.69,2.09,6.01,27.47,0.95,4629.74,4,97.54,96.35,EXCELLENT,0,0,166
FAC-001,FacilityOps Campus,AST-006,Air Handling Unit 1,AHU,Building C,Block C2,2026-01-29 14:00:00,48.21,2.0,5.06,22.1,0.57,4630.31,4,97.58,97.42,EXCELLENT,0,0,166
FAC-001,FacilityOps Campus,AST-006,Air Handling Unit 1,AHU,Building C,Block C2,2026-01-29 15:00:00,50.36,2.41,5.63,26.16,0.58,4630.89,4,97.62,97.9,EXCELLENT,0,0,110
FAC-001,FacilityOps Campus,AST-006,Air Handling Unit 1,AHU,Building C,Block C2,2026-01-29 16:00:00,51.03,2.21,5.37,22.94,0.42,4631.31,4,97.67,98.68,EXCELLENT,0,0,125
FAC-001,FacilityOps Campus,AST-006,Air Handling Unit 1,AHU,Building C,Block C2,2026-01-29 17:00:00,50.05,1.84,5.99,25.74,0.86,4632.17,4,97.71,96.42,EXCELLENT,0,0,144
FAC-001,FacilityOps Campus,AST-006,Air Handling Unit 1,AHU,Building C,Block C2,2026-01-29 18:00:00,48.85,1.99,5.63,33.54,0.59,4632.76,4,97.75,97.86,EXCELLENT,0,0,159
FAC-001,FacilityOps Campus,AST-006,Air Handling Unit 1,AHU,Building C,Block C2,2026-01-29 19:00:00,42.72,1.99,4.84,18.47,0.94,4633.7,4,97.79,96.57,EXCELLENT,0,0,92
FAC-001,FacilityOps Campus,AST-006,Air Handling Unit 1,AHU,Building C,Block C2,2026-01-29 20:00:00,50.52,1.98,5.68,14.48,0.87,4634.57,4,97.83,97.67,EXCELLENT,0,0,157
FAC-001,FacilityOps Campus,AST-006,Air Handling Unit 1,AHU,Building C,Block C2,2026-01-29 21:00:00,47.1,2.04,5.25,16.66,0.73,4635.3,4,97.88,98.2,EXCELLENT,0,0,112
FAC-001,FacilityOps Campus,AST-006,Air Handling Unit 1,AHU,Building C,Block C2,2026-01-29 22:00:00,48.22,1.47,5.37,20.2,0.75,4636.05,4,97.92,98.68,EXCELLENT,0,0,148
FAC-001,FacilityOps Campus,AST-006,Air Handling Unit 1,AHU,Building C,Block C2,2026-01-29 23:00:00,52.19,2.13,5.28,13.93,0.95,4637.0,4,97.96,98.33,EXCELLENT,0,0,138
FAC-001,FacilityOps Campus,AST-006,Air Handling Unit 1,AHU,Building C,Block C2,2026-01-30 00:00:00,49.73,2.03,5.17,18.09,0.82,4637.82,4,98.0,97.86,EXCELLENT,0,0,121
FAC-001,FacilityOps Campus,AST-006,Air Handling Unit 1,AHU,Building C,Block C2,2026-01-30 01:00:00,51.95,2.13,5.37,15.04,0.58,4638.4,4,98.04,98.7,EXCELLENT,0,0,122
FAC-001,FacilityOps Campus,AST-006,Air Handling Unit 1,AHU,Building C,Block C2,2026-01-30 02:00:00,53.45,2.04,5.09,14.74,0.66,4639.07,4,98.08,97.55,EXCELLENT,0,0,145
FAC-001,FacilityOps Campus,AST-006,Air Handling Unit 1,AHU,Building C,Block C2,2026-01-30 03:00:00,44.99,1.89,5.35,16.5,0.96,4640.03,4,98.12,98.61,EXCELLENT,0,0,178
FAC-001,FacilityOps Campus,AST-006,Air Handling Unit 1,AHU,Building C,Block C2,2026-01-30 04:00:00,51.08,2.11,5.16,15.91,0.9,4640.93,4,98.17,97.82,EXCELLENT,0,0,96
FAC-001,FacilityOps Campus,AST-006,Air Handling Unit 1,AHU,Building C,Block C2,2026-01-30 05:00:00,47.04,1.65,5.39,12.2,0.86,4641.78,4,98.21,98.74,EXCELLENT,0,0,176
FAC-001,FacilityOps Campus,AST-006,Air Handling Unit 1,AHU,Building C,Block C2,2026-01-30 06:00:00,44.04,2.5,5.52,20.88,0.89,4642.67,4,98.25,96.43,EXCELLENT,0,0,178
FAC-001,FacilityOps Campus,AST-006,Air Handling Unit 1,AHU,Building C,Block C2,2026-01-30 07:00:00,48.96,2.38,5.05,15.3,0.96,4643.63,4,98.29,97.38,EXCELLENT,0,0,136
FAC-001,FacilityOps Campus,AST-006,Air Handling Unit 1,AHU,Building C,Block C2,2026-01-30 08:00:00,51.1,2.0,5.24,28.65,0.9,4644.53,4,98.33,98.17,EXCELLENT,0,0,103
FAC-001,FacilityOps Campus,AST-006,Air Handling Unit 1,AHU,Building C,Block C2,2026-01-30 09:00:00,54.69,2.12,5.21,21.38,0.65,4645.18,4,98.38,98.04,EXCELLENT,0,0,104
FAC-001,FacilityOps Campus,AST-006,Air Handling Unit 1,AHU,Building C,Block C2,2026-01-30 10:00:00,48.3,1.86,5.83,24.04,0.44,4645.62,4,98.42,97.08,EXCELLENT,0,0,144
FAC-001,FacilityOps Campus,AST-006,Air Handling Unit 1,AHU,Building C,Block C2,2026-01-30 11:00:00,47.48,2.0,5.06,30.78,0.79,4646.41,4,98.46,97.45,EXCELLENT,0,0,179
FAC-001,FacilityOps Campus,AST-006,Air Handling Unit 1,AHU,Building C,Block C2,2026-01-30 12:00:00,51.59,2.09,5.29,32.34,0.84,4647.25,4,98.5,98.36,EXCELLENT,0,0,92
FAC-001,FacilityOps Campus,AST-006,Air Handling Unit 1,AHU,Building C,Block C2,2026-01-30 13:00:00,50.51,2.3,4.74,29.34,0.93,4648.17,4,98.54,96.16,EXCELLENT,0,0,178
FAC-001,FacilityOps Campus,AST-006,Air Handling Unit 1,AHU,Building C,Block C2,2026-01-30 14:00:00,53.89,1.93,5.41,28.9,0.57,4648.75,4,98.58,98.77,EXCELLENT,0,0,162
FAC-001,FacilityOps Campus,AST-006,Air Handling Unit 1,AHU,Building C,Block C2,2026-01-30 15:00:00,54.51,1.48,5.38,27.12,0.89,4649.63,4,98.62,98.7,EXCELLENT,0,0,124
FAC-001,FacilityOps Campus,AST-006,Air Handling Unit 1,AHU,Building C,Block C2,2026-01-30 16:00:00,49.2,1.59,5.72,27.95,0.69,4650.32,4,98.67,97.5,EXCELLENT,0,0,167
FAC-001,FacilityOps Campus,AST-006,Air Handling Unit 1,AHU,Building C,Block C2,2026-01-30 17:00:00,49.95,2.42,5.36,28.92,0.64,4650.96,4,98.71,98.47,EXCELLENT,0,0,161
FAC-001,FacilityOps Campus,AST-006,Air Handling Unit 1,AHU,Building C,Block C2,2026-01-30 18:00:00,55.05,1.73,5.27,31.14,0.82,4651.78,4,98.75,98.18,EXCELLENT,0,0,119
FAC-001,FacilityOps Campus,AST-006,Air Handling Unit 1,AHU,Building C,Block C2,2026-01-30 19:00:00,50.57,1.68,5.84,17.78,0.43,4652.21,4,98.79,97.03,EXCELLENT,0,0,93
FAC-001,FacilityOps Campus,AST-006,Air Handling Unit 1,AHU,Building C,Block C2,2026-01-30 20:00:00,49.52,2.24,5.02,9.14,0.97,4653.18,4,98.83,97.29,EXCELLENT,0,0,144
FAC-001,FacilityOps Campus,AST-006,Air Handling Unit 1,AHU,Building C,Block C2,2026-01-30 21:00:00,47.68,1.71,5.84,14.85,0.6,4653.79,4,98.88,97.05,EXCELLENT,0,0,170
FAC-001,FacilityOps Campus,AST-006,Air Handling Unit 1,AHU,Building C,Block C2,2026-01-30 22:00:00,52.24,2.21,5.28,20.46,0.99,4654.78,4,98.92,98.32,EXCELLENT,0,0,150
FAC-001,FacilityOps Campus,AST-006,Air Handling Unit 1,AHU,Building C,Block C2,2026-01-30 23:00:00,53.94,2.38,5.59,23.78,0.5,4655.28,4,98.96,98.04,EXCELLENT,0,0,103
FAC-001,FacilityOps Campus,AST-007,Elevator Motor 1,Elevator,Building A,Block A1,2026-01-01 00:00:00,49.11,2.75,4.8,20.51,0.6,5655.6,8,60.0,92.78,EXCELLENT,0,0,94
FAC-001,FacilityOps Campus,AST-007,Elevator Motor 1,Elevator,Building A,Block A1,2026-01-01 01:00:00,57.17,2.55,5.12,10.7,0.55,5656.15,8,60.04,93.9,EXCELLENT,0,0,127
FAC-001,FacilityOps Campus,AST-007,Elevator Motor 1,Elevator,Building A,Block A1,2026-01-01 02:00:00,58.24,2.58,4.83,15.72,0.85,5657.0,8,60.08,92.93,EXCELLENT,0,0,174
FAC-001,FacilityOps Campus,AST-007,Elevator Motor 1,Elevator,Building A,Block A1,2026-01-01 03:00:00,59.53,2.89,5.28,14.85,0.77,5657.77,8,60.12,93.3,EXCELLENT,0,0,110
FAC-001,FacilityOps Campus,AST-007,Elevator Motor 1,Elevator,Building A,Block A1,2026-01-01 04:00:00,54.32,2.79,4.98,19.78,0.57,5658.35,8,60.17,93.52,EXCELLENT,0,0,141
FAC-001,FacilityOps Campus,AST-007,Elevator Motor 1,Elevator,Building A,Block A1,2026-01-01 05:00:00,54.5,2.93,5.45,13.24,0.48,5658.83,8,60.21,92.6,EXCELLENT,0,0,157
FAC-001,FacilityOps Campus,AST-007,Elevator Motor 1,Elevator,Building A,Block A1,2026-01-01 06:00:00,55.32,2.94,4.98,21.29,0.59,5659.41,8,60.25,93.54,EXCELLENT,0,0,115
FAC-001,FacilityOps Campus,AST-007,Elevator Motor 1,Elevator,Building A,Block A1,2026-01-01 07:00:00,53.63,2.51,4.7,13.82,0.59,5660.0,8,60.29,92.4,EXCELLENT,0,0,162
FAC-001,FacilityOps Campus,AST-007,Elevator Motor 1,Elevator,Building A,Block A1,2026-01-01 08:00:00,55.59,2.78,5.04,37.25,0.54,5660.53,8,60.33,93.76,EXCELLENT,0,0,118
FAC-001,FacilityOps Campus,AST-007,Elevator Motor 1,Elevator,Building A,Block A1,2026-01-01 09:00:00,51.71,3.24,5.2,36.4,0.71,5661.25,8,60.38,93.35,EXCELLENT,0,0,101
FAC-001,FacilityOps Campus,AST-007,Elevator Motor 1,Elevator,Building A,Block A1,2026-01-01 10:00:00,52.87,2.74,4.3,26.56,0.72,5661.97,8,60.42,90.8,EXCELLENT,0,0,98
FAC-001,FacilityOps Campus,AST-007,Elevator Motor 1,Elevator,Building A,Block A1,2026-01-01 11:00:00,57.21,2.75,4.97,38.6,0.87,5662.84,8,60.46,93.5,EXCELLENT,0,0,110
FAC-001,FacilityOps Campus,AST-007,Elevator Motor 1,Elevator,Building A,Block A1,2026-01-01 12:00:00,55.26,2.68,4.69,39.13,1.0,5663.84,8,60.5,92.36,EXCELLENT,0,0,98
FAC-001,FacilityOps Campus,AST-007,Elevator Motor 1,Elevator,Building A,Block A1,2026-01-01 13:00:00,53.97,2.72,4.8,33.07,0.93,5664.77,8,60.54,92.82,EXCELLENT,0,0,105
FAC-001,FacilityOps Campus,AST-007,Elevator Motor 1,Elevator,Building A,Block A1,2026-01-01 14:00:00,55.24,2.94,5.24,32.51,0.8,5665.57,8,60.58,93.43,EXCELLENT,0,0,163
FAC-001,FacilityOps Campus,AST-007,Elevator Motor 1,Elevator,Building A,Block A1,2026-01-01 15:00:00,57.28,2.77,5.16,39.12,0.67,5666.24,8,60.62,93.74,EXCELLENT,0,0,108
FAC-001,FacilityOps Campus,AST-007,Elevator Motor 1,Elevator,Building A,Block A1,2026-01-01 16:00:00,55.27,3.05,5.21,35.47,0.48,5666.72,8,60.67,93.57,EXCELLENT,0,0,165
FAC-001,FacilityOps Campus,AST-007,Elevator Motor 1,Elevator,Building A,Block A1,2026-01-01 17:00:00,52.47,2.69,5.35,31.34,0.42,5667.14,8,60.71,93.0,EXCELLENT,0,0,168
FAC-001,FacilityOps Campus,AST-007,Elevator Motor 1,Elevator,Building A,Block A1,2026-01-01 18:00:00,60.43,3.01,4.55,26.95,0.55,5667.69,8,60.75,91.79,EXCELLENT,0,0,158
FAC-001,FacilityOps Campus,AST-007,Elevator Motor 1,Elevator,Building A,Block A1,2026-01-01 19:00:00,54.09,2.96,4.94,18.84,0.78,5668.47,8,60.79,93.36,EXCELLENT,0,0,90
FAC-001,FacilityOps Campus,AST-007,Elevator Motor 1,Elevator,Building A,Block A1,2026-01-01 20:00:00,56.23,2.85,5.35,25.0,0.77,5669.24,8,60.83,93.02,EXCELLENT,0,0,167
FAC-001,FacilityOps Campus,AST-007,Elevator Motor 1,Elevator,Building A,Block A1,2026-01-01 21:00:00,54.63,3.0,5.27,21.23,0.51,5669.75,8,60.88,93.32,EXCELLENT,0,0,109
FAC-001,FacilityOps Campus,AST-007,Elevator Motor 1,Elevator,Building A,Block A1,2026-01-01 22:00:00,55.42,2.59,4.81,21.17,0.52,5670.27,8,60.92,92.82,EXCELLENT,0,0,120
FAC-001,FacilityOps Campus,AST-007,Elevator Motor 1,Elevator,Building A,Block A1,2026-01-01 23:00:00,51.93,2.97,4.54,19.81,0.57,5670.84,8,60.96,91.76,EXCELLENT,0,0,136
FAC-001,FacilityOps Campus,AST-007,Elevator Motor 1,Elevator,Building A,Block A1,2026-01-02 00:00:00,55.49,2.6,5.76,17.04,0.77,5671.61,8,61.0,91.36,EXCELLENT,0,0,138
FAC-001,FacilityOps Campus,AST-007,Elevator Motor 1,Elevator,Building A,Block A1,2026-01-02 01:00:00,64.4,3.74,5.77,27.1,0.57,5672.19,8,61.04,75.84,GOOD,1,0,76
FAC-001,FacilityOps Campus,AST-007,Elevator Motor 1,Elevator,Building A,Block A1,2026-01-02 02:00:00,52.64,2.91,5.1,9.79,0.65,5672.83,8,61.08,94.0,EXCELLENT,0,0,178
FAC-001,FacilityOps Campus,AST-007,Elevator Motor 1,Elevator,Building A,Block A1,2026-01-02 03:00:00,56.41,2.61,4.62,17.75,0.89,5673.72,8,61.12,92.1,EXCELLENT,0,0,151
FAC-001,FacilityOps Campus,AST-007,Elevator Motor 1,Elevator,Building A,Block A1,2026-01-02 04:00:00,54.48,2.88,5.44,16.99,0.96,5674.68,8,61.17,92.64,EXCELLENT,0,0,157
FAC-001,FacilityOps Campus,AST-007,Elevator Motor 1,Elevator,Building A,Block A1,2026-01-02 05:00:00,54.51,2.47,5.46,13.73,0.44,5675.12,8,61.21,92.54,EXCELLENT,0,0,154
FAC-001,FacilityOps Campus,AST-007,Elevator Motor 1,Elevator,Building A,Block A1,2026-01-02 06:00:00,55.36,2.97,5.04,15.05,0.83,5675.95,8,61.25,93.77,EXCELLENT,0,0,90
FAC-001,FacilityOps Campus,AST-007,Elevator Motor 1,Elevator,Building A,Block A1,2026-01-02 07:00:00,55.51,2.96,5.39,15.92,0.54,5676.49,8,61.29,92.83,EXCELLENT,0,0,163
FAC-001,FacilityOps Campus,AST-007,Elevator Motor 1,Elevator,Building A,Block A1,2026-01-02 08:00:00,51.69,3.02,5.52,35.49,0.7,5677.19,8,61.33,92.33,EXCELLENT,0,0,98
FAC-001,FacilityOps Campus,AST-007,Elevator Motor 1,Elevator,Building A,Block A1,2026-01-02 09:00:00,55.6,2.72,4.96,31.19,0.78,5677.97,8,61.38,93.43,EXCELLENT,0,0,154
FAC-001,FacilityOps Campus,AST-007,Elevator Motor 1,Elevator,Building A,Block A1,2026-01-02 10:00:00,52.89,2.6,4.98,37.52,0.85,5678.82,8,61.42,93.53,EXCELLENT,0,0,95
FAC-001,FacilityOps Campus,AST-007,Elevator Motor 1,Elevator,Building A,Block A1,2026-01-02 11:00:00,55.23,2.2,4.98,33.78,0.83,5679.64,8,61.46,93.54,EXCELLENT,0,0,107
FAC-001,FacilityOps Campus,AST-007,Elevator Motor 1,Elevator,Building A,Block A1,2026-01-02 12:00:00,58.97,2.85,4.88,31.76,0.59,5680.24,8,61.5,93.14,EXCELLENT,0,0,110
FAC-001,FacilityOps Campus,AST-007,Elevator Motor 1,Elevator,Building A,Block A1,2026-01-02 13:00:00,58.63,2.8,5.49,35.59,0.74,5680.97,8,61.54,92.43,EXCELLENT,0,0,96
FAC-001,FacilityOps Campus,AST-007,Elevator Motor 1,Elevator,Building A,Block A1,2026-01-02 14:00:00,57.03,2.57,5.14,27.99,0.5,5681.47,8,61.58,93.84,EXCELLENT,0,0,166
FAC-001,FacilityOps Campus,AST-007,Elevator Motor 1,Elevator,Building A,Block A1,2026-01-02 15:00:00,55.53,2.65,5.07,26.63,0.96,5682.43,8,61.62,93.88,EXCELLENT,0,0,135
FAC-001,FacilityOps Campus,AST-007,Elevator Motor 1,Elevator,Building A,Block A1,2026-01-02 16:00:00,57.15,2.79,4.99,35.02,0.51,5682.95,8,61.67,93.54,EXCELLENT,0,0,138
FAC-001,FacilityOps Campus,AST-007,Elevator Motor 1,Elevator,Building A,Block A1,2026-01-02 17:00:00,56.49,2.65,4.9,35.53,0.95,5683.89,8,61.71,93.19,EXCELLENT,0,0,168
FAC-001,FacilityOps Campus,AST-007,Elevator Motor 1,Elevator,Building A,Block A1,2026-01-02 18:00:00,55.19,2.67,4.96,31.12,0.64,5684.54,8,61.75,93.45,EXCELLENT,0,0,110
FAC-001,FacilityOps Campus,AST-007,Elevator Motor 1,Elevator,Building A,Block A1,2026-01-02 19:00:00,51.93,3.11,5.48,16.73,0.75,5685.29,8,61.79,92.47,EXCELLENT,0,0,175
FAC-001,FacilityOps Campus,AST-007,Elevator Motor 1,Elevator,Building A,Block A1,2026-01-02 20:00:00,54.44,2.72,5.15,20.3,0.55,5685.84,8,61.83,93.78,EXCELLENT,0,0,154
FAC-001,FacilityOps Campus,AST-007,Elevator Motor 1,Elevator,Building A,Block A1,2026-01-02 21:00:00,59.61,3.54,4.66,20.37,0.85,5686.69,8,61.88,87.14,EXCELLENT,0,0,134
FAC-001,FacilityOps Campus,AST-007,Elevator Motor 1,Elevator,Building A,Block A1,2026-01-02 22:00:00,56.5,2.66,5.03,21.0,0.62,5687.31,8,61.92,93.73,EXCELLENT,0,0,121
FAC-001,FacilityOps Campus,AST-007,Elevator Motor 1,Elevator,Building A,Block A1,2026-01-02 23:00:00,55.68,2.3,5.85,23.25,0.75,5688.06,8,61.96,90.99,EXCELLENT,0,0,118
FAC-001,FacilityOps Campus,AST-007,Elevator Motor 1,Elevator,Building A,Block A1,2026-01-03 00:00:00,57.89,2.86,4.93,15.53,0.58,5688.64,8,62.0,93.33,EXCELLENT,0,0,112
FAC-001,FacilityOps Campus,AST-007,Elevator Motor 1,Elevator,Building A,Block A1,2026-01-03 01:00:00,55.6,2.83,5.14,19.31,0.68,5689.31,8,62.04,93.85,EXCELLENT,0,0,178
FAC-001,FacilityOps Campus,AST-007,Elevator Motor 1,Elevator,Building A,Block A1,2026-01-03 02:00:00,55.33,2.96,5.23,22.4,0.88,5690.2,8,62.08,93.49,EXCELLENT,0,0,109
FAC-001,FacilityOps Campus,AST-007,Elevator Motor 1,Elevator,Building A,Block A1,2026-01-03 03:00:00,51.95,2.72,5.11,19.08,0.64,5690.84,8,62.12,93.95,EXCELLENT,0,0,121
FAC-001,FacilityOps Campus,AST-007,Elevator Motor 1,Elevator,Building A,Block A1,2026-01-03 04:00:00,55.84,2.84,5.27,13.35,0.83,5691.67,8,62.17,93.32,EXCELLENT,0,0,105
FAC-001,FacilityOps Campus,AST-007,Elevator Motor 1,Elevator,Building A,Block A1,2026-01-03 05:00:00,53.25,2.94,5.05,18.8,0.61,5692.28,8,62.21,93.79,EXCELLENT,0,0,168
FAC-001,FacilityOps Campus,AST-007,Elevator Motor 1,Elevator,Building A,Block A1,2026-01-03 06:00:00,54.96,2.61,5.38,20.98,0.49,5692.76,8,62.25,92.9,EXCELLENT,0,0,98
FAC-001,FacilityOps Campus,AST-007,Elevator Motor 1,Elevator,Building A,Block A1,2026-01-03 07:00:00,65.37,3.52,3.22,20.03,0.51,5693.27,8,62.29,72.85,GOOD,1,0,73
FAC-001,FacilityOps Campus,AST-007,Elevator Motor 1,Elevator,Building A,Block A1,2026-01-03 08:00:00,52.94,2.65,5.32,36.13,0.95,5694.22,8,62.33,93.14,EXCELLENT,0,0,133
FAC-001,FacilityOps Campus,AST-007,Elevator Motor 1,Elevator,Building A,Block A1,2026-01-03 09:00:00,56.15,3.12,5.01,37.67,0.62,5694.84,8,62.38,93.64,EXCELLENT,0,0,92
FAC-001,FacilityOps Campus,AST-007,Elevator Motor 1,Elevator,Building A,Block A1,2026-01-03 10:00:00,69.79,3.48,4.27,44.96,0.82,5695.66,8,62.42,64.92,WARNING,1,0,7
FAC-001,FacilityOps Campus,AST-007,Elevator Motor 1,Elevator,Building A,Block A1,2026-01-03 11:00:00,55.75,2.57,5.41,29.6,0.73,5696.39,8,62.46,92.77,EXCELLENT,0,0,93
FAC-001,FacilityOps Campus,AST-007,Elevator Motor 1,Elevator,Building A,Block A1,2026-01-03 12:00:00,53.59,2.64,5.28,23.62,0.74,5697.14,8,62.5,93.29,EXCELLENT,0,0,93
FAC-001,FacilityOps Campus,AST-007,Elevator Motor 1,Elevator,Building A,Block A1,2026-01-03 13:00:00,60.4,2.83,5.0,25.28,0.43,5697.56,8,62.54,93.61,EXCELLENT,0,0,92
FAC-001,FacilityOps Campus,AST-007,Elevator Motor 1,Elevator,Building A,Block A1,2026-01-03 14:00:00,54.88,2.75,5.91,36.19,0.99,5698.56,8,62.58,90.76,EXCELLENT,0,0,175
FAC-001,FacilityOps Campus,AST-007,Elevator Motor 1,Elevator,Building A,Block A1,2026-01-03 15:00:00,50.9,2.71,5.48,36.88,0.71,5699.27,8,62.62,92.47,EXCELLENT,0,0,142
FAC-001,FacilityOps Campus,AST-007,Elevator Motor 1,Elevator,Building A,Block A1,2026-01-03 16:00:00,50.59,3.09,5.07,35.75,0.47,5699.74,8,62.67,93.9,EXCELLENT,0,0,100
FAC-001,FacilityOps Campus,AST-007,Elevator Motor 1,Elevator,Building A,Block A1,2026-01-03 17:00:00,56.62,2.78,5.73,26.5,0.62,5700.36,8,62.71,91.49,EXCELLENT,0,0,112
FAC-001,FacilityOps Campus,AST-007,Elevator Motor 1,Elevator,Building A,Block A1,2026-01-03 18:00:00,56.51,2.9,5.13,34.12,0.47,5700.83,8,62.75,93.86,EXCELLENT,0,0,156
FAC-001,FacilityOps Campus,AST-007,Elevator Motor 1,Elevator,Building A,Block A1,2026-01-03 19:00:00,56.14,2.89,5.1,22.23,0.6,5701.43,8,62.79,93.99,EXCELLENT,0,0,110
FAC-001,FacilityOps Campus,AST-007,Elevator Motor 1,Elevator,Building A,Block A1,2026-01-03 20:00:00,52.6,2.66,5.02,22.75,0.52,5701.95,8,62.83,93.69,EXCELLENT,0,0,134
FAC-001,FacilityOps Campus,AST-007,Elevator Motor 1,Elevator,Building A,Block A1,2026-01-03 21:00:00,53.36,2.81,5.11,10.94,0.71,5702.66,8,62.88,93.97,EXCELLENT,0,0,158
FAC-001,FacilityOps Campus,AST-007,Elevator Motor 1,Elevator,Building A,Block A1,2026-01-03 22:00:00,56.96,3.12,5.05,18.27,0.65,5703.31,8,62.92,93.78,EXCELLENT,0,0,162
FAC-001,FacilityOps Campus,AST-007,Elevator Motor 1,Elevator,Building A,Block A1,2026-01-03 23:00:00,54.34,2.77,4.79,16.13,0.78,5704.09,8,62.96,92.76,EXCELLENT,0,0,94
FAC-001,FacilityOps Campus,AST-007,Elevator Motor 1,Elevator,Building A,Block A1,2026-01-04 00:00:00,53.12,2.97,5.1,14.55,0.54,5704.63,8,63.0,93.99,EXCELLENT,0,0,179
FAC-001,FacilityOps Campus,AST-007,Elevator Motor 1,Elevator,Building A,Block A1,2026-01-04 01:00:00,53.55,3.26,5.15,25.7,0.91,5705.54,8,63.04,93.21,EXCELLENT,0,0,132
FAC-001,FacilityOps Campus,AST-007,Elevator Motor 1,Elevator,Building A,Block A1,2026-01-04 02:00:00,55.6,2.36,5.12,18.27,0.47,5706.01,8,63.08,93.92,EXCELLENT,0,0,167
FAC-001,FacilityOps Campus,AST-007,Elevator Motor 1,Elevator,Building A,Block A1,2026-01-04 03:00:00,53.08,2.56,5.39,19.67,0.41,5706.42,8,63.12,92.82,EXCELLENT,0,0,146
FAC-001,FacilityOps Campus,AST-007,Elevator Motor 1,Elevator,Building A,Block A1,2026-01-04 04:00:00,57.51,2.72,5.62,20.12,0.84,5707.26,8,63.17,91.91,EXCELLENT,0,0,129
FAC-001,FacilityOps Campus,AST-007,Elevator Motor 1,Elevator,Building A,Block A1,2026-01-04 05:00:00,53.11,2.98,4.73,18.14,0.91,5708.17,8,63.21,92.54,EXCELLENT,0,0,164
FAC-001,FacilityOps Campus,AST-007,Elevator Motor 1,Elevator,Building A,Block A1,2026-01-04 06:00:00,52.81,3.08,5.55,24.65,0.46,5708.63,8,63.25,92.22,EXCELLENT,0,0,126
FAC-001,FacilityOps Campus,AST-007,Elevator Motor 1,Elevator,Building A,Block A1,2026-01-04 07:00:00,51.48,3.14,4.87,17.46,0.66,5709.29,8,63.29,93.06,EXCELLENT,0,0,135
FAC-001,FacilityOps Campus,AST-007,Elevator Motor 1,Elevator,Building A,Block A1,2026-01-04 08:00:00,52.13,2.97,5.7,37.23,0.87,5710.16,8,63.33,91.58,EXCELLENT,0,0,168
FAC-001,FacilityOps Campus,AST-007,Elevator Motor 1,Elevator,Building A,Block A1,2026-01-04 09:00:00,54.67,2.8,4.86,33.23,0.51,5710.67,8,63.38,93.06,EXCELLENT,0,0,136
FAC-001,FacilityOps Campus,AST-007,Elevator Motor 1,Elevator,Building A,Block A1,2026-01-04 10:00:00,51.62,2.35,4.72,36.62,0.46,5711.13,8,63.42,92.49,EXCELLENT,0,0,164
FAC-001,FacilityOps Campus,AST-007,Elevator Motor 1,Elevator,Building A,Block A1,2026-01-04 11:00:00,55.15,2.77,5.08,29.45,0.67,5711.8,8,63.46,93.91,EXCELLENT,0,0,179
FAC-001,FacilityOps Campus,AST-007,Elevator Motor 1,Elevator,Building A,Block A1,2026-01-04 12:00:00,52.42,2.64,5.21,27.69,0.79,5712.59,8,63.5,93.57,EXCELLENT,0,0,140
FAC-001,FacilityOps Campus,AST-007,Elevator Motor 1,Elevator,Building A,Block A1,2026-01-04 13:00:00,58.09,2.8,5.0,25.1,0.75,5713.34,8,63.54,93.61,EXCELLENT,0,0,178
FAC-001,FacilityOps Campus,AST-007,Elevator Motor 1,Elevator,Building A,Block A1,2026-01-04 14:00:00,54.17,2.52,4.82,31.12,0.93,5714.27,8,63.58,92.87,EXCELLENT,0,0,163
FAC-001,FacilityOps Campus,AST-007,Elevator Motor 1,Elevator,Building A,Block A1,2026-01-04 15:00:00,55.0,2.71,5.37,27.46,0.51,5714.78,8,63.62,92.94,EXCELLENT,0,0,171
FAC-001,FacilityOps Campus,AST-007,Elevator Motor 1,Elevator,Building A,Block A1,2026-01-04 16:00:00,53.55,2.52,4.98,35.71,0.86,5715.64,8,63.67,93.53,EXCELLENT,0,0,122
FAC-001,FacilityOps Campus,AST-007,Elevator Motor 1,Elevator,Building A,Block A1,2026-01-04 17:00:00,55.72,2.54,5.37,31.54,0.98,5716.62,8,63.71,92.91,EXCELLENT,0,0,132
FAC-001,FacilityOps Campus,AST-007,Elevator Motor 1,Elevator,Building A,Block A1,2026-01-04 18:00:00,53.05,2.46,5.25,34.26,0.78,5717.4,8,63.75,93.39,EXCELLENT,0,0,176
FAC-001,FacilityOps Campus,AST-007,Elevator Motor 1,Elevator,Building A,Block A1,2026-01-04 19:00:00,87.71,4.39,5.02,18.35,0.59,5717.99,8,63.79,25.38,CRITICAL,1,1,6
FAC-001,FacilityOps Campus,AST-007,Elevator Motor 1,Elevator,Building A,Block A1,2026-01-04 20:00:00,53.89,3.39,4.96,10.02,0.65,5718.64,8,63.83,90.79,EXCELLENT,0,0,141
FAC-001,FacilityOps Campus,AST-007,Elevator Motor 1,Elevator,Building A,Block A1,2026-01-04 21:00:00,51.81,3.13,4.81,18.85,0.79,5719.43,8,63.88,92.83,EXCELLENT,0,0,137
FAC-001,FacilityOps Campus,AST-007,Elevator Motor 1,Elevator,Building A,Block A1,2026-01-04 22:00:00,56.17,3.0,5.2,13.91,0.49,5719.92,8,63.92,93.6,EXCELLENT,0,0,131
FAC-001,FacilityOps Campus,AST-007,Elevator Motor 1,Elevator,Building A,Block A1,2026-01-04 23:00:00,56.77,3.11,5.25,24.74,0.72,5720.64,8,63.96,93.4,EXCELLENT,0,0,158
FAC-001,FacilityOps Campus,AST-007,Elevator Motor 1,Elevator,Building A,Block A1,2026-01-05 00:00:00,54.15,2.26,5.37,11.48,0.55,5721.19,8,64.0,92.92,EXCELLENT,0,0,155
FAC-001,FacilityOps Campus,AST-007,Elevator Motor 1,Elevator,Building A,Block A1,2026-01-05 01:00:00,52.19,2.69,5.25,26.37,0.83,5722.02,8,64.04,93.4,EXCELLENT,0,0,111
FAC-001,FacilityOps Campus,AST-007,Elevator Motor 1,Elevator,Building A,Block A1,2026-01-05 02:00:00,56.86,2.91,5.51,21.54,0.77,5722.79,8,64.08,92.37,EXCELLENT,0,0,105
FAC-001,FacilityOps Campus,AST-007,Elevator Motor 1,Elevator,Building A,Block A1,2026-01-05 03:00:00,54.9,2.53,5.02,14.52,0.69,5723.48,8,64.12,93.68,EXCELLENT,0,0,174
FAC-001,FacilityOps Campus,AST-007,Elevator Motor 1,Elevator,Building A,Block A1,2026-01-05 04:00:00,50.34,2.67,5.67,14.63,0.69,5724.16,8,64.17,91.73,EXCELLENT,0,0,139
FAC-001,FacilityOps Campus,AST-007,Elevator Motor 1,Elevator,Building A,Block A1,2026-01-05 05:00:00,54.7,2.33,5.06,15.55,0.8,5724.96,8,64.21,93.85,EXCELLENT,0,0,143
FAC-001,FacilityOps Campus,AST-007,Elevator Motor 1,Elevator,Building A,Block A1,2026-01-05 06:00:00,57.64,2.97,4.58,20.23,0.74,5725.71,8,64.25,91.9,EXCELLENT,0,0,121
FAC-001,FacilityOps Campus,AST-007,Elevator Motor 1,Elevator,Building A,Block A1,2026-01-05 07:00:00,53.11,2.44,4.77,14.71,0.84,5726.55,8,64.29,92.68,EXCELLENT,0,0,128
FAC-001,FacilityOps Campus,AST-007,Elevator Motor 1,Elevator,Building A,Block A1,2026-01-05 08:00:00,52.54,2.6,5.0,39.27,0.61,5727.16,8,64.33,93.59,EXCELLENT,0,0,139
FAC-001,FacilityOps Campus,AST-007,Elevator Motor 1,Elevator,Building A,Block A1,2026-01-05 09:00:00,55.9,2.7,4.71,36.97,0.64,5727.8,8,64.38,92.46,EXCELLENT,0,0,160
FAC-001,FacilityOps Campus,AST-007,Elevator Motor 1,Elevator,Building A,Block A1,2026-01-05 10:00:00,52.56,2.58,5.44,36.81,0.46,5728.26,8,64.42,92.65,EXCELLENT,0,0,95
FAC-001,FacilityOps Campus,AST-007,Elevator Motor 1,Elevator,Building A,Block A1,2026-01-05 11:00:00,56.1,2.6,5.01,36.04,0.84,5729.1,8,64.46,93.65,EXCELLENT,0,0,97
FAC-001,FacilityOps Campus,AST-007,Elevator Motor 1,Elevator,Building A,Block A1,2026-01-05 12:00:00,54.37,2.76,5.44,27.76,0.89,5729.99,8,64.5,92.65,EXCELLENT,0,0,154
FAC-001,FacilityOps Campus,AST-007,Elevator Motor 1,Elevator,Building A,Block A1,2026-01-05 13:00:00,49.5,2.59,4.76,35.41,0.67,5730.66,8,64.54,92.66,EXCELLENT,0,0,168
FAC-001,FacilityOps Campus,AST-007,Elevator Motor 1,Elevator,Building A,Block A1,2026-01-05 14:00:00,53.57,2.76,4.96,28.51,0.63,5731.29,8,64.58,93.42,EXCELLENT,0,0,106
FAC-001,FacilityOps Campus,AST-007,Elevator Motor 1,Elevator,Building A,Block A1,2026-01-05 15:00:00,55.5,3.0,5.46,26.43,0.78,5732.07,8,64.62,92.55,EXCELLENT,0,0,122
FAC-001,FacilityOps Campus,AST-007,Elevator Motor 1,Elevator,Building A,Block A1,2026-01-05 16:00:00,53.63,2.47,5.01,27.89,0.9,5732.97,8,64.67,93.65,EXCELLENT,0,0,99
FAC-001,FacilityOps Campus,AST-007,Elevator Motor 1,Elevator,Building A,Block A1,2026-01-05 17:00:00,58.87,2.78,5.43,27.79,0.8,5733.77,8,64.71,92.7,EXCELLENT,0,0,156
FAC-001,FacilityOps Campus,AST-007,Elevator Motor 1,Elevator,Building A,Block A1,2026-01-05 18:00:00,56.59,2.76,5.27,29.24,0.72,5734.49,8,64.75,93.33,EXCELLENT,0,0,176
FAC-001,FacilityOps Campus,AST-007,Elevator Motor 1,Elevator,Building A,Block A1,2026-01-05 19:00:00,59.27,2.4,4.96,17.72,0.68,5735.17,8,64.79,93.46,EXCELLENT,0,0,113
FAC-001,FacilityOps Campus,AST-007,Elevator Motor 1,Elevator,Building A,Block A1,2026-01-05 20:00:00,57.78,3.0,5.11,14.39,0.5,5735.67,8,64.83,93.96,EXCELLENT,0,0,136
FAC-001,FacilityOps Campus,AST-007,Elevator Motor 1,Elevator,Building A,Block A1,2026-01-05 21:00:00,57.64,2.78,5.04,13.53,0.79,5736.47,8,64.88,93.76,EXCELLENT,0,0,161
FAC-001,FacilityOps Campus,AST-007,Elevator Motor 1,Elevator,Building A,Block A1,2026-01-05 22:00:00,52.68,2.84,5.04,21.33,0.97,5737.44,8,64.92,93.74,EXCELLENT,0,0,128
FAC-001,FacilityOps Campus,AST-007,Elevator Motor 1,Elevator,Building A,Block A1,2026-01-05 23:00:00,49.3,2.92,4.5,16.72,0.47,5737.91,8,64.96,91.59,EXCELLENT,0,0,151
FAC-001,FacilityOps Campus,AST-007,Elevator Motor 1,Elevator,Building A,Block A1,2026-01-06 00:00:00,50.24,2.77,4.95,16.43,0.55,5738.46,8,65.0,93.39,EXCELLENT,0,0,97
FAC-001,FacilityOps Campus,AST-007,Elevator Motor 1,Elevator,Building A,Block A1,2026-01-06 01:00:00,55.2,3.0,4.87,18.18,0.92,5739.38,8,65.04,93.09,EXCELLENT,0,0,129
FAC-001,FacilityOps Campus,AST-007,Elevator Motor 1,Elevator,Building A,Block A1,2026-01-06 02:00:00,56.06,3.16,5.12,19.7,0.56,5739.93,8,65.08,93.94,EXCELLENT,0,0,140
FAC-001,FacilityOps Campus,AST-007,Elevator Motor 1,Elevator,Building A,Block A1,2026-01-06 03:00:00,52.07,2.58,5.06,20.42,0.47,5740.41,8,65.12,93.86,EXCELLENT,0,0,92
FAC-001,FacilityOps Campus,AST-007,Elevator Motor 1,Elevator,Building A,Block A1,2026-01-06 04:00:00,59.49,2.8,4.76,19.27,0.44,5740.84,8,65.17,92.65,EXCELLENT,0,0,161
FAC-001,FacilityOps Campus,AST-007,Elevator Motor 1,Elevator,Building A,Block A1,2026-01-06 05:00:00,55.12,2.53,5.3,10.83,0.73,5741.57,8,65.21,93.19,EXCELLENT,0,0,108
FAC-001,FacilityOps Campus,AST-007,Elevator Motor 1,Elevator,Building A,Block A1,2026-01-06 06:00:00,92.63,4.52,3.98,25.81,0.87,5742.44,8,65.25,10.11,CRITICAL,1,1,2
FAC-001,FacilityOps Campus,AST-007,Elevator Motor 1,Elevator,Building A,Block A1,2026-01-06 07:00:00,50.39,2.97,5.08,24.79,0.94,5743.37,8,65.29,93.93,EXCELLENT,0,0,151
FAC-001,FacilityOps Campus,AST-007,Elevator Motor 1,Elevator,Building A,Block A1,2026-01-06 08:00:00,56.07,2.91,4.89,33.69,0.65,5744.02,8,65.33,93.14,EXCELLENT,0,0,132
FAC-001,FacilityOps Campus,AST-007,Elevator Motor 1,Elevator,Building A,Block A1,2026-01-06 09:00:00,49.48,3.02,5.41,29.81,0.41,5744.43,8,65.38,92.77,EXCELLENT,0,0,120
FAC-001,FacilityOps Campus,AST-007,Elevator Motor 1,Elevator,Building A,Block A1,2026-01-06 10:00:00,52.16,2.69,5.06,34.81,0.76,5745.19,8,65.42,93.86,EXCELLENT,0,0,169
FAC-001,FacilityOps Campus,AST-007,Elevator Motor 1,Elevator,Building A,Block A1,2026-01-06 11:00:00,57.94,2.92,5.54,32.46,0.94,5746.13,8,65.46,92.25,EXCELLENT,0,0,167
FAC-001,FacilityOps Campus,AST-007,Elevator Motor 1,Elevator,Building A,Block A1,2026-01-06 12:00:00,53.29,2.76,5.39,30.48,0.43,5746.56,8,65.5,92.82,EXCELLENT,0,0,108
FAC-001,FacilityOps Campus,AST-007,Elevator Motor 1,Elevator,Building A,Block A1,2026-01-06 13:00:00,54.92,2.76,4.86,26.57,0.5,5747.06,8,65.54,93.05,EXCELLENT,0,0,110
FAC-001,FacilityOps Campus,AST-007,Elevator Motor 1,Elevator,Building A,Block A1,2026-01-06 14:00:00,55.11,3.02,5.5,29.73,0.97,5748.03,8,65.58,92.39,EXCELLENT,0,0,114
FAC-001,FacilityOps Campus,AST-007,Elevator Motor 1,Elevator,Building A,Block A1,2026-01-06 15:00:00,53.7,2.93,5.13,35.44,0.93,5748.96,8,65.62,93.86,EXCELLENT,0,0,128
FAC-001,FacilityOps Campus,AST-007,Elevator Motor 1,Elevator,Building A,Block A1,2026-01-06 16:00:00,51.9,2.87,5.28,33.71,0.48,5749.44,8,65.67,93.29,EXCELLENT,0,0,123
FAC-001,FacilityOps Campus,AST-007,Elevator Motor 1,Elevator,Building A,Block A1,2026-01-06 17:00:00,53.21,2.08,5.23,29.89,0.57,5750.01,8,65.71,93.47,EXCELLENT,0,0,176
FAC-001,FacilityOps Campus,AST-007,Elevator Motor 1,Elevator,Building A,Block A1,2026-01-06 18:00:00,57.15,2.9,5.02,30.17,0.41,5750.42,8,65.75,93.67,EXCELLENT,0,0,145
FAC-001,FacilityOps Campus,AST-007,Elevator Motor 1,Elevator,Building A,Block A1,2026-01-06 19:00:00,53.99,3.0,5.24,17.69,0.55,5750.97,8,65.79,93.45,EXCELLENT,0,0,146
FAC-001,FacilityOps Campus,AST-007,Elevator Motor 1,Elevator,Building A,Block A1,2026-01-06 20:00:00,51.89,3.1,4.56,17.1,0.95,5751.92,8,65.83,91.84,EXCELLENT,0,0,142
FAC-001,FacilityOps Campus,AST-007,Elevator Motor 1,Elevator,Building A,Block A1,2026-01-06 21:00:00,52.73,2.71,5.48,15.79,0.86,5752.78,8,65.88,92.46,EXCELLENT,0,0,99
FAC-001,FacilityOps Campus,AST-007,Elevator Motor 1,Elevator,Building A,Block A1,2026-01-06 22:00:00,53.32,2.78,5.23,27.09,0.84,5753.61,8,65.92,93.48,EXCELLENT,0,0,92
FAC-001,FacilityOps Campus,AST-007,Elevator Motor 1,Elevator,Building A,Block A1,2026-01-06 23:00:00,55.15,2.6,5.11,19.76,0.99,5754.61,8,65.96,93.95,EXCELLENT,0,0,134
FAC-001,FacilityOps Campus,AST-007,Elevator Motor 1,Elevator,Building A,Block A1,2026-01-07 00:00:00,54.65,3.09,5.37,21.29,0.97,5755.58,8,66.0,92.91,EXCELLENT,0,0,142
FAC-001,FacilityOps Campus,AST-007,Elevator Motor 1,Elevator,Building A,Block A1,2026-01-07 01:00:00,59.54,2.62,5.16,20.17,0.93,5756.51,8,66.04,93.75,EXCELLENT,0,0,168
FAC-001,FacilityOps Campus,AST-007,Elevator Motor 1,Elevator,Building A,Block A1,2026-01-07 02:00:00,57.55,2.64,4.58,21.7,0.95,5757.46,8,66.08,91.93,EXCELLENT,0,0,140
FAC-001,FacilityOps Campus,AST-007,Elevator Motor 1,Elevator,Building A,Block A1,2026-01-07 03:00:00,54.36,2.8,5.12,24.59,0.95,5758.42,8,66.12,93.91,EXCELLENT,0,0,163
FAC-001,FacilityOps Campus,AST-007,Elevator Motor 1,Elevator,Building A,Block A1,2026-01-07 04:00:00,54.56,3.09,5.19,13.99,0.96,5759.38,8,66.17,93.63,EXCELLENT,0,0,167
FAC-001,FacilityOps Campus,AST-007,Elevator Motor 1,Elevator,Building A,Block A1,2026-01-07 05:00:00,54.74,3.02,4.82,14.59,0.51,5759.89,8,66.21,92.86,EXCELLENT,0,0,124
FAC-001,FacilityOps Campus,AST-007,Elevator Motor 1,Elevator,Building A,Block A1,2026-01-07 06:00:00,55.47,3.13,5.27,17.84,0.72,5760.62,8,66.25,93.34,EXCELLENT,0,0,158
FAC-001,FacilityOps Campus,AST-007,Elevator Motor 1,Elevator,Building A,Block A1,2026-01-07 07:00:00,57.16,2.54,5.04,20.89,0.81,5761.43,8,66.29,93.75,EXCELLENT,0,0,106
FAC-001,FacilityOps Campus,AST-007,Elevator Motor 1,Elevator,Building A,Block A1,2026-01-07 08:00:00,53.23,2.75,4.8,37.26,0.44,5761.87,8,66.33,92.79,EXCELLENT,0,0,180
FAC-001,FacilityOps Campus,AST-007,Elevator Motor 1,Elevator,Building A,Block A1,2026-01-07 09:00:00,53.66,2.97,5.0,38.28,0.97,5762.84,8,66.38,93.59,EXCELLENT,0,0,160
FAC-001,FacilityOps Campus,AST-007,Elevator Motor 1,Elevator,Building A,Block A1,2026-01-07 10:00:00,57.29,3.3,4.54,26.8,0.78,5763.62,8,66.42,90.39,EXCELLENT,0,0,98
FAC-001,FacilityOps Campus,AST-007,Elevator Motor 1,Elevator,Building A,Block A1,2026-01-07 11:00:00,54.15,3.19,5.38,35.96,0.67,5764.29,8,66.46,92.87,EXCELLENT,0,0,157
FAC-001,FacilityOps Campus,AST-007,Elevator Motor 1,Elevator,Building A,Block A1,2026-01-07 12:00:00,54.27,2.65,5.31,36.53,0.59,5764.88,8,66.5,93.16,EXCELLENT,0,0,117
FAC-001,FacilityOps Campus,AST-007,Elevator Motor 1,Elevator,Building A,Block A1,2026-01-07 13:00:00,53.21,2.9,5.45,30.5,0.96,5765.84,8,66.54,92.62,EXCELLENT,0,0,141
FAC-001,FacilityOps Campus,AST-007,Elevator Motor 1,Elevator,Building A,Block A1,2026-01-07 14:00:00,56.14,2.74,5.53,21.46,0.58,5766.41,8,66.58,92.27,EXCELLENT,0,0,140
FAC-001,FacilityOps Campus,AST-007,Elevator Motor 1,Elevator,Building A,Block A1,2026-01-07 15:00:00,54.62,2.99,5.06,36.4,0.53,5766.94,8,66.62,93.84,EXCELLENT,0,0,122
FAC-001,FacilityOps Campus,AST-007,Elevator Motor 1,Elevator,Building A,Block A1,2026-01-07 16:00:00,57.55,2.76,5.14,25.45,0.88,5767.83,8,66.67,93.83,EXCELLENT,0,0,117
FAC-001,FacilityOps Campus,AST-007,Elevator Motor 1,Elevator,Building A,Block A1,2026-01-07 17:00:00,51.21,2.84,5.22,30.87,0.58,5768.41,8,66.71,93.53,EXCELLENT,0,0,148
FAC-001,FacilityOps Campus,AST-007,Elevator Motor 1,Elevator,Building A,Block A1,2026-01-07 18:00:00,54.22,2.66,5.16,38.8,0.5,5768.91,8,66.75,93.76,EXCELLENT,0,0,117
FAC-001,FacilityOps Campus,AST-007,Elevator Motor 1,Elevator,Building A,Block A1,2026-01-07 19:00:00,55.42,2.55,5.21,14.39,0.61,5769.53,8,66.79,93.58,EXCELLENT,0,0,169
FAC-001,FacilityOps Campus,AST-007,Elevator Motor 1,Elevator,Building A,Block A1,2026-01-07 20:00:00,59.12,2.38,4.82,21.18,0.7,5770.23,8,66.83,92.89,EXCELLENT,0,0,168
FAC-001,FacilityOps Campus,AST-007,Elevator Motor 1,Elevator,Building A,Block A1,2026-01-07 21:00:00,72.57,4.39,5.45,20.89,0.73,5770.96,8,66.88,51.8,WARNING,1,1,10
FAC-001,FacilityOps Campus,AST-007,Elevator Motor 1,Elevator,Building A,Block A1,2026-01-07 22:00:00,53.33,3.1,4.63,23.03,0.98,5771.94,8,66.92,92.11,EXCELLENT,0,0,128
FAC-001,FacilityOps Campus,AST-007,Elevator Motor 1,Elevator,Building A,Block A1,2026-01-07 23:00:00,57.3,2.51,5.07,16.3,0.95,5772.89,8,66.96,93.87,EXCELLENT,0,0,113
FAC-001,FacilityOps Campus,AST-007,Elevator Motor 1,Elevator,Building A,Block A1,2026-01-08 00:00:00,52.72,2.74,5.11,19.87,0.8,5773.69,8,67.0,93.96,EXCELLENT,0,0,180
FAC-001,FacilityOps Campus,AST-007,Elevator Motor 1,Elevator,Building A,Block A1,2026-01-08 01:00:00,53.46,2.46,4.53,20.02,0.81,5774.5,8,67.04,91.72,EXCELLENT,0,0,148
FAC-001,FacilityOps Campus,AST-007,Elevator Motor 1,Elevator,Building A,Block A1,2026-01-08 02:00:00,59.82,3.09,5.11,19.56,0.63,5775.14,8,67.08,93.96,EXCELLENT,0,0,133
FAC-001,FacilityOps Campus,AST-007,Elevator Motor 1,Elevator,Building A,Block A1,2026-01-08 03:00:00,56.89,2.74,4.81,20.8,0.86,5776.0,8,67.12,92.85,EXCELLENT,0,0,132
FAC-001,FacilityOps Campus,AST-007,Elevator Motor 1,Elevator,Building A,Block A1,2026-01-08 04:00:00,52.88,2.99,5.5,14.77,0.95,5776.94,8,67.17,92.42,EXCELLENT,0,0,178
FAC-001,FacilityOps Campus,AST-007,Elevator Motor 1,Elevator,Building A,Block A1,2026-01-08 05:00:00,59.19,2.9,4.86,11.3,0.99,5777.94,8,67.21,93.05,EXCELLENT,0,0,157
FAC-001,FacilityOps Campus,AST-007,Elevator Motor 1,Elevator,Building A,Block A1,2026-01-08 06:00:00,78.29,4.8,6.73,32.7,0.79,5778.73,8,67.25,29.81,CRITICAL,1,1,3
FAC-001,FacilityOps Campus,AST-007,Elevator Motor 1,Elevator,Building A,Block A1,2026-01-08 07:00:00,52.97,3.14,4.69,19.01,0.59,5779.32,8,67.29,92.38,EXCELLENT,0,0,122
FAC-001,FacilityOps Campus,AST-007,Elevator Motor 1,Elevator,Building A,Block A1,2026-01-08 08:00:00,53.18,2.66,5.4,29.54,0.49,5779.81,8,67.33,92.79,EXCELLENT,0,0,153
FAC-001,FacilityOps Campus,AST-007,Elevator Motor 1,Elevator,Building A,Block A1,2026-01-08 09:00:00,56.97,2.83,4.71,32.79,0.52,5780.33,8,67.38,92.44,EXCELLENT,0,0,109
FAC-001,FacilityOps Campus,AST-007,Elevator Motor 1,Elevator,Building A,Block A1,2026-01-08 10:00:00,58.85,2.95,5.53,31.69,0.94,5781.27,8,67.42,92.3,EXCELLENT,0,0,90
FAC-001,FacilityOps Campus,AST-007,Elevator Motor 1,Elevator,Building A,Block A1,2026-01-08 11:00:00,56.53,2.45,5.45,36.77,0.64,5781.91,8,67.46,92.59,EXCELLENT,0,0,168
FAC-001,FacilityOps Campus,AST-007,Elevator Motor 1,Elevator,Building A,Block A1,2026-01-08 12:00:00,53.32,2.88,5.35,27.35,0.49,5782.4,8,67.5,93.0,EXCELLENT,0,0,117
FAC-001,FacilityOps Campus,AST-007,Elevator Motor 1,Elevator,Building A,Block A1,2026-01-08 13:00:00,60.98,2.31,4.95,32.9,0.45,5782.86,8,67.54,92.53,EXCELLENT,0,0,114
FAC-001,FacilityOps Campus,AST-007,Elevator Motor 1,Elevator,Building A,Block A1,2026-01-08 14:00:00,58.18,2.53,4.77,38.7,0.66,5783.51,8,67.58,92.66,EXCELLENT,0,0,119
FAC-001,FacilityOps Campus,AST-007,Elevator Motor 1,Elevator,Building A,Block A1,2026-01-08 15:00:00,53.24,2.79,5.3,27.75,0.53,5784.04,8,67.62,93.2,EXCELLENT,0,0,123
FAC-001,FacilityOps Campus,AST-007,Elevator Motor 1,Elevator,Building A,Block A1,2026-01-08 16:00:00,54.2,2.85,4.86,32.32,0.5,5784.54,8,67.67,93.05,EXCELLENT,0,0,152
FAC-001,FacilityOps Campus,AST-007,Elevator Motor 1,Elevator,Building A,Block A1,2026-01-08 17:00:00,76.22,4.94,6.29,36.98,0.8,5785.34,8,67.71,32.97,CRITICAL,1,1,3
FAC-001,FacilityOps Campus,AST-007,Elevator Motor 1,Elevator,Building A,Block A1,2026-01-08 18:00:00,58.15,2.9,4.75,28.88,0.73,5786.07,8,67.75,92.61,EXCELLENT,0,0,129
FAC-001,FacilityOps Campus,AST-007,Elevator Motor 1,Elevator,Building A,Block A1,2026-01-08 19:00:00,56.57,2.83,4.77,25.83,0.69,5786.75,8,67.79,92.68,EXCELLENT,0,0,151
FAC-001,FacilityOps Campus,AST-007,Elevator Motor 1,Elevator,Building A,Block A1,2026-01-08 20:00:00,51.34,2.71,4.56,11.02,0.72,5787.48,8,67.83,91.85,EXCELLENT,0,0,105
FAC-001,FacilityOps Campus,AST-007,Elevator Motor 1,Elevator,Building A,Block A1,2026-01-08 21:00:00,52.45,2.94,5.34,16.88,0.61,5788.09,8,67.88,93.03,EXCELLENT,0,0,109
FAC-001,FacilityOps Campus,AST-007,Elevator Motor 1,Elevator,Building A,Block A1,2026-01-08 22:00:00,55.57,2.73,5.01,19.77,0.87,5788.95,8,67.92,93.65,EXCELLENT,0,0,121
FAC-001,FacilityOps Campus,AST-007,Elevator Motor 1,Elevator,Building A,Block A1,2026-01-08 23:00:00,54.35,2.61,5.34,19.54,0.71,5789.66,8,67.96,93.04,EXCELLENT,0,0,171
FAC-001,FacilityOps Campus,AST-007,Elevator Motor 1,Elevator,Building A,Block A1,2026-01-09 00:00:00,57.64,2.81,5.12,18.7,0.58,5790.25,8,68.0,93.92,EXCELLENT,0,0,167
FAC-001,FacilityOps Campus,AST-007,Elevator Motor 1,Elevator,Building A,Block A1,2026-01-09 01:00:00,52.87,3.25,4.75,23.02,0.53,5790.78,8,68.04,92.1,EXCELLENT,0,0,92
FAC-001,FacilityOps Campus,AST-007,Elevator Motor 1,Elevator,Building A,Block A1,2026-01-09 02:00:00,56.01,2.24,5.25,21.95,0.74,5791.51,8,68.08,93.4,EXCELLENT,0,0,115
FAC-001,FacilityOps Campus,AST-007,Elevator Motor 1,Elevator,Building A,Block A1,2026-01-09 03:00:00,58.45,2.88,5.47,19.18,0.97,5792.48,8,68.12,92.52,EXCELLENT,0,0,112
FAC-001,FacilityOps Campus,AST-007,Elevator Motor 1,Elevator,Building A,Block A1,2026-01-09 04:00:00,53.3,2.67,4.72,12.24,0.76,5793.24,8,68.17,92.49,EXCELLENT,0,0,175
FAC-001,FacilityOps Campus,AST-007,Elevator Motor 1,Elevator,Building A,Block A1,2026-01-09 05:00:00,54.98,2.8,5.13,13.74,0.94,5794.18,8,68.21,93.87,EXCELLENT,0,0,180
FAC-001,FacilityOps Campus,AST-007,Elevator Motor 1,Elevator,Building A,Block A1,2026-01-09 06:00:00,54.82,3.0,4.67,24.61,0.99,5795.17,8,68.25,92.26,EXCELLENT,0,0,105
FAC-001,FacilityOps Campus,AST-007,Elevator Motor 1,Elevator,Building A,Block A1,2026-01-09 07:00:00,53.76,2.68,5.14,14.47,0.5,5795.67,8,68.29,93.84,EXCELLENT,0,0,123
FAC-001,FacilityOps Campus,AST-007,Elevator Motor 1,Elevator,Building A,Block A1,2026-01-09 08:00:00,48.93,2.82,5.12,27.65,0.87,5796.54,8,68.33,93.92,EXCELLENT,0,0,159
FAC-001,FacilityOps Campus,AST-007,Elevator Motor 1,Elevator,Building A,Block A1,2026-01-09 09:00:00,56.67,2.52,4.81,33.06,0.43,5796.97,8,68.38,92.86,EXCELLENT,0,0,108
FAC-001,FacilityOps Campus,AST-007,Elevator Motor 1,Elevator,Building A,Block A1,2026-01-09 10:00:00,53.34,2.64,4.83,28.33,1.0,5797.97,8,68.42,92.92,EXCELLENT,0,0,119
FAC-001,FacilityOps Campus,AST-007,Elevator Motor 1,Elevator,Building A,Block A1,2026-01-09 11:00:00,52.03,2.79,4.34,29.07,0.59,5798.57,8,68.46,90.96,EXCELLENT,0,0,111
FAC-001,FacilityOps Campus,AST-007,Elevator Motor 1,Elevator,Building A,Block A1,2026-01-09 12:00:00,56.6,2.94,5.68,28.82,0.45,5799.01,8,68.5,91.67,EXCELLENT,0,0,141
FAC-001,FacilityOps Campus,AST-007,Elevator Motor 1,Elevator,Building A,Block A1,2026-01-09 13:00:00,54.63,2.26,5.44,35.99,0.79,5799.81,8,68.54,92.64,EXCELLENT,0,0,104
FAC-001,FacilityOps Campus,AST-007,Elevator Motor 1,Elevator,Building A,Block A1,2026-01-09 14:00:00,53.14,3.04,4.96,36.22,0.46,5800.27,8,68.58,93.43,EXCELLENT,0,0,116
FAC-001,FacilityOps Campus,AST-007,Elevator Motor 1,Elevator,Building A,Block A1,2026-01-09 15:00:00,54.68,2.64,4.89,39.76,0.73,5801.0,8,68.62,93.15,EXCELLENT,0,0,130
FAC-001,FacilityOps Campus,AST-007,Elevator Motor 1,Elevator,Building A,Block A1,2026-01-09 16:00:00,61.8,2.91,5.23,30.04,0.62,5801.62,8,68.67,91.11,EXCELLENT,0,0,130
FAC-001,FacilityOps Campus,AST-007,Elevator Motor 1,Elevator,Building A,Block A1,2026-01-09 17:00:00,51.11,2.43,5.0,38.33,0.59,5802.22,8,68.71,93.59,EXCELLENT,0,0,150
FAC-001,FacilityOps Campus,AST-007,Elevator Motor 1,Elevator,Building A,Block A1,2026-01-09 18:00:00,51.62,2.75,4.86,38.38,0.55,5802.77,8,68.75,93.04,EXCELLENT,0,0,177
FAC-001,FacilityOps Campus,AST-007,Elevator Motor 1,Elevator,Building A,Block A1,2026-01-09 19:00:00,50.86,2.67,4.87,20.45,0.9,5803.66,8,68.79,93.07,EXCELLENT,0,0,139
FAC-001,FacilityOps Campus,AST-007,Elevator Motor 1,Elevator,Building A,Block A1,2026-01-09 20:00:00,58.34,2.58,4.95,20.29,0.5,5804.16,8,68.83,93.42,EXCELLENT,0,0,98
FAC-001,FacilityOps Campus,AST-007,Elevator Motor 1,Elevator,Building A,Block A1,2026-01-09 21:00:00,54.23,2.82,5.24,24.17,0.62,5804.78,8,68.88,93.43,EXCELLENT,0,0,136
FAC-001,FacilityOps Campus,AST-007,Elevator Motor 1,Elevator,Building A,Block A1,2026-01-09 22:00:00,56.3,2.64,5.55,16.86,0.79,5805.57,8,68.92,92.2,EXCELLENT,0,0,157
FAC-001,FacilityOps Campus,AST-007,Elevator Motor 1,Elevator,Building A,Block A1,2026-01-09 23:00:00,53.26,2.57,5.09,23.16,0.95,5806.53,8,68.96,93.94,EXCELLENT,0,0,153
FAC-001,FacilityOps Campus,AST-007,Elevator Motor 1,Elevator,Building A,Block A1,2026-01-10 00:00:00,52.62,2.62,5.46,19.84,0.53,5807.05,8,69.0,92.56,EXCELLENT,0,0,169
FAC-001,FacilityOps Campus,AST-007,Elevator Motor 1,Elevator,Building A,Block A1,2026-01-10 01:00:00,94.8,4.66,3.9,19.0,0.88,5807.93,8,69.04,3.64,CRITICAL,1,1,6
FAC-001,FacilityOps Campus,AST-007,Elevator Motor 1,Elevator,Building A,Block A1,2026-01-10 02:00:00,53.71,2.31,5.02,28.39,0.7,5808.64,8,69.08,93.69,EXCELLENT,0,0,121
FAC-001,FacilityOps Campus,AST-007,Elevator Motor 1,Elevator,Building A,Block A1,2026-01-10 03:00:00,53.52,2.8,4.79,15.58,0.4,5809.04,8,69.12,92.74,EXCELLENT,0,0,153
FAC-001,FacilityOps Campus,AST-007,Elevator Motor 1,Elevator,Building A,Block A1,2026-01-10 04:00:00,54.18,2.93,5.39,16.59,0.56,5809.6,8,69.17,92.86,EXCELLENT,0,0,167
FAC-001,FacilityOps Campus,AST-007,Elevator Motor 1,Elevator,Building A,Block A1,2026-01-10 05:00:00,56.78,2.84,5.06,20.13,0.79,5810.39,8,69.21,93.82,EXCELLENT,0,0,129
FAC-001,FacilityOps Campus,AST-007,Elevator Motor 1,Elevator,Building A,Block A1,2026-01-10 06:00:00,55.21,2.87,5.53,17.88,0.54,5810.93,8,69.25,92.26,EXCELLENT,0,0,116
FAC-001,FacilityOps Campus,AST-007,Elevator Motor 1,Elevator,Building A,Block A1,2026-01-10 07:00:00,54.55,3.3,5.13,24.23,0.85,5811.78,8,69.29,92.59,EXCELLENT,0,0,136
FAC-001,FacilityOps Campus,AST-007,Elevator Motor 1,Elevator,Building A,Block A1,2026-01-10 08:00:00,53.61,2.62,4.9,36.37,0.45,5812.23,8,69.33,93.21,EXCELLENT,0,0,171
FAC-001,FacilityOps Campus,AST-007,Elevator Motor 1,Elevator,Building A,Block A1,2026-01-10 09:00:00,55.9,3.07,5.61,30.74,0.8,5813.03,8,69.38,91.97,EXCELLENT,0,0,117
FAC-001,FacilityOps Campus,AST-007,Elevator Motor 1,Elevator,Building A,Block A1,2026-01-10 10:00:00,55.73,2.95,5.69,26.97,0.72,5813.75,8,69.42,91.64,EXCELLENT,0,0,123
FAC-001,FacilityOps Campus,AST-007,Elevator Motor 1,Elevator,Building A,Block A1,2026-01-10 11:00:00,54.66,2.79,4.9,42.11,0.52,5814.27,8,69.46,91.33,EXCELLENT,0,0,174
FAC-001,FacilityOps Campus,AST-007,Elevator Motor 1,Elevator,Building A,Block A1,2026-01-10 12:00:00,52.71,2.63,5.04,29.8,0.69,5814.96,8,69.5,93.76,EXCELLENT,0,0,156
FAC-001,FacilityOps Campus,AST-007,Elevator Motor 1,Elevator,Building A,Block A1,2026-01-10 13:00:00,58.11,2.61,4.88,28.35,0.5,5815.46,8,69.54,93.12,EXCELLENT,0,0,172
FAC-001,FacilityOps Campus,AST-007,Elevator Motor 1,Elevator,Building A,Block A1,2026-01-10 14:00:00,55.72,2.75,5.14,29.59,0.94,5816.41,8,69.58,93.83,EXCELLENT,0,0,143
FAC-001,FacilityOps Campus,AST-007,Elevator Motor 1,Elevator,Building A,Block A1,2026-01-10 15:00:00,56.1,2.63,4.82,36.16,0.67,5817.08,8,69.62,92.87,EXCELLENT,0,0,165
FAC-001,FacilityOps Campus,AST-007,Elevator Motor 1,Elevator,Building A,Block A1,2026-01-10 16:00:00,53.5,2.58,5.31,37.63,0.99,5818.07,8,69.67,93.16,EXCELLENT,0,0,95
FAC-001,FacilityOps Campus,AST-007,Elevator Motor 1,Elevator,Building A,Block A1,2026-01-10 17:00:00,60.54,4.19,7.23,40.54,0.99,5819.06,8,69.71,69.58,WARNING,1,0,8
FAC-001,FacilityOps Campus,AST-007,Elevator Motor 1,Elevator,Building A,Block A1,2026-01-10 18:00:00,59.88,2.64,5.17,36.71,0.97,5820.03,8,69.75,93.71,EXCELLENT,0,0,154
FAC-001,FacilityOps Campus,AST-007,Elevator Motor 1,Elevator,Building A,Block A1,2026-01-10 19:00:00,55.96,3.14,5.45,15.32,0.67,5820.7,8,69.79,92.58,EXCELLENT,0,0,101
FAC-001,FacilityOps Campus,AST-007,Elevator Motor 1,Elevator,Building A,Block A1,2026-01-10 20:00:00,52.76,2.44,5.47,21.77,0.61,5821.31,8,69.83,92.52,EXCELLENT,0,0,126
FAC-001,FacilityOps Campus,AST-007,Elevator Motor 1,Elevator,Building A,Block A1,2026-01-10 21:00:00,54.14,3.17,4.97,16.55,0.56,5821.87,8,69.88,93.48,EXCELLENT,0,0,104
FAC-001,FacilityOps Campus,AST-007,Elevator Motor 1,Elevator,Building A,Block A1,2026-01-10 22:00:00,58.28,3.24,5.09,11.9,0.66,5822.53,8,69.92,93.68,EXCELLENT,0,0,98
FAC-001,FacilityOps Campus,AST-007,Elevator Motor 1,Elevator,Building A,Block A1,2026-01-10 23:00:00,54.21,3.05,4.74,18.99,0.92,5823.45,8,69.96,92.57,EXCELLENT,0,0,92
FAC-001,FacilityOps Campus,AST-007,Elevator Motor 1,Elevator,Building A,Block A1,2026-01-11 00:00:00,53.64,2.56,5.1,20.78,0.83,5824.28,8,70.0,93.99,EXCELLENT,0,0,127
FAC-001,FacilityOps Campus,AST-007,Elevator Motor 1,Elevator,Building A,Block A1,2026-01-11 01:00:00,54.47,2.71,5.72,20.51,0.6,5824.87,8,70.04,91.53,EXCELLENT,0,0,171
FAC-001,FacilityOps Campus,AST-007,Elevator Motor 1,Elevator,Building A,Block A1,2026-01-11 02:00:00,53.45,3.29,5.35,14.53,0.42,5825.3,8,70.08,91.88,EXCELLENT,0,0,129
FAC-001,FacilityOps Campus,AST-007,Elevator Motor 1,Elevator,Building A,Block A1,2026-01-11 03:00:00,53.3,3.02,4.91,14.78,0.89,5826.19,8,70.12,93.24,EXCELLENT,0,0,145
FAC-001,FacilityOps Campus,AST-007,Elevator Motor 1,Elevator,Building A,Block A1,2026-01-11 04:00:00,53.73,2.87,4.52,17.29,0.42,5826.61,8,70.17,91.7,EXCELLENT,0,0,147
FAC-001,FacilityOps Campus,AST-007,Elevator Motor 1,Elevator,Building A,Block A1,2026-01-11 05:00:00,55.26,2.62,4.77,20.17,0.7,5827.32,8,70.21,92.69,EXCELLENT,0,0,142
FAC-001,FacilityOps Campus,AST-007,Elevator Motor 1,Elevator,Building A,Block A1,2026-01-11 06:00:00,53.82,2.87,4.89,14.33,0.55,5827.86,8,70.25,93.17,EXCELLENT,0,0,109
FAC-001,FacilityOps Campus,AST-007,Elevator Motor 1,Elevator,Building A,Block A1,2026-01-11 07:00:00,52.3,2.62,5.16,17.9,0.57,5828.44,8,70.29,93.77,EXCELLENT,0,0,176
FAC-001,FacilityOps Campus,AST-007,Elevator Motor 1,Elevator,Building A,Block A1,2026-01-11 08:00:00,55.88,2.39,4.62,33.32,0.47,5828.91,8,70.33,92.07,EXCELLENT,0,0,163
FAC-001,FacilityOps Campus,AST-007,Elevator Motor 1,Elevator,Building A,Block A1,2026-01-11 09:00:00,53.74,2.79,4.89,29.16,0.46,5829.37,8,70.38,93.17,EXCELLENT,0,0,165
FAC-001,FacilityOps Campus,AST-007,Elevator Motor 1,Elevator,Building A,Block A1,2026-01-11 10:00:00,53.36,2.8,5.75,30.98,0.85,5830.22,8,70.42,91.4,EXCELLENT,0,0,109
FAC-001,FacilityOps Campus,AST-007,Elevator Motor 1,Elevator,Building A,Block A1,2026-01-11 11:00:00,56.05,2.89,5.2,27.08,0.58,5830.8,8,70.46,93.59,EXCELLENT,0,0,152
FAC-001,FacilityOps Campus,AST-007,Elevator Motor 1,Elevator,Building A,Block A1,2026-01-11 12:00:00,60.92,2.67,5.33,32.43,0.88,5831.68,8,70.5,92.3,EXCELLENT,0,0,160
FAC-001,FacilityOps Campus,AST-007,Elevator Motor 1,Elevator,Building A,Block A1,2026-01-11 13:00:00,55.96,2.62,4.56,26.98,0.51,5832.19,8,70.54,91.84,EXCELLENT,0,0,130
FAC-001,FacilityOps Campus,AST-007,Elevator Motor 1,Elevator,Building A,Block A1,2026-01-11 14:00:00,56.72,2.52,5.45,28.7,0.7,5832.89,8,70.58,92.61,EXCELLENT,0,0,180
FAC-001,FacilityOps Campus,AST-007,Elevator Motor 1,Elevator,Building A,Block A1,2026-01-11 15:00:00,53.47,2.47,5.13,32.84,0.68,5833.56,8,70.62,93.86,EXCELLENT,0,0,139
FAC-001,FacilityOps Campus,AST-007,Elevator Motor 1,Elevator,Building A,Block A1,2026-01-11 16:00:00,53.56,3.11,4.7,34.54,0.83,5834.4,8,70.67,92.41,EXCELLENT,0,0,158
FAC-001,FacilityOps Campus,AST-007,Elevator Motor 1,Elevator,Building A,Block A1,2026-01-11 17:00:00,52.65,2.62,5.15,35.67,0.65,5835.04,8,70.71,93.8,EXCELLENT,0,0,133
FAC-001,FacilityOps Campus,AST-007,Elevator Motor 1,Elevator,Building A,Block A1,2026-01-11 18:00:00,57.53,2.97,5.2,31.74,0.9,5835.95,8,70.75,93.59,EXCELLENT,0,0,105
FAC-001,FacilityOps Campus,AST-007,Elevator Motor 1,Elevator,Building A,Block A1,2026-01-11 19:00:00,50.78,2.76,5.18,20.17,0.84,5836.78,8,70.79,93.67,EXCELLENT,0,0,107
FAC-001,FacilityOps Campus,AST-007,Elevator Motor 1,Elevator,Building A,Block A1,2026-01-11 20:00:00,55.85,2.47,4.84,10.91,0.96,5837.74,8,70.83,92.96,EXCELLENT,0,0,137
FAC-001,FacilityOps Campus,AST-007,Elevator Motor 1,Elevator,Building A,Block A1,2026-01-11 21:00:00,59.95,2.71,5.16,12.92,0.99,5838.72,8,70.88,93.78,EXCELLENT,0,0,129
FAC-001,FacilityOps Campus,AST-007,Elevator Motor 1,Elevator,Building A,Block A1,2026-01-11 22:00:00,58.22,2.81,5.15,18.08,0.86,5839.58,8,70.92,93.81,EXCELLENT,0,0,174
FAC-001,FacilityOps Campus,AST-007,Elevator Motor 1,Elevator,Building A,Block A1,2026-01-11 23:00:00,55.21,2.89,5.08,18.78,0.65,5840.23,8,70.96,93.94,EXCELLENT,0,0,177
FAC-001,FacilityOps Campus,AST-007,Elevator Motor 1,Elevator,Building A,Block A1,2026-01-12 00:00:00,52.94,2.67,5.06,23.23,0.79,5841.02,8,71.0,93.84,EXCELLENT,0,0,158
FAC-001,FacilityOps Campus,AST-007,Elevator Motor 1,Elevator,Building A,Block A1,2026-01-12 01:00:00,57.7,2.9,5.45,20.02,0.73,5841.75,8,71.04,92.59,EXCELLENT,0,0,96
FAC-001,FacilityOps Campus,AST-007,Elevator Motor 1,Elevator,Building A,Block A1,2026-01-12 02:00:00,60.14,2.8,5.37,18.42,0.98,5842.73,8,71.08,92.93,EXCELLENT,0,0,96
FAC-001,FacilityOps Campus,AST-007,Elevator Motor 1,Elevator,Building A,Block A1,2026-01-12 03:00:00,56.61,3.11,5.13,18.24,0.47,5843.2,8,71.12,93.87,EXCELLENT,0,0,167
FAC-001,FacilityOps Campus,AST-007,Elevator Motor 1,Elevator,Building A,Block A1,2026-01-12 04:00:00,53.76,2.99,5.11,14.17,0.64,5843.84,8,71.17,93.97,EXCELLENT,0,0,166
FAC-001,FacilityOps Campus,AST-007,Elevator Motor 1,Elevator,Building A,Block A1,2026-01-12 05:00:00,52.69,2.72,5.14,19.55,0.99,5844.83,8,71.21,93.84,EXCELLENT,0,0,160
FAC-001,FacilityOps Campus,AST-007,Elevator Motor 1,Elevator,Building A,Block A1,2026-01-12 06:00:00,52.5,2.6,4.87,16.85,0.97,5845.8,8,71.25,93.08,EXCELLENT,0,0,180
FAC-001,FacilityOps Campus,AST-007,Elevator Motor 1,Elevator,Building A,Block A1,2026-01-12 07:00:00,52.37,3.06,4.5,24.28,0.43,5846.23,8,71.29,91.61,EXCELLENT,0,0,145
FAC-001,FacilityOps Campus,AST-007,Elevator Motor 1,Elevator,Building A,Block A1,2026-01-12 08:00:00,67.42,3.23,6.16,29.85,0.99,5847.22,8,71.33,76.94,GOOD,1,0,77
FAC-001,FacilityOps Campus,AST-007,Elevator Motor 1,Elevator,Building A,Block A1,2026-01-12 09:00:00,54.9,3.06,4.95,37.16,0.82,5848.04,8,71.38,93.4,EXCELLENT,0,0,177
FAC-001,FacilityOps Campus,AST-007,Elevator Motor 1,Elevator,Building A,Block A1,2026-01-12 10:00:00,53.08,2.91,5.33,30.55,0.83,5848.86,8,71.42,93.08,EXCELLENT,0,0,163
FAC-001,FacilityOps Campus,AST-007,Elevator Motor 1,Elevator,Building A,Block A1,2026-01-12 11:00:00,52.78,3.07,5.1,38.49,0.43,5849.29,8,71.46,93.99,EXCELLENT,0,0,110
FAC-001,FacilityOps Campus,AST-007,Elevator Motor 1,Elevator,Building A,Block A1,2026-01-12 12:00:00,57.29,2.83,4.92,29.44,0.96,5850.26,8,71.5,93.28,EXCELLENT,0,0,169
FAC-001,FacilityOps Campus,AST-007,Elevator Motor 1,Elevator,Building A,Block A1,2026-01-12 13:00:00,53.89,2.97,4.83,34.87,0.69,5850.95,8,71.54,92.91,EXCELLENT,0,0,112
FAC-001,FacilityOps Campus,AST-007,Elevator Motor 1,Elevator,Building A,Block A1,2026-01-12 14:00:00,54.74,2.65,4.71,37.65,0.88,5851.84,8,71.58,92.43,EXCELLENT,0,0,106
FAC-001,FacilityOps Campus,AST-007,Elevator Motor 1,Elevator,Building A,Block A1,2026-01-12 15:00:00,52.85,2.62,4.93,35.95,0.45,5852.29,8,71.62,93.31,EXCELLENT,0,0,121
FAC-001,FacilityOps Campus,AST-007,Elevator Motor 1,Elevator,Building A,Block A1,2026-01-12 16:00:00,54.99,2.43,5.54,35.53,0.86,5853.15,8,71.67,92.24,EXCELLENT,0,0,167
FAC-001,FacilityOps Campus,AST-007,Elevator Motor 1,Elevator,Building A,Block A1,2026-01-12 17:00:00,57.03,2.68,5.73,30.03,0.68,5853.82,8,71.71,91.48,EXCELLENT,0,0,152
FAC-001,FacilityOps Campus,AST-007,Elevator Motor 1,Elevator,Building A,Block A1,2026-01-12 18:00:00,55.25,2.95,5.05,34.28,0.61,5854.43,8,71.75,93.79,EXCELLENT,0,0,131
FAC-001,FacilityOps Campus,AST-007,Elevator Motor 1,Elevator,Building A,Block A1,2026-01-12 19:00:00,53.58,3.49,5.3,23.64,0.49,5854.93,8,71.79,88.85,EXCELLENT,0,0,128
FAC-001,FacilityOps Campus,AST-007,Elevator Motor 1,Elevator,Building A,Block A1,2026-01-12 20:00:00,53.26,3.0,5.16,17.84,0.71,5855.64,8,71.83,93.75,EXCELLENT,0,0,116
FAC-001,FacilityOps Campus,AST-007,Elevator Motor 1,Elevator,Building A,Block A1,2026-01-12 21:00:00,52.21,2.53,5.78,24.41,0.54,5856.18,8,71.88,91.26,EXCELLENT,0,0,135
FAC-001,FacilityOps Campus,AST-007,Elevator Motor 1,Elevator,Building A,Block A1,2026-01-12 22:00:00,54.79,2.64,5.58,20.14,0.98,5857.16,8,71.92,92.09,EXCELLENT,0,0,126
FAC-001,FacilityOps Campus,AST-007,Elevator Motor 1,Elevator,Building A,Block A1,2026-01-12 23:00:00,56.06,3.32,5.49,15.13,0.58,5857.74,8,71.96,90.87,EXCELLENT,0,0,106
FAC-001,FacilityOps Campus,AST-007,Elevator Motor 1,Elevator,Building A,Block A1,2026-01-13 00:00:00,55.76,3.05,5.39,23.71,0.57,5858.3,8,72.0,92.85,EXCELLENT,0,0,143
FAC-001,FacilityOps Campus,AST-007,Elevator Motor 1,Elevator,Building A,Block A1,2026-01-13 01:00:00,52.5,2.7,5.34,24.89,0.95,5859.26,8,72.04,93.03,EXCELLENT,0,0,126
FAC-001,FacilityOps Campus,AST-007,Elevator Motor 1,Elevator,Building A,Block A1,2026-01-13 02:00:00,54.92,2.88,5.03,14.12,0.93,5860.19,8,72.08,93.7,EXCELLENT,0,0,116
FAC-001,FacilityOps Campus,AST-007,Elevator Motor 1,Elevator,Building A,Block A1,2026-01-13 03:00:00,55.19,2.49,5.5,20.48,0.78,5860.97,8,72.12,92.38,EXCELLENT,0,0,177
FAC-001,FacilityOps Campus,AST-007,Elevator Motor 1,Elevator,Building A,Block A1,2026-01-13 04:00:00,52.17,2.62,5.34,18.45,0.56,5861.53,8,72.17,93.03,EXCELLENT,0,0,112
FAC-001,FacilityOps Campus,AST-007,Elevator Motor 1,Elevator,Building A,Block A1,2026-01-13 05:00:00,56.57,2.91,5.46,21.59,0.68,5862.21,8,72.21,92.55,EXCELLENT,0,0,141
FAC-001,FacilityOps Campus,AST-007,Elevator Motor 1,Elevator,Building A,Block A1,2026-01-13 06:00:00,56.04,2.89,5.17,16.24,0.81,5863.02,8,72.25,93.74,EXCELLENT,0,0,161
FAC-001,FacilityOps Campus,AST-007,Elevator Motor 1,Elevator,Building A,Block A1,2026-01-13 07:00:00,50.58,2.55,4.94,24.15,0.69,5863.71,8,72.29,93.36,EXCELLENT,0,0,172
FAC-001,FacilityOps Campus,AST-007,Elevator Motor 1,Elevator,Building A,Block A1,2026-01-13 08:00:00,57.9,2.99,4.82,27.51,0.65,5864.36,8,72.33,92.89,EXCELLENT,0,0,91
FAC-001,FacilityOps Campus,AST-007,Elevator Motor 1,Elevator,Building A,Block A1,2026-01-13 09:00:00,79.15,4.42,6.96,36.91,1.0,5865.35,8,72.38,33.43,CRITICAL,1,1,4
FAC-001,FacilityOps Campus,AST-007,Elevator Motor 1,Elevator,Building A,Block A1,2026-01-13 10:00:00,55.29,2.55,5.0,27.21,0.51,5865.86,8,72.42,93.6,EXCELLENT,0,0,110
FAC-001,FacilityOps Campus,AST-007,Elevator Motor 1,Elevator,Building A,Block A1,2026-01-13 11:00:00,52.82,2.46,4.87,31.5,0.55,5866.42,8,72.46,93.09,EXCELLENT,0,0,173
FAC-001,FacilityOps Campus,AST-007,Elevator Motor 1,Elevator,Building A,Block A1,2026-01-13 12:00:00,57.37,2.47,4.81,37.38,0.62,5867.04,8,72.5,92.86,EXCELLENT,0,0,160
FAC-001,FacilityOps Campus,AST-007,Elevator Motor 1,Elevator,Building A,Block A1,2026-01-13 13:00:00,54.72,3.13,5.21,37.55,0.56,5867.6,8,72.54,93.56,EXCELLENT,0,0,150
FAC-001,FacilityOps Campus,AST-007,Elevator Motor 1,Elevator,Building A,Block A1,2026-01-13 14:00:00,52.51,2.91,5.67,28.03,0.58,5868.19,8,72.58,91.71,EXCELLENT,0,0,96
FAC-001,FacilityOps Campus,AST-007,Elevator Motor 1,Elevator,Building A,Block A1,2026-01-13 15:00:00,55.77,2.96,5.45,30.52,0.84,5869.03,8,72.62,92.62,EXCELLENT,0,0,172
FAC-001,FacilityOps Campus,AST-007,Elevator Motor 1,Elevator,Building A,Block A1,2026-01-13 16:00:00,51.33,2.37,4.73,29.75,0.9,5869.93,8,72.67,92.51,EXCELLENT,0,0,134
FAC-001,FacilityOps Campus,AST-007,Elevator Motor 1,Elevator,Building A,Block A1,2026-01-13 17:00:00,56.32,2.67,5.3,37.46,0.71,5870.64,8,72.71,93.2,EXCELLENT,0,0,151
FAC-001,FacilityOps Campus,AST-007,Elevator Motor 1,Elevator,Building A,Block A1,2026-01-13 18:00:00,55.68,2.77,4.95,29.09,0.51,5871.15,8,72.75,93.39,EXCELLENT,0,0,135
FAC-001,FacilityOps Campus,AST-007,Elevator Motor 1,Elevator,Building A,Block A1,2026-01-13 19:00:00,55.59,2.55,4.91,24.3,0.71,5871.85,8,72.79,93.23,EXCELLENT,0,0,166
FAC-001,FacilityOps Campus,AST-007,Elevator Motor 1,Elevator,Building A,Block A1,2026-01-13 20:00:00,50.35,2.74,4.91,25.35,0.55,5872.4,8,72.83,93.22,EXCELLENT,0,0,179
FAC-001,FacilityOps Campus,AST-007,Elevator Motor 1,Elevator,Building A,Block A1,2026-01-13 21:00:00,66.07,3.61,6.08,16.54,0.86,5873.26,8,72.88,73.72,GOOD,1,0,78
FAC-001,FacilityOps Campus,AST-007,Elevator Motor 1,Elevator,Building A,Block A1,2026-01-13 22:00:00,49.96,2.67,5.31,11.01,0.92,5874.18,8,72.92,93.17,EXCELLENT,0,0,171
FAC-001,FacilityOps Campus,AST-007,Elevator Motor 1,Elevator,Building A,Block A1,2026-01-13 23:00:00,51.05,2.8,5.29,16.32,0.82,5874.99,8,72.96,93.25,EXCELLENT,0,0,180
FAC-001,FacilityOps Campus,AST-007,Elevator Motor 1,Elevator,Building A,Block A1,2026-01-14 00:00:00,55.17,2.87,4.8,21.94,0.57,5875.56,8,73.0,92.8,EXCELLENT,0,0,131
FAC-001,FacilityOps Campus,AST-007,Elevator Motor 1,Elevator,Building A,Block A1,2026-01-14 01:00:00,66.08,3.35,5.1,26.56,0.98,5876.54,8,73.04,81.71,GOOD,1,0,47
FAC-001,FacilityOps Campus,AST-007,Elevator Motor 1,Elevator,Building A,Block A1,2026-01-14 02:00:00,55.33,2.55,4.86,16.09,0.84,5877.38,8,73.08,93.04,EXCELLENT,0,0,121
FAC-001,FacilityOps Campus,AST-007,Elevator Motor 1,Elevator,Building A,Block A1,2026-01-14 03:00:00,56.75,2.81,5.31,18.17,0.57,5877.95,8,73.12,93.18,EXCELLENT,0,0,150
FAC-001,FacilityOps Campus,AST-007,Elevator Motor 1,Elevator,Building A,Block A1,2026-01-14 04:00:00,58.51,2.68,5.0,19.52,0.45,5878.4,8,73.17,93.6,EXCELLENT,0,0,109
FAC-001,FacilityOps Campus,AST-007,Elevator Motor 1,Elevator,Building A,Block A1,2026-01-14 05:00:00,52.26,3.1,4.4,15.41,0.56,5878.96,8,73.21,91.18,EXCELLENT,0,0,104
FAC-001,FacilityOps Campus,AST-007,Elevator Motor 1,Elevator,Building A,Block A1,2026-01-14 06:00:00,56.85,3.12,4.99,11.88,0.9,5879.86,8,73.25,93.57,EXCELLENT,0,0,100
FAC-001,FacilityOps Campus,AST-007,Elevator Motor 1,Elevator,Building A,Block A1,2026-01-14 07:00:00,55.38,2.61,5.15,20.12,0.43,5880.29,8,73.29,93.8,EXCELLENT,0,0,103
FAC-001,FacilityOps Campus,AST-007,Elevator Motor 1,Elevator,Building A,Block A1,2026-01-14 08:00:00,55.03,3.34,5.12,38.18,0.51,5880.81,8,73.33,91.94,EXCELLENT,0,0,121
FAC-001,FacilityOps Campus,AST-007,Elevator Motor 1,Elevator,Building A,Block A1,2026-01-14 09:00:00,56.29,2.92,5.57,28.56,0.75,5881.55,8,73.38,92.11,EXCELLENT,0,0,108
FAC-001,FacilityOps Campus,AST-007,Elevator Motor 1,Elevator,Building A,Block A1,2026-01-14 10:00:00,55.49,2.91,5.09,31.27,0.44,5882.0,8,73.42,93.94,EXCELLENT,0,0,152
FAC-001,FacilityOps Campus,AST-007,Elevator Motor 1,Elevator,Building A,Block A1,2026-01-14 11:00:00,56.71,3.25,5.29,38.96,0.94,5882.93,8,73.46,92.73,EXCELLENT,0,0,177
FAC-001,FacilityOps Campus,AST-007,Elevator Motor 1,Elevator,Building A,Block A1,2026-01-14 12:00:00,54.34,2.91,4.29,36.22,0.72,5883.65,8,73.5,90.76,EXCELLENT,0,0,133
FAC-001,FacilityOps Campus,AST-007,Elevator Motor 1,Elevator,Building A,Block A1,2026-01-14 13:00:00,52.78,3.16,5.78,29.96,0.9,5884.55,8,73.54,91.29,EXCELLENT,0,0,171
FAC-001,FacilityOps Campus,AST-007,Elevator Motor 1,Elevator,Building A,Block A1,2026-01-14 14:00:00,53.52,2.38,5.16,29.5,0.43,5884.98,8,73.58,93.76,EXCELLENT,0,0,169
FAC-001,FacilityOps Campus,AST-007,Elevator Motor 1,Elevator,Building A,Block A1,2026-01-14 15:00:00,57.34,2.36,4.51,33.79,0.57,5885.54,8,73.62,91.64,EXCELLENT,0,0,96
FAC-001,FacilityOps Campus,AST-007,Elevator Motor 1,Elevator,Building A,Block A1,2026-01-14 16:00:00,55.55,2.87,5.41,30.72,0.82,5886.36,8,73.67,92.75,EXCELLENT,0,0,177
FAC-001,FacilityOps Campus,AST-007,Elevator Motor 1,Elevator,Building A,Block A1,2026-01-14 17:00:00,53.94,2.93,4.78,28.59,0.44,5886.8,8,73.71,92.71,EXCELLENT,0,0,177
FAC-001,FacilityOps Campus,AST-007,Elevator Motor 1,Elevator,Building A,Block A1,2026-01-14 18:00:00,48.15,2.84,5.24,33.34,0.4,5887.21,8,73.75,93.43,EXCELLENT,0,0,136
FAC-001,FacilityOps Campus,AST-007,Elevator Motor 1,Elevator,Building A,Block A1,2026-01-14 19:00:00,51.63,3.14,4.85,25.5,0.53,5887.74,8,73.79,92.99,EXCELLENT,0,0,99
FAC-001,FacilityOps Campus,AST-007,Elevator Motor 1,Elevator,Building A,Block A1,2026-01-14 20:00:00,55.89,2.92,5.17,14.23,0.49,5888.23,8,73.83,93.73,EXCELLENT,0,0,111
FAC-001,FacilityOps Campus,AST-007,Elevator Motor 1,Elevator,Building A,Block A1,2026-01-14 21:00:00,50.49,2.21,5.31,23.82,0.92,5889.15,8,73.88,93.17,EXCELLENT,0,0,153
FAC-001,FacilityOps Campus,AST-007,Elevator Motor 1,Elevator,Building A,Block A1,2026-01-14 22:00:00,60.25,3.09,5.62,18.33,0.98,5890.13,8,73.92,91.92,EXCELLENT,0,0,158
FAC-001,FacilityOps Campus,AST-007,Elevator Motor 1,Elevator,Building A,Block A1,2026-01-14 23:00:00,52.59,2.36,4.79,18.75,0.74,5890.87,8,73.96,92.77,EXCELLENT,0,0,114
FAC-001,FacilityOps Campus,AST-007,Elevator Motor 1,Elevator,Building A,Block A1,2026-01-15 00:00:00,56.55,3.16,5.35,15.96,0.77,5891.64,8,74.0,92.99,EXCELLENT,0,0,149
FAC-001,FacilityOps Campus,AST-007,Elevator Motor 1,Elevator,Building A,Block A1,2026-01-15 01:00:00,57.45,2.61,5.22,25.53,0.76,5892.4,8,74.04,93.52,EXCELLENT,0,0,164
FAC-001,FacilityOps Campus,AST-007,Elevator Motor 1,Elevator,Building A,Block A1,2026-01-15 02:00:00,52.31,3.34,5.49,19.43,0.72,5893.12,8,74.08,90.57,EXCELLENT,0,0,101
FAC-001,FacilityOps Campus,AST-007,Elevator Motor 1,Elevator,Building A,Block A1,2026-01-15 03:00:00,50.73,2.41,4.94,18.02,0.9,5894.02,8,74.12,93.35,EXCELLENT,0,0,115
FAC-001,FacilityOps Campus,AST-007,Elevator Motor 1,Elevator,Building A,Block A1,2026-01-15 04:00:00,55.19,2.53,4.67,14.74,0.87,5894.88,8,74.17,92.29,EXCELLENT,0,0,91
FAC-001,FacilityOps Campus,AST-007,Elevator Motor 1,Elevator,Building A,Block A1,2026-01-15 05:00:00,55.05,2.89,4.87,18.81,0.99,5895.88,8,74.21,93.08,EXCELLENT,0,0,118
FAC-001,FacilityOps Campus,AST-007,Elevator Motor 1,Elevator,Building A,Block A1,2026-01-15 06:00:00,55.35,2.92,5.14,15.49,0.46,5896.34,8,74.25,93.83,EXCELLENT,0,0,109
FAC-001,FacilityOps Campus,AST-007,Elevator Motor 1,Elevator,Building A,Block A1,2026-01-15 07:00:00,55.25,2.6,4.89,23.54,0.45,5896.79,8,74.29,93.16,EXCELLENT,0,0,176
FAC-001,FacilityOps Campus,AST-007,Elevator Motor 1,Elevator,Building A,Block A1,2026-01-15 08:00:00,56.06,2.92,5.22,24.98,0.85,5897.64,8,74.33,93.51,EXCELLENT,0,0,116
FAC-001,FacilityOps Campus,AST-007,Elevator Motor 1,Elevator,Building A,Block A1,2026-01-15 09:00:00,58.92,2.65,4.84,30.45,0.73,5898.37,8,74.38,92.95,EXCELLENT,0,0,144
FAC-001,FacilityOps Campus,AST-007,Elevator Motor 1,Elevator,Building A,Block A1,2026-01-15 10:00:00,54.91,2.82,4.85,36.49,0.7,5899.07,8,74.42,93.02,EXCELLENT,0,0,135
FAC-001,FacilityOps Campus,AST-007,Elevator Motor 1,Elevator,Building A,Block A1,2026-01-15 11:00:00,51.08,2.76,4.93,32.55,0.47,5899.54,8,74.46,93.32,EXCELLENT,0,0,91
FAC-001,FacilityOps Campus,AST-007,Elevator Motor 1,Elevator,Building A,Block A1,2026-01-15 12:00:00,50.87,3.03,5.3,33.68,0.42,5899.95,8,74.5,93.2,EXCELLENT,0,0,126
FAC-001,FacilityOps Campus,AST-007,Elevator Motor 1,Elevator,Building A,Block A1,2026-01-15 13:00:00,59.49,2.91,5.05,30.08,0.84,5900.79,8,74.54,93.8,EXCELLENT,0,0,142
FAC-001,FacilityOps Campus,AST-007,Elevator Motor 1,Elevator,Building A,Block A1,2026-01-15 14:00:00,52.11,3.03,4.92,27.36,0.96,5901.75,8,74.58,93.27,EXCELLENT,0,0,120
FAC-001,FacilityOps Campus,AST-007,Elevator Motor 1,Elevator,Building A,Block A1,2026-01-15 15:00:00,54.28,2.78,5.29,36.53,1.0,5902.74,8,74.62,93.25,EXCELLENT,0,0,98
FAC-001,FacilityOps Campus,AST-007,Elevator Motor 1,Elevator,Building A,Block A1,2026-01-15 16:00:00,56.41,2.59,4.75,26.9,0.91,5903.66,8,74.67,92.6,EXCELLENT,0,0,173
FAC-001,FacilityOps Campus,AST-007,Elevator Motor 1,Elevator,Building A,Block A1,2026-01-15 17:00:00,57.13,3.29,4.91,26.5,0.61,5904.27,8,74.71,92.07,EXCELLENT,0,0,128
FAC-001,FacilityOps Campus,AST-007,Elevator Motor 1,Elevator,Building A,Block A1,2026-01-15 18:00:00,56.58,2.95,5.06,31.57,0.45,5904.72,8,74.75,93.85,EXCELLENT,0,0,91
FAC-001,FacilityOps Campus,AST-007,Elevator Motor 1,Elevator,Building A,Block A1,2026-01-15 19:00:00,54.83,2.74,5.4,16.03,0.56,5905.28,8,74.79,92.81,EXCELLENT,0,0,124
FAC-001,FacilityOps Campus,AST-007,Elevator Motor 1,Elevator,Building A,Block A1,2026-01-15 20:00:00,54.03,2.61,4.97,24.84,0.63,5905.9,8,74.83,93.49,EXCELLENT,0,0,92
FAC-001,FacilityOps Campus,AST-007,Elevator Motor 1,Elevator,Building A,Block A1,2026-01-15 21:00:00,56.65,2.74,4.88,13.83,0.45,5906.35,8,74.88,93.11,EXCELLENT,0,0,169
FAC-001,FacilityOps Campus,AST-007,Elevator Motor 1,Elevator,Building A,Block A1,2026-01-15 22:00:00,52.57,3.27,5.04,13.57,0.41,5906.77,8,74.92,93.03,EXCELLENT,0,0,144
FAC-001,FacilityOps Campus,AST-007,Elevator Motor 1,Elevator,Building A,Block A1,2026-01-15 23:00:00,58.75,2.98,5.17,21.96,0.6,5907.36,8,74.96,93.72,EXCELLENT,0,0,157
FAC-001,FacilityOps Campus,AST-007,Elevator Motor 1,Elevator,Building A,Block A1,2026-01-16 00:00:00,51.9,2.98,5.02,11.7,0.69,5908.05,8,75.0,93.67,EXCELLENT,0,0,174
FAC-001,FacilityOps Campus,AST-007,Elevator Motor 1,Elevator,Building A,Block A1,2026-01-16 01:00:00,55.33,2.66,5.0,24.83,0.84,5908.89,8,75.04,93.59,EXCELLENT,0,0,154
FAC-001,FacilityOps Campus,AST-007,Elevator Motor 1,Elevator,Building A,Block A1,2026-01-16 02:00:00,55.72,3.04,5.07,17.77,0.87,5909.76,8,75.08,93.87,EXCELLENT,0,0,169
FAC-001,FacilityOps Campus,AST-007,Elevator Motor 1,Elevator,Building A,Block A1,2026-01-16 03:00:00,56.53,2.93,5.16,18.23,0.64,5910.4,8,75.12,93.75,EXCELLENT,0,0,123
FAC-001,FacilityOps Campus,AST-007,Elevator Motor 1,Elevator,Building A,Block A1,2026-01-16 04:00:00,56.39,2.85,5.1,10.59,0.78,5911.17,8,75.17,93.99,EXCELLENT,0,0,147
FAC-001,FacilityOps Campus,AST-007,Elevator Motor 1,Elevator,Building A,Block A1,2026-01-16 05:00:00,54.91,2.62,5.17,23.91,0.97,5912.14,8,75.21,93.71,EXCELLENT,0,0,128
FAC-001,FacilityOps Campus,AST-007,Elevator Motor 1,Elevator,Building A,Block A1,2026-01-16 06:00:00,55.35,3.19,4.97,13.45,0.71,5912.86,8,75.25,93.49,EXCELLENT,0,0,120
FAC-001,FacilityOps Campus,AST-007,Elevator Motor 1,Elevator,Building A,Block A1,2026-01-16 07:00:00,59.05,2.76,4.93,20.17,0.68,5913.54,8,75.29,93.32,EXCELLENT,0,0,128
FAC-001,FacilityOps Campus,AST-007,Elevator Motor 1,Elevator,Building A,Block A1,2026-01-16 08:00:00,52.84,2.73,5.27,30.58,0.53,5914.07,8,75.33,93.33,EXCELLENT,0,0,120
FAC-001,FacilityOps Campus,AST-007,Elevator Motor 1,Elevator,Building A,Block A1,2026-01-16 09:00:00,50.97,3.01,5.0,33.46,0.66,5914.74,8,75.38,93.61,EXCELLENT,0,0,117
FAC-001,FacilityOps Campus,AST-007,Elevator Motor 1,Elevator,Building A,Block A1,2026-01-16 10:00:00,56.87,3.1,5.24,30.86,0.78,5915.52,8,75.42,93.43,EXCELLENT,0,0,127
FAC-001,FacilityOps Campus,AST-007,Elevator Motor 1,Elevator,Building A,Block A1,2026-01-16 11:00:00,59.25,2.9,5.24,30.42,0.68,5916.2,8,75.46,93.44,EXCELLENT,0,0,90
FAC-001,FacilityOps Campus,AST-007,Elevator Motor 1,Elevator,Building A,Block A1,2026-01-16 12:00:00,52.27,2.7,5.02,27.69,0.78,5916.98,8,75.5,93.67,EXCELLENT,0,0,156
FAC-001,FacilityOps Campus,AST-007,Elevator Motor 1,Elevator,Building A,Block A1,2026-01-16 13:00:00,50.7,2.36,5.47,39.04,0.78,5917.76,8,75.54,92.54,EXCELLENT,0,0,122
FAC-001,FacilityOps Campus,AST-007,Elevator Motor 1,Elevator,Building A,Block A1,2026-01-16 14:00:00,57.45,2.26,4.92,30.65,0.62,5918.39,8,75.58,93.3,EXCELLENT,0,0,101
FAC-001,FacilityOps Campus,AST-007,Elevator Motor 1,Elevator,Building A,Block A1,2026-01-16 15:00:00,53.1,3.08,4.69,29.81,0.86,5919.25,8,75.62,92.36,EXCELLENT,0,0,147
FAC-001,FacilityOps Campus,AST-007,Elevator Motor 1,Elevator,Building A,Block A1,2026-01-16 16:00:00,58.15,2.88,5.63,33.07,0.55,5919.8,8,75.67,91.88,EXCELLENT,0,0,133
FAC-001,FacilityOps Campus,AST-007,Elevator Motor 1,Elevator,Building A,Block A1,2026-01-16 17:00:00,52.37,2.7,5.44,24.1,0.67,5920.46,8,75.71,92.64,EXCELLENT,0,0,97
FAC-001,FacilityOps Campus,AST-007,Elevator Motor 1,Elevator,Building A,Block A1,2026-01-16 18:00:00,54.51,2.55,5.57,26.83,1.0,5921.46,8,75.75,92.1,EXCELLENT,0,0,139
FAC-001,FacilityOps Campus,AST-007,Elevator Motor 1,Elevator,Building A,Block A1,2026-01-16 19:00:00,57.77,2.55,4.94,20.39,0.94,5922.4,8,75.79,93.37,EXCELLENT,0,0,94
FAC-001,FacilityOps Campus,AST-007,Elevator Motor 1,Elevator,Building A,Block A1,2026-01-16 20:00:00,58.65,2.8,4.47,20.15,0.89,5923.29,8,75.83,91.46,EXCELLENT,0,0,158
FAC-001,FacilityOps Campus,AST-007,Elevator Motor 1,Elevator,Building A,Block A1,2026-01-16 21:00:00,51.23,2.7,4.62,15.65,0.59,5923.88,8,75.88,92.06,EXCELLENT,0,0,113
FAC-001,FacilityOps Campus,AST-007,Elevator Motor 1,Elevator,Building A,Block A1,2026-01-16 22:00:00,48.08,2.92,5.59,13.17,0.89,5924.78,8,75.92,92.03,EXCELLENT,0,0,146
FAC-001,FacilityOps Campus,AST-007,Elevator Motor 1,Elevator,Building A,Block A1,2026-01-16 23:00:00,61.72,2.88,5.19,12.63,0.67,5925.45,8,75.96,91.43,EXCELLENT,0,0,148
FAC-001,FacilityOps Campus,AST-007,Elevator Motor 1,Elevator,Building A,Block A1,2026-01-17 00:00:00,59.89,2.54,5.07,12.73,0.58,5926.03,8,76.0,93.88,EXCELLENT,0,0,117
FAC-001,FacilityOps Campus,AST-007,Elevator Motor 1,Elevator,Building A,Block A1,2026-01-17 01:00:00,55.95,2.66,4.48,14.91,0.78,5926.81,8,76.04,91.51,EXCELLENT,0,0,110
FAC-001,FacilityOps Campus,AST-007,Elevator Motor 1,Elevator,Building A,Block A1,2026-01-17 02:00:00,56.37,2.65,4.78,14.18,1.0,5927.81,8,76.08,92.72,EXCELLENT,0,0,157
FAC-001,FacilityOps Campus,AST-007,Elevator Motor 1,Elevator,Building A,Block A1,2026-01-17 03:00:00,57.24,2.5,4.89,23.54,0.41,5928.22,8,76.12,93.14,EXCELLENT,0,0,92
FAC-001,FacilityOps Campus,AST-007,Elevator Motor 1,Elevator,Building A,Block A1,2026-01-17 04:00:00,52.89,2.85,5.43,20.13,0.69,5928.91,8,76.17,92.67,EXCELLENT,0,0,128
FAC-001,FacilityOps Campus,AST-007,Elevator Motor 1,Elevator,Building A,Block A1,2026-01-17 05:00:00,55.96,2.8,5.32,13.14,0.99,5929.9,8,76.21,93.11,EXCELLENT,0,0,158
FAC-001,FacilityOps Campus,AST-007,Elevator Motor 1,Elevator,Building A,Block A1,2026-01-17 06:00:00,53.75,2.61,4.7,13.66,0.6,5930.5,8,76.25,92.41,EXCELLENT,0,0,143
FAC-001,FacilityOps Campus,AST-007,Elevator Motor 1,Elevator,Building A,Block A1,2026-01-17 07:00:00,58.14,2.9,5.02,20.24,0.42,5930.92,8,76.29,93.66,EXCELLENT,0,0,140
FAC-001,FacilityOps Campus,AST-007,Elevator Motor 1,Elevator,Building A,Block A1,2026-01-17 08:00:00,59.02,2.74,5.07,39.16,0.85,5931.78,8,76.33,93.89,EXCELLENT,0,0,166
FAC-001,FacilityOps Campus,AST-007,Elevator Motor 1,Elevator,Building A,Block A1,2026-01-17 09:00:00,54.67,3.26,5.2,28.57,0.82,5932.59,8,76.38,92.98,EXCELLENT,0,0,134
FAC-001,FacilityOps Campus,AST-007,Elevator Motor 1,Elevator,Building A,Block A1,2026-01-17 10:00:00,51.53,2.6,5.03,26.09,0.98,5933.57,8,76.42,93.74,EXCELLENT,0,0,133
FAC-001,FacilityOps Campus,AST-007,Elevator Motor 1,Elevator,Building A,Block A1,2026-01-17 11:00:00,53.12,2.66,4.9,39.59,0.55,5934.12,8,76.46,93.19,EXCELLENT,0,0,92
FAC-001,FacilityOps Campus,AST-007,Elevator Motor 1,Elevator,Building A,Block A1,2026-01-17 12:00:00,52.75,2.86,5.01,37.56,0.4,5934.52,8,76.5,93.63,EXCELLENT,0,0,169
FAC-001,FacilityOps Campus,AST-007,Elevator Motor 1,Elevator,Building A,Block A1,2026-01-17 13:00:00,53.66,2.9,5.19,31.7,0.58,5935.1,8,76.54,93.65,EXCELLENT,0,0,108
FAC-001,FacilityOps Campus,AST-007,Elevator Motor 1,Elevator,Building A,Block A1,2026-01-17 14:00:00,53.43,2.79,4.87,32.12,0.69,5935.8,8,76.58,93.09,EXCELLENT,0,0,159
FAC-001,FacilityOps Campus,AST-007,Elevator Motor 1,Elevator,Building A,Block A1,2026-01-17 15:00:00,61.12,2.85,4.97,34.91,0.59,5936.38,8,76.62,92.35,EXCELLENT,0,0,152
FAC-001,FacilityOps Campus,AST-007,Elevator Motor 1,Elevator,Building A,Block A1,2026-01-17 16:00:00,57.52,2.85,5.12,29.24,0.56,5936.95,8,76.67,93.92,EXCELLENT,0,0,90
FAC-001,FacilityOps Campus,AST-007,Elevator Motor 1,Elevator,Building A,Block A1,2026-01-17 17:00:00,52.0,2.75,4.87,36.04,0.59,5937.53,8,76.71,93.07,EXCELLENT,0,0,97
FAC-001,FacilityOps Campus,AST-007,Elevator Motor 1,Elevator,Building A,Block A1,2026-01-17 18:00:00,56.71,2.89,5.29,33.17,0.71,5938.24,8,76.75,93.22,EXCELLENT,0,0,101
FAC-001,FacilityOps Campus,AST-007,Elevator Motor 1,Elevator,Building A,Block A1,2026-01-17 19:00:00,63.37,4.41,7.04,22.86,0.67,5938.91,8,76.79,61.82,WARNING,1,0,21
FAC-001,FacilityOps Campus,AST-007,Elevator Motor 1,Elevator,Building A,Block A1,2026-01-17 20:00:00,52.58,2.8,5.38,21.94,0.76,5939.68,8,76.83,92.9,EXCELLENT,0,0,100
FAC-001,FacilityOps Campus,AST-007,Elevator Motor 1,Elevator,Building A,Block A1,2026-01-17 21:00:00,49.11,2.91,5.28,14.03,0.45,5940.12,8,76.88,93.3,EXCELLENT,0,0,122
FAC-001,FacilityOps Campus,AST-007,Elevator Motor 1,Elevator,Building A,Block A1,2026-01-17 22:00:00,53.21,2.7,5.18,21.28,0.74,5940.86,8,76.92,93.67,EXCELLENT,0,0,166
FAC-001,FacilityOps Campus,AST-007,Elevator Motor 1,Elevator,Building A,Block A1,2026-01-17 23:00:00,56.76,2.54,4.87,17.64,0.51,5941.37,8,76.96,93.08,EXCELLENT,0,0,142
FAC-001,FacilityOps Campus,AST-007,Elevator Motor 1,Elevator,Building A,Block A1,2026-01-18 00:00:00,57.07,2.98,5.12,17.62,0.51,5941.89,8,77.0,93.93,EXCELLENT,0,0,167
FAC-001,FacilityOps Campus,AST-007,Elevator Motor 1,Elevator,Building A,Block A1,2026-01-18 01:00:00,54.18,2.71,5.77,25.81,0.59,5942.48,8,77.04,91.33,EXCELLENT,0,0,164
FAC-001,FacilityOps Campus,AST-007,Elevator Motor 1,Elevator,Building A,Block A1,2026-01-18 02:00:00,89.63,4.34,5.54,33.78,0.99,5943.48,8,77.08,21.31,CRITICAL,1,1,0
FAC-001,FacilityOps Campus,AST-007,Elevator Motor 1,Elevator,Building A,Block A1,2026-01-18 03:00:00,54.66,2.81,5.29,14.63,0.67,5944.15,8,77.12,93.25,EXCELLENT,0,0,141
FAC-001,FacilityOps Campus,AST-007,Elevator Motor 1,Elevator,Building A,Block A1,2026-01-18 04:00:00,58.63,3.07,5.31,18.21,0.76,5944.91,8,77.17,93.15,EXCELLENT,0,0,103
FAC-001,FacilityOps Campus,AST-007,Elevator Motor 1,Elevator,Building A,Block A1,2026-01-18 05:00:00,52.44,2.83,5.0,15.6,0.73,5945.64,8,77.21,93.6,EXCELLENT,0,0,106
FAC-001,FacilityOps Campus,AST-007,Elevator Motor 1,Elevator,Building A,Block A1,2026-01-18 06:00:00,53.94,2.63,5.05,12.08,0.93,5946.57,8,77.25,93.81,EXCELLENT,0,0,108
FAC-001,FacilityOps Campus,AST-007,Elevator Motor 1,Elevator,Building A,Block A1,2026-01-18 07:00:00,53.5,2.81,4.82,16.84,0.69,5947.27,8,77.29,92.88,EXCELLENT,0,0,180
FAC-001,FacilityOps Campus,AST-007,Elevator Motor 1,Elevator,Building A,Block A1,2026-01-18 08:00:00,54.38,2.45,4.32,34.42,0.52,5947.78,8,77.33,90.87,EXCELLENT,0,0,179
FAC-001,FacilityOps Campus,AST-007,Elevator Motor 1,Elevator,Building A,Block A1,2026-01-18 09:00:00,54.54,2.84,5.26,36.27,0.5,5948.28,8,77.38,93.37,EXCELLENT,0,0,177
FAC-001,FacilityOps Campus,AST-007,Elevator Motor 1,Elevator,Building A,Block A1,2026-01-18 10:00:00,53.32,2.62,4.89,27.89,0.57,5948.85,8,77.42,93.14,EXCELLENT,0,0,146
FAC-001,FacilityOps Campus,AST-007,Elevator Motor 1,Elevator,Building A,Block A1,2026-01-18 11:00:00,55.18,2.79,5.09,27.52,0.77,5949.62,8,77.46,93.95,EXCELLENT,0,0,105
FAC-001,FacilityOps Campus,AST-007,Elevator Motor 1,Elevator,Building A,Block A1,2026-01-18 12:00:00,54.59,2.67,5.2,37.13,0.88,5950.5,8,77.5,93.59,EXCELLENT,0,0,101
FAC-001,FacilityOps Campus,AST-007,Elevator Motor 1,Elevator,Building A,Block A1,2026-01-18 13:00:00,61.36,2.42,4.84,36.1,0.91,5951.42,8,77.54,91.42,EXCELLENT,0,0,155
FAC-001,FacilityOps Campus,AST-007,Elevator Motor 1,Elevator,Building A,Block A1,2026-01-18 14:00:00,56.45,2.71,5.19,31.67,0.51,5951.93,8,77.58,93.64,EXCELLENT,0,0,172
FAC-001,FacilityOps Campus,AST-007,Elevator Motor 1,Elevator,Building A,Block A1,2026-01-18 15:00:00,51.7,2.47,5.45,36.38,0.82,5952.75,8,77.62,92.62,EXCELLENT,0,0,170
FAC-001,FacilityOps Campus,AST-007,Elevator Motor 1,Elevator,Building A,Block A1,2026-01-18 16:00:00,53.64,2.35,4.61,32.01,0.54,5953.29,8,77.67,92.06,EXCELLENT,0,0,172
FAC-001,FacilityOps Campus,AST-007,Elevator Motor 1,Elevator,Building A,Block A1,2026-01-18 17:00:00,76.3,4.35,5.17,44.36,0.41,5953.7,8,77.71,42.7,CRITICAL,1,1,1
FAC-001,FacilityOps Campus,AST-007,Elevator Motor 1,Elevator,Building A,Block A1,2026-01-18 18:00:00,54.95,2.94,4.83,32.06,0.69,5954.39,8,77.75,92.93,EXCELLENT,0,0,122
FAC-001,FacilityOps Campus,AST-007,Elevator Motor 1,Elevator,Building A,Block A1,2026-01-18 19:00:00,58.32,2.52,5.02,19.83,0.6,5955.0,8,77.79,93.67,EXCELLENT,0,0,118
FAC-001,FacilityOps Campus,AST-007,Elevator Motor 1,Elevator,Building A,Block A1,2026-01-18 20:00:00,55.22,2.67,5.83,17.08,0.79,5955.79,8,77.83,91.09,EXCELLENT,0,0,180
FAC-001,FacilityOps Campus,AST-007,Elevator Motor 1,Elevator,Building A,Block A1,2026-01-18 21:00:00,53.69,2.85,5.36,17.87,0.95,5956.74,8,77.88,92.94,EXCELLENT,0,0,91
FAC-001,FacilityOps Campus,AST-007,Elevator Motor 1,Elevator,Building A,Block A1,2026-01-18 22:00:00,53.02,2.78,5.57,20.58,0.66,5957.4,8,77.92,92.13,EXCELLENT,0,0,107
FAC-001,FacilityOps Campus,AST-007,Elevator Motor 1,Elevator,Building A,Block A1,2026-01-18 23:00:00,55.11,2.75,4.82,14.74,0.53,5957.93,8,77.96,92.9,EXCELLENT,0,0,97
FAC-001,FacilityOps Campus,AST-007,Elevator Motor 1,Elevator,Building A,Block A1,2026-01-19 00:00:00,54.7,2.6,5.61,17.54,0.49,5958.42,8,78.0,91.96,EXCELLENT,0,0,124
FAC-001,FacilityOps Campus,AST-007,Elevator Motor 1,Elevator,Building A,Block A1,2026-01-19 01:00:00,56.97,3.05,4.4,23.5,0.49,5958.91,8,78.04,91.2,EXCELLENT,0,0,136
FAC-001,FacilityOps Campus,AST-007,Elevator Motor 1,Elevator,Building A,Block A1,2026-01-19 02:00:00,50.31,2.9,5.04,12.12,0.47,5959.39,8,78.08,93.76,EXCELLENT,0,0,127
FAC-001,FacilityOps Campus,AST-007,Elevator Motor 1,Elevator,Building A,Block A1,2026-01-19 03:00:00,55.02,2.89,5.41,20.27,0.68,5960.06,8,78.12,92.78,EXCELLENT,0,0,164
FAC-001,FacilityOps Campus,AST-007,Elevator Motor 1,Elevator,Building A,Block A1,2026-01-19 04:00:00,56.5,2.48,5.37,17.49,0.58,5960.64,8,78.17,92.91,EXCELLENT,0,0,175
FAC-001,FacilityOps Campus,AST-007,Elevator Motor 1,Elevator,Building A,Block A1,2026-01-19 05:00:00,52.89,3.15,5.15,18.01,0.49,5961.13,8,78.21,93.8,EXCELLENT,0,0,103
FAC-001,FacilityOps Campus,AST-007,Elevator Motor 1,Elevator,Building A,Block A1,2026-01-19 06:00:00,51.96,3.14,5.31,23.12,0.52,5961.65,8,78.25,93.17,EXCELLENT,0,0,112
FAC-001,FacilityOps Campus,AST-007,Elevator Motor 1,Elevator,Building A,Block A1,2026-01-19 07:00:00,56.46,2.76,4.93,19.0,0.67,5962.32,8,78.29,93.3,EXCELLENT,0,0,178
FAC-001,FacilityOps Campus,AST-007,Elevator Motor 1,Elevator,Building A,Block A1,2026-01-19 08:00:00,58.88,2.87,5.35,22.29,0.48,5962.8,8,78.33,93.0,EXCELLENT,0,0,107
FAC-001,FacilityOps Campus,AST-007,Elevator Motor 1,Elevator,Building A,Block A1,2026-01-19 09:00:00,53.32,2.94,5.64,27.95,0.75,5963.55,8,78.38,91.84,EXCELLENT,0,0,172
FAC-001,FacilityOps Campus,AST-007,Elevator Motor 1,Elevator,Building A,Block A1,2026-01-19 10:00:00,59.77,2.5,5.47,27.61,0.75,5964.3,8,78.42,92.53,EXCELLENT,0,0,122
FAC-001,FacilityOps Campus,AST-007,Elevator Motor 1,Elevator,Building A,Block A1,2026-01-19 11:00:00,55.53,2.82,4.76,26.59,0.9,5965.2,8,78.46,92.64,EXCELLENT,0,0,154
FAC-001,FacilityOps Campus,AST-007,Elevator Motor 1,Elevator,Building A,Block A1,2026-01-19 12:00:00,57.54,2.47,5.29,29.24,0.75,5965.95,8,78.5,93.22,EXCELLENT,0,0,164
FAC-001,FacilityOps Campus,AST-007,Elevator Motor 1,Elevator,Building A,Block A1,2026-01-19 13:00:00,53.65,2.92,5.2,29.91,0.91,5966.86,8,78.54,93.59,EXCELLENT,0,0,157
FAC-001,FacilityOps Campus,AST-007,Elevator Motor 1,Elevator,Building A,Block A1,2026-01-19 14:00:00,57.45,2.81,4.69,25.37,0.82,5967.69,8,78.58,92.35,EXCELLENT,0,0,94
FAC-001,FacilityOps Campus,AST-007,Elevator Motor 1,Elevator,Building A,Block A1,2026-01-19 15:00:00,57.99,2.4,5.78,31.26,0.53,5968.22,8,78.62,91.3,EXCELLENT,0,0,124
FAC-001,FacilityOps Campus,AST-007,Elevator Motor 1,Elevator,Building A,Block A1,2026-01-19 16:00:00,51.89,2.97,4.88,28.31,0.68,5968.89,8,78.67,93.1,EXCELLENT,0,0,139
FAC-001,FacilityOps Campus,AST-007,Elevator Motor 1,Elevator,Building A,Block A1,2026-01-19 17:00:00,57.66,3.02,5.23,33.85,0.74,5969.63,8,78.71,93.5,EXCELLENT,0,0,167
FAC-001,FacilityOps Campus,AST-007,Elevator Motor 1,Elevator,Building A,Block A1,2026-01-19 18:00:00,55.38,2.52,4.89,33.22,0.66,5970.29,8,78.75,93.17,EXCELLENT,0,0,149
FAC-001,FacilityOps Campus,AST-007,Elevator Motor 1,Elevator,Building A,Block A1,2026-01-19 19:00:00,55.97,2.43,5.22,26.17,0.73,5971.02,8,78.79,93.53,EXCELLENT,0,0,156
FAC-001,FacilityOps Campus,AST-007,Elevator Motor 1,Elevator,Building A,Block A1,2026-01-19 20:00:00,56.95,2.71,5.2,13.55,0.84,5971.86,8,78.83,93.61,EXCELLENT,0,0,115
FAC-001,FacilityOps Campus,AST-007,Elevator Motor 1,Elevator,Building A,Block A1,2026-01-19 21:00:00,57.57,2.82,4.99,16.79,0.99,5972.84,8,78.88,93.57,EXCELLENT,0,0,175
FAC-001,FacilityOps Campus,AST-007,Elevator Motor 1,Elevator,Building A,Block A1,2026-01-19 22:00:00,53.23,3.19,4.89,18.31,0.75,5973.59,8,78.92,93.16,EXCELLENT,0,0,120
FAC-001,FacilityOps Campus,AST-007,Elevator Motor 1,Elevator,Building A,Block A1,2026-01-19 23:00:00,61.31,2.68,5.08,20.02,0.43,5974.02,8,78.96,92.42,EXCELLENT,0,0,108
FAC-001,FacilityOps Campus,AST-007,Elevator Motor 1,Elevator,Building A,Block A1,2026-01-20 00:00:00,53.34,3.06,5.2,16.82,0.89,5974.91,8,79.0,93.6,EXCELLENT,0,0,110
FAC-001,FacilityOps Campus,AST-007,Elevator Motor 1,Elevator,Building A,Block A1,2026-01-20 01:00:00,56.83,2.87,5.4,16.23,0.46,5975.38,8,79.04,92.78,EXCELLENT,0,0,144
FAC-001,FacilityOps Campus,AST-007,Elevator Motor 1,Elevator,Building A,Block A1,2026-01-20 02:00:00,50.99,2.91,4.58,17.85,0.99,5976.36,8,79.08,91.92,EXCELLENT,0,0,157
FAC-001,FacilityOps Campus,AST-007,Elevator Motor 1,Elevator,Building A,Block A1,2026-01-20 03:00:00,54.54,2.93,5.48,19.43,0.52,5976.88,8,79.12,92.46,EXCELLENT,0,0,175
FAC-001,FacilityOps Campus,AST-007,Elevator Motor 1,Elevator,Building A,Block A1,2026-01-20 04:00:00,107.48,3.7,3.68,18.17,0.85,5977.73,8,79.17,0.0,CRITICAL,1,1,6
FAC-001,FacilityOps Campus,AST-007,Elevator Motor 1,Elevator,Building A,Block A1,2026-01-20 05:00:00,52.71,2.55,5.53,22.07,0.52,5978.25,8,79.21,92.27,EXCELLENT,0,0,150
FAC-001,FacilityOps Campus,AST-007,Elevator Motor 1,Elevator,Building A,Block A1,2026-01-20 06:00:00,57.39,2.53,5.4,20.73,0.54,5978.79,8,79.25,92.82,EXCELLENT,0,0,116
FAC-001,FacilityOps Campus,AST-007,Elevator Motor 1,Elevator,Building A,Block A1,2026-01-20 07:00:00,55.73,2.94,4.95,12.46,0.56,5979.35,8,79.29,93.38,EXCELLENT,0,0,146
FAC-001,FacilityOps Campus,AST-007,Elevator Motor 1,Elevator,Building A,Block A1,2026-01-20 08:00:00,52.65,3.03,5.12,31.57,0.9,5980.25,8,79.33,93.92,EXCELLENT,0,0,177
FAC-001,FacilityOps Campus,AST-007,Elevator Motor 1,Elevator,Building A,Block A1,2026-01-20 09:00:00,56.38,2.84,5.15,37.7,0.57,5980.82,8,79.38,93.8,EXCELLENT,0,0,110
FAC-001,FacilityOps Campus,AST-007,Elevator Motor 1,Elevator,Building A,Block A1,2026-01-20 10:00:00,54.35,2.73,4.71,33.92,0.66,5981.48,8,79.42,92.44,EXCELLENT,0,0,105
FAC-001,FacilityOps Campus,AST-007,Elevator Motor 1,Elevator,Building A,Block A1,2026-01-20 11:00:00,57.69,3.01,5.08,33.39,0.45,5981.93,8,79.46,93.94,EXCELLENT,0,0,105
FAC-001,FacilityOps Campus,AST-007,Elevator Motor 1,Elevator,Building A,Block A1,2026-01-20 12:00:00,56.65,2.87,4.89,33.89,0.92,5982.85,8,79.5,93.15,EXCELLENT,0,0,99
FAC-001,FacilityOps Campus,AST-007,Elevator Motor 1,Elevator,Building A,Block A1,2026-01-20 13:00:00,53.06,2.55,4.49,38.02,0.74,5983.59,8,79.54,91.56,EXCELLENT,0,0,127
FAC-001,FacilityOps Campus,AST-007,Elevator Motor 1,Elevator,Building A,Block A1,2026-01-20 14:00:00,57.46,2.68,4.74,38.21,0.82,5984.42,8,79.58,92.57,EXCELLENT,0,0,129
FAC-001,FacilityOps Campus,AST-007,Elevator Motor 1,Elevator,Building A,Block A1,2026-01-20 15:00:00,57.51,3.05,5.15,35.38,0.51,5984.92,8,79.62,93.82,EXCELLENT,0,0,180
FAC-001,FacilityOps Campus,AST-007,Elevator Motor 1,Elevator,Building A,Block A1,2026-01-20 16:00:00,52.49,2.73,5.56,36.33,0.49,5985.42,8,79.67,92.18,EXCELLENT,0,0,146
FAC-001,FacilityOps Campus,AST-007,Elevator Motor 1,Elevator,Building A,Block A1,2026-01-20 17:00:00,57.71,2.9,5.21,37.01,0.52,5985.94,8,79.71,93.54,EXCELLENT,0,0,129
FAC-001,FacilityOps Campus,AST-007,Elevator Motor 1,Elevator,Building A,Block A1,2026-01-20 18:00:00,56.08,2.52,5.23,33.16,0.42,5986.36,8,79.75,93.47,EXCELLENT,0,0,157
FAC-001,FacilityOps Campus,AST-007,Elevator Motor 1,Elevator,Building A,Block A1,2026-01-20 19:00:00,52.75,2.75,4.58,23.09,0.71,5987.06,8,79.79,91.92,EXCELLENT,0,0,122
FAC-001,FacilityOps Campus,AST-007,Elevator Motor 1,Elevator,Building A,Block A1,2026-01-20 20:00:00,53.24,2.76,4.76,27.28,0.99,5988.05,8,79.83,92.63,EXCELLENT,0,0,103
FAC-001,FacilityOps Campus,AST-007,Elevator Motor 1,Elevator,Building A,Block A1,2026-01-20 21:00:00,55.7,2.96,4.88,21.14,0.71,5988.76,8,79.88,93.13,EXCELLENT,0,0,97
FAC-001,FacilityOps Campus,AST-007,Elevator Motor 1,Elevator,Building A,Block A1,2026-01-20 22:00:00,55.02,2.96,5.37,21.57,0.95,5989.71,8,79.92,92.91,EXCELLENT,0,0,119
FAC-001,FacilityOps Campus,AST-007,Elevator Motor 1,Elevator,Building A,Block A1,2026-01-20 23:00:00,51.29,2.61,4.94,19.36,0.98,5990.7,8,79.96,93.36,EXCELLENT,0,0,102
FAC-001,FacilityOps Campus,AST-007,Elevator Motor 1,Elevator,Building A,Block A1,2026-01-21 00:00:00,53.14,2.57,4.73,14.35,0.5,5991.19,8,80.0,92.53,EXCELLENT,0,0,104
FAC-001,FacilityOps Campus,AST-007,Elevator Motor 1,Elevator,Building A,Block A1,2026-01-21 01:00:00,55.59,3.05,4.86,24.09,0.74,5991.94,8,80.04,93.05,EXCELLENT,0,0,155
FAC-001,FacilityOps Campus,AST-007,Elevator Motor 1,Elevator,Building A,Block A1,2026-01-21 02:00:00,58.83,2.44,5.33,17.63,0.74,5992.68,8,80.08,93.1,EXCELLENT,0,0,95
FAC-001,FacilityOps Campus,AST-007,Elevator Motor 1,Elevator,Building A,Block A1,2026-01-21 03:00:00,57.65,2.7,5.2,17.48,0.75,5993.43,8,80.12,93.58,EXCELLENT,0,0,115
FAC-001,FacilityOps Campus,AST-007,Elevator Motor 1,Elevator,Building A,Block A1,2026-01-21 04:00:00,57.31,3.04,5.19,25.12,0.89,5994.32,8,80.17,93.65,EXCELLENT,0,0,112
FAC-001,FacilityOps Campus,AST-007,Elevator Motor 1,Elevator,Building A,Block A1,2026-01-21 05:00:00,51.62,2.65,5.23,14.77,0.95,5995.27,8,80.21,93.48,EXCELLENT,0,0,167
FAC-001,FacilityOps Campus,AST-007,Elevator Motor 1,Elevator,Building A,Block A1,2026-01-21 06:00:00,55.2,2.59,5.37,11.46,0.48,5995.75,8,80.25,92.93,EXCELLENT,0,0,120
FAC-001,FacilityOps Campus,AST-007,Elevator Motor 1,Elevator,Building A,Block A1,2026-01-21 07:00:00,55.87,2.88,5.14,16.49,0.74,5996.49,8,80.29,93.83,EXCELLENT,0,0,127
FAC-001,FacilityOps Campus,AST-007,Elevator Motor 1,Elevator,Building A,Block A1,2026-01-21 08:00:00,58.14,2.66,5.52,25.96,0.81,5997.3,8,80.33,92.33,EXCELLENT,0,0,155
FAC-001,FacilityOps Campus,AST-007,Elevator Motor 1,Elevator,Building A,Block A1,2026-01-21 09:00:00,56.08,2.34,5.79,32.16,0.74,5998.04,8,80.38,91.24,EXCELLENT,0,0,120
FAC-001,FacilityOps Campus,AST-007,Elevator Motor 1,Elevator,Building A,Block A1,2026-01-21 10:00:00,51.92,2.89,4.46,31.72,0.46,5998.51,8,80.42,91.45,EXCELLENT,0,0,107
FAC-001,FacilityOps Campus,AST-007,Elevator Motor 1,Elevator,Building A,Block A1,2026-01-21 11:00:00,56.56,2.65,5.03,30.87,0.94,5999.44,8,80.46,93.73,EXCELLENT,0,0,135
FAC-001,FacilityOps Campus,AST-007,Elevator Motor 1,Elevator,Building A,Block A1,2026-01-21 12:00:00,59.0,2.8,5.41,32.09,0.94,6000.38,8,80.5,92.76,EXCELLENT,0,0,137
FAC-001,FacilityOps Campus,AST-007,Elevator Motor 1,Elevator,Building A,Block A1,2026-01-21 13:00:00,57.38,2.46,5.22,35.11,0.69,6001.07,8,80.54,93.52,EXCELLENT,0,0,90
FAC-001,FacilityOps Campus,AST-007,Elevator Motor 1,Elevator,Building A,Block A1,2026-01-21 14:00:00,54.3,2.74,4.89,26.89,0.59,6001.66,8,80.58,93.15,EXCELLENT,0,0,91
FAC-001,FacilityOps Campus,AST-007,Elevator Motor 1,Elevator,Building A,Block A1,2026-01-21 15:00:00,64.51,3.99,5.93,47.56,0.67,6002.33,8,80.62,63.7,WARNING,1,0,27
FAC-001,FacilityOps Campus,AST-007,Elevator Motor 1,Elevator,Building A,Block A1,2026-01-21 16:00:00,54.77,2.72,5.43,35.98,0.84,6003.17,8,80.67,92.69,EXCELLENT,0,0,160
FAC-001,FacilityOps Campus,AST-007,Elevator Motor 1,Elevator,Building A,Block A1,2026-01-21 17:00:00,57.69,2.92,5.02,34.98,0.57,6003.73,8,80.71,93.69,EXCELLENT,0,0,103
FAC-001,FacilityOps Campus,AST-007,Elevator Motor 1,Elevator,Building A,Block A1,2026-01-21 18:00:00,54.34,2.77,5.17,39.78,0.54,6004.27,8,80.75,93.73,EXCELLENT,0,0,164
FAC-001,FacilityOps Campus,AST-007,Elevator Motor 1,Elevator,Building A,Block A1,2026-01-21 19:00:00,56.81,2.5,5.49,22.64,0.78,6005.05,8,80.79,92.42,EXCELLENT,0,0,122
FAC-001,FacilityOps Campus,AST-007,Elevator Motor 1,Elevator,Building A,Block A1,2026-01-21 20:00:00,55.96,2.79,4.68,19.73,0.52,6005.57,8,80.83,92.33,EXCELLENT,0,0,161
FAC-001,FacilityOps Campus,AST-007,Elevator Motor 1,Elevator,Building A,Block A1,2026-01-21 21:00:00,53.62,2.62,4.97,15.79,0.44,6006.01,8,80.88,93.5,EXCELLENT,0,0,169
FAC-001,FacilityOps Campus,AST-007,Elevator Motor 1,Elevator,Building A,Block A1,2026-01-21 22:00:00,73.83,4.64,5.9,26.8,0.61,6006.62,8,80.92,43.74,CRITICAL,1,1,4
FAC-001,FacilityOps Campus,AST-007,Elevator Motor 1,Elevator,Building A,Block A1,2026-01-21 23:00:00,55.68,2.42,4.82,12.4,0.97,6007.59,8,80.96,92.89,EXCELLENT,0,0,104
FAC-001,FacilityOps Campus,AST-007,Elevator Motor 1,Elevator,Building A,Block A1,2026-01-22 00:00:00,59.18,2.89,5.12,18.23,0.91,6008.5,8,81.0,93.92,EXCELLENT,0,0,117
FAC-001,FacilityOps Campus,AST-007,Elevator Motor 1,Elevator,Building A,Block A1,2026-01-22 01:00:00,60.88,4.17,3.99,23.59,0.55,6009.05,8,81.04,73.59,GOOD,1,0,49
FAC-001,FacilityOps Campus,AST-007,Elevator Motor 1,Elevator,Building A,Block A1,2026-01-22 02:00:00,53.29,2.82,4.78,23.87,0.88,6009.93,8,81.08,92.7,EXCELLENT,0,0,137
FAC-001,FacilityOps Campus,AST-007,Elevator Motor 1,Elevator,Building A,Block A1,2026-01-22 03:00:00,52.96,2.62,4.34,25.41,0.66,6010.59,8,81.12,90.95,EXCELLENT,0,0,135
FAC-001,FacilityOps Campus,AST-007,Elevator Motor 1,Elevator,Building A,Block A1,2026-01-22 04:00:00,55.36,3.07,5.25,17.59,0.68,6011.27,8,81.17,93.39,EXCELLENT,0,0,115
FAC-001,FacilityOps Campus,AST-007,Elevator Motor 1,Elevator,Building A,Block A1,2026-01-22 05:00:00,51.92,2.87,5.53,17.99,0.58,6011.85,8,81.21,92.28,EXCELLENT,0,0,112
FAC-001,FacilityOps Campus,AST-007,Elevator Motor 1,Elevator,Building A,Block A1,2026-01-22 06:00:00,54.1,2.73,5.16,21.2,0.67,6012.52,8,81.25,93.78,EXCELLENT,0,0,160
FAC-001,FacilityOps Campus,AST-007,Elevator Motor 1,Elevator,Building A,Block A1,2026-01-22 07:00:00,57.71,2.61,5.24,10.16,0.65,6013.17,8,81.29,93.42,EXCELLENT,0,0,90
FAC-001,FacilityOps Campus,AST-007,Elevator Motor 1,Elevator,Building A,Block A1,2026-01-22 08:00:00,54.11,2.57,5.64,36.0,0.56,6013.73,8,81.33,91.86,EXCELLENT,0,0,180
FAC-001,FacilityOps Campus,AST-007,Elevator Motor 1,Elevator,Building A,Block A1,2026-01-22 09:00:00,55.72,2.91,4.84,28.08,0.9,6014.63,8,81.38,92.97,EXCELLENT,0,0,94
FAC-001,FacilityOps Campus,AST-007,Elevator Motor 1,Elevator,Building A,Block A1,2026-01-22 10:00:00,56.41,2.74,5.28,26.91,0.47,6015.1,8,81.42,93.28,EXCELLENT,0,0,171
FAC-001,FacilityOps Campus,AST-007,Elevator Motor 1,Elevator,Building A,Block A1,2026-01-22 11:00:00,71.35,3.7,3.6,37.73,0.46,6015.56,8,81.46,60.54,WARNING,1,0,29
FAC-001,FacilityOps Campus,AST-007,Elevator Motor 1,Elevator,Building A,Block A1,2026-01-22 12:00:00,54.01,2.95,5.2,27.86,0.51,6016.06,8,81.5,93.6,EXCELLENT,0,0,105
FAC-001,FacilityOps Campus,AST-007,Elevator Motor 1,Elevator,Building A,Block A1,2026-01-22 13:00:00,63.21,3.88,4.1,31.13,0.86,6016.92,8,81.54,74.4,GOOD,1,0,85
FAC-001,FacilityOps Campus,AST-007,Elevator Motor 1,Elevator,Building A,Block A1,2026-01-22 14:00:00,51.79,2.83,4.85,31.28,0.68,6017.6,8,81.58,92.98,EXCELLENT,0,0,124
FAC-001,FacilityOps Campus,AST-007,Elevator Motor 1,Elevator,Building A,Block A1,2026-01-22 15:00:00,54.86,2.36,5.34,35.12,0.91,6018.5,8,81.62,93.03,EXCELLENT,0,0,177
FAC-001,FacilityOps Campus,AST-007,Elevator Motor 1,Elevator,Building A,Block A1,2026-01-22 16:00:00,58.52,2.85,4.85,40.67,0.99,6019.49,8,81.67,92.58,EXCELLENT,0,0,145
FAC-001,FacilityOps Campus,AST-007,Elevator Motor 1,Elevator,Building A,Block A1,2026-01-22 17:00:00,75.21,4.62,4.65,48.19,0.7,6020.19,8,81.71,35.05,CRITICAL,1,1,2
FAC-001,FacilityOps Campus,AST-007,Elevator Motor 1,Elevator,Building A,Block A1,2026-01-22 18:00:00,54.95,2.89,4.95,26.78,0.41,6020.6,8,81.75,93.39,EXCELLENT,0,0,113
FAC-001,FacilityOps Campus,AST-007,Elevator Motor 1,Elevator,Building A,Block A1,2026-01-22 19:00:00,53.63,3.01,5.25,18.42,0.47,6021.07,8,81.79,93.41,EXCELLENT,0,0,119
FAC-001,FacilityOps Campus,AST-007,Elevator Motor 1,Elevator,Building A,Block A1,2026-01-22 20:00:00,52.63,2.79,5.27,18.84,0.69,6021.76,8,81.83,93.32,EXCELLENT,0,0,152
FAC-001,FacilityOps Campus,AST-007,Elevator Motor 1,Elevator,Building A,Block A1,2026-01-22 21:00:00,55.64,2.34,4.99,19.61,0.58,6022.34,8,81.88,93.58,EXCELLENT,0,0,161
FAC-001,FacilityOps Campus,AST-007,Elevator Motor 1,Elevator,Building A,Block A1,2026-01-22 22:00:00,55.14,3.28,5.26,15.27,0.86,6023.2,8,81.92,92.37,EXCELLENT,0,0,168
FAC-001,FacilityOps Campus,AST-007,Elevator Motor 1,Elevator,Building A,Block A1,2026-01-22 23:00:00,56.7,2.39,4.79,14.16,0.62,6023.82,8,81.96,92.75,EXCELLENT,0,0,126
FAC-001,FacilityOps Campus,AST-007,Elevator Motor 1,Elevator,Building A,Block A1,2026-01-23 00:00:00,53.91,2.94,5.25,18.77,0.58,6024.4,8,82.0,93.39,EXCELLENT,0,0,172
FAC-001,FacilityOps Campus,AST-007,Elevator Motor 1,Elevator,Building A,Block A1,2026-01-23 01:00:00,55.37,2.37,5.09,25.01,0.45,6024.85,8,82.04,93.98,EXCELLENT,0,0,144
FAC-001,FacilityOps Campus,AST-007,Elevator Motor 1,Elevator,Building A,Block A1,2026-01-23 02:00:00,58.91,2.68,5.84,22.47,0.8,6025.65,8,82.08,91.02,EXCELLENT,0,0,145
FAC-001,FacilityOps Campus,AST-007,Elevator Motor 1,Elevator,Building A,Block A1,2026-01-23 03:00:00,58.18,2.61,4.97,22.21,0.8,6026.45,8,82.12,93.48,EXCELLENT,0,0,150
FAC-001,FacilityOps Campus,AST-007,Elevator Motor 1,Elevator,Building A,Block A1,2026-01-23 04:00:00,51.37,2.78,4.84,11.83,0.84,6027.29,8,82.17,92.98,EXCELLENT,0,0,103
FAC-001,FacilityOps Campus,AST-007,Elevator Motor 1,Elevator,Building A,Block A1,2026-01-23 05:00:00,55.61,2.88,4.96,21.18,0.69,6027.99,8,82.21,93.42,EXCELLENT,0,0,152
FAC-001,FacilityOps Campus,AST-007,Elevator Motor 1,Elevator,Building A,Block A1,2026-01-23 06:00:00,54.82,3.47,5.0,19.4,0.71,6028.7,8,82.25,89.52,EXCELLENT,0,0,153
FAC-001,FacilityOps Campus,AST-007,Elevator Motor 1,Elevator,Building A,Block A1,2026-01-23 07:00:00,56.89,2.66,5.17,9.86,0.67,6029.37,8,82.29,93.74,EXCELLENT,0,0,161
FAC-001,FacilityOps Campus,AST-007,Elevator Motor 1,Elevator,Building A,Block A1,2026-01-23 08:00:00,55.55,2.5,5.13,38.88,0.73,6030.1,8,82.33,93.88,EXCELLENT,0,0,117
FAC-001,FacilityOps Campus,AST-007,Elevator Motor 1,Elevator,Building A,Block A1,2026-01-23 09:00:00,56.88,2.95,5.46,29.24,0.66,6030.76,8,82.38,92.56,EXCELLENT,0,0,129
FAC-001,FacilityOps Campus,AST-007,Elevator Motor 1,Elevator,Building A,Block A1,2026-01-23 10:00:00,57.54,2.65,5.25,35.6,0.94,6031.7,8,82.42,93.39,EXCELLENT,0,0,161
FAC-001,FacilityOps Campus,AST-007,Elevator Motor 1,Elevator,Building A,Block A1,2026-01-23 11:00:00,55.1,2.74,4.99,29.72,0.47,6032.17,8,82.46,93.55,EXCELLENT,0,0,110
FAC-001,FacilityOps Campus,AST-007,Elevator Motor 1,Elevator,Building A,Block A1,2026-01-23 12:00:00,58.54,2.85,5.65,27.19,0.93,6033.1,8,82.5,91.79,EXCELLENT,0,0,128
FAC-001,FacilityOps Campus,AST-007,Elevator Motor 1,Elevator,Building A,Block A1,2026-01-23 13:00:00,61.3,3.04,5.06,39.63,0.73,6033.83,8,82.54,92.38,EXCELLENT,0,0,119
FAC-001,FacilityOps Campus,AST-007,Elevator Motor 1,Elevator,Building A,Block A1,2026-01-23 14:00:00,74.38,4.39,4.71,37.05,0.68,6034.51,8,82.58,48.4,CRITICAL,1,1,5
FAC-001,FacilityOps Campus,AST-007,Elevator Motor 1,Elevator,Building A,Block A1,2026-01-23 15:00:00,52.81,3.02,5.41,32.16,0.73,6035.24,8,82.62,92.76,EXCELLENT,0,0,94
FAC-001,FacilityOps Campus,AST-007,Elevator Motor 1,Elevator,Building A,Block A1,2026-01-23 16:00:00,57.13,2.7,5.09,24.68,0.55,6035.79,8,82.67,93.95,EXCELLENT,0,0,105
FAC-001,FacilityOps Campus,AST-007,Elevator Motor 1,Elevator,Building A,Block A1,2026-01-23 17:00:00,57.29,2.6,5.48,34.44,0.79,6036.58,8,82.71,92.49,EXCELLENT,0,0,150
FAC-001,FacilityOps Campus,AST-007,Elevator Motor 1,Elevator,Building A,Block A1,2026-01-23 18:00:00,69.69,3.96,4.59,47.03,0.62,6037.19,8,82.75,56.56,WARNING,1,0,19
FAC-001,FacilityOps Campus,AST-007,Elevator Motor 1,Elevator,Building A,Block A1,2026-01-23 19:00:00,54.2,2.52,5.5,19.91,0.51,6037.7,8,82.79,92.41,EXCELLENT,0,0,175
FAC-001,FacilityOps Campus,AST-007,Elevator Motor 1,Elevator,Building A,Block A1,2026-01-23 20:00:00,57.08,2.89,5.46,16.9,0.96,6038.66,8,82.83,92.57,EXCELLENT,0,0,173
FAC-001,FacilityOps Campus,AST-007,Elevator Motor 1,Elevator,Building A,Block A1,2026-01-23 21:00:00,55.29,2.54,5.32,22.86,0.82,6039.48,8,82.88,93.11,EXCELLENT,0,0,129
FAC-001,FacilityOps Campus,AST-007,Elevator Motor 1,Elevator,Building A,Block A1,2026-01-23 22:00:00,56.05,3.06,5.0,22.22,0.42,6039.89,8,82.92,93.62,EXCELLENT,0,0,134
FAC-001,FacilityOps Campus,AST-007,Elevator Motor 1,Elevator,Building A,Block A1,2026-01-23 23:00:00,54.93,2.84,4.75,23.13,0.7,6040.59,8,82.96,92.58,EXCELLENT,0,0,100
FAC-001,FacilityOps Campus,AST-007,Elevator Motor 1,Elevator,Building A,Block A1,2026-01-24 00:00:00,55.31,2.78,5.24,21.43,0.8,6041.39,8,83.0,93.46,EXCELLENT,0,0,158
FAC-001,FacilityOps Campus,AST-007,Elevator Motor 1,Elevator,Building A,Block A1,2026-01-24 01:00:00,60.72,2.77,4.78,25.82,0.54,6041.93,8,83.04,92.33,EXCELLENT,0,0,91
FAC-001,FacilityOps Campus,AST-007,Elevator Motor 1,Elevator,Building A,Block A1,2026-01-24 02:00:00,57.33,2.14,5.38,11.81,0.43,6042.36,8,83.08,92.89,EXCELLENT,0,0,90
FAC-001,FacilityOps Campus,AST-007,Elevator Motor 1,Elevator,Building A,Block A1,2026-01-24 03:00:00,57.29,3.1,4.11,21.81,0.68,6043.04,8,83.12,90.03,EXCELLENT,0,0,154
FAC-001,FacilityOps Campus,AST-007,Elevator Motor 1,Elevator,Building A,Block A1,2026-01-24 04:00:00,56.65,3.37,5.07,17.54,0.8,6043.84,8,83.17,91.49,EXCELLENT,0,0,125
FAC-001,FacilityOps Campus,AST-007,Elevator Motor 1,Elevator,Building A,Block A1,2026-01-24 05:00:00,52.74,3.18,5.22,22.19,0.55,6044.39,8,83.21,93.53,EXCELLENT,0,0,96
FAC-001,FacilityOps Campus,AST-007,Elevator Motor 1,Elevator,Building A,Block A1,2026-01-24 06:00:00,82.5,4.72,6.13,20.88,0.51,6044.9,8,83.25,25.85,CRITICAL,1,1,1
FAC-001,FacilityOps Campus,AST-007,Elevator Motor 1,Elevator,Building A,Block A1,2026-01-24 07:00:00,55.73,2.65,4.63,17.5,0.63,6045.53,8,83.29,92.1,EXCELLENT,0,0,134
FAC-001,FacilityOps Campus,AST-007,Elevator Motor 1,Elevator,Building A,Block A1,2026-01-24 08:00:00,58.4,2.65,5.07,35.71,0.75,6046.28,8,83.33,93.88,EXCELLENT,0,0,116
FAC-001,FacilityOps Campus,AST-007,Elevator Motor 1,Elevator,Building A,Block A1,2026-01-24 09:00:00,58.88,3.46,5.26,32.2,0.63,6046.92,8,83.38,89.52,EXCELLENT,0,0,122
FAC-001,FacilityOps Campus,AST-007,Elevator Motor 1,Elevator,Building A,Block A1,2026-01-24 10:00:00,57.82,2.65,4.91,27.84,0.62,6047.54,8,83.42,93.24,EXCELLENT,0,0,180
FAC-001,FacilityOps Campus,AST-007,Elevator Motor 1,Elevator,Building A,Block A1,2026-01-24 11:00:00,54.84,2.67,4.81,35.04,0.62,6048.16,8,83.46,92.83,EXCELLENT,0,0,143
FAC-001,FacilityOps Campus,AST-007,Elevator Motor 1,Elevator,Building A,Block A1,2026-01-24 12:00:00,55.56,2.62,5.03,24.98,0.63,6048.8,8,83.5,93.72,EXCELLENT,0,0,156
FAC-001,FacilityOps Campus,AST-007,Elevator Motor 1,Elevator,Building A,Block A1,2026-01-24 13:00:00,52.84,2.48,4.89,29.63,0.47,6049.27,8,83.54,93.16,EXCELLENT,0,0,156
FAC-001,FacilityOps Campus,AST-007,Elevator Motor 1,Elevator,Building A,Block A1,2026-01-24 14:00:00,56.6,2.75,5.54,39.75,0.72,6049.99,8,83.58,92.24,EXCELLENT,0,0,151
FAC-001,FacilityOps Campus,AST-007,Elevator Motor 1,Elevator,Building A,Block A1,2026-01-24 15:00:00,53.78,2.71,4.76,29.85,0.79,6050.78,8,83.62,92.64,EXCELLENT,0,0,175
FAC-001,FacilityOps Campus,AST-007,Elevator Motor 1,Elevator,Building A,Block A1,2026-01-24 16:00:00,55.17,2.82,5.48,23.56,0.91,6051.69,8,83.67,92.49,EXCELLENT,0,0,161
FAC-001,FacilityOps Campus,AST-007,Elevator Motor 1,Elevator,Building A,Block A1,2026-01-24 17:00:00,55.62,2.48,4.88,27.6,1.0,6052.68,8,83.71,93.11,EXCELLENT,0,0,108
FAC-001,FacilityOps Campus,AST-007,Elevator Motor 1,Elevator,Building A,Block A1,2026-01-24 18:00:00,53.64,2.37,4.99,34.53,0.93,6053.61,8,83.75,93.56,EXCELLENT,0,0,114
FAC-001,FacilityOps Campus,AST-007,Elevator Motor 1,Elevator,Building A,Block A1,2026-01-24 19:00:00,56.5,2.01,5.44,18.34,0.75,6054.36,8,83.79,92.63,EXCELLENT,0,0,131
FAC-001,FacilityOps Campus,AST-007,Elevator Motor 1,Elevator,Building A,Block A1,2026-01-24 20:00:00,49.42,3.19,5.23,14.19,0.8,6055.16,8,83.83,93.49,EXCELLENT,0,0,98
FAC-001,FacilityOps Campus,AST-007,Elevator Motor 1,Elevator,Building A,Block A1,2026-01-24 21:00:00,53.73,2.73,4.87,15.25,0.84,6056.0,8,83.88,93.1,EXCELLENT,0,0,148
FAC-001,FacilityOps Campus,AST-007,Elevator Motor 1,Elevator,Building A,Block A1,2026-01-24 22:00:00,48.41,2.72,5.59,23.94,0.62,6056.63,8,83.92,92.05,EXCELLENT,0,0,162
FAC-001,FacilityOps Campus,AST-007,Elevator Motor 1,Elevator,Building A,Block A1,2026-01-24 23:00:00,54.97,3.14,5.22,23.41,0.45,6057.08,8,83.96,93.53,EXCELLENT,0,0,158
FAC-001,FacilityOps Campus,AST-007,Elevator Motor 1,Elevator,Building A,Block A1,2026-01-25 00:00:00,54.01,3.03,5.14,13.86,0.43,6057.51,8,84.0,93.85,EXCELLENT,0,0,99
FAC-001,FacilityOps Campus,AST-007,Elevator Motor 1,Elevator,Building A,Block A1,2026-01-25 01:00:00,54.84,2.94,5.2,19.56,0.56,6058.07,8,84.04,93.6,EXCELLENT,0,0,136
FAC-001,FacilityOps Campus,AST-007,Elevator Motor 1,Elevator,Building A,Block A1,2026-01-25 02:00:00,59.98,2.9,4.66,16.99,0.86,6058.93,8,84.08,92.24,EXCELLENT,0,0,110
FAC-001,FacilityOps Campus,AST-007,Elevator Motor 1,Elevator,Building A,Block A1,2026-01-25 03:00:00,55.7,2.73,4.77,15.73,0.89,6059.83,8,84.12,92.67,EXCELLENT,0,0,152
FAC-001,FacilityOps Campus,AST-007,Elevator Motor 1,Elevator,Building A,Block A1,2026-01-25 04:00:00,54.16,2.49,5.93,18.72,0.48,6060.31,8,84.17,90.69,EXCELLENT,0,0,121
FAC-001,FacilityOps Campus,AST-007,Elevator Motor 1,Elevator,Building A,Block A1,2026-01-25 05:00:00,57.38,2.98,5.43,11.44,0.55,6060.87,8,84.21,92.67,EXCELLENT,0,0,113
FAC-001,FacilityOps Campus,AST-007,Elevator Motor 1,Elevator,Building A,Block A1,2026-01-25 06:00:00,81.78,3.76,5.03,18.0,0.83,6061.7,8,84.25,46.39,CRITICAL,1,1,5
FAC-001,FacilityOps Campus,AST-007,Elevator Motor 1,Elevator,Building A,Block A1,2026-01-25 07:00:00,56.73,2.84,5.05,12.01,0.6,6062.3,8,84.29,93.81,EXCELLENT,0,0,117
FAC-001,FacilityOps Campus,AST-007,Elevator Motor 1,Elevator,Building A,Block A1,2026-01-25 08:00:00,55.5,2.58,5.55,37.3,0.72,6063.01,8,84.33,92.22,EXCELLENT,0,0,158
FAC-001,FacilityOps Campus,AST-007,Elevator Motor 1,Elevator,Building A,Block A1,2026-01-25 09:00:00,57.96,2.75,5.41,33.99,0.45,6063.46,8,84.38,92.77,EXCELLENT,0,0,128
FAC-001,FacilityOps Campus,AST-007,Elevator Motor 1,Elevator,Building A,Block A1,2026-01-25 10:00:00,55.51,2.92,5.04,34.09,0.45,6063.91,8,84.42,93.74,EXCELLENT,0,0,107
FAC-001,FacilityOps Campus,AST-007,Elevator Motor 1,Elevator,Building A,Block A1,2026-01-25 11:00:00,57.33,2.74,4.84,30.99,0.86,6064.77,8,84.46,92.97,EXCELLENT,0,0,118
FAC-001,FacilityOps Campus,AST-007,Elevator Motor 1,Elevator,Building A,Block A1,2026-01-25 12:00:00,52.31,2.71,4.96,32.06,0.48,6065.26,8,84.5,93.43,EXCELLENT,0,0,97
FAC-001,FacilityOps Campus,AST-007,Elevator Motor 1,Elevator,Building A,Block A1,2026-01-25 13:00:00,55.98,2.91,5.56,33.72,0.85,6066.11,8,84.54,92.16,EXCELLENT,0,0,93
FAC-001,FacilityOps Campus,AST-007,Elevator Motor 1,Elevator,Building A,Block A1,2026-01-25 14:00:00,56.76,2.4,5.02,29.23,0.61,6066.72,8,84.58,93.67,EXCELLENT,0,0,144
FAC-001,FacilityOps Campus,AST-007,Elevator Motor 1,Elevator,Building A,Block A1,2026-01-25 15:00:00,54.04,2.58,4.81,24.4,0.6,6067.31,8,84.62,92.86,EXCELLENT,0,0,159
FAC-001,FacilityOps Campus,AST-007,Elevator Motor 1,Elevator,Building A,Block A1,2026-01-25 16:00:00,56.69,3.05,5.2,28.9,0.96,6068.28,8,84.67,93.59,EXCELLENT,0,0,135
FAC-001,FacilityOps Campus,AST-007,Elevator Motor 1,Elevator,Building A,Block A1,2026-01-25 17:00:00,66.58,4.47,4.17,42.28,0.64,6068.92,8,84.71,57.04,WARNING,1,0,15
FAC-001,FacilityOps Campus,AST-007,Elevator Motor 1,Elevator,Building A,Block A1,2026-01-25 18:00:00,52.02,2.77,5.43,28.49,0.63,6069.55,8,84.75,92.66,EXCELLENT,0,0,90
FAC-001,FacilityOps Campus,AST-007,Elevator Motor 1,Elevator,Building A,Block A1,2026-01-25 19:00:00,62.35,2.73,4.8,15.16,0.43,6069.98,8,84.79,89.43,EXCELLENT,0,0,168
FAC-001,FacilityOps Campus,AST-007,Elevator Motor 1,Elevator,Building A,Block A1,2026-01-25 20:00:00,55.68,2.97,5.13,13.03,0.47,6070.45,8,84.83,93.88,EXCELLENT,0,0,128
FAC-001,FacilityOps Campus,AST-007,Elevator Motor 1,Elevator,Building A,Block A1,2026-01-25 21:00:00,53.46,3.29,5.67,20.77,0.72,6071.17,8,84.88,90.62,EXCELLENT,0,0,150
FAC-001,FacilityOps Campus,AST-007,Elevator Motor 1,Elevator,Building A,Block A1,2026-01-25 22:00:00,54.7,2.55,5.23,17.16,0.44,6071.61,8,84.92,93.48,EXCELLENT,0,0,180
FAC-001,FacilityOps Campus,AST-007,Elevator Motor 1,Elevator,Building A,Block A1,2026-01-25 23:00:00,55.41,2.91,4.96,21.05,0.47,6072.08,8,84.96,93.45,EXCELLENT,0,0,90
FAC-001,FacilityOps Campus,AST-007,Elevator Motor 1,Elevator,Building A,Block A1,2026-01-26 00:00:00,81.18,3.51,4.03,21.49,0.74,6072.82,8,85.0,47.44,CRITICAL,1,1,6
FAC-001,FacilityOps Campus,AST-007,Elevator Motor 1,Elevator,Building A,Block A1,2026-01-26 01:00:00,53.78,2.9,4.73,17.86,0.42,6073.24,8,85.04,92.54,EXCELLENT,0,0,156
FAC-001,FacilityOps Campus,AST-007,Elevator Motor 1,Elevator,Building A,Block A1,2026-01-26 02:00:00,51.67,3.02,5.03,15.58,0.41,6073.66,8,85.08,93.71,EXCELLENT,0,0,128
FAC-001,FacilityOps Campus,AST-007,Elevator Motor 1,Elevator,Building A,Block A1,2026-01-26 03:00:00,56.16,2.56,4.94,20.04,0.72,6074.37,8,85.12,93.36,EXCELLENT,0,0,98
FAC-001,FacilityOps Campus,AST-007,Elevator Motor 1,Elevator,Building A,Block A1,2026-01-26 04:00:00,56.28,3.23,5.26,22.9,0.84,6075.22,8,85.17,93.17,EXCELLENT,0,0,104
FAC-001,FacilityOps Campus,AST-007,Elevator Motor 1,Elevator,Building A,Block A1,2026-01-26 05:00:00,59.11,2.87,4.98,19.76,0.96,6076.18,8,85.21,93.51,EXCELLENT,0,0,139
FAC-001,FacilityOps Campus,AST-007,Elevator Motor 1,Elevator,Building A,Block A1,2026-01-26 06:00:00,87.97,3.77,5.8,30.94,0.87,6077.05,8,85.25,32.48,CRITICAL,1,1,6
FAC-001,FacilityOps Campus,AST-007,Elevator Motor 1,Elevator,Building A,Block A1,2026-01-26 07:00:00,58.03,2.53,4.92,15.48,0.74,6077.79,8,85.29,93.29,EXCELLENT,0,0,164
FAC-001,FacilityOps Campus,AST-007,Elevator Motor 1,Elevator,Building A,Block A1,2026-01-26 08:00:00,56.99,3.42,4.55,26.29,0.49,6078.28,8,85.33,88.64,EXCELLENT,0,0,143
FAC-001,FacilityOps Campus,AST-007,Elevator Motor 1,Elevator,Building A,Block A1,2026-01-26 09:00:00,60.44,2.75,5.26,37.05,0.72,6078.99,8,85.38,93.36,EXCELLENT,0,0,91
FAC-001,FacilityOps Campus,AST-007,Elevator Motor 1,Elevator,Building A,Block A1,2026-01-26 10:00:00,53.02,3.24,4.98,29.22,0.7,6079.69,8,85.42,93.17,EXCELLENT,0,0,151
FAC-001,FacilityOps Campus,AST-007,Elevator Motor 1,Elevator,Building A,Block A1,2026-01-26 11:00:00,57.94,2.83,5.07,32.36,0.64,6080.33,8,85.46,93.89,EXCELLENT,0,0,149
FAC-001,FacilityOps Campus,AST-007,Elevator Motor 1,Elevator,Building A,Block A1,2026-01-26 12:00:00,56.12,2.87,4.82,33.86,0.81,6081.14,8,85.5,92.88,EXCELLENT,0,0,119
FAC-001,FacilityOps Campus,AST-007,Elevator Motor 1,Elevator,Building A,Block A1,2026-01-26 13:00:00,49.69,2.77,4.93,28.82,0.94,6082.08,8,85.54,93.3,EXCELLENT,0,0,127
FAC-001,FacilityOps Campus,AST-007,Elevator Motor 1,Elevator,Building A,Block A1,2026-01-26 14:00:00,59.16,3.15,5.53,29.66,0.97,6083.05,8,85.58,92.26,EXCELLENT,0,0,156
FAC-001,FacilityOps Campus,AST-007,Elevator Motor 1,Elevator,Building A,Block A1,2026-01-26 15:00:00,54.33,2.69,4.96,32.65,0.43,6083.48,8,85.62,93.45,EXCELLENT,0,0,165
FAC-001,FacilityOps Campus,AST-007,Elevator Motor 1,Elevator,Building A,Block A1,2026-01-26 16:00:00,84.89,4.55,3.4,31.11,0.73,6084.21,8,85.67,21.47,CRITICAL,1,1,0
FAC-001,FacilityOps Campus,AST-007,Elevator Motor 1,Elevator,Building A,Block A1,2026-01-26 17:00:00,59.56,2.6,4.5,29.87,0.78,6084.98,8,85.71,91.61,EXCELLENT,0,0,96
FAC-001,FacilityOps Campus,AST-007,Elevator Motor 1,Elevator,Building A,Block A1,2026-01-26 18:00:00,53.31,2.68,5.36,37.99,0.91,6085.89,8,85.75,92.96,EXCELLENT,0,0,94
FAC-001,FacilityOps Campus,AST-007,Elevator Motor 1,Elevator,Building A,Block A1,2026-01-26 19:00:00,56.08,3.19,5.07,17.94,0.43,6086.31,8,85.79,93.88,EXCELLENT,0,0,156
FAC-001,FacilityOps Campus,AST-007,Elevator Motor 1,Elevator,Building A,Block A1,2026-01-26 20:00:00,56.9,2.88,4.88,17.44,0.67,6086.99,8,85.83,93.12,EXCELLENT,0,0,98
FAC-001,FacilityOps Campus,AST-007,Elevator Motor 1,Elevator,Building A,Block A1,2026-01-26 21:00:00,55.26,2.85,5.5,17.29,1.0,6087.99,8,85.88,92.38,EXCELLENT,0,0,180
FAC-001,FacilityOps Campus,AST-007,Elevator Motor 1,Elevator,Building A,Block A1,2026-01-26 22:00:00,58.1,2.7,4.95,19.41,0.66,6088.64,8,85.92,93.39,EXCELLENT,0,0,175
FAC-001,FacilityOps Campus,AST-007,Elevator Motor 1,Elevator,Building A,Block A1,2026-01-26 23:00:00,52.97,2.86,5.55,17.04,0.55,6089.19,8,85.96,92.2,EXCELLENT,0,0,173
FAC-001,FacilityOps Campus,AST-007,Elevator Motor 1,Elevator,Building A,Block A1,2026-01-27 00:00:00,52.58,2.47,4.79,21.68,0.66,6089.85,8,86.0,92.75,EXCELLENT,0,0,161
FAC-001,FacilityOps Campus,AST-007,Elevator Motor 1,Elevator,Building A,Block A1,2026-01-27 01:00:00,56.61,3.05,5.13,17.24,0.63,6090.48,8,86.04,93.88,EXCELLENT,0,0,96
FAC-001,FacilityOps Campus,AST-007,Elevator Motor 1,Elevator,Building A,Block A1,2026-01-27 02:00:00,55.14,2.54,4.81,15.64,0.76,6091.24,8,86.08,92.84,EXCELLENT,0,0,121
FAC-001,FacilityOps Campus,AST-007,Elevator Motor 1,Elevator,Building A,Block A1,2026-01-27 03:00:00,56.21,2.95,5.25,18.91,0.96,6092.2,8,86.12,93.39,EXCELLENT,0,0,140
FAC-001,FacilityOps Campus,AST-007,Elevator Motor 1,Elevator,Building A,Block A1,2026-01-27 04:00:00,58.17,3.07,5.33,19.23,0.69,6092.89,8,86.17,93.1,EXCELLENT,0,0,157
FAC-001,FacilityOps Campus,AST-007,Elevator Motor 1,Elevator,Building A,Block A1,2026-01-27 05:00:00,54.97,2.63,4.82,8.76,1.0,6093.89,8,86.21,92.88,EXCELLENT,0,0,162
FAC-001,FacilityOps Campus,AST-007,Elevator Motor 1,Elevator,Building A,Block A1,2026-01-27 06:00:00,55.72,2.82,5.19,19.97,0.43,6094.32,8,86.25,93.64,EXCELLENT,0,0,156
FAC-001,FacilityOps Campus,AST-007,Elevator Motor 1,Elevator,Building A,Block A1,2026-01-27 07:00:00,55.24,2.42,5.56,19.96,0.53,6094.85,8,86.29,92.18,EXCELLENT,0,0,170
FAC-001,FacilityOps Campus,AST-007,Elevator Motor 1,Elevator,Building A,Block A1,2026-01-27 08:00:00,57.08,2.94,5.0,38.92,0.51,6095.36,8,86.33,93.59,EXCELLENT,0,0,110
FAC-001,FacilityOps Campus,AST-007,Elevator Motor 1,Elevator,Building A,Block A1,2026-01-27 09:00:00,53.15,2.9,5.23,39.62,0.95,6096.31,8,86.38,93.48,EXCELLENT,0,0,151
FAC-001,FacilityOps Campus,AST-007,Elevator Motor 1,Elevator,Building A,Block A1,2026-01-27 10:00:00,56.08,2.07,4.98,34.32,0.77,6097.07,8,86.42,93.54,EXCELLENT,0,0,177
FAC-001,FacilityOps Campus,AST-007,Elevator Motor 1,Elevator,Building A,Block A1,2026-01-27 11:00:00,56.8,3.03,5.07,34.52,0.4,6097.48,8,86.46,93.87,EXCELLENT,0,0,164
FAC-001,FacilityOps Campus,AST-007,Elevator Motor 1,Elevator,Building A,Block A1,2026-01-27 12:00:00,52.92,3.15,5.41,29.63,0.99,6098.47,8,86.5,92.77,EXCELLENT,0,0,131
FAC-001,FacilityOps Campus,AST-007,Elevator Motor 1,Elevator,Building A,Block A1,2026-01-27 13:00:00,55.44,2.73,5.44,28.65,0.9,6099.38,8,86.54,92.63,EXCELLENT,0,0,167
FAC-001,FacilityOps Campus,AST-007,Elevator Motor 1,Elevator,Building A,Block A1,2026-01-27 14:00:00,53.13,2.97,5.07,36.4,0.5,6099.87,8,86.58,93.87,EXCELLENT,0,0,146
FAC-001,FacilityOps Campus,AST-007,Elevator Motor 1,Elevator,Building A,Block A1,2026-01-27 15:00:00,54.66,2.67,5.28,28.31,0.72,6100.6,8,86.62,93.3,EXCELLENT,0,0,145
FAC-001,FacilityOps Campus,AST-007,Elevator Motor 1,Elevator,Building A,Block A1,2026-01-27 16:00:00,53.7,3.08,4.72,36.69,0.79,6101.38,8,86.67,92.47,EXCELLENT,0,0,91
FAC-001,FacilityOps Campus,AST-007,Elevator Motor 1,Elevator,Building A,Block A1,2026-01-27 17:00:00,53.68,3.2,4.85,38.22,0.47,6101.85,8,86.71,92.99,EXCELLENT,0,0,118
FAC-001,FacilityOps Campus,AST-007,Elevator Motor 1,Elevator,Building A,Block A1,2026-01-27 18:00:00,54.45,2.92,5.03,27.79,0.67,6102.52,8,86.75,93.73,EXCELLENT,0,0,111
FAC-001,FacilityOps Campus,AST-007,Elevator Motor 1,Elevator,Building A,Block A1,2026-01-27 19:00:00,50.56,2.92,5.05,14.74,0.85,6103.37,8,86.79,93.79,EXCELLENT,0,0,135
FAC-001,FacilityOps Campus,AST-007,Elevator Motor 1,Elevator,Building A,Block A1,2026-01-27 20:00:00,52.12,2.56,4.72,16.57,0.53,6103.9,8,86.83,92.48,EXCELLENT,0,0,134
FAC-001,FacilityOps Campus,AST-007,Elevator Motor 1,Elevator,Building A,Block A1,2026-01-27 21:00:00,53.8,2.93,4.8,22.93,0.47,6104.37,8,86.88,92.79,EXCELLENT,0,0,103
FAC-001,FacilityOps Campus,AST-007,Elevator Motor 1,Elevator,Building A,Block A1,2026-01-27 22:00:00,54.78,2.53,5.04,15.76,0.73,6105.1,8,86.92,93.77,EXCELLENT,0,0,136
FAC-001,FacilityOps Campus,AST-007,Elevator Motor 1,Elevator,Building A,Block A1,2026-01-27 23:00:00,49.97,3.01,5.33,20.57,0.76,6105.86,8,86.96,93.08,EXCELLENT,0,0,157
FAC-001,FacilityOps Campus,AST-007,Elevator Motor 1,Elevator,Building A,Block A1,2026-01-28 00:00:00,56.6,2.51,5.35,15.23,0.66,6106.52,8,87.0,92.98,EXCELLENT,0,0,111
FAC-001,FacilityOps Campus,AST-007,Elevator Motor 1,Elevator,Building A,Block A1,2026-01-28 01:00:00,55.8,2.78,5.32,16.54,0.97,6107.49,8,87.04,93.13,EXCELLENT,0,0,172
FAC-001,FacilityOps Campus,AST-007,Elevator Motor 1,Elevator,Building A,Block A1,2026-01-28 02:00:00,53.48,3.0,4.97,24.33,0.71,6108.2,8,87.08,93.47,EXCELLENT,0,0,162
FAC-001,FacilityOps Campus,AST-007,Elevator Motor 1,Elevator,Building A,Block A1,2026-01-28 03:00:00,51.66,2.61,4.65,16.77,0.81,6109.01,8,87.12,92.19,EXCELLENT,0,0,148
FAC-001,FacilityOps Campus,AST-007,Elevator Motor 1,Elevator,Building A,Block A1,2026-01-28 04:00:00,56.38,3.11,5.03,24.41,0.65,6109.66,8,87.17,93.71,EXCELLENT,0,0,101
FAC-001,FacilityOps Campus,AST-007,Elevator Motor 1,Elevator,Building A,Block A1,2026-01-28 05:00:00,53.45,2.84,5.08,17.5,0.51,6110.17,8,87.21,93.91,EXCELLENT,0,0,106
FAC-001,FacilityOps Campus,AST-007,Elevator Motor 1,Elevator,Building A,Block A1,2026-01-28 06:00:00,56.47,2.68,5.34,21.49,0.6,6110.77,8,87.25,93.05,EXCELLENT,0,0,150
FAC-001,FacilityOps Campus,AST-007,Elevator Motor 1,Elevator,Building A,Block A1,2026-01-28 07:00:00,53.55,2.64,4.89,14.3,0.74,6111.51,8,87.29,93.16,EXCELLENT,0,0,157
FAC-001,FacilityOps Campus,AST-007,Elevator Motor 1,Elevator,Building A,Block A1,2026-01-28 08:00:00,52.81,3.23,5.63,26.83,0.99,6112.5,8,87.33,91.71,EXCELLENT,0,0,177
FAC-001,FacilityOps Campus,AST-007,Elevator Motor 1,Elevator,Building A,Block A1,2026-01-28 09:00:00,57.75,2.66,5.01,36.55,0.61,6113.11,8,87.38,93.64,EXCELLENT,0,0,105
FAC-001,FacilityOps Campus,AST-007,Elevator Motor 1,Elevator,Building A,Block A1,2026-01-28 10:00:00,54.48,3.11,4.9,34.64,0.96,6114.06,8,87.42,93.18,EXCELLENT,0,0,100
FAC-001,FacilityOps Campus,AST-007,Elevator Motor 1,Elevator,Building A,Block A1,2026-01-28 11:00:00,59.97,2.73,5.37,38.85,0.43,6114.5,8,87.46,92.9,EXCELLENT,0,0,122
FAC-001,FacilityOps Campus,AST-007,Elevator Motor 1,Elevator,Building A,Block A1,2026-01-28 12:00:00,50.72,2.79,5.0,32.07,0.5,6115.0,8,87.5,93.62,EXCELLENT,0,0,154
FAC-001,FacilityOps Campus,AST-007,Elevator Motor 1,Elevator,Building A,Block A1,2026-01-28 13:00:00,56.89,2.6,5.41,27.49,0.62,6115.62,8,87.54,92.75,EXCELLENT,0,0,104
FAC-001,FacilityOps Campus,AST-007,Elevator Motor 1,Elevator,Building A,Block A1,2026-01-28 14:00:00,54.45,3.21,5.16,26.49,0.61,6116.23,8,87.58,93.76,EXCELLENT,0,0,165
FAC-001,FacilityOps Campus,AST-007,Elevator Motor 1,Elevator,Building A,Block A1,2026-01-28 15:00:00,55.93,2.77,4.88,29.57,0.82,6117.05,8,87.62,93.1,EXCELLENT,0,0,158
FAC-001,FacilityOps Campus,AST-007,Elevator Motor 1,Elevator,Building A,Block A1,2026-01-28 16:00:00,56.07,2.56,4.58,37.77,0.82,6117.86,8,87.67,91.93,EXCELLENT,0,0,141
FAC-001,FacilityOps Campus,AST-007,Elevator Motor 1,Elevator,Building A,Block A1,2026-01-28 17:00:00,50.3,2.97,4.44,37.98,0.57,6118.43,8,87.71,91.38,EXCELLENT,0,0,177
FAC-001,FacilityOps Campus,AST-007,Elevator Motor 1,Elevator,Building A,Block A1,2026-01-28 18:00:00,58.31,2.57,4.92,26.17,0.57,6119.01,8,87.75,93.3,EXCELLENT,0,0,175
FAC-001,FacilityOps Campus,AST-007,Elevator Motor 1,Elevator,Building A,Block A1,2026-01-28 19:00:00,54.71,2.76,4.94,14.33,0.54,6119.55,8,87.79,93.35,EXCELLENT,0,0,177
FAC-001,FacilityOps Campus,AST-007,Elevator Motor 1,Elevator,Building A,Block A1,2026-01-28 20:00:00,57.66,2.67,5.06,20.28,0.43,6119.98,8,87.83,93.86,EXCELLENT,0,0,110
FAC-001,FacilityOps Campus,AST-007,Elevator Motor 1,Elevator,Building A,Block A1,2026-01-28 21:00:00,55.82,3.12,5.37,21.55,0.86,6120.84,8,87.88,92.93,EXCELLENT,0,0,151
FAC-001,FacilityOps Campus,AST-007,Elevator Motor 1,Elevator,Building A,Block A1,2026-01-28 22:00:00,54.18,2.88,4.32,16.12,1.0,6121.83,8,87.92,90.86,EXCELLENT,0,0,160
FAC-001,FacilityOps Campus,AST-007,Elevator Motor 1,Elevator,Building A,Block A1,2026-01-28 23:00:00,54.23,2.85,4.89,21.0,0.95,6122.78,8,87.96,93.16,EXCELLENT,0,0,178
FAC-001,FacilityOps Campus,AST-007,Elevator Motor 1,Elevator,Building A,Block A1,2026-01-29 00:00:00,58.26,2.56,5.54,22.92,0.49,6123.27,8,88.0,92.23,EXCELLENT,0,0,107
FAC-001,FacilityOps Campus,AST-007,Elevator Motor 1,Elevator,Building A,Block A1,2026-01-29 01:00:00,56.25,2.75,4.93,20.92,0.41,6123.68,8,88.04,93.33,EXCELLENT,0,0,127
FAC-001,FacilityOps Campus,AST-007,Elevator Motor 1,Elevator,Building A,Block A1,2026-01-29 02:00:00,55.13,2.41,4.8,15.22,0.98,6124.67,8,88.08,92.81,EXCELLENT,0,0,95
FAC-001,FacilityOps Campus,AST-007,Elevator Motor 1,Elevator,Building A,Block A1,2026-01-29 03:00:00,53.43,2.08,5.17,19.71,0.93,6125.6,8,88.12,93.73,EXCELLENT,0,0,134
FAC-001,FacilityOps Campus,AST-007,Elevator Motor 1,Elevator,Building A,Block A1,2026-01-29 04:00:00,56.88,2.44,5.13,19.43,0.78,6126.38,8,88.17,93.87,EXCELLENT,0,0,131
FAC-001,FacilityOps Campus,AST-007,Elevator Motor 1,Elevator,Building A,Block A1,2026-01-29 05:00:00,56.73,3.02,4.73,15.99,0.52,6126.9,8,88.21,92.54,EXCELLENT,0,0,96
FAC-001,FacilityOps Campus,AST-007,Elevator Motor 1,Elevator,Building A,Block A1,2026-01-29 06:00:00,55.67,2.72,4.97,13.21,0.41,6127.31,8,88.25,93.5,EXCELLENT,0,0,170
FAC-001,FacilityOps Campus,AST-007,Elevator Motor 1,Elevator,Building A,Block A1,2026-01-29 07:00:00,55.56,2.8,5.06,13.53,0.72,6128.03,8,88.29,93.85,EXCELLENT,0,0,162
FAC-001,FacilityOps Campus,AST-007,Elevator Motor 1,Elevator,Building A,Block A1,2026-01-29 08:00:00,52.52,2.51,5.16,36.66,0.57,6128.59,8,88.33,93.76,EXCELLENT,0,0,137
FAC-001,FacilityOps Campus,AST-007,Elevator Motor 1,Elevator,Building A,Block A1,2026-01-29 09:00:00,57.11,2.43,5.18,34.94,0.72,6129.31,8,88.38,93.69,EXCELLENT,0,0,104
FAC-001,FacilityOps Campus,AST-007,Elevator Motor 1,Elevator,Building A,Block A1,2026-01-29 10:00:00,55.89,2.86,4.72,35.05,0.49,6129.8,8,88.42,92.49,EXCELLENT,0,0,122
FAC-001,FacilityOps Campus,AST-007,Elevator Motor 1,Elevator,Building A,Block A1,2026-01-29 11:00:00,54.9,2.71,5.12,37.92,0.84,6130.64,8,88.46,93.93,EXCELLENT,0,0,171
FAC-001,FacilityOps Campus,AST-007,Elevator Motor 1,Elevator,Building A,Block A1,2026-01-29 12:00:00,54.48,3.06,4.78,26.82,0.42,6131.06,8,88.5,92.72,EXCELLENT,0,0,149
FAC-001,FacilityOps Campus,AST-007,Elevator Motor 1,Elevator,Building A,Block A1,2026-01-29 13:00:00,48.7,2.57,5.31,37.57,0.89,6131.95,8,88.54,93.16,EXCELLENT,0,0,168
FAC-001,FacilityOps Campus,AST-007,Elevator Motor 1,Elevator,Building A,Block A1,2026-01-29 14:00:00,52.66,2.96,4.73,38.87,0.74,6132.69,8,88.58,92.51,EXCELLENT,0,0,152
FAC-001,FacilityOps Campus,AST-007,Elevator Motor 1,Elevator,Building A,Block A1,2026-01-29 15:00:00,57.28,2.57,4.26,27.74,0.59,6133.28,8,88.62,90.64,EXCELLENT,0,0,175
FAC-001,FacilityOps Campus,AST-007,Elevator Motor 1,Elevator,Building A,Block A1,2026-01-29 16:00:00,57.97,2.43,4.86,36.88,0.89,6134.17,8,88.67,93.03,EXCELLENT,0,0,129
FAC-001,FacilityOps Campus,AST-007,Elevator Motor 1,Elevator,Building A,Block A1,2026-01-29 17:00:00,57.8,3.07,5.22,38.55,0.65,6134.82,8,88.71,93.51,EXCELLENT,0,0,105
FAC-001,FacilityOps Campus,AST-007,Elevator Motor 1,Elevator,Building A,Block A1,2026-01-29 18:00:00,53.51,2.85,5.09,35.84,0.87,6135.69,8,88.75,93.98,EXCELLENT,0,0,100
FAC-001,FacilityOps Campus,AST-007,Elevator Motor 1,Elevator,Building A,Block A1,2026-01-29 19:00:00,56.35,2.52,5.38,15.01,0.63,6136.32,8,88.79,92.86,EXCELLENT,0,0,178
FAC-001,FacilityOps Campus,AST-007,Elevator Motor 1,Elevator,Building A,Block A1,2026-01-29 20:00:00,56.0,3.15,5.42,13.5,0.47,6136.79,8,88.83,92.72,EXCELLENT,0,0,169
FAC-001,FacilityOps Campus,AST-007,Elevator Motor 1,Elevator,Building A,Block A1,2026-01-29 21:00:00,57.4,3.18,5.26,23.52,0.67,6137.45,8,88.88,93.34,EXCELLENT,0,0,107
FAC-001,FacilityOps Campus,AST-007,Elevator Motor 1,Elevator,Building A,Block A1,2026-01-29 22:00:00,56.64,3.16,5.01,18.56,0.48,6137.94,8,88.92,93.63,EXCELLENT,0,0,119
FAC-001,FacilityOps Campus,AST-007,Elevator Motor 1,Elevator,Building A,Block A1,2026-01-29 23:00:00,56.54,2.94,4.37,14.28,0.55,6138.48,8,88.96,91.1,EXCELLENT,0,0,120
FAC-001,FacilityOps Campus,AST-007,Elevator Motor 1,Elevator,Building A,Block A1,2026-01-30 00:00:00,57.23,2.43,4.5,17.56,0.57,6139.06,8,89.0,91.62,EXCELLENT,0,0,93
FAC-001,FacilityOps Campus,AST-007,Elevator Motor 1,Elevator,Building A,Block A1,2026-01-30 01:00:00,61.2,2.84,5.26,18.21,0.56,6139.62,8,89.04,92.07,EXCELLENT,0,0,160
FAC-001,FacilityOps Campus,AST-007,Elevator Motor 1,Elevator,Building A,Block A1,2026-01-30 02:00:00,54.46,2.99,5.56,15.49,0.74,6140.36,8,89.08,92.15,EXCELLENT,0,0,103
FAC-001,FacilityOps Campus,AST-007,Elevator Motor 1,Elevator,Building A,Block A1,2026-01-30 03:00:00,56.71,2.67,5.04,25.92,0.64,6141.0,8,89.12,93.77,EXCELLENT,0,0,122
FAC-001,FacilityOps Campus,AST-007,Elevator Motor 1,Elevator,Building A,Block A1,2026-01-30 04:00:00,56.08,2.57,4.55,14.36,0.46,6141.46,8,89.17,91.82,EXCELLENT,0,0,95
FAC-001,FacilityOps Campus,AST-007,Elevator Motor 1,Elevator,Building A,Block A1,2026-01-30 05:00:00,55.64,2.88,5.2,20.55,0.75,6142.2,8,89.21,93.61,EXCELLENT,0,0,118
FAC-001,FacilityOps Campus,AST-007,Elevator Motor 1,Elevator,Building A,Block A1,2026-01-30 06:00:00,55.11,2.61,5.15,9.66,0.61,6142.82,8,89.25,93.79,EXCELLENT,0,0,145
FAC-001,FacilityOps Campus,AST-007,Elevator Motor 1,Elevator,Building A,Block A1,2026-01-30 07:00:00,57.82,2.93,5.22,22.59,0.96,6143.78,8,89.29,93.53,EXCELLENT,0,0,145
FAC-001,FacilityOps Campus,AST-007,Elevator Motor 1,Elevator,Building A,Block A1,2026-01-30 08:00:00,53.35,2.81,5.31,31.93,0.61,6144.39,8,89.33,93.14,EXCELLENT,0,0,117
FAC-001,FacilityOps Campus,AST-007,Elevator Motor 1,Elevator,Building A,Block A1,2026-01-30 09:00:00,53.67,3.07,5.34,28.7,0.92,6145.31,8,89.38,93.04,EXCELLENT,0,0,155
FAC-001,FacilityOps Campus,AST-007,Elevator Motor 1,Elevator,Building A,Block A1,2026-01-30 10:00:00,53.66,2.98,5.35,33.9,0.99,6146.3,8,89.42,93.01,EXCELLENT,0,0,145
FAC-001,FacilityOps Campus,AST-007,Elevator Motor 1,Elevator,Building A,Block A1,2026-01-30 11:00:00,53.31,2.6,5.51,32.55,0.89,6147.19,8,89.46,92.35,EXCELLENT,0,0,129
FAC-001,FacilityOps Campus,AST-007,Elevator Motor 1,Elevator,Building A,Block A1,2026-01-30 12:00:00,56.44,2.45,4.61,26.5,0.48,6147.67,8,89.5,92.06,EXCELLENT,0,0,92
FAC-001,FacilityOps Campus,AST-007,Elevator Motor 1,Elevator,Building A,Block A1,2026-01-30 13:00:00,55.66,2.9,4.66,38.02,0.46,6148.13,8,89.54,92.26,EXCELLENT,0,0,110
FAC-001,FacilityOps Campus,AST-007,Elevator Motor 1,Elevator,Building A,Block A1,2026-01-30 14:00:00,56.28,2.53,5.33,33.27,0.5,6148.63,8,89.58,93.09,EXCELLENT,0,0,163
FAC-001,FacilityOps Campus,AST-007,Elevator Motor 1,Elevator,Building A,Block A1,2026-01-30 15:00:00,55.29,3.05,4.87,30.95,0.48,6149.11,8,89.62,93.06,EXCELLENT,0,0,117
FAC-001,FacilityOps Campus,AST-007,Elevator Motor 1,Elevator,Building A,Block A1,2026-01-30 16:00:00,52.78,2.81,5.15,34.7,0.56,6149.67,8,89.67,93.81,EXCELLENT,0,0,110
FAC-001,FacilityOps Campus,AST-007,Elevator Motor 1,Elevator,Building A,Block A1,2026-01-30 17:00:00,51.35,2.97,4.75,30.05,0.75,6150.42,8,89.71,92.6,EXCELLENT,0,0,146
FAC-001,FacilityOps Campus,AST-007,Elevator Motor 1,Elevator,Building A,Block A1,2026-01-30 18:00:00,59.31,2.44,5.37,35.98,0.42,6150.84,8,89.75,92.91,EXCELLENT,0,0,154
FAC-001,FacilityOps Campus,AST-007,Elevator Motor 1,Elevator,Building A,Block A1,2026-01-30 19:00:00,54.37,2.79,5.37,21.3,0.45,6151.29,8,89.79,92.91,EXCELLENT,0,0,138
FAC-001,FacilityOps Campus,AST-007,Elevator Motor 1,Elevator,Building A,Block A1,2026-01-30 20:00:00,51.17,3.18,5.17,22.88,0.64,6151.92,8,89.83,93.72,EXCELLENT,0,0,118
FAC-001,FacilityOps Campus,AST-007,Elevator Motor 1,Elevator,Building A,Block A1,2026-01-30 21:00:00,54.46,2.8,4.84,21.2,0.47,6152.39,8,89.88,92.94,EXCELLENT,0,0,106
FAC-001,FacilityOps Campus,AST-007,Elevator Motor 1,Elevator,Building A,Block A1,2026-01-30 22:00:00,53.7,2.57,4.85,15.25,0.46,6152.86,8,89.92,93.0,EXCELLENT,0,0,155
FAC-001,FacilityOps Campus,AST-007,Elevator Motor 1,Elevator,Building A,Block A1,2026-01-30 23:00:00,56.0,2.89,4.8,21.51,0.74,6153.6,8,89.96,92.8,EXCELLENT,0,0,94
FAC-001,FacilityOps Campus,AST-008,Water Pump 2,Pump,Building B,Block B1,2026-01-01 00:00:00,45.76,2.62,5.8,14.02,0.66,3667.66,2,56.0,99.99,EXCELLENT,0,0,162
FAC-001,FacilityOps Campus,AST-008,Water Pump 2,Pump,Building B,Block B1,2026-01-01 01:00:00,42.93,2.9,5.55,14.94,0.69,3668.35,2,56.04,98.45,EXCELLENT,0,0,106
FAC-001,FacilityOps Campus,AST-008,Water Pump 2,Pump,Building B,Block B1,2026-01-01 02:00:00,60.6,4.67,5.71,10.33,0.41,3668.77,2,56.08,51.11,WARNING,1,1,13
FAC-001,FacilityOps Campus,AST-008,Water Pump 2,Pump,Building B,Block B1,2026-01-01 03:00:00,50.53,2.65,6.44,12.81,0.9,3669.67,2,56.12,97.44,EXCELLENT,0,0,179
FAC-001,FacilityOps Campus,AST-008,Water Pump 2,Pump,Building B,Block B1,2026-01-01 04:00:00,47.96,2.09,5.82,9.54,0.99,3670.66,2,56.17,99.9,EXCELLENT,0,0,146
FAC-001,FacilityOps Campus,AST-008,Water Pump 2,Pump,Building B,Block B1,2026-01-01 05:00:00,50.06,2.6,5.57,12.5,0.52,3671.18,2,56.21,99.06,EXCELLENT,0,0,119
FAC-001,FacilityOps Campus,AST-008,Water Pump 2,Pump,Building B,Block B1,2026-01-01 06:00:00,47.7,2.4,5.89,9.65,0.63,3671.81,2,56.25,99.64,EXCELLENT,0,0,144
FAC-001,FacilityOps Campus,AST-008,Water Pump 2,Pump,Building B,Block B1,2026-01-01 07:00:00,52.4,2.32,5.59,9.86,1.0,3672.8,2,56.29,99.16,EXCELLENT,0,0,153
FAC-001,FacilityOps Campus,AST-008,Water Pump 2,Pump,Building B,Block B1,2026-01-01 08:00:00,47.79,2.84,5.9,21.33,0.49,3673.3,2,56.33,99.6,EXCELLENT,0,0,124
FAC-001,FacilityOps Campus,AST-008,Water Pump 2,Pump,Building B,Block B1,2026-01-01 09:00:00,50.44,2.8,5.98,21.43,0.53,3673.82,2,56.38,99.29,EXCELLENT,0,0,109
FAC-001,FacilityOps Campus,AST-008,Water Pump 2,Pump,Building B,Block B1,2026-01-01 10:00:00,48.51,2.08,5.3,23.84,0.82,3674.64,2,56.42,97.99,EXCELLENT,0,0,155
FAC-001,FacilityOps Campus,AST-008,Water Pump 2,Pump,Building B,Block B1,2026-01-01 11:00:00,46.55,2.48,5.64,21.07,0.47,3675.11,2,56.46,99.37,EXCELLENT,0,0,134
FAC-001,FacilityOps Campus,AST-008,Water Pump 2,Pump,Building B,Block B1,2026-01-01 12:00:00,47.36,2.2,5.87,19.19,0.68,3675.79,2,56.5,99.72,EXCELLENT,0,0,149
FAC-001,FacilityOps Campus,AST-008,Water Pump 2,Pump,Building B,Block B1,2026-01-01 13:00:00,47.34,2.58,5.5,25.15,0.98,3676.77,2,56.54,98.81,EXCELLENT,0,0,167
FAC-001,FacilityOps Campus,AST-008,Water Pump 2,Pump,Building B,Block B1,2026-01-01 14:00:00,46.28,2.31,6.19,23.49,0.55,3677.32,2,56.58,98.45,EXCELLENT,0,0,180
FAC-001,FacilityOps Campus,AST-008,Water Pump 2,Pump,Building B,Block B1,2026-01-01 15:00:00,46.21,2.63,6.53,17.31,0.7,3678.02,2,56.62,97.06,EXCELLENT,0,0,125
FAC-001,FacilityOps Campus,AST-008,Water Pump 2,Pump,Building B,Block B1,2026-01-01 16:00:00,48.1,2.73,5.65,25.04,0.97,3678.99,2,56.67,99.4,EXCELLENT,0,0,177
FAC-001,FacilityOps Campus,AST-008,Water Pump 2,Pump,Building B,Block B1,2026-01-01 17:00:00,44.76,2.75,5.92,18.78,0.64,3679.63,2,56.71,99.52,EXCELLENT,0,0,147
FAC-001,FacilityOps Campus,AST-008,Water Pump 2,Pump,Building B,Block B1,2026-01-01 18:00:00,45.48,2.62,5.98,27.52,0.66,3680.29,2,56.75,99.28,EXCELLENT,0,0,126
FAC-001,FacilityOps Campus,AST-008,Water Pump 2,Pump,Building B,Block B1,2026-01-01 19:00:00,46.75,2.72,6.12,11.58,0.57,3680.86,2,56.79,98.74,EXCELLENT,0,0,132
FAC-001,FacilityOps Campus,AST-008,Water Pump 2,Pump,Building B,Block B1,2026-01-01 20:00:00,47.24,2.5,5.4,13.72,0.47,3681.33,2,56.83,98.38,EXCELLENT,0,0,103
FAC-001,FacilityOps Campus,AST-008,Water Pump 2,Pump,Building B,Block B1,2026-01-01 21:00:00,45.28,2.42,5.64,13.76,0.77,3682.1,2,56.88,99.36,EXCELLENT,0,0,95
FAC-001,FacilityOps Campus,AST-008,Water Pump 2,Pump,Building B,Block B1,2026-01-01 22:00:00,48.55,2.41,5.64,13.62,0.68,3682.78,2,56.92,99.36,EXCELLENT,0,0,100
FAC-001,FacilityOps Campus,AST-008,Water Pump 2,Pump,Building B,Block B1,2026-01-01 23:00:00,48.69,2.95,5.66,11.43,0.5,3683.28,2,56.96,98.15,EXCELLENT,0,0,144
FAC-001,FacilityOps Campus,AST-008,Water Pump 2,Pump,Building B,Block B1,2026-01-02 00:00:00,48.03,2.73,6.14,8.9,0.98,3684.26,2,57.0,98.64,EXCELLENT,0,0,127
FAC-001,FacilityOps Campus,AST-008,Water Pump 2,Pump,Building B,Block B1,2026-01-02 01:00:00,54.34,2.4,6.18,14.32,0.76,3685.02,2,57.04,95.26,EXCELLENT,0,0,150
FAC-001,FacilityOps Campus,AST-008,Water Pump 2,Pump,Building B,Block B1,2026-01-02 02:00:00,45.98,2.52,5.93,9.71,0.8,3685.82,2,57.08,99.48,EXCELLENT,0,0,144
FAC-001,FacilityOps Campus,AST-008,Water Pump 2,Pump,Building B,Block B1,2026-01-02 03:00:00,48.48,2.59,5.22,16.54,0.99,3686.8,2,57.12,97.69,EXCELLENT,0,0,90
FAC-001,FacilityOps Campus,AST-008,Water Pump 2,Pump,Building B,Block B1,2026-01-02 04:00:00,45.35,2.06,6.25,16.67,0.58,3687.39,2,57.17,98.19,EXCELLENT,0,0,164
FAC-001,FacilityOps Campus,AST-008,Water Pump 2,Pump,Building B,Block B1,2026-01-02 05:00:00,50.66,2.51,6.05,12.36,0.63,3688.01,2,57.21,99.02,EXCELLENT,0,0,137
FAC-001,FacilityOps Campus,AST-008,Water Pump 2,Pump,Building B,Block B1,2026-01-02 06:00:00,44.52,2.31,5.76,13.47,0.57,3688.58,2,57.25,99.85,EXCELLENT,0,0,169
FAC-001,FacilityOps Campus,AST-008,Water Pump 2,Pump,Building B,Block B1,2026-01-02 07:00:00,48.95,2.67,5.7,11.93,0.43,3689.01,2,57.29,99.59,EXCELLENT,0,0,159
FAC-001,FacilityOps Campus,AST-008,Water Pump 2,Pump,Building B,Block B1,2026-01-02 08:00:00,45.07,2.51,5.09,24.81,0.43,3689.44,2,57.33,97.16,EXCELLENT,0,0,107
FAC-001,FacilityOps Campus,AST-008,Water Pump 2,Pump,Building B,Block B1,2026-01-02 09:00:00,48.18,2.56,5.95,23.22,0.96,3690.39,2,57.38,99.41,EXCELLENT,0,0,121
FAC-001,FacilityOps Campus,AST-008,Water Pump 2,Pump,Building B,Block B1,2026-01-02 10:00:00,47.13,2.77,5.68,23.05,0.96,3691.36,2,57.42,99.54,EXCELLENT,0,0,94
FAC-001,FacilityOps Campus,AST-008,Water Pump 2,Pump,Building B,Block B1,2026-01-02 11:00:00,45.88,2.43,6.01,23.24,0.58,3691.94,2,57.46,99.16,EXCELLENT,0,0,152
FAC-001,FacilityOps Campus,AST-008,Water Pump 2,Pump,Building B,Block B1,2026-01-02 12:00:00,50.17,2.15,6.15,23.37,0.65,3692.59,2,57.5,98.6,EXCELLENT,0,0,134
FAC-001,FacilityOps Campus,AST-008,Water Pump 2,Pump,Building B,Block B1,2026-01-02 13:00:00,50.58,2.33,6.14,16.95,0.88,3693.47,2,57.54,98.65,EXCELLENT,0,0,160
FAC-001,FacilityOps Campus,AST-008,Water Pump 2,Pump,Building B,Block B1,2026-01-02 14:00:00,51.27,2.49,5.64,20.07,0.78,3694.25,2,57.58,99.38,EXCELLENT,0,0,180
FAC-001,FacilityOps Campus,AST-008,Water Pump 2,Pump,Building B,Block B1,2026-01-02 15:00:00,47.17,2.99,6.21,25.63,0.65,3694.9,2,57.62,96.27,EXCELLENT,0,0,123
FAC-001,FacilityOps Campus,AST-008,Water Pump 2,Pump,Building B,Block B1,2026-01-02 16:00:00,49.17,2.47,5.44,18.6,0.66,3695.56,2,57.67,98.57,EXCELLENT,0,0,102
FAC-001,FacilityOps Campus,AST-008,Water Pump 2,Pump,Building B,Block B1,2026-01-02 17:00:00,50.05,2.17,5.27,17.53,0.91,3696.47,2,57.71,97.87,EXCELLENT,0,0,104
FAC-001,FacilityOps Campus,AST-008,Water Pump 2,Pump,Building B,Block B1,2026-01-02 18:00:00,47.29,2.69,5.81,20.43,0.82,3697.29,2,57.75,99.96,EXCELLENT,0,0,133
FAC-001,FacilityOps Campus,AST-008,Water Pump 2,Pump,Building B,Block B1,2026-01-02 19:00:00,47.56,2.73,5.79,11.08,0.49,3697.78,2,57.79,99.94,EXCELLENT,0,0,154
FAC-001,FacilityOps Campus,AST-008,Water Pump 2,Pump,Building B,Block B1,2026-01-02 20:00:00,50.95,2.38,5.91,7.48,0.84,3698.62,2,57.83,99.58,EXCELLENT,0,0,126
FAC-001,FacilityOps Campus,AST-008,Water Pump 2,Pump,Building B,Block B1,2026-01-02 21:00:00,51.41,2.37,5.69,16.41,0.6,3699.22,2,57.88,99.57,EXCELLENT,0,0,117
FAC-001,FacilityOps Campus,AST-008,Water Pump 2,Pump,Building B,Block B1,2026-01-02 22:00:00,52.53,2.51,5.85,10.16,0.51,3699.73,2,57.92,99.82,EXCELLENT,0,0,157
FAC-001,FacilityOps Campus,AST-008,Water Pump 2,Pump,Building B,Block B1,2026-01-02 23:00:00,43.13,2.84,5.82,6.74,0.91,3700.64,2,57.96,99.94,EXCELLENT,0,0,179
FAC-001,FacilityOps Campus,AST-008,Water Pump 2,Pump,Building B,Block B1,2026-01-03 00:00:00,49.69,2.63,5.75,10.67,0.53,3701.16,2,58.0,99.81,EXCELLENT,0,0,163
FAC-001,FacilityOps Campus,AST-008,Water Pump 2,Pump,Building B,Block B1,2026-01-03 01:00:00,46.73,2.86,5.62,9.13,0.82,3701.99,2,58.04,99.29,EXCELLENT,0,0,153
FAC-001,FacilityOps Campus,AST-008,Water Pump 2,Pump,Building B,Block B1,2026-01-03 02:00:00,48.05,2.21,5.43,18.0,0.88,3702.87,2,58.08,98.51,EXCELLENT,0,0,162
FAC-001,FacilityOps Campus,AST-008,Water Pump 2,Pump,Building B,Block B1,2026-01-03 03:00:00,67.42,4.36,4.99,8.94,0.45,3703.32,2,58.12,39.66,CRITICAL,1,1,3
FAC-001,FacilityOps Campus,AST-008,Water Pump 2,Pump,Building B,Block B1,2026-01-03 04:00:00,47.53,2.51,6.19,10.74,0.51,3703.82,2,58.17,98.46,EXCELLENT,0,0,154
FAC-001,FacilityOps Campus,AST-008,Water Pump 2,Pump,Building B,Block B1,2026-01-03 05:00:00,49.42,2.86,5.74,8.65,0.94,3704.77,2,58.21,99.74,EXCELLENT,0,0,177
FAC-001,FacilityOps Campus,AST-008,Water Pump 2,Pump,Building B,Block B1,2026-01-03 06:00:00,47.54,2.66,5.57,15.12,0.76,3705.53,2,58.25,99.07,EXCELLENT,0,0,156
FAC-001,FacilityOps Campus,AST-008,Water Pump 2,Pump,Building B,Block B1,2026-01-03 07:00:00,45.65,2.12,5.66,14.22,0.43,3705.95,2,58.29,99.44,EXCELLENT,0,0,114
FAC-001,FacilityOps Campus,AST-008,Water Pump 2,Pump,Building B,Block B1,2026-01-03 08:00:00,55.2,3.09,5.2,29.19,0.63,3706.58,2,58.33,86.48,EXCELLENT,1,0,104
FAC-001,FacilityOps Campus,AST-008,Water Pump 2,Pump,Building B,Block B1,2026-01-03 09:00:00,49.11,2.44,6.03,17.93,0.86,3707.45,2,58.38,99.09,EXCELLENT,0,0,113
FAC-001,FacilityOps Campus,AST-008,Water Pump 2,Pump,Building B,Block B1,2026-01-03 10:00:00,47.59,2.26,5.61,25.01,0.59,3708.04,2,58.42,99.25,EXCELLENT,0,0,135
FAC-001,FacilityOps Campus,AST-008,Water Pump 2,Pump,Building B,Block B1,2026-01-03 11:00:00,49.84,2.61,5.74,24.57,0.78,3708.82,2,58.46,99.74,EXCELLENT,0,0,126
FAC-001,FacilityOps Campus,AST-008,Water Pump 2,Pump,Building B,Block B1,2026-01-03 12:00:00,50.1,2.3,6.17,19.53,0.81,3709.62,2,58.5,98.51,EXCELLENT,0,0,132
FAC-001,FacilityOps Campus,AST-008,Water Pump 2,Pump,Building B,Block B1,2026-01-03 13:00:00,44.3,2.29,5.65,24.88,0.99,3710.61,2,58.54,99.38,EXCELLENT,0,0,103
FAC-001,FacilityOps Campus,AST-008,Water Pump 2,Pump,Building B,Block B1,2026-01-03 14:00:00,51.27,2.56,5.59,19.48,0.97,3711.59,2,58.58,99.15,EXCELLENT,0,0,104
FAC-001,FacilityOps Campus,AST-008,Water Pump 2,Pump,Building B,Block B1,2026-01-03 15:00:00,90.56,5.53,5.27,31.08,0.56,3712.14,2,58.62,0.0,CRITICAL,1,1,1
FAC-001,FacilityOps Campus,AST-008,Water Pump 2,Pump,Building B,Block B1,2026-01-03 16:00:00,48.59,2.37,6.22,20.37,0.64,3712.79,2,58.67,98.31,EXCELLENT,0,0,171
FAC-001,FacilityOps Campus,AST-008,Water Pump 2,Pump,Building B,Block B1,2026-01-03 17:00:00,50.66,2.34,5.96,18.2,0.6,3713.39,2,58.71,99.38,EXCELLENT,0,0,92
FAC-001,FacilityOps Campus,AST-008,Water Pump 2,Pump,Building B,Block B1,2026-01-03 18:00:00,44.08,2.33,4.97,15.9,0.94,3714.33,2,58.75,96.69,EXCELLENT,0,0,175
FAC-001,FacilityOps Campus,AST-008,Water Pump 2,Pump,Building B,Block B1,2026-01-03 19:00:00,48.18,2.05,5.93,11.2,0.41,3714.74,2,58.79,99.47,EXCELLENT,0,0,162
FAC-001,FacilityOps Campus,AST-008,Water Pump 2,Pump,Building B,Block B1,2026-01-03 20:00:00,49.38,2.42,6.05,12.82,0.97,3715.71,2,58.83,98.99,EXCELLENT,0,0,100
FAC-001,FacilityOps Campus,AST-008,Water Pump 2,Pump,Building B,Block B1,2026-01-03 21:00:00,51.83,2.64,5.19,12.1,0.76,3716.47,2,58.88,97.56,EXCELLENT,0,0,175
FAC-001,FacilityOps Campus,AST-008,Water Pump 2,Pump,Building B,Block B1,2026-01-03 22:00:00,47.88,2.14,5.54,12.44,0.77,3717.24,2,58.92,98.96,EXCELLENT,0,0,134
FAC-001,FacilityOps Campus,AST-008,Water Pump 2,Pump,Building B,Block B1,2026-01-03 23:00:00,47.37,2.63,5.9,12.79,0.44,3717.68,2,58.96,99.59,EXCELLENT,0,0,145
FAC-001,FacilityOps Campus,AST-008,Water Pump 2,Pump,Building B,Block B1,2026-01-04 00:00:00,47.94,2.49,5.93,15.92,0.67,3718.35,2,59.0,99.49,EXCELLENT,0,0,149
FAC-001,FacilityOps Campus,AST-008,Water Pump 2,Pump,Building B,Block B1,2026-01-04 01:00:00,48.45,2.75,4.93,9.09,0.96,3719.31,2,59.04,96.51,EXCELLENT,0,0,102
FAC-001,FacilityOps Campus,AST-008,Water Pump 2,Pump,Building B,Block B1,2026-01-04 02:00:00,50.19,2.45,5.82,12.1,0.73,3720.05,2,59.08,99.93,EXCELLENT,0,0,140
FAC-001,FacilityOps Campus,AST-008,Water Pump 2,Pump,Building B,Block B1,2026-01-04 03:00:00,49.29,2.17,5.57,12.57,0.57,3720.62,2,59.12,99.09,EXCELLENT,0,0,138
FAC-001,FacilityOps Campus,AST-008,Water Pump 2,Pump,Building B,Block B1,2026-01-04 04:00:00,43.64,2.59,5.58,12.5,0.41,3721.03,2,59.17,99.12,EXCELLENT,0,0,136
FAC-001,FacilityOps Campus,AST-008,Water Pump 2,Pump,Building B,Block B1,2026-01-04 05:00:00,52.52,2.47,5.68,10.71,0.72,3721.75,2,59.21,99.5,EXCELLENT,0,0,153
FAC-001,FacilityOps Campus,AST-008,Water Pump 2,Pump,Building B,Block B1,2026-01-04 06:00:00,48.95,2.3,5.68,9.78,0.65,3722.41,2,59.25,99.52,EXCELLENT,0,0,128
FAC-001,FacilityOps Campus,AST-008,Water Pump 2,Pump,Building B,Block B1,2026-01-04 07:00:00,46.23,2.71,6.14,10.77,0.79,3723.2,2,59.29,98.64,EXCELLENT,0,0,94
FAC-001,FacilityOps Campus,AST-008,Water Pump 2,Pump,Building B,Block B1,2026-01-04 08:00:00,44.66,2.17,5.59,23.16,0.75,3723.94,2,59.33,99.17,EXCELLENT,0,0,158
FAC-001,FacilityOps Campus,AST-008,Water Pump 2,Pump,Building B,Block B1,2026-01-04 09:00:00,47.92,2.05,6.15,21.99,0.88,3724.82,2,59.38,98.61,EXCELLENT,0,0,152
FAC-001,FacilityOps Campus,AST-008,Water Pump 2,Pump,Building B,Block B1,2026-01-04 10:00:00,48.9,2.49,5.37,27.84,0.62,3725.45,2,59.42,97.92,EXCELLENT,0,0,153
FAC-001,FacilityOps Campus,AST-008,Water Pump 2,Pump,Building B,Block B1,2026-01-04 11:00:00,48.18,2.62,5.62,27.88,0.77,3726.21,2,59.46,98.85,EXCELLENT,0,0,128
FAC-001,FacilityOps Campus,AST-008,Water Pump 2,Pump,Building B,Block B1,2026-01-04 12:00:00,52.61,2.54,5.67,20.84,0.71,3726.92,2,59.5,99.48,EXCELLENT,0,0,154
FAC-001,FacilityOps Campus,AST-008,Water Pump 2,Pump,Building B,Block B1,2026-01-04 13:00:00,65.52,3.61,4.57,24.85,0.83,3727.74,2,59.54,55.3,WARNING,1,1,28
FAC-001,FacilityOps Campus,AST-008,Water Pump 2,Pump,Building B,Block B1,2026-01-04 14:00:00,48.51,2.48,5.51,18.63,0.51,3728.25,2,59.58,98.85,EXCELLENT,0,0,111
FAC-001,FacilityOps Campus,AST-008,Water Pump 2,Pump,Building B,Block B1,2026-01-04 15:00:00,49.51,2.35,5.9,20.18,0.62,3728.87,2,59.62,99.6,EXCELLENT,0,0,115
FAC-001,FacilityOps Campus,AST-008,Water Pump 2,Pump,Building B,Block B1,2026-01-04 16:00:00,47.78,2.72,5.63,18.47,0.63,3729.51,2,59.67,99.33,EXCELLENT,0,0,138
FAC-001,FacilityOps Campus,AST-008,Water Pump 2,Pump,Building B,Block B1,2026-01-04 17:00:00,47.77,2.28,5.71,29.86,0.98,3730.48,2,59.71,96.34,EXCELLENT,0,0,133
FAC-001,FacilityOps Campus,AST-008,Water Pump 2,Pump,Building B,Block B1,2026-01-04 18:00:00,49.57,2.53,6.24,18.59,0.89,3731.37,2,59.75,98.25,EXCELLENT,0,0,140
FAC-001,FacilityOps Campus,AST-008,Water Pump 2,Pump,Building B,Block B1,2026-01-04 19:00:00,50.13,2.83,5.82,16.23,0.78,3732.15,2,59.79,99.92,EXCELLENT,0,0,169
FAC-001,FacilityOps Campus,AST-008,Water Pump 2,Pump,Building B,Block B1,2026-01-04 20:00:00,47.95,2.82,5.3,13.77,0.53,3732.68,2,59.83,98.0,EXCELLENT,0,0,177
FAC-001,FacilityOps Campus,AST-008,Water Pump 2,Pump,Building B,Block B1,2026-01-04 21:00:00,51.49,2.53,6.01,12.04,0.63,3733.31,2,59.88,99.16,EXCELLENT,0,0,126
FAC-001,FacilityOps Campus,AST-008,Water Pump 2,Pump,Building B,Block B1,2026-01-04 22:00:00,52.0,2.86,6.23,15.5,0.5,3733.81,2,59.92,98.3,EXCELLENT,0,0,142
FAC-001,FacilityOps Campus,AST-008,Water Pump 2,Pump,Building B,Block B1,2026-01-04 23:00:00,49.04,2.56,5.36,14.85,0.75,3734.56,2,59.96,98.24,EXCELLENT,0,0,127
FAC-001,FacilityOps Campus,AST-008,Water Pump 2,Pump,Building B,Block B1,2026-01-05 00:00:00,50.85,2.45,5.49,11.09,0.47,3735.03,2,60.0,98.75,EXCELLENT,0,0,97
FAC-001,FacilityOps Campus,AST-008,Water Pump 2,Pump,Building B,Block B1,2026-01-05 01:00:00,44.08,2.41,5.73,12.19,0.75,3735.77,2,60.04,99.72,EXCELLENT,0,0,166
FAC-001,FacilityOps Campus,AST-008,Water Pump 2,Pump,Building B,Block B1,2026-01-05 02:00:00,45.68,2.28,5.96,9.19,0.74,3736.51,2,60.08,99.38,EXCELLENT,0,0,101
FAC-001,FacilityOps Campus,AST-008,Water Pump 2,Pump,Building B,Block B1,2026-01-05 03:00:00,51.34,1.98,6.12,13.27,0.87,3737.39,2,60.12,98.72,EXCELLENT,0,0,160
FAC-001,FacilityOps Campus,AST-008,Water Pump 2,Pump,Building B,Block B1,2026-01-05 04:00:00,50.72,2.63,5.93,12.05,0.84,3738.23,2,60.17,99.48,EXCELLENT,0,0,90
FAC-001,FacilityOps Campus,AST-008,Water Pump 2,Pump,Building B,Block B1,2026-01-05 05:00:00,49.14,2.38,5.86,13.83,0.5,3738.73,2,60.21,99.76,EXCELLENT,0,0,102
FAC-001,FacilityOps Campus,AST-008,Water Pump 2,Pump,Building B,Block B1,2026-01-05 06:00:00,47.98,2.56,6.19,17.07,0.89,3739.61,2,60.25,98.46,EXCELLENT,0,0,180
FAC-001,FacilityOps Campus,AST-008,Water Pump 2,Pump,Building B,Block B1,2026-01-05 07:00:00,46.16,2.42,5.87,9.94,0.87,3740.48,2,60.29,99.73,EXCELLENT,0,0,142
FAC-001,FacilityOps Campus,AST-008,Water Pump 2,Pump,Building B,Block B1,2026-01-05 08:00:00,45.79,2.94,5.81,22.11,0.84,3741.32,2,60.33,98.87,EXCELLENT,0,0,153
FAC-001,FacilityOps Campus,AST-008,Water Pump 2,Pump,Building B,Block B1,2026-01-05 09:00:00,48.41,3.01,5.53,20.62,0.57,3741.88,2,60.38,96.55,EXCELLENT,0,0,125
FAC-001,FacilityOps Campus,AST-008,Water Pump 2,Pump,Building B,Block B1,2026-01-05 10:00:00,45.21,2.52,6.09,24.38,0.92,3742.81,2,60.42,98.84,EXCELLENT,0,0,115
FAC-001,FacilityOps Campus,AST-008,Water Pump 2,Pump,Building B,Block B1,2026-01-05 11:00:00,43.0,2.25,5.76,19.25,0.95,3743.76,2,60.46,99.83,EXCELLENT,0,0,107
FAC-001,FacilityOps Campus,AST-008,Water Pump 2,Pump,Building B,Block B1,2026-01-05 12:00:00,50.72,2.32,5.98,20.73,0.58,3744.34,2,60.5,99.28,EXCELLENT,0,0,144
FAC-001,FacilityOps Campus,AST-008,Water Pump 2,Pump,Building B,Block B1,2026-01-05 13:00:00,47.75,2.3,5.49,23.23,0.58,3744.92,2,60.54,98.76,EXCELLENT,0,0,108
FAC-001,FacilityOps Campus,AST-008,Water Pump 2,Pump,Building B,Block B1,2026-01-05 14:00:00,45.26,2.52,6.39,17.72,0.71,3745.63,2,60.58,97.66,EXCELLENT,0,0,144
FAC-001,FacilityOps Campus,AST-008,Water Pump 2,Pump,Building B,Block B1,2026-01-05 15:00:00,50.0,2.47,5.56,21.46,0.69,3746.32,2,60.62,99.04,EXCELLENT,0,0,140
FAC-001,FacilityOps Campus,AST-008,Water Pump 2,Pump,Building B,Block B1,2026-01-05 16:00:00,49.31,2.67,5.68,22.25,0.56,3746.89,2,60.67,99.5,EXCELLENT,0,0,166
FAC-001,FacilityOps Campus,AST-008,Water Pump 2,Pump,Building B,Block B1,2026-01-05 17:00:00,50.62,2.09,5.91,15.41,0.71,3747.6,2,60.71,99.56,EXCELLENT,0,0,180
FAC-001,FacilityOps Campus,AST-008,Water Pump 2,Pump,Building B,Block B1,2026-01-05 18:00:00,44.1,2.5,5.66,19.85,0.65,3748.25,2,60.75,99.45,EXCELLENT,0,0,115
FAC-001,FacilityOps Campus,AST-008,Water Pump 2,Pump,Building B,Block B1,2026-01-05 19:00:00,49.11,2.32,6.04,13.57,0.95,3749.2,2,60.79,99.05,EXCELLENT,0,0,179
FAC-001,FacilityOps Campus,AST-008,Water Pump 2,Pump,Building B,Block B1,2026-01-05 20:00:00,45.84,2.32,6.16,11.78,0.9,3750.1,2,60.83,98.56,EXCELLENT,0,0,156
FAC-001,FacilityOps Campus,AST-008,Water Pump 2,Pump,Building B,Block B1,2026-01-05 21:00:00,49.15,2.46,6.61,16.08,0.67,3750.77,2,60.88,96.77,EXCELLENT,0,0,172
FAC-001,FacilityOps Campus,AST-008,Water Pump 2,Pump,Building B,Block B1,2026-01-05 22:00:00,49.49,2.64,5.58,11.74,0.73,3751.5,2,60.92,99.13,EXCELLENT,0,0,95
FAC-001,FacilityOps Campus,AST-008,Water Pump 2,Pump,Building B,Block B1,2026-01-05 23:00:00,46.18,2.64,5.22,11.42,0.84,3752.35,2,60.96,97.7,EXCELLENT,0,0,156
FAC-001,FacilityOps Campus,AST-008,Water Pump 2,Pump,Building B,Block B1,2026-01-06 00:00:00,49.05,2.47,5.81,10.81,0.94,3753.29,2,61.0,99.96,EXCELLENT,0,0,107
FAC-001,FacilityOps Campus,AST-008,Water Pump 2,Pump,Building B,Block B1,2026-01-06 01:00:00,40.19,2.18,5.79,10.58,0.75,3754.04,2,61.04,99.97,EXCELLENT,0,0,111
FAC-001,FacilityOps Campus,AST-008,Water Pump 2,Pump,Building B,Block B1,2026-01-06 02:00:00,45.48,2.53,5.99,10.6,0.92,3754.96,2,61.08,99.26,EXCELLENT,0,0,123
FAC-001,FacilityOps Campus,AST-008,Water Pump 2,Pump,Building B,Block B1,2026-01-06 03:00:00,47.25,2.33,6.09,15.35,0.43,3755.39,2,61.12,98.84,EXCELLENT,0,0,143
FAC-001,FacilityOps Campus,AST-008,Water Pump 2,Pump,Building B,Block B1,2026-01-06 04:00:00,47.74,2.44,5.55,13.73,0.66,3756.04,2,61.17,98.98,EXCELLENT,0,0,166
FAC-001,FacilityOps Campus,AST-008,Water Pump 2,Pump,Building B,Block B1,2026-01-06 05:00:00,55.72,2.62,6.15,12.27,0.51,3756.55,2,61.21,92.52,EXCELLENT,0,0,142
FAC-001,FacilityOps Campus,AST-008,Water Pump 2,Pump,Building B,Block B1,2026-01-06 06:00:00,50.9,2.29,5.53,8.29,0.63,3757.18,2,61.25,98.92,EXCELLENT,0,0,122
FAC-001,FacilityOps Campus,AST-008,Water Pump 2,Pump,Building B,Block B1,2026-01-06 07:00:00,47.3,2.66,6.12,7.72,0.84,3758.02,2,61.29,98.71,EXCELLENT,0,0,109
FAC-001,FacilityOps Campus,AST-008,Water Pump 2,Pump,Building B,Block B1,2026-01-06 08:00:00,49.73,2.28,5.97,17.85,0.79,3758.81,2,61.33,99.31,EXCELLENT,0,0,135
FAC-001,FacilityOps Campus,AST-008,Water Pump 2,Pump,Building B,Block B1,2026-01-06 09:00:00,44.72,2.64,5.51,19.29,0.65,3759.46,2,61.38,98.85,EXCELLENT,0,0,158
FAC-001,FacilityOps Campus,AST-008,Water Pump 2,Pump,Building B,Block B1,2026-01-06 10:00:00,50.28,2.84,5.63,21.31,0.69,3760.15,2,61.42,99.32,EXCELLENT,0,0,133
FAC-001,FacilityOps Campus,AST-008,Water Pump 2,Pump,Building B,Block B1,2026-01-06 11:00:00,48.46,2.28,5.65,23.98,0.86,3761.01,2,61.46,99.4,EXCELLENT,0,0,106
FAC-001,FacilityOps Campus,AST-008,Water Pump 2,Pump,Building B,Block B1,2026-01-06 12:00:00,52.73,3.14,5.54,20.31,0.47,3761.48,2,61.5,94.22,EXCELLENT,0,0,104
FAC-001,FacilityOps Campus,AST-008,Water Pump 2,Pump,Building B,Block B1,2026-01-06 13:00:00,46.06,2.76,6.02,26.09,0.76,3762.24,2,61.54,99.1,EXCELLENT,0,0,167
FAC-001,FacilityOps Campus,AST-008,Water Pump 2,Pump,Building B,Block B1,2026-01-06 14:00:00,45.38,2.71,6.0,25.56,0.94,3763.19,2,61.58,99.2,EXCELLENT,0,0,173
FAC-001,FacilityOps Campus,AST-008,Water Pump 2,Pump,Building B,Block B1,2026-01-06 15:00:00,48.73,2.49,5.34,25.15,0.4,3763.59,2,61.62,98.17,EXCELLENT,0,0,139
FAC-001,FacilityOps Campus,AST-008,Water Pump 2,Pump,Building B,Block B1,2026-01-06 16:00:00,48.77,2.76,5.71,24.75,0.43,3764.02,2,61.67,99.63,EXCELLENT,0,0,110
FAC-001,FacilityOps Campus,AST-008,Water Pump 2,Pump,Building B,Block B1,2026-01-06 17:00:00,49.73,2.39,5.79,19.22,0.78,3764.79,2,61.71,99.98,EXCELLENT,0,0,110
FAC-001,FacilityOps Campus,AST-008,Water Pump 2,Pump,Building B,Block B1,2026-01-06 18:00:00,45.16,2.3,6.08,18.33,0.91,3765.71,2,61.75,98.88,EXCELLENT,0,0,169
FAC-001,FacilityOps Campus,AST-008,Water Pump 2,Pump,Building B,Block B1,2026-01-06 19:00:00,46.38,2.38,5.94,15.62,0.72,3766.43,2,61.79,99.46,EXCELLENT,0,0,156
FAC-001,FacilityOps Campus,AST-008,Water Pump 2,Pump,Building B,Block B1,2026-01-06 20:00:00,46.74,2.19,5.42,11.67,0.78,3767.21,2,61.83,98.48,EXCELLENT,0,0,142
FAC-001,FacilityOps Campus,AST-008,Water Pump 2,Pump,Building B,Block B1,2026-01-06 21:00:00,48.33,2.35,5.96,16.45,0.66,3767.87,2,61.88,99.36,EXCELLENT,0,0,95
FAC-001,FacilityOps Campus,AST-008,Water Pump 2,Pump,Building B,Block B1,2026-01-06 22:00:00,48.66,2.41,5.86,9.05,0.96,3768.83,2,61.92,99.75,EXCELLENT,0,0,153
FAC-001,FacilityOps Campus,AST-008,Water Pump 2,Pump,Building B,Block B1,2026-01-06 23:00:00,47.26,2.44,5.26,8.3,0.61,3769.44,2,61.96,97.82,EXCELLENT,0,0,124
FAC-001,FacilityOps Campus,AST-008,Water Pump 2,Pump,Building B,Block B1,2026-01-07 00:00:00,49.9,2.34,5.58,15.14,0.59,3770.03,2,62.0,99.14,EXCELLENT,0,0,96
FAC-001,FacilityOps Campus,AST-008,Water Pump 2,Pump,Building B,Block B1,2026-01-07 01:00:00,47.87,2.36,6.0,18.12,0.89,3770.92,2,62.04,99.2,EXCELLENT,0,0,136
FAC-001,FacilityOps Campus,AST-008,Water Pump 2,Pump,Building B,Block B1,2026-01-07 02:00:00,52.25,2.54,6.23,9.41,0.69,3771.61,2,62.08,98.27,EXCELLENT,0,0,170
FAC-001,FacilityOps Campus,AST-008,Water Pump 2,Pump,Building B,Block B1,2026-01-07 03:00:00,48.11,2.3,5.69,10.3,0.81,3772.42,2,62.12,99.56,EXCELLENT,0,0,134
FAC-001,FacilityOps Campus,AST-008,Water Pump 2,Pump,Building B,Block B1,2026-01-07 04:00:00,49.06,2.48,5.79,7.95,0.85,3773.26,2,62.17,99.95,EXCELLENT,0,0,160
FAC-001,FacilityOps Campus,AST-008,Water Pump 2,Pump,Building B,Block B1,2026-01-07 05:00:00,48.17,2.72,5.79,12.07,0.76,3774.03,2,62.21,99.98,EXCELLENT,0,0,154
FAC-001,FacilityOps Campus,AST-008,Water Pump 2,Pump,Building B,Block B1,2026-01-07 06:00:00,52.43,2.63,5.9,9.72,0.75,3774.78,2,62.25,99.61,EXCELLENT,0,0,145
FAC-001,FacilityOps Campus,AST-008,Water Pump 2,Pump,Building B,Block B1,2026-01-07 07:00:00,50.4,2.64,5.59,17.66,0.98,3775.76,2,62.29,99.14,EXCELLENT,0,0,130
FAC-001,FacilityOps Campus,AST-008,Water Pump 2,Pump,Building B,Block B1,2026-01-07 08:00:00,53.75,2.15,6.04,22.86,0.84,3776.6,2,62.33,97.05,EXCELLENT,0,0,170
FAC-001,FacilityOps Campus,AST-008,Water Pump 2,Pump,Building B,Block B1,2026-01-07 09:00:00,45.97,2.61,5.54,24.41,0.95,3777.55,2,62.38,98.97,EXCELLENT,0,0,166
FAC-001,FacilityOps Campus,AST-008,Water Pump 2,Pump,Building B,Block B1,2026-01-07 10:00:00,47.2,2.33,5.64,19.7,0.93,3778.47,2,62.42,99.34,EXCELLENT,0,0,90
FAC-001,FacilityOps Campus,AST-008,Water Pump 2,Pump,Building B,Block B1,2026-01-07 11:00:00,64.63,4.18,5.73,27.86,0.95,3779.43,2,62.46,51.24,WARNING,1,1,21
FAC-001,FacilityOps Campus,AST-008,Water Pump 2,Pump,Building B,Block B1,2026-01-07 12:00:00,47.95,2.4,5.28,20.18,0.73,3780.16,2,62.5,97.91,EXCELLENT,0,0,147
FAC-001,FacilityOps Campus,AST-008,Water Pump 2,Pump,Building B,Block B1,2026-01-07 13:00:00,48.7,2.6,5.78,21.64,0.53,3780.69,2,62.54,99.9,EXCELLENT,0,0,159
FAC-001,FacilityOps Campus,AST-008,Water Pump 2,Pump,Building B,Block B1,2026-01-07 14:00:00,46.57,2.47,5.29,24.88,0.72,3781.42,2,62.58,97.96,EXCELLENT,0,0,119
FAC-001,FacilityOps Campus,AST-008,Water Pump 2,Pump,Building B,Block B1,2026-01-07 15:00:00,46.53,2.55,5.52,18.96,0.71,3782.13,2,62.62,98.9,EXCELLENT,0,0,116
FAC-001,FacilityOps Campus,AST-008,Water Pump 2,Pump,Building B,Block B1,2026-01-07 16:00:00,46.85,2.58,5.79,18.57,0.58,3782.71,2,62.67,99.98,EXCELLENT,0,0,158
FAC-001,FacilityOps Campus,AST-008,Water Pump 2,Pump,Building B,Block B1,2026-01-07 17:00:00,46.1,2.72,5.95,26.86,0.66,3783.37,2,62.71,99.39,EXCELLENT,0,0,98
FAC-001,FacilityOps Campus,AST-008,Water Pump 2,Pump,Building B,Block B1,2026-01-07 18:00:00,49.16,2.51,6.07,23.43,0.72,3784.09,2,62.75,98.93,EXCELLENT,0,0,97
FAC-001,FacilityOps Campus,AST-008,Water Pump 2,Pump,Building B,Block B1,2026-01-07 19:00:00,48.85,2.4,5.69,16.34,0.5,3784.59,2,62.79,99.55,EXCELLENT,0,0,164
FAC-001,FacilityOps Campus,AST-008,Water Pump 2,Pump,Building B,Block B1,2026-01-07 20:00:00,50.32,2.72,5.87,14.59,0.41,3785.0,2,62.83,99.74,EXCELLENT,0,0,95
FAC-001,FacilityOps Campus,AST-008,Water Pump 2,Pump,Building B,Block B1,2026-01-07 21:00:00,47.85,2.31,6.08,13.65,0.76,3785.75,2,62.88,98.88,EXCELLENT,0,0,105
FAC-001,FacilityOps Campus,AST-008,Water Pump 2,Pump,Building B,Block B1,2026-01-07 22:00:00,48.1,2.42,5.67,15.6,0.65,3786.4,2,62.92,99.48,EXCELLENT,0,0,127
FAC-001,FacilityOps Campus,AST-008,Water Pump 2,Pump,Building B,Block B1,2026-01-07 23:00:00,51.3,2.41,5.74,16.23,0.52,3786.92,2,62.96,99.74,EXCELLENT,0,0,141
FAC-001,FacilityOps Campus,AST-008,Water Pump 2,Pump,Building B,Block B1,2026-01-08 00:00:00,49.05,2.66,5.57,10.76,0.57,3787.5,2,63.0,99.08,EXCELLENT,0,0,177
FAC-001,FacilityOps Campus,AST-008,Water Pump 2,Pump,Building B,Block B1,2026-01-08 01:00:00,42.76,2.15,5.45,13.55,0.5,3788.0,2,63.04,98.59,EXCELLENT,0,0,176
FAC-001,FacilityOps Campus,AST-008,Water Pump 2,Pump,Building B,Block B1,2026-01-08 02:00:00,52.52,2.47,5.12,15.98,0.88,3788.88,2,63.08,97.26,EXCELLENT,0,0,105
FAC-001,FacilityOps Campus,AST-008,Water Pump 2,Pump,Building B,Block B1,2026-01-08 03:00:00,47.51,2.46,6.36,14.16,0.4,3789.28,2,63.12,97.76,EXCELLENT,0,0,144
FAC-001,FacilityOps Campus,AST-008,Water Pump 2,Pump,Building B,Block B1,2026-01-08 04:00:00,45.35,2.37,6.06,9.43,0.63,3789.91,2,63.17,98.98,EXCELLENT,0,0,163
FAC-001,FacilityOps Campus,AST-008,Water Pump 2,Pump,Building B,Block B1,2026-01-08 05:00:00,47.63,2.8,6.3,10.53,0.89,3790.8,2,63.21,98.0,EXCELLENT,0,0,132
FAC-001,FacilityOps Campus,AST-008,Water Pump 2,Pump,Building B,Block B1,2026-01-08 06:00:00,45.93,2.48,5.65,17.98,0.6,3791.4,2,63.25,99.39,EXCELLENT,0,0,148
FAC-001,FacilityOps Campus,AST-008,Water Pump 2,Pump,Building B,Block B1,2026-01-08 07:00:00,47.5,2.1,6.37,15.9,0.91,3792.31,2,63.29,97.72,EXCELLENT,0,0,108
FAC-001,FacilityOps Campus,AST-008,Water Pump 2,Pump,Building B,Block B1,2026-01-08 08:00:00,47.93,2.92,5.82,21.16,0.41,3792.72,2,63.33,99.04,EXCELLENT,0,0,158
FAC-001,FacilityOps Campus,AST-008,Water Pump 2,Pump,Building B,Block B1,2026-01-08 09:00:00,46.47,2.95,5.92,24.01,0.56,3793.28,2,63.38,98.07,EXCELLENT,0,0,168
FAC-001,FacilityOps Campus,AST-008,Water Pump 2,Pump,Building B,Block B1,2026-01-08 10:00:00,44.64,2.57,5.91,21.33,0.59,3793.88,2,63.42,99.57,EXCELLENT,0,0,160
FAC-001,FacilityOps Campus,AST-008,Water Pump 2,Pump,Building B,Block B1,2026-01-08 11:00:00,46.02,2.9,5.97,19.39,0.43,3794.31,2,63.46,98.85,EXCELLENT,0,0,130
FAC-001,FacilityOps Campus,AST-008,Water Pump 2,Pump,Building B,Block B1,2026-01-08 12:00:00,50.26,2.63,5.46,21.39,0.57,3794.88,2,63.5,98.66,EXCELLENT,0,0,130
FAC-001,FacilityOps Campus,AST-008,Water Pump 2,Pump,Building B,Block B1,2026-01-08 13:00:00,52.04,2.4,5.71,23.78,0.99,3795.86,2,63.54,99.64,EXCELLENT,0,0,169
FAC-001,FacilityOps Campus,AST-008,Water Pump 2,Pump,Building B,Block B1,2026-01-08 14:00:00,46.28,2.73,6.05,23.15,0.94,3796.81,2,63.58,99.01,EXCELLENT,0,0,137
FAC-001,FacilityOps Campus,AST-008,Water Pump 2,Pump,Building B,Block B1,2026-01-08 15:00:00,48.28,2.64,5.85,25.54,0.83,3797.64,2,63.62,99.78,EXCELLENT,0,0,142
FAC-001,FacilityOps Campus,AST-008,Water Pump 2,Pump,Building B,Block B1,2026-01-08 16:00:00,48.52,2.28,6.17,22.13,0.94,3798.58,2,63.67,98.54,EXCELLENT,0,0,101
FAC-001,FacilityOps Campus,AST-008,Water Pump 2,Pump,Building B,Block B1,2026-01-08 17:00:00,49.78,2.73,6.01,19.3,0.49,3799.07,2,63.71,99.16,EXCELLENT,0,0,127
FAC-001,FacilityOps Campus,AST-008,Water Pump 2,Pump,Building B,Block B1,2026-01-08 18:00:00,45.21,2.45,5.64,21.15,0.91,3799.98,2,63.75,99.36,EXCELLENT,0,0,150
FAC-001,FacilityOps Campus,AST-008,Water Pump 2,Pump,Building B,Block B1,2026-01-08 19:00:00,46.26,2.51,5.75,13.82,0.8,3800.78,2,63.79,99.79,EXCELLENT,0,0,117
FAC-001,FacilityOps Campus,AST-008,Water Pump 2,Pump,Building B,Block B1,2026-01-08 20:00:00,50.19,2.54,6.13,11.91,0.44,3801.22,2,63.83,98.69,EXCELLENT,0,0,131
FAC-001,FacilityOps Campus,AST-008,Water Pump 2,Pump,Building B,Block B1,2026-01-08 21:00:00,46.27,2.55,6.05,6.85,0.89,3802.11,2,63.88,98.98,EXCELLENT,0,0,118
FAC-001,FacilityOps Campus,AST-008,Water Pump 2,Pump,Building B,Block B1,2026-01-08 22:00:00,49.84,2.72,6.0,12.07,0.46,3802.58,2,63.92,99.2,EXCELLENT,0,0,102
FAC-001,FacilityOps Campus,AST-008,Water Pump 2,Pump,Building B,Block B1,2026-01-08 23:00:00,48.54,2.3,5.19,9.88,0.88,3803.46,2,63.96,97.57,EXCELLENT,0,0,108
FAC-001,FacilityOps Campus,AST-008,Water Pump 2,Pump,Building B,Block B1,2026-01-09 00:00:00,46.99,2.55,6.1,11.53,0.64,3804.1,2,64.0,98.8,EXCELLENT,0,0,119
FAC-001,FacilityOps Campus,AST-008,Water Pump 2,Pump,Building B,Block B1,2026-01-09 01:00:00,50.73,2.36,5.65,9.79,0.93,3805.03,2,64.04,99.42,EXCELLENT,0,0,94
FAC-001,FacilityOps Campus,AST-008,Water Pump 2,Pump,Building B,Block B1,2026-01-09 02:00:00,47.46,2.7,5.58,11.25,0.81,3805.84,2,64.08,99.1,EXCELLENT,0,0,173
FAC-001,FacilityOps Campus,AST-008,Water Pump 2,Pump,Building B,Block B1,2026-01-09 03:00:00,50.1,2.78,5.63,11.35,0.76,3806.6,2,64.12,99.31,EXCELLENT,0,0,110
FAC-001,FacilityOps Campus,AST-008,Water Pump 2,Pump,Building B,Block B1,2026-01-09 04:00:00,45.43,2.55,5.62,15.98,0.47,3807.07,2,64.17,99.26,EXCELLENT,0,0,170
FAC-001,FacilityOps Campus,AST-008,Water Pump 2,Pump,Building B,Block B1,2026-01-09 05:00:00,51.33,2.54,5.68,12.61,0.88,3807.96,2,64.21,99.52,EXCELLENT,0,0,98
FAC-001,FacilityOps Campus,AST-008,Water Pump 2,Pump,Building B,Block B1,2026-01-09 06:00:00,52.21,2.17,5.65,11.45,0.84,3808.79,2,64.25,99.42,EXCELLENT,0,0,127
FAC-001,FacilityOps Campus,AST-008,Water Pump 2,Pump,Building B,Block B1,2026-01-09 07:00:00,50.86,2.29,6.04,11.77,0.86,3809.65,2,64.29,99.04,EXCELLENT,0,0,179
FAC-001,FacilityOps Campus,AST-008,Water Pump 2,Pump,Building B,Block B1,2026-01-09 08:00:00,47.14,2.56,5.16,19.55,0.72,3810.37,2,64.33,97.44,EXCELLENT,0,0,171
FAC-001,FacilityOps Campus,AST-008,Water Pump 2,Pump,Building B,Block B1,2026-01-09 09:00:00,50.99,3.08,5.56,25.63,0.45,3810.82,2,64.38,95.39,EXCELLENT,0,0,174
FAC-001,FacilityOps Campus,AST-008,Water Pump 2,Pump,Building B,Block B1,2026-01-09 10:00:00,45.0,2.36,6.06,19.94,0.88,3811.7,2,64.42,98.95,EXCELLENT,0,0,159
FAC-001,FacilityOps Campus,AST-008,Water Pump 2,Pump,Building B,Block B1,2026-01-09 11:00:00,48.94,2.45,5.72,27.4,0.4,3812.1,2,64.46,99.69,EXCELLENT,0,0,138
FAC-001,FacilityOps Campus,AST-008,Water Pump 2,Pump,Building B,Block B1,2026-01-09 12:00:00,51.54,2.61,5.01,21.33,0.57,3812.68,2,64.5,96.84,EXCELLENT,0,0,97
FAC-001,FacilityOps Campus,AST-008,Water Pump 2,Pump,Building B,Block B1,2026-01-09 13:00:00,48.9,2.63,5.01,17.66,0.87,3813.54,2,64.54,96.85,EXCELLENT,0,0,133
FAC-001,FacilityOps Campus,AST-008,Water Pump 2,Pump,Building B,Block B1,2026-01-09 14:00:00,45.99,2.43,5.29,24.45,0.77,3814.31,2,64.58,97.95,EXCELLENT,0,0,158
FAC-001,FacilityOps Campus,AST-008,Water Pump 2,Pump,Building B,Block B1,2026-01-09 15:00:00,45.98,2.83,5.88,24.35,0.84,3815.15,2,64.62,99.67,EXCELLENT,0,0,96
FAC-001,FacilityOps Campus,AST-008,Water Pump 2,Pump,Building B,Block B1,2026-01-09 16:00:00,51.72,2.58,5.8,19.05,0.85,3816.0,2,64.67,99.99,EXCELLENT,0,0,141
FAC-001,FacilityOps Campus,AST-008,Water Pump 2,Pump,Building B,Block B1,2026-01-09 17:00:00,51.67,2.28,6.31,21.15,0.8,3816.8,2,64.71,97.94,EXCELLENT,0,0,115
FAC-001,FacilityOps Campus,AST-008,Water Pump 2,Pump,Building B,Block B1,2026-01-09 18:00:00,46.0,2.78,5.91,19.35,0.94,3817.74,2,64.75,99.55,EXCELLENT,0,0,150
FAC-001,FacilityOps Campus,AST-008,Water Pump 2,Pump,Building B,Block B1,2026-01-09 19:00:00,47.87,2.52,6.03,11.7,0.6,3818.35,2,64.79,99.09,EXCELLENT,0,0,96
FAC-001,FacilityOps Campus,AST-008,Water Pump 2,Pump,Building B,Block B1,2026-01-09 20:00:00,51.42,2.51,5.83,11.11,0.46,3818.81,2,64.83,99.88,EXCELLENT,0,0,137
FAC-001,FacilityOps Campus,AST-008,Water Pump 2,Pump,Building B,Block B1,2026-01-09 21:00:00,48.79,2.5,5.66,11.91,0.7,3819.5,2,64.88,99.44,EXCELLENT,0,0,116
FAC-001,FacilityOps Campus,AST-008,Water Pump 2,Pump,Building B,Block B1,2026-01-09 22:00:00,49.04,2.25,5.84,12.51,0.82,3820.32,2,64.92,99.85,EXCELLENT,0,0,137
FAC-001,FacilityOps Campus,AST-008,Water Pump 2,Pump,Building B,Block B1,2026-01-09 23:00:00,49.43,2.6,5.78,13.07,0.7,3821.02,2,64.96,99.91,EXCELLENT,0,0,130
FAC-001,FacilityOps Campus,AST-008,Water Pump 2,Pump,Building B,Block B1,2026-01-10 00:00:00,46.26,2.21,6.32,12.38,0.71,3821.73,2,65.0,97.91,EXCELLENT,0,0,146
FAC-001,FacilityOps Campus,AST-008,Water Pump 2,Pump,Building B,Block B1,2026-01-10 01:00:00,49.15,2.29,5.58,11.85,0.95,3822.68,2,65.04,99.14,EXCELLENT,0,0,161
FAC-001,FacilityOps Campus,AST-008,Water Pump 2,Pump,Building B,Block B1,2026-01-10 02:00:00,45.25,2.57,5.66,8.96,0.97,3823.65,2,65.08,99.45,EXCELLENT,0,0,174
FAC-001,FacilityOps Campus,AST-008,Water Pump 2,Pump,Building B,Block B1,2026-01-10 03:00:00,64.48,3.28,7.43,12.73,0.73,3824.38,2,65.12,61.89,WARNING,1,0,28
FAC-001,FacilityOps Campus,AST-008,Water Pump 2,Pump,Building B,Block B1,2026-01-10 04:00:00,49.66,2.79,6.33,11.91,0.6,3824.98,2,65.17,97.87,EXCELLENT,0,0,176
FAC-001,FacilityOps Campus,AST-008,Water Pump 2,Pump,Building B,Block B1,2026-01-10 05:00:00,51.32,2.47,5.81,15.79,0.49,3825.46,2,65.21,99.94,EXCELLENT,0,0,145
FAC-001,FacilityOps Campus,AST-008,Water Pump 2,Pump,Building B,Block B1,2026-01-10 06:00:00,46.54,2.24,6.35,16.06,0.88,3826.35,2,65.25,97.82,EXCELLENT,0,0,127
FAC-001,FacilityOps Campus,AST-008,Water Pump 2,Pump,Building B,Block B1,2026-01-10 07:00:00,44.98,2.46,5.83,16.22,0.41,3826.76,2,65.29,99.86,EXCELLENT,0,0,100
FAC-001,FacilityOps Campus,AST-008,Water Pump 2,Pump,Building B,Block B1,2026-01-10 08:00:00,44.07,2.05,6.43,24.44,0.77,3827.52,2,65.33,97.47,EXCELLENT,0,0,179
FAC-001,FacilityOps Campus,AST-008,Water Pump 2,Pump,Building B,Block B1,2026-01-10 09:00:00,49.37,2.15,5.47,23.0,0.64,3828.16,2,65.38,98.7,EXCELLENT,0,0,90
FAC-001,FacilityOps Campus,AST-008,Water Pump 2,Pump,Building B,Block B1,2026-01-10 10:00:00,49.39,2.78,5.64,22.3,0.64,3828.81,2,65.42,99.35,EXCELLENT,0,0,151
FAC-001,FacilityOps Campus,AST-008,Water Pump 2,Pump,Building B,Block B1,2026-01-10 11:00:00,45.1,3.08,6.0,19.08,0.93,3829.73,2,65.46,95.55,EXCELLENT,0,0,109
FAC-001,FacilityOps Campus,AST-008,Water Pump 2,Pump,Building B,Block B1,2026-01-10 12:00:00,48.64,2.37,5.57,24.5,0.98,3830.72,2,65.5,99.09,EXCELLENT,0,0,109
FAC-001,FacilityOps Campus,AST-008,Water Pump 2,Pump,Building B,Block B1,2026-01-10 13:00:00,47.06,2.42,5.84,19.76,0.5,3831.22,2,65.54,99.85,EXCELLENT,0,0,176
FAC-001,FacilityOps Campus,AST-008,Water Pump 2,Pump,Building B,Block B1,2026-01-10 14:00:00,57.07,3.4,5.62,30.33,0.71,3831.93,2,65.58,77.03,GOOD,1,0,82
FAC-001,FacilityOps Campus,AST-008,Water Pump 2,Pump,Building B,Block B1,2026-01-10 15:00:00,43.56,2.57,6.07,17.71,0.72,3832.66,2,65.62,98.92,EXCELLENT,0,0,105
FAC-001,FacilityOps Campus,AST-008,Water Pump 2,Pump,Building B,Block B1,2026-01-10 16:00:00,46.96,2.33,5.31,24.94,0.49,3833.15,2,65.67,98.04,EXCELLENT,0,0,149
FAC-001,FacilityOps Campus,AST-008,Water Pump 2,Pump,Building B,Block B1,2026-01-10 17:00:00,47.36,2.42,5.73,22.03,0.41,3833.56,2,65.71,99.73,EXCELLENT,0,0,121
FAC-001,FacilityOps Campus,AST-008,Water Pump 2,Pump,Building B,Block B1,2026-01-10 18:00:00,47.64,2.48,5.59,23.41,0.98,3834.54,2,65.75,99.17,EXCELLENT,0,0,178
FAC-001,FacilityOps Campus,AST-008,Water Pump 2,Pump,Building B,Block B1,2026-01-10 19:00:00,49.9,3.05,5.91,13.55,0.6,3835.14,2,65.79,96.38,EXCELLENT,0,0,103
FAC-001,FacilityOps Campus,AST-008,Water Pump 2,Pump,Building B,Block B1,2026-01-10 20:00:00,48.4,2.73,5.6,12.89,0.93,3836.07,2,65.83,99.22,EXCELLENT,0,0,147
FAC-001,FacilityOps Campus,AST-008,Water Pump 2,Pump,Building B,Block B1,2026-01-10 21:00:00,50.19,2.25,6.51,12.43,0.81,3836.88,2,65.88,97.16,EXCELLENT,0,0,98
FAC-001,FacilityOps Campus,AST-008,Water Pump 2,Pump,Building B,Block B1,2026-01-10 22:00:00,47.78,1.94,5.41,10.75,0.95,3837.84,2,65.92,98.43,EXCELLENT,0,0,99
FAC-001,FacilityOps Campus,AST-008,Water Pump 2,Pump,Building B,Block B1,2026-01-10 23:00:00,49.49,2.1,5.35,12.74,0.58,3838.42,2,65.96,98.19,EXCELLENT,0,0,159
FAC-001,FacilityOps Campus,AST-008,Water Pump 2,Pump,Building B,Block B1,2026-01-11 00:00:00,49.99,2.34,5.44,10.57,0.64,3839.06,2,66.0,98.56,EXCELLENT,0,0,106
FAC-001,FacilityOps Campus,AST-008,Water Pump 2,Pump,Building B,Block B1,2026-01-11 01:00:00,46.05,2.28,5.94,11.56,0.8,3839.86,2,66.04,99.44,EXCELLENT,0,0,143
FAC-001,FacilityOps Campus,AST-008,Water Pump 2,Pump,Building B,Block B1,2026-01-11 02:00:00,49.51,2.5,5.59,15.51,0.56,3840.42,2,66.08,99.17,EXCELLENT,0,0,94
FAC-001,FacilityOps Campus,AST-008,Water Pump 2,Pump,Building B,Block B1,2026-01-11 03:00:00,46.18,2.8,5.63,9.87,0.52,3840.94,2,66.12,99.31,EXCELLENT,0,0,179
FAC-001,FacilityOps Campus,AST-008,Water Pump 2,Pump,Building B,Block B1,2026-01-11 04:00:00,48.24,2.47,5.61,13.1,0.99,3841.94,2,66.17,99.25,EXCELLENT,0,0,149
FAC-001,FacilityOps Campus,AST-008,Water Pump 2,Pump,Building B,Block B1,2026-01-11 05:00:00,50.12,2.55,5.93,7.57,0.74,3842.68,2,66.21,99.46,EXCELLENT,0,0,142
FAC-001,FacilityOps Campus,AST-008,Water Pump 2,Pump,Building B,Block B1,2026-01-11 06:00:00,50.82,2.63,5.45,14.71,0.95,3843.63,2,66.25,98.61,EXCELLENT,0,0,116
FAC-001,FacilityOps Campus,AST-008,Water Pump 2,Pump,Building B,Block B1,2026-01-11 07:00:00,47.47,2.46,6.12,14.06,0.45,3844.08,2,66.29,98.74,EXCELLENT,0,0,137
FAC-001,FacilityOps Campus,AST-008,Water Pump 2,Pump,Building B,Block B1,2026-01-11 08:00:00,47.11,2.47,6.17,26.16,0.82,3844.9,2,66.33,98.51,EXCELLENT,0,0,174
FAC-001,FacilityOps Campus,AST-008,Water Pump 2,Pump,Building B,Block B1,2026-01-11 09:00:00,52.24,2.21,5.78,21.04,0.72,3845.61,2,66.38,99.92,EXCELLENT,0,0,109
FAC-001,FacilityOps Campus,AST-008,Water Pump 2,Pump,Building B,Block B1,2026-01-11 10:00:00,50.4,2.67,5.3,24.47,0.62,3846.24,2,66.42,97.98,EXCELLENT,0,0,168
FAC-001,FacilityOps Campus,AST-008,Water Pump 2,Pump,Building B,Block B1,2026-01-11 11:00:00,46.26,2.65,5.8,18.07,0.44,3846.67,2,66.46,100.0,EXCELLENT,0,0,109
FAC-001,FacilityOps Campus,AST-008,Water Pump 2,Pump,Building B,Block B1,2026-01-11 12:00:00,48.73,2.44,5.48,24.84,0.55,3847.22,2,66.5,98.73,EXCELLENT,0,0,105
FAC-001,FacilityOps Campus,AST-008,Water Pump 2,Pump,Building B,Block B1,2026-01-11 13:00:00,50.03,2.76,5.75,23.29,0.41,3847.63,2,66.54,99.81,EXCELLENT,0,0,93
FAC-001,FacilityOps Campus,AST-008,Water Pump 2,Pump,Building B,Block B1,2026-01-11 14:00:00,48.2,2.33,5.54,17.12,0.43,3848.06,2,66.58,98.94,EXCELLENT,0,0,139
FAC-001,FacilityOps Campus,AST-008,Water Pump 2,Pump,Building B,Block B1,2026-01-11 15:00:00,48.63,2.59,5.45,18.79,0.57,3848.63,2,66.62,98.59,EXCELLENT,0,0,107
FAC-001,FacilityOps Campus,AST-008,Water Pump 2,Pump,Building B,Block B1,2026-01-11 16:00:00,44.66,2.5,5.54,18.09,0.59,3849.22,2,66.67,98.95,EXCELLENT,0,0,110
FAC-001,FacilityOps Campus,AST-008,Water Pump 2,Pump,Building B,Block B1,2026-01-11 17:00:00,49.05,3.0,6.06,25.58,0.73,3849.95,2,66.71,96.76,EXCELLENT,0,0,168
FAC-001,FacilityOps Campus,AST-008,Water Pump 2,Pump,Building B,Block B1,2026-01-11 18:00:00,45.08,2.71,5.81,25.5,0.94,3850.9,2,66.75,99.94,EXCELLENT,0,0,146
FAC-001,FacilityOps Campus,AST-008,Water Pump 2,Pump,Building B,Block B1,2026-01-11 19:00:00,51.77,2.81,5.7,10.71,0.8,3851.7,2,66.79,99.58,EXCELLENT,0,0,178
FAC-001,FacilityOps Campus,AST-008,Water Pump 2,Pump,Building B,Block B1,2026-01-11 20:00:00,45.94,2.7,6.07,11.7,0.51,3852.21,2,66.83,98.9,EXCELLENT,0,0,132
FAC-001,FacilityOps Campus,AST-008,Water Pump 2,Pump,Building B,Block B1,2026-01-11 21:00:00,48.93,2.94,5.65,12.51,0.69,3852.9,2,66.88,98.24,EXCELLENT,0,0,114
FAC-001,FacilityOps Campus,AST-008,Water Pump 2,Pump,Building B,Block B1,2026-01-11 22:00:00,48.53,2.23,5.26,12.07,0.76,3853.66,2,66.92,97.85,EXCELLENT,0,0,94
FAC-001,FacilityOps Campus,AST-008,Water Pump 2,Pump,Building B,Block B1,2026-01-11 23:00:00,48.08,2.69,5.82,14.55,0.73,3854.4,2,66.96,99.94,EXCELLENT,0,0,178
FAC-001,FacilityOps Campus,AST-008,Water Pump 2,Pump,Building B,Block B1,2026-01-12 00:00:00,51.79,2.73,5.2,12.25,0.88,3855.28,2,67.0,97.58,EXCELLENT,0,0,159
FAC-001,FacilityOps Campus,AST-008,Water Pump 2,Pump,Building B,Block B1,2026-01-12 01:00:00,51.05,2.59,6.29,11.42,0.9,3856.18,2,67.04,98.06,EXCELLENT,0,0,152
FAC-001,FacilityOps Campus,AST-008,Water Pump 2,Pump,Building B,Block B1,2026-01-12 02:00:00,43.96,2.32,6.43,16.32,0.97,3857.15,2,67.08,97.46,EXCELLENT,0,0,105
FAC-001,FacilityOps Campus,AST-008,Water Pump 2,Pump,Building B,Block B1,2026-01-12 03:00:00,48.08,2.53,5.92,12.23,0.8,3857.95,2,67.12,99.54,EXCELLENT,0,0,141
FAC-001,FacilityOps Campus,AST-008,Water Pump 2,Pump,Building B,Block B1,2026-01-12 04:00:00,49.34,2.41,6.04,11.23,0.61,3858.56,2,67.17,99.05,EXCELLENT,0,0,168
FAC-001,FacilityOps Campus,AST-008,Water Pump 2,Pump,Building B,Block B1,2026-01-12 05:00:00,45.11,2.62,5.65,12.25,0.41,3858.97,2,67.21,99.41,EXCELLENT,0,0,137
FAC-001,FacilityOps Campus,AST-008,Water Pump 2,Pump,Building B,Block B1,2026-01-12 06:00:00,44.81,2.37,5.97,10.51,0.98,3859.95,2,67.25,99.32,EXCELLENT,0,0,122
FAC-001,FacilityOps Campus,AST-008,Water Pump 2,Pump,Building B,Block B1,2026-01-12 07:00:00,44.13,2.29,5.84,11.6,0.97,3860.92,2,67.29,99.83,EXCELLENT,0,0,99
FAC-001,FacilityOps Campus,AST-008,Water Pump 2,Pump,Building B,Block B1,2026-01-12 08:00:00,62.7,4.44,4.73,33.03,0.69,3861.62,2,67.33,39.04,CRITICAL,1,1,3
FAC-001,FacilityOps Campus,AST-008,Water Pump 2,Pump,Building B,Block B1,2026-01-12 09:00:00,49.04,2.5,5.67,18.73,0.92,3862.53,2,67.38,99.48,EXCELLENT,0,0,155
FAC-001,FacilityOps Campus,AST-008,Water Pump 2,Pump,Building B,Block B1,2026-01-12 10:00:00,49.55,2.81,5.73,21.08,0.62,3863.15,2,67.42,99.72,EXCELLENT,0,0,123
FAC-001,FacilityOps Campus,AST-008,Water Pump 2,Pump,Building B,Block B1,2026-01-12 11:00:00,76.69,4.22,4.2,29.04,0.98,3864.13,2,67.46,17.44,CRITICAL,1,1,6
FAC-001,FacilityOps Campus,AST-008,Water Pump 2,Pump,Building B,Block B1,2026-01-12 12:00:00,46.86,2.46,5.55,19.59,0.84,3864.97,2,67.5,98.98,EXCELLENT,0,0,151
FAC-001,FacilityOps Campus,AST-008,Water Pump 2,Pump,Building B,Block B1,2026-01-12 13:00:00,51.37,2.52,5.93,20.0,0.41,3865.38,2,67.54,99.48,EXCELLENT,0,0,174
FAC-001,FacilityOps Campus,AST-008,Water Pump 2,Pump,Building B,Block B1,2026-01-12 14:00:00,47.44,2.54,5.91,23.27,0.85,3866.23,2,67.58,99.58,EXCELLENT,0,0,147
FAC-001,FacilityOps Campus,AST-008,Water Pump 2,Pump,Building B,Block B1,2026-01-12 15:00:00,48.78,2.67,5.62,20.75,0.83,3867.06,2,67.62,99.3,EXCELLENT,0,0,162
FAC-001,FacilityOps Campus,AST-008,Water Pump 2,Pump,Building B,Block B1,2026-01-12 16:00:00,46.67,2.29,5.31,24.96,0.5,3867.57,2,67.67,98.02,EXCELLENT,0,0,133
FAC-001,FacilityOps Campus,AST-008,Water Pump 2,Pump,Building B,Block B1,2026-01-12 17:00:00,48.33,2.43,5.83,22.03,0.57,3868.13,2,67.71,99.87,EXCELLENT,0,0,177
FAC-001,FacilityOps Campus,AST-008,Water Pump 2,Pump,Building B,Block B1,2026-01-12 18:00:00,47.99,2.23,6.05,17.89,0.85,3868.98,2,67.75,99.0,EXCELLENT,0,0,118
FAC-001,FacilityOps Campus,AST-008,Water Pump 2,Pump,Building B,Block B1,2026-01-12 19:00:00,44.92,2.35,5.63,9.77,0.76,3869.74,2,67.79,99.34,EXCELLENT,0,0,113
FAC-001,FacilityOps Campus,AST-008,Water Pump 2,Pump,Building B,Block B1,2026-01-12 20:00:00,49.34,2.47,5.71,11.08,0.73,3870.47,2,67.83,99.66,EXCELLENT,0,0,150
FAC-001,FacilityOps Campus,AST-008,Water Pump 2,Pump,Building B,Block B1,2026-01-12 21:00:00,49.45,2.92,5.72,12.63,0.67,3871.13,2,67.88,98.93,EXCELLENT,0,0,176
FAC-001,FacilityOps Campus,AST-008,Water Pump 2,Pump,Building B,Block B1,2026-01-12 22:00:00,48.66,2.76,5.46,14.94,0.56,3871.69,2,67.92,98.65,EXCELLENT,0,0,178
FAC-001,FacilityOps Campus,AST-008,Water Pump 2,Pump,Building B,Block B1,2026-01-12 23:00:00,48.87,2.52,5.86,18.44,0.48,3872.17,2,67.96,99.75,EXCELLENT,0,0,91
FAC-001,FacilityOps Campus,AST-008,Water Pump 2,Pump,Building B,Block B1,2026-01-13 00:00:00,45.9,2.7,5.53,12.71,0.76,3872.93,2,68.0,98.92,EXCELLENT,0,0,96
FAC-001,FacilityOps Campus,AST-008,Water Pump 2,Pump,Building B,Block B1,2026-01-13 01:00:00,51.09,2.27,5.69,12.68,0.41,3873.34,2,68.04,99.58,EXCELLENT,0,0,168
FAC-001,FacilityOps Campus,AST-008,Water Pump 2,Pump,Building B,Block B1,2026-01-13 02:00:00,46.0,2.93,6.03,9.1,0.84,3874.18,2,68.08,98.14,EXCELLENT,0,0,175
FAC-001,FacilityOps Campus,AST-008,Water Pump 2,Pump,Building B,Block B1,2026-01-13 03:00:00,45.89,2.67,6.07,14.7,0.53,3874.71,2,68.12,98.92,EXCELLENT,0,0,160
FAC-001,FacilityOps Campus,AST-008,Water Pump 2,Pump,Building B,Block B1,2026-01-13 04:00:00,45.91,2.32,5.97,10.32,0.97,3875.68,2,68.17,99.32,EXCELLENT,0,0,167
FAC-001,FacilityOps Campus,AST-008,Water Pump 2,Pump,Building B,Block B1,2026-01-13 05:00:00,47.33,2.59,6.09,14.07,0.52,3876.21,2,68.21,98.85,EXCELLENT,0,0,166
FAC-001,FacilityOps Campus,AST-008,Water Pump 2,Pump,Building B,Block B1,2026-01-13 06:00:00,47.98,2.65,6.53,11.31,0.93,3877.14,2,68.25,97.06,EXCELLENT,0,0,105
FAC-001,FacilityOps Campus,AST-008,Water Pump 2,Pump,Building B,Block B1,2026-01-13 07:00:00,43.93,2.85,5.39,11.85,0.83,3877.97,2,68.29,98.38,EXCELLENT,0,0,98
FAC-001,FacilityOps Campus,AST-008,Water Pump 2,Pump,Building B,Block B1,2026-01-13 08:00:00,45.41,2.44,6.29,24.8,0.49,3878.46,2,68.33,98.03,EXCELLENT,0,0,167
FAC-001,FacilityOps Campus,AST-008,Water Pump 2,Pump,Building B,Block B1,2026-01-13 09:00:00,45.87,2.66,5.56,21.99,0.45,3878.9,2,68.38,99.02,EXCELLENT,0,0,96
FAC-001,FacilityOps Campus,AST-008,Water Pump 2,Pump,Building B,Block B1,2026-01-13 10:00:00,50.16,2.68,5.2,24.56,0.54,3879.45,2,68.42,97.59,EXCELLENT,0,0,133
FAC-001,FacilityOps Campus,AST-008,Water Pump 2,Pump,Building B,Block B1,2026-01-13 11:00:00,45.89,2.52,5.78,21.41,0.5,3879.94,2,68.46,99.93,EXCELLENT,0,0,117
FAC-001,FacilityOps Campus,AST-008,Water Pump 2,Pump,Building B,Block B1,2026-01-13 12:00:00,46.47,2.33,5.48,25.38,0.72,3880.66,2,68.5,98.71,EXCELLENT,0,0,175
FAC-001,FacilityOps Campus,AST-008,Water Pump 2,Pump,Building B,Block B1,2026-01-13 13:00:00,46.31,2.22,5.82,20.59,0.73,3881.4,2,68.54,99.91,EXCELLENT,0,0,113
FAC-001,FacilityOps Campus,AST-008,Water Pump 2,Pump,Building B,Block B1,2026-01-13 14:00:00,48.89,2.67,5.69,16.96,0.47,3881.87,2,68.58,99.56,EXCELLENT,0,0,94
FAC-001,FacilityOps Campus,AST-008,Water Pump 2,Pump,Building B,Block B1,2026-01-13 15:00:00,49.15,2.6,5.26,16.72,0.52,3882.38,2,68.62,97.83,EXCELLENT,0,0,158
FAC-001,FacilityOps Campus,AST-008,Water Pump 2,Pump,Building B,Block B1,2026-01-13 16:00:00,46.35,2.64,6.18,24.63,0.89,3883.28,2,68.67,98.49,EXCELLENT,0,0,139
FAC-001,FacilityOps Campus,AST-008,Water Pump 2,Pump,Building B,Block B1,2026-01-13 17:00:00,49.18,2.54,6.01,18.82,0.51,3883.79,2,68.71,99.14,EXCELLENT,0,0,130
FAC-001,FacilityOps Campus,AST-008,Water Pump 2,Pump,Building B,Block B1,2026-01-13 18:00:00,55.13,2.25,5.93,20.46,0.84,3884.63,2,68.75,94.62,EXCELLENT,0,0,168
FAC-001,FacilityOps Campus,AST-008,Water Pump 2,Pump,Building B,Block B1,2026-01-13 19:00:00,48.34,2.46,5.99,10.42,0.68,3885.32,2,68.79,99.23,EXCELLENT,0,0,126
FAC-001,FacilityOps Campus,AST-008,Water Pump 2,Pump,Building B,Block B1,2026-01-13 20:00:00,49.05,2.72,5.73,15.0,0.92,3886.24,2,68.83,99.73,EXCELLENT,0,0,159
FAC-001,FacilityOps Campus,AST-008,Water Pump 2,Pump,Building B,Block B1,2026-01-13 21:00:00,48.73,2.62,6.26,8.02,0.96,3887.2,2,68.88,98.16,EXCELLENT,0,0,133
FAC-001,FacilityOps Campus,AST-008,Water Pump 2,Pump,Building B,Block B1,2026-01-13 22:00:00,47.53,2.68,5.59,11.4,0.44,3887.64,2,68.92,99.17,EXCELLENT,0,0,175
FAC-001,FacilityOps Campus,AST-008,Water Pump 2,Pump,Building B,Block B1,2026-01-13 23:00:00,49.25,2.57,5.89,8.68,0.52,3888.16,2,68.96,99.62,EXCELLENT,0,0,114
FAC-001,FacilityOps Campus,AST-008,Water Pump 2,Pump,Building B,Block B1,2026-01-14 00:00:00,70.69,4.53,5.03,20.2,0.7,3888.86,2,69.0,29.78,CRITICAL,1,1,1
FAC-001,FacilityOps Campus,AST-008,Water Pump 2,Pump,Building B,Block B1,2026-01-14 01:00:00,48.39,2.41,6.08,10.86,0.89,3889.75,2,69.04,98.89,EXCELLENT,0,0,134
FAC-001,FacilityOps Campus,AST-008,Water Pump 2,Pump,Building B,Block B1,2026-01-14 02:00:00,44.55,2.72,5.51,15.54,0.58,3890.32,2,69.08,98.84,EXCELLENT,0,0,115
FAC-001,FacilityOps Campus,AST-008,Water Pump 2,Pump,Building B,Block B1,2026-01-14 03:00:00,45.87,2.75,5.4,14.76,0.76,3891.08,2,69.12,98.39,EXCELLENT,0,0,158
FAC-001,FacilityOps Campus,AST-008,Water Pump 2,Pump,Building B,Block B1,2026-01-14 04:00:00,50.59,2.49,5.76,15.04,0.59,3891.67,2,69.17,99.85,EXCELLENT,0,0,113
FAC-001,FacilityOps Campus,AST-008,Water Pump 2,Pump,Building B,Block B1,2026-01-14 05:00:00,47.53,2.33,5.62,12.72,0.63,3892.3,2,69.21,99.29,EXCELLENT,0,0,169
FAC-001,FacilityOps Campus,AST-008,Water Pump 2,Pump,Building B,Block B1,2026-01-14 06:00:00,47.82,2.66,5.99,10.45,0.98,3893.28,2,69.25,99.24,EXCELLENT,0,0,167
FAC-001,FacilityOps Campus,AST-008,Water Pump 2,Pump,Building B,Block B1,2026-01-14 07:00:00,49.19,2.4,5.89,10.57,0.4,3893.68,2,69.29,99.63,EXCELLENT,0,0,175
FAC-001,FacilityOps Campus,AST-008,Water Pump 2,Pump,Building B,Block B1,2026-01-14 08:00:00,51.82,2.3,5.83,21.1,0.93,3894.61,2,69.33,99.89,EXCELLENT,0,0,122
FAC-001,FacilityOps Campus,AST-008,Water Pump 2,Pump,Building B,Block B1,2026-01-14 09:00:00,52.45,2.75,6.0,19.53,0.71,3895.32,2,69.38,99.18,EXCELLENT,0,0,147
FAC-001,FacilityOps Campus,AST-008,Water Pump 2,Pump,Building B,Block B1,2026-01-14 10:00:00,44.64,2.77,6.03,19.42,0.67,3895.99,2,69.42,99.1,EXCELLENT,0,0,111
FAC-001,FacilityOps Campus,AST-008,Water Pump 2,Pump,Building B,Block B1,2026-01-14 11:00:00,50.04,2.19,5.62,16.89,0.54,3896.53,2,69.46,99.26,EXCELLENT,0,0,160
FAC-001,FacilityOps Campus,AST-008,Water Pump 2,Pump,Building B,Block B1,2026-01-14 12:00:00,47.82,2.67,5.11,23.3,0.45,3896.98,2,69.5,97.22,EXCELLENT,0,0,143
FAC-001,FacilityOps Campus,AST-008,Water Pump 2,Pump,Building B,Block B1,2026-01-14 13:00:00,43.46,2.28,6.03,28.17,0.42,3897.4,2,69.54,98.23,EXCELLENT,0,0,160
FAC-001,FacilityOps Campus,AST-008,Water Pump 2,Pump,Building B,Block B1,2026-01-14 14:00:00,47.82,2.08,5.57,20.18,0.55,3897.95,2,69.58,99.09,EXCELLENT,0,0,172
FAC-001,FacilityOps Campus,AST-008,Water Pump 2,Pump,Building B,Block B1,2026-01-14 15:00:00,51.17,2.45,5.77,17.86,0.84,3898.79,2,69.62,99.86,EXCELLENT,0,0,104
FAC-001,FacilityOps Campus,AST-008,Water Pump 2,Pump,Building B,Block B1,2026-01-14 16:00:00,50.74,2.42,6.09,19.32,0.61,3899.4,2,69.67,98.85,EXCELLENT,0,0,123
FAC-001,FacilityOps Campus,AST-008,Water Pump 2,Pump,Building B,Block B1,2026-01-14 17:00:00,52.78,2.06,6.0,21.05,0.71,3900.11,2,69.71,99.18,EXCELLENT,0,0,114
FAC-001,FacilityOps Campus,AST-008,Water Pump 2,Pump,Building B,Block B1,2026-01-14 18:00:00,47.66,2.29,6.03,26.18,0.61,3900.73,2,69.75,99.07,EXCELLENT,0,0,176
FAC-001,FacilityOps Campus,AST-008,Water Pump 2,Pump,Building B,Block B1,2026-01-14 19:00:00,46.36,2.77,5.63,5.34,0.49,3901.22,2,69.79,99.31,EXCELLENT,0,0,133
FAC-001,FacilityOps Campus,AST-008,Water Pump 2,Pump,Building B,Block B1,2026-01-14 20:00:00,46.36,2.37,6.28,11.52,0.72,3901.95,2,69.83,98.09,EXCELLENT,0,0,99
FAC-001,FacilityOps Campus,AST-008,Water Pump 2,Pump,Building B,Block B1,2026-01-14 21:00:00,47.0,2.4,5.65,15.99,0.59,3902.53,2,69.88,99.4,EXCELLENT,0,0,167
FAC-001,FacilityOps Campus,AST-008,Water Pump 2,Pump,Building B,Block B1,2026-01-14 22:00:00,48.73,2.62,5.86,9.47,0.99,3903.52,2,69.92,99.76,EXCELLENT,0,0,134
FAC-001,FacilityOps Campus,AST-008,Water Pump 2,Pump,Building B,Block B1,2026-01-14 23:00:00,47.66,2.63,6.27,14.63,0.97,3904.5,2,69.96,98.13,EXCELLENT,0,0,101
FAC-001,FacilityOps Campus,AST-008,Water Pump 2,Pump,Building B,Block B1,2026-01-15 00:00:00,46.32,2.63,5.56,14.07,0.59,3905.08,2,70.0,99.02,EXCELLENT,0,0,92
FAC-001,FacilityOps Campus,AST-008,Water Pump 2,Pump,Building B,Block B1,2026-01-15 01:00:00,45.99,2.36,5.92,8.19,0.84,3905.93,2,70.04,99.54,EXCELLENT,0,0,144
FAC-001,FacilityOps Campus,AST-008,Water Pump 2,Pump,Building B,Block B1,2026-01-15 02:00:00,51.29,2.36,5.38,13.08,0.44,3906.37,2,70.08,98.31,EXCELLENT,0,0,151
FAC-001,FacilityOps Campus,AST-008,Water Pump 2,Pump,Building B,Block B1,2026-01-15 03:00:00,46.4,2.96,5.43,13.46,0.61,3906.97,2,70.12,96.93,EXCELLENT,0,0,134
FAC-001,FacilityOps Campus,AST-008,Water Pump 2,Pump,Building B,Block B1,2026-01-15 04:00:00,48.42,2.94,6.22,16.73,0.93,3907.9,2,70.17,97.11,EXCELLENT,0,0,166
FAC-001,FacilityOps Campus,AST-008,Water Pump 2,Pump,Building B,Block B1,2026-01-15 05:00:00,49.52,2.28,6.23,19.24,0.62,3908.52,2,70.21,98.28,EXCELLENT,0,0,165
FAC-001,FacilityOps Campus,AST-008,Water Pump 2,Pump,Building B,Block B1,2026-01-15 06:00:00,46.57,2.75,6.1,15.73,0.92,3909.44,2,70.25,98.82,EXCELLENT,0,0,141
FAC-001,FacilityOps Campus,AST-008,Water Pump 2,Pump,Building B,Block B1,2026-01-15 07:00:00,46.18,2.47,5.55,15.93,0.61,3910.05,2,70.29,99.02,EXCELLENT,0,0,138
FAC-001,FacilityOps Campus,AST-008,Water Pump 2,Pump,Building B,Block B1,2026-01-15 08:00:00,46.65,2.67,5.45,25.93,0.48,3910.53,2,70.33,98.58,EXCELLENT,0,0,162
FAC-001,FacilityOps Campus,AST-008,Water Pump 2,Pump,Building B,Block B1,2026-01-15 09:00:00,49.48,2.84,5.54,23.89,0.56,3911.09,2,70.38,98.97,EXCELLENT,0,0,165
FAC-001,FacilityOps Campus,AST-008,Water Pump 2,Pump,Building B,Block B1,2026-01-15 10:00:00,49.18,2.77,5.56,22.6,0.98,3912.07,2,70.42,99.02,EXCELLENT,0,0,101
FAC-001,FacilityOps Campus,AST-008,Water Pump 2,Pump,Building B,Block B1,2026-01-15 11:00:00,46.02,2.33,5.2,24.3,0.53,3912.6,2,70.46,97.59,EXCELLENT,0,0,163
FAC-001,FacilityOps Campus,AST-008,Water Pump 2,Pump,Building B,Block B1,2026-01-15 12:00:00,56.23,2.92,5.77,18.79,0.73,3913.33,2,70.5,91.99,EXCELLENT,0,0,173
FAC-001,FacilityOps Campus,AST-008,Water Pump 2,Pump,Building B,Block B1,2026-01-15 13:00:00,48.45,2.86,6.05,19.95,0.51,3913.84,2,70.54,99.01,EXCELLENT,0,0,120
FAC-001,FacilityOps Campus,AST-008,Water Pump 2,Pump,Building B,Block B1,2026-01-15 14:00:00,47.57,2.41,5.49,23.6,0.99,3914.83,2,70.58,98.77,EXCELLENT,0,0,147
FAC-001,FacilityOps Campus,AST-008,Water Pump 2,Pump,Building B,Block B1,2026-01-15 15:00:00,46.29,2.38,6.0,21.59,0.92,3915.75,2,70.62,99.21,EXCELLENT,0,0,156
FAC-001,FacilityOps Campus,AST-008,Water Pump 2,Pump,Building B,Block B1,2026-01-15 16:00:00,47.18,2.04,5.38,19.19,0.98,3916.73,2,70.67,98.32,EXCELLENT,0,0,114
FAC-001,FacilityOps Campus,AST-008,Water Pump 2,Pump,Building B,Block B1,2026-01-15 17:00:00,44.74,2.26,5.45,17.6,0.55,3917.28,2,70.71,98.61,EXCELLENT,0,0,176
FAC-001,FacilityOps Campus,AST-008,Water Pump 2,Pump,Building B,Block B1,2026-01-15 18:00:00,46.77,2.6,5.43,23.26,0.5,3917.77,2,70.75,98.53,EXCELLENT,0,0,138
FAC-001,FacilityOps Campus,AST-008,Water Pump 2,Pump,Building B,Block B1,2026-01-15 19:00:00,51.31,2.21,5.65,15.81,0.99,3918.77,2,70.79,99.39,EXCELLENT,0,0,124
FAC-001,FacilityOps Campus,AST-008,Water Pump 2,Pump,Building B,Block B1,2026-01-15 20:00:00,49.9,2.48,6.11,15.29,0.79,3919.55,2,70.83,98.76,EXCELLENT,0,0,119
FAC-001,FacilityOps Campus,AST-008,Water Pump 2,Pump,Building B,Block B1,2026-01-15 21:00:00,50.45,2.32,5.17,11.01,0.6,3920.15,2,70.88,97.47,EXCELLENT,0,0,155
FAC-001,FacilityOps Campus,AST-008,Water Pump 2,Pump,Building B,Block B1,2026-01-15 22:00:00,45.23,2.9,6.12,10.34,0.43,3920.58,2,70.92,98.32,EXCELLENT,0,0,148
FAC-001,FacilityOps Campus,AST-008,Water Pump 2,Pump,Building B,Block B1,2026-01-15 23:00:00,47.52,2.17,5.36,13.18,0.67,3921.25,2,70.96,98.23,EXCELLENT,0,0,118
FAC-001,FacilityOps Campus,AST-008,Water Pump 2,Pump,Building B,Block B1,2026-01-16 00:00:00,49.74,2.72,5.78,9.4,0.47,3921.72,2,71.0,99.91,EXCELLENT,0,0,165
FAC-001,FacilityOps Campus,AST-008,Water Pump 2,Pump,Building B,Block B1,2026-01-16 01:00:00,53.38,2.16,5.98,13.96,0.42,3922.14,2,71.04,98.07,EXCELLENT,0,0,141
FAC-001,FacilityOps Campus,AST-008,Water Pump 2,Pump,Building B,Block B1,2026-01-16 02:00:00,48.96,2.34,6.12,16.9,0.5,3922.63,2,71.08,98.74,EXCELLENT,0,0,143
FAC-001,FacilityOps Campus,AST-008,Water Pump 2,Pump,Building B,Block B1,2026-01-16 03:00:00,49.72,2.06,5.3,16.11,0.87,3923.5,2,71.12,97.99,EXCELLENT,0,0,143
FAC-001,FacilityOps Campus,AST-008,Water Pump 2,Pump,Building B,Block B1,2026-01-16 04:00:00,51.22,2.41,6.02,16.81,0.48,3923.98,2,71.17,99.13,EXCELLENT,0,0,123
FAC-001,FacilityOps Campus,AST-008,Water Pump 2,Pump,Building B,Block B1,2026-01-16 05:00:00,54.47,2.22,5.96,11.72,0.63,3924.61,2,71.21,95.88,EXCELLENT,0,0,168
FAC-001,FacilityOps Campus,AST-008,Water Pump 2,Pump,Building B,Block B1,2026-01-16 06:00:00,46.55,2.18,5.63,8.0,0.99,3925.6,2,71.25,99.34,EXCELLENT,0,0,145
FAC-001,FacilityOps Campus,AST-008,Water Pump 2,Pump,Building B,Block B1,2026-01-16 07:00:00,44.83,2.84,6.24,8.9,0.44,3926.04,2,71.29,98.24,EXCELLENT,0,0,159
FAC-001,FacilityOps Campus,AST-008,Water Pump 2,Pump,Building B,Block B1,2026-01-16 08:00:00,45.52,2.41,5.61,22.98,0.76,3926.8,2,71.33,99.25,EXCELLENT,0,0,119
FAC-001,FacilityOps Campus,AST-008,Water Pump 2,Pump,Building B,Block B1,2026-01-16 09:00:00,49.68,2.49,6.08,23.94,0.47,3927.27,2,71.38,98.9,EXCELLENT,0,0,102
FAC-001,FacilityOps Campus,AST-008,Water Pump 2,Pump,Building B,Block B1,2026-01-16 10:00:00,49.4,2.58,6.29,19.97,0.52,3927.79,2,71.42,98.05,EXCELLENT,0,0,106
FAC-001,FacilityOps Campus,AST-008,Water Pump 2,Pump,Building B,Block B1,2026-01-16 11:00:00,66.24,4.43,6.71,19.48,0.99,3928.78,2,71.46,40.35,CRITICAL,1,1,4
FAC-001,FacilityOps Campus,AST-008,Water Pump 2,Pump,Building B,Block B1,2026-01-16 12:00:00,49.09,2.18,5.88,18.72,0.47,3929.25,2,71.5,99.68,EXCELLENT,0,0,129
FAC-001,FacilityOps Campus,AST-008,Water Pump 2,Pump,Building B,Block B1,2026-01-16 13:00:00,45.5,2.49,5.78,20.68,0.92,3930.17,2,71.54,99.93,EXCELLENT,0,0,131
FAC-001,FacilityOps Campus,AST-008,Water Pump 2,Pump,Building B,Block B1,2026-01-16 14:00:00,46.96,2.4,5.67,25.46,0.87,3931.04,2,71.58,99.47,EXCELLENT,0,0,138
FAC-001,FacilityOps Campus,AST-008,Water Pump 2,Pump,Building B,Block B1,2026-01-16 15:00:00,49.64,2.69,6.05,24.34,0.7,3931.74,2,71.62,98.99,EXCELLENT,0,0,149
FAC-001,FacilityOps Campus,AST-008,Water Pump 2,Pump,Building B,Block B1,2026-01-16 16:00:00,47.72,2.14,5.92,19.47,0.91,3932.65,2,71.67,99.51,EXCELLENT,0,0,179
FAC-001,FacilityOps Campus,AST-008,Water Pump 2,Pump,Building B,Block B1,2026-01-16 17:00:00,50.93,2.67,5.5,20.79,0.93,3933.58,2,71.71,98.78,EXCELLENT,0,0,121
FAC-001,FacilityOps Campus,AST-008,Water Pump 2,Pump,Building B,Block B1,2026-01-16 18:00:00,48.84,2.27,6.08,27.11,0.55,3934.13,2,71.75,98.9,EXCELLENT,0,0,90
FAC-001,FacilityOps Campus,AST-008,Water Pump 2,Pump,Building B,Block B1,2026-01-16 19:00:00,48.87,2.09,5.86,12.38,0.8,3934.94,2,71.79,99.78,EXCELLENT,0,0,156
FAC-001,FacilityOps Campus,AST-008,Water Pump 2,Pump,Building B,Block B1,2026-01-16 20:00:00,46.61,2.8,5.28,15.38,0.6,3935.54,2,71.83,97.91,EXCELLENT,0,0,169
FAC-001,FacilityOps Campus,AST-008,Water Pump 2,Pump,Building B,Block B1,2026-01-16 21:00:00,51.46,2.43,5.93,9.51,0.43,3935.96,2,71.88,99.49,EXCELLENT,0,0,145
FAC-001,FacilityOps Campus,AST-008,Water Pump 2,Pump,Building B,Block B1,2026-01-16 22:00:00,47.0,2.35,5.69,13.88,0.85,3936.81,2,71.92,99.56,EXCELLENT,0,0,127
FAC-001,FacilityOps Campus,AST-008,Water Pump 2,Pump,Building B,Block B1,2026-01-16 23:00:00,48.65,1.82,5.8,10.97,0.52,3937.33,2,71.96,100.0,EXCELLENT,0,0,173
FAC-001,FacilityOps Campus,AST-008,Water Pump 2,Pump,Building B,Block B1,2026-01-17 00:00:00,48.44,2.5,6.19,13.71,0.59,3937.92,2,72.0,98.43,EXCELLENT,0,0,162
FAC-001,FacilityOps Campus,AST-008,Water Pump 2,Pump,Building B,Block B1,2026-01-17 01:00:00,48.05,2.55,6.17,10.45,0.81,3938.73,2,72.04,98.52,EXCELLENT,0,0,92
FAC-001,FacilityOps Campus,AST-008,Water Pump 2,Pump,Building B,Block B1,2026-01-17 02:00:00,49.18,2.02,5.53,11.67,0.7,3939.43,2,72.08,98.9,EXCELLENT,0,0,155
FAC-001,FacilityOps Campus,AST-008,Water Pump 2,Pump,Building B,Block B1,2026-01-17 03:00:00,44.71,2.39,6.28,9.46,0.75,3940.18,2,72.12,98.08,EXCELLENT,0,0,142
FAC-001,FacilityOps Campus,AST-008,Water Pump 2,Pump,Building B,Block B1,2026-01-17 04:00:00,46.98,2.29,6.03,10.92,0.45,3940.63,2,72.17,99.1,EXCELLENT,0,0,125
FAC-001,FacilityOps Campus,AST-008,Water Pump 2,Pump,Building B,Block B1,2026-01-17 05:00:00,51.9,2.17,6.03,10.81,0.74,3941.37,2,72.21,99.06,EXCELLENT,0,0,107
FAC-001,FacilityOps Campus,AST-008,Water Pump 2,Pump,Building B,Block B1,2026-01-17 06:00:00,42.87,2.6,5.43,10.17,0.48,3941.85,2,72.25,98.51,EXCELLENT,0,0,162
FAC-001,FacilityOps Campus,AST-008,Water Pump 2,Pump,Building B,Block B1,2026-01-17 07:00:00,42.33,2.94,5.83,17.49,0.47,3942.32,2,72.29,98.71,EXCELLENT,0,0,140
FAC-001,FacilityOps Campus,AST-008,Water Pump 2,Pump,Building B,Block B1,2026-01-17 08:00:00,46.06,2.67,6.15,17.54,0.4,3942.72,2,72.33,98.59,EXCELLENT,0,0,176
FAC-001,FacilityOps Campus,AST-008,Water Pump 2,Pump,Building B,Block B1,2026-01-17 09:00:00,47.63,2.53,5.72,20.12,1.0,3943.71,2,72.38,99.7,EXCELLENT,0,0,97
FAC-001,FacilityOps Campus,AST-008,Water Pump 2,Pump,Building B,Block B1,2026-01-17 10:00:00,46.22,2.63,5.76,24.17,0.83,3944.54,2,72.42,99.86,EXCELLENT,0,0,102
FAC-001,FacilityOps Campus,AST-008,Water Pump 2,Pump,Building B,Block B1,2026-01-17 11:00:00,47.13,1.91,5.58,25.73,0.56,3945.1,2,72.46,99.11,EXCELLENT,0,0,151
FAC-001,FacilityOps Campus,AST-008,Water Pump 2,Pump,Building B,Block B1,2026-01-17 12:00:00,51.17,2.09,6.05,16.96,0.71,3945.81,2,72.5,98.98,EXCELLENT,0,0,176
FAC-001,FacilityOps Campus,AST-008,Water Pump 2,Pump,Building B,Block B1,2026-01-17 13:00:00,48.85,2.67,5.2,26.31,0.61,3946.42,2,72.54,97.59,EXCELLENT,0,0,93
FAC-001,FacilityOps Campus,AST-008,Water Pump 2,Pump,Building B,Block B1,2026-01-17 14:00:00,47.72,2.21,5.84,21.1,0.57,3946.99,2,72.58,99.85,EXCELLENT,0,0,177
FAC-001,FacilityOps Campus,AST-008,Water Pump 2,Pump,Building B,Block B1,2026-01-17 15:00:00,43.09,2.8,6.17,26.16,0.55,3947.54,2,72.62,98.52,EXCELLENT,0,0,153
FAC-001,FacilityOps Campus,AST-008,Water Pump 2,Pump,Building B,Block B1,2026-01-17 16:00:00,47.66,2.04,6.0,22.67,0.8,3948.34,2,72.67,99.2,EXCELLENT,0,0,119
FAC-001,FacilityOps Campus,AST-008,Water Pump 2,Pump,Building B,Block B1,2026-01-17 17:00:00,45.43,2.35,6.07,19.39,0.75,3949.08,2,72.71,98.92,EXCELLENT,0,0,116
FAC-001,FacilityOps Campus,AST-008,Water Pump 2,Pump,Building B,Block B1,2026-01-17 18:00:00,48.19,2.23,5.45,19.19,0.5,3949.58,2,72.75,98.62,EXCELLENT,0,0,164
FAC-001,FacilityOps Campus,AST-008,Water Pump 2,Pump,Building B,Block B1,2026-01-17 19:00:00,48.59,2.78,6.07,15.48,0.57,3950.16,2,72.79,98.94,EXCELLENT,0,0,143
FAC-001,FacilityOps Campus,AST-008,Water Pump 2,Pump,Building B,Block B1,2026-01-17 20:00:00,47.87,2.55,5.9,16.13,0.49,3950.64,2,72.83,99.6,EXCELLENT,0,0,180
FAC-001,FacilityOps Campus,AST-008,Water Pump 2,Pump,Building B,Block B1,2026-01-17 21:00:00,45.32,2.65,6.14,15.49,0.58,3951.23,2,72.88,98.63,EXCELLENT,0,0,157
FAC-001,FacilityOps Campus,AST-008,Water Pump 2,Pump,Building B,Block B1,2026-01-17 22:00:00,47.83,2.11,5.44,18.56,0.82,3952.05,2,72.92,98.57,EXCELLENT,0,0,112
FAC-001,FacilityOps Campus,AST-008,Water Pump 2,Pump,Building B,Block B1,2026-01-17 23:00:00,48.22,2.7,6.18,11.25,0.73,3952.77,2,72.96,98.48,EXCELLENT,0,0,142
FAC-001,FacilityOps Campus,AST-008,Water Pump 2,Pump,Building B,Block B1,2026-01-18 00:00:00,48.56,2.47,6.04,8.35,0.66,3953.43,2,73.0,99.03,EXCELLENT,0,0,112
FAC-001,FacilityOps Campus,AST-008,Water Pump 2,Pump,Building B,Block B1,2026-01-18 01:00:00,54.86,2.78,5.75,8.97,0.71,3954.15,2,73.04,95.5,EXCELLENT,0,0,129
FAC-001,FacilityOps Campus,AST-008,Water Pump 2,Pump,Building B,Block B1,2026-01-18 02:00:00,51.02,2.59,5.27,15.21,0.98,3955.12,2,73.08,97.88,EXCELLENT,0,0,163
FAC-001,FacilityOps Campus,AST-008,Water Pump 2,Pump,Building B,Block B1,2026-01-18 03:00:00,52.12,2.35,5.48,12.79,0.64,3955.76,2,73.12,98.71,EXCELLENT,0,0,111
FAC-001,FacilityOps Campus,AST-008,Water Pump 2,Pump,Building B,Block B1,2026-01-18 04:00:00,48.66,2.52,5.7,16.87,0.93,3956.7,2,73.17,99.61,EXCELLENT,0,0,107
FAC-001,FacilityOps Campus,AST-008,Water Pump 2,Pump,Building B,Block B1,2026-01-18 05:00:00,48.61,2.45,5.71,12.45,0.83,3957.53,2,73.21,99.65,EXCELLENT,0,0,139
FAC-001,FacilityOps Campus,AST-008,Water Pump 2,Pump,Building B,Block B1,2026-01-18 06:00:00,42.45,2.24,6.13,13.69,0.74,3958.27,2,73.25,98.66,EXCELLENT,0,0,105
FAC-001,FacilityOps Campus,AST-008,Water Pump 2,Pump,Building B,Block B1,2026-01-18 07:00:00,48.68,2.61,5.75,10.57,0.68,3958.94,2,73.29,99.8,EXCELLENT,0,0,155
FAC-001,FacilityOps Campus,AST-008,Water Pump 2,Pump,Building B,Block B1,2026-01-18 08:00:00,48.04,2.82,4.97,20.82,0.81,3959.75,2,73.33,96.66,EXCELLENT,0,0,166
FAC-001,FacilityOps Campus,AST-008,Water Pump 2,Pump,Building B,Block B1,2026-01-18 09:00:00,50.02,2.58,5.88,24.41,0.45,3960.21,2,73.38,99.68,EXCELLENT,0,0,119
FAC-001,FacilityOps Campus,AST-008,Water Pump 2,Pump,Building B,Block B1,2026-01-18 10:00:00,44.51,2.57,6.37,22.92,0.42,3960.63,2,73.42,97.73,EXCELLENT,0,0,155
FAC-001,FacilityOps Campus,AST-008,Water Pump 2,Pump,Building B,Block B1,2026-01-18 11:00:00,49.92,2.14,5.92,18.13,0.47,3961.1,2,73.46,99.53,EXCELLENT,0,0,107
FAC-001,FacilityOps Campus,AST-008,Water Pump 2,Pump,Building B,Block B1,2026-01-18 12:00:00,46.19,2.25,5.91,23.65,0.41,3961.5,2,73.5,99.55,EXCELLENT,0,0,119
FAC-001,FacilityOps Campus,AST-008,Water Pump 2,Pump,Building B,Block B1,2026-01-18 13:00:00,48.92,2.64,5.95,20.88,0.66,3962.16,2,73.54,99.42,EXCELLENT,0,0,143
FAC-001,FacilityOps Campus,AST-008,Water Pump 2,Pump,Building B,Block B1,2026-01-18 14:00:00,51.52,2.39,5.59,24.97,0.64,3962.8,2,73.58,99.15,EXCELLENT,0,0,161
FAC-001,FacilityOps Campus,AST-008,Water Pump 2,Pump,Building B,Block B1,2026-01-18 15:00:00,47.39,2.98,5.59,20.67,0.54,3963.34,2,73.62,97.2,EXCELLENT,0,0,161
FAC-001,FacilityOps Campus,AST-008,Water Pump 2,Pump,Building B,Block B1,2026-01-18 16:00:00,46.67,2.77,5.92,20.65,0.76,3964.11,2,73.67,99.5,EXCELLENT,0,0,159
FAC-001,FacilityOps Campus,AST-008,Water Pump 2,Pump,Building B,Block B1,2026-01-18 17:00:00,46.34,2.14,5.93,16.29,0.73,3964.84,2,73.71,99.48,EXCELLENT,0,0,96
FAC-001,FacilityOps Campus,AST-008,Water Pump 2,Pump,Building B,Block B1,2026-01-18 18:00:00,44.49,2.28,5.69,21.93,0.58,3965.42,2,73.75,99.56,EXCELLENT,0,0,143
FAC-001,FacilityOps Campus,AST-008,Water Pump 2,Pump,Building B,Block B1,2026-01-18 19:00:00,46.88,2.56,5.65,13.51,0.74,3966.17,2,73.79,99.41,EXCELLENT,0,0,163
FAC-001,FacilityOps Campus,AST-008,Water Pump 2,Pump,Building B,Block B1,2026-01-18 20:00:00,47.73,2.7,6.24,12.82,0.84,3967.01,2,73.83,98.23,EXCELLENT,0,0,136
FAC-001,FacilityOps Campus,AST-008,Water Pump 2,Pump,Building B,Block B1,2026-01-18 21:00:00,48.16,2.9,6.0,11.96,0.75,3967.76,2,73.88,98.67,EXCELLENT,0,0,161
FAC-001,FacilityOps Campus,AST-008,Water Pump 2,Pump,Building B,Block B1,2026-01-18 22:00:00,47.38,2.59,5.87,8.98,0.47,3968.23,2,73.92,99.72,EXCELLENT,0,0,94
FAC-001,FacilityOps Campus,AST-008,Water Pump 2,Pump,Building B,Block B1,2026-01-18 23:00:00,53.32,2.51,5.77,17.29,0.94,3969.17,2,73.96,98.8,EXCELLENT,0,0,162
FAC-001,FacilityOps Campus,AST-008,Water Pump 2,Pump,Building B,Block B1,2026-01-19 00:00:00,52.13,2.44,5.93,9.69,0.71,3969.88,2,74.0,99.49,EXCELLENT,0,0,95
FAC-001,FacilityOps Campus,AST-008,Water Pump 2,Pump,Building B,Block B1,2026-01-19 01:00:00,51.4,2.66,5.97,12.36,0.93,3970.81,2,74.04,99.32,EXCELLENT,0,0,145
FAC-001,FacilityOps Campus,AST-008,Water Pump 2,Pump,Building B,Block B1,2026-01-19 02:00:00,47.74,2.29,5.87,13.41,0.58,3971.39,2,74.08,99.73,EXCELLENT,0,0,151
FAC-001,FacilityOps Campus,AST-008,Water Pump 2,Pump,Building B,Block B1,2026-01-19 03:00:00,47.57,2.82,5.91,17.67,0.91,3972.31,2,74.12,99.55,EXCELLENT,0,0,90
FAC-001,FacilityOps Campus,AST-008,Water Pump 2,Pump,Building B,Block B1,2026-01-19 04:00:00,44.98,2.63,5.48,11.85,0.88,3973.19,2,74.17,98.7,EXCELLENT,0,0,144
FAC-001,FacilityOps Campus,AST-008,Water Pump 2,Pump,Building B,Block B1,2026-01-19 05:00:00,46.79,2.86,5.69,8.47,0.41,3973.6,2,74.21,99.56,EXCELLENT,0,0,148
FAC-001,FacilityOps Campus,AST-008,Water Pump 2,Pump,Building B,Block B1,2026-01-19 06:00:00,45.57,2.09,5.95,14.26,0.85,3974.44,2,74.25,99.42,EXCELLENT,0,0,111
FAC-001,FacilityOps Campus,AST-008,Water Pump 2,Pump,Building B,Block B1,2026-01-19 07:00:00,49.16,2.16,5.71,10.53,0.98,3975.42,2,74.29,99.63,EXCELLENT,0,0,101
FAC-001,FacilityOps Campus,AST-008,Water Pump 2,Pump,Building B,Block B1,2026-01-19 08:00:00,49.59,2.35,5.47,25.51,0.72,3976.14,2,74.33,98.69,EXCELLENT,0,0,180
FAC-001,FacilityOps Campus,AST-008,Water Pump 2,Pump,Building B,Block B1,2026-01-19 09:00:00,42.71,2.6,5.69,26.29,0.51,3976.65,2,74.38,99.55,EXCELLENT,0,0,150
FAC-001,FacilityOps Campus,AST-008,Water Pump 2,Pump,Building B,Block B1,2026-01-19 10:00:00,46.7,2.89,5.91,22.25,0.74,3977.38,2,74.42,99.25,EXCELLENT,0,0,132
FAC-001,FacilityOps Campus,AST-008,Water Pump 2,Pump,Building B,Block B1,2026-01-19 11:00:00,49.46,2.25,5.76,19.56,0.42,3977.81,2,74.46,99.85,EXCELLENT,0,0,153
FAC-001,FacilityOps Campus,AST-008,Water Pump 2,Pump,Building B,Block B1,2026-01-19 12:00:00,50.62,1.98,5.79,23.73,0.42,3978.23,2,74.5,99.97,EXCELLENT,0,0,100
FAC-001,FacilityOps Campus,AST-008,Water Pump 2,Pump,Building B,Block B1,2026-01-19 13:00:00,49.63,2.13,5.81,25.52,0.69,3978.92,2,74.54,99.96,EXCELLENT,0,0,173
FAC-001,FacilityOps Campus,AST-008,Water Pump 2,Pump,Building B,Block B1,2026-01-19 14:00:00,68.21,3.71,7.21,21.3,0.75,3979.67,2,74.58,47.17,CRITICAL,1,1,4
FAC-001,FacilityOps Campus,AST-008,Water Pump 2,Pump,Building B,Block B1,2026-01-19 15:00:00,51.93,2.66,5.48,23.31,0.44,3980.11,2,74.62,98.74,EXCELLENT,0,0,132
FAC-001,FacilityOps Campus,AST-008,Water Pump 2,Pump,Building B,Block B1,2026-01-19 16:00:00,45.21,2.56,5.55,27.38,0.59,3980.69,2,74.67,98.98,EXCELLENT,0,0,126
FAC-001,FacilityOps Campus,AST-008,Water Pump 2,Pump,Building B,Block B1,2026-01-19 17:00:00,41.98,2.31,5.69,20.07,0.44,3981.13,2,74.71,99.55,EXCELLENT,0,0,144
FAC-001,FacilityOps Campus,AST-008,Water Pump 2,Pump,Building B,Block B1,2026-01-19 18:00:00,46.72,2.19,5.76,26.4,0.49,3981.62,2,74.75,99.85,EXCELLENT,0,0,175
FAC-001,FacilityOps Campus,AST-008,Water Pump 2,Pump,Building B,Block B1,2026-01-19 19:00:00,46.97,2.7,5.61,12.51,0.42,3982.04,2,74.79,99.25,EXCELLENT,0,0,141
FAC-001,FacilityOps Campus,AST-008,Water Pump 2,Pump,Building B,Block B1,2026-01-19 20:00:00,41.64,2.56,5.99,16.83,0.62,3982.65,2,74.83,99.22,EXCELLENT,0,0,104
FAC-001,FacilityOps Campus,AST-008,Water Pump 2,Pump,Building B,Block B1,2026-01-19 21:00:00,44.28,2.5,6.26,9.73,0.91,3983.57,2,74.88,98.17,EXCELLENT,0,0,121
FAC-001,FacilityOps Campus,AST-008,Water Pump 2,Pump,Building B,Block B1,2026-01-19 22:00:00,47.91,2.58,6.23,12.09,0.85,3984.41,2,74.92,98.29,EXCELLENT,0,0,167
FAC-001,FacilityOps Campus,AST-008,Water Pump 2,Pump,Building B,Block B1,2026-01-19 23:00:00,46.11,2.19,5.77,16.6,0.51,3984.93,2,74.96,99.88,EXCELLENT,0,0,120
FAC-001,FacilityOps Campus,AST-008,Water Pump 2,Pump,Building B,Block B1,2026-01-20 00:00:00,48.73,2.31,6.04,11.2,0.51,3985.43,2,75.0,99.06,EXCELLENT,0,0,125
FAC-001,FacilityOps Campus,AST-008,Water Pump 2,Pump,Building B,Block B1,2026-01-20 01:00:00,49.52,2.88,5.89,13.63,1.0,3986.43,2,75.04,99.51,EXCELLENT,0,0,103
FAC-001,FacilityOps Campus,AST-008,Water Pump 2,Pump,Building B,Block B1,2026-01-20 02:00:00,45.58,2.05,6.08,15.02,0.49,3986.93,2,75.08,98.87,EXCELLENT,0,0,162
FAC-001,FacilityOps Campus,AST-008,Water Pump 2,Pump,Building B,Block B1,2026-01-20 03:00:00,47.67,2.31,6.27,12.76,0.79,3987.72,2,75.12,98.12,EXCELLENT,0,0,119
FAC-001,FacilityOps Campus,AST-008,Water Pump 2,Pump,Building B,Block B1,2026-01-20 04:00:00,45.67,2.97,5.91,6.32,0.91,3988.63,2,75.17,97.88,EXCELLENT,0,0,160
FAC-001,FacilityOps Campus,AST-008,Water Pump 2,Pump,Building B,Block B1,2026-01-20 05:00:00,49.14,2.26,6.01,17.72,0.85,3989.48,2,75.21,99.15,EXCELLENT,0,0,128
FAC-001,FacilityOps Campus,AST-008,Water Pump 2,Pump,Building B,Block B1,2026-01-20 06:00:00,50.7,2.67,6.1,8.64,0.95,3990.44,2,75.25,98.81,EXCELLENT,0,0,91
FAC-001,FacilityOps Campus,AST-008,Water Pump 2,Pump,Building B,Block B1,2026-01-20 07:00:00,50.39,2.24,6.07,11.81,0.76,3991.19,2,75.29,98.9,EXCELLENT,0,0,125
FAC-001,FacilityOps Campus,AST-008,Water Pump 2,Pump,Building B,Block B1,2026-01-20 08:00:00,44.92,2.63,5.79,17.96,0.97,3992.16,2,75.33,99.97,EXCELLENT,0,0,90
FAC-001,FacilityOps Campus,AST-008,Water Pump 2,Pump,Building B,Block B1,2026-01-20 09:00:00,50.59,2.14,5.43,22.47,0.52,3992.67,2,75.38,98.53,EXCELLENT,0,0,159
FAC-001,FacilityOps Campus,AST-008,Water Pump 2,Pump,Building B,Block B1,2026-01-20 10:00:00,51.19,2.41,5.48,22.73,0.97,3993.64,2,75.42,98.71,EXCELLENT,0,0,92
FAC-001,FacilityOps Campus,AST-008,Water Pump 2,Pump,Building B,Block B1,2026-01-20 11:00:00,45.63,2.31,6.09,22.28,0.52,3994.17,2,75.46,98.83,EXCELLENT,0,0,133
FAC-001,FacilityOps Campus,AST-008,Water Pump 2,Pump,Building B,Block B1,2026-01-20 12:00:00,50.77,2.52,5.32,19.36,0.44,3994.61,2,75.5,98.07,EXCELLENT,0,0,95
FAC-001,FacilityOps Campus,AST-008,Water Pump 2,Pump,Building B,Block B1,2026-01-20 13:00:00,49.66,2.51,6.15,22.12,0.63,3995.24,2,75.54,98.61,EXCELLENT,0,0,163
FAC-001,FacilityOps Campus,AST-008,Water Pump 2,Pump,Building B,Block B1,2026-01-20 14:00:00,46.96,2.58,5.98,24.22,0.69,3995.93,2,75.58,99.28,EXCELLENT,0,0,178
FAC-001,FacilityOps Campus,AST-008,Water Pump 2,Pump,Building B,Block B1,2026-01-20 15:00:00,45.65,1.89,5.42,26.19,0.68,3996.61,2,75.62,98.48,EXCELLENT,0,0,112
FAC-001,FacilityOps Campus,AST-008,Water Pump 2,Pump,Building B,Block B1,2026-01-20 16:00:00,44.94,2.48,6.28,19.09,0.82,3997.43,2,75.67,98.09,EXCELLENT,0,0,107
FAC-001,FacilityOps Campus,AST-008,Water Pump 2,Pump,Building B,Block B1,2026-01-20 17:00:00,50.54,2.45,6.26,23.5,0.89,3998.33,2,75.71,98.16,EXCELLENT,0,0,96
FAC-001,FacilityOps Campus,AST-008,Water Pump 2,Pump,Building B,Block B1,2026-01-20 18:00:00,47.1,2.9,6.17,18.14,0.76,3999.08,2,75.75,98.09,EXCELLENT,0,0,135
FAC-001,FacilityOps Campus,AST-008,Water Pump 2,Pump,Building B,Block B1,2026-01-20 19:00:00,48.86,2.3,6.1,9.96,0.53,3999.61,2,75.79,98.79,EXCELLENT,0,0,116
FAC-001,FacilityOps Campus,AST-008,Water Pump 2,Pump,Building B,Block B1,2026-01-20 20:00:00,53.54,3.22,5.96,11.71,0.7,4000.31,2,75.83,91.62,EXCELLENT,0,0,179
FAC-001,FacilityOps Campus,AST-008,Water Pump 2,Pump,Building B,Block B1,2026-01-20 21:00:00,46.81,2.29,5.54,9.73,0.72,4001.03,2,75.88,98.96,EXCELLENT,0,0,104
FAC-001,FacilityOps Campus,AST-008,Water Pump 2,Pump,Building B,Block B1,2026-01-20 22:00:00,49.6,2.69,5.92,15.28,0.54,4001.57,2,75.92,99.53,EXCELLENT,0,0,177
FAC-001,FacilityOps Campus,AST-008,Water Pump 2,Pump,Building B,Block B1,2026-01-20 23:00:00,46.42,2.13,5.54,15.35,0.8,4002.38,2,75.96,98.96,EXCELLENT,0,0,155
FAC-001,FacilityOps Campus,AST-008,Water Pump 2,Pump,Building B,Block B1,2026-01-21 00:00:00,47.91,2.35,6.03,15.16,0.56,4002.94,2,76.0,99.08,EXCELLENT,0,0,96
FAC-001,FacilityOps Campus,AST-008,Water Pump 2,Pump,Building B,Block B1,2026-01-21 01:00:00,51.25,2.47,6.02,6.84,0.6,4003.54,2,76.04,99.13,EXCELLENT,0,0,105
FAC-001,FacilityOps Campus,AST-008,Water Pump 2,Pump,Building B,Block B1,2026-01-21 02:00:00,48.74,2.47,6.2,18.05,0.47,4004.0,2,76.08,98.41,EXCELLENT,0,0,116
FAC-001,FacilityOps Campus,AST-008,Water Pump 2,Pump,Building B,Block B1,2026-01-21 03:00:00,51.37,2.29,5.58,8.73,0.57,4004.57,2,76.12,99.11,EXCELLENT,0,0,105
FAC-001,FacilityOps Campus,AST-008,Water Pump 2,Pump,Building B,Block B1,2026-01-21 04:00:00,45.81,2.4,5.98,15.56,0.95,4005.53,2,76.17,99.3,EXCELLENT,0,0,114
FAC-001,FacilityOps Campus,AST-008,Water Pump 2,Pump,Building B,Block B1,2026-01-21 05:00:00,46.43,2.58,6.39,12.11,0.52,4006.05,2,76.21,97.65,EXCELLENT,0,0,142
FAC-001,FacilityOps Campus,AST-008,Water Pump 2,Pump,Building B,Block B1,2026-01-21 06:00:00,49.03,2.68,5.45,10.91,0.44,4006.48,2,76.25,98.61,EXCELLENT,0,0,141
FAC-001,FacilityOps Campus,AST-008,Water Pump 2,Pump,Building B,Block B1,2026-01-21 07:00:00,51.65,2.14,5.58,10.44,0.81,4007.29,2,76.29,99.13,EXCELLENT,0,0,171
FAC-001,FacilityOps Campus,AST-008,Water Pump 2,Pump,Building B,Block B1,2026-01-21 08:00:00,47.86,2.32,5.89,25.86,0.67,4007.96,2,76.33,99.64,EXCELLENT,0,0,176
FAC-001,FacilityOps Campus,AST-008,Water Pump 2,Pump,Building B,Block B1,2026-01-21 09:00:00,50.19,2.46,5.17,17.6,0.64,4008.61,2,76.38,97.48,EXCELLENT,0,0,92
FAC-001,FacilityOps Campus,AST-008,Water Pump 2,Pump,Building B,Block B1,2026-01-21 10:00:00,43.48,2.38,5.96,23.25,0.93,4009.53,2,76.42,99.37,EXCELLENT,0,0,136
FAC-001,FacilityOps Campus,AST-008,Water Pump 2,Pump,Building B,Block B1,2026-01-21 11:00:00,48.99,2.06,5.75,20.65,0.96,4010.49,2,76.46,99.81,EXCELLENT,0,0,160
FAC-001,FacilityOps Campus,AST-008,Water Pump 2,Pump,Building B,Block B1,2026-01-21 12:00:00,46.92,2.57,5.59,24.61,0.82,4011.31,2,76.5,99.17,EXCELLENT,0,0,171
FAC-001,FacilityOps Campus,AST-008,Water Pump 2,Pump,Building B,Block B1,2026-01-21 13:00:00,47.97,2.22,6.25,22.82,0.42,4011.73,2,76.54,98.21,EXCELLENT,0,0,167
FAC-001,FacilityOps Campus,AST-008,Water Pump 2,Pump,Building B,Block B1,2026-01-21 14:00:00,53.28,2.31,5.7,25.75,0.88,4012.6,2,76.58,98.59,EXCELLENT,0,0,140
FAC-001,FacilityOps Campus,AST-008,Water Pump 2,Pump,Building B,Block B1,2026-01-21 15:00:00,44.57,2.3,6.31,24.89,0.92,4013.52,2,76.62,97.94,EXCELLENT,0,0,118
FAC-001,FacilityOps Campus,AST-008,Water Pump 2,Pump,Building B,Block B1,2026-01-21 16:00:00,46.19,2.58,5.92,18.88,0.43,4013.96,2,76.67,99.5,EXCELLENT,0,0,145
FAC-001,FacilityOps Campus,AST-008,Water Pump 2,Pump,Building B,Block B1,2026-01-21 17:00:00,75.42,4.08,4.66,30.4,0.45,4014.41,2,76.71,22.52,CRITICAL,1,1,5
FAC-001,FacilityOps Campus,AST-008,Water Pump 2,Pump,Building B,Block B1,2026-01-21 18:00:00,46.46,2.53,5.41,18.79,0.78,4015.18,2,76.75,98.43,EXCELLENT,0,0,116
FAC-001,FacilityOps Campus,AST-008,Water Pump 2,Pump,Building B,Block B1,2026-01-21 19:00:00,46.58,2.32,6.13,8.58,0.79,4015.97,2,76.79,98.68,EXCELLENT,0,0,97
FAC-001,FacilityOps Campus,AST-008,Water Pump 2,Pump,Building B,Block B1,2026-01-21 20:00:00,48.87,2.72,5.54,12.46,0.55,4016.52,2,76.83,98.95,EXCELLENT,0,0,138
FAC-001,FacilityOps Campus,AST-008,Water Pump 2,Pump,Building B,Block B1,2026-01-21 21:00:00,49.5,2.33,5.73,11.13,0.78,4017.3,2,76.88,99.74,EXCELLENT,0,0,163
FAC-001,FacilityOps Campus,AST-008,Water Pump 2,Pump,Building B,Block B1,2026-01-21 22:00:00,48.01,2.75,5.74,12.65,0.71,4018.0,2,76.92,99.74,EXCELLENT,0,0,175
FAC-001,FacilityOps Campus,AST-008,Water Pump 2,Pump,Building B,Block B1,2026-01-21 23:00:00,45.29,2.85,5.81,5.99,0.69,4018.69,2,76.96,99.94,EXCELLENT,0,0,171
FAC-001,FacilityOps Campus,AST-008,Water Pump 2,Pump,Building B,Block B1,2026-01-22 00:00:00,47.48,2.82,6.23,12.85,0.75,4019.44,2,77.0,98.29,EXCELLENT,0,0,109
FAC-001,FacilityOps Campus,AST-008,Water Pump 2,Pump,Building B,Block B1,2026-01-22 01:00:00,44.06,2.58,5.35,13.5,0.42,4019.86,2,77.04,98.21,EXCELLENT,0,0,171
FAC-001,FacilityOps Campus,AST-008,Water Pump 2,Pump,Building B,Block B1,2026-01-22 02:00:00,46.87,2.49,5.58,15.66,0.66,4020.52,2,77.08,99.13,EXCELLENT,0,0,120
FAC-001,FacilityOps Campus,AST-008,Water Pump 2,Pump,Building B,Block B1,2026-01-22 03:00:00,48.92,2.3,6.18,17.58,0.85,4021.37,2,77.12,98.49,EXCELLENT,0,0,144
FAC-001,FacilityOps Campus,AST-008,Water Pump 2,Pump,Building B,Block B1,2026-01-22 04:00:00,49.34,2.26,5.18,14.61,0.82,4022.19,2,77.17,97.5,EXCELLENT,0,0,176
FAC-001,FacilityOps Campus,AST-008,Water Pump 2,Pump,Building B,Block B1,2026-01-22 05:00:00,49.94,2.63,6.05,10.23,0.64,4022.82,2,77.21,98.99,EXCELLENT,0,0,172
FAC-001,FacilityOps Campus,AST-008,Water Pump 2,Pump,Building B,Block B1,2026-01-22 06:00:00,47.27,2.46,5.53,12.18,0.88,4023.7,2,77.25,98.93,EXCELLENT,0,0,134
FAC-001,FacilityOps Campus,AST-008,Water Pump 2,Pump,Building B,Block B1,2026-01-22 07:00:00,48.81,2.81,5.76,13.08,0.76,4024.46,2,77.29,99.82,EXCELLENT,0,0,137
FAC-001,FacilityOps Campus,AST-008,Water Pump 2,Pump,Building B,Block B1,2026-01-22 08:00:00,43.58,2.5,5.87,18.7,0.77,4025.22,2,77.33,99.73,EXCELLENT,0,0,112
FAC-001,FacilityOps Campus,AST-008,Water Pump 2,Pump,Building B,Block B1,2026-01-22 09:00:00,48.38,2.49,6.2,18.69,0.55,4025.78,2,77.38,98.42,EXCELLENT,0,0,128
FAC-001,FacilityOps Campus,AST-008,Water Pump 2,Pump,Building B,Block B1,2026-01-22 10:00:00,48.09,2.48,5.55,25.0,0.87,4026.65,2,77.42,99.0,EXCELLENT,0,0,119
FAC-001,FacilityOps Campus,AST-008,Water Pump 2,Pump,Building B,Block B1,2026-01-22 11:00:00,48.2,2.25,5.93,20.43,0.76,4027.4,2,77.46,99.47,EXCELLENT,0,0,135
FAC-001,FacilityOps Campus,AST-008,Water Pump 2,Pump,Building B,Block B1,2026-01-22 12:00:00,51.59,2.52,5.56,19.65,0.61,4028.01,2,77.5,99.04,EXCELLENT,0,0,136
FAC-001,FacilityOps Campus,AST-008,Water Pump 2,Pump,Building B,Block B1,2026-01-22 13:00:00,45.23,2.66,5.87,21.77,0.92,4028.93,2,77.54,99.73,EXCELLENT,0,0,147
FAC-001,FacilityOps Campus,AST-008,Water Pump 2,Pump,Building B,Block B1,2026-01-22 14:00:00,45.66,2.67,5.93,24.57,0.54,4029.47,2,77.58,99.48,EXCELLENT,0,0,131
FAC-001,FacilityOps Campus,AST-008,Water Pump 2,Pump,Building B,Block B1,2026-01-22 15:00:00,52.83,2.22,6.02,18.86,0.71,4030.18,2,77.62,99.04,EXCELLENT,0,0,98
FAC-001,FacilityOps Campus,AST-008,Water Pump 2,Pump,Building B,Block B1,2026-01-22 16:00:00,48.37,2.81,5.85,23.47,0.63,4030.82,2,77.67,99.78,EXCELLENT,0,0,133
FAC-001,FacilityOps Campus,AST-008,Water Pump 2,Pump,Building B,Block B1,2026-01-22 17:00:00,47.43,2.53,5.71,22.43,0.61,4031.43,2,77.71,99.64,EXCELLENT,0,0,145
FAC-001,FacilityOps Campus,AST-008,Water Pump 2,Pump,Building B,Block B1,2026-01-22 18:00:00,49.08,2.37,6.11,21.42,0.47,4031.9,2,77.75,98.78,EXCELLENT,0,0,123
FAC-001,FacilityOps Campus,AST-008,Water Pump 2,Pump,Building B,Block B1,2026-01-22 19:00:00,52.95,2.39,6.04,17.55,0.93,4032.83,2,77.79,98.75,EXCELLENT,0,0,129
FAC-001,FacilityOps Campus,AST-008,Water Pump 2,Pump,Building B,Block B1,2026-01-22 20:00:00,47.91,2.89,5.26,14.85,0.65,4033.48,2,77.83,97.52,EXCELLENT,0,0,134
FAC-001,FacilityOps Campus,AST-008,Water Pump 2,Pump,Building B,Block B1,2026-01-22 21:00:00,51.96,2.53,5.9,16.42,0.51,4033.99,2,77.88,99.61,EXCELLENT,0,0,148
FAC-001,FacilityOps Campus,AST-008,Water Pump 2,Pump,Building B,Block B1,2026-01-22 22:00:00,45.24,2.34,5.72,11.84,0.93,4034.93,2,77.92,99.68,EXCELLENT,0,0,120
FAC-001,FacilityOps Campus,AST-008,Water Pump 2,Pump,Building B,Block B1,2026-01-22 23:00:00,47.93,2.78,5.25,8.48,0.52,4035.44,2,77.96,97.82,EXCELLENT,0,0,165
FAC-001,FacilityOps Campus,AST-008,Water Pump 2,Pump,Building B,Block B1,2026-01-23 00:00:00,48.18,2.86,5.75,10.47,0.92,4036.36,2,78.0,99.8,EXCELLENT,0,0,129
FAC-001,FacilityOps Campus,AST-008,Water Pump 2,Pump,Building B,Block B1,2026-01-23 01:00:00,48.72,2.71,5.95,16.61,0.5,4036.86,2,78.04,99.39,EXCELLENT,0,0,146
FAC-001,FacilityOps Campus,AST-008,Water Pump 2,Pump,Building B,Block B1,2026-01-23 02:00:00,45.72,2.31,6.08,10.08,0.51,4037.37,2,78.08,98.9,EXCELLENT,0,0,171
FAC-001,FacilityOps Campus,AST-008,Water Pump 2,Pump,Building B,Block B1,2026-01-23 03:00:00,47.46,2.45,5.91,10.87,0.6,4037.97,2,78.12,99.57,EXCELLENT,0,0,143
FAC-001,FacilityOps Campus,AST-008,Water Pump 2,Pump,Building B,Block B1,2026-01-23 04:00:00,43.6,2.1,5.96,10.12,0.93,4038.9,2,78.17,99.36,EXCELLENT,0,0,172
FAC-001,FacilityOps Campus,AST-008,Water Pump 2,Pump,Building B,Block B1,2026-01-23 05:00:00,47.66,2.9,6.03,11.61,0.54,4039.44,2,78.21,98.67,EXCELLENT,0,0,111
FAC-001,FacilityOps Campus,AST-008,Water Pump 2,Pump,Building B,Block B1,2026-01-23 06:00:00,46.2,2.53,5.99,15.37,0.43,4039.87,2,78.25,99.22,EXCELLENT,0,0,104
FAC-001,FacilityOps Campus,AST-008,Water Pump 2,Pump,Building B,Block B1,2026-01-23 07:00:00,49.41,2.55,5.76,12.13,0.64,4040.52,2,78.29,99.84,EXCELLENT,0,0,112
FAC-001,FacilityOps Campus,AST-008,Water Pump 2,Pump,Building B,Block B1,2026-01-23 08:00:00,45.44,2.68,5.92,22.93,0.69,4041.2,2,78.33,99.5,EXCELLENT,0,0,97
FAC-001,FacilityOps Campus,AST-008,Water Pump 2,Pump,Building B,Block B1,2026-01-23 09:00:00,47.68,2.49,5.73,22.07,0.97,4042.17,2,78.38,99.71,EXCELLENT,0,0,104
FAC-001,FacilityOps Campus,AST-008,Water Pump 2,Pump,Building B,Block B1,2026-01-23 10:00:00,47.69,2.75,5.03,26.35,0.84,4043.01,2,78.42,96.92,EXCELLENT,0,0,131
FAC-001,FacilityOps Campus,AST-008,Water Pump 2,Pump,Building B,Block B1,2026-01-23 11:00:00,49.44,2.24,5.83,17.74,0.9,4043.92,2,78.46,99.88,EXCELLENT,0,0,125
FAC-001,FacilityOps Campus,AST-008,Water Pump 2,Pump,Building B,Block B1,2026-01-23 12:00:00,44.0,2.2,5.31,22.01,0.92,4044.84,2,78.5,98.05,EXCELLENT,0,0,129
FAC-001,FacilityOps Campus,AST-008,Water Pump 2,Pump,Building B,Block B1,2026-01-23 13:00:00,48.65,2.27,5.3,21.7,0.42,4045.25,2,78.54,98.02,EXCELLENT,0,0,158
FAC-001,FacilityOps Campus,AST-008,Water Pump 2,Pump,Building B,Block B1,2026-01-23 14:00:00,47.83,2.45,5.48,24.71,0.4,4045.65,2,78.58,98.71,EXCELLENT,0,0,143
FAC-001,FacilityOps Campus,AST-008,Water Pump 2,Pump,Building B,Block B1,2026-01-23 15:00:00,50.28,2.44,5.98,21.02,0.45,4046.11,2,78.62,99.27,EXCELLENT,0,0,113
FAC-001,FacilityOps Campus,AST-008,Water Pump 2,Pump,Building B,Block B1,2026-01-23 16:00:00,45.69,2.57,6.26,25.68,0.4,4046.51,2,78.67,98.15,EXCELLENT,0,0,101
FAC-001,FacilityOps Campus,AST-008,Water Pump 2,Pump,Building B,Block B1,2026-01-23 17:00:00,47.34,2.79,5.67,21.79,0.44,4046.95,2,78.71,99.48,EXCELLENT,0,0,166
FAC-001,FacilityOps Campus,AST-008,Water Pump 2,Pump,Building B,Block B1,2026-01-23 18:00:00,44.7,3.17,5.86,26.6,0.85,4047.8,2,78.75,94.46,EXCELLENT,0,0,113
FAC-001,FacilityOps Campus,AST-008,Water Pump 2,Pump,Building B,Block B1,2026-01-23 19:00:00,47.2,2.23,6.19,8.34,0.83,4048.64,2,78.79,98.44,EXCELLENT,0,0,124
FAC-001,FacilityOps Campus,AST-008,Water Pump 2,Pump,Building B,Block B1,2026-01-23 20:00:00,46.37,2.7,5.24,15.89,0.8,4049.43,2,78.83,97.77,EXCELLENT,0,0,150
FAC-001,FacilityOps Campus,AST-008,Water Pump 2,Pump,Building B,Block B1,2026-01-23 21:00:00,45.37,2.54,6.3,15.53,0.85,4050.29,2,78.88,98.01,EXCELLENT,0,0,127
FAC-001,FacilityOps Campus,AST-008,Water Pump 2,Pump,Building B,Block B1,2026-01-23 22:00:00,48.48,2.34,5.32,10.71,0.98,4051.26,2,78.92,98.09,EXCELLENT,0,0,99
FAC-001,FacilityOps Campus,AST-008,Water Pump 2,Pump,Building B,Block B1,2026-01-23 23:00:00,46.43,2.21,5.72,10.5,0.7,4051.97,2,78.96,99.66,EXCELLENT,0,0,95
FAC-001,FacilityOps Campus,AST-008,Water Pump 2,Pump,Building B,Block B1,2026-01-24 00:00:00,53.09,2.44,5.9,12.37,0.77,4052.73,2,79.0,99.01,EXCELLENT,0,0,177
FAC-001,FacilityOps Campus,AST-008,Water Pump 2,Pump,Building B,Block B1,2026-01-24 01:00:00,50.6,2.79,6.16,9.87,0.61,4053.34,2,79.04,98.55,EXCELLENT,0,0,101
FAC-001,FacilityOps Campus,AST-008,Water Pump 2,Pump,Building B,Block B1,2026-01-24 02:00:00,43.7,2.41,5.54,10.81,0.83,4054.18,2,79.08,98.96,EXCELLENT,0,0,141
FAC-001,FacilityOps Campus,AST-008,Water Pump 2,Pump,Building B,Block B1,2026-01-24 03:00:00,58.04,3.09,7.34,10.49,0.52,4054.7,2,79.12,79.0,GOOD,1,0,65
FAC-001,FacilityOps Campus,AST-008,Water Pump 2,Pump,Building B,Block B1,2026-01-24 04:00:00,48.14,2.57,5.45,12.01,0.75,4055.45,2,79.17,98.62,EXCELLENT,0,0,179
FAC-001,FacilityOps Campus,AST-008,Water Pump 2,Pump,Building B,Block B1,2026-01-24 05:00:00,46.65,2.51,5.92,15.64,0.43,4055.88,2,79.21,99.54,EXCELLENT,0,0,102
FAC-001,FacilityOps Campus,AST-008,Water Pump 2,Pump,Building B,Block B1,2026-01-24 06:00:00,50.05,2.44,5.6,13.52,0.41,4056.29,2,79.25,99.19,EXCELLENT,0,0,171
FAC-001,FacilityOps Campus,AST-008,Water Pump 2,Pump,Building B,Block B1,2026-01-24 07:00:00,48.28,2.46,5.55,14.4,0.57,4056.86,2,79.29,98.98,EXCELLENT,0,0,177
FAC-001,FacilityOps Campus,AST-008,Water Pump 2,Pump,Building B,Block B1,2026-01-24 08:00:00,49.34,1.86,5.92,22.67,0.78,4057.64,2,79.33,99.53,EXCELLENT,0,0,138
FAC-001,FacilityOps Campus,AST-008,Water Pump 2,Pump,Building B,Block B1,2026-01-24 09:00:00,51.71,2.62,5.6,25.51,0.76,4058.4,2,79.38,99.2,EXCELLENT,0,0,126
FAC-001,FacilityOps Campus,AST-008,Water Pump 2,Pump,Building B,Block B1,2026-01-24 10:00:00,65.83,3.79,5.8,24.98,0.45,4058.85,2,79.42,56.38,WARNING,1,1,16
FAC-001,FacilityOps Campus,AST-008,Water Pump 2,Pump,Building B,Block B1,2026-01-24 11:00:00,46.63,2.61,6.04,26.2,0.49,4059.34,2,79.46,99.05,EXCELLENT,0,0,98
FAC-001,FacilityOps Campus,AST-008,Water Pump 2,Pump,Building B,Block B1,2026-01-24 12:00:00,50.15,2.83,6.26,19.0,0.46,4059.8,2,79.5,98.14,EXCELLENT,0,0,121
FAC-001,FacilityOps Campus,AST-008,Water Pump 2,Pump,Building B,Block B1,2026-01-24 13:00:00,45.02,2.4,6.25,19.17,0.49,4060.29,2,79.54,98.2,EXCELLENT,0,0,93
FAC-001,FacilityOps Campus,AST-008,Water Pump 2,Pump,Building B,Block B1,2026-01-24 14:00:00,54.5,2.48,6.1,20.52,0.86,4061.15,2,79.58,95.27,EXCELLENT,0,0,165
FAC-001,FacilityOps Campus,AST-008,Water Pump 2,Pump,Building B,Block B1,2026-01-24 15:00:00,47.47,2.61,5.92,16.43,0.79,4061.94,2,79.62,99.52,EXCELLENT,0,0,162
FAC-001,FacilityOps Campus,AST-008,Water Pump 2,Pump,Building B,Block B1,2026-01-24 16:00:00,48.11,2.53,5.62,26.93,0.76,4062.7,2,79.67,99.3,EXCELLENT,0,0,157
FAC-001,FacilityOps Campus,AST-008,Water Pump 2,Pump,Building B,Block B1,2026-01-24 17:00:00,45.59,2.64,5.89,18.43,0.94,4063.64,2,79.71,99.65,EXCELLENT,0,0,159
FAC-001,FacilityOps Campus,AST-008,Water Pump 2,Pump,Building B,Block B1,2026-01-24 18:00:00,46.22,2.61,6.22,20.15,0.88,4064.52,2,79.75,98.31,EXCELLENT,0,0,110
FAC-001,FacilityOps Campus,AST-008,Water Pump 2,Pump,Building B,Block B1,2026-01-24 19:00:00,48.78,2.72,5.66,11.98,0.4,4064.93,2,79.79,99.45,EXCELLENT,0,0,157
FAC-001,FacilityOps Campus,AST-008,Water Pump 2,Pump,Building B,Block B1,2026-01-24 20:00:00,51.32,2.59,5.35,15.87,0.8,4065.72,2,79.83,98.19,EXCELLENT,0,0,153
FAC-001,FacilityOps Campus,AST-008,Water Pump 2,Pump,Building B,Block B1,2026-01-24 21:00:00,47.34,2.9,5.44,14.9,0.5,4066.22,2,79.88,98.14,EXCELLENT,0,0,127
FAC-001,FacilityOps Campus,AST-008,Water Pump 2,Pump,Building B,Block B1,2026-01-24 22:00:00,46.87,2.37,6.14,14.44,0.77,4067.0,2,79.92,98.64,EXCELLENT,0,0,119
FAC-001,FacilityOps Campus,AST-008,Water Pump 2,Pump,Building B,Block B1,2026-01-24 23:00:00,46.56,2.49,6.06,8.02,0.77,4067.77,2,79.96,98.98,EXCELLENT,0,0,117
FAC-001,FacilityOps Campus,AST-008,Water Pump 2,Pump,Building B,Block B1,2026-01-25 00:00:00,44.39,2.46,5.77,11.26,0.81,4068.58,2,80.0,99.88,EXCELLENT,0,0,109
FAC-001,FacilityOps Campus,AST-008,Water Pump 2,Pump,Building B,Block B1,2026-01-25 01:00:00,52.18,2.67,5.7,12.02,0.88,4069.46,2,80.04,99.58,EXCELLENT,0,0,173
FAC-001,FacilityOps Campus,AST-008,Water Pump 2,Pump,Building B,Block B1,2026-01-25 02:00:00,49.5,2.58,6.05,14.31,0.65,4070.11,2,80.08,99.0,EXCELLENT,0,0,152
FAC-001,FacilityOps Campus,AST-008,Water Pump 2,Pump,Building B,Block B1,2026-01-25 03:00:00,46.62,2.61,5.77,15.76,0.99,4071.1,2,80.12,99.86,EXCELLENT,0,0,110
FAC-001,FacilityOps Campus,AST-008,Water Pump 2,Pump,Building B,Block B1,2026-01-25 04:00:00,50.5,2.29,6.03,12.75,0.55,4071.65,2,80.17,99.08,EXCELLENT,0,0,124
FAC-001,FacilityOps Campus,AST-008,Water Pump 2,Pump,Building B,Block B1,2026-01-25 05:00:00,46.13,2.54,6.21,15.94,0.51,4072.16,2,80.21,98.36,EXCELLENT,0,0,132
FAC-001,FacilityOps Campus,AST-008,Water Pump 2,Pump,Building B,Block B1,2026-01-25 06:00:00,49.98,2.64,6.09,14.43,0.52,4072.68,2,80.25,98.82,EXCELLENT,0,0,122
FAC-001,FacilityOps Campus,AST-008,Water Pump 2,Pump,Building B,Block B1,2026-01-25 07:00:00,49.85,2.44,5.7,16.7,0.46,4073.15,2,80.29,99.61,EXCELLENT,0,0,148
FAC-001,FacilityOps Campus,AST-008,Water Pump 2,Pump,Building B,Block B1,2026-01-25 08:00:00,44.75,2.74,5.68,24.95,0.7,4073.84,2,80.33,99.52,EXCELLENT,0,0,177
FAC-001,FacilityOps Campus,AST-008,Water Pump 2,Pump,Building B,Block B1,2026-01-25 09:00:00,49.28,1.96,5.45,25.53,0.72,4074.56,2,80.38,98.59,EXCELLENT,0,0,167
FAC-001,FacilityOps Campus,AST-008,Water Pump 2,Pump,Building B,Block B1,2026-01-25 10:00:00,46.19,2.25,5.37,23.93,0.87,4075.43,2,80.42,98.3,EXCELLENT,0,0,153
FAC-001,FacilityOps Campus,AST-008,Water Pump 2,Pump,Building B,Block B1,2026-01-25 11:00:00,50.34,2.38,5.76,18.25,0.88,4076.31,2,80.46,99.82,EXCELLENT,0,0,122
FAC-001,FacilityOps Campus,AST-008,Water Pump 2,Pump,Building B,Block B1,2026-01-25 12:00:00,48.32,2.55,5.5,26.47,0.75,4077.06,2,80.5,98.81,EXCELLENT,0,0,172
FAC-001,FacilityOps Campus,AST-008,Water Pump 2,Pump,Building B,Block B1,2026-01-25 13:00:00,47.7,2.65,5.6,20.88,0.6,4077.67,2,80.54,99.18,EXCELLENT,0,0,173
FAC-001,FacilityOps Campus,AST-008,Water Pump 2,Pump,Building B,Block B1,2026-01-25 14:00:00,46.86,2.63,5.99,19.67,0.6,4078.26,2,80.58,99.26,EXCELLENT,0,0,116
FAC-001,FacilityOps Campus,AST-008,Water Pump 2,Pump,Building B,Block B1,2026-01-25 15:00:00,43.94,2.61,6.24,24.5,0.82,4079.08,2,80.62,98.23,EXCELLENT,0,0,172
FAC-001,FacilityOps Campus,AST-008,Water Pump 2,Pump,Building B,Block B1,2026-01-25 16:00:00,48.53,2.41,5.69,22.42,0.99,4080.07,2,80.67,99.55,EXCELLENT,0,0,169
FAC-001,FacilityOps Campus,AST-008,Water Pump 2,Pump,Building B,Block B1,2026-01-25 17:00:00,46.79,2.8,5.58,21.73,0.86,4080.93,2,80.71,99.1,EXCELLENT,0,0,127
FAC-001,FacilityOps Campus,AST-008,Water Pump 2,Pump,Building B,Block B1,2026-01-25 18:00:00,49.39,2.67,5.8,21.49,0.91,4081.84,2,80.75,99.99,EXCELLENT,0,0,155
FAC-001,FacilityOps Campus,AST-008,Water Pump 2,Pump,Building B,Block B1,2026-01-25 19:00:00,51.31,2.69,6.0,12.78,0.6,4082.44,2,80.79,99.2,EXCELLENT,0,0,130
FAC-001,FacilityOps Campus,AST-008,Water Pump 2,Pump,Building B,Block B1,2026-01-25 20:00:00,50.06,2.24,6.39,9.99,0.91,4083.35,2,80.83,97.63,EXCELLENT,0,0,153
FAC-001,FacilityOps Campus,AST-008,Water Pump 2,Pump,Building B,Block B1,2026-01-25 21:00:00,53.27,2.24,5.5,8.35,0.83,4084.18,2,80.88,97.81,EXCELLENT,0,0,178
FAC-001,FacilityOps Campus,AST-008,Water Pump 2,Pump,Building B,Block B1,2026-01-25 22:00:00,50.35,2.51,6.23,10.44,0.87,4085.05,2,80.92,98.27,EXCELLENT,0,0,133
FAC-001,FacilityOps Campus,AST-008,Water Pump 2,Pump,Building B,Block B1,2026-01-25 23:00:00,49.49,2.07,5.91,11.33,0.42,4085.47,2,80.96,99.56,EXCELLENT,0,0,147
FAC-001,FacilityOps Campus,AST-008,Water Pump 2,Pump,Building B,Block B1,2026-01-26 00:00:00,46.41,2.37,5.44,12.42,0.78,4086.25,2,81.0,98.54,EXCELLENT,0,0,110
FAC-001,FacilityOps Campus,AST-008,Water Pump 2,Pump,Building B,Block B1,2026-01-26 01:00:00,51.44,2.49,5.84,9.34,0.67,4086.92,2,81.04,99.83,EXCELLENT,0,0,170
FAC-001,FacilityOps Campus,AST-008,Water Pump 2,Pump,Building B,Block B1,2026-01-26 02:00:00,49.24,2.51,5.79,16.78,0.79,4087.71,2,81.08,99.97,EXCELLENT,0,0,141
FAC-001,FacilityOps Campus,AST-008,Water Pump 2,Pump,Building B,Block B1,2026-01-26 03:00:00,45.42,2.76,5.74,14.84,0.72,4088.43,2,81.12,99.78,EXCELLENT,0,0,114
FAC-001,FacilityOps Campus,AST-008,Water Pump 2,Pump,Building B,Block B1,2026-01-26 04:00:00,45.34,2.2,5.67,18.0,0.9,4089.33,2,81.17,99.48,EXCELLENT,0,0,103
FAC-001,FacilityOps Campus,AST-008,Water Pump 2,Pump,Building B,Block B1,2026-01-26 05:00:00,48.79,2.28,5.99,11.54,0.74,4090.07,2,81.21,99.24,EXCELLENT,0,0,119
FAC-001,FacilityOps Campus,AST-008,Water Pump 2,Pump,Building B,Block B1,2026-01-26 06:00:00,46.01,2.3,5.82,12.31,0.63,4090.7,2,81.25,99.94,EXCELLENT,0,0,133
FAC-001,FacilityOps Campus,AST-008,Water Pump 2,Pump,Building B,Block B1,2026-01-26 07:00:00,46.16,2.34,5.6,13.82,0.51,4091.21,2,81.29,99.2,EXCELLENT,0,0,142
FAC-001,FacilityOps Campus,AST-008,Water Pump 2,Pump,Building B,Block B1,2026-01-26 08:00:00,46.63,2.32,5.67,18.92,0.99,4092.2,2,81.33,99.49,EXCELLENT,0,0,145
FAC-001,FacilityOps Campus,AST-008,Water Pump 2,Pump,Building B,Block B1,2026-01-26 09:00:00,51.09,2.75,6.23,26.71,0.96,4093.16,2,81.38,98.28,EXCELLENT,0,0,142
FAC-001,FacilityOps Campus,AST-008,Water Pump 2,Pump,Building B,Block B1,2026-01-26 10:00:00,47.09,2.51,5.88,20.79,0.96,4094.12,2,81.42,99.66,EXCELLENT,0,0,160
FAC-001,FacilityOps Campus,AST-008,Water Pump 2,Pump,Building B,Block B1,2026-01-26 11:00:00,44.98,2.63,6.35,23.99,0.93,4095.05,2,81.46,97.81,EXCELLENT,0,0,174
FAC-001,FacilityOps Campus,AST-008,Water Pump 2,Pump,Building B,Block B1,2026-01-26 12:00:00,44.46,2.38,5.26,25.72,1.0,4096.05,2,81.5,97.83,EXCELLENT,0,0,177
FAC-001,FacilityOps Campus,AST-008,Water Pump 2,Pump,Building B,Block B1,2026-01-26 13:00:00,48.51,2.65,5.42,23.25,0.42,4096.47,2,81.54,98.48,EXCELLENT,0,0,105
FAC-001,FacilityOps Campus,AST-008,Water Pump 2,Pump,Building B,Block B1,2026-01-26 14:00:00,47.13,2.99,6.2,20.86,0.44,4096.92,2,81.58,96.26,EXCELLENT,0,0,139
FAC-001,FacilityOps Campus,AST-008,Water Pump 2,Pump,Building B,Block B1,2026-01-26 15:00:00,48.03,2.49,5.6,23.37,0.66,4097.57,2,81.62,99.21,EXCELLENT,0,0,171
FAC-001,FacilityOps Campus,AST-008,Water Pump 2,Pump,Building B,Block B1,2026-01-26 16:00:00,50.3,2.89,5.83,23.14,0.88,4098.46,2,81.67,99.66,EXCELLENT,0,0,153
FAC-001,FacilityOps Campus,AST-008,Water Pump 2,Pump,Building B,Block B1,2026-01-26 17:00:00,49.18,2.38,5.66,18.7,0.53,4098.99,2,81.71,99.45,EXCELLENT,0,0,126
FAC-001,FacilityOps Campus,AST-008,Water Pump 2,Pump,Building B,Block B1,2026-01-26 18:00:00,49.3,2.42,6.05,18.75,0.9,4099.89,2,81.75,98.99,EXCELLENT,0,0,97
FAC-001,FacilityOps Campus,AST-008,Water Pump 2,Pump,Building B,Block B1,2026-01-26 19:00:00,52.08,2.43,6.61,11.66,0.75,4100.64,2,81.79,96.75,EXCELLENT,0,0,171
FAC-001,FacilityOps Campus,AST-008,Water Pump 2,Pump,Building B,Block B1,2026-01-26 20:00:00,45.56,2.78,5.88,14.47,0.8,4101.43,2,81.83,99.68,EXCELLENT,0,0,149
FAC-001,FacilityOps Campus,AST-008,Water Pump 2,Pump,Building B,Block B1,2026-01-26 21:00:00,45.08,2.72,6.15,10.18,0.58,4102.02,2,81.88,98.6,EXCELLENT,0,0,123
FAC-001,FacilityOps Campus,AST-008,Water Pump 2,Pump,Building B,Block B1,2026-01-26 22:00:00,44.84,2.12,6.35,15.09,0.66,4102.68,2,81.92,97.8,EXCELLENT,0,0,178
FAC-001,FacilityOps Campus,AST-008,Water Pump 2,Pump,Building B,Block B1,2026-01-26 23:00:00,45.95,2.13,5.99,14.98,0.44,4103.12,2,81.96,99.24,EXCELLENT,0,0,167
FAC-001,FacilityOps Campus,AST-008,Water Pump 2,Pump,Building B,Block B1,2026-01-27 00:00:00,52.41,2.35,5.89,13.95,0.5,4103.62,2,82.0,99.64,EXCELLENT,0,0,95
FAC-001,FacilityOps Campus,AST-008,Water Pump 2,Pump,Building B,Block B1,2026-01-27 01:00:00,48.37,2.66,6.08,13.3,0.86,4104.48,2,82.04,98.87,EXCELLENT,0,0,122
FAC-001,FacilityOps Campus,AST-008,Water Pump 2,Pump,Building B,Block B1,2026-01-27 02:00:00,44.17,2.52,5.58,8.84,0.43,4104.9,2,82.08,99.11,EXCELLENT,0,0,164
FAC-001,FacilityOps Campus,AST-008,Water Pump 2,Pump,Building B,Block B1,2026-01-27 03:00:00,45.35,2.39,5.92,17.65,0.8,4105.7,2,82.12,99.5,EXCELLENT,0,0,171
FAC-001,FacilityOps Campus,AST-008,Water Pump 2,Pump,Building B,Block B1,2026-01-27 04:00:00,43.46,2.15,5.87,13.55,0.93,4106.63,2,82.17,99.73,EXCELLENT,0,0,154
FAC-001,FacilityOps Campus,AST-008,Water Pump 2,Pump,Building B,Block B1,2026-01-27 05:00:00,44.4,2.57,6.24,13.59,0.4,4107.03,2,82.21,98.24,EXCELLENT,0,0,110
FAC-001,FacilityOps Campus,AST-008,Water Pump 2,Pump,Building B,Block B1,2026-01-27 06:00:00,52.49,2.35,5.94,10.42,0.43,4107.46,2,82.25,99.43,EXCELLENT,0,0,92
FAC-001,FacilityOps Campus,AST-008,Water Pump 2,Pump,Building B,Block B1,2026-01-27 07:00:00,49.37,2.61,5.8,13.93,0.52,4107.98,2,82.29,99.98,EXCELLENT,0,0,138
FAC-001,FacilityOps Campus,AST-008,Water Pump 2,Pump,Building B,Block B1,2026-01-27 08:00:00,50.21,2.51,5.95,27.28,0.56,4108.54,2,82.33,99.41,EXCELLENT,0,0,92
FAC-001,FacilityOps Campus,AST-008,Water Pump 2,Pump,Building B,Block B1,2026-01-27 09:00:00,49.3,2.03,5.49,26.02,0.95,4109.5,2,82.38,98.74,EXCELLENT,0,0,150
FAC-001,FacilityOps Campus,AST-008,Water Pump 2,Pump,Building B,Block B1,2026-01-27 10:00:00,48.09,2.5,5.83,23.75,0.5,4110.0,2,82.42,99.88,EXCELLENT,0,0,121
FAC-001,FacilityOps Campus,AST-008,Water Pump 2,Pump,Building B,Block B1,2026-01-27 11:00:00,46.45,2.8,5.75,25.53,0.42,4110.42,2,82.46,99.78,EXCELLENT,0,0,157
FAC-001,FacilityOps Campus,AST-008,Water Pump 2,Pump,Building B,Block B1,2026-01-27 12:00:00,57.19,4.52,4.71,24.36,0.44,4110.86,2,82.5,56.96,WARNING,1,1,12
FAC-001,FacilityOps Campus,AST-008,Water Pump 2,Pump,Building B,Block B1,2026-01-27 13:00:00,50.46,2.63,5.24,25.2,0.61,4111.47,2,82.54,97.76,EXCELLENT,0,0,123
FAC-001,FacilityOps Campus,AST-008,Water Pump 2,Pump,Building B,Block B1,2026-01-27 14:00:00,50.49,2.62,5.61,23.66,0.77,4112.25,2,82.58,99.26,EXCELLENT,0,0,136
FAC-001,FacilityOps Campus,AST-008,Water Pump 2,Pump,Building B,Block B1,2026-01-27 15:00:00,65.7,3.44,4.72,29.2,0.82,4113.07,2,82.62,56.22,WARNING,1,1,13
FAC-001,FacilityOps Campus,AST-008,Water Pump 2,Pump,Building B,Block B1,2026-01-27 16:00:00,40.56,2.4,5.76,18.51,0.41,4113.48,2,82.67,99.83,EXCELLENT,0,0,140
FAC-001,FacilityOps Campus,AST-008,Water Pump 2,Pump,Building B,Block B1,2026-01-27 17:00:00,50.2,2.43,5.86,20.71,0.66,4114.14,2,82.71,99.78,EXCELLENT,0,0,134
FAC-001,FacilityOps Campus,AST-008,Water Pump 2,Pump,Building B,Block B1,2026-01-27 18:00:00,53.44,2.51,5.75,23.33,0.79,4114.93,2,82.75,98.45,EXCELLENT,0,0,103
FAC-001,FacilityOps Campus,AST-008,Water Pump 2,Pump,Building B,Block B1,2026-01-27 19:00:00,43.25,2.36,5.29,14.2,0.55,4115.48,2,82.79,97.96,EXCELLENT,0,0,107
FAC-001,FacilityOps Campus,AST-008,Water Pump 2,Pump,Building B,Block B1,2026-01-27 20:00:00,50.64,2.66,6.08,10.73,0.81,4116.3,2,82.83,98.9,EXCELLENT,0,0,106
FAC-001,FacilityOps Campus,AST-008,Water Pump 2,Pump,Building B,Block B1,2026-01-27 21:00:00,47.57,2.68,6.36,14.44,0.75,4117.05,2,82.88,97.78,EXCELLENT,0,0,132
FAC-001,FacilityOps Campus,AST-008,Water Pump 2,Pump,Building B,Block B1,2026-01-27 22:00:00,45.76,2.29,5.99,11.33,0.99,4118.04,2,82.92,99.23,EXCELLENT,0,0,152
FAC-001,FacilityOps Campus,AST-008,Water Pump 2,Pump,Building B,Block B1,2026-01-27 23:00:00,48.31,3.08,6.19,16.09,0.83,4118.87,2,82.96,94.73,EXCELLENT,0,0,137
FAC-001,FacilityOps Campus,AST-008,Water Pump 2,Pump,Building B,Block B1,2026-01-28 00:00:00,45.41,2.7,5.46,7.78,0.7,4119.57,2,83.0,98.64,EXCELLENT,0,0,102
FAC-001,FacilityOps Campus,AST-008,Water Pump 2,Pump,Building B,Block B1,2026-01-28 01:00:00,52.9,2.0,5.96,13.88,0.42,4119.99,2,83.04,99.15,EXCELLENT,0,0,156
FAC-001,FacilityOps Campus,AST-008,Water Pump 2,Pump,Building B,Block B1,2026-01-28 02:00:00,47.56,1.91,5.97,15.42,0.71,4120.7,2,83.08,99.3,EXCELLENT,0,0,142
FAC-001,FacilityOps Campus,AST-008,Water Pump 2,Pump,Building B,Block B1,2026-01-28 03:00:00,48.58,2.41,5.65,14.41,0.47,4121.16,2,83.12,99.38,EXCELLENT,0,0,166
FAC-001,FacilityOps Campus,AST-008,Water Pump 2,Pump,Building B,Block B1,2026-01-28 04:00:00,56.97,2.87,5.39,8.58,0.84,4122.0,2,83.17,89.69,EXCELLENT,1,0,133
FAC-001,FacilityOps Campus,AST-008,Water Pump 2,Pump,Building B,Block B1,2026-01-28 05:00:00,47.44,2.18,6.11,11.56,0.63,4122.64,2,83.21,98.75,EXCELLENT,0,0,118
FAC-001,FacilityOps Campus,AST-008,Water Pump 2,Pump,Building B,Block B1,2026-01-28 06:00:00,52.14,2.58,5.56,11.98,0.91,4123.55,2,83.25,99.05,EXCELLENT,0,0,135
FAC-001,FacilityOps Campus,AST-008,Water Pump 2,Pump,Building B,Block B1,2026-01-28 07:00:00,47.5,2.22,5.57,12.06,0.95,4124.5,2,83.29,99.07,EXCELLENT,0,0,124
FAC-001,FacilityOps Campus,AST-008,Water Pump 2,Pump,Building B,Block B1,2026-01-28 08:00:00,51.51,2.79,6.16,20.17,0.77,4125.27,2,83.33,98.55,EXCELLENT,0,0,144
FAC-001,FacilityOps Campus,AST-008,Water Pump 2,Pump,Building B,Block B1,2026-01-28 09:00:00,49.12,2.79,5.59,20.47,0.86,4126.13,2,83.38,99.16,EXCELLENT,0,0,108
FAC-001,FacilityOps Campus,AST-008,Water Pump 2,Pump,Building B,Block B1,2026-01-28 10:00:00,42.77,2.49,5.88,27.07,0.43,4126.57,2,83.42,99.7,EXCELLENT,0,0,96
FAC-001,FacilityOps Campus,AST-008,Water Pump 2,Pump,Building B,Block B1,2026-01-28 11:00:00,45.69,2.72,5.94,23.57,0.91,4127.48,2,83.46,99.45,EXCELLENT,0,0,152
FAC-001,FacilityOps Campus,AST-008,Water Pump 2,Pump,Building B,Block B1,2026-01-28 12:00:00,44.27,2.52,5.97,18.65,0.95,4128.44,2,83.5,99.33,EXCELLENT,0,0,120
FAC-001,FacilityOps Campus,AST-008,Water Pump 2,Pump,Building B,Block B1,2026-01-28 13:00:00,51.81,2.57,5.93,22.85,0.89,4129.33,2,83.54,99.49,EXCELLENT,0,0,94
FAC-001,FacilityOps Campus,AST-008,Water Pump 2,Pump,Building B,Block B1,2026-01-28 14:00:00,54.43,2.99,5.23,22.28,0.77,4130.1,2,83.58,92.21,EXCELLENT,0,0,158
FAC-001,FacilityOps Campus,AST-008,Water Pump 2,Pump,Building B,Block B1,2026-01-28 15:00:00,43.3,2.49,5.32,26.41,0.78,4130.88,2,83.62,98.08,EXCELLENT,0,0,180
FAC-001,FacilityOps Campus,AST-008,Water Pump 2,Pump,Building B,Block B1,2026-01-28 16:00:00,51.87,2.37,6.03,27.27,0.63,4131.52,2,83.67,99.08,EXCELLENT,0,0,156
FAC-001,FacilityOps Campus,AST-008,Water Pump 2,Pump,Building B,Block B1,2026-01-28 17:00:00,46.77,2.35,5.74,19.45,0.77,4132.28,2,83.71,99.78,EXCELLENT,0,0,107
FAC-001,FacilityOps Campus,AST-008,Water Pump 2,Pump,Building B,Block B1,2026-01-28 18:00:00,44.0,2.58,5.81,25.16,0.5,4132.79,2,83.75,99.95,EXCELLENT,0,0,91
FAC-001,FacilityOps Campus,AST-008,Water Pump 2,Pump,Building B,Block B1,2026-01-28 19:00:00,45.14,2.24,5.58,14.59,0.54,4133.33,2,83.79,99.11,EXCELLENT,0,0,94
FAC-001,FacilityOps Campus,AST-008,Water Pump 2,Pump,Building B,Block B1,2026-01-28 20:00:00,49.6,2.43,5.56,7.55,0.87,4134.2,2,83.83,99.05,EXCELLENT,0,0,124
FAC-001,FacilityOps Campus,AST-008,Water Pump 2,Pump,Building B,Block B1,2026-01-28 21:00:00,51.45,2.69,5.4,11.68,0.95,4135.14,2,83.88,98.38,EXCELLENT,0,0,106
FAC-001,FacilityOps Campus,AST-008,Water Pump 2,Pump,Building B,Block B1,2026-01-28 22:00:00,48.5,2.62,5.7,10.89,0.44,4135.58,2,83.92,99.61,EXCELLENT,0,0,99
FAC-001,FacilityOps Campus,AST-008,Water Pump 2,Pump,Building B,Block B1,2026-01-28 23:00:00,45.07,2.24,6.29,10.02,0.63,4136.21,2,83.96,98.05,EXCELLENT,0,0,170
FAC-001,FacilityOps Campus,AST-008,Water Pump 2,Pump,Building B,Block B1,2026-01-29 00:00:00,47.6,2.69,5.55,16.45,0.76,4136.97,2,84.0,99.0,EXCELLENT,0,0,115
FAC-001,FacilityOps Campus,AST-008,Water Pump 2,Pump,Building B,Block B1,2026-01-29 01:00:00,46.04,2.52,5.75,12.48,0.46,4137.43,2,84.04,99.79,EXCELLENT,0,0,136
FAC-001,FacilityOps Campus,AST-008,Water Pump 2,Pump,Building B,Block B1,2026-01-29 02:00:00,44.78,2.39,5.68,14.9,0.5,4137.93,2,84.08,99.53,EXCELLENT,0,0,91
FAC-001,FacilityOps Campus,AST-008,Water Pump 2,Pump,Building B,Block B1,2026-01-29 03:00:00,49.77,2.74,6.19,12.0,0.96,4138.9,2,84.12,98.45,EXCELLENT,0,0,168
FAC-001,FacilityOps Campus,AST-008,Water Pump 2,Pump,Building B,Block B1,2026-01-29 04:00:00,46.18,2.71,5.98,11.87,0.85,4139.74,2,84.17,99.28,EXCELLENT,0,0,133
FAC-001,FacilityOps Campus,AST-008,Water Pump 2,Pump,Building B,Block B1,2026-01-29 05:00:00,47.79,2.51,5.82,9.44,0.62,4140.36,2,84.21,99.9,EXCELLENT,0,0,104
FAC-001,FacilityOps Campus,AST-008,Water Pump 2,Pump,Building B,Block B1,2026-01-29 06:00:00,47.91,2.7,6.3,13.93,0.76,4141.13,2,84.25,98.0,EXCELLENT,0,0,107
FAC-001,FacilityOps Campus,AST-008,Water Pump 2,Pump,Building B,Block B1,2026-01-29 07:00:00,49.94,2.72,6.07,13.76,0.47,4141.59,2,84.29,98.93,EXCELLENT,0,0,142
FAC-001,FacilityOps Campus,AST-008,Water Pump 2,Pump,Building B,Block B1,2026-01-29 08:00:00,49.78,2.35,5.89,18.51,0.47,4142.06,2,84.33,99.62,EXCELLENT,0,0,113
FAC-001,FacilityOps Campus,AST-008,Water Pump 2,Pump,Building B,Block B1,2026-01-29 09:00:00,49.16,2.62,5.31,22.87,0.48,4142.54,2,84.38,98.06,EXCELLENT,0,0,159
FAC-001,FacilityOps Campus,AST-008,Water Pump 2,Pump,Building B,Block B1,2026-01-29 10:00:00,49.78,2.78,5.39,20.17,0.93,4143.47,2,84.42,98.38,EXCELLENT,0,0,129
FAC-001,FacilityOps Campus,AST-008,Water Pump 2,Pump,Building B,Block B1,2026-01-29 11:00:00,48.26,2.48,5.25,19.89,0.45,4143.92,2,84.46,97.8,EXCELLENT,0,0,107
FAC-001,FacilityOps Campus,AST-008,Water Pump 2,Pump,Building B,Block B1,2026-01-29 12:00:00,49.64,3.03,5.56,24.59,0.73,4144.65,2,84.5,96.2,EXCELLENT,0,0,143
FAC-001,FacilityOps Campus,AST-008,Water Pump 2,Pump,Building B,Block B1,2026-01-29 13:00:00,49.71,2.73,6.24,22.87,0.48,4145.13,2,84.54,98.25,EXCELLENT,0,0,109
FAC-001,FacilityOps Campus,AST-008,Water Pump 2,Pump,Building B,Block B1,2026-01-29 14:00:00,62.19,3.32,7.49,20.73,0.98,4146.11,2,84.58,65.58,WARNING,1,0,10
FAC-001,FacilityOps Campus,AST-008,Water Pump 2,Pump,Building B,Block B1,2026-01-29 15:00:00,48.94,2.58,5.58,22.97,0.7,4146.81,2,84.62,99.13,EXCELLENT,0,0,146
FAC-001,FacilityOps Campus,AST-008,Water Pump 2,Pump,Building B,Block B1,2026-01-29 16:00:00,48.2,2.54,5.59,22.43,0.69,4147.51,2,84.67,99.16,EXCELLENT,0,0,101
FAC-001,FacilityOps Campus,AST-008,Water Pump 2,Pump,Building B,Block B1,2026-01-29 17:00:00,47.46,2.64,6.27,25.34,0.9,4148.41,2,84.71,98.12,EXCELLENT,0,0,100
FAC-001,FacilityOps Campus,AST-008,Water Pump 2,Pump,Building B,Block B1,2026-01-29 18:00:00,47.23,2.5,5.83,22.52,0.63,4149.04,2,84.75,99.86,EXCELLENT,0,0,119
FAC-001,FacilityOps Campus,AST-008,Water Pump 2,Pump,Building B,Block B1,2026-01-29 19:00:00,48.83,2.47,5.85,6.72,0.51,4149.55,2,84.79,99.81,EXCELLENT,0,0,175
FAC-001,FacilityOps Campus,AST-008,Water Pump 2,Pump,Building B,Block B1,2026-01-29 20:00:00,48.51,2.33,5.87,15.33,0.52,4150.07,2,84.83,99.72,EXCELLENT,0,0,145
FAC-001,FacilityOps Campus,AST-008,Water Pump 2,Pump,Building B,Block B1,2026-01-29 21:00:00,50.35,2.64,6.06,13.77,0.87,4150.94,2,84.88,98.96,EXCELLENT,0,0,133
FAC-001,FacilityOps Campus,AST-008,Water Pump 2,Pump,Building B,Block B1,2026-01-29 22:00:00,47.19,2.45,5.46,7.33,0.86,4151.8,2,84.92,98.66,EXCELLENT,0,0,175
FAC-001,FacilityOps Campus,AST-008,Water Pump 2,Pump,Building B,Block B1,2026-01-29 23:00:00,48.08,2.81,5.82,13.58,0.46,4152.25,2,84.96,99.92,EXCELLENT,0,0,109
FAC-001,FacilityOps Campus,AST-008,Water Pump 2,Pump,Building B,Block B1,2026-01-30 00:00:00,49.79,2.35,5.38,12.44,0.97,4153.22,2,85.0,98.34,EXCELLENT,0,0,126
FAC-001,FacilityOps Campus,AST-008,Water Pump 2,Pump,Building B,Block B1,2026-01-30 01:00:00,43.28,2.78,5.75,11.38,0.59,4153.81,2,85.04,99.82,EXCELLENT,0,0,167
FAC-001,FacilityOps Campus,AST-008,Water Pump 2,Pump,Building B,Block B1,2026-01-30 02:00:00,51.26,2.6,6.21,5.03,0.56,4154.37,2,85.08,98.36,EXCELLENT,0,0,132
FAC-001,FacilityOps Campus,AST-008,Water Pump 2,Pump,Building B,Block B1,2026-01-30 03:00:00,49.88,2.06,5.79,12.6,0.77,4155.14,2,85.12,99.94,EXCELLENT,0,0,162
FAC-001,FacilityOps Campus,AST-008,Water Pump 2,Pump,Building B,Block B1,2026-01-30 04:00:00,45.0,2.83,5.35,12.77,0.5,4155.63,2,85.17,98.19,EXCELLENT,0,0,179
FAC-001,FacilityOps Campus,AST-008,Water Pump 2,Pump,Building B,Block B1,2026-01-30 05:00:00,46.99,2.66,5.48,17.37,0.83,4156.46,2,85.21,98.71,EXCELLENT,0,0,145
FAC-001,FacilityOps Campus,AST-008,Water Pump 2,Pump,Building B,Block B1,2026-01-30 06:00:00,51.58,2.85,5.71,17.3,0.84,4157.3,2,85.25,99.65,EXCELLENT,0,0,140
FAC-001,FacilityOps Campus,AST-008,Water Pump 2,Pump,Building B,Block B1,2026-01-30 07:00:00,47.58,2.83,5.65,15.84,0.52,4157.82,2,85.29,99.4,EXCELLENT,0,0,137
FAC-001,FacilityOps Campus,AST-008,Water Pump 2,Pump,Building B,Block B1,2026-01-30 08:00:00,46.57,2.29,6.12,18.58,0.71,4158.53,2,85.33,98.73,EXCELLENT,0,0,121
FAC-001,FacilityOps Campus,AST-008,Water Pump 2,Pump,Building B,Block B1,2026-01-30 09:00:00,45.65,2.61,6.47,21.66,0.63,4159.17,2,85.38,97.34,EXCELLENT,0,0,156
FAC-001,FacilityOps Campus,AST-008,Water Pump 2,Pump,Building B,Block B1,2026-01-30 10:00:00,47.98,2.34,5.9,19.38,0.94,4160.11,2,85.42,99.61,EXCELLENT,0,0,163
FAC-001,FacilityOps Campus,AST-008,Water Pump 2,Pump,Building B,Block B1,2026-01-30 11:00:00,54.54,2.14,5.88,26.18,0.95,4161.06,2,85.46,96.06,EXCELLENT,0,0,93
FAC-001,FacilityOps Campus,AST-008,Water Pump 2,Pump,Building B,Block B1,2026-01-30 12:00:00,47.76,2.64,6.02,19.28,0.92,4161.98,2,85.5,99.14,EXCELLENT,0,0,94
FAC-001,FacilityOps Campus,AST-008,Water Pump 2,Pump,Building B,Block B1,2026-01-30 13:00:00,47.73,2.31,5.63,24.83,0.44,4162.42,2,85.54,99.34,EXCELLENT,0,0,118
FAC-001,FacilityOps Campus,AST-008,Water Pump 2,Pump,Building B,Block B1,2026-01-30 14:00:00,61.09,3.56,7.83,20.68,0.85,4163.27,2,85.58,62.26,WARNING,1,0,23
FAC-001,FacilityOps Campus,AST-008,Water Pump 2,Pump,Building B,Block B1,2026-01-30 15:00:00,49.54,2.31,5.59,18.4,0.51,4163.77,2,85.62,99.15,EXCELLENT,0,0,92
FAC-001,FacilityOps Campus,AST-008,Water Pump 2,Pump,Building B,Block B1,2026-01-30 16:00:00,45.84,2.38,5.18,22.77,0.9,4164.68,2,85.67,97.52,EXCELLENT,0,0,169
FAC-001,FacilityOps Campus,AST-008,Water Pump 2,Pump,Building B,Block B1,2026-01-30 17:00:00,50.75,1.86,5.97,25.18,0.84,4165.52,2,85.71,99.32,EXCELLENT,0,0,154
FAC-001,FacilityOps Campus,AST-008,Water Pump 2,Pump,Building B,Block B1,2026-01-30 18:00:00,46.38,2.52,5.85,26.41,0.77,4166.29,2,85.75,99.78,EXCELLENT,0,0,111
FAC-001,FacilityOps Campus,AST-008,Water Pump 2,Pump,Building B,Block B1,2026-01-30 19:00:00,46.98,2.69,5.89,11.7,0.69,4166.98,2,85.79,99.62,EXCELLENT,0,0,156
FAC-001,FacilityOps Campus,AST-008,Water Pump 2,Pump,Building B,Block B1,2026-01-30 20:00:00,60.79,3.16,6.41,12.53,0.88,4167.86,2,85.83,75.75,GOOD,1,0,85
FAC-001,FacilityOps Campus,AST-008,Water Pump 2,Pump,Building B,Block B1,2026-01-30 21:00:00,49.89,2.75,5.84,9.1,0.6,4168.46,2,85.88,99.82,EXCELLENT,0,0,154
FAC-001,FacilityOps Campus,AST-008,Water Pump 2,Pump,Building B,Block B1,2026-01-30 22:00:00,45.05,2.51,5.68,13.02,0.9,4169.36,2,85.92,99.51,EXCELLENT,0,0,169
FAC-001,FacilityOps Campus,AST-008,Water Pump 2,Pump,Building B,Block B1,2026-01-30 23:00:00,51.22,2.58,5.71,10.27,0.47,4169.84,2,85.96,99.65,EXCELLENT,0,0,160
