facility_id,facility_name,building_id,building_name,block_id,block_name,space_id,space_name,space_type,timestamp,capacity,occupancy_count,available_capacity,utilization_percent,utilization_status,overcrowded
F001,Smart Campus,B001,Building A,BLK-A1,Block A1,SP-001,Open Workspace A1,Workspace,2026-01-01 00:00:00,120,8,112,6.67,UNDERUSED,0
F001,Smart Campus,B001,Building A,BLK-A1,Block A1,SP-002,Conference Room A,Meeting Room,2026-01-01 00:00:00,30,1,29,3.33,UNDERUSED,0
F001,Smart Campus,B001,Building A,BLK-A2,Block A2,SP-003,Training Hall A,Training Room,2026-01-01 00:00:00,80,5,75,6.25,UNDERUSED,0
F001,Smart Campus,B002,Building B,BLK-B1,Block B1,SP-004,Open Workspace B1,Workspace,2026-01-01 00:00:00,150,14,136,9.33,UNDERUSED,0
F001,Smart Campus,B002,Building B,BLK-B1,Block B1,SP-005,Meeting Room B,Meeting Room,2026-01-01 00:00:00,25,1,24,4.0,UNDERUSED,0
F001,Smart Campus,B002,Building B,BLK-B2,Block B2,SP-006,Cafeteria B,Cafeteria,2026-01-01 00:00:00,180,9,171,5.0,UNDERUSED,0
F001,Smart Campus,B003,Building C,BLK-C1,Block C1,SP-007,Open Workspace C1,Workspace,2026-01-01 00:00:00,100,1,99,1.0,UNDERUSED,0
F001,Smart Campus,B003,Building C,BLK-C1,Block C1,SP-008,Server Operations Room,Restricted Area,2026-01-01 00:00:00,20,5,15,25.0,LOW,0
F001,Smart Campus,B001,Building A,BLK-A1,Block A1,SP-001,Open Workspace A1,Workspace,2026-01-01 01:00:00,120,4,116,3.33,UNDERUSED,0
F001,Smart Campus,B001,Building A,BLK-A1,Block A1,SP-002,Conference Room A,Meeting Room,2026-01-01 01:00:00,30,34,0,113.33,OVERCROWDED,1
F001,Smart Campus,B001,Building A,BLK-A2,Block A2,SP-003,Training Hall A,Training Room,2026-01-01 01:00:00,80,4,76,5.0,UNDERUSED,0
F001,Smart Campus,B002,Building B,BLK-B1,Block B1,SP-004,Open Workspace B1,Workspace,2026-01-01 01:00:00,150,4,146,2.67,UNDERUSED,0
F001,Smart Campus,B002,Building B,BLK-B1,Block B1,SP-005,Meeting Room B,Meeting Room,2026-01-01 01:00:00,25,1,24,4.0,UNDERUSED,0
F001,Smart Campus,B002,Building B,BLK-B2,Block B2,SP-006,Cafeteria B,Cafeteria,2026-01-01 01:00:00,180,6,174,3.33,UNDERUSED,0
F001,Smart Campus,B003,Building C,BLK-C1,Block C1,SP-007,Open Workspace C1,Workspace,2026-01-01 01:00:00,100,6,94,6.0,UNDERUSED,0
F001,Smart Campus,B003,Building C,BLK-C1,Block C1,SP-008,Server Operations Room,Restricted Area,2026-01-01 01:00:00,20,5,15,25.0,LOW,0
F001,Smart Campus,B001,Building A,BLK-A1,Block A1,SP-001,Open Workspace A1,Workspace,2026-01-01 02:00:00,120,12,108,10.0,UNDERUSED,0
F001,Smart Campus,B001,Building A,BLK-A1,Block A1,SP-002,Conference Room A,Meeting Room,2026-01-01 02:00:00,30,2,28,6.67,UNDERUSED,0
F001,Smart Campus,B001,Building A,BLK-A2,Block A2,SP-003,Training Hall A,Training Room,2026-01-01 02:00:00,80,4,76,5.0,UNDERUSED,0
F001,Smart Campus,B002,Building B,BLK-B1,Block B1,SP-004,Open Workspace B1,Workspace,2026-01-01 02:00:00,150,9,141,6.0,UNDERUSED,0
F001,Smart Campus,B002,Building B,BLK-B1,Block B1,SP-005,Meeting Room B,Meeting Room,2026-01-01 02:00:00,25,0,25,0.0,UNDERUSED,0
F001,Smart Campus,B002,Building B,BLK-B2,Block B2,SP-006,Cafeteria B,Cafeteria,2026-01-01 02:00:00,180,10,170,5.56,UNDERUSED,0
F001,Smart Campus,B003,Building C,BLK-C1,Block C1,SP-007,Open Workspace C1,Workspace,2026-01-01 02:00:00,100,3,97,3.0,UNDERUSED,0
F001,Smart Campus,B003,Building C,BLK-C1,Block C1,SP-008,Server Operations Room,Restricted Area,2026-01-01 02:00:00,20,3,17,15.0,LOW,0
F001,Smart Campus,B001,Building A,BLK-A1,Block A1,SP-001,Open Workspace A1,Workspace,2026-01-01 03:00:00,120,5,115,4.17,UNDERUSED,0
F001,Smart Campus,B001,Building A,BLK-A1,Block A1,SP-002,Conference Room A,Meeting Room,2026-01-01 03:00:00,30,1,29,3.33,UNDERUSED,0
F001,Smart Campus,B001,Building A,BLK-A2,Block A2,SP-003,Training Hall A,Training Room,2026-01-01 03:00:00,80,6,74,7.5,UNDERUSED,0
F001,Smart Campus,B002,Building B,BLK-B1,Block B1,SP-004,Open Workspace B1,Workspace,2026-01-01 03:00:00,150,10,140,6.67,UNDERUSED,0
F001,Smart Campus,B002,Building B,BLK-B1,Block B1,SP-005,Meeting Room B,Meeting Room,2026-01-01 03:00:00,25,2,23,8.0,UNDERUSED,0
F001,Smart Campus,B002,Building B,BLK-B2,Block B2,SP-006,Cafeteria B,Cafeteria,2026-01-01 03:00:00,180,12,168,6.67,UNDERUSED,0
F001,Smart Campus,B003,Building C,BLK-C1,Block C1,SP-007,Open Workspace C1,Workspace,2026-01-01 03:00:00,100,7,93,7.0,UNDERUSED,0
F001,Smart Campus,B003,Building C,BLK-C1,Block C1,SP-008,Server Operations Room,Restricted Area,2026-01-01 03:00:00,20,5,15,25.0,LOW,0
F001,Smart Campus,B001,Building A,BLK-A1,Block A1,SP-001,Open Workspace A1,Workspace,2026-01-01 04:00:00,120,10,110,8.33,UNDERUSED,0
F001,Smart Campus,B001,Building A,BLK-A1,Block A1,SP-002,Conference Room A,Meeting Room,2026-01-01 04:00:00,30,0,30,0.0,UNDERUSED,0
F001,Smart Campus,B001,Building A,BLK-A2,Block A2,SP-003,Training Hall A,Training Room,2026-01-01 04:00:00,80,2,78,2.5,UNDERUSED,0
F001,Smart Campus,B002,Building B,BLK-B1,Block B1,SP-004,Open Workspace B1,Workspace,2026-01-01 04:00:00,150,14,136,9.33,UNDERUSED,0
F001,Smart Campus,B002,Building B,BLK-B1,Block B1,SP-005,Meeting Room B,Meeting Room,2026-01-01 04:00:00,25,1,24,4.0,UNDERUSED,0
F001,Smart Campus,B002,Building B,BLK-B2,Block B2,SP-006,Cafeteria B,Cafeteria,2026-01-01 04:00:00,180,13,167,7.22,UNDERUSED,0
F001,Smart Campus,B003,Building C,BLK-C1,Block C1,SP-007,Open Workspace C1,Workspace,2026-01-01 04:00:00,100,5,95,5.0,UNDERUSED,0
F001,Smart Campus,B003,Building C,BLK-C1,Block C1,SP-008,Server Operations Room,Restricted Area,2026-01-01 04:00:00,20,2,18,10.0,UNDERUSED,0
F001,Smart Campus,B001,Building A,BLK-A1,Block A1,SP-001,Open Workspace A1,Workspace,2026-01-01 05:00:00,120,4,116,3.33,UNDERUSED,0
F001,Smart Campus,B001,Building A,BLK-A1,Block A1,SP-002,Conference Room A,Meeting Room,2026-01-01 05:00:00,30,3,27,10.0,UNDERUSED,0
F001,Smart Campus,B001,Building A,BLK-A2,Block A2,SP-003,Training Hall A,Training Room,2026-01-01 05:00:00,80,1,79,1.25,UNDERUSED,0
F001,Smart Campus,B002,Building B,BLK-B1,Block B1,SP-004,Open Workspace B1,Workspace,2026-01-01 05:00:00,150,8,142,5.33,UNDERUSED,0
F001,Smart Campus,B002,Building B,BLK-B1,Block B1,SP-005,Meeting Room B,Meeting Room,2026-01-01 05:00:00,25,0,25,0.0,UNDERUSED,0
F001,Smart Campus,B002,Building B,BLK-B2,Block B2,SP-006,Cafeteria B,Cafeteria,2026-01-01 05:00:00,180,18,162,10.0,UNDERUSED,0
F001,Smart Campus,B003,Building C,BLK-C1,Block C1,SP-007,Open Workspace C1,Workspace,2026-01-01 05:00:00,100,5,95,5.0,UNDERUSED,0
F001,Smart Campus,B003,Building C,BLK-C1,Block C1,SP-008,Server Operations Room,Restricted Area,2026-01-01 05:00:00,20,3,17,15.0,LOW,0
F001,Smart Campus,B001,Building A,BLK-A1,Block A1,SP-001,Open Workspace A1,Workspace,2026-01-01 06:00:00,120,7,113,5.83,UNDERUSED,0
F001,Smart Campus,B001,Building A,BLK-A1,Block A1,SP-002,Conference Room A,Meeting Room,2026-01-01 06:00:00,30,34,0,113.33,OVERCROWDED,1
F001,Smart Campus,B001,Building A,BLK-A2,Block A2,SP-003,Training Hall A,Training Room,2026-01-01 06:00:00,80,4,76,5.0,UNDERUSED,0
F001,Smart Campus,B002,Building B,BLK-B1,Block B1,SP-004,Open Workspace B1,Workspace,2026-01-01 06:00:00,150,5,145,3.33,UNDERUSED,0
F001,Smart Campus,B002,Building B,BLK-B1,Block B1,SP-005,Meeting Room B,Meeting Room,2026-01-01 06:00:00,25,0,25,0.0,UNDERUSED,0
F001,Smart Campus,B002,Building B,BLK-B2,Block B2,SP-006,Cafeteria B,Cafeteria,2026-01-01 06:00:00,180,14,166,7.78,UNDERUSED,0
F001,Smart Campus,B003,Building C,BLK-C1,Block C1,SP-007,Open Workspace C1,Workspace,2026-01-01 06:00:00,100,9,91,9.0,UNDERUSED,0
F001,Smart Campus,B003,Building C,BLK-C1,Block C1,SP-008,Server Operations Room,Restricted Area,2026-01-01 06:00:00,20,4,16,20.0,LOW,0
F001,Smart Campus,B001,Building A,BLK-A1,Block A1,SP-001,Open Workspace A1,Workspace,2026-01-01 07:00:00,120,11,109,9.17,UNDERUSED,0
F001,Smart Campus,B001,Building A,BLK-A1,Block A1,SP-002,Conference Room A,Meeting Room,2026-01-01 07:00:00,30,1,29,3.33,UNDERUSED,0
F001,Smart Campus,B001,Building A,BLK-A2,Block A2,SP-003,Training Hall A,Training Room,2026-01-01 07:00:00,80,4,76,5.0,UNDERUSED,0
F001,Smart Campus,B002,Building B,BLK-B1,Block B1,SP-004,Open Workspace B1,Workspace,2026-01-01 07:00:00,150,12,138,8.0,UNDERUSED,0
F001,Smart Campus,B002,Building B,BLK-B1,Block B1,SP-005,Meeting Room B,Meeting Room,2026-01-01 07:00:00,25,2,23,8.0,UNDERUSED,0
F001,Smart Campus,B002,Building B,BLK-B2,Block B2,SP-006,Cafeteria B,Cafeteria,2026-01-01 07:00:00,180,4,176,2.22,UNDERUSED,0
F001,Smart Campus,B003,Building C,BLK-C1,Block C1,SP-007,Open Workspace C1,Workspace,2026-01-01 07:00:00,100,1,99,1.0,UNDERUSED,0
F001,Smart Campus,B003,Building C,BLK-C1,Block C1,SP-008,Server Operations Room,Restricted Area,2026-01-01 07:00:00,20,6,14,30.0,LOW,0
F001,Smart Campus,B001,Building A,BLK-A1,Block A1,SP-001,Open Workspace A1,Workspace,2026-01-01 08:00:00,120,5,115,4.17,UNDERUSED,0
F001,Smart Campus,B001,Building A,BLK-A1,Block A1,SP-002,Conference Room A,Meeting Room,2026-01-01 08:00:00,30,3,27,10.0,UNDERUSED,0
F001,Smart Campus,B001,Building A,BLK-A2,Block A2,SP-003,Training Hall A,Training Room,2026-01-01 08:00:00,80,1,79,1.25,UNDERUSED,0
F001,Smart Campus,B002,Building B,BLK-B1,Block B1,SP-004,Open Workspace B1,Workspace,2026-01-01 08:00:00,150,2,148,1.33,UNDERUSED,0
F001,Smart Campus,B002,Building B,BLK-B1,Block B1,SP-005,Meeting Room B,Meeting Room,2026-01-01 08:00:00,25,2,23,8.0,UNDERUSED,0
F001,Smart Campus,B002,Building B,BLK-B2,Block B2,SP-006,Cafeteria B,Cafeteria,2026-01-01 08:00:00,180,66,114,36.67,LOW,0
F001,Smart Campus,B003,Building C,BLK-C1,Block C1,SP-007,Open Workspace C1,Workspace,2026-01-01 08:00:00,100,3,97,3.0,UNDERUSED,0
F001,Smart Campus,B003,Building C,BLK-C1,Block C1,SP-008,Server Operations Room,Restricted Area,2026-01-01 08:00:00,20,4,16,20.0,LOW,0
F001,Smart Campus,B001,Building A,BLK-A1,Block A1,SP-001,Open Workspace A1,Workspace,2026-01-01 09:00:00,120,94,26,78.33,HIGH,0
F001,Smart Campus,B001,Building A,BLK-A1,Block A1,SP-002,Conference Room A,Meeting Room,2026-01-01 09:00:00,30,10,20,33.33,LOW,0
F001,Smart Campus,B001,Building A,BLK-A2,Block A2,SP-003,Training Hall A,Training Room,2026-01-01 09:00:00,80,64,16,80.0,HIGH,0
F001,Smart Campus,B002,Building B,BLK-B1,Block B1,SP-004,Open Workspace B1,Workspace,2026-01-01 09:00:00,150,114,36,76.0,HIGH,0
F001,Smart Campus,B002,Building B,BLK-B1,Block B1,SP-005,Meeting Room B,Meeting Room,2026-01-01 09:00:00,25,7,18,28.0,LOW,0
F001,Smart Campus,B002,Building B,BLK-B2,Block B2,SP-006,Cafeteria B,Cafeteria,2026-01-01 09:00:00,180,60,120,33.33,LOW,0
F001,Smart Campus,B003,Building C,BLK-C1,Block C1,SP-007,Open Workspace C1,Workspace,2026-01-01 09:00:00,100,71,29,71.0,OPTIMAL,0
F001,Smart Campus,B003,Building C,BLK-C1,Block C1,SP-008,Server Operations Room,Restricted Area,2026-01-01 09:00:00,20,1,19,5.0,UNDERUSED,0
F001,Smart Campus,B001,Building A,BLK-A1,Block A1,SP-001,Open Workspace A1,Workspace,2026-01-01 10:00:00,120,85,35,70.83,OPTIMAL,0
F001,Smart Campus,B001,Building A,BLK-A1,Block A1,SP-002,Conference Room A,Meeting Room,2026-01-01 10:00:00,30,23,7,76.67,HIGH,0
F001,Smart Campus,B001,Building A,BLK-A2,Block A2,SP-003,Training Hall A,Training Room,2026-01-01 10:00:00,80,27,53,33.75,LOW,0
F001,Smart Campus,B002,Building B,BLK-B1,Block B1,SP-004,Open Workspace B1,Workspace,2026-01-01 10:00:00,150,106,44,70.67,OPTIMAL,0
F001,Smart Campus,B002,Building B,BLK-B1,Block B1,SP-005,Meeting Room B,Meeting Room,2026-01-01 10:00:00,25,20,5,80.0,HIGH,0
F001,Smart Campus,B002,Building B,BLK-B2,Block B2,SP-006,Cafeteria B,Cafeteria,2026-01-01 10:00:00,180,15,165,8.33,UNDERUSED,0
F001,Smart Campus,B003,Building C,BLK-C1,Block C1,SP-007,Open Workspace C1,Workspace,2026-01-01 10:00:00,100,85,15,85.0,HIGH,0
F001,Smart Campus,B003,Building C,BLK-C1,Block C1,SP-008,Server Operations Room,Restricted Area,2026-01-01 10:00:00,20,2,18,10.0,UNDERUSED,0
F001,Smart Campus,B001,Building A,BLK-A1,Block A1,SP-001,Open Workspace A1,Workspace,2026-01-01 11:00:00,120,91,29,75.83,HIGH,0
F001,Smart Campus,B001,Building A,BLK-A1,Block A1,SP-002,Conference Room A,Meeting Room,2026-01-01 11:00:00,30,20,10,66.67,OPTIMAL,0
F001,Smart Campus,B001,Building A,BLK-A2,Block A2,SP-003,Training Hall A,Training Room,2026-01-01 11:00:00,80,63,17,78.75,HIGH,0
F001,Smart Campus,B002,Building B,BLK-B1,Block B1,SP-004,Open Workspace B1,Workspace,2026-01-01 11:00:00,150,113,37,75.33,HIGH,0
F001,Smart Campus,B002,Building B,BLK-B1,Block B1,SP-005,Meeting Room B,Meeting Room,2026-01-01 11:00:00,25,19,6,76.0,HIGH,0
F001,Smart Campus,B002,Building B,BLK-B2,Block B2,SP-006,Cafeteria B,Cafeteria,2026-01-01 11:00:00,180,8,172,4.44,UNDERUSED,0
F001,Smart Campus,B003,Building C,BLK-C1,Block C1,SP-007,Open Workspace C1,Workspace,2026-01-01 11:00:00,100,76,24,76.0,HIGH,0
F001,Smart Campus,B003,Building C,BLK-C1,Block C1,SP-008,Server Operations Room,Restricted Area,2026-01-01 11:00:00,20,2,18,10.0,UNDERUSED,0
F001,Smart Campus,B001,Building A,BLK-A1,Block A1,SP-001,Open Workspace A1,Workspace,2026-01-01 12:00:00,120,55,65,45.83,OPTIMAL,0
F001,Smart Campus,B001,Building A,BLK-A1,Block A1,SP-002,Conference Room A,Meeting Room,2026-01-01 12:00:00,30,17,13,56.67,OPTIMAL,0
F001,Smart Campus,B001,Building A,BLK-A2,Block A2,SP-003,Training Hall A,Training Room,2026-01-01 12:00:00,80,64,16,80.0,HIGH,0
F001,Smart Campus,B002,Building B,BLK-B1,Block B1,SP-004,Open Workspace B1,Workspace,2026-01-01 12:00:00,150,89,61,59.33,OPTIMAL,0
F001,Smart Campus,B002,Building B,BLK-B1,Block B1,SP-005,Meeting Room B,Meeting Room,2026-01-01 12:00:00,25,19,6,76.0,HIGH,0
F001,Smart Campus,B002,Building B,BLK-B2,Block B2,SP-006,Cafeteria B,Cafeteria,2026-01-01 12:00:00,180,148,32,82.22,HIGH,0
F001,Smart Campus,B003,Building C,BLK-C1,Block C1,SP-007,Open Workspace C1,Workspace,2026-01-01 12:00:00,100,45,55,45.0,OPTIMAL,0
F001,Smart Campus,B003,Building C,BLK-C1,Block C1,SP-008,Server Operations Room,Restricted Area,2026-01-01 12:00:00,20,3,17,15.0,LOW,0
F001,Smart Campus,B001,Building A,BLK-A1,Block A1,SP-001,Open Workspace A1,Workspace,2026-01-01 13:00:00,120,50,70,41.67,OPTIMAL,0
F001,Smart Campus,B001,Building A,BLK-A1,Block A1,SP-002,Conference Room A,Meeting Room,2026-01-01 13:00:00,30,15,15,50.0,OPTIMAL,0
F001,Smart Campus,B001,Building A,BLK-A2,Block A2,SP-003,Training Hall A,Training Room,2026-01-01 13:00:00,80,62,18,77.5,HIGH,0
F001,Smart Campus,B002,Building B,BLK-B1,Block B1,SP-004,Open Workspace B1,Workspace,2026-01-01 13:00:00,150,73,77,48.67,OPTIMAL,0
F001,Smart Campus,B002,Building B,BLK-B1,Block B1,SP-005,Meeting Room B,Meeting Room,2026-01-01 13:00:00,25,8,17,32.0,LOW,0
F001,Smart Campus,B002,Building B,BLK-B2,Block B2,SP-006,Cafeteria B,Cafeteria,2026-01-01 13:00:00,180,170,10,94.44,HIGH,0
F001,Smart Campus,B003,Building C,BLK-C1,Block C1,SP-007,Open Workspace C1,Workspace,2026-01-01 13:00:00,100,49,51,49.0,OPTIMAL,0
F001,Smart Campus,B003,Building C,BLK-C1,Block C1,SP-008,Server Operations Room,Restricted Area,2026-01-01 13:00:00,20,1,19,5.0,UNDERUSED,0
F001,Smart Campus,B001,Building A,BLK-A1,Block A1,SP-001,Open Workspace A1,Workspace,2026-01-01 14:00:00,120,89,31,74.17,OPTIMAL,0
F001,Smart Campus,B001,Building A,BLK-A1,Block A1,SP-002,Conference Room A,Meeting Room,2026-01-01 14:00:00,30,9,21,30.0,LOW,0
F001,Smart Campus,B001,Building A,BLK-A2,Block A2,SP-003,Training Hall A,Training Room,2026-01-01 14:00:00,80,20,60,25.0,LOW,0
F001,Smart Campus,B002,Building B,BLK-B1,Block B1,SP-004,Open Workspace B1,Workspace,2026-01-01 14:00:00,150,115,35,76.67,HIGH,0
F001,Smart Campus,B002,Building B,BLK-B1,Block B1,SP-005,Meeting Room B,Meeting Room,2026-01-01 14:00:00,25,9,16,36.0,LOW,0
F001,Smart Campus,B002,Building B,BLK-B2,Block B2,SP-006,Cafeteria B,Cafeteria,2026-01-01 14:00:00,180,166,14,92.22,HIGH,0
F001,Smart Campus,B003,Building C,BLK-C1,Block C1,SP-007,Open Workspace C1,Workspace,2026-01-01 14:00:00,100,77,23,77.0,HIGH,0
F001,Smart Campus,B003,Building C,BLK-C1,Block C1,SP-008,Server Operations Room,Restricted Area,2026-01-01 14:00:00,20,4,16,20.0,LOW,0
F001,Smart Campus,B001,Building A,BLK-A1,Block A1,SP-001,Open Workspace A1,Workspace,2026-01-01 15:00:00,120,90,30,75.0,HIGH,0
F001,Smart Campus,B001,Building A,BLK-A1,Block A1,SP-002,Conference Room A,Meeting Room,2026-01-01 15:00:00,30,10,20,33.33,LOW,0
F001,Smart Campus,B001,Building A,BLK-A2,Block A2,SP-003,Training Hall A,Training Room,2026-01-01 15:00:00,80,27,53,33.75,LOW,0
F001,Smart Campus,B002,Building B,BLK-B1,Block B1,SP-004,Open Workspace B1,Workspace,2026-01-01 15:00:00,150,118,32,78.67,HIGH,0
F001,Smart Campus,B002,Building B,BLK-B1,Block B1,SP-005,Meeting Room B,Meeting Room,2026-01-01 15:00:00,25,10,15,40.0,OPTIMAL,0
F001,Smart Campus,B002,Building B,BLK-B2,Block B2,SP-006,Cafeteria B,Cafeteria,2026-01-01 15:00:00,180,5,175,2.78,UNDERUSED,0
F001,Smart Campus,B003,Building C,BLK-C1,Block C1,SP-007,Open Workspace C1,Workspace,2026-01-01 15:00:00,100,88,12,88.0,HIGH,0
F001,Smart Campus,B003,Building C,BLK-C1,Block C1,SP-008,Server Operations Room,Restricted Area,2026-01-01 15:00:00,20,1,19,5.0,UNDERUSED,0
F001,Smart Campus,B001,Building A,BLK-A1,Block A1,SP-001,Open Workspace A1,Workspace,2026-01-01 16:00:00,120,81,39,67.5,OPTIMAL,0
F001,Smart Campus,B001,Building A,BLK-A1,Block A1,SP-002,Conference Room A,Meeting Room,2026-01-01 16:00:00,30,23,7,76.67,HIGH,0
F001,Smart Campus,B001,Building A,BLK-A2,Block A2,SP-003,Training Hall A,Training Room,2026-01-01 16:00:00,80,34,46,42.5,OPTIMAL,0
F001,Smart Campus,B002,Building B,BLK-B1,Block B1,SP-004,Open Workspace B1,Workspace,2026-01-01 16:00:00,150,125,25,83.33,HIGH,0
F001,Smart Campus,B002,Building B,BLK-B1,Block B1,SP-005,Meeting Room B,Meeting Room,2026-01-01 16:00:00,25,15,10,60.0,OPTIMAL,0
F001,Smart Campus,B002,Building B,BLK-B2,Block B2,SP-006,Cafeteria B,Cafeteria,2026-01-01 16:00:00,180,210,0,116.67,OVERCROWDED,1
F001,Smart Campus,B003,Building C,BLK-C1,Block C1,SP-007,Open Workspace C1,Workspace,2026-01-01 16:00:00,100,68,32,68.0,OPTIMAL,0
F001,Smart Campus,B003,Building C,BLK-C1,Block C1,SP-008,Server Operations Room,Restricted Area,2026-01-01 16:00:00,20,7,13,35.0,LOW,0
F001,Smart Campus,B001,Building A,BLK-A1,Block A1,SP-001,Open Workspace A1,Workspace,2026-01-01 17:00:00,120,76,44,63.33,OPTIMAL,0
F001,Smart Campus,B001,Building A,BLK-A1,Block A1,SP-002,Conference Room A,Meeting Room,2026-01-01 17:00:00,30,17,13,56.67,OPTIMAL,0
F001,Smart Campus,B001,Building A,BLK-A2,Block A2,SP-003,Training Hall A,Training Room,2026-01-01 17:00:00,80,4,76,5.0,UNDERUSED,0
F001,Smart Campus,B002,Building B,BLK-B1,Block B1,SP-004,Open Workspace B1,Workspace,2026-01-01 17:00:00,150,99,51,66.0,OPTIMAL,0
F001,Smart Campus,B002,Building B,BLK-B1,Block B1,SP-005,Meeting Room B,Meeting Room,2026-01-01 17:00:00,25,9,16,36.0,LOW,0
F001,Smart Campus,B002,Building B,BLK-B2,Block B2,SP-006,Cafeteria B,Cafeteria,2026-01-01 17:00:00,180,86,94,47.78,OPTIMAL,0
F001,Smart Campus,B003,Building C,BLK-C1,Block C1,SP-007,Open Workspace C1,Workspace,2026-01-01 17:00:00,100,63,37,63.0,OPTIMAL,0
F001,Smart Campus,B003,Building C,BLK-C1,Block C1,SP-008,Server Operations Room,Restricted Area,2026-01-01 17:00:00,20,23,0,115.0,OVERCROWDED,1
F001,Smart Campus,B001,Building A,BLK-A1,Block A1,SP-001,Open Workspace A1,Workspace,2026-01-01 18:00:00,120,37,83,30.83,LOW,0
F001,Smart Campus,B001,Building A,BLK-A1,Block A1,SP-002,Conference Room A,Meeting Room,2026-01-01 18:00:00,30,2,28,6.67,UNDERUSED,0
F001,Smart Campus,B001,Building A,BLK-A2,Block A2,SP-003,Training Hall A,Training Room,2026-01-01 18:00:00,80,82,0,102.5,OVERCROWDED,1
F001,Smart Campus,B002,Building B,BLK-B1,Block B1,SP-004,Open Workspace B1,Workspace,2026-01-01 18:00:00,150,56,94,37.33,LOW,0
F001,Smart Campus,B002,Building B,BLK-B1,Block B1,SP-005,Meeting Room B,Meeting Room,2026-01-01 18:00:00,25,1,24,4.0,UNDERUSED,0
F001,Smart Campus,B002,Building B,BLK-B2,Block B2,SP-006,Cafeteria B,Cafeteria,2026-01-01 18:00:00,180,17,163,9.44,UNDERUSED,0
F001,Smart Campus,B003,Building C,BLK-C1,Block C1,SP-007,Open Workspace C1,Workspace,2026-01-01 18:00:00,100,18,82,18.0,LOW,0
F001,Smart Campus,B003,Building C,BLK-C1,Block C1,SP-008,Server Operations Room,Restricted Area,2026-01-01 18:00:00,20,6,14,30.0,LOW,0
F001,Smart Campus,B001,Building A,BLK-A1,Block A1,SP-001,Open Workspace A1,Workspace,2026-01-01 19:00:00,120,44,76,36.67,LOW,0
F001,Smart Campus,B001,Building A,BLK-A1,Block A1,SP-002,Conference Room A,Meeting Room,2026-01-01 19:00:00,30,1,29,3.33,UNDERUSED,0
F001,Smart Campus,B001,Building A,BLK-A2,Block A2,SP-003,Training Hall A,Training Room,2026-01-01 19:00:00,80,1,79,1.25,UNDERUSED,0
F001,Smart Campus,B002,Building B,BLK-B1,Block B1,SP-004,Open Workspace B1,Workspace,2026-01-01 19:00:00,150,56,94,37.33,LOW,0
F001,Smart Campus,B002,Building B,BLK-B1,Block B1,SP-005,Meeting Room B,Meeting Room,2026-01-01 19:00:00,25,2,23,8.0,UNDERUSED,0
F001,Smart Campus,B002,Building B,BLK-B2,Block B2,SP-006,Cafeteria B,Cafeteria,2026-01-01 19:00:00,180,25,155,13.89,UNDERUSED,0
F001,Smart Campus,B003,Building C,BLK-C1,Block C1,SP-007,Open Workspace C1,Workspace,2026-01-01 19:00:00,100,39,61,39.0,LOW,0
F001,Smart Campus,B003,Building C,BLK-C1,Block C1,SP-008,Server Operations Room,Restricted Area,2026-01-01 19:00:00,20,6,14,30.0,LOW,0
F001,Smart Campus,B001,Building A,BLK-A1,Block A1,SP-001,Open Workspace A1,Workspace,2026-01-01 20:00:00,120,40,80,33.33,LOW,0
F001,Smart Campus,B001,Building A,BLK-A1,Block A1,SP-002,Conference Room A,Meeting Room,2026-01-01 20:00:00,30,3,27,10.0,UNDERUSED,0
F001,Smart Campus,B001,Building A,BLK-A2,Block A2,SP-003,Training Hall A,Training Room,2026-01-01 20:00:00,80,6,74,7.5,UNDERUSED,0
F001,Smart Campus,B002,Building B,BLK-B1,Block B1,SP-004,Open Workspace B1,Workspace,2026-01-01 20:00:00,150,33,117,22.0,LOW,0
F001,Smart Campus,B002,Building B,BLK-B1,Block B1,SP-005,Meeting Room B,Meeting Room,2026-01-01 20:00:00,25,0,25,0.0,UNDERUSED,0
F001,Smart Campus,B002,Building B,BLK-B2,Block B2,SP-006,Cafeteria B,Cafeteria,2026-01-01 20:00:00,180,24,156,13.33,UNDERUSED,0
F001,Smart Campus,B003,Building C,BLK-C1,Block C1,SP-007,Open Workspace C1,Workspace,2026-01-01 20:00:00,100,35,65,35.0,LOW,0
F001,Smart Campus,B003,Building C,BLK-C1,Block C1,SP-008,Server Operations Room,Restricted Area,2026-01-01 20:00:00,20,3,17,15.0,LOW,0
F001,Smart Campus,B001,Building A,BLK-A1,Block A1,SP-001,Open Workspace A1,Workspace,2026-01-01 21:00:00,120,4,116,3.33,UNDERUSED,0
F001,Smart Campus,B001,Building A,BLK-A1,Block A1,SP-002,Conference Room A,Meeting Room,2026-01-01 21:00:00,30,1,29,3.33,UNDERUSED,0
F001,Smart Campus,B001,Building A,BLK-A2,Block A2,SP-003,Training Hall A,Training Room,2026-01-01 21:00:00,80,6,74,7.5,UNDERUSED,0
F001,Smart Campus,B002,Building B,BLK-B1,Block B1,SP-004,Open Workspace B1,Workspace,2026-01-01 21:00:00,150,5,145,3.33,UNDERUSED,0
F001,Smart Campus,B002,Building B,BLK-B1,Block B1,SP-005,Meeting Room B,Meeting Room,2026-01-01 21:00:00,25,1,24,4.0,UNDERUSED,0
F001,Smart Campus,B002,Building B,BLK-B2,Block B2,SP-006,Cafeteria B,Cafeteria,2026-01-01 21:00:00,180,16,164,8.89,UNDERUSED,0
F001,Smart Campus,B003,Building C,BLK-C1,Block C1,SP-007,Open Workspace C1,Workspace,2026-01-01 21:00:00,100,2,98,2.0,UNDERUSED,0
F001,Smart Campus,B003,Building C,BLK-C1,Block C1,SP-008,Server Operations Room,Restricted Area,2026-01-01 21:00:00,20,2,18,10.0,UNDERUSED,0
F001,Smart Campus,B001,Building A,BLK-A1,Block A1,SP-001,Open Workspace A1,Workspace,2026-01-01 22:00:00,120,4,116,3.33,UNDERUSED,0
F001,Smart Campus,B001,Building A,BLK-A1,Block A1,SP-002,Conference Room A,Meeting Room,2026-01-01 22:00:00,30,1,29,3.33,UNDERUSED,0
F001,Smart Campus,B001,Building A,BLK-A2,Block A2,SP-003,Training Hall A,Training Room,2026-01-01 22:00:00,80,2,78,2.5,UNDERUSED,0
F001,Smart Campus,B002,Building B,BLK-B1,Block B1,SP-004,Open Workspace B1,Workspace,2026-01-01 22:00:00,150,8,142,5.33,UNDERUSED,0
F001,Smart Campus,B002,Building B,BLK-B1,Block B1,SP-005,Meeting Room B,Meeting Room,2026-01-01 22:00:00,25,1,24,4.0,UNDERUSED,0
F001,Smart Campus,B002,Building B,BLK-B2,Block B2,SP-006,Cafeteria B,Cafeteria,2026-01-01 22:00:00,180,213,0,118.33,OVERCROWDED,1
F001,Smart Campus,B003,Building C,BLK-C1,Block C1,SP-007,Open Workspace C1,Workspace,2026-01-01 22:00:00,100,6,94,6.0,UNDERUSED,0
F001,Smart Campus,B003,Building C,BLK-C1,Block C1,SP-008,Server Operations Room,Restricted Area,2026-01-01 22:00:00,20,5,15,25.0,LOW,0
F001,Smart Campus,B001,Building A,BLK-A1,Block A1,SP-001,Open Workspace A1,Workspace,2026-01-01 23:00:00,120,5,115,4.17,UNDERUSED,0
F001,Smart Campus,B001,Building A,BLK-A1,Block A1,SP-002,Conference Room A,Meeting Room,2026-01-01 23:00:00,30,2,28,6.67,UNDERUSED,0
F001,Smart Campus,B001,Building A,BLK-A2,Block A2,SP-003,Training Hall A,Training Room,2026-01-01 23:00:00,80,2,78,2.5,UNDERUSED,0
F001,Smart Campus,B002,Building B,BLK-B1,Block B1,SP-004,Open Workspace B1,Workspace,2026-01-01 23:00:00,150,11,139,7.33,UNDERUSED,0
F001,Smart Campus,B002,Building B,BLK-B1,Block B1,SP-005,Meeting Room B,Meeting Room,2026-01-01 23:00:00,25,1,24,4.0,UNDERUSED,0
F001,Smart Campus,B002,Building B,BLK-B2,Block B2,SP-006,Cafeteria B,Cafeteria,2026-01-01 23:00:00,180,13,167,7.22,UNDERUSED,0
F001,Smart Campus,B003,Building C,BLK-C1,Block C1,SP-007,Open Workspace C1,Workspace,2026-01-01 23:00:00,100,2,98,2.0,UNDERUSED,0
F001,Smart Campus,B003,Building C,BLK-C1,Block C1,SP-008,Server Operations Room,Restricted Area,2026-01-01 23:00:00,20,7,13,35.0,LOW,0
F001,Smart Campus,B001,Building A,BLK-A1,Block A1,SP-001,Open Workspace A1,Workspace,2026-01-02 00:00:00,120,11,109,9.17,UNDERUSED,0
F001,Smart Campus,B001,Building A,BLK-A1,Block A1,SP-002,Conference Room A,Meeting Room,2026-01-02 00:00:00,30,1,29,3.33,UNDERUSED,0
F001,Smart Campus,B001,Building A,BLK-A2,Block A2,SP-003,Training Hall A,Training Room,2026-01-02 00:00:00,80,0,80,0.0,UNDERUSED,0
F001,Smart Campus,B002,Building B,BLK-B1,Block B1,SP-004,Open Workspace B1,Workspace,2026-01-02 00:00:00,150,7,143,4.67,UNDERUSED,0
F001,Smart Campus,B002,Building B,BLK-B1,Block B1,SP-005,Meeting Room B,Meeting Room,2026-01-02 00:00:00,25,2,23,8.0,UNDERUSED,0
F001,Smart Campus,B002,Building B,BLK-B2,Block B2,SP-006,Cafeteria B,Cafeteria,2026-01-02 00:00:00,180,14,166,7.78,UNDERUSED,0
F001,Smart Campus,B003,Building C,BLK-C1,Block C1,SP-007,Open Workspace C1,Workspace,2026-01-02 00:00:00,100,5,95,5.0,UNDERUSED,0
F001,Smart Campus,B003,Building C,BLK-C1,Block C1,SP-008,Server Operations Room,Restricted Area,2026-01-02 00:00:00,20,6,14,30.0,LOW,0
F001,Smart Campus,B001,Building A,BLK-A1,Block A1,SP-001,Open Workspace A1,Workspace,2026-01-02 01:00:00,120,2,118,1.67,UNDERUSED,0
F001,Smart Campus,B001,Building A,BLK-A1,Block A1,SP-002,Conference Room A,Meeting Room,2026-01-02 01:00:00,30,2,28,6.67,UNDERUSED,0
F001,Smart Campus,B001,Building A,BLK-A2,Block A2,SP-003,Training Hall A,Training Room,2026-01-02 01:00:00,80,5,75,6.25,UNDERUSED,0
F001,Smart Campus,B002,Building B,BLK-B1,Block B1,SP-004,Open Workspace B1,Workspace,2026-01-02 01:00:00,150,11,139,7.33,UNDERUSED,0
F001,Smart Campus,B002,Building B,BLK-B1,Block B1,SP-005,Meeting Room B,Meeting Room,2026-01-02 01:00:00,25,0,25,0.0,UNDERUSED,0
F001,Smart Campus,B002,Building B,BLK-B2,Block B2,SP-006,Cafeteria B,Cafeteria,2026-01-02 01:00:00,180,9,171,5.0,UNDERUSED,0
F001,Smart Campus,B003,Building C,BLK-C1,Block C1,SP-007,Open Workspace C1,Workspace,2026-01-02 01:00:00,100,9,91,9.0,UNDERUSED,0
F001,Smart Campus,B003,Building C,BLK-C1,Block C1,SP-008,Server Operations Room,Restricted Area,2026-01-02 01:00:00,20,3,17,15.0,LOW,0
F001,Smart Campus,B001,Building A,BLK-A1,Block A1,SP-001,Open Workspace A1,Workspace,2026-01-02 02:00:00,120,3,117,2.5,UNDERUSED,0
F001,Smart Campus,B001,Building A,BLK-A1,Block A1,SP-002,Conference Room A,Meeting Room,2026-01-02 02:00:00,30,1,29,3.33,UNDERUSED,0
F001,Smart Campus,B001,Building A,BLK-A2,Block A2,SP-003,Training Hall A,Training Room,2026-01-02 02:00:00,80,92,0,115.0,OVERCROWDED,1
F001,Smart Campus,B002,Building B,BLK-B1,Block B1,SP-004,Open Workspace B1,Workspace,2026-01-02 02:00:00,150,12,138,8.0,UNDERUSED,0
F001,Smart Campus,B002,Building B,BLK-B1,Block B1,SP-005,Meeting Room B,Meeting Room,2026-01-02 02:00:00,25,1,24,4.0,UNDERUSED,0
F001,Smart Campus,B002,Building B,BLK-B2,Block B2,SP-006,Cafeteria B,Cafeteria,2026-01-02 02:00:00,180,26,154,14.44,UNDERUSED,0
F001,Smart Campus,B003,Building C,BLK-C1,Block C1,SP-007,Open Workspace C1,Workspace,2026-01-02 02:00:00,100,1,99,1.0,UNDERUSED,0
F001,Smart Campus,B003,Building C,BLK-C1,Block C1,SP-008,Server Operations Room,Restricted Area,2026-01-02 02:00:00,20,6,14,30.0,LOW,0
F001,Smart Campus,B001,Building A,BLK-A1,Block A1,SP-001,Open Workspace A1,Workspace,2026-01-02 03:00:00,120,10,110,8.33,UNDERUSED,0
F001,Smart Campus,B001,Building A,BLK-A1,Block A1,SP-002,Conference Room A,Meeting Room,2026-01-02 03:00:00,30,3,27,10.0,UNDERUSED,0
F001,Smart Campus,B001,Building A,BLK-A2,Block A2,SP-003,Training Hall A,Training Room,2026-01-02 03:00:00,80,6,74,7.5,UNDERUSED,0
F001,Smart Campus,B002,Building B,BLK-B1,Block B1,SP-004,Open Workspace B1,Workspace,2026-01-02 03:00:00,150,10,140,6.67,UNDERUSED,0
F001,Smart Campus,B002,Building B,BLK-B1,Block B1,SP-005,Meeting Room B,Meeting Room,2026-01-02 03:00:00,25,1,24,4.0,UNDERUSED,0
F001,Smart Campus,B002,Building B,BLK-B2,Block B2,SP-006,Cafeteria B,Cafeteria,2026-01-02 03:00:00,180,16,164,8.89,UNDERUSED,0
F001,Smart Campus,B003,Building C,BLK-C1,Block C1,SP-007,Open Workspace C1,Workspace,2026-01-02 03:00:00,100,8,92,8.0,UNDERUSED,0
F001,Smart Campus,B003,Building C,BLK-C1,Block C1,SP-008,Server Operations Room,Restricted Area,2026-01-02 03:00:00,20,3,17,15.0,LOW,0
F001,Smart Campus,B001,Building A,BLK-A1,Block A1,SP-001,Open Workspace A1,Workspace,2026-01-02 04:00:00,120,8,112,6.67,UNDERUSED,0
F001,Smart Campus,B001,Building A,BLK-A1,Block A1,SP-002,Conference Room A,Meeting Room,2026-01-02 04:00:00,30,2,28,6.67,UNDERUSED,0
F001,Smart Campus,B001,Building A,BLK-A2,Block A2,SP-003,Training Hall A,Training Room,2026-01-02 04:00:00,80,2,78,2.5,UNDERUSED,0
F001,Smart Campus,B002,Building B,BLK-B1,Block B1,SP-004,Open Workspace B1,Workspace,2026-01-02 04:00:00,150,5,145,3.33,UNDERUSED,0
F001,Smart Campus,B002,Building B,BLK-B1,Block B1,SP-005,Meeting Room B,Meeting Room,2026-01-02 04:00:00,25,1,24,4.0,UNDERUSED,0
F001,Smart Campus,B002,Building B,BLK-B2,Block B2,SP-006,Cafeteria B,Cafeteria,2026-01-02 04:00:00,180,7,173,3.89,UNDERUSED,0
F001,Smart Campus,B003,Building C,BLK-C1,Block C1,SP-007,Open Workspace C1,Workspace,2026-01-02 04:00:00,100,7,93,7.0,UNDERUSED,0
F001,Smart Campus,B003,Building C,BLK-C1,Block C1,SP-008,Server Operations Room,Restricted Area,2026-01-02 04:00:00,20,1,19,5.0,UNDERUSED,0
F001,Smart Campus,B001,Building A,BLK-A1,Block A1,SP-001,Open Workspace A1,Workspace,2026-01-02 05:00:00,120,7,113,5.83,UNDERUSED,0
F001,Smart Campus,B001,Building A,BLK-A1,Block A1,SP-002,Conference Room A,Meeting Room,2026-01-02 05:00:00,30,1,29,3.33,UNDERUSED,0
F001,Smart Campus,B001,Building A,BLK-A2,Block A2,SP-003,Training Hall A,Training Room,2026-01-02 05:00:00,80,6,74,7.5,UNDERUSED,0
F001,Smart Campus,B002,Building B,BLK-B1,Block B1,SP-004,Open Workspace B1,Workspace,2026-01-02 05:00:00,150,11,139,7.33,UNDERUSED,0
F001,Smart Campus,B002,Building B,BLK-B1,Block B1,SP-005,Meeting Room B,Meeting Room,2026-01-02 05:00:00,25,2,23,8.0,UNDERUSED,0
F001,Smart Campus,B002,Building B,BLK-B2,Block B2,SP-006,Cafeteria B,Cafeteria,2026-01-02 05:00:00,180,4,176,2.22,UNDERUSED,0
F001,Smart Campus,B003,Building C,BLK-C1,Block C1,SP-007,Open Workspace C1,Workspace,2026-01-02 05:00:00,100,8,92,8.0,UNDERUSED,0
F001,Smart Campus,B003,Building C,BLK-C1,Block C1,SP-008,Server Operations Room,Restricted Area,2026-01-02 05:00:00,20,7,13,35.0,LOW,0
F001,Smart Campus,B001,Building A,BLK-A1,Block A1,SP-001,Open Workspace A1,Workspace,2026-01-02 06:00:00,120,9,111,7.5,UNDERUSED,0
F001,Smart Campus,B001,Building A,BLK-A1,Block A1,SP-002,Conference Room A,Meeting Room,2026-01-02 06:00:00,30,2,28,6.67,UNDERUSED,0
F001,Smart Campus,B001,Building A,BLK-A2,Block A2,SP-003,Training Hall A,Training Room,2026-01-02 06:00:00,80,1,79,1.25,UNDERUSED,0
F001,Smart Campus,B002,Building B,BLK-B1,Block B1,SP-004,Open Workspace B1,Workspace,2026-01-02 06:00:00,150,2,148,1.33,UNDERUSED,0
F001,Smart Campus,B002,Building B,BLK-B1,Block B1,SP-005,Meeting Room B,Meeting Room,2026-01-02 06:00:00,25,2,23,8.0,UNDERUSED,0
F001,Smart Campus,B002,Building B,BLK-B2,Block B2,SP-006,Cafeteria B,Cafeteria,2026-01-02 06:00:00,180,7,173,3.89,UNDERUSED,0
F001,Smart Campus,B003,Building C,BLK-C1,Block C1,SP-007,Open Workspace C1,Workspace,2026-01-02 06:00:00,100,2,98,2.0,UNDERUSED,0
F001,Smart Campus,B003,Building C,BLK-C1,Block C1,SP-008,Server Operations Room,Restricted Area,2026-01-02 06:00:00,20,1,19,5.0,UNDERUSED,0
F001,Smart Campus,B001,Building A,BLK-A1,Block A1,SP-001,Open Workspace A1,Workspace,2026-01-02 07:00:00,120,7,113,5.83,UNDERUSED,0
F001,Smart Campus,B001,Building A,BLK-A1,Block A1,SP-002,Conference Room A,Meeting Room,2026-01-02 07:00:00,30,2,28,6.67,UNDERUSED,0
F001,Smart Campus,B001,Building A,BLK-A2,Block A2,SP-003,Training Hall A,Training Room,2026-01-02 07:00:00,80,3,77,3.75,UNDERUSED,0
F001,Smart Campus,B002,Building B,BLK-B1,Block B1,SP-004,Open Workspace B1,Workspace,2026-01-02 07:00:00,150,7,143,4.67,UNDERUSED,0
F001,Smart Campus,B002,Building B,BLK-B1,Block B1,SP-005,Meeting Room B,Meeting Room,2026-01-02 07:00:00,25,1,24,4.0,UNDERUSED,0
F001,Smart Campus,B002,Building B,BLK-B2,Block B2,SP-006,Cafeteria B,Cafeteria,2026-01-02 07:00:00,180,12,168,6.67,UNDERUSED,0
F001,Smart Campus,B003,Building C,BLK-C1,Block C1,SP-007,Open Workspace C1,Workspace,2026-01-02 07:00:00,100,8,92,8.0,UNDERUSED,0
F001,Smart Campus,B003,Building C,BLK-C1,Block C1,SP-008,Server Operations Room,Restricted Area,2026-01-02 07:00:00,20,1,19,5.0,UNDERUSED,0
F001,Smart Campus,B001,Building A,BLK-A1,Block A1,SP-001,Open Workspace A1,Workspace,2026-01-02 08:00:00,120,7,113,5.83,UNDERUSED,0
F001,Smart Campus,B001,Building A,BLK-A1,Block A1,SP-002,Conference Room A,Meeting Room,2026-01-02 08:00:00,30,1,29,3.33,UNDERUSED,0
F001,Smart Campus,B001,Building A,BLK-A2,Block A2,SP-003,Training Hall A,Training Room,2026-01-02 08:00:00,80,5,75,6.25,UNDERUSED,0
F001,Smart Campus,B002,Building B,BLK-B1,Block B1,SP-004,Open Workspace B1,Workspace,2026-01-02 08:00:00,150,12,138,8.0,UNDERUSED,0
F001,Smart Campus,B002,Building B,BLK-B1,Block B1,SP-005,Meeting Room B,Meeting Room,2026-01-02 08:00:00,25,0,25,0.0,UNDERUSED,0
F001,Smart Campus,B002,Building B,BLK-B2,Block B2,SP-006,Cafeteria B,Cafeteria,2026-01-02 08:00:00,180,52,128,28.89,LOW,0
F001,Smart Campus,B003,Building C,BLK-C1,Block C1,SP-007,Open Workspace C1,Workspace,2026-01-02 08:00:00,100,7,93,7.0,UNDERUSED,0
F001,Smart Campus,B003,Building C,BLK-C1,Block C1,SP-008,Server Operations Room,Restricted Area,2026-01-02 08:00:00,20,2,18,10.0,UNDERUSED,0
F001,Smart Campus,B001,Building A,BLK-A1,Block A1,SP-001,Open Workspace A1,Workspace,2026-01-02 09:00:00,120,101,19,84.17,HIGH,0
F001,Smart Campus,B001,Building A,BLK-A1,Block A1,SP-002,Conference Room A,Meeting Room,2026-01-02 09:00:00,30,18,12,60.0,OPTIMAL,0
F001,Smart Campus,B001,Building A,BLK-A2,Block A2,SP-003,Training Hall A,Training Room,2026-01-02 09:00:00,80,21,59,26.25,LOW,0
F001,Smart Campus,B002,Building B,BLK-B1,Block B1,SP-004,Open Workspace B1,Workspace,2026-01-02 09:00:00,150,134,16,89.33,HIGH,0
F001,Smart Campus,B002,Building B,BLK-B1,Block B1,SP-005,Meeting Room B,Meeting Room,2026-01-02 09:00:00,25,5,20,20.0,LOW,0
F001,Smart Campus,B002,Building B,BLK-B2,Block B2,SP-006,Cafeteria B,Cafeteria,2026-01-02 09:00:00,180,75,105,41.67,OPTIMAL,0
F001,Smart Campus,B003,Building C,BLK-C1,Block C1,SP-007,Open Workspace C1,Workspace,2026-01-02 09:00:00,100,75,25,75.0,HIGH,0
F001,Smart Campus,B003,Building C,BLK-C1,Block C1,SP-008,Server Operations Room,Restricted Area,2026-01-02 09:00:00,20,1,19,5.0,UNDERUSED,0
F001,Smart Campus,B001,Building A,BLK-A1,Block A1,SP-001,Open Workspace A1,Workspace,2026-01-02 10:00:00,120,97,23,80.83,HIGH,0
F001,Smart Campus,B001,Building A,BLK-A1,Block A1,SP-002,Conference Room A,Meeting Room,2026-01-02 10:00:00,30,21,9,70.0,OPTIMAL,0
F001,Smart Campus,B001,Building A,BLK-A2,Block A2,SP-003,Training Hall A,Training Room,2026-01-02 10:00:00,80,45,35,56.25,OPTIMAL,0
F001,Smart Campus,B002,Building B,BLK-B1,Block B1,SP-004,Open Workspace B1,Workspace,2026-01-02 10:00:00,150,134,16,89.33,HIGH,0
F001,Smart Campus,B002,Building B,BLK-B1,Block B1,SP-005,Meeting Room B,Meeting Room,2026-01-02 10:00:00,25,11,14,44.0,OPTIMAL,0
F001,Smart Campus,B002,Building B,BLK-B2,Block B2,SP-006,Cafeteria B,Cafeteria,2026-01-02 10:00:00,180,12,168,6.67,UNDERUSED,0
F001,Smart Campus,B003,Building C,BLK-C1,Block C1,SP-007,Open Workspace C1,Workspace,2026-01-02 10:00:00,100,74,26,74.0,OPTIMAL,0
F001,Smart Campus,B003,Building C,BLK-C1,Block C1,SP-008,Server Operations Room,Restricted Area,2026-01-02 10:00:00,20,6,14,30.0,LOW,0
F001,Smart Campus,B001,Building A,BLK-A1,Block A1,SP-001,Open Workspace A1,Workspace,2026-01-02 11:00:00,120,107,13,89.17,HIGH,0
F001,Smart Campus,B001,Building A,BLK-A1,Block A1,SP-002,Conference Room A,Meeting Room,2026-01-02 11:00:00,30,22,8,73.33,OPTIMAL,0
F001,Smart Campus,B001,Building A,BLK-A2,Block A2,SP-003,Training Hall A,Training Room,2026-01-02 11:00:00,80,37,43,46.25,OPTIMAL,0
F001,Smart Campus,B002,Building B,BLK-B1,Block B1,SP-004,Open Workspace B1,Workspace,2026-01-02 11:00:00,150,134,16,89.33,HIGH,0
F001,Smart Campus,B002,Building B,BLK-B1,Block B1,SP-005,Meeting Room B,Meeting Room,2026-01-02 11:00:00,25,18,7,72.0,OPTIMAL,0
F001,Smart Campus,B002,Building B,BLK-B2,Block B2,SP-006,Cafeteria B,Cafeteria,2026-01-02 11:00:00,180,15,165,8.33,UNDERUSED,0
F001,Smart Campus,B003,Building C,BLK-C1,Block C1,SP-007,Open Workspace C1,Workspace,2026-01-02 11:00:00,100,83,17,83.0,HIGH,0
F001,Smart Campus,B003,Building C,BLK-C1,Block C1,SP-008,Server Operations Room,Restricted Area,2026-01-02 11:00:00,20,6,14,30.0,LOW,0
F001,Smart Campus,B001,Building A,BLK-A1,Block A1,SP-001,Open Workspace A1,Workspace,2026-01-02 12:00:00,120,45,75,37.5,LOW,0
F001,Smart Campus,B001,Building A,BLK-A1,Block A1,SP-002,Conference Room A,Meeting Room,2026-01-02 12:00:00,30,11,19,36.67,LOW,0
F001,Smart Campus,B001,Building A,BLK-A2,Block A2,SP-003,Training Hall A,Training Room,2026-01-02 12:00:00,80,45,35,56.25,OPTIMAL,0
F001,Smart Campus,B002,Building B,BLK-B1,Block B1,SP-004,Open Workspace B1,Workspace,2026-01-02 12:00:00,150,54,96,36.0,LOW,0
F001,Smart Campus,B002,Building B,BLK-B1,Block B1,SP-005,Meeting Room B,Meeting Room,2026-01-02 12:00:00,25,8,17,32.0,LOW,0
F001,Smart Campus,B002,Building B,BLK-B2,Block B2,SP-006,Cafeteria B,Cafeteria,2026-01-02 12:00:00,180,162,18,90.0,HIGH,0
F001,Smart Campus,B003,Building C,BLK-C1,Block C1,SP-007,Open Workspace C1,Workspace,2026-01-02 12:00:00,100,57,43,57.0,OPTIMAL,0
F001,Smart Campus,B003,Building C,BLK-C1,Block C1,SP-008,Server Operations Room,Restricted Area,2026-01-02 12:00:00,20,23,0,115.0,OVERCROWDED,1
F001,Smart Campus,B001,Building A,BLK-A1,Block A1,SP-001,Open Workspace A1,Workspace,2026-01-02 13:00:00,120,45,75,37.5,LOW,0
F001,Smart Campus,B001,Building A,BLK-A1,Block A1,SP-002,Conference Room A,Meeting Room,2026-01-02 13:00:00,30,16,14,53.33,OPTIMAL,0
F001,Smart Campus,B001,Building A,BLK-A2,Block A2,SP-003,Training Hall A,Training Room,2026-01-02 13:00:00,80,49,31,61.25,OPTIMAL,0
F001,Smart Campus,B002,Building B,BLK-B1,Block B1,SP-004,Open Workspace B1,Workspace,2026-01-02 13:00:00,150,71,79,47.33,OPTIMAL,0
F001,Smart Campus,B002,Building B,BLK-B1,Block B1,SP-005,Meeting Room B,Meeting Room,2026-01-02 13:00:00,25,7,18,28.0,LOW,0
F001,Smart Campus,B002,Building B,BLK-B2,Block B2,SP-006,Cafeteria B,Cafeteria,2026-01-02 13:00:00,180,157,23,87.22,HIGH,0
F001,Smart Campus,B003,Building C,BLK-C1,Block C1,SP-007,Open Workspace C1,Workspace,2026-01-02 13:00:00,100,50,50,50.0,OPTIMAL,0
F001,Smart Campus,B003,Building C,BLK-C1,Block C1,SP-008,Server Operations Room,Restricted Area,2026-01-02 13:00:00,20,4,16,20.0,LOW,0
F001,Smart Campus,B001,Building A,BLK-A1,Block A1,SP-001,Open Workspace A1,Workspace,2026-01-02 14:00:00,120,97,23,80.83,HIGH,0
F001,Smart Campus,B001,Building A,BLK-A1,Block A1,SP-002,Conference Room A,Meeting Room,2026-01-02 14:00:00,30,20,10,66.67,OPTIMAL,0
F001,Smart Campus,B001,Building A,BLK-A2,Block A2,SP-003,Training Hall A,Training Room,2026-01-02 14:00:00,80,28,52,35.0,LOW,0
F001,Smart Campus,B002,Building B,BLK-B1,Block B1,SP-004,Open Workspace B1,Workspace,2026-01-02 14:00:00,150,98,52,65.33,OPTIMAL,0
F001,Smart Campus,B002,Building B,BLK-B1,Block B1,SP-005,Meeting Room B,Meeting Room,2026-01-02 14:00:00,25,14,11,56.0,OPTIMAL,0
F001,Smart Campus,B002,Building B,BLK-B2,Block B2,SP-006,Cafeteria B,Cafeteria,2026-01-02 14:00:00,180,134,46,74.44,OPTIMAL,0
F001,Smart Campus,B003,Building C,BLK-C1,Block C1,SP-007,Open Workspace C1,Workspace,2026-01-02 14:00:00,100,74,26,74.0,OPTIMAL,0
F001,Smart Campus,B003,Building C,BLK-C1,Block C1,SP-008,Server Operations Room,Restricted Area,2026-01-02 14:00:00,20,7,13,35.0,LOW,0
F001,Smart Campus,B001,Building A,BLK-A1,Block A1,SP-001,Open Workspace A1,Workspace,2026-01-02 15:00:00,120,82,38,68.33,OPTIMAL,0
F001,Smart Campus,B001,Building A,BLK-A1,Block A1,SP-002,Conference Room A,Meeting Room,2026-01-02 15:00:00,30,10,20,33.33,LOW,0
F001,Smart Campus,B001,Building A,BLK-A2,Block A2,SP-003,Training Hall A,Training Room,2026-01-02 15:00:00,80,89,0,111.25,OVERCROWDED,1
F001,Smart Campus,B002,Building B,BLK-B1,Block B1,SP-004,Open Workspace B1,Workspace,2026-01-02 15:00:00,150,102,48,68.0,OPTIMAL,0
F001,Smart Campus,B002,Building B,BLK-B1,Block B1,SP-005,Meeting Room B,Meeting Room,2026-01-02 15:00:00,25,14,11,56.0,OPTIMAL,0
F001,Smart Campus,B002,Building B,BLK-B2,Block B2,SP-006,Cafeteria B,Cafeteria,2026-01-02 15:00:00,180,7,173,3.89,UNDERUSED,0
F001,Smart Campus,B003,Building C,BLK-C1,Block C1,SP-007,Open Workspace C1,Workspace,2026-01-02 15:00:00,100,74,26,74.0,OPTIMAL,0
F001,Smart Campus,B003,Building C,BLK-C1,Block C1,SP-008,Server Operations Room,Restricted Area,2026-01-02 15:00:00,20,4,16,20.0,LOW,0
F001,Smart Campus,B001,Building A,BLK-A1,Block A1,SP-001,Open Workspace A1,Workspace,2026-01-02 16:00:00,120,87,33,72.5,OPTIMAL,0
F001,Smart Campus,B001,Building A,BLK-A1,Block A1,SP-002,Conference Room A,Meeting Room,2026-01-02 16:00:00,30,7,23,23.33,LOW,0
F001,Smart Campus,B001,Building A,BLK-A2,Block A2,SP-003,Training Hall A,Training Room,2026-01-02 16:00:00,80,39,41,48.75,OPTIMAL,0
F001,Smart Campus,B002,Building B,BLK-B1,Block B1,SP-004,Open Workspace B1,Workspace,2026-01-02 16:00:00,150,107,43,71.33,OPTIMAL,0
F001,Smart Campus,B002,Building B,BLK-B1,Block B1,SP-005,Meeting Room B,Meeting Room,2026-01-02 16:00:00,25,15,10,60.0,OPTIMAL,0
F001,Smart Campus,B002,Building B,BLK-B2,Block B2,SP-006,Cafeteria B,Cafeteria,2026-01-02 16:00:00,180,52,128,28.89,LOW,0
F001,Smart Campus,B003,Building C,BLK-C1,Block C1,SP-007,Open Workspace C1,Workspace,2026-01-02 16:00:00,100,69,31,69.0,OPTIMAL,0
F001,Smart Campus,B003,Building C,BLK-C1,Block C1,SP-008,Server Operations Room,Restricted Area,2026-01-02 16:00:00,20,2,18,10.0,UNDERUSED,0
F001,Smart Campus,B001,Building A,BLK-A1,Block A1,SP-001,Open Workspace A1,Workspace,2026-01-02 17:00:00,120,92,28,76.67,HIGH,0
F001,Smart Campus,B001,Building A,BLK-A1,Block A1,SP-002,Conference Room A,Meeting Room,2026-01-02 17:00:00,30,10,20,33.33,LOW,0
F001,Smart Campus,B001,Building A,BLK-A2,Block A2,SP-003,Training Hall A,Training Room,2026-01-02 17:00:00,80,3,77,3.75,UNDERUSED,0
F001,Smart Campus,B002,Building B,BLK-B1,Block B1,SP-004,Open Workspace B1,Workspace,2026-01-02 17:00:00,150,126,24,84.0,HIGH,0
F001,Smart Campus,B002,Building B,BLK-B1,Block B1,SP-005,Meeting Room B,Meeting Room,2026-01-02 17:00:00,25,10,15,40.0,OPTIMAL,0
F001,Smart Campus,B002,Building B,BLK-B2,Block B2,SP-006,Cafeteria B,Cafeteria,2026-01-02 17:00:00,180,72,108,40.0,OPTIMAL,0
F001,Smart Campus,B003,Building C,BLK-C1,Block C1,SP-007,Open Workspace C1,Workspace,2026-01-02 17:00:00,100,87,13,87.0,HIGH,0
F001,Smart Campus,B003,Building C,BLK-C1,Block C1,SP-008,Server Operations Room,Restricted Area,2026-01-02 17:00:00,20,2,18,10.0,UNDERUSED,0
F001,Smart Campus,B001,Building A,BLK-A1,Block A1,SP-001,Open Workspace A1,Workspace,2026-01-02 18:00:00,120,23,97,19.17,LOW,0
F001,Smart Campus,B001,Building A,BLK-A1,Block A1,SP-002,Conference Room A,Meeting Room,2026-01-02 18:00:00,30,33,0,110.0,OVERCROWDED,1
F001,Smart Campus,B001,Building A,BLK-A2,Block A2,SP-003,Training Hall A,Training Room,2026-01-02 18:00:00,80,4,76,5.0,UNDERUSED,0
F001,Smart Campus,B002,Building B,BLK-B1,Block B1,SP-004,Open Workspace B1,Workspace,2026-01-02 18:00:00,150,31,119,20.67,LOW,0
F001,Smart Campus,B002,Building B,BLK-B1,Block B1,SP-005,Meeting Room B,Meeting Room,2026-01-02 18:00:00,25,2,23,8.0,UNDERUSED,0
F001,Smart Campus,B002,Building B,BLK-B2,Block B2,SP-006,Cafeteria B,Cafeteria,2026-01-02 18:00:00,180,20,160,11.11,UNDERUSED,0
F001,Smart Campus,B003,Building C,BLK-C1,Block C1,SP-007,Open Workspace C1,Workspace,2026-01-02 18:00:00,100,35,65,35.0,LOW,0
F001,Smart Campus,B003,Building C,BLK-C1,Block C1,SP-008,Server Operations Room,Restricted Area,2026-01-02 18:00:00,20,5,15,25.0,LOW,0
F001,Smart Campus,B001,Building A,BLK-A1,Block A1,SP-001,Open Workspace A1,Workspace,2026-01-02 19:00:00,120,31,89,25.83,LOW,0
F001,Smart Campus,B001,Building A,BLK-A1,Block A1,SP-002,Conference Room A,Meeting Room,2026-01-02 19:00:00,30,2,28,6.67,UNDERUSED,0
F001,Smart Campus,B001,Building A,BLK-A2,Block A2,SP-003,Training Hall A,Training Room,2026-01-02 19:00:00,80,5,75,6.25,UNDERUSED,0
F001,Smart Campus,B002,Building B,BLK-B1,Block B1,SP-004,Open Workspace B1,Workspace,2026-01-02 19:00:00,150,29,121,19.33,LOW,0
F001,Smart Campus,B002,Building B,BLK-B1,Block B1,SP-005,Meeting Room B,Meeting Room,2026-01-02 19:00:00,25,2,23,8.0,UNDERUSED,0
F001,Smart Campus,B002,Building B,BLK-B2,Block B2,SP-006,Cafeteria B,Cafeteria,2026-01-02 19:00:00,180,10,170,5.56,UNDERUSED,0
F001,Smart Campus,B003,Building C,BLK-C1,Block C1,SP-007,Open Workspace C1,Workspace,2026-01-02 19:00:00,100,32,68,32.0,LOW,0
F001,Smart Campus,B003,Building C,BLK-C1,Block C1,SP-008,Server Operations Room,Restricted Area,2026-01-02 19:00:00,20,7,13,35.0,LOW,0
F001,Smart Campus,B001,Building A,BLK-A1,Block A1,SP-001,Open Workspace A1,Workspace,2026-01-02 20:00:00,120,33,87,27.5,LOW,0
F001,Smart Campus,B001,Building A,BLK-A1,Block A1,SP-002,Conference Room A,Meeting Room,2026-01-02 20:00:00,30,0,30,0.0,UNDERUSED,0
F001,Smart Campus,B001,Building A,BLK-A2,Block A2,SP-003,Training Hall A,Training Room,2026-01-02 20:00:00,80,2,78,2.5,UNDERUSED,0
F001,Smart Campus,B002,Building B,BLK-B1,Block B1,SP-004,Open Workspace B1,Workspace,2026-01-02 20:00:00,150,26,124,17.33,LOW,0
F001,Smart Campus,B002,Building B,BLK-B1,Block B1,SP-005,Meeting Room B,Meeting Room,2026-01-02 20:00:00,25,2,23,8.0,UNDERUSED,0
F001,Smart Campus,B002,Building B,BLK-B2,Block B2,SP-006,Cafeteria B,Cafeteria,2026-01-02 20:00:00,180,26,154,14.44,UNDERUSED,0
F001,Smart Campus,B003,Building C,BLK-C1,Block C1,SP-007,Open Workspace C1,Workspace,2026-01-02 20:00:00,100,32,68,32.0,LOW,0
F001,Smart Campus,B003,Building C,BLK-C1,Block C1,SP-008,Server Operations Room,Restricted Area,2026-01-02 20:00:00,20,1,19,5.0,UNDERUSED,0
F001,Smart Campus,B001,Building A,BLK-A1,Block A1,SP-001,Open Workspace A1,Workspace,2026-01-02 21:00:00,120,6,114,5.0,UNDERUSED,0
F001,Smart Campus,B001,Building A,BLK-A1,Block A1,SP-002,Conference Room A,Meeting Room,2026-01-02 21:00:00,30,3,27,10.0,UNDERUSED,0
F001,Smart Campus,B001,Building A,BLK-A2,Block A2,SP-003,Training Hall A,Training Room,2026-01-02 21:00:00,80,4,76,5.0,UNDERUSED,0
F001,Smart Campus,B002,Building B,BLK-B1,Block B1,SP-004,Open Workspace B1,Workspace,2026-01-02 21:00:00,150,8,142,5.33,UNDERUSED,0
F001,Smart Campus,B002,Building B,BLK-B1,Block B1,SP-005,Meeting Room B,Meeting Room,2026-01-02 21:00:00,25,1,24,4.0,UNDERUSED,0
F001,Smart Campus,B002,Building B,BLK-B2,Block B2,SP-006,Cafeteria B,Cafeteria,2026-01-02 21:00:00,180,19,161,10.56,UNDERUSED,0
F001,Smart Campus,B003,Building C,BLK-C1,Block C1,SP-007,Open Workspace C1,Workspace,2026-01-02 21:00:00,100,4,96,4.0,UNDERUSED,0
F001,Smart Campus,B003,Building C,BLK-C1,Block C1,SP-008,Server Operations Room,Restricted Area,2026-01-02 21:00:00,20,3,17,15.0,LOW,0
F001,Smart Campus,B001,Building A,BLK-A1,Block A1,SP-001,Open Workspace A1,Workspace,2026-01-02 22:00:00,120,10,110,8.33,UNDERUSED,0
F001,Smart Campus,B001,Building A,BLK-A1,Block A1,SP-002,Conference Room A,Meeting Room,2026-01-02 22:00:00,30,1,29,3.33,UNDERUSED,0
F001,Smart Campus,B001,Building A,BLK-A2,Block A2,SP-003,Training Hall A,Training Room,2026-01-02 22:00:00,80,2,78,2.5,UNDERUSED,0
F001,Smart Campus,B002,Building B,BLK-B1,Block B1,SP-004,Open Workspace B1,Workspace,2026-01-02 22:00:00,150,7,143,4.67,UNDERUSED,0
F001,Smart Campus,B002,Building B,BLK-B1,Block B1,SP-005,Meeting Room B,Meeting Room,2026-01-02 22:00:00,25,2,23,8.0,UNDERUSED,0
F001,Smart Campus,B002,Building B,BLK-B2,Block B2,SP-006,Cafeteria B,Cafeteria,2026-01-02 22:00:00,180,16,164,8.89,UNDERUSED,0
F001,Smart Campus,B003,Building C,BLK-C1,Block C1,SP-007,Open Workspace C1,Workspace,2026-01-02 22:00:00,100,3,97,3.0,UNDERUSED,0
F001,Smart Campus,B003,Building C,BLK-C1,Block C1,SP-008,Server Operations Room,Restricted Area,2026-01-02 22:00:00,20,6,14,30.0,LOW,0
F001,Smart Campus,B001,Building A,BLK-A1,Block A1,SP-001,Open Workspace A1,Workspace,2026-01-02 23:00:00,120,9,111,7.5,UNDERUSED,0
F001,Smart Campus,B001,Building A,BLK-A1,Block A1,SP-002,Conference Room A,Meeting Room,2026-01-02 23:00:00,30,2,28,6.67,UNDERUSED,0
F001,Smart Campus,B001,Building A,BLK-A2,Block A2,SP-003,Training Hall A,Training Room,2026-01-02 23:00:00,80,3,77,3.75,UNDERUSED,0
F001,Smart Campus,B002,Building B,BLK-B1,Block B1,SP-004,Open Workspace B1,Workspace,2026-01-02 23:00:00,150,3,147,2.0,UNDERUSED,0
F001,Smart Campus,B002,Building B,BLK-B1,Block B1,SP-005,Meeting Room B,Meeting Room,2026-01-02 23:00:00,25,2,23,8.0,UNDERUSED,0
F001,Smart Campus,B002,Building B,BLK-B2,Block B2,SP-006,Cafeteria B,Cafeteria,2026-01-02 23:00:00,180,7,173,3.89,UNDERUSED,0
F001,Smart Campus,B003,Building C,BLK-C1,Block C1,SP-007,Open Workspace C1,Workspace,2026-01-02 23:00:00,100,6,94,6.0,UNDERUSED,0
F001,Smart Campus,B003,Building C,BLK-C1,Block C1,SP-008,Server Operations Room,Restricted Area,2026-01-02 23:00:00,20,7,13,35.0,LOW,0
F001,Smart Campus,B001,Building A,BLK-A1,Block A1,SP-001,Open Workspace A1,Workspace,2026-01-03 00:00:00,120,6,114,5.0,UNDERUSED,0
F001,Smart Campus,B001,Building A,BLK-A1,Block A1,SP-002,Conference Room A,Meeting Room,2026-01-03 00:00:00,30,2,28,6.67,UNDERUSED,0
F001,Smart Campus,B001,Building A,BLK-A2,Block A2,SP-003,Training Hall A,Training Room,2026-01-03 00:00:00,80,5,75,6.25,UNDERUSED,0
F001,Smart Campus,B002,Building B,BLK-B1,Block B1,SP-004,Open Workspace B1,Workspace,2026-01-03 00:00:00,150,5,145,3.33,UNDERUSED,0
F001,Smart Campus,B002,Building B,BLK-B1,Block B1,SP-005,Meeting Room B,Meeting Room,2026-01-03 00:00:00,25,2,23,8.0,UNDERUSED,0
F001,Smart Campus,B002,Building B,BLK-B2,Block B2,SP-006,Cafeteria B,Cafeteria,2026-01-03 00:00:00,180,16,164,8.89,UNDERUSED,0
F001,Smart Campus,B003,Building C,BLK-C1,Block C1,SP-007,Open Workspace C1,Workspace,2026-01-03 00:00:00,100,9,91,9.0,UNDERUSED,0
F001,Smart Campus,B003,Building C,BLK-C1,Block C1,SP-008,Server Operations Room,Restricted Area,2026-01-03 00:00:00,20,6,14,30.0,LOW,0
F001,Smart Campus,B001,Building A,BLK-A1,Block A1,SP-001,Open Workspace A1,Workspace,2026-01-03 01:00:00,120,4,116,3.33,UNDERUSED,0
F001,Smart Campus,B001,Building A,BLK-A1,Block A1,SP-002,Conference Room A,Meeting Room,2026-01-03 01:00:00,30,1,29,3.33,UNDERUSED,0
F001,Smart Campus,B001,Building A,BLK-A2,Block A2,SP-003,Training Hall A,Training Room,2026-01-03 01:00:00,80,3,77,3.75,UNDERUSED,0
F001,Smart Campus,B002,Building B,BLK-B1,Block B1,SP-004,Open Workspace B1,Workspace,2026-01-03 01:00:00,150,5,145,3.33,UNDERUSED,0
F001,Smart Campus,B002,Building B,BLK-B1,Block B1,SP-005,Meeting Room B,Meeting Room,2026-01-03 01:00:00,25,1,24,4.0,UNDERUSED,0
F001,Smart Campus,B002,Building B,BLK-B2,Block B2,SP-006,Cafeteria B,Cafeteria,2026-01-03 01:00:00,180,15,165,8.33,UNDERUSED,0
F001,Smart Campus,B003,Building C,BLK-C1,Block C1,SP-007,Open Workspace C1,Workspace,2026-01-03 01:00:00,100,6,94,6.0,UNDERUSED,0
F001,Smart Campus,B003,Building C,BLK-C1,Block C1,SP-008,Server Operations Room,Restricted Area,2026-01-03 01:00:00,20,4,16,20.0,LOW,0
F001,Smart Campus,B001,Building A,BLK-A1,Block A1,SP-001,Open Workspace A1,Workspace,2026-01-03 02:00:00,120,6,114,5.0,UNDERUSED,0
F001,Smart Campus,B001,Building A,BLK-A1,Block A1,SP-002,Conference Room A,Meeting Room,2026-01-03 02:00:00,30,1,29,3.33,UNDERUSED,0
F001,Smart Campus,B001,Building A,BLK-A2,Block A2,SP-003,Training Hall A,Training Room,2026-01-03 02:00:00,80,4,76,5.0,UNDERUSED,0
F001,Smart Campus,B002,Building B,BLK-B1,Block B1,SP-004,Open Workspace B1,Workspace,2026-01-03 02:00:00,150,12,138,8.0,UNDERUSED,0
F001,Smart Campus,B002,Building B,BLK-B1,Block B1,SP-005,Meeting Room B,Meeting Room,2026-01-03 02:00:00,25,2,23,8.0,UNDERUSED,0
F001,Smart Campus,B002,Building B,BLK-B2,Block B2,SP-006,Cafeteria B,Cafeteria,2026-01-03 02:00:00,180,23,157,12.78,UNDERUSED,0
F001,Smart Campus,B003,Building C,BLK-C1,Block C1,SP-007,Open Workspace C1,Workspace,2026-01-03 02:00:00,100,7,93,7.0,UNDERUSED,0
F001,Smart Campus,B003,Building C,BLK-C1,Block C1,SP-008,Server Operations Room,Restricted Area,2026-01-03 02:00:00,20,7,13,35.0,LOW,0
F001,Smart Campus,B001,Building A,BLK-A1,Block A1,SP-001,Open Workspace A1,Workspace,2026-01-03 03:00:00,120,2,118,1.67,UNDERUSED,0
F001,Smart Campus,B001,Building A,BLK-A1,Block A1,SP-002,Conference Room A,Meeting Room,2026-01-03 03:00:00,30,2,28,6.67,UNDERUSED,0
F001,Smart Campus,B001,Building A,BLK-A2,Block A2,SP-003,Training Hall A,Training Room,2026-01-03 03:00:00,80,6,74,7.5,UNDERUSED,0
F001,Smart Campus,B002,Building B,BLK-B1,Block B1,SP-004,Open Workspace B1,Workspace,2026-01-03 03:00:00,150,9,141,6.0,UNDERUSED,0
F001,Smart Campus,B002,Building B,BLK-B1,Block B1,SP-005,Meeting Room B,Meeting Room,2026-01-03 03:00:00,25,2,23,8.0,UNDERUSED,0
F001,Smart Campus,B002,Building B,BLK-B2,Block B2,SP-006,Cafeteria B,Cafeteria,2026-01-03 03:00:00,180,19,161,10.56,UNDERUSED,0
F001,Smart Campus,B003,Building C,BLK-C1,Block C1,SP-007,Open Workspace C1,Workspace,2026-01-03 03:00:00,100,5,95,5.0,UNDERUSED,0
F001,Smart Campus,B003,Building C,BLK-C1,Block C1,SP-008,Server Operations Room,Restricted Area,2026-01-03 03:00:00,20,3,17,15.0,LOW,0
F001,Smart Campus,B001,Building A,BLK-A1,Block A1,SP-001,Open Workspace A1,Workspace,2026-01-03 04:00:00,120,8,112,6.67,UNDERUSED,0
F001,Smart Campus,B001,Building A,BLK-A1,Block A1,SP-002,Conference Room A,Meeting Room,2026-01-03 04:00:00,30,3,27,10.0,UNDERUSED,0
F001,Smart Campus,B001,Building A,BLK-A2,Block A2,SP-003,Training Hall A,Training Room,2026-01-03 04:00:00,80,2,78,2.5,UNDERUSED,0
F001,Smart Campus,B002,Building B,BLK-B1,Block B1,SP-004,Open Workspace B1,Workspace,2026-01-03 04:00:00,150,11,139,7.33,UNDERUSED,0
F001,Smart Campus,B002,Building B,BLK-B1,Block B1,SP-005,Meeting Room B,Meeting Room,2026-01-03 04:00:00,25,2,23,8.0,UNDERUSED,0
F001,Smart Campus,B002,Building B,BLK-B2,Block B2,SP-006,Cafeteria B,Cafeteria,2026-01-03 04:00:00,180,5,175,2.78,UNDERUSED,0
F001,Smart Campus,B003,Building C,BLK-C1,Block C1,SP-007,Open Workspace C1,Workspace,2026-01-03 04:00:00,100,9,91,9.0,UNDERUSED,0
F001,Smart Campus,B003,Building C,BLK-C1,Block C1,SP-008,Server Operations Room,Restricted Area,2026-01-03 04:00:00,20,5,15,25.0,LOW,0
F001,Smart Campus,B001,Building A,BLK-A1,Block A1,SP-001,Open Workspace A1,Workspace,2026-01-03 05:00:00,120,2,118,1.67,UNDERUSED,0
F001,Smart Campus,B001,Building A,BLK-A1,Block A1,SP-002,Conference Room A,Meeting Room,2026-01-03 05:00:00,30,3,27,10.0,UNDERUSED,0
F001,Smart Campus,B001,Building A,BLK-A2,Block A2,SP-003,Training Hall A,Training Room,2026-01-03 05:00:00,80,4,76,5.0,UNDERUSED,0
F001,Smart Campus,B002,Building B,BLK-B1,Block B1,SP-004,Open Workspace B1,Workspace,2026-01-03 05:00:00,150,2,148,1.33,UNDERUSED,0
F001,Smart Campus,B002,Building B,BLK-B1,Block B1,SP-005,Meeting Room B,Meeting Room,2026-01-03 05:00:00,25,1,24,4.0,UNDERUSED,0
F001,Smart Campus,B002,Building B,BLK-B2,Block B2,SP-006,Cafeteria B,Cafeteria,2026-01-03 05:00:00,180,7,173,3.89,UNDERUSED,0
F001,Smart Campus,B003,Building C,BLK-C1,Block C1,SP-007,Open Workspace C1,Workspace,2026-01-03 05:00:00,100,6,94,6.0,UNDERUSED,0
F001,Smart Campus,B003,Building C,BLK-C1,Block C1,SP-008,Server Operations Room,Restricted Area,2026-01-03 05:00:00,20,2,18,10.0,UNDERUSED,0
F001,Smart Campus,B001,Building A,BLK-A1,Block A1,SP-001,Open Workspace A1,Workspace,2026-01-03 06:00:00,120,11,109,9.17,UNDERUSED,0
F001,Smart Campus,B001,Building A,BLK-A1,Block A1,SP-002,Conference Room A,Meeting Room,2026-01-03 06:00:00,30,1,29,3.33,UNDERUSED,0
F001,Smart Campus,B001,Building A,BLK-A2,Block A2,SP-003,Training Hall A,Training Room,2026-01-03 06:00:00,80,1,79,1.25,UNDERUSED,0
F001,Smart Campus,B002,Building B,BLK-B1,Block B1,SP-004,Open Workspace B1,Workspace,2026-01-03 06:00:00,150,5,145,3.33,UNDERUSED,0
F001,Smart Campus,B002,Building B,BLK-B1,Block B1,SP-005,Meeting Room B,Meeting Room,2026-01-03 06:00:00,25,0,25,0.0,UNDERUSED,0
F001,Smart Campus,B002,Building B,BLK-B2,Block B2,SP-006,Cafeteria B,Cafeteria,2026-01-03 06:00:00,180,25,155,13.89,UNDERUSED,0
F001,Smart Campus,B003,Building C,BLK-C1,Block C1,SP-007,Open Workspace C1,Workspace,2026-01-03 06:00:00,100,2,98,2.0,UNDERUSED,0
F001,Smart Campus,B003,Building C,BLK-C1,Block C1,SP-008,Server Operations Room,Restricted Area,2026-01-03 06:00:00,20,3,17,15.0,LOW,0
F001,Smart Campus,B001,Building A,BLK-A1,Block A1,SP-001,Open Workspace A1,Workspace,2026-01-03 07:00:00,120,8,112,6.67,UNDERUSED,0
F001,Smart Campus,B001,Building A,BLK-A1,Block A1,SP-002,Conference Room A,Meeting Room,2026-01-03 07:00:00,30,1,29,3.33,UNDERUSED,0
F001,Smart Campus,B001,Building A,BLK-A2,Block A2,SP-003,Training Hall A,Training Room,2026-01-03 07:00:00,80,1,79,1.25,UNDERUSED,0
F001,Smart Campus,B002,Building B,BLK-B1,Block B1,SP-004,Open Workspace B1,Workspace,2026-01-03 07:00:00,150,8,142,5.33,UNDERUSED,0
F001,Smart Campus,B002,Building B,BLK-B1,Block B1,SP-005,Meeting Room B,Meeting Room,2026-01-03 07:00:00,25,1,24,4.0,UNDERUSED,0
F001,Smart Campus,B002,Building B,BLK-B2,Block B2,SP-006,Cafeteria B,Cafeteria,2026-01-03 07:00:00,180,27,153,15.0,LOW,0
F001,Smart Campus,B003,Building C,BLK-C1,Block C1,SP-007,Open Workspace C1,Workspace,2026-01-03 07:00:00,100,10,90,10.0,UNDERUSED,0
F001,Smart Campus,B003,Building C,BLK-C1,Block C1,SP-008,Server Operations Room,Restricted Area,2026-01-03 07:00:00,20,3,17,15.0,LOW,0
F001,Smart Campus,B001,Building A,BLK-A1,Block A1,SP-001,Open Workspace A1,Workspace,2026-01-03 08:00:00,120,9,111,7.5,UNDERUSED,0
F001,Smart Campus,B001,Building A,BLK-A1,Block A1,SP-002,Conference Room A,Meeting Room,2026-01-03 08:00:00,30,0,30,0.0,UNDERUSED,0
F001,Smart Campus,B001,Building A,BLK-A2,Block A2,SP-003,Training Hall A,Training Room,2026-01-03 08:00:00,80,3,77,3.75,UNDERUSED,0
F001,Smart Campus,B002,Building B,BLK-B1,Block B1,SP-004,Open Workspace B1,Workspace,2026-01-03 08:00:00,150,5,145,3.33,UNDERUSED,0
F001,Smart Campus,B002,Building B,BLK-B1,Block B1,SP-005,Meeting Room B,Meeting Room,2026-01-03 08:00:00,25,2,23,8.0,UNDERUSED,0
F001,Smart Campus,B002,Building B,BLK-B2,Block B2,SP-006,Cafeteria B,Cafeteria,2026-01-03 08:00:00,180,74,106,41.11,OPTIMAL,0
F001,Smart Campus,B003,Building C,BLK-C1,Block C1,SP-007,Open Workspace C1,Workspace,2026-01-03 08:00:00,100,7,93,7.0,UNDERUSED,0
F001,Smart Campus,B003,Building C,BLK-C1,Block C1,SP-008,Server Operations Room,Restricted Area,2026-01-03 08:00:00,20,5,15,25.0,LOW,0
F001,Smart Campus,B001,Building A,BLK-A1,Block A1,SP-001,Open Workspace A1,Workspace,2026-01-03 09:00:00,120,97,23,80.83,HIGH,0
F001,Smart Campus,B001,Building A,BLK-A1,Block A1,SP-002,Conference Room A,Meeting Room,2026-01-03 09:00:00,30,19,11,63.33,OPTIMAL,0
F001,Smart Campus,B001,Building A,BLK-A2,Block A2,SP-003,Training Hall A,Training Room,2026-01-03 09:00:00,80,37,43,46.25,OPTIMAL,0
F001,Smart Campus,B002,Building B,BLK-B1,Block B1,SP-004,Open Workspace B1,Workspace,2026-01-03 09:00:00,150,125,25,83.33,HIGH,0
F001,Smart Campus,B002,Building B,BLK-B1,Block B1,SP-005,Meeting Room B,Meeting Room,2026-01-03 09:00:00,25,10,15,40.0,OPTIMAL,0
F001,Smart Campus,B002,Building B,BLK-B2,Block B2,SP-006,Cafeteria B,Cafeteria,2026-01-03 09:00:00,180,53,127,29.44,LOW,0
F001,Smart Campus,B003,Building C,BLK-C1,Block C1,SP-007,Open Workspace C1,Workspace,2026-01-03 09:00:00,100,78,22,78.0,HIGH,0
F001,Smart Campus,B003,Building C,BLK-C1,Block C1,SP-008,Server Operations Room,Restricted Area,2026-01-03 09:00:00,20,4,16,20.0,LOW,0
F001,Smart Campus,B001,Building A,BLK-A1,Block A1,SP-001,Open Workspace A1,Workspace,2026-01-03 10:00:00,120,103,17,85.83,HIGH,0
F001,Smart Campus,B001,Building A,BLK-A1,Block A1,SP-002,Conference Room A,Meeting Room,2026-01-03 10:00:00,30,22,8,73.33,OPTIMAL,0
F001,Smart Campus,B001,Building A,BLK-A2,Block A2,SP-003,Training Hall A,Training Room,2026-01-03 10:00:00,80,55,25,68.75,OPTIMAL,0
F001,Smart Campus,B002,Building B,BLK-B1,Block B1,SP-004,Open Workspace B1,Workspace,2026-01-03 10:00:00,150,110,40,73.33,OPTIMAL,0
F001,Smart Campus,B002,Building B,BLK-B1,Block B1,SP-005,Meeting Room B,Meeting Room,2026-01-03 10:00:00,25,21,4,84.0,HIGH,0
F001,Smart Campus,B002,Building B,BLK-B2,Block B2,SP-006,Cafeteria B,Cafeteria,2026-01-03 10:00:00,180,26,154,14.44,UNDERUSED,0
F001,Smart Campus,B003,Building C,BLK-C1,Block C1,SP-007,Open Workspace C1,Workspace,2026-01-03 10:00:00,100,83,17,83.0,HIGH,0
F001,Smart Campus,B003,Building C,BLK-C1,Block C1,SP-008,Server Operations Room,Restricted Area,2026-01-03 10:00:00,20,7,13,35.0,LOW,0
F001,Smart Campus,B001,Building A,BLK-A1,Block A1,SP-001,Open Workspace A1,Workspace,2026-01-03 11:00:00,120,89,31,74.17,OPTIMAL,0
F001,Smart Campus,B001,Building A,BLK-A1,Block A1,SP-002,Conference Room A,Meeting Room,2026-01-03 11:00:00,30,6,24,20.0,LOW,0
F001,Smart Campus,B001,Building A,BLK-A2,Block A2,SP-003,Training Hall A,Training Room,2026-01-03 11:00:00,80,38,42,47.5,OPTIMAL,0
F001,Smart Campus,B002,Building B,BLK-B1,Block B1,SP-004,Open Workspace B1,Workspace,2026-01-03 11:00:00,150,123,27,82.0,HIGH,0
F001,Smart Campus,B002,Building B,BLK-B1,Block B1,SP-005,Meeting Room B,Meeting Room,2026-01-03 11:00:00,25,18,7,72.0,OPTIMAL,0
F001,Smart Campus,B002,Building B,BLK-B2,Block B2,SP-006,Cafeteria B,Cafeteria,2026-01-03 11:00:00,180,6,174,3.33,UNDERUSED,0
F001,Smart Campus,B003,Building C,BLK-C1,Block C1,SP-007,Open Workspace C1,Workspace,2026-01-03 11:00:00,100,66,34,66.0,OPTIMAL,0
F001,Smart Campus,B003,Building C,BLK-C1,Block C1,SP-008,Server Operations Room,Restricted Area,2026-01-03 11:00:00,20,4,16,20.0,LOW,0
F001,Smart Campus,B001,Building A,BLK-A1,Block A1,SP-001,Open Workspace A1,Workspace,2026-01-03 12:00:00,120,49,71,40.83,OPTIMAL,0
F001,Smart Campus,B001,Building A,BLK-A1,Block A1,SP-002,Conference Room A,Meeting Room,2026-01-03 12:00:00,30,22,8,73.33,OPTIMAL,0
F001,Smart Campus,B001,Building A,BLK-A2,Block A2,SP-003,Training Hall A,Training Room,2026-01-03 12:00:00,80,31,49,38.75,LOW,0
F001,Smart Campus,B002,Building B,BLK-B1,Block B1,SP-004,Open Workspace B1,Workspace,2026-01-03 12:00:00,150,58,92,38.67,LOW,0
F001,Smart Campus,B002,Building B,BLK-B1,Block B1,SP-005,Meeting Room B,Meeting Room,2026-01-03 12:00:00,25,10,15,40.0,OPTIMAL,0
F001,Smart Campus,B002,Building B,BLK-B2,Block B2,SP-006,Cafeteria B,Cafeteria,2026-01-03 12:00:00,180,130,50,72.22,OPTIMAL,0
F001,Smart Campus,B003,Building C,BLK-C1,Block C1,SP-007,Open Workspace C1,Workspace,2026-01-03 12:00:00,100,38,62,38.0,LOW,0
F001,Smart Campus,B003,Building C,BLK-C1,Block C1,SP-008,Server Operations Room,Restricted Area,2026-01-03 12:00:00,20,5,15,25.0,LOW,0
F001,Smart Campus,B001,Building A,BLK-A1,Block A1,SP-001,Open Workspace A1,Workspace,2026-01-03 13:00:00,120,70,50,58.33,OPTIMAL,0
F001,Smart Campus,B001,Building A,BLK-A1,Block A1,SP-002,Conference Room A,Meeting Room,2026-01-03 13:00:00,30,20,10,66.67,OPTIMAL,0
F001,Smart Campus,B001,Building A,BLK-A2,Block A2,SP-003,Training Hall A,Training Room,2026-01-03 13:00:00,80,36,44,45.0,OPTIMAL,0
F001,Smart Campus,B002,Building B,BLK-B1,Block B1,SP-004,Open Workspace B1,Workspace,2026-01-03 13:00:00,150,71,79,47.33,OPTIMAL,0
F001,Smart Campus,B002,Building B,BLK-B1,Block B1,SP-005,Meeting Room B,Meeting Room,2026-01-03 13:00:00,25,20,5,80.0,HIGH,0
F001,Smart Campus,B002,Building B,BLK-B2,Block B2,SP-006,Cafeteria B,Cafeteria,2026-01-03 13:00:00,180,143,37,79.44,HIGH,0
F001,Smart Campus,B003,Building C,BLK-C1,Block C1,SP-007,Open Workspace C1,Workspace,2026-01-03 13:00:00,100,59,41,59.0,OPTIMAL,0
F001,Smart Campus,B003,Building C,BLK-C1,Block C1,SP-008,Server Operations Room,Restricted Area,2026-01-03 13:00:00,20,2,18,10.0,UNDERUSED,0
F001,Smart Campus,B001,Building A,BLK-A1,Block A1,SP-001,Open Workspace A1,Workspace,2026-01-03 14:00:00,120,90,30,75.0,HIGH,0
F001,Smart Campus,B001,Building A,BLK-A1,Block A1,SP-002,Conference Room A,Meeting Room,2026-01-03 14:00:00,30,13,17,43.33,OPTIMAL,0
F001,Smart Campus,B001,Building A,BLK-A2,Block A2,SP-003,Training Hall A,Training Room,2026-01-03 14:00:00,80,25,55,31.25,LOW,0
F001,Smart Campus,B002,Building B,BLK-B1,Block B1,SP-004,Open Workspace B1,Workspace,2026-01-03 14:00:00,150,126,24,84.0,HIGH,0
F001,Smart Campus,B002,Building B,BLK-B1,Block B1,SP-005,Meeting Room B,Meeting Room,2026-01-03 14:00:00,25,16,9,64.0,OPTIMAL,0
F001,Smart Campus,B002,Building B,BLK-B2,Block B2,SP-006,Cafeteria B,Cafeteria,2026-01-03 14:00:00,180,153,27,85.0,HIGH,0
F001,Smart Campus,B003,Building C,BLK-C1,Block C1,SP-007,Open Workspace C1,Workspace,2026-01-03 14:00:00,100,82,18,82.0,HIGH,0
F001,Smart Campus,B003,Building C,BLK-C1,Block C1,SP-008,Server Operations Room,Restricted Area,2026-01-03 14:00:00,20,2,18,10.0,UNDERUSED,0
F001,Smart Campus,B001,Building A,BLK-A1,Block A1,SP-001,Open Workspace A1,Workspace,2026-01-03 15:00:00,120,74,46,61.67,OPTIMAL,0
F001,Smart Campus,B001,Building A,BLK-A1,Block A1,SP-002,Conference Room A,Meeting Room,2026-01-03 15:00:00,30,10,20,33.33,LOW,0
F001,Smart Campus,B001,Building A,BLK-A2,Block A2,SP-003,Training Hall A,Training Room,2026-01-03 15:00:00,80,58,22,72.5,OPTIMAL,0
F001,Smart Campus,B002,Building B,BLK-B1,Block B1,SP-004,Open Workspace B1,Workspace,2026-01-03 15:00:00,150,96,54,64.0,OPTIMAL,0
F001,Smart Campus,B002,Building B,BLK-B1,Block B1,SP-005,Meeting Room B,Meeting Room,2026-01-03 15:00:00,25,5,20,20.0,LOW,0
F001,Smart Campus,B002,Building B,BLK-B2,Block B2,SP-006,Cafeteria B,Cafeteria,2026-01-03 15:00:00,180,7,173,3.89,UNDERUSED,0
F001,Smart Campus,B003,Building C,BLK-C1,Block C1,SP-007,Open Workspace C1,Workspace,2026-01-03 15:00:00,100,67,33,67.0,OPTIMAL,0
F001,Smart Campus,B003,Building C,BLK-C1,Block C1,SP-008,Server Operations Room,Restricted Area,2026-01-03 15:00:00,20,5,15,25.0,LOW,0
F001,Smart Campus,B001,Building A,BLK-A1,Block A1,SP-001,Open Workspace A1,Workspace,2026-01-03 16:00:00,120,72,48,60.0,OPTIMAL,0
F001,Smart Campus,B001,Building A,BLK-A1,Block A1,SP-002,Conference Room A,Meeting Room,2026-01-03 16:00:00,30,11,19,36.67,LOW,0
F001,Smart Campus,B001,Building A,BLK-A2,Block A2,SP-003,Training Hall A,Training Room,2026-01-03 16:00:00,80,24,56,30.0,LOW,0
F001,Smart Campus,B002,Building B,BLK-B1,Block B1,SP-004,Open Workspace B1,Workspace,2026-01-03 16:00:00,150,121,29,80.67,HIGH,0
F001,Smart Campus,B002,Building B,BLK-B1,Block B1,SP-005,Meeting Room B,Meeting Room,2026-01-03 16:00:00,25,17,8,68.0,OPTIMAL,0
F001,Smart Campus,B002,Building B,BLK-B2,Block B2,SP-006,Cafeteria B,Cafeteria,2026-01-03 16:00:00,180,80,100,44.44,OPTIMAL,0
F001,Smart Campus,B003,Building C,BLK-C1,Block C1,SP-007,Open Workspace C1,Workspace,2026-01-03 16:00:00,100,63,37,63.0,OPTIMAL,0
F001,Smart Campus,B003,Building C,BLK-C1,Block C1,SP-008,Server Operations Room,Restricted Area,2026-01-03 16:00:00,20,7,13,35.0,LOW,0
F001,Smart Campus,B001,Building A,BLK-A1,Block A1,SP-001,Open Workspace A1,Workspace,2026-01-03 17:00:00,120,98,22,81.67,HIGH,0
F001,Smart Campus,B001,Building A,BLK-A1,Block A1,SP-002,Conference Room A,Meeting Room,2026-01-03 17:00:00,30,16,14,53.33,OPTIMAL,0
F001,Smart Campus,B001,Building A,BLK-A2,Block A2,SP-003,Training Hall A,Training Room,2026-01-03 17:00:00,80,6,74,7.5,UNDERUSED,0
F001,Smart Campus,B002,Building B,BLK-B1,Block B1,SP-004,Open Workspace B1,Workspace,2026-01-03 17:00:00,150,110,40,73.33,OPTIMAL,0
F001,Smart Campus,B002,Building B,BLK-B1,Block B1,SP-005,Meeting Room B,Meeting Room,2026-01-03 17:00:00,25,16,9,64.0,OPTIMAL,0
F001,Smart Campus,B002,Building B,BLK-B2,Block B2,SP-006,Cafeteria B,Cafeteria,2026-01-03 17:00:00,180,86,94,47.78,OPTIMAL,0
F001,Smart Campus,B003,Building C,BLK-C1,Block C1,SP-007,Open Workspace C1,Workspace,2026-01-03 17:00:00,100,62,38,62.0,OPTIMAL,0
F001,Smart Campus,B003,Building C,BLK-C1,Block C1,SP-008,Server Operations Room,Restricted Area,2026-01-03 17:00:00,20,1,19,5.0,UNDERUSED,0
F001,Smart Campus,B001,Building A,BLK-A1,Block A1,SP-001,Open Workspace A1,Workspace,2026-01-03 18:00:00,120,37,83,30.83,LOW,0
F001,Smart Campus,B001,Building A,BLK-A1,Block A1,SP-002,Conference Room A,Meeting Room,2026-01-03 18:00:00,30,1,29,3.33,UNDERUSED,0
F001,Smart Campus,B001,Building A,BLK-A2,Block A2,SP-003,Training Hall A,Training Room,2026-01-03 18:00:00,80,3,77,3.75,UNDERUSED,0
F001,Smart Campus,B002,Building B,BLK-B1,Block B1,SP-004,Open Workspace B1,Workspace,2026-01-03 18:00:00,150,45,105,30.0,LOW,0
F001,Smart Campus,B002,Building B,BLK-B1,Block B1,SP-005,Meeting Room B,Meeting Room,2026-01-03 18:00:00,25,2,23,8.0,UNDERUSED,0
F001,Smart Campus,B002,Building B,BLK-B2,Block B2,SP-006,Cafeteria B,Cafeteria,2026-01-03 18:00:00,180,19,161,10.56,UNDERUSED,0
F001,Smart Campus,B003,Building C,BLK-C1,Block C1,SP-007,Open Workspace C1,Workspace,2026-01-03 18:00:00,100,33,67,33.0,LOW,0
F001,Smart Campus,B003,Building C,BLK-C1,Block C1,SP-008,Server Operations Room,Restricted Area,2026-01-03 18:00:00,20,4,16,20.0,LOW,0
F001,Smart Campus,B001,Building A,BLK-A1,Block A1,SP-001,Open Workspace A1,Workspace,2026-01-03 19:00:00,120,28,92,23.33,LOW,0
F001,Smart Campus,B001,Building A,BLK-A1,Block A1,SP-002,Conference Room A,Meeting Room,2026-01-03 19:00:00,30,1,29,3.33,UNDERUSED,0
F001,Smart Campus,B001,Building A,BLK-A2,Block A2,SP-003,Training Hall A,Training Room,2026-01-03 19:00:00,80,3,77,3.75,UNDERUSED,0
F001,Smart Campus,B002,Building B,BLK-B1,Block B1,SP-004,Open Workspace B1,Workspace,2026-01-03 19:00:00,150,37,113,24.67,LOW,0
F001,Smart Campus,B002,Building B,BLK-B1,Block B1,SP-005,Meeting Room B,Meeting Room,2026-01-03 19:00:00,25,2,23,8.0,UNDERUSED,0
F001,Smart Campus,B002,Building B,BLK-B2,Block B2,SP-006,Cafeteria B,Cafeteria,2026-01-03 19:00:00,180,23,157,12.78,UNDERUSED,0
F001,Smart Campus,B003,Building C,BLK-C1,Block C1,SP-007,Open Workspace C1,Workspace,2026-01-03 19:00:00,100,17,83,17.0,LOW,0
F001,Smart Campus,B003,Building C,BLK-C1,Block C1,SP-008,Server Operations Room,Restricted Area,2026-01-03 19:00:00,20,6,14,30.0,LOW,0
F001,Smart Campus,B001,Building A,BLK-A1,Block A1,SP-001,Open Workspace A1,Workspace,2026-01-03 20:00:00,120,36,84,30.0,LOW,0
F001,Smart Campus,B001,Building A,BLK-A1,Block A1,SP-002,Conference Room A,Meeting Room,2026-01-03 20:00:00,30,1,29,3.33,UNDERUSED,0
F001,Smart Campus,B001,Building A,BLK-A2,Block A2,SP-003,Training Hall A,Training Room,2026-01-03 20:00:00,80,2,78,2.5,UNDERUSED,0
F001,Smart Campus,B002,Building B,BLK-B1,Block B1,SP-004,Open Workspace B1,Workspace,2026-01-03 20:00:00,150,51,99,34.0,LOW,0
F001,Smart Campus,B002,Building B,BLK-B1,Block B1,SP-005,Meeting Room B,Meeting Room,2026-01-03 20:00:00,25,2,23,8.0,UNDERUSED,0
F001,Smart Campus,B002,Building B,BLK-B2,Block B2,SP-006,Cafeteria B,Cafeteria,2026-01-03 20:00:00,180,18,162,10.0,UNDERUSED,0
F001,Smart Campus,B003,Building C,BLK-C1,Block C1,SP-007,Open Workspace C1,Workspace,2026-01-03 20:00:00,100,29,71,29.0,LOW,0
F001,Smart Campus,B003,Building C,BLK-C1,Block C1,SP-008,Server Operations Room,Restricted Area,2026-01-03 20:00:00,20,5,15,25.0,LOW,0
F001,Smart Campus,B001,Building A,BLK-A1,Block A1,SP-001,Open Workspace A1,Workspace,2026-01-03 21:00:00,120,2,118,1.67,UNDERUSED,0
F001,Smart Campus,B001,Building A,BLK-A1,Block A1,SP-002,Conference Room A,Meeting Room,2026-01-03 21:00:00,30,1,29,3.33,UNDERUSED,0
F001,Smart Campus,B001,Building A,BLK-A2,Block A2,SP-003,Training Hall A,Training Room,2026-01-03 21:00:00,80,4,76,5.0,UNDERUSED,0
F001,Smart Campus,B002,Building B,BLK-B1,Block B1,SP-004,Open Workspace B1,Workspace,2026-01-03 21:00:00,150,13,137,8.67,UNDERUSED,0
F001,Smart Campus,B002,Building B,BLK-B1,Block B1,SP-005,Meeting Room B,Meeting Room,2026-01-03 21:00:00,25,2,23,8.0,UNDERUSED,0
F001,Smart Campus,B002,Building B,BLK-B2,Block B2,SP-006,Cafeteria B,Cafeteria,2026-01-03 21:00:00,180,19,161,10.56,UNDERUSED,0
F001,Smart Campus,B003,Building C,BLK-C1,Block C1,SP-007,Open Workspace C1,Workspace,2026-01-03 21:00:00,100,9,91,9.0,UNDERUSED,0
F001,Smart Campus,B003,Building C,BLK-C1,Block C1,SP-008,Server Operations Room,Restricted Area,2026-01-03 21:00:00,20,3,17,15.0,LOW,0
F001,Smart Campus,B001,Building A,BLK-A1,Block A1,SP-001,Open Workspace A1,Workspace,2026-01-03 22:00:00,120,9,111,7.5,UNDERUSED,0
F001,Smart Campus,B001,Building A,BLK-A1,Block A1,SP-002,Conference Room A,Meeting Room,2026-01-03 22:00:00,30,35,0,116.67,OVERCROWDED,1
F001,Smart Campus,B001,Building A,BLK-A2,Block A2,SP-003,Training Hall A,Training Room,2026-01-03 22:00:00,80,4,76,5.0,UNDERUSED,0
F001,Smart Campus,B002,Building B,BLK-B1,Block B1,SP-004,Open Workspace B1,Workspace,2026-01-03 22:00:00,150,3,147,2.0,UNDERUSED,0
F001,Smart Campus,B002,Building B,BLK-B1,Block B1,SP-005,Meeting Room B,Meeting Room,2026-01-03 22:00:00,25,0,25,0.0,UNDERUSED,0
F001,Smart Campus,B002,Building B,BLK-B2,Block B2,SP-006,Cafeteria B,Cafeteria,2026-01-03 22:00:00,180,9,171,5.0,UNDERUSED,0
F001,Smart Campus,B003,Building C,BLK-C1,Block C1,SP-007,Open Workspace C1,Workspace,2026-01-03 22:00:00,100,4,96,4.0,UNDERUSED,0
F001,Smart Campus,B003,Building C,BLK-C1,Block C1,SP-008,Server Operations Room,Restricted Area,2026-01-03 22:00:00,20,5,15,25.0,LOW,0
F001,Smart Campus,B001,Building A,BLK-A1,Block A1,SP-001,Open Workspace A1,Workspace,2026-01-03 23:00:00,120,7,113,5.83,UNDERUSED,0
F001,Smart Campus,B001,Building A,BLK-A1,Block A1,SP-002,Conference Room A,Meeting Room,2026-01-03 23:00:00,30,0,30,0.0,UNDERUSED,0
F001,Smart Campus,B001,Building A,BLK-A2,Block A2,SP-003,Training Hall A,Training Room,2026-01-03 23:00:00,80,4,76,5.0,UNDERUSED,0
F001,Smart Campus,B002,Building B,BLK-B1,Block B1,SP-004,Open Workspace B1,Workspace,2026-01-03 23:00:00,150,5,145,3.33,UNDERUSED,0
F001,Smart Campus,B002,Building B,BLK-B1,Block B1,SP-005,Meeting Room B,Meeting Room,2026-01-03 23:00:00,25,1,24,4.0,UNDERUSED,0
F001,Smart Campus,B002,Building B,BLK-B2,Block B2,SP-006,Cafeteria B,Cafeteria,2026-01-03 23:00:00,180,10,170,5.56,UNDERUSED,0
F001,Smart Campus,B003,Building C,BLK-C1,Block C1,SP-007,Open Workspace C1,Workspace,2026-01-03 23:00:00,100,2,98,2.0,UNDERUSED,0
F001,Smart Campus,B003,Building C,BLK-C1,Block C1,SP-008,Server Operations Room,Restricted Area,2026-01-03 23:00:00,20,3,17,15.0,LOW,0
F001,Smart Campus,B001,Building A,BLK-A1,Block A1,SP-001,Open Workspace A1,Workspace,2026-01-04 00:00:00,120,6,114,5.0,UNDERUSED,0
F001,Smart Campus,B001,Building A,BLK-A1,Block A1,SP-002,Conference Room A,Meeting Room,2026-01-04 00:00:00,30,0,30,0.0,UNDERUSED,0
F001,Smart Campus,B001,Building A,BLK-A2,Block A2,SP-003,Training Hall A,Training Room,2026-01-04 00:00:00,80,85,0,106.25,OVERCROWDED,1
F001,Smart Campus,B002,Building B,BLK-B1,Block B1,SP-004,Open Workspace B1,Workspace,2026-01-04 00:00:00,150,4,146,2.67,UNDERUSED,0
F001,Smart Campus,B002,Building B,BLK-B1,Block B1,SP-005,Meeting Room B,Meeting Room,2026-01-04 00:00:00,25,1,24,4.0,UNDERUSED,0
F001,Smart Campus,B002,Building B,BLK-B2,Block B2,SP-006,Cafeteria B,Cafeteria,2026-01-04 00:00:00,180,4,176,2.22,UNDERUSED,0
F001,Smart Campus,B003,Building C,BLK-C1,Block C1,SP-007,Open Workspace C1,Workspace,2026-01-04 00:00:00,100,3,97,3.0,UNDERUSED,0
F001,Smart Campus,B003,Building C,BLK-C1,Block C1,SP-008,Server Operations Room,Restricted Area,2026-01-04 00:00:00,20,5,15,25.0,LOW,0
F001,Smart Campus,B001,Building A,BLK-A1,Block A1,SP-001,Open Workspace A1,Workspace,2026-01-04 01:00:00,120,10,110,8.33,UNDERUSED,0
F001,Smart Campus,B001,Building A,BLK-A1,Block A1,SP-002,Conference Room A,Meeting Room,2026-01-04 01:00:00,30,0,30,0.0,UNDERUSED,0
F001,Smart Campus,B001,Building A,BLK-A2,Block A2,SP-003,Training Hall A,Training Room,2026-01-04 01:00:00,80,0,80,0.0,UNDERUSED,0
F001,Smart Campus,B002,Building B,BLK-B1,Block B1,SP-004,Open Workspace B1,Workspace,2026-01-04 01:00:00,150,14,136,9.33,UNDERUSED,0
F001,Smart Campus,B002,Building B,BLK-B1,Block B1,SP-005,Meeting Room B,Meeting Room,2026-01-04 01:00:00,25,1,24,4.0,UNDERUSED,0
F001,Smart Campus,B002,Building B,BLK-B2,Block B2,SP-006,Cafeteria B,Cafeteria,2026-01-04 01:00:00,180,20,160,11.11,UNDERUSED,0
F001,Smart Campus,B003,Building C,BLK-C1,Block C1,SP-007,Open Workspace C1,Workspace,2026-01-04 01:00:00,100,2,98,2.0,UNDERUSED,0
F001,Smart Campus,B003,Building C,BLK-C1,Block C1,SP-008,Server Operations Room,Restricted Area,2026-01-04 01:00:00,20,3,17,15.0,LOW,0
F001,Smart Campus,B001,Building A,BLK-A1,Block A1,SP-001,Open Workspace A1,Workspace,2026-01-04 02:00:00,120,8,112,6.67,UNDERUSED,0
F001,Smart Campus,B001,Building A,BLK-A1,Block A1,SP-002,Conference Room A,Meeting Room,2026-01-04 02:00:00,30,3,27,10.0,UNDERUSED,0
F001,Smart Campus,B001,Building A,BLK-A2,Block A2,SP-003,Training Hall A,Training Room,2026-01-04 02:00:00,80,5,75,6.25,UNDERUSED,0
F001,Smart Campus,B002,Building B,BLK-B1,Block B1,SP-004,Open Workspace B1,Workspace,2026-01-04 02:00:00,150,9,141,6.0,UNDERUSED,0
F001,Smart Campus,B002,Building B,BLK-B1,Block B1,SP-005,Meeting Room B,Meeting Room,2026-01-04 02:00:00,25,1,24,4.0,UNDERUSED,0
F001,Smart Campus,B002,Building B,BLK-B2,Block B2,SP-006,Cafeteria B,Cafeteria,2026-01-04 02:00:00,180,12,168,6.67,UNDERUSED,0
F001,Smart Campus,B003,Building C,BLK-C1,Block C1,SP-007,Open Workspace C1,Workspace,2026-01-04 02:00:00,100,3,97,3.0,UNDERUSED,0
F001,Smart Campus,B003,Building C,BLK-C1,Block C1,SP-008,Server Operations Room,Restricted Area,2026-01-04 02:00:00,20,2,18,10.0,UNDERUSED,0
F001,Smart Campus,B001,Building A,BLK-A1,Block A1,SP-001,Open Workspace A1,Workspace,2026-01-04 03:00:00,120,11,109,9.17,UNDERUSED,0
F001,Smart Campus,B001,Building A,BLK-A1,Block A1,SP-002,Conference Room A,Meeting Room,2026-01-04 03:00:00,30,2,28,6.67,UNDERUSED,0
F001,Smart Campus,B001,Building A,BLK-A2,Block A2,SP-003,Training Hall A,Training Room,2026-01-04 03:00:00,80,5,75,6.25,UNDERUSED,0
F001,Smart Campus,B002,Building B,BLK-B1,Block B1,SP-004,Open Workspace B1,Workspace,2026-01-04 03:00:00,150,3,147,2.0,UNDERUSED,0
F001,Smart Campus,B002,Building B,BLK-B1,Block B1,SP-005,Meeting Room B,Meeting Room,2026-01-04 03:00:00,25,2,23,8.0,UNDERUSED,0
F001,Smart Campus,B002,Building B,BLK-B2,Block B2,SP-006,Cafeteria B,Cafeteria,2026-01-04 03:00:00,180,19,161,10.56,UNDERUSED,0
F001,Smart Campus,B003,Building C,BLK-C1,Block C1,SP-007,Open Workspace C1,Workspace,2026-01-04 03:00:00,100,8,92,8.0,UNDERUSED,0
F001,Smart Campus,B003,Building C,BLK-C1,Block C1,SP-008,Server Operations Room,Restricted Area,2026-01-04 03:00:00,20,6,14,30.0,LOW,0
F001,Smart Campus,B001,Building A,BLK-A1,Block A1,SP-001,Open Workspace A1,Workspace,2026-01-04 04:00:00,120,6,114,5.0,UNDERUSED,0
F001,Smart Campus,B001,Building A,BLK-A1,Block A1,SP-002,Conference Room A,Meeting Room,2026-01-04 04:00:00,30,2,28,6.67,UNDERUSED,0
F001,Smart Campus,B001,Building A,BLK-A2,Block A2,SP-003,Training Hall A,Training Room,2026-01-04 04:00:00,80,4,76,5.0,UNDERUSED,0
F001,Smart Campus,B002,Building B,BLK-B1,Block B1,SP-004,Open Workspace B1,Workspace,2026-01-04 04:00:00,150,10,140,6.67,UNDERUSED,0
F001,Smart Campus,B002,Building B,BLK-B1,Block B1,SP-005,Meeting Room B,Meeting Room,2026-01-04 04:00:00,25,0,25,0.0,UNDERUSED,0
F001,Smart Campus,B002,Building B,BLK-B2,Block B2,SP-006,Cafeteria B,Cafeteria,2026-01-04 04:00:00,180,11,169,6.11,UNDERUSED,0
F001,Smart Campus,B003,Building C,BLK-C1,Block C1,SP-007,Open Workspace C1,Workspace,2026-01-04 04:00:00,100,2,98,2.0,UNDERUSED,0
F001,Smart Campus,B003,Building C,BLK-C1,Block C1,SP-008,Server Operations Room,Restricted Area,2026-01-04 04:00:00,20,3,17,15.0,LOW,0
F001,Smart Campus,B001,Building A,BLK-A1,Block A1,SP-001,Open Workspace A1,Workspace,2026-01-04 05:00:00,120,2,118,1.67,UNDERUSED,0
F001,Smart Campus,B001,Building A,BLK-A1,Block A1,SP-002,Conference Room A,Meeting Room,2026-01-04 05:00:00,30,0,30,0.0,UNDERUSED,0
F001,Smart Campus,B001,Building A,BLK-A2,Block A2,SP-003,Training Hall A,Training Room,2026-01-04 05:00:00,80,5,75,6.25,UNDERUSED,0
F001,Smart Campus,B002,Building B,BLK-B1,Block B1,SP-004,Open Workspace B1,Workspace,2026-01-04 05:00:00,150,8,142,5.33,UNDERUSED,0
F001,Smart Campus,B002,Building B,BLK-B1,Block B1,SP-005,Meeting Room B,Meeting Room,2026-01-04 05:00:00,25,1,24,4.0,UNDERUSED,0
F001,Smart Campus,B002,Building B,BLK-B2,Block B2,SP-006,Cafeteria B,Cafeteria,2026-01-04 05:00:00,180,25,155,13.89,UNDERUSED,0
F001,Smart Campus,B003,Building C,BLK-C1,Block C1,SP-007,Open Workspace C1,Workspace,2026-01-04 05:00:00,100,8,92,8.0,UNDERUSED,0
F001,Smart Campus,B003,Building C,BLK-C1,Block C1,SP-008,Server Operations Room,Restricted Area,2026-01-04 05:00:00,20,3,17,15.0,LOW,0
F001,Smart Campus,B001,Building A,BLK-A1,Block A1,SP-001,Open Workspace A1,Workspace,2026-01-04 06:00:00,120,3,117,2.5,UNDERUSED,0
F001,Smart Campus,B001,Building A,BLK-A1,Block A1,SP-002,Conference Room A,Meeting Room,2026-01-04 06:00:00,30,0,30,0.0,UNDERUSED,0
F001,Smart Campus,B001,Building A,BLK-A2,Block A2,SP-003,Training Hall A,Training Room,2026-01-04 06:00:00,80,2,78,2.5,UNDERUSED,0
F001,Smart Campus,B002,Building B,BLK-B1,Block B1,SP-004,Open Workspace B1,Workspace,2026-01-04 06:00:00,150,8,142,5.33,UNDERUSED,0
F001,Smart Campus,B002,Building B,BLK-B1,Block B1,SP-005,Meeting Room B,Meeting Room,2026-01-04 06:00:00,25,1,24,4.0,UNDERUSED,0
F001,Smart Campus,B002,Building B,BLK-B2,Block B2,SP-006,Cafeteria B,Cafeteria,2026-01-04 06:00:00,180,14,166,7.78,UNDERUSED,0
F001,Smart Campus,B003,Building C,BLK-C1,Block C1,SP-007,Open Workspace C1,Workspace,2026-01-04 06:00:00,100,2,98,2.0,UNDERUSED,0
F001,Smart Campus,B003,Building C,BLK-C1,Block C1,SP-008,Server Operations Room,Restricted Area,2026-01-04 06:00:00,20,3,17,15.0,LOW,0
F001,Smart Campus,B001,Building A,BLK-A1,Block A1,SP-001,Open Workspace A1,Workspace,2026-01-04 07:00:00,120,5,115,4.17,UNDERUSED,0
F001,Smart Campus,B001,Building A,BLK-A1,Block A1,SP-002,Conference Room A,Meeting Room,2026-01-04 07:00:00,30,2,28,6.67,UNDERUSED,0
F001,Smart Campus,B001,Building A,BLK-A2,Block A2,SP-003,Training Hall A,Training Room,2026-01-04 07:00:00,80,0,80,0.0,UNDERUSED,0
F001,Smart Campus,B002,Building B,BLK-B1,Block B1,SP-004,Open Workspace B1,Workspace,2026-01-04 07:00:00,150,11,139,7.33,UNDERUSED,0
F001,Smart Campus,B002,Building B,BLK-B1,Block B1,SP-005,Meeting Room B,Meeting Room,2026-01-04 07:00:00,25,2,23,8.0,UNDERUSED,0
F001,Smart Campus,B002,Building B,BLK-B2,Block B2,SP-006,Cafeteria B,Cafeteria,2026-01-04 07:00:00,180,25,155,13.89,UNDERUSED,0
F001,Smart Campus,B003,Building C,BLK-C1,Block C1,SP-007,Open Workspace C1,Workspace,2026-01-04 07:00:00,100,4,96,4.0,UNDERUSED,0
F001,Smart Campus,B003,Building C,BLK-C1,Block C1,SP-008,Server Operations Room,Restricted Area,2026-01-04 07:00:00,20,2,18,10.0,UNDERUSED,0
F001,Smart Campus,B001,Building A,BLK-A1,Block A1,SP-001,Open Workspace A1,Workspace,2026-01-04 08:00:00,120,12,108,10.0,UNDERUSED,0
F001,Smart Campus,B001,Building A,BLK-A1,Block A1,SP-002,Conference Room A,Meeting Room,2026-01-04 08:00:00,30,1,29,3.33,UNDERUSED,0
F001,Smart Campus,B001,Building A,BLK-A2,Block A2,SP-003,Training Hall A,Training Room,2026-01-04 08:00:00,80,6,74,7.5,UNDERUSED,0
F001,Smart Campus,B002,Building B,BLK-B1,Block B1,SP-004,Open Workspace B1,Workspace,2026-01-04 08:00:00,150,7,143,4.67,UNDERUSED,0
F001,Smart Campus,B002,Building B,BLK-B1,Block B1,SP-005,Meeting Room B,Meeting Room,2026-01-04 08:00:00,25,2,23,8.0,UNDERUSED,0
F001,Smart Campus,B002,Building B,BLK-B2,Block B2,SP-006,Cafeteria B,Cafeteria,2026-01-04 08:00:00,180,82,98,45.56,OPTIMAL,0
F001,Smart Campus,B003,Building C,BLK-C1,Block C1,SP-007,Open Workspace C1,Workspace,2026-01-04 08:00:00,100,7,93,7.0,UNDERUSED,0
F001,Smart Campus,B003,Building C,BLK-C1,Block C1,SP-008,Server Operations Room,Restricted Area,2026-01-04 08:00:00,20,5,15,25.0,LOW,0
F001,Smart Campus,B001,Building A,BLK-A1,Block A1,SP-001,Open Workspace A1,Workspace,2026-01-04 09:00:00,120,89,31,74.17,OPTIMAL,0
F001,Smart Campus,B001,Building A,BLK-A1,Block A1,SP-002,Conference Room A,Meeting Room,2026-01-04 09:00:00,30,10,20,33.33,LOW,0
F001,Smart Campus,B001,Building A,BLK-A2,Block A2,SP-003,Training Hall A,Training Room,2026-01-04 09:00:00,80,61,19,76.25,HIGH,0
F001,Smart Campus,B002,Building B,BLK-B1,Block B1,SP-004,Open Workspace B1,Workspace,2026-01-04 09:00:00,150,106,44,70.67,OPTIMAL,0
F001,Smart Campus,B002,Building B,BLK-B1,Block B1,SP-005,Meeting Room B,Meeting Room,2026-01-04 09:00:00,25,6,19,24.0,LOW,0
F001,Smart Campus,B002,Building B,BLK-B2,Block B2,SP-006,Cafeteria B,Cafeteria,2026-01-04 09:00:00,180,50,130,27.78,LOW,0
F001,Smart Campus,B003,Building C,BLK-C1,Block C1,SP-007,Open Workspace C1,Workspace,2026-01-04 09:00:00,100,86,14,86.0,HIGH,0
F001,Smart Campus,B003,Building C,BLK-C1,Block C1,SP-008,Server Operations Room,Restricted Area,2026-01-04 09:00:00,20,1,19,5.0,UNDERUSED,0
F001,Smart Campus,B001,Building A,BLK-A1,Block A1,SP-001,Open Workspace A1,Workspace,2026-01-04 10:00:00,120,101,19,84.17,HIGH,0
F001,Smart Campus,B001,Building A,BLK-A1,Block A1,SP-002,Conference Room A,Meeting Room,2026-01-04 10:00:00,30,13,17,43.33,OPTIMAL,0
F001,Smart Campus,B001,Building A,BLK-A2,Block A2,SP-003,Training Hall A,Training Room,2026-01-04 10:00:00,80,56,24,70.0,OPTIMAL,0
F001,Smart Campus,B002,Building B,BLK-B1,Block B1,SP-004,Open Workspace B1,Workspace,2026-01-04 10:00:00,150,128,22,85.33,HIGH,0
F001,Smart Campus,B002,Building B,BLK-B1,Block B1,SP-005,Meeting Room B,Meeting Room,2026-01-04 10:00:00,25,12,13,48.0,OPTIMAL,0
F001,Smart Campus,B002,Building B,BLK-B2,Block B2,SP-006,Cafeteria B,Cafeteria,2026-01-04 10:00:00,180,19,161,10.56,UNDERUSED,0
F001,Smart Campus,B003,Building C,BLK-C1,Block C1,SP-007,Open Workspace C1,Workspace,2026-01-04 10:00:00,100,76,24,76.0,HIGH,0
F001,Smart Campus,B003,Building C,BLK-C1,Block C1,SP-008,Server Operations Room,Restricted Area,2026-01-04 10:00:00,20,5,15,25.0,LOW,0
F001,Smart Campus,B001,Building A,BLK-A1,Block A1,SP-001,Open Workspace A1,Workspace,2026-01-04 11:00:00,120,94,26,78.33,HIGH,0
F001,Smart Campus,B001,Building A,BLK-A1,Block A1,SP-002,Conference Room A,Meeting Room,2026-01-04 11:00:00,30,22,8,73.33,OPTIMAL,0
F001,Smart Campus,B001,Building A,BLK-A2,Block A2,SP-003,Training Hall A,Training Room,2026-01-04 11:00:00,80,56,24,70.0,OPTIMAL,0
F001,Smart Campus,B002,Building B,BLK-B1,Block B1,SP-004,Open Workspace B1,Workspace,2026-01-04 11:00:00,150,133,17,88.67,HIGH,0
F001,Smart Campus,B002,Building B,BLK-B1,Block B1,SP-005,Meeting Room B,Meeting Room,2026-01-04 11:00:00,25,13,12,52.0,OPTIMAL,0
F001,Smart Campus,B002,Building B,BLK-B2,Block B2,SP-006,Cafeteria B,Cafeteria,2026-01-04 11:00:00,180,13,167,7.22,UNDERUSED,0
F001,Smart Campus,B003,Building C,BLK-C1,Block C1,SP-007,Open Workspace C1,Workspace,2026-01-04 11:00:00,100,89,11,89.0,HIGH,0
F001,Smart Campus,B003,Building C,BLK-C1,Block C1,SP-008,Server Operations Room,Restricted Area,2026-01-04 11:00:00,20,6,14,30.0,LOW,0
F001,Smart Campus,B001,Building A,BLK-A1,Block A1,SP-001,Open Workspace A1,Workspace,2026-01-04 12:00:00,120,50,70,41.67,OPTIMAL,0
F001,Smart Campus,B001,Building A,BLK-A1,Block A1,SP-002,Conference Room A,Meeting Room,2026-01-04 12:00:00,30,23,7,76.67,HIGH,0
F001,Smart Campus,B001,Building A,BLK-A2,Block A2,SP-003,Training Hall A,Training Room,2026-01-04 12:00:00,80,21,59,26.25,LOW,0
F001,Smart Campus,B002,Building B,BLK-B1,Block B1,SP-004,Open Workspace B1,Workspace,2026-01-04 12:00:00,150,84,66,56.0,OPTIMAL,0
F001,Smart Campus,B002,Building B,BLK-B1,Block B1,SP-005,Meeting Room B,Meeting Room,2026-01-04 12:00:00,25,17,8,68.0,OPTIMAL,0
F001,Smart Campus,B002,Building B,BLK-B2,Block B2,SP-006,Cafeteria B,Cafeteria,2026-01-04 12:00:00,180,167,13,92.78,HIGH,0
F001,Smart Campus,B003,Building C,BLK-C1,Block C1,SP-007,Open Workspace C1,Workspace,2026-01-04 12:00:00,100,46,54,46.0,OPTIMAL,0
F001,Smart Campus,B003,Building C,BLK-C1,Block C1,SP-008,Server Operations Room,Restricted Area,2026-01-04 12:00:00,20,2,18,10.0,UNDERUSED,0
F001,Smart Campus,B001,Building A,BLK-A1,Block A1,SP-001,Open Workspace A1,Workspace,2026-01-04 13:00:00,120,52,68,43.33,OPTIMAL,0
F001,Smart Campus,B001,Building A,BLK-A1,Block A1,SP-002,Conference Room A,Meeting Room,2026-01-04 13:00:00,30,7,23,23.33,LOW,0
F001,Smart Campus,B001,Building A,BLK-A2,Block A2,SP-003,Training Hall A,Training Room,2026-01-04 13:00:00,80,27,53,33.75,LOW,0
F001,Smart Campus,B002,Building B,BLK-B1,Block B1,SP-004,Open Workspace B1,Workspace,2026-01-04 13:00:00,150,67,83,44.67,OPTIMAL,0
F001,Smart Campus,B002,Building B,BLK-B1,Block B1,SP-005,Meeting Room B,Meeting Room,2026-01-04 13:00:00,25,20,5,80.0,HIGH,0
F001,Smart Campus,B002,Building B,BLK-B2,Block B2,SP-006,Cafeteria B,Cafeteria,2026-01-04 13:00:00,180,155,25,86.11,HIGH,0
F001,Smart Campus,B003,Building C,BLK-C1,Block C1,SP-007,Open Workspace C1,Workspace,2026-01-04 13:00:00,100,38,62,38.0,LOW,0
F001,Smart Campus,B003,Building C,BLK-C1,Block C1,SP-008,Server Operations Room,Restricted Area,2026-01-04 13:00:00,20,6,14,30.0,LOW,0
F001,Smart Campus,B001,Building A,BLK-A1,Block A1,SP-001,Open Workspace A1,Workspace,2026-01-04 14:00:00,120,77,43,64.17,OPTIMAL,0
F001,Smart Campus,B001,Building A,BLK-A1,Block A1,SP-002,Conference Room A,Meeting Room,2026-01-04 14:00:00,30,31,0,103.33,OVERCROWDED,1
F001,Smart Campus,B001,Building A,BLK-A2,Block A2,SP-003,Training Hall A,Training Room,2026-01-04 14:00:00,80,28,52,35.0,LOW,0
F001,Smart Campus,B002,Building B,BLK-B1,Block B1,SP-004,Open Workspace B1,Workspace,2026-01-04 14:00:00,150,113,37,75.33,HIGH,0
F001,Smart Campus,B002,Building B,BLK-B1,Block B1,SP-005,Meeting Room B,Meeting Room,2026-01-04 14:00:00,25,14,11,56.0,OPTIMAL,0
F001,Smart Campus,B002,Building B,BLK-B2,Block B2,SP-006,Cafeteria B,Cafeteria,2026-01-04 14:00:00,180,139,41,77.22,HIGH,0
F001,Smart Campus,B003,Building C,BLK-C1,Block C1,SP-007,Open Workspace C1,Workspace,2026-01-04 14:00:00,100,61,39,61.0,OPTIMAL,0
F001,Smart Campus,B003,Building C,BLK-C1,Block C1,SP-008,Server Operations Room,Restricted Area,2026-01-04 14:00:00,20,6,14,30.0,LOW,0
F001,Smart Campus,B001,Building A,BLK-A1,Block A1,SP-001,Open Workspace A1,Workspace,2026-01-04 15:00:00,120,76,44,63.33,OPTIMAL,0
F001,Smart Campus,B001,Building A,BLK-A1,Block A1,SP-002,Conference Room A,Meeting Room,2026-01-04 15:00:00,30,18,12,60.0,OPTIMAL,0
F001,Smart Campus,B001,Building A,BLK-A2,Block A2,SP-003,Training Hall A,Training Room,2026-01-04 15:00:00,80,41,39,51.25,OPTIMAL,0
F001,Smart Campus,B002,Building B,BLK-B1,Block B1,SP-004,Open Workspace B1,Workspace,2026-01-04 15:00:00,150,96,54,64.0,OPTIMAL,0
F001,Smart Campus,B002,Building B,BLK-B1,Block B1,SP-005,Meeting Room B,Meeting Room,2026-01-04 15:00:00,25,15,10,60.0,OPTIMAL,0
F001,Smart Campus,B002,Building B,BLK-B2,Block B2,SP-006,Cafeteria B,Cafeteria,2026-01-04 15:00:00,180,13,167,7.22,UNDERUSED,0
F001,Smart Campus,B003,Building C,BLK-C1,Block C1,SP-007,Open Workspace C1,Workspace,2026-01-04 15:00:00,100,62,38,62.0,OPTIMAL,0
F001,Smart Campus,B003,Building C,BLK-C1,Block C1,SP-008,Server Operations Room,Restricted Area,2026-01-04 15:00:00,20,1,19,5.0,UNDERUSED,0
F001,Smart Campus,B001,Building A,BLK-A1,Block A1,SP-001,Open Workspace A1,Workspace,2026-01-04 16:00:00,120,89,31,74.17,OPTIMAL,0
F001,Smart Campus,B001,Building A,BLK-A1,Block A1,SP-002,Conference Room A,Meeting Room,2026-01-04 16:00:00,30,17,13,56.67,OPTIMAL,0
F001,Smart Campus,B001,Building A,BLK-A2,Block A2,SP-003,Training Hall A,Training Room,2026-01-04 16:00:00,80,39,41,48.75,OPTIMAL,0
F001,Smart Campus,B002,Building B,BLK-B1,Block B1,SP-004,Open Workspace B1,Workspace,2026-01-04 16:00:00,150,131,19,87.33,HIGH,0
F001,Smart Campus,B002,Building B,BLK-B1,Block B1,SP-005,Meeting Room B,Meeting Room,2026-01-04 16:00:00,25,5,20,20.0,LOW,0
F001,Smart Campus,B002,Building B,BLK-B2,Block B2,SP-006,Cafeteria B,Cafeteria,2026-01-04 16:00:00,180,61,119,33.89,LOW,0
F001,Smart Campus,B003,Building C,BLK-C1,Block C1,SP-007,Open Workspace C1,Workspace,2026-01-04 16:00:00,100,78,22,78.0,HIGH,0
F001,Smart Campus,B003,Building C,BLK-C1,Block C1,SP-008,Server Operations Room,Restricted Area,2026-01-04 16:00:00,20,5,15,25.0,LOW,0
F001,Smart Campus,B001,Building A,BLK-A1,Block A1,SP-001,Open Workspace A1,Workspace,2026-01-04 17:00:00,120,73,47,60.83,OPTIMAL,0
F001,Smart Campus,B001,Building A,BLK-A1,Block A1,SP-002,Conference Room A,Meeting Room,2026-01-04 17:00:00,30,22,8,73.33,OPTIMAL,0
F001,Smart Campus,B001,Building A,BLK-A2,Block A2,SP-003,Training Hall A,Training Room,2026-01-04 17:00:00,80,5,75,6.25,UNDERUSED,0
F001,Smart Campus,B002,Building B,BLK-B1,Block B1,SP-004,Open Workspace B1,Workspace,2026-01-04 17:00:00,150,119,31,79.33,HIGH,0
F001,Smart Campus,B002,Building B,BLK-B1,Block B1,SP-005,Meeting Room B,Meeting Room,2026-01-04 17:00:00,25,18,7,72.0,OPTIMAL,0
F001,Smart Campus,B002,Building B,BLK-B2,Block B2,SP-006,Cafeteria B,Cafeteria,2026-01-04 17:00:00,180,80,100,44.44,OPTIMAL,0
F001,Smart Campus,B003,Building C,BLK-C1,Block C1,SP-007,Open Workspace C1,Workspace,2026-01-04 17:00:00,100,68,32,68.0,OPTIMAL,0
F001,Smart Campus,B003,Building C,BLK-C1,Block C1,SP-008,Server Operations Room,Restricted Area,2026-01-04 17:00:00,20,2,18,10.0,UNDERUSED,0
F001,Smart Campus,B001,Building A,BLK-A1,Block A1,SP-001,Open Workspace A1,Workspace,2026-01-04 18:00:00,120,46,74,38.33,LOW,0
F001,Smart Campus,B001,Building A,BLK-A1,Block A1,SP-002,Conference Room A,Meeting Room,2026-01-04 18:00:00,30,3,27,10.0,UNDERUSED,0
F001,Smart Campus,B001,Building A,BLK-A2,Block A2,SP-003,Training Hall A,Training Room,2026-01-04 18:00:00,80,2,78,2.5,UNDERUSED,0
F001,Smart Campus,B002,Building B,BLK-B1,Block B1,SP-004,Open Workspace B1,Workspace,2026-01-04 18:00:00,150,30,120,20.0,LOW,0
F001,Smart Campus,B002,Building B,BLK-B1,Block B1,SP-005,Meeting Room B,Meeting Room,2026-01-04 18:00:00,25,2,23,8.0,UNDERUSED,0
F001,Smart Campus,B002,Building B,BLK-B2,Block B2,SP-006,Cafeteria B,Cafeteria,2026-01-04 18:00:00,180,11,169,6.11,UNDERUSED,0
F001,Smart Campus,B003,Building C,BLK-C1,Block C1,SP-007,Open Workspace C1,Workspace,2026-01-04 18:00:00,100,24,76,24.0,LOW,0
F001,Smart Campus,B003,Building C,BLK-C1,Block C1,SP-008,Server Operations Room,Restricted Area,2026-01-04 18:00:00,20,5,15,25.0,LOW,0
F001,Smart Campus,B001,Building A,BLK-A1,Block A1,SP-001,Open Workspace A1,Workspace,2026-01-04 19:00:00,120,30,90,25.0,LOW,0
F001,Smart Campus,B001,Building A,BLK-A1,Block A1,SP-002,Conference Room A,Meeting Room,2026-01-04 19:00:00,30,1,29,3.33,UNDERUSED,0
F001,Smart Campus,B001,Building A,BLK-A2,Block A2,SP-003,Training Hall A,Training Room,2026-01-04 19:00:00,80,6,74,7.5,UNDERUSED,0
F001,Smart Campus,B002,Building B,BLK-B1,Block B1,SP-004,Open Workspace B1,Workspace,2026-01-04 19:00:00,150,53,97,35.33,LOW,0
F001,Smart Campus,B002,Building B,BLK-B1,Block B1,SP-005,Meeting Room B,Meeting Room,2026-01-04 19:00:00,25,0,25,0.0,UNDERUSED,0
F001,Smart Campus,B002,Building B,BLK-B2,Block B2,SP-006,Cafeteria B,Cafeteria,2026-01-04 19:00:00,180,23,157,12.78,UNDERUSED,0
F001,Smart Campus,B003,Building C,BLK-C1,Block C1,SP-007,Open Workspace C1,Workspace,2026-01-04 19:00:00,100,23,77,23.0,LOW,0
F001,Smart Campus,B003,Building C,BLK-C1,Block C1,SP-008,Server Operations Room,Restricted Area,2026-01-04 19:00:00,20,5,15,25.0,LOW,0
F001,Smart Campus,B001,Building A,BLK-A1,Block A1,SP-001,Open Workspace A1,Workspace,2026-01-04 20:00:00,120,36,84,30.0,LOW,0
F001,Smart Campus,B001,Building A,BLK-A1,Block A1,SP-002,Conference Room A,Meeting Room,2026-01-04 20:00:00,30,2,28,6.67,UNDERUSED,0
F001,Smart Campus,B001,Building A,BLK-A2,Block A2,SP-003,Training Hall A,Training Room,2026-01-04 20:00:00,80,0,80,0.0,UNDERUSED,0
F001,Smart Campus,B002,Building B,BLK-B1,Block B1,SP-004,Open Workspace B1,Workspace,2026-01-04 20:00:00,150,36,114,24.0,LOW,0
F001,Smart Campus,B002,Building B,BLK-B1,Block B1,SP-005,Meeting Room B,Meeting Room,2026-01-04 20:00:00,25,1,24,4.0,UNDERUSED,0
F001,Smart Campus,B002,Building B,BLK-B2,Block B2,SP-006,Cafeteria B,Cafeteria,2026-01-04 20:00:00,180,26,154,14.44,UNDERUSED,0
F001,Smart Campus,B003,Building C,BLK-C1,Block C1,SP-007,Open Workspace C1,Workspace,2026-01-04 20:00:00,100,31,69,31.0,LOW,0
F001,Smart Campus,B003,Building C,BLK-C1,Block C1,SP-008,Server Operations Room,Restricted Area,2026-01-04 20:00:00,20,6,14,30.0,LOW,0
F001,Smart Campus,B001,Building A,BLK-A1,Block A1,SP-001,Open Workspace A1,Workspace,2026-01-04 21:00:00,120,11,109,9.17,UNDERUSED,0
F001,Smart Campus,B001,Building A,BLK-A1,Block A1,SP-002,Conference Room A,Meeting Room,2026-01-04 21:00:00,30,2,28,6.67,UNDERUSED,0
F001,Smart Campus,B001,Building A,BLK-A2,Block A2,SP-003,Training Hall A,Training Room,2026-01-04 21:00:00,80,0,80,0.0,UNDERUSED,0
F001,Smart Campus,B002,Building B,BLK-B1,Block B1,SP-004,Open Workspace B1,Workspace,2026-01-04 21:00:00,150,12,138,8.0,UNDERUSED,0
F001,Smart Campus,B002,Building B,BLK-B1,Block B1,SP-005,Meeting Room B,Meeting Room,2026-01-04 21:00:00,25,1,24,4.0,UNDERUSED,0
F001,Smart Campus,B002,Building B,BLK-B2,Block B2,SP-006,Cafeteria B,Cafeteria,2026-01-04 21:00:00,180,18,162,10.0,UNDERUSED,0
F001,Smart Campus,B003,Building C,BLK-C1,Block C1,SP-007,Open Workspace C1,Workspace,2026-01-04 21:00:00,100,10,90,10.0,UNDERUSED,0
F001,Smart Campus,B003,Building C,BLK-C1,Block C1,SP-008,Server Operations Room,Restricted Area,2026-01-04 21:00:00,20,6,14,30.0,LOW,0
F001,Smart Campus,B001,Building A,BLK-A1,Block A1,SP-001,Open Workspace A1,Workspace,2026-01-04 22:00:00,120,7,113,5.83,UNDERUSED,0
F001,Smart Campus,B001,Building A,BLK-A1,Block A1,SP-002,Conference Room A,Meeting Room,2026-01-04 22:00:00,30,2,28,6.67,UNDERUSED,0
F001,Smart Campus,B001,Building A,BLK-A2,Block A2,SP-003,Training Hall A,Training Room,2026-01-04 22:00:00,80,1,79,1.25,UNDERUSED,0
F001,Smart Campus,B002,Building B,BLK-B1,Block B1,SP-004,Open Workspace B1,Workspace,2026-01-04 22:00:00,150,8,142,5.33,UNDERUSED,0
F001,Smart Campus,B002,Building B,BLK-B1,Block B1,SP-005,Meeting Room B,Meeting Room,2026-01-04 22:00:00,25,1,24,4.0,UNDERUSED,0
F001,Smart Campus,B002,Building B,BLK-B2,Block B2,SP-006,Cafeteria B,Cafeteria,2026-01-04 22:00:00,180,10,170,5.56,UNDERUSED,0
F001,Smart Campus,B003,Building C,BLK-C1,Block C1,SP-007,Open Workspace C1,Workspace,2026-01-04 22:00:00,100,10,90,10.0,UNDERUSED,0
F001,Smart Campus,B003,Building C,BLK-C1,Block C1,SP-008,Server Operations Room,Restricted Area,2026-01-04 22:00:00,20,6,14,30.0,LOW,0
F001,Smart Campus,B001,Building A,BLK-A1,Block A1,SP-001,Open Workspace A1,Workspace,2026-01-04 23:00:00,120,3,117,2.5,UNDERUSED,0
F001,Smart Campus,B001,Building A,BLK-A1,Block A1,SP-002,Conference Room A,Meeting Room,2026-01-04 23:00:00,30,1,29,3.33,UNDERUSED,0
F001,Smart Campus,B001,Building A,BLK-A2,Block A2,SP-003,Training Hall A,Training Room,2026-01-04 23:00:00,80,3,77,3.75,UNDERUSED,0
F001,Smart Campus,B002,Building B,BLK-B1,Block B1,SP-004,Open Workspace B1,Workspace,2026-01-04 23:00:00,150,11,139,7.33,UNDERUSED,0
F001,Smart Campus,B002,Building B,BLK-B1,Block B1,SP-005,Meeting Room B,Meeting Room,2026-01-04 23:00:00,25,1,24,4.0,UNDERUSED,0
F001,Smart Campus,B002,Building B,BLK-B2,Block B2,SP-006,Cafeteria B,Cafeteria,2026-01-04 23:00:00,180,5,175,2.78,UNDERUSED,0
F001,Smart Campus,B003,Building C,BLK-C1,Block C1,SP-007,Open Workspace C1,Workspace,2026-01-04 23:00:00,100,9,91,9.0,UNDERUSED,0
F001,Smart Campus,B003,Building C,BLK-C1,Block C1,SP-008,Server Operations Room,Restricted Area,2026-01-04 23:00:00,20,5,15,25.0,LOW,0
F001,Smart Campus,B001,Building A,BLK-A1,Block A1,SP-001,Open Workspace A1,Workspace,2026-01-05 00:00:00,120,8,112,6.67,UNDERUSED,0
F001,Smart Campus,B001,Building A,BLK-A1,Block A1,SP-002,Conference Room A,Meeting Room,2026-01-05 00:00:00,30,2,28,6.67,UNDERUSED,0
F001,Smart Campus,B001,Building A,BLK-A2,Block A2,SP-003,Training Hall A,Training Room,2026-01-05 00:00:00,80,1,79,1.25,UNDERUSED,0
F001,Smart Campus,B002,Building B,BLK-B1,Block B1,SP-004,Open Workspace B1,Workspace,2026-01-05 00:00:00,150,12,138,8.0,UNDERUSED,0
F001,Smart Campus,B002,Building B,BLK-B1,Block B1,SP-005,Meeting Room B,Meeting Room,2026-01-05 00:00:00,25,1,24,4.0,UNDERUSED,0
F001,Smart Campus,B002,Building B,BLK-B2,Block B2,SP-006,Cafeteria B,Cafeteria,2026-01-05 00:00:00,180,22,158,12.22,UNDERUSED,0
F001,Smart Campus,B003,Building C,BLK-C1,Block C1,SP-007,Open Workspace C1,Workspace,2026-01-05 00:00:00,100,7,93,7.0,UNDERUSED,0
F001,Smart Campus,B003,Building C,BLK-C1,Block C1,SP-008,Server Operations Room,Restricted Area,2026-01-05 00:00:00,20,3,17,15.0,LOW,0
F001,Smart Campus,B001,Building A,BLK-A1,Block A1,SP-001,Open Workspace A1,Workspace,2026-01-05 01:00:00,120,9,111,7.5,UNDERUSED,0
F001,Smart Campus,B001,Building A,BLK-A1,Block A1,SP-002,Conference Room A,Meeting Room,2026-01-05 01:00:00,30,2,28,6.67,UNDERUSED,0
F001,Smart Campus,B001,Building A,BLK-A2,Block A2,SP-003,Training Hall A,Training Room,2026-01-05 01:00:00,80,0,80,0.0,UNDERUSED,0
F001,Smart Campus,B002,Building B,BLK-B1,Block B1,SP-004,Open Workspace B1,Workspace,2026-01-05 01:00:00,150,10,140,6.67,UNDERUSED,0
F001,Smart Campus,B002,Building B,BLK-B1,Block B1,SP-005,Meeting Room B,Meeting Room,2026-01-05 01:00:00,25,2,23,8.0,UNDERUSED,0
F001,Smart Campus,B002,Building B,BLK-B2,Block B2,SP-006,Cafeteria B,Cafeteria,2026-01-05 01:00:00,180,24,156,13.33,UNDERUSED,0
F001,Smart Campus,B003,Building C,BLK-C1,Block C1,SP-007,Open Workspace C1,Workspace,2026-01-05 01:00:00,100,7,93,7.0,UNDERUSED,0
F001,Smart Campus,B003,Building C,BLK-C1,Block C1,SP-008,Server Operations Room,Restricted Area,2026-01-05 01:00:00,20,7,13,35.0,LOW,0
F001,Smart Campus,B001,Building A,BLK-A1,Block A1,SP-001,Open Workspace A1,Workspace,2026-01-05 02:00:00,120,11,109,9.17,UNDERUSED,0
F001,Smart Campus,B001,Building A,BLK-A1,Block A1,SP-002,Conference Room A,Meeting Room,2026-01-05 02:00:00,30,0,30,0.0,UNDERUSED,0
F001,Smart Campus,B001,Building A,BLK-A2,Block A2,SP-003,Training Hall A,Training Room,2026-01-05 02:00:00,80,1,79,1.25,UNDERUSED,0
F001,Smart Campus,B002,Building B,BLK-B1,Block B1,SP-004,Open Workspace B1,Workspace,2026-01-05 02:00:00,150,11,139,7.33,UNDERUSED,0
F001,Smart Campus,B002,Building B,BLK-B1,Block B1,SP-005,Meeting Room B,Meeting Room,2026-01-05 02:00:00,25,2,23,8.0,UNDERUSED,0
F001,Smart Campus,B002,Building B,BLK-B2,Block B2,SP-006,Cafeteria B,Cafeteria,2026-01-05 02:00:00,180,23,157,12.78,UNDERUSED,0
F001,Smart Campus,B003,Building C,BLK-C1,Block C1,SP-007,Open Workspace C1,Workspace,2026-01-05 02:00:00,100,7,93,7.0,UNDERUSED,0
F001,Smart Campus,B003,Building C,BLK-C1,Block C1,SP-008,Server Operations Room,Restricted Area,2026-01-05 02:00:00,20,2,18,10.0,UNDERUSED,0
F001,Smart Campus,B001,Building A,BLK-A1,Block A1,SP-001,Open Workspace A1,Workspace,2026-01-05 03:00:00,120,7,113,5.83,UNDERUSED,0
F001,Smart Campus,B001,Building A,BLK-A1,Block A1,SP-002,Conference Room A,Meeting Room,2026-01-05 03:00:00,30,1,29,3.33,UNDERUSED,0
F001,Smart Campus,B001,Building A,BLK-A2,Block A2,SP-003,Training Hall A,Training Room,2026-01-05 03:00:00,80,1,79,1.25,UNDERUSED,0
F001,Smart Campus,B002,Building B,BLK-B1,Block B1,SP-004,Open Workspace B1,Workspace,2026-01-05 03:00:00,150,11,139,7.33,UNDERUSED,0
F001,Smart Campus,B002,Building B,BLK-B1,Block B1,SP-005,Meeting Room B,Meeting Room,2026-01-05 03:00:00,25,2,23,8.0,UNDERUSED,0
F001,Smart Campus,B002,Building B,BLK-B2,Block B2,SP-006,Cafeteria B,Cafeteria,2026-01-05 03:00:00,180,23,157,12.78,UNDERUSED,0
F001,Smart Campus,B003,Building C,BLK-C1,Block C1,SP-007,Open Workspace C1,Workspace,2026-01-05 03:00:00,100,1,99,1.0,UNDERUSED,0
F001,Smart Campus,B003,Building C,BLK-C1,Block C1,SP-008,Server Operations Room,Restricted Area,2026-01-05 03:00:00,20,4,16,20.0,LOW,0
F001,Smart Campus,B001,Building A,BLK-A1,Block A1,SP-001,Open Workspace A1,Workspace,2026-01-05 04:00:00,120,9,111,7.5,UNDERUSED,0
F001,Smart Campus,B001,Building A,BLK-A1,Block A1,SP-002,Conference Room A,Meeting Room,2026-01-05 04:00:00,30,2,28,6.67,UNDERUSED,0
F001,Smart Campus,B001,Building A,BLK-A2,Block A2,SP-003,Training Hall A,Training Room,2026-01-05 04:00:00,80,4,76,5.0,UNDERUSED,0
F001,Smart Campus,B002,Building B,BLK-B1,Block B1,SP-004,Open Workspace B1,Workspace,2026-01-05 04:00:00,150,14,136,9.33,UNDERUSED,0
F001,Smart Campus,B002,Building B,BLK-B1,Block B1,SP-005,Meeting Room B,Meeting Room,2026-01-05 04:00:00,25,2,23,8.0,UNDERUSED,0
F001,Smart Campus,B002,Building B,BLK-B2,Block B2,SP-006,Cafeteria B,Cafeteria,2026-01-05 04:00:00,180,11,169,6.11,UNDERUSED,0
F001,Smart Campus,B003,Building C,BLK-C1,Block C1,SP-007,Open Workspace C1,Workspace,2026-01-05 04:00:00,100,2,98,2.0,UNDERUSED,0
F001,Smart Campus,B003,Building C,BLK-C1,Block C1,SP-008,Server Operations Room,Restricted Area,2026-01-05 04:00:00,20,4,16,20.0,LOW,0
F001,Smart Campus,B001,Building A,BLK-A1,Block A1,SP-001,Open Workspace A1,Workspace,2026-01-05 05:00:00,120,8,112,6.67,UNDERUSED,0
F001,Smart Campus,B001,Building A,BLK-A1,Block A1,SP-002,Conference Room A,Meeting Room,2026-01-05 05:00:00,30,2,28,6.67,UNDERUSED,0
F001,Smart Campus,B001,Building A,BLK-A2,Block A2,SP-003,Training Hall A,Training Room,2026-01-05 05:00:00,80,6,74,7.5,UNDERUSED,0
F001,Smart Campus,B002,Building B,BLK-B1,Block B1,SP-004,Open Workspace B1,Workspace,2026-01-05 05:00:00,150,3,147,2.0,UNDERUSED,0
F001,Smart Campus,B002,Building B,BLK-B1,Block B1,SP-005,Meeting Room B,Meeting Room,2026-01-05 05:00:00,25,1,24,4.0,UNDERUSED,0
F001,Smart Campus,B002,Building B,BLK-B2,Block B2,SP-006,Cafeteria B,Cafeteria,2026-01-05 05:00:00,180,15,165,8.33,UNDERUSED,0
F001,Smart Campus,B003,Building C,BLK-C1,Block C1,SP-007,Open Workspace C1,Workspace,2026-01-05 05:00:00,100,3,97,3.0,UNDERUSED,0
F001,Smart Campus,B003,Building C,BLK-C1,Block C1,SP-008,Server Operations Room,Restricted Area,2026-01-05 05:00:00,20,3,17,15.0,LOW,0
F001,Smart Campus,B001,Building A,BLK-A1,Block A1,SP-001,Open Workspace A1,Workspace,2026-01-05 06:00:00,120,8,112,6.67,UNDERUSED,0
F001,Smart Campus,B001,Building A,BLK-A1,Block A1,SP-002,Conference Room A,Meeting Room,2026-01-05 06:00:00,30,3,27,10.0,UNDERUSED,0
F001,Smart Campus,B001,Building A,BLK-A2,Block A2,SP-003,Training Hall A,Training Room,2026-01-05 06:00:00,80,2,78,2.5,UNDERUSED,0
F001,Smart Campus,B002,Building B,BLK-B1,Block B1,SP-004,Open Workspace B1,Workspace,2026-01-05 06:00:00,150,6,144,4.0,UNDERUSED,0
F001,Smart Campus,B002,Building B,BLK-B1,Block B1,SP-005,Meeting Room B,Meeting Room,2026-01-05 06:00:00,25,1,24,4.0,UNDERUSED,0
F001,Smart Campus,B002,Building B,BLK-B2,Block B2,SP-006,Cafeteria B,Cafeteria,2026-01-05 06:00:00,180,15,165,8.33,UNDERUSED,0
F001,Smart Campus,B003,Building C,BLK-C1,Block C1,SP-007,Open Workspace C1,Workspace,2026-01-05 06:00:00,100,1,99,1.0,UNDERUSED,0
F001,Smart Campus,B003,Building C,BLK-C1,Block C1,SP-008,Server Operations Room,Restricted Area,2026-01-05 06:00:00,20,4,16,20.0,LOW,0
F001,Smart Campus,B001,Building A,BLK-A1,Block A1,SP-001,Open Workspace A1,Workspace,2026-01-05 07:00:00,120,4,116,3.33,UNDERUSED,0
F001,Smart Campus,B001,Building A,BLK-A1,Block A1,SP-002,Conference Room A,Meeting Room,2026-01-05 07:00:00,30,0,30,0.0,UNDERUSED,0
F001,Smart Campus,B001,Building A,BLK-A2,Block A2,SP-003,Training Hall A,Training Room,2026-01-05 07:00:00,80,6,74,7.5,UNDERUSED,0
F001,Smart Campus,B002,Building B,BLK-B1,Block B1,SP-004,Open Workspace B1,Workspace,2026-01-05 07:00:00,150,8,142,5.33,UNDERUSED,0
F001,Smart Campus,B002,Building B,BLK-B1,Block B1,SP-005,Meeting Room B,Meeting Room,2026-01-05 07:00:00,25,2,23,8.0,UNDERUSED,0
F001,Smart Campus,B002,Building B,BLK-B2,Block B2,SP-006,Cafeteria B,Cafeteria,2026-01-05 07:00:00,180,24,156,13.33,UNDERUSED,0
F001,Smart Campus,B003,Building C,BLK-C1,Block C1,SP-007,Open Workspace C1,Workspace,2026-01-05 07:00:00,100,8,92,8.0,UNDERUSED,0
F001,Smart Campus,B003,Building C,BLK-C1,Block C1,SP-008,Server Operations Room,Restricted Area,2026-01-05 07:00:00,20,3,17,15.0,LOW,0
F001,Smart Campus,B001,Building A,BLK-A1,Block A1,SP-001,Open Workspace A1,Workspace,2026-01-05 08:00:00,120,3,117,2.5,UNDERUSED,0
F001,Smart Campus,B001,Building A,BLK-A1,Block A1,SP-002,Conference Room A,Meeting Room,2026-01-05 08:00:00,30,0,30,0.0,UNDERUSED,0
F001,Smart Campus,B001,Building A,BLK-A2,Block A2,SP-003,Training Hall A,Training Room,2026-01-05 08:00:00,80,5,75,6.25,UNDERUSED,0
F001,Smart Campus,B002,Building B,BLK-B1,Block B1,SP-004,Open Workspace B1,Workspace,2026-01-05 08:00:00,150,15,135,10.0,UNDERUSED,0
F001,Smart Campus,B002,Building B,BLK-B1,Block B1,SP-005,Meeting Room B,Meeting Room,2026-01-05 08:00:00,25,0,25,0.0,UNDERUSED,0
F001,Smart Campus,B002,Building B,BLK-B2,Block B2,SP-006,Cafeteria B,Cafeteria,2026-01-05 08:00:00,180,63,117,35.0,LOW,0
F001,Smart Campus,B003,Building C,BLK-C1,Block C1,SP-007,Open Workspace C1,Workspace,2026-01-05 08:00:00,100,4,96,4.0,UNDERUSED,0
F001,Smart Campus,B003,Building C,BLK-C1,Block C1,SP-008,Server Operations Room,Restricted Area,2026-01-05 08:00:00,20,6,14,30.0,LOW,0
F001,Smart Campus,B001,Building A,BLK-A1,Block A1,SP-001,Open Workspace A1,Workspace,2026-01-05 09:00:00,120,93,27,77.5,HIGH,0
F001,Smart Campus,B001,Building A,BLK-A1,Block A1,SP-002,Conference Room A,Meeting Room,2026-01-05 09:00:00,30,7,23,23.33,LOW,0
F001,Smart Campus,B001,Building A,BLK-A2,Block A2,SP-003,Training Hall A,Training Room,2026-01-05 09:00:00,80,32,48,40.0,OPTIMAL,0
F001,Smart Campus,B002,Building B,BLK-B1,Block B1,SP-004,Open Workspace B1,Workspace,2026-01-05 09:00:00,150,115,35,76.67,HIGH,0
F001,Smart Campus,B002,Building B,BLK-B1,Block B1,SP-005,Meeting Room B,Meeting Room,2026-01-05 09:00:00,25,13,12,52.0,OPTIMAL,0
F001,Smart Campus,B002,Building B,BLK-B2,Block B2,SP-006,Cafeteria B,Cafeteria,2026-01-05 09:00:00,180,73,107,40.56,OPTIMAL,0
F001,Smart Campus,B003,Building C,BLK-C1,Block C1,SP-007,Open Workspace C1,Workspace,2026-01-05 09:00:00,100,90,10,90.0,HIGH,0
F001,Smart Campus,B003,Building C,BLK-C1,Block C1,SP-008,Server Operations Room,Restricted Area,2026-01-05 09:00:00,20,3,17,15.0,LOW,0
F001,Smart Campus,B001,Building A,BLK-A1,Block A1,SP-001,Open Workspace A1,Workspace,2026-01-05 10:00:00,120,103,17,85.83,HIGH,0
F001,Smart Campus,B001,Building A,BLK-A1,Block A1,SP-002,Conference Room A,Meeting Room,2026-01-05 10:00:00,30,20,10,66.67,OPTIMAL,0
F001,Smart Campus,B001,Building A,BLK-A2,Block A2,SP-003,Training Hall A,Training Room,2026-01-05 10:00:00,80,55,25,68.75,OPTIMAL,0
F001,Smart Campus,B002,Building B,BLK-B1,Block B1,SP-004,Open Workspace B1,Workspace,2026-01-05 10:00:00,150,123,27,82.0,HIGH,0
F001,Smart Campus,B002,Building B,BLK-B1,Block B1,SP-005,Meeting Room B,Meeting Room,2026-01-05 10:00:00,25,14,11,56.0,OPTIMAL,0
F001,Smart Campus,B002,Building B,BLK-B2,Block B2,SP-006,Cafeteria B,Cafeteria,2026-01-05 10:00:00,180,21,159,11.67,UNDERUSED,0
F001,Smart Campus,B003,Building C,BLK-C1,Block C1,SP-007,Open Workspace C1,Workspace,2026-01-05 10:00:00,100,66,34,66.0,OPTIMAL,0
F001,Smart Campus,B003,Building C,BLK-C1,Block C1,SP-008,Server Operations Room,Restricted Area,2026-01-05 10:00:00,20,7,13,35.0,LOW,0
F001,Smart Campus,B001,Building A,BLK-A1,Block A1,SP-001,Open Workspace A1,Workspace,2026-01-05 11:00:00,120,101,19,84.17,HIGH,0
F001,Smart Campus,B001,Building A,BLK-A1,Block A1,SP-002,Conference Room A,Meeting Room,2026-01-05 11:00:00,30,20,10,66.67,OPTIMAL,0
F001,Smart Campus,B001,Building A,BLK-A2,Block A2,SP-003,Training Hall A,Training Room,2026-01-05 11:00:00,80,24,56,30.0,LOW,0
F001,Smart Campus,B002,Building B,BLK-B1,Block B1,SP-004,Open Workspace B1,Workspace,2026-01-05 11:00:00,150,121,29,80.67,HIGH,0
F001,Smart Campus,B002,Building B,BLK-B1,Block B1,SP-005,Meeting Room B,Meeting Room,2026-01-05 11:00:00,25,7,18,28.0,LOW,0
F001,Smart Campus,B002,Building B,BLK-B2,Block B2,SP-006,Cafeteria B,Cafeteria,2026-01-05 11:00:00,180,4,176,2.22,UNDERUSED,0
F001,Smart Campus,B003,Building C,BLK-C1,Block C1,SP-007,Open Workspace C1,Workspace,2026-01-05 11:00:00,100,68,32,68.0,OPTIMAL,0
F001,Smart Campus,B003,Building C,BLK-C1,Block C1,SP-008,Server Operations Room,Restricted Area,2026-01-05 11:00:00,20,3,17,15.0,LOW,0
F001,Smart Campus,B001,Building A,BLK-A1,Block A1,SP-001,Open Workspace A1,Workspace,2026-01-05 12:00:00,120,63,57,52.5,OPTIMAL,0
F001,Smart Campus,B001,Building A,BLK-A1,Block A1,SP-002,Conference Room A,Meeting Room,2026-01-05 12:00:00,30,21,9,70.0,OPTIMAL,0
F001,Smart Campus,B001,Building A,BLK-A2,Block A2,SP-003,Training Hall A,Training Room,2026-01-05 12:00:00,80,58,22,72.5,OPTIMAL,0
F001,Smart Campus,B002,Building B,BLK-B1,Block B1,SP-004,Open Workspace B1,Workspace,2026-01-05 12:00:00,150,55,95,36.67,LOW,0
F001,Smart Campus,B002,Building B,BLK-B1,Block B1,SP-005,Meeting Room B,Meeting Room,2026-01-05 12:00:00,25,8,17,32.0,LOW,0
F001,Smart Campus,B002,Building B,BLK-B2,Block B2,SP-006,Cafeteria B,Cafeteria,2026-01-05 12:00:00,180,156,24,86.67,HIGH,0
F001,Smart Campus,B003,Building C,BLK-C1,Block C1,SP-007,Open Workspace C1,Workspace,2026-01-05 12:00:00,100,43,57,43.0,OPTIMAL,0
F001,Smart Campus,B003,Building C,BLK-C1,Block C1,SP-008,Server Operations Room,Restricted Area,2026-01-05 12:00:00,20,6,14,30.0,LOW,0
F001,Smart Campus,B001,Building A,BLK-A1,Block A1,SP-001,Open Workspace A1,Workspace,2026-01-05 13:00:00,120,53,67,44.17,OPTIMAL,0
F001,Smart Campus,B001,Building A,BLK-A1,Block A1,SP-002,Conference Room A,Meeting Room,2026-01-05 13:00:00,30,20,10,66.67,OPTIMAL,0
F001,Smart Campus,B001,Building A,BLK-A2,Block A2,SP-003,Training Hall A,Training Room,2026-01-05 13:00:00,80,49,31,61.25,OPTIMAL,0
F001,Smart Campus,B002,Building B,BLK-B1,Block B1,SP-004,Open Workspace B1,Workspace,2026-01-05 13:00:00,150,60,90,40.0,OPTIMAL,0
F001,Smart Campus,B002,Building B,BLK-B1,Block B1,SP-005,Meeting Room B,Meeting Room,2026-01-05 13:00:00,25,14,11,56.0,OPTIMAL,0
F001,Smart Campus,B002,Building B,BLK-B2,Block B2,SP-006,Cafeteria B,Cafeteria,2026-01-05 13:00:00,180,170,10,94.44,HIGH,0
F001,Smart Campus,B003,Building C,BLK-C1,Block C1,SP-007,Open Workspace C1,Workspace,2026-01-05 13:00:00,100,42,58,42.0,OPTIMAL,0
F001,Smart Campus,B003,Building C,BLK-C1,Block C1,SP-008,Server Operations Room,Restricted Area,2026-01-05 13:00:00,20,5,15,25.0,LOW,0
F001,Smart Campus,B001,Building A,BLK-A1,Block A1,SP-001,Open Workspace A1,Workspace,2026-01-05 14:00:00,120,84,36,70.0,OPTIMAL,0
F001,Smart Campus,B001,Building A,BLK-A1,Block A1,SP-002,Conference Room A,Meeting Room,2026-01-05 14:00:00,30,22,8,73.33,OPTIMAL,0
F001,Smart Campus,B001,Building A,BLK-A2,Block A2,SP-003,Training Hall A,Training Room,2026-01-05 14:00:00,80,22,58,27.5,LOW,0
F001,Smart Campus,B002,Building B,BLK-B1,Block B1,SP-004,Open Workspace B1,Workspace,2026-01-05 14:00:00,150,106,44,70.67,OPTIMAL,0
F001,Smart Campus,B002,Building B,BLK-B1,Block B1,SP-005,Meeting Room B,Meeting Room,2026-01-05 14:00:00,25,18,7,72.0,OPTIMAL,0
F001,Smart Campus,B002,Building B,BLK-B2,Block B2,SP-006,Cafeteria B,Cafeteria,2026-01-05 14:00:00,180,162,18,90.0,HIGH,0
F001,Smart Campus,B003,Building C,BLK-C1,Block C1,SP-007,Open Workspace C1,Workspace,2026-01-05 14:00:00,100,68,32,68.0,OPTIMAL,0
F001,Smart Campus,B003,Building C,BLK-C1,Block C1,SP-008,Server Operations Room,Restricted Area,2026-01-05 14:00:00,20,3,17,15.0,LOW,0
F001,Smart Campus,B001,Building A,BLK-A1,Block A1,SP-001,Open Workspace A1,Workspace,2026-01-05 15:00:00,120,81,39,67.5,OPTIMAL,0
F001,Smart Campus,B001,Building A,BLK-A1,Block A1,SP-002,Conference Room A,Meeting Room,2026-01-05 15:00:00,30,10,20,33.33,LOW,0
F001,Smart Campus,B001,Building A,BLK-A2,Block A2,SP-003,Training Hall A,Training Room,2026-01-05 15:00:00,80,61,19,76.25,HIGH,0
F001,Smart Campus,B002,Building B,BLK-B1,Block B1,SP-004,Open Workspace B1,Workspace,2026-01-05 15:00:00,150,96,54,64.0,OPTIMAL,0
F001,Smart Campus,B002,Building B,BLK-B1,Block B1,SP-005,Meeting Room B,Meeting Room,2026-01-05 15:00:00,25,15,10,60.0,OPTIMAL,0
F001,Smart Campus,B002,Building B,BLK-B2,Block B2,SP-006,Cafeteria B,Cafeteria,2026-01-05 15:00:00,180,19,161,10.56,UNDERUSED,0
F001,Smart Campus,B003,Building C,BLK-C1,Block C1,SP-007,Open Workspace C1,Workspace,2026-01-05 15:00:00,100,78,22,78.0,HIGH,0
F001,Smart Campus,B003,Building C,BLK-C1,Block C1,SP-008,Server Operations Room,Restricted Area,2026-01-05 15:00:00,20,3,17,15.0,LOW,0
F001,Smart Campus,B001,Building A,BLK-A1,Block A1,SP-001,Open Workspace A1,Workspace,2026-01-05 16:00:00,120,75,45,62.5,OPTIMAL,0
F001,Smart Campus,B001,Building A,BLK-A1,Block A1,SP-002,Conference Room A,Meeting Room,2026-01-05 16:00:00,30,6,24,20.0,LOW,0
F001,Smart Campus,B001,Building A,BLK-A2,Block A2,SP-003,Training Hall A,Training Room,2026-01-05 16:00:00,80,61,19,76.25,HIGH,0
F001,Smart Campus,B002,Building B,BLK-B1,Block B1,SP-004,Open Workspace B1,Workspace,2026-01-05 16:00:00,150,129,21,86.0,HIGH,0
F001,Smart Campus,B002,Building B,BLK-B1,Block B1,SP-005,Meeting Room B,Meeting Room,2026-01-05 16:00:00,25,13,12,52.0,OPTIMAL,0
F001,Smart Campus,B002,Building B,BLK-B2,Block B2,SP-006,Cafeteria B,Cafeteria,2026-01-05 16:00:00,180,88,92,48.89,OPTIMAL,0
F001,Smart Campus,B003,Building C,BLK-C1,Block C1,SP-007,Open Workspace C1,Workspace,2026-01-05 16:00:00,100,78,22,78.0,HIGH,0
F001,Smart Campus,B003,Building C,BLK-C1,Block C1,SP-008,Server Operations Room,Restricted Area,2026-01-05 16:00:00,20,2,18,10.0,UNDERUSED,0
F001,Smart Campus,B001,Building A,BLK-A1,Block A1,SP-001,Open Workspace A1,Workspace,2026-01-05 17:00:00,120,90,30,75.0,HIGH,0
F001,Smart Campus,B001,Building A,BLK-A1,Block A1,SP-002,Conference Room A,Meeting Room,2026-01-05 17:00:00,30,24,6,80.0,HIGH,0
F001,Smart Campus,B001,Building A,BLK-A2,Block A2,SP-003,Training Hall A,Training Room,2026-01-05 17:00:00,80,1,79,1.25,UNDERUSED,0
F001,Smart Campus,B002,Building B,BLK-B1,Block B1,SP-004,Open Workspace B1,Workspace,2026-01-05 17:00:00,150,97,53,64.67,OPTIMAL,0
F001,Smart Campus,B002,Building B,BLK-B1,Block B1,SP-005,Meeting Room B,Meeting Room,2026-01-05 17:00:00,25,21,4,84.0,HIGH,0
F001,Smart Campus,B002,Building B,BLK-B2,Block B2,SP-006,Cafeteria B,Cafeteria,2026-01-05 17:00:00,180,67,113,37.22,LOW,0
F001,Smart Campus,B003,Building C,BLK-C1,Block C1,SP-007,Open Workspace C1,Workspace,2026-01-05 17:00:00,100,87,13,87.0,HIGH,0
F001,Smart Campus,B003,Building C,BLK-C1,Block C1,SP-008,Server Operations Room,Restricted Area,2026-01-05 17:00:00,20,22,0,110.0,OVERCROWDED,1
F001,Smart Campus,B001,Building A,BLK-A1,Block A1,SP-001,Open Workspace A1,Workspace,2026-01-05 18:00:00,120,21,99,17.5,LOW,0
F001,Smart Campus,B001,Building A,BLK-A1,Block A1,SP-002,Conference Room A,Meeting Room,2026-01-05 18:00:00,30,1,29,3.33,UNDERUSED,0
F001,Smart Campus,B001,Building A,BLK-A2,Block A2,SP-003,Training Hall A,Training Room,2026-01-05 18:00:00,80,3,77,3.75,UNDERUSED,0
F001,Smart Campus,B002,Building B,BLK-B1,Block B1,SP-004,Open Workspace B1,Workspace,2026-01-05 18:00:00,150,58,92,38.67,LOW,0
F001,Smart Campus,B002,Building B,BLK-B1,Block B1,SP-005,Meeting Room B,Meeting Room,2026-01-05 18:00:00,25,1,24,4.0,UNDERUSED,0
F001,Smart Campus,B002,Building B,BLK-B2,Block B2,SP-006,Cafeteria B,Cafeteria,2026-01-05 18:00:00,180,6,174,3.33,UNDERUSED,0
F001,Smart Campus,B003,Building C,BLK-C1,Block C1,SP-007,Open Workspace C1,Workspace,2026-01-05 18:00:00,100,26,74,26.0,LOW,0
F001,Smart Campus,B003,Building C,BLK-C1,Block C1,SP-008,Server Operations Room,Restricted Area,2026-01-05 18:00:00,20,2,18,10.0,UNDERUSED,0
F001,Smart Campus,B001,Building A,BLK-A1,Block A1,SP-001,Open Workspace A1,Workspace,2026-01-05 19:00:00,120,42,78,35.0,LOW,0
F001,Smart Campus,B001,Building A,BLK-A1,Block A1,SP-002,Conference Room A,Meeting Room,2026-01-05 19:00:00,30,2,28,6.67,UNDERUSED,0
F001,Smart Campus,B001,Building A,BLK-A2,Block A2,SP-003,Training Hall A,Training Room,2026-01-05 19:00:00,80,5,75,6.25,UNDERUSED,0
F001,Smart Campus,B002,Building B,BLK-B1,Block B1,SP-004,Open Workspace B1,Workspace,2026-01-05 19:00:00,150,54,96,36.0,LOW,0
F001,Smart Campus,B002,Building B,BLK-B1,Block B1,SP-005,Meeting Room B,Meeting Room,2026-01-05 19:00:00,25,0,25,0.0,UNDERUSED,0
F001,Smart Campus,B002,Building B,BLK-B2,Block B2,SP-006,Cafeteria B,Cafeteria,2026-01-05 19:00:00,180,8,172,4.44,UNDERUSED,0
F001,Smart Campus,B003,Building C,BLK-C1,Block C1,SP-007,Open Workspace C1,Workspace,2026-01-05 19:00:00,100,23,77,23.0,LOW,0
F001,Smart Campus,B003,Building C,BLK-C1,Block C1,SP-008,Server Operations Room,Restricted Area,2026-01-05 19:00:00,20,3,17,15.0,LOW,0
F001,Smart Campus,B001,Building A,BLK-A1,Block A1,SP-001,Open Workspace A1,Workspace,2026-01-05 20:00:00,120,41,79,34.17,LOW,0
F001,Smart Campus,B001,Building A,BLK-A1,Block A1,SP-002,Conference Room A,Meeting Room,2026-01-05 20:00:00,30,1,29,3.33,UNDERUSED,0
F001,Smart Campus,B001,Building A,BLK-A2,Block A2,SP-003,Training Hall A,Training Room,2026-01-05 20:00:00,80,0,80,0.0,UNDERUSED,0
F001,Smart Campus,B002,Building B,BLK-B1,Block B1,SP-004,Open Workspace B1,Workspace,2026-01-05 20:00:00,150,48,102,32.0,LOW,0
F001,Smart Campus,B002,Building B,BLK-B1,Block B1,SP-005,Meeting Room B,Meeting Room,2026-01-05 20:00:00,25,0,25,0.0,UNDERUSED,0
F001,Smart Campus,B002,Building B,BLK-B2,Block B2,SP-006,Cafeteria B,Cafeteria,2026-01-05 20:00:00,180,13,167,7.22,UNDERUSED,0
F001,Smart Campus,B003,Building C,BLK-C1,Block C1,SP-007,Open Workspace C1,Workspace,2026-01-05 20:00:00,100,37,63,37.0,LOW,0
F001,Smart Campus,B003,Building C,BLK-C1,Block C1,SP-008,Server Operations Room,Restricted Area,2026-01-05 20:00:00,20,3,17,15.0,LOW,0
F001,Smart Campus,B001,Building A,BLK-A1,Block A1,SP-001,Open Workspace A1,Workspace,2026-01-05 21:00:00,120,11,109,9.17,UNDERUSED,0
F001,Smart Campus,B001,Building A,BLK-A1,Block A1,SP-002,Conference Room A,Meeting Room,2026-01-05 21:00:00,30,2,28,6.67,UNDERUSED,0
F001,Smart Campus,B001,Building A,BLK-A2,Block A2,SP-003,Training Hall A,Training Room,2026-01-05 21:00:00,80,1,79,1.25,UNDERUSED,0
F001,Smart Campus,B002,Building B,BLK-B1,Block B1,SP-004,Open Workspace B1,Workspace,2026-01-05 21:00:00,150,12,138,8.0,UNDERUSED,0
F001,Smart Campus,B002,Building B,BLK-B1,Block B1,SP-005,Meeting Room B,Meeting Room,2026-01-05 21:00:00,25,1,24,4.0,UNDERUSED,0
F001,Smart Campus,B002,Building B,BLK-B2,Block B2,SP-006,Cafeteria B,Cafeteria,2026-01-05 21:00:00,180,15,165,8.33,UNDERUSED,0
F001,Smart Campus,B003,Building C,BLK-C1,Block C1,SP-007,Open Workspace C1,Workspace,2026-01-05 21:00:00,100,7,93,7.0,UNDERUSED,0
F001,Smart Campus,B003,Building C,BLK-C1,Block C1,SP-008,Server Operations Room,Restricted Area,2026-01-05 21:00:00,20,2,18,10.0,UNDERUSED,0
F001,Smart Campus,B001,Building A,BLK-A1,Block A1,SP-001,Open Workspace A1,Workspace,2026-01-05 22:00:00,120,11,109,9.17,UNDERUSED,0
F001,Smart Campus,B001,Building A,BLK-A1,Block A1,SP-002,Conference Room A,Meeting Room,2026-01-05 22:00:00,30,1,29,3.33,UNDERUSED,0
F001,Smart Campus,B001,Building A,BLK-A2,Block A2,SP-003,Training Hall A,Training Room,2026-01-05 22:00:00,80,0,80,0.0,UNDERUSED,0
F001,Smart Campus,B002,Building B,BLK-B1,Block B1,SP-004,Open Workspace B1,Workspace,2026-01-05 22:00:00,150,2,148,1.33,UNDERUSED,0
F001,Smart Campus,B002,Building B,BLK-B1,Block B1,SP-005,Meeting Room B,Meeting Room,2026-01-05 22:00:00,25,1,24,4.0,UNDERUSED,0
F001,Smart Campus,B002,Building B,BLK-B2,Block B2,SP-006,Cafeteria B,Cafeteria,2026-01-05 22:00:00,180,7,173,3.89,UNDERUSED,0
F001,Smart Campus,B003,Building C,BLK-C1,Block C1,SP-007,Open Workspace C1,Workspace,2026-01-05 22:00:00,100,6,94,6.0,UNDERUSED,0
F001,Smart Campus,B003,Building C,BLK-C1,Block C1,SP-008,Server Operations Room,Restricted Area,2026-01-05 22:00:00,20,2,18,10.0,UNDERUSED,0
F001,Smart Campus,B001,Building A,BLK-A1,Block A1,SP-001,Open Workspace A1,Workspace,2026-01-05 23:00:00,120,2,118,1.67,UNDERUSED,0
F001,Smart Campus,B001,Building A,BLK-A1,Block A1,SP-002,Conference Room A,Meeting Room,2026-01-05 23:00:00,30,2,28,6.67,UNDERUSED,0
F001,Smart Campus,B001,Building A,BLK-A2,Block A2,SP-003,Training Hall A,Training Room,2026-01-05 23:00:00,80,3,77,3.75,UNDERUSED,0
F001,Smart Campus,B002,Building B,BLK-B1,Block B1,SP-004,Open Workspace B1,Workspace,2026-01-05 23:00:00,150,2,148,1.33,UNDERUSED,0
F001,Smart Campus,B002,Building B,BLK-B1,Block B1,SP-005,Meeting Room B,Meeting Room,2026-01-05 23:00:00,25,2,23,8.0,UNDERUSED,0
F001,Smart Campus,B002,Building B,BLK-B2,Block B2,SP-006,Cafeteria B,Cafeteria,2026-01-05 23:00:00,180,13,167,7.22,UNDERUSED,0
F001,Smart Campus,B003,Building C,BLK-C1,Block C1,SP-007,Open Workspace C1,Workspace,2026-01-05 23:00:00,100,8,92,8.0,UNDERUSED,0
F001,Smart Campus,B003,Building C,BLK-C1,Block C1,SP-008,Server Operations Room,Restricted Area,2026-01-05 23:00:00,20,1,19,5.0,UNDERUSED,0
F001,Smart Campus,B001,Building A,BLK-A1,Block A1,SP-001,Open Workspace A1,Workspace,2026-01-06 00:00:00,120,2,118,1.67,UNDERUSED,0
F001,Smart Campus,B001,Building A,BLK-A1,Block A1,SP-002,Conference Room A,Meeting Room,2026-01-06 00:00:00,30,3,27,10.0,UNDERUSED,0
F001,Smart Campus,B001,Building A,BLK-A2,Block A2,SP-003,Training Hall A,Training Room,2026-01-06 00:00:00,80,6,74,7.5,UNDERUSED,0
F001,Smart Campus,B002,Building B,BLK-B1,Block B1,SP-004,Open Workspace B1,Workspace,2026-01-06 00:00:00,150,7,143,4.67,UNDERUSED,0
F001,Smart Campus,B002,Building B,BLK-B1,Block B1,SP-005,Meeting Room B,Meeting Room,2026-01-06 00:00:00,25,2,23,8.0,UNDERUSED,0
F001,Smart Campus,B002,Building B,BLK-B2,Block B2,SP-006,Cafeteria B,Cafeteria,2026-01-06 00:00:00,180,19,161,10.56,UNDERUSED,0
F001,Smart Campus,B003,Building C,BLK-C1,Block C1,SP-007,Open Workspace C1,Workspace,2026-01-06 00:00:00,100,10,90,10.0,UNDERUSED,0
F001,Smart Campus,B003,Building C,BLK-C1,Block C1,SP-008,Server Operations Room,Restricted Area,2026-01-06 00:00:00,20,6,14,30.0,LOW,0
F001,Smart Campus,B001,Building A,BLK-A1,Block A1,SP-001,Open Workspace A1,Workspace,2026-01-06 01:00:00,120,5,115,4.17,UNDERUSED,0
F001,Smart Campus,B001,Building A,BLK-A1,Block A1,SP-002,Conference Room A,Meeting Room,2026-01-06 01:00:00,30,2,28,6.67,UNDERUSED,0
F001,Smart Campus,B001,Building A,BLK-A2,Block A2,SP-003,Training Hall A,Training Room,2026-01-06 01:00:00,80,4,76,5.0,UNDERUSED,0
F001,Smart Campus,B002,Building B,BLK-B1,Block B1,SP-004,Open Workspace B1,Workspace,2026-01-06 01:00:00,150,4,146,2.67,UNDERUSED,0
F001,Smart Campus,B002,Building B,BLK-B1,Block B1,SP-005,Meeting Room B,Meeting Room,2026-01-06 01:00:00,25,1,24,4.0,UNDERUSED,0
F001,Smart Campus,B002,Building B,BLK-B2,Block B2,SP-006,Cafeteria B,Cafeteria,2026-01-06 01:00:00,180,184,0,102.22,OVERCROWDED,1
F001,Smart Campus,B003,Building C,BLK-C1,Block C1,SP-007,Open Workspace C1,Workspace,2026-01-06 01:00:00,100,4,96,4.0,UNDERUSED,0
F001,Smart Campus,B003,Building C,BLK-C1,Block C1,SP-008,Server Operations Room,Restricted Area,2026-01-06 01:00:00,20,4,16,20.0,LOW,0
F001,Smart Campus,B001,Building A,BLK-A1,Block A1,SP-001,Open Workspace A1,Workspace,2026-01-06 02:00:00,120,10,110,8.33,UNDERUSED,0
F001,Smart Campus,B001,Building A,BLK-A1,Block A1,SP-002,Conference Room A,Meeting Room,2026-01-06 02:00:00,30,1,29,3.33,UNDERUSED,0
F001,Smart Campus,B001,Building A,BLK-A2,Block A2,SP-003,Training Hall A,Training Room,2026-01-06 02:00:00,80,6,74,7.5,UNDERUSED,0
F001,Smart Campus,B002,Building B,BLK-B1,Block B1,SP-004,Open Workspace B1,Workspace,2026-01-06 02:00:00,150,3,147,2.0,UNDERUSED,0
F001,Smart Campus,B002,Building B,BLK-B1,Block B1,SP-005,Meeting Room B,Meeting Room,2026-01-06 02:00:00,25,1,24,4.0,UNDERUSED,0
F001,Smart Campus,B002,Building B,BLK-B2,Block B2,SP-006,Cafeteria B,Cafeteria,2026-01-06 02:00:00,180,24,156,13.33,UNDERUSED,0
F001,Smart Campus,B003,Building C,BLK-C1,Block C1,SP-007,Open Workspace C1,Workspace,2026-01-06 02:00:00,100,3,97,3.0,UNDERUSED,0
F001,Smart Campus,B003,Building C,BLK-C1,Block C1,SP-008,Server Operations Room,Restricted Area,2026-01-06 02:00:00,20,1,19,5.0,UNDERUSED,0
F001,Smart Campus,B001,Building A,BLK-A1,Block A1,SP-001,Open Workspace A1,Workspace,2026-01-06 03:00:00,120,9,111,7.5,UNDERUSED,0
F001,Smart Campus,B001,Building A,BLK-A1,Block A1,SP-002,Conference Room A,Meeting Room,2026-01-06 03:00:00,30,2,28,6.67,UNDERUSED,0
F001,Smart Campus,B001,Building A,BLK-A2,Block A2,SP-003,Training Hall A,Training Room,2026-01-06 03:00:00,80,1,79,1.25,UNDERUSED,0
F001,Smart Campus,B002,Building B,BLK-B1,Block B1,SP-004,Open Workspace B1,Workspace,2026-01-06 03:00:00,150,13,137,8.67,UNDERUSED,0
F001,Smart Campus,B002,Building B,BLK-B1,Block B1,SP-005,Meeting Room B,Meeting Room,2026-01-06 03:00:00,25,1,24,4.0,UNDERUSED,0
F001,Smart Campus,B002,Building B,BLK-B2,Block B2,SP-006,Cafeteria B,Cafeteria,2026-01-06 03:00:00,180,23,157,12.78,UNDERUSED,0
F001,Smart Campus,B003,Building C,BLK-C1,Block C1,SP-007,Open Workspace C1,Workspace,2026-01-06 03:00:00,100,4,96,4.0,UNDERUSED,0
F001,Smart Campus,B003,Building C,BLK-C1,Block C1,SP-008,Server Operations Room,Restricted Area,2026-01-06 03:00:00,20,5,15,25.0,LOW,0
F001,Smart Campus,B001,Building A,BLK-A1,Block A1,SP-001,Open Workspace A1,Workspace,2026-01-06 04:00:00,120,4,116,3.33,UNDERUSED,0
F001,Smart Campus,B001,Building A,BLK-A1,Block A1,SP-002,Conference Room A,Meeting Room,2026-01-06 04:00:00,30,2,28,6.67,UNDERUSED,0
F001,Smart Campus,B001,Building A,BLK-A2,Block A2,SP-003,Training Hall A,Training Room,2026-01-06 04:00:00,80,2,78,2.5,UNDERUSED,0
F001,Smart Campus,B002,Building B,BLK-B1,Block B1,SP-004,Open Workspace B1,Workspace,2026-01-06 04:00:00,150,14,136,9.33,UNDERUSED,0
F001,Smart Campus,B002,Building B,BLK-B1,Block B1,SP-005,Meeting Room B,Meeting Room,2026-01-06 04:00:00,25,2,23,8.0,UNDERUSED,0
F001,Smart Campus,B002,Building B,BLK-B2,Block B2,SP-006,Cafeteria B,Cafeteria,2026-01-06 04:00:00,180,14,166,7.78,UNDERUSED,0
F001,Smart Campus,B003,Building C,BLK-C1,Block C1,SP-007,Open Workspace C1,Workspace,2026-01-06 04:00:00,100,10,90,10.0,UNDERUSED,0
F001,Smart Campus,B003,Building C,BLK-C1,Block C1,SP-008,Server Operations Room,Restricted Area,2026-01-06 04:00:00,20,5,15,25.0,LOW,0
F001,Smart Campus,B001,Building A,BLK-A1,Block A1,SP-001,Open Workspace A1,Workspace,2026-01-06 05:00:00,120,5,115,4.17,UNDERUSED,0
F001,Smart Campus,B001,Building A,BLK-A1,Block A1,SP-002,Conference Room A,Meeting Room,2026-01-06 05:00:00,30,0,30,0.0,UNDERUSED,0
F001,Smart Campus,B001,Building A,BLK-A2,Block A2,SP-003,Training Hall A,Training Room,2026-01-06 05:00:00,80,5,75,6.25,UNDERUSED,0
F001,Smart Campus,B002,Building B,BLK-B1,Block B1,SP-004,Open Workspace B1,Workspace,2026-01-06 05:00:00,150,13,137,8.67,UNDERUSED,0
F001,Smart Campus,B002,Building B,BLK-B1,Block B1,SP-005,Meeting Room B,Meeting Room,2026-01-06 05:00:00,25,2,23,8.0,UNDERUSED,0
F001,Smart Campus,B002,Building B,BLK-B2,Block B2,SP-006,Cafeteria B,Cafeteria,2026-01-06 05:00:00,180,25,155,13.89,UNDERUSED,0
F001,Smart Campus,B003,Building C,BLK-C1,Block C1,SP-007,Open Workspace C1,Workspace,2026-01-06 05:00:00,100,10,90,10.0,UNDERUSED,0
F001,Smart Campus,B003,Building C,BLK-C1,Block C1,SP-008,Server Operations Room,Restricted Area,2026-01-06 05:00:00,20,2,18,10.0,UNDERUSED,0
F001,Smart Campus,B001,Building A,BLK-A1,Block A1,SP-001,Open Workspace A1,Workspace,2026-01-06 06:00:00,120,3,117,2.5,UNDERUSED,0
F001,Smart Campus,B001,Building A,BLK-A1,Block A1,SP-002,Conference Room A,Meeting Room,2026-01-06 06:00:00,30,3,27,10.0,UNDERUSED,0
F001,Smart Campus,B001,Building A,BLK-A2,Block A2,SP-003,Training Hall A,Training Room,2026-01-06 06:00:00,80,1,79,1.25,UNDERUSED,0
F001,Smart Campus,B002,Building B,BLK-B1,Block B1,SP-004,Open Workspace B1,Workspace,2026-01-06 06:00:00,150,4,146,2.67,UNDERUSED,0
F001,Smart Campus,B002,Building B,BLK-B1,Block B1,SP-005,Meeting Room B,Meeting Room,2026-01-06 06:00:00,25,2,23,8.0,UNDERUSED,0
F001,Smart Campus,B002,Building B,BLK-B2,Block B2,SP-006,Cafeteria B,Cafeteria,2026-01-06 06:00:00,180,24,156,13.33,UNDERUSED,0
F001,Smart Campus,B003,Building C,BLK-C1,Block C1,SP-007,Open Workspace C1,Workspace,2026-01-06 06:00:00,100,8,92,8.0,UNDERUSED,0
F001,Smart Campus,B003,Building C,BLK-C1,Block C1,SP-008,Server Operations Room,Restricted Area,2026-01-06 06:00:00,20,4,16,20.0,LOW,0
F001,Smart Campus,B001,Building A,BLK-A1,Block A1,SP-001,Open Workspace A1,Workspace,2026-01-06 07:00:00,120,11,109,9.17,UNDERUSED,0
F001,Smart Campus,B001,Building A,BLK-A1,Block A1,SP-002,Conference Room A,Meeting Room,2026-01-06 07:00:00,30,3,27,10.0,UNDERUSED,0
F001,Smart Campus,B001,Building A,BLK-A2,Block A2,SP-003,Training Hall A,Training Room,2026-01-06 07:00:00,80,6,74,7.5,UNDERUSED,0
F001,Smart Campus,B002,Building B,BLK-B1,Block B1,SP-004,Open Workspace B1,Workspace,2026-01-06 07:00:00,150,3,147,2.0,UNDERUSED,0
F001,Smart Campus,B002,Building B,BLK-B1,Block B1,SP-005,Meeting Room B,Meeting Room,2026-01-06 07:00:00,25,1,24,4.0,UNDERUSED,0
F001,Smart Campus,B002,Building B,BLK-B2,Block B2,SP-006,Cafeteria B,Cafeteria,2026-01-06 07:00:00,180,18,162,10.0,UNDERUSED,0
F001,Smart Campus,B003,Building C,BLK-C1,Block C1,SP-007,Open Workspace C1,Workspace,2026-01-06 07:00:00,100,9,91,9.0,UNDERUSED,0
F001,Smart Campus,B003,Building C,BLK-C1,Block C1,SP-008,Server Operations Room,Restricted Area,2026-01-06 07:00:00,20,6,14,30.0,LOW,0
F001,Smart Campus,B001,Building A,BLK-A1,Block A1,SP-001,Open Workspace A1,Workspace,2026-01-06 08:00:00,120,7,113,5.83,UNDERUSED,0
F001,Smart Campus,B001,Building A,BLK-A1,Block A1,SP-002,Conference Room A,Meeting Room,2026-01-06 08:00:00,30,1,29,3.33,UNDERUSED,0
F001,Smart Campus,B001,Building A,BLK-A2,Block A2,SP-003,Training Hall A,Training Room,2026-01-06 08:00:00,80,3,77,3.75,UNDERUSED,0
F001,Smart Campus,B002,Building B,BLK-B1,Block B1,SP-004,Open Workspace B1,Workspace,2026-01-06 08:00:00,150,15,135,10.0,UNDERUSED,0
F001,Smart Campus,B002,Building B,BLK-B1,Block B1,SP-005,Meeting Room B,Meeting Room,2026-01-06 08:00:00,25,2,23,8.0,UNDERUSED,0
F001,Smart Campus,B002,Building B,BLK-B2,Block B2,SP-006,Cafeteria B,Cafeteria,2026-01-06 08:00:00,180,62,118,34.44,LOW,0
F001,Smart Campus,B003,Building C,BLK-C1,Block C1,SP-007,Open Workspace C1,Workspace,2026-01-06 08:00:00,100,6,94,6.0,UNDERUSED,0
F001,Smart Campus,B003,Building C,BLK-C1,Block C1,SP-008,Server Operations Room,Restricted Area,2026-01-06 08:00:00,20,2,18,10.0,UNDERUSED,0
F001,Smart Campus,B001,Building A,BLK-A1,Block A1,SP-001,Open Workspace A1,Workspace,2026-01-06 09:00:00,120,106,14,88.33,HIGH,0
F001,Smart Campus,B001,Building A,BLK-A1,Block A1,SP-002,Conference Room A,Meeting Room,2026-01-06 09:00:00,30,14,16,46.67,OPTIMAL,0
F001,Smart Campus,B001,Building A,BLK-A2,Block A2,SP-003,Training Hall A,Training Room,2026-01-06 09:00:00,80,32,48,40.0,OPTIMAL,0
F001,Smart Campus,B002,Building B,BLK-B1,Block B1,SP-004,Open Workspace B1,Workspace,2026-01-06 09:00:00,150,129,21,86.0,HIGH,0
F001,Smart Campus,B002,Building B,BLK-B1,Block B1,SP-005,Meeting Room B,Meeting Room,2026-01-06 09:00:00,25,16,9,64.0,OPTIMAL,0
F001,Smart Campus,B002,Building B,BLK-B2,Block B2,SP-006,Cafeteria B,Cafeteria,2026-01-06 09:00:00,180,57,123,31.67,LOW,0
F001,Smart Campus,B003,Building C,BLK-C1,Block C1,SP-007,Open Workspace C1,Workspace,2026-01-06 09:00:00,100,89,11,89.0,HIGH,0
F001,Smart Campus,B003,Building C,BLK-C1,Block C1,SP-008,Server Operations Room,Restricted Area,2026-01-06 09:00:00,20,4,16,20.0,LOW,0
F001,Smart Campus,B001,Building A,BLK-A1,Block A1,SP-001,Open Workspace A1,Workspace,2026-01-06 10:00:00,120,102,18,85.0,HIGH,0
F001,Smart Campus,B001,Building A,BLK-A1,Block A1,SP-002,Conference Room A,Meeting Room,2026-01-06 10:00:00,30,20,10,66.67,OPTIMAL,0
F001,Smart Campus,B001,Building A,BLK-A2,Block A2,SP-003,Training Hall A,Training Room,2026-01-06 10:00:00,80,60,20,75.0,HIGH,0
F001,Smart Campus,B002,Building B,BLK-B1,Block B1,SP-004,Open Workspace B1,Workspace,2026-01-06 10:00:00,150,122,28,81.33,HIGH,0
F001,Smart Campus,B002,Building B,BLK-B1,Block B1,SP-005,Meeting Room B,Meeting Room,2026-01-06 10:00:00,25,6,19,24.0,LOW,0
F001,Smart Campus,B002,Building B,BLK-B2,Block B2,SP-006,Cafeteria B,Cafeteria,2026-01-06 10:00:00,180,26,154,14.44,UNDERUSED,0
F001,Smart Campus,B003,Building C,BLK-C1,Block C1,SP-007,Open Workspace C1,Workspace,2026-01-06 10:00:00,100,84,16,84.0,HIGH,0
F001,Smart Campus,B003,Building C,BLK-C1,Block C1,SP-008,Server Operations Room,Restricted Area,2026-01-06 10:00:00,20,6,14,30.0,LOW,0
F001,Smart Campus,B001,Building A,BLK-A1,Block A1,SP-001,Open Workspace A1,Workspace,2026-01-06 11:00:00,120,133,0,110.83,OVERCROWDED,1
F001,Smart Campus,B001,Building A,BLK-A1,Block A1,SP-002,Conference Room A,Meeting Room,2026-01-06 11:00:00,30,13,17,43.33,OPTIMAL,0
F001,Smart Campus,B001,Building A,BLK-A2,Block A2,SP-003,Training Hall A,Training Room,2026-01-06 11:00:00,80,48,32,60.0,OPTIMAL,0
F001,Smart Campus,B002,Building B,BLK-B1,Block B1,SP-004,Open Workspace B1,Workspace,2026-01-06 11:00:00,150,116,34,77.33,HIGH,0
F001,Smart Campus,B002,Building B,BLK-B1,Block B1,SP-005,Meeting Room B,Meeting Room,2026-01-06 11:00:00,25,5,20,20.0,LOW,0
F001,Smart Campus,B002,Building B,BLK-B2,Block B2,SP-006,Cafeteria B,Cafeteria,2026-01-06 11:00:00,180,4,176,2.22,UNDERUSED,0
F001,Smart Campus,B003,Building C,BLK-C1,Block C1,SP-007,Open Workspace C1,Workspace,2026-01-06 11:00:00,100,72,28,72.0,OPTIMAL,0
F001,Smart Campus,B003,Building C,BLK-C1,Block C1,SP-008,Server Operations Room,Restricted Area,2026-01-06 11:00:00,20,1,19,5.0,UNDERUSED,0
F001,Smart Campus,B001,Building A,BLK-A1,Block A1,SP-001,Open Workspace A1,Workspace,2026-01-06 12:00:00,120,62,58,51.67,OPTIMAL,0
F001,Smart Campus,B001,Building A,BLK-A1,Block A1,SP-002,Conference Room A,Meeting Room,2026-01-06 12:00:00,30,24,6,80.0,HIGH,0
F001,Smart Campus,B001,Building A,BLK-A2,Block A2,SP-003,Training Hall A,Training Room,2026-01-06 12:00:00,80,21,59,26.25,LOW,0
F001,Smart Campus,B002,Building B,BLK-B1,Block B1,SP-004,Open Workspace B1,Workspace,2026-01-06 12:00:00,150,60,90,40.0,OPTIMAL,0
F001,Smart Campus,B002,Building B,BLK-B1,Block B1,SP-005,Meeting Room B,Meeting Room,2026-01-06 12:00:00,25,18,7,72.0,OPTIMAL,0
F001,Smart Campus,B002,Building B,BLK-B2,Block B2,SP-006,Cafeteria B,Cafeteria,2026-01-06 12:00:00,180,144,36,80.0,HIGH,0
F001,Smart Campus,B003,Building C,BLK-C1,Block C1,SP-007,Open Workspace C1,Workspace,2026-01-06 12:00:00,100,45,55,45.0,OPTIMAL,0
F001,Smart Campus,B003,Building C,BLK-C1,Block C1,SP-008,Server Operations Room,Restricted Area,2026-01-06 12:00:00,20,7,13,35.0,LOW,0
F001,Smart Campus,B001,Building A,BLK-A1,Block A1,SP-001,Open Workspace A1,Workspace,2026-01-06 13:00:00,120,63,57,52.5,OPTIMAL,0
F001,Smart Campus,B001,Building A,BLK-A1,Block A1,SP-002,Conference Room A,Meeting Room,2026-01-06 13:00:00,30,19,11,63.33,OPTIMAL,0
F001,Smart Campus,B001,Building A,BLK-A2,Block A2,SP-003,Training Hall A,Training Room,2026-01-06 13:00:00,80,52,28,65.0,OPTIMAL,0
F001,Smart Campus,B002,Building B,BLK-B1,Block B1,SP-004,Open Workspace B1,Workspace,2026-01-06 13:00:00,150,67,83,44.67,OPTIMAL,0
F001,Smart Campus,B002,Building B,BLK-B1,Block B1,SP-005,Meeting Room B,Meeting Room,2026-01-06 13:00:00,25,26,0,104.0,OVERCROWDED,1
F001,Smart Campus,B002,Building B,BLK-B2,Block B2,SP-006,Cafeteria B,Cafeteria,2026-01-06 13:00:00,180,148,32,82.22,HIGH,0
F001,Smart Campus,B003,Building C,BLK-C1,Block C1,SP-007,Open Workspace C1,Workspace,2026-01-06 13:00:00,100,55,45,55.0,OPTIMAL,0
F001,Smart Campus,B003,Building C,BLK-C1,Block C1,SP-008,Server Operations Room,Restricted Area,2026-01-06 13:00:00,20,6,14,30.0,LOW,0
F001,Smart Campus,B001,Building A,BLK-A1,Block A1,SP-001,Open Workspace A1,Workspace,2026-01-06 14:00:00,120,90,30,75.0,HIGH,0
F001,Smart Campus,B001,Building A,BLK-A1,Block A1,SP-002,Conference Room A,Meeting Room,2026-01-06 14:00:00,30,10,20,33.33,LOW,0
F001,Smart Campus,B001,Building A,BLK-A2,Block A2,SP-003,Training Hall A,Training Room,2026-01-06 14:00:00,80,59,21,73.75,OPTIMAL,0
F001,Smart Campus,B002,Building B,BLK-B1,Block B1,SP-004,Open Workspace B1,Workspace,2026-01-06 14:00:00,150,92,58,61.33,OPTIMAL,0
F001,Smart Campus,B002,Building B,BLK-B1,Block B1,SP-005,Meeting Room B,Meeting Room,2026-01-06 14:00:00,25,20,5,80.0,HIGH,0
F001,Smart Campus,B002,Building B,BLK-B2,Block B2,SP-006,Cafeteria B,Cafeteria,2026-01-06 14:00:00,180,151,29,83.89,HIGH,0
F001,Smart Campus,B003,Building C,BLK-C1,Block C1,SP-007,Open Workspace C1,Workspace,2026-01-06 14:00:00,100,86,14,86.0,HIGH,0
F001,Smart Campus,B003,Building C,BLK-C1,Block C1,SP-008,Server Operations Room,Restricted Area,2026-01-06 14:00:00,20,7,13,35.0,LOW,0
F001,Smart Campus,B001,Building A,BLK-A1,Block A1,SP-001,Open Workspace A1,Workspace,2026-01-06 15:00:00,120,97,23,80.83,HIGH,0
F001,Smart Campus,B001,Building A,BLK-A1,Block A1,SP-002,Conference Room A,Meeting Room,2026-01-06 15:00:00,30,14,16,46.67,OPTIMAL,0
F001,Smart Campus,B001,Building A,BLK-A2,Block A2,SP-003,Training Hall A,Training Room,2026-01-06 15:00:00,80,24,56,30.0,LOW,0
F001,Smart Campus,B002,Building B,BLK-B1,Block B1,SP-004,Open Workspace B1,Workspace,2026-01-06 15:00:00,150,125,25,83.33,HIGH,0
F001,Smart Campus,B002,Building B,BLK-B1,Block B1,SP-005,Meeting Room B,Meeting Room,2026-01-06 15:00:00,25,20,5,80.0,HIGH,0
F001,Smart Campus,B002,Building B,BLK-B2,Block B2,SP-006,Cafeteria B,Cafeteria,2026-01-06 15:00:00,180,21,159,11.67,UNDERUSED,0
F001,Smart Campus,B003,Building C,BLK-C1,Block C1,SP-007,Open Workspace C1,Workspace,2026-01-06 15:00:00,100,88,12,88.0,HIGH,0
F001,Smart Campus,B003,Building C,BLK-C1,Block C1,SP-008,Server Operations Room,Restricted Area,2026-01-06 15:00:00,20,4,16,20.0,LOW,0
F001,Smart Campus,B001,Building A,BLK-A1,Block A1,SP-001,Open Workspace A1,Workspace,2026-01-06 16:00:00,120,74,46,61.67,OPTIMAL,0
F001,Smart Campus,B001,Building A,BLK-A1,Block A1,SP-002,Conference Room A,Meeting Room,2026-01-06 16:00:00,30,22,8,73.33,OPTIMAL,0
F001,Smart Campus,B001,Building A,BLK-A2,Block A2,SP-003,Training Hall A,Training Room,2026-01-06 16:00:00,80,53,27,66.25,OPTIMAL,0
F001,Smart Campus,B002,Building B,BLK-B1,Block B1,SP-004,Open Workspace B1,Workspace,2026-01-06 16:00:00,150,107,43,71.33,OPTIMAL,0
F001,Smart Campus,B002,Building B,BLK-B1,Block B1,SP-005,Meeting Room B,Meeting Room,2026-01-06 16:00:00,25,5,20,20.0,LOW,0
F001,Smart Campus,B002,Building B,BLK-B2,Block B2,SP-006,Cafeteria B,Cafeteria,2026-01-06 16:00:00,180,90,90,50.0,OPTIMAL,0
F001,Smart Campus,B003,Building C,BLK-C1,Block C1,SP-007,Open Workspace C1,Workspace,2026-01-06 16:00:00,100,70,30,70.0,OPTIMAL,0
F001,Smart Campus,B003,Building C,BLK-C1,Block C1,SP-008,Server Operations Room,Restricted Area,2026-01-06 16:00:00,20,4,16,20.0,LOW,0
F001,Smart Campus,B001,Building A,BLK-A1,Block A1,SP-001,Open Workspace A1,Workspace,2026-01-06 17:00:00,120,94,26,78.33,HIGH,0
F001,Smart Campus,B001,Building A,BLK-A1,Block A1,SP-002,Conference Room A,Meeting Room,2026-01-06 17:00:00,30,18,12,60.0,OPTIMAL,0
F001,Smart Campus,B001,Building A,BLK-A2,Block A2,SP-003,Training Hall A,Training Room,2026-01-06 17:00:00,80,5,75,6.25,UNDERUSED,0
F001,Smart Campus,B002,Building B,BLK-B1,Block B1,SP-004,Open Workspace B1,Workspace,2026-01-06 17:00:00,150,96,54,64.0,OPTIMAL,0
F001,Smart Campus,B002,Building B,BLK-B1,Block B1,SP-005,Meeting Room B,Meeting Room,2026-01-06 17:00:00,25,15,10,60.0,OPTIMAL,0
F001,Smart Campus,B002,Building B,BLK-B2,Block B2,SP-006,Cafeteria B,Cafeteria,2026-01-06 17:00:00,180,59,121,32.78,LOW,0
F001,Smart Campus,B003,Building C,BLK-C1,Block C1,SP-007,Open Workspace C1,Workspace,2026-01-06 17:00:00,100,60,40,60.0,OPTIMAL,0
F001,Smart Campus,B003,Building C,BLK-C1,Block C1,SP-008,Server Operations Room,Restricted Area,2026-01-06 17:00:00,20,3,17,15.0,LOW,0
F001,Smart Campus,B001,Building A,BLK-A1,Block A1,SP-001,Open Workspace A1,Workspace,2026-01-06 18:00:00,120,22,98,18.33,LOW,0
F001,Smart Campus,B001,Building A,BLK-A1,Block A1,SP-002,Conference Room A,Meeting Room,2026-01-06 18:00:00,30,1,29,3.33,UNDERUSED,0
F001,Smart Campus,B001,Building A,BLK-A2,Block A2,SP-003,Training Hall A,Training Room,2026-01-06 18:00:00,80,3,77,3.75,UNDERUSED,0
F001,Smart Campus,B002,Building B,BLK-B1,Block B1,SP-004,Open Workspace B1,Workspace,2026-01-06 18:00:00,150,36,114,24.0,LOW,0
F001,Smart Campus,B002,Building B,BLK-B1,Block B1,SP-005,Meeting Room B,Meeting Room,2026-01-06 18:00:00,25,1,24,4.0,UNDERUSED,0
F001,Smart Campus,B002,Building B,BLK-B2,Block B2,SP-006,Cafeteria B,Cafeteria,2026-01-06 18:00:00,180,13,167,7.22,UNDERUSED,0
F001,Smart Campus,B003,Building C,BLK-C1,Block C1,SP-007,Open Workspace C1,Workspace,2026-01-06 18:00:00,100,25,75,25.0,LOW,0
F001,Smart Campus,B003,Building C,BLK-C1,Block C1,SP-008,Server Operations Room,Restricted Area,2026-01-06 18:00:00,20,6,14,30.0,LOW,0
F001,Smart Campus,B001,Building A,BLK-A1,Block A1,SP-001,Open Workspace A1,Workspace,2026-01-06 19:00:00,120,47,73,39.17,LOW,0
F001,Smart Campus,B001,Building A,BLK-A1,Block A1,SP-002,Conference Room A,Meeting Room,2026-01-06 19:00:00,30,1,29,3.33,UNDERUSED,0
F001,Smart Campus,B001,Building A,BLK-A2,Block A2,SP-003,Training Hall A,Training Room,2026-01-06 19:00:00,80,1,79,1.25,UNDERUSED,0
F001,Smart Campus,B002,Building B,BLK-B1,Block B1,SP-004,Open Workspace B1,Workspace,2026-01-06 19:00:00,150,41,109,27.33,LOW,0
F001,Smart Campus,B002,Building B,BLK-B1,Block B1,SP-005,Meeting Room B,Meeting Room,2026-01-06 19:00:00,25,1,24,4.0,UNDERUSED,0
F001,Smart Campus,B002,Building B,BLK-B2,Block B2,SP-006,Cafeteria B,Cafeteria,2026-01-06 19:00:00,180,15,165,8.33,UNDERUSED,0
F001,Smart Campus,B003,Building C,BLK-C1,Block C1,SP-007,Open Workspace C1,Workspace,2026-01-06 19:00:00,100,21,79,21.0,LOW,0
F001,Smart Campus,B003,Building C,BLK-C1,Block C1,SP-008,Server Operations Room,Restricted Area,2026-01-06 19:00:00,20,5,15,25.0,LOW,0
F001,Smart Campus,B001,Building A,BLK-A1,Block A1,SP-001,Open Workspace A1,Workspace,2026-01-06 20:00:00,120,24,96,20.0,LOW,0
F001,Smart Campus,B001,Building A,BLK-A1,Block A1,SP-002,Conference Room A,Meeting Room,2026-01-06 20:00:00,30,1,29,3.33,UNDERUSED,0
F001,Smart Campus,B001,Building A,BLK-A2,Block A2,SP-003,Training Hall A,Training Room,2026-01-06 20:00:00,80,2,78,2.5,UNDERUSED,0
F001,Smart Campus,B002,Building B,BLK-B1,Block B1,SP-004,Open Workspace B1,Workspace,2026-01-06 20:00:00,150,53,97,35.33,LOW,0
F001,Smart Campus,B002,Building B,BLK-B1,Block B1,SP-005,Meeting Room B,Meeting Room,2026-01-06 20:00:00,25,1,24,4.0,UNDERUSED,0
F001,Smart Campus,B002,Building B,BLK-B2,Block B2,SP-006,Cafeteria B,Cafeteria,2026-01-06 20:00:00,180,24,156,13.33,UNDERUSED,0
F001,Smart Campus,B003,Building C,BLK-C1,Block C1,SP-007,Open Workspace C1,Workspace,2026-01-06 20:00:00,100,18,82,18.0,LOW,0
F001,Smart Campus,B003,Building C,BLK-C1,Block C1,SP-008,Server Operations Room,Restricted Area,2026-01-06 20:00:00,20,7,13,35.0,LOW,0
F001,Smart Campus,B001,Building A,BLK-A1,Block A1,SP-001,Open Workspace A1,Workspace,2026-01-06 21:00:00,120,5,115,4.17,UNDERUSED,0
F001,Smart Campus,B001,Building A,BLK-A1,Block A1,SP-002,Conference Room A,Meeting Room,2026-01-06 21:00:00,30,3,27,10.0,UNDERUSED,0
F001,Smart Campus,B001,Building A,BLK-A2,Block A2,SP-003,Training Hall A,Training Room,2026-01-06 21:00:00,80,4,76,5.0,UNDERUSED,0
F001,Smart Campus,B002,Building B,BLK-B1,Block B1,SP-004,Open Workspace B1,Workspace,2026-01-06 21:00:00,150,9,141,6.0,UNDERUSED,0
F001,Smart Campus,B002,Building B,BLK-B1,Block B1,SP-005,Meeting Room B,Meeting Room,2026-01-06 21:00:00,25,1,24,4.0,UNDERUSED,0
F001,Smart Campus,B002,Building B,BLK-B2,Block B2,SP-006,Cafeteria B,Cafeteria,2026-01-06 21:00:00,180,13,167,7.22,UNDERUSED,0
F001,Smart Campus,B003,Building C,BLK-C1,Block C1,SP-007,Open Workspace C1,Workspace,2026-01-06 21:00:00,100,6,94,6.0,UNDERUSED,0
F001,Smart Campus,B003,Building C,BLK-C1,Block C1,SP-008,Server Operations Room,Restricted Area,2026-01-06 21:00:00,20,4,16,20.0,LOW,0
F001,Smart Campus,B001,Building A,BLK-A1,Block A1,SP-001,Open Workspace A1,Workspace,2026-01-06 22:00:00,120,7,113,5.83,UNDERUSED,0
F001,Smart Campus,B001,Building A,BLK-A1,Block A1,SP-002,Conference Room A,Meeting Room,2026-01-06 22:00:00,30,1,29,3.33,UNDERUSED,0
F001,Smart Campus,B001,Building A,BLK-A2,Block A2,SP-003,Training Hall A,Training Room,2026-01-06 22:00:00,80,3,77,3.75,UNDERUSED,0
F001,Smart Campus,B002,Building B,BLK-B1,Block B1,SP-004,Open Workspace B1,Workspace,2026-01-06 22:00:00,150,11,139,7.33,UNDERUSED,0
F001,Smart Campus,B002,Building B,BLK-B1,Block B1,SP-005,Meeting Room B,Meeting Room,2026-01-06 22:00:00,25,2,23,8.0,UNDERUSED,0
F001,Smart Campus,B002,Building B,BLK-B2,Block B2,SP-006,Cafeteria B,Cafeteria,2026-01-06 22:00:00,180,15,165,8.33,UNDERUSED,0
F001,Smart Campus,B003,Building C,BLK-C1,Block C1,SP-007,Open Workspace C1,Workspace,2026-01-06 22:00:00,100,3,97,3.0,UNDERUSED,0
F001,Smart Campus,B003,Building C,BLK-C1,Block C1,SP-008,Server Operations Room,Restricted Area,2026-01-06 22:00:00,20,5,15,25.0,LOW,0
F001,Smart Campus,B001,Building A,BLK-A1,Block A1,SP-001,Open Workspace A1,Workspace,2026-01-06 23:00:00,120,2,118,1.67,UNDERUSED,0
F001,Smart Campus,B001,Building A,BLK-A1,Block A1,SP-002,Conference Room A,Meeting Room,2026-01-06 23:00:00,30,1,29,3.33,UNDERUSED,0
F001,Smart Campus,B001,Building A,BLK-A2,Block A2,SP-003,Training Hall A,Training Room,2026-01-06 23:00:00,80,3,77,3.75,UNDERUSED,0
F001,Smart Campus,B002,Building B,BLK-B1,Block B1,SP-004,Open Workspace B1,Workspace,2026-01-06 23:00:00,150,11,139,7.33,UNDERUSED,0
F001,Smart Campus,B002,Building B,BLK-B1,Block B1,SP-005,Meeting Room B,Meeting Room,2026-01-06 23:00:00,25,2,23,8.0,UNDERUSED,0
F001,Smart Campus,B002,Building B,BLK-B2,Block B2,SP-006,Cafeteria B,Cafeteria,2026-01-06 23:00:00,180,25,155,13.89,UNDERUSED,0
F001,Smart Campus,B003,Building C,BLK-C1,Block C1,SP-007,Open Workspace C1,Workspace,2026-01-06 23:00:00,100,7,93,7.0,UNDERUSED,0
F001,Smart Campus,B003,Building C,BLK-C1,Block C1,SP-008,Server Operations Room,Restricted Area,2026-01-06 23:00:00,20,6,14,30.0,LOW,0
F001,Smart Campus,B001,Building A,BLK-A1,Block A1,SP-001,Open Workspace A1,Workspace,2026-01-07 00:00:00,120,5,115,4.17,UNDERUSED,0
F001,Smart Campus,B001,Building A,BLK-A1,Block A1,SP-002,Conference Room A,Meeting Room,2026-01-07 00:00:00,30,0,30,0.0,UNDERUSED,0
F001,Smart Campus,B001,Building A,BLK-A2,Block A2,SP-003,Training Hall A,Training Room,2026-01-07 00:00:00,80,4,76,5.0,UNDERUSED,0
F001,Smart Campus,B002,Building B,BLK-B1,Block B1,SP-004,Open Workspace B1,Workspace,2026-01-07 00:00:00,150,12,138,8.0,UNDERUSED,0
F001,Smart Campus,B002,Building B,BLK-B1,Block B1,SP-005,Meeting Room B,Meeting Room,2026-01-07 00:00:00,25,26,0,104.0,OVERCROWDED,1
F001,Smart Campus,B002,Building B,BLK-B2,Block B2,SP-006,Cafeteria B,Cafeteria,2026-01-07 00:00:00,180,16,164,8.89,UNDERUSED,0
F001,Smart Campus,B003,Building C,BLK-C1,Block C1,SP-007,Open Workspace C1,Workspace,2026-01-07 00:00:00,100,6,94,6.0,UNDERUSED,0
F001,Smart Campus,B003,Building C,BLK-C1,Block C1,SP-008,Server Operations Room,Restricted Area,2026-01-07 00:00:00,20,4,16,20.0,LOW,0
F001,Smart Campus,B001,Building A,BLK-A1,Block A1,SP-001,Open Workspace A1,Workspace,2026-01-07 01:00:00,120,10,110,8.33,UNDERUSED,0
F001,Smart Campus,B001,Building A,BLK-A1,Block A1,SP-002,Conference Room A,Meeting Room,2026-01-07 01:00:00,30,2,28,6.67,UNDERUSED,0
F001,Smart Campus,B001,Building A,BLK-A2,Block A2,SP-003,Training Hall A,Training Room,2026-01-07 01:00:00,80,0,80,0.0,UNDERUSED,0
F001,Smart Campus,B002,Building B,BLK-B1,Block B1,SP-004,Open Workspace B1,Workspace,2026-01-07 01:00:00,150,7,143,4.67,UNDERUSED,0
F001,Smart Campus,B002,Building B,BLK-B1,Block B1,SP-005,Meeting Room B,Meeting Room,2026-01-07 01:00:00,25,0,25,0.0,UNDERUSED,0
F001,Smart Campus,B002,Building B,BLK-B2,Block B2,SP-006,Cafeteria B,Cafeteria,2026-01-07 01:00:00,180,7,173,3.89,UNDERUSED,0
F001,Smart Campus,B003,Building C,BLK-C1,Block C1,SP-007,Open Workspace C1,Workspace,2026-01-07 01:00:00,100,5,95,5.0,UNDERUSED,0
F001,Smart Campus,B003,Building C,BLK-C1,Block C1,SP-008,Server Operations Room,Restricted Area,2026-01-07 01:00:00,20,4,16,20.0,LOW,0
F001,Smart Campus,B001,Building A,BLK-A1,Block A1,SP-001,Open Workspace A1,Workspace,2026-01-07 02:00:00,120,6,114,5.0,UNDERUSED,0
F001,Smart Campus,B001,Building A,BLK-A1,Block A1,SP-002,Conference Room A,Meeting Room,2026-01-07 02:00:00,30,1,29,3.33,UNDERUSED,0
F001,Smart Campus,B001,Building A,BLK-A2,Block A2,SP-003,Training Hall A,Training Room,2026-01-07 02:00:00,80,5,75,6.25,UNDERUSED,0
F001,Smart Campus,B002,Building B,BLK-B1,Block B1,SP-004,Open Workspace B1,Workspace,2026-01-07 02:00:00,150,13,137,8.67,UNDERUSED,0
F001,Smart Campus,B002,Building B,BLK-B1,Block B1,SP-005,Meeting Room B,Meeting Room,2026-01-07 02:00:00,25,2,23,8.0,UNDERUSED,0
F001,Smart Campus,B002,Building B,BLK-B2,Block B2,SP-006,Cafeteria B,Cafeteria,2026-01-07 02:00:00,180,27,153,15.0,LOW,0
F001,Smart Campus,B003,Building C,BLK-C1,Block C1,SP-007,Open Workspace C1,Workspace,2026-01-07 02:00:00,100,3,97,3.0,UNDERUSED,0
F001,Smart Campus,B003,Building C,BLK-C1,Block C1,SP-008,Server Operations Room,Restricted Area,2026-01-07 02:00:00,20,4,16,20.0,LOW,0
F001,Smart Campus,B001,Building A,BLK-A1,Block A1,SP-001,Open Workspace A1,Workspace,2026-01-07 03:00:00,120,4,116,3.33,UNDERUSED,0
F001,Smart Campus,B001,Building A,BLK-A1,Block A1,SP-002,Conference Room A,Meeting Room,2026-01-07 03:00:00,30,1,29,3.33,UNDERUSED,0
F001,Smart Campus,B001,Building A,BLK-A2,Block A2,SP-003,Training Hall A,Training Room,2026-01-07 03:00:00,80,3,77,3.75,UNDERUSED,0
F001,Smart Campus,B002,Building B,BLK-B1,Block B1,SP-004,Open Workspace B1,Workspace,2026-01-07 03:00:00,150,10,140,6.67,UNDERUSED,0
F001,Smart Campus,B002,Building B,BLK-B1,Block B1,SP-005,Meeting Room B,Meeting Room,2026-01-07 03:00:00,25,1,24,4.0,UNDERUSED,0
F001,Smart Campus,B002,Building B,BLK-B2,Block B2,SP-006,Cafeteria B,Cafeteria,2026-01-07 03:00:00,180,20,160,11.11,UNDERUSED,0
F001,Smart Campus,B003,Building C,BLK-C1,Block C1,SP-007,Open Workspace C1,Workspace,2026-01-07 03:00:00,100,8,92,8.0,UNDERUSED,0
F001,Smart Campus,B003,Building C,BLK-C1,Block C1,SP-008,Server Operations Room,Restricted Area,2026-01-07 03:00:00,20,1,19,5.0,UNDERUSED,0
F001,Smart Campus,B001,Building A,BLK-A1,Block A1,SP-001,Open Workspace A1,Workspace,2026-01-07 04:00:00,120,11,109,9.17,UNDERUSED,0
F001,Smart Campus,B001,Building A,BLK-A1,Block A1,SP-002,Conference Room A,Meeting Room,2026-01-07 04:00:00,30,1,29,3.33,UNDERUSED,0
F001,Smart Campus,B001,Building A,BLK-A2,Block A2,SP-003,Training Hall A,Training Room,2026-01-07 04:00:00,80,2,78,2.5,UNDERUSED,0
F001,Smart Campus,B002,Building B,BLK-B1,Block B1,SP-004,Open Workspace B1,Workspace,2026-01-07 04:00:00,150,9,141,6.0,UNDERUSED,0
F001,Smart Campus,B002,Building B,BLK-B1,Block B1,SP-005,Meeting Room B,Meeting Room,2026-01-07 04:00:00,25,1,24,4.0,UNDERUSED,0
F001,Smart Campus,B002,Building B,BLK-B2,Block B2,SP-006,Cafeteria B,Cafeteria,2026-01-07 04:00:00,180,17,163,9.44,UNDERUSED,0
F001,Smart Campus,B003,Building C,BLK-C1,Block C1,SP-007,Open Workspace C1,Workspace,2026-01-07 04:00:00,100,9,91,9.0,UNDERUSED,0
F001,Smart Campus,B003,Building C,BLK-C1,Block C1,SP-008,Server Operations Room,Restricted Area,2026-01-07 04:00:00,20,6,14,30.0,LOW,0
F001,Smart Campus,B001,Building A,BLK-A1,Block A1,SP-001,Open Workspace A1,Workspace,2026-01-07 05:00:00,120,4,116,3.33,UNDERUSED,0
F001,Smart Campus,B001,Building A,BLK-A1,Block A1,SP-002,Conference Room A,Meeting Room,2026-01-07 05:00:00,30,0,30,0.0,UNDERUSED,0
F001,Smart Campus,B001,Building A,BLK-A2,Block A2,SP-003,Training Hall A,Training Room,2026-01-07 05:00:00,80,1,79,1.25,UNDERUSED,0
F001,Smart Campus,B002,Building B,BLK-B1,Block B1,SP-004,Open Workspace B1,Workspace,2026-01-07 05:00:00,150,4,146,2.67,UNDERUSED,0
F001,Smart Campus,B002,Building B,BLK-B1,Block B1,SP-005,Meeting Room B,Meeting Room,2026-01-07 05:00:00,25,1,24,4.0,UNDERUSED,0
F001,Smart Campus,B002,Building B,BLK-B2,Block B2,SP-006,Cafeteria B,Cafeteria,2026-01-07 05:00:00,180,7,173,3.89,UNDERUSED,0
F001,Smart Campus,B003,Building C,BLK-C1,Block C1,SP-007,Open Workspace C1,Workspace,2026-01-07 05:00:00,100,3,97,3.0,UNDERUSED,0
F001,Smart Campus,B003,Building C,BLK-C1,Block C1,SP-008,Server Operations Room,Restricted Area,2026-01-07 05:00:00,20,5,15,25.0,LOW,0
F001,Smart Campus,B001,Building A,BLK-A1,Block A1,SP-001,Open Workspace A1,Workspace,2026-01-07 06:00:00,120,12,108,10.0,UNDERUSED,0
F001,Smart Campus,B001,Building A,BLK-A1,Block A1,SP-002,Conference Room A,Meeting Room,2026-01-07 06:00:00,30,1,29,3.33,UNDERUSED,0
F001,Smart Campus,B001,Building A,BLK-A2,Block A2,SP-003,Training Hall A,Training Room,2026-01-07 06:00:00,80,2,78,2.5,UNDERUSED,0
F001,Smart Campus,B002,Building B,BLK-B1,Block B1,SP-004,Open Workspace B1,Workspace,2026-01-07 06:00:00,150,2,148,1.33,UNDERUSED,0
F001,Smart Campus,B002,Building B,BLK-B1,Block B1,SP-005,Meeting Room B,Meeting Room,2026-01-07 06:00:00,25,0,25,0.0,UNDERUSED,0
F001,Smart Campus,B002,Building B,BLK-B2,Block B2,SP-006,Cafeteria B,Cafeteria,2026-01-07 06:00:00,180,23,157,12.78,UNDERUSED,0
F001,Smart Campus,B003,Building C,BLK-C1,Block C1,SP-007,Open Workspace C1,Workspace,2026-01-07 06:00:00,100,6,94,6.0,UNDERUSED,0
F001,Smart Campus,B003,Building C,BLK-C1,Block C1,SP-008,Server Operations Room,Restricted Area,2026-01-07 06:00:00,20,5,15,25.0,LOW,0
F001,Smart Campus,B001,Building A,BLK-A1,Block A1,SP-001,Open Workspace A1,Workspace,2026-01-07 07:00:00,120,10,110,8.33,UNDERUSED,0
F001,Smart Campus,B001,Building A,BLK-A1,Block A1,SP-002,Conference Room A,Meeting Room,2026-01-07 07:00:00,30,0,30,0.0,UNDERUSED,0
F001,Smart Campus,B001,Building A,BLK-A2,Block A2,SP-003,Training Hall A,Training Room,2026-01-07 07:00:00,80,5,75,6.25,UNDERUSED,0
F001,Smart Campus,B002,Building B,BLK-B1,Block B1,SP-004,Open Workspace B1,Workspace,2026-01-07 07:00:00,150,5,145,3.33,UNDERUSED,0
F001,Smart Campus,B002,Building B,BLK-B1,Block B1,SP-005,Meeting Room B,Meeting Room,2026-01-07 07:00:00,25,0,25,0.0,UNDERUSED,0
F001,Smart Campus,B002,Building B,BLK-B2,Block B2,SP-006,Cafeteria B,Cafeteria,2026-01-07 07:00:00,180,21,159,11.67,UNDERUSED,0
F001,Smart Campus,B003,Building C,BLK-C1,Block C1,SP-007,Open Workspace C1,Workspace,2026-01-07 07:00:00,100,6,94,6.0,UNDERUSED,0
F001,Smart Campus,B003,Building C,BLK-C1,Block C1,SP-008,Server Operations Room,Restricted Area,2026-01-07 07:00:00,20,2,18,10.0,UNDERUSED,0
F001,Smart Campus,B001,Building A,BLK-A1,Block A1,SP-001,Open Workspace A1,Workspace,2026-01-07 08:00:00,120,10,110,8.33,UNDERUSED,0
F001,Smart Campus,B001,Building A,BLK-A1,Block A1,SP-002,Conference Room A,Meeting Room,2026-01-07 08:00:00,30,2,28,6.67,UNDERUSED,0
F001,Smart Campus,B001,Building A,BLK-A2,Block A2,SP-003,Training Hall A,Training Room,2026-01-07 08:00:00,80,5,75,6.25,UNDERUSED,0
F001,Smart Campus,B002,Building B,BLK-B1,Block B1,SP-004,Open Workspace B1,Workspace,2026-01-07 08:00:00,150,15,135,10.0,UNDERUSED,0
F001,Smart Campus,B002,Building B,BLK-B1,Block B1,SP-005,Meeting Room B,Meeting Room,2026-01-07 08:00:00,25,2,23,8.0,UNDERUSED,0
F001,Smart Campus,B002,Building B,BLK-B2,Block B2,SP-006,Cafeteria B,Cafeteria,2026-01-07 08:00:00,180,58,122,32.22,LOW,0
F001,Smart Campus,B003,Building C,BLK-C1,Block C1,SP-007,Open Workspace C1,Workspace,2026-01-07 08:00:00,100,5,95,5.0,UNDERUSED,0
F001,Smart Campus,B003,Building C,BLK-C1,Block C1,SP-008,Server Operations Room,Restricted Area,2026-01-07 08:00:00,20,6,14,30.0,LOW,0
F001,Smart Campus,B001,Building A,BLK-A1,Block A1,SP-001,Open Workspace A1,Workspace,2026-01-07 09:00:00,120,108,12,90.0,HIGH,0
F001,Smart Campus,B001,Building A,BLK-A1,Block A1,SP-002,Conference Room A,Meeting Room,2026-01-07 09:00:00,30,11,19,36.67,LOW,0
F001,Smart Campus,B001,Building A,BLK-A2,Block A2,SP-003,Training Hall A,Training Room,2026-01-07 09:00:00,80,44,36,55.0,OPTIMAL,0
F001,Smart Campus,B002,Building B,BLK-B1,Block B1,SP-004,Open Workspace B1,Workspace,2026-01-07 09:00:00,150,124,26,82.67,HIGH,0
F001,Smart Campus,B002,Building B,BLK-B1,Block B1,SP-005,Meeting Room B,Meeting Room,2026-01-07 09:00:00,25,8,17,32.0,LOW,0
F001,Smart Campus,B002,Building B,BLK-B2,Block B2,SP-006,Cafeteria B,Cafeteria,2026-01-07 09:00:00,180,54,126,30.0,LOW,0
F001,Smart Campus,B003,Building C,BLK-C1,Block C1,SP-007,Open Workspace C1,Workspace,2026-01-07 09:00:00,100,66,34,66.0,OPTIMAL,0
F001,Smart Campus,B003,Building C,BLK-C1,Block C1,SP-008,Server Operations Room,Restricted Area,2026-01-07 09:00:00,20,3,17,15.0,LOW,0
F001,Smart Campus,B001,Building A,BLK-A1,Block A1,SP-001,Open Workspace A1,Workspace,2026-01-07 10:00:00,120,88,32,73.33,OPTIMAL,0
F001,Smart Campus,B001,Building A,BLK-A1,Block A1,SP-002,Conference Room A,Meeting Room,2026-01-07 10:00:00,30,12,18,40.0,OPTIMAL,0
F001,Smart Campus,B001,Building A,BLK-A2,Block A2,SP-003,Training Hall A,Training Room,2026-01-07 10:00:00,80,57,23,71.25,OPTIMAL,0
F001,Smart Campus,B002,Building B,BLK-B1,Block B1,SP-004,Open Workspace B1,Workspace,2026-01-07 10:00:00,150,123,27,82.0,HIGH,0
F001,Smart Campus,B002,Building B,BLK-B1,Block B1,SP-005,Meeting Room B,Meeting Room,2026-01-07 10:00:00,25,21,4,84.0,HIGH,0
F001,Smart Campus,B002,Building B,BLK-B2,Block B2,SP-006,Cafeteria B,Cafeteria,2026-01-07 10:00:00,180,25,155,13.89,UNDERUSED,0
F001,Smart Campus,B003,Building C,BLK-C1,Block C1,SP-007,Open Workspace C1,Workspace,2026-01-07 10:00:00,100,87,13,87.0,HIGH,0
F001,Smart Campus,B003,Building C,BLK-C1,Block C1,SP-008,Server Operations Room,Restricted Area,2026-01-07 10:00:00,20,6,14,30.0,LOW,0
F001,Smart Campus,B001,Building A,BLK-A1,Block A1,SP-001,Open Workspace A1,Workspace,2026-01-07 11:00:00,120,99,21,82.5,HIGH,0
F001,Smart Campus,B001,Building A,BLK-A1,Block A1,SP-002,Conference Room A,Meeting Room,2026-01-07 11:00:00,30,21,9,70.0,OPTIMAL,0
F001,Smart Campus,B001,Building A,BLK-A2,Block A2,SP-003,Training Hall A,Training Room,2026-01-07 11:00:00,80,39,41,48.75,OPTIMAL,0
F001,Smart Campus,B002,Building B,BLK-B1,Block B1,SP-004,Open Workspace B1,Workspace,2026-01-07 11:00:00,150,108,42,72.0,OPTIMAL,0
F001,Smart Campus,B002,Building B,BLK-B1,Block B1,SP-005,Meeting Room B,Meeting Room,2026-01-07 11:00:00,25,12,13,48.0,OPTIMAL,0
F001,Smart Campus,B002,Building B,BLK-B2,Block B2,SP-006,Cafeteria B,Cafeteria,2026-01-07 11:00:00,180,24,156,13.33,UNDERUSED,0
F001,Smart Campus,B003,Building C,BLK-C1,Block C1,SP-007,Open Workspace C1,Workspace,2026-01-07 11:00:00,100,78,22,78.0,HIGH,0
F001,Smart Campus,B003,Building C,BLK-C1,Block C1,SP-008,Server Operations Room,Restricted Area,2026-01-07 11:00:00,20,7,13,35.0,LOW,0
F001,Smart Campus,B001,Building A,BLK-A1,Block A1,SP-001,Open Workspace A1,Workspace,2026-01-07 12:00:00,120,71,49,59.17,OPTIMAL,0
F001,Smart Campus,B001,Building A,BLK-A1,Block A1,SP-002,Conference Room A,Meeting Room,2026-01-07 12:00:00,30,6,24,20.0,LOW,0
F001,Smart Campus,B001,Building A,BLK-A2,Block A2,SP-003,Training Hall A,Training Room,2026-01-07 12:00:00,80,51,29,63.75,OPTIMAL,0
F001,Smart Campus,B002,Building B,BLK-B1,Block B1,SP-004,Open Workspace B1,Workspace,2026-01-07 12:00:00,150,70,80,46.67,OPTIMAL,0
F001,Smart Campus,B002,Building B,BLK-B1,Block B1,SP-005,Meeting Room B,Meeting Room,2026-01-07 12:00:00,25,11,14,44.0,OPTIMAL,0
F001,Smart Campus,B002,Building B,BLK-B2,Block B2,SP-006,Cafeteria B,Cafeteria,2026-01-07 12:00:00,180,150,30,83.33,HIGH,0
F001,Smart Campus,B003,Building C,BLK-C1,Block C1,SP-007,Open Workspace C1,Workspace,2026-01-07 12:00:00,100,46,54,46.0,OPTIMAL,0
F001,Smart Campus,B003,Building C,BLK-C1,Block C1,SP-008,Server Operations Room,Restricted Area,2026-01-07 12:00:00,20,3,17,15.0,LOW,0
F001,Smart Campus,B001,Building A,BLK-A1,Block A1,SP-001,Open Workspace A1,Workspace,2026-01-07 13:00:00,120,52,68,43.33,OPTIMAL,0
F001,Smart Campus,B001,Building A,BLK-A1,Block A1,SP-002,Conference Room A,Meeting Room,2026-01-07 13:00:00,30,17,13,56.67,OPTIMAL,0
F001,Smart Campus,B001,Building A,BLK-A2,Block A2,SP-003,Training Hall A,Training Room,2026-01-07 13:00:00,80,32,48,40.0,OPTIMAL,0
F001,Smart Campus,B002,Building B,BLK-B1,Block B1,SP-004,Open Workspace B1,Workspace,2026-01-07 13:00:00,150,54,96,36.0,LOW,0
F001,Smart Campus,B002,Building B,BLK-B1,Block B1,SP-005,Meeting Room B,Meeting Room,2026-01-07 13:00:00,25,18,7,72.0,OPTIMAL,0
F001,Smart Campus,B002,Building B,BLK-B2,Block B2,SP-006,Cafeteria B,Cafeteria,2026-01-07 13:00:00,180,132,48,73.33,OPTIMAL,0
F001,Smart Campus,B003,Building C,BLK-C1,Block C1,SP-007,Open Workspace C1,Workspace,2026-01-07 13:00:00,100,119,0,119.0,OVERCROWDED,1
F001,Smart Campus,B003,Building C,BLK-C1,Block C1,SP-008,Server Operations Room,Restricted Area,2026-01-07 13:00:00,20,2,18,10.0,UNDERUSED,0
F001,Smart Campus,B001,Building A,BLK-A1,Block A1,SP-001,Open Workspace A1,Workspace,2026-01-07 14:00:00,120,76,44,63.33,OPTIMAL,0
F001,Smart Campus,B001,Building A,BLK-A1,Block A1,SP-002,Conference Room A,Meeting Room,2026-01-07 14:00:00,30,9,21,30.0,LOW,0
F001,Smart Campus,B001,Building A,BLK-A2,Block A2,SP-003,Training Hall A,Training Room,2026-01-07 14:00:00,80,29,51,36.25,LOW,0
F001,Smart Campus,B002,Building B,BLK-B1,Block B1,SP-004,Open Workspace B1,Workspace,2026-01-07 14:00:00,150,101,49,67.33,OPTIMAL,0
F001,Smart Campus,B002,Building B,BLK-B1,Block B1,SP-005,Meeting Room B,Meeting Room,2026-01-07 14:00:00,25,20,5,80.0,HIGH,0
F001,Smart Campus,B002,Building B,BLK-B2,Block B2,SP-006,Cafeteria B,Cafeteria,2026-01-07 14:00:00,180,144,36,80.0,HIGH,0
F001,Smart Campus,B003,Building C,BLK-C1,Block C1,SP-007,Open Workspace C1,Workspace,2026-01-07 14:00:00,100,80,20,80.0,HIGH,0
F001,Smart Campus,B003,Building C,BLK-C1,Block C1,SP-008,Server Operations Room,Restricted Area,2026-01-07 14:00:00,20,5,15,25.0,LOW,0
F001,Smart Campus,B001,Building A,BLK-A1,Block A1,SP-001,Open Workspace A1,Workspace,2026-01-07 15:00:00,120,72,48,60.0,OPTIMAL,0
F001,Smart Campus,B001,Building A,BLK-A1,Block A1,SP-002,Conference Room A,Meeting Room,2026-01-07 15:00:00,30,9,21,30.0,LOW,0
F001,Smart Campus,B001,Building A,BLK-A2,Block A2,SP-003,Training Hall A,Training Room,2026-01-07 15:00:00,80,91,0,113.75,OVERCROWDED,1
F001,Smart Campus,B002,Building B,BLK-B1,Block B1,SP-004,Open Workspace B1,Workspace,2026-01-07 15:00:00,150,124,26,82.67,HIGH,0
F001,Smart Campus,B002,Building B,BLK-B1,Block B1,SP-005,Meeting Room B,Meeting Room,2026-01-07 15:00:00,25,12,13,48.0,OPTIMAL,0
F001,Smart Campus,B002,Building B,BLK-B2,Block B2,SP-006,Cafeteria B,Cafeteria,2026-01-07 15:00:00,180,5,175,2.78,UNDERUSED,0
F001,Smart Campus,B003,Building C,BLK-C1,Block C1,SP-007,Open Workspace C1,Workspace,2026-01-07 15:00:00,100,80,20,80.0,HIGH,0
F001,Smart Campus,B003,Building C,BLK-C1,Block C1,SP-008,Server Operations Room,Restricted Area,2026-01-07 15:00:00,20,3,17,15.0,LOW,0
F001,Smart Campus,B001,Building A,BLK-A1,Block A1,SP-001,Open Workspace A1,Workspace,2026-01-07 16:00:00,120,77,43,64.17,OPTIMAL,0
F001,Smart Campus,B001,Building A,BLK-A1,Block A1,SP-002,Conference Room A,Meeting Room,2026-01-07 16:00:00,30,21,9,70.0,OPTIMAL,0
F001,Smart Campus,B001,Building A,BLK-A2,Block A2,SP-003,Training Hall A,Training Room,2026-01-07 16:00:00,80,64,16,80.0,HIGH,0
F001,Smart Campus,B002,Building B,BLK-B1,Block B1,SP-004,Open Workspace B1,Workspace,2026-01-07 16:00:00,150,170,0,113.33,OVERCROWDED,1
F001,Smart Campus,B002,Building B,BLK-B1,Block B1,SP-005,Meeting Room B,Meeting Room,2026-01-07 16:00:00,25,12,13,48.0,OPTIMAL,0
F001,Smart Campus,B002,Building B,BLK-B2,Block B2,SP-006,Cafeteria B,Cafeteria,2026-01-07 16:00:00,180,73,107,40.56,OPTIMAL,0
F001,Smart Campus,B003,Building C,BLK-C1,Block C1,SP-007,Open Workspace C1,Workspace,2026-01-07 16:00:00,100,72,28,72.0,OPTIMAL,0
F001,Smart Campus,B003,Building C,BLK-C1,Block C1,SP-008,Server Operations Room,Restricted Area,2026-01-07 16:00:00,20,6,14,30.0,LOW,0
F001,Smart Campus,B001,Building A,BLK-A1,Block A1,SP-001,Open Workspace A1,Workspace,2026-01-07 17:00:00,120,75,45,62.5,OPTIMAL,0
F001,Smart Campus,B001,Building A,BLK-A1,Block A1,SP-002,Conference Room A,Meeting Room,2026-01-07 17:00:00,30,17,13,56.67,OPTIMAL,0
F001,Smart Campus,B001,Building A,BLK-A2,Block A2,SP-003,Training Hall A,Training Room,2026-01-07 17:00:00,80,6,74,7.5,UNDERUSED,0
F001,Smart Campus,B002,Building B,BLK-B1,Block B1,SP-004,Open Workspace B1,Workspace,2026-01-07 17:00:00,150,96,54,64.0,OPTIMAL,0
F001,Smart Campus,B002,Building B,BLK-B1,Block B1,SP-005,Meeting Room B,Meeting Room,2026-01-07 17:00:00,25,6,19,24.0,LOW,0
F001,Smart Campus,B002,Building B,BLK-B2,Block B2,SP-006,Cafeteria B,Cafeteria,2026-01-07 17:00:00,180,72,108,40.0,OPTIMAL,0
F001,Smart Campus,B003,Building C,BLK-C1,Block C1,SP-007,Open Workspace C1,Workspace,2026-01-07 17:00:00,100,82,18,82.0,HIGH,0
F001,Smart Campus,B003,Building C,BLK-C1,Block C1,SP-008,Server Operations Room,Restricted Area,2026-01-07 17:00:00,20,6,14,30.0,LOW,0
F001,Smart Campus,B001,Building A,BLK-A1,Block A1,SP-001,Open Workspace A1,Workspace,2026-01-07 18:00:00,120,27,93,22.5,LOW,0
F001,Smart Campus,B001,Building A,BLK-A1,Block A1,SP-002,Conference Room A,Meeting Room,2026-01-07 18:00:00,30,2,28,6.67,UNDERUSED,0
F001,Smart Campus,B001,Building A,BLK-A2,Block A2,SP-003,Training Hall A,Training Room,2026-01-07 18:00:00,80,2,78,2.5,UNDERUSED,0
F001,Smart Campus,B002,Building B,BLK-B1,Block B1,SP-004,Open Workspace B1,Workspace,2026-01-07 18:00:00,150,56,94,37.33,LOW,0
F001,Smart Campus,B002,Building B,BLK-B1,Block B1,SP-005,Meeting Room B,Meeting Room,2026-01-07 18:00:00,25,1,24,4.0,UNDERUSED,0
F001,Smart Campus,B002,Building B,BLK-B2,Block B2,SP-006,Cafeteria B,Cafeteria,2026-01-07 18:00:00,180,15,165,8.33,UNDERUSED,0
F001,Smart Campus,B003,Building C,BLK-C1,Block C1,SP-007,Open Workspace C1,Workspace,2026-01-07 18:00:00,100,28,72,28.0,LOW,0
F001,Smart Campus,B003,Building C,BLK-C1,Block C1,SP-008,Server Operations Room,Restricted Area,2026-01-07 18:00:00,20,7,13,35.0,LOW,0
F001,Smart Campus,B001,Building A,BLK-A1,Block A1,SP-001,Open Workspace A1,Workspace,2026-01-07 19:00:00,120,22,98,18.33,LOW,0
F001,Smart Campus,B001,Building A,BLK-A1,Block A1,SP-002,Conference Room A,Meeting Room,2026-01-07 19:00:00,30,2,28,6.67,UNDERUSED,0
F001,Smart Campus,B001,Building A,BLK-A2,Block A2,SP-003,Training Hall A,Training Room,2026-01-07 19:00:00,80,4,76,5.0,UNDERUSED,0
F001,Smart Campus,B002,Building B,BLK-B1,Block B1,SP-004,Open Workspace B1,Workspace,2026-01-07 19:00:00,150,58,92,38.67,LOW,0
F001,Smart Campus,B002,Building B,BLK-B1,Block B1,SP-005,Meeting Room B,Meeting Room,2026-01-07 19:00:00,25,0,25,0.0,UNDERUSED,0
F001,Smart Campus,B002,Building B,BLK-B2,Block B2,SP-006,Cafeteria B,Cafeteria,2026-01-07 19:00:00,180,10,170,5.56,UNDERUSED,0
F001,Smart Campus,B003,Building C,BLK-C1,Block C1,SP-007,Open Workspace C1,Workspace,2026-01-07 19:00:00,100,17,83,17.0,LOW,0
F001,Smart Campus,B003,Building C,BLK-C1,Block C1,SP-008,Server Operations Room,Restricted Area,2026-01-07 19:00:00,20,4,16,20.0,LOW,0
F001,Smart Campus,B001,Building A,BLK-A1,Block A1,SP-001,Open Workspace A1,Workspace,2026-01-07 20:00:00,120,33,87,27.5,LOW,0
F001,Smart Campus,B001,Building A,BLK-A1,Block A1,SP-002,Conference Room A,Meeting Room,2026-01-07 20:00:00,30,2,28,6.67,UNDERUSED,0
F001,Smart Campus,B001,Building A,BLK-A2,Block A2,SP-003,Training Hall A,Training Room,2026-01-07 20:00:00,80,3,77,3.75,UNDERUSED,0
F001,Smart Campus,B002,Building B,BLK-B1,Block B1,SP-004,Open Workspace B1,Workspace,2026-01-07 20:00:00,150,33,117,22.0,LOW,0
F001,Smart Campus,B002,Building B,BLK-B1,Block B1,SP-005,Meeting Room B,Meeting Room,2026-01-07 20:00:00,25,1,24,4.0,UNDERUSED,0
F001,Smart Campus,B002,Building B,BLK-B2,Block B2,SP-006,Cafeteria B,Cafeteria,2026-01-07 20:00:00,180,23,157,12.78,UNDERUSED,0
F001,Smart Campus,B003,Building C,BLK-C1,Block C1,SP-007,Open Workspace C1,Workspace,2026-01-07 20:00:00,100,25,75,25.0,LOW,0
F001,Smart Campus,B003,Building C,BLK-C1,Block C1,SP-008,Server Operations Room,Restricted Area,2026-01-07 20:00:00,20,6,14,30.0,LOW,0
F001,Smart Campus,B001,Building A,BLK-A1,Block A1,SP-001,Open Workspace A1,Workspace,2026-01-07 21:00:00,120,2,118,1.67,UNDERUSED,0
F001,Smart Campus,B001,Building A,BLK-A1,Block A1,SP-002,Conference Room A,Meeting Room,2026-01-07 21:00:00,30,2,28,6.67,UNDERUSED,0
F001,Smart Campus,B001,Building A,BLK-A2,Block A2,SP-003,Training Hall A,Training Room,2026-01-07 21:00:00,80,0,80,0.0,UNDERUSED,0
F001,Smart Campus,B002,Building B,BLK-B1,Block B1,SP-004,Open Workspace B1,Workspace,2026-01-07 21:00:00,150,7,143,4.67,UNDERUSED,0
F001,Smart Campus,B002,Building B,BLK-B1,Block B1,SP-005,Meeting Room B,Meeting Room,2026-01-07 21:00:00,25,2,23,8.0,UNDERUSED,0
F001,Smart Campus,B002,Building B,BLK-B2,Block B2,SP-006,Cafeteria B,Cafeteria,2026-01-07 21:00:00,180,21,159,11.67,UNDERUSED,0
F001,Smart Campus,B003,Building C,BLK-C1,Block C1,SP-007,Open Workspace C1,Workspace,2026-01-07 21:00:00,100,2,98,2.0,UNDERUSED,0
F001,Smart Campus,B003,Building C,BLK-C1,Block C1,SP-008,Server Operations Room,Restricted Area,2026-01-07 21:00:00,20,5,15,25.0,LOW,0
F001,Smart Campus,B001,Building A,BLK-A1,Block A1,SP-001,Open Workspace A1,Workspace,2026-01-07 22:00:00,120,11,109,9.17,UNDERUSED,0
F001,Smart Campus,B001,Building A,BLK-A1,Block A1,SP-002,Conference Room A,Meeting Room,2026-01-07 22:00:00,30,2,28,6.67,UNDERUSED,0
F001,Smart Campus,B001,Building A,BLK-A2,Block A2,SP-003,Training Hall A,Training Room,2026-01-07 22:00:00,80,1,79,1.25,UNDERUSED,0
F001,Smart Campus,B002,Building B,BLK-B1,Block B1,SP-004,Open Workspace B1,Workspace,2026-01-07 22:00:00,150,12,138,8.0,UNDERUSED,0
F001,Smart Campus,B002,Building B,BLK-B1,Block B1,SP-005,Meeting Room B,Meeting Room,2026-01-07 22:00:00,25,2,23,8.0,UNDERUSED,0
F001,Smart Campus,B002,Building B,BLK-B2,Block B2,SP-006,Cafeteria B,Cafeteria,2026-01-07 22:00:00,180,4,176,2.22,UNDERUSED,0
F001,Smart Campus,B003,Building C,BLK-C1,Block C1,SP-007,Open Workspace C1,Workspace,2026-01-07 22:00:00,100,3,97,3.0,UNDERUSED,0
F001,Smart Campus,B003,Building C,BLK-C1,Block C1,SP-008,Server Operations Room,Restricted Area,2026-01-07 22:00:00,20,5,15,25.0,LOW,0
F001,Smart Campus,B001,Building A,BLK-A1,Block A1,SP-001,Open Workspace A1,Workspace,2026-01-07 23:00:00,120,2,118,1.67,UNDERUSED,0
F001,Smart Campus,B001,Building A,BLK-A1,Block A1,SP-002,Conference Room A,Meeting Room,2026-01-07 23:00:00,30,1,29,3.33,UNDERUSED,0
F001,Smart Campus,B001,Building A,BLK-A2,Block A2,SP-003,Training Hall A,Training Room,2026-01-07 23:00:00,80,4,76,5.0,UNDERUSED,0
F001,Smart Campus,B002,Building B,BLK-B1,Block B1,SP-004,Open Workspace B1,Workspace,2026-01-07 23:00:00,150,5,145,3.33,UNDERUSED,0
F001,Smart Campus,B002,Building B,BLK-B1,Block B1,SP-005,Meeting Room B,Meeting Room,2026-01-07 23:00:00,25,1,24,4.0,UNDERUSED,0
F001,Smart Campus,B002,Building B,BLK-B2,Block B2,SP-006,Cafeteria B,Cafeteria,2026-01-07 23:00:00,180,9,171,5.0,UNDERUSED,0
F001,Smart Campus,B003,Building C,BLK-C1,Block C1,SP-007,Open Workspace C1,Workspace,2026-01-07 23:00:00,100,1,99,1.0,UNDERUSED,0
F001,Smart Campus,B003,Building C,BLK-C1,Block C1,SP-008,Server Operations Room,Restricted Area,2026-01-07 23:00:00,20,2,18,10.0,UNDERUSED,0
F001,Smart Campus,B001,Building A,BLK-A1,Block A1,SP-001,Open Workspace A1,Workspace,2026-01-08 00:00:00,120,5,115,4.17,UNDERUSED,0
F001,Smart Campus,B001,Building A,BLK-A1,Block A1,SP-002,Conference Room A,Meeting Room,2026-01-08 00:00:00,30,3,27,10.0,UNDERUSED,0
F001,Smart Campus,B001,Building A,BLK-A2,Block A2,SP-003,Training Hall A,Training Room,2026-01-08 00:00:00,80,4,76,5.0,UNDERUSED,0
F001,Smart Campus,B002,Building B,BLK-B1,Block B1,SP-004,Open Workspace B1,Workspace,2026-01-08 00:00:00,150,11,139,7.33,UNDERUSED,0
F001,Smart Campus,B002,Building B,BLK-B1,Block B1,SP-005,Meeting Room B,Meeting Room,2026-01-08 00:00:00,25,1,24,4.0,UNDERUSED,0
F001,Smart Campus,B002,Building B,BLK-B2,Block B2,SP-006,Cafeteria B,Cafeteria,2026-01-08 00:00:00,180,20,160,11.11,UNDERUSED,0
F001,Smart Campus,B003,Building C,BLK-C1,Block C1,SP-007,Open Workspace C1,Workspace,2026-01-08 00:00:00,100,2,98,2.0,UNDERUSED,0
F001,Smart Campus,B003,Building C,BLK-C1,Block C1,SP-008,Server Operations Room,Restricted Area,2026-01-08 00:00:00,20,4,16,20.0,LOW,0
F001,Smart Campus,B001,Building A,BLK-A1,Block A1,SP-001,Open Workspace A1,Workspace,2026-01-08 01:00:00,120,3,117,2.5,UNDERUSED,0
F001,Smart Campus,B001,Building A,BLK-A1,Block A1,SP-002,Conference Room A,Meeting Room,2026-01-08 01:00:00,30,3,27,10.0,UNDERUSED,0
F001,Smart Campus,B001,Building A,BLK-A2,Block A2,SP-003,Training Hall A,Training Room,2026-01-08 01:00:00,80,0,80,0.0,UNDERUSED,0
F001,Smart Campus,B002,Building B,BLK-B1,Block B1,SP-004,Open Workspace B1,Workspace,2026-01-08 01:00:00,150,5,145,3.33,UNDERUSED,0
F001,Smart Campus,B002,Building B,BLK-B1,Block B1,SP-005,Meeting Room B,Meeting Room,2026-01-08 01:00:00,25,1,24,4.0,UNDERUSED,0
F001,Smart Campus,B002,Building B,BLK-B2,Block B2,SP-006,Cafeteria B,Cafeteria,2026-01-08 01:00:00,180,4,176,2.22,UNDERUSED,0
F001,Smart Campus,B003,Building C,BLK-C1,Block C1,SP-007,Open Workspace C1,Workspace,2026-01-08 01:00:00,100,6,94,6.0,UNDERUSED,0
F001,Smart Campus,B003,Building C,BLK-C1,Block C1,SP-008,Server Operations Room,Restricted Area,2026-01-08 01:00:00,20,5,15,25.0,LOW,0
F001,Smart Campus,B001,Building A,BLK-A1,Block A1,SP-001,Open Workspace A1,Workspace,2026-01-08 02:00:00,120,8,112,6.67,UNDERUSED,0
F001,Smart Campus,B001,Building A,BLK-A1,Block A1,SP-002,Conference Room A,Meeting Room,2026-01-08 02:00:00,30,2,28,6.67,UNDERUSED,0
F001,Smart Campus,B001,Building A,BLK-A2,Block A2,SP-003,Training Hall A,Training Room,2026-01-08 02:00:00,80,6,74,7.5,UNDERUSED,0
F001,Smart Campus,B002,Building B,BLK-B1,Block B1,SP-004,Open Workspace B1,Workspace,2026-01-08 02:00:00,150,164,0,109.33,OVERCROWDED,1
F001,Smart Campus,B002,Building B,BLK-B1,Block B1,SP-005,Meeting Room B,Meeting Room,2026-01-08 02:00:00,25,1,24,4.0,UNDERUSED,0
F001,Smart Campus,B002,Building B,BLK-B2,Block B2,SP-006,Cafeteria B,Cafeteria,2026-01-08 02:00:00,180,23,157,12.78,UNDERUSED,0
F001,Smart Campus,B003,Building C,BLK-C1,Block C1,SP-007,Open Workspace C1,Workspace,2026-01-08 02:00:00,100,113,0,113.0,OVERCROWDED,1
F001,Smart Campus,B003,Building C,BLK-C1,Block C1,SP-008,Server Operations Room,Restricted Area,2026-01-08 02:00:00,20,6,14,30.0,LOW,0
F001,Smart Campus,B001,Building A,BLK-A1,Block A1,SP-001,Open Workspace A1,Workspace,2026-01-08 03:00:00,120,2,118,1.67,UNDERUSED,0
F001,Smart Campus,B001,Building A,BLK-A1,Block A1,SP-002,Conference Room A,Meeting Room,2026-01-08 03:00:00,30,1,29,3.33,UNDERUSED,0
F001,Smart Campus,B001,Building A,BLK-A2,Block A2,SP-003,Training Hall A,Training Room,2026-01-08 03:00:00,80,0,80,0.0,UNDERUSED,0
F001,Smart Campus,B002,Building B,BLK-B1,Block B1,SP-004,Open Workspace B1,Workspace,2026-01-08 03:00:00,150,11,139,7.33,UNDERUSED,0
F001,Smart Campus,B002,Building B,BLK-B1,Block B1,SP-005,Meeting Room B,Meeting Room,2026-01-08 03:00:00,25,2,23,8.0,UNDERUSED,0
F001,Smart Campus,B002,Building B,BLK-B2,Block B2,SP-006,Cafeteria B,Cafeteria,2026-01-08 03:00:00,180,16,164,8.89,UNDERUSED,0
F001,Smart Campus,B003,Building C,BLK-C1,Block C1,SP-007,Open Workspace C1,Workspace,2026-01-08 03:00:00,100,4,96,4.0,UNDERUSED,0
F001,Smart Campus,B003,Building C,BLK-C1,Block C1,SP-008,Server Operations Room,Restricted Area,2026-01-08 03:00:00,20,2,18,10.0,UNDERUSED,0
F001,Smart Campus,B001,Building A,BLK-A1,Block A1,SP-001,Open Workspace A1,Workspace,2026-01-08 04:00:00,120,3,117,2.5,UNDERUSED,0
F001,Smart Campus,B001,Building A,BLK-A1,Block A1,SP-002,Conference Room A,Meeting Room,2026-01-08 04:00:00,30,0,30,0.0,UNDERUSED,0
F001,Smart Campus,B001,Building A,BLK-A2,Block A2,SP-003,Training Hall A,Training Room,2026-01-08 04:00:00,80,3,77,3.75,UNDERUSED,0
F001,Smart Campus,B002,Building B,BLK-B1,Block B1,SP-004,Open Workspace B1,Workspace,2026-01-08 04:00:00,150,5,145,3.33,UNDERUSED,0
F001,Smart Campus,B002,Building B,BLK-B1,Block B1,SP-005,Meeting Room B,Meeting Room,2026-01-08 04:00:00,25,1,24,4.0,UNDERUSED,0
F001,Smart Campus,B002,Building B,BLK-B2,Block B2,SP-006,Cafeteria B,Cafeteria,2026-01-08 04:00:00,180,20,160,11.11,UNDERUSED,0
F001,Smart Campus,B003,Building C,BLK-C1,Block C1,SP-007,Open Workspace C1,Workspace,2026-01-08 04:00:00,100,4,96,4.0,UNDERUSED,0
F001,Smart Campus,B003,Building C,BLK-C1,Block C1,SP-008,Server Operations Room,Restricted Area,2026-01-08 04:00:00,20,1,19,5.0,UNDERUSED,0
F001,Smart Campus,B001,Building A,BLK-A1,Block A1,SP-001,Open Workspace A1,Workspace,2026-01-08 05:00:00,120,10,110,8.33,UNDERUSED,0
F001,Smart Campus,B001,Building A,BLK-A1,Block A1,SP-002,Conference Room A,Meeting Room,2026-01-08 05:00:00,30,0,30,0.0,UNDERUSED,0
F001,Smart Campus,B001,Building A,BLK-A2,Block A2,SP-003,Training Hall A,Training Room,2026-01-08 05:00:00,80,3,77,3.75,UNDERUSED,0
F001,Smart Campus,B002,Building B,BLK-B1,Block B1,SP-004,Open Workspace B1,Workspace,2026-01-08 05:00:00,150,9,141,6.0,UNDERUSED,0
F001,Smart Campus,B002,Building B,BLK-B1,Block B1,SP-005,Meeting Room B,Meeting Room,2026-01-08 05:00:00,25,1,24,4.0,UNDERUSED,0
F001,Smart Campus,B002,Building B,BLK-B2,Block B2,SP-006,Cafeteria B,Cafeteria,2026-01-08 05:00:00,180,10,170,5.56,UNDERUSED,0
F001,Smart Campus,B003,Building C,BLK-C1,Block C1,SP-007,Open Workspace C1,Workspace,2026-01-08 05:00:00,100,2,98,2.0,UNDERUSED,0
F001,Smart Campus,B003,Building C,BLK-C1,Block C1,SP-008,Server Operations Room,Restricted Area,2026-01-08 05:00:00,20,6,14,30.0,LOW,0
F001,Smart Campus,B001,Building A,BLK-A1,Block A1,SP-001,Open Workspace A1,Workspace,2026-01-08 06:00:00,120,2,118,1.67,UNDERUSED,0
F001,Smart Campus,B001,Building A,BLK-A1,Block A1,SP-002,Conference Room A,Meeting Room,2026-01-08 06:00:00,30,1,29,3.33,UNDERUSED,0
F001,Smart Campus,B001,Building A,BLK-A2,Block A2,SP-003,Training Hall A,Training Room,2026-01-08 06:00:00,80,2,78,2.5,UNDERUSED,0
F001,Smart Campus,B002,Building B,BLK-B1,Block B1,SP-004,Open Workspace B1,Workspace,2026-01-08 06:00:00,150,8,142,5.33,UNDERUSED,0
F001,Smart Campus,B002,Building B,BLK-B1,Block B1,SP-005,Meeting Room B,Meeting Room,2026-01-08 06:00:00,25,1,24,4.0,UNDERUSED,0
F001,Smart Campus,B002,Building B,BLK-B2,Block B2,SP-006,Cafeteria B,Cafeteria,2026-01-08 06:00:00,180,4,176,2.22,UNDERUSED,0
F001,Smart Campus,B003,Building C,BLK-C1,Block C1,SP-007,Open Workspace C1,Workspace,2026-01-08 06:00:00,100,5,95,5.0,UNDERUSED,0
F001,Smart Campus,B003,Building C,BLK-C1,Block C1,SP-008,Server Operations Room,Restricted Area,2026-01-08 06:00:00,20,2,18,10.0,UNDERUSED,0
F001,Smart Campus,B001,Building A,BLK-A1,Block A1,SP-001,Open Workspace A1,Workspace,2026-01-08 07:00:00,120,10,110,8.33,UNDERUSED,0
F001,Smart Campus,B001,Building A,BLK-A1,Block A1,SP-002,Conference Room A,Meeting Room,2026-01-08 07:00:00,30,0,30,0.0,UNDERUSED,0
F001,Smart Campus,B001,Building A,BLK-A2,Block A2,SP-003,Training Hall A,Training Room,2026-01-08 07:00:00,80,6,74,7.5,UNDERUSED,0
F001,Smart Campus,B002,Building B,BLK-B1,Block B1,SP-004,Open Workspace B1,Workspace,2026-01-08 07:00:00,150,13,137,8.67,UNDERUSED,0
F001,Smart Campus,B002,Building B,BLK-B1,Block B1,SP-005,Meeting Room B,Meeting Room,2026-01-08 07:00:00,25,2,23,8.0,UNDERUSED,0
F001,Smart Campus,B002,Building B,BLK-B2,Block B2,SP-006,Cafeteria B,Cafeteria,2026-01-08 07:00:00,180,17,163,9.44,UNDERUSED,0
F001,Smart Campus,B003,Building C,BLK-C1,Block C1,SP-007,Open Workspace C1,Workspace,2026-01-08 07:00:00,100,8,92,8.0,UNDERUSED,0
F001,Smart Campus,B003,Building C,BLK-C1,Block C1,SP-008,Server Operations Room,Restricted Area,2026-01-08 07:00:00,20,1,19,5.0,UNDERUSED,0
F001,Smart Campus,B001,Building A,BLK-A1,Block A1,SP-001,Open Workspace A1,Workspace,2026-01-08 08:00:00,120,6,114,5.0,UNDERUSED,0
F001,Smart Campus,B001,Building A,BLK-A1,Block A1,SP-002,Conference Room A,Meeting Room,2026-01-08 08:00:00,30,3,27,10.0,UNDERUSED,0
F001,Smart Campus,B001,Building A,BLK-A2,Block A2,SP-003,Training Hall A,Training Room,2026-01-08 08:00:00,80,2,78,2.5,UNDERUSED,0
F001,Smart Campus,B002,Building B,BLK-B1,Block B1,SP-004,Open Workspace B1,Workspace,2026-01-08 08:00:00,150,8,142,5.33,UNDERUSED,0
F001,Smart Campus,B002,Building B,BLK-B1,Block B1,SP-005,Meeting Room B,Meeting Room,2026-01-08 08:00:00,25,1,24,4.0,UNDERUSED,0
F001,Smart Campus,B002,Building B,BLK-B2,Block B2,SP-006,Cafeteria B,Cafeteria,2026-01-08 08:00:00,180,63,117,35.0,LOW,0
F001,Smart Campus,B003,Building C,BLK-C1,Block C1,SP-007,Open Workspace C1,Workspace,2026-01-08 08:00:00,100,7,93,7.0,UNDERUSED,0
F001,Smart Campus,B003,Building C,BLK-C1,Block C1,SP-008,Server Operations Room,Restricted Area,2026-01-08 08:00:00,20,2,18,10.0,UNDERUSED,0
F001,Smart Campus,B001,Building A,BLK-A1,Block A1,SP-001,Open Workspace A1,Workspace,2026-01-08 09:00:00,120,86,34,71.67,OPTIMAL,0
F001,Smart Campus,B001,Building A,BLK-A1,Block A1,SP-002,Conference Room A,Meeting Room,2026-01-08 09:00:00,30,7,23,23.33,LOW,0
F001,Smart Campus,B001,Building A,BLK-A2,Block A2,SP-003,Training Hall A,Training Room,2026-01-08 09:00:00,80,28,52,35.0,LOW,0
F001,Smart Campus,B002,Building B,BLK-B1,Block B1,SP-004,Open Workspace B1,Workspace,2026-01-08 09:00:00,150,113,37,75.33,HIGH,0
F001,Smart Campus,B002,Building B,BLK-B1,Block B1,SP-005,Meeting Room B,Meeting Room,2026-01-08 09:00:00,25,6,19,24.0,LOW,0
F001,Smart Campus,B002,Building B,BLK-B2,Block B2,SP-006,Cafeteria B,Cafeteria,2026-01-08 09:00:00,180,51,129,28.33,LOW,0
F001,Smart Campus,B003,Building C,BLK-C1,Block C1,SP-007,Open Workspace C1,Workspace,2026-01-08 09:00:00,100,87,13,87.0,HIGH,0
F001,Smart Campus,B003,Building C,BLK-C1,Block C1,SP-008,Server Operations Room,Restricted Area,2026-01-08 09:00:00,20,5,15,25.0,LOW,0
F001,Smart Campus,B001,Building A,BLK-A1,Block A1,SP-001,Open Workspace A1,Workspace,2026-01-08 10:00:00,120,102,18,85.0,HIGH,0
F001,Smart Campus,B001,Building A,BLK-A1,Block A1,SP-002,Conference Room A,Meeting Room,2026-01-08 10:00:00,30,21,9,70.0,OPTIMAL,0
F001,Smart Campus,B001,Building A,BLK-A2,Block A2,SP-003,Training Hall A,Training Room,2026-01-08 10:00:00,80,42,38,52.5,OPTIMAL,0
F001,Smart Campus,B002,Building B,BLK-B1,Block B1,SP-004,Open Workspace B1,Workspace,2026-01-08 10:00:00,150,132,18,88.0,HIGH,0
F001,Smart Campus,B002,Building B,BLK-B1,Block B1,SP-005,Meeting Room B,Meeting Room,2026-01-08 10:00:00,25,11,14,44.0,OPTIMAL,0
F001,Smart Campus,B002,Building B,BLK-B2,Block B2,SP-006,Cafeteria B,Cafeteria,2026-01-08 10:00:00,180,11,169,6.11,UNDERUSED,0
F001,Smart Campus,B003,Building C,BLK-C1,Block C1,SP-007,Open Workspace C1,Workspace,2026-01-08 10:00:00,100,87,13,87.0,HIGH,0
F001,Smart Campus,B003,Building C,BLK-C1,Block C1,SP-008,Server Operations Room,Restricted Area,2026-01-08 10:00:00,20,1,19,5.0,UNDERUSED,0
F001,Smart Campus,B001,Building A,BLK-A1,Block A1,SP-001,Open Workspace A1,Workspace,2026-01-08 11:00:00,120,94,26,78.33,HIGH,0
F001,Smart Campus,B001,Building A,BLK-A1,Block A1,SP-002,Conference Room A,Meeting Room,2026-01-08 11:00:00,30,25,5,83.33,HIGH,0
F001,Smart Campus,B001,Building A,BLK-A2,Block A2,SP-003,Training Hall A,Training Room,2026-01-08 11:00:00,80,21,59,26.25,LOW,0
F001,Smart Campus,B002,Building B,BLK-B1,Block B1,SP-004,Open Workspace B1,Workspace,2026-01-08 11:00:00,150,107,43,71.33,OPTIMAL,0
F001,Smart Campus,B002,Building B,BLK-B1,Block B1,SP-005,Meeting Room B,Meeting Room,2026-01-08 11:00:00,25,20,5,80.0,HIGH,0
F001,Smart Campus,B002,Building B,BLK-B2,Block B2,SP-006,Cafeteria B,Cafeteria,2026-01-08 11:00:00,180,27,153,15.0,LOW,0
F001,Smart Campus,B003,Building C,BLK-C1,Block C1,SP-007,Open Workspace C1,Workspace,2026-01-08 11:00:00,100,86,14,86.0,HIGH,0
F001,Smart Campus,B003,Building C,BLK-C1,Block C1,SP-008,Server Operations Room,Restricted Area,2026-01-08 11:00:00,20,3,17,15.0,LOW,0
F001,Smart Campus,B001,Building A,BLK-A1,Block A1,SP-001,Open Workspace A1,Workspace,2026-01-08 12:00:00,120,67,53,55.83,OPTIMAL,0
F001,Smart Campus,B001,Building A,BLK-A1,Block A1,SP-002,Conference Room A,Meeting Room,2026-01-08 12:00:00,30,18,12,60.0,OPTIMAL,0
F001,Smart Campus,B001,Building A,BLK-A2,Block A2,SP-003,Training Hall A,Training Room,2026-01-08 12:00:00,80,49,31,61.25,OPTIMAL,0
F001,Smart Campus,B002,Building B,BLK-B1,Block B1,SP-004,Open Workspace B1,Workspace,2026-01-08 12:00:00,150,54,96,36.0,LOW,0
F001,Smart Campus,B002,Building B,BLK-B1,Block B1,SP-005,Meeting Room B,Meeting Room,2026-01-08 12:00:00,25,20,5,80.0,HIGH,0
F001,Smart Campus,B002,Building B,BLK-B2,Block B2,SP-006,Cafeteria B,Cafeteria,2026-01-08 12:00:00,180,151,29,83.89,HIGH,0
F001,Smart Campus,B003,Building C,BLK-C1,Block C1,SP-007,Open Workspace C1,Workspace,2026-01-08 12:00:00,100,60,40,60.0,OPTIMAL,0
F001,Smart Campus,B003,Building C,BLK-C1,Block C1,SP-008,Server Operations Room,Restricted Area,2026-01-08 12:00:00,20,4,16,20.0,LOW,0
F001,Smart Campus,B001,Building A,BLK-A1,Block A1,SP-001,Open Workspace A1,Workspace,2026-01-08 13:00:00,120,57,63,47.5,OPTIMAL,0
F001,Smart Campus,B001,Building A,BLK-A1,Block A1,SP-002,Conference Room A,Meeting Room,2026-01-08 13:00:00,30,11,19,36.67,LOW,0
F001,Smart Campus,B001,Building A,BLK-A2,Block A2,SP-003,Training Hall A,Training Room,2026-01-08 13:00:00,80,94,0,117.5,OVERCROWDED,1
F001,Smart Campus,B002,Building B,BLK-B1,Block B1,SP-004,Open Workspace B1,Workspace,2026-01-08 13:00:00,150,60,90,40.0,OPTIMAL,0
F001,Smart Campus,B002,Building B,BLK-B1,Block B1,SP-005,Meeting Room B,Meeting Room,2026-01-08 13:00:00,25,17,8,68.0,OPTIMAL,0
F001,Smart Campus,B002,Building B,BLK-B2,Block B2,SP-006,Cafeteria B,Cafeteria,2026-01-08 13:00:00,180,164,16,91.11,HIGH,0
F001,Smart Campus,B003,Building C,BLK-C1,Block C1,SP-007,Open Workspace C1,Workspace,2026-01-08 13:00:00,100,36,64,36.0,LOW,0
F001,Smart Campus,B003,Building C,BLK-C1,Block C1,SP-008,Server Operations Room,Restricted Area,2026-01-08 13:00:00,20,7,13,35.0,LOW,0
F001,Smart Campus,B001,Building A,BLK-A1,Block A1,SP-001,Open Workspace A1,Workspace,2026-01-08 14:00:00,120,100,20,83.33,HIGH,0
F001,Smart Campus,B001,Building A,BLK-A1,Block A1,SP-002,Conference Room A,Meeting Room,2026-01-08 14:00:00,30,25,5,83.33,HIGH,0
F001,Smart Campus,B001,Building A,BLK-A2,Block A2,SP-003,Training Hall A,Training Room,2026-01-08 14:00:00,80,61,19,76.25,HIGH,0
F001,Smart Campus,B002,Building B,BLK-B1,Block B1,SP-004,Open Workspace B1,Workspace,2026-01-08 14:00:00,150,94,56,62.67,OPTIMAL,0
F001,Smart Campus,B002,Building B,BLK-B1,Block B1,SP-005,Meeting Room B,Meeting Room,2026-01-08 14:00:00,25,7,18,28.0,LOW,0
F001,Smart Campus,B002,Building B,BLK-B2,Block B2,SP-006,Cafeteria B,Cafeteria,2026-01-08 14:00:00,180,169,11,93.89,HIGH,0
F001,Smart Campus,B003,Building C,BLK-C1,Block C1,SP-007,Open Workspace C1,Workspace,2026-01-08 14:00:00,100,87,13,87.0,HIGH,0
F001,Smart Campus,B003,Building C,BLK-C1,Block C1,SP-008,Server Operations Room,Restricted Area,2026-01-08 14:00:00,20,2,18,10.0,UNDERUSED,0
F001,Smart Campus,B001,Building A,BLK-A1,Block A1,SP-001,Open Workspace A1,Workspace,2026-01-08 15:00:00,120,95,25,79.17,HIGH,0
F001,Smart Campus,B001,Building A,BLK-A1,Block A1,SP-002,Conference Room A,Meeting Room,2026-01-08 15:00:00,30,21,9,70.0,OPTIMAL,0
F001,Smart Campus,B001,Building A,BLK-A2,Block A2,SP-003,Training Hall A,Training Room,2026-01-08 15:00:00,80,44,36,55.0,OPTIMAL,0
F001,Smart Campus,B002,Building B,BLK-B1,Block B1,SP-004,Open Workspace B1,Workspace,2026-01-08 15:00:00,150,103,47,68.67,OPTIMAL,0
F001,Smart Campus,B002,Building B,BLK-B1,Block B1,SP-005,Meeting Room B,Meeting Room,2026-01-08 15:00:00,25,7,18,28.0,LOW,0
F001,Smart Campus,B002,Building B,BLK-B2,Block B2,SP-006,Cafeteria B,Cafeteria,2026-01-08 15:00:00,180,26,154,14.44,UNDERUSED,0
F001,Smart Campus,B003,Building C,BLK-C1,Block C1,SP-007,Open Workspace C1,Workspace,2026-01-08 15:00:00,100,71,29,71.0,OPTIMAL,0
F001,Smart Campus,B003,Building C,BLK-C1,Block C1,SP-008,Server Operations Room,Restricted Area,2026-01-08 15:00:00,20,7,13,35.0,LOW,0
F001,Smart Campus,B001,Building A,BLK-A1,Block A1,SP-001,Open Workspace A1,Workspace,2026-01-08 16:00:00,120,92,28,76.67,HIGH,0
F001,Smart Campus,B001,Building A,BLK-A1,Block A1,SP-002,Conference Room A,Meeting Room,2026-01-08 16:00:00,30,25,5,83.33,HIGH,0
F001,Smart Campus,B001,Building A,BLK-A2,Block A2,SP-003,Training Hall A,Training Room,2026-01-08 16:00:00,80,43,37,53.75,OPTIMAL,0
F001,Smart Campus,B002,Building B,BLK-B1,Block B1,SP-004,Open Workspace B1,Workspace,2026-01-08 16:00:00,150,96,54,64.0,OPTIMAL,0
F001,Smart Campus,B002,Building B,BLK-B1,Block B1,SP-005,Meeting Room B,Meeting Room,2026-01-08 16:00:00,25,9,16,36.0,LOW,0
F001,Smart Campus,B002,Building B,BLK-B2,Block B2,SP-006,Cafeteria B,Cafeteria,2026-01-08 16:00:00,180,53,127,29.44,LOW,0
F001,Smart Campus,B003,Building C,BLK-C1,Block C1,SP-007,Open Workspace C1,Workspace,2026-01-08 16:00:00,100,62,38,62.0,OPTIMAL,0
F001,Smart Campus,B003,Building C,BLK-C1,Block C1,SP-008,Server Operations Room,Restricted Area,2026-01-08 16:00:00,20,5,15,25.0,LOW,0
F001,Smart Campus,B001,Building A,BLK-A1,Block A1,SP-001,Open Workspace A1,Workspace,2026-01-08 17:00:00,120,87,33,72.5,OPTIMAL,0
F001,Smart Campus,B001,Building A,BLK-A1,Block A1,SP-002,Conference Room A,Meeting Room,2026-01-08 17:00:00,30,11,19,36.67,LOW,0
F001,Smart Campus,B001,Building A,BLK-A2,Block A2,SP-003,Training Hall A,Training Room,2026-01-08 17:00:00,80,2,78,2.5,UNDERUSED,0
F001,Smart Campus,B002,Building B,BLK-B1,Block B1,SP-004,Open Workspace B1,Workspace,2026-01-08 17:00:00,150,90,60,60.0,OPTIMAL,0
F001,Smart Campus,B002,Building B,BLK-B1,Block B1,SP-005,Meeting Room B,Meeting Room,2026-01-08 17:00:00,25,17,8,68.0,OPTIMAL,0
F001,Smart Campus,B002,Building B,BLK-B2,Block B2,SP-006,Cafeteria B,Cafeteria,2026-01-08 17:00:00,180,85,95,47.22,OPTIMAL,0
F001,Smart Campus,B003,Building C,BLK-C1,Block C1,SP-007,Open Workspace C1,Workspace,2026-01-08 17:00:00,100,71,29,71.0,OPTIMAL,0
F001,Smart Campus,B003,Building C,BLK-C1,Block C1,SP-008,Server Operations Room,Restricted Area,2026-01-08 17:00:00,20,2,18,10.0,UNDERUSED,0
F001,Smart Campus,B001,Building A,BLK-A1,Block A1,SP-001,Open Workspace A1,Workspace,2026-01-08 18:00:00,120,44,76,36.67,LOW,0
F001,Smart Campus,B001,Building A,BLK-A1,Block A1,SP-002,Conference Room A,Meeting Room,2026-01-08 18:00:00,30,2,28,6.67,UNDERUSED,0
F001,Smart Campus,B001,Building A,BLK-A2,Block A2,SP-003,Training Hall A,Training Room,2026-01-08 18:00:00,80,0,80,0.0,UNDERUSED,0
F001,Smart Campus,B002,Building B,BLK-B1,Block B1,SP-004,Open Workspace B1,Workspace,2026-01-08 18:00:00,150,34,116,22.67,LOW,0
F001,Smart Campus,B002,Building B,BLK-B1,Block B1,SP-005,Meeting Room B,Meeting Room,2026-01-08 18:00:00,25,2,23,8.0,UNDERUSED,0
F001,Smart Campus,B002,Building B,BLK-B2,Block B2,SP-006,Cafeteria B,Cafeteria,2026-01-08 18:00:00,180,8,172,4.44,UNDERUSED,0
F001,Smart Campus,B003,Building C,BLK-C1,Block C1,SP-007,Open Workspace C1,Workspace,2026-01-08 18:00:00,100,33,67,33.0,LOW,0
F001,Smart Campus,B003,Building C,BLK-C1,Block C1,SP-008,Server Operations Room,Restricted Area,2026-01-08 18:00:00,20,6,14,30.0,LOW,0
F001,Smart Campus,B001,Building A,BLK-A1,Block A1,SP-001,Open Workspace A1,Workspace,2026-01-08 19:00:00,120,36,84,30.0,LOW,0
F001,Smart Campus,B001,Building A,BLK-A1,Block A1,SP-002,Conference Room A,Meeting Room,2026-01-08 19:00:00,30,1,29,3.33,UNDERUSED,0
F001,Smart Campus,B001,Building A,BLK-A2,Block A2,SP-003,Training Hall A,Training Room,2026-01-08 19:00:00,80,6,74,7.5,UNDERUSED,0
F001,Smart Campus,B002,Building B,BLK-B1,Block B1,SP-004,Open Workspace B1,Workspace,2026-01-08 19:00:00,150,56,94,37.33,LOW,0
F001,Smart Campus,B002,Building B,BLK-B1,Block B1,SP-005,Meeting Room B,Meeting Room,2026-01-08 19:00:00,25,0,25,0.0,UNDERUSED,0
F001,Smart Campus,B002,Building B,BLK-B2,Block B2,SP-006,Cafeteria B,Cafeteria,2026-01-08 19:00:00,180,8,172,4.44,UNDERUSED,0
F001,Smart Campus,B003,Building C,BLK-C1,Block C1,SP-007,Open Workspace C1,Workspace,2026-01-08 19:00:00,100,33,67,33.0,LOW,0
F001,Smart Campus,B003,Building C,BLK-C1,Block C1,SP-008,Server Operations Room,Restricted Area,2026-01-08 19:00:00,20,3,17,15.0,LOW,0
F001,Smart Campus,B001,Building A,BLK-A1,Block A1,SP-001,Open Workspace A1,Workspace,2026-01-08 20:00:00,120,25,95,20.83,LOW,0
F001,Smart Campus,B001,Building A,BLK-A1,Block A1,SP-002,Conference Room A,Meeting Room,2026-01-08 20:00:00,30,2,28,6.67,UNDERUSED,0
F001,Smart Campus,B001,Building A,BLK-A2,Block A2,SP-003,Training Hall A,Training Room,2026-01-08 20:00:00,80,1,79,1.25,UNDERUSED,0
F001,Smart Campus,B002,Building B,BLK-B1,Block B1,SP-004,Open Workspace B1,Workspace,2026-01-08 20:00:00,150,39,111,26.0,LOW,0
F001,Smart Campus,B002,Building B,BLK-B1,Block B1,SP-005,Meeting Room B,Meeting Room,2026-01-08 20:00:00,25,2,23,8.0,UNDERUSED,0
F001,Smart Campus,B002,Building B,BLK-B2,Block B2,SP-006,Cafeteria B,Cafeteria,2026-01-08 20:00:00,180,8,172,4.44,UNDERUSED,0
F001,Smart Campus,B003,Building C,BLK-C1,Block C1,SP-007,Open Workspace C1,Workspace,2026-01-08 20:00:00,100,19,81,19.0,LOW,0
F001,Smart Campus,B003,Building C,BLK-C1,Block C1,SP-008,Server Operations Room,Restricted Area,2026-01-08 20:00:00,20,1,19,5.0,UNDERUSED,0
F001,Smart Campus,B001,Building A,BLK-A1,Block A1,SP-001,Open Workspace A1,Workspace,2026-01-08 21:00:00,120,5,115,4.17,UNDERUSED,0
F001,Smart Campus,B001,Building A,BLK-A1,Block A1,SP-002,Conference Room A,Meeting Room,2026-01-08 21:00:00,30,1,29,3.33,UNDERUSED,0
F001,Smart Campus,B001,Building A,BLK-A2,Block A2,SP-003,Training Hall A,Training Room,2026-01-08 21:00:00,80,1,79,1.25,UNDERUSED,0
F001,Smart Campus,B002,Building B,BLK-B1,Block B1,SP-004,Open Workspace B1,Workspace,2026-01-08 21:00:00,150,4,146,2.67,UNDERUSED,0
F001,Smart Campus,B002,Building B,BLK-B1,Block B1,SP-005,Meeting Room B,Meeting Room,2026-01-08 21:00:00,25,1,24,4.0,UNDERUSED,0
F001,Smart Campus,B002,Building B,BLK-B2,Block B2,SP-006,Cafeteria B,Cafeteria,2026-01-08 21:00:00,180,10,170,5.56,UNDERUSED,0
F001,Smart Campus,B003,Building C,BLK-C1,Block C1,SP-007,Open Workspace C1,Workspace,2026-01-08 21:00:00,100,3,97,3.0,UNDERUSED,0
F001,Smart Campus,B003,Building C,BLK-C1,Block C1,SP-008,Server Operations Room,Restricted Area,2026-01-08 21:00:00,20,1,19,5.0,UNDERUSED,0
F001,Smart Campus,B001,Building A,BLK-A1,Block A1,SP-001,Open Workspace A1,Workspace,2026-01-08 22:00:00,120,8,112,6.67,UNDERUSED,0
F001,Smart Campus,B001,Building A,BLK-A1,Block A1,SP-002,Conference Room A,Meeting Room,2026-01-08 22:00:00,30,1,29,3.33,UNDERUSED,0
F001,Smart Campus,B001,Building A,BLK-A2,Block A2,SP-003,Training Hall A,Training Room,2026-01-08 22:00:00,80,6,74,7.5,UNDERUSED,0
F001,Smart Campus,B002,Building B,BLK-B1,Block B1,SP-004,Open Workspace B1,Workspace,2026-01-08 22:00:00,150,9,141,6.0,UNDERUSED,0
F001,Smart Campus,B002,Building B,BLK-B1,Block B1,SP-005,Meeting Room B,Meeting Room,2026-01-08 22:00:00,25,2,23,8.0,UNDERUSED,0
F001,Smart Campus,B002,Building B,BLK-B2,Block B2,SP-006,Cafeteria B,Cafeteria,2026-01-08 22:00:00,180,16,164,8.89,UNDERUSED,0
F001,Smart Campus,B003,Building C,BLK-C1,Block C1,SP-007,Open Workspace C1,Workspace,2026-01-08 22:00:00,100,5,95,5.0,UNDERUSED,0
F001,Smart Campus,B003,Building C,BLK-C1,Block C1,SP-008,Server Operations Room,Restricted Area,2026-01-08 22:00:00,20,4,16,20.0,LOW,0
F001,Smart Campus,B001,Building A,BLK-A1,Block A1,SP-001,Open Workspace A1,Workspace,2026-01-08 23:00:00,120,11,109,9.17,UNDERUSED,0
F001,Smart Campus,B001,Building A,BLK-A1,Block A1,SP-002,Conference Room A,Meeting Room,2026-01-08 23:00:00,30,2,28,6.67,UNDERUSED,0
F001,Smart Campus,B001,Building A,BLK-A2,Block A2,SP-003,Training Hall A,Training Room,2026-01-08 23:00:00,80,5,75,6.25,UNDERUSED,0
F001,Smart Campus,B002,Building B,BLK-B1,Block B1,SP-004,Open Workspace B1,Workspace,2026-01-08 23:00:00,150,10,140,6.67,UNDERUSED,0
F001,Smart Campus,B002,Building B,BLK-B1,Block B1,SP-005,Meeting Room B,Meeting Room,2026-01-08 23:00:00,25,2,23,8.0,UNDERUSED,0
F001,Smart Campus,B002,Building B,BLK-B2,Block B2,SP-006,Cafeteria B,Cafeteria,2026-01-08 23:00:00,180,27,153,15.0,LOW,0
F001,Smart Campus,B003,Building C,BLK-C1,Block C1,SP-007,Open Workspace C1,Workspace,2026-01-08 23:00:00,100,8,92,8.0,UNDERUSED,0
F001,Smart Campus,B003,Building C,BLK-C1,Block C1,SP-008,Server Operations Room,Restricted Area,2026-01-08 23:00:00,20,4,16,20.0,LOW,0
F001,Smart Campus,B001,Building A,BLK-A1,Block A1,SP-001,Open Workspace A1,Workspace,2026-01-09 00:00:00,120,6,114,5.0,UNDERUSED,0
F001,Smart Campus,B001,Building A,BLK-A1,Block A1,SP-002,Conference Room A,Meeting Room,2026-01-09 00:00:00,30,2,28,6.67,UNDERUSED,0
F001,Smart Campus,B001,Building A,BLK-A2,Block A2,SP-003,Training Hall A,Training Room,2026-01-09 00:00:00,80,2,78,2.5,UNDERUSED,0
F001,Smart Campus,B002,Building B,BLK-B1,Block B1,SP-004,Open Workspace B1,Workspace,2026-01-09 00:00:00,150,14,136,9.33,UNDERUSED,0
F001,Smart Campus,B002,Building B,BLK-B1,Block B1,SP-005,Meeting Room B,Meeting Room,2026-01-09 00:00:00,25,1,24,4.0,UNDERUSED,0
F001,Smart Campus,B002,Building B,BLK-B2,Block B2,SP-006,Cafeteria B,Cafeteria,2026-01-09 00:00:00,180,11,169,6.11,UNDERUSED,0
F001,Smart Campus,B003,Building C,BLK-C1,Block C1,SP-007,Open Workspace C1,Workspace,2026-01-09 00:00:00,100,5,95,5.0,UNDERUSED,0
F001,Smart Campus,B003,Building C,BLK-C1,Block C1,SP-008,Server Operations Room,Restricted Area,2026-01-09 00:00:00,20,6,14,30.0,LOW,0
F001,Smart Campus,B001,Building A,BLK-A1,Block A1,SP-001,Open Workspace A1,Workspace,2026-01-09 01:00:00,120,7,113,5.83,UNDERUSED,0
F001,Smart Campus,B001,Building A,BLK-A1,Block A1,SP-002,Conference Room A,Meeting Room,2026-01-09 01:00:00,30,1,29,3.33,UNDERUSED,0
F001,Smart Campus,B001,Building A,BLK-A2,Block A2,SP-003,Training Hall A,Training Room,2026-01-09 01:00:00,80,4,76,5.0,UNDERUSED,0
F001,Smart Campus,B002,Building B,BLK-B1,Block B1,SP-004,Open Workspace B1,Workspace,2026-01-09 01:00:00,150,14,136,9.33,UNDERUSED,0
F001,Smart Campus,B002,Building B,BLK-B1,Block B1,SP-005,Meeting Room B,Meeting Room,2026-01-09 01:00:00,25,1,24,4.0,UNDERUSED,0
F001,Smart Campus,B002,Building B,BLK-B2,Block B2,SP-006,Cafeteria B,Cafeteria,2026-01-09 01:00:00,180,10,170,5.56,UNDERUSED,0
F001,Smart Campus,B003,Building C,BLK-C1,Block C1,SP-007,Open Workspace C1,Workspace,2026-01-09 01:00:00,100,4,96,4.0,UNDERUSED,0
F001,Smart Campus,B003,Building C,BLK-C1,Block C1,SP-008,Server Operations Room,Restricted Area,2026-01-09 01:00:00,20,3,17,15.0,LOW,0
F001,Smart Campus,B001,Building A,BLK-A1,Block A1,SP-001,Open Workspace A1,Workspace,2026-01-09 02:00:00,120,8,112,6.67,UNDERUSED,0
F001,Smart Campus,B001,Building A,BLK-A1,Block A1,SP-002,Conference Room A,Meeting Room,2026-01-09 02:00:00,30,1,29,3.33,UNDERUSED,0
F001,Smart Campus,B001,Building A,BLK-A2,Block A2,SP-003,Training Hall A,Training Room,2026-01-09 02:00:00,80,4,76,5.0,UNDERUSED,0
F001,Smart Campus,B002,Building B,BLK-B1,Block B1,SP-004,Open Workspace B1,Workspace,2026-01-09 02:00:00,150,2,148,1.33,UNDERUSED,0
F001,Smart Campus,B002,Building B,BLK-B1,Block B1,SP-005,Meeting Room B,Meeting Room,2026-01-09 02:00:00,25,1,24,4.0,UNDERUSED,0
F001,Smart Campus,B002,Building B,BLK-B2,Block B2,SP-006,Cafeteria B,Cafeteria,2026-01-09 02:00:00,180,21,159,11.67,UNDERUSED,0
F001,Smart Campus,B003,Building C,BLK-C1,Block C1,SP-007,Open Workspace C1,Workspace,2026-01-09 02:00:00,100,9,91,9.0,UNDERUSED,0
F001,Smart Campus,B003,Building C,BLK-C1,Block C1,SP-008,Server Operations Room,Restricted Area,2026-01-09 02:00:00,20,6,14,30.0,LOW,0
F001,Smart Campus,B001,Building A,BLK-A1,Block A1,SP-001,Open Workspace A1,Workspace,2026-01-09 03:00:00,120,4,116,3.33,UNDERUSED,0
F001,Smart Campus,B001,Building A,BLK-A1,Block A1,SP-002,Conference Room A,Meeting Room,2026-01-09 03:00:00,30,2,28,6.67,UNDERUSED,0
F001,Smart Campus,B001,Building A,BLK-A2,Block A2,SP-003,Training Hall A,Training Room,2026-01-09 03:00:00,80,6,74,7.5,UNDERUSED,0
F001,Smart Campus,B002,Building B,BLK-B1,Block B1,SP-004,Open Workspace B1,Workspace,2026-01-09 03:00:00,150,15,135,10.0,UNDERUSED,0
F001,Smart Campus,B002,Building B,BLK-B1,Block B1,SP-005,Meeting Room B,Meeting Room,2026-01-09 03:00:00,25,2,23,8.0,UNDERUSED,0
F001,Smart Campus,B002,Building B,BLK-B2,Block B2,SP-006,Cafeteria B,Cafeteria,2026-01-09 03:00:00,180,13,167,7.22,UNDERUSED,0
F001,Smart Campus,B003,Building C,BLK-C1,Block C1,SP-007,Open Workspace C1,Workspace,2026-01-09 03:00:00,100,3,97,3.0,UNDERUSED,0
F001,Smart Campus,B003,Building C,BLK-C1,Block C1,SP-008,Server Operations Room,Restricted Area,2026-01-09 03:00:00,20,6,14,30.0,LOW,0
F001,Smart Campus,B001,Building A,BLK-A1,Block A1,SP-001,Open Workspace A1,Workspace,2026-01-09 04:00:00,120,9,111,7.5,UNDERUSED,0
F001,Smart Campus,B001,Building A,BLK-A1,Block A1,SP-002,Conference Room A,Meeting Room,2026-01-09 04:00:00,30,2,28,6.67,UNDERUSED,0
F001,Smart Campus,B001,Building A,BLK-A2,Block A2,SP-003,Training Hall A,Training Room,2026-01-09 04:00:00,80,1,79,1.25,UNDERUSED,0
F001,Smart Campus,B002,Building B,BLK-B1,Block B1,SP-004,Open Workspace B1,Workspace,2026-01-09 04:00:00,150,8,142,5.33,UNDERUSED,0
F001,Smart Campus,B002,Building B,BLK-B1,Block B1,SP-005,Meeting Room B,Meeting Room,2026-01-09 04:00:00,25,2,23,8.0,UNDERUSED,0
F001,Smart Campus,B002,Building B,BLK-B2,Block B2,SP-006,Cafeteria B,Cafeteria,2026-01-09 04:00:00,180,4,176,2.22,UNDERUSED,0
F001,Smart Campus,B003,Building C,BLK-C1,Block C1,SP-007,Open Workspace C1,Workspace,2026-01-09 04:00:00,100,8,92,8.0,UNDERUSED,0
F001,Smart Campus,B003,Building C,BLK-C1,Block C1,SP-008,Server Operations Room,Restricted Area,2026-01-09 04:00:00,20,2,18,10.0,UNDERUSED,0
F001,Smart Campus,B001,Building A,BLK-A1,Block A1,SP-001,Open Workspace A1,Workspace,2026-01-09 05:00:00,120,11,109,9.17,UNDERUSED,0
F001,Smart Campus,B001,Building A,BLK-A1,Block A1,SP-002,Conference Room A,Meeting Room,2026-01-09 05:00:00,30,1,29,3.33,UNDERUSED,0
F001,Smart Campus,B001,Building A,BLK-A2,Block A2,SP-003,Training Hall A,Training Room,2026-01-09 05:00:00,80,3,77,3.75,UNDERUSED,0
F001,Smart Campus,B002,Building B,BLK-B1,Block B1,SP-004,Open Workspace B1,Workspace,2026-01-09 05:00:00,150,3,147,2.0,UNDERUSED,0
F001,Smart Campus,B002,Building B,BLK-B1,Block B1,SP-005,Meeting Room B,Meeting Room,2026-01-09 05:00:00,25,1,24,4.0,UNDERUSED,0
F001,Smart Campus,B002,Building B,BLK-B2,Block B2,SP-006,Cafeteria B,Cafeteria,2026-01-09 05:00:00,180,8,172,4.44,UNDERUSED,0
F001,Smart Campus,B003,Building C,BLK-C1,Block C1,SP-007,Open Workspace C1,Workspace,2026-01-09 05:00:00,100,6,94,6.0,UNDERUSED,0
F001,Smart Campus,B003,Building C,BLK-C1,Block C1,SP-008,Server Operations Room,Restricted Area,2026-01-09 05:00:00,20,2,18,10.0,UNDERUSED,0
F001,Smart Campus,B001,Building A,BLK-A1,Block A1,SP-001,Open Workspace A1,Workspace,2026-01-09 06:00:00,120,9,111,7.5,UNDERUSED,0
F001,Smart Campus,B001,Building A,BLK-A1,Block A1,SP-002,Conference Room A,Meeting Room,2026-01-09 06:00:00,30,1,29,3.33,UNDERUSED,0
F001,Smart Campus,B001,Building A,BLK-A2,Block A2,SP-003,Training Hall A,Training Room,2026-01-09 06:00:00,80,1,79,1.25,UNDERUSED,0
F001,Smart Campus,B002,Building B,BLK-B1,Block B1,SP-004,Open Workspace B1,Workspace,2026-01-09 06:00:00,150,15,135,10.0,UNDERUSED,0
F001,Smart Campus,B002,Building B,BLK-B1,Block B1,SP-005,Meeting Room B,Meeting Room,2026-01-09 06:00:00,25,2,23,8.0,UNDERUSED,0
F001,Smart Campus,B002,Building B,BLK-B2,Block B2,SP-006,Cafeteria B,Cafeteria,2026-01-09 06:00:00,180,10,170,5.56,UNDERUSED,0
F001,Smart Campus,B003,Building C,BLK-C1,Block C1,SP-007,Open Workspace C1,Workspace,2026-01-09 06:00:00,100,1,99,1.0,UNDERUSED,0
F001,Smart Campus,B003,Building C,BLK-C1,Block C1,SP-008,Server Operations Room,Restricted Area,2026-01-09 06:00:00,20,23,0,115.0,OVERCROWDED,1
F001,Smart Campus,B001,Building A,BLK-A1,Block A1,SP-001,Open Workspace A1,Workspace,2026-01-09 07:00:00,120,8,112,6.67,UNDERUSED,0
F001,Smart Campus,B001,Building A,BLK-A1,Block A1,SP-002,Conference Room A,Meeting Room,2026-01-09 07:00:00,30,0,30,0.0,UNDERUSED,0
F001,Smart Campus,B001,Building A,BLK-A2,Block A2,SP-003,Training Hall A,Training Room,2026-01-09 07:00:00,80,5,75,6.25,UNDERUSED,0
F001,Smart Campus,B002,Building B,BLK-B1,Block B1,SP-004,Open Workspace B1,Workspace,2026-01-09 07:00:00,150,15,135,10.0,UNDERUSED,0
F001,Smart Campus,B002,Building B,BLK-B1,Block B1,SP-005,Meeting Room B,Meeting Room,2026-01-09 07:00:00,25,1,24,4.0,UNDERUSED,0
F001,Smart Campus,B002,Building B,BLK-B2,Block B2,SP-006,Cafeteria B,Cafeteria,2026-01-09 07:00:00,180,12,168,6.67,UNDERUSED,0
F001,Smart Campus,B003,Building C,BLK-C1,Block C1,SP-007,Open Workspace C1,Workspace,2026-01-09 07:00:00,100,5,95,5.0,UNDERUSED,0
F001,Smart Campus,B003,Building C,BLK-C1,Block C1,SP-008,Server Operations Room,Restricted Area,2026-01-09 07:00:00,20,6,14,30.0,LOW,0
F001,Smart Campus,B001,Building A,BLK-A1,Block A1,SP-001,Open Workspace A1,Workspace,2026-01-09 08:00:00,120,2,118,1.67,UNDERUSED,0
F001,Smart Campus,B001,Building A,BLK-A1,Block A1,SP-002,Conference Room A,Meeting Room,2026-01-09 08:00:00,30,2,28,6.67,UNDERUSED,0
F001,Smart Campus,B001,Building A,BLK-A2,Block A2,SP-003,Training Hall A,Training Room,2026-01-09 08:00:00,80,2,78,2.5,UNDERUSED,0
F001,Smart Campus,B002,Building B,BLK-B1,Block B1,SP-004,Open Workspace B1,Workspace,2026-01-09 08:00:00,150,10,140,6.67,UNDERUSED,0
F001,Smart Campus,B002,Building B,BLK-B1,Block B1,SP-005,Meeting Room B,Meeting Room,2026-01-09 08:00:00,25,0,25,0.0,UNDERUSED,0
F001,Smart Campus,B002,Building B,BLK-B2,Block B2,SP-006,Cafeteria B,Cafeteria,2026-01-09 08:00:00,180,89,91,49.44,OPTIMAL,0
F001,Smart Campus,B003,Building C,BLK-C1,Block C1,SP-007,Open Workspace C1,Workspace,2026-01-09 08:00:00,100,9,91,9.0,UNDERUSED,0
F001,Smart Campus,B003,Building C,BLK-C1,Block C1,SP-008,Server Operations Room,Restricted Area,2026-01-09 08:00:00,20,5,15,25.0,LOW,0
F001,Smart Campus,B001,Building A,BLK-A1,Block A1,SP-001,Open Workspace A1,Workspace,2026-01-09 09:00:00,120,87,33,72.5,OPTIMAL,0
F001,Smart Campus,B001,Building A,BLK-A1,Block A1,SP-002,Conference Room A,Meeting Room,2026-01-09 09:00:00,30,21,9,70.0,OPTIMAL,0
F001,Smart Campus,B001,Building A,BLK-A2,Block A2,SP-003,Training Hall A,Training Room,2026-01-09 09:00:00,80,55,25,68.75,OPTIMAL,0
F001,Smart Campus,B002,Building B,BLK-B1,Block B1,SP-004,Open Workspace B1,Workspace,2026-01-09 09:00:00,150,120,30,80.0,HIGH,0
F001,Smart Campus,B002,Building B,BLK-B1,Block B1,SP-005,Meeting Room B,Meeting Room,2026-01-09 09:00:00,25,16,9,64.0,OPTIMAL,0
F001,Smart Campus,B002,Building B,BLK-B2,Block B2,SP-006,Cafeteria B,Cafeteria,2026-01-09 09:00:00,180,74,106,41.11,OPTIMAL,0
F001,Smart Campus,B003,Building C,BLK-C1,Block C1,SP-007,Open Workspace C1,Workspace,2026-01-09 09:00:00,100,71,29,71.0,OPTIMAL,0
F001,Smart Campus,B003,Building C,BLK-C1,Block C1,SP-008,Server Operations Room,Restricted Area,2026-01-09 09:00:00,20,3,17,15.0,LOW,0
F001,Smart Campus,B001,Building A,BLK-A1,Block A1,SP-001,Open Workspace A1,Workspace,2026-01-09 10:00:00,120,99,21,82.5,HIGH,0
F001,Smart Campus,B001,Building A,BLK-A1,Block A1,SP-002,Conference Room A,Meeting Room,2026-01-09 10:00:00,30,10,20,33.33,LOW,0
F001,Smart Campus,B001,Building A,BLK-A2,Block A2,SP-003,Training Hall A,Training Room,2026-01-09 10:00:00,80,27,53,33.75,LOW,0
F001,Smart Campus,B002,Building B,BLK-B1,Block B1,SP-004,Open Workspace B1,Workspace,2026-01-09 10:00:00,150,127,23,84.67,HIGH,0
F001,Smart Campus,B002,Building B,BLK-B1,Block B1,SP-005,Meeting Room B,Meeting Room,2026-01-09 10:00:00,25,16,9,64.0,OPTIMAL,0
F001,Smart Campus,B002,Building B,BLK-B2,Block B2,SP-006,Cafeteria B,Cafeteria,2026-01-09 10:00:00,180,23,157,12.78,UNDERUSED,0
F001,Smart Campus,B003,Building C,BLK-C1,Block C1,SP-007,Open Workspace C1,Workspace,2026-01-09 10:00:00,100,87,13,87.0,HIGH,0
F001,Smart Campus,B003,Building C,BLK-C1,Block C1,SP-008,Server Operations Room,Restricted Area,2026-01-09 10:00:00,20,2,18,10.0,UNDERUSED,0
F001,Smart Campus,B001,Building A,BLK-A1,Block A1,SP-001,Open Workspace A1,Workspace,2026-01-09 11:00:00,120,86,34,71.67,OPTIMAL,0
F001,Smart Campus,B001,Building A,BLK-A1,Block A1,SP-002,Conference Room A,Meeting Room,2026-01-09 11:00:00,30,21,9,70.0,OPTIMAL,0
F001,Smart Campus,B001,Building A,BLK-A2,Block A2,SP-003,Training Hall A,Training Room,2026-01-09 11:00:00,80,49,31,61.25,OPTIMAL,0
F001,Smart Campus,B002,Building B,BLK-B1,Block B1,SP-004,Open Workspace B1,Workspace,2026-01-09 11:00:00,150,101,49,67.33,OPTIMAL,0
F001,Smart Campus,B002,Building B,BLK-B1,Block B1,SP-005,Meeting Room B,Meeting Room,2026-01-09 11:00:00,25,17,8,68.0,OPTIMAL,0
F001,Smart Campus,B002,Building B,BLK-B2,Block B2,SP-006,Cafeteria B,Cafeteria,2026-01-09 11:00:00,180,22,158,12.22,UNDERUSED,0
F001,Smart Campus,B003,Building C,BLK-C1,Block C1,SP-007,Open Workspace C1,Workspace,2026-01-09 11:00:00,100,72,28,72.0,OPTIMAL,0
F001,Smart Campus,B003,Building C,BLK-C1,Block C1,SP-008,Server Operations Room,Restricted Area,2026-01-09 11:00:00,20,6,14,30.0,LOW,0
F001,Smart Campus,B001,Building A,BLK-A1,Block A1,SP-001,Open Workspace A1,Workspace,2026-01-09 12:00:00,120,68,52,56.67,OPTIMAL,0
F001,Smart Campus,B001,Building A,BLK-A1,Block A1,SP-002,Conference Room A,Meeting Room,2026-01-09 12:00:00,30,24,6,80.0,HIGH,0
F001,Smart Campus,B001,Building A,BLK-A2,Block A2,SP-003,Training Hall A,Training Room,2026-01-09 12:00:00,80,59,21,73.75,OPTIMAL,0
F001,Smart Campus,B002,Building B,BLK-B1,Block B1,SP-004,Open Workspace B1,Workspace,2026-01-09 12:00:00,150,85,65,56.67,OPTIMAL,0
F001,Smart Campus,B002,Building B,BLK-B1,Block B1,SP-005,Meeting Room B,Meeting Room,2026-01-09 12:00:00,25,10,15,40.0,OPTIMAL,0
F001,Smart Campus,B002,Building B,BLK-B2,Block B2,SP-006,Cafeteria B,Cafeteria,2026-01-09 12:00:00,180,164,16,91.11,HIGH,0
F001,Smart Campus,B003,Building C,BLK-C1,Block C1,SP-007,Open Workspace C1,Workspace,2026-01-09 12:00:00,100,40,60,40.0,OPTIMAL,0
F001,Smart Campus,B003,Building C,BLK-C1,Block C1,SP-008,Server Operations Room,Restricted Area,2026-01-09 12:00:00,20,4,16,20.0,LOW,0
F001,Smart Campus,B001,Building A,BLK-A1,Block A1,SP-001,Open Workspace A1,Workspace,2026-01-09 13:00:00,120,56,64,46.67,OPTIMAL,0
F001,Smart Campus,B001,Building A,BLK-A1,Block A1,SP-002,Conference Room A,Meeting Room,2026-01-09 13:00:00,30,20,10,66.67,OPTIMAL,0
F001,Smart Campus,B001,Building A,BLK-A2,Block A2,SP-003,Training Hall A,Training Room,2026-01-09 13:00:00,80,39,41,48.75,OPTIMAL,0
F001,Smart Campus,B002,Building B,BLK-B1,Block B1,SP-004,Open Workspace B1,Workspace,2026-01-09 13:00:00,150,59,91,39.33,LOW,0
F001,Smart Campus,B002,Building B,BLK-B1,Block B1,SP-005,Meeting Room B,Meeting Room,2026-01-09 13:00:00,25,5,20,20.0,LOW,0
F001,Smart Campus,B002,Building B,BLK-B2,Block B2,SP-006,Cafeteria B,Cafeteria,2026-01-09 13:00:00,180,160,20,88.89,HIGH,0
F001,Smart Campus,B003,Building C,BLK-C1,Block C1,SP-007,Open Workspace C1,Workspace,2026-01-09 13:00:00,100,54,46,54.0,OPTIMAL,0
F001,Smart Campus,B003,Building C,BLK-C1,Block C1,SP-008,Server Operations Room,Restricted Area,2026-01-09 13:00:00,20,6,14,30.0,LOW,0
F001,Smart Campus,B001,Building A,BLK-A1,Block A1,SP-001,Open Workspace A1,Workspace,2026-01-09 14:00:00,120,93,27,77.5,HIGH,0
F001,Smart Campus,B001,Building A,BLK-A1,Block A1,SP-002,Conference Room A,Meeting Room,2026-01-09 14:00:00,30,14,16,46.67,OPTIMAL,0
F001,Smart Campus,B001,Building A,BLK-A2,Block A2,SP-003,Training Hall A,Training Room,2026-01-09 14:00:00,80,34,46,42.5,OPTIMAL,0
F001,Smart Campus,B002,Building B,BLK-B1,Block B1,SP-004,Open Workspace B1,Workspace,2026-01-09 14:00:00,150,98,52,65.33,OPTIMAL,0
F001,Smart Campus,B002,Building B,BLK-B1,Block B1,SP-005,Meeting Room B,Meeting Room,2026-01-09 14:00:00,25,5,20,20.0,LOW,0
F001,Smart Campus,B002,Building B,BLK-B2,Block B2,SP-006,Cafeteria B,Cafeteria,2026-01-09 14:00:00,180,163,17,90.56,HIGH,0
F001,Smart Campus,B003,Building C,BLK-C1,Block C1,SP-007,Open Workspace C1,Workspace,2026-01-09 14:00:00,100,79,21,79.0,HIGH,0
F001,Smart Campus,B003,Building C,BLK-C1,Block C1,SP-008,Server Operations Room,Restricted Area,2026-01-09 14:00:00,20,2,18,10.0,UNDERUSED,0
F001,Smart Campus,B001,Building A,BLK-A1,Block A1,SP-001,Open Workspace A1,Workspace,2026-01-09 15:00:00,120,84,36,70.0,OPTIMAL,0
F001,Smart Campus,B001,Building A,BLK-A1,Block A1,SP-002,Conference Room A,Meeting Room,2026-01-09 15:00:00,30,13,17,43.33,OPTIMAL,0
F001,Smart Campus,B001,Building A,BLK-A2,Block A2,SP-003,Training Hall A,Training Room,2026-01-09 15:00:00,80,24,56,30.0,LOW,0
F001,Smart Campus,B002,Building B,BLK-B1,Block B1,SP-004,Open Workspace B1,Workspace,2026-01-09 15:00:00,150,103,47,68.67,OPTIMAL,0
F001,Smart Campus,B002,Building B,BLK-B1,Block B1,SP-005,Meeting Room B,Meeting Room,2026-01-09 15:00:00,25,17,8,68.0,OPTIMAL,0
F001,Smart Campus,B002,Building B,BLK-B2,Block B2,SP-006,Cafeteria B,Cafeteria,2026-01-09 15:00:00,180,12,168,6.67,UNDERUSED,0
F001,Smart Campus,B003,Building C,BLK-C1,Block C1,SP-007,Open Workspace C1,Workspace,2026-01-09 15:00:00,100,88,12,88.0,HIGH,0
F001,Smart Campus,B003,Building C,BLK-C1,Block C1,SP-008,Server Operations Room,Restricted Area,2026-01-09 15:00:00,20,6,14,30.0,LOW,0
F001,Smart Campus,B001,Building A,BLK-A1,Block A1,SP-001,Open Workspace A1,Workspace,2026-01-09 16:00:00,120,78,42,65.0,OPTIMAL,0
F001,Smart Campus,B001,Building A,BLK-A1,Block A1,SP-002,Conference Room A,Meeting Room,2026-01-09 16:00:00,30,24,6,80.0,HIGH,0
F001,Smart Campus,B001,Building A,BLK-A2,Block A2,SP-003,Training Hall A,Training Room,2026-01-09 16:00:00,80,27,53,33.75,LOW,0
F001,Smart Campus,B002,Building B,BLK-B1,Block B1,SP-004,Open Workspace B1,Workspace,2026-01-09 16:00:00,150,96,54,64.0,OPTIMAL,0
F001,Smart Campus,B002,Building B,BLK-B1,Block B1,SP-005,Meeting Room B,Meeting Room,2026-01-09 16:00:00,25,15,10,60.0,OPTIMAL,0
F001,Smart Campus,B002,Building B,BLK-B2,Block B2,SP-006,Cafeteria B,Cafeteria,2026-01-09 16:00:00,180,61,119,33.89,LOW,0
F001,Smart Campus,B003,Building C,BLK-C1,Block C1,SP-007,Open Workspace C1,Workspace,2026-01-09 16:00:00,100,61,39,61.0,OPTIMAL,0
F001,Smart Campus,B003,Building C,BLK-C1,Block C1,SP-008,Server Operations Room,Restricted Area,2026-01-09 16:00:00,20,3,17,15.0,LOW,0
F001,Smart Campus,B001,Building A,BLK-A1,Block A1,SP-001,Open Workspace A1,Workspace,2026-01-09 17:00:00,120,74,46,61.67,OPTIMAL,0
F001,Smart Campus,B001,Building A,BLK-A1,Block A1,SP-002,Conference Room A,Meeting Room,2026-01-09 17:00:00,30,19,11,63.33,OPTIMAL,0
F001,Smart Campus,B001,Building A,BLK-A2,Block A2,SP-003,Training Hall A,Training Room,2026-01-09 17:00:00,80,0,80,0.0,UNDERUSED,0
F001,Smart Campus,B002,Building B,BLK-B1,Block B1,SP-004,Open Workspace B1,Workspace,2026-01-09 17:00:00,150,108,42,72.0,OPTIMAL,0
F001,Smart Campus,B002,Building B,BLK-B1,Block B1,SP-005,Meeting Room B,Meeting Room,2026-01-09 17:00:00,25,14,11,56.0,OPTIMAL,0
F001,Smart Campus,B002,Building B,BLK-B2,Block B2,SP-006,Cafeteria B,Cafeteria,2026-01-09 17:00:00,180,52,128,28.89,LOW,0
F001,Smart Campus,B003,Building C,BLK-C1,Block C1,SP-007,Open Workspace C1,Workspace,2026-01-09 17:00:00,100,78,22,78.0,HIGH,0
F001,Smart Campus,B003,Building C,BLK-C1,Block C1,SP-008,Server Operations Room,Restricted Area,2026-01-09 17:00:00,20,5,15,25.0,LOW,0
F001,Smart Campus,B001,Building A,BLK-A1,Block A1,SP-001,Open Workspace A1,Workspace,2026-01-09 18:00:00,120,26,94,21.67,LOW,0
F001,Smart Campus,B001,Building A,BLK-A1,Block A1,SP-002,Conference Room A,Meeting Room,2026-01-09 18:00:00,30,0,30,0.0,UNDERUSED,0
F001,Smart Campus,B001,Building A,BLK-A2,Block A2,SP-003,Training Hall A,Training Room,2026-01-09 18:00:00,80,1,79,1.25,UNDERUSED,0
F001,Smart Campus,B002,Building B,BLK-B1,Block B1,SP-004,Open Workspace B1,Workspace,2026-01-09 18:00:00,150,27,123,18.0,LOW,0
F001,Smart Campus,B002,Building B,BLK-B1,Block B1,SP-005,Meeting Room B,Meeting Room,2026-01-09 18:00:00,25,0,25,0.0,UNDERUSED,0
F001,Smart Campus,B002,Building B,BLK-B2,Block B2,SP-006,Cafeteria B,Cafeteria,2026-01-09 18:00:00,180,8,172,4.44,UNDERUSED,0
F001,Smart Campus,B003,Building C,BLK-C1,Block C1,SP-007,Open Workspace C1,Workspace,2026-01-09 18:00:00,100,28,72,28.0,LOW,0
F001,Smart Campus,B003,Building C,BLK-C1,Block C1,SP-008,Server Operations Room,Restricted Area,2026-01-09 18:00:00,20,5,15,25.0,LOW,0
F001,Smart Campus,B001,Building A,BLK-A1,Block A1,SP-001,Open Workspace A1,Workspace,2026-01-09 19:00:00,120,19,101,15.83,LOW,0
F001,Smart Campus,B001,Building A,BLK-A1,Block A1,SP-002,Conference Room A,Meeting Room,2026-01-09 19:00:00,30,1,29,3.33,UNDERUSED,0
F001,Smart Campus,B001,Building A,BLK-A2,Block A2,SP-003,Training Hall A,Training Room,2026-01-09 19:00:00,80,91,0,113.75,OVERCROWDED,1
F001,Smart Campus,B002,Building B,BLK-B1,Block B1,SP-004,Open Workspace B1,Workspace,2026-01-09 19:00:00,150,57,93,38.0,LOW,0
F001,Smart Campus,B002,Building B,BLK-B1,Block B1,SP-005,Meeting Room B,Meeting Room,2026-01-09 19:00:00,25,2,23,8.0,UNDERUSED,0
F001,Smart Campus,B002,Building B,BLK-B2,Block B2,SP-006,Cafeteria B,Cafeteria,2026-01-09 19:00:00,180,6,174,3.33,UNDERUSED,0
F001,Smart Campus,B003,Building C,BLK-C1,Block C1,SP-007,Open Workspace C1,Workspace,2026-01-09 19:00:00,100,33,67,33.0,LOW,0
F001,Smart Campus,B003,Building C,BLK-C1,Block C1,SP-008,Server Operations Room,Restricted Area,2026-01-09 19:00:00,20,3,17,15.0,LOW,0
F001,Smart Campus,B001,Building A,BLK-A1,Block A1,SP-001,Open Workspace A1,Workspace,2026-01-09 20:00:00,120,48,72,40.0,OPTIMAL,0
F001,Smart Campus,B001,Building A,BLK-A1,Block A1,SP-002,Conference Room A,Meeting Room,2026-01-09 20:00:00,30,1,29,3.33,UNDERUSED,0
F001,Smart Campus,B001,Building A,BLK-A2,Block A2,SP-003,Training Hall A,Training Room,2026-01-09 20:00:00,80,1,79,1.25,UNDERUSED,0
F001,Smart Campus,B002,Building B,BLK-B1,Block B1,SP-004,Open Workspace B1,Workspace,2026-01-09 20:00:00,150,33,117,22.0,LOW,0
F001,Smart Campus,B002,Building B,BLK-B1,Block B1,SP-005,Meeting Room B,Meeting Room,2026-01-09 20:00:00,25,1,24,4.0,UNDERUSED,0
F001,Smart Campus,B002,Building B,BLK-B2,Block B2,SP-006,Cafeteria B,Cafeteria,2026-01-09 20:00:00,180,6,174,3.33,UNDERUSED,0
F001,Smart Campus,B003,Building C,BLK-C1,Block C1,SP-007,Open Workspace C1,Workspace,2026-01-09 20:00:00,100,16,84,16.0,LOW,0
F001,Smart Campus,B003,Building C,BLK-C1,Block C1,SP-008,Server Operations Room,Restricted Area,2026-01-09 20:00:00,20,5,15,25.0,LOW,0
F001,Smart Campus,B001,Building A,BLK-A1,Block A1,SP-001,Open Workspace A1,Workspace,2026-01-09 21:00:00,120,5,115,4.17,UNDERUSED,0
F001,Smart Campus,B001,Building A,BLK-A1,Block A1,SP-002,Conference Room A,Meeting Room,2026-01-09 21:00:00,30,2,28,6.67,UNDERUSED,0
F001,Smart Campus,B001,Building A,BLK-A2,Block A2,SP-003,Training Hall A,Training Room,2026-01-09 21:00:00,80,1,79,1.25,UNDERUSED,0
F001,Smart Campus,B002,Building B,BLK-B1,Block B1,SP-004,Open Workspace B1,Workspace,2026-01-09 21:00:00,150,4,146,2.67,UNDERUSED,0
F001,Smart Campus,B002,Building B,BLK-B1,Block B1,SP-005,Meeting Room B,Meeting Room,2026-01-09 21:00:00,25,2,23,8.0,UNDERUSED,0
F001,Smart Campus,B002,Building B,BLK-B2,Block B2,SP-006,Cafeteria B,Cafeteria,2026-01-09 21:00:00,180,13,167,7.22,UNDERUSED,0
F001,Smart Campus,B003,Building C,BLK-C1,Block C1,SP-007,Open Workspace C1,Workspace,2026-01-09 21:00:00,100,8,92,8.0,UNDERUSED,0
F001,Smart Campus,B003,Building C,BLK-C1,Block C1,SP-008,Server Operations Room,Restricted Area,2026-01-09 21:00:00,20,6,14,30.0,LOW,0
F001,Smart Campus,B001,Building A,BLK-A1,Block A1,SP-001,Open Workspace A1,Workspace,2026-01-09 22:00:00,120,9,111,7.5,UNDERUSED,0
F001,Smart Campus,B001,Building A,BLK-A1,Block A1,SP-002,Conference Room A,Meeting Room,2026-01-09 22:00:00,30,3,27,10.0,UNDERUSED,0
F001,Smart Campus,B001,Building A,BLK-A2,Block A2,SP-003,Training Hall A,Training Room,2026-01-09 22:00:00,80,3,77,3.75,UNDERUSED,0
F001,Smart Campus,B002,Building B,BLK-B1,Block B1,SP-004,Open Workspace B1,Workspace,2026-01-09 22:00:00,150,12,138,8.0,UNDERUSED,0
F001,Smart Campus,B002,Building B,BLK-B1,Block B1,SP-005,Meeting Room B,Meeting Room,2026-01-09 22:00:00,25,0,25,0.0,UNDERUSED,0
F001,Smart Campus,B002,Building B,BLK-B2,Block B2,SP-006,Cafeteria B,Cafeteria,2026-01-09 22:00:00,180,12,168,6.67,UNDERUSED,0
F001,Smart Campus,B003,Building C,BLK-C1,Block C1,SP-007,Open Workspace C1,Workspace,2026-01-09 22:00:00,100,7,93,7.0,UNDERUSED,0
F001,Smart Campus,B003,Building C,BLK-C1,Block C1,SP-008,Server Operations Room,Restricted Area,2026-01-09 22:00:00,20,7,13,35.0,LOW,0
F001,Smart Campus,B001,Building A,BLK-A1,Block A1,SP-001,Open Workspace A1,Workspace,2026-01-09 23:00:00,120,11,109,9.17,UNDERUSED,0
F001,Smart Campus,B001,Building A,BLK-A1,Block A1,SP-002,Conference Room A,Meeting Room,2026-01-09 23:00:00,30,1,29,3.33,UNDERUSED,0
F001,Smart Campus,B001,Building A,BLK-A2,Block A2,SP-003,Training Hall A,Training Room,2026-01-09 23:00:00,80,2,78,2.5,UNDERUSED,0
F001,Smart Campus,B002,Building B,BLK-B1,Block B1,SP-004,Open Workspace B1,Workspace,2026-01-09 23:00:00,150,11,139,7.33,UNDERUSED,0
F001,Smart Campus,B002,Building B,BLK-B1,Block B1,SP-005,Meeting Room B,Meeting Room,2026-01-09 23:00:00,25,2,23,8.0,UNDERUSED,0
F001,Smart Campus,B002,Building B,BLK-B2,Block B2,SP-006,Cafeteria B,Cafeteria,2026-01-09 23:00:00,180,17,163,9.44,UNDERUSED,0
F001,Smart Campus,B003,Building C,BLK-C1,Block C1,SP-007,Open Workspace C1,Workspace,2026-01-09 23:00:00,100,7,93,7.0,UNDERUSED,0
F001,Smart Campus,B003,Building C,BLK-C1,Block C1,SP-008,Server Operations Room,Restricted Area,2026-01-09 23:00:00,20,4,16,20.0,LOW,0
F001,Smart Campus,B001,Building A,BLK-A1,Block A1,SP-001,Open Workspace A1,Workspace,2026-01-10 00:00:00,120,2,118,1.67,UNDERUSED,0
F001,Smart Campus,B001,Building A,BLK-A1,Block A1,SP-002,Conference Room A,Meeting Room,2026-01-10 00:00:00,30,1,29,3.33,UNDERUSED,0
F001,Smart Campus,B001,Building A,BLK-A2,Block A2,SP-003,Training Hall A,Training Room,2026-01-10 00:00:00,80,4,76,5.0,UNDERUSED,0
F001,Smart Campus,B002,Building B,BLK-B1,Block B1,SP-004,Open Workspace B1,Workspace,2026-01-10 00:00:00,150,13,137,8.67,UNDERUSED,0
F001,Smart Campus,B002,Building B,BLK-B1,Block B1,SP-005,Meeting Room B,Meeting Room,2026-01-10 00:00:00,25,2,23,8.0,UNDERUSED,0
F001,Smart Campus,B002,Building B,BLK-B2,Block B2,SP-006,Cafeteria B,Cafeteria,2026-01-10 00:00:00,180,19,161,10.56,UNDERUSED,0
F001,Smart Campus,B003,Building C,BLK-C1,Block C1,SP-007,Open Workspace C1,Workspace,2026-01-10 00:00:00,100,9,91,9.0,UNDERUSED,0
F001,Smart Campus,B003,Building C,BLK-C1,Block C1,SP-008,Server Operations Room,Restricted Area,2026-01-10 00:00:00,20,6,14,30.0,LOW,0
F001,Smart Campus,B001,Building A,BLK-A1,Block A1,SP-001,Open Workspace A1,Workspace,2026-01-10 01:00:00,120,7,113,5.83,UNDERUSED,0
F001,Smart Campus,B001,Building A,BLK-A1,Block A1,SP-002,Conference Room A,Meeting Room,2026-01-10 01:00:00,30,3,27,10.0,UNDERUSED,0
F001,Smart Campus,B001,Building A,BLK-A2,Block A2,SP-003,Training Hall A,Training Room,2026-01-10 01:00:00,80,1,79,1.25,UNDERUSED,0
F001,Smart Campus,B002,Building B,BLK-B1,Block B1,SP-004,Open Workspace B1,Workspace,2026-01-10 01:00:00,150,7,143,4.67,UNDERUSED,0
F001,Smart Campus,B002,Building B,BLK-B1,Block B1,SP-005,Meeting Room B,Meeting Room,2026-01-10 01:00:00,25,1,24,4.0,UNDERUSED,0
F001,Smart Campus,B002,Building B,BLK-B2,Block B2,SP-006,Cafeteria B,Cafeteria,2026-01-10 01:00:00,180,14,166,7.78,UNDERUSED,0
F001,Smart Campus,B003,Building C,BLK-C1,Block C1,SP-007,Open Workspace C1,Workspace,2026-01-10 01:00:00,100,5,95,5.0,UNDERUSED,0
F001,Smart Campus,B003,Building C,BLK-C1,Block C1,SP-008,Server Operations Room,Restricted Area,2026-01-10 01:00:00,20,4,16,20.0,LOW,0
F001,Smart Campus,B001,Building A,BLK-A1,Block A1,SP-001,Open Workspace A1,Workspace,2026-01-10 02:00:00,120,2,118,1.67,UNDERUSED,0
F001,Smart Campus,B001,Building A,BLK-A1,Block A1,SP-002,Conference Room A,Meeting Room,2026-01-10 02:00:00,30,31,0,103.33,OVERCROWDED,1
F001,Smart Campus,B001,Building A,BLK-A2,Block A2,SP-003,Training Hall A,Training Room,2026-01-10 02:00:00,80,4,76,5.0,UNDERUSED,0
F001,Smart Campus,B002,Building B,BLK-B1,Block B1,SP-004,Open Workspace B1,Workspace,2026-01-10 02:00:00,150,6,144,4.0,UNDERUSED,0
F001,Smart Campus,B002,Building B,BLK-B1,Block B1,SP-005,Meeting Room B,Meeting Room,2026-01-10 02:00:00,25,1,24,4.0,UNDERUSED,0
F001,Smart Campus,B002,Building B,BLK-B2,Block B2,SP-006,Cafeteria B,Cafeteria,2026-01-10 02:00:00,180,26,154,14.44,UNDERUSED,0
F001,Smart Campus,B003,Building C,BLK-C1,Block C1,SP-007,Open Workspace C1,Workspace,2026-01-10 02:00:00,100,1,99,1.0,UNDERUSED,0
F001,Smart Campus,B003,Building C,BLK-C1,Block C1,SP-008,Server Operations Room,Restricted Area,2026-01-10 02:00:00,20,4,16,20.0,LOW,0
F001,Smart Campus,B001,Building A,BLK-A1,Block A1,SP-001,Open Workspace A1,Workspace,2026-01-10 03:00:00,120,8,112,6.67,UNDERUSED,0
F001,Smart Campus,B001,Building A,BLK-A1,Block A1,SP-002,Conference Room A,Meeting Room,2026-01-10 03:00:00,30,2,28,6.67,UNDERUSED,0
F001,Smart Campus,B001,Building A,BLK-A2,Block A2,SP-003,Training Hall A,Training Room,2026-01-10 03:00:00,80,1,79,1.25,UNDERUSED,0
F001,Smart Campus,B002,Building B,BLK-B1,Block B1,SP-004,Open Workspace B1,Workspace,2026-01-10 03:00:00,150,4,146,2.67,UNDERUSED,0
F001,Smart Campus,B002,Building B,BLK-B1,Block B1,SP-005,Meeting Room B,Meeting Room,2026-01-10 03:00:00,25,2,23,8.0,UNDERUSED,0
F001,Smart Campus,B002,Building B,BLK-B2,Block B2,SP-006,Cafeteria B,Cafeteria,2026-01-10 03:00:00,180,10,170,5.56,UNDERUSED,0
F001,Smart Campus,B003,Building C,BLK-C1,Block C1,SP-007,Open Workspace C1,Workspace,2026-01-10 03:00:00,100,7,93,7.0,UNDERUSED,0
F001,Smart Campus,B003,Building C,BLK-C1,Block C1,SP-008,Server Operations Room,Restricted Area,2026-01-10 03:00:00,20,2,18,10.0,UNDERUSED,0
F001,Smart Campus,B001,Building A,BLK-A1,Block A1,SP-001,Open Workspace A1,Workspace,2026-01-10 04:00:00,120,9,111,7.5,UNDERUSED,0
F001,Smart Campus,B001,Building A,BLK-A1,Block A1,SP-002,Conference Room A,Meeting Room,2026-01-10 04:00:00,30,0,30,0.0,UNDERUSED,0
F001,Smart Campus,B001,Building A,BLK-A2,Block A2,SP-003,Training Hall A,Training Room,2026-01-10 04:00:00,80,1,79,1.25,UNDERUSED,0
F001,Smart Campus,B002,Building B,BLK-B1,Block B1,SP-004,Open Workspace B1,Workspace,2026-01-10 04:00:00,150,7,143,4.67,UNDERUSED,0
F001,Smart Campus,B002,Building B,BLK-B1,Block B1,SP-005,Meeting Room B,Meeting Room,2026-01-10 04:00:00,25,2,23,8.0,UNDERUSED,0
F001,Smart Campus,B002,Building B,BLK-B2,Block B2,SP-006,Cafeteria B,Cafeteria,2026-01-10 04:00:00,180,6,174,3.33,UNDERUSED,0
F001,Smart Campus,B003,Building C,BLK-C1,Block C1,SP-007,Open Workspace C1,Workspace,2026-01-10 04:00:00,100,9,91,9.0,UNDERUSED,0
F001,Smart Campus,B003,Building C,BLK-C1,Block C1,SP-008,Server Operations Room,Restricted Area,2026-01-10 04:00:00,20,5,15,25.0,LOW,0
F001,Smart Campus,B001,Building A,BLK-A1,Block A1,SP-001,Open Workspace A1,Workspace,2026-01-10 05:00:00,120,6,114,5.0,UNDERUSED,0
F001,Smart Campus,B001,Building A,BLK-A1,Block A1,SP-002,Conference Room A,Meeting Room,2026-01-10 05:00:00,30,3,27,10.0,UNDERUSED,0
F001,Smart Campus,B001,Building A,BLK-A2,Block A2,SP-003,Training Hall A,Training Room,2026-01-10 05:00:00,80,3,77,3.75,UNDERUSED,0
F001,Smart Campus,B002,Building B,BLK-B1,Block B1,SP-004,Open Workspace B1,Workspace,2026-01-10 05:00:00,150,2,148,1.33,UNDERUSED,0
F001,Smart Campus,B002,Building B,BLK-B1,Block B1,SP-005,Meeting Room B,Meeting Room,2026-01-10 05:00:00,25,2,23,8.0,UNDERUSED,0
F001,Smart Campus,B002,Building B,BLK-B2,Block B2,SP-006,Cafeteria B,Cafeteria,2026-01-10 05:00:00,180,15,165,8.33,UNDERUSED,0
F001,Smart Campus,B003,Building C,BLK-C1,Block C1,SP-007,Open Workspace C1,Workspace,2026-01-10 05:00:00,100,3,97,3.0,UNDERUSED,0
F001,Smart Campus,B003,Building C,BLK-C1,Block C1,SP-008,Server Operations Room,Restricted Area,2026-01-10 05:00:00,20,5,15,25.0,LOW,0
F001,Smart Campus,B001,Building A,BLK-A1,Block A1,SP-001,Open Workspace A1,Workspace,2026-01-10 06:00:00,120,5,115,4.17,UNDERUSED,0
F001,Smart Campus,B001,Building A,BLK-A1,Block A1,SP-002,Conference Room A,Meeting Room,2026-01-10 06:00:00,30,3,27,10.0,UNDERUSED,0
F001,Smart Campus,B001,Building A,BLK-A2,Block A2,SP-003,Training Hall A,Training Room,2026-01-10 06:00:00,80,2,78,2.5,UNDERUSED,0
F001,Smart Campus,B002,Building B,BLK-B1,Block B1,SP-004,Open Workspace B1,Workspace,2026-01-10 06:00:00,150,14,136,9.33,UNDERUSED,0
F001,Smart Campus,B002,Building B,BLK-B1,Block B1,SP-005,Meeting Room B,Meeting Room,2026-01-10 06:00:00,25,1,24,4.0,UNDERUSED,0
F001,Smart Campus,B002,Building B,BLK-B2,Block B2,SP-006,Cafeteria B,Cafeteria,2026-01-10 06:00:00,180,26,154,14.44,UNDERUSED,0
F001,Smart Campus,B003,Building C,BLK-C1,Block C1,SP-007,Open Workspace C1,Workspace,2026-01-10 06:00:00,100,2,98,2.0,UNDERUSED,0
F001,Smart Campus,B003,Building C,BLK-C1,Block C1,SP-008,Server Operations Room,Restricted Area,2026-01-10 06:00:00,20,5,15,25.0,LOW,0
F001,Smart Campus,B001,Building A,BLK-A1,Block A1,SP-001,Open Workspace A1,Workspace,2026-01-10 07:00:00,120,4,116,3.33,UNDERUSED,0
F001,Smart Campus,B001,Building A,BLK-A1,Block A1,SP-002,Conference Room A,Meeting Room,2026-01-10 07:00:00,30,3,27,10.0,UNDERUSED,0
F001,Smart Campus,B001,Building A,BLK-A2,Block A2,SP-003,Training Hall A,Training Room,2026-01-10 07:00:00,80,6,74,7.5,UNDERUSED,0
F001,Smart Campus,B002,Building B,BLK-B1,Block B1,SP-004,Open Workspace B1,Workspace,2026-01-10 07:00:00,150,4,146,2.67,UNDERUSED,0
F001,Smart Campus,B002,Building B,BLK-B1,Block B1,SP-005,Meeting Room B,Meeting Room,2026-01-10 07:00:00,25,1,24,4.0,UNDERUSED,0
F001,Smart Campus,B002,Building B,BLK-B2,Block B2,SP-006,Cafeteria B,Cafeteria,2026-01-10 07:00:00,180,19,161,10.56,UNDERUSED,0
F001,Smart Campus,B003,Building C,BLK-C1,Block C1,SP-007,Open Workspace C1,Workspace,2026-01-10 07:00:00,100,7,93,7.0,UNDERUSED,0
F001,Smart Campus,B003,Building C,BLK-C1,Block C1,SP-008,Server Operations Room,Restricted Area,2026-01-10 07:00:00,20,4,16,20.0,LOW,0
F001,Smart Campus,B001,Building A,BLK-A1,Block A1,SP-001,Open Workspace A1,Workspace,2026-01-10 08:00:00,120,5,115,4.17,UNDERUSED,0
F001,Smart Campus,B001,Building A,BLK-A1,Block A1,SP-002,Conference Room A,Meeting Room,2026-01-10 08:00:00,30,1,29,3.33,UNDERUSED,0
F001,Smart Campus,B001,Building A,BLK-A2,Block A2,SP-003,Training Hall A,Training Room,2026-01-10 08:00:00,80,4,76,5.0,UNDERUSED,0
F001,Smart Campus,B002,Building B,BLK-B1,Block B1,SP-004,Open Workspace B1,Workspace,2026-01-10 08:00:00,150,7,143,4.67,UNDERUSED,0
F001,Smart Campus,B002,Building B,BLK-B1,Block B1,SP-005,Meeting Room B,Meeting Room,2026-01-10 08:00:00,25,2,23,8.0,UNDERUSED,0
F001,Smart Campus,B002,Building B,BLK-B2,Block B2,SP-006,Cafeteria B,Cafeteria,2026-01-10 08:00:00,180,83,97,46.11,OPTIMAL,0
F001,Smart Campus,B003,Building C,BLK-C1,Block C1,SP-007,Open Workspace C1,Workspace,2026-01-10 08:00:00,100,6,94,6.0,UNDERUSED,0
F001,Smart Campus,B003,Building C,BLK-C1,Block C1,SP-008,Server Operations Room,Restricted Area,2026-01-10 08:00:00,20,2,18,10.0,UNDERUSED,0
F001,Smart Campus,B001,Building A,BLK-A1,Block A1,SP-001,Open Workspace A1,Workspace,2026-01-10 09:00:00,120,84,36,70.0,OPTIMAL,0
F001,Smart Campus,B001,Building A,BLK-A1,Block A1,SP-002,Conference Room A,Meeting Room,2026-01-10 09:00:00,30,9,21,30.0,LOW,0
F001,Smart Campus,B001,Building A,BLK-A2,Block A2,SP-003,Training Hall A,Training Room,2026-01-10 09:00:00,80,28,52,35.0,LOW,0
F001,Smart Campus,B002,Building B,BLK-B1,Block B1,SP-004,Open Workspace B1,Workspace,2026-01-10 09:00:00,150,123,27,82.0,HIGH,0
F001,Smart Campus,B002,Building B,BLK-B1,Block B1,SP-005,Meeting Room B,Meeting Room,2026-01-10 09:00:00,25,17,8,68.0,OPTIMAL,0
F001,Smart Campus,B002,Building B,BLK-B2,Block B2,SP-006,Cafeteria B,Cafeteria,2026-01-10 09:00:00,180,82,98,45.56,OPTIMAL,0
F001,Smart Campus,B003,Building C,BLK-C1,Block C1,SP-007,Open Workspace C1,Workspace,2026-01-10 09:00:00,100,87,13,87.0,HIGH,0
F001,Smart Campus,B003,Building C,BLK-C1,Block C1,SP-008,Server Operations Room,Restricted Area,2026-01-10 09:00:00,20,6,14,30.0,LOW,0
F001,Smart Campus,B001,Building A,BLK-A1,Block A1,SP-001,Open Workspace A1,Workspace,2026-01-10 10:00:00,120,95,25,79.17,HIGH,0
F001,Smart Campus,B001,Building A,BLK-A1,Block A1,SP-002,Conference Room A,Meeting Room,2026-01-10 10:00:00,30,21,9,70.0,OPTIMAL,0
F001,Smart Campus,B001,Building A,BLK-A2,Block A2,SP-003,Training Hall A,Training Room,2026-01-10 10:00:00,80,30,50,37.5,LOW,0
F001,Smart Campus,B002,Building B,BLK-B1,Block B1,SP-004,Open Workspace B1,Workspace,2026-01-10 10:00:00,150,132,18,88.0,HIGH,0
F001,Smart Campus,B002,Building B,BLK-B1,Block B1,SP-005,Meeting Room B,Meeting Room,2026-01-10 10:00:00,25,21,4,84.0,HIGH,0
F001,Smart Campus,B002,Building B,BLK-B2,Block B2,SP-006,Cafeteria B,Cafeteria,2026-01-10 10:00:00,180,11,169,6.11,UNDERUSED,0
F001,Smart Campus,B003,Building C,BLK-C1,Block C1,SP-007,Open Workspace C1,Workspace,2026-01-10 10:00:00,100,65,35,65.0,OPTIMAL,0
F001,Smart Campus,B003,Building C,BLK-C1,Block C1,SP-008,Server Operations Room,Restricted Area,2026-01-10 10:00:00,20,5,15,25.0,LOW,0
F001,Smart Campus,B001,Building A,BLK-A1,Block A1,SP-001,Open Workspace A1,Workspace,2026-01-10 11:00:00,120,104,16,86.67,HIGH,0
F001,Smart Campus,B001,Building A,BLK-A1,Block A1,SP-002,Conference Room A,Meeting Room,2026-01-10 11:00:00,30,24,6,80.0,HIGH,0
F001,Smart Campus,B001,Building A,BLK-A2,Block A2,SP-003,Training Hall A,Training Room,2026-01-10 11:00:00,80,47,33,58.75,OPTIMAL,0
F001,Smart Campus,B002,Building B,BLK-B1,Block B1,SP-004,Open Workspace B1,Workspace,2026-01-10 11:00:00,150,118,32,78.67,HIGH,0
F001,Smart Campus,B002,Building B,BLK-B1,Block B1,SP-005,Meeting Room B,Meeting Room,2026-01-10 11:00:00,25,18,7,72.0,OPTIMAL,0
F001,Smart Campus,B002,Building B,BLK-B2,Block B2,SP-006,Cafeteria B,Cafeteria,2026-01-10 11:00:00,180,10,170,5.56,UNDERUSED,0
F001,Smart Campus,B003,Building C,BLK-C1,Block C1,SP-007,Open Workspace C1,Workspace,2026-01-10 11:00:00,100,82,18,82.0,HIGH,0
F001,Smart Campus,B003,Building C,BLK-C1,Block C1,SP-008,Server Operations Room,Restricted Area,2026-01-10 11:00:00,20,2,18,10.0,UNDERUSED,0
F001,Smart Campus,B001,Building A,BLK-A1,Block A1,SP-001,Open Workspace A1,Workspace,2026-01-10 12:00:00,120,53,67,44.17,OPTIMAL,0
F001,Smart Campus,B001,Building A,BLK-A1,Block A1,SP-002,Conference Room A,Meeting Room,2026-01-10 12:00:00,30,17,13,56.67,OPTIMAL,0
F001,Smart Campus,B001,Building A,BLK-A2,Block A2,SP-003,Training Hall A,Training Room,2026-01-10 12:00:00,80,44,36,55.0,OPTIMAL,0
F001,Smart Campus,B002,Building B,BLK-B1,Block B1,SP-004,Open Workspace B1,Workspace,2026-01-10 12:00:00,150,65,85,43.33,OPTIMAL,0
F001,Smart Campus,B002,Building B,BLK-B1,Block B1,SP-005,Meeting Room B,Meeting Room,2026-01-10 12:00:00,25,8,17,32.0,LOW,0
F001,Smart Campus,B002,Building B,BLK-B2,Block B2,SP-006,Cafeteria B,Cafeteria,2026-01-10 12:00:00,180,141,39,78.33,HIGH,0
F001,Smart Campus,B003,Building C,BLK-C1,Block C1,SP-007,Open Workspace C1,Workspace,2026-01-10 12:00:00,100,58,42,58.0,OPTIMAL,0
F001,Smart Campus,B003,Building C,BLK-C1,Block C1,SP-008,Server Operations Room,Restricted Area,2026-01-10 12:00:00,20,5,15,25.0,LOW,0
F001,Smart Campus,B001,Building A,BLK-A1,Block A1,SP-001,Open Workspace A1,Workspace,2026-01-10 13:00:00,120,59,61,49.17,OPTIMAL,0
F001,Smart Campus,B001,Building A,BLK-A1,Block A1,SP-002,Conference Room A,Meeting Room,2026-01-10 13:00:00,30,21,9,70.0,OPTIMAL,0
F001,Smart Campus,B001,Building A,BLK-A2,Block A2,SP-003,Training Hall A,Training Room,2026-01-10 13:00:00,80,27,53,33.75,LOW,0
F001,Smart Campus,B002,Building B,BLK-B1,Block B1,SP-004,Open Workspace B1,Workspace,2026-01-10 13:00:00,150,55,95,36.67,LOW,0
F001,Smart Campus,B002,Building B,BLK-B1,Block B1,SP-005,Meeting Room B,Meeting Room,2026-01-10 13:00:00,25,12,13,48.0,OPTIMAL,0
F001,Smart Campus,B002,Building B,BLK-B2,Block B2,SP-006,Cafeteria B,Cafeteria,2026-01-10 13:00:00,180,130,50,72.22,OPTIMAL,0
F001,Smart Campus,B003,Building C,BLK-C1,Block C1,SP-007,Open Workspace C1,Workspace,2026-01-10 13:00:00,100,40,60,40.0,OPTIMAL,0
F001,Smart Campus,B003,Building C,BLK-C1,Block C1,SP-008,Server Operations Room,Restricted Area,2026-01-10 13:00:00,20,3,17,15.0,LOW,0
F001,Smart Campus,B001,Building A,BLK-A1,Block A1,SP-001,Open Workspace A1,Workspace,2026-01-10 14:00:00,120,97,23,80.83,HIGH,0
F001,Smart Campus,B001,Building A,BLK-A1,Block A1,SP-002,Conference Room A,Meeting Room,2026-01-10 14:00:00,30,25,5,83.33,HIGH,0
F001,Smart Campus,B001,Building A,BLK-A2,Block A2,SP-003,Training Hall A,Training Room,2026-01-10 14:00:00,80,91,0,113.75,OVERCROWDED,1
F001,Smart Campus,B002,Building B,BLK-B1,Block B1,SP-004,Open Workspace B1,Workspace,2026-01-10 14:00:00,150,109,41,72.67,OPTIMAL,0
F001,Smart Campus,B002,Building B,BLK-B1,Block B1,SP-005,Meeting Room B,Meeting Room,2026-01-10 14:00:00,25,15,10,60.0,OPTIMAL,0
F001,Smart Campus,B002,Building B,BLK-B2,Block B2,SP-006,Cafeteria B,Cafeteria,2026-01-10 14:00:00,180,169,11,93.89,HIGH,0
F001,Smart Campus,B003,Building C,BLK-C1,Block C1,SP-007,Open Workspace C1,Workspace,2026-01-10 14:00:00,100,69,31,69.0,OPTIMAL,0
F001,Smart Campus,B003,Building C,BLK-C1,Block C1,SP-008,Server Operations Room,Restricted Area,2026-01-10 14:00:00,20,7,13,35.0,LOW,0
F001,Smart Campus,B001,Building A,BLK-A1,Block A1,SP-001,Open Workspace A1,Workspace,2026-01-10 15:00:00,120,90,30,75.0,HIGH,0
F001,Smart Campus,B001,Building A,BLK-A1,Block A1,SP-002,Conference Room A,Meeting Room,2026-01-10 15:00:00,30,24,6,80.0,HIGH,0
F001,Smart Campus,B001,Building A,BLK-A2,Block A2,SP-003,Training Hall A,Training Room,2026-01-10 15:00:00,80,34,46,42.5,OPTIMAL,0
F001,Smart Campus,B002,Building B,BLK-B1,Block B1,SP-004,Open Workspace B1,Workspace,2026-01-10 15:00:00,150,109,41,72.67,OPTIMAL,0
F001,Smart Campus,B002,Building B,BLK-B1,Block B1,SP-005,Meeting Room B,Meeting Room,2026-01-10 15:00:00,25,20,5,80.0,HIGH,0
F001,Smart Campus,B002,Building B,BLK-B2,Block B2,SP-006,Cafeteria B,Cafeteria,2026-01-10 15:00:00,180,16,164,8.89,UNDERUSED,0
F001,Smart Campus,B003,Building C,BLK-C1,Block C1,SP-007,Open Workspace C1,Workspace,2026-01-10 15:00:00,100,65,35,65.0,OPTIMAL,0
F001,Smart Campus,B003,Building C,BLK-C1,Block C1,SP-008,Server Operations Room,Restricted Area,2026-01-10 15:00:00,20,20,0,100.0,OVERCROWDED,0
F001,Smart Campus,B001,Building A,BLK-A1,Block A1,SP-001,Open Workspace A1,Workspace,2026-01-10 16:00:00,120,95,25,79.17,HIGH,0
F001,Smart Campus,B001,Building A,BLK-A1,Block A1,SP-002,Conference Room A,Meeting Room,2026-01-10 16:00:00,30,23,7,76.67,HIGH,0
F001,Smart Campus,B001,Building A,BLK-A2,Block A2,SP-003,Training Hall A,Training Room,2026-01-10 16:00:00,80,21,59,26.25,LOW,0
F001,Smart Campus,B002,Building B,BLK-B1,Block B1,SP-004,Open Workspace B1,Workspace,2026-01-10 16:00:00,150,120,30,80.0,HIGH,0
F001,Smart Campus,B002,Building B,BLK-B1,Block B1,SP-005,Meeting Room B,Meeting Room,2026-01-10 16:00:00,25,18,7,72.0,OPTIMAL,0
F001,Smart Campus,B002,Building B,BLK-B2,Block B2,SP-006,Cafeteria B,Cafeteria,2026-01-10 16:00:00,180,87,93,48.33,OPTIMAL,0
F001,Smart Campus,B003,Building C,BLK-C1,Block C1,SP-007,Open Workspace C1,Workspace,2026-01-10 16:00:00,100,64,36,64.0,OPTIMAL,0
F001,Smart Campus,B003,Building C,BLK-C1,Block C1,SP-008,Server Operations Room,Restricted Area,2026-01-10 16:00:00,20,3,17,15.0,LOW,0
F001,Smart Campus,B001,Building A,BLK-A1,Block A1,SP-001,Open Workspace A1,Workspace,2026-01-10 17:00:00,120,74,46,61.67,OPTIMAL,0
F001,Smart Campus,B001,Building A,BLK-A1,Block A1,SP-002,Conference Room A,Meeting Room,2026-01-10 17:00:00,30,17,13,56.67,OPTIMAL,0
F001,Smart Campus,B001,Building A,BLK-A2,Block A2,SP-003,Training Hall A,Training Room,2026-01-10 17:00:00,80,1,79,1.25,UNDERUSED,0
F001,Smart Campus,B002,Building B,BLK-B1,Block B1,SP-004,Open Workspace B1,Workspace,2026-01-10 17:00:00,150,106,44,70.67,OPTIMAL,0
F001,Smart Campus,B002,Building B,BLK-B1,Block B1,SP-005,Meeting Room B,Meeting Room,2026-01-10 17:00:00,25,12,13,48.0,OPTIMAL,0
F001,Smart Campus,B002,Building B,BLK-B2,Block B2,SP-006,Cafeteria B,Cafeteria,2026-01-10 17:00:00,180,75,105,41.67,OPTIMAL,0
F001,Smart Campus,B003,Building C,BLK-C1,Block C1,SP-007,Open Workspace C1,Workspace,2026-01-10 17:00:00,100,78,22,78.0,HIGH,0
F001,Smart Campus,B003,Building C,BLK-C1,Block C1,SP-008,Server Operations Room,Restricted Area,2026-01-10 17:00:00,20,6,14,30.0,LOW,0
F001,Smart Campus,B001,Building A,BLK-A1,Block A1,SP-001,Open Workspace A1,Workspace,2026-01-10 18:00:00,120,39,81,32.5,LOW,0
F001,Smart Campus,B001,Building A,BLK-A1,Block A1,SP-002,Conference Room A,Meeting Room,2026-01-10 18:00:00,30,3,27,10.0,UNDERUSED,0
F001,Smart Campus,B001,Building A,BLK-A2,Block A2,SP-003,Training Hall A,Training Room,2026-01-10 18:00:00,80,5,75,6.25,UNDERUSED,0
F001,Smart Campus,B002,Building B,BLK-B1,Block B1,SP-004,Open Workspace B1,Workspace,2026-01-10 18:00:00,150,26,124,17.33,LOW,0
F001,Smart Campus,B002,Building B,BLK-B1,Block B1,SP-005,Meeting Room B,Meeting Room,2026-01-10 18:00:00,25,1,24,4.0,UNDERUSED,0
F001,Smart Campus,B002,Building B,BLK-B2,Block B2,SP-006,Cafeteria B,Cafeteria,2026-01-10 18:00:00,180,19,161,10.56,UNDERUSED,0
F001,Smart Campus,B003,Building C,BLK-C1,Block C1,SP-007,Open Workspace C1,Workspace,2026-01-10 18:00:00,100,28,72,28.0,LOW,0
F001,Smart Campus,B003,Building C,BLK-C1,Block C1,SP-008,Server Operations Room,Restricted Area,2026-01-10 18:00:00,20,3,17,15.0,LOW,0
F001,Smart Campus,B001,Building A,BLK-A1,Block A1,SP-001,Open Workspace A1,Workspace,2026-01-10 19:00:00,120,34,86,28.33,LOW,0
F001,Smart Campus,B001,Building A,BLK-A1,Block A1,SP-002,Conference Room A,Meeting Room,2026-01-10 19:00:00,30,0,30,0.0,UNDERUSED,0
F001,Smart Campus,B001,Building A,BLK-A2,Block A2,SP-003,Training Hall A,Training Room,2026-01-10 19:00:00,80,6,74,7.5,UNDERUSED,0
F001,Smart Campus,B002,Building B,BLK-B1,Block B1,SP-004,Open Workspace B1,Workspace,2026-01-10 19:00:00,150,50,100,33.33,LOW,0
F001,Smart Campus,B002,Building B,BLK-B1,Block B1,SP-005,Meeting Room B,Meeting Room,2026-01-10 19:00:00,25,2,23,8.0,UNDERUSED,0
F001,Smart Campus,B002,Building B,BLK-B2,Block B2,SP-006,Cafeteria B,Cafeteria,2026-01-10 19:00:00,180,17,163,9.44,UNDERUSED,0
F001,Smart Campus,B003,Building C,BLK-C1,Block C1,SP-007,Open Workspace C1,Workspace,2026-01-10 19:00:00,100,15,85,15.0,LOW,0
F001,Smart Campus,B003,Building C,BLK-C1,Block C1,SP-008,Server Operations Room,Restricted Area,2026-01-10 19:00:00,20,4,16,20.0,LOW,0
F001,Smart Campus,B001,Building A,BLK-A1,Block A1,SP-001,Open Workspace A1,Workspace,2026-01-10 20:00:00,120,27,93,22.5,LOW,0
F001,Smart Campus,B001,Building A,BLK-A1,Block A1,SP-002,Conference Room A,Meeting Room,2026-01-10 20:00:00,30,3,27,10.0,UNDERUSED,0
F001,Smart Campus,B001,Building A,BLK-A2,Block A2,SP-003,Training Hall A,Training Room,2026-01-10 20:00:00,80,3,77,3.75,UNDERUSED,0
F001,Smart Campus,B002,Building B,BLK-B1,Block B1,SP-004,Open Workspace B1,Workspace,2026-01-10 20:00:00,150,42,108,28.0,LOW,0
F001,Smart Campus,B002,Building B,BLK-B1,Block B1,SP-005,Meeting Room B,Meeting Room,2026-01-10 20:00:00,25,1,24,4.0,UNDERUSED,0
F001,Smart Campus,B002,Building B,BLK-B2,Block B2,SP-006,Cafeteria B,Cafeteria,2026-01-10 20:00:00,180,8,172,4.44,UNDERUSED,0
F001,Smart Campus,B003,Building C,BLK-C1,Block C1,SP-007,Open Workspace C1,Workspace,2026-01-10 20:00:00,100,35,65,35.0,LOW,0
F001,Smart Campus,B003,Building C,BLK-C1,Block C1,SP-008,Server Operations Room,Restricted Area,2026-01-10 20:00:00,20,6,14,30.0,LOW,0
F001,Smart Campus,B001,Building A,BLK-A1,Block A1,SP-001,Open Workspace A1,Workspace,2026-01-10 21:00:00,120,12,108,10.0,UNDERUSED,0
F001,Smart Campus,B001,Building A,BLK-A1,Block A1,SP-002,Conference Room A,Meeting Room,2026-01-10 21:00:00,30,2,28,6.67,UNDERUSED,0
F001,Smart Campus,B001,Building A,BLK-A2,Block A2,SP-003,Training Hall A,Training Room,2026-01-10 21:00:00,80,0,80,0.0,UNDERUSED,0
F001,Smart Campus,B002,Building B,BLK-B1,Block B1,SP-004,Open Workspace B1,Workspace,2026-01-10 21:00:00,150,11,139,7.33,UNDERUSED,0
F001,Smart Campus,B002,Building B,BLK-B1,Block B1,SP-005,Meeting Room B,Meeting Room,2026-01-10 21:00:00,25,1,24,4.0,UNDERUSED,0
F001,Smart Campus,B002,Building B,BLK-B2,Block B2,SP-006,Cafeteria B,Cafeteria,2026-01-10 21:00:00,180,19,161,10.56,UNDERUSED,0
F001,Smart Campus,B003,Building C,BLK-C1,Block C1,SP-007,Open Workspace C1,Workspace,2026-01-10 21:00:00,100,7,93,7.0,UNDERUSED,0
F001,Smart Campus,B003,Building C,BLK-C1,Block C1,SP-008,Server Operations Room,Restricted Area,2026-01-10 21:00:00,20,3,17,15.0,LOW,0
F001,Smart Campus,B001,Building A,BLK-A1,Block A1,SP-001,Open Workspace A1,Workspace,2026-01-10 22:00:00,120,8,112,6.67,UNDERUSED,0
F001,Smart Campus,B001,Building A,BLK-A1,Block A1,SP-002,Conference Room A,Meeting Room,2026-01-10 22:00:00,30,2,28,6.67,UNDERUSED,0
F001,Smart Campus,B001,Building A,BLK-A2,Block A2,SP-003,Training Hall A,Training Room,2026-01-10 22:00:00,80,2,78,2.5,UNDERUSED,0
F001,Smart Campus,B002,Building B,BLK-B1,Block B1,SP-004,Open Workspace B1,Workspace,2026-01-10 22:00:00,150,159,0,106.0,OVERCROWDED,1
F001,Smart Campus,B002,Building B,BLK-B1,Block B1,SP-005,Meeting Room B,Meeting Room,2026-01-10 22:00:00,25,1,24,4.0,UNDERUSED,0
F001,Smart Campus,B002,Building B,BLK-B2,Block B2,SP-006,Cafeteria B,Cafeteria,2026-01-10 22:00:00,180,14,166,7.78,UNDERUSED,0
F001,Smart Campus,B003,Building C,BLK-C1,Block C1,SP-007,Open Workspace C1,Workspace,2026-01-10 22:00:00,100,2,98,2.0,UNDERUSED,0
F001,Smart Campus,B003,Building C,BLK-C1,Block C1,SP-008,Server Operations Room,Restricted Area,2026-01-10 22:00:00,20,6,14,30.0,LOW,0
F001,Smart Campus,B001,Building A,BLK-A1,Block A1,SP-001,Open Workspace A1,Workspace,2026-01-10 23:00:00,120,5,115,4.17,UNDERUSED,0
F001,Smart Campus,B001,Building A,BLK-A1,Block A1,SP-002,Conference Room A,Meeting Room,2026-01-10 23:00:00,30,2,28,6.67,UNDERUSED,0
F001,Smart Campus,B001,Building A,BLK-A2,Block A2,SP-003,Training Hall A,Training Room,2026-01-10 23:00:00,80,4,76,5.0,UNDERUSED,0
F001,Smart Campus,B002,Building B,BLK-B1,Block B1,SP-004,Open Workspace B1,Workspace,2026-01-10 23:00:00,150,13,137,8.67,UNDERUSED,0
F001,Smart Campus,B002,Building B,BLK-B1,Block B1,SP-005,Meeting Room B,Meeting Room,2026-01-10 23:00:00,25,1,24,4.0,UNDERUSED,0
F001,Smart Campus,B002,Building B,BLK-B2,Block B2,SP-006,Cafeteria B,Cafeteria,2026-01-10 23:00:00,180,24,156,13.33,UNDERUSED,0
F001,Smart Campus,B003,Building C,BLK-C1,Block C1,SP-007,Open Workspace C1,Workspace,2026-01-10 23:00:00,100,2,98,2.0,UNDERUSED,0
F001,Smart Campus,B003,Building C,BLK-C1,Block C1,SP-008,Server Operations Room,Restricted Area,2026-01-10 23:00:00,20,4,16,20.0,LOW,0
F001,Smart Campus,B001,Building A,BLK-A1,Block A1,SP-001,Open Workspace A1,Workspace,2026-01-11 00:00:00,120,7,113,5.83,UNDERUSED,0
F001,Smart Campus,B001,Building A,BLK-A1,Block A1,SP-002,Conference Room A,Meeting Room,2026-01-11 00:00:00,30,2,28,6.67,UNDERUSED,0
F001,Smart Campus,B001,Building A,BLK-A2,Block A2,SP-003,Training Hall A,Training Room,2026-01-11 00:00:00,80,4,76,5.0,UNDERUSED,0
F001,Smart Campus,B002,Building B,BLK-B1,Block B1,SP-004,Open Workspace B1,Workspace,2026-01-11 00:00:00,150,15,135,10.0,UNDERUSED,0
F001,Smart Campus,B002,Building B,BLK-B1,Block B1,SP-005,Meeting Room B,Meeting Room,2026-01-11 00:00:00,25,2,23,8.0,UNDERUSED,0
F001,Smart Campus,B002,Building B,BLK-B2,Block B2,SP-006,Cafeteria B,Cafeteria,2026-01-11 00:00:00,180,9,171,5.0,UNDERUSED,0
F001,Smart Campus,B003,Building C,BLK-C1,Block C1,SP-007,Open Workspace C1,Workspace,2026-01-11 00:00:00,100,8,92,8.0,UNDERUSED,0
F001,Smart Campus,B003,Building C,BLK-C1,Block C1,SP-008,Server Operations Room,Restricted Area,2026-01-11 00:00:00,20,4,16,20.0,LOW,0
F001,Smart Campus,B001,Building A,BLK-A1,Block A1,SP-001,Open Workspace A1,Workspace,2026-01-11 01:00:00,120,5,115,4.17,UNDERUSED,0
F001,Smart Campus,B001,Building A,BLK-A1,Block A1,SP-002,Conference Room A,Meeting Room,2026-01-11 01:00:00,30,2,28,6.67,UNDERUSED,0
F001,Smart Campus,B001,Building A,BLK-A2,Block A2,SP-003,Training Hall A,Training Room,2026-01-11 01:00:00,80,5,75,6.25,UNDERUSED,0
F001,Smart Campus,B002,Building B,BLK-B1,Block B1,SP-004,Open Workspace B1,Workspace,2026-01-11 01:00:00,150,4,146,2.67,UNDERUSED,0
F001,Smart Campus,B002,Building B,BLK-B1,Block B1,SP-005,Meeting Room B,Meeting Room,2026-01-11 01:00:00,25,1,24,4.0,UNDERUSED,0
F001,Smart Campus,B002,Building B,BLK-B2,Block B2,SP-006,Cafeteria B,Cafeteria,2026-01-11 01:00:00,180,26,154,14.44,UNDERUSED,0
F001,Smart Campus,B003,Building C,BLK-C1,Block C1,SP-007,Open Workspace C1,Workspace,2026-01-11 01:00:00,100,10,90,10.0,UNDERUSED,0
F001,Smart Campus,B003,Building C,BLK-C1,Block C1,SP-008,Server Operations Room,Restricted Area,2026-01-11 01:00:00,20,4,16,20.0,LOW,0
F001,Smart Campus,B001,Building A,BLK-A1,Block A1,SP-001,Open Workspace A1,Workspace,2026-01-11 02:00:00,120,4,116,3.33,UNDERUSED,0
F001,Smart Campus,B001,Building A,BLK-A1,Block A1,SP-002,Conference Room A,Meeting Room,2026-01-11 02:00:00,30,0,30,0.0,UNDERUSED,0
F001,Smart Campus,B001,Building A,BLK-A2,Block A2,SP-003,Training Hall A,Training Room,2026-01-11 02:00:00,80,0,80,0.0,UNDERUSED,0
F001,Smart Campus,B002,Building B,BLK-B1,Block B1,SP-004,Open Workspace B1,Workspace,2026-01-11 02:00:00,150,14,136,9.33,UNDERUSED,0
F001,Smart Campus,B002,Building B,BLK-B1,Block B1,SP-005,Meeting Room B,Meeting Room,2026-01-11 02:00:00,25,1,24,4.0,UNDERUSED,0
F001,Smart Campus,B002,Building B,BLK-B2,Block B2,SP-006,Cafeteria B,Cafeteria,2026-01-11 02:00:00,180,5,175,2.78,UNDERUSED,0
F001,Smart Campus,B003,Building C,BLK-C1,Block C1,SP-007,Open Workspace C1,Workspace,2026-01-11 02:00:00,100,4,96,4.0,UNDERUSED,0
F001,Smart Campus,B003,Building C,BLK-C1,Block C1,SP-008,Server Operations Room,Restricted Area,2026-01-11 02:00:00,20,4,16,20.0,LOW,0
F001,Smart Campus,B001,Building A,BLK-A1,Block A1,SP-001,Open Workspace A1,Workspace,2026-01-11 03:00:00,120,10,110,8.33,UNDERUSED,0
F001,Smart Campus,B001,Building A,BLK-A1,Block A1,SP-002,Conference Room A,Meeting Room,2026-01-11 03:00:00,30,2,28,6.67,UNDERUSED,0
F001,Smart Campus,B001,Building A,BLK-A2,Block A2,SP-003,Training Hall A,Training Room,2026-01-11 03:00:00,80,4,76,5.0,UNDERUSED,0
F001,Smart Campus,B002,Building B,BLK-B1,Block B1,SP-004,Open Workspace B1,Workspace,2026-01-11 03:00:00,150,10,140,6.67,UNDERUSED,0
F001,Smart Campus,B002,Building B,BLK-B1,Block B1,SP-005,Meeting Room B,Meeting Room,2026-01-11 03:00:00,25,1,24,4.0,UNDERUSED,0
F001,Smart Campus,B002,Building B,BLK-B2,Block B2,SP-006,Cafeteria B,Cafeteria,2026-01-11 03:00:00,180,25,155,13.89,UNDERUSED,0
F001,Smart Campus,B003,Building C,BLK-C1,Block C1,SP-007,Open Workspace C1,Workspace,2026-01-11 03:00:00,100,4,96,4.0,UNDERUSED,0
F001,Smart Campus,B003,Building C,BLK-C1,Block C1,SP-008,Server Operations Room,Restricted Area,2026-01-11 03:00:00,20,4,16,20.0,LOW,0
F001,Smart Campus,B001,Building A,BLK-A1,Block A1,SP-001,Open Workspace A1,Workspace,2026-01-11 04:00:00,120,8,112,6.67,UNDERUSED,0
F001,Smart Campus,B001,Building A,BLK-A1,Block A1,SP-002,Conference Room A,Meeting Room,2026-01-11 04:00:00,30,0,30,0.0,UNDERUSED,0
F001,Smart Campus,B001,Building A,BLK-A2,Block A2,SP-003,Training Hall A,Training Room,2026-01-11 04:00:00,80,0,80,0.0,UNDERUSED,0
F001,Smart Campus,B002,Building B,BLK-B1,Block B1,SP-004,Open Workspace B1,Workspace,2026-01-11 04:00:00,150,4,146,2.67,UNDERUSED,0
F001,Smart Campus,B002,Building B,BLK-B1,Block B1,SP-005,Meeting Room B,Meeting Room,2026-01-11 04:00:00,25,1,24,4.0,UNDERUSED,0
F001,Smart Campus,B002,Building B,BLK-B2,Block B2,SP-006,Cafeteria B,Cafeteria,2026-01-11 04:00:00,180,6,174,3.33,UNDERUSED,0
F001,Smart Campus,B003,Building C,BLK-C1,Block C1,SP-007,Open Workspace C1,Workspace,2026-01-11 04:00:00,100,8,92,8.0,UNDERUSED,0
F001,Smart Campus,B003,Building C,BLK-C1,Block C1,SP-008,Server Operations Room,Restricted Area,2026-01-11 04:00:00,20,4,16,20.0,LOW,0
F001,Smart Campus,B001,Building A,BLK-A1,Block A1,SP-001,Open Workspace A1,Workspace,2026-01-11 05:00:00,120,3,117,2.5,UNDERUSED,0
F001,Smart Campus,B001,Building A,BLK-A1,Block A1,SP-002,Conference Room A,Meeting Room,2026-01-11 05:00:00,30,3,27,10.0,UNDERUSED,0
F001,Smart Campus,B001,Building A,BLK-A2,Block A2,SP-003,Training Hall A,Training Room,2026-01-11 05:00:00,80,0,80,0.0,UNDERUSED,0
F001,Smart Campus,B002,Building B,BLK-B1,Block B1,SP-004,Open Workspace B1,Workspace,2026-01-11 05:00:00,150,4,146,2.67,UNDERUSED,0
F001,Smart Campus,B002,Building B,BLK-B1,Block B1,SP-005,Meeting Room B,Meeting Room,2026-01-11 05:00:00,25,0,25,0.0,UNDERUSED,0
F001,Smart Campus,B002,Building B,BLK-B2,Block B2,SP-006,Cafeteria B,Cafeteria,2026-01-11 05:00:00,180,5,175,2.78,UNDERUSED,0
F001,Smart Campus,B003,Building C,BLK-C1,Block C1,SP-007,Open Workspace C1,Workspace,2026-01-11 05:00:00,100,3,97,3.0,UNDERUSED,0
F001,Smart Campus,B003,Building C,BLK-C1,Block C1,SP-008,Server Operations Room,Restricted Area,2026-01-11 05:00:00,20,5,15,25.0,LOW,0
F001,Smart Campus,B001,Building A,BLK-A1,Block A1,SP-001,Open Workspace A1,Workspace,2026-01-11 06:00:00,120,1,119,0.83,UNDERUSED,0
F001,Smart Campus,B001,Building A,BLK-A1,Block A1,SP-002,Conference Room A,Meeting Room,2026-01-11 06:00:00,30,2,28,6.67,UNDERUSED,0
F001,Smart Campus,B001,Building A,BLK-A2,Block A2,SP-003,Training Hall A,Training Room,2026-01-11 06:00:00,80,1,79,1.25,UNDERUSED,0
F001,Smart Campus,B002,Building B,BLK-B1,Block B1,SP-004,Open Workspace B1,Workspace,2026-01-11 06:00:00,150,15,135,10.0,UNDERUSED,0
F001,Smart Campus,B002,Building B,BLK-B1,Block B1,SP-005,Meeting Room B,Meeting Room,2026-01-11 06:00:00,25,0,25,0.0,UNDERUSED,0
F001,Smart Campus,B002,Building B,BLK-B2,Block B2,SP-006,Cafeteria B,Cafeteria,2026-01-11 06:00:00,180,18,162,10.0,UNDERUSED,0
F001,Smart Campus,B003,Building C,BLK-C1,Block C1,SP-007,Open Workspace C1,Workspace,2026-01-11 06:00:00,100,8,92,8.0,UNDERUSED,0
F001,Smart Campus,B003,Building C,BLK-C1,Block C1,SP-008,Server Operations Room,Restricted Area,2026-01-11 06:00:00,20,5,15,25.0,LOW,0
F001,Smart Campus,B001,Building A,BLK-A1,Block A1,SP-001,Open Workspace A1,Workspace,2026-01-11 07:00:00,120,9,111,7.5,UNDERUSED,0
F001,Smart Campus,B001,Building A,BLK-A1,Block A1,SP-002,Conference Room A,Meeting Room,2026-01-11 07:00:00,30,1,29,3.33,UNDERUSED,0
F001,Smart Campus,B001,Building A,BLK-A2,Block A2,SP-003,Training Hall A,Training Room,2026-01-11 07:00:00,80,1,79,1.25,UNDERUSED,0
F001,Smart Campus,B002,Building B,BLK-B1,Block B1,SP-004,Open Workspace B1,Workspace,2026-01-11 07:00:00,150,3,147,2.0,UNDERUSED,0
F001,Smart Campus,B002,Building B,BLK-B1,Block B1,SP-005,Meeting Room B,Meeting Room,2026-01-11 07:00:00,25,2,23,8.0,UNDERUSED,0
F001,Smart Campus,B002,Building B,BLK-B2,Block B2,SP-006,Cafeteria B,Cafeteria,2026-01-11 07:00:00,180,13,167,7.22,UNDERUSED,0
F001,Smart Campus,B003,Building C,BLK-C1,Block C1,SP-007,Open Workspace C1,Workspace,2026-01-11 07:00:00,100,2,98,2.0,UNDERUSED,0
F001,Smart Campus,B003,Building C,BLK-C1,Block C1,SP-008,Server Operations Room,Restricted Area,2026-01-11 07:00:00,20,5,15,25.0,LOW,0
F001,Smart Campus,B001,Building A,BLK-A1,Block A1,SP-001,Open Workspace A1,Workspace,2026-01-11 08:00:00,120,10,110,8.33,UNDERUSED,0
F001,Smart Campus,B001,Building A,BLK-A1,Block A1,SP-002,Conference Room A,Meeting Room,2026-01-11 08:00:00,30,0,30,0.0,UNDERUSED,0
F001,Smart Campus,B001,Building A,BLK-A2,Block A2,SP-003,Training Hall A,Training Room,2026-01-11 08:00:00,80,1,79,1.25,UNDERUSED,0
F001,Smart Campus,B002,Building B,BLK-B1,Block B1,SP-004,Open Workspace B1,Workspace,2026-01-11 08:00:00,150,13,137,8.67,UNDERUSED,0
F001,Smart Campus,B002,Building B,BLK-B1,Block B1,SP-005,Meeting Room B,Meeting Room,2026-01-11 08:00:00,25,2,23,8.0,UNDERUSED,0
F001,Smart Campus,B002,Building B,BLK-B2,Block B2,SP-006,Cafeteria B,Cafeteria,2026-01-11 08:00:00,180,68,112,37.78,LOW,0
F001,Smart Campus,B003,Building C,BLK-C1,Block C1,SP-007,Open Workspace C1,Workspace,2026-01-11 08:00:00,100,1,99,1.0,UNDERUSED,0
F001,Smart Campus,B003,Building C,BLK-C1,Block C1,SP-008,Server Operations Room,Restricted Area,2026-01-11 08:00:00,20,2,18,10.0,UNDERUSED,0
F001,Smart Campus,B001,Building A,BLK-A1,Block A1,SP-001,Open Workspace A1,Workspace,2026-01-11 09:00:00,120,102,18,85.0,HIGH,0
F001,Smart Campus,B001,Building A,BLK-A1,Block A1,SP-002,Conference Room A,Meeting Room,2026-01-11 09:00:00,30,17,13,56.67,OPTIMAL,0
F001,Smart Campus,B001,Building A,BLK-A2,Block A2,SP-003,Training Hall A,Training Room,2026-01-11 09:00:00,80,53,27,66.25,OPTIMAL,0
F001,Smart Campus,B002,Building B,BLK-B1,Block B1,SP-004,Open Workspace B1,Workspace,2026-01-11 09:00:00,150,101,49,67.33,OPTIMAL,0
F001,Smart Campus,B002,Building B,BLK-B1,Block B1,SP-005,Meeting Room B,Meeting Room,2026-01-11 09:00:00,25,13,12,52.0,OPTIMAL,0
F001,Smart Campus,B002,Building B,BLK-B2,Block B2,SP-006,Cafeteria B,Cafeteria,2026-01-11 09:00:00,180,84,96,46.67,OPTIMAL,0
F001,Smart Campus,B003,Building C,BLK-C1,Block C1,SP-007,Open Workspace C1,Workspace,2026-01-11 09:00:00,100,87,13,87.0,HIGH,0
F001,Smart Campus,B003,Building C,BLK-C1,Block C1,SP-008,Server Operations Room,Restricted Area,2026-01-11 09:00:00,20,2,18,10.0,UNDERUSED,0
F001,Smart Campus,B001,Building A,BLK-A1,Block A1,SP-001,Open Workspace A1,Workspace,2026-01-11 10:00:00,120,102,18,85.0,HIGH,0
F001,Smart Campus,B001,Building A,BLK-A1,Block A1,SP-002,Conference Room A,Meeting Room,2026-01-11 10:00:00,30,34,0,113.33,OVERCROWDED,1
F001,Smart Campus,B001,Building A,BLK-A2,Block A2,SP-003,Training Hall A,Training Room,2026-01-11 10:00:00,80,49,31,61.25,OPTIMAL,0
F001,Smart Campus,B002,Building B,BLK-B1,Block B1,SP-004,Open Workspace B1,Workspace,2026-01-11 10:00:00,150,111,39,74.0,OPTIMAL,0
F001,Smart Campus,B002,Building B,BLK-B1,Block B1,SP-005,Meeting Room B,Meeting Room,2026-01-11 10:00:00,25,16,9,64.0,OPTIMAL,0
F001,Smart Campus,B002,Building B,BLK-B2,Block B2,SP-006,Cafeteria B,Cafeteria,2026-01-11 10:00:00,180,24,156,13.33,UNDERUSED,0
F001,Smart Campus,B003,Building C,BLK-C1,Block C1,SP-007,Open Workspace C1,Workspace,2026-01-11 10:00:00,100,74,26,74.0,OPTIMAL,0
F001,Smart Campus,B003,Building C,BLK-C1,Block C1,SP-008,Server Operations Room,Restricted Area,2026-01-11 10:00:00,20,5,15,25.0,LOW,0
F001,Smart Campus,B001,Building A,BLK-A1,Block A1,SP-001,Open Workspace A1,Workspace,2026-01-11 11:00:00,120,90,30,75.0,HIGH,0
F001,Smart Campus,B001,Building A,BLK-A1,Block A1,SP-002,Conference Room A,Meeting Room,2026-01-11 11:00:00,30,15,15,50.0,OPTIMAL,0
F001,Smart Campus,B001,Building A,BLK-A2,Block A2,SP-003,Training Hall A,Training Room,2026-01-11 11:00:00,80,43,37,53.75,OPTIMAL,0
F001,Smart Campus,B002,Building B,BLK-B1,Block B1,SP-004,Open Workspace B1,Workspace,2026-01-11 11:00:00,150,109,41,72.67,OPTIMAL,0
F001,Smart Campus,B002,Building B,BLK-B1,Block B1,SP-005,Meeting Room B,Meeting Room,2026-01-11 11:00:00,25,16,9,64.0,OPTIMAL,0
F001,Smart Campus,B002,Building B,BLK-B2,Block B2,SP-006,Cafeteria B,Cafeteria,2026-01-11 11:00:00,180,24,156,13.33,UNDERUSED,0
F001,Smart Campus,B003,Building C,BLK-C1,Block C1,SP-007,Open Workspace C1,Workspace,2026-01-11 11:00:00,100,84,16,84.0,HIGH,0
F001,Smart Campus,B003,Building C,BLK-C1,Block C1,SP-008,Server Operations Room,Restricted Area,2026-01-11 11:00:00,20,5,15,25.0,LOW,0
F001,Smart Campus,B001,Building A,BLK-A1,Block A1,SP-001,Open Workspace A1,Workspace,2026-01-11 12:00:00,120,48,72,40.0,OPTIMAL,0
F001,Smart Campus,B001,Building A,BLK-A1,Block A1,SP-002,Conference Room A,Meeting Room,2026-01-11 12:00:00,30,13,17,43.33,OPTIMAL,0
F001,Smart Campus,B001,Building A,BLK-A2,Block A2,SP-003,Training Hall A,Training Room,2026-01-11 12:00:00,80,49,31,61.25,OPTIMAL,0
F001,Smart Campus,B002,Building B,BLK-B1,Block B1,SP-004,Open Workspace B1,Workspace,2026-01-11 12:00:00,150,59,91,39.33,LOW,0
F001,Smart Campus,B002,Building B,BLK-B1,Block B1,SP-005,Meeting Room B,Meeting Room,2026-01-11 12:00:00,25,5,20,20.0,LOW,0
F001,Smart Campus,B002,Building B,BLK-B2,Block B2,SP-006,Cafeteria B,Cafeteria,2026-01-11 12:00:00,180,133,47,73.89,OPTIMAL,0
F001,Smart Campus,B003,Building C,BLK-C1,Block C1,SP-007,Open Workspace C1,Workspace,2026-01-11 12:00:00,100,46,54,46.0,OPTIMAL,0
F001,Smart Campus,B003,Building C,BLK-C1,Block C1,SP-008,Server Operations Room,Restricted Area,2026-01-11 12:00:00,20,2,18,10.0,UNDERUSED,0
F001,Smart Campus,B001,Building A,BLK-A1,Block A1,SP-001,Open Workspace A1,Workspace,2026-01-11 13:00:00,120,43,77,35.83,LOW,0
F001,Smart Campus,B001,Building A,BLK-A1,Block A1,SP-002,Conference Room A,Meeting Room,2026-01-11 13:00:00,30,25,5,83.33,HIGH,0
F001,Smart Campus,B001,Building A,BLK-A2,Block A2,SP-003,Training Hall A,Training Room,2026-01-11 13:00:00,80,41,39,51.25,OPTIMAL,0
F001,Smart Campus,B002,Building B,BLK-B1,Block B1,SP-004,Open Workspace B1,Workspace,2026-01-11 13:00:00,150,75,75,50.0,OPTIMAL,0
F001,Smart Campus,B002,Building B,BLK-B1,Block B1,SP-005,Meeting Room B,Meeting Room,2026-01-11 13:00:00,25,18,7,72.0,OPTIMAL,0
F001,Smart Campus,B002,Building B,BLK-B2,Block B2,SP-006,Cafeteria B,Cafeteria,2026-01-11 13:00:00,180,146,34,81.11,HIGH,0
F001,Smart Campus,B003,Building C,BLK-C1,Block C1,SP-007,Open Workspace C1,Workspace,2026-01-11 13:00:00,100,51,49,51.0,OPTIMAL,0
F001,Smart Campus,B003,Building C,BLK-C1,Block C1,SP-008,Server Operations Room,Restricted Area,2026-01-11 13:00:00,20,3,17,15.0,LOW,0
F001,Smart Campus,B001,Building A,BLK-A1,Block A1,SP-001,Open Workspace A1,Workspace,2026-01-11 14:00:00,120,92,28,76.67,HIGH,0
F001,Smart Campus,B001,Building A,BLK-A1,Block A1,SP-002,Conference Room A,Meeting Room,2026-01-11 14:00:00,30,11,19,36.67,LOW,0
F001,Smart Campus,B001,Building A,BLK-A2,Block A2,SP-003,Training Hall A,Training Room,2026-01-11 14:00:00,80,18,62,22.5,LOW,0
F001,Smart Campus,B002,Building B,BLK-B1,Block B1,SP-004,Open Workspace B1,Workspace,2026-01-11 14:00:00,150,90,60,60.0,OPTIMAL,0
F001,Smart Campus,B002,Building B,BLK-B1,Block B1,SP-005,Meeting Room B,Meeting Room,2026-01-11 14:00:00,25,21,4,84.0,HIGH,0
F001,Smart Campus,B002,Building B,BLK-B2,Block B2,SP-006,Cafeteria B,Cafeteria,2026-01-11 14:00:00,180,142,38,78.89,HIGH,0
F001,Smart Campus,B003,Building C,BLK-C1,Block C1,SP-007,Open Workspace C1,Workspace,2026-01-11 14:00:00,100,76,24,76.0,HIGH,0
F001,Smart Campus,B003,Building C,BLK-C1,Block C1,SP-008,Server Operations Room,Restricted Area,2026-01-11 14:00:00,20,5,15,25.0,LOW,0
F001,Smart Campus,B001,Building A,BLK-A1,Block A1,SP-001,Open Workspace A1,Workspace,2026-01-11 15:00:00,120,75,45,62.5,OPTIMAL,0
F001,Smart Campus,B001,Building A,BLK-A1,Block A1,SP-002,Conference Room A,Meeting Room,2026-01-11 15:00:00,30,22,8,73.33,OPTIMAL,0
F001,Smart Campus,B001,Building A,BLK-A2,Block A2,SP-003,Training Hall A,Training Room,2026-01-11 15:00:00,80,33,47,41.25,OPTIMAL,0
F001,Smart Campus,B002,Building B,BLK-B1,Block B1,SP-004,Open Workspace B1,Workspace,2026-01-11 15:00:00,150,102,48,68.0,OPTIMAL,0
F001,Smart Campus,B002,Building B,BLK-B1,Block B1,SP-005,Meeting Room B,Meeting Room,2026-01-11 15:00:00,25,8,17,32.0,LOW,0
F001,Smart Campus,B002,Building B,BLK-B2,Block B2,SP-006,Cafeteria B,Cafeteria,2026-01-11 15:00:00,180,17,163,9.44,UNDERUSED,0
F001,Smart Campus,B003,Building C,BLK-C1,Block C1,SP-007,Open Workspace C1,Workspace,2026-01-11 15:00:00,100,71,29,71.0,OPTIMAL,0
F001,Smart Campus,B003,Building C,BLK-C1,Block C1,SP-008,Server Operations Room,Restricted Area,2026-01-11 15:00:00,20,1,19,5.0,UNDERUSED,0
F001,Smart Campus,B001,Building A,BLK-A1,Block A1,SP-001,Open Workspace A1,Workspace,2026-01-11 16:00:00,120,104,16,86.67,HIGH,0
F001,Smart Campus,B001,Building A,BLK-A1,Block A1,SP-002,Conference Room A,Meeting Room,2026-01-11 16:00:00,30,25,5,83.33,HIGH,0
F001,Smart Campus,B001,Building A,BLK-A2,Block A2,SP-003,Training Hall A,Training Room,2026-01-11 16:00:00,80,55,25,68.75,OPTIMAL,0
F001,Smart Campus,B002,Building B,BLK-B1,Block B1,SP-004,Open Workspace B1,Workspace,2026-01-11 16:00:00,150,119,31,79.33,HIGH,0
F001,Smart Campus,B002,Building B,BLK-B1,Block B1,SP-005,Meeting Room B,Meeting Room,2026-01-11 16:00:00,25,14,11,56.0,OPTIMAL,0
F001,Smart Campus,B002,Building B,BLK-B2,Block B2,SP-006,Cafeteria B,Cafeteria,2026-01-11 16:00:00,180,79,101,43.89,OPTIMAL,0
F001,Smart Campus,B003,Building C,BLK-C1,Block C1,SP-007,Open Workspace C1,Workspace,2026-01-11 16:00:00,100,73,27,73.0,OPTIMAL,0
F001,Smart Campus,B003,Building C,BLK-C1,Block C1,SP-008,Server Operations Room,Restricted Area,2026-01-11 16:00:00,20,5,15,25.0,LOW,0
F001,Smart Campus,B001,Building A,BLK-A1,Block A1,SP-001,Open Workspace A1,Workspace,2026-01-11 17:00:00,120,76,44,63.33,OPTIMAL,0
F001,Smart Campus,B001,Building A,BLK-A1,Block A1,SP-002,Conference Room A,Meeting Room,2026-01-11 17:00:00,30,18,12,60.0,OPTIMAL,0
F001,Smart Campus,B001,Building A,BLK-A2,Block A2,SP-003,Training Hall A,Training Room,2026-01-11 17:00:00,80,4,76,5.0,UNDERUSED,0
F001,Smart Campus,B002,Building B,BLK-B1,Block B1,SP-004,Open Workspace B1,Workspace,2026-01-11 17:00:00,150,103,47,68.67,OPTIMAL,0
F001,Smart Campus,B002,Building B,BLK-B1,Block B1,SP-005,Meeting Room B,Meeting Room,2026-01-11 17:00:00,25,29,0,116.0,OVERCROWDED,1
F001,Smart Campus,B002,Building B,BLK-B2,Block B2,SP-006,Cafeteria B,Cafeteria,2026-01-11 17:00:00,180,56,124,31.11,LOW,0
F001,Smart Campus,B003,Building C,BLK-C1,Block C1,SP-007,Open Workspace C1,Workspace,2026-01-11 17:00:00,100,79,21,79.0,HIGH,0
F001,Smart Campus,B003,Building C,BLK-C1,Block C1,SP-008,Server Operations Room,Restricted Area,2026-01-11 17:00:00,20,1,19,5.0,UNDERUSED,0
F001,Smart Campus,B001,Building A,BLK-A1,Block A1,SP-001,Open Workspace A1,Workspace,2026-01-11 18:00:00,120,32,88,26.67,LOW,0
F001,Smart Campus,B001,Building A,BLK-A1,Block A1,SP-002,Conference Room A,Meeting Room,2026-01-11 18:00:00,30,3,27,10.0,UNDERUSED,0
F001,Smart Campus,B001,Building A,BLK-A2,Block A2,SP-003,Training Hall A,Training Room,2026-01-11 18:00:00,80,6,74,7.5,UNDERUSED,0
F001,Smart Campus,B002,Building B,BLK-B1,Block B1,SP-004,Open Workspace B1,Workspace,2026-01-11 18:00:00,150,57,93,38.0,LOW,0
F001,Smart Campus,B002,Building B,BLK-B1,Block B1,SP-005,Meeting Room B,Meeting Room,2026-01-11 18:00:00,25,0,25,0.0,UNDERUSED,0
F001,Smart Campus,B002,Building B,BLK-B2,Block B2,SP-006,Cafeteria B,Cafeteria,2026-01-11 18:00:00,180,24,156,13.33,UNDERUSED,0
F001,Smart Campus,B003,Building C,BLK-C1,Block C1,SP-007,Open Workspace C1,Workspace,2026-01-11 18:00:00,100,20,80,20.0,LOW,0
F001,Smart Campus,B003,Building C,BLK-C1,Block C1,SP-008,Server Operations Room,Restricted Area,2026-01-11 18:00:00,20,5,15,25.0,LOW,0
F001,Smart Campus,B001,Building A,BLK-A1,Block A1,SP-001,Open Workspace A1,Workspace,2026-01-11 19:00:00,120,21,99,17.5,LOW,0
F001,Smart Campus,B001,Building A,BLK-A1,Block A1,SP-002,Conference Room A,Meeting Room,2026-01-11 19:00:00,30,2,28,6.67,UNDERUSED,0
F001,Smart Campus,B001,Building A,BLK-A2,Block A2,SP-003,Training Hall A,Training Room,2026-01-11 19:00:00,80,4,76,5.0,UNDERUSED,0
F001,Smart Campus,B002,Building B,BLK-B1,Block B1,SP-004,Open Workspace B1,Workspace,2026-01-11 19:00:00,150,43,107,28.67,LOW,0
F001,Smart Campus,B002,Building B,BLK-B1,Block B1,SP-005,Meeting Room B,Meeting Room,2026-01-11 19:00:00,25,1,24,4.0,UNDERUSED,0
F001,Smart Campus,B002,Building B,BLK-B2,Block B2,SP-006,Cafeteria B,Cafeteria,2026-01-11 19:00:00,180,15,165,8.33,UNDERUSED,0
F001,Smart Campus,B003,Building C,BLK-C1,Block C1,SP-007,Open Workspace C1,Workspace,2026-01-11 19:00:00,100,37,63,37.0,LOW,0
F001,Smart Campus,B003,Building C,BLK-C1,Block C1,SP-008,Server Operations Room,Restricted Area,2026-01-11 19:00:00,20,4,16,20.0,LOW,0
F001,Smart Campus,B001,Building A,BLK-A1,Block A1,SP-001,Open Workspace A1,Workspace,2026-01-11 20:00:00,120,45,75,37.5,LOW,0
F001,Smart Campus,B001,Building A,BLK-A1,Block A1,SP-002,Conference Room A,Meeting Room,2026-01-11 20:00:00,30,1,29,3.33,UNDERUSED,0
F001,Smart Campus,B001,Building A,BLK-A2,Block A2,SP-003,Training Hall A,Training Room,2026-01-11 20:00:00,80,0,80,0.0,UNDERUSED,0
F001,Smart Campus,B002,Building B,BLK-B1,Block B1,SP-004,Open Workspace B1,Workspace,2026-01-11 20:00:00,150,40,110,26.67,LOW,0
F001,Smart Campus,B002,Building B,BLK-B1,Block B1,SP-005,Meeting Room B,Meeting Room,2026-01-11 20:00:00,25,1,24,4.0,UNDERUSED,0
F001,Smart Campus,B002,Building B,BLK-B2,Block B2,SP-006,Cafeteria B,Cafeteria,2026-01-11 20:00:00,180,20,160,11.11,UNDERUSED,0
F001,Smart Campus,B003,Building C,BLK-C1,Block C1,SP-007,Open Workspace C1,Workspace,2026-01-11 20:00:00,100,39,61,39.0,LOW,0
F001,Smart Campus,B003,Building C,BLK-C1,Block C1,SP-008,Server Operations Room,Restricted Area,2026-01-11 20:00:00,20,4,16,20.0,LOW,0
F001,Smart Campus,B001,Building A,BLK-A1,Block A1,SP-001,Open Workspace A1,Workspace,2026-01-11 21:00:00,120,1,119,0.83,UNDERUSED,0
F001,Smart Campus,B001,Building A,BLK-A1,Block A1,SP-002,Conference Room A,Meeting Room,2026-01-11 21:00:00,30,2,28,6.67,UNDERUSED,0
F001,Smart Campus,B001,Building A,BLK-A2,Block A2,SP-003,Training Hall A,Training Room,2026-01-11 21:00:00,80,4,76,5.0,UNDERUSED,0
F001,Smart Campus,B002,Building B,BLK-B1,Block B1,SP-004,Open Workspace B1,Workspace,2026-01-11 21:00:00,150,9,141,6.0,UNDERUSED,0
F001,Smart Campus,B002,Building B,BLK-B1,Block B1,SP-005,Meeting Room B,Meeting Room,2026-01-11 21:00:00,25,1,24,4.0,UNDERUSED,0
F001,Smart Campus,B002,Building B,BLK-B2,Block B2,SP-006,Cafeteria B,Cafeteria,2026-01-11 21:00:00,180,12,168,6.67,UNDERUSED,0
F001,Smart Campus,B003,Building C,BLK-C1,Block C1,SP-007,Open Workspace C1,Workspace,2026-01-11 21:00:00,100,3,97,3.0,UNDERUSED,0
F001,Smart Campus,B003,Building C,BLK-C1,Block C1,SP-008,Server Operations Room,Restricted Area,2026-01-11 21:00:00,20,3,17,15.0,LOW,0
F001,Smart Campus,B001,Building A,BLK-A1,Block A1,SP-001,Open Workspace A1,Workspace,2026-01-11 22:00:00,120,4,116,3.33,UNDERUSED,0
F001,Smart Campus,B001,Building A,BLK-A1,Block A1,SP-002,Conference Room A,Meeting Room,2026-01-11 22:00:00,30,0,30,0.0,UNDERUSED,0
F001,Smart Campus,B001,Building A,BLK-A2,Block A2,SP-003,Training Hall A,Training Room,2026-01-11 22:00:00,80,1,79,1.25,UNDERUSED,0
F001,Smart Campus,B002,Building B,BLK-B1,Block B1,SP-004,Open Workspace B1,Workspace,2026-01-11 22:00:00,150,5,145,3.33,UNDERUSED,0
F001,Smart Campus,B002,Building B,BLK-B1,Block B1,SP-005,Meeting Room B,Meeting Room,2026-01-11 22:00:00,25,1,24,4.0,UNDERUSED,0
F001,Smart Campus,B002,Building B,BLK-B2,Block B2,SP-006,Cafeteria B,Cafeteria,2026-01-11 22:00:00,180,7,173,3.89,UNDERUSED,0
F001,Smart Campus,B003,Building C,BLK-C1,Block C1,SP-007,Open Workspace C1,Workspace,2026-01-11 22:00:00,100,2,98,2.0,UNDERUSED,0
F001,Smart Campus,B003,Building C,BLK-C1,Block C1,SP-008,Server Operations Room,Restricted Area,2026-01-11 22:00:00,20,2,18,10.0,UNDERUSED,0
F001,Smart Campus,B001,Building A,BLK-A1,Block A1,SP-001,Open Workspace A1,Workspace,2026-01-11 23:00:00,120,12,108,10.0,UNDERUSED,0
F001,Smart Campus,B001,Building A,BLK-A1,Block A1,SP-002,Conference Room A,Meeting Room,2026-01-11 23:00:00,30,2,28,6.67,UNDERUSED,0
F001,Smart Campus,B001,Building A,BLK-A2,Block A2,SP-003,Training Hall A,Training Room,2026-01-11 23:00:00,80,5,75,6.25,UNDERUSED,0
F001,Smart Campus,B002,Building B,BLK-B1,Block B1,SP-004,Open Workspace B1,Workspace,2026-01-11 23:00:00,150,9,141,6.0,UNDERUSED,0
F001,Smart Campus,B002,Building B,BLK-B1,Block B1,SP-005,Meeting Room B,Meeting Room,2026-01-11 23:00:00,25,1,24,4.0,UNDERUSED,0
F001,Smart Campus,B002,Building B,BLK-B2,Block B2,SP-006,Cafeteria B,Cafeteria,2026-01-11 23:00:00,180,5,175,2.78,UNDERUSED,0
F001,Smart Campus,B003,Building C,BLK-C1,Block C1,SP-007,Open Workspace C1,Workspace,2026-01-11 23:00:00,100,5,95,5.0,UNDERUSED,0
F001,Smart Campus,B003,Building C,BLK-C1,Block C1,SP-008,Server Operations Room,Restricted Area,2026-01-11 23:00:00,20,4,16,20.0,LOW,0
F001,Smart Campus,B001,Building A,BLK-A1,Block A1,SP-001,Open Workspace A1,Workspace,2026-01-12 00:00:00,120,5,115,4.17,UNDERUSED,0
F001,Smart Campus,B001,Building A,BLK-A1,Block A1,SP-002,Conference Room A,Meeting Room,2026-01-12 00:00:00,30,3,27,10.0,UNDERUSED,0
F001,Smart Campus,B001,Building A,BLK-A2,Block A2,SP-003,Training Hall A,Training Room,2026-01-12 00:00:00,80,0,80,0.0,UNDERUSED,0
F001,Smart Campus,B002,Building B,BLK-B1,Block B1,SP-004,Open Workspace B1,Workspace,2026-01-12 00:00:00,150,13,137,8.67,UNDERUSED,0
F001,Smart Campus,B002,Building B,BLK-B1,Block B1,SP-005,Meeting Room B,Meeting Room,2026-01-12 00:00:00,25,0,25,0.0,UNDERUSED,0
F001,Smart Campus,B002,Building B,BLK-B2,Block B2,SP-006,Cafeteria B,Cafeteria,2026-01-12 00:00:00,180,19,161,10.56,UNDERUSED,0
F001,Smart Campus,B003,Building C,BLK-C1,Block C1,SP-007,Open Workspace C1,Workspace,2026-01-12 00:00:00,100,8,92,8.0,UNDERUSED,0
F001,Smart Campus,B003,Building C,BLK-C1,Block C1,SP-008,Server Operations Room,Restricted Area,2026-01-12 00:00:00,20,5,15,25.0,LOW,0
F001,Smart Campus,B001,Building A,BLK-A1,Block A1,SP-001,Open Workspace A1,Workspace,2026-01-12 01:00:00,120,9,111,7.5,UNDERUSED,0
F001,Smart Campus,B001,Building A,BLK-A1,Block A1,SP-002,Conference Room A,Meeting Room,2026-01-12 01:00:00,30,1,29,3.33,UNDERUSED,0
F001,Smart Campus,B001,Building A,BLK-A2,Block A2,SP-003,Training Hall A,Training Room,2026-01-12 01:00:00,80,4,76,5.0,UNDERUSED,0
F001,Smart Campus,B002,Building B,BLK-B1,Block B1,SP-004,Open Workspace B1,Workspace,2026-01-12 01:00:00,150,4,146,2.67,UNDERUSED,0
F001,Smart Campus,B002,Building B,BLK-B1,Block B1,SP-005,Meeting Room B,Meeting Room,2026-01-12 01:00:00,25,1,24,4.0,UNDERUSED,0
F001,Smart Campus,B002,Building B,BLK-B2,Block B2,SP-006,Cafeteria B,Cafeteria,2026-01-12 01:00:00,180,17,163,9.44,UNDERUSED,0
F001,Smart Campus,B003,Building C,BLK-C1,Block C1,SP-007,Open Workspace C1,Workspace,2026-01-12 01:00:00,100,2,98,2.0,UNDERUSED,0
F001,Smart Campus,B003,Building C,BLK-C1,Block C1,SP-008,Server Operations Room,Restricted Area,2026-01-12 01:00:00,20,2,18,10.0,UNDERUSED,0
F001,Smart Campus,B001,Building A,BLK-A1,Block A1,SP-001,Open Workspace A1,Workspace,2026-01-12 02:00:00,120,4,116,3.33,UNDERUSED,0
F001,Smart Campus,B001,Building A,BLK-A1,Block A1,SP-002,Conference Room A,Meeting Room,2026-01-12 02:00:00,30,2,28,6.67,UNDERUSED,0
F001,Smart Campus,B001,Building A,BLK-A2,Block A2,SP-003,Training Hall A,Training Room,2026-01-12 02:00:00,80,3,77,3.75,UNDERUSED,0
F001,Smart Campus,B002,Building B,BLK-B1,Block B1,SP-004,Open Workspace B1,Workspace,2026-01-12 02:00:00,150,6,144,4.0,UNDERUSED,0
F001,Smart Campus,B002,Building B,BLK-B1,Block B1,SP-005,Meeting Room B,Meeting Room,2026-01-12 02:00:00,25,2,23,8.0,UNDERUSED,0
F001,Smart Campus,B002,Building B,BLK-B2,Block B2,SP-006,Cafeteria B,Cafeteria,2026-01-12 02:00:00,180,8,172,4.44,UNDERUSED,0
F001,Smart Campus,B003,Building C,BLK-C1,Block C1,SP-007,Open Workspace C1,Workspace,2026-01-12 02:00:00,100,8,92,8.0,UNDERUSED,0
F001,Smart Campus,B003,Building C,BLK-C1,Block C1,SP-008,Server Operations Room,Restricted Area,2026-01-12 02:00:00,20,7,13,35.0,LOW,0
F001,Smart Campus,B001,Building A,BLK-A1,Block A1,SP-001,Open Workspace A1,Workspace,2026-01-12 03:00:00,120,2,118,1.67,UNDERUSED,0
F001,Smart Campus,B001,Building A,BLK-A1,Block A1,SP-002,Conference Room A,Meeting Room,2026-01-12 03:00:00,30,0,30,0.0,UNDERUSED,0
F001,Smart Campus,B001,Building A,BLK-A2,Block A2,SP-003,Training Hall A,Training Room,2026-01-12 03:00:00,80,6,74,7.5,UNDERUSED,0
F001,Smart Campus,B002,Building B,BLK-B1,Block B1,SP-004,Open Workspace B1,Workspace,2026-01-12 03:00:00,150,2,148,1.33,UNDERUSED,0
F001,Smart Campus,B002,Building B,BLK-B1,Block B1,SP-005,Meeting Room B,Meeting Room,2026-01-12 03:00:00,25,2,23,8.0,UNDERUSED,0
F001,Smart Campus,B002,Building B,BLK-B2,Block B2,SP-006,Cafeteria B,Cafeteria,2026-01-12 03:00:00,180,10,170,5.56,UNDERUSED,0
F001,Smart Campus,B003,Building C,BLK-C1,Block C1,SP-007,Open Workspace C1,Workspace,2026-01-12 03:00:00,100,7,93,7.0,UNDERUSED,0
F001,Smart Campus,B003,Building C,BLK-C1,Block C1,SP-008,Server Operations Room,Restricted Area,2026-01-12 03:00:00,20,3,17,15.0,LOW,0
F001,Smart Campus,B001,Building A,BLK-A1,Block A1,SP-001,Open Workspace A1,Workspace,2026-01-12 04:00:00,120,4,116,3.33,UNDERUSED,0
F001,Smart Campus,B001,Building A,BLK-A1,Block A1,SP-002,Conference Room A,Meeting Room,2026-01-12 04:00:00,30,0,30,0.0,UNDERUSED,0
F001,Smart Campus,B001,Building A,BLK-A2,Block A2,SP-003,Training Hall A,Training Room,2026-01-12 04:00:00,80,0,80,0.0,UNDERUSED,0
F001,Smart Campus,B002,Building B,BLK-B1,Block B1,SP-004,Open Workspace B1,Workspace,2026-01-12 04:00:00,150,13,137,8.67,UNDERUSED,0
F001,Smart Campus,B002,Building B,BLK-B1,Block B1,SP-005,Meeting Room B,Meeting Room,2026-01-12 04:00:00,25,1,24,4.0,UNDERUSED,0
F001,Smart Campus,B002,Building B,BLK-B2,Block B2,SP-006,Cafeteria B,Cafeteria,2026-01-12 04:00:00,180,16,164,8.89,UNDERUSED,0
F001,Smart Campus,B003,Building C,BLK-C1,Block C1,SP-007,Open Workspace C1,Workspace,2026-01-12 04:00:00,100,5,95,5.0,UNDERUSED,0
F001,Smart Campus,B003,Building C,BLK-C1,Block C1,SP-008,Server Operations Room,Restricted Area,2026-01-12 04:00:00,20,5,15,25.0,LOW,0
F001,Smart Campus,B001,Building A,BLK-A1,Block A1,SP-001,Open Workspace A1,Workspace,2026-01-12 05:00:00,120,8,112,6.67,UNDERUSED,0
F001,Smart Campus,B001,Building A,BLK-A1,Block A1,SP-002,Conference Room A,Meeting Room,2026-01-12 05:00:00,30,2,28,6.67,UNDERUSED,0
F001,Smart Campus,B001,Building A,BLK-A2,Block A2,SP-003,Training Hall A,Training Room,2026-01-12 05:00:00,80,3,77,3.75,UNDERUSED,0
F001,Smart Campus,B002,Building B,BLK-B1,Block B1,SP-004,Open Workspace B1,Workspace,2026-01-12 05:00:00,150,6,144,4.0,UNDERUSED,0
F001,Smart Campus,B002,Building B,BLK-B1,Block B1,SP-005,Meeting Room B,Meeting Room,2026-01-12 05:00:00,25,1,24,4.0,UNDERUSED,0
F001,Smart Campus,B002,Building B,BLK-B2,Block B2,SP-006,Cafeteria B,Cafeteria,2026-01-12 05:00:00,180,14,166,7.78,UNDERUSED,0
F001,Smart Campus,B003,Building C,BLK-C1,Block C1,SP-007,Open Workspace C1,Workspace,2026-01-12 05:00:00,100,3,97,3.0,UNDERUSED,0
F001,Smart Campus,B003,Building C,BLK-C1,Block C1,SP-008,Server Operations Room,Restricted Area,2026-01-12 05:00:00,20,1,19,5.0,UNDERUSED,0
F001,Smart Campus,B001,Building A,BLK-A1,Block A1,SP-001,Open Workspace A1,Workspace,2026-01-12 06:00:00,120,10,110,8.33,UNDERUSED,0
F001,Smart Campus,B001,Building A,BLK-A1,Block A1,SP-002,Conference Room A,Meeting Room,2026-01-12 06:00:00,30,35,0,116.67,OVERCROWDED,1
F001,Smart Campus,B001,Building A,BLK-A2,Block A2,SP-003,Training Hall A,Training Room,2026-01-12 06:00:00,80,6,74,7.5,UNDERUSED,0
F001,Smart Campus,B002,Building B,BLK-B1,Block B1,SP-004,Open Workspace B1,Workspace,2026-01-12 06:00:00,150,2,148,1.33,UNDERUSED,0
F001,Smart Campus,B002,Building B,BLK-B1,Block B1,SP-005,Meeting Room B,Meeting Room,2026-01-12 06:00:00,25,1,24,4.0,UNDERUSED,0
F001,Smart Campus,B002,Building B,BLK-B2,Block B2,SP-006,Cafeteria B,Cafeteria,2026-01-12 06:00:00,180,4,176,2.22,UNDERUSED,0
F001,Smart Campus,B003,Building C,BLK-C1,Block C1,SP-007,Open Workspace C1,Workspace,2026-01-12 06:00:00,100,5,95,5.0,UNDERUSED,0
F001,Smart Campus,B003,Building C,BLK-C1,Block C1,SP-008,Server Operations Room,Restricted Area,2026-01-12 06:00:00,20,3,17,15.0,LOW,0
F001,Smart Campus,B001,Building A,BLK-A1,Block A1,SP-001,Open Workspace A1,Workspace,2026-01-12 07:00:00,120,9,111,7.5,UNDERUSED,0
F001,Smart Campus,B001,Building A,BLK-A1,Block A1,SP-002,Conference Room A,Meeting Room,2026-01-12 07:00:00,30,1,29,3.33,UNDERUSED,0
F001,Smart Campus,B001,Building A,BLK-A2,Block A2,SP-003,Training Hall A,Training Room,2026-01-12 07:00:00,80,3,77,3.75,UNDERUSED,0
F001,Smart Campus,B002,Building B,BLK-B1,Block B1,SP-004,Open Workspace B1,Workspace,2026-01-12 07:00:00,150,12,138,8.0,UNDERUSED,0
F001,Smart Campus,B002,Building B,BLK-B1,Block B1,SP-005,Meeting Room B,Meeting Room,2026-01-12 07:00:00,25,2,23,8.0,UNDERUSED,0
F001,Smart Campus,B002,Building B,BLK-B2,Block B2,SP-006,Cafeteria B,Cafeteria,2026-01-12 07:00:00,180,10,170,5.56,UNDERUSED,0
F001,Smart Campus,B003,Building C,BLK-C1,Block C1,SP-007,Open Workspace C1,Workspace,2026-01-12 07:00:00,100,8,92,8.0,UNDERUSED,0
F001,Smart Campus,B003,Building C,BLK-C1,Block C1,SP-008,Server Operations Room,Restricted Area,2026-01-12 07:00:00,20,6,14,30.0,LOW,0
F001,Smart Campus,B001,Building A,BLK-A1,Block A1,SP-001,Open Workspace A1,Workspace,2026-01-12 08:00:00,120,4,116,3.33,UNDERUSED,0
F001,Smart Campus,B001,Building A,BLK-A1,Block A1,SP-002,Conference Room A,Meeting Room,2026-01-12 08:00:00,30,2,28,6.67,UNDERUSED,0
F001,Smart Campus,B001,Building A,BLK-A2,Block A2,SP-003,Training Hall A,Training Room,2026-01-12 08:00:00,80,4,76,5.0,UNDERUSED,0
F001,Smart Campus,B002,Building B,BLK-B1,Block B1,SP-004,Open Workspace B1,Workspace,2026-01-12 08:00:00,150,2,148,1.33,UNDERUSED,0
F001,Smart Campus,B002,Building B,BLK-B1,Block B1,SP-005,Meeting Room B,Meeting Room,2026-01-12 08:00:00,25,1,24,4.0,UNDERUSED,0
F001,Smart Campus,B002,Building B,BLK-B2,Block B2,SP-006,Cafeteria B,Cafeteria,2026-01-12 08:00:00,180,50,130,27.78,LOW,0
F001,Smart Campus,B003,Building C,BLK-C1,Block C1,SP-007,Open Workspace C1,Workspace,2026-01-12 08:00:00,100,7,93,7.0,UNDERUSED,0
F001,Smart Campus,B003,Building C,BLK-C1,Block C1,SP-008,Server Operations Room,Restricted Area,2026-01-12 08:00:00,20,2,18,10.0,UNDERUSED,0
F001,Smart Campus,B001,Building A,BLK-A1,Block A1,SP-001,Open Workspace A1,Workspace,2026-01-12 09:00:00,120,93,27,77.5,HIGH,0
F001,Smart Campus,B001,Building A,BLK-A1,Block A1,SP-002,Conference Room A,Meeting Room,2026-01-12 09:00:00,30,12,18,40.0,OPTIMAL,0
F001,Smart Campus,B001,Building A,BLK-A2,Block A2,SP-003,Training Hall A,Training Room,2026-01-12 09:00:00,80,64,16,80.0,HIGH,0
F001,Smart Campus,B002,Building B,BLK-B1,Block B1,SP-004,Open Workspace B1,Workspace,2026-01-12 09:00:00,150,127,23,84.67,HIGH,0
F001,Smart Campus,B002,Building B,BLK-B1,Block B1,SP-005,Meeting Room B,Meeting Room,2026-01-12 09:00:00,25,19,6,76.0,HIGH,0
F001,Smart Campus,B002,Building B,BLK-B2,Block B2,SP-006,Cafeteria B,Cafeteria,2026-01-12 09:00:00,180,48,132,26.67,LOW,0
F001,Smart Campus,B003,Building C,BLK-C1,Block C1,SP-007,Open Workspace C1,Workspace,2026-01-12 09:00:00,100,67,33,67.0,OPTIMAL,0
F001,Smart Campus,B003,Building C,BLK-C1,Block C1,SP-008,Server Operations Room,Restricted Area,2026-01-12 09:00:00,20,2,18,10.0,UNDERUSED,0
F001,Smart Campus,B001,Building A,BLK-A1,Block A1,SP-001,Open Workspace A1,Workspace,2026-01-12 10:00:00,120,103,17,85.83,HIGH,0
F001,Smart Campus,B001,Building A,BLK-A1,Block A1,SP-002,Conference Room A,Meeting Room,2026-01-12 10:00:00,30,8,22,26.67,LOW,0
F001,Smart Campus,B001,Building A,BLK-A2,Block A2,SP-003,Training Hall A,Training Room,2026-01-12 10:00:00,80,28,52,35.0,LOW,0
F001,Smart Campus,B002,Building B,BLK-B1,Block B1,SP-004,Open Workspace B1,Workspace,2026-01-12 10:00:00,150,114,36,76.0,HIGH,0
F001,Smart Campus,B002,Building B,BLK-B1,Block B1,SP-005,Meeting Room B,Meeting Room,2026-01-12 10:00:00,25,6,19,24.0,LOW,0
F001,Smart Campus,B002,Building B,BLK-B2,Block B2,SP-006,Cafeteria B,Cafeteria,2026-01-12 10:00:00,180,22,158,12.22,UNDERUSED,0
F001,Smart Campus,B003,Building C,BLK-C1,Block C1,SP-007,Open Workspace C1,Workspace,2026-01-12 10:00:00,100,90,10,90.0,HIGH,0
F001,Smart Campus,B003,Building C,BLK-C1,Block C1,SP-008,Server Operations Room,Restricted Area,2026-01-12 10:00:00,20,5,15,25.0,LOW,0
F001,Smart Campus,B001,Building A,BLK-A1,Block A1,SP-001,Open Workspace A1,Workspace,2026-01-12 11:00:00,120,88,32,73.33,OPTIMAL,0
F001,Smart Campus,B001,Building A,BLK-A1,Block A1,SP-002,Conference Room A,Meeting Room,2026-01-12 11:00:00,30,7,23,23.33,LOW,0
F001,Smart Campus,B001,Building A,BLK-A2,Block A2,SP-003,Training Hall A,Training Room,2026-01-12 11:00:00,80,41,39,51.25,OPTIMAL,0
F001,Smart Campus,B002,Building B,BLK-B1,Block B1,SP-004,Open Workspace B1,Workspace,2026-01-12 11:00:00,150,121,29,80.67,HIGH,0
F001,Smart Campus,B002,Building B,BLK-B1,Block B1,SP-005,Meeting Room B,Meeting Room,2026-01-12 11:00:00,25,19,6,76.0,HIGH,0
F001,Smart Campus,B002,Building B,BLK-B2,Block B2,SP-006,Cafeteria B,Cafeteria,2026-01-12 11:00:00,180,9,171,5.0,UNDERUSED,0
F001,Smart Campus,B003,Building C,BLK-C1,Block C1,SP-007,Open Workspace C1,Workspace,2026-01-12 11:00:00,100,81,19,81.0,HIGH,0
F001,Smart Campus,B003,Building C,BLK-C1,Block C1,SP-008,Server Operations Room,Restricted Area,2026-01-12 11:00:00,20,2,18,10.0,UNDERUSED,0
F001,Smart Campus,B001,Building A,BLK-A1,Block A1,SP-001,Open Workspace A1,Workspace,2026-01-12 12:00:00,120,46,74,38.33,LOW,0
F001,Smart Campus,B001,Building A,BLK-A1,Block A1,SP-002,Conference Room A,Meeting Room,2026-01-12 12:00:00,30,6,24,20.0,LOW,0
F001,Smart Campus,B001,Building A,BLK-A2,Block A2,SP-003,Training Hall A,Training Room,2026-01-12 12:00:00,80,54,26,67.5,OPTIMAL,0
F001,Smart Campus,B002,Building B,BLK-B1,Block B1,SP-004,Open Workspace B1,Workspace,2026-01-12 12:00:00,150,75,75,50.0,OPTIMAL,0
F001,Smart Campus,B002,Building B,BLK-B1,Block B1,SP-005,Meeting Room B,Meeting Room,2026-01-12 12:00:00,25,6,19,24.0,LOW,0
F001,Smart Campus,B002,Building B,BLK-B2,Block B2,SP-006,Cafeteria B,Cafeteria,2026-01-12 12:00:00,180,130,50,72.22,OPTIMAL,0
F001,Smart Campus,B003,Building C,BLK-C1,Block C1,SP-007,Open Workspace C1,Workspace,2026-01-12 12:00:00,100,58,42,58.0,OPTIMAL,0
F001,Smart Campus,B003,Building C,BLK-C1,Block C1,SP-008,Server Operations Room,Restricted Area,2026-01-12 12:00:00,20,5,15,25.0,LOW,0
F001,Smart Campus,B001,Building A,BLK-A1,Block A1,SP-001,Open Workspace A1,Workspace,2026-01-12 13:00:00,120,61,59,50.83,OPTIMAL,0
F001,Smart Campus,B001,Building A,BLK-A1,Block A1,SP-002,Conference Room A,Meeting Room,2026-01-12 13:00:00,30,21,9,70.0,OPTIMAL,0
F001,Smart Campus,B001,Building A,BLK-A2,Block A2,SP-003,Training Hall A,Training Room,2026-01-12 13:00:00,80,27,53,33.75,LOW,0
F001,Smart Campus,B002,Building B,BLK-B1,Block B1,SP-004,Open Workspace B1,Workspace,2026-01-12 13:00:00,150,82,68,54.67,OPTIMAL,0
F001,Smart Campus,B002,Building B,BLK-B1,Block B1,SP-005,Meeting Room B,Meeting Room,2026-01-12 13:00:00,25,18,7,72.0,OPTIMAL,0
F001,Smart Campus,B002,Building B,BLK-B2,Block B2,SP-006,Cafeteria B,Cafeteria,2026-01-12 13:00:00,180,135,45,75.0,HIGH,0
F001,Smart Campus,B003,Building C,BLK-C1,Block C1,SP-007,Open Workspace C1,Workspace,2026-01-12 13:00:00,100,44,56,44.0,OPTIMAL,0
F001,Smart Campus,B003,Building C,BLK-C1,Block C1,SP-008,Server Operations Room,Restricted Area,2026-01-12 13:00:00,20,6,14,30.0,LOW,0
F001,Smart Campus,B001,Building A,BLK-A1,Block A1,SP-001,Open Workspace A1,Workspace,2026-01-12 14:00:00,120,87,33,72.5,OPTIMAL,0
F001,Smart Campus,B001,Building A,BLK-A1,Block A1,SP-002,Conference Room A,Meeting Room,2026-01-12 14:00:00,30,20,10,66.67,OPTIMAL,0
F001,Smart Campus,B001,Building A,BLK-A2,Block A2,SP-003,Training Hall A,Training Room,2026-01-12 14:00:00,80,25,55,31.25,LOW,0
F001,Smart Campus,B002,Building B,BLK-B1,Block B1,SP-004,Open Workspace B1,Workspace,2026-01-12 14:00:00,150,121,29,80.67,HIGH,0
F001,Smart Campus,B002,Building B,BLK-B1,Block B1,SP-005,Meeting Room B,Meeting Room,2026-01-12 14:00:00,25,19,6,76.0,HIGH,0
F001,Smart Campus,B002,Building B,BLK-B2,Block B2,SP-006,Cafeteria B,Cafeteria,2026-01-12 14:00:00,180,151,29,83.89,HIGH,0
F001,Smart Campus,B003,Building C,BLK-C1,Block C1,SP-007,Open Workspace C1,Workspace,2026-01-12 14:00:00,100,64,36,64.0,OPTIMAL,0
F001,Smart Campus,B003,Building C,BLK-C1,Block C1,SP-008,Server Operations Room,Restricted Area,2026-01-12 14:00:00,20,3,17,15.0,LOW,0
F001,Smart Campus,B001,Building A,BLK-A1,Block A1,SP-001,Open Workspace A1,Workspace,2026-01-12 15:00:00,120,72,48,60.0,OPTIMAL,0
F001,Smart Campus,B001,Building A,BLK-A1,Block A1,SP-002,Conference Room A,Meeting Room,2026-01-12 15:00:00,30,13,17,43.33,OPTIMAL,0
F001,Smart Campus,B001,Building A,BLK-A2,Block A2,SP-003,Training Hall A,Training Room,2026-01-12 15:00:00,80,17,63,21.25,LOW,0
F001,Smart Campus,B002,Building B,BLK-B1,Block B1,SP-004,Open Workspace B1,Workspace,2026-01-12 15:00:00,150,123,27,82.0,HIGH,0
F001,Smart Campus,B002,Building B,BLK-B1,Block B1,SP-005,Meeting Room B,Meeting Room,2026-01-12 15:00:00,25,17,8,68.0,OPTIMAL,0
F001,Smart Campus,B002,Building B,BLK-B2,Block B2,SP-006,Cafeteria B,Cafeteria,2026-01-12 15:00:00,180,16,164,8.89,UNDERUSED,0
F001,Smart Campus,B003,Building C,BLK-C1,Block C1,SP-007,Open Workspace C1,Workspace,2026-01-12 15:00:00,100,75,25,75.0,HIGH,0
F001,Smart Campus,B003,Building C,BLK-C1,Block C1,SP-008,Server Operations Room,Restricted Area,2026-01-12 15:00:00,20,4,16,20.0,LOW,0
F001,Smart Campus,B001,Building A,BLK-A1,Block A1,SP-001,Open Workspace A1,Workspace,2026-01-12 16:00:00,120,83,37,69.17,OPTIMAL,0
F001,Smart Campus,B001,Building A,BLK-A1,Block A1,SP-002,Conference Room A,Meeting Room,2026-01-12 16:00:00,30,8,22,26.67,LOW,0
F001,Smart Campus,B001,Building A,BLK-A2,Block A2,SP-003,Training Hall A,Training Room,2026-01-12 16:00:00,80,19,61,23.75,LOW,0
F001,Smart Campus,B002,Building B,BLK-B1,Block B1,SP-004,Open Workspace B1,Workspace,2026-01-12 16:00:00,150,95,55,63.33,OPTIMAL,0
F001,Smart Campus,B002,Building B,BLK-B1,Block B1,SP-005,Meeting Room B,Meeting Room,2026-01-12 16:00:00,25,8,17,32.0,LOW,0
F001,Smart Campus,B002,Building B,BLK-B2,Block B2,SP-006,Cafeteria B,Cafeteria,2026-01-12 16:00:00,180,49,131,27.22,LOW,0
F001,Smart Campus,B003,Building C,BLK-C1,Block C1,SP-007,Open Workspace C1,Workspace,2026-01-12 16:00:00,100,83,17,83.0,HIGH,0
F001,Smart Campus,B003,Building C,BLK-C1,Block C1,SP-008,Server Operations Room,Restricted Area,2026-01-12 16:00:00,20,4,16,20.0,LOW,0
F001,Smart Campus,B001,Building A,BLK-A1,Block A1,SP-001,Open Workspace A1,Workspace,2026-01-12 17:00:00,120,81,39,67.5,OPTIMAL,0
F001,Smart Campus,B001,Building A,BLK-A1,Block A1,SP-002,Conference Room A,Meeting Room,2026-01-12 17:00:00,30,18,12,60.0,OPTIMAL,0
F001,Smart Campus,B001,Building A,BLK-A2,Block A2,SP-003,Training Hall A,Training Room,2026-01-12 17:00:00,80,6,74,7.5,UNDERUSED,0
F001,Smart Campus,B002,Building B,BLK-B1,Block B1,SP-004,Open Workspace B1,Workspace,2026-01-12 17:00:00,150,111,39,74.0,OPTIMAL,0
F001,Smart Campus,B002,Building B,BLK-B1,Block B1,SP-005,Meeting Room B,Meeting Room,2026-01-12 17:00:00,25,6,19,24.0,LOW,0
F001,Smart Campus,B002,Building B,BLK-B2,Block B2,SP-006,Cafeteria B,Cafeteria,2026-01-12 17:00:00,180,48,132,26.67,LOW,0
F001,Smart Campus,B003,Building C,BLK-C1,Block C1,SP-007,Open Workspace C1,Workspace,2026-01-12 17:00:00,100,86,14,86.0,HIGH,0
F001,Smart Campus,B003,Building C,BLK-C1,Block C1,SP-008,Server Operations Room,Restricted Area,2026-01-12 17:00:00,20,3,17,15.0,LOW,0
F001,Smart Campus,B001,Building A,BLK-A1,Block A1,SP-001,Open Workspace A1,Workspace,2026-01-12 18:00:00,120,43,77,35.83,LOW,0
F001,Smart Campus,B001,Building A,BLK-A1,Block A1,SP-002,Conference Room A,Meeting Room,2026-01-12 18:00:00,30,0,30,0.0,UNDERUSED,0
F001,Smart Campus,B001,Building A,BLK-A2,Block A2,SP-003,Training Hall A,Training Room,2026-01-12 18:00:00,80,2,78,2.5,UNDERUSED,0
F001,Smart Campus,B002,Building B,BLK-B1,Block B1,SP-004,Open Workspace B1,Workspace,2026-01-12 18:00:00,150,59,91,39.33,LOW,0
F001,Smart Campus,B002,Building B,BLK-B1,Block B1,SP-005,Meeting Room B,Meeting Room,2026-01-12 18:00:00,25,2,23,8.0,UNDERUSED,0
F001,Smart Campus,B002,Building B,BLK-B2,Block B2,SP-006,Cafeteria B,Cafeteria,2026-01-12 18:00:00,180,8,172,4.44,UNDERUSED,0
F001,Smart Campus,B003,Building C,BLK-C1,Block C1,SP-007,Open Workspace C1,Workspace,2026-01-12 18:00:00,100,21,79,21.0,LOW,0
F001,Smart Campus,B003,Building C,BLK-C1,Block C1,SP-008,Server Operations Room,Restricted Area,2026-01-12 18:00:00,20,2,18,10.0,UNDERUSED,0
F001,Smart Campus,B001,Building A,BLK-A1,Block A1,SP-001,Open Workspace A1,Workspace,2026-01-12 19:00:00,120,30,90,25.0,LOW,0
F001,Smart Campus,B001,Building A,BLK-A1,Block A1,SP-002,Conference Room A,Meeting Room,2026-01-12 19:00:00,30,2,28,6.67,UNDERUSED,0
F001,Smart Campus,B001,Building A,BLK-A2,Block A2,SP-003,Training Hall A,Training Room,2026-01-12 19:00:00,80,3,77,3.75,UNDERUSED,0
F001,Smart Campus,B002,Building B,BLK-B1,Block B1,SP-004,Open Workspace B1,Workspace,2026-01-12 19:00:00,150,56,94,37.33,LOW,0
F001,Smart Campus,B002,Building B,BLK-B1,Block B1,SP-005,Meeting Room B,Meeting Room,2026-01-12 19:00:00,25,0,25,0.0,UNDERUSED,0
F001,Smart Campus,B002,Building B,BLK-B2,Block B2,SP-006,Cafeteria B,Cafeteria,2026-01-12 19:00:00,180,11,169,6.11,UNDERUSED,0
F001,Smart Campus,B003,Building C,BLK-C1,Block C1,SP-007,Open Workspace C1,Workspace,2026-01-12 19:00:00,100,40,60,40.0,OPTIMAL,0
F001,Smart Campus,B003,Building C,BLK-C1,Block C1,SP-008,Server Operations Room,Restricted Area,2026-01-12 19:00:00,20,3,17,15.0,LOW,0
F001,Smart Campus,B001,Building A,BLK-A1,Block A1,SP-001,Open Workspace A1,Workspace,2026-01-12 20:00:00,120,48,72,40.0,OPTIMAL,0
F001,Smart Campus,B001,Building A,BLK-A1,Block A1,SP-002,Conference Room A,Meeting Room,2026-01-12 20:00:00,30,1,29,3.33,UNDERUSED,0
F001,Smart Campus,B001,Building A,BLK-A2,Block A2,SP-003,Training Hall A,Training Room,2026-01-12 20:00:00,80,3,77,3.75,UNDERUSED,0
F001,Smart Campus,B002,Building B,BLK-B1,Block B1,SP-004,Open Workspace B1,Workspace,2026-01-12 20:00:00,150,45,105,30.0,LOW,0
F001,Smart Campus,B002,Building B,BLK-B1,Block B1,SP-005,Meeting Room B,Meeting Room,2026-01-12 20:00:00,25,1,24,4.0,UNDERUSED,0
F001,Smart Campus,B002,Building B,BLK-B2,Block B2,SP-006,Cafeteria B,Cafeteria,2026-01-12 20:00:00,180,25,155,13.89,UNDERUSED,0
F001,Smart Campus,B003,Building C,BLK-C1,Block C1,SP-007,Open Workspace C1,Workspace,2026-01-12 20:00:00,100,39,61,39.0,LOW,0
F001,Smart Campus,B003,Building C,BLK-C1,Block C1,SP-008,Server Operations Room,Restricted Area,2026-01-12 20:00:00,20,3,17,15.0,LOW,0
F001,Smart Campus,B001,Building A,BLK-A1,Block A1,SP-001,Open Workspace A1,Workspace,2026-01-12 21:00:00,120,12,108,10.0,UNDERUSED,0
F001,Smart Campus,B001,Building A,BLK-A1,Block A1,SP-002,Conference Room A,Meeting Room,2026-01-12 21:00:00,30,2,28,6.67,UNDERUSED,0
F001,Smart Campus,B001,Building A,BLK-A2,Block A2,SP-003,Training Hall A,Training Room,2026-01-12 21:00:00,80,2,78,2.5,UNDERUSED,0
F001,Smart Campus,B002,Building B,BLK-B1,Block B1,SP-004,Open Workspace B1,Workspace,2026-01-12 21:00:00,150,4,146,2.67,UNDERUSED,0
F001,Smart Campus,B002,Building B,BLK-B1,Block B1,SP-005,Meeting Room B,Meeting Room,2026-01-12 21:00:00,25,0,25,0.0,UNDERUSED,0
F001,Smart Campus,B002,Building B,BLK-B2,Block B2,SP-006,Cafeteria B,Cafeteria,2026-01-12 21:00:00,180,20,160,11.11,UNDERUSED,0
F001,Smart Campus,B003,Building C,BLK-C1,Block C1,SP-007,Open Workspace C1,Workspace,2026-01-12 21:00:00,100,6,94,6.0,UNDERUSED,0
F001,Smart Campus,B003,Building C,BLK-C1,Block C1,SP-008,Server Operations Room,Restricted Area,2026-01-12 21:00:00,20,7,13,35.0,LOW,0
F001,Smart Campus,B001,Building A,BLK-A1,Block A1,SP-001,Open Workspace A1,Workspace,2026-01-12 22:00:00,120,2,118,1.67,UNDERUSED,0
F001,Smart Campus,B001,Building A,BLK-A1,Block A1,SP-002,Conference Room A,Meeting Room,2026-01-12 22:00:00,30,0,30,0.0,UNDERUSED,0
F001,Smart Campus,B001,Building A,BLK-A2,Block A2,SP-003,Training Hall A,Training Room,2026-01-12 22:00:00,80,4,76,5.0,UNDERUSED,0
F001,Smart Campus,B002,Building B,BLK-B1,Block B1,SP-004,Open Workspace B1,Workspace,2026-01-12 22:00:00,150,12,138,8.0,UNDERUSED,0
F001,Smart Campus,B002,Building B,BLK-B1,Block B1,SP-005,Meeting Room B,Meeting Room,2026-01-12 22:00:00,25,1,24,4.0,UNDERUSED,0
F001,Smart Campus,B002,Building B,BLK-B2,Block B2,SP-006,Cafeteria B,Cafeteria,2026-01-12 22:00:00,180,21,159,11.67,UNDERUSED,0
F001,Smart Campus,B003,Building C,BLK-C1,Block C1,SP-007,Open Workspace C1,Workspace,2026-01-12 22:00:00,100,8,92,8.0,UNDERUSED,0
F001,Smart Campus,B003,Building C,BLK-C1,Block C1,SP-008,Server Operations Room,Restricted Area,2026-01-12 22:00:00,20,6,14,30.0,LOW,0
F001,Smart Campus,B001,Building A,BLK-A1,Block A1,SP-001,Open Workspace A1,Workspace,2026-01-12 23:00:00,120,7,113,5.83,UNDERUSED,0
F001,Smart Campus,B001,Building A,BLK-A1,Block A1,SP-002,Conference Room A,Meeting Room,2026-01-12 23:00:00,30,2,28,6.67,UNDERUSED,0
F001,Smart Campus,B001,Building A,BLK-A2,Block A2,SP-003,Training Hall A,Training Room,2026-01-12 23:00:00,80,5,75,6.25,UNDERUSED,0
F001,Smart Campus,B002,Building B,BLK-B1,Block B1,SP-004,Open Workspace B1,Workspace,2026-01-12 23:00:00,150,3,147,2.0,UNDERUSED,0
F001,Smart Campus,B002,Building B,BLK-B1,Block B1,SP-005,Meeting Room B,Meeting Room,2026-01-12 23:00:00,25,2,23,8.0,UNDERUSED,0
F001,Smart Campus,B002,Building B,BLK-B2,Block B2,SP-006,Cafeteria B,Cafeteria,2026-01-12 23:00:00,180,23,157,12.78,UNDERUSED,0
F001,Smart Campus,B003,Building C,BLK-C1,Block C1,SP-007,Open Workspace C1,Workspace,2026-01-12 23:00:00,100,9,91,9.0,UNDERUSED,0
F001,Smart Campus,B003,Building C,BLK-C1,Block C1,SP-008,Server Operations Room,Restricted Area,2026-01-12 23:00:00,20,2,18,10.0,UNDERUSED,0
F001,Smart Campus,B001,Building A,BLK-A1,Block A1,SP-001,Open Workspace A1,Workspace,2026-01-13 00:00:00,120,139,0,115.83,OVERCROWDED,1
F001,Smart Campus,B001,Building A,BLK-A1,Block A1,SP-002,Conference Room A,Meeting Room,2026-01-13 00:00:00,30,1,29,3.33,UNDERUSED,0
F001,Smart Campus,B001,Building A,BLK-A2,Block A2,SP-003,Training Hall A,Training Room,2026-01-13 00:00:00,80,0,80,0.0,UNDERUSED,0
F001,Smart Campus,B002,Building B,BLK-B1,Block B1,SP-004,Open Workspace B1,Workspace,2026-01-13 00:00:00,150,4,146,2.67,UNDERUSED,0
F001,Smart Campus,B002,Building B,BLK-B1,Block B1,SP-005,Meeting Room B,Meeting Room,2026-01-13 00:00:00,25,1,24,4.0,UNDERUSED,0
F001,Smart Campus,B002,Building B,BLK-B2,Block B2,SP-006,Cafeteria B,Cafeteria,2026-01-13 00:00:00,180,21,159,11.67,UNDERUSED,0
F001,Smart Campus,B003,Building C,BLK-C1,Block C1,SP-007,Open Workspace C1,Workspace,2026-01-13 00:00:00,100,5,95,5.0,UNDERUSED,0
F001,Smart Campus,B003,Building C,BLK-C1,Block C1,SP-008,Server Operations Room,Restricted Area,2026-01-13 00:00:00,20,4,16,20.0,LOW,0
F001,Smart Campus,B001,Building A,BLK-A1,Block A1,SP-001,Open Workspace A1,Workspace,2026-01-13 01:00:00,120,4,116,3.33,UNDERUSED,0
F001,Smart Campus,B001,Building A,BLK-A1,Block A1,SP-002,Conference Room A,Meeting Room,2026-01-13 01:00:00,30,0,30,0.0,UNDERUSED,0
F001,Smart Campus,B001,Building A,BLK-A2,Block A2,SP-003,Training Hall A,Training Room,2026-01-13 01:00:00,80,4,76,5.0,UNDERUSED,0
F001,Smart Campus,B002,Building B,BLK-B1,Block B1,SP-004,Open Workspace B1,Workspace,2026-01-13 01:00:00,150,7,143,4.67,UNDERUSED,0
F001,Smart Campus,B002,Building B,BLK-B1,Block B1,SP-005,Meeting Room B,Meeting Room,2026-01-13 01:00:00,25,1,24,4.0,UNDERUSED,0
F001,Smart Campus,B002,Building B,BLK-B2,Block B2,SP-006,Cafeteria B,Cafeteria,2026-01-13 01:00:00,180,7,173,3.89,UNDERUSED,0
F001,Smart Campus,B003,Building C,BLK-C1,Block C1,SP-007,Open Workspace C1,Workspace,2026-01-13 01:00:00,100,6,94,6.0,UNDERUSED,0
F001,Smart Campus,B003,Building C,BLK-C1,Block C1,SP-008,Server Operations Room,Restricted Area,2026-01-13 01:00:00,20,5,15,25.0,LOW,0
F001,Smart Campus,B001,Building A,BLK-A1,Block A1,SP-001,Open Workspace A1,Workspace,2026-01-13 02:00:00,120,8,112,6.67,UNDERUSED,0
F001,Smart Campus,B001,Building A,BLK-A1,Block A1,SP-002,Conference Room A,Meeting Room,2026-01-13 02:00:00,30,1,29,3.33,UNDERUSED,0
F001,Smart Campus,B001,Building A,BLK-A2,Block A2,SP-003,Training Hall A,Training Room,2026-01-13 02:00:00,80,5,75,6.25,UNDERUSED,0
F001,Smart Campus,B002,Building B,BLK-B1,Block B1,SP-004,Open Workspace B1,Workspace,2026-01-13 02:00:00,150,14,136,9.33,UNDERUSED,0
F001,Smart Campus,B002,Building B,BLK-B1,Block B1,SP-005,Meeting Room B,Meeting Room,2026-01-13 02:00:00,25,2,23,8.0,UNDERUSED,0
F001,Smart Campus,B002,Building B,BLK-B2,Block B2,SP-006,Cafeteria B,Cafeteria,2026-01-13 02:00:00,180,12,168,6.67,UNDERUSED,0
F001,Smart Campus,B003,Building C,BLK-C1,Block C1,SP-007,Open Workspace C1,Workspace,2026-01-13 02:00:00,100,6,94,6.0,UNDERUSED,0
F001,Smart Campus,B003,Building C,BLK-C1,Block C1,SP-008,Server Operations Room,Restricted Area,2026-01-13 02:00:00,20,3,17,15.0,LOW,0
F001,Smart Campus,B001,Building A,BLK-A1,Block A1,SP-001,Open Workspace A1,Workspace,2026-01-13 03:00:00,120,8,112,6.67,UNDERUSED,0
F001,Smart Campus,B001,Building A,BLK-A1,Block A1,SP-002,Conference Room A,Meeting Room,2026-01-13 03:00:00,30,1,29,3.33,UNDERUSED,0
F001,Smart Campus,B001,Building A,BLK-A2,Block A2,SP-003,Training Hall A,Training Room,2026-01-13 03:00:00,80,0,80,0.0,UNDERUSED,0
F001,Smart Campus,B002,Building B,BLK-B1,Block B1,SP-004,Open Workspace B1,Workspace,2026-01-13 03:00:00,150,4,146,2.67,UNDERUSED,0
F001,Smart Campus,B002,Building B,BLK-B1,Block B1,SP-005,Meeting Room B,Meeting Room,2026-01-13 03:00:00,25,2,23,8.0,UNDERUSED,0
F001,Smart Campus,B002,Building B,BLK-B2,Block B2,SP-006,Cafeteria B,Cafeteria,2026-01-13 03:00:00,180,6,174,3.33,UNDERUSED,0
F001,Smart Campus,B003,Building C,BLK-C1,Block C1,SP-007,Open Workspace C1,Workspace,2026-01-13 03:00:00,100,10,90,10.0,UNDERUSED,0
F001,Smart Campus,B003,Building C,BLK-C1,Block C1,SP-008,Server Operations Room,Restricted Area,2026-01-13 03:00:00,20,6,14,30.0,LOW,0
F001,Smart Campus,B001,Building A,BLK-A1,Block A1,SP-001,Open Workspace A1,Workspace,2026-01-13 04:00:00,120,1,119,0.83,UNDERUSED,0
F001,Smart Campus,B001,Building A,BLK-A1,Block A1,SP-002,Conference Room A,Meeting Room,2026-01-13 04:00:00,30,0,30,0.0,UNDERUSED,0
F001,Smart Campus,B001,Building A,BLK-A2,Block A2,SP-003,Training Hall A,Training Room,2026-01-13 04:00:00,80,0,80,0.0,UNDERUSED,0
F001,Smart Campus,B002,Building B,BLK-B1,Block B1,SP-004,Open Workspace B1,Workspace,2026-01-13 04:00:00,150,9,141,6.0,UNDERUSED,0
F001,Smart Campus,B002,Building B,BLK-B1,Block B1,SP-005,Meeting Room B,Meeting Room,2026-01-13 04:00:00,25,1,24,4.0,UNDERUSED,0
F001,Smart Campus,B002,Building B,BLK-B2,Block B2,SP-006,Cafeteria B,Cafeteria,2026-01-13 04:00:00,180,15,165,8.33,UNDERUSED,0
F001,Smart Campus,B003,Building C,BLK-C1,Block C1,SP-007,Open Workspace C1,Workspace,2026-01-13 04:00:00,100,2,98,2.0,UNDERUSED,0
F001,Smart Campus,B003,Building C,BLK-C1,Block C1,SP-008,Server Operations Room,Restricted Area,2026-01-13 04:00:00,20,1,19,5.0,UNDERUSED,0
F001,Smart Campus,B001,Building A,BLK-A1,Block A1,SP-001,Open Workspace A1,Workspace,2026-01-13 05:00:00,120,8,112,6.67,UNDERUSED,0
F001,Smart Campus,B001,Building A,BLK-A1,Block A1,SP-002,Conference Room A,Meeting Room,2026-01-13 05:00:00,30,1,29,3.33,UNDERUSED,0
F001,Smart Campus,B001,Building A,BLK-A2,Block A2,SP-003,Training Hall A,Training Room,2026-01-13 05:00:00,80,5,75,6.25,UNDERUSED,0
F001,Smart Campus,B002,Building B,BLK-B1,Block B1,SP-004,Open Workspace B1,Workspace,2026-01-13 05:00:00,150,2,148,1.33,UNDERUSED,0
F001,Smart Campus,B002,Building B,BLK-B1,Block B1,SP-005,Meeting Room B,Meeting Room,2026-01-13 05:00:00,25,0,25,0.0,UNDERUSED,0
F001,Smart Campus,B002,Building B,BLK-B2,Block B2,SP-006,Cafeteria B,Cafeteria,2026-01-13 05:00:00,180,10,170,5.56,UNDERUSED,0
F001,Smart Campus,B003,Building C,BLK-C1,Block C1,SP-007,Open Workspace C1,Workspace,2026-01-13 05:00:00,100,7,93,7.0,UNDERUSED,0
F001,Smart Campus,B003,Building C,BLK-C1,Block C1,SP-008,Server Operations Room,Restricted Area,2026-01-13 05:00:00,20,1,19,5.0,UNDERUSED,0
F001,Smart Campus,B001,Building A,BLK-A1,Block A1,SP-001,Open Workspace A1,Workspace,2026-01-13 06:00:00,120,8,112,6.67,UNDERUSED,0
F001,Smart Campus,B001,Building A,BLK-A1,Block A1,SP-002,Conference Room A,Meeting Room,2026-01-13 06:00:00,30,1,29,3.33,UNDERUSED,0
F001,Smart Campus,B001,Building A,BLK-A2,Block A2,SP-003,Training Hall A,Training Room,2026-01-13 06:00:00,80,1,79,1.25,UNDERUSED,0
F001,Smart Campus,B002,Building B,BLK-B1,Block B1,SP-004,Open Workspace B1,Workspace,2026-01-13 06:00:00,150,13,137,8.67,UNDERUSED,0
F001,Smart Campus,B002,Building B,BLK-B1,Block B1,SP-005,Meeting Room B,Meeting Room,2026-01-13 06:00:00,25,0,25,0.0,UNDERUSED,0
F001,Smart Campus,B002,Building B,BLK-B2,Block B2,SP-006,Cafeteria B,Cafeteria,2026-01-13 06:00:00,180,14,166,7.78,UNDERUSED,0
F001,Smart Campus,B003,Building C,BLK-C1,Block C1,SP-007,Open Workspace C1,Workspace,2026-01-13 06:00:00,100,1,99,1.0,UNDERUSED,0
F001,Smart Campus,B003,Building C,BLK-C1,Block C1,SP-008,Server Operations Room,Restricted Area,2026-01-13 06:00:00,20,4,16,20.0,LOW,0
F001,Smart Campus,B001,Building A,BLK-A1,Block A1,SP-001,Open Workspace A1,Workspace,2026-01-13 07:00:00,120,5,115,4.17,UNDERUSED,0
F001,Smart Campus,B001,Building A,BLK-A1,Block A1,SP-002,Conference Room A,Meeting Room,2026-01-13 07:00:00,30,1,29,3.33,UNDERUSED,0
F001,Smart Campus,B001,Building A,BLK-A2,Block A2,SP-003,Training Hall A,Training Room,2026-01-13 07:00:00,80,4,76,5.0,UNDERUSED,0
F001,Smart Campus,B002,Building B,BLK-B1,Block B1,SP-004,Open Workspace B1,Workspace,2026-01-13 07:00:00,150,15,135,10.0,UNDERUSED,0
F001,Smart Campus,B002,Building B,BLK-B1,Block B1,SP-005,Meeting Room B,Meeting Room,2026-01-13 07:00:00,25,2,23,8.0,UNDERUSED,0
F001,Smart Campus,B002,Building B,BLK-B2,Block B2,SP-006,Cafeteria B,Cafeteria,2026-01-13 07:00:00,180,24,156,13.33,UNDERUSED,0
F001,Smart Campus,B003,Building C,BLK-C1,Block C1,SP-007,Open Workspace C1,Workspace,2026-01-13 07:00:00,100,8,92,8.0,UNDERUSED,0
F001,Smart Campus,B003,Building C,BLK-C1,Block C1,SP-008,Server Operations Room,Restricted Area,2026-01-13 07:00:00,20,4,16,20.0,LOW,0
F001,Smart Campus,B001,Building A,BLK-A1,Block A1,SP-001,Open Workspace A1,Workspace,2026-01-13 08:00:00,120,3,117,2.5,UNDERUSED,0
F001,Smart Campus,B001,Building A,BLK-A1,Block A1,SP-002,Conference Room A,Meeting Room,2026-01-13 08:00:00,30,2,28,6.67,UNDERUSED,0
F001,Smart Campus,B001,Building A,BLK-A2,Block A2,SP-003,Training Hall A,Training Room,2026-01-13 08:00:00,80,2,78,2.5,UNDERUSED,0
F001,Smart Campus,B002,Building B,BLK-B1,Block B1,SP-004,Open Workspace B1,Workspace,2026-01-13 08:00:00,150,10,140,6.67,UNDERUSED,0
F001,Smart Campus,B002,Building B,BLK-B1,Block B1,SP-005,Meeting Room B,Meeting Room,2026-01-13 08:00:00,25,1,24,4.0,UNDERUSED,0
F001,Smart Campus,B002,Building B,BLK-B2,Block B2,SP-006,Cafeteria B,Cafeteria,2026-01-13 08:00:00,180,52,128,28.89,LOW,0
F001,Smart Campus,B003,Building C,BLK-C1,Block C1,SP-007,Open Workspace C1,Workspace,2026-01-13 08:00:00,100,9,91,9.0,UNDERUSED,0
F001,Smart Campus,B003,Building C,BLK-C1,Block C1,SP-008,Server Operations Room,Restricted Area,2026-01-13 08:00:00,20,4,16,20.0,LOW,0
F001,Smart Campus,B001,Building A,BLK-A1,Block A1,SP-001,Open Workspace A1,Workspace,2026-01-13 09:00:00,120,82,38,68.33,OPTIMAL,0
F001,Smart Campus,B001,Building A,BLK-A1,Block A1,SP-002,Conference Room A,Meeting Room,2026-01-13 09:00:00,30,22,8,73.33,OPTIMAL,0
F001,Smart Campus,B001,Building A,BLK-A2,Block A2,SP-003,Training Hall A,Training Room,2026-01-13 09:00:00,80,31,49,38.75,LOW,0
F001,Smart Campus,B002,Building B,BLK-B1,Block B1,SP-004,Open Workspace B1,Workspace,2026-01-13 09:00:00,150,117,33,78.0,HIGH,0
F001,Smart Campus,B002,Building B,BLK-B1,Block B1,SP-005,Meeting Room B,Meeting Room,2026-01-13 09:00:00,25,21,4,84.0,HIGH,0
F001,Smart Campus,B002,Building B,BLK-B2,Block B2,SP-006,Cafeteria B,Cafeteria,2026-01-13 09:00:00,180,52,128,28.89,LOW,0
F001,Smart Campus,B003,Building C,BLK-C1,Block C1,SP-007,Open Workspace C1,Workspace,2026-01-13 09:00:00,100,88,12,88.0,HIGH,0
F001,Smart Campus,B003,Building C,BLK-C1,Block C1,SP-008,Server Operations Room,Restricted Area,2026-01-13 09:00:00,20,4,16,20.0,LOW,0
F001,Smart Campus,B001,Building A,BLK-A1,Block A1,SP-001,Open Workspace A1,Workspace,2026-01-13 10:00:00,120,82,38,68.33,OPTIMAL,0
F001,Smart Campus,B001,Building A,BLK-A1,Block A1,SP-002,Conference Room A,Meeting Room,2026-01-13 10:00:00,30,23,7,76.67,HIGH,0
F001,Smart Campus,B001,Building A,BLK-A2,Block A2,SP-003,Training Hall A,Training Room,2026-01-13 10:00:00,80,53,27,66.25,OPTIMAL,0
F001,Smart Campus,B002,Building B,BLK-B1,Block B1,SP-004,Open Workspace B1,Workspace,2026-01-13 10:00:00,150,113,37,75.33,HIGH,0
F001,Smart Campus,B002,Building B,BLK-B1,Block B1,SP-005,Meeting Room B,Meeting Room,2026-01-13 10:00:00,25,12,13,48.0,OPTIMAL,0
F001,Smart Campus,B002,Building B,BLK-B2,Block B2,SP-006,Cafeteria B,Cafeteria,2026-01-13 10:00:00,180,25,155,13.89,UNDERUSED,0
F001,Smart Campus,B003,Building C,BLK-C1,Block C1,SP-007,Open Workspace C1,Workspace,2026-01-13 10:00:00,100,72,28,72.0,OPTIMAL,0
F001,Smart Campus,B003,Building C,BLK-C1,Block C1,SP-008,Server Operations Room,Restricted Area,2026-01-13 10:00:00,20,2,18,10.0,UNDERUSED,0
F001,Smart Campus,B001,Building A,BLK-A1,Block A1,SP-001,Open Workspace A1,Workspace,2026-01-13 11:00:00,120,101,19,84.17,HIGH,0
F001,Smart Campus,B001,Building A,BLK-A1,Block A1,SP-002,Conference Room A,Meeting Room,2026-01-13 11:00:00,30,11,19,36.67,LOW,0
F001,Smart Campus,B001,Building A,BLK-A2,Block A2,SP-003,Training Hall A,Training Room,2026-01-13 11:00:00,80,27,53,33.75,LOW,0
F001,Smart Campus,B002,Building B,BLK-B1,Block B1,SP-004,Open Workspace B1,Workspace,2026-01-13 11:00:00,150,123,27,82.0,HIGH,0
F001,Smart Campus,B002,Building B,BLK-B1,Block B1,SP-005,Meeting Room B,Meeting Room,2026-01-13 11:00:00,25,16,9,64.0,OPTIMAL,0
F001,Smart Campus,B002,Building B,BLK-B2,Block B2,SP-006,Cafeteria B,Cafeteria,2026-01-13 11:00:00,180,15,165,8.33,UNDERUSED,0
F001,Smart Campus,B003,Building C,BLK-C1,Block C1,SP-007,Open Workspace C1,Workspace,2026-01-13 11:00:00,100,83,17,83.0,HIGH,0
F001,Smart Campus,B003,Building C,BLK-C1,Block C1,SP-008,Server Operations Room,Restricted Area,2026-01-13 11:00:00,20,6,14,30.0,LOW,0
F001,Smart Campus,B001,Building A,BLK-A1,Block A1,SP-001,Open Workspace A1,Workspace,2026-01-13 12:00:00,120,46,74,38.33,LOW,0
F001,Smart Campus,B001,Building A,BLK-A1,Block A1,SP-002,Conference Room A,Meeting Room,2026-01-13 12:00:00,30,7,23,23.33,LOW,0
F001,Smart Campus,B001,Building A,BLK-A2,Block A2,SP-003,Training Hall A,Training Room,2026-01-13 12:00:00,80,17,63,21.25,LOW,0
F001,Smart Campus,B002,Building B,BLK-B1,Block B1,SP-004,Open Workspace B1,Workspace,2026-01-13 12:00:00,150,68,82,45.33,OPTIMAL,0
F001,Smart Campus,B002,Building B,BLK-B1,Block B1,SP-005,Meeting Room B,Meeting Room,2026-01-13 12:00:00,25,21,4,84.0,HIGH,0
F001,Smart Campus,B002,Building B,BLK-B2,Block B2,SP-006,Cafeteria B,Cafeteria,2026-01-13 12:00:00,180,129,51,71.67,OPTIMAL,0
F001,Smart Campus,B003,Building C,BLK-C1,Block C1,SP-007,Open Workspace C1,Workspace,2026-01-13 12:00:00,100,60,40,60.0,OPTIMAL,0
F001,Smart Campus,B003,Building C,BLK-C1,Block C1,SP-008,Server Operations Room,Restricted Area,2026-01-13 12:00:00,20,4,16,20.0,LOW,0
F001,Smart Campus,B001,Building A,BLK-A1,Block A1,SP-001,Open Workspace A1,Workspace,2026-01-13 13:00:00,120,56,64,46.67,OPTIMAL,0
F001,Smart Campus,B001,Building A,BLK-A1,Block A1,SP-002,Conference Room A,Meeting Room,2026-01-13 13:00:00,30,14,16,46.67,OPTIMAL,0
F001,Smart Campus,B001,Building A,BLK-A2,Block A2,SP-003,Training Hall A,Training Room,2026-01-13 13:00:00,80,51,29,63.75,OPTIMAL,0
F001,Smart Campus,B002,Building B,BLK-B1,Block B1,SP-004,Open Workspace B1,Workspace,2026-01-13 13:00:00,150,64,86,42.67,OPTIMAL,0
F001,Smart Campus,B002,Building B,BLK-B1,Block B1,SP-005,Meeting Room B,Meeting Room,2026-01-13 13:00:00,25,17,8,68.0,OPTIMAL,0
F001,Smart Campus,B002,Building B,BLK-B2,Block B2,SP-006,Cafeteria B,Cafeteria,2026-01-13 13:00:00,180,150,30,83.33,HIGH,0
F001,Smart Campus,B003,Building C,BLK-C1,Block C1,SP-007,Open Workspace C1,Workspace,2026-01-13 13:00:00,100,55,45,55.0,OPTIMAL,0
F001,Smart Campus,B003,Building C,BLK-C1,Block C1,SP-008,Server Operations Room,Restricted Area,2026-01-13 13:00:00,20,4,16,20.0,LOW,0
F001,Smart Campus,B001,Building A,BLK-A1,Block A1,SP-001,Open Workspace A1,Workspace,2026-01-13 14:00:00,120,73,47,60.83,OPTIMAL,0
F001,Smart Campus,B001,Building A,BLK-A1,Block A1,SP-002,Conference Room A,Meeting Room,2026-01-13 14:00:00,30,16,14,53.33,OPTIMAL,0
F001,Smart Campus,B001,Building A,BLK-A2,Block A2,SP-003,Training Hall A,Training Room,2026-01-13 14:00:00,80,51,29,63.75,OPTIMAL,0
F001,Smart Campus,B002,Building B,BLK-B1,Block B1,SP-004,Open Workspace B1,Workspace,2026-01-13 14:00:00,150,112,38,74.67,OPTIMAL,0
F001,Smart Campus,B002,Building B,BLK-B1,Block B1,SP-005,Meeting Room B,Meeting Room,2026-01-13 14:00:00,25,6,19,24.0,LOW,0
F001,Smart Campus,B002,Building B,BLK-B2,Block B2,SP-006,Cafeteria B,Cafeteria,2026-01-13 14:00:00,180,144,36,80.0,HIGH,0
F001,Smart Campus,B003,Building C,BLK-C1,Block C1,SP-007,Open Workspace C1,Workspace,2026-01-13 14:00:00,100,83,17,83.0,HIGH,0
F001,Smart Campus,B003,Building C,BLK-C1,Block C1,SP-008,Server Operations Room,Restricted Area,2026-01-13 14:00:00,20,4,16,20.0,LOW,0
F001,Smart Campus,B001,Building A,BLK-A1,Block A1,SP-001,Open Workspace A1,Workspace,2026-01-13 15:00:00,120,74,46,61.67,OPTIMAL,0
F001,Smart Campus,B001,Building A,BLK-A1,Block A1,SP-002,Conference Room A,Meeting Room,2026-01-13 15:00:00,30,9,21,30.0,LOW,0
F001,Smart Campus,B001,Building A,BLK-A2,Block A2,SP-003,Training Hall A,Training Room,2026-01-13 15:00:00,80,38,42,47.5,OPTIMAL,0
F001,Smart Campus,B002,Building B,BLK-B1,Block B1,SP-004,Open Workspace B1,Workspace,2026-01-13 15:00:00,150,95,55,63.33,OPTIMAL,0
F001,Smart Campus,B002,Building B,BLK-B1,Block B1,SP-005,Meeting Room B,Meeting Room,2026-01-13 15:00:00,25,20,5,80.0,HIGH,0
F001,Smart Campus,B002,Building B,BLK-B2,Block B2,SP-006,Cafeteria B,Cafeteria,2026-01-13 15:00:00,180,7,173,3.89,UNDERUSED,0
F001,Smart Campus,B003,Building C,BLK-C1,Block C1,SP-007,Open Workspace C1,Workspace,2026-01-13 15:00:00,100,73,27,73.0,OPTIMAL,0
F001,Smart Campus,B003,Building C,BLK-C1,Block C1,SP-008,Server Operations Room,Restricted Area,2026-01-13 15:00:00,20,5,15,25.0,LOW,0
F001,Smart Campus,B001,Building A,BLK-A1,Block A1,SP-001,Open Workspace A1,Workspace,2026-01-13 16:00:00,120,79,41,65.83,OPTIMAL,0
F001,Smart Campus,B001,Building A,BLK-A1,Block A1,SP-002,Conference Room A,Meeting Room,2026-01-13 16:00:00,30,11,19,36.67,LOW,0
F001,Smart Campus,B001,Building A,BLK-A2,Block A2,SP-003,Training Hall A,Training Room,2026-01-13 16:00:00,80,60,20,75.0,HIGH,0
F001,Smart Campus,B002,Building B,BLK-B1,Block B1,SP-004,Open Workspace B1,Workspace,2026-01-13 16:00:00,150,120,30,80.0,HIGH,0
F001,Smart Campus,B002,Building B,BLK-B1,Block B1,SP-005,Meeting Room B,Meeting Room,2026-01-13 16:00:00,25,7,18,28.0,LOW,0
F001,Smart Campus,B002,Building B,BLK-B2,Block B2,SP-006,Cafeteria B,Cafeteria,2026-01-13 16:00:00,180,61,119,33.89,LOW,0
F001,Smart Campus,B003,Building C,BLK-C1,Block C1,SP-007,Open Workspace C1,Workspace,2026-01-13 16:00:00,100,71,29,71.0,OPTIMAL,0
F001,Smart Campus,B003,Building C,BLK-C1,Block C1,SP-008,Server Operations Room,Restricted Area,2026-01-13 16:00:00,20,4,16,20.0,LOW,0
F001,Smart Campus,B001,Building A,BLK-A1,Block A1,SP-001,Open Workspace A1,Workspace,2026-01-13 17:00:00,120,85,35,70.83,OPTIMAL,0
F001,Smart Campus,B001,Building A,BLK-A1,Block A1,SP-002,Conference Room A,Meeting Room,2026-01-13 17:00:00,30,21,9,70.0,OPTIMAL,0
F001,Smart Campus,B001,Building A,BLK-A2,Block A2,SP-003,Training Hall A,Training Room,2026-01-13 17:00:00,80,4,76,5.0,UNDERUSED,0
F001,Smart Campus,B002,Building B,BLK-B1,Block B1,SP-004,Open Workspace B1,Workspace,2026-01-13 17:00:00,150,96,54,64.0,OPTIMAL,0
F001,Smart Campus,B002,Building B,BLK-B1,Block B1,SP-005,Meeting Room B,Meeting Room,2026-01-13 17:00:00,25,8,17,32.0,LOW,0
F001,Smart Campus,B002,Building B,BLK-B2,Block B2,SP-006,Cafeteria B,Cafeteria,2026-01-13 17:00:00,180,64,116,35.56,LOW,0
F001,Smart Campus,B003,Building C,BLK-C1,Block C1,SP-007,Open Workspace C1,Workspace,2026-01-13 17:00:00,100,82,18,82.0,HIGH,0
F001,Smart Campus,B003,Building C,BLK-C1,Block C1,SP-008,Server Operations Room,Restricted Area,2026-01-13 17:00:00,20,5,15,25.0,LOW,0
F001,Smart Campus,B001,Building A,BLK-A1,Block A1,SP-001,Open Workspace A1,Workspace,2026-01-13 18:00:00,120,22,98,18.33,LOW,0
F001,Smart Campus,B001,Building A,BLK-A1,Block A1,SP-002,Conference Room A,Meeting Room,2026-01-13 18:00:00,30,2,28,6.67,UNDERUSED,0
F001,Smart Campus,B001,Building A,BLK-A2,Block A2,SP-003,Training Hall A,Training Room,2026-01-13 18:00:00,80,3,77,3.75,UNDERUSED,0
F001,Smart Campus,B002,Building B,BLK-B1,Block B1,SP-004,Open Workspace B1,Workspace,2026-01-13 18:00:00,150,176,0,117.33,OVERCROWDED,1
F001,Smart Campus,B002,Building B,BLK-B1,Block B1,SP-005,Meeting Room B,Meeting Room,2026-01-13 18:00:00,25,1,24,4.0,UNDERUSED,0
F001,Smart Campus,B002,Building B,BLK-B2,Block B2,SP-006,Cafeteria B,Cafeteria,2026-01-13 18:00:00,180,15,165,8.33,UNDERUSED,0
F001,Smart Campus,B003,Building C,BLK-C1,Block C1,SP-007,Open Workspace C1,Workspace,2026-01-13 18:00:00,100,17,83,17.0,LOW,0
F001,Smart Campus,B003,Building C,BLK-C1,Block C1,SP-008,Server Operations Room,Restricted Area,2026-01-13 18:00:00,20,2,18,10.0,UNDERUSED,0
F001,Smart Campus,B001,Building A,BLK-A1,Block A1,SP-001,Open Workspace A1,Workspace,2026-01-13 19:00:00,120,37,83,30.83,LOW,0
F001,Smart Campus,B001,Building A,BLK-A1,Block A1,SP-002,Conference Room A,Meeting Room,2026-01-13 19:00:00,30,2,28,6.67,UNDERUSED,0
F001,Smart Campus,B001,Building A,BLK-A2,Block A2,SP-003,Training Hall A,Training Room,2026-01-13 19:00:00,80,1,79,1.25,UNDERUSED,0
F001,Smart Campus,B002,Building B,BLK-B1,Block B1,SP-004,Open Workspace B1,Workspace,2026-01-13 19:00:00,150,24,126,16.0,LOW,0
F001,Smart Campus,B002,Building B,BLK-B1,Block B1,SP-005,Meeting Room B,Meeting Room,2026-01-13 19:00:00,25,2,23,8.0,UNDERUSED,0
F001,Smart Campus,B002,Building B,BLK-B2,Block B2,SP-006,Cafeteria B,Cafeteria,2026-01-13 19:00:00,180,11,169,6.11,UNDERUSED,0
F001,Smart Campus,B003,Building C,BLK-C1,Block C1,SP-007,Open Workspace C1,Workspace,2026-01-13 19:00:00,100,16,84,16.0,LOW,0
F001,Smart Campus,B003,Building C,BLK-C1,Block C1,SP-008,Server Operations Room,Restricted Area,2026-01-13 19:00:00,20,2,18,10.0,UNDERUSED,0
F001,Smart Campus,B001,Building A,BLK-A1,Block A1,SP-001,Open Workspace A1,Workspace,2026-01-13 20:00:00,120,36,84,30.0,LOW,0
F001,Smart Campus,B001,Building A,BLK-A1,Block A1,SP-002,Conference Room A,Meeting Room,2026-01-13 20:00:00,30,2,28,6.67,UNDERUSED,0
F001,Smart Campus,B001,Building A,BLK-A2,Block A2,SP-003,Training Hall A,Training Room,2026-01-13 20:00:00,80,1,79,1.25,UNDERUSED,0
F001,Smart Campus,B002,Building B,BLK-B1,Block B1,SP-004,Open Workspace B1,Workspace,2026-01-13 20:00:00,150,44,106,29.33,LOW,0
F001,Smart Campus,B002,Building B,BLK-B1,Block B1,SP-005,Meeting Room B,Meeting Room,2026-01-13 20:00:00,25,0,25,0.0,UNDERUSED,0
F001,Smart Campus,B002,Building B,BLK-B2,Block B2,SP-006,Cafeteria B,Cafeteria,2026-01-13 20:00:00,180,12,168,6.67,UNDERUSED,0
F001,Smart Campus,B003,Building C,BLK-C1,Block C1,SP-007,Open Workspace C1,Workspace,2026-01-13 20:00:00,100,17,83,17.0,LOW,0
F001,Smart Campus,B003,Building C,BLK-C1,Block C1,SP-008,Server Operations Room,Restricted Area,2026-01-13 20:00:00,20,4,16,20.0,LOW,0
F001,Smart Campus,B001,Building A,BLK-A1,Block A1,SP-001,Open Workspace A1,Workspace,2026-01-13 21:00:00,120,3,117,2.5,UNDERUSED,0
F001,Smart Campus,B001,Building A,BLK-A1,Block A1,SP-002,Conference Room A,Meeting Room,2026-01-13 21:00:00,30,1,29,3.33,UNDERUSED,0
F001,Smart Campus,B001,Building A,BLK-A2,Block A2,SP-003,Training Hall A,Training Room,2026-01-13 21:00:00,80,3,77,3.75,UNDERUSED,0
F001,Smart Campus,B002,Building B,BLK-B1,Block B1,SP-004,Open Workspace B1,Workspace,2026-01-13 21:00:00,150,10,140,6.67,UNDERUSED,0
F001,Smart Campus,B002,Building B,BLK-B1,Block B1,SP-005,Meeting Room B,Meeting Room,2026-01-13 21:00:00,25,2,23,8.0,UNDERUSED,0
F001,Smart Campus,B002,Building B,BLK-B2,Block B2,SP-006,Cafeteria B,Cafeteria,2026-01-13 21:00:00,180,27,153,15.0,LOW,0
F001,Smart Campus,B003,Building C,BLK-C1,Block C1,SP-007,Open Workspace C1,Workspace,2026-01-13 21:00:00,100,7,93,7.0,UNDERUSED,0
F001,Smart Campus,B003,Building C,BLK-C1,Block C1,SP-008,Server Operations Room,Restricted Area,2026-01-13 21:00:00,20,7,13,35.0,LOW,0
F001,Smart Campus,B001,Building A,BLK-A1,Block A1,SP-001,Open Workspace A1,Workspace,2026-01-13 22:00:00,120,8,112,6.67,UNDERUSED,0
F001,Smart Campus,B001,Building A,BLK-A1,Block A1,SP-002,Conference Room A,Meeting Room,2026-01-13 22:00:00,30,2,28,6.67,UNDERUSED,0
F001,Smart Campus,B001,Building A,BLK-A2,Block A2,SP-003,Training Hall A,Training Room,2026-01-13 22:00:00,80,2,78,2.5,UNDERUSED,0
F001,Smart Campus,B002,Building B,BLK-B1,Block B1,SP-004,Open Workspace B1,Workspace,2026-01-13 22:00:00,150,9,141,6.0,UNDERUSED,0
F001,Smart Campus,B002,Building B,BLK-B1,Block B1,SP-005,Meeting Room B,Meeting Room,2026-01-13 22:00:00,25,2,23,8.0,UNDERUSED,0
F001,Smart Campus,B002,Building B,BLK-B2,Block B2,SP-006,Cafeteria B,Cafeteria,2026-01-13 22:00:00,180,8,172,4.44,UNDERUSED,0
F001,Smart Campus,B003,Building C,BLK-C1,Block C1,SP-007,Open Workspace C1,Workspace,2026-01-13 22:00:00,100,7,93,7.0,UNDERUSED,0
F001,Smart Campus,B003,Building C,BLK-C1,Block C1,SP-008,Server Operations Room,Restricted Area,2026-01-13 22:00:00,20,1,19,5.0,UNDERUSED,0
F001,Smart Campus,B001,Building A,BLK-A1,Block A1,SP-001,Open Workspace A1,Workspace,2026-01-13 23:00:00,120,8,112,6.67,UNDERUSED,0
F001,Smart Campus,B001,Building A,BLK-A1,Block A1,SP-002,Conference Room A,Meeting Room,2026-01-13 23:00:00,30,3,27,10.0,UNDERUSED,0
F001,Smart Campus,B001,Building A,BLK-A2,Block A2,SP-003,Training Hall A,Training Room,2026-01-13 23:00:00,80,6,74,7.5,UNDERUSED,0
F001,Smart Campus,B002,Building B,BLK-B1,Block B1,SP-004,Open Workspace B1,Workspace,2026-01-13 23:00:00,150,6,144,4.0,UNDERUSED,0
F001,Smart Campus,B002,Building B,BLK-B1,Block B1,SP-005,Meeting Room B,Meeting Room,2026-01-13 23:00:00,25,26,0,104.0,OVERCROWDED,1
F001,Smart Campus,B002,Building B,BLK-B2,Block B2,SP-006,Cafeteria B,Cafeteria,2026-01-13 23:00:00,180,10,170,5.56,UNDERUSED,0
F001,Smart Campus,B003,Building C,BLK-C1,Block C1,SP-007,Open Workspace C1,Workspace,2026-01-13 23:00:00,100,4,96,4.0,UNDERUSED,0
F001,Smart Campus,B003,Building C,BLK-C1,Block C1,SP-008,Server Operations Room,Restricted Area,2026-01-13 23:00:00,20,22,0,110.0,OVERCROWDED,1
F001,Smart Campus,B001,Building A,BLK-A1,Block A1,SP-001,Open Workspace A1,Workspace,2026-01-14 00:00:00,120,5,115,4.17,UNDERUSED,0
F001,Smart Campus,B001,Building A,BLK-A1,Block A1,SP-002,Conference Room A,Meeting Room,2026-01-14 00:00:00,30,2,28,6.67,UNDERUSED,0
F001,Smart Campus,B001,Building A,BLK-A2,Block A2,SP-003,Training Hall A,Training Room,2026-01-14 00:00:00,80,1,79,1.25,UNDERUSED,0
F001,Smart Campus,B002,Building B,BLK-B1,Block B1,SP-004,Open Workspace B1,Workspace,2026-01-14 00:00:00,150,6,144,4.0,UNDERUSED,0
F001,Smart Campus,B002,Building B,BLK-B1,Block B1,SP-005,Meeting Room B,Meeting Room,2026-01-14 00:00:00,25,2,23,8.0,UNDERUSED,0
F001,Smart Campus,B002,Building B,BLK-B2,Block B2,SP-006,Cafeteria B,Cafeteria,2026-01-14 00:00:00,180,19,161,10.56,UNDERUSED,0
F001,Smart Campus,B003,Building C,BLK-C1,Block C1,SP-007,Open Workspace C1,Workspace,2026-01-14 00:00:00,100,7,93,7.0,UNDERUSED,0
F001,Smart Campus,B003,Building C,BLK-C1,Block C1,SP-008,Server Operations Room,Restricted Area,2026-01-14 00:00:00,20,4,16,20.0,LOW,0
F001,Smart Campus,B001,Building A,BLK-A1,Block A1,SP-001,Open Workspace A1,Workspace,2026-01-14 01:00:00,120,10,110,8.33,UNDERUSED,0
F001,Smart Campus,B001,Building A,BLK-A1,Block A1,SP-002,Conference Room A,Meeting Room,2026-01-14 01:00:00,30,2,28,6.67,UNDERUSED,0
F001,Smart Campus,B001,Building A,BLK-A2,Block A2,SP-003,Training Hall A,Training Room,2026-01-14 01:00:00,80,2,78,2.5,UNDERUSED,0
F001,Smart Campus,B002,Building B,BLK-B1,Block B1,SP-004,Open Workspace B1,Workspace,2026-01-14 01:00:00,150,6,144,4.0,UNDERUSED,0
F001,Smart Campus,B002,Building B,BLK-B1,Block B1,SP-005,Meeting Room B,Meeting Room,2026-01-14 01:00:00,25,1,24,4.0,UNDERUSED,0
F001,Smart Campus,B002,Building B,BLK-B2,Block B2,SP-006,Cafeteria B,Cafeteria,2026-01-14 01:00:00,180,22,158,12.22,UNDERUSED,0
F001,Smart Campus,B003,Building C,BLK-C1,Block C1,SP-007,Open Workspace C1,Workspace,2026-01-14 01:00:00,100,4,96,4.0,UNDERUSED,0
F001,Smart Campus,B003,Building C,BLK-C1,Block C1,SP-008,Server Operations Room,Restricted Area,2026-01-14 01:00:00,20,3,17,15.0,LOW,0
F001,Smart Campus,B001,Building A,BLK-A1,Block A1,SP-001,Open Workspace A1,Workspace,2026-01-14 02:00:00,120,12,108,10.0,UNDERUSED,0
F001,Smart Campus,B001,Building A,BLK-A1,Block A1,SP-002,Conference Room A,Meeting Room,2026-01-14 02:00:00,30,3,27,10.0,UNDERUSED,0
F001,Smart Campus,B001,Building A,BLK-A2,Block A2,SP-003,Training Hall A,Training Room,2026-01-14 02:00:00,80,2,78,2.5,UNDERUSED,0
F001,Smart Campus,B002,Building B,BLK-B1,Block B1,SP-004,Open Workspace B1,Workspace,2026-01-14 02:00:00,150,13,137,8.67,UNDERUSED,0
F001,Smart Campus,B002,Building B,BLK-B1,Block B1,SP-005,Meeting Room B,Meeting Room,2026-01-14 02:00:00,25,2,23,8.0,UNDERUSED,0
F001,Smart Campus,B002,Building B,BLK-B2,Block B2,SP-006,Cafeteria B,Cafeteria,2026-01-14 02:00:00,180,4,176,2.22,UNDERUSED,0
F001,Smart Campus,B003,Building C,BLK-C1,Block C1,SP-007,Open Workspace C1,Workspace,2026-01-14 02:00:00,100,5,95,5.0,UNDERUSED,0
F001,Smart Campus,B003,Building C,BLK-C1,Block C1,SP-008,Server Operations Room,Restricted Area,2026-01-14 02:00:00,20,4,16,20.0,LOW,0
F001,Smart Campus,B001,Building A,BLK-A1,Block A1,SP-001,Open Workspace A1,Workspace,2026-01-14 03:00:00,120,4,116,3.33,UNDERUSED,0
F001,Smart Campus,B001,Building A,BLK-A1,Block A1,SP-002,Conference Room A,Meeting Room,2026-01-14 03:00:00,30,0,30,0.0,UNDERUSED,0
F001,Smart Campus,B001,Building A,BLK-A2,Block A2,SP-003,Training Hall A,Training Room,2026-01-14 03:00:00,80,5,75,6.25,UNDERUSED,0
F001,Smart Campus,B002,Building B,BLK-B1,Block B1,SP-004,Open Workspace B1,Workspace,2026-01-14 03:00:00,150,7,143,4.67,UNDERUSED,0
F001,Smart Campus,B002,Building B,BLK-B1,Block B1,SP-005,Meeting Room B,Meeting Room,2026-01-14 03:00:00,25,1,24,4.0,UNDERUSED,0
F001,Smart Campus,B002,Building B,BLK-B2,Block B2,SP-006,Cafeteria B,Cafeteria,2026-01-14 03:00:00,180,8,172,4.44,UNDERUSED,0
F001,Smart Campus,B003,Building C,BLK-C1,Block C1,SP-007,Open Workspace C1,Workspace,2026-01-14 03:00:00,100,8,92,8.0,UNDERUSED,0
F001,Smart Campus,B003,Building C,BLK-C1,Block C1,SP-008,Server Operations Room,Restricted Area,2026-01-14 03:00:00,20,6,14,30.0,LOW,0
F001,Smart Campus,B001,Building A,BLK-A1,Block A1,SP-001,Open Workspace A1,Workspace,2026-01-14 04:00:00,120,11,109,9.17,UNDERUSED,0
F001,Smart Campus,B001,Building A,BLK-A1,Block A1,SP-002,Conference Room A,Meeting Room,2026-01-14 04:00:00,30,3,27,10.0,UNDERUSED,0
F001,Smart Campus,B001,Building A,BLK-A2,Block A2,SP-003,Training Hall A,Training Room,2026-01-14 04:00:00,80,1,79,1.25,UNDERUSED,0
F001,Smart Campus,B002,Building B,BLK-B1,Block B1,SP-004,Open Workspace B1,Workspace,2026-01-14 04:00:00,150,8,142,5.33,UNDERUSED,0
F001,Smart Campus,B002,Building B,BLK-B1,Block B1,SP-005,Meeting Room B,Meeting Room,2026-01-14 04:00:00,25,29,0,116.0,OVERCROWDED,1
F001,Smart Campus,B002,Building B,BLK-B2,Block B2,SP-006,Cafeteria B,Cafeteria,2026-01-14 04:00:00,180,20,160,11.11,UNDERUSED,0
F001,Smart Campus,B003,Building C,BLK-C1,Block C1,SP-007,Open Workspace C1,Workspace,2026-01-14 04:00:00,100,2,98,2.0,UNDERUSED,0
F001,Smart Campus,B003,Building C,BLK-C1,Block C1,SP-008,Server Operations Room,Restricted Area,2026-01-14 04:00:00,20,1,19,5.0,UNDERUSED,0
F001,Smart Campus,B001,Building A,BLK-A1,Block A1,SP-001,Open Workspace A1,Workspace,2026-01-14 05:00:00,120,8,112,6.67,UNDERUSED,0
F001,Smart Campus,B001,Building A,BLK-A1,Block A1,SP-002,Conference Room A,Meeting Room,2026-01-14 05:00:00,30,2,28,6.67,UNDERUSED,0
F001,Smart Campus,B001,Building A,BLK-A2,Block A2,SP-003,Training Hall A,Training Room,2026-01-14 05:00:00,80,6,74,7.5,UNDERUSED,0
F001,Smart Campus,B002,Building B,BLK-B1,Block B1,SP-004,Open Workspace B1,Workspace,2026-01-14 05:00:00,150,4,146,2.67,UNDERUSED,0
F001,Smart Campus,B002,Building B,BLK-B1,Block B1,SP-005,Meeting Room B,Meeting Room,2026-01-14 05:00:00,25,1,24,4.0,UNDERUSED,0
F001,Smart Campus,B002,Building B,BLK-B2,Block B2,SP-006,Cafeteria B,Cafeteria,2026-01-14 05:00:00,180,6,174,3.33,UNDERUSED,0
F001,Smart Campus,B003,Building C,BLK-C1,Block C1,SP-007,Open Workspace C1,Workspace,2026-01-14 05:00:00,100,3,97,3.0,UNDERUSED,0
F001,Smart Campus,B003,Building C,BLK-C1,Block C1,SP-008,Server Operations Room,Restricted Area,2026-01-14 05:00:00,20,5,15,25.0,LOW,0
F001,Smart Campus,B001,Building A,BLK-A1,Block A1,SP-001,Open Workspace A1,Workspace,2026-01-14 06:00:00,120,3,117,2.5,UNDERUSED,0
F001,Smart Campus,B001,Building A,BLK-A1,Block A1,SP-002,Conference Room A,Meeting Room,2026-01-14 06:00:00,30,1,29,3.33,UNDERUSED,0
F001,Smart Campus,B001,Building A,BLK-A2,Block A2,SP-003,Training Hall A,Training Room,2026-01-14 06:00:00,80,5,75,6.25,UNDERUSED,0
F001,Smart Campus,B002,Building B,BLK-B1,Block B1,SP-004,Open Workspace B1,Workspace,2026-01-14 06:00:00,150,5,145,3.33,UNDERUSED,0
F001,Smart Campus,B002,Building B,BLK-B1,Block B1,SP-005,Meeting Room B,Meeting Room,2026-01-14 06:00:00,25,2,23,8.0,UNDERUSED,0
F001,Smart Campus,B002,Building B,BLK-B2,Block B2,SP-006,Cafeteria B,Cafeteria,2026-01-14 06:00:00,180,14,166,7.78,UNDERUSED,0
F001,Smart Campus,B003,Building C,BLK-C1,Block C1,SP-007,Open Workspace C1,Workspace,2026-01-14 06:00:00,100,5,95,5.0,UNDERUSED,0
F001,Smart Campus,B003,Building C,BLK-C1,Block C1,SP-008,Server Operations Room,Restricted Area,2026-01-14 06:00:00,20,2,18,10.0,UNDERUSED,0
F001,Smart Campus,B001,Building A,BLK-A1,Block A1,SP-001,Open Workspace A1,Workspace,2026-01-14 07:00:00,120,6,114,5.0,UNDERUSED,0
F001,Smart Campus,B001,Building A,BLK-A1,Block A1,SP-002,Conference Room A,Meeting Room,2026-01-14 07:00:00,30,2,28,6.67,UNDERUSED,0
F001,Smart Campus,B001,Building A,BLK-A2,Block A2,SP-003,Training Hall A,Training Room,2026-01-14 07:00:00,80,5,75,6.25,UNDERUSED,0
F001,Smart Campus,B002,Building B,BLK-B1,Block B1,SP-004,Open Workspace B1,Workspace,2026-01-14 07:00:00,150,10,140,6.67,UNDERUSED,0
F001,Smart Campus,B002,Building B,BLK-B1,Block B1,SP-005,Meeting Room B,Meeting Room,2026-01-14 07:00:00,25,2,23,8.0,UNDERUSED,0
F001,Smart Campus,B002,Building B,BLK-B2,Block B2,SP-006,Cafeteria B,Cafeteria,2026-01-14 07:00:00,180,19,161,10.56,UNDERUSED,0
F001,Smart Campus,B003,Building C,BLK-C1,Block C1,SP-007,Open Workspace C1,Workspace,2026-01-14 07:00:00,100,10,90,10.0,UNDERUSED,0
F001,Smart Campus,B003,Building C,BLK-C1,Block C1,SP-008,Server Operations Room,Restricted Area,2026-01-14 07:00:00,20,4,16,20.0,LOW,0
F001,Smart Campus,B001,Building A,BLK-A1,Block A1,SP-001,Open Workspace A1,Workspace,2026-01-14 08:00:00,120,10,110,8.33,UNDERUSED,0
F001,Smart Campus,B001,Building A,BLK-A1,Block A1,SP-002,Conference Room A,Meeting Room,2026-01-14 08:00:00,30,1,29,3.33,UNDERUSED,0
F001,Smart Campus,B001,Building A,BLK-A2,Block A2,SP-003,Training Hall A,Training Room,2026-01-14 08:00:00,80,4,76,5.0,UNDERUSED,0
F001,Smart Campus,B002,Building B,BLK-B1,Block B1,SP-004,Open Workspace B1,Workspace,2026-01-14 08:00:00,150,8,142,5.33,UNDERUSED,0
F001,Smart Campus,B002,Building B,BLK-B1,Block B1,SP-005,Meeting Room B,Meeting Room,2026-01-14 08:00:00,25,1,24,4.0,UNDERUSED,0
F001,Smart Campus,B002,Building B,BLK-B2,Block B2,SP-006,Cafeteria B,Cafeteria,2026-01-14 08:00:00,180,73,107,40.56,OPTIMAL,0
F001,Smart Campus,B003,Building C,BLK-C1,Block C1,SP-007,Open Workspace C1,Workspace,2026-01-14 08:00:00,100,5,95,5.0,UNDERUSED,0
F001,Smart Campus,B003,Building C,BLK-C1,Block C1,SP-008,Server Operations Room,Restricted Area,2026-01-14 08:00:00,20,5,15,25.0,LOW,0
F001,Smart Campus,B001,Building A,BLK-A1,Block A1,SP-001,Open Workspace A1,Workspace,2026-01-14 09:00:00,120,104,16,86.67,HIGH,0
F001,Smart Campus,B001,Building A,BLK-A1,Block A1,SP-002,Conference Room A,Meeting Room,2026-01-14 09:00:00,30,7,23,23.33,LOW,0
F001,Smart Campus,B001,Building A,BLK-A2,Block A2,SP-003,Training Hall A,Training Room,2026-01-14 09:00:00,80,33,47,41.25,OPTIMAL,0
F001,Smart Campus,B002,Building B,BLK-B1,Block B1,SP-004,Open Workspace B1,Workspace,2026-01-14 09:00:00,150,104,46,69.33,OPTIMAL,0
F001,Smart Campus,B002,Building B,BLK-B1,Block B1,SP-005,Meeting Room B,Meeting Room,2026-01-14 09:00:00,25,15,10,60.0,OPTIMAL,0
F001,Smart Campus,B002,Building B,BLK-B2,Block B2,SP-006,Cafeteria B,Cafeteria,2026-01-14 09:00:00,180,50,130,27.78,LOW,0
F001,Smart Campus,B003,Building C,BLK-C1,Block C1,SP-007,Open Workspace C1,Workspace,2026-01-14 09:00:00,100,85,15,85.0,HIGH,0
F001,Smart Campus,B003,Building C,BLK-C1,Block C1,SP-008,Server Operations Room,Restricted Area,2026-01-14 09:00:00,20,5,15,25.0,LOW,0
F001,Smart Campus,B001,Building A,BLK-A1,Block A1,SP-001,Open Workspace A1,Workspace,2026-01-14 10:00:00,120,94,26,78.33,HIGH,0
F001,Smart Campus,B001,Building A,BLK-A1,Block A1,SP-002,Conference Room A,Meeting Room,2026-01-14 10:00:00,30,14,16,46.67,OPTIMAL,0
F001,Smart Campus,B001,Building A,BLK-A2,Block A2,SP-003,Training Hall A,Training Room,2026-01-14 10:00:00,80,42,38,52.5,OPTIMAL,0
F001,Smart Campus,B002,Building B,BLK-B1,Block B1,SP-004,Open Workspace B1,Workspace,2026-01-14 10:00:00,150,112,38,74.67,OPTIMAL,0
F001,Smart Campus,B002,Building B,BLK-B1,Block B1,SP-005,Meeting Room B,Meeting Room,2026-01-14 10:00:00,25,18,7,72.0,OPTIMAL,0
F001,Smart Campus,B002,Building B,BLK-B2,Block B2,SP-006,Cafeteria B,Cafeteria,2026-01-14 10:00:00,180,22,158,12.22,UNDERUSED,0
F001,Smart Campus,B003,Building C,BLK-C1,Block C1,SP-007,Open Workspace C1,Workspace,2026-01-14 10:00:00,100,85,15,85.0,HIGH,0
F001,Smart Campus,B003,Building C,BLK-C1,Block C1,SP-008,Server Operations Room,Restricted Area,2026-01-14 10:00:00,20,2,18,10.0,UNDERUSED,0
F001,Smart Campus,B001,Building A,BLK-A1,Block A1,SP-001,Open Workspace A1,Workspace,2026-01-14 11:00:00,120,80,40,66.67,OPTIMAL,0
F001,Smart Campus,B001,Building A,BLK-A1,Block A1,SP-002,Conference Room A,Meeting Room,2026-01-14 11:00:00,30,17,13,56.67,OPTIMAL,0
F001,Smart Campus,B001,Building A,BLK-A2,Block A2,SP-003,Training Hall A,Training Room,2026-01-14 11:00:00,80,44,36,55.0,OPTIMAL,0
F001,Smart Campus,B002,Building B,BLK-B1,Block B1,SP-004,Open Workspace B1,Workspace,2026-01-14 11:00:00,150,118,32,78.67,HIGH,0
F001,Smart Campus,B002,Building B,BLK-B1,Block B1,SP-005,Meeting Room B,Meeting Room,2026-01-14 11:00:00,25,8,17,32.0,LOW,0
F001,Smart Campus,B002,Building B,BLK-B2,Block B2,SP-006,Cafeteria B,Cafeteria,2026-01-14 11:00:00,180,5,175,2.78,UNDERUSED,0
F001,Smart Campus,B003,Building C,BLK-C1,Block C1,SP-007,Open Workspace C1,Workspace,2026-01-14 11:00:00,100,85,15,85.0,HIGH,0
F001,Smart Campus,B003,Building C,BLK-C1,Block C1,SP-008,Server Operations Room,Restricted Area,2026-01-14 11:00:00,20,3,17,15.0,LOW,0
F001,Smart Campus,B001,Building A,BLK-A1,Block A1,SP-001,Open Workspace A1,Workspace,2026-01-14 12:00:00,120,62,58,51.67,OPTIMAL,0
F001,Smart Campus,B001,Building A,BLK-A1,Block A1,SP-002,Conference Room A,Meeting Room,2026-01-14 12:00:00,30,22,8,73.33,OPTIMAL,0
F001,Smart Campus,B001,Building A,BLK-A2,Block A2,SP-003,Training Hall A,Training Room,2026-01-14 12:00:00,80,59,21,73.75,OPTIMAL,0
F001,Smart Campus,B002,Building B,BLK-B1,Block B1,SP-004,Open Workspace B1,Workspace,2026-01-14 12:00:00,150,53,97,35.33,LOW,0
F001,Smart Campus,B002,Building B,BLK-B1,Block B1,SP-005,Meeting Room B,Meeting Room,2026-01-14 12:00:00,25,7,18,28.0,LOW,0
F001,Smart Campus,B002,Building B,BLK-B2,Block B2,SP-006,Cafeteria B,Cafeteria,2026-01-14 12:00:00,180,144,36,80.0,HIGH,0
F001,Smart Campus,B003,Building C,BLK-C1,Block C1,SP-007,Open Workspace C1,Workspace,2026-01-14 12:00:00,100,40,60,40.0,OPTIMAL,0
F001,Smart Campus,B003,Building C,BLK-C1,Block C1,SP-008,Server Operations Room,Restricted Area,2026-01-14 12:00:00,20,3,17,15.0,LOW,0
F001,Smart Campus,B001,Building A,BLK-A1,Block A1,SP-001,Open Workspace A1,Workspace,2026-01-14 13:00:00,120,69,51,57.5,OPTIMAL,0
F001,Smart Campus,B001,Building A,BLK-A1,Block A1,SP-002,Conference Room A,Meeting Room,2026-01-14 13:00:00,30,24,6,80.0,HIGH,0
F001,Smart Campus,B001,Building A,BLK-A2,Block A2,SP-003,Training Hall A,Training Room,2026-01-14 13:00:00,80,63,17,78.75,HIGH,0
F001,Smart Campus,B002,Building B,BLK-B1,Block B1,SP-004,Open Workspace B1,Workspace,2026-01-14 13:00:00,150,179,0,119.33,OVERCROWDED,1
F001,Smart Campus,B002,Building B,BLK-B1,Block B1,SP-005,Meeting Room B,Meeting Room,2026-01-14 13:00:00,25,12,13,48.0,OPTIMAL,0
F001,Smart Campus,B002,Building B,BLK-B2,Block B2,SP-006,Cafeteria B,Cafeteria,2026-01-14 13:00:00,180,139,41,77.22,HIGH,0
F001,Smart Campus,B003,Building C,BLK-C1,Block C1,SP-007,Open Workspace C1,Workspace,2026-01-14 13:00:00,100,49,51,49.0,OPTIMAL,0
F001,Smart Campus,B003,Building C,BLK-C1,Block C1,SP-008,Server Operations Room,Restricted Area,2026-01-14 13:00:00,20,5,15,25.0,LOW,0
F001,Smart Campus,B001,Building A,BLK-A1,Block A1,SP-001,Open Workspace A1,Workspace,2026-01-14 14:00:00,120,84,36,70.0,OPTIMAL,0
F001,Smart Campus,B001,Building A,BLK-A1,Block A1,SP-002,Conference Room A,Meeting Room,2026-01-14 14:00:00,30,23,7,76.67,HIGH,0
F001,Smart Campus,B001,Building A,BLK-A2,Block A2,SP-003,Training Hall A,Training Room,2026-01-14 14:00:00,80,50,30,62.5,OPTIMAL,0
F001,Smart Campus,B002,Building B,BLK-B1,Block B1,SP-004,Open Workspace B1,Workspace,2026-01-14 14:00:00,150,103,47,68.67,OPTIMAL,0
F001,Smart Campus,B002,Building B,BLK-B1,Block B1,SP-005,Meeting Room B,Meeting Room,2026-01-14 14:00:00,25,11,14,44.0,OPTIMAL,0
F001,Smart Campus,B002,Building B,BLK-B2,Block B2,SP-006,Cafeteria B,Cafeteria,2026-01-14 14:00:00,180,156,24,86.67,HIGH,0
F001,Smart Campus,B003,Building C,BLK-C1,Block C1,SP-007,Open Workspace C1,Workspace,2026-01-14 14:00:00,100,65,35,65.0,OPTIMAL,0
F001,Smart Campus,B003,Building C,BLK-C1,Block C1,SP-008,Server Operations Room,Restricted Area,2026-01-14 14:00:00,20,7,13,35.0,LOW,0
F001,Smart Campus,B001,Building A,BLK-A1,Block A1,SP-001,Open Workspace A1,Workspace,2026-01-14 15:00:00,120,77,43,64.17,OPTIMAL,0
F001,Smart Campus,B001,Building A,BLK-A1,Block A1,SP-002,Conference Room A,Meeting Room,2026-01-14 15:00:00,30,19,11,63.33,OPTIMAL,0
F001,Smart Campus,B001,Building A,BLK-A2,Block A2,SP-003,Training Hall A,Training Room,2026-01-14 15:00:00,80,19,61,23.75,LOW,0
F001,Smart Campus,B002,Building B,BLK-B1,Block B1,SP-004,Open Workspace B1,Workspace,2026-01-14 15:00:00,150,120,30,80.0,HIGH,0
F001,Smart Campus,B002,Building B,BLK-B1,Block B1,SP-005,Meeting Room B,Meeting Room,2026-01-14 15:00:00,25,12,13,48.0,OPTIMAL,0
F001,Smart Campus,B002,Building B,BLK-B2,Block B2,SP-006,Cafeteria B,Cafeteria,2026-01-14 15:00:00,180,6,174,3.33,UNDERUSED,0
F001,Smart Campus,B003,Building C,BLK-C1,Block C1,SP-007,Open Workspace C1,Workspace,2026-01-14 15:00:00,100,72,28,72.0,OPTIMAL,0
F001,Smart Campus,B003,Building C,BLK-C1,Block C1,SP-008,Server Operations Room,Restricted Area,2026-01-14 15:00:00,20,6,14,30.0,LOW,0
F001,Smart Campus,B001,Building A,BLK-A1,Block A1,SP-001,Open Workspace A1,Workspace,2026-01-14 16:00:00,120,86,34,71.67,OPTIMAL,0
F001,Smart Campus,B001,Building A,BLK-A1,Block A1,SP-002,Conference Room A,Meeting Room,2026-01-14 16:00:00,30,16,14,53.33,OPTIMAL,0
F001,Smart Campus,B001,Building A,BLK-A2,Block A2,SP-003,Training Hall A,Training Room,2026-01-14 16:00:00,80,38,42,47.5,OPTIMAL,0
F001,Smart Campus,B002,Building B,BLK-B1,Block B1,SP-004,Open Workspace B1,Workspace,2026-01-14 16:00:00,150,98,52,65.33,OPTIMAL,0
F001,Smart Campus,B002,Building B,BLK-B1,Block B1,SP-005,Meeting Room B,Meeting Room,2026-01-14 16:00:00,25,14,11,56.0,OPTIMAL,0
F001,Smart Campus,B002,Building B,BLK-B2,Block B2,SP-006,Cafeteria B,Cafeteria,2026-01-14 16:00:00,180,56,124,31.11,LOW,0
F001,Smart Campus,B003,Building C,BLK-C1,Block C1,SP-007,Open Workspace C1,Workspace,2026-01-14 16:00:00,100,72,28,72.0,OPTIMAL,0
F001,Smart Campus,B003,Building C,BLK-C1,Block C1,SP-008,Server Operations Room,Restricted Area,2026-01-14 16:00:00,20,3,17,15.0,LOW,0
F001,Smart Campus,B001,Building A,BLK-A1,Block A1,SP-001,Open Workspace A1,Workspace,2026-01-14 17:00:00,120,91,29,75.83,HIGH,0
F001,Smart Campus,B001,Building A,BLK-A1,Block A1,SP-002,Conference Room A,Meeting Room,2026-01-14 17:00:00,30,8,22,26.67,LOW,0
F001,Smart Campus,B001,Building A,BLK-A2,Block A2,SP-003,Training Hall A,Training Room,2026-01-14 17:00:00,80,4,76,5.0,UNDERUSED,0
F001,Smart Campus,B002,Building B,BLK-B1,Block B1,SP-004,Open Workspace B1,Workspace,2026-01-14 17:00:00,150,121,29,80.67,HIGH,0
F001,Smart Campus,B002,Building B,BLK-B1,Block B1,SP-005,Meeting Room B,Meeting Room,2026-01-14 17:00:00,25,21,4,84.0,HIGH,0
F001,Smart Campus,B002,Building B,BLK-B2,Block B2,SP-006,Cafeteria B,Cafeteria,2026-01-14 17:00:00,180,66,114,36.67,LOW,0
F001,Smart Campus,B003,Building C,BLK-C1,Block C1,SP-007,Open Workspace C1,Workspace,2026-01-14 17:00:00,100,85,15,85.0,HIGH,0
F001,Smart Campus,B003,Building C,BLK-C1,Block C1,SP-008,Server Operations Room,Restricted Area,2026-01-14 17:00:00,20,4,16,20.0,LOW,0
F001,Smart Campus,B001,Building A,BLK-A1,Block A1,SP-001,Open Workspace A1,Workspace,2026-01-14 18:00:00,120,47,73,39.17,LOW,0
F001,Smart Campus,B001,Building A,BLK-A1,Block A1,SP-002,Conference Room A,Meeting Room,2026-01-14 18:00:00,30,2,28,6.67,UNDERUSED,0
F001,Smart Campus,B001,Building A,BLK-A2,Block A2,SP-003,Training Hall A,Training Room,2026-01-14 18:00:00,80,2,78,2.5,UNDERUSED,0
F001,Smart Campus,B002,Building B,BLK-B1,Block B1,SP-004,Open Workspace B1,Workspace,2026-01-14 18:00:00,150,35,115,23.33,LOW,0
F001,Smart Campus,B002,Building B,BLK-B1,Block B1,SP-005,Meeting Room B,Meeting Room,2026-01-14 18:00:00,25,1,24,4.0,UNDERUSED,0
F001,Smart Campus,B002,Building B,BLK-B2,Block B2,SP-006,Cafeteria B,Cafeteria,2026-01-14 18:00:00,180,15,165,8.33,UNDERUSED,0
F001,Smart Campus,B003,Building C,BLK-C1,Block C1,SP-007,Open Workspace C1,Workspace,2026-01-14 18:00:00,100,26,74,26.0,LOW,0
F001,Smart Campus,B003,Building C,BLK-C1,Block C1,SP-008,Server Operations Room,Restricted Area,2026-01-14 18:00:00,20,6,14,30.0,LOW,0
F001,Smart Campus,B001,Building A,BLK-A1,Block A1,SP-001,Open Workspace A1,Workspace,2026-01-14 19:00:00,120,19,101,15.83,LOW,0
F001,Smart Campus,B001,Building A,BLK-A1,Block A1,SP-002,Conference Room A,Meeting Room,2026-01-14 19:00:00,30,2,28,6.67,UNDERUSED,0
F001,Smart Campus,B001,Building A,BLK-A2,Block A2,SP-003,Training Hall A,Training Room,2026-01-14 19:00:00,80,4,76,5.0,UNDERUSED,0
F001,Smart Campus,B002,Building B,BLK-B1,Block B1,SP-004,Open Workspace B1,Workspace,2026-01-14 19:00:00,150,40,110,26.67,LOW,0
F001,Smart Campus,B002,Building B,BLK-B1,Block B1,SP-005,Meeting Room B,Meeting Room,2026-01-14 19:00:00,25,0,25,0.0,UNDERUSED,0
F001,Smart Campus,B002,Building B,BLK-B2,Block B2,SP-006,Cafeteria B,Cafeteria,2026-01-14 19:00:00,180,23,157,12.78,UNDERUSED,0
F001,Smart Campus,B003,Building C,BLK-C1,Block C1,SP-007,Open Workspace C1,Workspace,2026-01-14 19:00:00,100,22,78,22.0,LOW,0
F001,Smart Campus,B003,Building C,BLK-C1,Block C1,SP-008,Server Operations Room,Restricted Area,2026-01-14 19:00:00,20,4,16,20.0,LOW,0
F001,Smart Campus,B001,Building A,BLK-A1,Block A1,SP-001,Open Workspace A1,Workspace,2026-01-14 20:00:00,120,26,94,21.67,LOW,0
F001,Smart Campus,B001,Building A,BLK-A1,Block A1,SP-002,Conference Room A,Meeting Room,2026-01-14 20:00:00,30,1,29,3.33,UNDERUSED,0
F001,Smart Campus,B001,Building A,BLK-A2,Block A2,SP-003,Training Hall A,Training Room,2026-01-14 20:00:00,80,0,80,0.0,UNDERUSED,0
F001,Smart Campus,B002,Building B,BLK-B1,Block B1,SP-004,Open Workspace B1,Workspace,2026-01-14 20:00:00,150,29,121,19.33,LOW,0
F001,Smart Campus,B002,Building B,BLK-B1,Block B1,SP-005,Meeting Room B,Meeting Room,2026-01-14 20:00:00,25,0,25,0.0,UNDERUSED,0
F001,Smart Campus,B002,Building B,BLK-B2,Block B2,SP-006,Cafeteria B,Cafeteria,2026-01-14 20:00:00,180,23,157,12.78,UNDERUSED,0
F001,Smart Campus,B003,Building C,BLK-C1,Block C1,SP-007,Open Workspace C1,Workspace,2026-01-14 20:00:00,100,33,67,33.0,LOW,0
F001,Smart Campus,B003,Building C,BLK-C1,Block C1,SP-008,Server Operations Room,Restricted Area,2026-01-14 20:00:00,20,6,14,30.0,LOW,0
F001,Smart Campus,B001,Building A,BLK-A1,Block A1,SP-001,Open Workspace A1,Workspace,2026-01-14 21:00:00,120,5,115,4.17,UNDERUSED,0
F001,Smart Campus,B001,Building A,BLK-A1,Block A1,SP-002,Conference Room A,Meeting Room,2026-01-14 21:00:00,30,0,30,0.0,UNDERUSED,0
F001,Smart Campus,B001,Building A,BLK-A2,Block A2,SP-003,Training Hall A,Training Room,2026-01-14 21:00:00,80,1,79,1.25,UNDERUSED,0
F001,Smart Campus,B002,Building B,BLK-B1,Block B1,SP-004,Open Workspace B1,Workspace,2026-01-14 21:00:00,150,15,135,10.0,UNDERUSED,0
F001,Smart Campus,B002,Building B,BLK-B1,Block B1,SP-005,Meeting Room B,Meeting Room,2026-01-14 21:00:00,25,1,24,4.0,UNDERUSED,0
F001,Smart Campus,B002,Building B,BLK-B2,Block B2,SP-006,Cafeteria B,Cafeteria,2026-01-14 21:00:00,180,19,161,10.56,UNDERUSED,0
F001,Smart Campus,B003,Building C,BLK-C1,Block C1,SP-007,Open Workspace C1,Workspace,2026-01-14 21:00:00,100,8,92,8.0,UNDERUSED,0
F001,Smart Campus,B003,Building C,BLK-C1,Block C1,SP-008,Server Operations Room,Restricted Area,2026-01-14 21:00:00,20,5,15,25.0,LOW,0
F001,Smart Campus,B001,Building A,BLK-A1,Block A1,SP-001,Open Workspace A1,Workspace,2026-01-14 22:00:00,120,2,118,1.67,UNDERUSED,0
F001,Smart Campus,B001,Building A,BLK-A1,Block A1,SP-002,Conference Room A,Meeting Room,2026-01-14 22:00:00,30,1,29,3.33,UNDERUSED,0
F001,Smart Campus,B001,Building A,BLK-A2,Block A2,SP-003,Training Hall A,Training Room,2026-01-14 22:00:00,80,5,75,6.25,UNDERUSED,0
F001,Smart Campus,B002,Building B,BLK-B1,Block B1,SP-004,Open Workspace B1,Workspace,2026-01-14 22:00:00,150,9,141,6.0,UNDERUSED,0
F001,Smart Campus,B002,Building B,BLK-B1,Block B1,SP-005,Meeting Room B,Meeting Room,2026-01-14 22:00:00,25,2,23,8.0,UNDERUSED,0
F001,Smart Campus,B002,Building B,BLK-B2,Block B2,SP-006,Cafeteria B,Cafeteria,2026-01-14 22:00:00,180,7,173,3.89,UNDERUSED,0
F001,Smart Campus,B003,Building C,BLK-C1,Block C1,SP-007,Open Workspace C1,Workspace,2026-01-14 22:00:00,100,1,99,1.0,UNDERUSED,0
F001,Smart Campus,B003,Building C,BLK-C1,Block C1,SP-008,Server Operations Room,Restricted Area,2026-01-14 22:00:00,20,4,16,20.0,LOW,0
F001,Smart Campus,B001,Building A,BLK-A1,Block A1,SP-001,Open Workspace A1,Workspace,2026-01-14 23:00:00,120,12,108,10.0,UNDERUSED,0
F001,Smart Campus,B001,Building A,BLK-A1,Block A1,SP-002,Conference Room A,Meeting Room,2026-01-14 23:00:00,30,0,30,0.0,UNDERUSED,0
F001,Smart Campus,B001,Building A,BLK-A2,Block A2,SP-003,Training Hall A,Training Room,2026-01-14 23:00:00,80,4,76,5.0,UNDERUSED,0
F001,Smart Campus,B002,Building B,BLK-B1,Block B1,SP-004,Open Workspace B1,Workspace,2026-01-14 23:00:00,150,7,143,4.67,UNDERUSED,0
F001,Smart Campus,B002,Building B,BLK-B1,Block B1,SP-005,Meeting Room B,Meeting Room,2026-01-14 23:00:00,25,2,23,8.0,UNDERUSED,0
F001,Smart Campus,B002,Building B,BLK-B2,Block B2,SP-006,Cafeteria B,Cafeteria,2026-01-14 23:00:00,180,10,170,5.56,UNDERUSED,0
F001,Smart Campus,B003,Building C,BLK-C1,Block C1,SP-007,Open Workspace C1,Workspace,2026-01-14 23:00:00,100,7,93,7.0,UNDERUSED,0
F001,Smart Campus,B003,Building C,BLK-C1,Block C1,SP-008,Server Operations Room,Restricted Area,2026-01-14 23:00:00,20,6,14,30.0,LOW,0
F001,Smart Campus,B001,Building A,BLK-A1,Block A1,SP-001,Open Workspace A1,Workspace,2026-01-15 00:00:00,120,9,111,7.5,UNDERUSED,0
F001,Smart Campus,B001,Building A,BLK-A1,Block A1,SP-002,Conference Room A,Meeting Room,2026-01-15 00:00:00,30,1,29,3.33,UNDERUSED,0
F001,Smart Campus,B001,Building A,BLK-A2,Block A2,SP-003,Training Hall A,Training Room,2026-01-15 00:00:00,80,4,76,5.0,UNDERUSED,0
F001,Smart Campus,B002,Building B,BLK-B1,Block B1,SP-004,Open Workspace B1,Workspace,2026-01-15 00:00:00,150,9,141,6.0,UNDERUSED,0
F001,Smart Campus,B002,Building B,BLK-B1,Block B1,SP-005,Meeting Room B,Meeting Room,2026-01-15 00:00:00,25,25,0,100.0,OVERCROWDED,0
F001,Smart Campus,B002,Building B,BLK-B2,Block B2,SP-006,Cafeteria B,Cafeteria,2026-01-15 00:00:00,180,6,174,3.33,UNDERUSED,0
F001,Smart Campus,B003,Building C,BLK-C1,Block C1,SP-007,Open Workspace C1,Workspace,2026-01-15 00:00:00,100,3,97,3.0,UNDERUSED,0
F001,Smart Campus,B003,Building C,BLK-C1,Block C1,SP-008,Server Operations Room,Restricted Area,2026-01-15 00:00:00,20,2,18,10.0,UNDERUSED,0
F001,Smart Campus,B001,Building A,BLK-A1,Block A1,SP-001,Open Workspace A1,Workspace,2026-01-15 01:00:00,120,2,118,1.67,UNDERUSED,0
F001,Smart Campus,B001,Building A,BLK-A1,Block A1,SP-002,Conference Room A,Meeting Room,2026-01-15 01:00:00,30,2,28,6.67,UNDERUSED,0
F001,Smart Campus,B001,Building A,BLK-A2,Block A2,SP-003,Training Hall A,Training Room,2026-01-15 01:00:00,80,6,74,7.5,UNDERUSED,0
F001,Smart Campus,B002,Building B,BLK-B1,Block B1,SP-004,Open Workspace B1,Workspace,2026-01-15 01:00:00,150,11,139,7.33,UNDERUSED,0
F001,Smart Campus,B002,Building B,BLK-B1,Block B1,SP-005,Meeting Room B,Meeting Room,2026-01-15 01:00:00,25,2,23,8.0,UNDERUSED,0
F001,Smart Campus,B002,Building B,BLK-B2,Block B2,SP-006,Cafeteria B,Cafeteria,2026-01-15 01:00:00,180,19,161,10.56,UNDERUSED,0
F001,Smart Campus,B003,Building C,BLK-C1,Block C1,SP-007,Open Workspace C1,Workspace,2026-01-15 01:00:00,100,6,94,6.0,UNDERUSED,0
F001,Smart Campus,B003,Building C,BLK-C1,Block C1,SP-008,Server Operations Room,Restricted Area,2026-01-15 01:00:00,20,6,14,30.0,LOW,0
F001,Smart Campus,B001,Building A,BLK-A1,Block A1,SP-001,Open Workspace A1,Workspace,2026-01-15 02:00:00,120,4,116,3.33,UNDERUSED,0
F001,Smart Campus,B001,Building A,BLK-A1,Block A1,SP-002,Conference Room A,Meeting Room,2026-01-15 02:00:00,30,3,27,10.0,UNDERUSED,0
F001,Smart Campus,B001,Building A,BLK-A2,Block A2,SP-003,Training Hall A,Training Room,2026-01-15 02:00:00,80,6,74,7.5,UNDERUSED,0
F001,Smart Campus,B002,Building B,BLK-B1,Block B1,SP-004,Open Workspace B1,Workspace,2026-01-15 02:00:00,150,7,143,4.67,UNDERUSED,0
F001,Smart Campus,B002,Building B,BLK-B1,Block B1,SP-005,Meeting Room B,Meeting Room,2026-01-15 02:00:00,25,2,23,8.0,UNDERUSED,0
F001,Smart Campus,B002,Building B,BLK-B2,Block B2,SP-006,Cafeteria B,Cafeteria,2026-01-15 02:00:00,180,7,173,3.89,UNDERUSED,0
F001,Smart Campus,B003,Building C,BLK-C1,Block C1,SP-007,Open Workspace C1,Workspace,2026-01-15 02:00:00,100,8,92,8.0,UNDERUSED,0
F001,Smart Campus,B003,Building C,BLK-C1,Block C1,SP-008,Server Operations Room,Restricted Area,2026-01-15 02:00:00,20,3,17,15.0,LOW,0
F001,Smart Campus,B001,Building A,BLK-A1,Block A1,SP-001,Open Workspace A1,Workspace,2026-01-15 03:00:00,120,12,108,10.0,UNDERUSED,0
F001,Smart Campus,B001,Building A,BLK-A1,Block A1,SP-002,Conference Room A,Meeting Room,2026-01-15 03:00:00,30,1,29,3.33,UNDERUSED,0
F001,Smart Campus,B001,Building A,BLK-A2,Block A2,SP-003,Training Hall A,Training Room,2026-01-15 03:00:00,80,6,74,7.5,UNDERUSED,0
F001,Smart Campus,B002,Building B,BLK-B1,Block B1,SP-004,Open Workspace B1,Workspace,2026-01-15 03:00:00,150,4,146,2.67,UNDERUSED,0
F001,Smart Campus,B002,Building B,BLK-B1,Block B1,SP-005,Meeting Room B,Meeting Room,2026-01-15 03:00:00,25,0,25,0.0,UNDERUSED,0
F001,Smart Campus,B002,Building B,BLK-B2,Block B2,SP-006,Cafeteria B,Cafeteria,2026-01-15 03:00:00,180,9,171,5.0,UNDERUSED,0
F001,Smart Campus,B003,Building C,BLK-C1,Block C1,SP-007,Open Workspace C1,Workspace,2026-01-15 03:00:00,100,9,91,9.0,UNDERUSED,0
F001,Smart Campus,B003,Building C,BLK-C1,Block C1,SP-008,Server Operations Room,Restricted Area,2026-01-15 03:00:00,20,2,18,10.0,UNDERUSED,0
F001,Smart Campus,B001,Building A,BLK-A1,Block A1,SP-001,Open Workspace A1,Workspace,2026-01-15 04:00:00,120,7,113,5.83,UNDERUSED,0
F001,Smart Campus,B001,Building A,BLK-A1,Block A1,SP-002,Conference Room A,Meeting Room,2026-01-15 04:00:00,30,1,29,3.33,UNDERUSED,0
F001,Smart Campus,B001,Building A,BLK-A2,Block A2,SP-003,Training Hall A,Training Room,2026-01-15 04:00:00,80,1,79,1.25,UNDERUSED,0
F001,Smart Campus,B002,Building B,BLK-B1,Block B1,SP-004,Open Workspace B1,Workspace,2026-01-15 04:00:00,150,14,136,9.33,UNDERUSED,0
F001,Smart Campus,B002,Building B,BLK-B1,Block B1,SP-005,Meeting Room B,Meeting Room,2026-01-15 04:00:00,25,1,24,4.0,UNDERUSED,0
F001,Smart Campus,B002,Building B,BLK-B2,Block B2,SP-006,Cafeteria B,Cafeteria,2026-01-15 04:00:00,180,25,155,13.89,UNDERUSED,0
F001,Smart Campus,B003,Building C,BLK-C1,Block C1,SP-007,Open Workspace C1,Workspace,2026-01-15 04:00:00,100,6,94,6.0,UNDERUSED,0
F001,Smart Campus,B003,Building C,BLK-C1,Block C1,SP-008,Server Operations Room,Restricted Area,2026-01-15 04:00:00,20,4,16,20.0,LOW,0
F001,Smart Campus,B001,Building A,BLK-A1,Block A1,SP-001,Open Workspace A1,Workspace,2026-01-15 05:00:00,120,10,110,8.33,UNDERUSED,0
F001,Smart Campus,B001,Building A,BLK-A1,Block A1,SP-002,Conference Room A,Meeting Room,2026-01-15 05:00:00,30,2,28,6.67,UNDERUSED,0
F001,Smart Campus,B001,Building A,BLK-A2,Block A2,SP-003,Training Hall A,Training Room,2026-01-15 05:00:00,80,0,80,0.0,UNDERUSED,0
F001,Smart Campus,B002,Building B,BLK-B1,Block B1,SP-004,Open Workspace B1,Workspace,2026-01-15 05:00:00,150,13,137,8.67,UNDERUSED,0
F001,Smart Campus,B002,Building B,BLK-B1,Block B1,SP-005,Meeting Room B,Meeting Room,2026-01-15 05:00:00,25,1,24,4.0,UNDERUSED,0
F001,Smart Campus,B002,Building B,BLK-B2,Block B2,SP-006,Cafeteria B,Cafeteria,2026-01-15 05:00:00,180,12,168,6.67,UNDERUSED,0
F001,Smart Campus,B003,Building C,BLK-C1,Block C1,SP-007,Open Workspace C1,Workspace,2026-01-15 05:00:00,100,5,95,5.0,UNDERUSED,0
F001,Smart Campus,B003,Building C,BLK-C1,Block C1,SP-008,Server Operations Room,Restricted Area,2026-01-15 05:00:00,20,7,13,35.0,LOW,0
F001,Smart Campus,B001,Building A,BLK-A1,Block A1,SP-001,Open Workspace A1,Workspace,2026-01-15 06:00:00,120,7,113,5.83,UNDERUSED,0
F001,Smart Campus,B001,Building A,BLK-A1,Block A1,SP-002,Conference Room A,Meeting Room,2026-01-15 06:00:00,30,0,30,0.0,UNDERUSED,0
F001,Smart Campus,B001,Building A,BLK-A2,Block A2,SP-003,Training Hall A,Training Room,2026-01-15 06:00:00,80,5,75,6.25,UNDERUSED,0
F001,Smart Campus,B002,Building B,BLK-B1,Block B1,SP-004,Open Workspace B1,Workspace,2026-01-15 06:00:00,150,4,146,2.67,UNDERUSED,0
F001,Smart Campus,B002,Building B,BLK-B1,Block B1,SP-005,Meeting Room B,Meeting Room,2026-01-15 06:00:00,25,1,24,4.0,UNDERUSED,0
F001,Smart Campus,B002,Building B,BLK-B2,Block B2,SP-006,Cafeteria B,Cafeteria,2026-01-15 06:00:00,180,20,160,11.11,UNDERUSED,0
F001,Smart Campus,B003,Building C,BLK-C1,Block C1,SP-007,Open Workspace C1,Workspace,2026-01-15 06:00:00,100,7,93,7.0,UNDERUSED,0
F001,Smart Campus,B003,Building C,BLK-C1,Block C1,SP-008,Server Operations Room,Restricted Area,2026-01-15 06:00:00,20,2,18,10.0,UNDERUSED,0
F001,Smart Campus,B001,Building A,BLK-A1,Block A1,SP-001,Open Workspace A1,Workspace,2026-01-15 07:00:00,120,9,111,7.5,UNDERUSED,0
F001,Smart Campus,B001,Building A,BLK-A1,Block A1,SP-002,Conference Room A,Meeting Room,2026-01-15 07:00:00,30,1,29,3.33,UNDERUSED,0
F001,Smart Campus,B001,Building A,BLK-A2,Block A2,SP-003,Training Hall A,Training Room,2026-01-15 07:00:00,80,4,76,5.0,UNDERUSED,0
F001,Smart Campus,B002,Building B,BLK-B1,Block B1,SP-004,Open Workspace B1,Workspace,2026-01-15 07:00:00,150,2,148,1.33,UNDERUSED,0
F001,Smart Campus,B002,Building B,BLK-B1,Block B1,SP-005,Meeting Room B,Meeting Room,2026-01-15 07:00:00,25,1,24,4.0,UNDERUSED,0
F001,Smart Campus,B002,Building B,BLK-B2,Block B2,SP-006,Cafeteria B,Cafeteria,2026-01-15 07:00:00,180,23,157,12.78,UNDERUSED,0
F001,Smart Campus,B003,Building C,BLK-C1,Block C1,SP-007,Open Workspace C1,Workspace,2026-01-15 07:00:00,100,10,90,10.0,UNDERUSED,0
F001,Smart Campus,B003,Building C,BLK-C1,Block C1,SP-008,Server Operations Room,Restricted Area,2026-01-15 07:00:00,20,1,19,5.0,UNDERUSED,0
F001,Smart Campus,B001,Building A,BLK-A1,Block A1,SP-001,Open Workspace A1,Workspace,2026-01-15 08:00:00,120,2,118,1.67,UNDERUSED,0
F001,Smart Campus,B001,Building A,BLK-A1,Block A1,SP-002,Conference Room A,Meeting Room,2026-01-15 08:00:00,30,2,28,6.67,UNDERUSED,0
F001,Smart Campus,B001,Building A,BLK-A2,Block A2,SP-003,Training Hall A,Training Room,2026-01-15 08:00:00,80,3,77,3.75,UNDERUSED,0
F001,Smart Campus,B002,Building B,BLK-B1,Block B1,SP-004,Open Workspace B1,Workspace,2026-01-15 08:00:00,150,13,137,8.67,UNDERUSED,0
F001,Smart Campus,B002,Building B,BLK-B1,Block B1,SP-005,Meeting Room B,Meeting Room,2026-01-15 08:00:00,25,1,24,4.0,UNDERUSED,0
F001,Smart Campus,B002,Building B,BLK-B2,Block B2,SP-006,Cafeteria B,Cafeteria,2026-01-15 08:00:00,180,47,133,26.11,LOW,0
F001,Smart Campus,B003,Building C,BLK-C1,Block C1,SP-007,Open Workspace C1,Workspace,2026-01-15 08:00:00,100,7,93,7.0,UNDERUSED,0
F001,Smart Campus,B003,Building C,BLK-C1,Block C1,SP-008,Server Operations Room,Restricted Area,2026-01-15 08:00:00,20,7,13,35.0,LOW,0
F001,Smart Campus,B001,Building A,BLK-A1,Block A1,SP-001,Open Workspace A1,Workspace,2026-01-15 09:00:00,120,99,21,82.5,HIGH,0
F001,Smart Campus,B001,Building A,BLK-A1,Block A1,SP-002,Conference Room A,Meeting Room,2026-01-15 09:00:00,30,9,21,30.0,LOW,0
F001,Smart Campus,B001,Building A,BLK-A2,Block A2,SP-003,Training Hall A,Training Room,2026-01-15 09:00:00,80,31,49,38.75,LOW,0
F001,Smart Campus,B002,Building B,BLK-B1,Block B1,SP-004,Open Workspace B1,Workspace,2026-01-15 09:00:00,150,115,35,76.67,HIGH,0
F001,Smart Campus,B002,Building B,BLK-B1,Block B1,SP-005,Meeting Room B,Meeting Room,2026-01-15 09:00:00,25,15,10,60.0,OPTIMAL,0
F001,Smart Campus,B002,Building B,BLK-B2,Block B2,SP-006,Cafeteria B,Cafeteria,2026-01-15 09:00:00,180,50,130,27.78,LOW,0
F001,Smart Campus,B003,Building C,BLK-C1,Block C1,SP-007,Open Workspace C1,Workspace,2026-01-15 09:00:00,100,85,15,85.0,HIGH,0
F001,Smart Campus,B003,Building C,BLK-C1,Block C1,SP-008,Server Operations Room,Restricted Area,2026-01-15 09:00:00,20,6,14,30.0,LOW,0
F001,Smart Campus,B001,Building A,BLK-A1,Block A1,SP-001,Open Workspace A1,Workspace,2026-01-15 10:00:00,120,102,18,85.0,HIGH,0
F001,Smart Campus,B001,Building A,BLK-A1,Block A1,SP-002,Conference Room A,Meeting Room,2026-01-15 10:00:00,30,19,11,63.33,OPTIMAL,0
F001,Smart Campus,B001,Building A,BLK-A2,Block A2,SP-003,Training Hall A,Training Room,2026-01-15 10:00:00,80,63,17,78.75,HIGH,0
F001,Smart Campus,B002,Building B,BLK-B1,Block B1,SP-004,Open Workspace B1,Workspace,2026-01-15 10:00:00,150,103,47,68.67,OPTIMAL,0
F001,Smart Campus,B002,Building B,BLK-B1,Block B1,SP-005,Meeting Room B,Meeting Room,2026-01-15 10:00:00,25,18,7,72.0,OPTIMAL,0
F001,Smart Campus,B002,Building B,BLK-B2,Block B2,SP-006,Cafeteria B,Cafeteria,2026-01-15 10:00:00,180,17,163,9.44,UNDERUSED,0
F001,Smart Campus,B003,Building C,BLK-C1,Block C1,SP-007,Open Workspace C1,Workspace,2026-01-15 10:00:00,100,68,32,68.0,OPTIMAL,0
F001,Smart Campus,B003,Building C,BLK-C1,Block C1,SP-008,Server Operations Room,Restricted Area,2026-01-15 10:00:00,20,3,17,15.0,LOW,0
F001,Smart Campus,B001,Building A,BLK-A1,Block A1,SP-001,Open Workspace A1,Workspace,2026-01-15 11:00:00,120,95,25,79.17,HIGH,0
F001,Smart Campus,B001,Building A,BLK-A1,Block A1,SP-002,Conference Room A,Meeting Room,2026-01-15 11:00:00,30,24,6,80.0,HIGH,0
F001,Smart Campus,B001,Building A,BLK-A2,Block A2,SP-003,Training Hall A,Training Room,2026-01-15 11:00:00,80,21,59,26.25,LOW,0
F001,Smart Campus,B002,Building B,BLK-B1,Block B1,SP-004,Open Workspace B1,Workspace,2026-01-15 11:00:00,150,120,30,80.0,HIGH,0
F001,Smart Campus,B002,Building B,BLK-B1,Block B1,SP-005,Meeting Room B,Meeting Room,2026-01-15 11:00:00,25,5,20,20.0,LOW,0
F001,Smart Campus,B002,Building B,BLK-B2,Block B2,SP-006,Cafeteria B,Cafeteria,2026-01-15 11:00:00,180,4,176,2.22,UNDERUSED,0
F001,Smart Campus,B003,Building C,BLK-C1,Block C1,SP-007,Open Workspace C1,Workspace,2026-01-15 11:00:00,100,67,33,67.0,OPTIMAL,0
F001,Smart Campus,B003,Building C,BLK-C1,Block C1,SP-008,Server Operations Room,Restricted Area,2026-01-15 11:00:00,20,6,14,30.0,LOW,0
F001,Smart Campus,B001,Building A,BLK-A1,Block A1,SP-001,Open Workspace A1,Workspace,2026-01-15 12:00:00,120,66,54,55.0,OPTIMAL,0
F001,Smart Campus,B001,Building A,BLK-A1,Block A1,SP-002,Conference Room A,Meeting Room,2026-01-15 12:00:00,30,20,10,66.67,OPTIMAL,0
F001,Smart Campus,B001,Building A,BLK-A2,Block A2,SP-003,Training Hall A,Training Room,2026-01-15 12:00:00,80,47,33,58.75,OPTIMAL,0
F001,Smart Campus,B002,Building B,BLK-B1,Block B1,SP-004,Open Workspace B1,Workspace,2026-01-15 12:00:00,150,68,82,45.33,OPTIMAL,0
F001,Smart Campus,B002,Building B,BLK-B1,Block B1,SP-005,Meeting Room B,Meeting Room,2026-01-15 12:00:00,25,15,10,60.0,OPTIMAL,0
F001,Smart Campus,B002,Building B,BLK-B2,Block B2,SP-006,Cafeteria B,Cafeteria,2026-01-15 12:00:00,180,134,46,74.44,OPTIMAL,0
F001,Smart Campus,B003,Building C,BLK-C1,Block C1,SP-007,Open Workspace C1,Workspace,2026-01-15 12:00:00,100,59,41,59.0,OPTIMAL,0
F001,Smart Campus,B003,Building C,BLK-C1,Block C1,SP-008,Server Operations Room,Restricted Area,2026-01-15 12:00:00,20,6,14,30.0,LOW,0
F001,Smart Campus,B001,Building A,BLK-A1,Block A1,SP-001,Open Workspace A1,Workspace,2026-01-15 13:00:00,120,42,78,35.0,LOW,0
F001,Smart Campus,B001,Building A,BLK-A1,Block A1,SP-002,Conference Room A,Meeting Room,2026-01-15 13:00:00,30,8,22,26.67,LOW,0
F001,Smart Campus,B001,Building A,BLK-A2,Block A2,SP-003,Training Hall A,Training Room,2026-01-15 13:00:00,80,21,59,26.25,LOW,0
F001,Smart Campus,B002,Building B,BLK-B1,Block B1,SP-004,Open Workspace B1,Workspace,2026-01-15 13:00:00,150,81,69,54.0,OPTIMAL,0
F001,Smart Campus,B002,Building B,BLK-B1,Block B1,SP-005,Meeting Room B,Meeting Room,2026-01-15 13:00:00,25,9,16,36.0,LOW,0
F001,Smart Campus,B002,Building B,BLK-B2,Block B2,SP-006,Cafeteria B,Cafeteria,2026-01-15 13:00:00,180,156,24,86.67,HIGH,0
F001,Smart Campus,B003,Building C,BLK-C1,Block C1,SP-007,Open Workspace C1,Workspace,2026-01-15 13:00:00,100,40,60,40.0,OPTIMAL,0
F001,Smart Campus,B003,Building C,BLK-C1,Block C1,SP-008,Server Operations Room,Restricted Area,2026-01-15 13:00:00,20,5,15,25.0,LOW,0
F001,Smart Campus,B001,Building A,BLK-A1,Block A1,SP-001,Open Workspace A1,Workspace,2026-01-15 14:00:00,120,88,32,73.33,OPTIMAL,0
F001,Smart Campus,B001,Building A,BLK-A1,Block A1,SP-002,Conference Room A,Meeting Room,2026-01-15 14:00:00,30,19,11,63.33,OPTIMAL,0
F001,Smart Campus,B001,Building A,BLK-A2,Block A2,SP-003,Training Hall A,Training Room,2026-01-15 14:00:00,80,47,33,58.75,OPTIMAL,0
F001,Smart Campus,B002,Building B,BLK-B1,Block B1,SP-004,Open Workspace B1,Workspace,2026-01-15 14:00:00,150,108,42,72.0,OPTIMAL,0
F001,Smart Campus,B002,Building B,BLK-B1,Block B1,SP-005,Meeting Room B,Meeting Room,2026-01-15 14:00:00,25,18,7,72.0,OPTIMAL,0
F001,Smart Campus,B002,Building B,BLK-B2,Block B2,SP-006,Cafeteria B,Cafeteria,2026-01-15 14:00:00,180,128,52,71.11,OPTIMAL,0
F001,Smart Campus,B003,Building C,BLK-C1,Block C1,SP-007,Open Workspace C1,Workspace,2026-01-15 14:00:00,100,86,14,86.0,HIGH,0
F001,Smart Campus,B003,Building C,BLK-C1,Block C1,SP-008,Server Operations Room,Restricted Area,2026-01-15 14:00:00,20,6,14,30.0,LOW,0
F001,Smart Campus,B001,Building A,BLK-A1,Block A1,SP-001,Open Workspace A1,Workspace,2026-01-15 15:00:00,120,76,44,63.33,OPTIMAL,0
F001,Smart Campus,B001,Building A,BLK-A1,Block A1,SP-002,Conference Room A,Meeting Room,2026-01-15 15:00:00,30,20,10,66.67,OPTIMAL,0
F001,Smart Campus,B001,Building A,BLK-A2,Block A2,SP-003,Training Hall A,Training Room,2026-01-15 15:00:00,80,32,48,40.0,OPTIMAL,0
F001,Smart Campus,B002,Building B,BLK-B1,Block B1,SP-004,Open Workspace B1,Workspace,2026-01-15 15:00:00,150,118,32,78.67,HIGH,0
F001,Smart Campus,B002,Building B,BLK-B1,Block B1,SP-005,Meeting Room B,Meeting Room,2026-01-15 15:00:00,25,18,7,72.0,OPTIMAL,0
F001,Smart Campus,B002,Building B,BLK-B2,Block B2,SP-006,Cafeteria B,Cafeteria,2026-01-15 15:00:00,180,6,174,3.33,UNDERUSED,0
F001,Smart Campus,B003,Building C,BLK-C1,Block C1,SP-007,Open Workspace C1,Workspace,2026-01-15 15:00:00,100,84,16,84.0,HIGH,0
F001,Smart Campus,B003,Building C,BLK-C1,Block C1,SP-008,Server Operations Room,Restricted Area,2026-01-15 15:00:00,20,2,18,10.0,UNDERUSED,0
F001,Smart Campus,B001,Building A,BLK-A1,Block A1,SP-001,Open Workspace A1,Workspace,2026-01-15 16:00:00,120,88,32,73.33,OPTIMAL,0
F001,Smart Campus,B001,Building A,BLK-A1,Block A1,SP-002,Conference Room A,Meeting Room,2026-01-15 16:00:00,30,9,21,30.0,LOW,0
F001,Smart Campus,B001,Building A,BLK-A2,Block A2,SP-003,Training Hall A,Training Room,2026-01-15 16:00:00,80,38,42,47.5,OPTIMAL,0
F001,Smart Campus,B002,Building B,BLK-B1,Block B1,SP-004,Open Workspace B1,Workspace,2026-01-15 16:00:00,150,96,54,64.0,OPTIMAL,0
F001,Smart Campus,B002,Building B,BLK-B1,Block B1,SP-005,Meeting Room B,Meeting Room,2026-01-15 16:00:00,25,15,10,60.0,OPTIMAL,0
F001,Smart Campus,B002,Building B,BLK-B2,Block B2,SP-006,Cafeteria B,Cafeteria,2026-01-15 16:00:00,180,54,126,30.0,LOW,0
F001,Smart Campus,B003,Building C,BLK-C1,Block C1,SP-007,Open Workspace C1,Workspace,2026-01-15 16:00:00,100,79,21,79.0,HIGH,0
F001,Smart Campus,B003,Building C,BLK-C1,Block C1,SP-008,Server Operations Room,Restricted Area,2026-01-15 16:00:00,20,2,18,10.0,UNDERUSED,0
F001,Smart Campus,B001,Building A,BLK-A1,Block A1,SP-001,Open Workspace A1,Workspace,2026-01-15 17:00:00,120,87,33,72.5,OPTIMAL,0
F001,Smart Campus,B001,Building A,BLK-A1,Block A1,SP-002,Conference Room A,Meeting Room,2026-01-15 17:00:00,30,13,17,43.33,OPTIMAL,0
F001,Smart Campus,B001,Building A,BLK-A2,Block A2,SP-003,Training Hall A,Training Room,2026-01-15 17:00:00,80,4,76,5.0,UNDERUSED,0
F001,Smart Campus,B002,Building B,BLK-B1,Block B1,SP-004,Open Workspace B1,Workspace,2026-01-15 17:00:00,150,117,33,78.0,HIGH,0
F001,Smart Campus,B002,Building B,BLK-B1,Block B1,SP-005,Meeting Room B,Meeting Room,2026-01-15 17:00:00,25,8,17,32.0,LOW,0
F001,Smart Campus,B002,Building B,BLK-B2,Block B2,SP-006,Cafeteria B,Cafeteria,2026-01-15 17:00:00,180,83,97,46.11,OPTIMAL,0
F001,Smart Campus,B003,Building C,BLK-C1,Block C1,SP-007,Open Workspace C1,Workspace,2026-01-15 17:00:00,100,84,16,84.0,HIGH,0
F001,Smart Campus,B003,Building C,BLK-C1,Block C1,SP-008,Server Operations Room,Restricted Area,2026-01-15 17:00:00,20,7,13,35.0,LOW,0
F001,Smart Campus,B001,Building A,BLK-A1,Block A1,SP-001,Open Workspace A1,Workspace,2026-01-15 18:00:00,120,43,77,35.83,LOW,0
F001,Smart Campus,B001,Building A,BLK-A1,Block A1,SP-002,Conference Room A,Meeting Room,2026-01-15 18:00:00,30,2,28,6.67,UNDERUSED,0
F001,Smart Campus,B001,Building A,BLK-A2,Block A2,SP-003,Training Hall A,Training Room,2026-01-15 18:00:00,80,2,78,2.5,UNDERUSED,0
F001,Smart Campus,B002,Building B,BLK-B1,Block B1,SP-004,Open Workspace B1,Workspace,2026-01-15 18:00:00,150,44,106,29.33,LOW,0
F001,Smart Campus,B002,Building B,BLK-B1,Block B1,SP-005,Meeting Room B,Meeting Room,2026-01-15 18:00:00,25,1,24,4.0,UNDERUSED,0
F001,Smart Campus,B002,Building B,BLK-B2,Block B2,SP-006,Cafeteria B,Cafeteria,2026-01-15 18:00:00,180,215,0,119.44,OVERCROWDED,1
F001,Smart Campus,B003,Building C,BLK-C1,Block C1,SP-007,Open Workspace C1,Workspace,2026-01-15 18:00:00,100,16,84,16.0,LOW,0
F001,Smart Campus,B003,Building C,BLK-C1,Block C1,SP-008,Server Operations Room,Restricted Area,2026-01-15 18:00:00,20,6,14,30.0,LOW,0
F001,Smart Campus,B001,Building A,BLK-A1,Block A1,SP-001,Open Workspace A1,Workspace,2026-01-15 19:00:00,120,34,86,28.33,LOW,0
F001,Smart Campus,B001,Building A,BLK-A1,Block A1,SP-002,Conference Room A,Meeting Room,2026-01-15 19:00:00,30,2,28,6.67,UNDERUSED,0
F001,Smart Campus,B001,Building A,BLK-A2,Block A2,SP-003,Training Hall A,Training Room,2026-01-15 19:00:00,80,3,77,3.75,UNDERUSED,0
F001,Smart Campus,B002,Building B,BLK-B1,Block B1,SP-004,Open Workspace B1,Workspace,2026-01-15 19:00:00,150,172,0,114.67,OVERCROWDED,1
F001,Smart Campus,B002,Building B,BLK-B1,Block B1,SP-005,Meeting Room B,Meeting Room,2026-01-15 19:00:00,25,2,23,8.0,UNDERUSED,0
F001,Smart Campus,B002,Building B,BLK-B2,Block B2,SP-006,Cafeteria B,Cafeteria,2026-01-15 19:00:00,180,11,169,6.11,UNDERUSED,0
F001,Smart Campus,B003,Building C,BLK-C1,Block C1,SP-007,Open Workspace C1,Workspace,2026-01-15 19:00:00,100,17,83,17.0,LOW,0
F001,Smart Campus,B003,Building C,BLK-C1,Block C1,SP-008,Server Operations Room,Restricted Area,2026-01-15 19:00:00,20,3,17,15.0,LOW,0
F001,Smart Campus,B001,Building A,BLK-A1,Block A1,SP-001,Open Workspace A1,Workspace,2026-01-15 20:00:00,120,44,76,36.67,LOW,0
F001,Smart Campus,B001,Building A,BLK-A1,Block A1,SP-002,Conference Room A,Meeting Room,2026-01-15 20:00:00,30,0,30,0.0,UNDERUSED,0
F001,Smart Campus,B001,Building A,BLK-A2,Block A2,SP-003,Training Hall A,Training Room,2026-01-15 20:00:00,80,5,75,6.25,UNDERUSED,0
F001,Smart Campus,B002,Building B,BLK-B1,Block B1,SP-004,Open Workspace B1,Workspace,2026-01-15 20:00:00,150,38,112,25.33,LOW,0
F001,Smart Campus,B002,Building B,BLK-B1,Block B1,SP-005,Meeting Room B,Meeting Room,2026-01-15 20:00:00,25,1,24,4.0,UNDERUSED,0
F001,Smart Campus,B002,Building B,BLK-B2,Block B2,SP-006,Cafeteria B,Cafeteria,2026-01-15 20:00:00,180,18,162,10.0,UNDERUSED,0
F001,Smart Campus,B003,Building C,BLK-C1,Block C1,SP-007,Open Workspace C1,Workspace,2026-01-15 20:00:00,100,17,83,17.0,LOW,0
F001,Smart Campus,B003,Building C,BLK-C1,Block C1,SP-008,Server Operations Room,Restricted Area,2026-01-15 20:00:00,20,3,17,15.0,LOW,0
F001,Smart Campus,B001,Building A,BLK-A1,Block A1,SP-001,Open Workspace A1,Workspace,2026-01-15 21:00:00,120,6,114,5.0,UNDERUSED,0
F001,Smart Campus,B001,Building A,BLK-A1,Block A1,SP-002,Conference Room A,Meeting Room,2026-01-15 21:00:00,30,3,27,10.0,UNDERUSED,0
F001,Smart Campus,B001,Building A,BLK-A2,Block A2,SP-003,Training Hall A,Training Room,2026-01-15 21:00:00,80,5,75,6.25,UNDERUSED,0
F001,Smart Campus,B002,Building B,BLK-B1,Block B1,SP-004,Open Workspace B1,Workspace,2026-01-15 21:00:00,150,3,147,2.0,UNDERUSED,0
F001,Smart Campus,B002,Building B,BLK-B1,Block B1,SP-005,Meeting Room B,Meeting Room,2026-01-15 21:00:00,25,2,23,8.0,UNDERUSED,0
F001,Smart Campus,B002,Building B,BLK-B2,Block B2,SP-006,Cafeteria B,Cafeteria,2026-01-15 21:00:00,180,26,154,14.44,UNDERUSED,0
F001,Smart Campus,B003,Building C,BLK-C1,Block C1,SP-007,Open Workspace C1,Workspace,2026-01-15 21:00:00,100,9,91,9.0,UNDERUSED,0
F001,Smart Campus,B003,Building C,BLK-C1,Block C1,SP-008,Server Operations Room,Restricted Area,2026-01-15 21:00:00,20,3,17,15.0,LOW,0
F001,Smart Campus,B001,Building A,BLK-A1,Block A1,SP-001,Open Workspace A1,Workspace,2026-01-15 22:00:00,120,5,115,4.17,UNDERUSED,0
F001,Smart Campus,B001,Building A,BLK-A1,Block A1,SP-002,Conference Room A,Meeting Room,2026-01-15 22:00:00,30,2,28,6.67,UNDERUSED,0
F001,Smart Campus,B001,Building A,BLK-A2,Block A2,SP-003,Training Hall A,Training Room,2026-01-15 22:00:00,80,5,75,6.25,UNDERUSED,0
F001,Smart Campus,B002,Building B,BLK-B1,Block B1,SP-004,Open Workspace B1,Workspace,2026-01-15 22:00:00,150,15,135,10.0,UNDERUSED,0
F001,Smart Campus,B002,Building B,BLK-B1,Block B1,SP-005,Meeting Room B,Meeting Room,2026-01-15 22:00:00,25,0,25,0.0,UNDERUSED,0
F001,Smart Campus,B002,Building B,BLK-B2,Block B2,SP-006,Cafeteria B,Cafeteria,2026-01-15 22:00:00,180,26,154,14.44,UNDERUSED,0
F001,Smart Campus,B003,Building C,BLK-C1,Block C1,SP-007,Open Workspace C1,Workspace,2026-01-15 22:00:00,100,10,90,10.0,UNDERUSED,0
F001,Smart Campus,B003,Building C,BLK-C1,Block C1,SP-008,Server Operations Room,Restricted Area,2026-01-15 22:00:00,20,5,15,25.0,LOW,0
F001,Smart Campus,B001,Building A,BLK-A1,Block A1,SP-001,Open Workspace A1,Workspace,2026-01-15 23:00:00,120,5,115,4.17,UNDERUSED,0
F001,Smart Campus,B001,Building A,BLK-A1,Block A1,SP-002,Conference Room A,Meeting Room,2026-01-15 23:00:00,30,2,28,6.67,UNDERUSED,0
F001,Smart Campus,B001,Building A,BLK-A2,Block A2,SP-003,Training Hall A,Training Room,2026-01-15 23:00:00,80,0,80,0.0,UNDERUSED,0
F001,Smart Campus,B002,Building B,BLK-B1,Block B1,SP-004,Open Workspace B1,Workspace,2026-01-15 23:00:00,150,8,142,5.33,UNDERUSED,0
F001,Smart Campus,B002,Building B,BLK-B1,Block B1,SP-005,Meeting Room B,Meeting Room,2026-01-15 23:00:00,25,0,25,0.0,UNDERUSED,0
F001,Smart Campus,B002,Building B,BLK-B2,Block B2,SP-006,Cafeteria B,Cafeteria,2026-01-15 23:00:00,180,19,161,10.56,UNDERUSED,0
F001,Smart Campus,B003,Building C,BLK-C1,Block C1,SP-007,Open Workspace C1,Workspace,2026-01-15 23:00:00,100,4,96,4.0,UNDERUSED,0
F001,Smart Campus,B003,Building C,BLK-C1,Block C1,SP-008,Server Operations Room,Restricted Area,2026-01-15 23:00:00,20,6,14,30.0,LOW,0
F001,Smart Campus,B001,Building A,BLK-A1,Block A1,SP-001,Open Workspace A1,Workspace,2026-01-16 00:00:00,120,10,110,8.33,UNDERUSED,0
F001,Smart Campus,B001,Building A,BLK-A1,Block A1,SP-002,Conference Room A,Meeting Room,2026-01-16 00:00:00,30,0,30,0.0,UNDERUSED,0
F001,Smart Campus,B001,Building A,BLK-A2,Block A2,SP-003,Training Hall A,Training Room,2026-01-16 00:00:00,80,3,77,3.75,UNDERUSED,0
F001,Smart Campus,B002,Building B,BLK-B1,Block B1,SP-004,Open Workspace B1,Workspace,2026-01-16 00:00:00,150,14,136,9.33,UNDERUSED,0
F001,Smart Campus,B002,Building B,BLK-B1,Block B1,SP-005,Meeting Room B,Meeting Room,2026-01-16 00:00:00,25,2,23,8.0,UNDERUSED,0
F001,Smart Campus,B002,Building B,BLK-B2,Block B2,SP-006,Cafeteria B,Cafeteria,2026-01-16 00:00:00,180,10,170,5.56,UNDERUSED,0
F001,Smart Campus,B003,Building C,BLK-C1,Block C1,SP-007,Open Workspace C1,Workspace,2026-01-16 00:00:00,100,5,95,5.0,UNDERUSED,0
F001,Smart Campus,B003,Building C,BLK-C1,Block C1,SP-008,Server Operations Room,Restricted Area,2026-01-16 00:00:00,20,4,16,20.0,LOW,0
F001,Smart Campus,B001,Building A,BLK-A1,Block A1,SP-001,Open Workspace A1,Workspace,2026-01-16 01:00:00,120,4,116,3.33,UNDERUSED,0
F001,Smart Campus,B001,Building A,BLK-A1,Block A1,SP-002,Conference Room A,Meeting Room,2026-01-16 01:00:00,30,2,28,6.67,UNDERUSED,0
F001,Smart Campus,B001,Building A,BLK-A2,Block A2,SP-003,Training Hall A,Training Room,2026-01-16 01:00:00,80,2,78,2.5,UNDERUSED,0
F001,Smart Campus,B002,Building B,BLK-B1,Block B1,SP-004,Open Workspace B1,Workspace,2026-01-16 01:00:00,150,10,140,6.67,UNDERUSED,0
F001,Smart Campus,B002,Building B,BLK-B1,Block B1,SP-005,Meeting Room B,Meeting Room,2026-01-16 01:00:00,25,0,25,0.0,UNDERUSED,0
F001,Smart Campus,B002,Building B,BLK-B2,Block B2,SP-006,Cafeteria B,Cafeteria,2026-01-16 01:00:00,180,9,171,5.0,UNDERUSED,0
F001,Smart Campus,B003,Building C,BLK-C1,Block C1,SP-007,Open Workspace C1,Workspace,2026-01-16 01:00:00,100,7,93,7.0,UNDERUSED,0
F001,Smart Campus,B003,Building C,BLK-C1,Block C1,SP-008,Server Operations Room,Restricted Area,2026-01-16 01:00:00,20,3,17,15.0,LOW,0
F001,Smart Campus,B001,Building A,BLK-A1,Block A1,SP-001,Open Workspace A1,Workspace,2026-01-16 02:00:00,120,5,115,4.17,UNDERUSED,0
F001,Smart Campus,B001,Building A,BLK-A1,Block A1,SP-002,Conference Room A,Meeting Room,2026-01-16 02:00:00,30,2,28,6.67,UNDERUSED,0
F001,Smart Campus,B001,Building A,BLK-A2,Block A2,SP-003,Training Hall A,Training Room,2026-01-16 02:00:00,80,3,77,3.75,UNDERUSED,0
F001,Smart Campus,B002,Building B,BLK-B1,Block B1,SP-004,Open Workspace B1,Workspace,2026-01-16 02:00:00,150,3,147,2.0,UNDERUSED,0
F001,Smart Campus,B002,Building B,BLK-B1,Block B1,SP-005,Meeting Room B,Meeting Room,2026-01-16 02:00:00,25,0,25,0.0,UNDERUSED,0
F001,Smart Campus,B002,Building B,BLK-B2,Block B2,SP-006,Cafeteria B,Cafeteria,2026-01-16 02:00:00,180,15,165,8.33,UNDERUSED,0
F001,Smart Campus,B003,Building C,BLK-C1,Block C1,SP-007,Open Workspace C1,Workspace,2026-01-16 02:00:00,100,8,92,8.0,UNDERUSED,0
F001,Smart Campus,B003,Building C,BLK-C1,Block C1,SP-008,Server Operations Room,Restricted Area,2026-01-16 02:00:00,20,3,17,15.0,LOW,0
F001,Smart Campus,B001,Building A,BLK-A1,Block A1,SP-001,Open Workspace A1,Workspace,2026-01-16 03:00:00,120,3,117,2.5,UNDERUSED,0
F001,Smart Campus,B001,Building A,BLK-A1,Block A1,SP-002,Conference Room A,Meeting Room,2026-01-16 03:00:00,30,2,28,6.67,UNDERUSED,0
F001,Smart Campus,B001,Building A,BLK-A2,Block A2,SP-003,Training Hall A,Training Room,2026-01-16 03:00:00,80,6,74,7.5,UNDERUSED,0
F001,Smart Campus,B002,Building B,BLK-B1,Block B1,SP-004,Open Workspace B1,Workspace,2026-01-16 03:00:00,150,11,139,7.33,UNDERUSED,0
F001,Smart Campus,B002,Building B,BLK-B1,Block B1,SP-005,Meeting Room B,Meeting Room,2026-01-16 03:00:00,25,0,25,0.0,UNDERUSED,0
F001,Smart Campus,B002,Building B,BLK-B2,Block B2,SP-006,Cafeteria B,Cafeteria,2026-01-16 03:00:00,180,5,175,2.78,UNDERUSED,0
F001,Smart Campus,B003,Building C,BLK-C1,Block C1,SP-007,Open Workspace C1,Workspace,2026-01-16 03:00:00,100,2,98,2.0,UNDERUSED,0
F001,Smart Campus,B003,Building C,BLK-C1,Block C1,SP-008,Server Operations Room,Restricted Area,2026-01-16 03:00:00,20,2,18,10.0,UNDERUSED,0
F001,Smart Campus,B001,Building A,BLK-A1,Block A1,SP-001,Open Workspace A1,Workspace,2026-01-16 04:00:00,120,2,118,1.67,UNDERUSED,0
F001,Smart Campus,B001,Building A,BLK-A1,Block A1,SP-002,Conference Room A,Meeting Room,2026-01-16 04:00:00,30,1,29,3.33,UNDERUSED,0
F001,Smart Campus,B001,Building A,BLK-A2,Block A2,SP-003,Training Hall A,Training Room,2026-01-16 04:00:00,80,3,77,3.75,UNDERUSED,0
F001,Smart Campus,B002,Building B,BLK-B1,Block B1,SP-004,Open Workspace B1,Workspace,2026-01-16 04:00:00,150,6,144,4.0,UNDERUSED,0
F001,Smart Campus,B002,Building B,BLK-B1,Block B1,SP-005,Meeting Room B,Meeting Room,2026-01-16 04:00:00,25,1,24,4.0,UNDERUSED,0
F001,Smart Campus,B002,Building B,BLK-B2,Block B2,SP-006,Cafeteria B,Cafeteria,2026-01-16 04:00:00,180,7,173,3.89,UNDERUSED,0
F001,Smart Campus,B003,Building C,BLK-C1,Block C1,SP-007,Open Workspace C1,Workspace,2026-01-16 04:00:00,100,115,0,115.0,OVERCROWDED,1
F001,Smart Campus,B003,Building C,BLK-C1,Block C1,SP-008,Server Operations Room,Restricted Area,2026-01-16 04:00:00,20,7,13,35.0,LOW,0
F001,Smart Campus,B001,Building A,BLK-A1,Block A1,SP-001,Open Workspace A1,Workspace,2026-01-16 05:00:00,120,9,111,7.5,UNDERUSED,0
F001,Smart Campus,B001,Building A,BLK-A1,Block A1,SP-002,Conference Room A,Meeting Room,2026-01-16 05:00:00,30,1,29,3.33,UNDERUSED,0
F001,Smart Campus,B001,Building A,BLK-A2,Block A2,SP-003,Training Hall A,Training Room,2026-01-16 05:00:00,80,6,74,7.5,UNDERUSED,0
F001,Smart Campus,B002,Building B,BLK-B1,Block B1,SP-004,Open Workspace B1,Workspace,2026-01-16 05:00:00,150,3,147,2.0,UNDERUSED,0
F001,Smart Campus,B002,Building B,BLK-B1,Block B1,SP-005,Meeting Room B,Meeting Room,2026-01-16 05:00:00,25,2,23,8.0,UNDERUSED,0
F001,Smart Campus,B002,Building B,BLK-B2,Block B2,SP-006,Cafeteria B,Cafeteria,2026-01-16 05:00:00,180,20,160,11.11,UNDERUSED,0
F001,Smart Campus,B003,Building C,BLK-C1,Block C1,SP-007,Open Workspace C1,Workspace,2026-01-16 05:00:00,100,9,91,9.0,UNDERUSED,0
F001,Smart Campus,B003,Building C,BLK-C1,Block C1,SP-008,Server Operations Room,Restricted Area,2026-01-16 05:00:00,20,4,16,20.0,LOW,0
F001,Smart Campus,B001,Building A,BLK-A1,Block A1,SP-001,Open Workspace A1,Workspace,2026-01-16 06:00:00,120,6,114,5.0,UNDERUSED,0
F001,Smart Campus,B001,Building A,BLK-A1,Block A1,SP-002,Conference Room A,Meeting Room,2026-01-16 06:00:00,30,1,29,3.33,UNDERUSED,0
F001,Smart Campus,B001,Building A,BLK-A2,Block A2,SP-003,Training Hall A,Training Room,2026-01-16 06:00:00,80,0,80,0.0,UNDERUSED,0
F001,Smart Campus,B002,Building B,BLK-B1,Block B1,SP-004,Open Workspace B1,Workspace,2026-01-16 06:00:00,150,9,141,6.0,UNDERUSED,0
F001,Smart Campus,B002,Building B,BLK-B1,Block B1,SP-005,Meeting Room B,Meeting Room,2026-01-16 06:00:00,25,2,23,8.0,UNDERUSED,0
F001,Smart Campus,B002,Building B,BLK-B2,Block B2,SP-006,Cafeteria B,Cafeteria,2026-01-16 06:00:00,180,4,176,2.22,UNDERUSED,0
F001,Smart Campus,B003,Building C,BLK-C1,Block C1,SP-007,Open Workspace C1,Workspace,2026-01-16 06:00:00,100,5,95,5.0,UNDERUSED,0
F001,Smart Campus,B003,Building C,BLK-C1,Block C1,SP-008,Server Operations Room,Restricted Area,2026-01-16 06:00:00,20,2,18,10.0,UNDERUSED,0
F001,Smart Campus,B001,Building A,BLK-A1,Block A1,SP-001,Open Workspace A1,Workspace,2026-01-16 07:00:00,120,3,117,2.5,UNDERUSED,0
F001,Smart Campus,B001,Building A,BLK-A1,Block A1,SP-002,Conference Room A,Meeting Room,2026-01-16 07:00:00,30,2,28,6.67,UNDERUSED,0
F001,Smart Campus,B001,Building A,BLK-A2,Block A2,SP-003,Training Hall A,Training Room,2026-01-16 07:00:00,80,6,74,7.5,UNDERUSED,0
F001,Smart Campus,B002,Building B,BLK-B1,Block B1,SP-004,Open Workspace B1,Workspace,2026-01-16 07:00:00,150,3,147,2.0,UNDERUSED,0
F001,Smart Campus,B002,Building B,BLK-B1,Block B1,SP-005,Meeting Room B,Meeting Room,2026-01-16 07:00:00,25,1,24,4.0,UNDERUSED,0
F001,Smart Campus,B002,Building B,BLK-B2,Block B2,SP-006,Cafeteria B,Cafeteria,2026-01-16 07:00:00,180,10,170,5.56,UNDERUSED,0
F001,Smart Campus,B003,Building C,BLK-C1,Block C1,SP-007,Open Workspace C1,Workspace,2026-01-16 07:00:00,100,10,90,10.0,UNDERUSED,0
F001,Smart Campus,B003,Building C,BLK-C1,Block C1,SP-008,Server Operations Room,Restricted Area,2026-01-16 07:00:00,20,2,18,10.0,UNDERUSED,0
F001,Smart Campus,B001,Building A,BLK-A1,Block A1,SP-001,Open Workspace A1,Workspace,2026-01-16 08:00:00,120,6,114,5.0,UNDERUSED,0
F001,Smart Campus,B001,Building A,BLK-A1,Block A1,SP-002,Conference Room A,Meeting Room,2026-01-16 08:00:00,30,2,28,6.67,UNDERUSED,0
F001,Smart Campus,B001,Building A,BLK-A2,Block A2,SP-003,Training Hall A,Training Room,2026-01-16 08:00:00,80,5,75,6.25,UNDERUSED,0
F001,Smart Campus,B002,Building B,BLK-B1,Block B1,SP-004,Open Workspace B1,Workspace,2026-01-16 08:00:00,150,7,143,4.67,UNDERUSED,0
F001,Smart Campus,B002,Building B,BLK-B1,Block B1,SP-005,Meeting Room B,Meeting Room,2026-01-16 08:00:00,25,0,25,0.0,UNDERUSED,0
F001,Smart Campus,B002,Building B,BLK-B2,Block B2,SP-006,Cafeteria B,Cafeteria,2026-01-16 08:00:00,180,49,131,27.22,LOW,0
F001,Smart Campus,B003,Building C,BLK-C1,Block C1,SP-007,Open Workspace C1,Workspace,2026-01-16 08:00:00,100,5,95,5.0,UNDERUSED,0
F001,Smart Campus,B003,Building C,BLK-C1,Block C1,SP-008,Server Operations Room,Restricted Area,2026-01-16 08:00:00,20,7,13,35.0,LOW,0
F001,Smart Campus,B001,Building A,BLK-A1,Block A1,SP-001,Open Workspace A1,Workspace,2026-01-16 09:00:00,120,107,13,89.17,HIGH,0
F001,Smart Campus,B001,Building A,BLK-A1,Block A1,SP-002,Conference Room A,Meeting Room,2026-01-16 09:00:00,30,8,22,26.67,LOW,0
F001,Smart Campus,B001,Building A,BLK-A2,Block A2,SP-003,Training Hall A,Training Room,2026-01-16 09:00:00,80,60,20,75.0,HIGH,0
F001,Smart Campus,B002,Building B,BLK-B1,Block B1,SP-004,Open Workspace B1,Workspace,2026-01-16 09:00:00,150,118,32,78.67,HIGH,0
F001,Smart Campus,B002,Building B,BLK-B1,Block B1,SP-005,Meeting Room B,Meeting Room,2026-01-16 09:00:00,25,17,8,68.0,OPTIMAL,0
F001,Smart Campus,B002,Building B,BLK-B2,Block B2,SP-006,Cafeteria B,Cafeteria,2026-01-16 09:00:00,180,53,127,29.44,LOW,0
F001,Smart Campus,B003,Building C,BLK-C1,Block C1,SP-007,Open Workspace C1,Workspace,2026-01-16 09:00:00,100,79,21,79.0,HIGH,0
F001,Smart Campus,B003,Building C,BLK-C1,Block C1,SP-008,Server Operations Room,Restricted Area,2026-01-16 09:00:00,20,6,14,30.0,LOW,0
F001,Smart Campus,B001,Building A,BLK-A1,Block A1,SP-001,Open Workspace A1,Workspace,2026-01-16 10:00:00,120,87,33,72.5,OPTIMAL,0
F001,Smart Campus,B001,Building A,BLK-A1,Block A1,SP-002,Conference Room A,Meeting Room,2026-01-16 10:00:00,30,15,15,50.0,OPTIMAL,0
F001,Smart Campus,B001,Building A,BLK-A2,Block A2,SP-003,Training Hall A,Training Room,2026-01-16 10:00:00,80,16,64,20.0,LOW,0
F001,Smart Campus,B002,Building B,BLK-B1,Block B1,SP-004,Open Workspace B1,Workspace,2026-01-16 10:00:00,150,133,17,88.67,HIGH,0
F001,Smart Campus,B002,Building B,BLK-B1,Block B1,SP-005,Meeting Room B,Meeting Room,2026-01-16 10:00:00,25,13,12,52.0,OPTIMAL,0
F001,Smart Campus,B002,Building B,BLK-B2,Block B2,SP-006,Cafeteria B,Cafeteria,2026-01-16 10:00:00,180,24,156,13.33,UNDERUSED,0
F001,Smart Campus,B003,Building C,BLK-C1,Block C1,SP-007,Open Workspace C1,Workspace,2026-01-16 10:00:00,100,77,23,77.0,HIGH,0
F001,Smart Campus,B003,Building C,BLK-C1,Block C1,SP-008,Server Operations Room,Restricted Area,2026-01-16 10:00:00,20,2,18,10.0,UNDERUSED,0
F001,Smart Campus,B001,Building A,BLK-A1,Block A1,SP-001,Open Workspace A1,Workspace,2026-01-16 11:00:00,120,86,34,71.67,OPTIMAL,0
F001,Smart Campus,B001,Building A,BLK-A1,Block A1,SP-002,Conference Room A,Meeting Room,2026-01-16 11:00:00,30,7,23,23.33,LOW,0
F001,Smart Campus,B001,Building A,BLK-A2,Block A2,SP-003,Training Hall A,Training Room,2026-01-16 11:00:00,80,44,36,55.0,OPTIMAL,0
F001,Smart Campus,B002,Building B,BLK-B1,Block B1,SP-004,Open Workspace B1,Workspace,2026-01-16 11:00:00,150,130,20,86.67,HIGH,0
F001,Smart Campus,B002,Building B,BLK-B1,Block B1,SP-005,Meeting Room B,Meeting Room,2026-01-16 11:00:00,25,13,12,52.0,OPTIMAL,0
F001,Smart Campus,B002,Building B,BLK-B2,Block B2,SP-006,Cafeteria B,Cafeteria,2026-01-16 11:00:00,180,6,174,3.33,UNDERUSED,0
F001,Smart Campus,B003,Building C,BLK-C1,Block C1,SP-007,Open Workspace C1,Workspace,2026-01-16 11:00:00,100,79,21,79.0,HIGH,0
F001,Smart Campus,B003,Building C,BLK-C1,Block C1,SP-008,Server Operations Room,Restricted Area,2026-01-16 11:00:00,20,2,18,10.0,UNDERUSED,0
F001,Smart Campus,B001,Building A,BLK-A1,Block A1,SP-001,Open Workspace A1,Workspace,2026-01-16 12:00:00,120,52,68,43.33,OPTIMAL,0
F001,Smart Campus,B001,Building A,BLK-A1,Block A1,SP-002,Conference Room A,Meeting Room,2026-01-16 12:00:00,30,9,21,30.0,LOW,0
F001,Smart Campus,B001,Building A,BLK-A2,Block A2,SP-003,Training Hall A,Training Room,2026-01-16 12:00:00,80,29,51,36.25,LOW,0
F001,Smart Campus,B002,Building B,BLK-B1,Block B1,SP-004,Open Workspace B1,Workspace,2026-01-16 12:00:00,150,87,63,58.0,OPTIMAL,0
F001,Smart Campus,B002,Building B,BLK-B1,Block B1,SP-005,Meeting Room B,Meeting Room,2026-01-16 12:00:00,25,10,15,40.0,OPTIMAL,0
F001,Smart Campus,B002,Building B,BLK-B2,Block B2,SP-006,Cafeteria B,Cafeteria,2026-01-16 12:00:00,180,168,12,93.33,HIGH,0
F001,Smart Campus,B003,Building C,BLK-C1,Block C1,SP-007,Open Workspace C1,Workspace,2026-01-16 12:00:00,100,54,46,54.0,OPTIMAL,0
F001,Smart Campus,B003,Building C,BLK-C1,Block C1,SP-008,Server Operations Room,Restricted Area,2026-01-16 12:00:00,20,2,18,10.0,UNDERUSED,0
F001,Smart Campus,B001,Building A,BLK-A1,Block A1,SP-001,Open Workspace A1,Workspace,2026-01-16 13:00:00,120,58,62,48.33,OPTIMAL,0
F001,Smart Campus,B001,Building A,BLK-A1,Block A1,SP-002,Conference Room A,Meeting Room,2026-01-16 13:00:00,30,22,8,73.33,OPTIMAL,0
F001,Smart Campus,B001,Building A,BLK-A2,Block A2,SP-003,Training Hall A,Training Room,2026-01-16 13:00:00,80,30,50,37.5,LOW,0
F001,Smart Campus,B002,Building B,BLK-B1,Block B1,SP-004,Open Workspace B1,Workspace,2026-01-16 13:00:00,150,78,72,52.0,OPTIMAL,0
F001,Smart Campus,B002,Building B,BLK-B1,Block B1,SP-005,Meeting Room B,Meeting Room,2026-01-16 13:00:00,25,14,11,56.0,OPTIMAL,0
F001,Smart Campus,B002,Building B,BLK-B2,Block B2,SP-006,Cafeteria B,Cafeteria,2026-01-16 13:00:00,180,127,53,70.56,OPTIMAL,0
F001,Smart Campus,B003,Building C,BLK-C1,Block C1,SP-007,Open Workspace C1,Workspace,2026-01-16 13:00:00,100,44,56,44.0,OPTIMAL,0
F001,Smart Campus,B003,Building C,BLK-C1,Block C1,SP-008,Server Operations Room,Restricted Area,2026-01-16 13:00:00,20,3,17,15.0,LOW,0
F001,Smart Campus,B001,Building A,BLK-A1,Block A1,SP-001,Open Workspace A1,Workspace,2026-01-16 14:00:00,120,75,45,62.5,OPTIMAL,0
F001,Smart Campus,B001,Building A,BLK-A1,Block A1,SP-002,Conference Room A,Meeting Room,2026-01-16 14:00:00,30,10,20,33.33,LOW,0
F001,Smart Campus,B001,Building A,BLK-A2,Block A2,SP-003,Training Hall A,Training Room,2026-01-16 14:00:00,80,59,21,73.75,OPTIMAL,0
F001,Smart Campus,B002,Building B,BLK-B1,Block B1,SP-004,Open Workspace B1,Workspace,2026-01-16 14:00:00,150,125,25,83.33,HIGH,0
F001,Smart Campus,B002,Building B,BLK-B1,Block B1,SP-005,Meeting Room B,Meeting Room,2026-01-16 14:00:00,25,14,11,56.0,OPTIMAL,0
F001,Smart Campus,B002,Building B,BLK-B2,Block B2,SP-006,Cafeteria B,Cafeteria,2026-01-16 14:00:00,180,160,20,88.89,HIGH,0
F001,Smart Campus,B003,Building C,BLK-C1,Block C1,SP-007,Open Workspace C1,Workspace,2026-01-16 14:00:00,100,73,27,73.0,OPTIMAL,0
F001,Smart Campus,B003,Building C,BLK-C1,Block C1,SP-008,Server Operations Room,Restricted Area,2026-01-16 14:00:00,20,6,14,30.0,LOW,0
F001,Smart Campus,B001,Building A,BLK-A1,Block A1,SP-001,Open Workspace A1,Workspace,2026-01-16 15:00:00,120,88,32,73.33,OPTIMAL,0
F001,Smart Campus,B001,Building A,BLK-A1,Block A1,SP-002,Conference Room A,Meeting Room,2026-01-16 15:00:00,30,13,17,43.33,OPTIMAL,0
F001,Smart Campus,B001,Building A,BLK-A2,Block A2,SP-003,Training Hall A,Training Room,2026-01-16 15:00:00,80,59,21,73.75,OPTIMAL,0
F001,Smart Campus,B002,Building B,BLK-B1,Block B1,SP-004,Open Workspace B1,Workspace,2026-01-16 15:00:00,150,122,28,81.33,HIGH,0
F001,Smart Campus,B002,Building B,BLK-B1,Block B1,SP-005,Meeting Room B,Meeting Room,2026-01-16 15:00:00,25,17,8,68.0,OPTIMAL,0
F001,Smart Campus,B002,Building B,BLK-B2,Block B2,SP-006,Cafeteria B,Cafeteria,2026-01-16 15:00:00,180,23,157,12.78,UNDERUSED,0
F001,Smart Campus,B003,Building C,BLK-C1,Block C1,SP-007,Open Workspace C1,Workspace,2026-01-16 15:00:00,100,84,16,84.0,HIGH,0
F001,Smart Campus,B003,Building C,BLK-C1,Block C1,SP-008,Server Operations Room,Restricted Area,2026-01-16 15:00:00,20,2,18,10.0,UNDERUSED,0
F001,Smart Campus,B001,Building A,BLK-A1,Block A1,SP-001,Open Workspace A1,Workspace,2026-01-16 16:00:00,120,76,44,63.33,OPTIMAL,0
F001,Smart Campus,B001,Building A,BLK-A1,Block A1,SP-002,Conference Room A,Meeting Room,2026-01-16 16:00:00,30,19,11,63.33,OPTIMAL,0
F001,Smart Campus,B001,Building A,BLK-A2,Block A2,SP-003,Training Hall A,Training Room,2026-01-16 16:00:00,80,20,60,25.0,LOW,0
F001,Smart Campus,B002,Building B,BLK-B1,Block B1,SP-004,Open Workspace B1,Workspace,2026-01-16 16:00:00,150,122,28,81.33,HIGH,0
F001,Smart Campus,B002,Building B,BLK-B1,Block B1,SP-005,Meeting Room B,Meeting Room,2026-01-16 16:00:00,25,7,18,28.0,LOW,0
F001,Smart Campus,B002,Building B,BLK-B2,Block B2,SP-006,Cafeteria B,Cafeteria,2026-01-16 16:00:00,180,68,112,37.78,LOW,0
F001,Smart Campus,B003,Building C,BLK-C1,Block C1,SP-007,Open Workspace C1,Workspace,2026-01-16 16:00:00,100,63,37,63.0,OPTIMAL,0
F001,Smart Campus,B003,Building C,BLK-C1,Block C1,SP-008,Server Operations Room,Restricted Area,2026-01-16 16:00:00,20,1,19,5.0,UNDERUSED,0
F001,Smart Campus,B001,Building A,BLK-A1,Block A1,SP-001,Open Workspace A1,Workspace,2026-01-16 17:00:00,120,97,23,80.83,HIGH,0
F001,Smart Campus,B001,Building A,BLK-A1,Block A1,SP-002,Conference Room A,Meeting Room,2026-01-16 17:00:00,30,24,6,80.0,HIGH,0
F001,Smart Campus,B001,Building A,BLK-A2,Block A2,SP-003,Training Hall A,Training Room,2026-01-16 17:00:00,80,6,74,7.5,UNDERUSED,0
F001,Smart Campus,B002,Building B,BLK-B1,Block B1,SP-004,Open Workspace B1,Workspace,2026-01-16 17:00:00,150,105,45,70.0,OPTIMAL,0
F001,Smart Campus,B002,Building B,BLK-B1,Block B1,SP-005,Meeting Room B,Meeting Room,2026-01-16 17:00:00,25,19,6,76.0,HIGH,0
F001,Smart Campus,B002,Building B,BLK-B2,Block B2,SP-006,Cafeteria B,Cafeteria,2026-01-16 17:00:00,180,88,92,48.89,OPTIMAL,0
F001,Smart Campus,B003,Building C,BLK-C1,Block C1,SP-007,Open Workspace C1,Workspace,2026-01-16 17:00:00,100,64,36,64.0,OPTIMAL,0
F001,Smart Campus,B003,Building C,BLK-C1,Block C1,SP-008,Server Operations Room,Restricted Area,2026-01-16 17:00:00,20,5,15,25.0,LOW,0
F001,Smart Campus,B001,Building A,BLK-A1,Block A1,SP-001,Open Workspace A1,Workspace,2026-01-16 18:00:00,120,35,85,29.17,LOW,0
F001,Smart Campus,B001,Building A,BLK-A1,Block A1,SP-002,Conference Room A,Meeting Room,2026-01-16 18:00:00,30,31,0,103.33,OVERCROWDED,1
F001,Smart Campus,B001,Building A,BLK-A2,Block A2,SP-003,Training Hall A,Training Room,2026-01-16 18:00:00,80,1,79,1.25,UNDERUSED,0
F001,Smart Campus,B002,Building B,BLK-B1,Block B1,SP-004,Open Workspace B1,Workspace,2026-01-16 18:00:00,150,56,94,37.33,LOW,0
F001,Smart Campus,B002,Building B,BLK-B1,Block B1,SP-005,Meeting Room B,Meeting Room,2026-01-16 18:00:00,25,2,23,8.0,UNDERUSED,0
F001,Smart Campus,B002,Building B,BLK-B2,Block B2,SP-006,Cafeteria B,Cafeteria,2026-01-16 18:00:00,180,9,171,5.0,UNDERUSED,0
F001,Smart Campus,B003,Building C,BLK-C1,Block C1,SP-007,Open Workspace C1,Workspace,2026-01-16 18:00:00,100,33,67,33.0,LOW,0
F001,Smart Campus,B003,Building C,BLK-C1,Block C1,SP-008,Server Operations Room,Restricted Area,2026-01-16 18:00:00,20,5,15,25.0,LOW,0
F001,Smart Campus,B001,Building A,BLK-A1,Block A1,SP-001,Open Workspace A1,Workspace,2026-01-16 19:00:00,120,47,73,39.17,LOW,0
F001,Smart Campus,B001,Building A,BLK-A1,Block A1,SP-002,Conference Room A,Meeting Room,2026-01-16 19:00:00,30,1,29,3.33,UNDERUSED,0
F001,Smart Campus,B001,Building A,BLK-A2,Block A2,SP-003,Training Hall A,Training Room,2026-01-16 19:00:00,80,1,79,1.25,UNDERUSED,0
F001,Smart Campus,B002,Building B,BLK-B1,Block B1,SP-004,Open Workspace B1,Workspace,2026-01-16 19:00:00,150,27,123,18.0,LOW,0
F001,Smart Campus,B002,Building B,BLK-B1,Block B1,SP-005,Meeting Room B,Meeting Room,2026-01-16 19:00:00,25,0,25,0.0,UNDERUSED,0
F001,Smart Campus,B002,Building B,BLK-B2,Block B2,SP-006,Cafeteria B,Cafeteria,2026-01-16 19:00:00,180,7,173,3.89,UNDERUSED,0
F001,Smart Campus,B003,Building C,BLK-C1,Block C1,SP-007,Open Workspace C1,Workspace,2026-01-16 19:00:00,100,33,67,33.0,LOW,0
F001,Smart Campus,B003,Building C,BLK-C1,Block C1,SP-008,Server Operations Room,Restricted Area,2026-01-16 19:00:00,20,1,19,5.0,UNDERUSED,0
F001,Smart Campus,B001,Building A,BLK-A1,Block A1,SP-001,Open Workspace A1,Workspace,2026-01-16 20:00:00,120,21,99,17.5,LOW,0
F001,Smart Campus,B001,Building A,BLK-A1,Block A1,SP-002,Conference Room A,Meeting Room,2026-01-16 20:00:00,30,2,28,6.67,UNDERUSED,0
F001,Smart Campus,B001,Building A,BLK-A2,Block A2,SP-003,Training Hall A,Training Room,2026-01-16 20:00:00,80,6,74,7.5,UNDERUSED,0
F001,Smart Campus,B002,Building B,BLK-B1,Block B1,SP-004,Open Workspace B1,Workspace,2026-01-16 20:00:00,150,43,107,28.67,LOW,0
F001,Smart Campus,B002,Building B,BLK-B1,Block B1,SP-005,Meeting Room B,Meeting Room,2026-01-16 20:00:00,25,2,23,8.0,UNDERUSED,0
F001,Smart Campus,B002,Building B,BLK-B2,Block B2,SP-006,Cafeteria B,Cafeteria,2026-01-16 20:00:00,180,5,175,2.78,UNDERUSED,0
F001,Smart Campus,B003,Building C,BLK-C1,Block C1,SP-007,Open Workspace C1,Workspace,2026-01-16 20:00:00,100,27,73,27.0,LOW,0
F001,Smart Campus,B003,Building C,BLK-C1,Block C1,SP-008,Server Operations Room,Restricted Area,2026-01-16 20:00:00,20,2,18,10.0,UNDERUSED,0
F001,Smart Campus,B001,Building A,BLK-A1,Block A1,SP-001,Open Workspace A1,Workspace,2026-01-16 21:00:00,120,7,113,5.83,UNDERUSED,0
F001,Smart Campus,B001,Building A,BLK-A1,Block A1,SP-002,Conference Room A,Meeting Room,2026-01-16 21:00:00,30,1,29,3.33,UNDERUSED,0
F001,Smart Campus,B001,Building A,BLK-A2,Block A2,SP-003,Training Hall A,Training Room,2026-01-16 21:00:00,80,1,79,1.25,UNDERUSED,0
F001,Smart Campus,B002,Building B,BLK-B1,Block B1,SP-004,Open Workspace B1,Workspace,2026-01-16 21:00:00,150,7,143,4.67,UNDERUSED,0
F001,Smart Campus,B002,Building B,BLK-B1,Block B1,SP-005,Meeting Room B,Meeting Room,2026-01-16 21:00:00,25,0,25,0.0,UNDERUSED,0
F001,Smart Campus,B002,Building B,BLK-B2,Block B2,SP-006,Cafeteria B,Cafeteria,2026-01-16 21:00:00,180,26,154,14.44,UNDERUSED,0
F001,Smart Campus,B003,Building C,BLK-C1,Block C1,SP-007,Open Workspace C1,Workspace,2026-01-16 21:00:00,100,10,90,10.0,UNDERUSED,0
F001,Smart Campus,B003,Building C,BLK-C1,Block C1,SP-008,Server Operations Room,Restricted Area,2026-01-16 21:00:00,20,5,15,25.0,LOW,0
F001,Smart Campus,B001,Building A,BLK-A1,Block A1,SP-001,Open Workspace A1,Workspace,2026-01-16 22:00:00,120,3,117,2.5,UNDERUSED,0
F001,Smart Campus,B001,Building A,BLK-A1,Block A1,SP-002,Conference Room A,Meeting Room,2026-01-16 22:00:00,30,2,28,6.67,UNDERUSED,0
F001,Smart Campus,B001,Building A,BLK-A2,Block A2,SP-003,Training Hall A,Training Room,2026-01-16 22:00:00,80,5,75,6.25,UNDERUSED,0
F001,Smart Campus,B002,Building B,BLK-B1,Block B1,SP-004,Open Workspace B1,Workspace,2026-01-16 22:00:00,150,5,145,3.33,UNDERUSED,0
F001,Smart Campus,B002,Building B,BLK-B1,Block B1,SP-005,Meeting Room B,Meeting Room,2026-01-16 22:00:00,25,2,23,8.0,UNDERUSED,0
F001,Smart Campus,B002,Building B,BLK-B2,Block B2,SP-006,Cafeteria B,Cafeteria,2026-01-16 22:00:00,180,15,165,8.33,UNDERUSED,0
F001,Smart Campus,B003,Building C,BLK-C1,Block C1,SP-007,Open Workspace C1,Workspace,2026-01-16 22:00:00,100,5,95,5.0,UNDERUSED,0
F001,Smart Campus,B003,Building C,BLK-C1,Block C1,SP-008,Server Operations Room,Restricted Area,2026-01-16 22:00:00,20,3,17,15.0,LOW,0
F001,Smart Campus,B001,Building A,BLK-A1,Block A1,SP-001,Open Workspace A1,Workspace,2026-01-16 23:00:00,120,2,118,1.67,UNDERUSED,0
F001,Smart Campus,B001,Building A,BLK-A1,Block A1,SP-002,Conference Room A,Meeting Room,2026-01-16 23:00:00,30,1,29,3.33,UNDERUSED,0
F001,Smart Campus,B001,Building A,BLK-A2,Block A2,SP-003,Training Hall A,Training Room,2026-01-16 23:00:00,80,1,79,1.25,UNDERUSED,0
F001,Smart Campus,B002,Building B,BLK-B1,Block B1,SP-004,Open Workspace B1,Workspace,2026-01-16 23:00:00,150,2,148,1.33,UNDERUSED,0
F001,Smart Campus,B002,Building B,BLK-B1,Block B1,SP-005,Meeting Room B,Meeting Room,2026-01-16 23:00:00,25,2,23,8.0,UNDERUSED,0
F001,Smart Campus,B002,Building B,BLK-B2,Block B2,SP-006,Cafeteria B,Cafeteria,2026-01-16 23:00:00,180,13,167,7.22,UNDERUSED,0
F001,Smart Campus,B003,Building C,BLK-C1,Block C1,SP-007,Open Workspace C1,Workspace,2026-01-16 23:00:00,100,2,98,2.0,UNDERUSED,0
F001,Smart Campus,B003,Building C,BLK-C1,Block C1,SP-008,Server Operations Room,Restricted Area,2026-01-16 23:00:00,20,2,18,10.0,UNDERUSED,0
F001,Smart Campus,B001,Building A,BLK-A1,Block A1,SP-001,Open Workspace A1,Workspace,2026-01-17 00:00:00,120,9,111,7.5,UNDERUSED,0
F001,Smart Campus,B001,Building A,BLK-A1,Block A1,SP-002,Conference Room A,Meeting Room,2026-01-17 00:00:00,30,2,28,6.67,UNDERUSED,0
F001,Smart Campus,B001,Building A,BLK-A2,Block A2,SP-003,Training Hall A,Training Room,2026-01-17 00:00:00,80,4,76,5.0,UNDERUSED,0
F001,Smart Campus,B002,Building B,BLK-B1,Block B1,SP-004,Open Workspace B1,Workspace,2026-01-17 00:00:00,150,5,145,3.33,UNDERUSED,0
F001,Smart Campus,B002,Building B,BLK-B1,Block B1,SP-005,Meeting Room B,Meeting Room,2026-01-17 00:00:00,25,2,23,8.0,UNDERUSED,0
F001,Smart Campus,B002,Building B,BLK-B2,Block B2,SP-006,Cafeteria B,Cafeteria,2026-01-17 00:00:00,180,26,154,14.44,UNDERUSED,0
F001,Smart Campus,B003,Building C,BLK-C1,Block C1,SP-007,Open Workspace C1,Workspace,2026-01-17 00:00:00,100,5,95,5.0,UNDERUSED,0
F001,Smart Campus,B003,Building C,BLK-C1,Block C1,SP-008,Server Operations Room,Restricted Area,2026-01-17 00:00:00,20,3,17,15.0,LOW,0
F001,Smart Campus,B001,Building A,BLK-A1,Block A1,SP-001,Open Workspace A1,Workspace,2026-01-17 01:00:00,120,5,115,4.17,UNDERUSED,0
F001,Smart Campus,B001,Building A,BLK-A1,Block A1,SP-002,Conference Room A,Meeting Room,2026-01-17 01:00:00,30,0,30,0.0,UNDERUSED,0
F001,Smart Campus,B001,Building A,BLK-A2,Block A2,SP-003,Training Hall A,Training Room,2026-01-17 01:00:00,80,6,74,7.5,UNDERUSED,0
F001,Smart Campus,B002,Building B,BLK-B1,Block B1,SP-004,Open Workspace B1,Workspace,2026-01-17 01:00:00,150,11,139,7.33,UNDERUSED,0
F001,Smart Campus,B002,Building B,BLK-B1,Block B1,SP-005,Meeting Room B,Meeting Room,2026-01-17 01:00:00,25,0,25,0.0,UNDERUSED,0
F001,Smart Campus,B002,Building B,BLK-B2,Block B2,SP-006,Cafeteria B,Cafeteria,2026-01-17 01:00:00,180,15,165,8.33,UNDERUSED,0
F001,Smart Campus,B003,Building C,BLK-C1,Block C1,SP-007,Open Workspace C1,Workspace,2026-01-17 01:00:00,100,7,93,7.0,UNDERUSED,0
F001,Smart Campus,B003,Building C,BLK-C1,Block C1,SP-008,Server Operations Room,Restricted Area,2026-01-17 01:00:00,20,5,15,25.0,LOW,0
F001,Smart Campus,B001,Building A,BLK-A1,Block A1,SP-001,Open Workspace A1,Workspace,2026-01-17 02:00:00,120,6,114,5.0,UNDERUSED,0
F001,Smart Campus,B001,Building A,BLK-A1,Block A1,SP-002,Conference Room A,Meeting Room,2026-01-17 02:00:00,30,2,28,6.67,UNDERUSED,0
F001,Smart Campus,B001,Building A,BLK-A2,Block A2,SP-003,Training Hall A,Training Room,2026-01-17 02:00:00,80,3,77,3.75,UNDERUSED,0
F001,Smart Campus,B002,Building B,BLK-B1,Block B1,SP-004,Open Workspace B1,Workspace,2026-01-17 02:00:00,150,10,140,6.67,UNDERUSED,0
F001,Smart Campus,B002,Building B,BLK-B1,Block B1,SP-005,Meeting Room B,Meeting Room,2026-01-17 02:00:00,25,2,23,8.0,UNDERUSED,0
F001,Smart Campus,B002,Building B,BLK-B2,Block B2,SP-006,Cafeteria B,Cafeteria,2026-01-17 02:00:00,180,4,176,2.22,UNDERUSED,0
F001,Smart Campus,B003,Building C,BLK-C1,Block C1,SP-007,Open Workspace C1,Workspace,2026-01-17 02:00:00,100,9,91,9.0,UNDERUSED,0
F001,Smart Campus,B003,Building C,BLK-C1,Block C1,SP-008,Server Operations Room,Restricted Area,2026-01-17 02:00:00,20,5,15,25.0,LOW,0
F001,Smart Campus,B001,Building A,BLK-A1,Block A1,SP-001,Open Workspace A1,Workspace,2026-01-17 03:00:00,120,11,109,9.17,UNDERUSED,0
F001,Smart Campus,B001,Building A,BLK-A1,Block A1,SP-002,Conference Room A,Meeting Room,2026-01-17 03:00:00,30,0,30,0.0,UNDERUSED,0
F001,Smart Campus,B001,Building A,BLK-A2,Block A2,SP-003,Training Hall A,Training Room,2026-01-17 03:00:00,80,2,78,2.5,UNDERUSED,0
F001,Smart Campus,B002,Building B,BLK-B1,Block B1,SP-004,Open Workspace B1,Workspace,2026-01-17 03:00:00,150,10,140,6.67,UNDERUSED,0
F001,Smart Campus,B002,Building B,BLK-B1,Block B1,SP-005,Meeting Room B,Meeting Room,2026-01-17 03:00:00,25,2,23,8.0,UNDERUSED,0
F001,Smart Campus,B002,Building B,BLK-B2,Block B2,SP-006,Cafeteria B,Cafeteria,2026-01-17 03:00:00,180,25,155,13.89,UNDERUSED,0
F001,Smart Campus,B003,Building C,BLK-C1,Block C1,SP-007,Open Workspace C1,Workspace,2026-01-17 03:00:00,100,4,96,4.0,UNDERUSED,0
F001,Smart Campus,B003,Building C,BLK-C1,Block C1,SP-008,Server Operations Room,Restricted Area,2026-01-17 03:00:00,20,1,19,5.0,UNDERUSED,0
F001,Smart Campus,B001,Building A,BLK-A1,Block A1,SP-001,Open Workspace A1,Workspace,2026-01-17 04:00:00,120,6,114,5.0,UNDERUSED,0
F001,Smart Campus,B001,Building A,BLK-A1,Block A1,SP-002,Conference Room A,Meeting Room,2026-01-17 04:00:00,30,2,28,6.67,UNDERUSED,0
F001,Smart Campus,B001,Building A,BLK-A2,Block A2,SP-003,Training Hall A,Training Room,2026-01-17 04:00:00,80,2,78,2.5,UNDERUSED,0
F001,Smart Campus,B002,Building B,BLK-B1,Block B1,SP-004,Open Workspace B1,Workspace,2026-01-17 04:00:00,150,9,141,6.0,UNDERUSED,0
F001,Smart Campus,B002,Building B,BLK-B1,Block B1,SP-005,Meeting Room B,Meeting Room,2026-01-17 04:00:00,25,1,24,4.0,UNDERUSED,0
F001,Smart Campus,B002,Building B,BLK-B2,Block B2,SP-006,Cafeteria B,Cafeteria,2026-01-17 04:00:00,180,17,163,9.44,UNDERUSED,0
F001,Smart Campus,B003,Building C,BLK-C1,Block C1,SP-007,Open Workspace C1,Workspace,2026-01-17 04:00:00,100,2,98,2.0,UNDERUSED,0
F001,Smart Campus,B003,Building C,BLK-C1,Block C1,SP-008,Server Operations Room,Restricted Area,2026-01-17 04:00:00,20,3,17,15.0,LOW,0
F001,Smart Campus,B001,Building A,BLK-A1,Block A1,SP-001,Open Workspace A1,Workspace,2026-01-17 05:00:00,120,9,111,7.5,UNDERUSED,0
F001,Smart Campus,B001,Building A,BLK-A1,Block A1,SP-002,Conference Room A,Meeting Room,2026-01-17 05:00:00,30,2,28,6.67,UNDERUSED,0
F001,Smart Campus,B001,Building A,BLK-A2,Block A2,SP-003,Training Hall A,Training Room,2026-01-17 05:00:00,80,3,77,3.75,UNDERUSED,0
F001,Smart Campus,B002,Building B,BLK-B1,Block B1,SP-004,Open Workspace B1,Workspace,2026-01-17 05:00:00,150,13,137,8.67,UNDERUSED,0
F001,Smart Campus,B002,Building B,BLK-B1,Block B1,SP-005,Meeting Room B,Meeting Room,2026-01-17 05:00:00,25,2,23,8.0,UNDERUSED,0
F001,Smart Campus,B002,Building B,BLK-B2,Block B2,SP-006,Cafeteria B,Cafeteria,2026-01-17 05:00:00,180,10,170,5.56,UNDERUSED,0
F001,Smart Campus,B003,Building C,BLK-C1,Block C1,SP-007,Open Workspace C1,Workspace,2026-01-17 05:00:00,100,10,90,10.0,UNDERUSED,0
F001,Smart Campus,B003,Building C,BLK-C1,Block C1,SP-008,Server Operations Room,Restricted Area,2026-01-17 05:00:00,20,2,18,10.0,UNDERUSED,0
F001,Smart Campus,B001,Building A,BLK-A1,Block A1,SP-001,Open Workspace A1,Workspace,2026-01-17 06:00:00,120,2,118,1.67,UNDERUSED,0
F001,Smart Campus,B001,Building A,BLK-A1,Block A1,SP-002,Conference Room A,Meeting Room,2026-01-17 06:00:00,30,0,30,0.0,UNDERUSED,0
F001,Smart Campus,B001,Building A,BLK-A2,Block A2,SP-003,Training Hall A,Training Room,2026-01-17 06:00:00,80,0,80,0.0,UNDERUSED,0
F001,Smart Campus,B002,Building B,BLK-B1,Block B1,SP-004,Open Workspace B1,Workspace,2026-01-17 06:00:00,150,8,142,5.33,UNDERUSED,0
F001,Smart Campus,B002,Building B,BLK-B1,Block B1,SP-005,Meeting Room B,Meeting Room,2026-01-17 06:00:00,25,2,23,8.0,UNDERUSED,0
F001,Smart Campus,B002,Building B,BLK-B2,Block B2,SP-006,Cafeteria B,Cafeteria,2026-01-17 06:00:00,180,11,169,6.11,UNDERUSED,0
F001,Smart Campus,B003,Building C,BLK-C1,Block C1,SP-007,Open Workspace C1,Workspace,2026-01-17 06:00:00,100,5,95,5.0,UNDERUSED,0
F001,Smart Campus,B003,Building C,BLK-C1,Block C1,SP-008,Server Operations Room,Restricted Area,2026-01-17 06:00:00,20,2,18,10.0,UNDERUSED,0
F001,Smart Campus,B001,Building A,BLK-A1,Block A1,SP-001,Open Workspace A1,Workspace,2026-01-17 07:00:00,120,8,112,6.67,UNDERUSED,0
F001,Smart Campus,B001,Building A,BLK-A1,Block A1,SP-002,Conference Room A,Meeting Room,2026-01-17 07:00:00,30,2,28,6.67,UNDERUSED,0
F001,Smart Campus,B001,Building A,BLK-A2,Block A2,SP-003,Training Hall A,Training Room,2026-01-17 07:00:00,80,0,80,0.0,UNDERUSED,0
F001,Smart Campus,B002,Building B,BLK-B1,Block B1,SP-004,Open Workspace B1,Workspace,2026-01-17 07:00:00,150,13,137,8.67,UNDERUSED,0
F001,Smart Campus,B002,Building B,BLK-B1,Block B1,SP-005,Meeting Room B,Meeting Room,2026-01-17 07:00:00,25,1,24,4.0,UNDERUSED,0
F001,Smart Campus,B002,Building B,BLK-B2,Block B2,SP-006,Cafeteria B,Cafeteria,2026-01-17 07:00:00,180,21,159,11.67,UNDERUSED,0
F001,Smart Campus,B003,Building C,BLK-C1,Block C1,SP-007,Open Workspace C1,Workspace,2026-01-17 07:00:00,100,9,91,9.0,UNDERUSED,0
F001,Smart Campus,B003,Building C,BLK-C1,Block C1,SP-008,Server Operations Room,Restricted Area,2026-01-17 07:00:00,20,5,15,25.0,LOW,0
F001,Smart Campus,B001,Building A,BLK-A1,Block A1,SP-001,Open Workspace A1,Workspace,2026-01-17 08:00:00,120,6,114,5.0,UNDERUSED,0
F001,Smart Campus,B001,Building A,BLK-A1,Block A1,SP-002,Conference Room A,Meeting Room,2026-01-17 08:00:00,30,2,28,6.67,UNDERUSED,0
F001,Smart Campus,B001,Building A,BLK-A2,Block A2,SP-003,Training Hall A,Training Room,2026-01-17 08:00:00,80,2,78,2.5,UNDERUSED,0
F001,Smart Campus,B002,Building B,BLK-B1,Block B1,SP-004,Open Workspace B1,Workspace,2026-01-17 08:00:00,150,4,146,2.67,UNDERUSED,0
F001,Smart Campus,B002,Building B,BLK-B1,Block B1,SP-005,Meeting Room B,Meeting Room,2026-01-17 08:00:00,25,1,24,4.0,UNDERUSED,0
F001,Smart Campus,B002,Building B,BLK-B2,Block B2,SP-006,Cafeteria B,Cafeteria,2026-01-17 08:00:00,180,59,121,32.78,LOW,0
F001,Smart Campus,B003,Building C,BLK-C1,Block C1,SP-007,Open Workspace C1,Workspace,2026-01-17 08:00:00,100,2,98,2.0,UNDERUSED,0
F001,Smart Campus,B003,Building C,BLK-C1,Block C1,SP-008,Server Operations Room,Restricted Area,2026-01-17 08:00:00,20,3,17,15.0,LOW,0
F001,Smart Campus,B001,Building A,BLK-A1,Block A1,SP-001,Open Workspace A1,Workspace,2026-01-17 09:00:00,120,97,23,80.83,HIGH,0
F001,Smart Campus,B001,Building A,BLK-A1,Block A1,SP-002,Conference Room A,Meeting Room,2026-01-17 09:00:00,30,18,12,60.0,OPTIMAL,0
F001,Smart Campus,B001,Building A,BLK-A2,Block A2,SP-003,Training Hall A,Training Room,2026-01-17 09:00:00,80,21,59,26.25,LOW,0
F001,Smart Campus,B002,Building B,BLK-B1,Block B1,SP-004,Open Workspace B1,Workspace,2026-01-17 09:00:00,150,107,43,71.33,OPTIMAL,0
F001,Smart Campus,B002,Building B,BLK-B1,Block B1,SP-005,Meeting Room B,Meeting Room,2026-01-17 09:00:00,25,13,12,52.0,OPTIMAL,0
F001,Smart Campus,B002,Building B,BLK-B2,Block B2,SP-006,Cafeteria B,Cafeteria,2026-01-17 09:00:00,180,65,115,36.11,LOW,0
F001,Smart Campus,B003,Building C,BLK-C1,Block C1,SP-007,Open Workspace C1,Workspace,2026-01-17 09:00:00,100,66,34,66.0,OPTIMAL,0
F001,Smart Campus,B003,Building C,BLK-C1,Block C1,SP-008,Server Operations Room,Restricted Area,2026-01-17 09:00:00,20,2,18,10.0,UNDERUSED,0
F001,Smart Campus,B001,Building A,BLK-A1,Block A1,SP-001,Open Workspace A1,Workspace,2026-01-17 10:00:00,120,102,18,85.0,HIGH,0
F001,Smart Campus,B001,Building A,BLK-A1,Block A1,SP-002,Conference Room A,Meeting Room,2026-01-17 10:00:00,30,9,21,30.0,LOW,0
F001,Smart Campus,B001,Building A,BLK-A2,Block A2,SP-003,Training Hall A,Training Room,2026-01-17 10:00:00,80,62,18,77.5,HIGH,0
F001,Smart Campus,B002,Building B,BLK-B1,Block B1,SP-004,Open Workspace B1,Workspace,2026-01-17 10:00:00,150,98,52,65.33,OPTIMAL,0
F001,Smart Campus,B002,Building B,BLK-B1,Block B1,SP-005,Meeting Room B,Meeting Room,2026-01-17 10:00:00,25,6,19,24.0,LOW,0
F001,Smart Campus,B002,Building B,BLK-B2,Block B2,SP-006,Cafeteria B,Cafeteria,2026-01-17 10:00:00,180,24,156,13.33,UNDERUSED,0
F001,Smart Campus,B003,Building C,BLK-C1,Block C1,SP-007,Open Workspace C1,Workspace,2026-01-17 10:00:00,100,75,25,75.0,HIGH,0
F001,Smart Campus,B003,Building C,BLK-C1,Block C1,SP-008,Server Operations Room,Restricted Area,2026-01-17 10:00:00,20,5,15,25.0,LOW,0
F001,Smart Campus,B001,Building A,BLK-A1,Block A1,SP-001,Open Workspace A1,Workspace,2026-01-17 11:00:00,120,106,14,88.33,HIGH,0
F001,Smart Campus,B001,Building A,BLK-A1,Block A1,SP-002,Conference Room A,Meeting Room,2026-01-17 11:00:00,30,9,21,30.0,LOW,0
F001,Smart Campus,B001,Building A,BLK-A2,Block A2,SP-003,Training Hall A,Training Room,2026-01-17 11:00:00,80,51,29,63.75,OPTIMAL,0
F001,Smart Campus,B002,Building B,BLK-B1,Block B1,SP-004,Open Workspace B1,Workspace,2026-01-17 11:00:00,150,117,33,78.0,HIGH,0
F001,Smart Campus,B002,Building B,BLK-B1,Block B1,SP-005,Meeting Room B,Meeting Room,2026-01-17 11:00:00,25,20,5,80.0,HIGH,0
F001,Smart Campus,B002,Building B,BLK-B2,Block B2,SP-006,Cafeteria B,Cafeteria,2026-01-17 11:00:00,180,9,171,5.0,UNDERUSED,0
F001,Smart Campus,B003,Building C,BLK-C1,Block C1,SP-007,Open Workspace C1,Workspace,2026-01-17 11:00:00,100,71,29,71.0,OPTIMAL,0
F001,Smart Campus,B003,Building C,BLK-C1,Block C1,SP-008,Server Operations Room,Restricted Area,2026-01-17 11:00:00,20,6,14,30.0,LOW,0
F001,Smart Campus,B001,Building A,BLK-A1,Block A1,SP-001,Open Workspace A1,Workspace,2026-01-17 12:00:00,120,60,60,50.0,OPTIMAL,0
F001,Smart Campus,B001,Building A,BLK-A1,Block A1,SP-002,Conference Room A,Meeting Room,2026-01-17 12:00:00,30,21,9,70.0,OPTIMAL,0
F001,Smart Campus,B001,Building A,BLK-A2,Block A2,SP-003,Training Hall A,Training Room,2026-01-17 12:00:00,80,36,44,45.0,OPTIMAL,0
F001,Smart Campus,B002,Building B,BLK-B1,Block B1,SP-004,Open Workspace B1,Workspace,2026-01-17 12:00:00,150,59,91,39.33,LOW,0
F001,Smart Campus,B002,Building B,BLK-B1,Block B1,SP-005,Meeting Room B,Meeting Room,2026-01-17 12:00:00,25,12,13,48.0,OPTIMAL,0
F001,Smart Campus,B002,Building B,BLK-B2,Block B2,SP-006,Cafeteria B,Cafeteria,2026-01-17 12:00:00,180,153,27,85.0,HIGH,0
F001,Smart Campus,B003,Building C,BLK-C1,Block C1,SP-007,Open Workspace C1,Workspace,2026-01-17 12:00:00,100,44,56,44.0,OPTIMAL,0
F001,Smart Campus,B003,Building C,BLK-C1,Block C1,SP-008,Server Operations Room,Restricted Area,2026-01-17 12:00:00,20,3,17,15.0,LOW,0
F001,Smart Campus,B001,Building A,BLK-A1,Block A1,SP-001,Open Workspace A1,Workspace,2026-01-17 13:00:00,120,62,58,51.67,OPTIMAL,0
F001,Smart Campus,B001,Building A,BLK-A1,Block A1,SP-002,Conference Room A,Meeting Room,2026-01-17 13:00:00,30,23,7,76.67,HIGH,0
F001,Smart Campus,B001,Building A,BLK-A2,Block A2,SP-003,Training Hall A,Training Room,2026-01-17 13:00:00,80,33,47,41.25,OPTIMAL,0
F001,Smart Campus,B002,Building B,BLK-B1,Block B1,SP-004,Open Workspace B1,Workspace,2026-01-17 13:00:00,150,83,67,55.33,OPTIMAL,0
F001,Smart Campus,B002,Building B,BLK-B1,Block B1,SP-005,Meeting Room B,Meeting Room,2026-01-17 13:00:00,25,21,4,84.0,HIGH,0
F001,Smart Campus,B002,Building B,BLK-B2,Block B2,SP-006,Cafeteria B,Cafeteria,2026-01-17 13:00:00,180,164,16,91.11,HIGH,0
F001,Smart Campus,B003,Building C,BLK-C1,Block C1,SP-007,Open Workspace C1,Workspace,2026-01-17 13:00:00,100,59,41,59.0,OPTIMAL,0
F001,Smart Campus,B003,Building C,BLK-C1,Block C1,SP-008,Server Operations Room,Restricted Area,2026-01-17 13:00:00,20,6,14,30.0,LOW,0
F001,Smart Campus,B001,Building A,BLK-A1,Block A1,SP-001,Open Workspace A1,Workspace,2026-01-17 14:00:00,120,91,29,75.83,HIGH,0
F001,Smart Campus,B001,Building A,BLK-A1,Block A1,SP-002,Conference Room A,Meeting Room,2026-01-17 14:00:00,30,25,5,83.33,HIGH,0
F001,Smart Campus,B001,Building A,BLK-A2,Block A2,SP-003,Training Hall A,Training Room,2026-01-17 14:00:00,80,55,25,68.75,OPTIMAL,0
F001,Smart Campus,B002,Building B,BLK-B1,Block B1,SP-004,Open Workspace B1,Workspace,2026-01-17 14:00:00,150,126,24,84.0,HIGH,0
F001,Smart Campus,B002,Building B,BLK-B1,Block B1,SP-005,Meeting Room B,Meeting Room,2026-01-17 14:00:00,25,11,14,44.0,OPTIMAL,0
F001,Smart Campus,B002,Building B,BLK-B2,Block B2,SP-006,Cafeteria B,Cafeteria,2026-01-17 14:00:00,180,144,36,80.0,HIGH,0
F001,Smart Campus,B003,Building C,BLK-C1,Block C1,SP-007,Open Workspace C1,Workspace,2026-01-17 14:00:00,100,67,33,67.0,OPTIMAL,0
F001,Smart Campus,B003,Building C,BLK-C1,Block C1,SP-008,Server Operations Room,Restricted Area,2026-01-17 14:00:00,20,6,14,30.0,LOW,0
F001,Smart Campus,B001,Building A,BLK-A1,Block A1,SP-001,Open Workspace A1,Workspace,2026-01-17 15:00:00,120,79,41,65.83,OPTIMAL,0
F001,Smart Campus,B001,Building A,BLK-A1,Block A1,SP-002,Conference Room A,Meeting Room,2026-01-17 15:00:00,30,24,6,80.0,HIGH,0
F001,Smart Campus,B001,Building A,BLK-A2,Block A2,SP-003,Training Hall A,Training Room,2026-01-17 15:00:00,80,58,22,72.5,OPTIMAL,0
F001,Smart Campus,B002,Building B,BLK-B1,Block B1,SP-004,Open Workspace B1,Workspace,2026-01-17 15:00:00,150,107,43,71.33,OPTIMAL,0
F001,Smart Campus,B002,Building B,BLK-B1,Block B1,SP-005,Meeting Room B,Meeting Room,2026-01-17 15:00:00,25,19,6,76.0,HIGH,0
F001,Smart Campus,B002,Building B,BLK-B2,Block B2,SP-006,Cafeteria B,Cafeteria,2026-01-17 15:00:00,180,26,154,14.44,UNDERUSED,0
F001,Smart Campus,B003,Building C,BLK-C1,Block C1,SP-007,Open Workspace C1,Workspace,2026-01-17 15:00:00,100,72,28,72.0,OPTIMAL,0
F001,Smart Campus,B003,Building C,BLK-C1,Block C1,SP-008,Server Operations Room,Restricted Area,2026-01-17 15:00:00,20,5,15,25.0,LOW,0
F001,Smart Campus,B001,Building A,BLK-A1,Block A1,SP-001,Open Workspace A1,Workspace,2026-01-17 16:00:00,120,100,20,83.33,HIGH,0
F001,Smart Campus,B001,Building A,BLK-A1,Block A1,SP-002,Conference Room A,Meeting Room,2026-01-17 16:00:00,30,20,10,66.67,OPTIMAL,0
F001,Smart Campus,B001,Building A,BLK-A2,Block A2,SP-003,Training Hall A,Training Room,2026-01-17 16:00:00,80,33,47,41.25,OPTIMAL,0
F001,Smart Campus,B002,Building B,BLK-B1,Block B1,SP-004,Open Workspace B1,Workspace,2026-01-17 16:00:00,150,124,26,82.67,HIGH,0
F001,Smart Campus,B002,Building B,BLK-B1,Block B1,SP-005,Meeting Room B,Meeting Room,2026-01-17 16:00:00,25,12,13,48.0,OPTIMAL,0
F001,Smart Campus,B002,Building B,BLK-B2,Block B2,SP-006,Cafeteria B,Cafeteria,2026-01-17 16:00:00,180,47,133,26.11,LOW,0
F001,Smart Campus,B003,Building C,BLK-C1,Block C1,SP-007,Open Workspace C1,Workspace,2026-01-17 16:00:00,100,78,22,78.0,HIGH,0
F001,Smart Campus,B003,Building C,BLK-C1,Block C1,SP-008,Server Operations Room,Restricted Area,2026-01-17 16:00:00,20,2,18,10.0,UNDERUSED,0
F001,Smart Campus,B001,Building A,BLK-A1,Block A1,SP-001,Open Workspace A1,Workspace,2026-01-17 17:00:00,120,93,27,77.5,HIGH,0
F001,Smart Campus,B001,Building A,BLK-A1,Block A1,SP-002,Conference Room A,Meeting Room,2026-01-17 17:00:00,30,8,22,26.67,LOW,0
F001,Smart Campus,B001,Building A,BLK-A2,Block A2,SP-003,Training Hall A,Training Room,2026-01-17 17:00:00,80,3,77,3.75,UNDERUSED,0
F001,Smart Campus,B002,Building B,BLK-B1,Block B1,SP-004,Open Workspace B1,Workspace,2026-01-17 17:00:00,150,125,25,83.33,HIGH,0
F001,Smart Campus,B002,Building B,BLK-B1,Block B1,SP-005,Meeting Room B,Meeting Room,2026-01-17 17:00:00,25,19,6,76.0,HIGH,0
F001,Smart Campus,B002,Building B,BLK-B2,Block B2,SP-006,Cafeteria B,Cafeteria,2026-01-17 17:00:00,180,81,99,45.0,OPTIMAL,0
F001,Smart Campus,B003,Building C,BLK-C1,Block C1,SP-007,Open Workspace C1,Workspace,2026-01-17 17:00:00,100,73,27,73.0,OPTIMAL,0
F001,Smart Campus,B003,Building C,BLK-C1,Block C1,SP-008,Server Operations Room,Restricted Area,2026-01-17 17:00:00,20,3,17,15.0,LOW,0
F001,Smart Campus,B001,Building A,BLK-A1,Block A1,SP-001,Open Workspace A1,Workspace,2026-01-17 18:00:00,120,43,77,35.83,LOW,0
F001,Smart Campus,B001,Building A,BLK-A1,Block A1,SP-002,Conference Room A,Meeting Room,2026-01-17 18:00:00,30,1,29,3.33,UNDERUSED,0
F001,Smart Campus,B001,Building A,BLK-A2,Block A2,SP-003,Training Hall A,Training Room,2026-01-17 18:00:00,80,1,79,1.25,UNDERUSED,0
F001,Smart Campus,B002,Building B,BLK-B1,Block B1,SP-004,Open Workspace B1,Workspace,2026-01-17 18:00:00,150,58,92,38.67,LOW,0
F001,Smart Campus,B002,Building B,BLK-B1,Block B1,SP-005,Meeting Room B,Meeting Room,2026-01-17 18:00:00,25,1,24,4.0,UNDERUSED,0
F001,Smart Campus,B002,Building B,BLK-B2,Block B2,SP-006,Cafeteria B,Cafeteria,2026-01-17 18:00:00,180,25,155,13.89,UNDERUSED,0
F001,Smart Campus,B003,Building C,BLK-C1,Block C1,SP-007,Open Workspace C1,Workspace,2026-01-17 18:00:00,100,31,69,31.0,LOW,0
F001,Smart Campus,B003,Building C,BLK-C1,Block C1,SP-008,Server Operations Room,Restricted Area,2026-01-17 18:00:00,20,7,13,35.0,LOW,0
F001,Smart Campus,B001,Building A,BLK-A1,Block A1,SP-001,Open Workspace A1,Workspace,2026-01-17 19:00:00,120,39,81,32.5,LOW,0
F001,Smart Campus,B001,Building A,BLK-A1,Block A1,SP-002,Conference Room A,Meeting Room,2026-01-17 19:00:00,30,1,29,3.33,UNDERUSED,0
F001,Smart Campus,B001,Building A,BLK-A2,Block A2,SP-003,Training Hall A,Training Room,2026-01-17 19:00:00,80,2,78,2.5,UNDERUSED,0
F001,Smart Campus,B002,Building B,BLK-B1,Block B1,SP-004,Open Workspace B1,Workspace,2026-01-17 19:00:00,150,36,114,24.0,LOW,0
F001,Smart Campus,B002,Building B,BLK-B1,Block B1,SP-005,Meeting Room B,Meeting Room,2026-01-17 19:00:00,25,0,25,0.0,UNDERUSED,0
F001,Smart Campus,B002,Building B,BLK-B2,Block B2,SP-006,Cafeteria B,Cafeteria,2026-01-17 19:00:00,180,14,166,7.78,UNDERUSED,0
F001,Smart Campus,B003,Building C,BLK-C1,Block C1,SP-007,Open Workspace C1,Workspace,2026-01-17 19:00:00,100,26,74,26.0,LOW,0
F001,Smart Campus,B003,Building C,BLK-C1,Block C1,SP-008,Server Operations Room,Restricted Area,2026-01-17 19:00:00,20,2,18,10.0,UNDERUSED,0
F001,Smart Campus,B001,Building A,BLK-A1,Block A1,SP-001,Open Workspace A1,Workspace,2026-01-17 20:00:00,120,24,96,20.0,LOW,0
F001,Smart Campus,B001,Building A,BLK-A1,Block A1,SP-002,Conference Room A,Meeting Room,2026-01-17 20:00:00,30,2,28,6.67,UNDERUSED,0
F001,Smart Campus,B001,Building A,BLK-A2,Block A2,SP-003,Training Hall A,Training Room,2026-01-17 20:00:00,80,3,77,3.75,UNDERUSED,0
F001,Smart Campus,B002,Building B,BLK-B1,Block B1,SP-004,Open Workspace B1,Workspace,2026-01-17 20:00:00,150,55,95,36.67,LOW,0
F001,Smart Campus,B002,Building B,BLK-B1,Block B1,SP-005,Meeting Room B,Meeting Room,2026-01-17 20:00:00,25,2,23,8.0,UNDERUSED,0
F001,Smart Campus,B002,Building B,BLK-B2,Block B2,SP-006,Cafeteria B,Cafeteria,2026-01-17 20:00:00,180,19,161,10.56,UNDERUSED,0
F001,Smart Campus,B003,Building C,BLK-C1,Block C1,SP-007,Open Workspace C1,Workspace,2026-01-17 20:00:00,100,25,75,25.0,LOW,0
F001,Smart Campus,B003,Building C,BLK-C1,Block C1,SP-008,Server Operations Room,Restricted Area,2026-01-17 20:00:00,20,3,17,15.0,LOW,0
F001,Smart Campus,B001,Building A,BLK-A1,Block A1,SP-001,Open Workspace A1,Workspace,2026-01-17 21:00:00,120,8,112,6.67,UNDERUSED,0
F001,Smart Campus,B001,Building A,BLK-A1,Block A1,SP-002,Conference Room A,Meeting Room,2026-01-17 21:00:00,30,1,29,3.33,UNDERUSED,0
F001,Smart Campus,B001,Building A,BLK-A2,Block A2,SP-003,Training Hall A,Training Room,2026-01-17 21:00:00,80,83,0,103.75,OVERCROWDED,1
F001,Smart Campus,B002,Building B,BLK-B1,Block B1,SP-004,Open Workspace B1,Workspace,2026-01-17 21:00:00,150,6,144,4.0,UNDERUSED,0
F001,Smart Campus,B002,Building B,BLK-B1,Block B1,SP-005,Meeting Room B,Meeting Room,2026-01-17 21:00:00,25,2,23,8.0,UNDERUSED,0
F001,Smart Campus,B002,Building B,BLK-B2,Block B2,SP-006,Cafeteria B,Cafeteria,2026-01-17 21:00:00,180,20,160,11.11,UNDERUSED,0
F001,Smart Campus,B003,Building C,BLK-C1,Block C1,SP-007,Open Workspace C1,Workspace,2026-01-17 21:00:00,100,3,97,3.0,UNDERUSED,0
F001,Smart Campus,B003,Building C,BLK-C1,Block C1,SP-008,Server Operations Room,Restricted Area,2026-01-17 21:00:00,20,1,19,5.0,UNDERUSED,0
F001,Smart Campus,B001,Building A,BLK-A1,Block A1,SP-001,Open Workspace A1,Workspace,2026-01-17 22:00:00,120,4,116,3.33,UNDERUSED,0
F001,Smart Campus,B001,Building A,BLK-A1,Block A1,SP-002,Conference Room A,Meeting Room,2026-01-17 22:00:00,30,3,27,10.0,UNDERUSED,0
F001,Smart Campus,B001,Building A,BLK-A2,Block A2,SP-003,Training Hall A,Training Room,2026-01-17 22:00:00,80,6,74,7.5,UNDERUSED,0
F001,Smart Campus,B002,Building B,BLK-B1,Block B1,SP-004,Open Workspace B1,Workspace,2026-01-17 22:00:00,150,12,138,8.0,UNDERUSED,0
F001,Smart Campus,B002,Building B,BLK-B1,Block B1,SP-005,Meeting Room B,Meeting Room,2026-01-17 22:00:00,25,1,24,4.0,UNDERUSED,0
F001,Smart Campus,B002,Building B,BLK-B2,Block B2,SP-006,Cafeteria B,Cafeteria,2026-01-17 22:00:00,180,11,169,6.11,UNDERUSED,0
F001,Smart Campus,B003,Building C,BLK-C1,Block C1,SP-007,Open Workspace C1,Workspace,2026-01-17 22:00:00,100,4,96,4.0,UNDERUSED,0
F001,Smart Campus,B003,Building C,BLK-C1,Block C1,SP-008,Server Operations Room,Restricted Area,2026-01-17 22:00:00,20,4,16,20.0,LOW,0
F001,Smart Campus,B001,Building A,BLK-A1,Block A1,SP-001,Open Workspace A1,Workspace,2026-01-17 23:00:00,120,4,116,3.33,UNDERUSED,0
F001,Smart Campus,B001,Building A,BLK-A1,Block A1,SP-002,Conference Room A,Meeting Room,2026-01-17 23:00:00,30,3,27,10.0,UNDERUSED,0
F001,Smart Campus,B001,Building A,BLK-A2,Block A2,SP-003,Training Hall A,Training Room,2026-01-17 23:00:00,80,1,79,1.25,UNDERUSED,0
F001,Smart Campus,B002,Building B,BLK-B1,Block B1,SP-004,Open Workspace B1,Workspace,2026-01-17 23:00:00,150,9,141,6.0,UNDERUSED,0
F001,Smart Campus,B002,Building B,BLK-B1,Block B1,SP-005,Meeting Room B,Meeting Room,2026-01-17 23:00:00,25,0,25,0.0,UNDERUSED,0
F001,Smart Campus,B002,Building B,BLK-B2,Block B2,SP-006,Cafeteria B,Cafeteria,2026-01-17 23:00:00,180,7,173,3.89,UNDERUSED,0
F001,Smart Campus,B003,Building C,BLK-C1,Block C1,SP-007,Open Workspace C1,Workspace,2026-01-17 23:00:00,100,9,91,9.0,UNDERUSED,0
F001,Smart Campus,B003,Building C,BLK-C1,Block C1,SP-008,Server Operations Room,Restricted Area,2026-01-17 23:00:00,20,7,13,35.0,LOW,0
F001,Smart Campus,B001,Building A,BLK-A1,Block A1,SP-001,Open Workspace A1,Workspace,2026-01-18 00:00:00,120,11,109,9.17,UNDERUSED,0
F001,Smart Campus,B001,Building A,BLK-A1,Block A1,SP-002,Conference Room A,Meeting Room,2026-01-18 00:00:00,30,2,28,6.67,UNDERUSED,0
F001,Smart Campus,B001,Building A,BLK-A2,Block A2,SP-003,Training Hall A,Training Room,2026-01-18 00:00:00,80,2,78,2.5,UNDERUSED,0
F001,Smart Campus,B002,Building B,BLK-B1,Block B1,SP-004,Open Workspace B1,Workspace,2026-01-18 00:00:00,150,6,144,4.0,UNDERUSED,0
F001,Smart Campus,B002,Building B,BLK-B1,Block B1,SP-005,Meeting Room B,Meeting Room,2026-01-18 00:00:00,25,2,23,8.0,UNDERUSED,0
F001,Smart Campus,B002,Building B,BLK-B2,Block B2,SP-006,Cafeteria B,Cafeteria,2026-01-18 00:00:00,180,24,156,13.33,UNDERUSED,0
F001,Smart Campus,B003,Building C,BLK-C1,Block C1,SP-007,Open Workspace C1,Workspace,2026-01-18 00:00:00,100,8,92,8.0,UNDERUSED,0
F001,Smart Campus,B003,Building C,BLK-C1,Block C1,SP-008,Server Operations Room,Restricted Area,2026-01-18 00:00:00,20,2,18,10.0,UNDERUSED,0
F001,Smart Campus,B001,Building A,BLK-A1,Block A1,SP-001,Open Workspace A1,Workspace,2026-01-18 01:00:00,120,2,118,1.67,UNDERUSED,0
F001,Smart Campus,B001,Building A,BLK-A1,Block A1,SP-002,Conference Room A,Meeting Room,2026-01-18 01:00:00,30,2,28,6.67,UNDERUSED,0
F001,Smart Campus,B001,Building A,BLK-A2,Block A2,SP-003,Training Hall A,Training Room,2026-01-18 01:00:00,80,6,74,7.5,UNDERUSED,0
F001,Smart Campus,B002,Building B,BLK-B1,Block B1,SP-004,Open Workspace B1,Workspace,2026-01-18 01:00:00,150,2,148,1.33,UNDERUSED,0
F001,Smart Campus,B002,Building B,BLK-B1,Block B1,SP-005,Meeting Room B,Meeting Room,2026-01-18 01:00:00,25,2,23,8.0,UNDERUSED,0
F001,Smart Campus,B002,Building B,BLK-B2,Block B2,SP-006,Cafeteria B,Cafeteria,2026-01-18 01:00:00,180,15,165,8.33,UNDERUSED,0
F001,Smart Campus,B003,Building C,BLK-C1,Block C1,SP-007,Open Workspace C1,Workspace,2026-01-18 01:00:00,100,9,91,9.0,UNDERUSED,0
F001,Smart Campus,B003,Building C,BLK-C1,Block C1,SP-008,Server Operations Room,Restricted Area,2026-01-18 01:00:00,20,2,18,10.0,UNDERUSED,0
F001,Smart Campus,B001,Building A,BLK-A1,Block A1,SP-001,Open Workspace A1,Workspace,2026-01-18 02:00:00,120,3,117,2.5,UNDERUSED,0
F001,Smart Campus,B001,Building A,BLK-A1,Block A1,SP-002,Conference Room A,Meeting Room,2026-01-18 02:00:00,30,2,28,6.67,UNDERUSED,0
F001,Smart Campus,B001,Building A,BLK-A2,Block A2,SP-003,Training Hall A,Training Room,2026-01-18 02:00:00,80,6,74,7.5,UNDERUSED,0
F001,Smart Campus,B002,Building B,BLK-B1,Block B1,SP-004,Open Workspace B1,Workspace,2026-01-18 02:00:00,150,9,141,6.0,UNDERUSED,0
F001,Smart Campus,B002,Building B,BLK-B1,Block B1,SP-005,Meeting Room B,Meeting Room,2026-01-18 02:00:00,25,1,24,4.0,UNDERUSED,0
F001,Smart Campus,B002,Building B,BLK-B2,Block B2,SP-006,Cafeteria B,Cafeteria,2026-01-18 02:00:00,180,13,167,7.22,UNDERUSED,0
F001,Smart Campus,B003,Building C,BLK-C1,Block C1,SP-007,Open Workspace C1,Workspace,2026-01-18 02:00:00,100,8,92,8.0,UNDERUSED,0
F001,Smart Campus,B003,Building C,BLK-C1,Block C1,SP-008,Server Operations Room,Restricted Area,2026-01-18 02:00:00,20,6,14,30.0,LOW,0
F001,Smart Campus,B001,Building A,BLK-A1,Block A1,SP-001,Open Workspace A1,Workspace,2026-01-18 03:00:00,120,9,111,7.5,UNDERUSED,0
F001,Smart Campus,B001,Building A,BLK-A1,Block A1,SP-002,Conference Room A,Meeting Room,2026-01-18 03:00:00,30,1,29,3.33,UNDERUSED,0
F001,Smart Campus,B001,Building A,BLK-A2,Block A2,SP-003,Training Hall A,Training Room,2026-01-18 03:00:00,80,6,74,7.5,UNDERUSED,0
F001,Smart Campus,B002,Building B,BLK-B1,Block B1,SP-004,Open Workspace B1,Workspace,2026-01-18 03:00:00,150,4,146,2.67,UNDERUSED,0
F001,Smart Campus,B002,Building B,BLK-B1,Block B1,SP-005,Meeting Room B,Meeting Room,2026-01-18 03:00:00,25,2,23,8.0,UNDERUSED,0
F001,Smart Campus,B002,Building B,BLK-B2,Block B2,SP-006,Cafeteria B,Cafeteria,2026-01-18 03:00:00,180,14,166,7.78,UNDERUSED,0
F001,Smart Campus,B003,Building C,BLK-C1,Block C1,SP-007,Open Workspace C1,Workspace,2026-01-18 03:00:00,100,119,0,119.0,OVERCROWDED,1
F001,Smart Campus,B003,Building C,BLK-C1,Block C1,SP-008,Server Operations Room,Restricted Area,2026-01-18 03:00:00,20,5,15,25.0,LOW,0
F001,Smart Campus,B001,Building A,BLK-A1,Block A1,SP-001,Open Workspace A1,Workspace,2026-01-18 04:00:00,120,5,115,4.17,UNDERUSED,0
F001,Smart Campus,B001,Building A,BLK-A1,Block A1,SP-002,Conference Room A,Meeting Room,2026-01-18 04:00:00,30,2,28,6.67,UNDERUSED,0
F001,Smart Campus,B001,Building A,BLK-A2,Block A2,SP-003,Training Hall A,Training Room,2026-01-18 04:00:00,80,4,76,5.0,UNDERUSED,0
F001,Smart Campus,B002,Building B,BLK-B1,Block B1,SP-004,Open Workspace B1,Workspace,2026-01-18 04:00:00,150,2,148,1.33,UNDERUSED,0
F001,Smart Campus,B002,Building B,BLK-B1,Block B1,SP-005,Meeting Room B,Meeting Room,2026-01-18 04:00:00,25,1,24,4.0,UNDERUSED,0
F001,Smart Campus,B002,Building B,BLK-B2,Block B2,SP-006,Cafeteria B,Cafeteria,2026-01-18 04:00:00,180,5,175,2.78,UNDERUSED,0
F001,Smart Campus,B003,Building C,BLK-C1,Block C1,SP-007,Open Workspace C1,Workspace,2026-01-18 04:00:00,100,4,96,4.0,UNDERUSED,0
F001,Smart Campus,B003,Building C,BLK-C1,Block C1,SP-008,Server Operations Room,Restricted Area,2026-01-18 04:00:00,20,2,18,10.0,UNDERUSED,0
F001,Smart Campus,B001,Building A,BLK-A1,Block A1,SP-001,Open Workspace A1,Workspace,2026-01-18 05:00:00,120,11,109,9.17,UNDERUSED,0
F001,Smart Campus,B001,Building A,BLK-A1,Block A1,SP-002,Conference Room A,Meeting Room,2026-01-18 05:00:00,30,3,27,10.0,UNDERUSED,0
F001,Smart Campus,B001,Building A,BLK-A2,Block A2,SP-003,Training Hall A,Training Room,2026-01-18 05:00:00,80,5,75,6.25,UNDERUSED,0
F001,Smart Campus,B002,Building B,BLK-B1,Block B1,SP-004,Open Workspace B1,Workspace,2026-01-18 05:00:00,150,12,138,8.0,UNDERUSED,0
F001,Smart Campus,B002,Building B,BLK-B1,Block B1,SP-005,Meeting Room B,Meeting Room,2026-01-18 05:00:00,25,0,25,0.0,UNDERUSED,0
F001,Smart Campus,B002,Building B,BLK-B2,Block B2,SP-006,Cafeteria B,Cafeteria,2026-01-18 05:00:00,180,14,166,7.78,UNDERUSED,0
F001,Smart Campus,B003,Building C,BLK-C1,Block C1,SP-007,Open Workspace C1,Workspace,2026-01-18 05:00:00,100,4,96,4.0,UNDERUSED,0
F001,Smart Campus,B003,Building C,BLK-C1,Block C1,SP-008,Server Operations Room,Restricted Area,2026-01-18 05:00:00,20,2,18,10.0,UNDERUSED,0
F001,Smart Campus,B001,Building A,BLK-A1,Block A1,SP-001,Open Workspace A1,Workspace,2026-01-18 06:00:00,120,10,110,8.33,UNDERUSED,0
F001,Smart Campus,B001,Building A,BLK-A1,Block A1,SP-002,Conference Room A,Meeting Room,2026-01-18 06:00:00,30,1,29,3.33,UNDERUSED,0
F001,Smart Campus,B001,Building A,BLK-A2,Block A2,SP-003,Training Hall A,Training Room,2026-01-18 06:00:00,80,3,77,3.75,UNDERUSED,0
F001,Smart Campus,B002,Building B,BLK-B1,Block B1,SP-004,Open Workspace B1,Workspace,2026-01-18 06:00:00,150,7,143,4.67,UNDERUSED,0
F001,Smart Campus,B002,Building B,BLK-B1,Block B1,SP-005,Meeting Room B,Meeting Room,2026-01-18 06:00:00,25,2,23,8.0,UNDERUSED,0
F001,Smart Campus,B002,Building B,BLK-B2,Block B2,SP-006,Cafeteria B,Cafeteria,2026-01-18 06:00:00,180,14,166,7.78,UNDERUSED,0
F001,Smart Campus,B003,Building C,BLK-C1,Block C1,SP-007,Open Workspace C1,Workspace,2026-01-18 06:00:00,100,1,99,1.0,UNDERUSED,0
F001,Smart Campus,B003,Building C,BLK-C1,Block C1,SP-008,Server Operations Room,Restricted Area,2026-01-18 06:00:00,20,4,16,20.0,LOW,0
F001,Smart Campus,B001,Building A,BLK-A1,Block A1,SP-001,Open Workspace A1,Workspace,2026-01-18 07:00:00,120,9,111,7.5,UNDERUSED,0
F001,Smart Campus,B001,Building A,BLK-A1,Block A1,SP-002,Conference Room A,Meeting Room,2026-01-18 07:00:00,30,1,29,3.33,UNDERUSED,0
F001,Smart Campus,B001,Building A,BLK-A2,Block A2,SP-003,Training Hall A,Training Room,2026-01-18 07:00:00,80,3,77,3.75,UNDERUSED,0
F001,Smart Campus,B002,Building B,BLK-B1,Block B1,SP-004,Open Workspace B1,Workspace,2026-01-18 07:00:00,150,7,143,4.67,UNDERUSED,0
F001,Smart Campus,B002,Building B,BLK-B1,Block B1,SP-005,Meeting Room B,Meeting Room,2026-01-18 07:00:00,25,1,24,4.0,UNDERUSED,0
F001,Smart Campus,B002,Building B,BLK-B2,Block B2,SP-006,Cafeteria B,Cafeteria,2026-01-18 07:00:00,180,7,173,3.89,UNDERUSED,0
F001,Smart Campus,B003,Building C,BLK-C1,Block C1,SP-007,Open Workspace C1,Workspace,2026-01-18 07:00:00,100,9,91,9.0,UNDERUSED,0
F001,Smart Campus,B003,Building C,BLK-C1,Block C1,SP-008,Server Operations Room,Restricted Area,2026-01-18 07:00:00,20,3,17,15.0,LOW,0
F001,Smart Campus,B001,Building A,BLK-A1,Block A1,SP-001,Open Workspace A1,Workspace,2026-01-18 08:00:00,120,2,118,1.67,UNDERUSED,0
F001,Smart Campus,B001,Building A,BLK-A1,Block A1,SP-002,Conference Room A,Meeting Room,2026-01-18 08:00:00,30,0,30,0.0,UNDERUSED,0
F001,Smart Campus,B001,Building A,BLK-A2,Block A2,SP-003,Training Hall A,Training Room,2026-01-18 08:00:00,80,1,79,1.25,UNDERUSED,0
F001,Smart Campus,B002,Building B,BLK-B1,Block B1,SP-004,Open Workspace B1,Workspace,2026-01-18 08:00:00,150,9,141,6.0,UNDERUSED,0
F001,Smart Campus,B002,Building B,BLK-B1,Block B1,SP-005,Meeting Room B,Meeting Room,2026-01-18 08:00:00,25,1,24,4.0,UNDERUSED,0
F001,Smart Campus,B002,Building B,BLK-B2,Block B2,SP-006,Cafeteria B,Cafeteria,2026-01-18 08:00:00,180,68,112,37.78,LOW,0
F001,Smart Campus,B003,Building C,BLK-C1,Block C1,SP-007,Open Workspace C1,Workspace,2026-01-18 08:00:00,100,7,93,7.0,UNDERUSED,0
F001,Smart Campus,B003,Building C,BLK-C1,Block C1,SP-008,Server Operations Room,Restricted Area,2026-01-18 08:00:00,20,2,18,10.0,UNDERUSED,0
F001,Smart Campus,B001,Building A,BLK-A1,Block A1,SP-001,Open Workspace A1,Workspace,2026-01-18 09:00:00,120,80,40,66.67,OPTIMAL,0
F001,Smart Campus,B001,Building A,BLK-A1,Block A1,SP-002,Conference Room A,Meeting Room,2026-01-18 09:00:00,30,12,18,40.0,OPTIMAL,0
F001,Smart Campus,B001,Building A,BLK-A2,Block A2,SP-003,Training Hall A,Training Room,2026-01-18 09:00:00,80,38,42,47.5,OPTIMAL,0
F001,Smart Campus,B002,Building B,BLK-B1,Block B1,SP-004,Open Workspace B1,Workspace,2026-01-18 09:00:00,150,121,29,80.67,HIGH,0
F001,Smart Campus,B002,Building B,BLK-B1,Block B1,SP-005,Meeting Room B,Meeting Room,2026-01-18 09:00:00,25,21,4,84.0,HIGH,0
F001,Smart Campus,B002,Building B,BLK-B2,Block B2,SP-006,Cafeteria B,Cafeteria,2026-01-18 09:00:00,180,53,127,29.44,LOW,0
F001,Smart Campus,B003,Building C,BLK-C1,Block C1,SP-007,Open Workspace C1,Workspace,2026-01-18 09:00:00,100,84,16,84.0,HIGH,0
F001,Smart Campus,B003,Building C,BLK-C1,Block C1,SP-008,Server Operations Room,Restricted Area,2026-01-18 09:00:00,20,6,14,30.0,LOW,0
F001,Smart Campus,B001,Building A,BLK-A1,Block A1,SP-001,Open Workspace A1,Workspace,2026-01-18 10:00:00,120,124,0,103.33,OVERCROWDED,1
F001,Smart Campus,B001,Building A,BLK-A1,Block A1,SP-002,Conference Room A,Meeting Room,2026-01-18 10:00:00,30,9,21,30.0,LOW,0
F001,Smart Campus,B001,Building A,BLK-A2,Block A2,SP-003,Training Hall A,Training Room,2026-01-18 10:00:00,80,49,31,61.25,OPTIMAL,0
F001,Smart Campus,B002,Building B,BLK-B1,Block B1,SP-004,Open Workspace B1,Workspace,2026-01-18 10:00:00,150,134,16,89.33,HIGH,0
F001,Smart Campus,B002,Building B,BLK-B1,Block B1,SP-005,Meeting Room B,Meeting Room,2026-01-18 10:00:00,25,13,12,52.0,OPTIMAL,0
F001,Smart Campus,B002,Building B,BLK-B2,Block B2,SP-006,Cafeteria B,Cafeteria,2026-01-18 10:00:00,180,26,154,14.44,UNDERUSED,0
F001,Smart Campus,B003,Building C,BLK-C1,Block C1,SP-007,Open Workspace C1,Workspace,2026-01-18 10:00:00,100,82,18,82.0,HIGH,0
F001,Smart Campus,B003,Building C,BLK-C1,Block C1,SP-008,Server Operations Room,Restricted Area,2026-01-18 10:00:00,20,3,17,15.0,LOW,0
F001,Smart Campus,B001,Building A,BLK-A1,Block A1,SP-001,Open Workspace A1,Workspace,2026-01-18 11:00:00,120,124,0,103.33,OVERCROWDED,1
F001,Smart Campus,B001,Building A,BLK-A1,Block A1,SP-002,Conference Room A,Meeting Room,2026-01-18 11:00:00,30,6,24,20.0,LOW,0
F001,Smart Campus,B001,Building A,BLK-A2,Block A2,SP-003,Training Hall A,Training Room,2026-01-18 11:00:00,80,57,23,71.25,OPTIMAL,0
F001,Smart Campus,B002,Building B,BLK-B1,Block B1,SP-004,Open Workspace B1,Workspace,2026-01-18 11:00:00,150,122,28,81.33,HIGH,0
F001,Smart Campus,B002,Building B,BLK-B1,Block B1,SP-005,Meeting Room B,Meeting Room,2026-01-18 11:00:00,25,12,13,48.0,OPTIMAL,0
F001,Smart Campus,B002,Building B,BLK-B2,Block B2,SP-006,Cafeteria B,Cafeteria,2026-01-18 11:00:00,180,22,158,12.22,UNDERUSED,0
F001,Smart Campus,B003,Building C,BLK-C1,Block C1,SP-007,Open Workspace C1,Workspace,2026-01-18 11:00:00,100,73,27,73.0,OPTIMAL,0
F001,Smart Campus,B003,Building C,BLK-C1,Block C1,SP-008,Server Operations Room,Restricted Area,2026-01-18 11:00:00,20,4,16,20.0,LOW,0
F001,Smart Campus,B001,Building A,BLK-A1,Block A1,SP-001,Open Workspace A1,Workspace,2026-01-18 12:00:00,120,47,73,39.17,LOW,0
F001,Smart Campus,B001,Building A,BLK-A1,Block A1,SP-002,Conference Room A,Meeting Room,2026-01-18 12:00:00,30,20,10,66.67,OPTIMAL,0
F001,Smart Campus,B001,Building A,BLK-A2,Block A2,SP-003,Training Hall A,Training Room,2026-01-18 12:00:00,80,39,41,48.75,OPTIMAL,0
F001,Smart Campus,B002,Building B,BLK-B1,Block B1,SP-004,Open Workspace B1,Workspace,2026-01-18 12:00:00,150,74,76,49.33,OPTIMAL,0
F001,Smart Campus,B002,Building B,BLK-B1,Block B1,SP-005,Meeting Room B,Meeting Room,2026-01-18 12:00:00,25,14,11,56.0,OPTIMAL,0
F001,Smart Campus,B002,Building B,BLK-B2,Block B2,SP-006,Cafeteria B,Cafeteria,2026-01-18 12:00:00,180,204,0,113.33,OVERCROWDED,1
F001,Smart Campus,B003,Building C,BLK-C1,Block C1,SP-007,Open Workspace C1,Workspace,2026-01-18 12:00:00,100,53,47,53.0,OPTIMAL,0
F001,Smart Campus,B003,Building C,BLK-C1,Block C1,SP-008,Server Operations Room,Restricted Area,2026-01-18 12:00:00,20,6,14,30.0,LOW,0
F001,Smart Campus,B001,Building A,BLK-A1,Block A1,SP-001,Open Workspace A1,Workspace,2026-01-18 13:00:00,120,60,60,50.0,OPTIMAL,0
F001,Smart Campus,B001,Building A,BLK-A1,Block A1,SP-002,Conference Room A,Meeting Room,2026-01-18 13:00:00,30,12,18,40.0,OPTIMAL,0
F001,Smart Campus,B001,Building A,BLK-A2,Block A2,SP-003,Training Hall A,Training Room,2026-01-18 13:00:00,80,39,41,48.75,OPTIMAL,0
F001,Smart Campus,B002,Building B,BLK-B1,Block B1,SP-004,Open Workspace B1,Workspace,2026-01-18 13:00:00,150,75,75,50.0,OPTIMAL,0
F001,Smart Campus,B002,Building B,BLK-B1,Block B1,SP-005,Meeting Room B,Meeting Room,2026-01-18 13:00:00,25,18,7,72.0,OPTIMAL,0
F001,Smart Campus,B002,Building B,BLK-B2,Block B2,SP-006,Cafeteria B,Cafeteria,2026-01-18 13:00:00,180,158,22,87.78,HIGH,0
F001,Smart Campus,B003,Building C,BLK-C1,Block C1,SP-007,Open Workspace C1,Workspace,2026-01-18 13:00:00,100,46,54,46.0,OPTIMAL,0
F001,Smart Campus,B003,Building C,BLK-C1,Block C1,SP-008,Server Operations Room,Restricted Area,2026-01-18 13:00:00,20,1,19,5.0,UNDERUSED,0
F001,Smart Campus,B001,Building A,BLK-A1,Block A1,SP-001,Open Workspace A1,Workspace,2026-01-18 14:00:00,120,86,34,71.67,OPTIMAL,0
F001,Smart Campus,B001,Building A,BLK-A1,Block A1,SP-002,Conference Room A,Meeting Room,2026-01-18 14:00:00,30,16,14,53.33,OPTIMAL,0
F001,Smart Campus,B001,Building A,BLK-A2,Block A2,SP-003,Training Hall A,Training Room,2026-01-18 14:00:00,80,33,47,41.25,OPTIMAL,0
F001,Smart Campus,B002,Building B,BLK-B1,Block B1,SP-004,Open Workspace B1,Workspace,2026-01-18 14:00:00,150,91,59,60.67,OPTIMAL,0
F001,Smart Campus,B002,Building B,BLK-B1,Block B1,SP-005,Meeting Room B,Meeting Room,2026-01-18 14:00:00,25,8,17,32.0,LOW,0
F001,Smart Campus,B002,Building B,BLK-B2,Block B2,SP-006,Cafeteria B,Cafeteria,2026-01-18 14:00:00,180,136,44,75.56,HIGH,0
F001,Smart Campus,B003,Building C,BLK-C1,Block C1,SP-007,Open Workspace C1,Workspace,2026-01-18 14:00:00,100,85,15,85.0,HIGH,0
F001,Smart Campus,B003,Building C,BLK-C1,Block C1,SP-008,Server Operations Room,Restricted Area,2026-01-18 14:00:00,20,5,15,25.0,LOW,0
F001,Smart Campus,B001,Building A,BLK-A1,Block A1,SP-001,Open Workspace A1,Workspace,2026-01-18 15:00:00,120,94,26,78.33,HIGH,0
F001,Smart Campus,B001,Building A,BLK-A1,Block A1,SP-002,Conference Room A,Meeting Room,2026-01-18 15:00:00,30,12,18,40.0,OPTIMAL,0
F001,Smart Campus,B001,Building A,BLK-A2,Block A2,SP-003,Training Hall A,Training Room,2026-01-18 15:00:00,80,62,18,77.5,HIGH,0
F001,Smart Campus,B002,Building B,BLK-B1,Block B1,SP-004,Open Workspace B1,Workspace,2026-01-18 15:00:00,150,118,32,78.67,HIGH,0
F001,Smart Campus,B002,Building B,BLK-B1,Block B1,SP-005,Meeting Room B,Meeting Room,2026-01-18 15:00:00,25,18,7,72.0,OPTIMAL,0
F001,Smart Campus,B002,Building B,BLK-B2,Block B2,SP-006,Cafeteria B,Cafeteria,2026-01-18 15:00:00,180,23,157,12.78,UNDERUSED,0
F001,Smart Campus,B003,Building C,BLK-C1,Block C1,SP-007,Open Workspace C1,Workspace,2026-01-18 15:00:00,100,68,32,68.0,OPTIMAL,0
F001,Smart Campus,B003,Building C,BLK-C1,Block C1,SP-008,Server Operations Room,Restricted Area,2026-01-18 15:00:00,20,5,15,25.0,LOW,0
F001,Smart Campus,B001,Building A,BLK-A1,Block A1,SP-001,Open Workspace A1,Workspace,2026-01-18 16:00:00,120,79,41,65.83,OPTIMAL,0
F001,Smart Campus,B001,Building A,BLK-A1,Block A1,SP-002,Conference Room A,Meeting Room,2026-01-18 16:00:00,30,8,22,26.67,LOW,0
F001,Smart Campus,B001,Building A,BLK-A2,Block A2,SP-003,Training Hall A,Training Room,2026-01-18 16:00:00,80,64,16,80.0,HIGH,0
F001,Smart Campus,B002,Building B,BLK-B1,Block B1,SP-004,Open Workspace B1,Workspace,2026-01-18 16:00:00,150,99,51,66.0,OPTIMAL,0
F001,Smart Campus,B002,Building B,BLK-B1,Block B1,SP-005,Meeting Room B,Meeting Room,2026-01-18 16:00:00,25,5,20,20.0,LOW,0
F001,Smart Campus,B002,Building B,BLK-B2,Block B2,SP-006,Cafeteria B,Cafeteria,2026-01-18 16:00:00,180,61,119,33.89,LOW,0
F001,Smart Campus,B003,Building C,BLK-C1,Block C1,SP-007,Open Workspace C1,Workspace,2026-01-18 16:00:00,100,83,17,83.0,HIGH,0
F001,Smart Campus,B003,Building C,BLK-C1,Block C1,SP-008,Server Operations Room,Restricted Area,2026-01-18 16:00:00,20,1,19,5.0,UNDERUSED,0
F001,Smart Campus,B001,Building A,BLK-A1,Block A1,SP-001,Open Workspace A1,Workspace,2026-01-18 17:00:00,120,86,34,71.67,OPTIMAL,0
F001,Smart Campus,B001,Building A,BLK-A1,Block A1,SP-002,Conference Room A,Meeting Room,2026-01-18 17:00:00,30,8,22,26.67,LOW,0
F001,Smart Campus,B001,Building A,BLK-A2,Block A2,SP-003,Training Hall A,Training Room,2026-01-18 17:00:00,80,2,78,2.5,UNDERUSED,0
F001,Smart Campus,B002,Building B,BLK-B1,Block B1,SP-004,Open Workspace B1,Workspace,2026-01-18 17:00:00,150,105,45,70.0,OPTIMAL,0
F001,Smart Campus,B002,Building B,BLK-B1,Block B1,SP-005,Meeting Room B,Meeting Room,2026-01-18 17:00:00,25,19,6,76.0,HIGH,0
F001,Smart Campus,B002,Building B,BLK-B2,Block B2,SP-006,Cafeteria B,Cafeteria,2026-01-18 17:00:00,180,52,128,28.89,LOW,0
F001,Smart Campus,B003,Building C,BLK-C1,Block C1,SP-007,Open Workspace C1,Workspace,2026-01-18 17:00:00,100,74,26,74.0,OPTIMAL,0
F001,Smart Campus,B003,Building C,BLK-C1,Block C1,SP-008,Server Operations Room,Restricted Area,2026-01-18 17:00:00,20,5,15,25.0,LOW,0
F001,Smart Campus,B001,Building A,BLK-A1,Block A1,SP-001,Open Workspace A1,Workspace,2026-01-18 18:00:00,120,31,89,25.83,LOW,0
F001,Smart Campus,B001,Building A,BLK-A1,Block A1,SP-002,Conference Room A,Meeting Room,2026-01-18 18:00:00,30,3,27,10.0,UNDERUSED,0
F001,Smart Campus,B001,Building A,BLK-A2,Block A2,SP-003,Training Hall A,Training Room,2026-01-18 18:00:00,80,1,79,1.25,UNDERUSED,0
F001,Smart Campus,B002,Building B,BLK-B1,Block B1,SP-004,Open Workspace B1,Workspace,2026-01-18 18:00:00,150,52,98,34.67,LOW,0
F001,Smart Campus,B002,Building B,BLK-B1,Block B1,SP-005,Meeting Room B,Meeting Room,2026-01-18 18:00:00,25,2,23,8.0,UNDERUSED,0
F001,Smart Campus,B002,Building B,BLK-B2,Block B2,SP-006,Cafeteria B,Cafeteria,2026-01-18 18:00:00,180,6,174,3.33,UNDERUSED,0
F001,Smart Campus,B003,Building C,BLK-C1,Block C1,SP-007,Open Workspace C1,Workspace,2026-01-18 18:00:00,100,37,63,37.0,LOW,0
F001,Smart Campus,B003,Building C,BLK-C1,Block C1,SP-008,Server Operations Room,Restricted Area,2026-01-18 18:00:00,20,2,18,10.0,UNDERUSED,0
F001,Smart Campus,B001,Building A,BLK-A1,Block A1,SP-001,Open Workspace A1,Workspace,2026-01-18 19:00:00,120,31,89,25.83,LOW,0
F001,Smart Campus,B001,Building A,BLK-A1,Block A1,SP-002,Conference Room A,Meeting Room,2026-01-18 19:00:00,30,2,28,6.67,UNDERUSED,0
F001,Smart Campus,B001,Building A,BLK-A2,Block A2,SP-003,Training Hall A,Training Room,2026-01-18 19:00:00,80,4,76,5.0,UNDERUSED,0
F001,Smart Campus,B002,Building B,BLK-B1,Block B1,SP-004,Open Workspace B1,Workspace,2026-01-18 19:00:00,150,28,122,18.67,LOW,0
F001,Smart Campus,B002,Building B,BLK-B1,Block B1,SP-005,Meeting Room B,Meeting Room,2026-01-18 19:00:00,25,1,24,4.0,UNDERUSED,0
F001,Smart Campus,B002,Building B,BLK-B2,Block B2,SP-006,Cafeteria B,Cafeteria,2026-01-18 19:00:00,180,22,158,12.22,UNDERUSED,0
F001,Smart Campus,B003,Building C,BLK-C1,Block C1,SP-007,Open Workspace C1,Workspace,2026-01-18 19:00:00,100,35,65,35.0,LOW,0
F001,Smart Campus,B003,Building C,BLK-C1,Block C1,SP-008,Server Operations Room,Restricted Area,2026-01-18 19:00:00,20,4,16,20.0,LOW,0
F001,Smart Campus,B001,Building A,BLK-A1,Block A1,SP-001,Open Workspace A1,Workspace,2026-01-18 20:00:00,120,29,91,24.17,LOW,0
F001,Smart Campus,B001,Building A,BLK-A1,Block A1,SP-002,Conference Room A,Meeting Room,2026-01-18 20:00:00,30,1,29,3.33,UNDERUSED,0
F001,Smart Campus,B001,Building A,BLK-A2,Block A2,SP-003,Training Hall A,Training Room,2026-01-18 20:00:00,80,1,79,1.25,UNDERUSED,0
F001,Smart Campus,B002,Building B,BLK-B1,Block B1,SP-004,Open Workspace B1,Workspace,2026-01-18 20:00:00,150,38,112,25.33,LOW,0
F001,Smart Campus,B002,Building B,BLK-B1,Block B1,SP-005,Meeting Room B,Meeting Room,2026-01-18 20:00:00,25,2,23,8.0,UNDERUSED,0
F001,Smart Campus,B002,Building B,BLK-B2,Block B2,SP-006,Cafeteria B,Cafeteria,2026-01-18 20:00:00,180,13,167,7.22,UNDERUSED,0
F001,Smart Campus,B003,Building C,BLK-C1,Block C1,SP-007,Open Workspace C1,Workspace,2026-01-18 20:00:00,100,36,64,36.0,LOW,0
F001,Smart Campus,B003,Building C,BLK-C1,Block C1,SP-008,Server Operations Room,Restricted Area,2026-01-18 20:00:00,20,3,17,15.0,LOW,0
F001,Smart Campus,B001,Building A,BLK-A1,Block A1,SP-001,Open Workspace A1,Workspace,2026-01-18 21:00:00,120,139,0,115.83,OVERCROWDED,1
F001,Smart Campus,B001,Building A,BLK-A1,Block A1,SP-002,Conference Room A,Meeting Room,2026-01-18 21:00:00,30,3,27,10.0,UNDERUSED,0
F001,Smart Campus,B001,Building A,BLK-A2,Block A2,SP-003,Training Hall A,Training Room,2026-01-18 21:00:00,80,2,78,2.5,UNDERUSED,0
F001,Smart Campus,B002,Building B,BLK-B1,Block B1,SP-004,Open Workspace B1,Workspace,2026-01-18 21:00:00,150,4,146,2.67,UNDERUSED,0
F001,Smart Campus,B002,Building B,BLK-B1,Block B1,SP-005,Meeting Room B,Meeting Room,2026-01-18 21:00:00,25,2,23,8.0,UNDERUSED,0
F001,Smart Campus,B002,Building B,BLK-B2,Block B2,SP-006,Cafeteria B,Cafeteria,2026-01-18 21:00:00,180,19,161,10.56,UNDERUSED,0
F001,Smart Campus,B003,Building C,BLK-C1,Block C1,SP-007,Open Workspace C1,Workspace,2026-01-18 21:00:00,100,2,98,2.0,UNDERUSED,0
F001,Smart Campus,B003,Building C,BLK-C1,Block C1,SP-008,Server Operations Room,Restricted Area,2026-01-18 21:00:00,20,5,15,25.0,LOW,0
F001,Smart Campus,B001,Building A,BLK-A1,Block A1,SP-001,Open Workspace A1,Workspace,2026-01-18 22:00:00,120,7,113,5.83,UNDERUSED,0
F001,Smart Campus,B001,Building A,BLK-A1,Block A1,SP-002,Conference Room A,Meeting Room,2026-01-18 22:00:00,30,1,29,3.33,UNDERUSED,0
F001,Smart Campus,B001,Building A,BLK-A2,Block A2,SP-003,Training Hall A,Training Room,2026-01-18 22:00:00,80,4,76,5.0,UNDERUSED,0
F001,Smart Campus,B002,Building B,BLK-B1,Block B1,SP-004,Open Workspace B1,Workspace,2026-01-18 22:00:00,150,12,138,8.0,UNDERUSED,0
F001,Smart Campus,B002,Building B,BLK-B1,Block B1,SP-005,Meeting Room B,Meeting Room,2026-01-18 22:00:00,25,0,25,0.0,UNDERUSED,0
F001,Smart Campus,B002,Building B,BLK-B2,Block B2,SP-006,Cafeteria B,Cafeteria,2026-01-18 22:00:00,180,16,164,8.89,UNDERUSED,0
F001,Smart Campus,B003,Building C,BLK-C1,Block C1,SP-007,Open Workspace C1,Workspace,2026-01-18 22:00:00,100,7,93,7.0,UNDERUSED,0
F001,Smart Campus,B003,Building C,BLK-C1,Block C1,SP-008,Server Operations Room,Restricted Area,2026-01-18 22:00:00,20,2,18,10.0,UNDERUSED,0
F001,Smart Campus,B001,Building A,BLK-A1,Block A1,SP-001,Open Workspace A1,Workspace,2026-01-18 23:00:00,120,10,110,8.33,UNDERUSED,0
F001,Smart Campus,B001,Building A,BLK-A1,Block A1,SP-002,Conference Room A,Meeting Room,2026-01-18 23:00:00,30,2,28,6.67,UNDERUSED,0
F001,Smart Campus,B001,Building A,BLK-A2,Block A2,SP-003,Training Hall A,Training Room,2026-01-18 23:00:00,80,5,75,6.25,UNDERUSED,0
F001,Smart Campus,B002,Building B,BLK-B1,Block B1,SP-004,Open Workspace B1,Workspace,2026-01-18 23:00:00,150,4,146,2.67,UNDERUSED,0
F001,Smart Campus,B002,Building B,BLK-B1,Block B1,SP-005,Meeting Room B,Meeting Room,2026-01-18 23:00:00,25,0,25,0.0,UNDERUSED,0
F001,Smart Campus,B002,Building B,BLK-B2,Block B2,SP-006,Cafeteria B,Cafeteria,2026-01-18 23:00:00,180,21,159,11.67,UNDERUSED,0
F001,Smart Campus,B003,Building C,BLK-C1,Block C1,SP-007,Open Workspace C1,Workspace,2026-01-18 23:00:00,100,2,98,2.0,UNDERUSED,0
F001,Smart Campus,B003,Building C,BLK-C1,Block C1,SP-008,Server Operations Room,Restricted Area,2026-01-18 23:00:00,20,3,17,15.0,LOW,0
F001,Smart Campus,B001,Building A,BLK-A1,Block A1,SP-001,Open Workspace A1,Workspace,2026-01-19 00:00:00,120,7,113,5.83,UNDERUSED,0
F001,Smart Campus,B001,Building A,BLK-A1,Block A1,SP-002,Conference Room A,Meeting Room,2026-01-19 00:00:00,30,2,28,6.67,UNDERUSED,0
F001,Smart Campus,B001,Building A,BLK-A2,Block A2,SP-003,Training Hall A,Training Room,2026-01-19 00:00:00,80,0,80,0.0,UNDERUSED,0
F001,Smart Campus,B002,Building B,BLK-B1,Block B1,SP-004,Open Workspace B1,Workspace,2026-01-19 00:00:00,150,9,141,6.0,UNDERUSED,0
F001,Smart Campus,B002,Building B,BLK-B1,Block B1,SP-005,Meeting Room B,Meeting Room,2026-01-19 00:00:00,25,2,23,8.0,UNDERUSED,0
F001,Smart Campus,B002,Building B,BLK-B2,Block B2,SP-006,Cafeteria B,Cafeteria,2026-01-19 00:00:00,180,27,153,15.0,LOW,0
F001,Smart Campus,B003,Building C,BLK-C1,Block C1,SP-007,Open Workspace C1,Workspace,2026-01-19 00:00:00,100,2,98,2.0,UNDERUSED,0
F001,Smart Campus,B003,Building C,BLK-C1,Block C1,SP-008,Server Operations Room,Restricted Area,2026-01-19 00:00:00,20,5,15,25.0,LOW,0
F001,Smart Campus,B001,Building A,BLK-A1,Block A1,SP-001,Open Workspace A1,Workspace,2026-01-19 01:00:00,120,2,118,1.67,UNDERUSED,0
F001,Smart Campus,B001,Building A,BLK-A1,Block A1,SP-002,Conference Room A,Meeting Room,2026-01-19 01:00:00,30,0,30,0.0,UNDERUSED,0
F001,Smart Campus,B001,Building A,BLK-A2,Block A2,SP-003,Training Hall A,Training Room,2026-01-19 01:00:00,80,5,75,6.25,UNDERUSED,0
F001,Smart Campus,B002,Building B,BLK-B1,Block B1,SP-004,Open Workspace B1,Workspace,2026-01-19 01:00:00,150,15,135,10.0,UNDERUSED,0
F001,Smart Campus,B002,Building B,BLK-B1,Block B1,SP-005,Meeting Room B,Meeting Room,2026-01-19 01:00:00,25,2,23,8.0,UNDERUSED,0
F001,Smart Campus,B002,Building B,BLK-B2,Block B2,SP-006,Cafeteria B,Cafeteria,2026-01-19 01:00:00,180,25,155,13.89,UNDERUSED,0
F001,Smart Campus,B003,Building C,BLK-C1,Block C1,SP-007,Open Workspace C1,Workspace,2026-01-19 01:00:00,100,6,94,6.0,UNDERUSED,0
F001,Smart Campus,B003,Building C,BLK-C1,Block C1,SP-008,Server Operations Room,Restricted Area,2026-01-19 01:00:00,20,3,17,15.0,LOW,0
F001,Smart Campus,B001,Building A,BLK-A1,Block A1,SP-001,Open Workspace A1,Workspace,2026-01-19 02:00:00,120,10,110,8.33,UNDERUSED,0
F001,Smart Campus,B001,Building A,BLK-A1,Block A1,SP-002,Conference Room A,Meeting Room,2026-01-19 02:00:00,30,2,28,6.67,UNDERUSED,0
F001,Smart Campus,B001,Building A,BLK-A2,Block A2,SP-003,Training Hall A,Training Room,2026-01-19 02:00:00,80,3,77,3.75,UNDERUSED,0
F001,Smart Campus,B002,Building B,BLK-B1,Block B1,SP-004,Open Workspace B1,Workspace,2026-01-19 02:00:00,150,6,144,4.0,UNDERUSED,0
F001,Smart Campus,B002,Building B,BLK-B1,Block B1,SP-005,Meeting Room B,Meeting Room,2026-01-19 02:00:00,25,2,23,8.0,UNDERUSED,0
F001,Smart Campus,B002,Building B,BLK-B2,Block B2,SP-006,Cafeteria B,Cafeteria,2026-01-19 02:00:00,180,6,174,3.33,UNDERUSED,0
F001,Smart Campus,B003,Building C,BLK-C1,Block C1,SP-007,Open Workspace C1,Workspace,2026-01-19 02:00:00,100,8,92,8.0,UNDERUSED,0
F001,Smart Campus,B003,Building C,BLK-C1,Block C1,SP-008,Server Operations Room,Restricted Area,2026-01-19 02:00:00,20,1,19,5.0,UNDERUSED,0
F001,Smart Campus,B001,Building A,BLK-A1,Block A1,SP-001,Open Workspace A1,Workspace,2026-01-19 03:00:00,120,6,114,5.0,UNDERUSED,0
F001,Smart Campus,B001,Building A,BLK-A1,Block A1,SP-002,Conference Room A,Meeting Room,2026-01-19 03:00:00,30,1,29,3.33,UNDERUSED,0
F001,Smart Campus,B001,Building A,BLK-A2,Block A2,SP-003,Training Hall A,Training Room,2026-01-19 03:00:00,80,4,76,5.0,UNDERUSED,0
F001,Smart Campus,B002,Building B,BLK-B1,Block B1,SP-004,Open Workspace B1,Workspace,2026-01-19 03:00:00,150,7,143,4.67,UNDERUSED,0
F001,Smart Campus,B002,Building B,BLK-B1,Block B1,SP-005,Meeting Room B,Meeting Room,2026-01-19 03:00:00,25,1,24,4.0,UNDERUSED,0
F001,Smart Campus,B002,Building B,BLK-B2,Block B2,SP-006,Cafeteria B,Cafeteria,2026-01-19 03:00:00,180,14,166,7.78,UNDERUSED,0
F001,Smart Campus,B003,Building C,BLK-C1,Block C1,SP-007,Open Workspace C1,Workspace,2026-01-19 03:00:00,100,5,95,5.0,UNDERUSED,0
F001,Smart Campus,B003,Building C,BLK-C1,Block C1,SP-008,Server Operations Room,Restricted Area,2026-01-19 03:00:00,20,6,14,30.0,LOW,0
F001,Smart Campus,B001,Building A,BLK-A1,Block A1,SP-001,Open Workspace A1,Workspace,2026-01-19 04:00:00,120,3,117,2.5,UNDERUSED,0
F001,Smart Campus,B001,Building A,BLK-A1,Block A1,SP-002,Conference Room A,Meeting Room,2026-01-19 04:00:00,30,0,30,0.0,UNDERUSED,0
F001,Smart Campus,B001,Building A,BLK-A2,Block A2,SP-003,Training Hall A,Training Room,2026-01-19 04:00:00,80,6,74,7.5,UNDERUSED,0
F001,Smart Campus,B002,Building B,BLK-B1,Block B1,SP-004,Open Workspace B1,Workspace,2026-01-19 04:00:00,150,4,146,2.67,UNDERUSED,0
F001,Smart Campus,B002,Building B,BLK-B1,Block B1,SP-005,Meeting Room B,Meeting Room,2026-01-19 04:00:00,25,2,23,8.0,UNDERUSED,0
F001,Smart Campus,B002,Building B,BLK-B2,Block B2,SP-006,Cafeteria B,Cafeteria,2026-01-19 04:00:00,180,12,168,6.67,UNDERUSED,0
F001,Smart Campus,B003,Building C,BLK-C1,Block C1,SP-007,Open Workspace C1,Workspace,2026-01-19 04:00:00,100,6,94,6.0,UNDERUSED,0
F001,Smart Campus,B003,Building C,BLK-C1,Block C1,SP-008,Server Operations Room,Restricted Area,2026-01-19 04:00:00,20,2,18,10.0,UNDERUSED,0
F001,Smart Campus,B001,Building A,BLK-A1,Block A1,SP-001,Open Workspace A1,Workspace,2026-01-19 05:00:00,120,2,118,1.67,UNDERUSED,0
F001,Smart Campus,B001,Building A,BLK-A1,Block A1,SP-002,Conference Room A,Meeting Room,2026-01-19 05:00:00,30,1,29,3.33,UNDERUSED,0
F001,Smart Campus,B001,Building A,BLK-A2,Block A2,SP-003,Training Hall A,Training Room,2026-01-19 05:00:00,80,2,78,2.5,UNDERUSED,0
F001,Smart Campus,B002,Building B,BLK-B1,Block B1,SP-004,Open Workspace B1,Workspace,2026-01-19 05:00:00,150,12,138,8.0,UNDERUSED,0
F001,Smart Campus,B002,Building B,BLK-B1,Block B1,SP-005,Meeting Room B,Meeting Room,2026-01-19 05:00:00,25,1,24,4.0,UNDERUSED,0
F001,Smart Campus,B002,Building B,BLK-B2,Block B2,SP-006,Cafeteria B,Cafeteria,2026-01-19 05:00:00,180,25,155,13.89,UNDERUSED,0
F001,Smart Campus,B003,Building C,BLK-C1,Block C1,SP-007,Open Workspace C1,Workspace,2026-01-19 05:00:00,100,3,97,3.0,UNDERUSED,0
F001,Smart Campus,B003,Building C,BLK-C1,Block C1,SP-008,Server Operations Room,Restricted Area,2026-01-19 05:00:00,20,4,16,20.0,LOW,0
F001,Smart Campus,B001,Building A,BLK-A1,Block A1,SP-001,Open Workspace A1,Workspace,2026-01-19 06:00:00,120,5,115,4.17,UNDERUSED,0
F001,Smart Campus,B001,Building A,BLK-A1,Block A1,SP-002,Conference Room A,Meeting Room,2026-01-19 06:00:00,30,1,29,3.33,UNDERUSED,0
F001,Smart Campus,B001,Building A,BLK-A2,Block A2,SP-003,Training Hall A,Training Room,2026-01-19 06:00:00,80,4,76,5.0,UNDERUSED,0
F001,Smart Campus,B002,Building B,BLK-B1,Block B1,SP-004,Open Workspace B1,Workspace,2026-01-19 06:00:00,150,12,138,8.0,UNDERUSED,0
F001,Smart Campus,B002,Building B,BLK-B1,Block B1,SP-005,Meeting Room B,Meeting Room,2026-01-19 06:00:00,25,2,23,8.0,UNDERUSED,0
F001,Smart Campus,B002,Building B,BLK-B2,Block B2,SP-006,Cafeteria B,Cafeteria,2026-01-19 06:00:00,180,21,159,11.67,UNDERUSED,0
F001,Smart Campus,B003,Building C,BLK-C1,Block C1,SP-007,Open Workspace C1,Workspace,2026-01-19 06:00:00,100,5,95,5.0,UNDERUSED,0
F001,Smart Campus,B003,Building C,BLK-C1,Block C1,SP-008,Server Operations Room,Restricted Area,2026-01-19 06:00:00,20,4,16,20.0,LOW,0
F001,Smart Campus,B001,Building A,BLK-A1,Block A1,SP-001,Open Workspace A1,Workspace,2026-01-19 07:00:00,120,5,115,4.17,UNDERUSED,0
F001,Smart Campus,B001,Building A,BLK-A1,Block A1,SP-002,Conference Room A,Meeting Room,2026-01-19 07:00:00,30,2,28,6.67,UNDERUSED,0
F001,Smart Campus,B001,Building A,BLK-A2,Block A2,SP-003,Training Hall A,Training Room,2026-01-19 07:00:00,80,1,79,1.25,UNDERUSED,0
F001,Smart Campus,B002,Building B,BLK-B1,Block B1,SP-004,Open Workspace B1,Workspace,2026-01-19 07:00:00,150,9,141,6.0,UNDERUSED,0
F001,Smart Campus,B002,Building B,BLK-B1,Block B1,SP-005,Meeting Room B,Meeting Room,2026-01-19 07:00:00,25,2,23,8.0,UNDERUSED,0
F001,Smart Campus,B002,Building B,BLK-B2,Block B2,SP-006,Cafeteria B,Cafeteria,2026-01-19 07:00:00,180,19,161,10.56,UNDERUSED,0
F001,Smart Campus,B003,Building C,BLK-C1,Block C1,SP-007,Open Workspace C1,Workspace,2026-01-19 07:00:00,100,7,93,7.0,UNDERUSED,0
F001,Smart Campus,B003,Building C,BLK-C1,Block C1,SP-008,Server Operations Room,Restricted Area,2026-01-19 07:00:00,20,6,14,30.0,LOW,0
F001,Smart Campus,B001,Building A,BLK-A1,Block A1,SP-001,Open Workspace A1,Workspace,2026-01-19 08:00:00,120,7,113,5.83,UNDERUSED,0
F001,Smart Campus,B001,Building A,BLK-A1,Block A1,SP-002,Conference Room A,Meeting Room,2026-01-19 08:00:00,30,2,28,6.67,UNDERUSED,0
F001,Smart Campus,B001,Building A,BLK-A2,Block A2,SP-003,Training Hall A,Training Room,2026-01-19 08:00:00,80,4,76,5.0,UNDERUSED,0
F001,Smart Campus,B002,Building B,BLK-B1,Block B1,SP-004,Open Workspace B1,Workspace,2026-01-19 08:00:00,150,2,148,1.33,UNDERUSED,0
F001,Smart Campus,B002,Building B,BLK-B1,Block B1,SP-005,Meeting Room B,Meeting Room,2026-01-19 08:00:00,25,0,25,0.0,UNDERUSED,0
F001,Smart Campus,B002,Building B,BLK-B2,Block B2,SP-006,Cafeteria B,Cafeteria,2026-01-19 08:00:00,180,85,95,47.22,OPTIMAL,0
F001,Smart Campus,B003,Building C,BLK-C1,Block C1,SP-007,Open Workspace C1,Workspace,2026-01-19 08:00:00,100,9,91,9.0,UNDERUSED,0
F001,Smart Campus,B003,Building C,BLK-C1,Block C1,SP-008,Server Operations Room,Restricted Area,2026-01-19 08:00:00,20,1,19,5.0,UNDERUSED,0
F001,Smart Campus,B001,Building A,BLK-A1,Block A1,SP-001,Open Workspace A1,Workspace,2026-01-19 09:00:00,120,85,35,70.83,OPTIMAL,0
F001,Smart Campus,B001,Building A,BLK-A1,Block A1,SP-002,Conference Room A,Meeting Room,2026-01-19 09:00:00,30,23,7,76.67,HIGH,0
F001,Smart Campus,B001,Building A,BLK-A2,Block A2,SP-003,Training Hall A,Training Room,2026-01-19 09:00:00,80,55,25,68.75,OPTIMAL,0
F001,Smart Campus,B002,Building B,BLK-B1,Block B1,SP-004,Open Workspace B1,Workspace,2026-01-19 09:00:00,150,113,37,75.33,HIGH,0
F001,Smart Campus,B002,Building B,BLK-B1,Block B1,SP-005,Meeting Room B,Meeting Room,2026-01-19 09:00:00,25,19,6,76.0,HIGH,0
F001,Smart Campus,B002,Building B,BLK-B2,Block B2,SP-006,Cafeteria B,Cafeteria,2026-01-19 09:00:00,180,65,115,36.11,LOW,0
F001,Smart Campus,B003,Building C,BLK-C1,Block C1,SP-007,Open Workspace C1,Workspace,2026-01-19 09:00:00,100,86,14,86.0,HIGH,0
F001,Smart Campus,B003,Building C,BLK-C1,Block C1,SP-008,Server Operations Room,Restricted Area,2026-01-19 09:00:00,20,3,17,15.0,LOW,0
F001,Smart Campus,B001,Building A,BLK-A1,Block A1,SP-001,Open Workspace A1,Workspace,2026-01-19 10:00:00,120,81,39,67.5,OPTIMAL,0
F001,Smart Campus,B001,Building A,BLK-A1,Block A1,SP-002,Conference Room A,Meeting Room,2026-01-19 10:00:00,30,9,21,30.0,LOW,0
F001,Smart Campus,B001,Building A,BLK-A2,Block A2,SP-003,Training Hall A,Training Room,2026-01-19 10:00:00,80,20,60,25.0,LOW,0
F001,Smart Campus,B002,Building B,BLK-B1,Block B1,SP-004,Open Workspace B1,Workspace,2026-01-19 10:00:00,150,113,37,75.33,HIGH,0
F001,Smart Campus,B002,Building B,BLK-B1,Block B1,SP-005,Meeting Room B,Meeting Room,2026-01-19 10:00:00,25,15,10,60.0,OPTIMAL,0
F001,Smart Campus,B002,Building B,BLK-B2,Block B2,SP-006,Cafeteria B,Cafeteria,2026-01-19 10:00:00,180,4,176,2.22,UNDERUSED,0
F001,Smart Campus,B003,Building C,BLK-C1,Block C1,SP-007,Open Workspace C1,Workspace,2026-01-19 10:00:00,100,75,25,75.0,HIGH,0
F001,Smart Campus,B003,Building C,BLK-C1,Block C1,SP-008,Server Operations Room,Restricted Area,2026-01-19 10:00:00,20,3,17,15.0,LOW,0
F001,Smart Campus,B001,Building A,BLK-A1,Block A1,SP-001,Open Workspace A1,Workspace,2026-01-19 11:00:00,120,89,31,74.17,OPTIMAL,0
F001,Smart Campus,B001,Building A,BLK-A1,Block A1,SP-002,Conference Room A,Meeting Room,2026-01-19 11:00:00,30,8,22,26.67,LOW,0
F001,Smart Campus,B001,Building A,BLK-A2,Block A2,SP-003,Training Hall A,Training Room,2026-01-19 11:00:00,80,52,28,65.0,OPTIMAL,0
F001,Smart Campus,B002,Building B,BLK-B1,Block B1,SP-004,Open Workspace B1,Workspace,2026-01-19 11:00:00,150,116,34,77.33,HIGH,0
F001,Smart Campus,B002,Building B,BLK-B1,Block B1,SP-005,Meeting Room B,Meeting Room,2026-01-19 11:00:00,25,11,14,44.0,OPTIMAL,0
F001,Smart Campus,B002,Building B,BLK-B2,Block B2,SP-006,Cafeteria B,Cafeteria,2026-01-19 11:00:00,180,5,175,2.78,UNDERUSED,0
F001,Smart Campus,B003,Building C,BLK-C1,Block C1,SP-007,Open Workspace C1,Workspace,2026-01-19 11:00:00,100,75,25,75.0,HIGH,0
F001,Smart Campus,B003,Building C,BLK-C1,Block C1,SP-008,Server Operations Room,Restricted Area,2026-01-19 11:00:00,20,3,17,15.0,LOW,0
F001,Smart Campus,B001,Building A,BLK-A1,Block A1,SP-001,Open Workspace A1,Workspace,2026-01-19 12:00:00,120,69,51,57.5,OPTIMAL,0
F001,Smart Campus,B001,Building A,BLK-A1,Block A1,SP-002,Conference Room A,Meeting Room,2026-01-19 12:00:00,30,25,5,83.33,HIGH,0
F001,Smart Campus,B001,Building A,BLK-A2,Block A2,SP-003,Training Hall A,Training Room,2026-01-19 12:00:00,80,28,52,35.0,LOW,0
F001,Smart Campus,B002,Building B,BLK-B1,Block B1,SP-004,Open Workspace B1,Workspace,2026-01-19 12:00:00,150,82,68,54.67,OPTIMAL,0
F001,Smart Campus,B002,Building B,BLK-B1,Block B1,SP-005,Meeting Room B,Meeting Room,2026-01-19 12:00:00,25,12,13,48.0,OPTIMAL,0
F001,Smart Campus,B002,Building B,BLK-B2,Block B2,SP-006,Cafeteria B,Cafeteria,2026-01-19 12:00:00,180,155,25,86.11,HIGH,0
F001,Smart Campus,B003,Building C,BLK-C1,Block C1,SP-007,Open Workspace C1,Workspace,2026-01-19 12:00:00,100,59,41,59.0,OPTIMAL,0
F001,Smart Campus,B003,Building C,BLK-C1,Block C1,SP-008,Server Operations Room,Restricted Area,2026-01-19 12:00:00,20,7,13,35.0,LOW,0
F001,Smart Campus,B001,Building A,BLK-A1,Block A1,SP-001,Open Workspace A1,Workspace,2026-01-19 13:00:00,120,58,62,48.33,OPTIMAL,0
F001,Smart Campus,B001,Building A,BLK-A1,Block A1,SP-002,Conference Room A,Meeting Room,2026-01-19 13:00:00,30,24,6,80.0,HIGH,0
F001,Smart Campus,B001,Building A,BLK-A2,Block A2,SP-003,Training Hall A,Training Room,2026-01-19 13:00:00,80,16,64,20.0,LOW,0
F001,Smart Campus,B002,Building B,BLK-B1,Block B1,SP-004,Open Workspace B1,Workspace,2026-01-19 13:00:00,150,84,66,56.0,OPTIMAL,0
F001,Smart Campus,B002,Building B,BLK-B1,Block B1,SP-005,Meeting Room B,Meeting Room,2026-01-19 13:00:00,25,29,0,116.0,OVERCROWDED,1
F001,Smart Campus,B002,Building B,BLK-B2,Block B2,SP-006,Cafeteria B,Cafeteria,2026-01-19 13:00:00,180,148,32,82.22,HIGH,0
F001,Smart Campus,B003,Building C,BLK-C1,Block C1,SP-007,Open Workspace C1,Workspace,2026-01-19 13:00:00,100,56,44,56.0,OPTIMAL,0
F001,Smart Campus,B003,Building C,BLK-C1,Block C1,SP-008,Server Operations Room,Restricted Area,2026-01-19 13:00:00,20,3,17,15.0,LOW,0
F001,Smart Campus,B001,Building A,BLK-A1,Block A1,SP-001,Open Workspace A1,Workspace,2026-01-19 14:00:00,120,92,28,76.67,HIGH,0
F001,Smart Campus,B001,Building A,BLK-A1,Block A1,SP-002,Conference Room A,Meeting Room,2026-01-19 14:00:00,30,7,23,23.33,LOW,0
F001,Smart Campus,B001,Building A,BLK-A2,Block A2,SP-003,Training Hall A,Training Room,2026-01-19 14:00:00,80,43,37,53.75,OPTIMAL,0
F001,Smart Campus,B002,Building B,BLK-B1,Block B1,SP-004,Open Workspace B1,Workspace,2026-01-19 14:00:00,150,107,43,71.33,OPTIMAL,0
F001,Smart Campus,B002,Building B,BLK-B1,Block B1,SP-005,Meeting Room B,Meeting Room,2026-01-19 14:00:00,25,7,18,28.0,LOW,0
F001,Smart Campus,B002,Building B,BLK-B2,Block B2,SP-006,Cafeteria B,Cafeteria,2026-01-19 14:00:00,180,139,41,77.22,HIGH,0
F001,Smart Campus,B003,Building C,BLK-C1,Block C1,SP-007,Open Workspace C1,Workspace,2026-01-19 14:00:00,100,77,23,77.0,HIGH,0
F001,Smart Campus,B003,Building C,BLK-C1,Block C1,SP-008,Server Operations Room,Restricted Area,2026-01-19 14:00:00,20,3,17,15.0,LOW,0
F001,Smart Campus,B001,Building A,BLK-A1,Block A1,SP-001,Open Workspace A1,Workspace,2026-01-19 15:00:00,120,84,36,70.0,OPTIMAL,0
F001,Smart Campus,B001,Building A,BLK-A1,Block A1,SP-002,Conference Room A,Meeting Room,2026-01-19 15:00:00,30,21,9,70.0,OPTIMAL,0
F001,Smart Campus,B001,Building A,BLK-A2,Block A2,SP-003,Training Hall A,Training Room,2026-01-19 15:00:00,80,28,52,35.0,LOW,0
F001,Smart Campus,B002,Building B,BLK-B1,Block B1,SP-004,Open Workspace B1,Workspace,2026-01-19 15:00:00,150,104,46,69.33,OPTIMAL,0
F001,Smart Campus,B002,Building B,BLK-B1,Block B1,SP-005,Meeting Room B,Meeting Room,2026-01-19 15:00:00,25,15,10,60.0,OPTIMAL,0
F001,Smart Campus,B002,Building B,BLK-B2,Block B2,SP-006,Cafeteria B,Cafeteria,2026-01-19 15:00:00,180,20,160,11.11,UNDERUSED,0
F001,Smart Campus,B003,Building C,BLK-C1,Block C1,SP-007,Open Workspace C1,Workspace,2026-01-19 15:00:00,100,60,40,60.0,OPTIMAL,0
F001,Smart Campus,B003,Building C,BLK-C1,Block C1,SP-008,Server Operations Room,Restricted Area,2026-01-19 15:00:00,20,6,14,30.0,LOW,0
F001,Smart Campus,B001,Building A,BLK-A1,Block A1,SP-001,Open Workspace A1,Workspace,2026-01-19 16:00:00,120,86,34,71.67,OPTIMAL,0
F001,Smart Campus,B001,Building A,BLK-A1,Block A1,SP-002,Conference Room A,Meeting Room,2026-01-19 16:00:00,30,20,10,66.67,OPTIMAL,0
F001,Smart Campus,B001,Building A,BLK-A2,Block A2,SP-003,Training Hall A,Training Room,2026-01-19 16:00:00,80,42,38,52.5,OPTIMAL,0
F001,Smart Campus,B002,Building B,BLK-B1,Block B1,SP-004,Open Workspace B1,Workspace,2026-01-19 16:00:00,150,117,33,78.0,HIGH,0
F001,Smart Campus,B002,Building B,BLK-B1,Block B1,SP-005,Meeting Room B,Meeting Room,2026-01-19 16:00:00,25,6,19,24.0,LOW,0
F001,Smart Campus,B002,Building B,BLK-B2,Block B2,SP-006,Cafeteria B,Cafeteria,2026-01-19 16:00:00,180,75,105,41.67,OPTIMAL,0
F001,Smart Campus,B003,Building C,BLK-C1,Block C1,SP-007,Open Workspace C1,Workspace,2026-01-19 16:00:00,100,70,30,70.0,OPTIMAL,0
F001,Smart Campus,B003,Building C,BLK-C1,Block C1,SP-008,Server Operations Room,Restricted Area,2026-01-19 16:00:00,20,6,14,30.0,LOW,0
F001,Smart Campus,B001,Building A,BLK-A1,Block A1,SP-001,Open Workspace A1,Workspace,2026-01-19 17:00:00,120,78,42,65.0,OPTIMAL,0
F001,Smart Campus,B001,Building A,BLK-A1,Block A1,SP-002,Conference Room A,Meeting Room,2026-01-19 17:00:00,30,33,0,110.0,OVERCROWDED,1
F001,Smart Campus,B001,Building A,BLK-A2,Block A2,SP-003,Training Hall A,Training Room,2026-01-19 17:00:00,80,6,74,7.5,UNDERUSED,0
F001,Smart Campus,B002,Building B,BLK-B1,Block B1,SP-004,Open Workspace B1,Workspace,2026-01-19 17:00:00,150,99,51,66.0,OPTIMAL,0
F001,Smart Campus,B002,Building B,BLK-B1,Block B1,SP-005,Meeting Room B,Meeting Room,2026-01-19 17:00:00,25,10,15,40.0,OPTIMAL,0
F001,Smart Campus,B002,Building B,BLK-B2,Block B2,SP-006,Cafeteria B,Cafeteria,2026-01-19 17:00:00,180,61,119,33.89,LOW,0
F001,Smart Campus,B003,Building C,BLK-C1,Block C1,SP-007,Open Workspace C1,Workspace,2026-01-19 17:00:00,100,77,23,77.0,HIGH,0
F001,Smart Campus,B003,Building C,BLK-C1,Block C1,SP-008,Server Operations Room,Restricted Area,2026-01-19 17:00:00,20,5,15,25.0,LOW,0
F001,Smart Campus,B001,Building A,BLK-A1,Block A1,SP-001,Open Workspace A1,Workspace,2026-01-19 18:00:00,120,33,87,27.5,LOW,0
F001,Smart Campus,B001,Building A,BLK-A1,Block A1,SP-002,Conference Room A,Meeting Room,2026-01-19 18:00:00,30,1,29,3.33,UNDERUSED,0
F001,Smart Campus,B001,Building A,BLK-A2,Block A2,SP-003,Training Hall A,Training Room,2026-01-19 18:00:00,80,5,75,6.25,UNDERUSED,0
F001,Smart Campus,B002,Building B,BLK-B1,Block B1,SP-004,Open Workspace B1,Workspace,2026-01-19 18:00:00,150,30,120,20.0,LOW,0
F001,Smart Campus,B002,Building B,BLK-B1,Block B1,SP-005,Meeting Room B,Meeting Room,2026-01-19 18:00:00,25,1,24,4.0,UNDERUSED,0
F001,Smart Campus,B002,Building B,BLK-B2,Block B2,SP-006,Cafeteria B,Cafeteria,2026-01-19 18:00:00,180,17,163,9.44,UNDERUSED,0
F001,Smart Campus,B003,Building C,BLK-C1,Block C1,SP-007,Open Workspace C1,Workspace,2026-01-19 18:00:00,100,29,71,29.0,LOW,0
F001,Smart Campus,B003,Building C,BLK-C1,Block C1,SP-008,Server Operations Room,Restricted Area,2026-01-19 18:00:00,20,4,16,20.0,LOW,0
F001,Smart Campus,B001,Building A,BLK-A1,Block A1,SP-001,Open Workspace A1,Workspace,2026-01-19 19:00:00,120,35,85,29.17,LOW,0
F001,Smart Campus,B001,Building A,BLK-A1,Block A1,SP-002,Conference Room A,Meeting Room,2026-01-19 19:00:00,30,0,30,0.0,UNDERUSED,0
F001,Smart Campus,B001,Building A,BLK-A2,Block A2,SP-003,Training Hall A,Training Room,2026-01-19 19:00:00,80,2,78,2.5,UNDERUSED,0
F001,Smart Campus,B002,Building B,BLK-B1,Block B1,SP-004,Open Workspace B1,Workspace,2026-01-19 19:00:00,150,31,119,20.67,LOW,0
F001,Smart Campus,B002,Building B,BLK-B1,Block B1,SP-005,Meeting Room B,Meeting Room,2026-01-19 19:00:00,25,2,23,8.0,UNDERUSED,0
F001,Smart Campus,B002,Building B,BLK-B2,Block B2,SP-006,Cafeteria B,Cafeteria,2026-01-19 19:00:00,180,19,161,10.56,UNDERUSED,0
F001,Smart Campus,B003,Building C,BLK-C1,Block C1,SP-007,Open Workspace C1,Workspace,2026-01-19 19:00:00,100,32,68,32.0,LOW,0
F001,Smart Campus,B003,Building C,BLK-C1,Block C1,SP-008,Server Operations Room,Restricted Area,2026-01-19 19:00:00,20,3,17,15.0,LOW,0
F001,Smart Campus,B001,Building A,BLK-A1,Block A1,SP-001,Open Workspace A1,Workspace,2026-01-19 20:00:00,120,32,88,26.67,LOW,0
F001,Smart Campus,B001,Building A,BLK-A1,Block A1,SP-002,Conference Room A,Meeting Room,2026-01-19 20:00:00,30,2,28,6.67,UNDERUSED,0
F001,Smart Campus,B001,Building A,BLK-A2,Block A2,SP-003,Training Hall A,Training Room,2026-01-19 20:00:00,80,0,80,0.0,UNDERUSED,0
F001,Smart Campus,B002,Building B,BLK-B1,Block B1,SP-004,Open Workspace B1,Workspace,2026-01-19 20:00:00,150,39,111,26.0,LOW,0
F001,Smart Campus,B002,Building B,BLK-B1,Block B1,SP-005,Meeting Room B,Meeting Room,2026-01-19 20:00:00,25,1,24,4.0,UNDERUSED,0
F001,Smart Campus,B002,Building B,BLK-B2,Block B2,SP-006,Cafeteria B,Cafeteria,2026-01-19 20:00:00,180,15,165,8.33,UNDERUSED,0
F001,Smart Campus,B003,Building C,BLK-C1,Block C1,SP-007,Open Workspace C1,Workspace,2026-01-19 20:00:00,100,34,66,34.0,LOW,0
F001,Smart Campus,B003,Building C,BLK-C1,Block C1,SP-008,Server Operations Room,Restricted Area,2026-01-19 20:00:00,20,2,18,10.0,UNDERUSED,0
F001,Smart Campus,B001,Building A,BLK-A1,Block A1,SP-001,Open Workspace A1,Workspace,2026-01-19 21:00:00,120,6,114,5.0,UNDERUSED,0
F001,Smart Campus,B001,Building A,BLK-A1,Block A1,SP-002,Conference Room A,Meeting Room,2026-01-19 21:00:00,30,0,30,0.0,UNDERUSED,0
F001,Smart Campus,B001,Building A,BLK-A2,Block A2,SP-003,Training Hall A,Training Room,2026-01-19 21:00:00,80,1,79,1.25,UNDERUSED,0
F001,Smart Campus,B002,Building B,BLK-B1,Block B1,SP-004,Open Workspace B1,Workspace,2026-01-19 21:00:00,150,2,148,1.33,UNDERUSED,0
F001,Smart Campus,B002,Building B,BLK-B1,Block B1,SP-005,Meeting Room B,Meeting Room,2026-01-19 21:00:00,25,2,23,8.0,UNDERUSED,0
F001,Smart Campus,B002,Building B,BLK-B2,Block B2,SP-006,Cafeteria B,Cafeteria,2026-01-19 21:00:00,180,5,175,2.78,UNDERUSED,0
F001,Smart Campus,B003,Building C,BLK-C1,Block C1,SP-007,Open Workspace C1,Workspace,2026-01-19 21:00:00,100,2,98,2.0,UNDERUSED,0
F001,Smart Campus,B003,Building C,BLK-C1,Block C1,SP-008,Server Operations Room,Restricted Area,2026-01-19 21:00:00,20,5,15,25.0,LOW,0
F001,Smart Campus,B001,Building A,BLK-A1,Block A1,SP-001,Open Workspace A1,Workspace,2026-01-19 22:00:00,120,6,114,5.0,UNDERUSED,0
F001,Smart Campus,B001,Building A,BLK-A1,Block A1,SP-002,Conference Room A,Meeting Room,2026-01-19 22:00:00,30,2,28,6.67,UNDERUSED,0
F001,Smart Campus,B001,Building A,BLK-A2,Block A2,SP-003,Training Hall A,Training Room,2026-01-19 22:00:00,80,2,78,2.5,UNDERUSED,0
F001,Smart Campus,B002,Building B,BLK-B1,Block B1,SP-004,Open Workspace B1,Workspace,2026-01-19 22:00:00,150,3,147,2.0,UNDERUSED,0
F001,Smart Campus,B002,Building B,BLK-B1,Block B1,SP-005,Meeting Room B,Meeting Room,2026-01-19 22:00:00,25,1,24,4.0,UNDERUSED,0
F001,Smart Campus,B002,Building B,BLK-B2,Block B2,SP-006,Cafeteria B,Cafeteria,2026-01-19 22:00:00,180,11,169,6.11,UNDERUSED,0
F001,Smart Campus,B003,Building C,BLK-C1,Block C1,SP-007,Open Workspace C1,Workspace,2026-01-19 22:00:00,100,9,91,9.0,UNDERUSED,0
F001,Smart Campus,B003,Building C,BLK-C1,Block C1,SP-008,Server Operations Room,Restricted Area,2026-01-19 22:00:00,20,5,15,25.0,LOW,0
F001,Smart Campus,B001,Building A,BLK-A1,Block A1,SP-001,Open Workspace A1,Workspace,2026-01-19 23:00:00,120,8,112,6.67,UNDERUSED,0
F001,Smart Campus,B001,Building A,BLK-A1,Block A1,SP-002,Conference Room A,Meeting Room,2026-01-19 23:00:00,30,0,30,0.0,UNDERUSED,0
F001,Smart Campus,B001,Building A,BLK-A2,Block A2,SP-003,Training Hall A,Training Room,2026-01-19 23:00:00,80,0,80,0.0,UNDERUSED,0
F001,Smart Campus,B002,Building B,BLK-B1,Block B1,SP-004,Open Workspace B1,Workspace,2026-01-19 23:00:00,150,13,137,8.67,UNDERUSED,0
F001,Smart Campus,B002,Building B,BLK-B1,Block B1,SP-005,Meeting Room B,Meeting Room,2026-01-19 23:00:00,25,0,25,0.0,UNDERUSED,0
F001,Smart Campus,B002,Building B,BLK-B2,Block B2,SP-006,Cafeteria B,Cafeteria,2026-01-19 23:00:00,180,14,166,7.78,UNDERUSED,0
F001,Smart Campus,B003,Building C,BLK-C1,Block C1,SP-007,Open Workspace C1,Workspace,2026-01-19 23:00:00,100,7,93,7.0,UNDERUSED,0
F001,Smart Campus,B003,Building C,BLK-C1,Block C1,SP-008,Server Operations Room,Restricted Area,2026-01-19 23:00:00,20,5,15,25.0,LOW,0
F001,Smart Campus,B001,Building A,BLK-A1,Block A1,SP-001,Open Workspace A1,Workspace,2026-01-20 00:00:00,120,4,116,3.33,UNDERUSED,0
F001,Smart Campus,B001,Building A,BLK-A1,Block A1,SP-002,Conference Room A,Meeting Room,2026-01-20 00:00:00,30,0,30,0.0,UNDERUSED,0
F001,Smart Campus,B001,Building A,BLK-A2,Block A2,SP-003,Training Hall A,Training Room,2026-01-20 00:00:00,80,1,79,1.25,UNDERUSED,0
F001,Smart Campus,B002,Building B,BLK-B1,Block B1,SP-004,Open Workspace B1,Workspace,2026-01-20 00:00:00,150,163,0,108.67,OVERCROWDED,1
F001,Smart Campus,B002,Building B,BLK-B1,Block B1,SP-005,Meeting Room B,Meeting Room,2026-01-20 00:00:00,25,2,23,8.0,UNDERUSED,0
F001,Smart Campus,B002,Building B,BLK-B2,Block B2,SP-006,Cafeteria B,Cafeteria,2026-01-20 00:00:00,180,18,162,10.0,UNDERUSED,0
F001,Smart Campus,B003,Building C,BLK-C1,Block C1,SP-007,Open Workspace C1,Workspace,2026-01-20 00:00:00,100,9,91,9.0,UNDERUSED,0
F001,Smart Campus,B003,Building C,BLK-C1,Block C1,SP-008,Server Operations Room,Restricted Area,2026-01-20 00:00:00,20,4,16,20.0,LOW,0
F001,Smart Campus,B001,Building A,BLK-A1,Block A1,SP-001,Open Workspace A1,Workspace,2026-01-20 01:00:00,120,3,117,2.5,UNDERUSED,0
F001,Smart Campus,B001,Building A,BLK-A1,Block A1,SP-002,Conference Room A,Meeting Room,2026-01-20 01:00:00,30,2,28,6.67,UNDERUSED,0
F001,Smart Campus,B001,Building A,BLK-A2,Block A2,SP-003,Training Hall A,Training Room,2026-01-20 01:00:00,80,5,75,6.25,UNDERUSED,0
F001,Smart Campus,B002,Building B,BLK-B1,Block B1,SP-004,Open Workspace B1,Workspace,2026-01-20 01:00:00,150,9,141,6.0,UNDERUSED,0
F001,Smart Campus,B002,Building B,BLK-B1,Block B1,SP-005,Meeting Room B,Meeting Room,2026-01-20 01:00:00,25,1,24,4.0,UNDERUSED,0
F001,Smart Campus,B002,Building B,BLK-B2,Block B2,SP-006,Cafeteria B,Cafeteria,2026-01-20 01:00:00,180,21,159,11.67,UNDERUSED,0
F001,Smart Campus,B003,Building C,BLK-C1,Block C1,SP-007,Open Workspace C1,Workspace,2026-01-20 01:00:00,100,3,97,3.0,UNDERUSED,0
F001,Smart Campus,B003,Building C,BLK-C1,Block C1,SP-008,Server Operations Room,Restricted Area,2026-01-20 01:00:00,20,1,19,5.0,UNDERUSED,0
F001,Smart Campus,B001,Building A,BLK-A1,Block A1,SP-001,Open Workspace A1,Workspace,2026-01-20 02:00:00,120,6,114,5.0,UNDERUSED,0
F001,Smart Campus,B001,Building A,BLK-A1,Block A1,SP-002,Conference Room A,Meeting Room,2026-01-20 02:00:00,30,2,28,6.67,UNDERUSED,0
F001,Smart Campus,B001,Building A,BLK-A2,Block A2,SP-003,Training Hall A,Training Room,2026-01-20 02:00:00,80,6,74,7.5,UNDERUSED,0
F001,Smart Campus,B002,Building B,BLK-B1,Block B1,SP-004,Open Workspace B1,Workspace,2026-01-20 02:00:00,150,3,147,2.0,UNDERUSED,0
F001,Smart Campus,B002,Building B,BLK-B1,Block B1,SP-005,Meeting Room B,Meeting Room,2026-01-20 02:00:00,25,1,24,4.0,UNDERUSED,0
F001,Smart Campus,B002,Building B,BLK-B2,Block B2,SP-006,Cafeteria B,Cafeteria,2026-01-20 02:00:00,180,4,176,2.22,UNDERUSED,0
F001,Smart Campus,B003,Building C,BLK-C1,Block C1,SP-007,Open Workspace C1,Workspace,2026-01-20 02:00:00,100,7,93,7.0,UNDERUSED,0
F001,Smart Campus,B003,Building C,BLK-C1,Block C1,SP-008,Server Operations Room,Restricted Area,2026-01-20 02:00:00,20,4,16,20.0,LOW,0
F001,Smart Campus,B001,Building A,BLK-A1,Block A1,SP-001,Open Workspace A1,Workspace,2026-01-20 03:00:00,120,10,110,8.33,UNDERUSED,0
F001,Smart Campus,B001,Building A,BLK-A1,Block A1,SP-002,Conference Room A,Meeting Room,2026-01-20 03:00:00,30,1,29,3.33,UNDERUSED,0
F001,Smart Campus,B001,Building A,BLK-A2,Block A2,SP-003,Training Hall A,Training Room,2026-01-20 03:00:00,80,6,74,7.5,UNDERUSED,0
F001,Smart Campus,B002,Building B,BLK-B1,Block B1,SP-004,Open Workspace B1,Workspace,2026-01-20 03:00:00,150,6,144,4.0,UNDERUSED,0
F001,Smart Campus,B002,Building B,BLK-B1,Block B1,SP-005,Meeting Room B,Meeting Room,2026-01-20 03:00:00,25,2,23,8.0,UNDERUSED,0
F001,Smart Campus,B002,Building B,BLK-B2,Block B2,SP-006,Cafeteria B,Cafeteria,2026-01-20 03:00:00,180,18,162,10.0,UNDERUSED,0
F001,Smart Campus,B003,Building C,BLK-C1,Block C1,SP-007,Open Workspace C1,Workspace,2026-01-20 03:00:00,100,6,94,6.0,UNDERUSED,0
F001,Smart Campus,B003,Building C,BLK-C1,Block C1,SP-008,Server Operations Room,Restricted Area,2026-01-20 03:00:00,20,5,15,25.0,LOW,0
F001,Smart Campus,B001,Building A,BLK-A1,Block A1,SP-001,Open Workspace A1,Workspace,2026-01-20 04:00:00,120,3,117,2.5,UNDERUSED,0
F001,Smart Campus,B001,Building A,BLK-A1,Block A1,SP-002,Conference Room A,Meeting Room,2026-01-20 04:00:00,30,2,28,6.67,UNDERUSED,0
F001,Smart Campus,B001,Building A,BLK-A2,Block A2,SP-003,Training Hall A,Training Room,2026-01-20 04:00:00,80,84,0,105.0,OVERCROWDED,1
F001,Smart Campus,B002,Building B,BLK-B1,Block B1,SP-004,Open Workspace B1,Workspace,2026-01-20 04:00:00,150,5,145,3.33,UNDERUSED,0
F001,Smart Campus,B002,Building B,BLK-B1,Block B1,SP-005,Meeting Room B,Meeting Room,2026-01-20 04:00:00,25,1,24,4.0,UNDERUSED,0
F001,Smart Campus,B002,Building B,BLK-B2,Block B2,SP-006,Cafeteria B,Cafeteria,2026-01-20 04:00:00,180,26,154,14.44,UNDERUSED,0
F001,Smart Campus,B003,Building C,BLK-C1,Block C1,SP-007,Open Workspace C1,Workspace,2026-01-20 04:00:00,100,8,92,8.0,UNDERUSED,0
F001,Smart Campus,B003,Building C,BLK-C1,Block C1,SP-008,Server Operations Room,Restricted Area,2026-01-20 04:00:00,20,2,18,10.0,UNDERUSED,0
F001,Smart Campus,B001,Building A,BLK-A1,Block A1,SP-001,Open Workspace A1,Workspace,2026-01-20 05:00:00,120,5,115,4.17,UNDERUSED,0
F001,Smart Campus,B001,Building A,BLK-A1,Block A1,SP-002,Conference Room A,Meeting Room,2026-01-20 05:00:00,30,0,30,0.0,UNDERUSED,0
F001,Smart Campus,B001,Building A,BLK-A2,Block A2,SP-003,Training Hall A,Training Room,2026-01-20 05:00:00,80,2,78,2.5,UNDERUSED,0
F001,Smart Campus,B002,Building B,BLK-B1,Block B1,SP-004,Open Workspace B1,Workspace,2026-01-20 05:00:00,150,9,141,6.0,UNDERUSED,0
F001,Smart Campus,B002,Building B,BLK-B1,Block B1,SP-005,Meeting Room B,Meeting Room,2026-01-20 05:00:00,25,0,25,0.0,UNDERUSED,0
F001,Smart Campus,B002,Building B,BLK-B2,Block B2,SP-006,Cafeteria B,Cafeteria,2026-01-20 05:00:00,180,8,172,4.44,UNDERUSED,0
F001,Smart Campus,B003,Building C,BLK-C1,Block C1,SP-007,Open Workspace C1,Workspace,2026-01-20 05:00:00,100,9,91,9.0,UNDERUSED,0
F001,Smart Campus,B003,Building C,BLK-C1,Block C1,SP-008,Server Operations Room,Restricted Area,2026-01-20 05:00:00,20,3,17,15.0,LOW,0
F001,Smart Campus,B001,Building A,BLK-A1,Block A1,SP-001,Open Workspace A1,Workspace,2026-01-20 06:00:00,120,3,117,2.5,UNDERUSED,0
F001,Smart Campus,B001,Building A,BLK-A1,Block A1,SP-002,Conference Room A,Meeting Room,2026-01-20 06:00:00,30,3,27,10.0,UNDERUSED,0
F001,Smart Campus,B001,Building A,BLK-A2,Block A2,SP-003,Training Hall A,Training Room,2026-01-20 06:00:00,80,0,80,0.0,UNDERUSED,0
F001,Smart Campus,B002,Building B,BLK-B1,Block B1,SP-004,Open Workspace B1,Workspace,2026-01-20 06:00:00,150,7,143,4.67,UNDERUSED,0
F001,Smart Campus,B002,Building B,BLK-B1,Block B1,SP-005,Meeting Room B,Meeting Room,2026-01-20 06:00:00,25,0,25,0.0,UNDERUSED,0
F001,Smart Campus,B002,Building B,BLK-B2,Block B2,SP-006,Cafeteria B,Cafeteria,2026-01-20 06:00:00,180,11,169,6.11,UNDERUSED,0
F001,Smart Campus,B003,Building C,BLK-C1,Block C1,SP-007,Open Workspace C1,Workspace,2026-01-20 06:00:00,100,8,92,8.0,UNDERUSED,0
F001,Smart Campus,B003,Building C,BLK-C1,Block C1,SP-008,Server Operations Room,Restricted Area,2026-01-20 06:00:00,20,7,13,35.0,LOW,0
F001,Smart Campus,B001,Building A,BLK-A1,Block A1,SP-001,Open Workspace A1,Workspace,2026-01-20 07:00:00,120,12,108,10.0,UNDERUSED,0
F001,Smart Campus,B001,Building A,BLK-A1,Block A1,SP-002,Conference Room A,Meeting Room,2026-01-20 07:00:00,30,3,27,10.0,UNDERUSED,0
F001,Smart Campus,B001,Building A,BLK-A2,Block A2,SP-003,Training Hall A,Training Room,2026-01-20 07:00:00,80,1,79,1.25,UNDERUSED,0
F001,Smart Campus,B002,Building B,BLK-B1,Block B1,SP-004,Open Workspace B1,Workspace,2026-01-20 07:00:00,150,12,138,8.0,UNDERUSED,0
F001,Smart Campus,B002,Building B,BLK-B1,Block B1,SP-005,Meeting Room B,Meeting Room,2026-01-20 07:00:00,25,1,24,4.0,UNDERUSED,0
F001,Smart Campus,B002,Building B,BLK-B2,Block B2,SP-006,Cafeteria B,Cafeteria,2026-01-20 07:00:00,180,18,162,10.0,UNDERUSED,0
F001,Smart Campus,B003,Building C,BLK-C1,Block C1,SP-007,Open Workspace C1,Workspace,2026-01-20 07:00:00,100,3,97,3.0,UNDERUSED,0
F001,Smart Campus,B003,Building C,BLK-C1,Block C1,SP-008,Server Operations Room,Restricted Area,2026-01-20 07:00:00,20,5,15,25.0,LOW,0
F001,Smart Campus,B001,Building A,BLK-A1,Block A1,SP-001,Open Workspace A1,Workspace,2026-01-20 08:00:00,120,7,113,5.83,UNDERUSED,0
F001,Smart Campus,B001,Building A,BLK-A1,Block A1,SP-002,Conference Room A,Meeting Room,2026-01-20 08:00:00,30,1,29,3.33,UNDERUSED,0
F001,Smart Campus,B001,Building A,BLK-A2,Block A2,SP-003,Training Hall A,Training Room,2026-01-20 08:00:00,80,5,75,6.25,UNDERUSED,0
F001,Smart Campus,B002,Building B,BLK-B1,Block B1,SP-004,Open Workspace B1,Workspace,2026-01-20 08:00:00,150,13,137,8.67,UNDERUSED,0
F001,Smart Campus,B002,Building B,BLK-B1,Block B1,SP-005,Meeting Room B,Meeting Room,2026-01-20 08:00:00,25,2,23,8.0,UNDERUSED,0
F001,Smart Campus,B002,Building B,BLK-B2,Block B2,SP-006,Cafeteria B,Cafeteria,2026-01-20 08:00:00,180,49,131,27.22,LOW,0
F001,Smart Campus,B003,Building C,BLK-C1,Block C1,SP-007,Open Workspace C1,Workspace,2026-01-20 08:00:00,100,7,93,7.0,UNDERUSED,0
F001,Smart Campus,B003,Building C,BLK-C1,Block C1,SP-008,Server Operations Room,Restricted Area,2026-01-20 08:00:00,20,4,16,20.0,LOW,0
F001,Smart Campus,B001,Building A,BLK-A1,Block A1,SP-001,Open Workspace A1,Workspace,2026-01-20 09:00:00,120,97,23,80.83,HIGH,0
F001,Smart Campus,B001,Building A,BLK-A1,Block A1,SP-002,Conference Room A,Meeting Room,2026-01-20 09:00:00,30,16,14,53.33,OPTIMAL,0
F001,Smart Campus,B001,Building A,BLK-A2,Block A2,SP-003,Training Hall A,Training Room,2026-01-20 09:00:00,80,31,49,38.75,LOW,0
F001,Smart Campus,B002,Building B,BLK-B1,Block B1,SP-004,Open Workspace B1,Workspace,2026-01-20 09:00:00,150,124,26,82.67,HIGH,0
F001,Smart Campus,B002,Building B,BLK-B1,Block B1,SP-005,Meeting Room B,Meeting Room,2026-01-20 09:00:00,25,13,12,52.0,OPTIMAL,0
F001,Smart Campus,B002,Building B,BLK-B2,Block B2,SP-006,Cafeteria B,Cafeteria,2026-01-20 09:00:00,180,63,117,35.0,LOW,0
F001,Smart Campus,B003,Building C,BLK-C1,Block C1,SP-007,Open Workspace C1,Workspace,2026-01-20 09:00:00,100,80,20,80.0,HIGH,0
F001,Smart Campus,B003,Building C,BLK-C1,Block C1,SP-008,Server Operations Room,Restricted Area,2026-01-20 09:00:00,20,2,18,10.0,UNDERUSED,0
F001,Smart Campus,B001,Building A,BLK-A1,Block A1,SP-001,Open Workspace A1,Workspace,2026-01-20 10:00:00,120,104,16,86.67,HIGH,0
F001,Smart Campus,B001,Building A,BLK-A1,Block A1,SP-002,Conference Room A,Meeting Room,2026-01-20 10:00:00,30,12,18,40.0,OPTIMAL,0
F001,Smart Campus,B001,Building A,BLK-A2,Block A2,SP-003,Training Hall A,Training Room,2026-01-20 10:00:00,80,43,37,53.75,OPTIMAL,0
F001,Smart Campus,B002,Building B,BLK-B1,Block B1,SP-004,Open Workspace B1,Workspace,2026-01-20 10:00:00,150,112,38,74.67,OPTIMAL,0
F001,Smart Campus,B002,Building B,BLK-B1,Block B1,SP-005,Meeting Room B,Meeting Room,2026-01-20 10:00:00,25,7,18,28.0,LOW,0
F001,Smart Campus,B002,Building B,BLK-B2,Block B2,SP-006,Cafeteria B,Cafeteria,2026-01-20 10:00:00,180,14,166,7.78,UNDERUSED,0
F001,Smart Campus,B003,Building C,BLK-C1,Block C1,SP-007,Open Workspace C1,Workspace,2026-01-20 10:00:00,100,80,20,80.0,HIGH,0
F001,Smart Campus,B003,Building C,BLK-C1,Block C1,SP-008,Server Operations Room,Restricted Area,2026-01-20 10:00:00,20,5,15,25.0,LOW,0
F001,Smart Campus,B001,Building A,BLK-A1,Block A1,SP-001,Open Workspace A1,Workspace,2026-01-20 11:00:00,120,92,28,76.67,HIGH,0
F001,Smart Campus,B001,Building A,BLK-A1,Block A1,SP-002,Conference Room A,Meeting Room,2026-01-20 11:00:00,30,22,8,73.33,OPTIMAL,0
F001,Smart Campus,B001,Building A,BLK-A2,Block A2,SP-003,Training Hall A,Training Room,2026-01-20 11:00:00,80,34,46,42.5,OPTIMAL,0
F001,Smart Campus,B002,Building B,BLK-B1,Block B1,SP-004,Open Workspace B1,Workspace,2026-01-20 11:00:00,150,106,44,70.67,OPTIMAL,0
F001,Smart Campus,B002,Building B,BLK-B1,Block B1,SP-005,Meeting Room B,Meeting Room,2026-01-20 11:00:00,25,11,14,44.0,OPTIMAL,0
F001,Smart Campus,B002,Building B,BLK-B2,Block B2,SP-006,Cafeteria B,Cafeteria,2026-01-20 11:00:00,180,23,157,12.78,UNDERUSED,0
F001,Smart Campus,B003,Building C,BLK-C1,Block C1,SP-007,Open Workspace C1,Workspace,2026-01-20 11:00:00,100,81,19,81.0,HIGH,0
F001,Smart Campus,B003,Building C,BLK-C1,Block C1,SP-008,Server Operations Room,Restricted Area,2026-01-20 11:00:00,20,7,13,35.0,LOW,0
F001,Smart Campus,B001,Building A,BLK-A1,Block A1,SP-001,Open Workspace A1,Workspace,2026-01-20 12:00:00,120,44,76,36.67,LOW,0
F001,Smart Campus,B001,Building A,BLK-A1,Block A1,SP-002,Conference Room A,Meeting Room,2026-01-20 12:00:00,30,10,20,33.33,LOW,0
F001,Smart Campus,B001,Building A,BLK-A2,Block A2,SP-003,Training Hall A,Training Room,2026-01-20 12:00:00,80,32,48,40.0,OPTIMAL,0
F001,Smart Campus,B002,Building B,BLK-B1,Block B1,SP-004,Open Workspace B1,Workspace,2026-01-20 12:00:00,150,83,67,55.33,OPTIMAL,0
F001,Smart Campus,B002,Building B,BLK-B1,Block B1,SP-005,Meeting Room B,Meeting Room,2026-01-20 12:00:00,25,9,16,36.0,LOW,0
F001,Smart Campus,B002,Building B,BLK-B2,Block B2,SP-006,Cafeteria B,Cafeteria,2026-01-20 12:00:00,180,171,9,95.0,HIGH,0
F001,Smart Campus,B003,Building C,BLK-C1,Block C1,SP-007,Open Workspace C1,Workspace,2026-01-20 12:00:00,100,54,46,54.0,OPTIMAL,0
F001,Smart Campus,B003,Building C,BLK-C1,Block C1,SP-008,Server Operations Room,Restricted Area,2026-01-20 12:00:00,20,21,0,105.0,OVERCROWDED,1
F001,Smart Campus,B001,Building A,BLK-A1,Block A1,SP-001,Open Workspace A1,Workspace,2026-01-20 13:00:00,120,67,53,55.83,OPTIMAL,0
F001,Smart Campus,B001,Building A,BLK-A1,Block A1,SP-002,Conference Room A,Meeting Room,2026-01-20 13:00:00,30,14,16,46.67,OPTIMAL,0
F001,Smart Campus,B001,Building A,BLK-A2,Block A2,SP-003,Training Hall A,Training Room,2026-01-20 13:00:00,80,44,36,55.0,OPTIMAL,0
F001,Smart Campus,B002,Building B,BLK-B1,Block B1,SP-004,Open Workspace B1,Workspace,2026-01-20 13:00:00,150,70,80,46.67,OPTIMAL,0
F001,Smart Campus,B002,Building B,BLK-B1,Block B1,SP-005,Meeting Room B,Meeting Room,2026-01-20 13:00:00,25,17,8,68.0,OPTIMAL,0
F001,Smart Campus,B002,Building B,BLK-B2,Block B2,SP-006,Cafeteria B,Cafeteria,2026-01-20 13:00:00,180,144,36,80.0,HIGH,0
F001,Smart Campus,B003,Building C,BLK-C1,Block C1,SP-007,Open Workspace C1,Workspace,2026-01-20 13:00:00,100,54,46,54.0,OPTIMAL,0
F001,Smart Campus,B003,Building C,BLK-C1,Block C1,SP-008,Server Operations Room,Restricted Area,2026-01-20 13:00:00,20,4,16,20.0,LOW,0
F001,Smart Campus,B001,Building A,BLK-A1,Block A1,SP-001,Open Workspace A1,Workspace,2026-01-20 14:00:00,120,97,23,80.83,HIGH,0
F001,Smart Campus,B001,Building A,BLK-A1,Block A1,SP-002,Conference Room A,Meeting Room,2026-01-20 14:00:00,30,15,15,50.0,OPTIMAL,0
F001,Smart Campus,B001,Building A,BLK-A2,Block A2,SP-003,Training Hall A,Training Room,2026-01-20 14:00:00,80,31,49,38.75,LOW,0
F001,Smart Campus,B002,Building B,BLK-B1,Block B1,SP-004,Open Workspace B1,Workspace,2026-01-20 14:00:00,150,122,28,81.33,HIGH,0
F001,Smart Campus,B002,Building B,BLK-B1,Block B1,SP-005,Meeting Room B,Meeting Room,2026-01-20 14:00:00,25,8,17,32.0,LOW,0
F001,Smart Campus,B002,Building B,BLK-B2,Block B2,SP-006,Cafeteria B,Cafeteria,2026-01-20 14:00:00,180,151,29,83.89,HIGH,0
F001,Smart Campus,B003,Building C,BLK-C1,Block C1,SP-007,Open Workspace C1,Workspace,2026-01-20 14:00:00,100,76,24,76.0,HIGH,0
F001,Smart Campus,B003,Building C,BLK-C1,Block C1,SP-008,Server Operations Room,Restricted Area,2026-01-20 14:00:00,20,23,0,115.0,OVERCROWDED,1
F001,Smart Campus,B001,Building A,BLK-A1,Block A1,SP-001,Open Workspace A1,Workspace,2026-01-20 15:00:00,120,100,20,83.33,HIGH,0
F001,Smart Campus,B001,Building A,BLK-A1,Block A1,SP-002,Conference Room A,Meeting Room,2026-01-20 15:00:00,30,14,16,46.67,OPTIMAL,0
F001,Smart Campus,B001,Building A,BLK-A2,Block A2,SP-003,Training Hall A,Training Room,2026-01-20 15:00:00,80,35,45,43.75,OPTIMAL,0
F001,Smart Campus,B002,Building B,BLK-B1,Block B1,SP-004,Open Workspace B1,Workspace,2026-01-20 15:00:00,150,113,37,75.33,HIGH,0
F001,Smart Campus,B002,Building B,BLK-B1,Block B1,SP-005,Meeting Room B,Meeting Room,2026-01-20 15:00:00,25,5,20,20.0,LOW,0
F001,Smart Campus,B002,Building B,BLK-B2,Block B2,SP-006,Cafeteria B,Cafeteria,2026-01-20 15:00:00,180,25,155,13.89,UNDERUSED,0
F001,Smart Campus,B003,Building C,BLK-C1,Block C1,SP-007,Open Workspace C1,Workspace,2026-01-20 15:00:00,100,87,13,87.0,HIGH,0
F001,Smart Campus,B003,Building C,BLK-C1,Block C1,SP-008,Server Operations Room,Restricted Area,2026-01-20 15:00:00,20,5,15,25.0,LOW,0
F001,Smart Campus,B001,Building A,BLK-A1,Block A1,SP-001,Open Workspace A1,Workspace,2026-01-20 16:00:00,120,92,28,76.67,HIGH,0
F001,Smart Campus,B001,Building A,BLK-A1,Block A1,SP-002,Conference Room A,Meeting Room,2026-01-20 16:00:00,30,25,5,83.33,HIGH,0
F001,Smart Campus,B001,Building A,BLK-A2,Block A2,SP-003,Training Hall A,Training Room,2026-01-20 16:00:00,80,35,45,43.75,OPTIMAL,0
F001,Smart Campus,B002,Building B,BLK-B1,Block B1,SP-004,Open Workspace B1,Workspace,2026-01-20 16:00:00,150,98,52,65.33,OPTIMAL,0
F001,Smart Campus,B002,Building B,BLK-B1,Block B1,SP-005,Meeting Room B,Meeting Room,2026-01-20 16:00:00,25,14,11,56.0,OPTIMAL,0
F001,Smart Campus,B002,Building B,BLK-B2,Block B2,SP-006,Cafeteria B,Cafeteria,2026-01-20 16:00:00,180,85,95,47.22,OPTIMAL,0
F001,Smart Campus,B003,Building C,BLK-C1,Block C1,SP-007,Open Workspace C1,Workspace,2026-01-20 16:00:00,100,63,37,63.0,OPTIMAL,0
F001,Smart Campus,B003,Building C,BLK-C1,Block C1,SP-008,Server Operations Room,Restricted Area,2026-01-20 16:00:00,20,1,19,5.0,UNDERUSED,0
F001,Smart Campus,B001,Building A,BLK-A1,Block A1,SP-001,Open Workspace A1,Workspace,2026-01-20 17:00:00,120,88,32,73.33,OPTIMAL,0
F001,Smart Campus,B001,Building A,BLK-A1,Block A1,SP-002,Conference Room A,Meeting Room,2026-01-20 17:00:00,30,7,23,23.33,LOW,0
F001,Smart Campus,B001,Building A,BLK-A2,Block A2,SP-003,Training Hall A,Training Room,2026-01-20 17:00:00,80,2,78,2.5,UNDERUSED,0
F001,Smart Campus,B002,Building B,BLK-B1,Block B1,SP-004,Open Workspace B1,Workspace,2026-01-20 17:00:00,150,118,32,78.67,HIGH,0
F001,Smart Campus,B002,Building B,BLK-B1,Block B1,SP-005,Meeting Room B,Meeting Room,2026-01-20 17:00:00,25,6,19,24.0,LOW,0
F001,Smart Campus,B002,Building B,BLK-B2,Block B2,SP-006,Cafeteria B,Cafeteria,2026-01-20 17:00:00,180,53,127,29.44,LOW,0
F001,Smart Campus,B003,Building C,BLK-C1,Block C1,SP-007,Open Workspace C1,Workspace,2026-01-20 17:00:00,100,72,28,72.0,OPTIMAL,0
F001,Smart Campus,B003,Building C,BLK-C1,Block C1,SP-008,Server Operations Room,Restricted Area,2026-01-20 17:00:00,20,2,18,10.0,UNDERUSED,0
F001,Smart Campus,B001,Building A,BLK-A1,Block A1,SP-001,Open Workspace A1,Workspace,2026-01-20 18:00:00,120,32,88,26.67,LOW,0
F001,Smart Campus,B001,Building A,BLK-A1,Block A1,SP-002,Conference Room A,Meeting Room,2026-01-20 18:00:00,30,3,27,10.0,UNDERUSED,0
F001,Smart Campus,B001,Building A,BLK-A2,Block A2,SP-003,Training Hall A,Training Room,2026-01-20 18:00:00,80,1,79,1.25,UNDERUSED,0
F001,Smart Campus,B002,Building B,BLK-B1,Block B1,SP-004,Open Workspace B1,Workspace,2026-01-20 18:00:00,150,39,111,26.0,LOW,0
F001,Smart Campus,B002,Building B,BLK-B1,Block B1,SP-005,Meeting Room B,Meeting Room,2026-01-20 18:00:00,25,1,24,4.0,UNDERUSED,0
F001,Smart Campus,B002,Building B,BLK-B2,Block B2,SP-006,Cafeteria B,Cafeteria,2026-01-20 18:00:00,180,26,154,14.44,UNDERUSED,0
F001,Smart Campus,B003,Building C,BLK-C1,Block C1,SP-007,Open Workspace C1,Workspace,2026-01-20 18:00:00,100,28,72,28.0,LOW,0
F001,Smart Campus,B003,Building C,BLK-C1,Block C1,SP-008,Server Operations Room,Restricted Area,2026-01-20 18:00:00,20,20,0,100.0,OVERCROWDED,0
F001,Smart Campus,B001,Building A,BLK-A1,Block A1,SP-001,Open Workspace A1,Workspace,2026-01-20 19:00:00,120,20,100,16.67,LOW,0
F001,Smart Campus,B001,Building A,BLK-A1,Block A1,SP-002,Conference Room A,Meeting Room,2026-01-20 19:00:00,30,2,28,6.67,UNDERUSED,0
F001,Smart Campus,B001,Building A,BLK-A2,Block A2,SP-003,Training Hall A,Training Room,2026-01-20 19:00:00,80,6,74,7.5,UNDERUSED,0
F001,Smart Campus,B002,Building B,BLK-B1,Block B1,SP-004,Open Workspace B1,Workspace,2026-01-20 19:00:00,150,40,110,26.67,LOW,0
F001,Smart Campus,B002,Building B,BLK-B1,Block B1,SP-005,Meeting Room B,Meeting Room,2026-01-20 19:00:00,25,2,23,8.0,UNDERUSED,0
F001,Smart Campus,B002,Building B,BLK-B2,Block B2,SP-006,Cafeteria B,Cafeteria,2026-01-20 19:00:00,180,24,156,13.33,UNDERUSED,0
F001,Smart Campus,B003,Building C,BLK-C1,Block C1,SP-007,Open Workspace C1,Workspace,2026-01-20 19:00:00,100,33,67,33.0,LOW,0
F001,Smart Campus,B003,Building C,BLK-C1,Block C1,SP-008,Server Operations Room,Restricted Area,2026-01-20 19:00:00,20,3,17,15.0,LOW,0
F001,Smart Campus,B001,Building A,BLK-A1,Block A1,SP-001,Open Workspace A1,Workspace,2026-01-20 20:00:00,120,42,78,35.0,LOW,0
F001,Smart Campus,B001,Building A,BLK-A1,Block A1,SP-002,Conference Room A,Meeting Room,2026-01-20 20:00:00,30,1,29,3.33,UNDERUSED,0
F001,Smart Campus,B001,Building A,BLK-A2,Block A2,SP-003,Training Hall A,Training Room,2026-01-20 20:00:00,80,5,75,6.25,UNDERUSED,0
F001,Smart Campus,B002,Building B,BLK-B1,Block B1,SP-004,Open Workspace B1,Workspace,2026-01-20 20:00:00,150,57,93,38.0,LOW,0
F001,Smart Campus,B002,Building B,BLK-B1,Block B1,SP-005,Meeting Room B,Meeting Room,2026-01-20 20:00:00,25,1,24,4.0,UNDERUSED,0
F001,Smart Campus,B002,Building B,BLK-B2,Block B2,SP-006,Cafeteria B,Cafeteria,2026-01-20 20:00:00,180,26,154,14.44,UNDERUSED,0
F001,Smart Campus,B003,Building C,BLK-C1,Block C1,SP-007,Open Workspace C1,Workspace,2026-01-20 20:00:00,100,37,63,37.0,LOW,0
F001,Smart Campus,B003,Building C,BLK-C1,Block C1,SP-008,Server Operations Room,Restricted Area,2026-01-20 20:00:00,20,5,15,25.0,LOW,0
F001,Smart Campus,B001,Building A,BLK-A1,Block A1,SP-001,Open Workspace A1,Workspace,2026-01-20 21:00:00,120,11,109,9.17,UNDERUSED,0
F001,Smart Campus,B001,Building A,BLK-A1,Block A1,SP-002,Conference Room A,Meeting Room,2026-01-20 21:00:00,30,2,28,6.67,UNDERUSED,0
F001,Smart Campus,B001,Building A,BLK-A2,Block A2,SP-003,Training Hall A,Training Room,2026-01-20 21:00:00,80,3,77,3.75,UNDERUSED,0
F001,Smart Campus,B002,Building B,BLK-B1,Block B1,SP-004,Open Workspace B1,Workspace,2026-01-20 21:00:00,150,9,141,6.0,UNDERUSED,0
F001,Smart Campus,B002,Building B,BLK-B1,Block B1,SP-005,Meeting Room B,Meeting Room,2026-01-20 21:00:00,25,0,25,0.0,UNDERUSED,0
F001,Smart Campus,B002,Building B,BLK-B2,Block B2,SP-006,Cafeteria B,Cafeteria,2026-01-20 21:00:00,180,22,158,12.22,UNDERUSED,0
F001,Smart Campus,B003,Building C,BLK-C1,Block C1,SP-007,Open Workspace C1,Workspace,2026-01-20 21:00:00,100,5,95,5.0,UNDERUSED,0
F001,Smart Campus,B003,Building C,BLK-C1,Block C1,SP-008,Server Operations Room,Restricted Area,2026-01-20 21:00:00,20,4,16,20.0,LOW,0
F001,Smart Campus,B001,Building A,BLK-A1,Block A1,SP-001,Open Workspace A1,Workspace,2026-01-20 22:00:00,120,2,118,1.67,UNDERUSED,0
F001,Smart Campus,B001,Building A,BLK-A1,Block A1,SP-002,Conference Room A,Meeting Room,2026-01-20 22:00:00,30,2,28,6.67,UNDERUSED,0
F001,Smart Campus,B001,Building A,BLK-A2,Block A2,SP-003,Training Hall A,Training Room,2026-01-20 22:00:00,80,5,75,6.25,UNDERUSED,0
F001,Smart Campus,B002,Building B,BLK-B1,Block B1,SP-004,Open Workspace B1,Workspace,2026-01-20 22:00:00,150,156,0,104.0,OVERCROWDED,1
F001,Smart Campus,B002,Building B,BLK-B1,Block B1,SP-005,Meeting Room B,Meeting Room,2026-01-20 22:00:00,25,2,23,8.0,UNDERUSED,0
F001,Smart Campus,B002,Building B,BLK-B2,Block B2,SP-006,Cafeteria B,Cafeteria,2026-01-20 22:00:00,180,21,159,11.67,UNDERUSED,0
F001,Smart Campus,B003,Building C,BLK-C1,Block C1,SP-007,Open Workspace C1,Workspace,2026-01-20 22:00:00,100,2,98,2.0,UNDERUSED,0
F001,Smart Campus,B003,Building C,BLK-C1,Block C1,SP-008,Server Operations Room,Restricted Area,2026-01-20 22:00:00,20,2,18,10.0,UNDERUSED,0
F001,Smart Campus,B001,Building A,BLK-A1,Block A1,SP-001,Open Workspace A1,Workspace,2026-01-20 23:00:00,120,3,117,2.5,UNDERUSED,0
F001,Smart Campus,B001,Building A,BLK-A1,Block A1,SP-002,Conference Room A,Meeting Room,2026-01-20 23:00:00,30,3,27,10.0,UNDERUSED,0
F001,Smart Campus,B001,Building A,BLK-A2,Block A2,SP-003,Training Hall A,Training Room,2026-01-20 23:00:00,80,0,80,0.0,UNDERUSED,0
F001,Smart Campus,B002,Building B,BLK-B1,Block B1,SP-004,Open Workspace B1,Workspace,2026-01-20 23:00:00,150,5,145,3.33,UNDERUSED,0
F001,Smart Campus,B002,Building B,BLK-B1,Block B1,SP-005,Meeting Room B,Meeting Room,2026-01-20 23:00:00,25,1,24,4.0,UNDERUSED,0
F001,Smart Campus,B002,Building B,BLK-B2,Block B2,SP-006,Cafeteria B,Cafeteria,2026-01-20 23:00:00,180,21,159,11.67,UNDERUSED,0
F001,Smart Campus,B003,Building C,BLK-C1,Block C1,SP-007,Open Workspace C1,Workspace,2026-01-20 23:00:00,100,2,98,2.0,UNDERUSED,0
F001,Smart Campus,B003,Building C,BLK-C1,Block C1,SP-008,Server Operations Room,Restricted Area,2026-01-20 23:00:00,20,2,18,10.0,UNDERUSED,0
F001,Smart Campus,B001,Building A,BLK-A1,Block A1,SP-001,Open Workspace A1,Workspace,2026-01-21 00:00:00,120,8,112,6.67,UNDERUSED,0
F001,Smart Campus,B001,Building A,BLK-A1,Block A1,SP-002,Conference Room A,Meeting Room,2026-01-21 00:00:00,30,2,28,6.67,UNDERUSED,0
F001,Smart Campus,B001,Building A,BLK-A2,Block A2,SP-003,Training Hall A,Training Room,2026-01-21 00:00:00,80,5,75,6.25,UNDERUSED,0
F001,Smart Campus,B002,Building B,BLK-B1,Block B1,SP-004,Open Workspace B1,Workspace,2026-01-21 00:00:00,150,11,139,7.33,UNDERUSED,0
F001,Smart Campus,B002,Building B,BLK-B1,Block B1,SP-005,Meeting Room B,Meeting Room,2026-01-21 00:00:00,25,1,24,4.0,UNDERUSED,0
F001,Smart Campus,B002,Building B,BLK-B2,Block B2,SP-006,Cafeteria B,Cafeteria,2026-01-21 00:00:00,180,208,0,115.56,OVERCROWDED,1
F001,Smart Campus,B003,Building C,BLK-C1,Block C1,SP-007,Open Workspace C1,Workspace,2026-01-21 00:00:00,100,8,92,8.0,UNDERUSED,0
F001,Smart Campus,B003,Building C,BLK-C1,Block C1,SP-008,Server Operations Room,Restricted Area,2026-01-21 00:00:00,20,3,17,15.0,LOW,0
F001,Smart Campus,B001,Building A,BLK-A1,Block A1,SP-001,Open Workspace A1,Workspace,2026-01-21 01:00:00,120,2,118,1.67,UNDERUSED,0
F001,Smart Campus,B001,Building A,BLK-A1,Block A1,SP-002,Conference Room A,Meeting Room,2026-01-21 01:00:00,30,3,27,10.0,UNDERUSED,0
F001,Smart Campus,B001,Building A,BLK-A2,Block A2,SP-003,Training Hall A,Training Room,2026-01-21 01:00:00,80,1,79,1.25,UNDERUSED,0
F001,Smart Campus,B002,Building B,BLK-B1,Block B1,SP-004,Open Workspace B1,Workspace,2026-01-21 01:00:00,150,4,146,2.67,UNDERUSED,0
F001,Smart Campus,B002,Building B,BLK-B1,Block B1,SP-005,Meeting Room B,Meeting Room,2026-01-21 01:00:00,25,2,23,8.0,UNDERUSED,0
F001,Smart Campus,B002,Building B,BLK-B2,Block B2,SP-006,Cafeteria B,Cafeteria,2026-01-21 01:00:00,180,8,172,4.44,UNDERUSED,0
F001,Smart Campus,B003,Building C,BLK-C1,Block C1,SP-007,Open Workspace C1,Workspace,2026-01-21 01:00:00,100,5,95,5.0,UNDERUSED,0
F001,Smart Campus,B003,Building C,BLK-C1,Block C1,SP-008,Server Operations Room,Restricted Area,2026-01-21 01:00:00,20,3,17,15.0,LOW,0
F001,Smart Campus,B001,Building A,BLK-A1,Block A1,SP-001,Open Workspace A1,Workspace,2026-01-21 02:00:00,120,3,117,2.5,UNDERUSED,0
F001,Smart Campus,B001,Building A,BLK-A1,Block A1,SP-002,Conference Room A,Meeting Room,2026-01-21 02:00:00,30,2,28,6.67,UNDERUSED,0
F001,Smart Campus,B001,Building A,BLK-A2,Block A2,SP-003,Training Hall A,Training Room,2026-01-21 02:00:00,80,1,79,1.25,UNDERUSED,0
F001,Smart Campus,B002,Building B,BLK-B1,Block B1,SP-004,Open Workspace B1,Workspace,2026-01-21 02:00:00,150,6,144,4.0,UNDERUSED,0
F001,Smart Campus,B002,Building B,BLK-B1,Block B1,SP-005,Meeting Room B,Meeting Room,2026-01-21 02:00:00,25,1,24,4.0,UNDERUSED,0
F001,Smart Campus,B002,Building B,BLK-B2,Block B2,SP-006,Cafeteria B,Cafeteria,2026-01-21 02:00:00,180,13,167,7.22,UNDERUSED,0
F001,Smart Campus,B003,Building C,BLK-C1,Block C1,SP-007,Open Workspace C1,Workspace,2026-01-21 02:00:00,100,2,98,2.0,UNDERUSED,0
F001,Smart Campus,B003,Building C,BLK-C1,Block C1,SP-008,Server Operations Room,Restricted Area,2026-01-21 02:00:00,20,5,15,25.0,LOW,0
F001,Smart Campus,B001,Building A,BLK-A1,Block A1,SP-001,Open Workspace A1,Workspace,2026-01-21 03:00:00,120,2,118,1.67,UNDERUSED,0
F001,Smart Campus,B001,Building A,BLK-A1,Block A1,SP-002,Conference Room A,Meeting Room,2026-01-21 03:00:00,30,1,29,3.33,UNDERUSED,0
F001,Smart Campus,B001,Building A,BLK-A2,Block A2,SP-003,Training Hall A,Training Room,2026-01-21 03:00:00,80,6,74,7.5,UNDERUSED,0
F001,Smart Campus,B002,Building B,BLK-B1,Block B1,SP-004,Open Workspace B1,Workspace,2026-01-21 03:00:00,150,9,141,6.0,UNDERUSED,0
F001,Smart Campus,B002,Building B,BLK-B1,Block B1,SP-005,Meeting Room B,Meeting Room,2026-01-21 03:00:00,25,2,23,8.0,UNDERUSED,0
F001,Smart Campus,B002,Building B,BLK-B2,Block B2,SP-006,Cafeteria B,Cafeteria,2026-01-21 03:00:00,180,26,154,14.44,UNDERUSED,0
F001,Smart Campus,B003,Building C,BLK-C1,Block C1,SP-007,Open Workspace C1,Workspace,2026-01-21 03:00:00,100,10,90,10.0,UNDERUSED,0
F001,Smart Campus,B003,Building C,BLK-C1,Block C1,SP-008,Server Operations Room,Restricted Area,2026-01-21 03:00:00,20,5,15,25.0,LOW,0
F001,Smart Campus,B001,Building A,BLK-A1,Block A1,SP-001,Open Workspace A1,Workspace,2026-01-21 04:00:00,120,9,111,7.5,UNDERUSED,0
F001,Smart Campus,B001,Building A,BLK-A1,Block A1,SP-002,Conference Room A,Meeting Room,2026-01-21 04:00:00,30,2,28,6.67,UNDERUSED,0
F001,Smart Campus,B001,Building A,BLK-A2,Block A2,SP-003,Training Hall A,Training Room,2026-01-21 04:00:00,80,2,78,2.5,UNDERUSED,0
F001,Smart Campus,B002,Building B,BLK-B1,Block B1,SP-004,Open Workspace B1,Workspace,2026-01-21 04:00:00,150,8,142,5.33,UNDERUSED,0
F001,Smart Campus,B002,Building B,BLK-B1,Block B1,SP-005,Meeting Room B,Meeting Room,2026-01-21 04:00:00,25,2,23,8.0,UNDERUSED,0
F001,Smart Campus,B002,Building B,BLK-B2,Block B2,SP-006,Cafeteria B,Cafeteria,2026-01-21 04:00:00,180,13,167,7.22,UNDERUSED,0
F001,Smart Campus,B003,Building C,BLK-C1,Block C1,SP-007,Open Workspace C1,Workspace,2026-01-21 04:00:00,100,3,97,3.0,UNDERUSED,0
F001,Smart Campus,B003,Building C,BLK-C1,Block C1,SP-008,Server Operations Room,Restricted Area,2026-01-21 04:00:00,20,7,13,35.0,LOW,0
F001,Smart Campus,B001,Building A,BLK-A1,Block A1,SP-001,Open Workspace A1,Workspace,2026-01-21 05:00:00,120,8,112,6.67,UNDERUSED,0
F001,Smart Campus,B001,Building A,BLK-A1,Block A1,SP-002,Conference Room A,Meeting Room,2026-01-21 05:00:00,30,1,29,3.33,UNDERUSED,0
F001,Smart Campus,B001,Building A,BLK-A2,Block A2,SP-003,Training Hall A,Training Room,2026-01-21 05:00:00,80,5,75,6.25,UNDERUSED,0
F001,Smart Campus,B002,Building B,BLK-B1,Block B1,SP-004,Open Workspace B1,Workspace,2026-01-21 05:00:00,150,2,148,1.33,UNDERUSED,0
F001,Smart Campus,B002,Building B,BLK-B1,Block B1,SP-005,Meeting Room B,Meeting Room,2026-01-21 05:00:00,25,1,24,4.0,UNDERUSED,0
F001,Smart Campus,B002,Building B,BLK-B2,Block B2,SP-006,Cafeteria B,Cafeteria,2026-01-21 05:00:00,180,8,172,4.44,UNDERUSED,0
F001,Smart Campus,B003,Building C,BLK-C1,Block C1,SP-007,Open Workspace C1,Workspace,2026-01-21 05:00:00,100,9,91,9.0,UNDERUSED,0
F001,Smart Campus,B003,Building C,BLK-C1,Block C1,SP-008,Server Operations Room,Restricted Area,2026-01-21 05:00:00,20,7,13,35.0,LOW,0
F001,Smart Campus,B001,Building A,BLK-A1,Block A1,SP-001,Open Workspace A1,Workspace,2026-01-21 06:00:00,120,5,115,4.17,UNDERUSED,0
F001,Smart Campus,B001,Building A,BLK-A1,Block A1,SP-002,Conference Room A,Meeting Room,2026-01-21 06:00:00,30,2,28,6.67,UNDERUSED,0
F001,Smart Campus,B001,Building A,BLK-A2,Block A2,SP-003,Training Hall A,Training Room,2026-01-21 06:00:00,80,3,77,3.75,UNDERUSED,0
F001,Smart Campus,B002,Building B,BLK-B1,Block B1,SP-004,Open Workspace B1,Workspace,2026-01-21 06:00:00,150,10,140,6.67,UNDERUSED,0
F001,Smart Campus,B002,Building B,BLK-B1,Block B1,SP-005,Meeting Room B,Meeting Room,2026-01-21 06:00:00,25,0,25,0.0,UNDERUSED,0
F001,Smart Campus,B002,Building B,BLK-B2,Block B2,SP-006,Cafeteria B,Cafeteria,2026-01-21 06:00:00,180,11,169,6.11,UNDERUSED,0
F001,Smart Campus,B003,Building C,BLK-C1,Block C1,SP-007,Open Workspace C1,Workspace,2026-01-21 06:00:00,100,6,94,6.0,UNDERUSED,0
F001,Smart Campus,B003,Building C,BLK-C1,Block C1,SP-008,Server Operations Room,Restricted Area,2026-01-21 06:00:00,20,5,15,25.0,LOW,0
F001,Smart Campus,B001,Building A,BLK-A1,Block A1,SP-001,Open Workspace A1,Workspace,2026-01-21 07:00:00,120,9,111,7.5,UNDERUSED,0
F001,Smart Campus,B001,Building A,BLK-A1,Block A1,SP-002,Conference Room A,Meeting Room,2026-01-21 07:00:00,30,2,28,6.67,UNDERUSED,0
F001,Smart Campus,B001,Building A,BLK-A2,Block A2,SP-003,Training Hall A,Training Room,2026-01-21 07:00:00,80,2,78,2.5,UNDERUSED,0
F001,Smart Campus,B002,Building B,BLK-B1,Block B1,SP-004,Open Workspace B1,Workspace,2026-01-21 07:00:00,150,2,148,1.33,UNDERUSED,0
F001,Smart Campus,B002,Building B,BLK-B1,Block B1,SP-005,Meeting Room B,Meeting Room,2026-01-21 07:00:00,25,0,25,0.0,UNDERUSED,0
F001,Smart Campus,B002,Building B,BLK-B2,Block B2,SP-006,Cafeteria B,Cafeteria,2026-01-21 07:00:00,180,18,162,10.0,UNDERUSED,0
F001,Smart Campus,B003,Building C,BLK-C1,Block C1,SP-007,Open Workspace C1,Workspace,2026-01-21 07:00:00,100,3,97,3.0,UNDERUSED,0
F001,Smart Campus,B003,Building C,BLK-C1,Block C1,SP-008,Server Operations Room,Restricted Area,2026-01-21 07:00:00,20,5,15,25.0,LOW,0
F001,Smart Campus,B001,Building A,BLK-A1,Block A1,SP-001,Open Workspace A1,Workspace,2026-01-21 08:00:00,120,11,109,9.17,UNDERUSED,0
F001,Smart Campus,B001,Building A,BLK-A1,Block A1,SP-002,Conference Room A,Meeting Room,2026-01-21 08:00:00,30,0,30,0.0,UNDERUSED,0
F001,Smart Campus,B001,Building A,BLK-A2,Block A2,SP-003,Training Hall A,Training Room,2026-01-21 08:00:00,80,2,78,2.5,UNDERUSED,0
F001,Smart Campus,B002,Building B,BLK-B1,Block B1,SP-004,Open Workspace B1,Workspace,2026-01-21 08:00:00,150,5,145,3.33,UNDERUSED,0
F001,Smart Campus,B002,Building B,BLK-B1,Block B1,SP-005,Meeting Room B,Meeting Room,2026-01-21 08:00:00,25,1,24,4.0,UNDERUSED,0
F001,Smart Campus,B002,Building B,BLK-B2,Block B2,SP-006,Cafeteria B,Cafeteria,2026-01-21 08:00:00,180,65,115,36.11,LOW,0
F001,Smart Campus,B003,Building C,BLK-C1,Block C1,SP-007,Open Workspace C1,Workspace,2026-01-21 08:00:00,100,3,97,3.0,UNDERUSED,0
F001,Smart Campus,B003,Building C,BLK-C1,Block C1,SP-008,Server Operations Room,Restricted Area,2026-01-21 08:00:00,20,1,19,5.0,UNDERUSED,0
F001,Smart Campus,B001,Building A,BLK-A1,Block A1,SP-001,Open Workspace A1,Workspace,2026-01-21 09:00:00,120,90,30,75.0,HIGH,0
F001,Smart Campus,B001,Building A,BLK-A1,Block A1,SP-002,Conference Room A,Meeting Room,2026-01-21 09:00:00,30,15,15,50.0,OPTIMAL,0
F001,Smart Campus,B001,Building A,BLK-A2,Block A2,SP-003,Training Hall A,Training Room,2026-01-21 09:00:00,80,51,29,63.75,OPTIMAL,0
F001,Smart Campus,B002,Building B,BLK-B1,Block B1,SP-004,Open Workspace B1,Workspace,2026-01-21 09:00:00,150,128,22,85.33,HIGH,0
F001,Smart Campus,B002,Building B,BLK-B1,Block B1,SP-005,Meeting Room B,Meeting Room,2026-01-21 09:00:00,25,5,20,20.0,LOW,0
F001,Smart Campus,B002,Building B,BLK-B2,Block B2,SP-006,Cafeteria B,Cafeteria,2026-01-21 09:00:00,180,83,97,46.11,OPTIMAL,0
F001,Smart Campus,B003,Building C,BLK-C1,Block C1,SP-007,Open Workspace C1,Workspace,2026-01-21 09:00:00,100,88,12,88.0,HIGH,0
F001,Smart Campus,B003,Building C,BLK-C1,Block C1,SP-008,Server Operations Room,Restricted Area,2026-01-21 09:00:00,20,2,18,10.0,UNDERUSED,0
F001,Smart Campus,B001,Building A,BLK-A1,Block A1,SP-001,Open Workspace A1,Workspace,2026-01-21 10:00:00,120,86,34,71.67,OPTIMAL,0
F001,Smart Campus,B001,Building A,BLK-A1,Block A1,SP-002,Conference Room A,Meeting Room,2026-01-21 10:00:00,30,15,15,50.0,OPTIMAL,0
F001,Smart Campus,B001,Building A,BLK-A2,Block A2,SP-003,Training Hall A,Training Room,2026-01-21 10:00:00,80,45,35,56.25,OPTIMAL,0
F001,Smart Campus,B002,Building B,BLK-B1,Block B1,SP-004,Open Workspace B1,Workspace,2026-01-21 10:00:00,150,103,47,68.67,OPTIMAL,0
F001,Smart Campus,B002,Building B,BLK-B1,Block B1,SP-005,Meeting Room B,Meeting Room,2026-01-21 10:00:00,25,8,17,32.0,LOW,0
F001,Smart Campus,B002,Building B,BLK-B2,Block B2,SP-006,Cafeteria B,Cafeteria,2026-01-21 10:00:00,180,4,176,2.22,UNDERUSED,0
F001,Smart Campus,B003,Building C,BLK-C1,Block C1,SP-007,Open Workspace C1,Workspace,2026-01-21 10:00:00,100,83,17,83.0,HIGH,0
F001,Smart Campus,B003,Building C,BLK-C1,Block C1,SP-008,Server Operations Room,Restricted Area,2026-01-21 10:00:00,20,7,13,35.0,LOW,0
F001,Smart Campus,B001,Building A,BLK-A1,Block A1,SP-001,Open Workspace A1,Workspace,2026-01-21 11:00:00,120,107,13,89.17,HIGH,0
F001,Smart Campus,B001,Building A,BLK-A1,Block A1,SP-002,Conference Room A,Meeting Room,2026-01-21 11:00:00,30,16,14,53.33,OPTIMAL,0
F001,Smart Campus,B001,Building A,BLK-A2,Block A2,SP-003,Training Hall A,Training Room,2026-01-21 11:00:00,80,44,36,55.0,OPTIMAL,0
F001,Smart Campus,B002,Building B,BLK-B1,Block B1,SP-004,Open Workspace B1,Workspace,2026-01-21 11:00:00,150,99,51,66.0,OPTIMAL,0
F001,Smart Campus,B002,Building B,BLK-B1,Block B1,SP-005,Meeting Room B,Meeting Room,2026-01-21 11:00:00,25,11,14,44.0,OPTIMAL,0
F001,Smart Campus,B002,Building B,BLK-B2,Block B2,SP-006,Cafeteria B,Cafeteria,2026-01-21 11:00:00,180,8,172,4.44,UNDERUSED,0
F001,Smart Campus,B003,Building C,BLK-C1,Block C1,SP-007,Open Workspace C1,Workspace,2026-01-21 11:00:00,100,71,29,71.0,OPTIMAL,0
F001,Smart Campus,B003,Building C,BLK-C1,Block C1,SP-008,Server Operations Room,Restricted Area,2026-01-21 11:00:00,20,5,15,25.0,LOW,0
F001,Smart Campus,B001,Building A,BLK-A1,Block A1,SP-001,Open Workspace A1,Workspace,2026-01-21 12:00:00,120,57,63,47.5,OPTIMAL,0
F001,Smart Campus,B001,Building A,BLK-A1,Block A1,SP-002,Conference Room A,Meeting Room,2026-01-21 12:00:00,30,20,10,66.67,OPTIMAL,0
F001,Smart Campus,B001,Building A,BLK-A2,Block A2,SP-003,Training Hall A,Training Room,2026-01-21 12:00:00,80,60,20,75.0,HIGH,0
F001,Smart Campus,B002,Building B,BLK-B1,Block B1,SP-004,Open Workspace B1,Workspace,2026-01-21 12:00:00,150,62,88,41.33,OPTIMAL,0
F001,Smart Campus,B002,Building B,BLK-B1,Block B1,SP-005,Meeting Room B,Meeting Room,2026-01-21 12:00:00,25,18,7,72.0,OPTIMAL,0
F001,Smart Campus,B002,Building B,BLK-B2,Block B2,SP-006,Cafeteria B,Cafeteria,2026-01-21 12:00:00,180,156,24,86.67,HIGH,0
F001,Smart Campus,B003,Building C,BLK-C1,Block C1,SP-007,Open Workspace C1,Workspace,2026-01-21 12:00:00,100,51,49,51.0,OPTIMAL,0
F001,Smart Campus,B003,Building C,BLK-C1,Block C1,SP-008,Server Operations Room,Restricted Area,2026-01-21 12:00:00,20,4,16,20.0,LOW,0
F001,Smart Campus,B001,Building A,BLK-A1,Block A1,SP-001,Open Workspace A1,Workspace,2026-01-21 13:00:00,120,50,70,41.67,OPTIMAL,0
F001,Smart Campus,B001,Building A,BLK-A1,Block A1,SP-002,Conference Room A,Meeting Room,2026-01-21 13:00:00,30,25,5,83.33,HIGH,0
F001,Smart Campus,B001,Building A,BLK-A2,Block A2,SP-003,Training Hall A,Training Room,2026-01-21 13:00:00,80,17,63,21.25,LOW,0
F001,Smart Campus,B002,Building B,BLK-B1,Block B1,SP-004,Open Workspace B1,Workspace,2026-01-21 13:00:00,150,77,73,51.33,OPTIMAL,0
F001,Smart Campus,B002,Building B,BLK-B1,Block B1,SP-005,Meeting Room B,Meeting Room,2026-01-21 13:00:00,25,11,14,44.0,OPTIMAL,0
F001,Smart Campus,B002,Building B,BLK-B2,Block B2,SP-006,Cafeteria B,Cafeteria,2026-01-21 13:00:00,180,167,13,92.78,HIGH,0
F001,Smart Campus,B003,Building C,BLK-C1,Block C1,SP-007,Open Workspace C1,Workspace,2026-01-21 13:00:00,100,40,60,40.0,OPTIMAL,0
F001,Smart Campus,B003,Building C,BLK-C1,Block C1,SP-008,Server Operations Room,Restricted Area,2026-01-21 13:00:00,20,6,14,30.0,LOW,0
F001,Smart Campus,B001,Building A,BLK-A1,Block A1,SP-001,Open Workspace A1,Workspace,2026-01-21 14:00:00,120,82,38,68.33,OPTIMAL,0
F001,Smart Campus,B001,Building A,BLK-A1,Block A1,SP-002,Conference Room A,Meeting Room,2026-01-21 14:00:00,30,19,11,63.33,OPTIMAL,0
F001,Smart Campus,B001,Building A,BLK-A2,Block A2,SP-003,Training Hall A,Training Room,2026-01-21 14:00:00,80,31,49,38.75,LOW,0
F001,Smart Campus,B002,Building B,BLK-B1,Block B1,SP-004,Open Workspace B1,Workspace,2026-01-21 14:00:00,150,127,23,84.67,HIGH,0
F001,Smart Campus,B002,Building B,BLK-B1,Block B1,SP-005,Meeting Room B,Meeting Room,2026-01-21 14:00:00,25,6,19,24.0,LOW,0
F001,Smart Campus,B002,Building B,BLK-B2,Block B2,SP-006,Cafeteria B,Cafeteria,2026-01-21 14:00:00,180,161,19,89.44,HIGH,0
F001,Smart Campus,B003,Building C,BLK-C1,Block C1,SP-007,Open Workspace C1,Workspace,2026-01-21 14:00:00,100,64,36,64.0,OPTIMAL,0
F001,Smart Campus,B003,Building C,BLK-C1,Block C1,SP-008,Server Operations Room,Restricted Area,2026-01-21 14:00:00,20,7,13,35.0,LOW,0
F001,Smart Campus,B001,Building A,BLK-A1,Block A1,SP-001,Open Workspace A1,Workspace,2026-01-21 15:00:00,120,82,38,68.33,OPTIMAL,0
F001,Smart Campus,B001,Building A,BLK-A1,Block A1,SP-002,Conference Room A,Meeting Room,2026-01-21 15:00:00,30,30,0,100.0,OVERCROWDED,0
F001,Smart Campus,B001,Building A,BLK-A2,Block A2,SP-003,Training Hall A,Training Room,2026-01-21 15:00:00,80,49,31,61.25,OPTIMAL,0
F001,Smart Campus,B002,Building B,BLK-B1,Block B1,SP-004,Open Workspace B1,Workspace,2026-01-21 15:00:00,150,117,33,78.0,HIGH,0
F001,Smart Campus,B002,Building B,BLK-B1,Block B1,SP-005,Meeting Room B,Meeting Room,2026-01-21 15:00:00,25,8,17,32.0,LOW,0
F001,Smart Campus,B002,Building B,BLK-B2,Block B2,SP-006,Cafeteria B,Cafeteria,2026-01-21 15:00:00,180,20,160,11.11,UNDERUSED,0
F001,Smart Campus,B003,Building C,BLK-C1,Block C1,SP-007,Open Workspace C1,Workspace,2026-01-21 15:00:00,100,65,35,65.0,OPTIMAL,0
F001,Smart Campus,B003,Building C,BLK-C1,Block C1,SP-008,Server Operations Room,Restricted Area,2026-01-21 15:00:00,20,4,16,20.0,LOW,0
F001,Smart Campus,B001,Building A,BLK-A1,Block A1,SP-001,Open Workspace A1,Workspace,2026-01-21 16:00:00,120,78,42,65.0,OPTIMAL,0
F001,Smart Campus,B001,Building A,BLK-A1,Block A1,SP-002,Conference Room A,Meeting Room,2026-01-21 16:00:00,30,10,20,33.33,LOW,0
F001,Smart Campus,B001,Building A,BLK-A2,Block A2,SP-003,Training Hall A,Training Room,2026-01-21 16:00:00,80,28,52,35.0,LOW,0
F001,Smart Campus,B002,Building B,BLK-B1,Block B1,SP-004,Open Workspace B1,Workspace,2026-01-21 16:00:00,150,107,43,71.33,OPTIMAL,0
F001,Smart Campus,B002,Building B,BLK-B1,Block B1,SP-005,Meeting Room B,Meeting Room,2026-01-21 16:00:00,25,15,10,60.0,OPTIMAL,0
F001,Smart Campus,B002,Building B,BLK-B2,Block B2,SP-006,Cafeteria B,Cafeteria,2026-01-21 16:00:00,180,52,128,28.89,LOW,0
F001,Smart Campus,B003,Building C,BLK-C1,Block C1,SP-007,Open Workspace C1,Workspace,2026-01-21 16:00:00,100,71,29,71.0,OPTIMAL,0
F001,Smart Campus,B003,Building C,BLK-C1,Block C1,SP-008,Server Operations Room,Restricted Area,2026-01-21 16:00:00,20,3,17,15.0,LOW,0
F001,Smart Campus,B001,Building A,BLK-A1,Block A1,SP-001,Open Workspace A1,Workspace,2026-01-21 17:00:00,120,88,32,73.33,OPTIMAL,0
F001,Smart Campus,B001,Building A,BLK-A1,Block A1,SP-002,Conference Room A,Meeting Room,2026-01-21 17:00:00,30,8,22,26.67,LOW,0
F001,Smart Campus,B001,Building A,BLK-A2,Block A2,SP-003,Training Hall A,Training Room,2026-01-21 17:00:00,80,89,0,111.25,OVERCROWDED,1
F001,Smart Campus,B002,Building B,BLK-B1,Block B1,SP-004,Open Workspace B1,Workspace,2026-01-21 17:00:00,150,131,19,87.33,HIGH,0
F001,Smart Campus,B002,Building B,BLK-B1,Block B1,SP-005,Meeting Room B,Meeting Room,2026-01-21 17:00:00,25,28,0,112.0,OVERCROWDED,1
F001,Smart Campus,B002,Building B,BLK-B2,Block B2,SP-006,Cafeteria B,Cafeteria,2026-01-21 17:00:00,180,89,91,49.44,OPTIMAL,0
F001,Smart Campus,B003,Building C,BLK-C1,Block C1,SP-007,Open Workspace C1,Workspace,2026-01-21 17:00:00,100,86,14,86.0,HIGH,0
F001,Smart Campus,B003,Building C,BLK-C1,Block C1,SP-008,Server Operations Room,Restricted Area,2026-01-21 17:00:00,20,3,17,15.0,LOW,0
F001,Smart Campus,B001,Building A,BLK-A1,Block A1,SP-001,Open Workspace A1,Workspace,2026-01-21 18:00:00,120,29,91,24.17,LOW,0
F001,Smart Campus,B001,Building A,BLK-A1,Block A1,SP-002,Conference Room A,Meeting Room,2026-01-21 18:00:00,30,3,27,10.0,UNDERUSED,0
F001,Smart Campus,B001,Building A,BLK-A2,Block A2,SP-003,Training Hall A,Training Room,2026-01-21 18:00:00,80,6,74,7.5,UNDERUSED,0
F001,Smart Campus,B002,Building B,BLK-B1,Block B1,SP-004,Open Workspace B1,Workspace,2026-01-21 18:00:00,150,37,113,24.67,LOW,0
F001,Smart Campus,B002,Building B,BLK-B1,Block B1,SP-005,Meeting Room B,Meeting Room,2026-01-21 18:00:00,25,1,24,4.0,UNDERUSED,0
F001,Smart Campus,B002,Building B,BLK-B2,Block B2,SP-006,Cafeteria B,Cafeteria,2026-01-21 18:00:00,180,6,174,3.33,UNDERUSED,0
F001,Smart Campus,B003,Building C,BLK-C1,Block C1,SP-007,Open Workspace C1,Workspace,2026-01-21 18:00:00,100,32,68,32.0,LOW,0
F001,Smart Campus,B003,Building C,BLK-C1,Block C1,SP-008,Server Operations Room,Restricted Area,2026-01-21 18:00:00,20,6,14,30.0,LOW,0
F001,Smart Campus,B001,Building A,BLK-A1,Block A1,SP-001,Open Workspace A1,Workspace,2026-01-21 19:00:00,120,36,84,30.0,LOW,0
F001,Smart Campus,B001,Building A,BLK-A1,Block A1,SP-002,Conference Room A,Meeting Room,2026-01-21 19:00:00,30,1,29,3.33,UNDERUSED,0
F001,Smart Campus,B001,Building A,BLK-A2,Block A2,SP-003,Training Hall A,Training Room,2026-01-21 19:00:00,80,5,75,6.25,UNDERUSED,0
F001,Smart Campus,B002,Building B,BLK-B1,Block B1,SP-004,Open Workspace B1,Workspace,2026-01-21 19:00:00,150,46,104,30.67,LOW,0
F001,Smart Campus,B002,Building B,BLK-B1,Block B1,SP-005,Meeting Room B,Meeting Room,2026-01-21 19:00:00,25,1,24,4.0,UNDERUSED,0
F001,Smart Campus,B002,Building B,BLK-B2,Block B2,SP-006,Cafeteria B,Cafeteria,2026-01-21 19:00:00,180,8,172,4.44,UNDERUSED,0
F001,Smart Campus,B003,Building C,BLK-C1,Block C1,SP-007,Open Workspace C1,Workspace,2026-01-21 19:00:00,100,39,61,39.0,LOW,0
F001,Smart Campus,B003,Building C,BLK-C1,Block C1,SP-008,Server Operations Room,Restricted Area,2026-01-21 19:00:00,20,1,19,5.0,UNDERUSED,0
F001,Smart Campus,B001,Building A,BLK-A1,Block A1,SP-001,Open Workspace A1,Workspace,2026-01-21 20:00:00,120,19,101,15.83,LOW,0
F001,Smart Campus,B001,Building A,BLK-A1,Block A1,SP-002,Conference Room A,Meeting Room,2026-01-21 20:00:00,30,1,29,3.33,UNDERUSED,0
F001,Smart Campus,B001,Building A,BLK-A2,Block A2,SP-003,Training Hall A,Training Room,2026-01-21 20:00:00,80,4,76,5.0,UNDERUSED,0
F001,Smart Campus,B002,Building B,BLK-B1,Block B1,SP-004,Open Workspace B1,Workspace,2026-01-21 20:00:00,150,45,105,30.0,LOW,0
F001,Smart Campus,B002,Building B,BLK-B1,Block B1,SP-005,Meeting Room B,Meeting Room,2026-01-21 20:00:00,25,1,24,4.0,UNDERUSED,0
F001,Smart Campus,B002,Building B,BLK-B2,Block B2,SP-006,Cafeteria B,Cafeteria,2026-01-21 20:00:00,180,25,155,13.89,UNDERUSED,0
F001,Smart Campus,B003,Building C,BLK-C1,Block C1,SP-007,Open Workspace C1,Workspace,2026-01-21 20:00:00,100,36,64,36.0,LOW,0
F001,Smart Campus,B003,Building C,BLK-C1,Block C1,SP-008,Server Operations Room,Restricted Area,2026-01-21 20:00:00,20,5,15,25.0,LOW,0
F001,Smart Campus,B001,Building A,BLK-A1,Block A1,SP-001,Open Workspace A1,Workspace,2026-01-21 21:00:00,120,3,117,2.5,UNDERUSED,0
F001,Smart Campus,B001,Building A,BLK-A1,Block A1,SP-002,Conference Room A,Meeting Room,2026-01-21 21:00:00,30,2,28,6.67,UNDERUSED,0
F001,Smart Campus,B001,Building A,BLK-A2,Block A2,SP-003,Training Hall A,Training Room,2026-01-21 21:00:00,80,5,75,6.25,UNDERUSED,0
F001,Smart Campus,B002,Building B,BLK-B1,Block B1,SP-004,Open Workspace B1,Workspace,2026-01-21 21:00:00,150,3,147,2.0,UNDERUSED,0
F001,Smart Campus,B002,Building B,BLK-B1,Block B1,SP-005,Meeting Room B,Meeting Room,2026-01-21 21:00:00,25,1,24,4.0,UNDERUSED,0
F001,Smart Campus,B002,Building B,BLK-B2,Block B2,SP-006,Cafeteria B,Cafeteria,2026-01-21 21:00:00,180,16,164,8.89,UNDERUSED,0
F001,Smart Campus,B003,Building C,BLK-C1,Block C1,SP-007,Open Workspace C1,Workspace,2026-01-21 21:00:00,100,3,97,3.0,UNDERUSED,0
F001,Smart Campus,B003,Building C,BLK-C1,Block C1,SP-008,Server Operations Room,Restricted Area,2026-01-21 21:00:00,20,2,18,10.0,UNDERUSED,0
F001,Smart Campus,B001,Building A,BLK-A1,Block A1,SP-001,Open Workspace A1,Workspace,2026-01-21 22:00:00,120,4,116,3.33,UNDERUSED,0
F001,Smart Campus,B001,Building A,BLK-A1,Block A1,SP-002,Conference Room A,Meeting Room,2026-01-21 22:00:00,30,2,28,6.67,UNDERUSED,0
F001,Smart Campus,B001,Building A,BLK-A2,Block A2,SP-003,Training Hall A,Training Room,2026-01-21 22:00:00,80,1,79,1.25,UNDERUSED,0
F001,Smart Campus,B002,Building B,BLK-B1,Block B1,SP-004,Open Workspace B1,Workspace,2026-01-21 22:00:00,150,11,139,7.33,UNDERUSED,0
F001,Smart Campus,B002,Building B,BLK-B1,Block B1,SP-005,Meeting Room B,Meeting Room,2026-01-21 22:00:00,25,2,23,8.0,UNDERUSED,0
F001,Smart Campus,B002,Building B,BLK-B2,Block B2,SP-006,Cafeteria B,Cafeteria,2026-01-21 22:00:00,180,22,158,12.22,UNDERUSED,0
F001,Smart Campus,B003,Building C,BLK-C1,Block C1,SP-007,Open Workspace C1,Workspace,2026-01-21 22:00:00,100,3,97,3.0,UNDERUSED,0
F001,Smart Campus,B003,Building C,BLK-C1,Block C1,SP-008,Server Operations Room,Restricted Area,2026-01-21 22:00:00,20,6,14,30.0,LOW,0
F001,Smart Campus,B001,Building A,BLK-A1,Block A1,SP-001,Open Workspace A1,Workspace,2026-01-21 23:00:00,120,3,117,2.5,UNDERUSED,0
F001,Smart Campus,B001,Building A,BLK-A1,Block A1,SP-002,Conference Room A,Meeting Room,2026-01-21 23:00:00,30,2,28,6.67,UNDERUSED,0
F001,Smart Campus,B001,Building A,BLK-A2,Block A2,SP-003,Training Hall A,Training Room,2026-01-21 23:00:00,80,4,76,5.0,UNDERUSED,0
F001,Smart Campus,B002,Building B,BLK-B1,Block B1,SP-004,Open Workspace B1,Workspace,2026-01-21 23:00:00,150,14,136,9.33,UNDERUSED,0
F001,Smart Campus,B002,Building B,BLK-B1,Block B1,SP-005,Meeting Room B,Meeting Room,2026-01-21 23:00:00,25,2,23,8.0,UNDERUSED,0
F001,Smart Campus,B002,Building B,BLK-B2,Block B2,SP-006,Cafeteria B,Cafeteria,2026-01-21 23:00:00,180,12,168,6.67,UNDERUSED,0
F001,Smart Campus,B003,Building C,BLK-C1,Block C1,SP-007,Open Workspace C1,Workspace,2026-01-21 23:00:00,100,8,92,8.0,UNDERUSED,0
F001,Smart Campus,B003,Building C,BLK-C1,Block C1,SP-008,Server Operations Room,Restricted Area,2026-01-21 23:00:00,20,5,15,25.0,LOW,0
F001,Smart Campus,B001,Building A,BLK-A1,Block A1,SP-001,Open Workspace A1,Workspace,2026-01-22 00:00:00,120,10,110,8.33,UNDERUSED,0
F001,Smart Campus,B001,Building A,BLK-A1,Block A1,SP-002,Conference Room A,Meeting Room,2026-01-22 00:00:00,30,1,29,3.33,UNDERUSED,0
F001,Smart Campus,B001,Building A,BLK-A2,Block A2,SP-003,Training Hall A,Training Room,2026-01-22 00:00:00,80,1,79,1.25,UNDERUSED,0
F001,Smart Campus,B002,Building B,BLK-B1,Block B1,SP-004,Open Workspace B1,Workspace,2026-01-22 00:00:00,150,11,139,7.33,UNDERUSED,0
F001,Smart Campus,B002,Building B,BLK-B1,Block B1,SP-005,Meeting Room B,Meeting Room,2026-01-22 00:00:00,25,2,23,8.0,UNDERUSED,0
F001,Smart Campus,B002,Building B,BLK-B2,Block B2,SP-006,Cafeteria B,Cafeteria,2026-01-22 00:00:00,180,12,168,6.67,UNDERUSED,0
F001,Smart Campus,B003,Building C,BLK-C1,Block C1,SP-007,Open Workspace C1,Workspace,2026-01-22 00:00:00,100,10,90,10.0,UNDERUSED,0
F001,Smart Campus,B003,Building C,BLK-C1,Block C1,SP-008,Server Operations Room,Restricted Area,2026-01-22 00:00:00,20,1,19,5.0,UNDERUSED,0
F001,Smart Campus,B001,Building A,BLK-A1,Block A1,SP-001,Open Workspace A1,Workspace,2026-01-22 01:00:00,120,7,113,5.83,UNDERUSED,0
F001,Smart Campus,B001,Building A,BLK-A1,Block A1,SP-002,Conference Room A,Meeting Room,2026-01-22 01:00:00,30,3,27,10.0,UNDERUSED,0
F001,Smart Campus,B001,Building A,BLK-A2,Block A2,SP-003,Training Hall A,Training Room,2026-01-22 01:00:00,80,2,78,2.5,UNDERUSED,0
F001,Smart Campus,B002,Building B,BLK-B1,Block B1,SP-004,Open Workspace B1,Workspace,2026-01-22 01:00:00,150,12,138,8.0,UNDERUSED,0
F001,Smart Campus,B002,Building B,BLK-B1,Block B1,SP-005,Meeting Room B,Meeting Room,2026-01-22 01:00:00,25,2,23,8.0,UNDERUSED,0
F001,Smart Campus,B002,Building B,BLK-B2,Block B2,SP-006,Cafeteria B,Cafeteria,2026-01-22 01:00:00,180,13,167,7.22,UNDERUSED,0
F001,Smart Campus,B003,Building C,BLK-C1,Block C1,SP-007,Open Workspace C1,Workspace,2026-01-22 01:00:00,100,5,95,5.0,UNDERUSED,0
F001,Smart Campus,B003,Building C,BLK-C1,Block C1,SP-008,Server Operations Room,Restricted Area,2026-01-22 01:00:00,20,7,13,35.0,LOW,0
F001,Smart Campus,B001,Building A,BLK-A1,Block A1,SP-001,Open Workspace A1,Workspace,2026-01-22 02:00:00,120,7,113,5.83,UNDERUSED,0
F001,Smart Campus,B001,Building A,BLK-A1,Block A1,SP-002,Conference Room A,Meeting Room,2026-01-22 02:00:00,30,2,28,6.67,UNDERUSED,0
F001,Smart Campus,B001,Building A,BLK-A2,Block A2,SP-003,Training Hall A,Training Room,2026-01-22 02:00:00,80,4,76,5.0,UNDERUSED,0
F001,Smart Campus,B002,Building B,BLK-B1,Block B1,SP-004,Open Workspace B1,Workspace,2026-01-22 02:00:00,150,11,139,7.33,UNDERUSED,0
F001,Smart Campus,B002,Building B,BLK-B1,Block B1,SP-005,Meeting Room B,Meeting Room,2026-01-22 02:00:00,25,1,24,4.0,UNDERUSED,0
F001,Smart Campus,B002,Building B,BLK-B2,Block B2,SP-006,Cafeteria B,Cafeteria,2026-01-22 02:00:00,180,6,174,3.33,UNDERUSED,0
F001,Smart Campus,B003,Building C,BLK-C1,Block C1,SP-007,Open Workspace C1,Workspace,2026-01-22 02:00:00,100,7,93,7.0,UNDERUSED,0
F001,Smart Campus,B003,Building C,BLK-C1,Block C1,SP-008,Server Operations Room,Restricted Area,2026-01-22 02:00:00,20,6,14,30.0,LOW,0
F001,Smart Campus,B001,Building A,BLK-A1,Block A1,SP-001,Open Workspace A1,Workspace,2026-01-22 03:00:00,120,9,111,7.5,UNDERUSED,0
F001,Smart Campus,B001,Building A,BLK-A1,Block A1,SP-002,Conference Room A,Meeting Room,2026-01-22 03:00:00,30,3,27,10.0,UNDERUSED,0
F001,Smart Campus,B001,Building A,BLK-A2,Block A2,SP-003,Training Hall A,Training Room,2026-01-22 03:00:00,80,5,75,6.25,UNDERUSED,0
F001,Smart Campus,B002,Building B,BLK-B1,Block B1,SP-004,Open Workspace B1,Workspace,2026-01-22 03:00:00,150,11,139,7.33,UNDERUSED,0
F001,Smart Campus,B002,Building B,BLK-B1,Block B1,SP-005,Meeting Room B,Meeting Room,2026-01-22 03:00:00,25,2,23,8.0,UNDERUSED,0
F001,Smart Campus,B002,Building B,BLK-B2,Block B2,SP-006,Cafeteria B,Cafeteria,2026-01-22 03:00:00,180,24,156,13.33,UNDERUSED,0
F001,Smart Campus,B003,Building C,BLK-C1,Block C1,SP-007,Open Workspace C1,Workspace,2026-01-22 03:00:00,100,5,95,5.0,UNDERUSED,0
F001,Smart Campus,B003,Building C,BLK-C1,Block C1,SP-008,Server Operations Room,Restricted Area,2026-01-22 03:00:00,20,7,13,35.0,LOW,0
F001,Smart Campus,B001,Building A,BLK-A1,Block A1,SP-001,Open Workspace A1,Workspace,2026-01-22 04:00:00,120,10,110,8.33,UNDERUSED,0
F001,Smart Campus,B001,Building A,BLK-A1,Block A1,SP-002,Conference Room A,Meeting Room,2026-01-22 04:00:00,30,2,28,6.67,UNDERUSED,0
F001,Smart Campus,B001,Building A,BLK-A2,Block A2,SP-003,Training Hall A,Training Room,2026-01-22 04:00:00,80,4,76,5.0,UNDERUSED,0
F001,Smart Campus,B002,Building B,BLK-B1,Block B1,SP-004,Open Workspace B1,Workspace,2026-01-22 04:00:00,150,12,138,8.0,UNDERUSED,0
F001,Smart Campus,B002,Building B,BLK-B1,Block B1,SP-005,Meeting Room B,Meeting Room,2026-01-22 04:00:00,25,1,24,4.0,UNDERUSED,0
F001,Smart Campus,B002,Building B,BLK-B2,Block B2,SP-006,Cafeteria B,Cafeteria,2026-01-22 04:00:00,180,20,160,11.11,UNDERUSED,0
F001,Smart Campus,B003,Building C,BLK-C1,Block C1,SP-007,Open Workspace C1,Workspace,2026-01-22 04:00:00,100,9,91,9.0,UNDERUSED,0
F001,Smart Campus,B003,Building C,BLK-C1,Block C1,SP-008,Server Operations Room,Restricted Area,2026-01-22 04:00:00,20,2,18,10.0,UNDERUSED,0
F001,Smart Campus,B001,Building A,BLK-A1,Block A1,SP-001,Open Workspace A1,Workspace,2026-01-22 05:00:00,120,7,113,5.83,UNDERUSED,0
F001,Smart Campus,B001,Building A,BLK-A1,Block A1,SP-002,Conference Room A,Meeting Room,2026-01-22 05:00:00,30,3,27,10.0,UNDERUSED,0
F001,Smart Campus,B001,Building A,BLK-A2,Block A2,SP-003,Training Hall A,Training Room,2026-01-22 05:00:00,80,3,77,3.75,UNDERUSED,0
F001,Smart Campus,B002,Building B,BLK-B1,Block B1,SP-004,Open Workspace B1,Workspace,2026-01-22 05:00:00,150,3,147,2.0,UNDERUSED,0
F001,Smart Campus,B002,Building B,BLK-B1,Block B1,SP-005,Meeting Room B,Meeting Room,2026-01-22 05:00:00,25,1,24,4.0,UNDERUSED,0
F001,Smart Campus,B002,Building B,BLK-B2,Block B2,SP-006,Cafeteria B,Cafeteria,2026-01-22 05:00:00,180,9,171,5.0,UNDERUSED,0
F001,Smart Campus,B003,Building C,BLK-C1,Block C1,SP-007,Open Workspace C1,Workspace,2026-01-22 05:00:00,100,115,0,115.0,OVERCROWDED,1
F001,Smart Campus,B003,Building C,BLK-C1,Block C1,SP-008,Server Operations Room,Restricted Area,2026-01-22 05:00:00,20,4,16,20.0,LOW,0
F001,Smart Campus,B001,Building A,BLK-A1,Block A1,SP-001,Open Workspace A1,Workspace,2026-01-22 06:00:00,120,12,108,10.0,UNDERUSED,0
F001,Smart Campus,B001,Building A,BLK-A1,Block A1,SP-002,Conference Room A,Meeting Room,2026-01-22 06:00:00,30,3,27,10.0,UNDERUSED,0
F001,Smart Campus,B001,Building A,BLK-A2,Block A2,SP-003,Training Hall A,Training Room,2026-01-22 06:00:00,80,5,75,6.25,UNDERUSED,0
F001,Smart Campus,B002,Building B,BLK-B1,Block B1,SP-004,Open Workspace B1,Workspace,2026-01-22 06:00:00,150,3,147,2.0,UNDERUSED,0
F001,Smart Campus,B002,Building B,BLK-B1,Block B1,SP-005,Meeting Room B,Meeting Room,2026-01-22 06:00:00,25,0,25,0.0,UNDERUSED,0
F001,Smart Campus,B002,Building B,BLK-B2,Block B2,SP-006,Cafeteria B,Cafeteria,2026-01-22 06:00:00,180,27,153,15.0,LOW,0
F001,Smart Campus,B003,Building C,BLK-C1,Block C1,SP-007,Open Workspace C1,Workspace,2026-01-22 06:00:00,100,6,94,6.0,UNDERUSED,0
F001,Smart Campus,B003,Building C,BLK-C1,Block C1,SP-008,Server Operations Room,Restricted Area,2026-01-22 06:00:00,20,5,15,25.0,LOW,0
F001,Smart Campus,B001,Building A,BLK-A1,Block A1,SP-001,Open Workspace A1,Workspace,2026-01-22 07:00:00,120,2,118,1.67,UNDERUSED,0
F001,Smart Campus,B001,Building A,BLK-A1,Block A1,SP-002,Conference Room A,Meeting Room,2026-01-22 07:00:00,30,1,29,3.33,UNDERUSED,0
F001,Smart Campus,B001,Building A,BLK-A2,Block A2,SP-003,Training Hall A,Training Room,2026-01-22 07:00:00,80,6,74,7.5,UNDERUSED,0
F001,Smart Campus,B002,Building B,BLK-B1,Block B1,SP-004,Open Workspace B1,Workspace,2026-01-22 07:00:00,150,7,143,4.67,UNDERUSED,0
F001,Smart Campus,B002,Building B,BLK-B1,Block B1,SP-005,Meeting Room B,Meeting Room,2026-01-22 07:00:00,25,2,23,8.0,UNDERUSED,0
F001,Smart Campus,B002,Building B,BLK-B2,Block B2,SP-006,Cafeteria B,Cafeteria,2026-01-22 07:00:00,180,22,158,12.22,UNDERUSED,0
F001,Smart Campus,B003,Building C,BLK-C1,Block C1,SP-007,Open Workspace C1,Workspace,2026-01-22 07:00:00,100,7,93,7.0,UNDERUSED,0
F001,Smart Campus,B003,Building C,BLK-C1,Block C1,SP-008,Server Operations Room,Restricted Area,2026-01-22 07:00:00,20,5,15,25.0,LOW,0
F001,Smart Campus,B001,Building A,BLK-A1,Block A1,SP-001,Open Workspace A1,Workspace,2026-01-22 08:00:00,120,2,118,1.67,UNDERUSED,0
F001,Smart Campus,B001,Building A,BLK-A1,Block A1,SP-002,Conference Room A,Meeting Room,2026-01-22 08:00:00,30,1,29,3.33,UNDERUSED,0
F001,Smart Campus,B001,Building A,BLK-A2,Block A2,SP-003,Training Hall A,Training Room,2026-01-22 08:00:00,80,3,77,3.75,UNDERUSED,0
F001,Smart Campus,B002,Building B,BLK-B1,Block B1,SP-004,Open Workspace B1,Workspace,2026-01-22 08:00:00,150,9,141,6.0,UNDERUSED,0
F001,Smart Campus,B002,Building B,BLK-B1,Block B1,SP-005,Meeting Room B,Meeting Room,2026-01-22 08:00:00,25,1,24,4.0,UNDERUSED,0
F001,Smart Campus,B002,Building B,BLK-B2,Block B2,SP-006,Cafeteria B,Cafeteria,2026-01-22 08:00:00,180,81,99,45.0,OPTIMAL,0
F001,Smart Campus,B003,Building C,BLK-C1,Block C1,SP-007,Open Workspace C1,Workspace,2026-01-22 08:00:00,100,5,95,5.0,UNDERUSED,0
F001,Smart Campus,B003,Building C,BLK-C1,Block C1,SP-008,Server Operations Room,Restricted Area,2026-01-22 08:00:00,20,4,16,20.0,LOW,0
F001,Smart Campus,B001,Building A,BLK-A1,Block A1,SP-001,Open Workspace A1,Workspace,2026-01-22 09:00:00,120,81,39,67.5,OPTIMAL,0
F001,Smart Campus,B001,Building A,BLK-A1,Block A1,SP-002,Conference Room A,Meeting Room,2026-01-22 09:00:00,30,24,6,80.0,HIGH,0
F001,Smart Campus,B001,Building A,BLK-A2,Block A2,SP-003,Training Hall A,Training Room,2026-01-22 09:00:00,80,25,55,31.25,LOW,0
F001,Smart Campus,B002,Building B,BLK-B1,Block B1,SP-004,Open Workspace B1,Workspace,2026-01-22 09:00:00,150,98,52,65.33,OPTIMAL,0
F001,Smart Campus,B002,Building B,BLK-B1,Block B1,SP-005,Meeting Room B,Meeting Room,2026-01-22 09:00:00,25,14,11,56.0,OPTIMAL,0
F001,Smart Campus,B002,Building B,BLK-B2,Block B2,SP-006,Cafeteria B,Cafeteria,2026-01-22 09:00:00,180,67,113,37.22,LOW,0
F001,Smart Campus,B003,Building C,BLK-C1,Block C1,SP-007,Open Workspace C1,Workspace,2026-01-22 09:00:00,100,80,20,80.0,HIGH,0
F001,Smart Campus,B003,Building C,BLK-C1,Block C1,SP-008,Server Operations Room,Restricted Area,2026-01-22 09:00:00,20,6,14,30.0,LOW,0
F001,Smart Campus,B001,Building A,BLK-A1,Block A1,SP-001,Open Workspace A1,Workspace,2026-01-22 10:00:00,120,101,19,84.17,HIGH,0
F001,Smart Campus,B001,Building A,BLK-A1,Block A1,SP-002,Conference Room A,Meeting Room,2026-01-22 10:00:00,30,24,6,80.0,HIGH,0
F001,Smart Campus,B001,Building A,BLK-A2,Block A2,SP-003,Training Hall A,Training Room,2026-01-22 10:00:00,80,45,35,56.25,OPTIMAL,0
F001,Smart Campus,B002,Building B,BLK-B1,Block B1,SP-004,Open Workspace B1,Workspace,2026-01-22 10:00:00,150,118,32,78.67,HIGH,0
F001,Smart Campus,B002,Building B,BLK-B1,Block B1,SP-005,Meeting Room B,Meeting Room,2026-01-22 10:00:00,25,7,18,28.0,LOW,0
F001,Smart Campus,B002,Building B,BLK-B2,Block B2,SP-006,Cafeteria B,Cafeteria,2026-01-22 10:00:00,180,8,172,4.44,UNDERUSED,0
F001,Smart Campus,B003,Building C,BLK-C1,Block C1,SP-007,Open Workspace C1,Workspace,2026-01-22 10:00:00,100,79,21,79.0,HIGH,0
F001,Smart Campus,B003,Building C,BLK-C1,Block C1,SP-008,Server Operations Room,Restricted Area,2026-01-22 10:00:00,20,1,19,5.0,UNDERUSED,0
F001,Smart Campus,B001,Building A,BLK-A1,Block A1,SP-001,Open Workspace A1,Workspace,2026-01-22 11:00:00,120,93,27,77.5,HIGH,0
F001,Smart Campus,B001,Building A,BLK-A1,Block A1,SP-002,Conference Room A,Meeting Room,2026-01-22 11:00:00,30,17,13,56.67,OPTIMAL,0
F001,Smart Campus,B001,Building A,BLK-A2,Block A2,SP-003,Training Hall A,Training Room,2026-01-22 11:00:00,80,85,0,106.25,OVERCROWDED,1
F001,Smart Campus,B002,Building B,BLK-B1,Block B1,SP-004,Open Workspace B1,Workspace,2026-01-22 11:00:00,150,133,17,88.67,HIGH,0
F001,Smart Campus,B002,Building B,BLK-B1,Block B1,SP-005,Meeting Room B,Meeting Room,2026-01-22 11:00:00,25,18,7,72.0,OPTIMAL,0
F001,Smart Campus,B002,Building B,BLK-B2,Block B2,SP-006,Cafeteria B,Cafeteria,2026-01-22 11:00:00,180,14,166,7.78,UNDERUSED,0
F001,Smart Campus,B003,Building C,BLK-C1,Block C1,SP-007,Open Workspace C1,Workspace,2026-01-22 11:00:00,100,82,18,82.0,HIGH,0
F001,Smart Campus,B003,Building C,BLK-C1,Block C1,SP-008,Server Operations Room,Restricted Area,2026-01-22 11:00:00,20,7,13,35.0,LOW,0
F001,Smart Campus,B001,Building A,BLK-A1,Block A1,SP-001,Open Workspace A1,Workspace,2026-01-22 12:00:00,120,58,62,48.33,OPTIMAL,0
F001,Smart Campus,B001,Building A,BLK-A1,Block A1,SP-002,Conference Room A,Meeting Room,2026-01-22 12:00:00,30,8,22,26.67,LOW,0
F001,Smart Campus,B001,Building A,BLK-A2,Block A2,SP-003,Training Hall A,Training Room,2026-01-22 12:00:00,80,27,53,33.75,LOW,0
F001,Smart Campus,B002,Building B,BLK-B1,Block B1,SP-004,Open Workspace B1,Workspace,2026-01-22 12:00:00,150,64,86,42.67,OPTIMAL,0
F001,Smart Campus,B002,Building B,BLK-B1,Block B1,SP-005,Meeting Room B,Meeting Room,2026-01-22 12:00:00,25,21,4,84.0,HIGH,0
F001,Smart Campus,B002,Building B,BLK-B2,Block B2,SP-006,Cafeteria B,Cafeteria,2026-01-22 12:00:00,180,136,44,75.56,HIGH,0
F001,Smart Campus,B003,Building C,BLK-C1,Block C1,SP-007,Open Workspace C1,Workspace,2026-01-22 12:00:00,100,38,62,38.0,LOW,0
F001,Smart Campus,B003,Building C,BLK-C1,Block C1,SP-008,Server Operations Room,Restricted Area,2026-01-22 12:00:00,20,1,19,5.0,UNDERUSED,0
F001,Smart Campus,B001,Building A,BLK-A1,Block A1,SP-001,Open Workspace A1,Workspace,2026-01-22 13:00:00,120,53,67,44.17,OPTIMAL,0
F001,Smart Campus,B001,Building A,BLK-A1,Block A1,SP-002,Conference Room A,Meeting Room,2026-01-22 13:00:00,30,14,16,46.67,OPTIMAL,0
F001,Smart Campus,B001,Building A,BLK-A2,Block A2,SP-003,Training Hall A,Training Room,2026-01-22 13:00:00,80,28,52,35.0,LOW,0
F001,Smart Campus,B002,Building B,BLK-B1,Block B1,SP-004,Open Workspace B1,Workspace,2026-01-22 13:00:00,150,79,71,52.67,OPTIMAL,0
F001,Smart Campus,B002,Building B,BLK-B1,Block B1,SP-005,Meeting Room B,Meeting Room,2026-01-22 13:00:00,25,6,19,24.0,LOW,0
F001,Smart Campus,B002,Building B,BLK-B2,Block B2,SP-006,Cafeteria B,Cafeteria,2026-01-22 13:00:00,180,171,9,95.0,HIGH,0
F001,Smart Campus,B003,Building C,BLK-C1,Block C1,SP-007,Open Workspace C1,Workspace,2026-01-22 13:00:00,100,40,60,40.0,OPTIMAL,0
F001,Smart Campus,B003,Building C,BLK-C1,Block C1,SP-008,Server Operations Room,Restricted Area,2026-01-22 13:00:00,20,5,15,25.0,LOW,0
F001,Smart Campus,B001,Building A,BLK-A1,Block A1,SP-001,Open Workspace A1,Workspace,2026-01-22 14:00:00,120,92,28,76.67,HIGH,0
F001,Smart Campus,B001,Building A,BLK-A1,Block A1,SP-002,Conference Room A,Meeting Room,2026-01-22 14:00:00,30,9,21,30.0,LOW,0
F001,Smart Campus,B001,Building A,BLK-A2,Block A2,SP-003,Training Hall A,Training Room,2026-01-22 14:00:00,80,37,43,46.25,OPTIMAL,0
F001,Smart Campus,B002,Building B,BLK-B1,Block B1,SP-004,Open Workspace B1,Workspace,2026-01-22 14:00:00,150,115,35,76.67,HIGH,0
F001,Smart Campus,B002,Building B,BLK-B1,Block B1,SP-005,Meeting Room B,Meeting Room,2026-01-22 14:00:00,25,7,18,28.0,LOW,0
F001,Smart Campus,B002,Building B,BLK-B2,Block B2,SP-006,Cafeteria B,Cafeteria,2026-01-22 14:00:00,180,151,29,83.89,HIGH,0
F001,Smart Campus,B003,Building C,BLK-C1,Block C1,SP-007,Open Workspace C1,Workspace,2026-01-22 14:00:00,100,78,22,78.0,HIGH,0
F001,Smart Campus,B003,Building C,BLK-C1,Block C1,SP-008,Server Operations Room,Restricted Area,2026-01-22 14:00:00,20,3,17,15.0,LOW,0
F001,Smart Campus,B001,Building A,BLK-A1,Block A1,SP-001,Open Workspace A1,Workspace,2026-01-22 15:00:00,120,101,19,84.17,HIGH,0
F001,Smart Campus,B001,Building A,BLK-A1,Block A1,SP-002,Conference Room A,Meeting Room,2026-01-22 15:00:00,30,6,24,20.0,LOW,0
F001,Smart Campus,B001,Building A,BLK-A2,Block A2,SP-003,Training Hall A,Training Room,2026-01-22 15:00:00,80,63,17,78.75,HIGH,0
F001,Smart Campus,B002,Building B,BLK-B1,Block B1,SP-004,Open Workspace B1,Workspace,2026-01-22 15:00:00,150,94,56,62.67,OPTIMAL,0
F001,Smart Campus,B002,Building B,BLK-B1,Block B1,SP-005,Meeting Room B,Meeting Room,2026-01-22 15:00:00,25,8,17,32.0,LOW,0
F001,Smart Campus,B002,Building B,BLK-B2,Block B2,SP-006,Cafeteria B,Cafeteria,2026-01-22 15:00:00,180,11,169,6.11,UNDERUSED,0
F001,Smart Campus,B003,Building C,BLK-C1,Block C1,SP-007,Open Workspace C1,Workspace,2026-01-22 15:00:00,100,74,26,74.0,OPTIMAL,0
F001,Smart Campus,B003,Building C,BLK-C1,Block C1,SP-008,Server Operations Room,Restricted Area,2026-01-22 15:00:00,20,5,15,25.0,LOW,0
F001,Smart Campus,B001,Building A,BLK-A1,Block A1,SP-001,Open Workspace A1,Workspace,2026-01-22 16:00:00,120,91,29,75.83,HIGH,0
F001,Smart Campus,B001,Building A,BLK-A1,Block A1,SP-002,Conference Room A,Meeting Room,2026-01-22 16:00:00,30,23,7,76.67,HIGH,0
F001,Smart Campus,B001,Building A,BLK-A2,Block A2,SP-003,Training Hall A,Training Room,2026-01-22 16:00:00,80,61,19,76.25,HIGH,0
F001,Smart Campus,B002,Building B,BLK-B1,Block B1,SP-004,Open Workspace B1,Workspace,2026-01-22 16:00:00,150,104,46,69.33,OPTIMAL,0
F001,Smart Campus,B002,Building B,BLK-B1,Block B1,SP-005,Meeting Room B,Meeting Room,2026-01-22 16:00:00,25,21,4,84.0,HIGH,0
F001,Smart Campus,B002,Building B,BLK-B2,Block B2,SP-006,Cafeteria B,Cafeteria,2026-01-22 16:00:00,180,72,108,40.0,OPTIMAL,0
F001,Smart Campus,B003,Building C,BLK-C1,Block C1,SP-007,Open Workspace C1,Workspace,2026-01-22 16:00:00,100,73,27,73.0,OPTIMAL,0
F001,Smart Campus,B003,Building C,BLK-C1,Block C1,SP-008,Server Operations Room,Restricted Area,2026-01-22 16:00:00,20,1,19,5.0,UNDERUSED,0
F001,Smart Campus,B001,Building A,BLK-A1,Block A1,SP-001,Open Workspace A1,Workspace,2026-01-22 17:00:00,120,77,43,64.17,OPTIMAL,0
F001,Smart Campus,B001,Building A,BLK-A1,Block A1,SP-002,Conference Room A,Meeting Room,2026-01-22 17:00:00,30,13,17,43.33,OPTIMAL,0
F001,Smart Campus,B001,Building A,BLK-A2,Block A2,SP-003,Training Hall A,Training Room,2026-01-22 17:00:00,80,0,80,0.0,UNDERUSED,0
F001,Smart Campus,B002,Building B,BLK-B1,Block B1,SP-004,Open Workspace B1,Workspace,2026-01-22 17:00:00,150,131,19,87.33,HIGH,0
F001,Smart Campus,B002,Building B,BLK-B1,Block B1,SP-005,Meeting Room B,Meeting Room,2026-01-22 17:00:00,25,9,16,36.0,LOW,0
F001,Smart Campus,B002,Building B,BLK-B2,Block B2,SP-006,Cafeteria B,Cafeteria,2026-01-22 17:00:00,180,77,103,42.78,OPTIMAL,0
F001,Smart Campus,B003,Building C,BLK-C1,Block C1,SP-007,Open Workspace C1,Workspace,2026-01-22 17:00:00,100,88,12,88.0,HIGH,0
F001,Smart Campus,B003,Building C,BLK-C1,Block C1,SP-008,Server Operations Room,Restricted Area,2026-01-22 17:00:00,20,4,16,20.0,LOW,0
F001,Smart Campus,B001,Building A,BLK-A1,Block A1,SP-001,Open Workspace A1,Workspace,2026-01-22 18:00:00,120,31,89,25.83,LOW,0
F001,Smart Campus,B001,Building A,BLK-A1,Block A1,SP-002,Conference Room A,Meeting Room,2026-01-22 18:00:00,30,3,27,10.0,UNDERUSED,0
F001,Smart Campus,B001,Building A,BLK-A2,Block A2,SP-003,Training Hall A,Training Room,2026-01-22 18:00:00,80,2,78,2.5,UNDERUSED,0
F001,Smart Campus,B002,Building B,BLK-B1,Block B1,SP-004,Open Workspace B1,Workspace,2026-01-22 18:00:00,150,58,92,38.67,LOW,0
F001,Smart Campus,B002,Building B,BLK-B1,Block B1,SP-005,Meeting Room B,Meeting Room,2026-01-22 18:00:00,25,1,24,4.0,UNDERUSED,0
F001,Smart Campus,B002,Building B,BLK-B2,Block B2,SP-006,Cafeteria B,Cafeteria,2026-01-22 18:00:00,180,5,175,2.78,UNDERUSED,0
F001,Smart Campus,B003,Building C,BLK-C1,Block C1,SP-007,Open Workspace C1,Workspace,2026-01-22 18:00:00,100,39,61,39.0,LOW,0
F001,Smart Campus,B003,Building C,BLK-C1,Block C1,SP-008,Server Operations Room,Restricted Area,2026-01-22 18:00:00,20,1,19,5.0,UNDERUSED,0
F001,Smart Campus,B001,Building A,BLK-A1,Block A1,SP-001,Open Workspace A1,Workspace,2026-01-22 19:00:00,120,35,85,29.17,LOW,0
F001,Smart Campus,B001,Building A,BLK-A1,Block A1,SP-002,Conference Room A,Meeting Room,2026-01-22 19:00:00,30,3,27,10.0,UNDERUSED,0
F001,Smart Campus,B001,Building A,BLK-A2,Block A2,SP-003,Training Hall A,Training Room,2026-01-22 19:00:00,80,3,77,3.75,UNDERUSED,0
F001,Smart Campus,B002,Building B,BLK-B1,Block B1,SP-004,Open Workspace B1,Workspace,2026-01-22 19:00:00,150,50,100,33.33,LOW,0
F001,Smart Campus,B002,Building B,BLK-B1,Block B1,SP-005,Meeting Room B,Meeting Room,2026-01-22 19:00:00,25,1,24,4.0,UNDERUSED,0
F001,Smart Campus,B002,Building B,BLK-B2,Block B2,SP-006,Cafeteria B,Cafeteria,2026-01-22 19:00:00,180,24,156,13.33,UNDERUSED,0
F001,Smart Campus,B003,Building C,BLK-C1,Block C1,SP-007,Open Workspace C1,Workspace,2026-01-22 19:00:00,100,25,75,25.0,LOW,0
F001,Smart Campus,B003,Building C,BLK-C1,Block C1,SP-008,Server Operations Room,Restricted Area,2026-01-22 19:00:00,20,6,14,30.0,LOW,0
F001,Smart Campus,B001,Building A,BLK-A1,Block A1,SP-001,Open Workspace A1,Workspace,2026-01-22 20:00:00,120,39,81,32.5,LOW,0
F001,Smart Campus,B001,Building A,BLK-A1,Block A1,SP-002,Conference Room A,Meeting Room,2026-01-22 20:00:00,30,2,28,6.67,UNDERUSED,0
F001,Smart Campus,B001,Building A,BLK-A2,Block A2,SP-003,Training Hall A,Training Room,2026-01-22 20:00:00,80,5,75,6.25,UNDERUSED,0
F001,Smart Campus,B002,Building B,BLK-B1,Block B1,SP-004,Open Workspace B1,Workspace,2026-01-22 20:00:00,150,53,97,35.33,LOW,0
F001,Smart Campus,B002,Building B,BLK-B1,Block B1,SP-005,Meeting Room B,Meeting Room,2026-01-22 20:00:00,25,1,24,4.0,UNDERUSED,0
F001,Smart Campus,B002,Building B,BLK-B2,Block B2,SP-006,Cafeteria B,Cafeteria,2026-01-22 20:00:00,180,18,162,10.0,UNDERUSED,0
F001,Smart Campus,B003,Building C,BLK-C1,Block C1,SP-007,Open Workspace C1,Workspace,2026-01-22 20:00:00,100,32,68,32.0,LOW,0
F001,Smart Campus,B003,Building C,BLK-C1,Block C1,SP-008,Server Operations Room,Restricted Area,2026-01-22 20:00:00,20,4,16,20.0,LOW,0
F001,Smart Campus,B001,Building A,BLK-A1,Block A1,SP-001,Open Workspace A1,Workspace,2026-01-22 21:00:00,120,2,118,1.67,UNDERUSED,0
F001,Smart Campus,B001,Building A,BLK-A1,Block A1,SP-002,Conference Room A,Meeting Room,2026-01-22 21:00:00,30,2,28,6.67,UNDERUSED,0
F001,Smart Campus,B001,Building A,BLK-A2,Block A2,SP-003,Training Hall A,Training Room,2026-01-22 21:00:00,80,3,77,3.75,UNDERUSED,0
F001,Smart Campus,B002,Building B,BLK-B1,Block B1,SP-004,Open Workspace B1,Workspace,2026-01-22 21:00:00,150,7,143,4.67,UNDERUSED,0
F001,Smart Campus,B002,Building B,BLK-B1,Block B1,SP-005,Meeting Room B,Meeting Room,2026-01-22 21:00:00,25,2,23,8.0,UNDERUSED,0
F001,Smart Campus,B002,Building B,BLK-B2,Block B2,SP-006,Cafeteria B,Cafeteria,2026-01-22 21:00:00,180,16,164,8.89,UNDERUSED,0
F001,Smart Campus,B003,Building C,BLK-C1,Block C1,SP-007,Open Workspace C1,Workspace,2026-01-22 21:00:00,100,2,98,2.0,UNDERUSED,0
F001,Smart Campus,B003,Building C,BLK-C1,Block C1,SP-008,Server Operations Room,Restricted Area,2026-01-22 21:00:00,20,3,17,15.0,LOW,0
F001,Smart Campus,B001,Building A,BLK-A1,Block A1,SP-001,Open Workspace A1,Workspace,2026-01-22 22:00:00,120,9,111,7.5,UNDERUSED,0
F001,Smart Campus,B001,Building A,BLK-A1,Block A1,SP-002,Conference Room A,Meeting Room,2026-01-22 22:00:00,30,1,29,3.33,UNDERUSED,0
F001,Smart Campus,B001,Building A,BLK-A2,Block A2,SP-003,Training Hall A,Training Room,2026-01-22 22:00:00,80,6,74,7.5,UNDERUSED,0
F001,Smart Campus,B002,Building B,BLK-B1,Block B1,SP-004,Open Workspace B1,Workspace,2026-01-22 22:00:00,150,13,137,8.67,UNDERUSED,0
F001,Smart Campus,B002,Building B,BLK-B1,Block B1,SP-005,Meeting Room B,Meeting Room,2026-01-22 22:00:00,25,1,24,4.0,UNDERUSED,0
F001,Smart Campus,B002,Building B,BLK-B2,Block B2,SP-006,Cafeteria B,Cafeteria,2026-01-22 22:00:00,180,15,165,8.33,UNDERUSED,0
F001,Smart Campus,B003,Building C,BLK-C1,Block C1,SP-007,Open Workspace C1,Workspace,2026-01-22 22:00:00,100,7,93,7.0,UNDERUSED,0
F001,Smart Campus,B003,Building C,BLK-C1,Block C1,SP-008,Server Operations Room,Restricted Area,2026-01-22 22:00:00,20,23,0,115.0,OVERCROWDED,1
F001,Smart Campus,B001,Building A,BLK-A1,Block A1,SP-001,Open Workspace A1,Workspace,2026-01-22 23:00:00,120,3,117,2.5,UNDERUSED,0
F001,Smart Campus,B001,Building A,BLK-A1,Block A1,SP-002,Conference Room A,Meeting Room,2026-01-22 23:00:00,30,0,30,0.0,UNDERUSED,0
F001,Smart Campus,B001,Building A,BLK-A2,Block A2,SP-003,Training Hall A,Training Room,2026-01-22 23:00:00,80,1,79,1.25,UNDERUSED,0
F001,Smart Campus,B002,Building B,BLK-B1,Block B1,SP-004,Open Workspace B1,Workspace,2026-01-22 23:00:00,150,4,146,2.67,UNDERUSED,0
F001,Smart Campus,B002,Building B,BLK-B1,Block B1,SP-005,Meeting Room B,Meeting Room,2026-01-22 23:00:00,25,1,24,4.0,UNDERUSED,0
F001,Smart Campus,B002,Building B,BLK-B2,Block B2,SP-006,Cafeteria B,Cafeteria,2026-01-22 23:00:00,180,19,161,10.56,UNDERUSED,0
F001,Smart Campus,B003,Building C,BLK-C1,Block C1,SP-007,Open Workspace C1,Workspace,2026-01-22 23:00:00,100,5,95,5.0,UNDERUSED,0
F001,Smart Campus,B003,Building C,BLK-C1,Block C1,SP-008,Server Operations Room,Restricted Area,2026-01-22 23:00:00,20,4,16,20.0,LOW,0
F001,Smart Campus,B001,Building A,BLK-A1,Block A1,SP-001,Open Workspace A1,Workspace,2026-01-23 00:00:00,120,10,110,8.33,UNDERUSED,0
F001,Smart Campus,B001,Building A,BLK-A1,Block A1,SP-002,Conference Room A,Meeting Room,2026-01-23 00:00:00,30,1,29,3.33,UNDERUSED,0
F001,Smart Campus,B001,Building A,BLK-A2,Block A2,SP-003,Training Hall A,Training Room,2026-01-23 00:00:00,80,1,79,1.25,UNDERUSED,0
F001,Smart Campus,B002,Building B,BLK-B1,Block B1,SP-004,Open Workspace B1,Workspace,2026-01-23 00:00:00,150,7,143,4.67,UNDERUSED,0
F001,Smart Campus,B002,Building B,BLK-B1,Block B1,SP-005,Meeting Room B,Meeting Room,2026-01-23 00:00:00,25,2,23,8.0,UNDERUSED,0
F001,Smart Campus,B002,Building B,BLK-B2,Block B2,SP-006,Cafeteria B,Cafeteria,2026-01-23 00:00:00,180,8,172,4.44,UNDERUSED,0
F001,Smart Campus,B003,Building C,BLK-C1,Block C1,SP-007,Open Workspace C1,Workspace,2026-01-23 00:00:00,100,5,95,5.0,UNDERUSED,0
F001,Smart Campus,B003,Building C,BLK-C1,Block C1,SP-008,Server Operations Room,Restricted Area,2026-01-23 00:00:00,20,6,14,30.0,LOW,0
F001,Smart Campus,B001,Building A,BLK-A1,Block A1,SP-001,Open Workspace A1,Workspace,2026-01-23 01:00:00,120,3,117,2.5,UNDERUSED,0
F001,Smart Campus,B001,Building A,BLK-A1,Block A1,SP-002,Conference Room A,Meeting Room,2026-01-23 01:00:00,30,2,28,6.67,UNDERUSED,0
F001,Smart Campus,B001,Building A,BLK-A2,Block A2,SP-003,Training Hall A,Training Room,2026-01-23 01:00:00,80,3,77,3.75,UNDERUSED,0
F001,Smart Campus,B002,Building B,BLK-B1,Block B1,SP-004,Open Workspace B1,Workspace,2026-01-23 01:00:00,150,12,138,8.0,UNDERUSED,0
F001,Smart Campus,B002,Building B,BLK-B1,Block B1,SP-005,Meeting Room B,Meeting Room,2026-01-23 01:00:00,25,1,24,4.0,UNDERUSED,0
F001,Smart Campus,B002,Building B,BLK-B2,Block B2,SP-006,Cafeteria B,Cafeteria,2026-01-23 01:00:00,180,24,156,13.33,UNDERUSED,0
F001,Smart Campus,B003,Building C,BLK-C1,Block C1,SP-007,Open Workspace C1,Workspace,2026-01-23 01:00:00,100,9,91,9.0,UNDERUSED,0
F001,Smart Campus,B003,Building C,BLK-C1,Block C1,SP-008,Server Operations Room,Restricted Area,2026-01-23 01:00:00,20,3,17,15.0,LOW,0
F001,Smart Campus,B001,Building A,BLK-A1,Block A1,SP-001,Open Workspace A1,Workspace,2026-01-23 02:00:00,120,2,118,1.67,UNDERUSED,0
F001,Smart Campus,B001,Building A,BLK-A1,Block A1,SP-002,Conference Room A,Meeting Room,2026-01-23 02:00:00,30,0,30,0.0,UNDERUSED,0
F001,Smart Campus,B001,Building A,BLK-A2,Block A2,SP-003,Training Hall A,Training Room,2026-01-23 02:00:00,80,5,75,6.25,UNDERUSED,0
F001,Smart Campus,B002,Building B,BLK-B1,Block B1,SP-004,Open Workspace B1,Workspace,2026-01-23 02:00:00,150,11,139,7.33,UNDERUSED,0
F001,Smart Campus,B002,Building B,BLK-B1,Block B1,SP-005,Meeting Room B,Meeting Room,2026-01-23 02:00:00,25,2,23,8.0,UNDERUSED,0
F001,Smart Campus,B002,Building B,BLK-B2,Block B2,SP-006,Cafeteria B,Cafeteria,2026-01-23 02:00:00,180,14,166,7.78,UNDERUSED,0
F001,Smart Campus,B003,Building C,BLK-C1,Block C1,SP-007,Open Workspace C1,Workspace,2026-01-23 02:00:00,100,5,95,5.0,UNDERUSED,0
F001,Smart Campus,B003,Building C,BLK-C1,Block C1,SP-008,Server Operations Room,Restricted Area,2026-01-23 02:00:00,20,2,18,10.0,UNDERUSED,0
F001,Smart Campus,B001,Building A,BLK-A1,Block A1,SP-001,Open Workspace A1,Workspace,2026-01-23 03:00:00,120,7,113,5.83,UNDERUSED,0
F001,Smart Campus,B001,Building A,BLK-A1,Block A1,SP-002,Conference Room A,Meeting Room,2026-01-23 03:00:00,30,2,28,6.67,UNDERUSED,0
F001,Smart Campus,B001,Building A,BLK-A2,Block A2,SP-003,Training Hall A,Training Room,2026-01-23 03:00:00,80,6,74,7.5,UNDERUSED,0
F001,Smart Campus,B002,Building B,BLK-B1,Block B1,SP-004,Open Workspace B1,Workspace,2026-01-23 03:00:00,150,13,137,8.67,UNDERUSED,0
F001,Smart Campus,B002,Building B,BLK-B1,Block B1,SP-005,Meeting Room B,Meeting Room,2026-01-23 03:00:00,25,2,23,8.0,UNDERUSED,0
F001,Smart Campus,B002,Building B,BLK-B2,Block B2,SP-006,Cafeteria B,Cafeteria,2026-01-23 03:00:00,180,20,160,11.11,UNDERUSED,0
F001,Smart Campus,B003,Building C,BLK-C1,Block C1,SP-007,Open Workspace C1,Workspace,2026-01-23 03:00:00,100,3,97,3.0,UNDERUSED,0
F001,Smart Campus,B003,Building C,BLK-C1,Block C1,SP-008,Server Operations Room,Restricted Area,2026-01-23 03:00:00,20,5,15,25.0,LOW,0
F001,Smart Campus,B001,Building A,BLK-A1,Block A1,SP-001,Open Workspace A1,Workspace,2026-01-23 04:00:00,120,4,116,3.33,UNDERUSED,0
F001,Smart Campus,B001,Building A,BLK-A1,Block A1,SP-002,Conference Room A,Meeting Room,2026-01-23 04:00:00,30,0,30,0.0,UNDERUSED,0
F001,Smart Campus,B001,Building A,BLK-A2,Block A2,SP-003,Training Hall A,Training Room,2026-01-23 04:00:00,80,6,74,7.5,UNDERUSED,0
F001,Smart Campus,B002,Building B,BLK-B1,Block B1,SP-004,Open Workspace B1,Workspace,2026-01-23 04:00:00,150,10,140,6.67,UNDERUSED,0
F001,Smart Campus,B002,Building B,BLK-B1,Block B1,SP-005,Meeting Room B,Meeting Room,2026-01-23 04:00:00,25,0,25,0.0,UNDERUSED,0
F001,Smart Campus,B002,Building B,BLK-B2,Block B2,SP-006,Cafeteria B,Cafeteria,2026-01-23 04:00:00,180,11,169,6.11,UNDERUSED,0
F001,Smart Campus,B003,Building C,BLK-C1,Block C1,SP-007,Open Workspace C1,Workspace,2026-01-23 04:00:00,100,3,97,3.0,UNDERUSED,0
F001,Smart Campus,B003,Building C,BLK-C1,Block C1,SP-008,Server Operations Room,Restricted Area,2026-01-23 04:00:00,20,4,16,20.0,LOW,0
F001,Smart Campus,B001,Building A,BLK-A1,Block A1,SP-001,Open Workspace A1,Workspace,2026-01-23 05:00:00,120,8,112,6.67,UNDERUSED,0
F001,Smart Campus,B001,Building A,BLK-A1,Block A1,SP-002,Conference Room A,Meeting Room,2026-01-23 05:00:00,30,1,29,3.33,UNDERUSED,0
F001,Smart Campus,B001,Building A,BLK-A2,Block A2,SP-003,Training Hall A,Training Room,2026-01-23 05:00:00,80,2,78,2.5,UNDERUSED,0
F001,Smart Campus,B002,Building B,BLK-B1,Block B1,SP-004,Open Workspace B1,Workspace,2026-01-23 05:00:00,150,6,144,4.0,UNDERUSED,0
F001,Smart Campus,B002,Building B,BLK-B1,Block B1,SP-005,Meeting Room B,Meeting Room,2026-01-23 05:00:00,25,0,25,0.0,UNDERUSED,0
F001,Smart Campus,B002,Building B,BLK-B2,Block B2,SP-006,Cafeteria B,Cafeteria,2026-01-23 05:00:00,180,21,159,11.67,UNDERUSED,0
F001,Smart Campus,B003,Building C,BLK-C1,Block C1,SP-007,Open Workspace C1,Workspace,2026-01-23 05:00:00,100,5,95,5.0,UNDERUSED,0
F001,Smart Campus,B003,Building C,BLK-C1,Block C1,SP-008,Server Operations Room,Restricted Area,2026-01-23 05:00:00,20,2,18,10.0,UNDERUSED,0
F001,Smart Campus,B001,Building A,BLK-A1,Block A1,SP-001,Open Workspace A1,Workspace,2026-01-23 06:00:00,120,11,109,9.17,UNDERUSED,0
F001,Smart Campus,B001,Building A,BLK-A1,Block A1,SP-002,Conference Room A,Meeting Room,2026-01-23 06:00:00,30,1,29,3.33,UNDERUSED,0
F001,Smart Campus,B001,Building A,BLK-A2,Block A2,SP-003,Training Hall A,Training Room,2026-01-23 06:00:00,80,0,80,0.0,UNDERUSED,0
F001,Smart Campus,B002,Building B,BLK-B1,Block B1,SP-004,Open Workspace B1,Workspace,2026-01-23 06:00:00,150,13,137,8.67,UNDERUSED,0
F001,Smart Campus,B002,Building B,BLK-B1,Block B1,SP-005,Meeting Room B,Meeting Room,2026-01-23 06:00:00,25,2,23,8.0,UNDERUSED,0
F001,Smart Campus,B002,Building B,BLK-B2,Block B2,SP-006,Cafeteria B,Cafeteria,2026-01-23 06:00:00,180,22,158,12.22,UNDERUSED,0
F001,Smart Campus,B003,Building C,BLK-C1,Block C1,SP-007,Open Workspace C1,Workspace,2026-01-23 06:00:00,100,4,96,4.0,UNDERUSED,0
F001,Smart Campus,B003,Building C,BLK-C1,Block C1,SP-008,Server Operations Room,Restricted Area,2026-01-23 06:00:00,20,2,18,10.0,UNDERUSED,0
F001,Smart Campus,B001,Building A,BLK-A1,Block A1,SP-001,Open Workspace A1,Workspace,2026-01-23 07:00:00,120,11,109,9.17,UNDERUSED,0
F001,Smart Campus,B001,Building A,BLK-A1,Block A1,SP-002,Conference Room A,Meeting Room,2026-01-23 07:00:00,30,2,28,6.67,UNDERUSED,0
F001,Smart Campus,B001,Building A,BLK-A2,Block A2,SP-003,Training Hall A,Training Room,2026-01-23 07:00:00,80,4,76,5.0,UNDERUSED,0
F001,Smart Campus,B002,Building B,BLK-B1,Block B1,SP-004,Open Workspace B1,Workspace,2026-01-23 07:00:00,150,10,140,6.67,UNDERUSED,0
F001,Smart Campus,B002,Building B,BLK-B1,Block B1,SP-005,Meeting Room B,Meeting Room,2026-01-23 07:00:00,25,2,23,8.0,UNDERUSED,0
F001,Smart Campus,B002,Building B,BLK-B2,Block B2,SP-006,Cafeteria B,Cafeteria,2026-01-23 07:00:00,180,5,175,2.78,UNDERUSED,0
F001,Smart Campus,B003,Building C,BLK-C1,Block C1,SP-007,Open Workspace C1,Workspace,2026-01-23 07:00:00,100,4,96,4.0,UNDERUSED,0
F001,Smart Campus,B003,Building C,BLK-C1,Block C1,SP-008,Server Operations Room,Restricted Area,2026-01-23 07:00:00,20,7,13,35.0,LOW,0
F001,Smart Campus,B001,Building A,BLK-A1,Block A1,SP-001,Open Workspace A1,Workspace,2026-01-23 08:00:00,120,9,111,7.5,UNDERUSED,0
F001,Smart Campus,B001,Building A,BLK-A1,Block A1,SP-002,Conference Room A,Meeting Room,2026-01-23 08:00:00,30,1,29,3.33,UNDERUSED,0
F001,Smart Campus,B001,Building A,BLK-A2,Block A2,SP-003,Training Hall A,Training Room,2026-01-23 08:00:00,80,2,78,2.5,UNDERUSED,0
F001,Smart Campus,B002,Building B,BLK-B1,Block B1,SP-004,Open Workspace B1,Workspace,2026-01-23 08:00:00,150,13,137,8.67,UNDERUSED,0
F001,Smart Campus,B002,Building B,BLK-B1,Block B1,SP-005,Meeting Room B,Meeting Room,2026-01-23 08:00:00,25,2,23,8.0,UNDERUSED,0
F001,Smart Campus,B002,Building B,BLK-B2,Block B2,SP-006,Cafeteria B,Cafeteria,2026-01-23 08:00:00,180,65,115,36.11,LOW,0
F001,Smart Campus,B003,Building C,BLK-C1,Block C1,SP-007,Open Workspace C1,Workspace,2026-01-23 08:00:00,100,9,91,9.0,UNDERUSED,0
F001,Smart Campus,B003,Building C,BLK-C1,Block C1,SP-008,Server Operations Room,Restricted Area,2026-01-23 08:00:00,20,4,16,20.0,LOW,0
F001,Smart Campus,B001,Building A,BLK-A1,Block A1,SP-001,Open Workspace A1,Workspace,2026-01-23 09:00:00,120,93,27,77.5,HIGH,0
F001,Smart Campus,B001,Building A,BLK-A1,Block A1,SP-002,Conference Room A,Meeting Room,2026-01-23 09:00:00,30,18,12,60.0,OPTIMAL,0
F001,Smart Campus,B001,Building A,BLK-A2,Block A2,SP-003,Training Hall A,Training Room,2026-01-23 09:00:00,80,22,58,27.5,LOW,0
F001,Smart Campus,B002,Building B,BLK-B1,Block B1,SP-004,Open Workspace B1,Workspace,2026-01-23 09:00:00,150,119,31,79.33,HIGH,0
F001,Smart Campus,B002,Building B,BLK-B1,Block B1,SP-005,Meeting Room B,Meeting Room,2026-01-23 09:00:00,25,16,9,64.0,OPTIMAL,0
F001,Smart Campus,B002,Building B,BLK-B2,Block B2,SP-006,Cafeteria B,Cafeteria,2026-01-23 09:00:00,180,63,117,35.0,LOW,0
F001,Smart Campus,B003,Building C,BLK-C1,Block C1,SP-007,Open Workspace C1,Workspace,2026-01-23 09:00:00,100,87,13,87.0,HIGH,0
F001,Smart Campus,B003,Building C,BLK-C1,Block C1,SP-008,Server Operations Room,Restricted Area,2026-01-23 09:00:00,20,2,18,10.0,UNDERUSED,0
F001,Smart Campus,B001,Building A,BLK-A1,Block A1,SP-001,Open Workspace A1,Workspace,2026-01-23 10:00:00,120,90,30,75.0,HIGH,0
F001,Smart Campus,B001,Building A,BLK-A1,Block A1,SP-002,Conference Room A,Meeting Room,2026-01-23 10:00:00,30,14,16,46.67,OPTIMAL,0
F001,Smart Campus,B001,Building A,BLK-A2,Block A2,SP-003,Training Hall A,Training Room,2026-01-23 10:00:00,80,25,55,31.25,LOW,0
F001,Smart Campus,B002,Building B,BLK-B1,Block B1,SP-004,Open Workspace B1,Workspace,2026-01-23 10:00:00,150,106,44,70.67,OPTIMAL,0
F001,Smart Campus,B002,Building B,BLK-B1,Block B1,SP-005,Meeting Room B,Meeting Room,2026-01-23 10:00:00,25,19,6,76.0,HIGH,0
F001,Smart Campus,B002,Building B,BLK-B2,Block B2,SP-006,Cafeteria B,Cafeteria,2026-01-23 10:00:00,180,14,166,7.78,UNDERUSED,0
F001,Smart Campus,B003,Building C,BLK-C1,Block C1,SP-007,Open Workspace C1,Workspace,2026-01-23 10:00:00,100,78,22,78.0,HIGH,0
F001,Smart Campus,B003,Building C,BLK-C1,Block C1,SP-008,Server Operations Room,Restricted Area,2026-01-23 10:00:00,20,2,18,10.0,UNDERUSED,0
F001,Smart Campus,B001,Building A,BLK-A1,Block A1,SP-001,Open Workspace A1,Workspace,2026-01-23 11:00:00,120,95,25,79.17,HIGH,0
F001,Smart Campus,B001,Building A,BLK-A1,Block A1,SP-002,Conference Room A,Meeting Room,2026-01-23 11:00:00,30,7,23,23.33,LOW,0
F001,Smart Campus,B001,Building A,BLK-A2,Block A2,SP-003,Training Hall A,Training Room,2026-01-23 11:00:00,80,18,62,22.5,LOW,0
F001,Smart Campus,B002,Building B,BLK-B1,Block B1,SP-004,Open Workspace B1,Workspace,2026-01-23 11:00:00,150,131,19,87.33,HIGH,0
F001,Smart Campus,B002,Building B,BLK-B1,Block B1,SP-005,Meeting Room B,Meeting Room,2026-01-23 11:00:00,25,9,16,36.0,LOW,0
F001,Smart Campus,B002,Building B,BLK-B2,Block B2,SP-006,Cafeteria B,Cafeteria,2026-01-23 11:00:00,180,19,161,10.56,UNDERUSED,0
F001,Smart Campus,B003,Building C,BLK-C1,Block C1,SP-007,Open Workspace C1,Workspace,2026-01-23 11:00:00,100,86,14,86.0,HIGH,0
F001,Smart Campus,B003,Building C,BLK-C1,Block C1,SP-008,Server Operations Room,Restricted Area,2026-01-23 11:00:00,20,1,19,5.0,UNDERUSED,0
F001,Smart Campus,B001,Building A,BLK-A1,Block A1,SP-001,Open Workspace A1,Workspace,2026-01-23 12:00:00,120,60,60,50.0,OPTIMAL,0
F001,Smart Campus,B001,Building A,BLK-A1,Block A1,SP-002,Conference Room A,Meeting Room,2026-01-23 12:00:00,30,8,22,26.67,LOW,0
F001,Smart Campus,B001,Building A,BLK-A2,Block A2,SP-003,Training Hall A,Training Room,2026-01-23 12:00:00,80,42,38,52.5,OPTIMAL,0
F001,Smart Campus,B002,Building B,BLK-B1,Block B1,SP-004,Open Workspace B1,Workspace,2026-01-23 12:00:00,150,68,82,45.33,OPTIMAL,0
F001,Smart Campus,B002,Building B,BLK-B1,Block B1,SP-005,Meeting Room B,Meeting Room,2026-01-23 12:00:00,25,10,15,40.0,OPTIMAL,0
F001,Smart Campus,B002,Building B,BLK-B2,Block B2,SP-006,Cafeteria B,Cafeteria,2026-01-23 12:00:00,180,163,17,90.56,HIGH,0
F001,Smart Campus,B003,Building C,BLK-C1,Block C1,SP-007,Open Workspace C1,Workspace,2026-01-23 12:00:00,100,40,60,40.0,OPTIMAL,0
F001,Smart Campus,B003,Building C,BLK-C1,Block C1,SP-008,Server Operations Room,Restricted Area,2026-01-23 12:00:00,20,2,18,10.0,UNDERUSED,0
F001,Smart Campus,B001,Building A,BLK-A1,Block A1,SP-001,Open Workspace A1,Workspace,2026-01-23 13:00:00,120,58,62,48.33,OPTIMAL,0
F001,Smart Campus,B001,Building A,BLK-A1,Block A1,SP-002,Conference Room A,Meeting Room,2026-01-23 13:00:00,30,21,9,70.0,OPTIMAL,0
F001,Smart Campus,B001,Building A,BLK-A2,Block A2,SP-003,Training Hall A,Training Room,2026-01-23 13:00:00,80,21,59,26.25,LOW,0
F001,Smart Campus,B002,Building B,BLK-B1,Block B1,SP-004,Open Workspace B1,Workspace,2026-01-23 13:00:00,150,67,83,44.67,OPTIMAL,0
F001,Smart Campus,B002,Building B,BLK-B1,Block B1,SP-005,Meeting Room B,Meeting Room,2026-01-23 13:00:00,25,19,6,76.0,HIGH,0
F001,Smart Campus,B002,Building B,BLK-B2,Block B2,SP-006,Cafeteria B,Cafeteria,2026-01-23 13:00:00,180,151,29,83.89,HIGH,0
F001,Smart Campus,B003,Building C,BLK-C1,Block C1,SP-007,Open Workspace C1,Workspace,2026-01-23 13:00:00,100,41,59,41.0,OPTIMAL,0
F001,Smart Campus,B003,Building C,BLK-C1,Block C1,SP-008,Server Operations Room,Restricted Area,2026-01-23 13:00:00,20,4,16,20.0,LOW,0
F001,Smart Campus,B001,Building A,BLK-A1,Block A1,SP-001,Open Workspace A1,Workspace,2026-01-23 14:00:00,120,97,23,80.83,HIGH,0
F001,Smart Campus,B001,Building A,BLK-A1,Block A1,SP-002,Conference Room A,Meeting Room,2026-01-23 14:00:00,30,11,19,36.67,LOW,0
F001,Smart Campus,B001,Building A,BLK-A2,Block A2,SP-003,Training Hall A,Training Room,2026-01-23 14:00:00,80,34,46,42.5,OPTIMAL,0
F001,Smart Campus,B002,Building B,BLK-B1,Block B1,SP-004,Open Workspace B1,Workspace,2026-01-23 14:00:00,150,94,56,62.67,OPTIMAL,0
F001,Smart Campus,B002,Building B,BLK-B1,Block B1,SP-005,Meeting Room B,Meeting Room,2026-01-23 14:00:00,25,8,17,32.0,LOW,0
F001,Smart Campus,B002,Building B,BLK-B2,Block B2,SP-006,Cafeteria B,Cafeteria,2026-01-23 14:00:00,180,134,46,74.44,OPTIMAL,0
F001,Smart Campus,B003,Building C,BLK-C1,Block C1,SP-007,Open Workspace C1,Workspace,2026-01-23 14:00:00,100,80,20,80.0,HIGH,0
F001,Smart Campus,B003,Building C,BLK-C1,Block C1,SP-008,Server Operations Room,Restricted Area,2026-01-23 14:00:00,20,1,19,5.0,UNDERUSED,0
F001,Smart Campus,B001,Building A,BLK-A1,Block A1,SP-001,Open Workspace A1,Workspace,2026-01-23 15:00:00,120,78,42,65.0,OPTIMAL,0
F001,Smart Campus,B001,Building A,BLK-A1,Block A1,SP-002,Conference Room A,Meeting Room,2026-01-23 15:00:00,30,18,12,60.0,OPTIMAL,0
F001,Smart Campus,B001,Building A,BLK-A2,Block A2,SP-003,Training Hall A,Training Room,2026-01-23 15:00:00,80,19,61,23.75,LOW,0
F001,Smart Campus,B002,Building B,BLK-B1,Block B1,SP-004,Open Workspace B1,Workspace,2026-01-23 15:00:00,150,128,22,85.33,HIGH,0
F001,Smart Campus,B002,Building B,BLK-B1,Block B1,SP-005,Meeting Room B,Meeting Room,2026-01-23 15:00:00,25,7,18,28.0,LOW,0
F001,Smart Campus,B002,Building B,BLK-B2,Block B2,SP-006,Cafeteria B,Cafeteria,2026-01-23 15:00:00,180,21,159,11.67,UNDERUSED,0
F001,Smart Campus,B003,Building C,BLK-C1,Block C1,SP-007,Open Workspace C1,Workspace,2026-01-23 15:00:00,100,77,23,77.0,HIGH,0
F001,Smart Campus,B003,Building C,BLK-C1,Block C1,SP-008,Server Operations Room,Restricted Area,2026-01-23 15:00:00,20,1,19,5.0,UNDERUSED,0
F001,Smart Campus,B001,Building A,BLK-A1,Block A1,SP-001,Open Workspace A1,Workspace,2026-01-23 16:00:00,120,98,22,81.67,HIGH,0
F001,Smart Campus,B001,Building A,BLK-A1,Block A1,SP-002,Conference Room A,Meeting Room,2026-01-23 16:00:00,30,7,23,23.33,LOW,0
F001,Smart Campus,B001,Building A,BLK-A2,Block A2,SP-003,Training Hall A,Training Room,2026-01-23 16:00:00,80,20,60,25.0,LOW,0
F001,Smart Campus,B002,Building B,BLK-B1,Block B1,SP-004,Open Workspace B1,Workspace,2026-01-23 16:00:00,150,179,0,119.33,OVERCROWDED,1
F001,Smart Campus,B002,Building B,BLK-B1,Block B1,SP-005,Meeting Room B,Meeting Room,2026-01-23 16:00:00,25,21,4,84.0,HIGH,0
F001,Smart Campus,B002,Building B,BLK-B2,Block B2,SP-006,Cafeteria B,Cafeteria,2026-01-23 16:00:00,180,78,102,43.33,OPTIMAL,0
F001,Smart Campus,B003,Building C,BLK-C1,Block C1,SP-007,Open Workspace C1,Workspace,2026-01-23 16:00:00,100,80,20,80.0,HIGH,0
F001,Smart Campus,B003,Building C,BLK-C1,Block C1,SP-008,Server Operations Room,Restricted Area,2026-01-23 16:00:00,20,4,16,20.0,LOW,0
F001,Smart Campus,B001,Building A,BLK-A1,Block A1,SP-001,Open Workspace A1,Workspace,2026-01-23 17:00:00,120,87,33,72.5,OPTIMAL,0
F001,Smart Campus,B001,Building A,BLK-A1,Block A1,SP-002,Conference Room A,Meeting Room,2026-01-23 17:00:00,30,12,18,40.0,OPTIMAL,0
F001,Smart Campus,B001,Building A,BLK-A2,Block A2,SP-003,Training Hall A,Training Room,2026-01-23 17:00:00,80,0,80,0.0,UNDERUSED,0
F001,Smart Campus,B002,Building B,BLK-B1,Block B1,SP-004,Open Workspace B1,Workspace,2026-01-23 17:00:00,150,116,34,77.33,HIGH,0
F001,Smart Campus,B002,Building B,BLK-B1,Block B1,SP-005,Meeting Room B,Meeting Room,2026-01-23 17:00:00,25,18,7,72.0,OPTIMAL,0
F001,Smart Campus,B002,Building B,BLK-B2,Block B2,SP-006,Cafeteria B,Cafeteria,2026-01-23 17:00:00,180,58,122,32.22,LOW,0
F001,Smart Campus,B003,Building C,BLK-C1,Block C1,SP-007,Open Workspace C1,Workspace,2026-01-23 17:00:00,100,83,17,83.0,HIGH,0
F001,Smart Campus,B003,Building C,BLK-C1,Block C1,SP-008,Server Operations Room,Restricted Area,2026-01-23 17:00:00,20,6,14,30.0,LOW,0
F001,Smart Campus,B001,Building A,BLK-A1,Block A1,SP-001,Open Workspace A1,Workspace,2026-01-23 18:00:00,120,31,89,25.83,LOW,0
F001,Smart Campus,B001,Building A,BLK-A1,Block A1,SP-002,Conference Room A,Meeting Room,2026-01-23 18:00:00,30,2,28,6.67,UNDERUSED,0
F001,Smart Campus,B001,Building A,BLK-A2,Block A2,SP-003,Training Hall A,Training Room,2026-01-23 18:00:00,80,6,74,7.5,UNDERUSED,0
F001,Smart Campus,B002,Building B,BLK-B1,Block B1,SP-004,Open Workspace B1,Workspace,2026-01-23 18:00:00,150,56,94,37.33,LOW,0
F001,Smart Campus,B002,Building B,BLK-B1,Block B1,SP-005,Meeting Room B,Meeting Room,2026-01-23 18:00:00,25,0,25,0.0,UNDERUSED,0
F001,Smart Campus,B002,Building B,BLK-B2,Block B2,SP-006,Cafeteria B,Cafeteria,2026-01-23 18:00:00,180,6,174,3.33,UNDERUSED,0
F001,Smart Campus,B003,Building C,BLK-C1,Block C1,SP-007,Open Workspace C1,Workspace,2026-01-23 18:00:00,100,39,61,39.0,LOW,0
F001,Smart Campus,B003,Building C,BLK-C1,Block C1,SP-008,Server Operations Room,Restricted Area,2026-01-23 18:00:00,20,5,15,25.0,LOW,0
F001,Smart Campus,B001,Building A,BLK-A1,Block A1,SP-001,Open Workspace A1,Workspace,2026-01-23 19:00:00,120,46,74,38.33,LOW,0
F001,Smart Campus,B001,Building A,BLK-A1,Block A1,SP-002,Conference Room A,Meeting Room,2026-01-23 19:00:00,30,3,27,10.0,UNDERUSED,0
F001,Smart Campus,B001,Building A,BLK-A2,Block A2,SP-003,Training Hall A,Training Room,2026-01-23 19:00:00,80,1,79,1.25,UNDERUSED,0
F001,Smart Campus,B002,Building B,BLK-B1,Block B1,SP-004,Open Workspace B1,Workspace,2026-01-23 19:00:00,150,45,105,30.0,LOW,0
F001,Smart Campus,B002,Building B,BLK-B1,Block B1,SP-005,Meeting Room B,Meeting Room,2026-01-23 19:00:00,25,0,25,0.0,UNDERUSED,0
F001,Smart Campus,B002,Building B,BLK-B2,Block B2,SP-006,Cafeteria B,Cafeteria,2026-01-23 19:00:00,180,11,169,6.11,UNDERUSED,0
F001,Smart Campus,B003,Building C,BLK-C1,Block C1,SP-007,Open Workspace C1,Workspace,2026-01-23 19:00:00,100,24,76,24.0,LOW,0
F001,Smart Campus,B003,Building C,BLK-C1,Block C1,SP-008,Server Operations Room,Restricted Area,2026-01-23 19:00:00,20,6,14,30.0,LOW,0
F001,Smart Campus,B001,Building A,BLK-A1,Block A1,SP-001,Open Workspace A1,Workspace,2026-01-23 20:00:00,120,46,74,38.33,LOW,0
F001,Smart Campus,B001,Building A,BLK-A1,Block A1,SP-002,Conference Room A,Meeting Room,2026-01-23 20:00:00,30,2,28,6.67,UNDERUSED,0
F001,Smart Campus,B001,Building A,BLK-A2,Block A2,SP-003,Training Hall A,Training Room,2026-01-23 20:00:00,80,0,80,0.0,UNDERUSED,0
F001,Smart Campus,B002,Building B,BLK-B1,Block B1,SP-004,Open Workspace B1,Workspace,2026-01-23 20:00:00,150,28,122,18.67,LOW,0
F001,Smart Campus,B002,Building B,BLK-B1,Block B1,SP-005,Meeting Room B,Meeting Room,2026-01-23 20:00:00,25,1,24,4.0,UNDERUSED,0
F001,Smart Campus,B002,Building B,BLK-B2,Block B2,SP-006,Cafeteria B,Cafeteria,2026-01-23 20:00:00,180,20,160,11.11,UNDERUSED,0
F001,Smart Campus,B003,Building C,BLK-C1,Block C1,SP-007,Open Workspace C1,Workspace,2026-01-23 20:00:00,100,27,73,27.0,LOW,0
F001,Smart Campus,B003,Building C,BLK-C1,Block C1,SP-008,Server Operations Room,Restricted Area,2026-01-23 20:00:00,20,4,16,20.0,LOW,0
F001,Smart Campus,B001,Building A,BLK-A1,Block A1,SP-001,Open Workspace A1,Workspace,2026-01-23 21:00:00,120,4,116,3.33,UNDERUSED,0
F001,Smart Campus,B001,Building A,BLK-A1,Block A1,SP-002,Conference Room A,Meeting Room,2026-01-23 21:00:00,30,3,27,10.0,UNDERUSED,0
F001,Smart Campus,B001,Building A,BLK-A2,Block A2,SP-003,Training Hall A,Training Room,2026-01-23 21:00:00,80,2,78,2.5,UNDERUSED,0
F001,Smart Campus,B002,Building B,BLK-B1,Block B1,SP-004,Open Workspace B1,Workspace,2026-01-23 21:00:00,150,7,143,4.67,UNDERUSED,0
F001,Smart Campus,B002,Building B,BLK-B1,Block B1,SP-005,Meeting Room B,Meeting Room,2026-01-23 21:00:00,25,1,24,4.0,UNDERUSED,0
F001,Smart Campus,B002,Building B,BLK-B2,Block B2,SP-006,Cafeteria B,Cafeteria,2026-01-23 21:00:00,180,11,169,6.11,UNDERUSED,0
F001,Smart Campus,B003,Building C,BLK-C1,Block C1,SP-007,Open Workspace C1,Workspace,2026-01-23 21:00:00,100,7,93,7.0,UNDERUSED,0
F001,Smart Campus,B003,Building C,BLK-C1,Block C1,SP-008,Server Operations Room,Restricted Area,2026-01-23 21:00:00,20,4,16,20.0,LOW,0
F001,Smart Campus,B001,Building A,BLK-A1,Block A1,SP-001,Open Workspace A1,Workspace,2026-01-23 22:00:00,120,7,113,5.83,UNDERUSED,0
F001,Smart Campus,B001,Building A,BLK-A1,Block A1,SP-002,Conference Room A,Meeting Room,2026-01-23 22:00:00,30,2,28,6.67,UNDERUSED,0
F001,Smart Campus,B001,Building A,BLK-A2,Block A2,SP-003,Training Hall A,Training Room,2026-01-23 22:00:00,80,4,76,5.0,UNDERUSED,0
F001,Smart Campus,B002,Building B,BLK-B1,Block B1,SP-004,Open Workspace B1,Workspace,2026-01-23 22:00:00,150,9,141,6.0,UNDERUSED,0
F001,Smart Campus,B002,Building B,BLK-B1,Block B1,SP-005,Meeting Room B,Meeting Room,2026-01-23 22:00:00,25,2,23,8.0,UNDERUSED,0
F001,Smart Campus,B002,Building B,BLK-B2,Block B2,SP-006,Cafeteria B,Cafeteria,2026-01-23 22:00:00,180,215,0,119.44,OVERCROWDED,1
F001,Smart Campus,B003,Building C,BLK-C1,Block C1,SP-007,Open Workspace C1,Workspace,2026-01-23 22:00:00,100,1,99,1.0,UNDERUSED,0
F001,Smart Campus,B003,Building C,BLK-C1,Block C1,SP-008,Server Operations Room,Restricted Area,2026-01-23 22:00:00,20,7,13,35.0,LOW,0
F001,Smart Campus,B001,Building A,BLK-A1,Block A1,SP-001,Open Workspace A1,Workspace,2026-01-23 23:00:00,120,2,118,1.67,UNDERUSED,0
F001,Smart Campus,B001,Building A,BLK-A1,Block A1,SP-002,Conference Room A,Meeting Room,2026-01-23 23:00:00,30,3,27,10.0,UNDERUSED,0
F001,Smart Campus,B001,Building A,BLK-A2,Block A2,SP-003,Training Hall A,Training Room,2026-01-23 23:00:00,80,5,75,6.25,UNDERUSED,0
F001,Smart Campus,B002,Building B,BLK-B1,Block B1,SP-004,Open Workspace B1,Workspace,2026-01-23 23:00:00,150,3,147,2.0,UNDERUSED,0
F001,Smart Campus,B002,Building B,BLK-B1,Block B1,SP-005,Meeting Room B,Meeting Room,2026-01-23 23:00:00,25,2,23,8.0,UNDERUSED,0
F001,Smart Campus,B002,Building B,BLK-B2,Block B2,SP-006,Cafeteria B,Cafeteria,2026-01-23 23:00:00,180,9,171,5.0,UNDERUSED,0
F001,Smart Campus,B003,Building C,BLK-C1,Block C1,SP-007,Open Workspace C1,Workspace,2026-01-23 23:00:00,100,2,98,2.0,UNDERUSED,0
F001,Smart Campus,B003,Building C,BLK-C1,Block C1,SP-008,Server Operations Room,Restricted Area,2026-01-23 23:00:00,20,7,13,35.0,LOW,0
F001,Smart Campus,B001,Building A,BLK-A1,Block A1,SP-001,Open Workspace A1,Workspace,2026-01-24 00:00:00,120,5,115,4.17,UNDERUSED,0
F001,Smart Campus,B001,Building A,BLK-A1,Block A1,SP-002,Conference Room A,Meeting Room,2026-01-24 00:00:00,30,3,27,10.0,UNDERUSED,0
F001,Smart Campus,B001,Building A,BLK-A2,Block A2,SP-003,Training Hall A,Training Room,2026-01-24 00:00:00,80,4,76,5.0,UNDERUSED,0
F001,Smart Campus,B002,Building B,BLK-B1,Block B1,SP-004,Open Workspace B1,Workspace,2026-01-24 00:00:00,150,2,148,1.33,UNDERUSED,0
F001,Smart Campus,B002,Building B,BLK-B1,Block B1,SP-005,Meeting Room B,Meeting Room,2026-01-24 00:00:00,25,2,23,8.0,UNDERUSED,0
F001,Smart Campus,B002,Building B,BLK-B2,Block B2,SP-006,Cafeteria B,Cafeteria,2026-01-24 00:00:00,180,12,168,6.67,UNDERUSED,0
F001,Smart Campus,B003,Building C,BLK-C1,Block C1,SP-007,Open Workspace C1,Workspace,2026-01-24 00:00:00,100,2,98,2.0,UNDERUSED,0
F001,Smart Campus,B003,Building C,BLK-C1,Block C1,SP-008,Server Operations Room,Restricted Area,2026-01-24 00:00:00,20,6,14,30.0,LOW,0
F001,Smart Campus,B001,Building A,BLK-A1,Block A1,SP-001,Open Workspace A1,Workspace,2026-01-24 01:00:00,120,3,117,2.5,UNDERUSED,0
F001,Smart Campus,B001,Building A,BLK-A1,Block A1,SP-002,Conference Room A,Meeting Room,2026-01-24 01:00:00,30,2,28,6.67,UNDERUSED,0
F001,Smart Campus,B001,Building A,BLK-A2,Block A2,SP-003,Training Hall A,Training Room,2026-01-24 01:00:00,80,2,78,2.5,UNDERUSED,0
F001,Smart Campus,B002,Building B,BLK-B1,Block B1,SP-004,Open Workspace B1,Workspace,2026-01-24 01:00:00,150,6,144,4.0,UNDERUSED,0
F001,Smart Campus,B002,Building B,BLK-B1,Block B1,SP-005,Meeting Room B,Meeting Room,2026-01-24 01:00:00,25,2,23,8.0,UNDERUSED,0
F001,Smart Campus,B002,Building B,BLK-B2,Block B2,SP-006,Cafeteria B,Cafeteria,2026-01-24 01:00:00,180,7,173,3.89,UNDERUSED,0
F001,Smart Campus,B003,Building C,BLK-C1,Block C1,SP-007,Open Workspace C1,Workspace,2026-01-24 01:00:00,100,1,99,1.0,UNDERUSED,0
F001,Smart Campus,B003,Building C,BLK-C1,Block C1,SP-008,Server Operations Room,Restricted Area,2026-01-24 01:00:00,20,23,0,115.0,OVERCROWDED,1
F001,Smart Campus,B001,Building A,BLK-A1,Block A1,SP-001,Open Workspace A1,Workspace,2026-01-24 02:00:00,120,9,111,7.5,UNDERUSED,0
F001,Smart Campus,B001,Building A,BLK-A1,Block A1,SP-002,Conference Room A,Meeting Room,2026-01-24 02:00:00,30,2,28,6.67,UNDERUSED,0
F001,Smart Campus,B001,Building A,BLK-A2,Block A2,SP-003,Training Hall A,Training Room,2026-01-24 02:00:00,80,6,74,7.5,UNDERUSED,0
F001,Smart Campus,B002,Building B,BLK-B1,Block B1,SP-004,Open Workspace B1,Workspace,2026-01-24 02:00:00,150,11,139,7.33,UNDERUSED,0
F001,Smart Campus,B002,Building B,BLK-B1,Block B1,SP-005,Meeting Room B,Meeting Room,2026-01-24 02:00:00,25,0,25,0.0,UNDERUSED,0
F001,Smart Campus,B002,Building B,BLK-B2,Block B2,SP-006,Cafeteria B,Cafeteria,2026-01-24 02:00:00,180,16,164,8.89,UNDERUSED,0
F001,Smart Campus,B003,Building C,BLK-C1,Block C1,SP-007,Open Workspace C1,Workspace,2026-01-24 02:00:00,100,2,98,2.0,UNDERUSED,0
F001,Smart Campus,B003,Building C,BLK-C1,Block C1,SP-008,Server Operations Room,Restricted Area,2026-01-24 02:00:00,20,5,15,25.0,LOW,0
F001,Smart Campus,B001,Building A,BLK-A1,Block A1,SP-001,Open Workspace A1,Workspace,2026-01-24 03:00:00,120,3,117,2.5,UNDERUSED,0
F001,Smart Campus,B001,Building A,BLK-A1,Block A1,SP-002,Conference Room A,Meeting Room,2026-01-24 03:00:00,30,2,28,6.67,UNDERUSED,0
F001,Smart Campus,B001,Building A,BLK-A2,Block A2,SP-003,Training Hall A,Training Room,2026-01-24 03:00:00,80,5,75,6.25,UNDERUSED,0
F001,Smart Campus,B002,Building B,BLK-B1,Block B1,SP-004,Open Workspace B1,Workspace,2026-01-24 03:00:00,150,6,144,4.0,UNDERUSED,0
F001,Smart Campus,B002,Building B,BLK-B1,Block B1,SP-005,Meeting Room B,Meeting Room,2026-01-24 03:00:00,25,2,23,8.0,UNDERUSED,0
F001,Smart Campus,B002,Building B,BLK-B2,Block B2,SP-006,Cafeteria B,Cafeteria,2026-01-24 03:00:00,180,22,158,12.22,UNDERUSED,0
F001,Smart Campus,B003,Building C,BLK-C1,Block C1,SP-007,Open Workspace C1,Workspace,2026-01-24 03:00:00,100,3,97,3.0,UNDERUSED,0
F001,Smart Campus,B003,Building C,BLK-C1,Block C1,SP-008,Server Operations Room,Restricted Area,2026-01-24 03:00:00,20,1,19,5.0,UNDERUSED,0
F001,Smart Campus,B001,Building A,BLK-A1,Block A1,SP-001,Open Workspace A1,Workspace,2026-01-24 04:00:00,120,10,110,8.33,UNDERUSED,0
F001,Smart Campus,B001,Building A,BLK-A1,Block A1,SP-002,Conference Room A,Meeting Room,2026-01-24 04:00:00,30,1,29,3.33,UNDERUSED,0
F001,Smart Campus,B001,Building A,BLK-A2,Block A2,SP-003,Training Hall A,Training Room,2026-01-24 04:00:00,80,0,80,0.0,UNDERUSED,0
F001,Smart Campus,B002,Building B,BLK-B1,Block B1,SP-004,Open Workspace B1,Workspace,2026-01-24 04:00:00,150,12,138,8.0,UNDERUSED,0
F001,Smart Campus,B002,Building B,BLK-B1,Block B1,SP-005,Meeting Room B,Meeting Room,2026-01-24 04:00:00,25,1,24,4.0,UNDERUSED,0
F001,Smart Campus,B002,Building B,BLK-B2,Block B2,SP-006,Cafeteria B,Cafeteria,2026-01-24 04:00:00,180,4,176,2.22,UNDERUSED,0
F001,Smart Campus,B003,Building C,BLK-C1,Block C1,SP-007,Open Workspace C1,Workspace,2026-01-24 04:00:00,100,10,90,10.0,UNDERUSED,0
F001,Smart Campus,B003,Building C,BLK-C1,Block C1,SP-008,Server Operations Room,Restricted Area,2026-01-24 04:00:00,20,4,16,20.0,LOW,0
F001,Smart Campus,B001,Building A,BLK-A1,Block A1,SP-001,Open Workspace A1,Workspace,2026-01-24 05:00:00,120,2,118,1.67,UNDERUSED,0
F001,Smart Campus,B001,Building A,BLK-A1,Block A1,SP-002,Conference Room A,Meeting Room,2026-01-24 05:00:00,30,32,0,106.67,OVERCROWDED,1
F001,Smart Campus,B001,Building A,BLK-A2,Block A2,SP-003,Training Hall A,Training Room,2026-01-24 05:00:00,80,2,78,2.5,UNDERUSED,0
F001,Smart Campus,B002,Building B,BLK-B1,Block B1,SP-004,Open Workspace B1,Workspace,2026-01-24 05:00:00,150,4,146,2.67,UNDERUSED,0
F001,Smart Campus,B002,Building B,BLK-B1,Block B1,SP-005,Meeting Room B,Meeting Room,2026-01-24 05:00:00,25,2,23,8.0,UNDERUSED,0
F001,Smart Campus,B002,Building B,BLK-B2,Block B2,SP-006,Cafeteria B,Cafeteria,2026-01-24 05:00:00,180,20,160,11.11,UNDERUSED,0
F001,Smart Campus,B003,Building C,BLK-C1,Block C1,SP-007,Open Workspace C1,Workspace,2026-01-24 05:00:00,100,5,95,5.0,UNDERUSED,0
F001,Smart Campus,B003,Building C,BLK-C1,Block C1,SP-008,Server Operations Room,Restricted Area,2026-01-24 05:00:00,20,2,18,10.0,UNDERUSED,0
F001,Smart Campus,B001,Building A,BLK-A1,Block A1,SP-001,Open Workspace A1,Workspace,2026-01-24 06:00:00,120,3,117,2.5,UNDERUSED,0
F001,Smart Campus,B001,Building A,BLK-A1,Block A1,SP-002,Conference Room A,Meeting Room,2026-01-24 06:00:00,30,1,29,3.33,UNDERUSED,0
F001,Smart Campus,B001,Building A,BLK-A2,Block A2,SP-003,Training Hall A,Training Room,2026-01-24 06:00:00,80,5,75,6.25,UNDERUSED,0
F001,Smart Campus,B002,Building B,BLK-B1,Block B1,SP-004,Open Workspace B1,Workspace,2026-01-24 06:00:00,150,4,146,2.67,UNDERUSED,0
F001,Smart Campus,B002,Building B,BLK-B1,Block B1,SP-005,Meeting Room B,Meeting Room,2026-01-24 06:00:00,25,2,23,8.0,UNDERUSED,0
F001,Smart Campus,B002,Building B,BLK-B2,Block B2,SP-006,Cafeteria B,Cafeteria,2026-01-24 06:00:00,180,20,160,11.11,UNDERUSED,0
F001,Smart Campus,B003,Building C,BLK-C1,Block C1,SP-007,Open Workspace C1,Workspace,2026-01-24 06:00:00,100,8,92,8.0,UNDERUSED,0
F001,Smart Campus,B003,Building C,BLK-C1,Block C1,SP-008,Server Operations Room,Restricted Area,2026-01-24 06:00:00,20,6,14,30.0,LOW,0
F001,Smart Campus,B001,Building A,BLK-A1,Block A1,SP-001,Open Workspace A1,Workspace,2026-01-24 07:00:00,120,12,108,10.0,UNDERUSED,0
F001,Smart Campus,B001,Building A,BLK-A1,Block A1,SP-002,Conference Room A,Meeting Room,2026-01-24 07:00:00,30,2,28,6.67,UNDERUSED,0
F001,Smart Campus,B001,Building A,BLK-A2,Block A2,SP-003,Training Hall A,Training Room,2026-01-24 07:00:00,80,6,74,7.5,UNDERUSED,0
F001,Smart Campus,B002,Building B,BLK-B1,Block B1,SP-004,Open Workspace B1,Workspace,2026-01-24 07:00:00,150,12,138,8.0,UNDERUSED,0
F001,Smart Campus,B002,Building B,BLK-B1,Block B1,SP-005,Meeting Room B,Meeting Room,2026-01-24 07:00:00,25,1,24,4.0,UNDERUSED,0
F001,Smart Campus,B002,Building B,BLK-B2,Block B2,SP-006,Cafeteria B,Cafeteria,2026-01-24 07:00:00,180,14,166,7.78,UNDERUSED,0
F001,Smart Campus,B003,Building C,BLK-C1,Block C1,SP-007,Open Workspace C1,Workspace,2026-01-24 07:00:00,100,8,92,8.0,UNDERUSED,0
F001,Smart Campus,B003,Building C,BLK-C1,Block C1,SP-008,Server Operations Room,Restricted Area,2026-01-24 07:00:00,20,2,18,10.0,UNDERUSED,0
F001,Smart Campus,B001,Building A,BLK-A1,Block A1,SP-001,Open Workspace A1,Workspace,2026-01-24 08:00:00,120,2,118,1.67,UNDERUSED,0
F001,Smart Campus,B001,Building A,BLK-A1,Block A1,SP-002,Conference Room A,Meeting Room,2026-01-24 08:00:00,30,2,28,6.67,UNDERUSED,0
F001,Smart Campus,B001,Building A,BLK-A2,Block A2,SP-003,Training Hall A,Training Room,2026-01-24 08:00:00,80,5,75,6.25,UNDERUSED,0
F001,Smart Campus,B002,Building B,BLK-B1,Block B1,SP-004,Open Workspace B1,Workspace,2026-01-24 08:00:00,150,13,137,8.67,UNDERUSED,0
F001,Smart Campus,B002,Building B,BLK-B1,Block B1,SP-005,Meeting Room B,Meeting Room,2026-01-24 08:00:00,25,2,23,8.0,UNDERUSED,0
F001,Smart Campus,B002,Building B,BLK-B2,Block B2,SP-006,Cafeteria B,Cafeteria,2026-01-24 08:00:00,180,49,131,27.22,LOW,0
F001,Smart Campus,B003,Building C,BLK-C1,Block C1,SP-007,Open Workspace C1,Workspace,2026-01-24 08:00:00,100,4,96,4.0,UNDERUSED,0
F001,Smart Campus,B003,Building C,BLK-C1,Block C1,SP-008,Server Operations Room,Restricted Area,2026-01-24 08:00:00,20,2,18,10.0,UNDERUSED,0
F001,Smart Campus,B001,Building A,BLK-A1,Block A1,SP-001,Open Workspace A1,Workspace,2026-01-24 09:00:00,120,89,31,74.17,OPTIMAL,0
F001,Smart Campus,B001,Building A,BLK-A1,Block A1,SP-002,Conference Room A,Meeting Room,2026-01-24 09:00:00,30,9,21,30.0,LOW,0
F001,Smart Campus,B001,Building A,BLK-A2,Block A2,SP-003,Training Hall A,Training Room,2026-01-24 09:00:00,80,28,52,35.0,LOW,0
F001,Smart Campus,B002,Building B,BLK-B1,Block B1,SP-004,Open Workspace B1,Workspace,2026-01-24 09:00:00,150,107,43,71.33,OPTIMAL,0
F001,Smart Campus,B002,Building B,BLK-B1,Block B1,SP-005,Meeting Room B,Meeting Room,2026-01-24 09:00:00,25,16,9,64.0,OPTIMAL,0
F001,Smart Campus,B002,Building B,BLK-B2,Block B2,SP-006,Cafeteria B,Cafeteria,2026-01-24 09:00:00,180,51,129,28.33,LOW,0
F001,Smart Campus,B003,Building C,BLK-C1,Block C1,SP-007,Open Workspace C1,Workspace,2026-01-24 09:00:00,100,66,34,66.0,OPTIMAL,0
F001,Smart Campus,B003,Building C,BLK-C1,Block C1,SP-008,Server Operations Room,Restricted Area,2026-01-24 09:00:00,20,3,17,15.0,LOW,0
F001,Smart Campus,B001,Building A,BLK-A1,Block A1,SP-001,Open Workspace A1,Workspace,2026-01-24 10:00:00,120,106,14,88.33,HIGH,0
F001,Smart Campus,B001,Building A,BLK-A1,Block A1,SP-002,Conference Room A,Meeting Room,2026-01-24 10:00:00,30,13,17,43.33,OPTIMAL,0
F001,Smart Campus,B001,Building A,BLK-A2,Block A2,SP-003,Training Hall A,Training Room,2026-01-24 10:00:00,80,62,18,77.5,HIGH,0
F001,Smart Campus,B002,Building B,BLK-B1,Block B1,SP-004,Open Workspace B1,Workspace,2026-01-24 10:00:00,150,123,27,82.0,HIGH,0
F001,Smart Campus,B002,Building B,BLK-B1,Block B1,SP-005,Meeting Room B,Meeting Room,2026-01-24 10:00:00,25,9,16,36.0,LOW,0
F001,Smart Campus,B002,Building B,BLK-B2,Block B2,SP-006,Cafeteria B,Cafeteria,2026-01-24 10:00:00,180,20,160,11.11,UNDERUSED,0
F001,Smart Campus,B003,Building C,BLK-C1,Block C1,SP-007,Open Workspace C1,Workspace,2026-01-24 10:00:00,100,81,19,81.0,HIGH,0
F001,Smart Campus,B003,Building C,BLK-C1,Block C1,SP-008,Server Operations Room,Restricted Area,2026-01-24 10:00:00,20,2,18,10.0,UNDERUSED,0
F001,Smart Campus,B001,Building A,BLK-A1,Block A1,SP-001,Open Workspace A1,Workspace,2026-01-24 11:00:00,120,78,42,65.0,OPTIMAL,0
F001,Smart Campus,B001,Building A,BLK-A1,Block A1,SP-002,Conference Room A,Meeting Room,2026-01-24 11:00:00,30,12,18,40.0,OPTIMAL,0
F001,Smart Campus,B001,Building A,BLK-A2,Block A2,SP-003,Training Hall A,Training Room,2026-01-24 11:00:00,80,35,45,43.75,OPTIMAL,0
F001,Smart Campus,B002,Building B,BLK-B1,Block B1,SP-004,Open Workspace B1,Workspace,2026-01-24 11:00:00,150,112,38,74.67,OPTIMAL,0
F001,Smart Campus,B002,Building B,BLK-B1,Block B1,SP-005,Meeting Room B,Meeting Room,2026-01-24 11:00:00,25,7,18,28.0,LOW,0
F001,Smart Campus,B002,Building B,BLK-B2,Block B2,SP-006,Cafeteria B,Cafeteria,2026-01-24 11:00:00,180,19,161,10.56,UNDERUSED,0
F001,Smart Campus,B003,Building C,BLK-C1,Block C1,SP-007,Open Workspace C1,Workspace,2026-01-24 11:00:00,100,77,23,77.0,HIGH,0
F001,Smart Campus,B003,Building C,BLK-C1,Block C1,SP-008,Server Operations Room,Restricted Area,2026-01-24 11:00:00,20,5,15,25.0,LOW,0
F001,Smart Campus,B001,Building A,BLK-A1,Block A1,SP-001,Open Workspace A1,Workspace,2026-01-24 12:00:00,120,70,50,58.33,OPTIMAL,0
F001,Smart Campus,B001,Building A,BLK-A1,Block A1,SP-002,Conference Room A,Meeting Room,2026-01-24 12:00:00,30,10,20,33.33,LOW,0
F001,Smart Campus,B001,Building A,BLK-A2,Block A2,SP-003,Training Hall A,Training Room,2026-01-24 12:00:00,80,31,49,38.75,LOW,0
F001,Smart Campus,B002,Building B,BLK-B1,Block B1,SP-004,Open Workspace B1,Workspace,2026-01-24 12:00:00,150,71,79,47.33,OPTIMAL,0
F001,Smart Campus,B002,Building B,BLK-B1,Block B1,SP-005,Meeting Room B,Meeting Room,2026-01-24 12:00:00,25,13,12,52.0,OPTIMAL,0
F001,Smart Campus,B002,Building B,BLK-B2,Block B2,SP-006,Cafeteria B,Cafeteria,2026-01-24 12:00:00,180,128,52,71.11,OPTIMAL,0
F001,Smart Campus,B003,Building C,BLK-C1,Block C1,SP-007,Open Workspace C1,Workspace,2026-01-24 12:00:00,100,47,53,47.0,OPTIMAL,0
F001,Smart Campus,B003,Building C,BLK-C1,Block C1,SP-008,Server Operations Room,Restricted Area,2026-01-24 12:00:00,20,3,17,15.0,LOW,0
F001,Smart Campus,B001,Building A,BLK-A1,Block A1,SP-001,Open Workspace A1,Workspace,2026-01-24 13:00:00,120,60,60,50.0,OPTIMAL,0
F001,Smart Campus,B001,Building A,BLK-A1,Block A1,SP-002,Conference Room A,Meeting Room,2026-01-24 13:00:00,30,24,6,80.0,HIGH,0
F001,Smart Campus,B001,Building A,BLK-A2,Block A2,SP-003,Training Hall A,Training Room,2026-01-24 13:00:00,80,37,43,46.25,OPTIMAL,0
F001,Smart Campus,B002,Building B,BLK-B1,Block B1,SP-004,Open Workspace B1,Workspace,2026-01-24 13:00:00,150,55,95,36.67,LOW,0
F001,Smart Campus,B002,Building B,BLK-B1,Block B1,SP-005,Meeting Room B,Meeting Room,2026-01-24 13:00:00,25,20,5,80.0,HIGH,0
F001,Smart Campus,B002,Building B,BLK-B2,Block B2,SP-006,Cafeteria B,Cafeteria,2026-01-24 13:00:00,180,138,42,76.67,HIGH,0
F001,Smart Campus,B003,Building C,BLK-C1,Block C1,SP-007,Open Workspace C1,Workspace,2026-01-24 13:00:00,100,37,63,37.0,LOW,0
F001,Smart Campus,B003,Building C,BLK-C1,Block C1,SP-008,Server Operations Room,Restricted Area,2026-01-24 13:00:00,20,3,17,15.0,LOW,0
F001,Smart Campus,B001,Building A,BLK-A1,Block A1,SP-001,Open Workspace A1,Workspace,2026-01-24 14:00:00,120,96,24,80.0,HIGH,0
F001,Smart Campus,B001,Building A,BLK-A1,Block A1,SP-002,Conference Room A,Meeting Room,2026-01-24 14:00:00,30,16,14,53.33,OPTIMAL,0
F001,Smart Campus,B001,Building A,BLK-A2,Block A2,SP-003,Training Hall A,Training Room,2026-01-24 14:00:00,80,28,52,35.0,LOW,0
F001,Smart Campus,B002,Building B,BLK-B1,Block B1,SP-004,Open Workspace B1,Workspace,2026-01-24 14:00:00,150,94,56,62.67,OPTIMAL,0
F001,Smart Campus,B002,Building B,BLK-B1,Block B1,SP-005,Meeting Room B,Meeting Room,2026-01-24 14:00:00,25,11,14,44.0,OPTIMAL,0
F001,Smart Campus,B002,Building B,BLK-B2,Block B2,SP-006,Cafeteria B,Cafeteria,2026-01-24 14:00:00,180,133,47,73.89,OPTIMAL,0
F001,Smart Campus,B003,Building C,BLK-C1,Block C1,SP-007,Open Workspace C1,Workspace,2026-01-24 14:00:00,100,72,28,72.0,OPTIMAL,0
F001,Smart Campus,B003,Building C,BLK-C1,Block C1,SP-008,Server Operations Room,Restricted Area,2026-01-24 14:00:00,20,5,15,25.0,LOW,0
F001,Smart Campus,B001,Building A,BLK-A1,Block A1,SP-001,Open Workspace A1,Workspace,2026-01-24 15:00:00,120,95,25,79.17,HIGH,0
F001,Smart Campus,B001,Building A,BLK-A1,Block A1,SP-002,Conference Room A,Meeting Room,2026-01-24 15:00:00,30,20,10,66.67,OPTIMAL,0
F001,Smart Campus,B001,Building A,BLK-A2,Block A2,SP-003,Training Hall A,Training Room,2026-01-24 15:00:00,80,16,64,20.0,LOW,0
F001,Smart Campus,B002,Building B,BLK-B1,Block B1,SP-004,Open Workspace B1,Workspace,2026-01-24 15:00:00,150,115,35,76.67,HIGH,0
F001,Smart Campus,B002,Building B,BLK-B1,Block B1,SP-005,Meeting Room B,Meeting Room,2026-01-24 15:00:00,25,16,9,64.0,OPTIMAL,0
F001,Smart Campus,B002,Building B,BLK-B2,Block B2,SP-006,Cafeteria B,Cafeteria,2026-01-24 15:00:00,180,11,169,6.11,UNDERUSED,0
F001,Smart Campus,B003,Building C,BLK-C1,Block C1,SP-007,Open Workspace C1,Workspace,2026-01-24 15:00:00,100,86,14,86.0,HIGH,0
F001,Smart Campus,B003,Building C,BLK-C1,Block C1,SP-008,Server Operations Room,Restricted Area,2026-01-24 15:00:00,20,5,15,25.0,LOW,0
F001,Smart Campus,B001,Building A,BLK-A1,Block A1,SP-001,Open Workspace A1,Workspace,2026-01-24 16:00:00,120,77,43,64.17,OPTIMAL,0
F001,Smart Campus,B001,Building A,BLK-A1,Block A1,SP-002,Conference Room A,Meeting Room,2026-01-24 16:00:00,30,9,21,30.0,LOW,0
F001,Smart Campus,B001,Building A,BLK-A2,Block A2,SP-003,Training Hall A,Training Room,2026-01-24 16:00:00,80,21,59,26.25,LOW,0
F001,Smart Campus,B002,Building B,BLK-B1,Block B1,SP-004,Open Workspace B1,Workspace,2026-01-24 16:00:00,150,107,43,71.33,OPTIMAL,0
F001,Smart Campus,B002,Building B,BLK-B1,Block B1,SP-005,Meeting Room B,Meeting Room,2026-01-24 16:00:00,25,5,20,20.0,LOW,0
F001,Smart Campus,B002,Building B,BLK-B2,Block B2,SP-006,Cafeteria B,Cafeteria,2026-01-24 16:00:00,180,82,98,45.56,OPTIMAL,0
F001,Smart Campus,B003,Building C,BLK-C1,Block C1,SP-007,Open Workspace C1,Workspace,2026-01-24 16:00:00,100,73,27,73.0,OPTIMAL,0
F001,Smart Campus,B003,Building C,BLK-C1,Block C1,SP-008,Server Operations Room,Restricted Area,2026-01-24 16:00:00,20,2,18,10.0,UNDERUSED,0
F001,Smart Campus,B001,Building A,BLK-A1,Block A1,SP-001,Open Workspace A1,Workspace,2026-01-24 17:00:00,120,105,15,87.5,HIGH,0
F001,Smart Campus,B001,Building A,BLK-A1,Block A1,SP-002,Conference Room A,Meeting Room,2026-01-24 17:00:00,30,17,13,56.67,OPTIMAL,0
F001,Smart Campus,B001,Building A,BLK-A2,Block A2,SP-003,Training Hall A,Training Room,2026-01-24 17:00:00,80,2,78,2.5,UNDERUSED,0
F001,Smart Campus,B002,Building B,BLK-B1,Block B1,SP-004,Open Workspace B1,Workspace,2026-01-24 17:00:00,150,130,20,86.67,HIGH,0
F001,Smart Campus,B002,Building B,BLK-B1,Block B1,SP-005,Meeting Room B,Meeting Room,2026-01-24 17:00:00,25,29,0,116.0,OVERCROWDED,1
F001,Smart Campus,B002,Building B,BLK-B2,Block B2,SP-006,Cafeteria B,Cafeteria,2026-01-24 17:00:00,180,46,134,25.56,LOW,0
F001,Smart Campus,B003,Building C,BLK-C1,Block C1,SP-007,Open Workspace C1,Workspace,2026-01-24 17:00:00,100,74,26,74.0,OPTIMAL,0
F001,Smart Campus,B003,Building C,BLK-C1,Block C1,SP-008,Server Operations Room,Restricted Area,2026-01-24 17:00:00,20,5,15,25.0,LOW,0
F001,Smart Campus,B001,Building A,BLK-A1,Block A1,SP-001,Open Workspace A1,Workspace,2026-01-24 18:00:00,120,32,88,26.67,LOW,0
F001,Smart Campus,B001,Building A,BLK-A1,Block A1,SP-002,Conference Room A,Meeting Room,2026-01-24 18:00:00,30,1,29,3.33,UNDERUSED,0
F001,Smart Campus,B001,Building A,BLK-A2,Block A2,SP-003,Training Hall A,Training Room,2026-01-24 18:00:00,80,3,77,3.75,UNDERUSED,0
F001,Smart Campus,B002,Building B,BLK-B1,Block B1,SP-004,Open Workspace B1,Workspace,2026-01-24 18:00:00,150,27,123,18.0,LOW,0
F001,Smart Campus,B002,Building B,BLK-B1,Block B1,SP-005,Meeting Room B,Meeting Room,2026-01-24 18:00:00,25,1,24,4.0,UNDERUSED,0
F001,Smart Campus,B002,Building B,BLK-B2,Block B2,SP-006,Cafeteria B,Cafeteria,2026-01-24 18:00:00,180,18,162,10.0,UNDERUSED,0
F001,Smart Campus,B003,Building C,BLK-C1,Block C1,SP-007,Open Workspace C1,Workspace,2026-01-24 18:00:00,100,25,75,25.0,LOW,0
F001,Smart Campus,B003,Building C,BLK-C1,Block C1,SP-008,Server Operations Room,Restricted Area,2026-01-24 18:00:00,20,5,15,25.0,LOW,0
F001,Smart Campus,B001,Building A,BLK-A1,Block A1,SP-001,Open Workspace A1,Workspace,2026-01-24 19:00:00,120,26,94,21.67,LOW,0
F001,Smart Campus,B001,Building A,BLK-A1,Block A1,SP-002,Conference Room A,Meeting Room,2026-01-24 19:00:00,30,3,27,10.0,UNDERUSED,0
F001,Smart Campus,B001,Building A,BLK-A2,Block A2,SP-003,Training Hall A,Training Room,2026-01-24 19:00:00,80,6,74,7.5,UNDERUSED,0
F001,Smart Campus,B002,Building B,BLK-B1,Block B1,SP-004,Open Workspace B1,Workspace,2026-01-24 19:00:00,150,26,124,17.33,LOW,0
F001,Smart Campus,B002,Building B,BLK-B1,Block B1,SP-005,Meeting Room B,Meeting Room,2026-01-24 19:00:00,25,2,23,8.0,UNDERUSED,0
F001,Smart Campus,B002,Building B,BLK-B2,Block B2,SP-006,Cafeteria B,Cafeteria,2026-01-24 19:00:00,180,15,165,8.33,UNDERUSED,0
F001,Smart Campus,B003,Building C,BLK-C1,Block C1,SP-007,Open Workspace C1,Workspace,2026-01-24 19:00:00,100,38,62,38.0,LOW,0
F001,Smart Campus,B003,Building C,BLK-C1,Block C1,SP-008,Server Operations Room,Restricted Area,2026-01-24 19:00:00,20,4,16,20.0,LOW,0
F001,Smart Campus,B001,Building A,BLK-A1,Block A1,SP-001,Open Workspace A1,Workspace,2026-01-24 20:00:00,120,19,101,15.83,LOW,0
F001,Smart Campus,B001,Building A,BLK-A1,Block A1,SP-002,Conference Room A,Meeting Room,2026-01-24 20:00:00,30,1,29,3.33,UNDERUSED,0
F001,Smart Campus,B001,Building A,BLK-A2,Block A2,SP-003,Training Hall A,Training Room,2026-01-24 20:00:00,80,3,77,3.75,UNDERUSED,0
F001,Smart Campus,B002,Building B,BLK-B1,Block B1,SP-004,Open Workspace B1,Workspace,2026-01-24 20:00:00,150,30,120,20.0,LOW,0
F001,Smart Campus,B002,Building B,BLK-B1,Block B1,SP-005,Meeting Room B,Meeting Room,2026-01-24 20:00:00,25,0,25,0.0,UNDERUSED,0
F001,Smart Campus,B002,Building B,BLK-B2,Block B2,SP-006,Cafeteria B,Cafeteria,2026-01-24 20:00:00,180,25,155,13.89,UNDERUSED,0
F001,Smart Campus,B003,Building C,BLK-C1,Block C1,SP-007,Open Workspace C1,Workspace,2026-01-24 20:00:00,100,36,64,36.0,LOW,0
F001,Smart Campus,B003,Building C,BLK-C1,Block C1,SP-008,Server Operations Room,Restricted Area,2026-01-24 20:00:00,20,21,0,105.0,OVERCROWDED,1
F001,Smart Campus,B001,Building A,BLK-A1,Block A1,SP-001,Open Workspace A1,Workspace,2026-01-24 21:00:00,120,4,116,3.33,UNDERUSED,0
F001,Smart Campus,B001,Building A,BLK-A1,Block A1,SP-002,Conference Room A,Meeting Room,2026-01-24 21:00:00,30,3,27,10.0,UNDERUSED,0
F001,Smart Campus,B001,Building A,BLK-A2,Block A2,SP-003,Training Hall A,Training Room,2026-01-24 21:00:00,80,5,75,6.25,UNDERUSED,0
F001,Smart Campus,B002,Building B,BLK-B1,Block B1,SP-004,Open Workspace B1,Workspace,2026-01-24 21:00:00,150,7,143,4.67,UNDERUSED,0
F001,Smart Campus,B002,Building B,BLK-B1,Block B1,SP-005,Meeting Room B,Meeting Room,2026-01-24 21:00:00,25,2,23,8.0,UNDERUSED,0
F001,Smart Campus,B002,Building B,BLK-B2,Block B2,SP-006,Cafeteria B,Cafeteria,2026-01-24 21:00:00,180,4,176,2.22,UNDERUSED,0
F001,Smart Campus,B003,Building C,BLK-C1,Block C1,SP-007,Open Workspace C1,Workspace,2026-01-24 21:00:00,100,4,96,4.0,UNDERUSED,0
F001,Smart Campus,B003,Building C,BLK-C1,Block C1,SP-008,Server Operations Room,Restricted Area,2026-01-24 21:00:00,20,6,14,30.0,LOW,0
F001,Smart Campus,B001,Building A,BLK-A1,Block A1,SP-001,Open Workspace A1,Workspace,2026-01-24 22:00:00,120,5,115,4.17,UNDERUSED,0
F001,Smart Campus,B001,Building A,BLK-A1,Block A1,SP-002,Conference Room A,Meeting Room,2026-01-24 22:00:00,30,3,27,10.0,UNDERUSED,0
F001,Smart Campus,B001,Building A,BLK-A2,Block A2,SP-003,Training Hall A,Training Room,2026-01-24 22:00:00,80,6,74,7.5,UNDERUSED,0
F001,Smart Campus,B002,Building B,BLK-B1,Block B1,SP-004,Open Workspace B1,Workspace,2026-01-24 22:00:00,150,10,140,6.67,UNDERUSED,0
F001,Smart Campus,B002,Building B,BLK-B1,Block B1,SP-005,Meeting Room B,Meeting Room,2026-01-24 22:00:00,25,2,23,8.0,UNDERUSED,0
F001,Smart Campus,B002,Building B,BLK-B2,Block B2,SP-006,Cafeteria B,Cafeteria,2026-01-24 22:00:00,180,7,173,3.89,UNDERUSED,0
F001,Smart Campus,B003,Building C,BLK-C1,Block C1,SP-007,Open Workspace C1,Workspace,2026-01-24 22:00:00,100,10,90,10.0,UNDERUSED,0
F001,Smart Campus,B003,Building C,BLK-C1,Block C1,SP-008,Server Operations Room,Restricted Area,2026-01-24 22:00:00,20,6,14,30.0,LOW,0
F001,Smart Campus,B001,Building A,BLK-A1,Block A1,SP-001,Open Workspace A1,Workspace,2026-01-24 23:00:00,120,6,114,5.0,UNDERUSED,0
F001,Smart Campus,B001,Building A,BLK-A1,Block A1,SP-002,Conference Room A,Meeting Room,2026-01-24 23:00:00,30,2,28,6.67,UNDERUSED,0
F001,Smart Campus,B001,Building A,BLK-A2,Block A2,SP-003,Training Hall A,Training Room,2026-01-24 23:00:00,80,4,76,5.0,UNDERUSED,0
F001,Smart Campus,B002,Building B,BLK-B1,Block B1,SP-004,Open Workspace B1,Workspace,2026-01-24 23:00:00,150,13,137,8.67,UNDERUSED,0
F001,Smart Campus,B002,Building B,BLK-B1,Block B1,SP-005,Meeting Room B,Meeting Room,2026-01-24 23:00:00,25,1,24,4.0,UNDERUSED,0
F001,Smart Campus,B002,Building B,BLK-B2,Block B2,SP-006,Cafeteria B,Cafeteria,2026-01-24 23:00:00,180,26,154,14.44,UNDERUSED,0
F001,Smart Campus,B003,Building C,BLK-C1,Block C1,SP-007,Open Workspace C1,Workspace,2026-01-24 23:00:00,100,2,98,2.0,UNDERUSED,0
F001,Smart Campus,B003,Building C,BLK-C1,Block C1,SP-008,Server Operations Room,Restricted Area,2026-01-24 23:00:00,20,5,15,25.0,LOW,0
F001,Smart Campus,B001,Building A,BLK-A1,Block A1,SP-001,Open Workspace A1,Workspace,2026-01-25 00:00:00,120,2,118,1.67,UNDERUSED,0
F001,Smart Campus,B001,Building A,BLK-A1,Block A1,SP-002,Conference Room A,Meeting Room,2026-01-25 00:00:00,30,3,27,10.0,UNDERUSED,0
F001,Smart Campus,B001,Building A,BLK-A2,Block A2,SP-003,Training Hall A,Training Room,2026-01-25 00:00:00,80,2,78,2.5,UNDERUSED,0
F001,Smart Campus,B002,Building B,BLK-B1,Block B1,SP-004,Open Workspace B1,Workspace,2026-01-25 00:00:00,150,3,147,2.0,UNDERUSED,0
F001,Smart Campus,B002,Building B,BLK-B1,Block B1,SP-005,Meeting Room B,Meeting Room,2026-01-25 00:00:00,25,2,23,8.0,UNDERUSED,0
F001,Smart Campus,B002,Building B,BLK-B2,Block B2,SP-006,Cafeteria B,Cafeteria,2026-01-25 00:00:00,180,9,171,5.0,UNDERUSED,0
F001,Smart Campus,B003,Building C,BLK-C1,Block C1,SP-007,Open Workspace C1,Workspace,2026-01-25 00:00:00,100,4,96,4.0,UNDERUSED,0
F001,Smart Campus,B003,Building C,BLK-C1,Block C1,SP-008,Server Operations Room,Restricted Area,2026-01-25 00:00:00,20,2,18,10.0,UNDERUSED,0
F001,Smart Campus,B001,Building A,BLK-A1,Block A1,SP-001,Open Workspace A1,Workspace,2026-01-25 01:00:00,120,10,110,8.33,UNDERUSED,0
F001,Smart Campus,B001,Building A,BLK-A1,Block A1,SP-002,Conference Room A,Meeting Room,2026-01-25 01:00:00,30,2,28,6.67,UNDERUSED,0
F001,Smart Campus,B001,Building A,BLK-A2,Block A2,SP-003,Training Hall A,Training Room,2026-01-25 01:00:00,80,6,74,7.5,UNDERUSED,0
F001,Smart Campus,B002,Building B,BLK-B1,Block B1,SP-004,Open Workspace B1,Workspace,2026-01-25 01:00:00,150,10,140,6.67,UNDERUSED,0
F001,Smart Campus,B002,Building B,BLK-B1,Block B1,SP-005,Meeting Room B,Meeting Room,2026-01-25 01:00:00,25,0,25,0.0,UNDERUSED,0
F001,Smart Campus,B002,Building B,BLK-B2,Block B2,SP-006,Cafeteria B,Cafeteria,2026-01-25 01:00:00,180,18,162,10.0,UNDERUSED,0
F001,Smart Campus,B003,Building C,BLK-C1,Block C1,SP-007,Open Workspace C1,Workspace,2026-01-25 01:00:00,100,4,96,4.0,UNDERUSED,0
F001,Smart Campus,B003,Building C,BLK-C1,Block C1,SP-008,Server Operations Room,Restricted Area,2026-01-25 01:00:00,20,2,18,10.0,UNDERUSED,0
F001,Smart Campus,B001,Building A,BLK-A1,Block A1,SP-001,Open Workspace A1,Workspace,2026-01-25 02:00:00,120,5,115,4.17,UNDERUSED,0
F001,Smart Campus,B001,Building A,BLK-A1,Block A1,SP-002,Conference Room A,Meeting Room,2026-01-25 02:00:00,30,1,29,3.33,UNDERUSED,0
F001,Smart Campus,B001,Building A,BLK-A2,Block A2,SP-003,Training Hall A,Training Room,2026-01-25 02:00:00,80,0,80,0.0,UNDERUSED,0
F001,Smart Campus,B002,Building B,BLK-B1,Block B1,SP-004,Open Workspace B1,Workspace,2026-01-25 02:00:00,150,14,136,9.33,UNDERUSED,0
F001,Smart Campus,B002,Building B,BLK-B1,Block B1,SP-005,Meeting Room B,Meeting Room,2026-01-25 02:00:00,25,2,23,8.0,UNDERUSED,0
F001,Smart Campus,B002,Building B,BLK-B2,Block B2,SP-006,Cafeteria B,Cafeteria,2026-01-25 02:00:00,180,11,169,6.11,UNDERUSED,0
F001,Smart Campus,B003,Building C,BLK-C1,Block C1,SP-007,Open Workspace C1,Workspace,2026-01-25 02:00:00,100,8,92,8.0,UNDERUSED,0
F001,Smart Campus,B003,Building C,BLK-C1,Block C1,SP-008,Server Operations Room,Restricted Area,2026-01-25 02:00:00,20,1,19,5.0,UNDERUSED,0
F001,Smart Campus,B001,Building A,BLK-A1,Block A1,SP-001,Open Workspace A1,Workspace,2026-01-25 03:00:00,120,7,113,5.83,UNDERUSED,0
F001,Smart Campus,B001,Building A,BLK-A1,Block A1,SP-002,Conference Room A,Meeting Room,2026-01-25 03:00:00,30,0,30,0.0,UNDERUSED,0
F001,Smart Campus,B001,Building A,BLK-A2,Block A2,SP-003,Training Hall A,Training Room,2026-01-25 03:00:00,80,6,74,7.5,UNDERUSED,0
F001,Smart Campus,B002,Building B,BLK-B1,Block B1,SP-004,Open Workspace B1,Workspace,2026-01-25 03:00:00,150,10,140,6.67,UNDERUSED,0
F001,Smart Campus,B002,Building B,BLK-B1,Block B1,SP-005,Meeting Room B,Meeting Room,2026-01-25 03:00:00,25,0,25,0.0,UNDERUSED,0
F001,Smart Campus,B002,Building B,BLK-B2,Block B2,SP-006,Cafeteria B,Cafeteria,2026-01-25 03:00:00,180,25,155,13.89,UNDERUSED,0
F001,Smart Campus,B003,Building C,BLK-C1,Block C1,SP-007,Open Workspace C1,Workspace,2026-01-25 03:00:00,100,1,99,1.0,UNDERUSED,0
F001,Smart Campus,B003,Building C,BLK-C1,Block C1,SP-008,Server Operations Room,Restricted Area,2026-01-25 03:00:00,20,4,16,20.0,LOW,0
F001,Smart Campus,B001,Building A,BLK-A1,Block A1,SP-001,Open Workspace A1,Workspace,2026-01-25 04:00:00,120,11,109,9.17,UNDERUSED,0
F001,Smart Campus,B001,Building A,BLK-A1,Block A1,SP-002,Conference Room A,Meeting Room,2026-01-25 04:00:00,30,1,29,3.33,UNDERUSED,0
F001,Smart Campus,B001,Building A,BLK-A2,Block A2,SP-003,Training Hall A,Training Room,2026-01-25 04:00:00,80,1,79,1.25,UNDERUSED,0
F001,Smart Campus,B002,Building B,BLK-B1,Block B1,SP-004,Open Workspace B1,Workspace,2026-01-25 04:00:00,150,14,136,9.33,UNDERUSED,0
F001,Smart Campus,B002,Building B,BLK-B1,Block B1,SP-005,Meeting Room B,Meeting Room,2026-01-25 04:00:00,25,1,24,4.0,UNDERUSED,0
F001,Smart Campus,B002,Building B,BLK-B2,Block B2,SP-006,Cafeteria B,Cafeteria,2026-01-25 04:00:00,180,12,168,6.67,UNDERUSED,0
F001,Smart Campus,B003,Building C,BLK-C1,Block C1,SP-007,Open Workspace C1,Workspace,2026-01-25 04:00:00,100,4,96,4.0,UNDERUSED,0
F001,Smart Campus,B003,Building C,BLK-C1,Block C1,SP-008,Server Operations Room,Restricted Area,2026-01-25 04:00:00,20,4,16,20.0,LOW,0
F001,Smart Campus,B001,Building A,BLK-A1,Block A1,SP-001,Open Workspace A1,Workspace,2026-01-25 05:00:00,120,6,114,5.0,UNDERUSED,0
F001,Smart Campus,B001,Building A,BLK-A1,Block A1,SP-002,Conference Room A,Meeting Room,2026-01-25 05:00:00,30,1,29,3.33,UNDERUSED,0
F001,Smart Campus,B001,Building A,BLK-A2,Block A2,SP-003,Training Hall A,Training Room,2026-01-25 05:00:00,80,6,74,7.5,UNDERUSED,0
F001,Smart Campus,B002,Building B,BLK-B1,Block B1,SP-004,Open Workspace B1,Workspace,2026-01-25 05:00:00,150,7,143,4.67,UNDERUSED,0
F001,Smart Campus,B002,Building B,BLK-B1,Block B1,SP-005,Meeting Room B,Meeting Room,2026-01-25 05:00:00,25,2,23,8.0,UNDERUSED,0
F001,Smart Campus,B002,Building B,BLK-B2,Block B2,SP-006,Cafeteria B,Cafeteria,2026-01-25 05:00:00,180,22,158,12.22,UNDERUSED,0
F001,Smart Campus,B003,Building C,BLK-C1,Block C1,SP-007,Open Workspace C1,Workspace,2026-01-25 05:00:00,100,5,95,5.0,UNDERUSED,0
F001,Smart Campus,B003,Building C,BLK-C1,Block C1,SP-008,Server Operations Room,Restricted Area,2026-01-25 05:00:00,20,4,16,20.0,LOW,0
F001,Smart Campus,B001,Building A,BLK-A1,Block A1,SP-001,Open Workspace A1,Workspace,2026-01-25 06:00:00,120,10,110,8.33,UNDERUSED,0
F001,Smart Campus,B001,Building A,BLK-A1,Block A1,SP-002,Conference Room A,Meeting Room,2026-01-25 06:00:00,30,2,28,6.67,UNDERUSED,0
F001,Smart Campus,B001,Building A,BLK-A2,Block A2,SP-003,Training Hall A,Training Room,2026-01-25 06:00:00,80,4,76,5.0,UNDERUSED,0
F001,Smart Campus,B002,Building B,BLK-B1,Block B1,SP-004,Open Workspace B1,Workspace,2026-01-25 06:00:00,150,10,140,6.67,UNDERUSED,0
F001,Smart Campus,B002,Building B,BLK-B1,Block B1,SP-005,Meeting Room B,Meeting Room,2026-01-25 06:00:00,25,0,25,0.0,UNDERUSED,0
F001,Smart Campus,B002,Building B,BLK-B2,Block B2,SP-006,Cafeteria B,Cafeteria,2026-01-25 06:00:00,180,16,164,8.89,UNDERUSED,0
F001,Smart Campus,B003,Building C,BLK-C1,Block C1,SP-007,Open Workspace C1,Workspace,2026-01-25 06:00:00,100,4,96,4.0,UNDERUSED,0
F001,Smart Campus,B003,Building C,BLK-C1,Block C1,SP-008,Server Operations Room,Restricted Area,2026-01-25 06:00:00,20,5,15,25.0,LOW,0
F001,Smart Campus,B001,Building A,BLK-A1,Block A1,SP-001,Open Workspace A1,Workspace,2026-01-25 07:00:00,120,5,115,4.17,UNDERUSED,0
F001,Smart Campus,B001,Building A,BLK-A1,Block A1,SP-002,Conference Room A,Meeting Room,2026-01-25 07:00:00,30,1,29,3.33,UNDERUSED,0
F001,Smart Campus,B001,Building A,BLK-A2,Block A2,SP-003,Training Hall A,Training Room,2026-01-25 07:00:00,80,5,75,6.25,UNDERUSED,0
F001,Smart Campus,B002,Building B,BLK-B1,Block B1,SP-004,Open Workspace B1,Workspace,2026-01-25 07:00:00,150,2,148,1.33,UNDERUSED,0
F001,Smart Campus,B002,Building B,BLK-B1,Block B1,SP-005,Meeting Room B,Meeting Room,2026-01-25 07:00:00,25,1,24,4.0,UNDERUSED,0
F001,Smart Campus,B002,Building B,BLK-B2,Block B2,SP-006,Cafeteria B,Cafeteria,2026-01-25 07:00:00,180,6,174,3.33,UNDERUSED,0
F001,Smart Campus,B003,Building C,BLK-C1,Block C1,SP-007,Open Workspace C1,Workspace,2026-01-25 07:00:00,100,1,99,1.0,UNDERUSED,0
F001,Smart Campus,B003,Building C,BLK-C1,Block C1,SP-008,Server Operations Room,Restricted Area,2026-01-25 07:00:00,20,4,16,20.0,LOW,0
F001,Smart Campus,B001,Building A,BLK-A1,Block A1,SP-001,Open Workspace A1,Workspace,2026-01-25 08:00:00,120,11,109,9.17,UNDERUSED,0
F001,Smart Campus,B001,Building A,BLK-A1,Block A1,SP-002,Conference Room A,Meeting Room,2026-01-25 08:00:00,30,1,29,3.33,UNDERUSED,0
F001,Smart Campus,B001,Building A,BLK-A2,Block A2,SP-003,Training Hall A,Training Room,2026-01-25 08:00:00,80,3,77,3.75,UNDERUSED,0
F001,Smart Campus,B002,Building B,BLK-B1,Block B1,SP-004,Open Workspace B1,Workspace,2026-01-25 08:00:00,150,5,145,3.33,UNDERUSED,0
F001,Smart Campus,B002,Building B,BLK-B1,Block B1,SP-005,Meeting Room B,Meeting Room,2026-01-25 08:00:00,25,2,23,8.0,UNDERUSED,0
F001,Smart Campus,B002,Building B,BLK-B2,Block B2,SP-006,Cafeteria B,Cafeteria,2026-01-25 08:00:00,180,48,132,26.67,LOW,0
F001,Smart Campus,B003,Building C,BLK-C1,Block C1,SP-007,Open Workspace C1,Workspace,2026-01-25 08:00:00,100,5,95,5.0,UNDERUSED,0
F001,Smart Campus,B003,Building C,BLK-C1,Block C1,SP-008,Server Operations Room,Restricted Area,2026-01-25 08:00:00,20,3,17,15.0,LOW,0
F001,Smart Campus,B001,Building A,BLK-A1,Block A1,SP-001,Open Workspace A1,Workspace,2026-01-25 09:00:00,120,84,36,70.0,OPTIMAL,0
F001,Smart Campus,B001,Building A,BLK-A1,Block A1,SP-002,Conference Room A,Meeting Room,2026-01-25 09:00:00,30,16,14,53.33,OPTIMAL,0
F001,Smart Campus,B001,Building A,BLK-A2,Block A2,SP-003,Training Hall A,Training Room,2026-01-25 09:00:00,80,36,44,45.0,OPTIMAL,0
F001,Smart Campus,B002,Building B,BLK-B1,Block B1,SP-004,Open Workspace B1,Workspace,2026-01-25 09:00:00,150,104,46,69.33,OPTIMAL,0
F001,Smart Campus,B002,Building B,BLK-B1,Block B1,SP-005,Meeting Room B,Meeting Room,2026-01-25 09:00:00,25,11,14,44.0,OPTIMAL,0
F001,Smart Campus,B002,Building B,BLK-B2,Block B2,SP-006,Cafeteria B,Cafeteria,2026-01-25 09:00:00,180,58,122,32.22,LOW,0
F001,Smart Campus,B003,Building C,BLK-C1,Block C1,SP-007,Open Workspace C1,Workspace,2026-01-25 09:00:00,100,86,14,86.0,HIGH,0
F001,Smart Campus,B003,Building C,BLK-C1,Block C1,SP-008,Server Operations Room,Restricted Area,2026-01-25 09:00:00,20,6,14,30.0,LOW,0
F001,Smart Campus,B001,Building A,BLK-A1,Block A1,SP-001,Open Workspace A1,Workspace,2026-01-25 10:00:00,120,103,17,85.83,HIGH,0
F001,Smart Campus,B001,Building A,BLK-A1,Block A1,SP-002,Conference Room A,Meeting Room,2026-01-25 10:00:00,30,23,7,76.67,HIGH,0
F001,Smart Campus,B001,Building A,BLK-A2,Block A2,SP-003,Training Hall A,Training Room,2026-01-25 10:00:00,80,18,62,22.5,LOW,0
F001,Smart Campus,B002,Building B,BLK-B1,Block B1,SP-004,Open Workspace B1,Workspace,2026-01-25 10:00:00,150,100,50,66.67,OPTIMAL,0
F001,Smart Campus,B002,Building B,BLK-B1,Block B1,SP-005,Meeting Room B,Meeting Room,2026-01-25 10:00:00,25,18,7,72.0,OPTIMAL,0
F001,Smart Campus,B002,Building B,BLK-B2,Block B2,SP-006,Cafeteria B,Cafeteria,2026-01-25 10:00:00,180,10,170,5.56,UNDERUSED,0
F001,Smart Campus,B003,Building C,BLK-C1,Block C1,SP-007,Open Workspace C1,Workspace,2026-01-25 10:00:00,100,75,25,75.0,HIGH,0
F001,Smart Campus,B003,Building C,BLK-C1,Block C1,SP-008,Server Operations Room,Restricted Area,2026-01-25 10:00:00,20,3,17,15.0,LOW,0
F001,Smart Campus,B001,Building A,BLK-A1,Block A1,SP-001,Open Workspace A1,Workspace,2026-01-25 11:00:00,120,90,30,75.0,HIGH,0
F001,Smart Campus,B001,Building A,BLK-A1,Block A1,SP-002,Conference Room A,Meeting Room,2026-01-25 11:00:00,30,15,15,50.0,OPTIMAL,0
F001,Smart Campus,B001,Building A,BLK-A2,Block A2,SP-003,Training Hall A,Training Room,2026-01-25 11:00:00,80,62,18,77.5,HIGH,0
F001,Smart Campus,B002,Building B,BLK-B1,Block B1,SP-004,Open Workspace B1,Workspace,2026-01-25 11:00:00,150,112,38,74.67,OPTIMAL,0
F001,Smart Campus,B002,Building B,BLK-B1,Block B1,SP-005,Meeting Room B,Meeting Room,2026-01-25 11:00:00,25,5,20,20.0,LOW,0
F001,Smart Campus,B002,Building B,BLK-B2,Block B2,SP-006,Cafeteria B,Cafeteria,2026-01-25 11:00:00,180,4,176,2.22,UNDERUSED,0
F001,Smart Campus,B003,Building C,BLK-C1,Block C1,SP-007,Open Workspace C1,Workspace,2026-01-25 11:00:00,100,73,27,73.0,OPTIMAL,0
F001,Smart Campus,B003,Building C,BLK-C1,Block C1,SP-008,Server Operations Room,Restricted Area,2026-01-25 11:00:00,20,4,16,20.0,LOW,0
F001,Smart Campus,B001,Building A,BLK-A1,Block A1,SP-001,Open Workspace A1,Workspace,2026-01-25 12:00:00,120,48,72,40.0,OPTIMAL,0
F001,Smart Campus,B001,Building A,BLK-A1,Block A1,SP-002,Conference Room A,Meeting Room,2026-01-25 12:00:00,30,13,17,43.33,OPTIMAL,0
F001,Smart Campus,B001,Building A,BLK-A2,Block A2,SP-003,Training Hall A,Training Room,2026-01-25 12:00:00,80,63,17,78.75,HIGH,0
F001,Smart Campus,B002,Building B,BLK-B1,Block B1,SP-004,Open Workspace B1,Workspace,2026-01-25 12:00:00,150,85,65,56.67,OPTIMAL,0
F001,Smart Campus,B002,Building B,BLK-B1,Block B1,SP-005,Meeting Room B,Meeting Room,2026-01-25 12:00:00,25,18,7,72.0,OPTIMAL,0
F001,Smart Campus,B002,Building B,BLK-B2,Block B2,SP-006,Cafeteria B,Cafeteria,2026-01-25 12:00:00,180,169,11,93.89,HIGH,0
F001,Smart Campus,B003,Building C,BLK-C1,Block C1,SP-007,Open Workspace C1,Workspace,2026-01-25 12:00:00,100,43,57,43.0,OPTIMAL,0
F001,Smart Campus,B003,Building C,BLK-C1,Block C1,SP-008,Server Operations Room,Restricted Area,2026-01-25 12:00:00,20,6,14,30.0,LOW,0
F001,Smart Campus,B001,Building A,BLK-A1,Block A1,SP-001,Open Workspace A1,Workspace,2026-01-25 13:00:00,120,47,73,39.17,LOW,0
F001,Smart Campus,B001,Building A,BLK-A1,Block A1,SP-002,Conference Room A,Meeting Room,2026-01-25 13:00:00,30,15,15,50.0,OPTIMAL,0
F001,Smart Campus,B001,Building A,BLK-A2,Block A2,SP-003,Training Hall A,Training Room,2026-01-25 13:00:00,80,57,23,71.25,OPTIMAL,0
F001,Smart Campus,B002,Building B,BLK-B1,Block B1,SP-004,Open Workspace B1,Workspace,2026-01-25 13:00:00,150,86,64,57.33,OPTIMAL,0
F001,Smart Campus,B002,Building B,BLK-B1,Block B1,SP-005,Meeting Room B,Meeting Room,2026-01-25 13:00:00,25,12,13,48.0,OPTIMAL,0
F001,Smart Campus,B002,Building B,BLK-B2,Block B2,SP-006,Cafeteria B,Cafeteria,2026-01-25 13:00:00,180,132,48,73.33,OPTIMAL,0
F001,Smart Campus,B003,Building C,BLK-C1,Block C1,SP-007,Open Workspace C1,Workspace,2026-01-25 13:00:00,100,49,51,49.0,OPTIMAL,0
F001,Smart Campus,B003,Building C,BLK-C1,Block C1,SP-008,Server Operations Room,Restricted Area,2026-01-25 13:00:00,20,7,13,35.0,LOW,0
F001,Smart Campus,B001,Building A,BLK-A1,Block A1,SP-001,Open Workspace A1,Workspace,2026-01-25 14:00:00,120,97,23,80.83,HIGH,0
F001,Smart Campus,B001,Building A,BLK-A1,Block A1,SP-002,Conference Room A,Meeting Room,2026-01-25 14:00:00,30,11,19,36.67,LOW,0
F001,Smart Campus,B001,Building A,BLK-A2,Block A2,SP-003,Training Hall A,Training Room,2026-01-25 14:00:00,80,20,60,25.0,LOW,0
F001,Smart Campus,B002,Building B,BLK-B1,Block B1,SP-004,Open Workspace B1,Workspace,2026-01-25 14:00:00,150,127,23,84.67,HIGH,0
F001,Smart Campus,B002,Building B,BLK-B1,Block B1,SP-005,Meeting Room B,Meeting Room,2026-01-25 14:00:00,25,17,8,68.0,OPTIMAL,0
F001,Smart Campus,B002,Building B,BLK-B2,Block B2,SP-006,Cafeteria B,Cafeteria,2026-01-25 14:00:00,180,130,50,72.22,OPTIMAL,0
F001,Smart Campus,B003,Building C,BLK-C1,Block C1,SP-007,Open Workspace C1,Workspace,2026-01-25 14:00:00,100,105,0,105.0,OVERCROWDED,1
F001,Smart Campus,B003,Building C,BLK-C1,Block C1,SP-008,Server Operations Room,Restricted Area,2026-01-25 14:00:00,20,6,14,30.0,LOW,0
F001,Smart Campus,B001,Building A,BLK-A1,Block A1,SP-001,Open Workspace A1,Workspace,2026-01-25 15:00:00,120,76,44,63.33,OPTIMAL,0
F001,Smart Campus,B001,Building A,BLK-A1,Block A1,SP-002,Conference Room A,Meeting Room,2026-01-25 15:00:00,30,18,12,60.0,OPTIMAL,0
F001,Smart Campus,B001,Building A,BLK-A2,Block A2,SP-003,Training Hall A,Training Room,2026-01-25 15:00:00,80,57,23,71.25,OPTIMAL,0
F001,Smart Campus,B002,Building B,BLK-B1,Block B1,SP-004,Open Workspace B1,Workspace,2026-01-25 15:00:00,150,103,47,68.67,OPTIMAL,0
F001,Smart Campus,B002,Building B,BLK-B1,Block B1,SP-005,Meeting Room B,Meeting Room,2026-01-25 15:00:00,25,8,17,32.0,LOW,0
F001,Smart Campus,B002,Building B,BLK-B2,Block B2,SP-006,Cafeteria B,Cafeteria,2026-01-25 15:00:00,180,25,155,13.89,UNDERUSED,0
F001,Smart Campus,B003,Building C,BLK-C1,Block C1,SP-007,Open Workspace C1,Workspace,2026-01-25 15:00:00,100,70,30,70.0,OPTIMAL,0
F001,Smart Campus,B003,Building C,BLK-C1,Block C1,SP-008,Server Operations Room,Restricted Area,2026-01-25 15:00:00,20,6,14,30.0,LOW,0
F001,Smart Campus,B001,Building A,BLK-A1,Block A1,SP-001,Open Workspace A1,Workspace,2026-01-25 16:00:00,120,98,22,81.67,HIGH,0
F001,Smart Campus,B001,Building A,BLK-A1,Block A1,SP-002,Conference Room A,Meeting Room,2026-01-25 16:00:00,30,11,19,36.67,LOW,0
F001,Smart Campus,B001,Building A,BLK-A2,Block A2,SP-003,Training Hall A,Training Room,2026-01-25 16:00:00,80,31,49,38.75,LOW,0
F001,Smart Campus,B002,Building B,BLK-B1,Block B1,SP-004,Open Workspace B1,Workspace,2026-01-25 16:00:00,150,117,33,78.0,HIGH,0
F001,Smart Campus,B002,Building B,BLK-B1,Block B1,SP-005,Meeting Room B,Meeting Room,2026-01-25 16:00:00,25,19,6,76.0,HIGH,0
F001,Smart Campus,B002,Building B,BLK-B2,Block B2,SP-006,Cafeteria B,Cafeteria,2026-01-25 16:00:00,180,56,124,31.11,LOW,0
F001,Smart Campus,B003,Building C,BLK-C1,Block C1,SP-007,Open Workspace C1,Workspace,2026-01-25 16:00:00,100,65,35,65.0,OPTIMAL,0
F001,Smart Campus,B003,Building C,BLK-C1,Block C1,SP-008,Server Operations Room,Restricted Area,2026-01-25 16:00:00,20,5,15,25.0,LOW,0
F001,Smart Campus,B001,Building A,BLK-A1,Block A1,SP-001,Open Workspace A1,Workspace,2026-01-25 17:00:00,120,81,39,67.5,OPTIMAL,0
F001,Smart Campus,B001,Building A,BLK-A1,Block A1,SP-002,Conference Room A,Meeting Room,2026-01-25 17:00:00,30,8,22,26.67,LOW,0
F001,Smart Campus,B001,Building A,BLK-A2,Block A2,SP-003,Training Hall A,Training Room,2026-01-25 17:00:00,80,1,79,1.25,UNDERUSED,0
F001,Smart Campus,B002,Building B,BLK-B1,Block B1,SP-004,Open Workspace B1,Workspace,2026-01-25 17:00:00,150,111,39,74.0,OPTIMAL,0
F001,Smart Campus,B002,Building B,BLK-B1,Block B1,SP-005,Meeting Room B,Meeting Room,2026-01-25 17:00:00,25,9,16,36.0,LOW,0
F001,Smart Campus,B002,Building B,BLK-B2,Block B2,SP-006,Cafeteria B,Cafeteria,2026-01-25 17:00:00,180,74,106,41.11,OPTIMAL,0
F001,Smart Campus,B003,Building C,BLK-C1,Block C1,SP-007,Open Workspace C1,Workspace,2026-01-25 17:00:00,100,72,28,72.0,OPTIMAL,0
F001,Smart Campus,B003,Building C,BLK-C1,Block C1,SP-008,Server Operations Room,Restricted Area,2026-01-25 17:00:00,20,3,17,15.0,LOW,0
F001,Smart Campus,B001,Building A,BLK-A1,Block A1,SP-001,Open Workspace A1,Workspace,2026-01-25 18:00:00,120,34,86,28.33,LOW,0
F001,Smart Campus,B001,Building A,BLK-A1,Block A1,SP-002,Conference Room A,Meeting Room,2026-01-25 18:00:00,30,1,29,3.33,UNDERUSED,0
F001,Smart Campus,B001,Building A,BLK-A2,Block A2,SP-003,Training Hall A,Training Room,2026-01-25 18:00:00,80,4,76,5.0,UNDERUSED,0
F001,Smart Campus,B002,Building B,BLK-B1,Block B1,SP-004,Open Workspace B1,Workspace,2026-01-25 18:00:00,150,31,119,20.67,LOW,0
F001,Smart Campus,B002,Building B,BLK-B1,Block B1,SP-005,Meeting Room B,Meeting Room,2026-01-25 18:00:00,25,0,25,0.0,UNDERUSED,0
F001,Smart Campus,B002,Building B,BLK-B2,Block B2,SP-006,Cafeteria B,Cafeteria,2026-01-25 18:00:00,180,5,175,2.78,UNDERUSED,0
F001,Smart Campus,B003,Building C,BLK-C1,Block C1,SP-007,Open Workspace C1,Workspace,2026-01-25 18:00:00,100,21,79,21.0,LOW,0
F001,Smart Campus,B003,Building C,BLK-C1,Block C1,SP-008,Server Operations Room,Restricted Area,2026-01-25 18:00:00,20,5,15,25.0,LOW,0
F001,Smart Campus,B001,Building A,BLK-A1,Block A1,SP-001,Open Workspace A1,Workspace,2026-01-25 19:00:00,120,21,99,17.5,LOW,0
F001,Smart Campus,B001,Building A,BLK-A1,Block A1,SP-002,Conference Room A,Meeting Room,2026-01-25 19:00:00,30,3,27,10.0,UNDERUSED,0
F001,Smart Campus,B001,Building A,BLK-A2,Block A2,SP-003,Training Hall A,Training Room,2026-01-25 19:00:00,80,1,79,1.25,UNDERUSED,0
F001,Smart Campus,B002,Building B,BLK-B1,Block B1,SP-004,Open Workspace B1,Workspace,2026-01-25 19:00:00,150,36,114,24.0,LOW,0
F001,Smart Campus,B002,Building B,BLK-B1,Block B1,SP-005,Meeting Room B,Meeting Room,2026-01-25 19:00:00,25,1,24,4.0,UNDERUSED,0
F001,Smart Campus,B002,Building B,BLK-B2,Block B2,SP-006,Cafeteria B,Cafeteria,2026-01-25 19:00:00,180,6,174,3.33,UNDERUSED,0
F001,Smart Campus,B003,Building C,BLK-C1,Block C1,SP-007,Open Workspace C1,Workspace,2026-01-25 19:00:00,100,33,67,33.0,LOW,0
F001,Smart Campus,B003,Building C,BLK-C1,Block C1,SP-008,Server Operations Room,Restricted Area,2026-01-25 19:00:00,20,3,17,15.0,LOW,0
F001,Smart Campus,B001,Building A,BLK-A1,Block A1,SP-001,Open Workspace A1,Workspace,2026-01-25 20:00:00,120,25,95,20.83,LOW,0
F001,Smart Campus,B001,Building A,BLK-A1,Block A1,SP-002,Conference Room A,Meeting Room,2026-01-25 20:00:00,30,0,30,0.0,UNDERUSED,0
F001,Smart Campus,B001,Building A,BLK-A2,Block A2,SP-003,Training Hall A,Training Room,2026-01-25 20:00:00,80,6,74,7.5,UNDERUSED,0
F001,Smart Campus,B002,Building B,BLK-B1,Block B1,SP-004,Open Workspace B1,Workspace,2026-01-25 20:00:00,150,23,127,15.33,LOW,0
F001,Smart Campus,B002,Building B,BLK-B1,Block B1,SP-005,Meeting Room B,Meeting Room,2026-01-25 20:00:00,25,1,24,4.0,UNDERUSED,0
F001,Smart Campus,B002,Building B,BLK-B2,Block B2,SP-006,Cafeteria B,Cafeteria,2026-01-25 20:00:00,180,10,170,5.56,UNDERUSED,0
F001,Smart Campus,B003,Building C,BLK-C1,Block C1,SP-007,Open Workspace C1,Workspace,2026-01-25 20:00:00,100,32,68,32.0,LOW,0
F001,Smart Campus,B003,Building C,BLK-C1,Block C1,SP-008,Server Operations Room,Restricted Area,2026-01-25 20:00:00,20,5,15,25.0,LOW,0
F001,Smart Campus,B001,Building A,BLK-A1,Block A1,SP-001,Open Workspace A1,Workspace,2026-01-25 21:00:00,120,7,113,5.83,UNDERUSED,0
F001,Smart Campus,B001,Building A,BLK-A1,Block A1,SP-002,Conference Room A,Meeting Room,2026-01-25 21:00:00,30,1,29,3.33,UNDERUSED,0
F001,Smart Campus,B001,Building A,BLK-A2,Block A2,SP-003,Training Hall A,Training Room,2026-01-25 21:00:00,80,5,75,6.25,UNDERUSED,0
F001,Smart Campus,B002,Building B,BLK-B1,Block B1,SP-004,Open Workspace B1,Workspace,2026-01-25 21:00:00,150,15,135,10.0,UNDERUSED,0
F001,Smart Campus,B002,Building B,BLK-B1,Block B1,SP-005,Meeting Room B,Meeting Room,2026-01-25 21:00:00,25,1,24,4.0,UNDERUSED,0
F001,Smart Campus,B002,Building B,BLK-B2,Block B2,SP-006,Cafeteria B,Cafeteria,2026-01-25 21:00:00,180,7,173,3.89,UNDERUSED,0
F001,Smart Campus,B003,Building C,BLK-C1,Block C1,SP-007,Open Workspace C1,Workspace,2026-01-25 21:00:00,100,4,96,4.0,UNDERUSED,0
F001,Smart Campus,B003,Building C,BLK-C1,Block C1,SP-008,Server Operations Room,Restricted Area,2026-01-25 21:00:00,20,4,16,20.0,LOW,0
F001,Smart Campus,B001,Building A,BLK-A1,Block A1,SP-001,Open Workspace A1,Workspace,2026-01-25 22:00:00,120,12,108,10.0,UNDERUSED,0
F001,Smart Campus,B001,Building A,BLK-A1,Block A1,SP-002,Conference Room A,Meeting Room,2026-01-25 22:00:00,30,1,29,3.33,UNDERUSED,0
F001,Smart Campus,B001,Building A,BLK-A2,Block A2,SP-003,Training Hall A,Training Room,2026-01-25 22:00:00,80,0,80,0.0,UNDERUSED,0
F001,Smart Campus,B002,Building B,BLK-B1,Block B1,SP-004,Open Workspace B1,Workspace,2026-01-25 22:00:00,150,11,139,7.33,UNDERUSED,0
F001,Smart Campus,B002,Building B,BLK-B1,Block B1,SP-005,Meeting Room B,Meeting Room,2026-01-25 22:00:00,25,2,23,8.0,UNDERUSED,0
F001,Smart Campus,B002,Building B,BLK-B2,Block B2,SP-006,Cafeteria B,Cafeteria,2026-01-25 22:00:00,180,25,155,13.89,UNDERUSED,0
F001,Smart Campus,B003,Building C,BLK-C1,Block C1,SP-007,Open Workspace C1,Workspace,2026-01-25 22:00:00,100,2,98,2.0,UNDERUSED,0
F001,Smart Campus,B003,Building C,BLK-C1,Block C1,SP-008,Server Operations Room,Restricted Area,2026-01-25 22:00:00,20,5,15,25.0,LOW,0
F001,Smart Campus,B001,Building A,BLK-A1,Block A1,SP-001,Open Workspace A1,Workspace,2026-01-25 23:00:00,120,12,108,10.0,UNDERUSED,0
F001,Smart Campus,B001,Building A,BLK-A1,Block A1,SP-002,Conference Room A,Meeting Room,2026-01-25 23:00:00,30,2,28,6.67,UNDERUSED,0
F001,Smart Campus,B001,Building A,BLK-A2,Block A2,SP-003,Training Hall A,Training Room,2026-01-25 23:00:00,80,3,77,3.75,UNDERUSED,0
F001,Smart Campus,B002,Building B,BLK-B1,Block B1,SP-004,Open Workspace B1,Workspace,2026-01-25 23:00:00,150,12,138,8.0,UNDERUSED,0
F001,Smart Campus,B002,Building B,BLK-B1,Block B1,SP-005,Meeting Room B,Meeting Room,2026-01-25 23:00:00,25,1,24,4.0,UNDERUSED,0
F001,Smart Campus,B002,Building B,BLK-B2,Block B2,SP-006,Cafeteria B,Cafeteria,2026-01-25 23:00:00,180,8,172,4.44,UNDERUSED,0
F001,Smart Campus,B003,Building C,BLK-C1,Block C1,SP-007,Open Workspace C1,Workspace,2026-01-25 23:00:00,100,7,93,7.0,UNDERUSED,0
F001,Smart Campus,B003,Building C,BLK-C1,Block C1,SP-008,Server Operations Room,Restricted Area,2026-01-25 23:00:00,20,6,14,30.0,LOW,0
F001,Smart Campus,B001,Building A,BLK-A1,Block A1,SP-001,Open Workspace A1,Workspace,2026-01-26 00:00:00,120,11,109,9.17,UNDERUSED,0
F001,Smart Campus,B001,Building A,BLK-A1,Block A1,SP-002,Conference Room A,Meeting Room,2026-01-26 00:00:00,30,3,27,10.0,UNDERUSED,0
F001,Smart Campus,B001,Building A,BLK-A2,Block A2,SP-003,Training Hall A,Training Room,2026-01-26 00:00:00,80,2,78,2.5,UNDERUSED,0
F001,Smart Campus,B002,Building B,BLK-B1,Block B1,SP-004,Open Workspace B1,Workspace,2026-01-26 00:00:00,150,13,137,8.67,UNDERUSED,0
F001,Smart Campus,B002,Building B,BLK-B1,Block B1,SP-005,Meeting Room B,Meeting Room,2026-01-26 00:00:00,25,1,24,4.0,UNDERUSED,0
F001,Smart Campus,B002,Building B,BLK-B2,Block B2,SP-006,Cafeteria B,Cafeteria,2026-01-26 00:00:00,180,11,169,6.11,UNDERUSED,0
F001,Smart Campus,B003,Building C,BLK-C1,Block C1,SP-007,Open Workspace C1,Workspace,2026-01-26 00:00:00,100,6,94,6.0,UNDERUSED,0
F001,Smart Campus,B003,Building C,BLK-C1,Block C1,SP-008,Server Operations Room,Restricted Area,2026-01-26 00:00:00,20,5,15,25.0,LOW,0
F001,Smart Campus,B001,Building A,BLK-A1,Block A1,SP-001,Open Workspace A1,Workspace,2026-01-26 01:00:00,120,6,114,5.0,UNDERUSED,0
F001,Smart Campus,B001,Building A,BLK-A1,Block A1,SP-002,Conference Room A,Meeting Room,2026-01-26 01:00:00,30,2,28,6.67,UNDERUSED,0
F001,Smart Campus,B001,Building A,BLK-A2,Block A2,SP-003,Training Hall A,Training Room,2026-01-26 01:00:00,80,6,74,7.5,UNDERUSED,0
F001,Smart Campus,B002,Building B,BLK-B1,Block B1,SP-004,Open Workspace B1,Workspace,2026-01-26 01:00:00,150,11,139,7.33,UNDERUSED,0
F001,Smart Campus,B002,Building B,BLK-B1,Block B1,SP-005,Meeting Room B,Meeting Room,2026-01-26 01:00:00,25,0,25,0.0,UNDERUSED,0
F001,Smart Campus,B002,Building B,BLK-B2,Block B2,SP-006,Cafeteria B,Cafeteria,2026-01-26 01:00:00,180,18,162,10.0,UNDERUSED,0
F001,Smart Campus,B003,Building C,BLK-C1,Block C1,SP-007,Open Workspace C1,Workspace,2026-01-26 01:00:00,100,4,96,4.0,UNDERUSED,0
F001,Smart Campus,B003,Building C,BLK-C1,Block C1,SP-008,Server Operations Room,Restricted Area,2026-01-26 01:00:00,20,6,14,30.0,LOW,0
F001,Smart Campus,B001,Building A,BLK-A1,Block A1,SP-001,Open Workspace A1,Workspace,2026-01-26 02:00:00,120,2,118,1.67,UNDERUSED,0
F001,Smart Campus,B001,Building A,BLK-A1,Block A1,SP-002,Conference Room A,Meeting Room,2026-01-26 02:00:00,30,2,28,6.67,UNDERUSED,0
F001,Smart Campus,B001,Building A,BLK-A2,Block A2,SP-003,Training Hall A,Training Room,2026-01-26 02:00:00,80,2,78,2.5,UNDERUSED,0
F001,Smart Campus,B002,Building B,BLK-B1,Block B1,SP-004,Open Workspace B1,Workspace,2026-01-26 02:00:00,150,159,0,106.0,OVERCROWDED,1
F001,Smart Campus,B002,Building B,BLK-B1,Block B1,SP-005,Meeting Room B,Meeting Room,2026-01-26 02:00:00,25,1,24,4.0,UNDERUSED,0
F001,Smart Campus,B002,Building B,BLK-B2,Block B2,SP-006,Cafeteria B,Cafeteria,2026-01-26 02:00:00,180,24,156,13.33,UNDERUSED,0
F001,Smart Campus,B003,Building C,BLK-C1,Block C1,SP-007,Open Workspace C1,Workspace,2026-01-26 02:00:00,100,8,92,8.0,UNDERUSED,0
F001,Smart Campus,B003,Building C,BLK-C1,Block C1,SP-008,Server Operations Room,Restricted Area,2026-01-26 02:00:00,20,2,18,10.0,UNDERUSED,0
F001,Smart Campus,B001,Building A,BLK-A1,Block A1,SP-001,Open Workspace A1,Workspace,2026-01-26 03:00:00,120,12,108,10.0,UNDERUSED,0
F001,Smart Campus,B001,Building A,BLK-A1,Block A1,SP-002,Conference Room A,Meeting Room,2026-01-26 03:00:00,30,2,28,6.67,UNDERUSED,0
F001,Smart Campus,B001,Building A,BLK-A2,Block A2,SP-003,Training Hall A,Training Room,2026-01-26 03:00:00,80,1,79,1.25,UNDERUSED,0
F001,Smart Campus,B002,Building B,BLK-B1,Block B1,SP-004,Open Workspace B1,Workspace,2026-01-26 03:00:00,150,6,144,4.0,UNDERUSED,0
F001,Smart Campus,B002,Building B,BLK-B1,Block B1,SP-005,Meeting Room B,Meeting Room,2026-01-26 03:00:00,25,2,23,8.0,UNDERUSED,0
F001,Smart Campus,B002,Building B,BLK-B2,Block B2,SP-006,Cafeteria B,Cafeteria,2026-01-26 03:00:00,180,26,154,14.44,UNDERUSED,0
F001,Smart Campus,B003,Building C,BLK-C1,Block C1,SP-007,Open Workspace C1,Workspace,2026-01-26 03:00:00,100,3,97,3.0,UNDERUSED,0
F001,Smart Campus,B003,Building C,BLK-C1,Block C1,SP-008,Server Operations Room,Restricted Area,2026-01-26 03:00:00,20,3,17,15.0,LOW,0
F001,Smart Campus,B001,Building A,BLK-A1,Block A1,SP-001,Open Workspace A1,Workspace,2026-01-26 04:00:00,120,9,111,7.5,UNDERUSED,0
F001,Smart Campus,B001,Building A,BLK-A1,Block A1,SP-002,Conference Room A,Meeting Room,2026-01-26 04:00:00,30,2,28,6.67,UNDERUSED,0
F001,Smart Campus,B001,Building A,BLK-A2,Block A2,SP-003,Training Hall A,Training Room,2026-01-26 04:00:00,80,1,79,1.25,UNDERUSED,0
F001,Smart Campus,B002,Building B,BLK-B1,Block B1,SP-004,Open Workspace B1,Workspace,2026-01-26 04:00:00,150,9,141,6.0,UNDERUSED,0
F001,Smart Campus,B002,Building B,BLK-B1,Block B1,SP-005,Meeting Room B,Meeting Room,2026-01-26 04:00:00,25,0,25,0.0,UNDERUSED,0
F001,Smart Campus,B002,Building B,BLK-B2,Block B2,SP-006,Cafeteria B,Cafeteria,2026-01-26 04:00:00,180,18,162,10.0,UNDERUSED,0
F001,Smart Campus,B003,Building C,BLK-C1,Block C1,SP-007,Open Workspace C1,Workspace,2026-01-26 04:00:00,100,4,96,4.0,UNDERUSED,0
F001,Smart Campus,B003,Building C,BLK-C1,Block C1,SP-008,Server Operations Room,Restricted Area,2026-01-26 04:00:00,20,4,16,20.0,LOW,0
F001,Smart Campus,B001,Building A,BLK-A1,Block A1,SP-001,Open Workspace A1,Workspace,2026-01-26 05:00:00,120,6,114,5.0,UNDERUSED,0
F001,Smart Campus,B001,Building A,BLK-A1,Block A1,SP-002,Conference Room A,Meeting Room,2026-01-26 05:00:00,30,3,27,10.0,UNDERUSED,0
F001,Smart Campus,B001,Building A,BLK-A2,Block A2,SP-003,Training Hall A,Training Room,2026-01-26 05:00:00,80,3,77,3.75,UNDERUSED,0
F001,Smart Campus,B002,Building B,BLK-B1,Block B1,SP-004,Open Workspace B1,Workspace,2026-01-26 05:00:00,150,7,143,4.67,UNDERUSED,0
F001,Smart Campus,B002,Building B,BLK-B1,Block B1,SP-005,Meeting Room B,Meeting Room,2026-01-26 05:00:00,25,0,25,0.0,UNDERUSED,0
F001,Smart Campus,B002,Building B,BLK-B2,Block B2,SP-006,Cafeteria B,Cafeteria,2026-01-26 05:00:00,180,26,154,14.44,UNDERUSED,0
F001,Smart Campus,B003,Building C,BLK-C1,Block C1,SP-007,Open Workspace C1,Workspace,2026-01-26 05:00:00,100,8,92,8.0,UNDERUSED,0
F001,Smart Campus,B003,Building C,BLK-C1,Block C1,SP-008,Server Operations Room,Restricted Area,2026-01-26 05:00:00,20,3,17,15.0,LOW,0
F001,Smart Campus,B001,Building A,BLK-A1,Block A1,SP-001,Open Workspace A1,Workspace,2026-01-26 06:00:00,120,7,113,5.83,UNDERUSED,0
F001,Smart Campus,B001,Building A,BLK-A1,Block A1,SP-002,Conference Room A,Meeting Room,2026-01-26 06:00:00,30,2,28,6.67,UNDERUSED,0
F001,Smart Campus,B001,Building A,BLK-A2,Block A2,SP-003,Training Hall A,Training Room,2026-01-26 06:00:00,80,2,78,2.5,UNDERUSED,0
F001,Smart Campus,B002,Building B,BLK-B1,Block B1,SP-004,Open Workspace B1,Workspace,2026-01-26 06:00:00,150,7,143,4.67,UNDERUSED,0
F001,Smart Campus,B002,Building B,BLK-B1,Block B1,SP-005,Meeting Room B,Meeting Room,2026-01-26 06:00:00,25,0,25,0.0,UNDERUSED,0
F001,Smart Campus,B002,Building B,BLK-B2,Block B2,SP-006,Cafeteria B,Cafeteria,2026-01-26 06:00:00,180,24,156,13.33,UNDERUSED,0
F001,Smart Campus,B003,Building C,BLK-C1,Block C1,SP-007,Open Workspace C1,Workspace,2026-01-26 06:00:00,100,1,99,1.0,UNDERUSED,0
F001,Smart Campus,B003,Building C,BLK-C1,Block C1,SP-008,Server Operations Room,Restricted Area,2026-01-26 06:00:00,20,6,14,30.0,LOW,0
F001,Smart Campus,B001,Building A,BLK-A1,Block A1,SP-001,Open Workspace A1,Workspace,2026-01-26 07:00:00,120,5,115,4.17,UNDERUSED,0
F001,Smart Campus,B001,Building A,BLK-A1,Block A1,SP-002,Conference Room A,Meeting Room,2026-01-26 07:00:00,30,1,29,3.33,UNDERUSED,0
F001,Smart Campus,B001,Building A,BLK-A2,Block A2,SP-003,Training Hall A,Training Room,2026-01-26 07:00:00,80,2,78,2.5,UNDERUSED,0
F001,Smart Campus,B002,Building B,BLK-B1,Block B1,SP-004,Open Workspace B1,Workspace,2026-01-26 07:00:00,150,11,139,7.33,UNDERUSED,0
F001,Smart Campus,B002,Building B,BLK-B1,Block B1,SP-005,Meeting Room B,Meeting Room,2026-01-26 07:00:00,25,2,23,8.0,UNDERUSED,0
F001,Smart Campus,B002,Building B,BLK-B2,Block B2,SP-006,Cafeteria B,Cafeteria,2026-01-26 07:00:00,180,8,172,4.44,UNDERUSED,0
F001,Smart Campus,B003,Building C,BLK-C1,Block C1,SP-007,Open Workspace C1,Workspace,2026-01-26 07:00:00,100,8,92,8.0,UNDERUSED,0
F001,Smart Campus,B003,Building C,BLK-C1,Block C1,SP-008,Server Operations Room,Restricted Area,2026-01-26 07:00:00,20,2,18,10.0,UNDERUSED,0
F001,Smart Campus,B001,Building A,BLK-A1,Block A1,SP-001,Open Workspace A1,Workspace,2026-01-26 08:00:00,120,10,110,8.33,UNDERUSED,0
F001,Smart Campus,B001,Building A,BLK-A1,Block A1,SP-002,Conference Room A,Meeting Room,2026-01-26 08:00:00,30,1,29,3.33,UNDERUSED,0
F001,Smart Campus,B001,Building A,BLK-A2,Block A2,SP-003,Training Hall A,Training Room,2026-01-26 08:00:00,80,0,80,0.0,UNDERUSED,0
F001,Smart Campus,B002,Building B,BLK-B1,Block B1,SP-004,Open Workspace B1,Workspace,2026-01-26 08:00:00,150,11,139,7.33,UNDERUSED,0
F001,Smart Campus,B002,Building B,BLK-B1,Block B1,SP-005,Meeting Room B,Meeting Room,2026-01-26 08:00:00,25,0,25,0.0,UNDERUSED,0
F001,Smart Campus,B002,Building B,BLK-B2,Block B2,SP-006,Cafeteria B,Cafeteria,2026-01-26 08:00:00,180,50,130,27.78,LOW,0
F001,Smart Campus,B003,Building C,BLK-C1,Block C1,SP-007,Open Workspace C1,Workspace,2026-01-26 08:00:00,100,3,97,3.0,UNDERUSED,0
F001,Smart Campus,B003,Building C,BLK-C1,Block C1,SP-008,Server Operations Room,Restricted Area,2026-01-26 08:00:00,20,6,14,30.0,LOW,0
F001,Smart Campus,B001,Building A,BLK-A1,Block A1,SP-001,Open Workspace A1,Workspace,2026-01-26 09:00:00,120,80,40,66.67,OPTIMAL,0
F001,Smart Campus,B001,Building A,BLK-A1,Block A1,SP-002,Conference Room A,Meeting Room,2026-01-26 09:00:00,30,14,16,46.67,OPTIMAL,0
F001,Smart Campus,B001,Building A,BLK-A2,Block A2,SP-003,Training Hall A,Training Room,2026-01-26 09:00:00,80,55,25,68.75,OPTIMAL,0
F001,Smart Campus,B002,Building B,BLK-B1,Block B1,SP-004,Open Workspace B1,Workspace,2026-01-26 09:00:00,150,118,32,78.67,HIGH,0
F001,Smart Campus,B002,Building B,BLK-B1,Block B1,SP-005,Meeting Room B,Meeting Room,2026-01-26 09:00:00,25,16,9,64.0,OPTIMAL,0
F001,Smart Campus,B002,Building B,BLK-B2,Block B2,SP-006,Cafeteria B,Cafeteria,2026-01-26 09:00:00,180,73,107,40.56,OPTIMAL,0
F001,Smart Campus,B003,Building C,BLK-C1,Block C1,SP-007,Open Workspace C1,Workspace,2026-01-26 09:00:00,100,81,19,81.0,HIGH,0
F001,Smart Campus,B003,Building C,BLK-C1,Block C1,SP-008,Server Operations Room,Restricted Area,2026-01-26 09:00:00,20,6,14,30.0,LOW,0
F001,Smart Campus,B001,Building A,BLK-A1,Block A1,SP-001,Open Workspace A1,Workspace,2026-01-26 10:00:00,120,83,37,69.17,OPTIMAL,0
F001,Smart Campus,B001,Building A,BLK-A1,Block A1,SP-002,Conference Room A,Meeting Room,2026-01-26 10:00:00,30,17,13,56.67,OPTIMAL,0
F001,Smart Campus,B001,Building A,BLK-A2,Block A2,SP-003,Training Hall A,Training Room,2026-01-26 10:00:00,80,30,50,37.5,LOW,0
F001,Smart Campus,B002,Building B,BLK-B1,Block B1,SP-004,Open Workspace B1,Workspace,2026-01-26 10:00:00,150,133,17,88.67,HIGH,0
F001,Smart Campus,B002,Building B,BLK-B1,Block B1,SP-005,Meeting Room B,Meeting Room,2026-01-26 10:00:00,25,16,9,64.0,OPTIMAL,0
F001,Smart Campus,B002,Building B,BLK-B2,Block B2,SP-006,Cafeteria B,Cafeteria,2026-01-26 10:00:00,180,20,160,11.11,UNDERUSED,0
F001,Smart Campus,B003,Building C,BLK-C1,Block C1,SP-007,Open Workspace C1,Workspace,2026-01-26 10:00:00,100,75,25,75.0,HIGH,0
F001,Smart Campus,B003,Building C,BLK-C1,Block C1,SP-008,Server Operations Room,Restricted Area,2026-01-26 10:00:00,20,1,19,5.0,UNDERUSED,0
F001,Smart Campus,B001,Building A,BLK-A1,Block A1,SP-001,Open Workspace A1,Workspace,2026-01-26 11:00:00,120,128,0,106.67,OVERCROWDED,1
F001,Smart Campus,B001,Building A,BLK-A1,Block A1,SP-002,Conference Room A,Meeting Room,2026-01-26 11:00:00,30,19,11,63.33,OPTIMAL,0
F001,Smart Campus,B001,Building A,BLK-A2,Block A2,SP-003,Training Hall A,Training Room,2026-01-26 11:00:00,80,46,34,57.5,OPTIMAL,0
F001,Smart Campus,B002,Building B,BLK-B1,Block B1,SP-004,Open Workspace B1,Workspace,2026-01-26 11:00:00,150,132,18,88.0,HIGH,0
F001,Smart Campus,B002,Building B,BLK-B1,Block B1,SP-005,Meeting Room B,Meeting Room,2026-01-26 11:00:00,25,13,12,52.0,OPTIMAL,0
F001,Smart Campus,B002,Building B,BLK-B2,Block B2,SP-006,Cafeteria B,Cafeteria,2026-01-26 11:00:00,180,10,170,5.56,UNDERUSED,0
F001,Smart Campus,B003,Building C,BLK-C1,Block C1,SP-007,Open Workspace C1,Workspace,2026-01-26 11:00:00,100,74,26,74.0,OPTIMAL,0
F001,Smart Campus,B003,Building C,BLK-C1,Block C1,SP-008,Server Operations Room,Restricted Area,2026-01-26 11:00:00,20,4,16,20.0,LOW,0
F001,Smart Campus,B001,Building A,BLK-A1,Block A1,SP-001,Open Workspace A1,Workspace,2026-01-26 12:00:00,120,63,57,52.5,OPTIMAL,0
F001,Smart Campus,B001,Building A,BLK-A1,Block A1,SP-002,Conference Room A,Meeting Room,2026-01-26 12:00:00,30,7,23,23.33,LOW,0
F001,Smart Campus,B001,Building A,BLK-A2,Block A2,SP-003,Training Hall A,Training Room,2026-01-26 12:00:00,80,33,47,41.25,OPTIMAL,0
F001,Smart Campus,B002,Building B,BLK-B1,Block B1,SP-004,Open Workspace B1,Workspace,2026-01-26 12:00:00,150,65,85,43.33,OPTIMAL,0
F001,Smart Campus,B002,Building B,BLK-B1,Block B1,SP-005,Meeting Room B,Meeting Room,2026-01-26 12:00:00,25,18,7,72.0,OPTIMAL,0
F001,Smart Campus,B002,Building B,BLK-B2,Block B2,SP-006,Cafeteria B,Cafeteria,2026-01-26 12:00:00,180,160,20,88.89,HIGH,0
F001,Smart Campus,B003,Building C,BLK-C1,Block C1,SP-007,Open Workspace C1,Workspace,2026-01-26 12:00:00,100,45,55,45.0,OPTIMAL,0
F001,Smart Campus,B003,Building C,BLK-C1,Block C1,SP-008,Server Operations Room,Restricted Area,2026-01-26 12:00:00,20,5,15,25.0,LOW,0
F001,Smart Campus,B001,Building A,BLK-A1,Block A1,SP-001,Open Workspace A1,Workspace,2026-01-26 13:00:00,120,56,64,46.67,OPTIMAL,0
F001,Smart Campus,B001,Building A,BLK-A1,Block A1,SP-002,Conference Room A,Meeting Room,2026-01-26 13:00:00,30,17,13,56.67,OPTIMAL,0
F001,Smart Campus,B001,Building A,BLK-A2,Block A2,SP-003,Training Hall A,Training Room,2026-01-26 13:00:00,80,53,27,66.25,OPTIMAL,0
F001,Smart Campus,B002,Building B,BLK-B1,Block B1,SP-004,Open Workspace B1,Workspace,2026-01-26 13:00:00,150,57,93,38.0,LOW,0
F001,Smart Campus,B002,Building B,BLK-B1,Block B1,SP-005,Meeting Room B,Meeting Room,2026-01-26 13:00:00,25,21,4,84.0,HIGH,0
F001,Smart Campus,B002,Building B,BLK-B2,Block B2,SP-006,Cafeteria B,Cafeteria,2026-01-26 13:00:00,180,154,26,85.56,HIGH,0
F001,Smart Campus,B003,Building C,BLK-C1,Block C1,SP-007,Open Workspace C1,Workspace,2026-01-26 13:00:00,100,36,64,36.0,LOW,0
F001,Smart Campus,B003,Building C,BLK-C1,Block C1,SP-008,Server Operations Room,Restricted Area,2026-01-26 13:00:00,20,2,18,10.0,UNDERUSED,0
F001,Smart Campus,B001,Building A,BLK-A1,Block A1,SP-001,Open Workspace A1,Workspace,2026-01-26 14:00:00,120,76,44,63.33,OPTIMAL,0
F001,Smart Campus,B001,Building A,BLK-A1,Block A1,SP-002,Conference Room A,Meeting Room,2026-01-26 14:00:00,30,15,15,50.0,OPTIMAL,0
F001,Smart Campus,B001,Building A,BLK-A2,Block A2,SP-003,Training Hall A,Training Room,2026-01-26 14:00:00,80,63,17,78.75,HIGH,0
F001,Smart Campus,B002,Building B,BLK-B1,Block B1,SP-004,Open Workspace B1,Workspace,2026-01-26 14:00:00,150,121,29,80.67,HIGH,0
F001,Smart Campus,B002,Building B,BLK-B1,Block B1,SP-005,Meeting Room B,Meeting Room,2026-01-26 14:00:00,25,20,5,80.0,HIGH,0
F001,Smart Campus,B002,Building B,BLK-B2,Block B2,SP-006,Cafeteria B,Cafeteria,2026-01-26 14:00:00,180,166,14,92.22,HIGH,0
F001,Smart Campus,B003,Building C,BLK-C1,Block C1,SP-007,Open Workspace C1,Workspace,2026-01-26 14:00:00,100,72,28,72.0,OPTIMAL,0
F001,Smart Campus,B003,Building C,BLK-C1,Block C1,SP-008,Server Operations Room,Restricted Area,2026-01-26 14:00:00,20,5,15,25.0,LOW,0
F001,Smart Campus,B001,Building A,BLK-A1,Block A1,SP-001,Open Workspace A1,Workspace,2026-01-26 15:00:00,120,100,20,83.33,HIGH,0
F001,Smart Campus,B001,Building A,BLK-A1,Block A1,SP-002,Conference Room A,Meeting Room,2026-01-26 15:00:00,30,21,9,70.0,OPTIMAL,0
F001,Smart Campus,B001,Building A,BLK-A2,Block A2,SP-003,Training Hall A,Training Room,2026-01-26 15:00:00,80,56,24,70.0,OPTIMAL,0
F001,Smart Campus,B002,Building B,BLK-B1,Block B1,SP-004,Open Workspace B1,Workspace,2026-01-26 15:00:00,150,103,47,68.67,OPTIMAL,0
F001,Smart Campus,B002,Building B,BLK-B1,Block B1,SP-005,Meeting Room B,Meeting Room,2026-01-26 15:00:00,25,11,14,44.0,OPTIMAL,0
F001,Smart Campus,B002,Building B,BLK-B2,Block B2,SP-006,Cafeteria B,Cafeteria,2026-01-26 15:00:00,180,17,163,9.44,UNDERUSED,0
F001,Smart Campus,B003,Building C,BLK-C1,Block C1,SP-007,Open Workspace C1,Workspace,2026-01-26 15:00:00,100,67,33,67.0,OPTIMAL,0
F001,Smart Campus,B003,Building C,BLK-C1,Block C1,SP-008,Server Operations Room,Restricted Area,2026-01-26 15:00:00,20,3,17,15.0,LOW,0
F001,Smart Campus,B001,Building A,BLK-A1,Block A1,SP-001,Open Workspace A1,Workspace,2026-01-26 16:00:00,120,77,43,64.17,OPTIMAL,0
F001,Smart Campus,B001,Building A,BLK-A1,Block A1,SP-002,Conference Room A,Meeting Room,2026-01-26 16:00:00,30,22,8,73.33,OPTIMAL,0
F001,Smart Campus,B001,Building A,BLK-A2,Block A2,SP-003,Training Hall A,Training Room,2026-01-26 16:00:00,80,44,36,55.0,OPTIMAL,0
F001,Smart Campus,B002,Building B,BLK-B1,Block B1,SP-004,Open Workspace B1,Workspace,2026-01-26 16:00:00,150,118,32,78.67,HIGH,0
F001,Smart Campus,B002,Building B,BLK-B1,Block B1,SP-005,Meeting Room B,Meeting Room,2026-01-26 16:00:00,25,18,7,72.0,OPTIMAL,0
F001,Smart Campus,B002,Building B,BLK-B2,Block B2,SP-006,Cafeteria B,Cafeteria,2026-01-26 16:00:00,180,61,119,33.89,LOW,0
F001,Smart Campus,B003,Building C,BLK-C1,Block C1,SP-007,Open Workspace C1,Workspace,2026-01-26 16:00:00,100,75,25,75.0,HIGH,0
F001,Smart Campus,B003,Building C,BLK-C1,Block C1,SP-008,Server Operations Room,Restricted Area,2026-01-26 16:00:00,20,2,18,10.0,UNDERUSED,0
F001,Smart Campus,B001,Building A,BLK-A1,Block A1,SP-001,Open Workspace A1,Workspace,2026-01-26 17:00:00,120,103,17,85.83,HIGH,0
F001,Smart Campus,B001,Building A,BLK-A1,Block A1,SP-002,Conference Room A,Meeting Room,2026-01-26 17:00:00,30,16,14,53.33,OPTIMAL,0
F001,Smart Campus,B001,Building A,BLK-A2,Block A2,SP-003,Training Hall A,Training Room,2026-01-26 17:00:00,80,4,76,5.0,UNDERUSED,0
F001,Smart Campus,B002,Building B,BLK-B1,Block B1,SP-004,Open Workspace B1,Workspace,2026-01-26 17:00:00,150,105,45,70.0,OPTIMAL,0
F001,Smart Campus,B002,Building B,BLK-B1,Block B1,SP-005,Meeting Room B,Meeting Room,2026-01-26 17:00:00,25,14,11,56.0,OPTIMAL,0
F001,Smart Campus,B002,Building B,BLK-B2,Block B2,SP-006,Cafeteria B,Cafeteria,2026-01-26 17:00:00,180,48,132,26.67,LOW,0
F001,Smart Campus,B003,Building C,BLK-C1,Block C1,SP-007,Open Workspace C1,Workspace,2026-01-26 17:00:00,100,71,29,71.0,OPTIMAL,0
F001,Smart Campus,B003,Building C,BLK-C1,Block C1,SP-008,Server Operations Room,Restricted Area,2026-01-26 17:00:00,20,1,19,5.0,UNDERUSED,0
F001,Smart Campus,B001,Building A,BLK-A1,Block A1,SP-001,Open Workspace A1,Workspace,2026-01-26 18:00:00,120,27,93,22.5,LOW,0
F001,Smart Campus,B001,Building A,BLK-A1,Block A1,SP-002,Conference Room A,Meeting Room,2026-01-26 18:00:00,30,1,29,3.33,UNDERUSED,0
F001,Smart Campus,B001,Building A,BLK-A2,Block A2,SP-003,Training Hall A,Training Room,2026-01-26 18:00:00,80,2,78,2.5,UNDERUSED,0
F001,Smart Campus,B002,Building B,BLK-B1,Block B1,SP-004,Open Workspace B1,Workspace,2026-01-26 18:00:00,150,58,92,38.67,LOW,0
F001,Smart Campus,B002,Building B,BLK-B1,Block B1,SP-005,Meeting Room B,Meeting Room,2026-01-26 18:00:00,25,1,24,4.0,UNDERUSED,0
F001,Smart Campus,B002,Building B,BLK-B2,Block B2,SP-006,Cafeteria B,Cafeteria,2026-01-26 18:00:00,180,5,175,2.78,UNDERUSED,0
F001,Smart Campus,B003,Building C,BLK-C1,Block C1,SP-007,Open Workspace C1,Workspace,2026-01-26 18:00:00,100,39,61,39.0,LOW,0
F001,Smart Campus,B003,Building C,BLK-C1,Block C1,SP-008,Server Operations Room,Restricted Area,2026-01-26 18:00:00,20,4,16,20.0,LOW,0
F001,Smart Campus,B001,Building A,BLK-A1,Block A1,SP-001,Open Workspace A1,Workspace,2026-01-26 19:00:00,120,46,74,38.33,LOW,0
F001,Smart Campus,B001,Building A,BLK-A1,Block A1,SP-002,Conference Room A,Meeting Room,2026-01-26 19:00:00,30,1,29,3.33,UNDERUSED,0
F001,Smart Campus,B001,Building A,BLK-A2,Block A2,SP-003,Training Hall A,Training Room,2026-01-26 19:00:00,80,4,76,5.0,UNDERUSED,0
F001,Smart Campus,B002,Building B,BLK-B1,Block B1,SP-004,Open Workspace B1,Workspace,2026-01-26 19:00:00,150,40,110,26.67,LOW,0
F001,Smart Campus,B002,Building B,BLK-B1,Block B1,SP-005,Meeting Room B,Meeting Room,2026-01-26 19:00:00,25,1,24,4.0,UNDERUSED,0
F001,Smart Campus,B002,Building B,BLK-B2,Block B2,SP-006,Cafeteria B,Cafeteria,2026-01-26 19:00:00,180,12,168,6.67,UNDERUSED,0
F001,Smart Campus,B003,Building C,BLK-C1,Block C1,SP-007,Open Workspace C1,Workspace,2026-01-26 19:00:00,100,23,77,23.0,LOW,0
F001,Smart Campus,B003,Building C,BLK-C1,Block C1,SP-008,Server Operations Room,Restricted Area,2026-01-26 19:00:00,20,2,18,10.0,UNDERUSED,0
F001,Smart Campus,B001,Building A,BLK-A1,Block A1,SP-001,Open Workspace A1,Workspace,2026-01-26 20:00:00,120,40,80,33.33,LOW,0
F001,Smart Campus,B001,Building A,BLK-A1,Block A1,SP-002,Conference Room A,Meeting Room,2026-01-26 20:00:00,30,2,28,6.67,UNDERUSED,0
F001,Smart Campus,B001,Building A,BLK-A2,Block A2,SP-003,Training Hall A,Training Room,2026-01-26 20:00:00,80,2,78,2.5,UNDERUSED,0
F001,Smart Campus,B002,Building B,BLK-B1,Block B1,SP-004,Open Workspace B1,Workspace,2026-01-26 20:00:00,150,58,92,38.67,LOW,0
F001,Smart Campus,B002,Building B,BLK-B1,Block B1,SP-005,Meeting Room B,Meeting Room,2026-01-26 20:00:00,25,2,23,8.0,UNDERUSED,0
F001,Smart Campus,B002,Building B,BLK-B2,Block B2,SP-006,Cafeteria B,Cafeteria,2026-01-26 20:00:00,180,4,176,2.22,UNDERUSED,0
F001,Smart Campus,B003,Building C,BLK-C1,Block C1,SP-007,Open Workspace C1,Workspace,2026-01-26 20:00:00,100,39,61,39.0,LOW,0
F001,Smart Campus,B003,Building C,BLK-C1,Block C1,SP-008,Server Operations Room,Restricted Area,2026-01-26 20:00:00,20,5,15,25.0,LOW,0
F001,Smart Campus,B001,Building A,BLK-A1,Block A1,SP-001,Open Workspace A1,Workspace,2026-01-26 21:00:00,120,7,113,5.83,UNDERUSED,0
F001,Smart Campus,B001,Building A,BLK-A1,Block A1,SP-002,Conference Room A,Meeting Room,2026-01-26 21:00:00,30,1,29,3.33,UNDERUSED,0
F001,Smart Campus,B001,Building A,BLK-A2,Block A2,SP-003,Training Hall A,Training Room,2026-01-26 21:00:00,80,0,80,0.0,UNDERUSED,0
F001,Smart Campus,B002,Building B,BLK-B1,Block B1,SP-004,Open Workspace B1,Workspace,2026-01-26 21:00:00,150,10,140,6.67,UNDERUSED,0
F001,Smart Campus,B002,Building B,BLK-B1,Block B1,SP-005,Meeting Room B,Meeting Room,2026-01-26 21:00:00,25,1,24,4.0,UNDERUSED,0
F001,Smart Campus,B002,Building B,BLK-B2,Block B2,SP-006,Cafeteria B,Cafeteria,2026-01-26 21:00:00,180,26,154,14.44,UNDERUSED,0
F001,Smart Campus,B003,Building C,BLK-C1,Block C1,SP-007,Open Workspace C1,Workspace,2026-01-26 21:00:00,100,1,99,1.0,UNDERUSED,0
F001,Smart Campus,B003,Building C,BLK-C1,Block C1,SP-008,Server Operations Room,Restricted Area,2026-01-26 21:00:00,20,6,14,30.0,LOW,0
F001,Smart Campus,B001,Building A,BLK-A1,Block A1,SP-001,Open Workspace A1,Workspace,2026-01-26 22:00:00,120,10,110,8.33,UNDERUSED,0
F001,Smart Campus,B001,Building A,BLK-A1,Block A1,SP-002,Conference Room A,Meeting Room,2026-01-26 22:00:00,30,2,28,6.67,UNDERUSED,0
F001,Smart Campus,B001,Building A,BLK-A2,Block A2,SP-003,Training Hall A,Training Room,2026-01-26 22:00:00,80,0,80,0.0,UNDERUSED,0
F001,Smart Campus,B002,Building B,BLK-B1,Block B1,SP-004,Open Workspace B1,Workspace,2026-01-26 22:00:00,150,11,139,7.33,UNDERUSED,0
F001,Smart Campus,B002,Building B,BLK-B1,Block B1,SP-005,Meeting Room B,Meeting Room,2026-01-26 22:00:00,25,1,24,4.0,UNDERUSED,0
F001,Smart Campus,B002,Building B,BLK-B2,Block B2,SP-006,Cafeteria B,Cafeteria,2026-01-26 22:00:00,180,14,166,7.78,UNDERUSED,0
F001,Smart Campus,B003,Building C,BLK-C1,Block C1,SP-007,Open Workspace C1,Workspace,2026-01-26 22:00:00,100,10,90,10.0,UNDERUSED,0
F001,Smart Campus,B003,Building C,BLK-C1,Block C1,SP-008,Server Operations Room,Restricted Area,2026-01-26 22:00:00,20,2,18,10.0,UNDERUSED,0
F001,Smart Campus,B001,Building A,BLK-A1,Block A1,SP-001,Open Workspace A1,Workspace,2026-01-26 23:00:00,120,2,118,1.67,UNDERUSED,0
F001,Smart Campus,B001,Building A,BLK-A1,Block A1,SP-002,Conference Room A,Meeting Room,2026-01-26 23:00:00,30,2,28,6.67,UNDERUSED,0
F001,Smart Campus,B001,Building A,BLK-A2,Block A2,SP-003,Training Hall A,Training Room,2026-01-26 23:00:00,80,5,75,6.25,UNDERUSED,0
F001,Smart Campus,B002,Building B,BLK-B1,Block B1,SP-004,Open Workspace B1,Workspace,2026-01-26 23:00:00,150,12,138,8.0,UNDERUSED,0
F001,Smart Campus,B002,Building B,BLK-B1,Block B1,SP-005,Meeting Room B,Meeting Room,2026-01-26 23:00:00,25,28,0,112.0,OVERCROWDED,1
F001,Smart Campus,B002,Building B,BLK-B2,Block B2,SP-006,Cafeteria B,Cafeteria,2026-01-26 23:00:00,180,23,157,12.78,UNDERUSED,0
F001,Smart Campus,B003,Building C,BLK-C1,Block C1,SP-007,Open Workspace C1,Workspace,2026-01-26 23:00:00,100,2,98,2.0,UNDERUSED,0
F001,Smart Campus,B003,Building C,BLK-C1,Block C1,SP-008,Server Operations Room,Restricted Area,2026-01-26 23:00:00,20,1,19,5.0,UNDERUSED,0
F001,Smart Campus,B001,Building A,BLK-A1,Block A1,SP-001,Open Workspace A1,Workspace,2026-01-27 00:00:00,120,8,112,6.67,UNDERUSED,0
F001,Smart Campus,B001,Building A,BLK-A1,Block A1,SP-002,Conference Room A,Meeting Room,2026-01-27 00:00:00,30,1,29,3.33,UNDERUSED,0
F001,Smart Campus,B001,Building A,BLK-A2,Block A2,SP-003,Training Hall A,Training Room,2026-01-27 00:00:00,80,3,77,3.75,UNDERUSED,0
F001,Smart Campus,B002,Building B,BLK-B1,Block B1,SP-004,Open Workspace B1,Workspace,2026-01-27 00:00:00,150,3,147,2.0,UNDERUSED,0
F001,Smart Campus,B002,Building B,BLK-B1,Block B1,SP-005,Meeting Room B,Meeting Room,2026-01-27 00:00:00,25,1,24,4.0,UNDERUSED,0
F001,Smart Campus,B002,Building B,BLK-B2,Block B2,SP-006,Cafeteria B,Cafeteria,2026-01-27 00:00:00,180,21,159,11.67,UNDERUSED,0
F001,Smart Campus,B003,Building C,BLK-C1,Block C1,SP-007,Open Workspace C1,Workspace,2026-01-27 00:00:00,100,9,91,9.0,UNDERUSED,0
F001,Smart Campus,B003,Building C,BLK-C1,Block C1,SP-008,Server Operations Room,Restricted Area,2026-01-27 00:00:00,20,5,15,25.0,LOW,0
F001,Smart Campus,B001,Building A,BLK-A1,Block A1,SP-001,Open Workspace A1,Workspace,2026-01-27 01:00:00,120,10,110,8.33,UNDERUSED,0
F001,Smart Campus,B001,Building A,BLK-A1,Block A1,SP-002,Conference Room A,Meeting Room,2026-01-27 01:00:00,30,2,28,6.67,UNDERUSED,0
F001,Smart Campus,B001,Building A,BLK-A2,Block A2,SP-003,Training Hall A,Training Room,2026-01-27 01:00:00,80,2,78,2.5,UNDERUSED,0
F001,Smart Campus,B002,Building B,BLK-B1,Block B1,SP-004,Open Workspace B1,Workspace,2026-01-27 01:00:00,150,8,142,5.33,UNDERUSED,0
F001,Smart Campus,B002,Building B,BLK-B1,Block B1,SP-005,Meeting Room B,Meeting Room,2026-01-27 01:00:00,25,2,23,8.0,UNDERUSED,0
F001,Smart Campus,B002,Building B,BLK-B2,Block B2,SP-006,Cafeteria B,Cafeteria,2026-01-27 01:00:00,180,18,162,10.0,UNDERUSED,0
F001,Smart Campus,B003,Building C,BLK-C1,Block C1,SP-007,Open Workspace C1,Workspace,2026-01-27 01:00:00,100,3,97,3.0,UNDERUSED,0
F001,Smart Campus,B003,Building C,BLK-C1,Block C1,SP-008,Server Operations Room,Restricted Area,2026-01-27 01:00:00,20,7,13,35.0,LOW,0
F001,Smart Campus,B001,Building A,BLK-A1,Block A1,SP-001,Open Workspace A1,Workspace,2026-01-27 02:00:00,120,9,111,7.5,UNDERUSED,0
F001,Smart Campus,B001,Building A,BLK-A1,Block A1,SP-002,Conference Room A,Meeting Room,2026-01-27 02:00:00,30,1,29,3.33,UNDERUSED,0
F001,Smart Campus,B001,Building A,BLK-A2,Block A2,SP-003,Training Hall A,Training Room,2026-01-27 02:00:00,80,1,79,1.25,UNDERUSED,0
F001,Smart Campus,B002,Building B,BLK-B1,Block B1,SP-004,Open Workspace B1,Workspace,2026-01-27 02:00:00,150,11,139,7.33,UNDERUSED,0
F001,Smart Campus,B002,Building B,BLK-B1,Block B1,SP-005,Meeting Room B,Meeting Room,2026-01-27 02:00:00,25,1,24,4.0,UNDERUSED,0
F001,Smart Campus,B002,Building B,BLK-B2,Block B2,SP-006,Cafeteria B,Cafeteria,2026-01-27 02:00:00,180,15,165,8.33,UNDERUSED,0
F001,Smart Campus,B003,Building C,BLK-C1,Block C1,SP-007,Open Workspace C1,Workspace,2026-01-27 02:00:00,100,4,96,4.0,UNDERUSED,0
F001,Smart Campus,B003,Building C,BLK-C1,Block C1,SP-008,Server Operations Room,Restricted Area,2026-01-27 02:00:00,20,6,14,30.0,LOW,0
F001,Smart Campus,B001,Building A,BLK-A1,Block A1,SP-001,Open Workspace A1,Workspace,2026-01-27 03:00:00,120,4,116,3.33,UNDERUSED,0
F001,Smart Campus,B001,Building A,BLK-A1,Block A1,SP-002,Conference Room A,Meeting Room,2026-01-27 03:00:00,30,1,29,3.33,UNDERUSED,0
F001,Smart Campus,B001,Building A,BLK-A2,Block A2,SP-003,Training Hall A,Training Room,2026-01-27 03:00:00,80,2,78,2.5,UNDERUSED,0
F001,Smart Campus,B002,Building B,BLK-B1,Block B1,SP-004,Open Workspace B1,Workspace,2026-01-27 03:00:00,150,4,146,2.67,UNDERUSED,0
F001,Smart Campus,B002,Building B,BLK-B1,Block B1,SP-005,Meeting Room B,Meeting Room,2026-01-27 03:00:00,25,1,24,4.0,UNDERUSED,0
F001,Smart Campus,B002,Building B,BLK-B2,Block B2,SP-006,Cafeteria B,Cafeteria,2026-01-27 03:00:00,180,11,169,6.11,UNDERUSED,0
F001,Smart Campus,B003,Building C,BLK-C1,Block C1,SP-007,Open Workspace C1,Workspace,2026-01-27 03:00:00,100,4,96,4.0,UNDERUSED,0
F001,Smart Campus,B003,Building C,BLK-C1,Block C1,SP-008,Server Operations Room,Restricted Area,2026-01-27 03:00:00,20,5,15,25.0,LOW,0
F001,Smart Campus,B001,Building A,BLK-A1,Block A1,SP-001,Open Workspace A1,Workspace,2026-01-27 04:00:00,120,11,109,9.17,UNDERUSED,0
F001,Smart Campus,B001,Building A,BLK-A1,Block A1,SP-002,Conference Room A,Meeting Room,2026-01-27 04:00:00,30,2,28,6.67,UNDERUSED,0
F001,Smart Campus,B001,Building A,BLK-A2,Block A2,SP-003,Training Hall A,Training Room,2026-01-27 04:00:00,80,5,75,6.25,UNDERUSED,0
F001,Smart Campus,B002,Building B,BLK-B1,Block B1,SP-004,Open Workspace B1,Workspace,2026-01-27 04:00:00,150,13,137,8.67,UNDERUSED,0
F001,Smart Campus,B002,Building B,BLK-B1,Block B1,SP-005,Meeting Room B,Meeting Room,2026-01-27 04:00:00,25,1,24,4.0,UNDERUSED,0
F001,Smart Campus,B002,Building B,BLK-B2,Block B2,SP-006,Cafeteria B,Cafeteria,2026-01-27 04:00:00,180,21,159,11.67,UNDERUSED,0
F001,Smart Campus,B003,Building C,BLK-C1,Block C1,SP-007,Open Workspace C1,Workspace,2026-01-27 04:00:00,100,2,98,2.0,UNDERUSED,0
F001,Smart Campus,B003,Building C,BLK-C1,Block C1,SP-008,Server Operations Room,Restricted Area,2026-01-27 04:00:00,20,5,15,25.0,LOW,0
F001,Smart Campus,B001,Building A,BLK-A1,Block A1,SP-001,Open Workspace A1,Workspace,2026-01-27 05:00:00,120,10,110,8.33,UNDERUSED,0
F001,Smart Campus,B001,Building A,BLK-A1,Block A1,SP-002,Conference Room A,Meeting Room,2026-01-27 05:00:00,30,1,29,3.33,UNDERUSED,0
F001,Smart Campus,B001,Building A,BLK-A2,Block A2,SP-003,Training Hall A,Training Room,2026-01-27 05:00:00,80,4,76,5.0,UNDERUSED,0
F001,Smart Campus,B002,Building B,BLK-B1,Block B1,SP-004,Open Workspace B1,Workspace,2026-01-27 05:00:00,150,4,146,2.67,UNDERUSED,0
F001,Smart Campus,B002,Building B,BLK-B1,Block B1,SP-005,Meeting Room B,Meeting Room,2026-01-27 05:00:00,25,2,23,8.0,UNDERUSED,0
F001,Smart Campus,B002,Building B,BLK-B2,Block B2,SP-006,Cafeteria B,Cafeteria,2026-01-27 05:00:00,180,7,173,3.89,UNDERUSED,0
F001,Smart Campus,B003,Building C,BLK-C1,Block C1,SP-007,Open Workspace C1,Workspace,2026-01-27 05:00:00,100,8,92,8.0,UNDERUSED,0
F001,Smart Campus,B003,Building C,BLK-C1,Block C1,SP-008,Server Operations Room,Restricted Area,2026-01-27 05:00:00,20,2,18,10.0,UNDERUSED,0
F001,Smart Campus,B001,Building A,BLK-A1,Block A1,SP-001,Open Workspace A1,Workspace,2026-01-27 06:00:00,120,7,113,5.83,UNDERUSED,0
F001,Smart Campus,B001,Building A,BLK-A1,Block A1,SP-002,Conference Room A,Meeting Room,2026-01-27 06:00:00,30,1,29,3.33,UNDERUSED,0
F001,Smart Campus,B001,Building A,BLK-A2,Block A2,SP-003,Training Hall A,Training Room,2026-01-27 06:00:00,80,2,78,2.5,UNDERUSED,0
F001,Smart Campus,B002,Building B,BLK-B1,Block B1,SP-004,Open Workspace B1,Workspace,2026-01-27 06:00:00,150,12,138,8.0,UNDERUSED,0
F001,Smart Campus,B002,Building B,BLK-B1,Block B1,SP-005,Meeting Room B,Meeting Room,2026-01-27 06:00:00,25,2,23,8.0,UNDERUSED,0
F001,Smart Campus,B002,Building B,BLK-B2,Block B2,SP-006,Cafeteria B,Cafeteria,2026-01-27 06:00:00,180,17,163,9.44,UNDERUSED,0
F001,Smart Campus,B003,Building C,BLK-C1,Block C1,SP-007,Open Workspace C1,Workspace,2026-01-27 06:00:00,100,3,97,3.0,UNDERUSED,0
F001,Smart Campus,B003,Building C,BLK-C1,Block C1,SP-008,Server Operations Room,Restricted Area,2026-01-27 06:00:00,20,4,16,20.0,LOW,0
F001,Smart Campus,B001,Building A,BLK-A1,Block A1,SP-001,Open Workspace A1,Workspace,2026-01-27 07:00:00,120,6,114,5.0,UNDERUSED,0
F001,Smart Campus,B001,Building A,BLK-A1,Block A1,SP-002,Conference Room A,Meeting Room,2026-01-27 07:00:00,30,1,29,3.33,UNDERUSED,0
F001,Smart Campus,B001,Building A,BLK-A2,Block A2,SP-003,Training Hall A,Training Room,2026-01-27 07:00:00,80,1,79,1.25,UNDERUSED,0
F001,Smart Campus,B002,Building B,BLK-B1,Block B1,SP-004,Open Workspace B1,Workspace,2026-01-27 07:00:00,150,14,136,9.33,UNDERUSED,0
F001,Smart Campus,B002,Building B,BLK-B1,Block B1,SP-005,Meeting Room B,Meeting Room,2026-01-27 07:00:00,25,2,23,8.0,UNDERUSED,0
F001,Smart Campus,B002,Building B,BLK-B2,Block B2,SP-006,Cafeteria B,Cafeteria,2026-01-27 07:00:00,180,5,175,2.78,UNDERUSED,0
F001,Smart Campus,B003,Building C,BLK-C1,Block C1,SP-007,Open Workspace C1,Workspace,2026-01-27 07:00:00,100,8,92,8.0,UNDERUSED,0
F001,Smart Campus,B003,Building C,BLK-C1,Block C1,SP-008,Server Operations Room,Restricted Area,2026-01-27 07:00:00,20,6,14,30.0,LOW,0
F001,Smart Campus,B001,Building A,BLK-A1,Block A1,SP-001,Open Workspace A1,Workspace,2026-01-27 08:00:00,120,8,112,6.67,UNDERUSED,0
F001,Smart Campus,B001,Building A,BLK-A1,Block A1,SP-002,Conference Room A,Meeting Room,2026-01-27 08:00:00,30,2,28,6.67,UNDERUSED,0
F001,Smart Campus,B001,Building A,BLK-A2,Block A2,SP-003,Training Hall A,Training Room,2026-01-27 08:00:00,80,1,79,1.25,UNDERUSED,0
F001,Smart Campus,B002,Building B,BLK-B1,Block B1,SP-004,Open Workspace B1,Workspace,2026-01-27 08:00:00,150,11,139,7.33,UNDERUSED,0
F001,Smart Campus,B002,Building B,BLK-B1,Block B1,SP-005,Meeting Room B,Meeting Room,2026-01-27 08:00:00,25,1,24,4.0,UNDERUSED,0
F001,Smart Campus,B002,Building B,BLK-B2,Block B2,SP-006,Cafeteria B,Cafeteria,2026-01-27 08:00:00,180,77,103,42.78,OPTIMAL,0
F001,Smart Campus,B003,Building C,BLK-C1,Block C1,SP-007,Open Workspace C1,Workspace,2026-01-27 08:00:00,100,7,93,7.0,UNDERUSED,0
F001,Smart Campus,B003,Building C,BLK-C1,Block C1,SP-008,Server Operations Room,Restricted Area,2026-01-27 08:00:00,20,3,17,15.0,LOW,0
F001,Smart Campus,B001,Building A,BLK-A1,Block A1,SP-001,Open Workspace A1,Workspace,2026-01-27 09:00:00,120,104,16,86.67,HIGH,0
F001,Smart Campus,B001,Building A,BLK-A1,Block A1,SP-002,Conference Room A,Meeting Room,2026-01-27 09:00:00,30,20,10,66.67,OPTIMAL,0
F001,Smart Campus,B001,Building A,BLK-A2,Block A2,SP-003,Training Hall A,Training Room,2026-01-27 09:00:00,80,33,47,41.25,OPTIMAL,0
F001,Smart Campus,B002,Building B,BLK-B1,Block B1,SP-004,Open Workspace B1,Workspace,2026-01-27 09:00:00,150,114,36,76.0,HIGH,0
F001,Smart Campus,B002,Building B,BLK-B1,Block B1,SP-005,Meeting Room B,Meeting Room,2026-01-27 09:00:00,25,9,16,36.0,LOW,0
F001,Smart Campus,B002,Building B,BLK-B2,Block B2,SP-006,Cafeteria B,Cafeteria,2026-01-27 09:00:00,180,62,118,34.44,LOW,0
F001,Smart Campus,B003,Building C,BLK-C1,Block C1,SP-007,Open Workspace C1,Workspace,2026-01-27 09:00:00,100,75,25,75.0,HIGH,0
F001,Smart Campus,B003,Building C,BLK-C1,Block C1,SP-008,Server Operations Room,Restricted Area,2026-01-27 09:00:00,20,6,14,30.0,LOW,0
F001,Smart Campus,B001,Building A,BLK-A1,Block A1,SP-001,Open Workspace A1,Workspace,2026-01-27 10:00:00,120,88,32,73.33,OPTIMAL,0
F001,Smart Campus,B001,Building A,BLK-A1,Block A1,SP-002,Conference Room A,Meeting Room,2026-01-27 10:00:00,30,13,17,43.33,OPTIMAL,0
F001,Smart Campus,B001,Building A,BLK-A2,Block A2,SP-003,Training Hall A,Training Room,2026-01-27 10:00:00,80,47,33,58.75,OPTIMAL,0
F001,Smart Campus,B002,Building B,BLK-B1,Block B1,SP-004,Open Workspace B1,Workspace,2026-01-27 10:00:00,150,134,16,89.33,HIGH,0
F001,Smart Campus,B002,Building B,BLK-B1,Block B1,SP-005,Meeting Room B,Meeting Room,2026-01-27 10:00:00,25,8,17,32.0,LOW,0
F001,Smart Campus,B002,Building B,BLK-B2,Block B2,SP-006,Cafeteria B,Cafeteria,2026-01-27 10:00:00,180,25,155,13.89,UNDERUSED,0
F001,Smart Campus,B003,Building C,BLK-C1,Block C1,SP-007,Open Workspace C1,Workspace,2026-01-27 10:00:00,100,66,34,66.0,OPTIMAL,0
F001,Smart Campus,B003,Building C,BLK-C1,Block C1,SP-008,Server Operations Room,Restricted Area,2026-01-27 10:00:00,20,6,14,30.0,LOW,0
F001,Smart Campus,B001,Building A,BLK-A1,Block A1,SP-001,Open Workspace A1,Workspace,2026-01-27 11:00:00,120,101,19,84.17,HIGH,0
F001,Smart Campus,B001,Building A,BLK-A1,Block A1,SP-002,Conference Room A,Meeting Room,2026-01-27 11:00:00,30,17,13,56.67,OPTIMAL,0
F001,Smart Campus,B001,Building A,BLK-A2,Block A2,SP-003,Training Hall A,Training Room,2026-01-27 11:00:00,80,26,54,32.5,LOW,0
F001,Smart Campus,B002,Building B,BLK-B1,Block B1,SP-004,Open Workspace B1,Workspace,2026-01-27 11:00:00,150,99,51,66.0,OPTIMAL,0
F001,Smart Campus,B002,Building B,BLK-B1,Block B1,SP-005,Meeting Room B,Meeting Room,2026-01-27 11:00:00,25,11,14,44.0,OPTIMAL,0
F001,Smart Campus,B002,Building B,BLK-B2,Block B2,SP-006,Cafeteria B,Cafeteria,2026-01-27 11:00:00,180,5,175,2.78,UNDERUSED,0
F001,Smart Campus,B003,Building C,BLK-C1,Block C1,SP-007,Open Workspace C1,Workspace,2026-01-27 11:00:00,100,88,12,88.0,HIGH,0
F001,Smart Campus,B003,Building C,BLK-C1,Block C1,SP-008,Server Operations Room,Restricted Area,2026-01-27 11:00:00,20,4,16,20.0,LOW,0
F001,Smart Campus,B001,Building A,BLK-A1,Block A1,SP-001,Open Workspace A1,Workspace,2026-01-27 12:00:00,120,58,62,48.33,OPTIMAL,0
F001,Smart Campus,B001,Building A,BLK-A1,Block A1,SP-002,Conference Room A,Meeting Room,2026-01-27 12:00:00,30,20,10,66.67,OPTIMAL,0
F001,Smart Campus,B001,Building A,BLK-A2,Block A2,SP-003,Training Hall A,Training Room,2026-01-27 12:00:00,80,41,39,51.25,OPTIMAL,0
F001,Smart Campus,B002,Building B,BLK-B1,Block B1,SP-004,Open Workspace B1,Workspace,2026-01-27 12:00:00,150,70,80,46.67,OPTIMAL,0
F001,Smart Campus,B002,Building B,BLK-B1,Block B1,SP-005,Meeting Room B,Meeting Room,2026-01-27 12:00:00,25,12,13,48.0,OPTIMAL,0
F001,Smart Campus,B002,Building B,BLK-B2,Block B2,SP-006,Cafeteria B,Cafeteria,2026-01-27 12:00:00,180,164,16,91.11,HIGH,0
F001,Smart Campus,B003,Building C,BLK-C1,Block C1,SP-007,Open Workspace C1,Workspace,2026-01-27 12:00:00,100,41,59,41.0,OPTIMAL,0
F001,Smart Campus,B003,Building C,BLK-C1,Block C1,SP-008,Server Operations Room,Restricted Area,2026-01-27 12:00:00,20,6,14,30.0,LOW,0
F001,Smart Campus,B001,Building A,BLK-A1,Block A1,SP-001,Open Workspace A1,Workspace,2026-01-27 13:00:00,120,56,64,46.67,OPTIMAL,0
F001,Smart Campus,B001,Building A,BLK-A1,Block A1,SP-002,Conference Room A,Meeting Room,2026-01-27 13:00:00,30,8,22,26.67,LOW,0
F001,Smart Campus,B001,Building A,BLK-A2,Block A2,SP-003,Training Hall A,Training Room,2026-01-27 13:00:00,80,51,29,63.75,OPTIMAL,0
F001,Smart Campus,B002,Building B,BLK-B1,Block B1,SP-004,Open Workspace B1,Workspace,2026-01-27 13:00:00,150,66,84,44.0,OPTIMAL,0
F001,Smart Campus,B002,Building B,BLK-B1,Block B1,SP-005,Meeting Room B,Meeting Room,2026-01-27 13:00:00,25,13,12,52.0,OPTIMAL,0
F001,Smart Campus,B002,Building B,BLK-B2,Block B2,SP-006,Cafeteria B,Cafeteria,2026-01-27 13:00:00,180,155,25,86.11,HIGH,0
F001,Smart Campus,B003,Building C,BLK-C1,Block C1,SP-007,Open Workspace C1,Workspace,2026-01-27 13:00:00,100,46,54,46.0,OPTIMAL,0
F001,Smart Campus,B003,Building C,BLK-C1,Block C1,SP-008,Server Operations Room,Restricted Area,2026-01-27 13:00:00,20,4,16,20.0,LOW,0
F001,Smart Campus,B001,Building A,BLK-A1,Block A1,SP-001,Open Workspace A1,Workspace,2026-01-27 14:00:00,120,76,44,63.33,OPTIMAL,0
F001,Smart Campus,B001,Building A,BLK-A1,Block A1,SP-002,Conference Room A,Meeting Room,2026-01-27 14:00:00,30,21,9,70.0,OPTIMAL,0
F001,Smart Campus,B001,Building A,BLK-A2,Block A2,SP-003,Training Hall A,Training Room,2026-01-27 14:00:00,80,44,36,55.0,OPTIMAL,0
F001,Smart Campus,B002,Building B,BLK-B1,Block B1,SP-004,Open Workspace B1,Workspace,2026-01-27 14:00:00,150,101,49,67.33,OPTIMAL,0
F001,Smart Campus,B002,Building B,BLK-B1,Block B1,SP-005,Meeting Room B,Meeting Room,2026-01-27 14:00:00,25,10,15,40.0,OPTIMAL,0
F001,Smart Campus,B002,Building B,BLK-B2,Block B2,SP-006,Cafeteria B,Cafeteria,2026-01-27 14:00:00,180,145,35,80.56,HIGH,0
F001,Smart Campus,B003,Building C,BLK-C1,Block C1,SP-007,Open Workspace C1,Workspace,2026-01-27 14:00:00,100,76,24,76.0,HIGH,0
F001,Smart Campus,B003,Building C,BLK-C1,Block C1,SP-008,Server Operations Room,Restricted Area,2026-01-27 14:00:00,20,6,14,30.0,LOW,0
F001,Smart Campus,B001,Building A,BLK-A1,Block A1,SP-001,Open Workspace A1,Workspace,2026-01-27 15:00:00,120,101,19,84.17,HIGH,0
F001,Smart Campus,B001,Building A,BLK-A1,Block A1,SP-002,Conference Room A,Meeting Room,2026-01-27 15:00:00,30,8,22,26.67,LOW,0
F001,Smart Campus,B001,Building A,BLK-A2,Block A2,SP-003,Training Hall A,Training Room,2026-01-27 15:00:00,80,43,37,53.75,OPTIMAL,0
F001,Smart Campus,B002,Building B,BLK-B1,Block B1,SP-004,Open Workspace B1,Workspace,2026-01-27 15:00:00,150,121,29,80.67,HIGH,0
F001,Smart Campus,B002,Building B,BLK-B1,Block B1,SP-005,Meeting Room B,Meeting Room,2026-01-27 15:00:00,25,6,19,24.0,LOW,0
F001,Smart Campus,B002,Building B,BLK-B2,Block B2,SP-006,Cafeteria B,Cafeteria,2026-01-27 15:00:00,180,20,160,11.11,UNDERUSED,0
F001,Smart Campus,B003,Building C,BLK-C1,Block C1,SP-007,Open Workspace C1,Workspace,2026-01-27 15:00:00,100,64,36,64.0,OPTIMAL,0
F001,Smart Campus,B003,Building C,BLK-C1,Block C1,SP-008,Server Operations Room,Restricted Area,2026-01-27 15:00:00,20,7,13,35.0,LOW,0
F001,Smart Campus,B001,Building A,BLK-A1,Block A1,SP-001,Open Workspace A1,Workspace,2026-01-27 16:00:00,120,84,36,70.0,OPTIMAL,0
F001,Smart Campus,B001,Building A,BLK-A1,Block A1,SP-002,Conference Room A,Meeting Room,2026-01-27 16:00:00,30,17,13,56.67,OPTIMAL,0
F001,Smart Campus,B001,Building A,BLK-A2,Block A2,SP-003,Training Hall A,Training Room,2026-01-27 16:00:00,80,22,58,27.5,LOW,0
F001,Smart Campus,B002,Building B,BLK-B1,Block B1,SP-004,Open Workspace B1,Workspace,2026-01-27 16:00:00,150,128,22,85.33,HIGH,0
F001,Smart Campus,B002,Building B,BLK-B1,Block B1,SP-005,Meeting Room B,Meeting Room,2026-01-27 16:00:00,25,15,10,60.0,OPTIMAL,0
F001,Smart Campus,B002,Building B,BLK-B2,Block B2,SP-006,Cafeteria B,Cafeteria,2026-01-27 16:00:00,180,47,133,26.11,LOW,0
F001,Smart Campus,B003,Building C,BLK-C1,Block C1,SP-007,Open Workspace C1,Workspace,2026-01-27 16:00:00,100,70,30,70.0,OPTIMAL,0
F001,Smart Campus,B003,Building C,BLK-C1,Block C1,SP-008,Server Operations Room,Restricted Area,2026-01-27 16:00:00,20,3,17,15.0,LOW,0
F001,Smart Campus,B001,Building A,BLK-A1,Block A1,SP-001,Open Workspace A1,Workspace,2026-01-27 17:00:00,120,100,20,83.33,HIGH,0
F001,Smart Campus,B001,Building A,BLK-A1,Block A1,SP-002,Conference Room A,Meeting Room,2026-01-27 17:00:00,30,15,15,50.0,OPTIMAL,0
F001,Smart Campus,B001,Building A,BLK-A2,Block A2,SP-003,Training Hall A,Training Room,2026-01-27 17:00:00,80,1,79,1.25,UNDERUSED,0
F001,Smart Campus,B002,Building B,BLK-B1,Block B1,SP-004,Open Workspace B1,Workspace,2026-01-27 17:00:00,150,128,22,85.33,HIGH,0
F001,Smart Campus,B002,Building B,BLK-B1,Block B1,SP-005,Meeting Room B,Meeting Room,2026-01-27 17:00:00,25,6,19,24.0,LOW,0
F001,Smart Campus,B002,Building B,BLK-B2,Block B2,SP-006,Cafeteria B,Cafeteria,2026-01-27 17:00:00,180,72,108,40.0,OPTIMAL,0
F001,Smart Campus,B003,Building C,BLK-C1,Block C1,SP-007,Open Workspace C1,Workspace,2026-01-27 17:00:00,100,78,22,78.0,HIGH,0
F001,Smart Campus,B003,Building C,BLK-C1,Block C1,SP-008,Server Operations Room,Restricted Area,2026-01-27 17:00:00,20,4,16,20.0,LOW,0
F001,Smart Campus,B001,Building A,BLK-A1,Block A1,SP-001,Open Workspace A1,Workspace,2026-01-27 18:00:00,120,36,84,30.0,LOW,0
F001,Smart Campus,B001,Building A,BLK-A1,Block A1,SP-002,Conference Room A,Meeting Room,2026-01-27 18:00:00,30,0,30,0.0,UNDERUSED,0
F001,Smart Campus,B001,Building A,BLK-A2,Block A2,SP-003,Training Hall A,Training Room,2026-01-27 18:00:00,80,2,78,2.5,UNDERUSED,0
F001,Smart Campus,B002,Building B,BLK-B1,Block B1,SP-004,Open Workspace B1,Workspace,2026-01-27 18:00:00,150,56,94,37.33,LOW,0
F001,Smart Campus,B002,Building B,BLK-B1,Block B1,SP-005,Meeting Room B,Meeting Room,2026-01-27 18:00:00,25,2,23,8.0,UNDERUSED,0
F001,Smart Campus,B002,Building B,BLK-B2,Block B2,SP-006,Cafeteria B,Cafeteria,2026-01-27 18:00:00,180,11,169,6.11,UNDERUSED,0
F001,Smart Campus,B003,Building C,BLK-C1,Block C1,SP-007,Open Workspace C1,Workspace,2026-01-27 18:00:00,100,19,81,19.0,LOW,0
F001,Smart Campus,B003,Building C,BLK-C1,Block C1,SP-008,Server Operations Room,Restricted Area,2026-01-27 18:00:00,20,6,14,30.0,LOW,0
F001,Smart Campus,B001,Building A,BLK-A1,Block A1,SP-001,Open Workspace A1,Workspace,2026-01-27 19:00:00,120,48,72,40.0,OPTIMAL,0
F001,Smart Campus,B001,Building A,BLK-A1,Block A1,SP-002,Conference Room A,Meeting Room,2026-01-27 19:00:00,30,2,28,6.67,UNDERUSED,0
F001,Smart Campus,B001,Building A,BLK-A2,Block A2,SP-003,Training Hall A,Training Room,2026-01-27 19:00:00,80,4,76,5.0,UNDERUSED,0
F001,Smart Campus,B002,Building B,BLK-B1,Block B1,SP-004,Open Workspace B1,Workspace,2026-01-27 19:00:00,150,33,117,22.0,LOW,0
F001,Smart Campus,B002,Building B,BLK-B1,Block B1,SP-005,Meeting Room B,Meeting Room,2026-01-27 19:00:00,25,1,24,4.0,UNDERUSED,0
F001,Smart Campus,B002,Building B,BLK-B2,Block B2,SP-006,Cafeteria B,Cafeteria,2026-01-27 19:00:00,180,24,156,13.33,UNDERUSED,0
F001,Smart Campus,B003,Building C,BLK-C1,Block C1,SP-007,Open Workspace C1,Workspace,2026-01-27 19:00:00,100,38,62,38.0,LOW,0
F001,Smart Campus,B003,Building C,BLK-C1,Block C1,SP-008,Server Operations Room,Restricted Area,2026-01-27 19:00:00,20,6,14,30.0,LOW,0
F001,Smart Campus,B001,Building A,BLK-A1,Block A1,SP-001,Open Workspace A1,Workspace,2026-01-27 20:00:00,120,38,82,31.67,LOW,0
F001,Smart Campus,B001,Building A,BLK-A1,Block A1,SP-002,Conference Room A,Meeting Room,2026-01-27 20:00:00,30,1,29,3.33,UNDERUSED,0
F001,Smart Campus,B001,Building A,BLK-A2,Block A2,SP-003,Training Hall A,Training Room,2026-01-27 20:00:00,80,5,75,6.25,UNDERUSED,0
F001,Smart Campus,B002,Building B,BLK-B1,Block B1,SP-004,Open Workspace B1,Workspace,2026-01-27 20:00:00,150,56,94,37.33,LOW,0
F001,Smart Campus,B002,Building B,BLK-B1,Block B1,SP-005,Meeting Room B,Meeting Room,2026-01-27 20:00:00,25,1,24,4.0,UNDERUSED,0
F001,Smart Campus,B002,Building B,BLK-B2,Block B2,SP-006,Cafeteria B,Cafeteria,2026-01-27 20:00:00,180,4,176,2.22,UNDERUSED,0
F001,Smart Campus,B003,Building C,BLK-C1,Block C1,SP-007,Open Workspace C1,Workspace,2026-01-27 20:00:00,100,16,84,16.0,LOW,0
F001,Smart Campus,B003,Building C,BLK-C1,Block C1,SP-008,Server Operations Room,Restricted Area,2026-01-27 20:00:00,20,7,13,35.0,LOW,0
F001,Smart Campus,B001,Building A,BLK-A1,Block A1,SP-001,Open Workspace A1,Workspace,2026-01-27 21:00:00,120,9,111,7.5,UNDERUSED,0
F001,Smart Campus,B001,Building A,BLK-A1,Block A1,SP-002,Conference Room A,Meeting Room,2026-01-27 21:00:00,30,2,28,6.67,UNDERUSED,0
F001,Smart Campus,B001,Building A,BLK-A2,Block A2,SP-003,Training Hall A,Training Room,2026-01-27 21:00:00,80,1,79,1.25,UNDERUSED,0
F001,Smart Campus,B002,Building B,BLK-B1,Block B1,SP-004,Open Workspace B1,Workspace,2026-01-27 21:00:00,150,13,137,8.67,UNDERUSED,0
F001,Smart Campus,B002,Building B,BLK-B1,Block B1,SP-005,Meeting Room B,Meeting Room,2026-01-27 21:00:00,25,1,24,4.0,UNDERUSED,0
F001,Smart Campus,B002,Building B,BLK-B2,Block B2,SP-006,Cafeteria B,Cafeteria,2026-01-27 21:00:00,180,24,156,13.33,UNDERUSED,0
F001,Smart Campus,B003,Building C,BLK-C1,Block C1,SP-007,Open Workspace C1,Workspace,2026-01-27 21:00:00,100,8,92,8.0,UNDERUSED,0
F001,Smart Campus,B003,Building C,BLK-C1,Block C1,SP-008,Server Operations Room,Restricted Area,2026-01-27 21:00:00,20,3,17,15.0,LOW,0
F001,Smart Campus,B001,Building A,BLK-A1,Block A1,SP-001,Open Workspace A1,Workspace,2026-01-27 22:00:00,120,10,110,8.33,UNDERUSED,0
F001,Smart Campus,B001,Building A,BLK-A1,Block A1,SP-002,Conference Room A,Meeting Room,2026-01-27 22:00:00,30,1,29,3.33,UNDERUSED,0
F001,Smart Campus,B001,Building A,BLK-A2,Block A2,SP-003,Training Hall A,Training Room,2026-01-27 22:00:00,80,2,78,2.5,UNDERUSED,0
F001,Smart Campus,B002,Building B,BLK-B1,Block B1,SP-004,Open Workspace B1,Workspace,2026-01-27 22:00:00,150,8,142,5.33,UNDERUSED,0
F001,Smart Campus,B002,Building B,BLK-B1,Block B1,SP-005,Meeting Room B,Meeting Room,2026-01-27 22:00:00,25,2,23,8.0,UNDERUSED,0
F001,Smart Campus,B002,Building B,BLK-B2,Block B2,SP-006,Cafeteria B,Cafeteria,2026-01-27 22:00:00,180,25,155,13.89,UNDERUSED,0
F001,Smart Campus,B003,Building C,BLK-C1,Block C1,SP-007,Open Workspace C1,Workspace,2026-01-27 22:00:00,100,9,91,9.0,UNDERUSED,0
F001,Smart Campus,B003,Building C,BLK-C1,Block C1,SP-008,Server Operations Room,Restricted Area,2026-01-27 22:00:00,20,3,17,15.0,LOW,0
F001,Smart Campus,B001,Building A,BLK-A1,Block A1,SP-001,Open Workspace A1,Workspace,2026-01-27 23:00:00,120,8,112,6.67,UNDERUSED,0
F001,Smart Campus,B001,Building A,BLK-A1,Block A1,SP-002,Conference Room A,Meeting Room,2026-01-27 23:00:00,30,0,30,0.0,UNDERUSED,0
F001,Smart Campus,B001,Building A,BLK-A2,Block A2,SP-003,Training Hall A,Training Room,2026-01-27 23:00:00,80,0,80,0.0,UNDERUSED,0
F001,Smart Campus,B002,Building B,BLK-B1,Block B1,SP-004,Open Workspace B1,Workspace,2026-01-27 23:00:00,150,7,143,4.67,UNDERUSED,0
F001,Smart Campus,B002,Building B,BLK-B1,Block B1,SP-005,Meeting Room B,Meeting Room,2026-01-27 23:00:00,25,2,23,8.0,UNDERUSED,0
F001,Smart Campus,B002,Building B,BLK-B2,Block B2,SP-006,Cafeteria B,Cafeteria,2026-01-27 23:00:00,180,7,173,3.89,UNDERUSED,0
F001,Smart Campus,B003,Building C,BLK-C1,Block C1,SP-007,Open Workspace C1,Workspace,2026-01-27 23:00:00,100,8,92,8.0,UNDERUSED,0
F001,Smart Campus,B003,Building C,BLK-C1,Block C1,SP-008,Server Operations Room,Restricted Area,2026-01-27 23:00:00,20,2,18,10.0,UNDERUSED,0
F001,Smart Campus,B001,Building A,BLK-A1,Block A1,SP-001,Open Workspace A1,Workspace,2026-01-28 00:00:00,120,11,109,9.17,UNDERUSED,0
F001,Smart Campus,B001,Building A,BLK-A1,Block A1,SP-002,Conference Room A,Meeting Room,2026-01-28 00:00:00,30,30,0,100.0,OVERCROWDED,0
F001,Smart Campus,B001,Building A,BLK-A2,Block A2,SP-003,Training Hall A,Training Room,2026-01-28 00:00:00,80,4,76,5.0,UNDERUSED,0
F001,Smart Campus,B002,Building B,BLK-B1,Block B1,SP-004,Open Workspace B1,Workspace,2026-01-28 00:00:00,150,4,146,2.67,UNDERUSED,0
F001,Smart Campus,B002,Building B,BLK-B1,Block B1,SP-005,Meeting Room B,Meeting Room,2026-01-28 00:00:00,25,1,24,4.0,UNDERUSED,0
F001,Smart Campus,B002,Building B,BLK-B2,Block B2,SP-006,Cafeteria B,Cafeteria,2026-01-28 00:00:00,180,17,163,9.44,UNDERUSED,0
F001,Smart Campus,B003,Building C,BLK-C1,Block C1,SP-007,Open Workspace C1,Workspace,2026-01-28 00:00:00,100,5,95,5.0,UNDERUSED,0
F001,Smart Campus,B003,Building C,BLK-C1,Block C1,SP-008,Server Operations Room,Restricted Area,2026-01-28 00:00:00,20,2,18,10.0,UNDERUSED,0
F001,Smart Campus,B001,Building A,BLK-A1,Block A1,SP-001,Open Workspace A1,Workspace,2026-01-28 01:00:00,120,4,116,3.33,UNDERUSED,0
F001,Smart Campus,B001,Building A,BLK-A1,Block A1,SP-002,Conference Room A,Meeting Room,2026-01-28 01:00:00,30,1,29,3.33,UNDERUSED,0
F001,Smart Campus,B001,Building A,BLK-A2,Block A2,SP-003,Training Hall A,Training Room,2026-01-28 01:00:00,80,3,77,3.75,UNDERUSED,0
F001,Smart Campus,B002,Building B,BLK-B1,Block B1,SP-004,Open Workspace B1,Workspace,2026-01-28 01:00:00,150,8,142,5.33,UNDERUSED,0
F001,Smart Campus,B002,Building B,BLK-B1,Block B1,SP-005,Meeting Room B,Meeting Room,2026-01-28 01:00:00,25,0,25,0.0,UNDERUSED,0
F001,Smart Campus,B002,Building B,BLK-B2,Block B2,SP-006,Cafeteria B,Cafeteria,2026-01-28 01:00:00,180,21,159,11.67,UNDERUSED,0
F001,Smart Campus,B003,Building C,BLK-C1,Block C1,SP-007,Open Workspace C1,Workspace,2026-01-28 01:00:00,100,10,90,10.0,UNDERUSED,0
F001,Smart Campus,B003,Building C,BLK-C1,Block C1,SP-008,Server Operations Room,Restricted Area,2026-01-28 01:00:00,20,5,15,25.0,LOW,0
F001,Smart Campus,B001,Building A,BLK-A1,Block A1,SP-001,Open Workspace A1,Workspace,2026-01-28 02:00:00,120,6,114,5.0,UNDERUSED,0
F001,Smart Campus,B001,Building A,BLK-A1,Block A1,SP-002,Conference Room A,Meeting Room,2026-01-28 02:00:00,30,0,30,0.0,UNDERUSED,0
F001,Smart Campus,B001,Building A,BLK-A2,Block A2,SP-003,Training Hall A,Training Room,2026-01-28 02:00:00,80,5,75,6.25,UNDERUSED,0
F001,Smart Campus,B002,Building B,BLK-B1,Block B1,SP-004,Open Workspace B1,Workspace,2026-01-28 02:00:00,150,8,142,5.33,UNDERUSED,0
F001,Smart Campus,B002,Building B,BLK-B1,Block B1,SP-005,Meeting Room B,Meeting Room,2026-01-28 02:00:00,25,1,24,4.0,UNDERUSED,0
F001,Smart Campus,B002,Building B,BLK-B2,Block B2,SP-006,Cafeteria B,Cafeteria,2026-01-28 02:00:00,180,9,171,5.0,UNDERUSED,0
F001,Smart Campus,B003,Building C,BLK-C1,Block C1,SP-007,Open Workspace C1,Workspace,2026-01-28 02:00:00,100,6,94,6.0,UNDERUSED,0
F001,Smart Campus,B003,Building C,BLK-C1,Block C1,SP-008,Server Operations Room,Restricted Area,2026-01-28 02:00:00,20,6,14,30.0,LOW,0
F001,Smart Campus,B001,Building A,BLK-A1,Block A1,SP-001,Open Workspace A1,Workspace,2026-01-28 03:00:00,120,10,110,8.33,UNDERUSED,0
F001,Smart Campus,B001,Building A,BLK-A1,Block A1,SP-002,Conference Room A,Meeting Room,2026-01-28 03:00:00,30,1,29,3.33,UNDERUSED,0
F001,Smart Campus,B001,Building A,BLK-A2,Block A2,SP-003,Training Hall A,Training Room,2026-01-28 03:00:00,80,3,77,3.75,UNDERUSED,0
F001,Smart Campus,B002,Building B,BLK-B1,Block B1,SP-004,Open Workspace B1,Workspace,2026-01-28 03:00:00,150,14,136,9.33,UNDERUSED,0
F001,Smart Campus,B002,Building B,BLK-B1,Block B1,SP-005,Meeting Room B,Meeting Room,2026-01-28 03:00:00,25,2,23,8.0,UNDERUSED,0
F001,Smart Campus,B002,Building B,BLK-B2,Block B2,SP-006,Cafeteria B,Cafeteria,2026-01-28 03:00:00,180,23,157,12.78,UNDERUSED,0
F001,Smart Campus,B003,Building C,BLK-C1,Block C1,SP-007,Open Workspace C1,Workspace,2026-01-28 03:00:00,100,5,95,5.0,UNDERUSED,0
F001,Smart Campus,B003,Building C,BLK-C1,Block C1,SP-008,Server Operations Room,Restricted Area,2026-01-28 03:00:00,20,2,18,10.0,UNDERUSED,0
F001,Smart Campus,B001,Building A,BLK-A1,Block A1,SP-001,Open Workspace A1,Workspace,2026-01-28 04:00:00,120,8,112,6.67,UNDERUSED,0
F001,Smart Campus,B001,Building A,BLK-A1,Block A1,SP-002,Conference Room A,Meeting Room,2026-01-28 04:00:00,30,2,28,6.67,UNDERUSED,0
F001,Smart Campus,B001,Building A,BLK-A2,Block A2,SP-003,Training Hall A,Training Room,2026-01-28 04:00:00,80,4,76,5.0,UNDERUSED,0
F001,Smart Campus,B002,Building B,BLK-B1,Block B1,SP-004,Open Workspace B1,Workspace,2026-01-28 04:00:00,150,11,139,7.33,UNDERUSED,0
F001,Smart Campus,B002,Building B,BLK-B1,Block B1,SP-005,Meeting Room B,Meeting Room,2026-01-28 04:00:00,25,0,25,0.0,UNDERUSED,0
F001,Smart Campus,B002,Building B,BLK-B2,Block B2,SP-006,Cafeteria B,Cafeteria,2026-01-28 04:00:00,180,25,155,13.89,UNDERUSED,0
F001,Smart Campus,B003,Building C,BLK-C1,Block C1,SP-007,Open Workspace C1,Workspace,2026-01-28 04:00:00,100,6,94,6.0,UNDERUSED,0
F001,Smart Campus,B003,Building C,BLK-C1,Block C1,SP-008,Server Operations Room,Restricted Area,2026-01-28 04:00:00,20,4,16,20.0,LOW,0
F001,Smart Campus,B001,Building A,BLK-A1,Block A1,SP-001,Open Workspace A1,Workspace,2026-01-28 05:00:00,120,3,117,2.5,UNDERUSED,0
F001,Smart Campus,B001,Building A,BLK-A1,Block A1,SP-002,Conference Room A,Meeting Room,2026-01-28 05:00:00,30,2,28,6.67,UNDERUSED,0
F001,Smart Campus,B001,Building A,BLK-A2,Block A2,SP-003,Training Hall A,Training Room,2026-01-28 05:00:00,80,1,79,1.25,UNDERUSED,0
F001,Smart Campus,B002,Building B,BLK-B1,Block B1,SP-004,Open Workspace B1,Workspace,2026-01-28 05:00:00,150,14,136,9.33,UNDERUSED,0
F001,Smart Campus,B002,Building B,BLK-B1,Block B1,SP-005,Meeting Room B,Meeting Room,2026-01-28 05:00:00,25,1,24,4.0,UNDERUSED,0
F001,Smart Campus,B002,Building B,BLK-B2,Block B2,SP-006,Cafeteria B,Cafeteria,2026-01-28 05:00:00,180,26,154,14.44,UNDERUSED,0
F001,Smart Campus,B003,Building C,BLK-C1,Block C1,SP-007,Open Workspace C1,Workspace,2026-01-28 05:00:00,100,1,99,1.0,UNDERUSED,0
F001,Smart Campus,B003,Building C,BLK-C1,Block C1,SP-008,Server Operations Room,Restricted Area,2026-01-28 05:00:00,20,2,18,10.0,UNDERUSED,0
F001,Smart Campus,B001,Building A,BLK-A1,Block A1,SP-001,Open Workspace A1,Workspace,2026-01-28 06:00:00,120,6,114,5.0,UNDERUSED,0
F001,Smart Campus,B001,Building A,BLK-A1,Block A1,SP-002,Conference Room A,Meeting Room,2026-01-28 06:00:00,30,1,29,3.33,UNDERUSED,0
F001,Smart Campus,B001,Building A,BLK-A2,Block A2,SP-003,Training Hall A,Training Room,2026-01-28 06:00:00,80,5,75,6.25,UNDERUSED,0
F001,Smart Campus,B002,Building B,BLK-B1,Block B1,SP-004,Open Workspace B1,Workspace,2026-01-28 06:00:00,150,5,145,3.33,UNDERUSED,0
F001,Smart Campus,B002,Building B,BLK-B1,Block B1,SP-005,Meeting Room B,Meeting Room,2026-01-28 06:00:00,25,2,23,8.0,UNDERUSED,0
F001,Smart Campus,B002,Building B,BLK-B2,Block B2,SP-006,Cafeteria B,Cafeteria,2026-01-28 06:00:00,180,7,173,3.89,UNDERUSED,0
F001,Smart Campus,B003,Building C,BLK-C1,Block C1,SP-007,Open Workspace C1,Workspace,2026-01-28 06:00:00,100,3,97,3.0,UNDERUSED,0
F001,Smart Campus,B003,Building C,BLK-C1,Block C1,SP-008,Server Operations Room,Restricted Area,2026-01-28 06:00:00,20,1,19,5.0,UNDERUSED,0
F001,Smart Campus,B001,Building A,BLK-A1,Block A1,SP-001,Open Workspace A1,Workspace,2026-01-28 07:00:00,120,9,111,7.5,UNDERUSED,0
F001,Smart Campus,B001,Building A,BLK-A1,Block A1,SP-002,Conference Room A,Meeting Room,2026-01-28 07:00:00,30,0,30,0.0,UNDERUSED,0
F001,Smart Campus,B001,Building A,BLK-A2,Block A2,SP-003,Training Hall A,Training Room,2026-01-28 07:00:00,80,4,76,5.0,UNDERUSED,0
F001,Smart Campus,B002,Building B,BLK-B1,Block B1,SP-004,Open Workspace B1,Workspace,2026-01-28 07:00:00,150,11,139,7.33,UNDERUSED,0
F001,Smart Campus,B002,Building B,BLK-B1,Block B1,SP-005,Meeting Room B,Meeting Room,2026-01-28 07:00:00,25,0,25,0.0,UNDERUSED,0
F001,Smart Campus,B002,Building B,BLK-B2,Block B2,SP-006,Cafeteria B,Cafeteria,2026-01-28 07:00:00,180,11,169,6.11,UNDERUSED,0
F001,Smart Campus,B003,Building C,BLK-C1,Block C1,SP-007,Open Workspace C1,Workspace,2026-01-28 07:00:00,100,6,94,6.0,UNDERUSED,0
F001,Smart Campus,B003,Building C,BLK-C1,Block C1,SP-008,Server Operations Room,Restricted Area,2026-01-28 07:00:00,20,3,17,15.0,LOW,0
F001,Smart Campus,B001,Building A,BLK-A1,Block A1,SP-001,Open Workspace A1,Workspace,2026-01-28 08:00:00,120,4,116,3.33,UNDERUSED,0
F001,Smart Campus,B001,Building A,BLK-A1,Block A1,SP-002,Conference Room A,Meeting Room,2026-01-28 08:00:00,30,1,29,3.33,UNDERUSED,0
F001,Smart Campus,B001,Building A,BLK-A2,Block A2,SP-003,Training Hall A,Training Room,2026-01-28 08:00:00,80,1,79,1.25,UNDERUSED,0
F001,Smart Campus,B002,Building B,BLK-B1,Block B1,SP-004,Open Workspace B1,Workspace,2026-01-28 08:00:00,150,9,141,6.0,UNDERUSED,0
F001,Smart Campus,B002,Building B,BLK-B1,Block B1,SP-005,Meeting Room B,Meeting Room,2026-01-28 08:00:00,25,2,23,8.0,UNDERUSED,0
F001,Smart Campus,B002,Building B,BLK-B2,Block B2,SP-006,Cafeteria B,Cafeteria,2026-01-28 08:00:00,180,56,124,31.11,LOW,0
F001,Smart Campus,B003,Building C,BLK-C1,Block C1,SP-007,Open Workspace C1,Workspace,2026-01-28 08:00:00,100,5,95,5.0,UNDERUSED,0
F001,Smart Campus,B003,Building C,BLK-C1,Block C1,SP-008,Server Operations Room,Restricted Area,2026-01-28 08:00:00,20,3,17,15.0,LOW,0
F001,Smart Campus,B001,Building A,BLK-A1,Block A1,SP-001,Open Workspace A1,Workspace,2026-01-28 09:00:00,120,81,39,67.5,OPTIMAL,0
F001,Smart Campus,B001,Building A,BLK-A1,Block A1,SP-002,Conference Room A,Meeting Room,2026-01-28 09:00:00,30,25,5,83.33,HIGH,0
F001,Smart Campus,B001,Building A,BLK-A2,Block A2,SP-003,Training Hall A,Training Room,2026-01-28 09:00:00,80,27,53,33.75,LOW,0
F001,Smart Campus,B002,Building B,BLK-B1,Block B1,SP-004,Open Workspace B1,Workspace,2026-01-28 09:00:00,150,119,31,79.33,HIGH,0
F001,Smart Campus,B002,Building B,BLK-B1,Block B1,SP-005,Meeting Room B,Meeting Room,2026-01-28 09:00:00,25,10,15,40.0,OPTIMAL,0
F001,Smart Campus,B002,Building B,BLK-B2,Block B2,SP-006,Cafeteria B,Cafeteria,2026-01-28 09:00:00,180,89,91,49.44,OPTIMAL,0
F001,Smart Campus,B003,Building C,BLK-C1,Block C1,SP-007,Open Workspace C1,Workspace,2026-01-28 09:00:00,100,69,31,69.0,OPTIMAL,0
F001,Smart Campus,B003,Building C,BLK-C1,Block C1,SP-008,Server Operations Room,Restricted Area,2026-01-28 09:00:00,20,4,16,20.0,LOW,0
F001,Smart Campus,B001,Building A,BLK-A1,Block A1,SP-001,Open Workspace A1,Workspace,2026-01-28 10:00:00,120,82,38,68.33,OPTIMAL,0
F001,Smart Campus,B001,Building A,BLK-A1,Block A1,SP-002,Conference Room A,Meeting Room,2026-01-28 10:00:00,30,15,15,50.0,OPTIMAL,0
F001,Smart Campus,B001,Building A,BLK-A2,Block A2,SP-003,Training Hall A,Training Room,2026-01-28 10:00:00,80,43,37,53.75,OPTIMAL,0
F001,Smart Campus,B002,Building B,BLK-B1,Block B1,SP-004,Open Workspace B1,Workspace,2026-01-28 10:00:00,150,126,24,84.0,HIGH,0
F001,Smart Campus,B002,Building B,BLK-B1,Block B1,SP-005,Meeting Room B,Meeting Room,2026-01-28 10:00:00,25,10,15,40.0,OPTIMAL,0
F001,Smart Campus,B002,Building B,BLK-B2,Block B2,SP-006,Cafeteria B,Cafeteria,2026-01-28 10:00:00,180,7,173,3.89,UNDERUSED,0
F001,Smart Campus,B003,Building C,BLK-C1,Block C1,SP-007,Open Workspace C1,Workspace,2026-01-28 10:00:00,100,79,21,79.0,HIGH,0
F001,Smart Campus,B003,Building C,BLK-C1,Block C1,SP-008,Server Operations Room,Restricted Area,2026-01-28 10:00:00,20,1,19,5.0,UNDERUSED,0
F001,Smart Campus,B001,Building A,BLK-A1,Block A1,SP-001,Open Workspace A1,Workspace,2026-01-28 11:00:00,120,101,19,84.17,HIGH,0
F001,Smart Campus,B001,Building A,BLK-A1,Block A1,SP-002,Conference Room A,Meeting Room,2026-01-28 11:00:00,30,17,13,56.67,OPTIMAL,0
F001,Smart Campus,B001,Building A,BLK-A2,Block A2,SP-003,Training Hall A,Training Room,2026-01-28 11:00:00,80,47,33,58.75,OPTIMAL,0
F001,Smart Campus,B002,Building B,BLK-B1,Block B1,SP-004,Open Workspace B1,Workspace,2026-01-28 11:00:00,150,124,26,82.67,HIGH,0
F001,Smart Campus,B002,Building B,BLK-B1,Block B1,SP-005,Meeting Room B,Meeting Room,2026-01-28 11:00:00,25,19,6,76.0,HIGH,0
F001,Smart Campus,B002,Building B,BLK-B2,Block B2,SP-006,Cafeteria B,Cafeteria,2026-01-28 11:00:00,180,6,174,3.33,UNDERUSED,0
F001,Smart Campus,B003,Building C,BLK-C1,Block C1,SP-007,Open Workspace C1,Workspace,2026-01-28 11:00:00,100,82,18,82.0,HIGH,0
F001,Smart Campus,B003,Building C,BLK-C1,Block C1,SP-008,Server Operations Room,Restricted Area,2026-01-28 11:00:00,20,6,14,30.0,LOW,0
F001,Smart Campus,B001,Building A,BLK-A1,Block A1,SP-001,Open Workspace A1,Workspace,2026-01-28 12:00:00,120,64,56,53.33,OPTIMAL,0
F001,Smart Campus,B001,Building A,BLK-A1,Block A1,SP-002,Conference Room A,Meeting Room,2026-01-28 12:00:00,30,15,15,50.0,OPTIMAL,0
F001,Smart Campus,B001,Building A,BLK-A2,Block A2,SP-003,Training Hall A,Training Room,2026-01-28 12:00:00,80,18,62,22.5,LOW,0
F001,Smart Campus,B002,Building B,BLK-B1,Block B1,SP-004,Open Workspace B1,Workspace,2026-01-28 12:00:00,150,59,91,39.33,LOW,0
F001,Smart Campus,B002,Building B,BLK-B1,Block B1,SP-005,Meeting Room B,Meeting Room,2026-01-28 12:00:00,25,13,12,52.0,OPTIMAL,0
F001,Smart Campus,B002,Building B,BLK-B2,Block B2,SP-006,Cafeteria B,Cafeteria,2026-01-28 12:00:00,180,151,29,83.89,HIGH,0
F001,Smart Campus,B003,Building C,BLK-C1,Block C1,SP-007,Open Workspace C1,Workspace,2026-01-28 12:00:00,100,42,58,42.0,OPTIMAL,0
F001,Smart Campus,B003,Building C,BLK-C1,Block C1,SP-008,Server Operations Room,Restricted Area,2026-01-28 12:00:00,20,3,17,15.0,LOW,0
F001,Smart Campus,B001,Building A,BLK-A1,Block A1,SP-001,Open Workspace A1,Workspace,2026-01-28 13:00:00,120,62,58,51.67,OPTIMAL,0
F001,Smart Campus,B001,Building A,BLK-A1,Block A1,SP-002,Conference Room A,Meeting Room,2026-01-28 13:00:00,30,18,12,60.0,OPTIMAL,0
F001,Smart Campus,B001,Building A,BLK-A2,Block A2,SP-003,Training Hall A,Training Room,2026-01-28 13:00:00,80,47,33,58.75,OPTIMAL,0
F001,Smart Campus,B002,Building B,BLK-B1,Block B1,SP-004,Open Workspace B1,Workspace,2026-01-28 13:00:00,150,72,78,48.0,OPTIMAL,0
F001,Smart Campus,B002,Building B,BLK-B1,Block B1,SP-005,Meeting Room B,Meeting Room,2026-01-28 13:00:00,25,15,10,60.0,OPTIMAL,0
F001,Smart Campus,B002,Building B,BLK-B2,Block B2,SP-006,Cafeteria B,Cafeteria,2026-01-28 13:00:00,180,149,31,82.78,HIGH,0
F001,Smart Campus,B003,Building C,BLK-C1,Block C1,SP-007,Open Workspace C1,Workspace,2026-01-28 13:00:00,100,47,53,47.0,OPTIMAL,0
F001,Smart Campus,B003,Building C,BLK-C1,Block C1,SP-008,Server Operations Room,Restricted Area,2026-01-28 13:00:00,20,7,13,35.0,LOW,0
F001,Smart Campus,B001,Building A,BLK-A1,Block A1,SP-001,Open Workspace A1,Workspace,2026-01-28 14:00:00,120,101,19,84.17,HIGH,0
F001,Smart Campus,B001,Building A,BLK-A1,Block A1,SP-002,Conference Room A,Meeting Room,2026-01-28 14:00:00,30,16,14,53.33,OPTIMAL,0
F001,Smart Campus,B001,Building A,BLK-A2,Block A2,SP-003,Training Hall A,Training Room,2026-01-28 14:00:00,80,16,64,20.0,LOW,0
F001,Smart Campus,B002,Building B,BLK-B1,Block B1,SP-004,Open Workspace B1,Workspace,2026-01-28 14:00:00,150,96,54,64.0,OPTIMAL,0
F001,Smart Campus,B002,Building B,BLK-B1,Block B1,SP-005,Meeting Room B,Meeting Room,2026-01-28 14:00:00,25,21,4,84.0,HIGH,0
F001,Smart Campus,B002,Building B,BLK-B2,Block B2,SP-006,Cafeteria B,Cafeteria,2026-01-28 14:00:00,180,134,46,74.44,OPTIMAL,0
F001,Smart Campus,B003,Building C,BLK-C1,Block C1,SP-007,Open Workspace C1,Workspace,2026-01-28 14:00:00,100,75,25,75.0,HIGH,0
F001,Smart Campus,B003,Building C,BLK-C1,Block C1,SP-008,Server Operations Room,Restricted Area,2026-01-28 14:00:00,20,1,19,5.0,UNDERUSED,0
F001,Smart Campus,B001,Building A,BLK-A1,Block A1,SP-001,Open Workspace A1,Workspace,2026-01-28 15:00:00,120,77,43,64.17,OPTIMAL,0
F001,Smart Campus,B001,Building A,BLK-A1,Block A1,SP-002,Conference Room A,Meeting Room,2026-01-28 15:00:00,30,17,13,56.67,OPTIMAL,0
F001,Smart Campus,B001,Building A,BLK-A2,Block A2,SP-003,Training Hall A,Training Room,2026-01-28 15:00:00,80,46,34,57.5,OPTIMAL,0
F001,Smart Campus,B002,Building B,BLK-B1,Block B1,SP-004,Open Workspace B1,Workspace,2026-01-28 15:00:00,150,102,48,68.0,OPTIMAL,0
F001,Smart Campus,B002,Building B,BLK-B1,Block B1,SP-005,Meeting Room B,Meeting Room,2026-01-28 15:00:00,25,19,6,76.0,HIGH,0
F001,Smart Campus,B002,Building B,BLK-B2,Block B2,SP-006,Cafeteria B,Cafeteria,2026-01-28 15:00:00,180,11,169,6.11,UNDERUSED,0
F001,Smart Campus,B003,Building C,BLK-C1,Block C1,SP-007,Open Workspace C1,Workspace,2026-01-28 15:00:00,100,71,29,71.0,OPTIMAL,0
F001,Smart Campus,B003,Building C,BLK-C1,Block C1,SP-008,Server Operations Room,Restricted Area,2026-01-28 15:00:00,20,4,16,20.0,LOW,0
F001,Smart Campus,B001,Building A,BLK-A1,Block A1,SP-001,Open Workspace A1,Workspace,2026-01-28 16:00:00,120,75,45,62.5,OPTIMAL,0
F001,Smart Campus,B001,Building A,BLK-A1,Block A1,SP-002,Conference Room A,Meeting Room,2026-01-28 16:00:00,30,20,10,66.67,OPTIMAL,0
F001,Smart Campus,B001,Building A,BLK-A2,Block A2,SP-003,Training Hall A,Training Room,2026-01-28 16:00:00,80,29,51,36.25,LOW,0
F001,Smart Campus,B002,Building B,BLK-B1,Block B1,SP-004,Open Workspace B1,Workspace,2026-01-28 16:00:00,150,123,27,82.0,HIGH,0
F001,Smart Campus,B002,Building B,BLK-B1,Block B1,SP-005,Meeting Room B,Meeting Room,2026-01-28 16:00:00,25,17,8,68.0,OPTIMAL,0
F001,Smart Campus,B002,Building B,BLK-B2,Block B2,SP-006,Cafeteria B,Cafeteria,2026-01-28 16:00:00,180,80,100,44.44,OPTIMAL,0
F001,Smart Campus,B003,Building C,BLK-C1,Block C1,SP-007,Open Workspace C1,Workspace,2026-01-28 16:00:00,100,68,32,68.0,OPTIMAL,0
F001,Smart Campus,B003,Building C,BLK-C1,Block C1,SP-008,Server Operations Room,Restricted Area,2026-01-28 16:00:00,20,6,14,30.0,LOW,0
F001,Smart Campus,B001,Building A,BLK-A1,Block A1,SP-001,Open Workspace A1,Workspace,2026-01-28 17:00:00,120,88,32,73.33,OPTIMAL,0
F001,Smart Campus,B001,Building A,BLK-A1,Block A1,SP-002,Conference Room A,Meeting Room,2026-01-28 17:00:00,30,21,9,70.0,OPTIMAL,0
F001,Smart Campus,B001,Building A,BLK-A2,Block A2,SP-003,Training Hall A,Training Room,2026-01-28 17:00:00,80,1,79,1.25,UNDERUSED,0
F001,Smart Campus,B002,Building B,BLK-B1,Block B1,SP-004,Open Workspace B1,Workspace,2026-01-28 17:00:00,150,96,54,64.0,OPTIMAL,0
F001,Smart Campus,B002,Building B,BLK-B1,Block B1,SP-005,Meeting Room B,Meeting Room,2026-01-28 17:00:00,25,19,6,76.0,HIGH,0
F001,Smart Campus,B002,Building B,BLK-B2,Block B2,SP-006,Cafeteria B,Cafeteria,2026-01-28 17:00:00,180,85,95,47.22,OPTIMAL,0
F001,Smart Campus,B003,Building C,BLK-C1,Block C1,SP-007,Open Workspace C1,Workspace,2026-01-28 17:00:00,100,74,26,74.0,OPTIMAL,0
F001,Smart Campus,B003,Building C,BLK-C1,Block C1,SP-008,Server Operations Room,Restricted Area,2026-01-28 17:00:00,20,5,15,25.0,LOW,0
F001,Smart Campus,B001,Building A,BLK-A1,Block A1,SP-001,Open Workspace A1,Workspace,2026-01-28 18:00:00,120,33,87,27.5,LOW,0
F001,Smart Campus,B001,Building A,BLK-A1,Block A1,SP-002,Conference Room A,Meeting Room,2026-01-28 18:00:00,30,2,28,6.67,UNDERUSED,0
F001,Smart Campus,B001,Building A,BLK-A2,Block A2,SP-003,Training Hall A,Training Room,2026-01-28 18:00:00,80,2,78,2.5,UNDERUSED,0
F001,Smart Campus,B002,Building B,BLK-B1,Block B1,SP-004,Open Workspace B1,Workspace,2026-01-28 18:00:00,150,34,116,22.67,LOW,0
F001,Smart Campus,B002,Building B,BLK-B1,Block B1,SP-005,Meeting Room B,Meeting Room,2026-01-28 18:00:00,25,1,24,4.0,UNDERUSED,0
F001,Smart Campus,B002,Building B,BLK-B2,Block B2,SP-006,Cafeteria B,Cafeteria,2026-01-28 18:00:00,180,23,157,12.78,UNDERUSED,0
F001,Smart Campus,B003,Building C,BLK-C1,Block C1,SP-007,Open Workspace C1,Workspace,2026-01-28 18:00:00,100,39,61,39.0,LOW,0
F001,Smart Campus,B003,Building C,BLK-C1,Block C1,SP-008,Server Operations Room,Restricted Area,2026-01-28 18:00:00,20,5,15,25.0,LOW,0
F001,Smart Campus,B001,Building A,BLK-A1,Block A1,SP-001,Open Workspace A1,Workspace,2026-01-28 19:00:00,120,35,85,29.17,LOW,0
F001,Smart Campus,B001,Building A,BLK-A1,Block A1,SP-002,Conference Room A,Meeting Room,2026-01-28 19:00:00,30,2,28,6.67,UNDERUSED,0
F001,Smart Campus,B001,Building A,BLK-A2,Block A2,SP-003,Training Hall A,Training Room,2026-01-28 19:00:00,80,4,76,5.0,UNDERUSED,0
F001,Smart Campus,B002,Building B,BLK-B1,Block B1,SP-004,Open Workspace B1,Workspace,2026-01-28 19:00:00,150,36,114,24.0,LOW,0
F001,Smart Campus,B002,Building B,BLK-B1,Block B1,SP-005,Meeting Room B,Meeting Room,2026-01-28 19:00:00,25,1,24,4.0,UNDERUSED,0
F001,Smart Campus,B002,Building B,BLK-B2,Block B2,SP-006,Cafeteria B,Cafeteria,2026-01-28 19:00:00,180,19,161,10.56,UNDERUSED,0
F001,Smart Campus,B003,Building C,BLK-C1,Block C1,SP-007,Open Workspace C1,Workspace,2026-01-28 19:00:00,100,20,80,20.0,LOW,0
F001,Smart Campus,B003,Building C,BLK-C1,Block C1,SP-008,Server Operations Room,Restricted Area,2026-01-28 19:00:00,20,7,13,35.0,LOW,0
F001,Smart Campus,B001,Building A,BLK-A1,Block A1,SP-001,Open Workspace A1,Workspace,2026-01-28 20:00:00,120,29,91,24.17,LOW,0
F001,Smart Campus,B001,Building A,BLK-A1,Block A1,SP-002,Conference Room A,Meeting Room,2026-01-28 20:00:00,30,32,0,106.67,OVERCROWDED,1
F001,Smart Campus,B001,Building A,BLK-A2,Block A2,SP-003,Training Hall A,Training Room,2026-01-28 20:00:00,80,86,0,107.5,OVERCROWDED,1
F001,Smart Campus,B002,Building B,BLK-B1,Block B1,SP-004,Open Workspace B1,Workspace,2026-01-28 20:00:00,150,26,124,17.33,LOW,0
F001,Smart Campus,B002,Building B,BLK-B1,Block B1,SP-005,Meeting Room B,Meeting Room,2026-01-28 20:00:00,25,1,24,4.0,UNDERUSED,0
F001,Smart Campus,B002,Building B,BLK-B2,Block B2,SP-006,Cafeteria B,Cafeteria,2026-01-28 20:00:00,180,18,162,10.0,UNDERUSED,0
F001,Smart Campus,B003,Building C,BLK-C1,Block C1,SP-007,Open Workspace C1,Workspace,2026-01-28 20:00:00,100,22,78,22.0,LOW,0
F001,Smart Campus,B003,Building C,BLK-C1,Block C1,SP-008,Server Operations Room,Restricted Area,2026-01-28 20:00:00,20,1,19,5.0,UNDERUSED,0
F001,Smart Campus,B001,Building A,BLK-A1,Block A1,SP-001,Open Workspace A1,Workspace,2026-01-28 21:00:00,120,4,116,3.33,UNDERUSED,0
F001,Smart Campus,B001,Building A,BLK-A1,Block A1,SP-002,Conference Room A,Meeting Room,2026-01-28 21:00:00,30,3,27,10.0,UNDERUSED,0
F001,Smart Campus,B001,Building A,BLK-A2,Block A2,SP-003,Training Hall A,Training Room,2026-01-28 21:00:00,80,6,74,7.5,UNDERUSED,0
F001,Smart Campus,B002,Building B,BLK-B1,Block B1,SP-004,Open Workspace B1,Workspace,2026-01-28 21:00:00,150,15,135,10.0,UNDERUSED,0
F001,Smart Campus,B002,Building B,BLK-B1,Block B1,SP-005,Meeting Room B,Meeting Room,2026-01-28 21:00:00,25,1,24,4.0,UNDERUSED,0
F001,Smart Campus,B002,Building B,BLK-B2,Block B2,SP-006,Cafeteria B,Cafeteria,2026-01-28 21:00:00,180,24,156,13.33,UNDERUSED,0
F001,Smart Campus,B003,Building C,BLK-C1,Block C1,SP-007,Open Workspace C1,Workspace,2026-01-28 21:00:00,100,8,92,8.0,UNDERUSED,0
F001,Smart Campus,B003,Building C,BLK-C1,Block C1,SP-008,Server Operations Room,Restricted Area,2026-01-28 21:00:00,20,1,19,5.0,UNDERUSED,0
F001,Smart Campus,B001,Building A,BLK-A1,Block A1,SP-001,Open Workspace A1,Workspace,2026-01-28 22:00:00,120,3,117,2.5,UNDERUSED,0
F001,Smart Campus,B001,Building A,BLK-A1,Block A1,SP-002,Conference Room A,Meeting Room,2026-01-28 22:00:00,30,3,27,10.0,UNDERUSED,0
F001,Smart Campus,B001,Building A,BLK-A2,Block A2,SP-003,Training Hall A,Training Room,2026-01-28 22:00:00,80,3,77,3.75,UNDERUSED,0
F001,Smart Campus,B002,Building B,BLK-B1,Block B1,SP-004,Open Workspace B1,Workspace,2026-01-28 22:00:00,150,2,148,1.33,UNDERUSED,0
F001,Smart Campus,B002,Building B,BLK-B1,Block B1,SP-005,Meeting Room B,Meeting Room,2026-01-28 22:00:00,25,0,25,0.0,UNDERUSED,0
F001,Smart Campus,B002,Building B,BLK-B2,Block B2,SP-006,Cafeteria B,Cafeteria,2026-01-28 22:00:00,180,16,164,8.89,UNDERUSED,0
F001,Smart Campus,B003,Building C,BLK-C1,Block C1,SP-007,Open Workspace C1,Workspace,2026-01-28 22:00:00,100,3,97,3.0,UNDERUSED,0
F001,Smart Campus,B003,Building C,BLK-C1,Block C1,SP-008,Server Operations Room,Restricted Area,2026-01-28 22:00:00,20,1,19,5.0,UNDERUSED,0
F001,Smart Campus,B001,Building A,BLK-A1,Block A1,SP-001,Open Workspace A1,Workspace,2026-01-28 23:00:00,120,10,110,8.33,UNDERUSED,0
F001,Smart Campus,B001,Building A,BLK-A1,Block A1,SP-002,Conference Room A,Meeting Room,2026-01-28 23:00:00,30,2,28,6.67,UNDERUSED,0
F001,Smart Campus,B001,Building A,BLK-A2,Block A2,SP-003,Training Hall A,Training Room,2026-01-28 23:00:00,80,4,76,5.0,UNDERUSED,0
F001,Smart Campus,B002,Building B,BLK-B1,Block B1,SP-004,Open Workspace B1,Workspace,2026-01-28 23:00:00,150,8,142,5.33,UNDERUSED,0
F001,Smart Campus,B002,Building B,BLK-B1,Block B1,SP-005,Meeting Room B,Meeting Room,2026-01-28 23:00:00,25,1,24,4.0,UNDERUSED,0
F001,Smart Campus,B002,Building B,BLK-B2,Block B2,SP-006,Cafeteria B,Cafeteria,2026-01-28 23:00:00,180,19,161,10.56,UNDERUSED,0
F001,Smart Campus,B003,Building C,BLK-C1,Block C1,SP-007,Open Workspace C1,Workspace,2026-01-28 23:00:00,100,8,92,8.0,UNDERUSED,0
F001,Smart Campus,B003,Building C,BLK-C1,Block C1,SP-008,Server Operations Room,Restricted Area,2026-01-28 23:00:00,20,5,15,25.0,LOW,0
F001,Smart Campus,B001,Building A,BLK-A1,Block A1,SP-001,Open Workspace A1,Workspace,2026-01-29 00:00:00,120,6,114,5.0,UNDERUSED,0
F001,Smart Campus,B001,Building A,BLK-A1,Block A1,SP-002,Conference Room A,Meeting Room,2026-01-29 00:00:00,30,1,29,3.33,UNDERUSED,0
F001,Smart Campus,B001,Building A,BLK-A2,Block A2,SP-003,Training Hall A,Training Room,2026-01-29 00:00:00,80,1,79,1.25,UNDERUSED,0
F001,Smart Campus,B002,Building B,BLK-B1,Block B1,SP-004,Open Workspace B1,Workspace,2026-01-29 00:00:00,150,160,0,106.67,OVERCROWDED,1
F001,Smart Campus,B002,Building B,BLK-B1,Block B1,SP-005,Meeting Room B,Meeting Room,2026-01-29 00:00:00,25,1,24,4.0,UNDERUSED,0
F001,Smart Campus,B002,Building B,BLK-B2,Block B2,SP-006,Cafeteria B,Cafeteria,2026-01-29 00:00:00,180,17,163,9.44,UNDERUSED,0
F001,Smart Campus,B003,Building C,BLK-C1,Block C1,SP-007,Open Workspace C1,Workspace,2026-01-29 00:00:00,100,6,94,6.0,UNDERUSED,0
F001,Smart Campus,B003,Building C,BLK-C1,Block C1,SP-008,Server Operations Room,Restricted Area,2026-01-29 00:00:00,20,2,18,10.0,UNDERUSED,0
F001,Smart Campus,B001,Building A,BLK-A1,Block A1,SP-001,Open Workspace A1,Workspace,2026-01-29 01:00:00,120,9,111,7.5,UNDERUSED,0
F001,Smart Campus,B001,Building A,BLK-A1,Block A1,SP-002,Conference Room A,Meeting Room,2026-01-29 01:00:00,30,2,28,6.67,UNDERUSED,0
F001,Smart Campus,B001,Building A,BLK-A2,Block A2,SP-003,Training Hall A,Training Room,2026-01-29 01:00:00,80,5,75,6.25,UNDERUSED,0
F001,Smart Campus,B002,Building B,BLK-B1,Block B1,SP-004,Open Workspace B1,Workspace,2026-01-29 01:00:00,150,4,146,2.67,UNDERUSED,0
F001,Smart Campus,B002,Building B,BLK-B1,Block B1,SP-005,Meeting Room B,Meeting Room,2026-01-29 01:00:00,25,0,25,0.0,UNDERUSED,0
F001,Smart Campus,B002,Building B,BLK-B2,Block B2,SP-006,Cafeteria B,Cafeteria,2026-01-29 01:00:00,180,9,171,5.0,UNDERUSED,0
F001,Smart Campus,B003,Building C,BLK-C1,Block C1,SP-007,Open Workspace C1,Workspace,2026-01-29 01:00:00,100,7,93,7.0,UNDERUSED,0
F001,Smart Campus,B003,Building C,BLK-C1,Block C1,SP-008,Server Operations Room,Restricted Area,2026-01-29 01:00:00,20,2,18,10.0,UNDERUSED,0
F001,Smart Campus,B001,Building A,BLK-A1,Block A1,SP-001,Open Workspace A1,Workspace,2026-01-29 02:00:00,120,3,117,2.5,UNDERUSED,0
F001,Smart Campus,B001,Building A,BLK-A1,Block A1,SP-002,Conference Room A,Meeting Room,2026-01-29 02:00:00,30,2,28,6.67,UNDERUSED,0
F001,Smart Campus,B001,Building A,BLK-A2,Block A2,SP-003,Training Hall A,Training Room,2026-01-29 02:00:00,80,1,79,1.25,UNDERUSED,0
F001,Smart Campus,B002,Building B,BLK-B1,Block B1,SP-004,Open Workspace B1,Workspace,2026-01-29 02:00:00,150,5,145,3.33,UNDERUSED,0
F001,Smart Campus,B002,Building B,BLK-B1,Block B1,SP-005,Meeting Room B,Meeting Room,2026-01-29 02:00:00,25,2,23,8.0,UNDERUSED,0
F001,Smart Campus,B002,Building B,BLK-B2,Block B2,SP-006,Cafeteria B,Cafeteria,2026-01-29 02:00:00,180,11,169,6.11,UNDERUSED,0
F001,Smart Campus,B003,Building C,BLK-C1,Block C1,SP-007,Open Workspace C1,Workspace,2026-01-29 02:00:00,100,3,97,3.0,UNDERUSED,0
F001,Smart Campus,B003,Building C,BLK-C1,Block C1,SP-008,Server Operations Room,Restricted Area,2026-01-29 02:00:00,20,4,16,20.0,LOW,0
F001,Smart Campus,B001,Building A,BLK-A1,Block A1,SP-001,Open Workspace A1,Workspace,2026-01-29 03:00:00,120,8,112,6.67,UNDERUSED,0
F001,Smart Campus,B001,Building A,BLK-A1,Block A1,SP-002,Conference Room A,Meeting Room,2026-01-29 03:00:00,30,2,28,6.67,UNDERUSED,0
F001,Smart Campus,B001,Building A,BLK-A2,Block A2,SP-003,Training Hall A,Training Room,2026-01-29 03:00:00,80,0,80,0.0,UNDERUSED,0
F001,Smart Campus,B002,Building B,BLK-B1,Block B1,SP-004,Open Workspace B1,Workspace,2026-01-29 03:00:00,150,7,143,4.67,UNDERUSED,0
F001,Smart Campus,B002,Building B,BLK-B1,Block B1,SP-005,Meeting Room B,Meeting Room,2026-01-29 03:00:00,25,1,24,4.0,UNDERUSED,0
F001,Smart Campus,B002,Building B,BLK-B2,Block B2,SP-006,Cafeteria B,Cafeteria,2026-01-29 03:00:00,180,12,168,6.67,UNDERUSED,0
F001,Smart Campus,B003,Building C,BLK-C1,Block C1,SP-007,Open Workspace C1,Workspace,2026-01-29 03:00:00,100,8,92,8.0,UNDERUSED,0
F001,Smart Campus,B003,Building C,BLK-C1,Block C1,SP-008,Server Operations Room,Restricted Area,2026-01-29 03:00:00,20,5,15,25.0,LOW,0
F001,Smart Campus,B001,Building A,BLK-A1,Block A1,SP-001,Open Workspace A1,Workspace,2026-01-29 04:00:00,120,10,110,8.33,UNDERUSED,0
F001,Smart Campus,B001,Building A,BLK-A1,Block A1,SP-002,Conference Room A,Meeting Room,2026-01-29 04:00:00,30,0,30,0.0,UNDERUSED,0
F001,Smart Campus,B001,Building A,BLK-A2,Block A2,SP-003,Training Hall A,Training Room,2026-01-29 04:00:00,80,2,78,2.5,UNDERUSED,0
F001,Smart Campus,B002,Building B,BLK-B1,Block B1,SP-004,Open Workspace B1,Workspace,2026-01-29 04:00:00,150,2,148,1.33,UNDERUSED,0
F001,Smart Campus,B002,Building B,BLK-B1,Block B1,SP-005,Meeting Room B,Meeting Room,2026-01-29 04:00:00,25,2,23,8.0,UNDERUSED,0
F001,Smart Campus,B002,Building B,BLK-B2,Block B2,SP-006,Cafeteria B,Cafeteria,2026-01-29 04:00:00,180,7,173,3.89,UNDERUSED,0
F001,Smart Campus,B003,Building C,BLK-C1,Block C1,SP-007,Open Workspace C1,Workspace,2026-01-29 04:00:00,100,4,96,4.0,UNDERUSED,0
F001,Smart Campus,B003,Building C,BLK-C1,Block C1,SP-008,Server Operations Room,Restricted Area,2026-01-29 04:00:00,20,5,15,25.0,LOW,0
F001,Smart Campus,B001,Building A,BLK-A1,Block A1,SP-001,Open Workspace A1,Workspace,2026-01-29 05:00:00,120,9,111,7.5,UNDERUSED,0
F001,Smart Campus,B001,Building A,BLK-A1,Block A1,SP-002,Conference Room A,Meeting Room,2026-01-29 05:00:00,30,32,0,106.67,OVERCROWDED,1
F001,Smart Campus,B001,Building A,BLK-A2,Block A2,SP-003,Training Hall A,Training Room,2026-01-29 05:00:00,80,2,78,2.5,UNDERUSED,0
F001,Smart Campus,B002,Building B,BLK-B1,Block B1,SP-004,Open Workspace B1,Workspace,2026-01-29 05:00:00,150,3,147,2.0,UNDERUSED,0
F001,Smart Campus,B002,Building B,BLK-B1,Block B1,SP-005,Meeting Room B,Meeting Room,2026-01-29 05:00:00,25,1,24,4.0,UNDERUSED,0
F001,Smart Campus,B002,Building B,BLK-B2,Block B2,SP-006,Cafeteria B,Cafeteria,2026-01-29 05:00:00,180,8,172,4.44,UNDERUSED,0
F001,Smart Campus,B003,Building C,BLK-C1,Block C1,SP-007,Open Workspace C1,Workspace,2026-01-29 05:00:00,100,8,92,8.0,UNDERUSED,0
F001,Smart Campus,B003,Building C,BLK-C1,Block C1,SP-008,Server Operations Room,Restricted Area,2026-01-29 05:00:00,20,4,16,20.0,LOW,0
F001,Smart Campus,B001,Building A,BLK-A1,Block A1,SP-001,Open Workspace A1,Workspace,2026-01-29 06:00:00,120,6,114,5.0,UNDERUSED,0
F001,Smart Campus,B001,Building A,BLK-A1,Block A1,SP-002,Conference Room A,Meeting Room,2026-01-29 06:00:00,30,1,29,3.33,UNDERUSED,0
F001,Smart Campus,B001,Building A,BLK-A2,Block A2,SP-003,Training Hall A,Training Room,2026-01-29 06:00:00,80,2,78,2.5,UNDERUSED,0
F001,Smart Campus,B002,Building B,BLK-B1,Block B1,SP-004,Open Workspace B1,Workspace,2026-01-29 06:00:00,150,6,144,4.0,UNDERUSED,0
F001,Smart Campus,B002,Building B,BLK-B1,Block B1,SP-005,Meeting Room B,Meeting Room,2026-01-29 06:00:00,25,2,23,8.0,UNDERUSED,0
F001,Smart Campus,B002,Building B,BLK-B2,Block B2,SP-006,Cafeteria B,Cafeteria,2026-01-29 06:00:00,180,25,155,13.89,UNDERUSED,0
F001,Smart Campus,B003,Building C,BLK-C1,Block C1,SP-007,Open Workspace C1,Workspace,2026-01-29 06:00:00,100,5,95,5.0,UNDERUSED,0
F001,Smart Campus,B003,Building C,BLK-C1,Block C1,SP-008,Server Operations Room,Restricted Area,2026-01-29 06:00:00,20,7,13,35.0,LOW,0
F001,Smart Campus,B001,Building A,BLK-A1,Block A1,SP-001,Open Workspace A1,Workspace,2026-01-29 07:00:00,120,2,118,1.67,UNDERUSED,0
F001,Smart Campus,B001,Building A,BLK-A1,Block A1,SP-002,Conference Room A,Meeting Room,2026-01-29 07:00:00,30,3,27,10.0,UNDERUSED,0
F001,Smart Campus,B001,Building A,BLK-A2,Block A2,SP-003,Training Hall A,Training Room,2026-01-29 07:00:00,80,6,74,7.5,UNDERUSED,0
F001,Smart Campus,B002,Building B,BLK-B1,Block B1,SP-004,Open Workspace B1,Workspace,2026-01-29 07:00:00,150,4,146,2.67,UNDERUSED,0
F001,Smart Campus,B002,Building B,BLK-B1,Block B1,SP-005,Meeting Room B,Meeting Room,2026-01-29 07:00:00,25,2,23,8.0,UNDERUSED,0
F001,Smart Campus,B002,Building B,BLK-B2,Block B2,SP-006,Cafeteria B,Cafeteria,2026-01-29 07:00:00,180,11,169,6.11,UNDERUSED,0
F001,Smart Campus,B003,Building C,BLK-C1,Block C1,SP-007,Open Workspace C1,Workspace,2026-01-29 07:00:00,100,10,90,10.0,UNDERUSED,0
F001,Smart Campus,B003,Building C,BLK-C1,Block C1,SP-008,Server Operations Room,Restricted Area,2026-01-29 07:00:00,20,6,14,30.0,LOW,0
F001,Smart Campus,B001,Building A,BLK-A1,Block A1,SP-001,Open Workspace A1,Workspace,2026-01-29 08:00:00,120,6,114,5.0,UNDERUSED,0
F001,Smart Campus,B001,Building A,BLK-A1,Block A1,SP-002,Conference Room A,Meeting Room,2026-01-29 08:00:00,30,0,30,0.0,UNDERUSED,0
F001,Smart Campus,B001,Building A,BLK-A2,Block A2,SP-003,Training Hall A,Training Room,2026-01-29 08:00:00,80,6,74,7.5,UNDERUSED,0
F001,Smart Campus,B002,Building B,BLK-B1,Block B1,SP-004,Open Workspace B1,Workspace,2026-01-29 08:00:00,150,3,147,2.0,UNDERUSED,0
F001,Smart Campus,B002,Building B,BLK-B1,Block B1,SP-005,Meeting Room B,Meeting Room,2026-01-29 08:00:00,25,1,24,4.0,UNDERUSED,0
F001,Smart Campus,B002,Building B,BLK-B2,Block B2,SP-006,Cafeteria B,Cafeteria,2026-01-29 08:00:00,180,56,124,31.11,LOW,0
F001,Smart Campus,B003,Building C,BLK-C1,Block C1,SP-007,Open Workspace C1,Workspace,2026-01-29 08:00:00,100,9,91,9.0,UNDERUSED,0
F001,Smart Campus,B003,Building C,BLK-C1,Block C1,SP-008,Server Operations Room,Restricted Area,2026-01-29 08:00:00,20,4,16,20.0,LOW,0
F001,Smart Campus,B001,Building A,BLK-A1,Block A1,SP-001,Open Workspace A1,Workspace,2026-01-29 09:00:00,120,92,28,76.67,HIGH,0
F001,Smart Campus,B001,Building A,BLK-A1,Block A1,SP-002,Conference Room A,Meeting Room,2026-01-29 09:00:00,30,20,10,66.67,OPTIMAL,0
F001,Smart Campus,B001,Building A,BLK-A2,Block A2,SP-003,Training Hall A,Training Room,2026-01-29 09:00:00,80,48,32,60.0,OPTIMAL,0
F001,Smart Campus,B002,Building B,BLK-B1,Block B1,SP-004,Open Workspace B1,Workspace,2026-01-29 09:00:00,150,124,26,82.67,HIGH,0
F001,Smart Campus,B002,Building B,BLK-B1,Block B1,SP-005,Meeting Room B,Meeting Room,2026-01-29 09:00:00,25,7,18,28.0,LOW,0
F001,Smart Campus,B002,Building B,BLK-B2,Block B2,SP-006,Cafeteria B,Cafeteria,2026-01-29 09:00:00,180,79,101,43.89,OPTIMAL,0
F001,Smart Campus,B003,Building C,BLK-C1,Block C1,SP-007,Open Workspace C1,Workspace,2026-01-29 09:00:00,100,84,16,84.0,HIGH,0
F001,Smart Campus,B003,Building C,BLK-C1,Block C1,SP-008,Server Operations Room,Restricted Area,2026-01-29 09:00:00,20,6,14,30.0,LOW,0
F001,Smart Campus,B001,Building A,BLK-A1,Block A1,SP-001,Open Workspace A1,Workspace,2026-01-29 10:00:00,120,91,29,75.83,HIGH,0
F001,Smart Campus,B001,Building A,BLK-A1,Block A1,SP-002,Conference Room A,Meeting Room,2026-01-29 10:00:00,30,7,23,23.33,LOW,0
F001,Smart Campus,B001,Building A,BLK-A2,Block A2,SP-003,Training Hall A,Training Room,2026-01-29 10:00:00,80,52,28,65.0,OPTIMAL,0
F001,Smart Campus,B002,Building B,BLK-B1,Block B1,SP-004,Open Workspace B1,Workspace,2026-01-29 10:00:00,150,106,44,70.67,OPTIMAL,0
F001,Smart Campus,B002,Building B,BLK-B1,Block B1,SP-005,Meeting Room B,Meeting Room,2026-01-29 10:00:00,25,17,8,68.0,OPTIMAL,0
F001,Smart Campus,B002,Building B,BLK-B2,Block B2,SP-006,Cafeteria B,Cafeteria,2026-01-29 10:00:00,180,12,168,6.67,UNDERUSED,0
F001,Smart Campus,B003,Building C,BLK-C1,Block C1,SP-007,Open Workspace C1,Workspace,2026-01-29 10:00:00,100,80,20,80.0,HIGH,0
F001,Smart Campus,B003,Building C,BLK-C1,Block C1,SP-008,Server Operations Room,Restricted Area,2026-01-29 10:00:00,20,6,14,30.0,LOW,0
F001,Smart Campus,B001,Building A,BLK-A1,Block A1,SP-001,Open Workspace A1,Workspace,2026-01-29 11:00:00,120,82,38,68.33,OPTIMAL,0
F001,Smart Campus,B001,Building A,BLK-A1,Block A1,SP-002,Conference Room A,Meeting Room,2026-01-29 11:00:00,30,10,20,33.33,LOW,0
F001,Smart Campus,B001,Building A,BLK-A2,Block A2,SP-003,Training Hall A,Training Room,2026-01-29 11:00:00,80,32,48,40.0,OPTIMAL,0
F001,Smart Campus,B002,Building B,BLK-B1,Block B1,SP-004,Open Workspace B1,Workspace,2026-01-29 11:00:00,150,113,37,75.33,HIGH,0
F001,Smart Campus,B002,Building B,BLK-B1,Block B1,SP-005,Meeting Room B,Meeting Room,2026-01-29 11:00:00,25,11,14,44.0,OPTIMAL,0
F001,Smart Campus,B002,Building B,BLK-B2,Block B2,SP-006,Cafeteria B,Cafeteria,2026-01-29 11:00:00,180,4,176,2.22,UNDERUSED,0
F001,Smart Campus,B003,Building C,BLK-C1,Block C1,SP-007,Open Workspace C1,Workspace,2026-01-29 11:00:00,100,76,24,76.0,HIGH,0
F001,Smart Campus,B003,Building C,BLK-C1,Block C1,SP-008,Server Operations Room,Restricted Area,2026-01-29 11:00:00,20,5,15,25.0,LOW,0
F001,Smart Campus,B001,Building A,BLK-A1,Block A1,SP-001,Open Workspace A1,Workspace,2026-01-29 12:00:00,120,56,64,46.67,OPTIMAL,0
F001,Smart Campus,B001,Building A,BLK-A1,Block A1,SP-002,Conference Room A,Meeting Room,2026-01-29 12:00:00,30,19,11,63.33,OPTIMAL,0
F001,Smart Campus,B001,Building A,BLK-A2,Block A2,SP-003,Training Hall A,Training Room,2026-01-29 12:00:00,80,57,23,71.25,OPTIMAL,0
F001,Smart Campus,B002,Building B,BLK-B1,Block B1,SP-004,Open Workspace B1,Workspace,2026-01-29 12:00:00,150,53,97,35.33,LOW,0
F001,Smart Campus,B002,Building B,BLK-B1,Block B1,SP-005,Meeting Room B,Meeting Room,2026-01-29 12:00:00,25,14,11,56.0,OPTIMAL,0
F001,Smart Campus,B002,Building B,BLK-B2,Block B2,SP-006,Cafeteria B,Cafeteria,2026-01-29 12:00:00,180,146,34,81.11,HIGH,0
F001,Smart Campus,B003,Building C,BLK-C1,Block C1,SP-007,Open Workspace C1,Workspace,2026-01-29 12:00:00,100,59,41,59.0,OPTIMAL,0
F001,Smart Campus,B003,Building C,BLK-C1,Block C1,SP-008,Server Operations Room,Restricted Area,2026-01-29 12:00:00,20,6,14,30.0,LOW,0
F001,Smart Campus,B001,Building A,BLK-A1,Block A1,SP-001,Open Workspace A1,Workspace,2026-01-29 13:00:00,120,50,70,41.67,OPTIMAL,0
F001,Smart Campus,B001,Building A,BLK-A1,Block A1,SP-002,Conference Room A,Meeting Room,2026-01-29 13:00:00,30,18,12,60.0,OPTIMAL,0
F001,Smart Campus,B001,Building A,BLK-A2,Block A2,SP-003,Training Hall A,Training Room,2026-01-29 13:00:00,80,38,42,47.5,OPTIMAL,0
F001,Smart Campus,B002,Building B,BLK-B1,Block B1,SP-004,Open Workspace B1,Workspace,2026-01-29 13:00:00,150,70,80,46.67,OPTIMAL,0
F001,Smart Campus,B002,Building B,BLK-B1,Block B1,SP-005,Meeting Room B,Meeting Room,2026-01-29 13:00:00,25,14,11,56.0,OPTIMAL,0
F001,Smart Campus,B002,Building B,BLK-B2,Block B2,SP-006,Cafeteria B,Cafeteria,2026-01-29 13:00:00,180,161,19,89.44,HIGH,0
F001,Smart Campus,B003,Building C,BLK-C1,Block C1,SP-007,Open Workspace C1,Workspace,2026-01-29 13:00:00,100,48,52,48.0,OPTIMAL,0
F001,Smart Campus,B003,Building C,BLK-C1,Block C1,SP-008,Server Operations Room,Restricted Area,2026-01-29 13:00:00,20,5,15,25.0,LOW,0
F001,Smart Campus,B001,Building A,BLK-A1,Block A1,SP-001,Open Workspace A1,Workspace,2026-01-29 14:00:00,120,83,37,69.17,OPTIMAL,0
F001,Smart Campus,B001,Building A,BLK-A1,Block A1,SP-002,Conference Room A,Meeting Room,2026-01-29 14:00:00,30,18,12,60.0,OPTIMAL,0
F001,Smart Campus,B001,Building A,BLK-A2,Block A2,SP-003,Training Hall A,Training Room,2026-01-29 14:00:00,80,55,25,68.75,OPTIMAL,0
F001,Smart Campus,B002,Building B,BLK-B1,Block B1,SP-004,Open Workspace B1,Workspace,2026-01-29 14:00:00,150,109,41,72.67,OPTIMAL,0
F001,Smart Campus,B002,Building B,BLK-B1,Block B1,SP-005,Meeting Room B,Meeting Room,2026-01-29 14:00:00,25,10,15,40.0,OPTIMAL,0
F001,Smart Campus,B002,Building B,BLK-B2,Block B2,SP-006,Cafeteria B,Cafeteria,2026-01-29 14:00:00,180,148,32,82.22,HIGH,0
F001,Smart Campus,B003,Building C,BLK-C1,Block C1,SP-007,Open Workspace C1,Workspace,2026-01-29 14:00:00,100,85,15,85.0,HIGH,0
F001,Smart Campus,B003,Building C,BLK-C1,Block C1,SP-008,Server Operations Room,Restricted Area,2026-01-29 14:00:00,20,3,17,15.0,LOW,0
F001,Smart Campus,B001,Building A,BLK-A1,Block A1,SP-001,Open Workspace A1,Workspace,2026-01-29 15:00:00,120,82,38,68.33,OPTIMAL,0
F001,Smart Campus,B001,Building A,BLK-A1,Block A1,SP-002,Conference Room A,Meeting Room,2026-01-29 15:00:00,30,17,13,56.67,OPTIMAL,0
F001,Smart Campus,B001,Building A,BLK-A2,Block A2,SP-003,Training Hall A,Training Room,2026-01-29 15:00:00,80,33,47,41.25,OPTIMAL,0
F001,Smart Campus,B002,Building B,BLK-B1,Block B1,SP-004,Open Workspace B1,Workspace,2026-01-29 15:00:00,150,104,46,69.33,OPTIMAL,0
F001,Smart Campus,B002,Building B,BLK-B1,Block B1,SP-005,Meeting Room B,Meeting Room,2026-01-29 15:00:00,25,15,10,60.0,OPTIMAL,0
F001,Smart Campus,B002,Building B,BLK-B2,Block B2,SP-006,Cafeteria B,Cafeteria,2026-01-29 15:00:00,180,4,176,2.22,UNDERUSED,0
F001,Smart Campus,B003,Building C,BLK-C1,Block C1,SP-007,Open Workspace C1,Workspace,2026-01-29 15:00:00,100,67,33,67.0,OPTIMAL,0
F001,Smart Campus,B003,Building C,BLK-C1,Block C1,SP-008,Server Operations Room,Restricted Area,2026-01-29 15:00:00,20,2,18,10.0,UNDERUSED,0
F001,Smart Campus,B001,Building A,BLK-A1,Block A1,SP-001,Open Workspace A1,Workspace,2026-01-29 16:00:00,120,93,27,77.5,HIGH,0
F001,Smart Campus,B001,Building A,BLK-A1,Block A1,SP-002,Conference Room A,Meeting Room,2026-01-29 16:00:00,30,11,19,36.67,LOW,0
F001,Smart Campus,B001,Building A,BLK-A2,Block A2,SP-003,Training Hall A,Training Room,2026-01-29 16:00:00,80,49,31,61.25,OPTIMAL,0
F001,Smart Campus,B002,Building B,BLK-B1,Block B1,SP-004,Open Workspace B1,Workspace,2026-01-29 16:00:00,150,125,25,83.33,HIGH,0
F001,Smart Campus,B002,Building B,BLK-B1,Block B1,SP-005,Meeting Room B,Meeting Room,2026-01-29 16:00:00,25,17,8,68.0,OPTIMAL,0
F001,Smart Campus,B002,Building B,BLK-B2,Block B2,SP-006,Cafeteria B,Cafeteria,2026-01-29 16:00:00,180,66,114,36.67,LOW,0
F001,Smart Campus,B003,Building C,BLK-C1,Block C1,SP-007,Open Workspace C1,Workspace,2026-01-29 16:00:00,100,70,30,70.0,OPTIMAL,0
F001,Smart Campus,B003,Building C,BLK-C1,Block C1,SP-008,Server Operations Room,Restricted Area,2026-01-29 16:00:00,20,7,13,35.0,LOW,0
F001,Smart Campus,B001,Building A,BLK-A1,Block A1,SP-001,Open Workspace A1,Workspace,2026-01-29 17:00:00,120,102,18,85.0,HIGH,0
F001,Smart Campus,B001,Building A,BLK-A1,Block A1,SP-002,Conference Room A,Meeting Room,2026-01-29 17:00:00,30,25,5,83.33,HIGH,0
F001,Smart Campus,B001,Building A,BLK-A2,Block A2,SP-003,Training Hall A,Training Room,2026-01-29 17:00:00,80,6,74,7.5,UNDERUSED,0
F001,Smart Campus,B002,Building B,BLK-B1,Block B1,SP-004,Open Workspace B1,Workspace,2026-01-29 17:00:00,150,108,42,72.0,OPTIMAL,0
F001,Smart Campus,B002,Building B,BLK-B1,Block B1,SP-005,Meeting Room B,Meeting Room,2026-01-29 17:00:00,25,20,5,80.0,HIGH,0
F001,Smart Campus,B002,Building B,BLK-B2,Block B2,SP-006,Cafeteria B,Cafeteria,2026-01-29 17:00:00,180,74,106,41.11,OPTIMAL,0
F001,Smart Campus,B003,Building C,BLK-C1,Block C1,SP-007,Open Workspace C1,Workspace,2026-01-29 17:00:00,100,83,17,83.0,HIGH,0
F001,Smart Campus,B003,Building C,BLK-C1,Block C1,SP-008,Server Operations Room,Restricted Area,2026-01-29 17:00:00,20,2,18,10.0,UNDERUSED,0
F001,Smart Campus,B001,Building A,BLK-A1,Block A1,SP-001,Open Workspace A1,Workspace,2026-01-29 18:00:00,120,26,94,21.67,LOW,0
F001,Smart Campus,B001,Building A,BLK-A1,Block A1,SP-002,Conference Room A,Meeting Room,2026-01-29 18:00:00,30,2,28,6.67,UNDERUSED,0
F001,Smart Campus,B001,Building A,BLK-A2,Block A2,SP-003,Training Hall A,Training Room,2026-01-29 18:00:00,80,2,78,2.5,UNDERUSED,0
F001,Smart Campus,B002,Building B,BLK-B1,Block B1,SP-004,Open Workspace B1,Workspace,2026-01-29 18:00:00,150,37,113,24.67,LOW,0
F001,Smart Campus,B002,Building B,BLK-B1,Block B1,SP-005,Meeting Room B,Meeting Room,2026-01-29 18:00:00,25,2,23,8.0,UNDERUSED,0
F001,Smart Campus,B002,Building B,BLK-B2,Block B2,SP-006,Cafeteria B,Cafeteria,2026-01-29 18:00:00,180,21,159,11.67,UNDERUSED,0
F001,Smart Campus,B003,Building C,BLK-C1,Block C1,SP-007,Open Workspace C1,Workspace,2026-01-29 18:00:00,100,22,78,22.0,LOW,0
F001,Smart Campus,B003,Building C,BLK-C1,Block C1,SP-008,Server Operations Room,Restricted Area,2026-01-29 18:00:00,20,5,15,25.0,LOW,0
F001,Smart Campus,B001,Building A,BLK-A1,Block A1,SP-001,Open Workspace A1,Workspace,2026-01-29 19:00:00,120,38,82,31.67,LOW,0
F001,Smart Campus,B001,Building A,BLK-A1,Block A1,SP-002,Conference Room A,Meeting Room,2026-01-29 19:00:00,30,1,29,3.33,UNDERUSED,0
F001,Smart Campus,B001,Building A,BLK-A2,Block A2,SP-003,Training Hall A,Training Room,2026-01-29 19:00:00,80,3,77,3.75,UNDERUSED,0
F001,Smart Campus,B002,Building B,BLK-B1,Block B1,SP-004,Open Workspace B1,Workspace,2026-01-29 19:00:00,150,33,117,22.0,LOW,0
F001,Smart Campus,B002,Building B,BLK-B1,Block B1,SP-005,Meeting Room B,Meeting Room,2026-01-29 19:00:00,25,2,23,8.0,UNDERUSED,0
F001,Smart Campus,B002,Building B,BLK-B2,Block B2,SP-006,Cafeteria B,Cafeteria,2026-01-29 19:00:00,180,9,171,5.0,UNDERUSED,0
F001,Smart Campus,B003,Building C,BLK-C1,Block C1,SP-007,Open Workspace C1,Workspace,2026-01-29 19:00:00,100,23,77,23.0,LOW,0
F001,Smart Campus,B003,Building C,BLK-C1,Block C1,SP-008,Server Operations Room,Restricted Area,2026-01-29 19:00:00,20,3,17,15.0,LOW,0
F001,Smart Campus,B001,Building A,BLK-A1,Block A1,SP-001,Open Workspace A1,Workspace,2026-01-29 20:00:00,120,43,77,35.83,LOW,0
F001,Smart Campus,B001,Building A,BLK-A1,Block A1,SP-002,Conference Room A,Meeting Room,2026-01-29 20:00:00,30,2,28,6.67,UNDERUSED,0
F001,Smart Campus,B001,Building A,BLK-A2,Block A2,SP-003,Training Hall A,Training Room,2026-01-29 20:00:00,80,2,78,2.5,UNDERUSED,0
F001,Smart Campus,B002,Building B,BLK-B1,Block B1,SP-004,Open Workspace B1,Workspace,2026-01-29 20:00:00,150,23,127,15.33,LOW,0
F001,Smart Campus,B002,Building B,BLK-B1,Block B1,SP-005,Meeting Room B,Meeting Room,2026-01-29 20:00:00,25,1,24,4.0,UNDERUSED,0
F001,Smart Campus,B002,Building B,BLK-B2,Block B2,SP-006,Cafeteria B,Cafeteria,2026-01-29 20:00:00,180,14,166,7.78,UNDERUSED,0
F001,Smart Campus,B003,Building C,BLK-C1,Block C1,SP-007,Open Workspace C1,Workspace,2026-01-29 20:00:00,100,20,80,20.0,LOW,0
F001,Smart Campus,B003,Building C,BLK-C1,Block C1,SP-008,Server Operations Room,Restricted Area,2026-01-29 20:00:00,20,5,15,25.0,LOW,0
F001,Smart Campus,B001,Building A,BLK-A1,Block A1,SP-001,Open Workspace A1,Workspace,2026-01-29 21:00:00,120,2,118,1.67,UNDERUSED,0
F001,Smart Campus,B001,Building A,BLK-A1,Block A1,SP-002,Conference Room A,Meeting Room,2026-01-29 21:00:00,30,3,27,10.0,UNDERUSED,0
F001,Smart Campus,B001,Building A,BLK-A2,Block A2,SP-003,Training Hall A,Training Room,2026-01-29 21:00:00,80,4,76,5.0,UNDERUSED,0
F001,Smart Campus,B002,Building B,BLK-B1,Block B1,SP-004,Open Workspace B1,Workspace,2026-01-29 21:00:00,150,4,146,2.67,UNDERUSED,0
F001,Smart Campus,B002,Building B,BLK-B1,Block B1,SP-005,Meeting Room B,Meeting Room,2026-01-29 21:00:00,25,1,24,4.0,UNDERUSED,0
F001,Smart Campus,B002,Building B,BLK-B2,Block B2,SP-006,Cafeteria B,Cafeteria,2026-01-29 21:00:00,180,11,169,6.11,UNDERUSED,0
F001,Smart Campus,B003,Building C,BLK-C1,Block C1,SP-007,Open Workspace C1,Workspace,2026-01-29 21:00:00,100,1,99,1.0,UNDERUSED,0
F001,Smart Campus,B003,Building C,BLK-C1,Block C1,SP-008,Server Operations Room,Restricted Area,2026-01-29 21:00:00,20,2,18,10.0,UNDERUSED,0
F001,Smart Campus,B001,Building A,BLK-A1,Block A1,SP-001,Open Workspace A1,Workspace,2026-01-29 22:00:00,120,6,114,5.0,UNDERUSED,0
F001,Smart Campus,B001,Building A,BLK-A1,Block A1,SP-002,Conference Room A,Meeting Room,2026-01-29 22:00:00,30,0,30,0.0,UNDERUSED,0
F001,Smart Campus,B001,Building A,BLK-A2,Block A2,SP-003,Training Hall A,Training Room,2026-01-29 22:00:00,80,4,76,5.0,UNDERUSED,0
F001,Smart Campus,B002,Building B,BLK-B1,Block B1,SP-004,Open Workspace B1,Workspace,2026-01-29 22:00:00,150,5,145,3.33,UNDERUSED,0
F001,Smart Campus,B002,Building B,BLK-B1,Block B1,SP-005,Meeting Room B,Meeting Room,2026-01-29 22:00:00,25,0,25,0.0,UNDERUSED,0
F001,Smart Campus,B002,Building B,BLK-B2,Block B2,SP-006,Cafeteria B,Cafeteria,2026-01-29 22:00:00,180,23,157,12.78,UNDERUSED,0
F001,Smart Campus,B003,Building C,BLK-C1,Block C1,SP-007,Open Workspace C1,Workspace,2026-01-29 22:00:00,100,3,97,3.0,UNDERUSED,0
F001,Smart Campus,B003,Building C,BLK-C1,Block C1,SP-008,Server Operations Room,Restricted Area,2026-01-29 22:00:00,20,4,16,20.0,LOW,0
F001,Smart Campus,B001,Building A,BLK-A1,Block A1,SP-001,Open Workspace A1,Workspace,2026-01-29 23:00:00,120,3,117,2.5,UNDERUSED,0
F001,Smart Campus,B001,Building A,BLK-A1,Block A1,SP-002,Conference Room A,Meeting Room,2026-01-29 23:00:00,30,2,28,6.67,UNDERUSED,0
F001,Smart Campus,B001,Building A,BLK-A2,Block A2,SP-003,Training Hall A,Training Room,2026-01-29 23:00:00,80,3,77,3.75,UNDERUSED,0
F001,Smart Campus,B002,Building B,BLK-B1,Block B1,SP-004,Open Workspace B1,Workspace,2026-01-29 23:00:00,150,7,143,4.67,UNDERUSED,0
F001,Smart Campus,B002,Building B,BLK-B1,Block B1,SP-005,Meeting Room B,Meeting Room,2026-01-29 23:00:00,25,1,24,4.0,UNDERUSED,0
F001,Smart Campus,B002,Building B,BLK-B2,Block B2,SP-006,Cafeteria B,Cafeteria,2026-01-29 23:00:00,180,6,174,3.33,UNDERUSED,0
F001,Smart Campus,B003,Building C,BLK-C1,Block C1,SP-007,Open Workspace C1,Workspace,2026-01-29 23:00:00,100,10,90,10.0,UNDERUSED,0
F001,Smart Campus,B003,Building C,BLK-C1,Block C1,SP-008,Server Operations Room,Restricted Area,2026-01-29 23:00:00,20,3,17,15.0,LOW,0
F001,Smart Campus,B001,Building A,BLK-A1,Block A1,SP-001,Open Workspace A1,Workspace,2026-01-30 00:00:00,120,5,115,4.17,UNDERUSED,0
F001,Smart Campus,B001,Building A,BLK-A1,Block A1,SP-002,Conference Room A,Meeting Room,2026-01-30 00:00:00,30,1,29,3.33,UNDERUSED,0
F001,Smart Campus,B001,Building A,BLK-A2,Block A2,SP-003,Training Hall A,Training Room,2026-01-30 00:00:00,80,5,75,6.25,UNDERUSED,0
F001,Smart Campus,B002,Building B,BLK-B1,Block B1,SP-004,Open Workspace B1,Workspace,2026-01-30 00:00:00,150,14,136,9.33,UNDERUSED,0
F001,Smart Campus,B002,Building B,BLK-B1,Block B1,SP-005,Meeting Room B,Meeting Room,2026-01-30 00:00:00,25,1,24,4.0,UNDERUSED,0
F001,Smart Campus,B002,Building B,BLK-B2,Block B2,SP-006,Cafeteria B,Cafeteria,2026-01-30 00:00:00,180,11,169,6.11,UNDERUSED,0
F001,Smart Campus,B003,Building C,BLK-C1,Block C1,SP-007,Open Workspace C1,Workspace,2026-01-30 00:00:00,100,3,97,3.0,UNDERUSED,0
F001,Smart Campus,B003,Building C,BLK-C1,Block C1,SP-008,Server Operations Room,Restricted Area,2026-01-30 00:00:00,20,3,17,15.0,LOW,0
F001,Smart Campus,B001,Building A,BLK-A1,Block A1,SP-001,Open Workspace A1,Workspace,2026-01-30 01:00:00,120,12,108,10.0,UNDERUSED,0
F001,Smart Campus,B001,Building A,BLK-A1,Block A1,SP-002,Conference Room A,Meeting Room,2026-01-30 01:00:00,30,2,28,6.67,UNDERUSED,0
F001,Smart Campus,B001,Building A,BLK-A2,Block A2,SP-003,Training Hall A,Training Room,2026-01-30 01:00:00,80,1,79,1.25,UNDERUSED,0
F001,Smart Campus,B002,Building B,BLK-B1,Block B1,SP-004,Open Workspace B1,Workspace,2026-01-30 01:00:00,150,15,135,10.0,UNDERUSED,0
F001,Smart Campus,B002,Building B,BLK-B1,Block B1,SP-005,Meeting Room B,Meeting Room,2026-01-30 01:00:00,25,2,23,8.0,UNDERUSED,0
F001,Smart Campus,B002,Building B,BLK-B2,Block B2,SP-006,Cafeteria B,Cafeteria,2026-01-30 01:00:00,180,11,169,6.11,UNDERUSED,0
F001,Smart Campus,B003,Building C,BLK-C1,Block C1,SP-007,Open Workspace C1,Workspace,2026-01-30 01:00:00,100,6,94,6.0,UNDERUSED,0
F001,Smart Campus,B003,Building C,BLK-C1,Block C1,SP-008,Server Operations Room,Restricted Area,2026-01-30 01:00:00,20,2,18,10.0,UNDERUSED,0
F001,Smart Campus,B001,Building A,BLK-A1,Block A1,SP-001,Open Workspace A1,Workspace,2026-01-30 02:00:00,120,9,111,7.5,UNDERUSED,0
F001,Smart Campus,B001,Building A,BLK-A1,Block A1,SP-002,Conference Room A,Meeting Room,2026-01-30 02:00:00,30,2,28,6.67,UNDERUSED,0
F001,Smart Campus,B001,Building A,BLK-A2,Block A2,SP-003,Training Hall A,Training Room,2026-01-30 02:00:00,80,6,74,7.5,UNDERUSED,0
F001,Smart Campus,B002,Building B,BLK-B1,Block B1,SP-004,Open Workspace B1,Workspace,2026-01-30 02:00:00,150,4,146,2.67,UNDERUSED,0
F001,Smart Campus,B002,Building B,BLK-B1,Block B1,SP-005,Meeting Room B,Meeting Room,2026-01-30 02:00:00,25,2,23,8.0,UNDERUSED,0
F001,Smart Campus,B002,Building B,BLK-B2,Block B2,SP-006,Cafeteria B,Cafeteria,2026-01-30 02:00:00,180,26,154,14.44,UNDERUSED,0
F001,Smart Campus,B003,Building C,BLK-C1,Block C1,SP-007,Open Workspace C1,Workspace,2026-01-30 02:00:00,100,4,96,4.0,UNDERUSED,0
F001,Smart Campus,B003,Building C,BLK-C1,Block C1,SP-008,Server Operations Room,Restricted Area,2026-01-30 02:00:00,20,6,14,30.0,LOW,0
F001,Smart Campus,B001,Building A,BLK-A1,Block A1,SP-001,Open Workspace A1,Workspace,2026-01-30 03:00:00,120,6,114,5.0,UNDERUSED,0
F001,Smart Campus,B001,Building A,BLK-A1,Block A1,SP-002,Conference Room A,Meeting Room,2026-01-30 03:00:00,30,2,28,6.67,UNDERUSED,0
F001,Smart Campus,B001,Building A,BLK-A2,Block A2,SP-003,Training Hall A,Training Room,2026-01-30 03:00:00,80,5,75,6.25,UNDERUSED,0
F001,Smart Campus,B002,Building B,BLK-B1,Block B1,SP-004,Open Workspace B1,Workspace,2026-01-30 03:00:00,150,8,142,5.33,UNDERUSED,0
F001,Smart Campus,B002,Building B,BLK-B1,Block B1,SP-005,Meeting Room B,Meeting Room,2026-01-30 03:00:00,25,2,23,8.0,UNDERUSED,0
F001,Smart Campus,B002,Building B,BLK-B2,Block B2,SP-006,Cafeteria B,Cafeteria,2026-01-30 03:00:00,180,25,155,13.89,UNDERUSED,0
F001,Smart Campus,B003,Building C,BLK-C1,Block C1,SP-007,Open Workspace C1,Workspace,2026-01-30 03:00:00,100,5,95,5.0,UNDERUSED,0
F001,Smart Campus,B003,Building C,BLK-C1,Block C1,SP-008,Server Operations Room,Restricted Area,2026-01-30 03:00:00,20,1,19,5.0,UNDERUSED,0
F001,Smart Campus,B001,Building A,BLK-A1,Block A1,SP-001,Open Workspace A1,Workspace,2026-01-30 04:00:00,120,9,111,7.5,UNDERUSED,0
F001,Smart Campus,B001,Building A,BLK-A1,Block A1,SP-002,Conference Room A,Meeting Room,2026-01-30 04:00:00,30,3,27,10.0,UNDERUSED,0
F001,Smart Campus,B001,Building A,BLK-A2,Block A2,SP-003,Training Hall A,Training Room,2026-01-30 04:00:00,80,0,80,0.0,UNDERUSED,0
F001,Smart Campus,B002,Building B,BLK-B1,Block B1,SP-004,Open Workspace B1,Workspace,2026-01-30 04:00:00,150,5,145,3.33,UNDERUSED,0
F001,Smart Campus,B002,Building B,BLK-B1,Block B1,SP-005,Meeting Room B,Meeting Room,2026-01-30 04:00:00,25,0,25,0.0,UNDERUSED,0
F001,Smart Campus,B002,Building B,BLK-B2,Block B2,SP-006,Cafeteria B,Cafeteria,2026-01-30 04:00:00,180,19,161,10.56,UNDERUSED,0
F001,Smart Campus,B003,Building C,BLK-C1,Block C1,SP-007,Open Workspace C1,Workspace,2026-01-30 04:00:00,100,1,99,1.0,UNDERUSED,0
F001,Smart Campus,B003,Building C,BLK-C1,Block C1,SP-008,Server Operations Room,Restricted Area,2026-01-30 04:00:00,20,5,15,25.0,LOW,0
F001,Smart Campus,B001,Building A,BLK-A1,Block A1,SP-001,Open Workspace A1,Workspace,2026-01-30 05:00:00,120,6,114,5.0,UNDERUSED,0
F001,Smart Campus,B001,Building A,BLK-A1,Block A1,SP-002,Conference Room A,Meeting Room,2026-01-30 05:00:00,30,2,28,6.67,UNDERUSED,0
F001,Smart Campus,B001,Building A,BLK-A2,Block A2,SP-003,Training Hall A,Training Room,2026-01-30 05:00:00,80,5,75,6.25,UNDERUSED,0
F001,Smart Campus,B002,Building B,BLK-B1,Block B1,SP-004,Open Workspace B1,Workspace,2026-01-30 05:00:00,150,10,140,6.67,UNDERUSED,0
F001,Smart Campus,B002,Building B,BLK-B1,Block B1,SP-005,Meeting Room B,Meeting Room,2026-01-30 05:00:00,25,0,25,0.0,UNDERUSED,0
F001,Smart Campus,B002,Building B,BLK-B2,Block B2,SP-006,Cafeteria B,Cafeteria,2026-01-30 05:00:00,180,10,170,5.56,UNDERUSED,0
F001,Smart Campus,B003,Building C,BLK-C1,Block C1,SP-007,Open Workspace C1,Workspace,2026-01-30 05:00:00,100,8,92,8.0,UNDERUSED,0
F001,Smart Campus,B003,Building C,BLK-C1,Block C1,SP-008,Server Operations Room,Restricted Area,2026-01-30 05:00:00,20,2,18,10.0,UNDERUSED,0
F001,Smart Campus,B001,Building A,BLK-A1,Block A1,SP-001,Open Workspace A1,Workspace,2026-01-30 06:00:00,120,5,115,4.17,UNDERUSED,0
F001,Smart Campus,B001,Building A,BLK-A1,Block A1,SP-002,Conference Room A,Meeting Room,2026-01-30 06:00:00,30,2,28,6.67,UNDERUSED,0
F001,Smart Campus,B001,Building A,BLK-A2,Block A2,SP-003,Training Hall A,Training Room,2026-01-30 06:00:00,80,1,79,1.25,UNDERUSED,0
F001,Smart Campus,B002,Building B,BLK-B1,Block B1,SP-004,Open Workspace B1,Workspace,2026-01-30 06:00:00,150,2,148,1.33,UNDERUSED,0
F001,Smart Campus,B002,Building B,BLK-B1,Block B1,SP-005,Meeting Room B,Meeting Room,2026-01-30 06:00:00,25,1,24,4.0,UNDERUSED,0
F001,Smart Campus,B002,Building B,BLK-B2,Block B2,SP-006,Cafeteria B,Cafeteria,2026-01-30 06:00:00,180,10,170,5.56,UNDERUSED,0
F001,Smart Campus,B003,Building C,BLK-C1,Block C1,SP-007,Open Workspace C1,Workspace,2026-01-30 06:00:00,100,5,95,5.0,UNDERUSED,0
F001,Smart Campus,B003,Building C,BLK-C1,Block C1,SP-008,Server Operations Room,Restricted Area,2026-01-30 06:00:00,20,5,15,25.0,LOW,0
F001,Smart Campus,B001,Building A,BLK-A1,Block A1,SP-001,Open Workspace A1,Workspace,2026-01-30 07:00:00,120,8,112,6.67,UNDERUSED,0
F001,Smart Campus,B001,Building A,BLK-A1,Block A1,SP-002,Conference Room A,Meeting Room,2026-01-30 07:00:00,30,0,30,0.0,UNDERUSED,0
F001,Smart Campus,B001,Building A,BLK-A2,Block A2,SP-003,Training Hall A,Training Room,2026-01-30 07:00:00,80,1,79,1.25,UNDERUSED,0
F001,Smart Campus,B002,Building B,BLK-B1,Block B1,SP-004,Open Workspace B1,Workspace,2026-01-30 07:00:00,150,6,144,4.0,UNDERUSED,0
F001,Smart Campus,B002,Building B,BLK-B1,Block B1,SP-005,Meeting Room B,Meeting Room,2026-01-30 07:00:00,25,2,23,8.0,UNDERUSED,0
F001,Smart Campus,B002,Building B,BLK-B2,Block B2,SP-006,Cafeteria B,Cafeteria,2026-01-30 07:00:00,180,18,162,10.0,UNDERUSED,0
F001,Smart Campus,B003,Building C,BLK-C1,Block C1,SP-007,Open Workspace C1,Workspace,2026-01-30 07:00:00,100,5,95,5.0,UNDERUSED,0
F001,Smart Campus,B003,Building C,BLK-C1,Block C1,SP-008,Server Operations Room,Restricted Area,2026-01-30 07:00:00,20,5,15,25.0,LOW,0
F001,Smart Campus,B001,Building A,BLK-A1,Block A1,SP-001,Open Workspace A1,Workspace,2026-01-30 08:00:00,120,3,117,2.5,UNDERUSED,0
F001,Smart Campus,B001,Building A,BLK-A1,Block A1,SP-002,Conference Room A,Meeting Room,2026-01-30 08:00:00,30,1,29,3.33,UNDERUSED,0
F001,Smart Campus,B001,Building A,BLK-A2,Block A2,SP-003,Training Hall A,Training Room,2026-01-30 08:00:00,80,0,80,0.0,UNDERUSED,0
F001,Smart Campus,B002,Building B,BLK-B1,Block B1,SP-004,Open Workspace B1,Workspace,2026-01-30 08:00:00,150,6,144,4.0,UNDERUSED,0
F001,Smart Campus,B002,Building B,BLK-B1,Block B1,SP-005,Meeting Room B,Meeting Room,2026-01-30 08:00:00,25,1,24,4.0,UNDERUSED,0
F001,Smart Campus,B002,Building B,BLK-B2,Block B2,SP-006,Cafeteria B,Cafeteria,2026-01-30 08:00:00,180,79,101,43.89,OPTIMAL,0
F001,Smart Campus,B003,Building C,BLK-C1,Block C1,SP-007,Open Workspace C1,Workspace,2026-01-30 08:00:00,100,5,95,5.0,UNDERUSED,0
F001,Smart Campus,B003,Building C,BLK-C1,Block C1,SP-008,Server Operations Room,Restricted Area,2026-01-30 08:00:00,20,2,18,10.0,UNDERUSED,0
F001,Smart Campus,B001,Building A,BLK-A1,Block A1,SP-001,Open Workspace A1,Workspace,2026-01-30 09:00:00,120,83,37,69.17,OPTIMAL,0
F001,Smart Campus,B001,Building A,BLK-A1,Block A1,SP-002,Conference Room A,Meeting Room,2026-01-30 09:00:00,30,12,18,40.0,OPTIMAL,0
F001,Smart Campus,B001,Building A,BLK-A2,Block A2,SP-003,Training Hall A,Training Room,2026-01-30 09:00:00,80,58,22,72.5,OPTIMAL,0
F001,Smart Campus,B002,Building B,BLK-B1,Block B1,SP-004,Open Workspace B1,Workspace,2026-01-30 09:00:00,150,104,46,69.33,OPTIMAL,0
F001,Smart Campus,B002,Building B,BLK-B1,Block B1,SP-005,Meeting Room B,Meeting Room,2026-01-30 09:00:00,25,8,17,32.0,LOW,0
F001,Smart Campus,B002,Building B,BLK-B2,Block B2,SP-006,Cafeteria B,Cafeteria,2026-01-30 09:00:00,180,46,134,25.56,LOW,0
F001,Smart Campus,B003,Building C,BLK-C1,Block C1,SP-007,Open Workspace C1,Workspace,2026-01-30 09:00:00,100,74,26,74.0,OPTIMAL,0
F001,Smart Campus,B003,Building C,BLK-C1,Block C1,SP-008,Server Operations Room,Restricted Area,2026-01-30 09:00:00,20,2,18,10.0,UNDERUSED,0
F001,Smart Campus,B001,Building A,BLK-A1,Block A1,SP-001,Open Workspace A1,Workspace,2026-01-30 10:00:00,120,101,19,84.17,HIGH,0
F001,Smart Campus,B001,Building A,BLK-A1,Block A1,SP-002,Conference Room A,Meeting Room,2026-01-30 10:00:00,30,19,11,63.33,OPTIMAL,0
F001,Smart Campus,B001,Building A,BLK-A2,Block A2,SP-003,Training Hall A,Training Room,2026-01-30 10:00:00,80,38,42,47.5,OPTIMAL,0
F001,Smart Campus,B002,Building B,BLK-B1,Block B1,SP-004,Open Workspace B1,Workspace,2026-01-30 10:00:00,150,131,19,87.33,HIGH,0
F001,Smart Campus,B002,Building B,BLK-B1,Block B1,SP-005,Meeting Room B,Meeting Room,2026-01-30 10:00:00,25,19,6,76.0,HIGH,0
F001,Smart Campus,B002,Building B,BLK-B2,Block B2,SP-006,Cafeteria B,Cafeteria,2026-01-30 10:00:00,180,16,164,8.89,UNDERUSED,0
F001,Smart Campus,B003,Building C,BLK-C1,Block C1,SP-007,Open Workspace C1,Workspace,2026-01-30 10:00:00,100,70,30,70.0,OPTIMAL,0
F001,Smart Campus,B003,Building C,BLK-C1,Block C1,SP-008,Server Operations Room,Restricted Area,2026-01-30 10:00:00,20,3,17,15.0,LOW,0
F001,Smart Campus,B001,Building A,BLK-A1,Block A1,SP-001,Open Workspace A1,Workspace,2026-01-30 11:00:00,120,88,32,73.33,OPTIMAL,0
F001,Smart Campus,B001,Building A,BLK-A1,Block A1,SP-002,Conference Room A,Meeting Room,2026-01-30 11:00:00,30,17,13,56.67,OPTIMAL,0
F001,Smart Campus,B001,Building A,BLK-A2,Block A2,SP-003,Training Hall A,Training Room,2026-01-30 11:00:00,80,52,28,65.0,OPTIMAL,0
F001,Smart Campus,B002,Building B,BLK-B1,Block B1,SP-004,Open Workspace B1,Workspace,2026-01-30 11:00:00,150,134,16,89.33,HIGH,0
F001,Smart Campus,B002,Building B,BLK-B1,Block B1,SP-005,Meeting Room B,Meeting Room,2026-01-30 11:00:00,25,14,11,56.0,OPTIMAL,0
F001,Smart Campus,B002,Building B,BLK-B2,Block B2,SP-006,Cafeteria B,Cafeteria,2026-01-30 11:00:00,180,10,170,5.56,UNDERUSED,0
F001,Smart Campus,B003,Building C,BLK-C1,Block C1,SP-007,Open Workspace C1,Workspace,2026-01-30 11:00:00,100,82,18,82.0,HIGH,0
F001,Smart Campus,B003,Building C,BLK-C1,Block C1,SP-008,Server Operations Room,Restricted Area,2026-01-30 11:00:00,20,2,18,10.0,UNDERUSED,0
F001,Smart Campus,B001,Building A,BLK-A1,Block A1,SP-001,Open Workspace A1,Workspace,2026-01-30 12:00:00,120,56,64,46.67,OPTIMAL,0
F001,Smart Campus,B001,Building A,BLK-A1,Block A1,SP-002,Conference Room A,Meeting Room,2026-01-30 12:00:00,30,18,12,60.0,OPTIMAL,0
F001,Smart Campus,B001,Building A,BLK-A2,Block A2,SP-003,Training Hall A,Training Room,2026-01-30 12:00:00,80,20,60,25.0,LOW,0
F001,Smart Campus,B002,Building B,BLK-B1,Block B1,SP-004,Open Workspace B1,Workspace,2026-01-30 12:00:00,150,84,66,56.0,OPTIMAL,0
F001,Smart Campus,B002,Building B,BLK-B1,Block B1,SP-005,Meeting Room B,Meeting Room,2026-01-30 12:00:00,25,20,5,80.0,HIGH,0
F001,Smart Campus,B002,Building B,BLK-B2,Block B2,SP-006,Cafeteria B,Cafeteria,2026-01-30 12:00:00,180,129,51,71.67,OPTIMAL,0
F001,Smart Campus,B003,Building C,BLK-C1,Block C1,SP-007,Open Workspace C1,Workspace,2026-01-30 12:00:00,100,50,50,50.0,OPTIMAL,0
F001,Smart Campus,B003,Building C,BLK-C1,Block C1,SP-008,Server Operations Room,Restricted Area,2026-01-30 12:00:00,20,4,16,20.0,LOW,0
F001,Smart Campus,B001,Building A,BLK-A1,Block A1,SP-001,Open Workspace A1,Workspace,2026-01-30 13:00:00,120,65,55,54.17,OPTIMAL,0
F001,Smart Campus,B001,Building A,BLK-A1,Block A1,SP-002,Conference Room A,Meeting Room,2026-01-30 13:00:00,30,18,12,60.0,OPTIMAL,0
F001,Smart Campus,B001,Building A,BLK-A2,Block A2,SP-003,Training Hall A,Training Room,2026-01-30 13:00:00,80,22,58,27.5,LOW,0
F001,Smart Campus,B002,Building B,BLK-B1,Block B1,SP-004,Open Workspace B1,Workspace,2026-01-30 13:00:00,150,60,90,40.0,OPTIMAL,0
F001,Smart Campus,B002,Building B,BLK-B1,Block B1,SP-005,Meeting Room B,Meeting Room,2026-01-30 13:00:00,25,8,17,32.0,LOW,0
F001,Smart Campus,B002,Building B,BLK-B2,Block B2,SP-006,Cafeteria B,Cafeteria,2026-01-30 13:00:00,180,152,28,84.44,HIGH,0
F001,Smart Campus,B003,Building C,BLK-C1,Block C1,SP-007,Open Workspace C1,Workspace,2026-01-30 13:00:00,100,57,43,57.0,OPTIMAL,0
F001,Smart Campus,B003,Building C,BLK-C1,Block C1,SP-008,Server Operations Room,Restricted Area,2026-01-30 13:00:00,20,6,14,30.0,LOW,0
F001,Smart Campus,B001,Building A,BLK-A1,Block A1,SP-001,Open Workspace A1,Workspace,2026-01-30 14:00:00,120,79,41,65.83,OPTIMAL,0
F001,Smart Campus,B001,Building A,BLK-A1,Block A1,SP-002,Conference Room A,Meeting Room,2026-01-30 14:00:00,30,18,12,60.0,OPTIMAL,0
F001,Smart Campus,B001,Building A,BLK-A2,Block A2,SP-003,Training Hall A,Training Room,2026-01-30 14:00:00,80,16,64,20.0,LOW,0
F001,Smart Campus,B002,Building B,BLK-B1,Block B1,SP-004,Open Workspace B1,Workspace,2026-01-30 14:00:00,150,115,35,76.67,HIGH,0
F001,Smart Campus,B002,Building B,BLK-B1,Block B1,SP-005,Meeting Room B,Meeting Room,2026-01-30 14:00:00,25,8,17,32.0,LOW,0
F001,Smart Campus,B002,Building B,BLK-B2,Block B2,SP-006,Cafeteria B,Cafeteria,2026-01-30 14:00:00,180,149,31,82.78,HIGH,0
F001,Smart Campus,B003,Building C,BLK-C1,Block C1,SP-007,Open Workspace C1,Workspace,2026-01-30 14:00:00,100,68,32,68.0,OPTIMAL,0
F001,Smart Campus,B003,Building C,BLK-C1,Block C1,SP-008,Server Operations Room,Restricted Area,2026-01-30 14:00:00,20,2,18,10.0,UNDERUSED,0
F001,Smart Campus,B001,Building A,BLK-A1,Block A1,SP-001,Open Workspace A1,Workspace,2026-01-30 15:00:00,120,91,29,75.83,HIGH,0
F001,Smart Campus,B001,Building A,BLK-A1,Block A1,SP-002,Conference Room A,Meeting Room,2026-01-30 15:00:00,30,15,15,50.0,OPTIMAL,0
F001,Smart Campus,B001,Building A,BLK-A2,Block A2,SP-003,Training Hall A,Training Room,2026-01-30 15:00:00,80,61,19,76.25,HIGH,0
F001,Smart Campus,B002,Building B,BLK-B1,Block B1,SP-004,Open Workspace B1,Workspace,2026-01-30 15:00:00,150,103,47,68.67,OPTIMAL,0
F001,Smart Campus,B002,Building B,BLK-B1,Block B1,SP-005,Meeting Room B,Meeting Room,2026-01-30 15:00:00,25,13,12,52.0,OPTIMAL,0
F001,Smart Campus,B002,Building B,BLK-B2,Block B2,SP-006,Cafeteria B,Cafeteria,2026-01-30 15:00:00,180,5,175,2.78,UNDERUSED,0
F001,Smart Campus,B003,Building C,BLK-C1,Block C1,SP-007,Open Workspace C1,Workspace,2026-01-30 15:00:00,100,69,31,69.0,OPTIMAL,0
F001,Smart Campus,B003,Building C,BLK-C1,Block C1,SP-008,Server Operations Room,Restricted Area,2026-01-30 15:00:00,20,4,16,20.0,LOW,0
F001,Smart Campus,B001,Building A,BLK-A1,Block A1,SP-001,Open Workspace A1,Workspace,2026-01-30 16:00:00,120,90,30,75.0,HIGH,0
F001,Smart Campus,B001,Building A,BLK-A1,Block A1,SP-002,Conference Room A,Meeting Room,2026-01-30 16:00:00,30,21,9,70.0,OPTIMAL,0
F001,Smart Campus,B001,Building A,BLK-A2,Block A2,SP-003,Training Hall A,Training Room,2026-01-30 16:00:00,80,26,54,32.5,LOW,0
F001,Smart Campus,B002,Building B,BLK-B1,Block B1,SP-004,Open Workspace B1,Workspace,2026-01-30 16:00:00,150,103,47,68.67,OPTIMAL,0
F001,Smart Campus,B002,Building B,BLK-B1,Block B1,SP-005,Meeting Room B,Meeting Room,2026-01-30 16:00:00,25,7,18,28.0,LOW,0
F001,Smart Campus,B002,Building B,BLK-B2,Block B2,SP-006,Cafeteria B,Cafeteria,2026-01-30 16:00:00,180,72,108,40.0,OPTIMAL,0
F001,Smart Campus,B003,Building C,BLK-C1,Block C1,SP-007,Open Workspace C1,Workspace,2026-01-30 16:00:00,100,64,36,64.0,OPTIMAL,0
F001,Smart Campus,B003,Building C,BLK-C1,Block C1,SP-008,Server Operations Room,Restricted Area,2026-01-30 16:00:00,20,6,14,30.0,LOW,0
F001,Smart Campus,B001,Building A,BLK-A1,Block A1,SP-001,Open Workspace A1,Workspace,2026-01-30 17:00:00,120,101,19,84.17,HIGH,0
F001,Smart Campus,B001,Building A,BLK-A1,Block A1,SP-002,Conference Room A,Meeting Room,2026-01-30 17:00:00,30,9,21,30.0,LOW,0
F001,Smart Campus,B001,Building A,BLK-A2,Block A2,SP-003,Training Hall A,Training Room,2026-01-30 17:00:00,80,6,74,7.5,UNDERUSED,0
F001,Smart Campus,B002,Building B,BLK-B1,Block B1,SP-004,Open Workspace B1,Workspace,2026-01-30 17:00:00,150,123,27,82.0,HIGH,0
F001,Smart Campus,B002,Building B,BLK-B1,Block B1,SP-005,Meeting Room B,Meeting Room,2026-01-30 17:00:00,25,9,16,36.0,LOW,0
F001,Smart Campus,B002,Building B,BLK-B2,Block B2,SP-006,Cafeteria B,Cafeteria,2026-01-30 17:00:00,180,66,114,36.67,LOW,0
F001,Smart Campus,B003,Building C,BLK-C1,Block C1,SP-007,Open Workspace C1,Workspace,2026-01-30 17:00:00,100,69,31,69.0,OPTIMAL,0
F001,Smart Campus,B003,Building C,BLK-C1,Block C1,SP-008,Server Operations Room,Restricted Area,2026-01-30 17:00:00,20,3,17,15.0,LOW,0
F001,Smart Campus,B001,Building A,BLK-A1,Block A1,SP-001,Open Workspace A1,Workspace,2026-01-30 18:00:00,120,40,80,33.33,LOW,0
F001,Smart Campus,B001,Building A,BLK-A1,Block A1,SP-002,Conference Room A,Meeting Room,2026-01-30 18:00:00,30,1,29,3.33,UNDERUSED,0
F001,Smart Campus,B001,Building A,BLK-A2,Block A2,SP-003,Training Hall A,Training Room,2026-01-30 18:00:00,80,3,77,3.75,UNDERUSED,0
F001,Smart Campus,B002,Building B,BLK-B1,Block B1,SP-004,Open Workspace B1,Workspace,2026-01-30 18:00:00,150,38,112,25.33,LOW,0
F001,Smart Campus,B002,Building B,BLK-B1,Block B1,SP-005,Meeting Room B,Meeting Room,2026-01-30 18:00:00,25,1,24,4.0,UNDERUSED,0
F001,Smart Campus,B002,Building B,BLK-B2,Block B2,SP-006,Cafeteria B,Cafeteria,2026-01-30 18:00:00,180,26,154,14.44,UNDERUSED,0
F001,Smart Campus,B003,Building C,BLK-C1,Block C1,SP-007,Open Workspace C1,Workspace,2026-01-30 18:00:00,100,15,85,15.0,LOW,0
F001,Smart Campus,B003,Building C,BLK-C1,Block C1,SP-008,Server Operations Room,Restricted Area,2026-01-30 18:00:00,20,2,18,10.0,UNDERUSED,0
F001,Smart Campus,B001,Building A,BLK-A1,Block A1,SP-001,Open Workspace A1,Workspace,2026-01-30 19:00:00,120,27,93,22.5,LOW,0
F001,Smart Campus,B001,Building A,BLK-A1,Block A1,SP-002,Conference Room A,Meeting Room,2026-01-30 19:00:00,30,1,29,3.33,UNDERUSED,0
F001,Smart Campus,B001,Building A,BLK-A2,Block A2,SP-003,Training Hall A,Training Room,2026-01-30 19:00:00,80,2,78,2.5,UNDERUSED,0
F001,Smart Campus,B002,Building B,BLK-B1,Block B1,SP-004,Open Workspace B1,Workspace,2026-01-30 19:00:00,150,30,120,20.0,LOW,0
F001,Smart Campus,B002,Building B,BLK-B1,Block B1,SP-005,Meeting Room B,Meeting Room,2026-01-30 19:00:00,25,1,24,4.0,UNDERUSED,0
F001,Smart Campus,B002,Building B,BLK-B2,Block B2,SP-006,Cafeteria B,Cafeteria,2026-01-30 19:00:00,180,6,174,3.33,UNDERUSED,0
F001,Smart Campus,B003,Building C,BLK-C1,Block C1,SP-007,Open Workspace C1,Workspace,2026-01-30 19:00:00,100,23,77,23.0,LOW,0
F001,Smart Campus,B003,Building C,BLK-C1,Block C1,SP-008,Server Operations Room,Restricted Area,2026-01-30 19:00:00,20,5,15,25.0,LOW,0
F001,Smart Campus,B001,Building A,BLK-A1,Block A1,SP-001,Open Workspace A1,Workspace,2026-01-30 20:00:00,120,47,73,39.17,LOW,0
F001,Smart Campus,B001,Building A,BLK-A1,Block A1,SP-002,Conference Room A,Meeting Room,2026-01-30 20:00:00,30,2,28,6.67,UNDERUSED,0
F001,Smart Campus,B001,Building A,BLK-A2,Block A2,SP-003,Training Hall A,Training Room,2026-01-30 20:00:00,80,6,74,7.5,UNDERUSED,0
F001,Smart Campus,B002,Building B,BLK-B1,Block B1,SP-004,Open Workspace B1,Workspace,2026-01-30 20:00:00,150,33,117,22.0,LOW,0
F001,Smart Campus,B002,Building B,BLK-B1,Block B1,SP-005,Meeting Room B,Meeting Room,2026-01-30 20:00:00,25,1,24,4.0,UNDERUSED,0
F001,Smart Campus,B002,Building B,BLK-B2,Block B2,SP-006,Cafeteria B,Cafeteria,2026-01-30 20:00:00,180,19,161,10.56,UNDERUSED,0
F001,Smart Campus,B003,Building C,BLK-C1,Block C1,SP-007,Open Workspace C1,Workspace,2026-01-30 20:00:00,100,24,76,24.0,LOW,0
F001,Smart Campus,B003,Building C,BLK-C1,Block C1,SP-008,Server Operations Room,Restricted Area,2026-01-30 20:00:00,20,2,18,10.0,UNDERUSED,0
F001,Smart Campus,B001,Building A,BLK-A1,Block A1,SP-001,Open Workspace A1,Workspace,2026-01-30 21:00:00,120,9,111,7.5,UNDERUSED,0
F001,Smart Campus,B001,Building A,BLK-A1,Block A1,SP-002,Conference Room A,Meeting Room,2026-01-30 21:00:00,30,2,28,6.67,UNDERUSED,0
F001,Smart Campus,B001,Building A,BLK-A2,Block A2,SP-003,Training Hall A,Training Room,2026-01-30 21:00:00,80,1,79,1.25,UNDERUSED,0
F001,Smart Campus,B002,Building B,BLK-B1,Block B1,SP-004,Open Workspace B1,Workspace,2026-01-30 21:00:00,150,6,144,4.0,UNDERUSED,0
F001,Smart Campus,B002,Building B,BLK-B1,Block B1,SP-005,Meeting Room B,Meeting Room,2026-01-30 21:00:00,25,0,25,0.0,UNDERUSED,0
F001,Smart Campus,B002,Building B,BLK-B2,Block B2,SP-006,Cafeteria B,Cafeteria,2026-01-30 21:00:00,180,17,163,9.44,UNDERUSED,0
F001,Smart Campus,B003,Building C,BLK-C1,Block C1,SP-007,Open Workspace C1,Workspace,2026-01-30 21:00:00,100,3,97,3.0,UNDERUSED,0
F001,Smart Campus,B003,Building C,BLK-C1,Block C1,SP-008,Server Operations Room,Restricted Area,2026-01-30 21:00:00,20,3,17,15.0,LOW,0
F001,Smart Campus,B001,Building A,BLK-A1,Block A1,SP-001,Open Workspace A1,Workspace,2026-01-30 22:00:00,120,10,110,8.33,UNDERUSED,0
F001,Smart Campus,B001,Building A,BLK-A1,Block A1,SP-002,Conference Room A,Meeting Room,2026-01-30 22:00:00,30,2,28,6.67,UNDERUSED,0
F001,Smart Campus,B001,Building A,BLK-A2,Block A2,SP-003,Training Hall A,Training Room,2026-01-30 22:00:00,80,2,78,2.5,UNDERUSED,0
F001,Smart Campus,B002,Building B,BLK-B1,Block B1,SP-004,Open Workspace B1,Workspace,2026-01-30 22:00:00,150,14,136,9.33,UNDERUSED,0
F001,Smart Campus,B002,Building B,BLK-B1,Block B1,SP-005,Meeting Room B,Meeting Room,2026-01-30 22:00:00,25,2,23,8.0,UNDERUSED,0
F001,Smart Campus,B002,Building B,BLK-B2,Block B2,SP-006,Cafeteria B,Cafeteria,2026-01-30 22:00:00,180,15,165,8.33,UNDERUSED,0
F001,Smart Campus,B003,Building C,BLK-C1,Block C1,SP-007,Open Workspace C1,Workspace,2026-01-30 22:00:00,100,4,96,4.0,UNDERUSED,0
F001,Smart Campus,B003,Building C,BLK-C1,Block C1,SP-008,Server Operations Room,Restricted Area,2026-01-30 22:00:00,20,5,15,25.0,LOW,0
F001,Smart Campus,B001,Building A,BLK-A1,Block A1,SP-001,Open Workspace A1,Workspace,2026-01-30 23:00:00,120,9,111,7.5,UNDERUSED,0
F001,Smart Campus,B001,Building A,BLK-A1,Block A1,SP-002,Conference Room A,Meeting Room,2026-01-30 23:00:00,30,0,30,0.0,UNDERUSED,0
F001,Smart Campus,B001,Building A,BLK-A2,Block A2,SP-003,Training Hall A,Training Room,2026-01-30 23:00:00,80,3,77,3.75,UNDERUSED,0
F001,Smart Campus,B002,Building B,BLK-B1,Block B1,SP-004,Open Workspace B1,Workspace,2026-01-30 23:00:00,150,2,148,1.33,UNDERUSED,0
F001,Smart Campus,B002,Building B,BLK-B1,Block B1,SP-005,Meeting Room B,Meeting Room,2026-01-30 23:00:00,25,2,23,8.0,UNDERUSED,0
F001,Smart Campus,B002,Building B,BLK-B2,Block B2,SP-006,Cafeteria B,Cafeteria,2026-01-30 23:00:00,180,4,176,2.22,UNDERUSED,0
F001,Smart Campus,B003,Building C,BLK-C1,Block C1,SP-007,Open Workspace C1,Workspace,2026-01-30 23:00:00,100,1,99,1.0,UNDERUSED,0
F001,Smart Campus,B003,Building C,BLK-C1,Block C1,SP-008,Server Operations Room,Restricted Area,2026-01-30 23:00:00,20,6,14,30.0,LOW,0
