event_id,facility_id,facility_name,building_id,building_name,block_id,block_name,access_point_id,access_point_name,zone_type,timestamp,user_id,user_name,user_type,event_type,access_status,after_hours,unauthorized_attempt,forced_entry,tailgating_detected,cctv_event,severity,security_alert
SEC-000013,F001,Smart Campus,B002,Building B,BLK-B2,Block B2,AP-004,Building B Service Door,Service Area,2026-01-01 00:17:46,EMP-0166,Employee 166,EMPLOYEE,ACCESS_GRANTED,GRANTED,1,0,0,0,NORMAL,LOW,0
SEC-000042,F001,Smart Campus,B002,Building B,BLK-B1,Block B1,AP-003,Building B Main Entrance,Entrance,2026-01-01 01:00:06,EMP-0249,Employee 249,EMPLOYEE,ACCESS_GRANTED,GRANTED,1,0,0,0,AFTER_HOURS_MOVEMENT,LOW,0
SEC-000122,F001,Smart Campus,B001,Building A,BLK-A2,Block A2,AP-002,Building A Side Entrance,Entrance,2026-01-01 01:11:05,EMP-0047,Employee 47,EMPLOYEE,UNAUTHORIZED_ACCESS,DENIED,1,1,0,0,SUSPICIOUS_ACCESS,CRITICAL,1
SEC-000020,F001,Smart Campus,B002,Building B,BLK-B1,Block B1,AP-003,Building B Main Entrance,Entrance,2026-01-01 01:30:31,EMP-0437,Employee 437,EMPLOYEE,ACCESS_GRANTED,GRANTED,1,0,0,0,AFTER_HOURS_MOVEMENT,LOW,0
SEC-000006,F001,Smart Campus,B003,Building C,BLK-C1,Block C1,AP-006,Server Room Access,Restricted Area,2026-01-01 02:12:49,EMP-0158,Employee 158,EMPLOYEE,ACCESS_GRANTED,GRANTED,1,0,0,0,NORMAL,LOW,0
SEC-000026,F001,Smart Campus,B002,Building B,BLK-B1,Block B1,AP-003,Building B Main Entrance,Entrance,2026-01-01 02:16:21,VIS-0250,Visitor 250,VISITOR,ACCESS_GRANTED,GRANTED,1,0,0,0,NORMAL,LOW,0
SEC-000136,F001,Smart Campus,B001,Building A,BLK-A1,Block A1,AP-001,Building A Main Entrance,Entrance,2026-01-01 02:21:40,EMP-0317,Employee 317,EMPLOYEE,ACCESS_GRANTED,GRANTED,1,0,0,0,NORMAL,LOW,0
SEC-000132,F001,Smart Campus,B002,Building B,BLK-B2,Block B2,AP-004,Building B Service Door,Service Area,2026-01-01 02:25:23,EMP-0406,Employee 406,EMPLOYEE,ACCESS_GRANTED,GRANTED,1,0,0,0,NORMAL,LOW,0
SEC-000153,F001,Smart Campus,B001,Building A,BLK-A2,Block A2,AP-002,Building A Side Entrance,Entrance,2026-01-01 02:32:20,EMP-0388,Employee 388,EMPLOYEE,ACCESS_GRANTED,GRANTED,1,0,0,0,AFTER_HOURS_MOVEMENT,LOW,0
SEC-000110,F001,Smart Campus,B001,Building A,BLK-A2,Block A2,AP-002,Building A Side Entrance,Entrance,2026-01-01 02:58:28,EMP-0021,Employee 21,EMPLOYEE,ACCESS_GRANTED,GRANTED,1,0,0,0,AFTER_HOURS_MOVEMENT,LOW,0
SEC-000095,F001,Smart Campus,B001,Building A,BLK-A2,Block A2,AP-002,Building A Side Entrance,Entrance,2026-01-01 03:00:24,EMP-0030,Employee 30,EMPLOYEE,ACCESS_GRANTED,GRANTED,1,0,0,0,NORMAL,LOW,0
SEC-000150,F001,Smart Campus,B001,Building A,BLK-A2,Block A2,AP-002,Building A Side Entrance,Entrance,2026-01-01 03:05:48,EMP-0183,Employee 183,EMPLOYEE,ACCESS_GRANTED,GRANTED,1,0,0,0,NORMAL,LOW,0
SEC-000158,F001,Smart Campus,B003,Building C,BLK-C1,Block C1,AP-006,Server Room Access,Restricted Area,2026-01-01 03:12:48,EMP-0383,Employee 383,EMPLOYEE,ACCESS_GRANTED,GRANTED,1,0,0,0,NORMAL,LOW,0
SEC-000009,F001,Smart Campus,B003,Building C,BLK-C1,Block C1,AP-006,Server Room Access,Restricted Area,2026-01-01 03:24:03,EMP-0205,Employee 205,EMPLOYEE,ACCESS_GRANTED,GRANTED,1,0,0,0,NORMAL,LOW,0
SEC-000091,F001,Smart Campus,B003,Building C,BLK-C1,Block C1,AP-006,Server Room Access,Restricted Area,2026-01-01 03:49:13,EMP-0023,Employee 23,EMPLOYEE,ACCESS_GRANTED,GRANTED,1,0,0,0,NORMAL,LOW,0
SEC-000008,F001,Smart Campus,B001,Building A,BLK-A2,Block A2,AP-002,Building A Side Entrance,Entrance,2026-01-01 03:49:22,EMP-0450,Employee 450,EMPLOYEE,ACCESS_GRANTED,GRANTED,1,0,0,0,NORMAL,LOW,0
SEC-000126,F001,Smart Campus,B003,Building C,BLK-C1,Block C1,AP-006,Server Room Access,Restricted Area,2026-01-01 04:38:26,EMP-0147,Employee 147,EMPLOYEE,ACCESS_GRANTED,GRANTED,1,0,0,0,AFTER_HOURS_MOVEMENT,LOW,0
SEC-000112,F001,Smart Campus,B002,Building B,BLK-B1,Block B1,AP-003,Building B Main Entrance,Entrance,2026-01-01 05:04:11,EMP-0154,Employee 154,EMPLOYEE,ACCESS_GRANTED,GRANTED,1,0,0,0,NORMAL,LOW,0
SEC-000055,F001,Smart Campus,B003,Building C,BLK-C1,Block C1,AP-005,Building C Main Entrance,Entrance,2026-01-01 05:14:28,VIS-0126,Visitor 126,VISITOR,ACCESS_GRANTED,GRANTED,1,0,0,0,NORMAL,LOW,0
SEC-000113,F001,Smart Campus,B001,Building A,BLK-A2,Block A2,AP-002,Building A Side Entrance,Entrance,2026-01-01 05:18:45,VIS-0043,Visitor 43,VISITOR,ACCESS_GRANTED,GRANTED,1,0,0,0,NORMAL,LOW,0
SEC-000137,F001,Smart Campus,B003,Building C,BLK-C1,Block C1,AP-006,Server Room Access,Restricted Area,2026-01-01 05:36:30,EMP-0229,Employee 229,EMPLOYEE,ACCESS_GRANTED,GRANTED,1,0,0,0,NORMAL,LOW,0
SEC-000111,F001,Smart Campus,B003,Building C,BLK-C1,Block C1,AP-006,Server Room Access,Restricted Area,2026-01-01 05:59:28,EMP-0094,Employee 94,EMPLOYEE,ACCESS_GRANTED,GRANTED,1,0,0,0,NORMAL,LOW,0
SEC-000104,F001,Smart Campus,B002,Building B,BLK-B2,Block B2,AP-004,Building B Service Door,Service Area,2026-01-01 06:11:28,EMP-0106,Employee 106,EMPLOYEE,ACCESS_GRANTED,GRANTED,1,0,0,0,NORMAL,LOW,0
SEC-000058,F001,Smart Campus,B003,Building C,BLK-C1,Block C1,AP-005,Building C Main Entrance,Entrance,2026-01-01 06:47:16,EMP-0187,Employee 187,EMPLOYEE,ACCESS_GRANTED,GRANTED,1,0,0,0,NORMAL,LOW,0
SEC-000140,F001,Smart Campus,B003,Building C,BLK-C1,Block C1,AP-005,Building C Main Entrance,Entrance,2026-01-01 06:48:09,EMP-0042,Employee 42,EMPLOYEE,ACCESS_GRANTED,GRANTED,1,0,0,0,NORMAL,LOW,0
SEC-000147,F001,Smart Campus,B001,Building A,BLK-A2,Block A2,AP-002,Building A Side Entrance,Entrance,2026-01-01 07:07:03,VIS-0283,Visitor 283,VISITOR,ACCESS_GRANTED,GRANTED,0,0,0,0,NORMAL,NORMAL,0
SEC-000152,F001,Smart Campus,B002,Building B,BLK-B1,Block B1,AP-003,Building B Main Entrance,Entrance,2026-01-01 07:41:43,EMP-0027,Employee 27,EMPLOYEE,ACCESS_GRANTED,GRANTED,0,0,0,0,NORMAL,NORMAL,0
SEC-000096,F001,Smart Campus,B003,Building C,BLK-C1,Block C1,AP-005,Building C Main Entrance,Entrance,2026-01-01 07:41:52,CON-0147,Contractor 147,CONTRACTOR,ACCESS_GRANTED,GRANTED,0,0,0,0,NORMAL,NORMAL,0
SEC-000117,F001,Smart Campus,B002,Building B,BLK-B2,Block B2,AP-004,Building B Service Door,Service Area,2026-01-01 07:44:43,EMP-0193,Employee 193,EMPLOYEE,ACCESS_GRANTED,GRANTED,0,0,0,0,NORMAL,NORMAL,0
SEC-000093,F001,Smart Campus,B003,Building C,BLK-C1,Block C1,AP-006,Server Room Access,Restricted Area,2026-01-01 07:55:28,EMP-0126,Employee 126,EMPLOYEE,ACCESS_GRANTED,GRANTED,0,0,0,0,NORMAL,NORMAL,0
SEC-000087,F001,Smart Campus,B001,Building A,BLK-A2,Block A2,AP-002,Building A Side Entrance,Entrance,2026-01-01 08:07:10,CON-0126,Contractor 126,CONTRACTOR,ACCESS_GRANTED,GRANTED,0,0,0,0,NORMAL,NORMAL,0
SEC-000053,F001,Smart Campus,B002,Building B,BLK-B2,Block B2,AP-004,Building B Service Door,Service Area,2026-01-01 08:12:05,EMP-0307,Employee 307,EMPLOYEE,ACCESS_GRANTED,GRANTED,0,0,0,0,NORMAL,NORMAL,0
SEC-000052,F001,Smart Campus,B001,Building A,BLK-A2,Block A2,AP-002,Building A Side Entrance,Entrance,2026-01-01 08:12:37,EMP-0260,Employee 260,EMPLOYEE,ACCESS_GRANTED,GRANTED,0,0,0,0,NORMAL,NORMAL,0
SEC-000007,F001,Smart Campus,B003,Building C,BLK-C1,Block C1,AP-005,Building C Main Entrance,Entrance,2026-01-01 08:20:55,EMP-0118,Employee 118,EMPLOYEE,ACCESS_DENIED,DENIED,0,0,0,0,NORMAL,MEDIUM,1
SEC-000107,F001,Smart Campus,B001,Building A,BLK-A1,Block A1,AP-001,Building A Main Entrance,Entrance,2026-01-01 08:20:59,CON-0052,Contractor 52,CONTRACTOR,ACCESS_GRANTED,GRANTED,0,0,0,0,NORMAL,NORMAL,0
SEC-000109,F001,Smart Campus,B001,Building A,BLK-A2,Block A2,AP-002,Building A Side Entrance,Entrance,2026-01-01 08:34:58,EMP-0082,Employee 82,EMPLOYEE,ACCESS_GRANTED,GRANTED,0,0,0,0,NORMAL,NORMAL,0
SEC-000129,F001,Smart Campus,B003,Building C,BLK-C1,Block C1,AP-005,Building C Main Entrance,Entrance,2026-01-01 08:36:16,EMP-0164,Employee 164,EMPLOYEE,ACCESS_GRANTED,GRANTED,0,0,0,0,NORMAL,NORMAL,0
SEC-000059,F001,Smart Campus,B002,Building B,BLK-B1,Block B1,AP-003,Building B Main Entrance,Entrance,2026-01-01 08:44:08,EMP-0424,Employee 424,EMPLOYEE,ACCESS_GRANTED,GRANTED,0,0,0,0,NORMAL,NORMAL,0
SEC-000082,F001,Smart Campus,B001,Building A,BLK-A2,Block A2,AP-002,Building A Side Entrance,Entrance,2026-01-01 08:45:13,EMP-0293,Employee 293,EMPLOYEE,ACCESS_GRANTED,GRANTED,0,0,0,0,NORMAL,NORMAL,0
SEC-000021,F001,Smart Campus,B003,Building C,BLK-C1,Block C1,AP-006,Server Room Access,Restricted Area,2026-01-01 08:45:25,EMP-0315,Employee 315,EMPLOYEE,ACCESS_GRANTED,GRANTED,0,0,0,0,NORMAL,NORMAL,0
SEC-000099,F001,Smart Campus,B002,Building B,BLK-B2,Block B2,AP-004,Building B Service Door,Service Area,2026-01-01 09:02:29,EMP-0451,Employee 451,EMPLOYEE,ACCESS_GRANTED,GRANTED,0,0,0,0,NORMAL,NORMAL,0
SEC-000133,F001,Smart Campus,B001,Building A,BLK-A1,Block A1,AP-001,Building A Main Entrance,Entrance,2026-01-01 09:17:21,EMP-0255,Employee 255,EMPLOYEE,ACCESS_GRANTED,GRANTED,0,0,0,0,NORMAL,NORMAL,0
SEC-000118,F001,Smart Campus,B002,Building B,BLK-B2,Block B2,AP-004,Building B Service Door,Service Area,2026-01-01 09:22:46,EMP-0099,Employee 99,EMPLOYEE,ACCESS_GRANTED,GRANTED,0,0,0,0,NORMAL,NORMAL,0
SEC-000031,F001,Smart Campus,B001,Building A,BLK-A2,Block A2,AP-002,Building A Side Entrance,Entrance,2026-01-01 09:40:40,VIS-0116,Visitor 116,VISITOR,ACCESS_GRANTED,GRANTED,0,0,0,0,NORMAL,NORMAL,0
SEC-000066,F001,Smart Campus,B003,Building C,BLK-C1,Block C1,AP-005,Building C Main Entrance,Entrance,2026-01-01 09:46:12,EMP-0308,Employee 308,EMPLOYEE,ACCESS_GRANTED,GRANTED,0,0,0,0,NORMAL,NORMAL,0
SEC-000156,F001,Smart Campus,B002,Building B,BLK-B1,Block B1,AP-003,Building B Main Entrance,Entrance,2026-01-01 09:53:12,VIS-0132,Visitor 132,VISITOR,ACCESS_GRANTED,GRANTED,0,0,0,0,NORMAL,NORMAL,0
SEC-000028,F001,Smart Campus,B003,Building C,BLK-C1,Block C1,AP-005,Building C Main Entrance,Entrance,2026-01-01 09:55:22,EMP-0224,Employee 224,EMPLOYEE,ACCESS_DENIED,DENIED,0,0,0,0,NORMAL,MEDIUM,1
SEC-000015,F001,Smart Campus,B001,Building A,BLK-A2,Block A2,AP-002,Building A Side Entrance,Entrance,2026-01-01 09:59:33,CON-0047,Contractor 47,CONTRACTOR,ACCESS_GRANTED,GRANTED,0,0,0,0,NORMAL,NORMAL,0
SEC-000018,F001,Smart Campus,B001,Building A,BLK-A1,Block A1,AP-001,Building A Main Entrance,Entrance,2026-01-01 10:05:26,CON-0029,Contractor 29,CONTRACTOR,ACCESS_GRANTED,GRANTED,0,0,0,0,NORMAL,NORMAL,0
SEC-000051,F001,Smart Campus,B001,Building A,BLK-A2,Block A2,AP-002,Building A Side Entrance,Entrance,2026-01-01 10:16:54,EMP-0180,Employee 180,EMPLOYEE,ACCESS_GRANTED,GRANTED,0,0,0,0,NORMAL,NORMAL,0
SEC-000032,F001,Smart Campus,B003,Building C,BLK-C1,Block C1,AP-005,Building C Main Entrance,Entrance,2026-01-01 10:17:03,CON-0103,Contractor 103,CONTRACTOR,ACCESS_GRANTED,GRANTED,0,0,0,0,NORMAL,NORMAL,0
SEC-000050,F001,Smart Campus,B003,Building C,BLK-C1,Block C1,AP-006,Server Room Access,Restricted Area,2026-01-01 10:20:53,EMP-0469,Employee 469,EMPLOYEE,ACCESS_GRANTED,GRANTED,0,0,0,0,NORMAL,NORMAL,0
SEC-000056,F001,Smart Campus,B001,Building A,BLK-A2,Block A2,AP-002,Building A Side Entrance,Entrance,2026-01-01 10:28:41,VIS-0075,Visitor 75,VISITOR,UNAUTHORIZED_ACCESS,DENIED,0,1,0,0,SUSPICIOUS_ACCESS,HIGH,1
SEC-000025,F001,Smart Campus,B003,Building C,BLK-C1,Block C1,AP-005,Building C Main Entrance,Entrance,2026-01-01 10:29:39,EMP-0226,Employee 226,EMPLOYEE,ACCESS_GRANTED,GRANTED,0,0,0,0,NORMAL,NORMAL,0
SEC-000139,F001,Smart Campus,B003,Building C,BLK-C1,Block C1,AP-006,Server Room Access,Restricted Area,2026-01-01 10:45:37,EMP-0417,Employee 417,EMPLOYEE,ACCESS_GRANTED,GRANTED,0,0,0,0,NORMAL,NORMAL,0
SEC-000004,F001,Smart Campus,B001,Building A,BLK-A1,Block A1,AP-001,Building A Main Entrance,Entrance,2026-01-01 11:00:39,VIS-0010,Visitor 10,VISITOR,UNAUTHORIZED_ACCESS,DENIED,0,1,0,0,SUSPICIOUS_ACCESS,HIGH,1
SEC-000083,F001,Smart Campus,B003,Building C,BLK-C1,Block C1,AP-006,Server Room Access,Restricted Area,2026-01-01 11:00:57,EMP-0417,Employee 417,EMPLOYEE,ACCESS_GRANTED,GRANTED,0,0,0,0,NORMAL,NORMAL,0
SEC-000114,F001,Smart Campus,B001,Building A,BLK-A2,Block A2,AP-002,Building A Side Entrance,Entrance,2026-01-01 11:12:32,EMP-0267,Employee 267,EMPLOYEE,ACCESS_GRANTED,GRANTED,0,0,0,0,NORMAL,NORMAL,0
SEC-000115,F001,Smart Campus,B003,Building C,BLK-C1,Block C1,AP-006,Server Room Access,Restricted Area,2026-01-01 11:16:28,CON-0087,Contractor 87,CONTRACTOR,UNAUTHORIZED_ACCESS,DENIED,0,1,0,0,SUSPICIOUS_ACCESS,HIGH,1
SEC-000098,F001,Smart Campus,B002,Building B,BLK-B1,Block B1,AP-003,Building B Main Entrance,Entrance,2026-01-01 11:40:46,EMP-0496,Employee 496,EMPLOYEE,ACCESS_GRANTED,GRANTED,0,0,0,0,NORMAL,NORMAL,0
SEC-000012,F001,Smart Campus,B001,Building A,BLK-A1,Block A1,AP-001,Building A Main Entrance,Entrance,2026-01-01 11:53:04,EMP-0435,Employee 435,EMPLOYEE,ACCESS_GRANTED,GRANTED,0,0,0,0,NORMAL,NORMAL,0
SEC-000103,F001,Smart Campus,B003,Building C,BLK-C1,Block C1,AP-005,Building C Main Entrance,Entrance,2026-01-01 11:57:53,CON-0106,Contractor 106,CONTRACTOR,ACCESS_GRANTED,GRANTED,0,0,0,0,NORMAL,NORMAL,0
SEC-000003,F001,Smart Campus,B003,Building C,BLK-C1,Block C1,AP-006,Server Room Access,Restricted Area,2026-01-01 12:04:11,EMP-0174,Employee 174,EMPLOYEE,ACCESS_GRANTED,GRANTED,0,0,0,0,NORMAL,NORMAL,0
SEC-000067,F001,Smart Campus,B002,Building B,BLK-B2,Block B2,AP-004,Building B Service Door,Service Area,2026-01-01 12:05:06,CON-0147,Contractor 147,CONTRACTOR,ACCESS_GRANTED,GRANTED,0,0,0,0,NORMAL,NORMAL,0
SEC-000070,F001,Smart Campus,B003,Building C,BLK-C1,Block C1,AP-005,Building C Main Entrance,Entrance,2026-01-01 12:06:10,EMP-0271,Employee 271,EMPLOYEE,UNAUTHORIZED_ACCESS,DENIED,0,1,0,0,SUSPICIOUS_ACCESS,HIGH,1
SEC-000068,F001,Smart Campus,B002,Building B,BLK-B2,Block B2,AP-004,Building B Service Door,Service Area,2026-01-01 12:11:06,EMP-0091,Employee 91,EMPLOYEE,ACCESS_GRANTED,GRANTED,0,0,0,0,NORMAL,NORMAL,0
SEC-000027,F001,Smart Campus,B002,Building B,BLK-B1,Block B1,AP-003,Building B Main Entrance,Entrance,2026-01-01 12:27:41,EMP-0279,Employee 279,EMPLOYEE,ACCESS_GRANTED,GRANTED,0,0,0,0,NORMAL,NORMAL,0
SEC-000048,F001,Smart Campus,B002,Building B,BLK-B2,Block B2,AP-004,Building B Service Door,Service Area,2026-01-01 12:29:44,CON-0068,Contractor 68,CONTRACTOR,ACCESS_GRANTED,GRANTED,0,0,0,0,NORMAL,NORMAL,0
SEC-000116,F001,Smart Campus,B002,Building B,BLK-B2,Block B2,AP-004,Building B Service Door,Service Area,2026-01-01 12:35:02,EMP-0475,Employee 475,EMPLOYEE,ACCESS_GRANTED,GRANTED,0,0,0,0,NORMAL,NORMAL,0
SEC-000069,F001,Smart Campus,B002,Building B,BLK-B2,Block B2,AP-004,Building B Service Door,Service Area,2026-01-01 12:41:40,EMP-0232,Employee 232,EMPLOYEE,ACCESS_GRANTED,GRANTED,0,0,0,0,NORMAL,NORMAL,0
SEC-000135,F001,Smart Campus,B001,Building A,BLK-A1,Block A1,AP-001,Building A Main Entrance,Entrance,2026-01-01 12:45:30,EMP-0073,Employee 73,EMPLOYEE,ACCESS_GRANTED,GRANTED,0,0,0,0,NORMAL,NORMAL,0
SEC-000080,F001,Smart Campus,B003,Building C,BLK-C1,Block C1,AP-005,Building C Main Entrance,Entrance,2026-01-01 12:47:03,EMP-0025,Employee 25,EMPLOYEE,ACCESS_GRANTED,GRANTED,0,0,0,0,NORMAL,NORMAL,0
SEC-000119,F001,Smart Campus,B001,Building A,BLK-A1,Block A1,AP-001,Building A Main Entrance,Entrance,2026-01-01 12:55:32,VIS-0012,Visitor 12,VISITOR,ACCESS_GRANTED,GRANTED,0,0,0,0,NORMAL,NORMAL,0
SEC-000034,F001,Smart Campus,B001,Building A,BLK-A1,Block A1,AP-001,Building A Main Entrance,Entrance,2026-01-01 13:08:09,EMP-0083,Employee 83,EMPLOYEE,ACCESS_GRANTED,GRANTED,0,0,0,0,NORMAL,NORMAL,0
SEC-000054,F001,Smart Campus,B002,Building B,BLK-B1,Block B1,AP-003,Building B Main Entrance,Entrance,2026-01-01 13:08:58,EMP-0433,Employee 433,EMPLOYEE,ACCESS_GRANTED,GRANTED,0,0,0,0,NORMAL,NORMAL,0
SEC-000123,F001,Smart Campus,B001,Building A,BLK-A1,Block A1,AP-001,Building A Main Entrance,Entrance,2026-01-01 13:20:40,EMP-0244,Employee 244,EMPLOYEE,ACCESS_GRANTED,GRANTED,0,0,0,0,NORMAL,NORMAL,0
SEC-000078,F001,Smart Campus,B003,Building C,BLK-C1,Block C1,AP-006,Server Room Access,Restricted Area,2026-01-01 13:24:05,EMP-0252,Employee 252,EMPLOYEE,ACCESS_GRANTED,GRANTED,0,0,0,0,NORMAL,NORMAL,0
SEC-000100,F001,Smart Campus,B002,Building B,BLK-B1,Block B1,AP-003,Building B Main Entrance,Entrance,2026-01-01 13:26:56,EMP-0376,Employee 376,EMPLOYEE,ACCESS_GRANTED,GRANTED,0,0,0,0,NORMAL,NORMAL,0
SEC-000035,F001,Smart Campus,B001,Building A,BLK-A2,Block A2,AP-002,Building A Side Entrance,Entrance,2026-01-01 13:37:12,EMP-0180,Employee 180,EMPLOYEE,ACCESS_GRANTED,GRANTED,0,0,0,0,NORMAL,NORMAL,0
SEC-000049,F001,Smart Campus,B003,Building C,BLK-C1,Block C1,AP-006,Server Room Access,Restricted Area,2026-01-01 13:48:22,VIS-0089,Visitor 89,VISITOR,ACCESS_GRANTED,GRANTED,0,0,0,0,NORMAL,NORMAL,0
SEC-000086,F001,Smart Campus,B001,Building A,BLK-A2,Block A2,AP-002,Building A Side Entrance,Entrance,2026-01-01 14:16:38,EMP-0355,Employee 355,EMPLOYEE,ACCESS_GRANTED,GRANTED,0,0,0,0,NORMAL,NORMAL,0
SEC-000057,F001,Smart Campus,B003,Building C,BLK-C1,Block C1,AP-005,Building C Main Entrance,Entrance,2026-01-01 14:26:35,EMP-0291,Employee 291,EMPLOYEE,ACCESS_GRANTED,GRANTED,0,0,0,0,NORMAL,NORMAL,0
SEC-000131,F001,Smart Campus,B002,Building B,BLK-B2,Block B2,AP-004,Building B Service Door,Service Area,2026-01-01 14:28:09,EMP-0385,Employee 385,EMPLOYEE,ACCESS_GRANTED,GRANTED,0,0,0,0,NORMAL,NORMAL,0
SEC-000102,F001,Smart Campus,B003,Building C,BLK-C1,Block C1,AP-005,Building C Main Entrance,Entrance,2026-01-01 14:35:55,VIS-0210,Visitor 210,VISITOR,ACCESS_GRANTED,GRANTED,0,0,0,0,NORMAL,NORMAL,0
SEC-000157,F001,Smart Campus,B002,Building B,BLK-B1,Block B1,AP-003,Building B Main Entrance,Entrance,2026-01-01 14:38:41,EMP-0395,Employee 395,EMPLOYEE,ACCESS_GRANTED,GRANTED,0,0,0,0,NORMAL,NORMAL,0
SEC-000097,F001,Smart Campus,B003,Building C,BLK-C1,Block C1,AP-006,Server Room Access,Restricted Area,2026-01-01 14:39:16,EMP-0326,Employee 326,EMPLOYEE,ACCESS_GRANTED,GRANTED,0,0,0,0,NORMAL,NORMAL,0
SEC-000002,F001,Smart Campus,B001,Building A,BLK-A1,Block A1,AP-001,Building A Main Entrance,Entrance,2026-01-01 14:39:41,CON-0019,Contractor 19,CONTRACTOR,ACCESS_GRANTED,GRANTED,0,0,0,0,NORMAL,NORMAL,0
SEC-000022,F001,Smart Campus,B002,Building B,BLK-B1,Block B1,AP-003,Building B Main Entrance,Entrance,2026-01-01 14:42:37,EMP-0296,Employee 296,EMPLOYEE,ACCESS_GRANTED,GRANTED,0,0,0,0,NORMAL,NORMAL,0
SEC-000138,F001,Smart Campus,B002,Building B,BLK-B1,Block B1,AP-003,Building B Main Entrance,Entrance,2026-01-01 14:50:17,EMP-0296,Employee 296,EMPLOYEE,ACCESS_GRANTED,GRANTED,0,0,0,0,NORMAL,NORMAL,0
SEC-000149,F001,Smart Campus,B003,Building C,BLK-C1,Block C1,AP-005,Building C Main Entrance,Entrance,2026-01-01 15:03:46,EMP-0068,Employee 68,EMPLOYEE,ACCESS_GRANTED,GRANTED,0,0,0,0,NORMAL,NORMAL,0
SEC-000154,F001,Smart Campus,B003,Building C,BLK-C1,Block C1,AP-006,Server Room Access,Restricted Area,2026-01-01 15:04:02,EMP-0019,Employee 19,EMPLOYEE,ACCESS_GRANTED,GRANTED,0,0,0,0,NORMAL,NORMAL,0
SEC-000029,F001,Smart Campus,B001,Building A,BLK-A2,Block A2,AP-002,Building A Side Entrance,Entrance,2026-01-01 15:12:09,VIS-0114,Visitor 114,VISITOR,ACCESS_GRANTED,GRANTED,0,0,0,0,NORMAL,NORMAL,0
SEC-000060,F001,Smart Campus,B003,Building C,BLK-C1,Block C1,AP-005,Building C Main Entrance,Entrance,2026-01-01 15:20:06,VIS-0117,Visitor 117,VISITOR,ACCESS_GRANTED,GRANTED,0,0,0,0,NORMAL,NORMAL,0
SEC-000030,F001,Smart Campus,B001,Building A,BLK-A2,Block A2,AP-002,Building A Side Entrance,Entrance,2026-01-01 15:33:03,VIS-0186,Visitor 186,VISITOR,ACCESS_GRANTED,GRANTED,0,0,0,0,NORMAL,NORMAL,0
SEC-000077,F001,Smart Campus,B003,Building C,BLK-C1,Block C1,AP-005,Building C Main Entrance,Entrance,2026-01-01 15:33:25,VIS-0103,Visitor 103,VISITOR,ACCESS_GRANTED,GRANTED,0,0,0,0,NORMAL,NORMAL,0
SEC-000073,F001,Smart Campus,B001,Building A,BLK-A1,Block A1,AP-001,Building A Main Entrance,Entrance,2026-01-01 15:56:50,CON-0080,Contractor 80,CONTRACTOR,ACCESS_GRANTED,GRANTED,0,0,0,0,NORMAL,NORMAL,0
SEC-000039,F001,Smart Campus,B003,Building C,BLK-C1,Block C1,AP-006,Server Room Access,Restricted Area,2026-01-01 16:10:56,EMP-0444,Employee 444,EMPLOYEE,ACCESS_GRANTED,GRANTED,0,0,0,0,NORMAL,NORMAL,0
SEC-000121,F001,Smart Campus,B003,Building C,BLK-C1,Block C1,AP-005,Building C Main Entrance,Entrance,2026-01-01 16:40:55,CON-0085,Contractor 85,CONTRACTOR,ACCESS_GRANTED,GRANTED,0,0,0,0,NORMAL,NORMAL,0
SEC-000036,F001,Smart Campus,B001,Building A,BLK-A1,Block A1,AP-001,Building A Main Entrance,Entrance,2026-01-01 16:43:09,EMP-0073,Employee 73,EMPLOYEE,ACCESS_GRANTED,GRANTED,0,0,0,0,NORMAL,NORMAL,0
SEC-000134,F001,Smart Campus,B001,Building A,BLK-A2,Block A2,AP-002,Building A Side Entrance,Entrance,2026-01-01 16:46:31,EMP-0486,Employee 486,EMPLOYEE,ACCESS_GRANTED,GRANTED,0,0,0,0,NORMAL,NORMAL,0
SEC-000023,F001,Smart Campus,B002,Building B,BLK-B1,Block B1,AP-003,Building B Main Entrance,Entrance,2026-01-01 16:47:59,VIS-0198,Visitor 198,VISITOR,ACCESS_GRANTED,GRANTED,0,0,0,0,NORMAL,NORMAL,0
SEC-000105,F001,Smart Campus,B001,Building A,BLK-A2,Block A2,AP-002,Building A Side Entrance,Entrance,2026-01-01 16:50:51,EMP-0211,Employee 211,EMPLOYEE,ACCESS_GRANTED,GRANTED,0,0,0,0,NORMAL,NORMAL,0
SEC-000120,F001,Smart Campus,B002,Building B,BLK-B1,Block B1,AP-003,Building B Main Entrance,Entrance,2026-01-01 16:51:15,VIS-0039,Visitor 39,VISITOR,UNAUTHORIZED_ACCESS,DENIED,0,1,0,0,SUSPICIOUS_ACCESS,HIGH,1
SEC-000019,F001,Smart Campus,B002,Building B,BLK-B2,Block B2,AP-004,Building B Service Door,Service Area,2026-01-01 16:51:40,EMP-0244,Employee 244,EMPLOYEE,ACCESS_GRANTED,GRANTED,0,0,0,0,NORMAL,NORMAL,0
SEC-000061,F001,Smart Campus,B001,Building A,BLK-A2,Block A2,AP-002,Building A Side Entrance,Entrance,2026-01-01 16:53:03,EMP-0225,Employee 225,EMPLOYEE,ACCESS_GRANTED,GRANTED,0,0,0,0,NORMAL,NORMAL,0
SEC-000043,F001,Smart Campus,B003,Building C,BLK-C1,Block C1,AP-006,Server Room Access,Restricted Area,2026-01-01 16:53:36,EMP-0266,Employee 266,EMPLOYEE,ACCESS_GRANTED,GRANTED,0,0,0,0,NORMAL,NORMAL,0
SEC-000040,F001,Smart Campus,B003,Building C,BLK-C1,Block C1,AP-006,Server Room Access,Restricted Area,2026-01-01 16:55:23,EMP-0436,Employee 436,EMPLOYEE,ACCESS_GRANTED,GRANTED,0,0,0,0,NORMAL,NORMAL,0
SEC-000092,F001,Smart Campus,B002,Building B,BLK-B1,Block B1,AP-003,Building B Main Entrance,Entrance,2026-01-01 17:03:25,EMP-0485,Employee 485,EMPLOYEE,ACCESS_GRANTED,GRANTED,0,0,0,0,NORMAL,NORMAL,0
SEC-000062,F001,Smart Campus,B003,Building C,BLK-C1,Block C1,AP-005,Building C Main Entrance,Entrance,2026-01-01 17:03:57,EMP-0445,Employee 445,EMPLOYEE,ACCESS_GRANTED,GRANTED,0,0,0,0,NORMAL,NORMAL,0
SEC-000094,F001,Smart Campus,B002,Building B,BLK-B1,Block B1,AP-003,Building B Main Entrance,Entrance,2026-01-01 17:04:26,EMP-0009,Employee 9,EMPLOYEE,ACCESS_GRANTED,GRANTED,0,0,0,0,NORMAL,NORMAL,0
SEC-000001,F001,Smart Campus,B002,Building B,BLK-B1,Block B1,AP-003,Building B Main Entrance,Entrance,2026-01-01 17:04:47,EMP-0048,Employee 48,EMPLOYEE,ACCESS_GRANTED,GRANTED,0,0,0,0,NORMAL,NORMAL,0
SEC-000159,F001,Smart Campus,B002,Building B,BLK-B2,Block B2,AP-004,Building B Service Door,Service Area,2026-01-01 17:14:36,VIS-0130,Visitor 130,VISITOR,ACCESS_GRANTED,GRANTED,0,0,0,0,NORMAL,NORMAL,0
SEC-000085,F001,Smart Campus,B003,Building C,BLK-C1,Block C1,AP-005,Building C Main Entrance,Entrance,2026-01-01 17:19:13,CON-0070,Contractor 70,CONTRACTOR,ACCESS_GRANTED,GRANTED,0,0,0,0,NORMAL,NORMAL,0
SEC-000148,F001,Smart Campus,B001,Building A,BLK-A1,Block A1,AP-001,Building A Main Entrance,Entrance,2026-01-01 17:20:25,EMP-0314,Employee 314,EMPLOYEE,ACCESS_GRANTED,GRANTED,0,0,0,0,NORMAL,NORMAL,0
SEC-000016,F001,Smart Campus,B001,Building A,BLK-A2,Block A2,AP-002,Building A Side Entrance,Entrance,2026-01-01 17:23:58,VIS-0165,Visitor 165,VISITOR,UNAUTHORIZED_ACCESS,DENIED,0,1,0,0,SUSPICIOUS_ACCESS,HIGH,1
SEC-000124,F001,Smart Campus,B002,Building B,BLK-B2,Block B2,AP-004,Building B Service Door,Service Area,2026-01-01 17:37:55,VIS-0227,Visitor 227,VISITOR,ACCESS_GRANTED,GRANTED,0,0,0,0,NORMAL,NORMAL,0
SEC-000076,F001,Smart Campus,B002,Building B,BLK-B2,Block B2,AP-004,Building B Service Door,Service Area,2026-01-01 17:45:48,VIS-0051,Visitor 51,VISITOR,ACCESS_GRANTED,GRANTED,0,0,0,0,NORMAL,NORMAL,0
SEC-000145,F001,Smart Campus,B001,Building A,BLK-A1,Block A1,AP-001,Building A Main Entrance,Entrance,2026-01-01 17:48:26,EMP-0239,Employee 239,EMPLOYEE,ACCESS_GRANTED,GRANTED,0,0,0,0,NORMAL,NORMAL,0
SEC-000045,F001,Smart Campus,B003,Building C,BLK-C1,Block C1,AP-006,Server Room Access,Restricted Area,2026-01-01 17:50:28,VIS-0294,Visitor 294,VISITOR,ACCESS_GRANTED,GRANTED,0,0,0,0,NORMAL,NORMAL,0
SEC-000161,F001,Smart Campus,B002,Building B,BLK-B1,Block B1,AP-003,Building B Main Entrance,Entrance,2026-01-01 17:54:15,EMP-0055,Employee 55,EMPLOYEE,ACCESS_GRANTED,GRANTED,0,0,0,0,NORMAL,NORMAL,0
SEC-000046,F001,Smart Campus,B003,Building C,BLK-C1,Block C1,AP-006,Server Room Access,Restricted Area,2026-01-01 17:58:01,EMP-0093,Employee 93,EMPLOYEE,UNAUTHORIZED_ACCESS,DENIED,0,1,0,0,SUSPICIOUS_ACCESS,HIGH,1
SEC-000063,F001,Smart Campus,B002,Building B,BLK-B1,Block B1,AP-003,Building B Main Entrance,Entrance,2026-01-01 18:01:45,EMP-0221,Employee 221,EMPLOYEE,ACCESS_GRANTED,GRANTED,0,0,0,0,NORMAL,NORMAL,0
SEC-000079,F001,Smart Campus,B002,Building B,BLK-B1,Block B1,AP-003,Building B Main Entrance,Entrance,2026-01-01 18:03:33,VIS-0097,Visitor 97,VISITOR,ACCESS_GRANTED,GRANTED,0,0,0,0,NORMAL,NORMAL,0
SEC-000130,F001,Smart Campus,B002,Building B,BLK-B2,Block B2,AP-004,Building B Service Door,Service Area,2026-01-01 18:12:14,EMP-0022,Employee 22,EMPLOYEE,ACCESS_GRANTED,GRANTED,0,0,0,0,NORMAL,NORMAL,0
SEC-000033,F001,Smart Campus,B002,Building B,BLK-B2,Block B2,AP-004,Building B Service Door,Service Area,2026-01-01 18:19:00,EMP-0363,Employee 363,EMPLOYEE,ACCESS_GRANTED,GRANTED,0,0,0,0,NORMAL,NORMAL,0
SEC-000160,F001,Smart Campus,B002,Building B,BLK-B1,Block B1,AP-003,Building B Main Entrance,Entrance,2026-01-01 18:24:46,EMP-0201,Employee 201,EMPLOYEE,ACCESS_GRANTED,GRANTED,0,0,0,0,NORMAL,NORMAL,0
SEC-000088,F001,Smart Campus,B003,Building C,BLK-C1,Block C1,AP-006,Server Room Access,Restricted Area,2026-01-01 18:25:18,EMP-0146,Employee 146,EMPLOYEE,ACCESS_GRANTED,GRANTED,0,0,0,0,NORMAL,NORMAL,0
SEC-000128,F001,Smart Campus,B001,Building A,BLK-A1,Block A1,AP-001,Building A Main Entrance,Entrance,2026-01-01 18:28:00,CON-0023,Contractor 23,CONTRACTOR,ACCESS_GRANTED,GRANTED,0,0,0,0,NORMAL,NORMAL,0
SEC-000047,F001,Smart Campus,B002,Building B,BLK-B2,Block B2,AP-004,Building B Service Door,Service Area,2026-01-01 18:29:54,VIS-0184,Visitor 184,VISITOR,ACCESS_GRANTED,GRANTED,0,0,0,0,NORMAL,NORMAL,0
SEC-000101,F001,Smart Campus,B003,Building C,BLK-C1,Block C1,AP-006,Server Room Access,Restricted Area,2026-01-01 18:33:13,EMP-0365,Employee 365,EMPLOYEE,ACCESS_GRANTED,GRANTED,0,0,0,0,NORMAL,NORMAL,0
SEC-000064,F001,Smart Campus,B002,Building B,BLK-B2,Block B2,AP-004,Building B Service Door,Service Area,2026-01-01 18:43:19,EMP-0292,Employee 292,EMPLOYEE,ACCESS_GRANTED,GRANTED,0,0,0,0,NORMAL,NORMAL,0
SEC-000090,F001,Smart Campus,B001,Building A,BLK-A2,Block A2,AP-002,Building A Side Entrance,Entrance,2026-01-01 18:51:04,EMP-0316,Employee 316,EMPLOYEE,ACCESS_GRANTED,GRANTED,0,0,0,0,NORMAL,NORMAL,0
SEC-000014,F001,Smart Campus,B001,Building A,BLK-A2,Block A2,AP-002,Building A Side Entrance,Entrance,2026-01-01 19:02:03,EMP-0108,Employee 108,EMPLOYEE,ACCESS_GRANTED,GRANTED,0,0,0,0,NORMAL,NORMAL,0
SEC-000127,F001,Smart Campus,B003,Building C,BLK-C1,Block C1,AP-006,Server Room Access,Restricted Area,2026-01-01 19:10:04,EMP-0253,Employee 253,EMPLOYEE,ACCESS_GRANTED,GRANTED,0,0,0,0,NORMAL,NORMAL,0
SEC-000141,F001,Smart Campus,B001,Building A,BLK-A1,Block A1,AP-001,Building A Main Entrance,Entrance,2026-01-01 19:12:50,VIS-0074,Visitor 74,VISITOR,ACCESS_GRANTED,GRANTED,0,0,0,0,NORMAL,NORMAL,0
SEC-000024,F001,Smart Campus,B003,Building C,BLK-C1,Block C1,AP-006,Server Room Access,Restricted Area,2026-01-01 19:15:10,EMP-0006,Employee 6,EMPLOYEE,ACCESS_GRANTED,GRANTED,0,0,0,0,NORMAL,NORMAL,0
SEC-000041,F001,Smart Campus,B003,Building C,BLK-C1,Block C1,AP-006,Server Room Access,Restricted Area,2026-01-01 19:17:53,EMP-0142,Employee 142,EMPLOYEE,ACCESS_GRANTED,GRANTED,0,0,0,0,NORMAL,NORMAL,0
SEC-000146,F001,Smart Campus,B001,Building A,BLK-A2,Block A2,AP-002,Building A Side Entrance,Entrance,2026-01-01 19:20:06,CON-0117,Contractor 117,CONTRACTOR,ACCESS_GRANTED,GRANTED,0,0,0,0,NORMAL,NORMAL,0
SEC-000005,F001,Smart Campus,B001,Building A,BLK-A2,Block A2,AP-002,Building A Side Entrance,Entrance,2026-01-01 19:20:34,EMP-0341,Employee 341,EMPLOYEE,ACCESS_GRANTED,GRANTED,0,0,0,0,NORMAL,NORMAL,0
SEC-000144,F001,Smart Campus,B003,Building C,BLK-C1,Block C1,AP-005,Building C Main Entrance,Entrance,2026-01-01 19:24:27,EMP-0437,Employee 437,EMPLOYEE,UNAUTHORIZED_ACCESS,DENIED,0,1,0,0,SUSPICIOUS_ACCESS,HIGH,1
SEC-000151,F001,Smart Campus,B003,Building C,BLK-C1,Block C1,AP-005,Building C Main Entrance,Entrance,2026-01-01 19:25:44,EMP-0422,Employee 422,EMPLOYEE,ACCESS_GRANTED,GRANTED,0,0,0,0,NORMAL,NORMAL,0
SEC-000106,F001,Smart Campus,B002,Building B,BLK-B2,Block B2,AP-004,Building B Service Door,Service Area,2026-01-01 19:39:33,EMP-0449,Employee 449,EMPLOYEE,ACCESS_GRANTED,GRANTED,0,0,0,0,NORMAL,NORMAL,0
SEC-000037,F001,Smart Campus,B002,Building B,BLK-B1,Block B1,AP-003,Building B Main Entrance,Entrance,2026-01-01 19:40:38,EMP-0339,Employee 339,EMPLOYEE,ACCESS_GRANTED,GRANTED,0,0,0,0,NORMAL,NORMAL,0
SEC-000143,F001,Smart Campus,B003,Building C,BLK-C1,Block C1,AP-005,Building C Main Entrance,Entrance,2026-01-01 19:41:12,CON-0031,Contractor 31,CONTRACTOR,ACCESS_GRANTED,GRANTED,0,0,0,0,NORMAL,NORMAL,0
SEC-000038,F001,Smart Campus,B001,Building A,BLK-A2,Block A2,AP-002,Building A Side Entrance,Entrance,2026-01-01 19:58:46,EMP-0140,Employee 140,EMPLOYEE,ACCESS_GRANTED,GRANTED,0,0,0,0,NORMAL,NORMAL,0
SEC-000065,F001,Smart Campus,B003,Building C,BLK-C1,Block C1,AP-006,Server Room Access,Restricted Area,2026-01-01 20:00:39,EMP-0387,Employee 387,EMPLOYEE,ACCESS_GRANTED,GRANTED,0,0,0,0,NORMAL,NORMAL,0
SEC-000071,F001,Smart Campus,B003,Building C,BLK-C1,Block C1,AP-005,Building C Main Entrance,Entrance,2026-01-01 20:04:11,EMP-0318,Employee 318,EMPLOYEE,ACCESS_GRANTED,GRANTED,0,0,0,0,NORMAL,NORMAL,0
SEC-000017,F001,Smart Campus,B002,Building B,BLK-B2,Block B2,AP-004,Building B Service Door,Service Area,2026-01-01 20:09:58,EMP-0277,Employee 277,EMPLOYEE,ACCESS_GRANTED,GRANTED,0,0,0,0,NORMAL,NORMAL,0
SEC-000084,F001,Smart Campus,B001,Building A,BLK-A2,Block A2,AP-002,Building A Side Entrance,Entrance,2026-01-01 20:25:02,EMP-0307,Employee 307,EMPLOYEE,ACCESS_GRANTED,GRANTED,0,0,0,0,NORMAL,NORMAL,0
SEC-000142,F001,Smart Campus,B001,Building A,BLK-A1,Block A1,AP-001,Building A Main Entrance,Entrance,2026-01-01 20:39:30,EMP-0402,Employee 402,EMPLOYEE,ACCESS_GRANTED,GRANTED,0,0,0,0,NORMAL,NORMAL,0
SEC-000074,F001,Smart Campus,B001,Building A,BLK-A2,Block A2,AP-002,Building A Side Entrance,Entrance,2026-01-01 21:12:38,EMP-0314,Employee 314,EMPLOYEE,ACCESS_GRANTED,GRANTED,1,0,0,0,NORMAL,LOW,0
SEC-000075,F001,Smart Campus,B002,Building B,BLK-B2,Block B2,AP-004,Building B Service Door,Service Area,2026-01-01 22:04:21,EMP-0073,Employee 73,EMPLOYEE,ACCESS_GRANTED,GRANTED,1,0,0,0,NORMAL,LOW,0
SEC-000010,F001,Smart Campus,B003,Building C,BLK-C1,Block C1,AP-005,Building C Main Entrance,Entrance,2026-01-01 22:07:10,VIS-0062,Visitor 62,VISITOR,ACCESS_DENIED,DENIED,1,0,0,0,NORMAL,MEDIUM,1
SEC-000011,F001,Smart Campus,B001,Building A,BLK-A2,Block A2,AP-002,Building A Side Entrance,Entrance,2026-01-01 22:23:30,EMP-0058,Employee 58,EMPLOYEE,ACCESS_GRANTED,GRANTED,1,0,0,0,NORMAL,LOW,0
SEC-000081,F001,Smart Campus,B003,Building C,BLK-C1,Block C1,AP-006,Server Room Access,Restricted Area,2026-01-01 22:33:54,EMP-0190,Employee 190,EMPLOYEE,ACCESS_GRANTED,GRANTED,1,0,0,0,NORMAL,LOW,0
SEC-000089,F001,Smart Campus,B001,Building A,BLK-A2,Block A2,AP-002,Building A Side Entrance,Entrance,2026-01-01 22:54:31,EMP-0266,Employee 266,EMPLOYEE,ACCESS_GRANTED,GRANTED,1,0,0,0,NORMAL,LOW,0
SEC-000155,F001,Smart Campus,B003,Building C,BLK-C1,Block C1,AP-005,Building C Main Entrance,Entrance,2026-01-01 22:57:53,EMP-0109,Employee 109,EMPLOYEE,ACCESS_GRANTED,GRANTED,1,0,0,0,NORMAL,LOW,0
SEC-000044,F001,Smart Campus,B003,Building C,BLK-C1,Block C1,AP-006,Server Room Access,Restricted Area,2026-01-01 23:06:07,CON-0062,Contractor 62,CONTRACTOR,ACCESS_GRANTED,GRANTED,1,0,0,0,NORMAL,LOW,0
SEC-000125,F001,Smart Campus,B001,Building A,BLK-A2,Block A2,AP-002,Building A Side Entrance,Entrance,2026-01-01 23:12:44,EMP-0390,Employee 390,EMPLOYEE,ACCESS_DENIED,DENIED,1,0,0,0,NORMAL,MEDIUM,1
SEC-000072,F001,Smart Campus,B003,Building C,BLK-C1,Block C1,AP-006,Server Room Access,Restricted Area,2026-01-01 23:23:36,EMP-0226,Employee 226,EMPLOYEE,ACCESS_GRANTED,GRANTED,1,0,0,0,NORMAL,LOW,0
SEC-000108,F001,Smart Campus,B003,Building C,BLK-C1,Block C1,AP-005,Building C Main Entrance,Entrance,2026-01-01 23:57:53,EMP-0174,Employee 174,EMPLOYEE,ACCESS_GRANTED,GRANTED,1,0,0,0,NORMAL,LOW,0
SEC-000277,F001,Smart Campus,B001,Building A,BLK-A2,Block A2,AP-002,Building A Side Entrance,Entrance,2026-01-02 00:15:04,VIS-0139,Visitor 139,VISITOR,ACCESS_GRANTED,GRANTED,1,0,0,0,NORMAL,LOW,0
SEC-000286,F001,Smart Campus,B001,Building A,BLK-A1,Block A1,AP-001,Building A Main Entrance,Entrance,2026-01-02 00:19:42,CON-0036,Contractor 36,CONTRACTOR,ACCESS_GRANTED,GRANTED,1,0,0,0,NORMAL,LOW,0
SEC-000292,F001,Smart Campus,B001,Building A,BLK-A1,Block A1,AP-001,Building A Main Entrance,Entrance,2026-01-02 00:30:51,EMP-0278,Employee 278,EMPLOYEE,ACCESS_GRANTED,GRANTED,1,0,0,0,NORMAL,LOW,0
SEC-000168,F001,Smart Campus,B001,Building A,BLK-A1,Block A1,AP-001,Building A Main Entrance,Entrance,2026-01-02 00:55:36,VIS-0223,Visitor 223,VISITOR,ACCESS_GRANTED,GRANTED,1,0,0,0,NORMAL,LOW,0
SEC-000253,F001,Smart Campus,B002,Building B,BLK-B2,Block B2,AP-004,Building B Service Door,Service Area,2026-01-02 01:05:05,VIS-0005,Visitor 5,VISITOR,ACCESS_GRANTED,GRANTED,1,0,0,0,NORMAL,LOW,0
SEC-000284,F001,Smart Campus,B002,Building B,BLK-B1,Block B1,AP-003,Building B Main Entrance,Entrance,2026-01-02 01:08:53,EMP-0267,Employee 267,EMPLOYEE,ACCESS_GRANTED,GRANTED,1,0,0,0,NORMAL,LOW,0
SEC-000231,F001,Smart Campus,B001,Building A,BLK-A1,Block A1,AP-001,Building A Main Entrance,Entrance,2026-01-02 02:00:18,EMP-0410,Employee 410,EMPLOYEE,ACCESS_GRANTED,GRANTED,1,0,0,0,NORMAL,LOW,0
SEC-000200,F001,Smart Campus,B003,Building C,BLK-C1,Block C1,AP-006,Server Room Access,Restricted Area,2026-01-02 02:15:38,EMP-0255,Employee 255,EMPLOYEE,ACCESS_GRANTED,GRANTED,1,0,0,0,AFTER_HOURS_MOVEMENT,LOW,0
SEC-000244,F001,Smart Campus,B001,Building A,BLK-A1,Block A1,AP-001,Building A Main Entrance,Entrance,2026-01-02 02:54:02,EMP-0248,Employee 248,EMPLOYEE,ACCESS_GRANTED,GRANTED,1,0,0,0,NORMAL,LOW,0
SEC-000298,F001,Smart Campus,B001,Building A,BLK-A1,Block A1,AP-001,Building A Main Entrance,Entrance,2026-01-02 03:08:45,EMP-0128,Employee 128,EMPLOYEE,ACCESS_GRANTED,GRANTED,1,0,0,0,NORMAL,LOW,0
SEC-000243,F001,Smart Campus,B001,Building A,BLK-A1,Block A1,AP-001,Building A Main Entrance,Entrance,2026-01-02 03:26:36,EMP-0410,Employee 410,EMPLOYEE,ACCESS_GRANTED,GRANTED,1,0,0,0,NORMAL,LOW,0
SEC-000249,F001,Smart Campus,B001,Building A,BLK-A2,Block A2,AP-002,Building A Side Entrance,Entrance,2026-01-02 03:29:57,EMP-0051,Employee 51,EMPLOYEE,ACCESS_GRANTED,GRANTED,1,0,0,0,NORMAL,LOW,0
SEC-000287,F001,Smart Campus,B001,Building A,BLK-A1,Block A1,AP-001,Building A Main Entrance,Entrance,2026-01-02 05:04:31,EMP-0154,Employee 154,EMPLOYEE,ACCESS_GRANTED,GRANTED,1,0,0,0,AFTER_HOURS_MOVEMENT,LOW,0
SEC-000198,F001,Smart Campus,B002,Building B,BLK-B2,Block B2,AP-004,Building B Service Door,Service Area,2026-01-02 05:14:52,EMP-0031,Employee 31,EMPLOYEE,ACCESS_GRANTED,GRANTED,1,0,0,0,NORMAL,LOW,0
SEC-000214,F001,Smart Campus,B002,Building B,BLK-B1,Block B1,AP-003,Building B Main Entrance,Entrance,2026-01-02 05:53:15,EMP-0284,Employee 284,EMPLOYEE,ACCESS_GRANTED,GRANTED,1,0,0,0,NORMAL,LOW,0
SEC-000199,F001,Smart Campus,B003,Building C,BLK-C1,Block C1,AP-006,Server Room Access,Restricted Area,2026-01-02 06:28:38,VIS-0116,Visitor 116,VISITOR,ACCESS_GRANTED,GRANTED,1,0,0,0,NORMAL,LOW,0
SEC-000274,F001,Smart Campus,B001,Building A,BLK-A2,Block A2,AP-002,Building A Side Entrance,Entrance,2026-01-02 06:35:46,EMP-0280,Employee 280,EMPLOYEE,ACCESS_GRANTED,GRANTED,1,0,0,0,NORMAL,LOW,0
SEC-000264,F001,Smart Campus,B003,Building C,BLK-C1,Block C1,AP-006,Server Room Access,Restricted Area,2026-01-02 06:42:20,CON-0146,Contractor 146,CONTRACTOR,ACCESS_GRANTED,GRANTED,1,0,0,0,NORMAL,LOW,0
SEC-000254,F001,Smart Campus,B003,Building C,BLK-C1,Block C1,AP-006,Server Room Access,Restricted Area,2026-01-02 07:00:30,EMP-0069,Employee 69,EMPLOYEE,ACCESS_GRANTED,GRANTED,0,0,0,0,NORMAL,NORMAL,0
SEC-000297,F001,Smart Campus,B003,Building C,BLK-C1,Block C1,AP-006,Server Room Access,Restricted Area,2026-01-02 07:07:25,EMP-0383,Employee 383,EMPLOYEE,ACCESS_GRANTED,GRANTED,0,0,0,0,NORMAL,NORMAL,0
SEC-000233,F001,Smart Campus,B002,Building B,BLK-B2,Block B2,AP-004,Building B Service Door,Service Area,2026-01-02 07:13:04,EMP-0189,Employee 189,EMPLOYEE,ACCESS_GRANTED,GRANTED,0,0,0,0,NORMAL,NORMAL,0
SEC-000201,F001,Smart Campus,B001,Building A,BLK-A2,Block A2,AP-002,Building A Side Entrance,Entrance,2026-01-02 07:23:17,EMP-0238,Employee 238,EMPLOYEE,ACCESS_GRANTED,GRANTED,0,0,0,0,NORMAL,NORMAL,0
SEC-000229,F001,Smart Campus,B002,Building B,BLK-B1,Block B1,AP-003,Building B Main Entrance,Entrance,2026-01-02 07:32:32,VIS-0202,Visitor 202,VISITOR,ACCESS_GRANTED,GRANTED,0,0,0,0,NORMAL,NORMAL,0
SEC-000240,F001,Smart Campus,B002,Building B,BLK-B1,Block B1,AP-003,Building B Main Entrance,Entrance,2026-01-02 07:51:33,EMP-0453,Employee 453,EMPLOYEE,ACCESS_GRANTED,GRANTED,0,0,0,0,NORMAL,NORMAL,0
SEC-000179,F001,Smart Campus,B001,Building A,BLK-A1,Block A1,AP-001,Building A Main Entrance,Entrance,2026-01-02 08:13:11,VIS-0037,Visitor 37,VISITOR,ACCESS_GRANTED,GRANTED,0,0,0,0,NORMAL,NORMAL,0
SEC-000289,F001,Smart Campus,B001,Building A,BLK-A2,Block A2,AP-002,Building A Side Entrance,Entrance,2026-01-02 08:14:03,EMP-0431,Employee 431,EMPLOYEE,ACCESS_GRANTED,GRANTED,0,0,0,0,NORMAL,NORMAL,0
SEC-000307,F001,Smart Campus,B001,Building A,BLK-A1,Block A1,AP-001,Building A Main Entrance,Entrance,2026-01-02 08:15:57,EMP-0415,Employee 415,EMPLOYEE,ACCESS_GRANTED,GRANTED,0,0,0,0,NORMAL,NORMAL,0
SEC-000209,F001,Smart Campus,B001,Building A,BLK-A2,Block A2,AP-002,Building A Side Entrance,Entrance,2026-01-02 08:16:07,CON-0141,Contractor 141,CONTRACTOR,ACCESS_GRANTED,GRANTED,0,0,0,0,NORMAL,NORMAL,0
SEC-000213,F001,Smart Campus,B003,Building C,BLK-C1,Block C1,AP-005,Building C Main Entrance,Entrance,2026-01-02 08:21:39,EMP-0146,Employee 146,EMPLOYEE,ACCESS_GRANTED,GRANTED,0,0,0,0,NORMAL,NORMAL,0
SEC-000257,F001,Smart Campus,B003,Building C,BLK-C1,Block C1,AP-005,Building C Main Entrance,Entrance,2026-01-02 08:29:38,VIS-0081,Visitor 81,VISITOR,ACCESS_GRANTED,GRANTED,0,0,0,0,NORMAL,NORMAL,0
SEC-000183,F001,Smart Campus,B002,Building B,BLK-B2,Block B2,AP-004,Building B Service Door,Service Area,2026-01-02 08:30:16,EMP-0043,Employee 43,EMPLOYEE,ACCESS_GRANTED,GRANTED,0,0,0,0,NORMAL,NORMAL,0
SEC-000278,F001,Smart Campus,B003,Building C,BLK-C1,Block C1,AP-005,Building C Main Entrance,Entrance,2026-01-02 08:30:42,EMP-0403,Employee 403,EMPLOYEE,ACCESS_GRANTED,GRANTED,0,0,0,0,NORMAL,NORMAL,0
SEC-000285,F001,Smart Campus,B003,Building C,BLK-C1,Block C1,AP-006,Server Room Access,Restricted Area,2026-01-02 08:39:51,EMP-0428,Employee 428,EMPLOYEE,ACCESS_GRANTED,GRANTED,0,0,0,0,NORMAL,NORMAL,0
SEC-000224,F001,Smart Campus,B001,Building A,BLK-A1,Block A1,AP-001,Building A Main Entrance,Entrance,2026-01-02 08:45:58,EMP-0316,Employee 316,EMPLOYEE,ACCESS_GRANTED,GRANTED,0,0,0,0,NORMAL,NORMAL,0
SEC-000305,F001,Smart Campus,B001,Building A,BLK-A2,Block A2,AP-002,Building A Side Entrance,Entrance,2026-01-02 09:01:49,EMP-0249,Employee 249,EMPLOYEE,ACCESS_GRANTED,GRANTED,0,0,0,0,NORMAL,NORMAL,0
SEC-000187,F001,Smart Campus,B002,Building B,BLK-B2,Block B2,AP-004,Building B Service Door,Service Area,2026-01-02 09:02:18,EMP-0219,Employee 219,EMPLOYEE,ACCESS_GRANTED,GRANTED,0,0,0,0,NORMAL,NORMAL,0
SEC-000215,F001,Smart Campus,B003,Building C,BLK-C1,Block C1,AP-005,Building C Main Entrance,Entrance,2026-01-02 09:05:36,EMP-0499,Employee 499,EMPLOYEE,ACCESS_GRANTED,GRANTED,0,0,0,0,NORMAL,NORMAL,0
SEC-000242,F001,Smart Campus,B003,Building C,BLK-C1,Block C1,AP-006,Server Room Access,Restricted Area,2026-01-02 09:09:48,CON-0024,Contractor 24,CONTRACTOR,ACCESS_GRANTED,GRANTED,0,0,0,0,NORMAL,NORMAL,0
SEC-000267,F001,Smart Campus,B003,Building C,BLK-C1,Block C1,AP-005,Building C Main Entrance,Entrance,2026-01-02 09:21:43,EMP-0378,Employee 378,EMPLOYEE,ACCESS_GRANTED,GRANTED,0,0,0,0,NORMAL,NORMAL,0
SEC-000185,F001,Smart Campus,B001,Building A,BLK-A1,Block A1,AP-001,Building A Main Entrance,Entrance,2026-01-02 09:37:55,EMP-0015,Employee 15,EMPLOYEE,ACCESS_GRANTED,GRANTED,0,0,0,0,NORMAL,NORMAL,0
SEC-000250,F001,Smart Campus,B002,Building B,BLK-B1,Block B1,AP-003,Building B Main Entrance,Entrance,2026-01-02 09:39:30,CON-0017,Contractor 17,CONTRACTOR,ACCESS_GRANTED,GRANTED,0,0,0,0,NORMAL,NORMAL,0
SEC-000175,F001,Smart Campus,B003,Building C,BLK-C1,Block C1,AP-005,Building C Main Entrance,Entrance,2026-01-02 09:47:14,EMP-0404,Employee 404,EMPLOYEE,ACCESS_GRANTED,GRANTED,0,0,0,0,NORMAL,NORMAL,0
SEC-000225,F001,Smart Campus,B002,Building B,BLK-B2,Block B2,AP-004,Building B Service Door,Service Area,2026-01-02 09:54:27,EMP-0469,Employee 469,EMPLOYEE,ACCESS_GRANTED,GRANTED,0,0,0,0,NORMAL,NORMAL,0
SEC-000275,F001,Smart Campus,B002,Building B,BLK-B2,Block B2,AP-004,Building B Service Door,Service Area,2026-01-02 09:59:47,EMP-0087,Employee 87,EMPLOYEE,ACCESS_GRANTED,GRANTED,0,0,0,0,NORMAL,NORMAL,0
SEC-000283,F001,Smart Campus,B001,Building A,BLK-A1,Block A1,AP-001,Building A Main Entrance,Entrance,2026-01-02 10:00:36,EMP-0341,Employee 341,EMPLOYEE,ACCESS_GRANTED,GRANTED,0,0,0,0,NORMAL,NORMAL,0
SEC-000194,F001,Smart Campus,B003,Building C,BLK-C1,Block C1,AP-005,Building C Main Entrance,Entrance,2026-01-02 10:09:19,EMP-0360,Employee 360,EMPLOYEE,ACCESS_GRANTED,GRANTED,0,0,0,0,NORMAL,NORMAL,0
SEC-000236,F001,Smart Campus,B003,Building C,BLK-C1,Block C1,AP-006,Server Room Access,Restricted Area,2026-01-02 10:29:08,EMP-0027,Employee 27,EMPLOYEE,ACCESS_GRANTED,GRANTED,0,0,0,0,NORMAL,NORMAL,0
SEC-000295,F001,Smart Campus,B003,Building C,BLK-C1,Block C1,AP-006,Server Room Access,Restricted Area,2026-01-02 10:31:35,EMP-0221,Employee 221,EMPLOYEE,ACCESS_GRANTED,GRANTED,0,0,0,0,NORMAL,NORMAL,0
SEC-000184,F001,Smart Campus,B002,Building B,BLK-B2,Block B2,AP-004,Building B Service Door,Service Area,2026-01-02 10:38:30,EMP-0159,Employee 159,EMPLOYEE,ACCESS_GRANTED,GRANTED,0,0,0,0,NORMAL,NORMAL,0
SEC-000227,F001,Smart Campus,B001,Building A,BLK-A1,Block A1,AP-001,Building A Main Entrance,Entrance,2026-01-02 10:38:45,EMP-0396,Employee 396,EMPLOYEE,ACCESS_GRANTED,GRANTED,0,0,0,0,NORMAL,NORMAL,0
SEC-000256,F001,Smart Campus,B003,Building C,BLK-C1,Block C1,AP-005,Building C Main Entrance,Entrance,2026-01-02 10:50:10,VIS-0252,Visitor 252,VISITOR,ACCESS_GRANTED,GRANTED,0,0,0,0,NORMAL,NORMAL,0
SEC-000223,F001,Smart Campus,B002,Building B,BLK-B2,Block B2,AP-004,Building B Service Door,Service Area,2026-01-02 10:54:37,EMP-0307,Employee 307,EMPLOYEE,ACCESS_GRANTED,GRANTED,0,0,0,0,NORMAL,NORMAL,0
SEC-000302,F001,Smart Campus,B002,Building B,BLK-B1,Block B1,AP-003,Building B Main Entrance,Entrance,2026-01-02 11:00:27,EMP-0032,Employee 32,EMPLOYEE,ACCESS_GRANTED,GRANTED,0,0,0,0,NORMAL,NORMAL,0
SEC-000271,F001,Smart Campus,B003,Building C,BLK-C1,Block C1,AP-005,Building C Main Entrance,Entrance,2026-01-02 11:00:33,EMP-0114,Employee 114,EMPLOYEE,ACCESS_GRANTED,GRANTED,0,0,0,0,NORMAL,NORMAL,0
SEC-000303,F001,Smart Campus,B001,Building A,BLK-A2,Block A2,AP-002,Building A Side Entrance,Entrance,2026-01-02 11:09:18,EMP-0219,Employee 219,EMPLOYEE,ACCESS_GRANTED,GRANTED,0,0,0,0,NORMAL,NORMAL,0
SEC-000178,F001,Smart Campus,B001,Building A,BLK-A1,Block A1,AP-001,Building A Main Entrance,Entrance,2026-01-02 11:15:48,EMP-0423,Employee 423,EMPLOYEE,ACCESS_GRANTED,GRANTED,0,0,0,0,NORMAL,NORMAL,0
SEC-000165,F001,Smart Campus,B003,Building C,BLK-C1,Block C1,AP-005,Building C Main Entrance,Entrance,2026-01-02 11:17:01,EMP-0246,Employee 246,EMPLOYEE,ACCESS_GRANTED,GRANTED,0,0,0,0,NORMAL,NORMAL,0
SEC-000272,F001,Smart Campus,B001,Building A,BLK-A1,Block A1,AP-001,Building A Main Entrance,Entrance,2026-01-02 11:34:52,VIS-0214,Visitor 214,VISITOR,UNAUTHORIZED_ACCESS,DENIED,0,1,0,0,SUSPICIOUS_ACCESS,HIGH,1
SEC-000279,F001,Smart Campus,B001,Building A,BLK-A2,Block A2,AP-002,Building A Side Entrance,Entrance,2026-01-02 11:46:01,CON-0023,Contractor 23,CONTRACTOR,ACCESS_GRANTED,GRANTED,0,0,0,0,NORMAL,NORMAL,0
SEC-000202,F001,Smart Campus,B003,Building C,BLK-C1,Block C1,AP-005,Building C Main Entrance,Entrance,2026-01-02 11:54:30,EMP-0198,Employee 198,EMPLOYEE,ACCESS_GRANTED,GRANTED,0,0,0,0,NORMAL,NORMAL,0
SEC-000269,F001,Smart Campus,B002,Building B,BLK-B2,Block B2,AP-004,Building B Service Door,Service Area,2026-01-02 12:01:26,EMP-0495,Employee 495,EMPLOYEE,ACCESS_GRANTED,GRANTED,0,0,0,0,NORMAL,NORMAL,0
SEC-000276,F001,Smart Campus,B001,Building A,BLK-A2,Block A2,AP-002,Building A Side Entrance,Entrance,2026-01-02 12:06:48,CON-0080,Contractor 80,CONTRACTOR,ACCESS_GRANTED,GRANTED,0,0,0,0,NORMAL,NORMAL,0
SEC-000265,F001,Smart Campus,B001,Building A,BLK-A1,Block A1,AP-001,Building A Main Entrance,Entrance,2026-01-02 12:09:02,VIS-0123,Visitor 123,VISITOR,ACCESS_GRANTED,GRANTED,0,0,0,0,NORMAL,NORMAL,0
SEC-000205,F001,Smart Campus,B001,Building A,BLK-A2,Block A2,AP-002,Building A Side Entrance,Entrance,2026-01-02 12:19:12,VIS-0266,Visitor 266,VISITOR,ACCESS_GRANTED,GRANTED,0,0,0,0,NORMAL,NORMAL,0
SEC-000220,F001,Smart Campus,B002,Building B,BLK-B2,Block B2,AP-004,Building B Service Door,Service Area,2026-01-02 12:22:25,EMP-0367,Employee 367,EMPLOYEE,ACCESS_GRANTED,GRANTED,0,0,0,0,NORMAL,NORMAL,0
SEC-000234,F001,Smart Campus,B002,Building B,BLK-B1,Block B1,AP-003,Building B Main Entrance,Entrance,2026-01-02 12:31:12,VIS-0111,Visitor 111,VISITOR,ACCESS_GRANTED,GRANTED,0,0,0,0,NORMAL,NORMAL,0
SEC-000228,F001,Smart Campus,B002,Building B,BLK-B2,Block B2,AP-004,Building B Service Door,Service Area,2026-01-02 12:46:11,EMP-0478,Employee 478,EMPLOYEE,ACCESS_GRANTED,GRANTED,0,0,0,0,NORMAL,NORMAL,0
SEC-000270,F001,Smart Campus,B003,Building C,BLK-C1,Block C1,AP-005,Building C Main Entrance,Entrance,2026-01-02 12:53:37,EMP-0136,Employee 136,EMPLOYEE,ACCESS_GRANTED,GRANTED,0,0,0,0,NORMAL,NORMAL,0
SEC-000291,F001,Smart Campus,B001,Building A,BLK-A1,Block A1,AP-001,Building A Main Entrance,Entrance,2026-01-02 13:05:42,EMP-0380,Employee 380,EMPLOYEE,ACCESS_GRANTED,GRANTED,0,0,0,0,NORMAL,NORMAL,0
SEC-000281,F001,Smart Campus,B003,Building C,BLK-C1,Block C1,AP-005,Building C Main Entrance,Entrance,2026-01-02 13:13:10,EMP-0327,Employee 327,EMPLOYEE,ACCESS_DENIED,DENIED,0,0,0,0,NORMAL,MEDIUM,1
SEC-000259,F001,Smart Campus,B003,Building C,BLK-C1,Block C1,AP-006,Server Room Access,Restricted Area,2026-01-02 13:26:51,CON-0080,Contractor 80,CONTRACTOR,ACCESS_GRANTED,GRANTED,0,0,0,0,NORMAL,NORMAL,0
SEC-000252,F001,Smart Campus,B002,Building B,BLK-B2,Block B2,AP-004,Building B Service Door,Service Area,2026-01-02 13:27:54,EMP-0125,Employee 125,EMPLOYEE,ACCESS_GRANTED,GRANTED,0,0,0,0,NORMAL,NORMAL,0
SEC-000191,F001,Smart Campus,B003,Building C,BLK-C1,Block C1,AP-006,Server Room Access,Restricted Area,2026-01-02 13:30:02,EMP-0286,Employee 286,EMPLOYEE,ACCESS_GRANTED,GRANTED,0,0,0,0,NORMAL,NORMAL,0
SEC-000192,F001,Smart Campus,B003,Building C,BLK-C1,Block C1,AP-006,Server Room Access,Restricted Area,2026-01-02 13:32:58,EMP-0476,Employee 476,EMPLOYEE,ACCESS_GRANTED,GRANTED,0,0,0,0,NORMAL,NORMAL,0
SEC-000163,F001,Smart Campus,B002,Building B,BLK-B1,Block B1,AP-003,Building B Main Entrance,Entrance,2026-01-02 13:41:01,EMP-0018,Employee 18,EMPLOYEE,ACCESS_GRANTED,GRANTED,0,0,0,0,NORMAL,NORMAL,0
SEC-000182,F001,Smart Campus,B003,Building C,BLK-C1,Block C1,AP-005,Building C Main Entrance,Entrance,2026-01-02 13:44:37,EMP-0180,Employee 180,EMPLOYEE,ACCESS_GRANTED,GRANTED,0,0,0,0,NORMAL,NORMAL,0
SEC-000162,F001,Smart Campus,B001,Building A,BLK-A1,Block A1,AP-001,Building A Main Entrance,Entrance,2026-01-02 13:46:36,CON-0025,Contractor 25,CONTRACTOR,ACCESS_GRANTED,GRANTED,0,0,0,0,NORMAL,NORMAL,0
SEC-000188,F001,Smart Campus,B002,Building B,BLK-B2,Block B2,AP-004,Building B Service Door,Service Area,2026-01-02 13:49:47,VIS-0091,Visitor 91,VISITOR,ACCESS_GRANTED,GRANTED,0,0,0,0,NORMAL,NORMAL,0
SEC-000258,F001,Smart Campus,B003,Building C,BLK-C1,Block C1,AP-006,Server Room Access,Restricted Area,2026-01-02 13:54:21,EMP-0356,Employee 356,EMPLOYEE,ACCESS_GRANTED,GRANTED,0,0,0,0,NORMAL,NORMAL,0
SEC-000251,F001,Smart Campus,B002,Building B,BLK-B2,Block B2,AP-004,Building B Service Door,Service Area,2026-01-02 14:01:21,CON-0031,Contractor 31,CONTRACTOR,ACCESS_GRANTED,GRANTED,0,0,0,0,NORMAL,NORMAL,0
SEC-000189,F001,Smart Campus,B003,Building C,BLK-C1,Block C1,AP-006,Server Room Access,Restricted Area,2026-01-02 14:14:45,EMP-0359,Employee 359,EMPLOYEE,ACCESS_GRANTED,GRANTED,0,0,0,0,NORMAL,NORMAL,0
SEC-000211,F001,Smart Campus,B002,Building B,BLK-B2,Block B2,AP-004,Building B Service Door,Service Area,2026-01-02 14:27:24,EMP-0072,Employee 72,EMPLOYEE,ACCESS_GRANTED,GRANTED,0,0,0,0,NORMAL,NORMAL,0
SEC-000166,F001,Smart Campus,B002,Building B,BLK-B2,Block B2,AP-004,Building B Service Door,Service Area,2026-01-02 14:27:53,EMP-0090,Employee 90,EMPLOYEE,ACCESS_GRANTED,GRANTED,0,0,0,0,NORMAL,NORMAL,0
SEC-000196,F001,Smart Campus,B001,Building A,BLK-A2,Block A2,AP-002,Building A Side Entrance,Entrance,2026-01-02 14:30:13,EMP-0199,Employee 199,EMPLOYEE,ACCESS_GRANTED,GRANTED,0,0,0,0,NORMAL,NORMAL,0
SEC-000190,F001,Smart Campus,B003,Building C,BLK-C1,Block C1,AP-005,Building C Main Entrance,Entrance,2026-01-02 14:31:23,VIS-0221,Visitor 221,VISITOR,UNAUTHORIZED_ACCESS,DENIED,0,1,0,0,SUSPICIOUS_ACCESS,HIGH,1
SEC-000262,F001,Smart Campus,B003,Building C,BLK-C1,Block C1,AP-006,Server Room Access,Restricted Area,2026-01-02 14:41:02,EMP-0201,Employee 201,EMPLOYEE,ACCESS_GRANTED,GRANTED,0,0,0,0,NORMAL,NORMAL,0
SEC-000171,F001,Smart Campus,B003,Building C,BLK-C1,Block C1,AP-006,Server Room Access,Restricted Area,2026-01-02 14:43:34,EMP-0493,Employee 493,EMPLOYEE,ACCESS_GRANTED,GRANTED,0,0,0,0,NORMAL,NORMAL,0
SEC-000172,F001,Smart Campus,B002,Building B,BLK-B1,Block B1,AP-003,Building B Main Entrance,Entrance,2026-01-02 14:48:34,VIS-0085,Visitor 85,VISITOR,ACCESS_DENIED,DENIED,0,0,0,0,NORMAL,MEDIUM,1
SEC-000245,F001,Smart Campus,B001,Building A,BLK-A1,Block A1,AP-001,Building A Main Entrance,Entrance,2026-01-02 14:51:57,EMP-0373,Employee 373,EMPLOYEE,ACCESS_GRANTED,GRANTED,0,0,0,0,NORMAL,NORMAL,0
SEC-000237,F001,Smart Campus,B002,Building B,BLK-B1,Block B1,AP-003,Building B Main Entrance,Entrance,2026-01-02 14:58:24,VIS-0222,Visitor 222,VISITOR,ACCESS_GRANTED,GRANTED,0,0,0,0,NORMAL,NORMAL,0
SEC-000280,F001,Smart Campus,B003,Building C,BLK-C1,Block C1,AP-006,Server Room Access,Restricted Area,2026-01-02 14:59:48,EMP-0016,Employee 16,EMPLOYEE,ACCESS_GRANTED,GRANTED,0,0,0,0,NORMAL,NORMAL,0
SEC-000197,F001,Smart Campus,B003,Building C,BLK-C1,Block C1,AP-006,Server Room Access,Restricted Area,2026-01-02 15:09:55,VIS-0245,Visitor 245,VISITOR,ACCESS_GRANTED,GRANTED,0,0,0,0,NORMAL,NORMAL,0
SEC-000239,F001,Smart Campus,B002,Building B,BLK-B1,Block B1,AP-003,Building B Main Entrance,Entrance,2026-01-02 15:13:40,EMP-0013,Employee 13,EMPLOYEE,ACCESS_GRANTED,GRANTED,0,0,0,0,NORMAL,NORMAL,0
SEC-000212,F001,Smart Campus,B001,Building A,BLK-A1,Block A1,AP-001,Building A Main Entrance,Entrance,2026-01-02 15:34:17,EMP-0050,Employee 50,EMPLOYEE,ACCESS_GRANTED,GRANTED,0,0,0,0,NORMAL,NORMAL,0
SEC-000210,F001,Smart Campus,B002,Building B,BLK-B2,Block B2,AP-004,Building B Service Door,Service Area,2026-01-02 15:37:52,EMP-0291,Employee 291,EMPLOYEE,ACCESS_GRANTED,GRANTED,0,0,0,0,NORMAL,NORMAL,0
SEC-000173,F001,Smart Campus,B001,Building A,BLK-A2,Block A2,AP-002,Building A Side Entrance,Entrance,2026-01-02 15:40:53,EMP-0436,Employee 436,EMPLOYEE,ACCESS_GRANTED,GRANTED,0,0,0,0,NORMAL,NORMAL,0
SEC-000308,F001,Smart Campus,B003,Building C,BLK-C1,Block C1,AP-005,Building C Main Entrance,Entrance,2026-01-02 15:58:11,EMP-0271,Employee 271,EMPLOYEE,UNAUTHORIZED_ACCESS,DENIED,0,1,0,0,SUSPICIOUS_ACCESS,HIGH,1
SEC-000255,F001,Smart Campus,B003,Building C,BLK-C1,Block C1,AP-006,Server Room Access,Restricted Area,2026-01-02 16:05:02,EMP-0159,Employee 159,EMPLOYEE,ACCESS_DENIED,DENIED,0,0,0,0,NORMAL,MEDIUM,1
SEC-000216,F001,Smart Campus,B001,Building A,BLK-A2,Block A2,AP-002,Building A Side Entrance,Entrance,2026-01-02 16:10:57,EMP-0113,Employee 113,EMPLOYEE,ACCESS_GRANTED,GRANTED,0,0,0,0,NORMAL,NORMAL,0
SEC-000268,F001,Smart Campus,B003,Building C,BLK-C1,Block C1,AP-005,Building C Main Entrance,Entrance,2026-01-02 16:12:27,VIS-0021,Visitor 21,VISITOR,ACCESS_GRANTED,GRANTED,0,0,0,0,NORMAL,NORMAL,0
SEC-000221,F001,Smart Campus,B001,Building A,BLK-A1,Block A1,AP-001,Building A Main Entrance,Entrance,2026-01-02 16:15:41,EMP-0232,Employee 232,EMPLOYEE,ACCESS_GRANTED,GRANTED,0,0,0,0,NORMAL,NORMAL,0
SEC-000169,F001,Smart Campus,B002,Building B,BLK-B1,Block B1,AP-003,Building B Main Entrance,Entrance,2026-01-02 16:23:29,VIS-0279,Visitor 279,VISITOR,ACCESS_GRANTED,GRANTED,0,0,0,0,NORMAL,NORMAL,0
SEC-000296,F001,Smart Campus,B002,Building B,BLK-B1,Block B1,AP-003,Building B Main Entrance,Entrance,2026-01-02 16:26:58,EMP-0138,Employee 138,EMPLOYEE,ACCESS_GRANTED,GRANTED,0,0,0,0,NORMAL,NORMAL,0
SEC-000241,F001,Smart Campus,B003,Building C,BLK-C1,Block C1,AP-005,Building C Main Entrance,Entrance,2026-01-02 16:32:04,CON-0040,Contractor 40,CONTRACTOR,ACCESS_GRANTED,GRANTED,0,0,0,0,NORMAL,NORMAL,0
SEC-000195,F001,Smart Campus,B003,Building C,BLK-C1,Block C1,AP-005,Building C Main Entrance,Entrance,2026-01-02 16:33:00,EMP-0416,Employee 416,EMPLOYEE,ACCESS_GRANTED,GRANTED,0,0,0,0,NORMAL,NORMAL,0
SEC-000207,F001,Smart Campus,B001,Building A,BLK-A2,Block A2,AP-002,Building A Side Entrance,Entrance,2026-01-02 16:33:11,EMP-0371,Employee 371,EMPLOYEE,ACCESS_GRANTED,GRANTED,0,0,0,0,NORMAL,NORMAL,0
SEC-000226,F001,Smart Campus,B001,Building A,BLK-A1,Block A1,AP-001,Building A Main Entrance,Entrance,2026-01-02 16:41:50,VIS-0091,Visitor 91,VISITOR,ACCESS_GRANTED,GRANTED,0,0,0,0,NORMAL,NORMAL,0
SEC-000247,F001,Smart Campus,B003,Building C,BLK-C1,Block C1,AP-006,Server Room Access,Restricted Area,2026-01-02 16:49:57,EMP-0418,Employee 418,EMPLOYEE,UNAUTHORIZED_ACCESS,DENIED,0,1,0,0,SUSPICIOUS_ACCESS,HIGH,1
SEC-000290,F001,Smart Campus,B003,Building C,BLK-C1,Block C1,AP-006,Server Room Access,Restricted Area,2026-01-02 16:55:44,EMP-0465,Employee 465,EMPLOYEE,ACCESS_GRANTED,GRANTED,0,0,0,0,NORMAL,NORMAL,0
SEC-000260,F001,Smart Campus,B001,Building A,BLK-A1,Block A1,AP-001,Building A Main Entrance,Entrance,2026-01-02 16:56:07,EMP-0230,Employee 230,EMPLOYEE,ACCESS_GRANTED,GRANTED,0,0,0,0,NORMAL,NORMAL,0
SEC-000301,F001,Smart Campus,B003,Building C,BLK-C1,Block C1,AP-006,Server Room Access,Restricted Area,2026-01-02 17:09:13,EMP-0097,Employee 97,EMPLOYEE,ACCESS_GRANTED,GRANTED,0,0,0,0,NORMAL,NORMAL,0
SEC-000299,F001,Smart Campus,B001,Building A,BLK-A1,Block A1,AP-001,Building A Main Entrance,Entrance,2026-01-02 17:13:45,EMP-0357,Employee 357,EMPLOYEE,UNAUTHORIZED_ACCESS,DENIED,0,1,0,0,SUSPICIOUS_ACCESS,HIGH,1
SEC-000304,F001,Smart Campus,B002,Building B,BLK-B2,Block B2,AP-004,Building B Service Door,Service Area,2026-01-02 17:14:28,EMP-0443,Employee 443,EMPLOYEE,ACCESS_GRANTED,GRANTED,0,0,0,0,NORMAL,NORMAL,0
SEC-000204,F001,Smart Campus,B003,Building C,BLK-C1,Block C1,AP-006,Server Room Access,Restricted Area,2026-01-02 17:17:59,EMP-0148,Employee 148,EMPLOYEE,ACCESS_GRANTED,GRANTED,0,0,0,0,NORMAL,NORMAL,0
SEC-000170,F001,Smart Campus,B001,Building A,BLK-A2,Block A2,AP-002,Building A Side Entrance,Entrance,2026-01-02 17:22:26,EMP-0206,Employee 206,EMPLOYEE,ACCESS_GRANTED,GRANTED,0,0,0,0,NORMAL,NORMAL,0
SEC-000181,F001,Smart Campus,B003,Building C,BLK-C1,Block C1,AP-005,Building C Main Entrance,Entrance,2026-01-02 17:31:02,EMP-0180,Employee 180,EMPLOYEE,ACCESS_GRANTED,GRANTED,0,0,0,0,NORMAL,NORMAL,0
SEC-000193,F001,Smart Campus,B003,Building C,BLK-C1,Block C1,AP-006,Server Room Access,Restricted Area,2026-01-02 17:34:23,EMP-0245,Employee 245,EMPLOYEE,ACCESS_GRANTED,GRANTED,0,0,0,0,NORMAL,NORMAL,0
SEC-000164,F001,Smart Campus,B001,Building A,BLK-A2,Block A2,AP-002,Building A Side Entrance,Entrance,2026-01-02 17:47:43,VIS-0244,Visitor 244,VISITOR,ACCESS_GRANTED,GRANTED,0,0,0,0,NORMAL,NORMAL,0
SEC-000300,F001,Smart Campus,B001,Building A,BLK-A2,Block A2,AP-002,Building A Side Entrance,Entrance,2026-01-02 17:50:07,VIS-0167,Visitor 167,VISITOR,ACCESS_GRANTED,GRANTED,0,0,0,0,NORMAL,NORMAL,0
SEC-000203,F001,Smart Campus,B003,Building C,BLK-C1,Block C1,AP-006,Server Room Access,Restricted Area,2026-01-02 17:50:36,EMP-0173,Employee 173,EMPLOYEE,ACCESS_GRANTED,GRANTED,0,0,0,0,NORMAL,NORMAL,0
SEC-000208,F001,Smart Campus,B002,Building B,BLK-B1,Block B1,AP-003,Building B Main Entrance,Entrance,2026-01-02 17:51:31,EMP-0201,Employee 201,EMPLOYEE,ACCESS_GRANTED,GRANTED,0,0,0,0,NORMAL,NORMAL,0
SEC-000293,F001,Smart Campus,B002,Building B,BLK-B1,Block B1,AP-003,Building B Main Entrance,Entrance,2026-01-02 17:58:36,EMP-0054,Employee 54,EMPLOYEE,ACCESS_GRANTED,GRANTED,0,0,0,0,NORMAL,NORMAL,0
SEC-000282,F001,Smart Campus,B003,Building C,BLK-C1,Block C1,AP-006,Server Room Access,Restricted Area,2026-01-02 17:59:58,VIS-0286,Visitor 286,VISITOR,ACCESS_GRANTED,GRANTED,0,0,0,0,NORMAL,NORMAL,0
SEC-000306,F001,Smart Campus,B001,Building A,BLK-A2,Block A2,AP-002,Building A Side Entrance,Entrance,2026-01-02 18:23:33,EMP-0051,Employee 51,EMPLOYEE,ACCESS_GRANTED,GRANTED,0,0,0,0,NORMAL,NORMAL,0
SEC-000248,F001,Smart Campus,B003,Building C,BLK-C1,Block C1,AP-005,Building C Main Entrance,Entrance,2026-01-02 18:25:03,CON-0077,Contractor 77,CONTRACTOR,ACCESS_GRANTED,GRANTED,0,0,0,0,NORMAL,NORMAL,0
SEC-000222,F001,Smart Campus,B001,Building A,BLK-A1,Block A1,AP-001,Building A Main Entrance,Entrance,2026-01-02 18:28:58,EMP-0224,Employee 224,EMPLOYEE,ACCESS_DENIED,DENIED,0,0,0,0,NORMAL,MEDIUM,1
SEC-000167,F001,Smart Campus,B002,Building B,BLK-B1,Block B1,AP-003,Building B Main Entrance,Entrance,2026-01-02 18:30:12,VIS-0013,Visitor 13,VISITOR,ACCESS_GRANTED,GRANTED,0,0,0,0,NORMAL,NORMAL,0
SEC-000261,F001,Smart Campus,B002,Building B,BLK-B1,Block B1,AP-003,Building B Main Entrance,Entrance,2026-01-02 18:30:27,EMP-0477,Employee 477,EMPLOYEE,ACCESS_GRANTED,GRANTED,0,0,0,0,NORMAL,NORMAL,0
SEC-000180,F001,Smart Campus,B003,Building C,BLK-C1,Block C1,AP-006,Server Room Access,Restricted Area,2026-01-02 18:38:19,EMP-0192,Employee 192,EMPLOYEE,ACCESS_GRANTED,GRANTED,0,0,0,0,NORMAL,NORMAL,0
SEC-000177,F001,Smart Campus,B002,Building B,BLK-B2,Block B2,AP-004,Building B Service Door,Service Area,2026-01-02 18:57:48,EMP-0001,Employee 1,EMPLOYEE,ACCESS_GRANTED,GRANTED,0,0,0,0,NORMAL,NORMAL,0
SEC-000266,F001,Smart Campus,B001,Building A,BLK-A2,Block A2,AP-002,Building A Side Entrance,Entrance,2026-01-02 19:00:40,EMP-0176,Employee 176,EMPLOYEE,TAILGATING,GRANTED,0,0,0,1,TAILGATING,HIGH,1
SEC-000206,F001,Smart Campus,B001,Building A,BLK-A2,Block A2,AP-002,Building A Side Entrance,Entrance,2026-01-02 19:08:51,VIS-0152,Visitor 152,VISITOR,ACCESS_GRANTED,GRANTED,0,0,0,0,NORMAL,NORMAL,0
SEC-000218,F001,Smart Campus,B002,Building B,BLK-B2,Block B2,AP-004,Building B Service Door,Service Area,2026-01-02 19:17:13,VIS-0252,Visitor 252,VISITOR,ACCESS_GRANTED,GRANTED,0,0,0,0,NORMAL,NORMAL,0
SEC-000235,F001,Smart Campus,B003,Building C,BLK-C1,Block C1,AP-006,Server Room Access,Restricted Area,2026-01-02 19:19:25,EMP-0009,Employee 9,EMPLOYEE,ACCESS_GRANTED,GRANTED,0,0,0,0,NORMAL,NORMAL,0
SEC-000273,F001,Smart Campus,B003,Building C,BLK-C1,Block C1,AP-006,Server Room Access,Restricted Area,2026-01-02 19:38:42,EMP-0298,Employee 298,EMPLOYEE,ACCESS_GRANTED,GRANTED,0,0,0,0,NORMAL,NORMAL,0
SEC-000186,F001,Smart Campus,B003,Building C,BLK-C1,Block C1,AP-006,Server Room Access,Restricted Area,2026-01-02 19:59:34,EMP-0025,Employee 25,EMPLOYEE,ACCESS_GRANTED,GRANTED,0,0,0,0,NORMAL,NORMAL,0
SEC-000174,F001,Smart Campus,B003,Building C,BLK-C1,Block C1,AP-006,Server Room Access,Restricted Area,2026-01-02 20:26:56,EMP-0257,Employee 257,EMPLOYEE,ACCESS_GRANTED,GRANTED,0,0,0,0,NORMAL,NORMAL,0
SEC-000219,F001,Smart Campus,B003,Building C,BLK-C1,Block C1,AP-005,Building C Main Entrance,Entrance,2026-01-02 20:28:38,EMP-0074,Employee 74,EMPLOYEE,ACCESS_GRANTED,GRANTED,0,0,0,0,NORMAL,NORMAL,0
SEC-000263,F001,Smart Campus,B002,Building B,BLK-B1,Block B1,AP-003,Building B Main Entrance,Entrance,2026-01-02 20:31:29,EMP-0204,Employee 204,EMPLOYEE,ACCESS_GRANTED,GRANTED,0,0,0,0,NORMAL,NORMAL,0
SEC-000246,F001,Smart Campus,B003,Building C,BLK-C1,Block C1,AP-005,Building C Main Entrance,Entrance,2026-01-02 20:47:21,EMP-0168,Employee 168,EMPLOYEE,ACCESS_GRANTED,GRANTED,0,0,0,0,NORMAL,NORMAL,0
SEC-000294,F001,Smart Campus,B001,Building A,BLK-A2,Block A2,AP-002,Building A Side Entrance,Entrance,2026-01-02 20:55:43,EMP-0209,Employee 209,EMPLOYEE,UNAUTHORIZED_ACCESS,DENIED,0,1,0,0,SUSPICIOUS_ACCESS,HIGH,1
SEC-000238,F001,Smart Campus,B001,Building A,BLK-A1,Block A1,AP-001,Building A Main Entrance,Entrance,2026-01-02 21:04:22,EMP-0159,Employee 159,EMPLOYEE,ACCESS_GRANTED,GRANTED,1,0,0,0,NORMAL,LOW,0
SEC-000217,F001,Smart Campus,B003,Building C,BLK-C1,Block C1,AP-005,Building C Main Entrance,Entrance,2026-01-02 21:13:14,EMP-0042,Employee 42,EMPLOYEE,ACCESS_GRANTED,GRANTED,1,0,0,0,NORMAL,LOW,0
SEC-000232,F001,Smart Campus,B002,Building B,BLK-B2,Block B2,AP-004,Building B Service Door,Service Area,2026-01-02 22:22:50,EMP-0368,Employee 368,EMPLOYEE,ACCESS_GRANTED,GRANTED,1,0,0,0,NORMAL,LOW,0
SEC-000176,F001,Smart Campus,B003,Building C,BLK-C1,Block C1,AP-005,Building C Main Entrance,Entrance,2026-01-02 22:42:52,EMP-0296,Employee 296,EMPLOYEE,ACCESS_GRANTED,GRANTED,1,0,0,0,NORMAL,LOW,0
SEC-000288,F001,Smart Campus,B001,Building A,BLK-A2,Block A2,AP-002,Building A Side Entrance,Entrance,2026-01-02 23:38:54,EMP-0059,Employee 59,EMPLOYEE,ACCESS_GRANTED,GRANTED,1,0,0,0,NORMAL,LOW,0
SEC-000230,F001,Smart Campus,B003,Building C,BLK-C1,Block C1,AP-005,Building C Main Entrance,Entrance,2026-01-02 23:50:17,EMP-0233,Employee 233,EMPLOYEE,ACCESS_GRANTED,GRANTED,1,0,0,0,NORMAL,LOW,0
SEC-000432,F001,Smart Campus,B001,Building A,BLK-A1,Block A1,AP-001,Building A Main Entrance,Entrance,2026-01-03 00:09:51,EMP-0328,Employee 328,EMPLOYEE,ACCESS_GRANTED,GRANTED,1,0,0,0,AFTER_HOURS_MOVEMENT,LOW,0
SEC-000444,F001,Smart Campus,B003,Building C,BLK-C1,Block C1,AP-005,Building C Main Entrance,Entrance,2026-01-03 00:20:11,EMP-0296,Employee 296,EMPLOYEE,ACCESS_GRANTED,GRANTED,1,0,0,0,NORMAL,LOW,0
SEC-000362,F001,Smart Campus,B002,Building B,BLK-B2,Block B2,AP-004,Building B Service Door,Service Area,2026-01-03 00:33:44,EMP-0383,Employee 383,EMPLOYEE,ACCESS_GRANTED,GRANTED,1,0,0,0,NORMAL,LOW,0
SEC-000377,F001,Smart Campus,B002,Building B,BLK-B2,Block B2,AP-004,Building B Service Door,Service Area,2026-01-03 01:09:57,EMP-0313,Employee 313,EMPLOYEE,ACCESS_GRANTED,GRANTED,1,0,0,0,NORMAL,LOW,0
SEC-000450,F001,Smart Campus,B003,Building C,BLK-C1,Block C1,AP-005,Building C Main Entrance,Entrance,2026-01-03 01:13:31,EMP-0419,Employee 419,EMPLOYEE,ACCESS_GRANTED,GRANTED,1,0,0,0,NORMAL,LOW,0
SEC-000437,F001,Smart Campus,B001,Building A,BLK-A2,Block A2,AP-002,Building A Side Entrance,Entrance,2026-01-03 01:33:13,VIS-0089,Visitor 89,VISITOR,ACCESS_GRANTED,GRANTED,1,0,0,0,NORMAL,LOW,0
SEC-000340,F001,Smart Campus,B002,Building B,BLK-B1,Block B1,AP-003,Building B Main Entrance,Entrance,2026-01-03 01:56:35,CON-0002,Contractor 2,CONTRACTOR,ACCESS_GRANTED,GRANTED,1,0,0,0,NORMAL,LOW,0
SEC-000398,F001,Smart Campus,B001,Building A,BLK-A1,Block A1,AP-001,Building A Main Entrance,Entrance,2026-01-03 02:34:43,CON-0105,Contractor 105,CONTRACTOR,UNAUTHORIZED_ACCESS,DENIED,1,1,0,0,SUSPICIOUS_ACCESS,CRITICAL,1
SEC-000373,F001,Smart Campus,B001,Building A,BLK-A2,Block A2,AP-002,Building A Side Entrance,Entrance,2026-01-03 03:06:11,VIS-0115,Visitor 115,VISITOR,ACCESS_GRANTED,GRANTED,1,0,0,0,NORMAL,LOW,0
SEC-000416,F001,Smart Campus,B001,Building A,BLK-A2,Block A2,AP-002,Building A Side Entrance,Entrance,2026-01-03 03:34:57,CON-0027,Contractor 27,CONTRACTOR,ACCESS_GRANTED,GRANTED,1,0,0,0,NORMAL,LOW,0
SEC-000366,F001,Smart Campus,B003,Building C,BLK-C1,Block C1,AP-005,Building C Main Entrance,Entrance,2026-01-03 04:47:02,EMP-0156,Employee 156,EMPLOYEE,ACCESS_GRANTED,GRANTED,1,0,0,0,NORMAL,LOW,0
SEC-000463,F001,Smart Campus,B003,Building C,BLK-C1,Block C1,AP-006,Server Room Access,Restricted Area,2026-01-03 04:49:33,EMP-0392,Employee 392,EMPLOYEE,ACCESS_GRANTED,GRANTED,1,0,0,0,NORMAL,LOW,0
SEC-000337,F001,Smart Campus,B001,Building A,BLK-A2,Block A2,AP-002,Building A Side Entrance,Entrance,2026-01-03 05:42:03,EMP-0421,Employee 421,EMPLOYEE,ACCESS_GRANTED,GRANTED,1,0,0,0,AFTER_HOURS_MOVEMENT,LOW,0
SEC-000345,F001,Smart Campus,B002,Building B,BLK-B1,Block B1,AP-003,Building B Main Entrance,Entrance,2026-01-03 05:48:18,VIS-0022,Visitor 22,VISITOR,ACCESS_GRANTED,GRANTED,1,0,0,0,NORMAL,LOW,0
SEC-000469,F001,Smart Campus,B002,Building B,BLK-B2,Block B2,AP-004,Building B Service Door,Service Area,2026-01-03 06:07:23,EMP-0246,Employee 246,EMPLOYEE,ACCESS_GRANTED,GRANTED,1,0,0,0,AFTER_HOURS_MOVEMENT,LOW,0
SEC-000320,F001,Smart Campus,B002,Building B,BLK-B1,Block B1,AP-003,Building B Main Entrance,Entrance,2026-01-03 06:09:44,EMP-0462,Employee 462,EMPLOYEE,ACCESS_GRANTED,GRANTED,1,0,0,0,NORMAL,LOW,0
SEC-000368,F001,Smart Campus,B003,Building C,BLK-C1,Block C1,AP-005,Building C Main Entrance,Entrance,2026-01-03 07:06:42,EMP-0354,Employee 354,EMPLOYEE,ACCESS_GRANTED,GRANTED,0,0,0,0,NORMAL,NORMAL,0
SEC-000325,F001,Smart Campus,B003,Building C,BLK-C1,Block C1,AP-006,Server Room Access,Restricted Area,2026-01-03 07:14:47,EMP-0487,Employee 487,EMPLOYEE,ACCESS_GRANTED,GRANTED,0,0,0,0,NORMAL,NORMAL,0
SEC-000394,F001,Smart Campus,B002,Building B,BLK-B2,Block B2,AP-004,Building B Service Door,Service Area,2026-01-03 07:15:28,EMP-0129,Employee 129,EMPLOYEE,ACCESS_GRANTED,GRANTED,0,0,0,0,NORMAL,NORMAL,0
SEC-000343,F001,Smart Campus,B002,Building B,BLK-B2,Block B2,AP-004,Building B Service Door,Service Area,2026-01-03 07:15:56,EMP-0368,Employee 368,EMPLOYEE,ACCESS_GRANTED,GRANTED,0,0,0,0,NORMAL,NORMAL,0
SEC-000452,F001,Smart Campus,B001,Building A,BLK-A2,Block A2,AP-002,Building A Side Entrance,Entrance,2026-01-03 07:16:48,EMP-0311,Employee 311,EMPLOYEE,ACCESS_GRANTED,GRANTED,0,0,0,0,NORMAL,NORMAL,0
SEC-000461,F001,Smart Campus,B001,Building A,BLK-A1,Block A1,AP-001,Building A Main Entrance,Entrance,2026-01-03 07:28:08,EMP-0339,Employee 339,EMPLOYEE,ACCESS_GRANTED,GRANTED,0,0,0,0,NORMAL,NORMAL,0
SEC-000309,F001,Smart Campus,B002,Building B,BLK-B2,Block B2,AP-004,Building B Service Door,Service Area,2026-01-03 07:30:12,EMP-0376,Employee 376,EMPLOYEE,ACCESS_GRANTED,GRANTED,0,0,0,0,NORMAL,NORMAL,0
SEC-000319,F001,Smart Campus,B001,Building A,BLK-A2,Block A2,AP-002,Building A Side Entrance,Entrance,2026-01-03 07:42:28,EMP-0069,Employee 69,EMPLOYEE,ACCESS_GRANTED,GRANTED,0,0,0,0,NORMAL,NORMAL,0
SEC-000330,F001,Smart Campus,B001,Building A,BLK-A1,Block A1,AP-001,Building A Main Entrance,Entrance,2026-01-03 07:49:01,VIS-0013,Visitor 13,VISITOR,ACCESS_GRANTED,GRANTED,0,0,0,0,NORMAL,NORMAL,0
SEC-000454,F001,Smart Campus,B003,Building C,BLK-C1,Block C1,AP-005,Building C Main Entrance,Entrance,2026-01-03 07:51:53,CON-0011,Contractor 11,CONTRACTOR,ACCESS_GRANTED,GRANTED,0,0,0,0,NORMAL,NORMAL,0
SEC-000466,F001,Smart Campus,B003,Building C,BLK-C1,Block C1,AP-006,Server Room Access,Restricted Area,2026-01-03 07:51:59,EMP-0342,Employee 342,EMPLOYEE,ACCESS_GRANTED,GRANTED,0,0,0,0,NORMAL,NORMAL,0
SEC-000381,F001,Smart Campus,B003,Building C,BLK-C1,Block C1,AP-005,Building C Main Entrance,Entrance,2026-01-03 07:54:01,VIS-0085,Visitor 85,VISITOR,TAILGATING,GRANTED,0,0,0,1,TAILGATING,HIGH,1
SEC-000405,F001,Smart Campus,B001,Building A,BLK-A2,Block A2,AP-002,Building A Side Entrance,Entrance,2026-01-03 07:54:21,VIS-0118,Visitor 118,VISITOR,ACCESS_GRANTED,GRANTED,0,0,0,0,NORMAL,NORMAL,0
SEC-000459,F001,Smart Campus,B001,Building A,BLK-A2,Block A2,AP-002,Building A Side Entrance,Entrance,2026-01-03 08:13:10,EMP-0352,Employee 352,EMPLOYEE,ACCESS_GRANTED,GRANTED,0,0,0,0,NORMAL,NORMAL,0
SEC-000327,F001,Smart Campus,B003,Building C,BLK-C1,Block C1,AP-005,Building C Main Entrance,Entrance,2026-01-03 08:15:34,EMP-0174,Employee 174,EMPLOYEE,ACCESS_GRANTED,GRANTED,0,0,0,0,NORMAL,NORMAL,0
SEC-000470,F001,Smart Campus,B003,Building C,BLK-C1,Block C1,AP-006,Server Room Access,Restricted Area,2026-01-03 08:27:27,VIS-0012,Visitor 12,VISITOR,ACCESS_GRANTED,GRANTED,0,0,0,0,NORMAL,NORMAL,0
SEC-000355,F001,Smart Campus,B002,Building B,BLK-B1,Block B1,AP-003,Building B Main Entrance,Entrance,2026-01-03 08:35:08,VIS-0269,Visitor 269,VISITOR,ACCESS_GRANTED,GRANTED,0,0,0,0,NORMAL,NORMAL,0
SEC-000440,F001,Smart Campus,B002,Building B,BLK-B2,Block B2,AP-004,Building B Service Door,Service Area,2026-01-03 08:42:29,EMP-0093,Employee 93,EMPLOYEE,ACCESS_GRANTED,GRANTED,0,0,0,0,NORMAL,NORMAL,0
SEC-000426,F001,Smart Campus,B003,Building C,BLK-C1,Block C1,AP-005,Building C Main Entrance,Entrance,2026-01-03 08:44:37,EMP-0288,Employee 288,EMPLOYEE,ACCESS_GRANTED,GRANTED,0,0,0,0,NORMAL,NORMAL,0
SEC-000369,F001,Smart Campus,B003,Building C,BLK-C1,Block C1,AP-005,Building C Main Entrance,Entrance,2026-01-03 08:51:18,EMP-0094,Employee 94,EMPLOYEE,ACCESS_GRANTED,GRANTED,0,0,0,0,NORMAL,NORMAL,0
SEC-000326,F001,Smart Campus,B003,Building C,BLK-C1,Block C1,AP-006,Server Room Access,Restricted Area,2026-01-03 09:03:33,EMP-0449,Employee 449,EMPLOYEE,ACCESS_GRANTED,GRANTED,0,0,0,0,NORMAL,NORMAL,0
SEC-000386,F001,Smart Campus,B003,Building C,BLK-C1,Block C1,AP-005,Building C Main Entrance,Entrance,2026-01-03 09:03:45,CON-0036,Contractor 36,CONTRACTOR,ACCESS_GRANTED,GRANTED,0,0,0,0,NORMAL,NORMAL,0
SEC-000443,F001,Smart Campus,B001,Building A,BLK-A1,Block A1,AP-001,Building A Main Entrance,Entrance,2026-01-03 09:04:29,EMP-0102,Employee 102,EMPLOYEE,ACCESS_GRANTED,GRANTED,0,0,0,0,NORMAL,NORMAL,0
SEC-000401,F001,Smart Campus,B001,Building A,BLK-A1,Block A1,AP-001,Building A Main Entrance,Entrance,2026-01-03 09:05:42,VIS-0093,Visitor 93,VISITOR,ACCESS_GRANTED,GRANTED,0,0,0,0,NORMAL,NORMAL,0
SEC-000396,F001,Smart Campus,B003,Building C,BLK-C1,Block C1,AP-005,Building C Main Entrance,Entrance,2026-01-03 09:06:40,EMP-0266,Employee 266,EMPLOYEE,ACCESS_GRANTED,GRANTED,0,0,0,0,NORMAL,NORMAL,0
SEC-000468,F001,Smart Campus,B002,Building B,BLK-B1,Block B1,AP-003,Building B Main Entrance,Entrance,2026-01-03 09:13:54,EMP-0483,Employee 483,EMPLOYEE,ACCESS_GRANTED,GRANTED,0,0,0,0,NORMAL,NORMAL,0
SEC-000408,F001,Smart Campus,B001,Building A,BLK-A1,Block A1,AP-001,Building A Main Entrance,Entrance,2026-01-03 09:15:57,EMP-0230,Employee 230,EMPLOYEE,ACCESS_GRANTED,GRANTED,0,0,0,0,NORMAL,NORMAL,0
SEC-000378,F001,Smart Campus,B002,Building B,BLK-B1,Block B1,AP-003,Building B Main Entrance,Entrance,2026-01-03 09:27:42,EMP-0402,Employee 402,EMPLOYEE,ACCESS_GRANTED,GRANTED,0,0,0,0,NORMAL,NORMAL,0
SEC-000449,F001,Smart Campus,B003,Building C,BLK-C1,Block C1,AP-005,Building C Main Entrance,Entrance,2026-01-03 09:36:11,EMP-0083,Employee 83,EMPLOYEE,ACCESS_GRANTED,GRANTED,0,0,0,0,NORMAL,NORMAL,0
SEC-000436,F001,Smart Campus,B002,Building B,BLK-B1,Block B1,AP-003,Building B Main Entrance,Entrance,2026-01-03 09:47:00,EMP-0434,Employee 434,EMPLOYEE,ACCESS_GRANTED,GRANTED,0,0,0,0,NORMAL,NORMAL,0
SEC-000393,F001,Smart Campus,B001,Building A,BLK-A1,Block A1,AP-001,Building A Main Entrance,Entrance,2026-01-03 09:55:37,EMP-0073,Employee 73,EMPLOYEE,ACCESS_GRANTED,GRANTED,0,0,0,0,NORMAL,NORMAL,0
SEC-000438,F001,Smart Campus,B001,Building A,BLK-A2,Block A2,AP-002,Building A Side Entrance,Entrance,2026-01-03 09:56:53,EMP-0321,Employee 321,EMPLOYEE,ACCESS_GRANTED,GRANTED,0,0,0,0,NORMAL,NORMAL,0
SEC-000464,F001,Smart Campus,B002,Building B,BLK-B2,Block B2,AP-004,Building B Service Door,Service Area,2026-01-03 09:59:21,VIS-0296,Visitor 296,VISITOR,ACCESS_GRANTED,GRANTED,0,0,0,0,NORMAL,NORMAL,0
SEC-000462,F001,Smart Campus,B003,Building C,BLK-C1,Block C1,AP-005,Building C Main Entrance,Entrance,2026-01-03 10:02:18,EMP-0221,Employee 221,EMPLOYEE,ACCESS_GRANTED,GRANTED,0,0,0,0,NORMAL,NORMAL,0
SEC-000352,F001,Smart Campus,B003,Building C,BLK-C1,Block C1,AP-006,Server Room Access,Restricted Area,2026-01-03 10:08:25,EMP-0116,Employee 116,EMPLOYEE,UNAUTHORIZED_ACCESS,DENIED,0,1,0,0,SUSPICIOUS_ACCESS,HIGH,1
SEC-000338,F001,Smart Campus,B002,Building B,BLK-B2,Block B2,AP-004,Building B Service Door,Service Area,2026-01-03 10:15:26,EMP-0315,Employee 315,EMPLOYEE,ACCESS_GRANTED,GRANTED,0,0,0,0,NORMAL,NORMAL,0
SEC-000422,F001,Smart Campus,B003,Building C,BLK-C1,Block C1,AP-006,Server Room Access,Restricted Area,2026-01-03 10:17:50,EMP-0430,Employee 430,EMPLOYEE,ACCESS_GRANTED,GRANTED,0,0,0,0,NORMAL,NORMAL,0
SEC-000412,F001,Smart Campus,B003,Building C,BLK-C1,Block C1,AP-006,Server Room Access,Restricted Area,2026-01-03 10:23:03,EMP-0453,Employee 453,EMPLOYEE,UNAUTHORIZED_ACCESS,DENIED,0,1,0,0,SUSPICIOUS_ACCESS,HIGH,1
SEC-000363,F001,Smart Campus,B001,Building A,BLK-A1,Block A1,AP-001,Building A Main Entrance,Entrance,2026-01-03 10:23:24,EMP-0312,Employee 312,EMPLOYEE,ACCESS_GRANTED,GRANTED,0,0,0,0,NORMAL,NORMAL,0
SEC-000323,F001,Smart Campus,B003,Building C,BLK-C1,Block C1,AP-005,Building C Main Entrance,Entrance,2026-01-03 10:28:27,EMP-0429,Employee 429,EMPLOYEE,ACCESS_GRANTED,GRANTED,0,0,0,0,NORMAL,NORMAL,0
SEC-000467,F001,Smart Campus,B001,Building A,BLK-A1,Block A1,AP-001,Building A Main Entrance,Entrance,2026-01-03 10:29:07,EMP-0098,Employee 98,EMPLOYEE,ACCESS_GRANTED,GRANTED,0,0,0,0,NORMAL,NORMAL,0
SEC-000341,F001,Smart Campus,B002,Building B,BLK-B2,Block B2,AP-004,Building B Service Door,Service Area,2026-01-03 10:33:12,EMP-0392,Employee 392,EMPLOYEE,ACCESS_GRANTED,GRANTED,0,0,0,0,NORMAL,NORMAL,0
SEC-000427,F001,Smart Campus,B002,Building B,BLK-B1,Block B1,AP-003,Building B Main Entrance,Entrance,2026-01-03 10:54:32,EMP-0439,Employee 439,EMPLOYEE,ACCESS_GRANTED,GRANTED,0,0,0,0,NORMAL,NORMAL,0
SEC-000318,F001,Smart Campus,B003,Building C,BLK-C1,Block C1,AP-005,Building C Main Entrance,Entrance,2026-01-03 11:12:11,VIS-0120,Visitor 120,VISITOR,ACCESS_GRANTED,GRANTED,0,0,0,0,NORMAL,NORMAL,0
SEC-000457,F001,Smart Campus,B003,Building C,BLK-C1,Block C1,AP-006,Server Room Access,Restricted Area,2026-01-03 11:12:30,EMP-0445,Employee 445,EMPLOYEE,ACCESS_GRANTED,GRANTED,0,0,0,0,NORMAL,NORMAL,0
SEC-000429,F001,Smart Campus,B002,Building B,BLK-B2,Block B2,AP-004,Building B Service Door,Service Area,2026-01-03 11:19:55,EMP-0253,Employee 253,EMPLOYEE,ACCESS_GRANTED,GRANTED,0,0,0,0,NORMAL,NORMAL,0
SEC-000441,F001,Smart Campus,B002,Building B,BLK-B1,Block B1,AP-003,Building B Main Entrance,Entrance,2026-01-03 11:30:08,EMP-0442,Employee 442,EMPLOYEE,ACCESS_GRANTED,GRANTED,0,0,0,0,NORMAL,NORMAL,0
SEC-000448,F001,Smart Campus,B002,Building B,BLK-B1,Block B1,AP-003,Building B Main Entrance,Entrance,2026-01-03 11:36:51,CON-0128,Contractor 128,CONTRACTOR,ACCESS_GRANTED,GRANTED,0,0,0,0,NORMAL,NORMAL,0
SEC-000431,F001,Smart Campus,B001,Building A,BLK-A2,Block A2,AP-002,Building A Side Entrance,Entrance,2026-01-03 11:39:58,EMP-0043,Employee 43,EMPLOYEE,ACCESS_GRANTED,GRANTED,0,0,0,0,NORMAL,NORMAL,0
SEC-000406,F001,Smart Campus,B003,Building C,BLK-C1,Block C1,AP-006,Server Room Access,Restricted Area,2026-01-03 11:41:08,EMP-0311,Employee 311,EMPLOYEE,ACCESS_GRANTED,GRANTED,0,0,0,0,NORMAL,NORMAL,0
SEC-000314,F001,Smart Campus,B003,Building C,BLK-C1,Block C1,AP-005,Building C Main Entrance,Entrance,2026-01-03 11:41:37,VIS-0108,Visitor 108,VISITOR,ACCESS_GRANTED,GRANTED,0,0,0,0,NORMAL,NORMAL,0
SEC-000471,F001,Smart Campus,B001,Building A,BLK-A1,Block A1,AP-001,Building A Main Entrance,Entrance,2026-01-03 11:55:10,VIS-0004,Visitor 4,VISITOR,ACCESS_GRANTED,GRANTED,0,0,0,0,NORMAL,NORMAL,0
SEC-000423,F001,Smart Campus,B001,Building A,BLK-A1,Block A1,AP-001,Building A Main Entrance,Entrance,2026-01-03 12:12:06,EMP-0089,Employee 89,EMPLOYEE,ACCESS_GRANTED,GRANTED,0,0,0,0,NORMAL,NORMAL,0
SEC-000414,F001,Smart Campus,B003,Building C,BLK-C1,Block C1,AP-006,Server Room Access,Restricted Area,2026-01-03 12:17:16,EMP-0269,Employee 269,EMPLOYEE,ACCESS_GRANTED,GRANTED,0,0,0,0,NORMAL,NORMAL,0
SEC-000392,F001,Smart Campus,B003,Building C,BLK-C1,Block C1,AP-005,Building C Main Entrance,Entrance,2026-01-03 12:24:07,EMP-0230,Employee 230,EMPLOYEE,ACCESS_GRANTED,GRANTED,0,0,0,0,NORMAL,NORMAL,0
SEC-000360,F001,Smart Campus,B002,Building B,BLK-B2,Block B2,AP-004,Building B Service Door,Service Area,2026-01-03 12:26:04,EMP-0479,Employee 479,EMPLOYEE,ACCESS_GRANTED,GRANTED,0,0,0,0,NORMAL,NORMAL,0
SEC-000473,F001,Smart Campus,B002,Building B,BLK-B1,Block B1,AP-003,Building B Main Entrance,Entrance,2026-01-03 12:28:37,EMP-0179,Employee 179,EMPLOYEE,ACCESS_GRANTED,GRANTED,0,0,0,0,NORMAL,NORMAL,0
SEC-000407,F001,Smart Campus,B003,Building C,BLK-C1,Block C1,AP-006,Server Room Access,Restricted Area,2026-01-03 12:28:40,EMP-0235,Employee 235,EMPLOYEE,ACCESS_GRANTED,GRANTED,0,0,0,0,NORMAL,NORMAL,0
SEC-000357,F001,Smart Campus,B003,Building C,BLK-C1,Block C1,AP-006,Server Room Access,Restricted Area,2026-01-03 12:39:50,EMP-0454,Employee 454,EMPLOYEE,ACCESS_GRANTED,GRANTED,0,0,0,0,NORMAL,NORMAL,0
SEC-000446,F001,Smart Campus,B001,Building A,BLK-A2,Block A2,AP-002,Building A Side Entrance,Entrance,2026-01-03 12:44:15,VIS-0277,Visitor 277,VISITOR,ACCESS_GRANTED,GRANTED,0,0,0,0,NORMAL,NORMAL,0
SEC-000430,F001,Smart Campus,B002,Building B,BLK-B1,Block B1,AP-003,Building B Main Entrance,Entrance,2026-01-03 12:46:37,EMP-0187,Employee 187,EMPLOYEE,ACCESS_GRANTED,GRANTED,0,0,0,0,NORMAL,NORMAL,0
SEC-000420,F001,Smart Campus,B002,Building B,BLK-B1,Block B1,AP-003,Building B Main Entrance,Entrance,2026-01-03 12:48:31,VIS-0148,Visitor 148,VISITOR,ACCESS_GRANTED,GRANTED,0,0,0,0,NORMAL,NORMAL,0
SEC-000350,F001,Smart Campus,B003,Building C,BLK-C1,Block C1,AP-005,Building C Main Entrance,Entrance,2026-01-03 12:56:45,EMP-0373,Employee 373,EMPLOYEE,ACCESS_GRANTED,GRANTED,0,0,0,0,NORMAL,NORMAL,0
SEC-000472,F001,Smart Campus,B001,Building A,BLK-A1,Block A1,AP-001,Building A Main Entrance,Entrance,2026-01-03 12:58:57,EMP-0255,Employee 255,EMPLOYEE,ACCESS_GRANTED,GRANTED,0,0,0,0,NORMAL,NORMAL,0
SEC-000382,F001,Smart Campus,B002,Building B,BLK-B2,Block B2,AP-004,Building B Service Door,Service Area,2026-01-03 13:04:03,EMP-0391,Employee 391,EMPLOYEE,ACCESS_GRANTED,GRANTED,0,0,0,0,NORMAL,NORMAL,0
SEC-000391,F001,Smart Campus,B003,Building C,BLK-C1,Block C1,AP-005,Building C Main Entrance,Entrance,2026-01-03 13:07:14,VIS-0122,Visitor 122,VISITOR,ACCESS_GRANTED,GRANTED,0,0,0,0,NORMAL,NORMAL,0
SEC-000359,F001,Smart Campus,B001,Building A,BLK-A2,Block A2,AP-002,Building A Side Entrance,Entrance,2026-01-03 13:12:10,VIS-0081,Visitor 81,VISITOR,ACCESS_GRANTED,GRANTED,0,0,0,0,NORMAL,NORMAL,0
SEC-000439,F001,Smart Campus,B001,Building A,BLK-A1,Block A1,AP-001,Building A Main Entrance,Entrance,2026-01-03 13:16:31,EMP-0368,Employee 368,EMPLOYEE,ACCESS_GRANTED,GRANTED,0,0,0,0,NORMAL,NORMAL,0
SEC-000419,F001,Smart Campus,B001,Building A,BLK-A1,Block A1,AP-001,Building A Main Entrance,Entrance,2026-01-03 13:23:23,EMP-0331,Employee 331,EMPLOYEE,ACCESS_GRANTED,GRANTED,0,0,0,0,NORMAL,NORMAL,0
SEC-000310,F001,Smart Campus,B003,Building C,BLK-C1,Block C1,AP-005,Building C Main Entrance,Entrance,2026-01-03 13:42:53,CON-0145,Contractor 145,CONTRACTOR,ACCESS_GRANTED,GRANTED,0,0,0,0,NORMAL,NORMAL,0
SEC-000317,F001,Smart Campus,B003,Building C,BLK-C1,Block C1,AP-005,Building C Main Entrance,Entrance,2026-01-03 13:44:22,CON-0116,Contractor 116,CONTRACTOR,ACCESS_DENIED,DENIED,0,0,0,0,NORMAL,MEDIUM,1
SEC-000442,F001,Smart Campus,B003,Building C,BLK-C1,Block C1,AP-006,Server Room Access,Restricted Area,2026-01-03 13:57:42,EMP-0374,Employee 374,EMPLOYEE,ACCESS_GRANTED,GRANTED,0,0,0,0,NORMAL,NORMAL,0
SEC-000335,F001,Smart Campus,B001,Building A,BLK-A1,Block A1,AP-001,Building A Main Entrance,Entrance,2026-01-03 14:01:02,EMP-0002,Employee 2,EMPLOYEE,ACCESS_GRANTED,GRANTED,0,0,0,0,NORMAL,NORMAL,0
SEC-000458,F001,Smart Campus,B001,Building A,BLK-A1,Block A1,AP-001,Building A Main Entrance,Entrance,2026-01-03 14:05:13,EMP-0256,Employee 256,EMPLOYEE,ACCESS_GRANTED,GRANTED,0,0,0,0,NORMAL,NORMAL,0
SEC-000389,F001,Smart Campus,B001,Building A,BLK-A2,Block A2,AP-002,Building A Side Entrance,Entrance,2026-01-03 14:14:05,CON-0081,Contractor 81,CONTRACTOR,ACCESS_GRANTED,GRANTED,0,0,0,0,NORMAL,NORMAL,0
SEC-000395,F001,Smart Campus,B002,Building B,BLK-B2,Block B2,AP-004,Building B Service Door,Service Area,2026-01-03 14:42:32,EMP-0096,Employee 96,EMPLOYEE,ACCESS_GRANTED,GRANTED,0,0,0,0,NORMAL,NORMAL,0
SEC-000351,F001,Smart Campus,B003,Building C,BLK-C1,Block C1,AP-005,Building C Main Entrance,Entrance,2026-01-03 14:46:56,VIS-0279,Visitor 279,VISITOR,ACCESS_GRANTED,GRANTED,0,0,0,0,NORMAL,NORMAL,0
SEC-000447,F001,Smart Campus,B002,Building B,BLK-B2,Block B2,AP-004,Building B Service Door,Service Area,2026-01-03 14:47:47,VIS-0113,Visitor 113,VISITOR,ACCESS_GRANTED,GRANTED,0,0,0,0,NORMAL,NORMAL,0
SEC-000379,F001,Smart Campus,B001,Building A,BLK-A2,Block A2,AP-002,Building A Side Entrance,Entrance,2026-01-03 14:51:27,EMP-0426,Employee 426,EMPLOYEE,ACCESS_GRANTED,GRANTED,0,0,0,0,NORMAL,NORMAL,0
SEC-000435,F001,Smart Campus,B003,Building C,BLK-C1,Block C1,AP-006,Server Room Access,Restricted Area,2026-01-03 14:54:44,CON-0057,Contractor 57,CONTRACTOR,ACCESS_GRANTED,GRANTED,0,0,0,0,NORMAL,NORMAL,0
SEC-000328,F001,Smart Campus,B001,Building A,BLK-A2,Block A2,AP-002,Building A Side Entrance,Entrance,2026-01-03 14:54:53,EMP-0412,Employee 412,EMPLOYEE,ACCESS_GRANTED,GRANTED,0,0,0,0,NORMAL,NORMAL,0
SEC-000376,F001,Smart Campus,B002,Building B,BLK-B1,Block B1,AP-003,Building B Main Entrance,Entrance,2026-01-03 15:08:42,VIS-0009,Visitor 9,VISITOR,ACCESS_GRANTED,GRANTED,0,0,0,0,NORMAL,NORMAL,0
SEC-000336,F001,Smart Campus,B001,Building A,BLK-A1,Block A1,AP-001,Building A Main Entrance,Entrance,2026-01-03 15:17:33,EMP-0194,Employee 194,EMPLOYEE,ACCESS_GRANTED,GRANTED,0,0,0,0,NORMAL,NORMAL,0
SEC-000371,F001,Smart Campus,B003,Building C,BLK-C1,Block C1,AP-006,Server Room Access,Restricted Area,2026-01-03 15:41:38,VIS-0234,Visitor 234,VISITOR,ACCESS_GRANTED,GRANTED,0,0,0,0,NORMAL,NORMAL,0
SEC-000403,F001,Smart Campus,B001,Building A,BLK-A2,Block A2,AP-002,Building A Side Entrance,Entrance,2026-01-03 15:41:49,CON-0019,Contractor 19,CONTRACTOR,ACCESS_GRANTED,GRANTED,0,0,0,0,NORMAL,NORMAL,0
SEC-000315,F001,Smart Campus,B002,Building B,BLK-B1,Block B1,AP-003,Building B Main Entrance,Entrance,2026-01-03 15:47:40,CON-0062,Contractor 62,CONTRACTOR,ACCESS_GRANTED,GRANTED,0,0,0,0,NORMAL,NORMAL,0
SEC-000387,F001,Smart Campus,B001,Building A,BLK-A2,Block A2,AP-002,Building A Side Entrance,Entrance,2026-01-03 15:51:05,EMP-0252,Employee 252,EMPLOYEE,ACCESS_GRANTED,GRANTED,0,0,0,0,NORMAL,NORMAL,0
SEC-000354,F001,Smart Campus,B003,Building C,BLK-C1,Block C1,AP-005,Building C Main Entrance,Entrance,2026-01-03 15:57:00,EMP-0095,Employee 95,EMPLOYEE,ACCESS_GRANTED,GRANTED,0,0,0,0,NORMAL,NORMAL,0
SEC-000390,F001,Smart Campus,B002,Building B,BLK-B2,Block B2,AP-004,Building B Service Door,Service Area,2026-01-03 15:59:05,EMP-0105,Employee 105,EMPLOYEE,ACCESS_GRANTED,GRANTED,0,0,0,0,NORMAL,NORMAL,0
SEC-000388,F001,Smart Campus,B001,Building A,BLK-A2,Block A2,AP-002,Building A Side Entrance,Entrance,2026-01-03 16:04:49,VIS-0012,Visitor 12,VISITOR,ACCESS_GRANTED,GRANTED,0,0,0,0,NORMAL,NORMAL,0
SEC-000331,F001,Smart Campus,B003,Building C,BLK-C1,Block C1,AP-006,Server Room Access,Restricted Area,2026-01-03 16:05:05,EMP-0247,Employee 247,EMPLOYEE,ACCESS_GRANTED,GRANTED,0,0,0,0,NORMAL,NORMAL,0
SEC-000365,F001,Smart Campus,B003,Building C,BLK-C1,Block C1,AP-005,Building C Main Entrance,Entrance,2026-01-03 16:06:31,EMP-0249,Employee 249,EMPLOYEE,ACCESS_GRANTED,GRANTED,0,0,0,0,NORMAL,NORMAL,0
SEC-000372,F001,Smart Campus,B003,Building C,BLK-C1,Block C1,AP-005,Building C Main Entrance,Entrance,2026-01-03 16:15:09,EMP-0053,Employee 53,EMPLOYEE,ACCESS_GRANTED,GRANTED,0,0,0,0,NORMAL,NORMAL,0
SEC-000358,F001,Smart Campus,B003,Building C,BLK-C1,Block C1,AP-005,Building C Main Entrance,Entrance,2026-01-03 16:18:06,EMP-0116,Employee 116,EMPLOYEE,ACCESS_GRANTED,GRANTED,0,0,0,0,NORMAL,NORMAL,0
SEC-000413,F001,Smart Campus,B002,Building B,BLK-B2,Block B2,AP-004,Building B Service Door,Service Area,2026-01-03 16:21:43,EMP-0020,Employee 20,EMPLOYEE,ACCESS_GRANTED,GRANTED,0,0,0,0,NORMAL,NORMAL,0
SEC-000410,F001,Smart Campus,B003,Building C,BLK-C1,Block C1,AP-005,Building C Main Entrance,Entrance,2026-01-03 16:36:58,EMP-0255,Employee 255,EMPLOYEE,ACCESS_GRANTED,GRANTED,0,0,0,0,NORMAL,NORMAL,0
SEC-000370,F001,Smart Campus,B001,Building A,BLK-A2,Block A2,AP-002,Building A Side Entrance,Entrance,2026-01-03 16:45:36,EMP-0321,Employee 321,EMPLOYEE,ACCESS_GRANTED,GRANTED,0,0,0,0,NORMAL,NORMAL,0
SEC-000460,F001,Smart Campus,B001,Building A,BLK-A2,Block A2,AP-002,Building A Side Entrance,Entrance,2026-01-03 16:49:47,EMP-0060,Employee 60,EMPLOYEE,ACCESS_GRANTED,GRANTED,0,0,0,0,NORMAL,NORMAL,0
SEC-000455,F001,Smart Campus,B003,Building C,BLK-C1,Block C1,AP-006,Server Room Access,Restricted Area,2026-01-03 16:54:50,EMP-0057,Employee 57,EMPLOYEE,ACCESS_GRANTED,GRANTED,0,0,0,0,NORMAL,NORMAL,0
SEC-000312,F001,Smart Campus,B003,Building C,BLK-C1,Block C1,AP-006,Server Room Access,Restricted Area,2026-01-03 16:57:08,EMP-0444,Employee 444,EMPLOYEE,UNAUTHORIZED_ACCESS,DENIED,0,1,0,0,SUSPICIOUS_ACCESS,HIGH,1
SEC-000349,F001,Smart Campus,B001,Building A,BLK-A1,Block A1,AP-001,Building A Main Entrance,Entrance,2026-01-03 17:03:54,EMP-0105,Employee 105,EMPLOYEE,ACCESS_GRANTED,GRANTED,0,0,0,0,NORMAL,NORMAL,0
SEC-000434,F001,Smart Campus,B003,Building C,BLK-C1,Block C1,AP-005,Building C Main Entrance,Entrance,2026-01-03 17:06:18,EMP-0436,Employee 436,EMPLOYEE,ACCESS_GRANTED,GRANTED,0,0,0,0,NORMAL,NORMAL,0
SEC-000385,F001,Smart Campus,B002,Building B,BLK-B2,Block B2,AP-004,Building B Service Door,Service Area,2026-01-03 17:09:03,EMP-0113,Employee 113,EMPLOYEE,ACCESS_GRANTED,GRANTED,0,0,0,0,NORMAL,NORMAL,0
SEC-000453,F001,Smart Campus,B003,Building C,BLK-C1,Block C1,AP-005,Building C Main Entrance,Entrance,2026-01-03 17:13:44,EMP-0361,Employee 361,EMPLOYEE,ACCESS_GRANTED,GRANTED,0,0,0,0,NORMAL,NORMAL,0
SEC-000415,F001,Smart Campus,B003,Building C,BLK-C1,Block C1,AP-005,Building C Main Entrance,Entrance,2026-01-03 17:15:40,CON-0137,Contractor 137,CONTRACTOR,ACCESS_GRANTED,GRANTED,0,0,0,0,NORMAL,NORMAL,0
SEC-000402,F001,Smart Campus,B002,Building B,BLK-B2,Block B2,AP-004,Building B Service Door,Service Area,2026-01-03 17:23:00,VIS-0277,Visitor 277,VISITOR,ACCESS_GRANTED,GRANTED,0,0,0,0,NORMAL,NORMAL,0
SEC-000322,F001,Smart Campus,B003,Building C,BLK-C1,Block C1,AP-005,Building C Main Entrance,Entrance,2026-01-03 17:33:57,CON-0150,Contractor 150,CONTRACTOR,ACCESS_DENIED,DENIED,0,0,0,0,NORMAL,MEDIUM,1
SEC-000313,F001,Smart Campus,B003,Building C,BLK-C1,Block C1,AP-006,Server Room Access,Restricted Area,2026-01-03 17:35:28,EMP-0114,Employee 114,EMPLOYEE,ACCESS_GRANTED,GRANTED,0,0,0,0,NORMAL,NORMAL,0
SEC-000397,F001,Smart Campus,B002,Building B,BLK-B2,Block B2,AP-004,Building B Service Door,Service Area,2026-01-03 17:38:28,EMP-0219,Employee 219,EMPLOYEE,ACCESS_GRANTED,GRANTED,0,0,0,0,NORMAL,NORMAL,0
SEC-000332,F001,Smart Campus,B002,Building B,BLK-B1,Block B1,AP-003,Building B Main Entrance,Entrance,2026-01-03 17:47:38,EMP-0077,Employee 77,EMPLOYEE,ACCESS_GRANTED,GRANTED,0,0,0,0,NORMAL,NORMAL,0
SEC-000451,F001,Smart Campus,B001,Building A,BLK-A2,Block A2,AP-002,Building A Side Entrance,Entrance,2026-01-03 17:48:06,EMP-0187,Employee 187,EMPLOYEE,ACCESS_GRANTED,GRANTED,0,0,0,0,NORMAL,NORMAL,0
SEC-000425,F001,Smart Campus,B001,Building A,BLK-A2,Block A2,AP-002,Building A Side Entrance,Entrance,2026-01-03 17:51:06,EMP-0395,Employee 395,EMPLOYEE,ACCESS_GRANTED,GRANTED,0,0,0,0,NORMAL,NORMAL,0
SEC-000374,F001,Smart Campus,B001,Building A,BLK-A1,Block A1,AP-001,Building A Main Entrance,Entrance,2026-01-03 18:01:35,EMP-0204,Employee 204,EMPLOYEE,ACCESS_GRANTED,GRANTED,0,0,0,0,NORMAL,NORMAL,0
SEC-000411,F001,Smart Campus,B003,Building C,BLK-C1,Block C1,AP-005,Building C Main Entrance,Entrance,2026-01-03 18:02:50,EMP-0163,Employee 163,EMPLOYEE,FORCED_ENTRY,DENIED,0,0,1,0,FORCED_ENTRY,CRITICAL,1
SEC-000361,F001,Smart Campus,B003,Building C,BLK-C1,Block C1,AP-005,Building C Main Entrance,Entrance,2026-01-03 18:02:53,EMP-0011,Employee 11,EMPLOYEE,ACCESS_GRANTED,GRANTED,0,0,0,0,NORMAL,NORMAL,0
SEC-000364,F001,Smart Campus,B002,Building B,BLK-B2,Block B2,AP-004,Building B Service Door,Service Area,2026-01-03 18:13:06,CON-0056,Contractor 56,CONTRACTOR,ACCESS_GRANTED,GRANTED,0,0,0,0,NORMAL,NORMAL,0
SEC-000375,F001,Smart Campus,B003,Building C,BLK-C1,Block C1,AP-006,Server Room Access,Restricted Area,2026-01-03 18:13:19,EMP-0371,Employee 371,EMPLOYEE,ACCESS_GRANTED,GRANTED,0,0,0,0,NORMAL,NORMAL,0
SEC-000418,F001,Smart Campus,B003,Building C,BLK-C1,Block C1,AP-005,Building C Main Entrance,Entrance,2026-01-03 18:14:21,EMP-0401,Employee 401,EMPLOYEE,ACCESS_GRANTED,GRANTED,0,0,0,0,NORMAL,NORMAL,0
SEC-000356,F001,Smart Campus,B003,Building C,BLK-C1,Block C1,AP-006,Server Room Access,Restricted Area,2026-01-03 18:18:52,CON-0031,Contractor 31,CONTRACTOR,ACCESS_GRANTED,GRANTED,0,0,0,0,NORMAL,NORMAL,0
SEC-000342,F001,Smart Campus,B003,Building C,BLK-C1,Block C1,AP-006,Server Room Access,Restricted Area,2026-01-03 18:25:39,EMP-0372,Employee 372,EMPLOYEE,ACCESS_GRANTED,GRANTED,0,0,0,0,NORMAL,NORMAL,0
SEC-000329,F001,Smart Campus,B002,Building B,BLK-B2,Block B2,AP-004,Building B Service Door,Service Area,2026-01-03 18:40:34,EMP-0390,Employee 390,EMPLOYEE,ACCESS_GRANTED,GRANTED,0,0,0,0,NORMAL,NORMAL,0
SEC-000417,F001,Smart Campus,B003,Building C,BLK-C1,Block C1,AP-005,Building C Main Entrance,Entrance,2026-01-03 18:59:30,EMP-0484,Employee 484,EMPLOYEE,ACCESS_GRANTED,GRANTED,0,0,0,0,NORMAL,NORMAL,0
SEC-000334,F001,Smart Campus,B002,Building B,BLK-B2,Block B2,AP-004,Building B Service Door,Service Area,2026-01-03 19:04:09,EMP-0391,Employee 391,EMPLOYEE,ACCESS_GRANTED,GRANTED,0,0,0,0,NORMAL,NORMAL,0
SEC-000380,F001,Smart Campus,B003,Building C,BLK-C1,Block C1,AP-005,Building C Main Entrance,Entrance,2026-01-03 19:07:16,VIS-0137,Visitor 137,VISITOR,ACCESS_GRANTED,GRANTED,0,0,0,0,NORMAL,NORMAL,0
SEC-000321,F001,Smart Campus,B002,Building B,BLK-B2,Block B2,AP-004,Building B Service Door,Service Area,2026-01-03 19:10:13,EMP-0213,Employee 213,EMPLOYEE,ACCESS_GRANTED,GRANTED,0,0,0,0,NORMAL,NORMAL,0
SEC-000344,F001,Smart Campus,B001,Building A,BLK-A1,Block A1,AP-001,Building A Main Entrance,Entrance,2026-01-03 19:16:05,EMP-0021,Employee 21,EMPLOYEE,ACCESS_GRANTED,GRANTED,0,0,0,0,NORMAL,NORMAL,0
SEC-000333,F001,Smart Campus,B003,Building C,BLK-C1,Block C1,AP-005,Building C Main Entrance,Entrance,2026-01-03 19:18:16,EMP-0280,Employee 280,EMPLOYEE,ACCESS_GRANTED,GRANTED,0,0,0,0,NORMAL,NORMAL,0
SEC-000445,F001,Smart Campus,B001,Building A,BLK-A1,Block A1,AP-001,Building A Main Entrance,Entrance,2026-01-03 19:20:42,VIS-0039,Visitor 39,VISITOR,ACCESS_GRANTED,GRANTED,0,0,0,0,NORMAL,NORMAL,0
SEC-000424,F001,Smart Campus,B003,Building C,BLK-C1,Block C1,AP-005,Building C Main Entrance,Entrance,2026-01-03 19:27:28,VIS-0024,Visitor 24,VISITOR,UNAUTHORIZED_ACCESS,DENIED,0,1,0,0,SUSPICIOUS_ACCESS,HIGH,1
SEC-000399,F001,Smart Campus,B003,Building C,BLK-C1,Block C1,AP-006,Server Room Access,Restricted Area,2026-01-03 19:44:37,EMP-0326,Employee 326,EMPLOYEE,ACCESS_GRANTED,GRANTED,0,0,0,0,NORMAL,NORMAL,0
SEC-000428,F001,Smart Campus,B003,Building C,BLK-C1,Block C1,AP-005,Building C Main Entrance,Entrance,2026-01-03 19:49:27,EMP-0490,Employee 490,EMPLOYEE,ACCESS_GRANTED,GRANTED,0,0,0,0,NORMAL,NORMAL,0
SEC-000324,F001,Smart Campus,B003,Building C,BLK-C1,Block C1,AP-006,Server Room Access,Restricted Area,2026-01-03 20:01:12,EMP-0193,Employee 193,EMPLOYEE,ACCESS_GRANTED,GRANTED,0,0,0,0,NORMAL,NORMAL,0
SEC-000456,F001,Smart Campus,B003,Building C,BLK-C1,Block C1,AP-006,Server Room Access,Restricted Area,2026-01-03 20:05:01,VIS-0296,Visitor 296,VISITOR,ACCESS_GRANTED,GRANTED,0,0,0,0,NORMAL,NORMAL,0
SEC-000348,F001,Smart Campus,B003,Building C,BLK-C1,Block C1,AP-005,Building C Main Entrance,Entrance,2026-01-03 20:17:21,EMP-0069,Employee 69,EMPLOYEE,ACCESS_GRANTED,GRANTED,0,0,0,0,NORMAL,NORMAL,0
SEC-000433,F001,Smart Campus,B001,Building A,BLK-A1,Block A1,AP-001,Building A Main Entrance,Entrance,2026-01-03 20:20:04,EMP-0166,Employee 166,EMPLOYEE,ACCESS_GRANTED,GRANTED,0,0,0,0,NORMAL,NORMAL,0
SEC-000311,F001,Smart Campus,B001,Building A,BLK-A2,Block A2,AP-002,Building A Side Entrance,Entrance,2026-01-03 20:21:22,EMP-0124,Employee 124,EMPLOYEE,ACCESS_GRANTED,GRANTED,0,0,0,0,NORMAL,NORMAL,0
SEC-000400,F001,Smart Campus,B003,Building C,BLK-C1,Block C1,AP-006,Server Room Access,Restricted Area,2026-01-03 20:31:15,CON-0133,Contractor 133,CONTRACTOR,ACCESS_GRANTED,GRANTED,0,0,0,0,NORMAL,NORMAL,0
SEC-000316,F001,Smart Campus,B003,Building C,BLK-C1,Block C1,AP-006,Server Room Access,Restricted Area,2026-01-03 20:31:52,CON-0106,Contractor 106,CONTRACTOR,ACCESS_GRANTED,GRANTED,0,0,0,0,NORMAL,NORMAL,0
SEC-000347,F001,Smart Campus,B003,Building C,BLK-C1,Block C1,AP-005,Building C Main Entrance,Entrance,2026-01-03 20:33:32,CON-0006,Contractor 6,CONTRACTOR,ACCESS_GRANTED,GRANTED,0,0,0,0,NORMAL,NORMAL,0
SEC-000465,F001,Smart Campus,B001,Building A,BLK-A2,Block A2,AP-002,Building A Side Entrance,Entrance,2026-01-03 20:37:12,EMP-0188,Employee 188,EMPLOYEE,ACCESS_GRANTED,GRANTED,0,0,0,0,NORMAL,NORMAL,0
SEC-000367,F001,Smart Campus,B002,Building B,BLK-B1,Block B1,AP-003,Building B Main Entrance,Entrance,2026-01-03 20:42:58,EMP-0458,Employee 458,EMPLOYEE,ACCESS_GRANTED,GRANTED,0,0,0,0,NORMAL,NORMAL,0
SEC-000384,F001,Smart Campus,B003,Building C,BLK-C1,Block C1,AP-006,Server Room Access,Restricted Area,2026-01-03 20:47:20,EMP-0209,Employee 209,EMPLOYEE,ACCESS_GRANTED,GRANTED,0,0,0,0,NORMAL,NORMAL,0
SEC-000383,F001,Smart Campus,B003,Building C,BLK-C1,Block C1,AP-005,Building C Main Entrance,Entrance,2026-01-03 20:54:01,EMP-0034,Employee 34,EMPLOYEE,ACCESS_GRANTED,GRANTED,0,0,0,0,NORMAL,NORMAL,0
SEC-000346,F001,Smart Campus,B001,Building A,BLK-A2,Block A2,AP-002,Building A Side Entrance,Entrance,2026-01-03 20:58:46,EMP-0044,Employee 44,EMPLOYEE,ACCESS_GRANTED,GRANTED,0,0,0,0,NORMAL,NORMAL,0
SEC-000339,F001,Smart Campus,B003,Building C,BLK-C1,Block C1,AP-005,Building C Main Entrance,Entrance,2026-01-03 20:59:33,EMP-0034,Employee 34,EMPLOYEE,ACCESS_GRANTED,GRANTED,0,0,0,0,NORMAL,NORMAL,0
SEC-000409,F001,Smart Campus,B001,Building A,BLK-A1,Block A1,AP-001,Building A Main Entrance,Entrance,2026-01-03 21:17:24,VIS-0033,Visitor 33,VISITOR,ACCESS_GRANTED,GRANTED,1,0,0,0,NORMAL,LOW,0
SEC-000404,F001,Smart Campus,B003,Building C,BLK-C1,Block C1,AP-005,Building C Main Entrance,Entrance,2026-01-03 22:37:34,VIS-0138,Visitor 138,VISITOR,ACCESS_GRANTED,GRANTED,1,0,0,0,NORMAL,LOW,0
SEC-000421,F001,Smart Campus,B001,Building A,BLK-A1,Block A1,AP-001,Building A Main Entrance,Entrance,2026-01-03 22:52:36,EMP-0427,Employee 427,EMPLOYEE,ACCESS_GRANTED,GRANTED,1,0,0,0,NORMAL,LOW,0
SEC-000353,F001,Smart Campus,B001,Building A,BLK-A1,Block A1,AP-001,Building A Main Entrance,Entrance,2026-01-03 23:48:32,EMP-0493,Employee 493,EMPLOYEE,ACCESS_GRANTED,GRANTED,1,0,0,0,NORMAL,LOW,0
SEC-000604,F001,Smart Campus,B002,Building B,BLK-B1,Block B1,AP-003,Building B Main Entrance,Entrance,2026-01-04 00:00:25,EMP-0194,Employee 194,EMPLOYEE,ACCESS_GRANTED,GRANTED,1,0,0,0,NORMAL,LOW,0
SEC-000532,F001,Smart Campus,B001,Building A,BLK-A1,Block A1,AP-001,Building A Main Entrance,Entrance,2026-01-04 00:13:33,EMP-0377,Employee 377,EMPLOYEE,ACCESS_GRANTED,GRANTED,1,0,0,0,NORMAL,LOW,0
SEC-000598,F001,Smart Campus,B003,Building C,BLK-C1,Block C1,AP-006,Server Room Access,Restricted Area,2026-01-04 01:00:17,EMP-0481,Employee 481,EMPLOYEE,UNAUTHORIZED_ACCESS,DENIED,1,1,0,0,SUSPICIOUS_ACCESS,CRITICAL,1
SEC-000597,F001,Smart Campus,B001,Building A,BLK-A1,Block A1,AP-001,Building A Main Entrance,Entrance,2026-01-04 01:03:00,CON-0074,Contractor 74,CONTRACTOR,ACCESS_GRANTED,GRANTED,1,0,0,0,AFTER_HOURS_MOVEMENT,LOW,0
SEC-000494,F001,Smart Campus,B001,Building A,BLK-A2,Block A2,AP-002,Building A Side Entrance,Entrance,2026-01-04 01:28:01,EMP-0276,Employee 276,EMPLOYEE,ACCESS_GRANTED,GRANTED,1,0,0,0,AFTER_HOURS_MOVEMENT,LOW,0
SEC-000605,F001,Smart Campus,B002,Building B,BLK-B1,Block B1,AP-003,Building B Main Entrance,Entrance,2026-01-04 01:31:13,CON-0081,Contractor 81,CONTRACTOR,ACCESS_GRANTED,GRANTED,1,0,0,0,NORMAL,LOW,0
SEC-000619,F001,Smart Campus,B002,Building B,BLK-B1,Block B1,AP-003,Building B Main Entrance,Entrance,2026-01-04 01:32:08,EMP-0387,Employee 387,EMPLOYEE,FORCED_ENTRY,DENIED,1,0,1,0,FORCED_ENTRY,CRITICAL,1
SEC-000508,F001,Smart Campus,B001,Building A,BLK-A2,Block A2,AP-002,Building A Side Entrance,Entrance,2026-01-04 01:37:57,VIS-0128,Visitor 128,VISITOR,ACCESS_GRANTED,GRANTED,1,0,0,0,NORMAL,LOW,0
SEC-000570,F001,Smart Campus,B002,Building B,BLK-B1,Block B1,AP-003,Building B Main Entrance,Entrance,2026-01-04 01:52:35,EMP-0151,Employee 151,EMPLOYEE,ACCESS_GRANTED,GRANTED,1,0,0,0,NORMAL,LOW,0
SEC-000491,F001,Smart Campus,B001,Building A,BLK-A2,Block A2,AP-002,Building A Side Entrance,Entrance,2026-01-04 02:01:13,EMP-0264,Employee 264,EMPLOYEE,ACCESS_GRANTED,GRANTED,1,0,0,0,NORMAL,LOW,0
SEC-000514,F001,Smart Campus,B002,Building B,BLK-B2,Block B2,AP-004,Building B Service Door,Service Area,2026-01-04 02:06:17,EMP-0139,Employee 139,EMPLOYEE,ACCESS_GRANTED,GRANTED,1,0,0,0,NORMAL,LOW,0
SEC-000571,F001,Smart Campus,B001,Building A,BLK-A1,Block A1,AP-001,Building A Main Entrance,Entrance,2026-01-04 02:08:54,VIS-0255,Visitor 255,VISITOR,ACCESS_GRANTED,GRANTED,1,0,0,0,AFTER_HOURS_MOVEMENT,LOW,0
SEC-000525,F001,Smart Campus,B002,Building B,BLK-B2,Block B2,AP-004,Building B Service Door,Service Area,2026-01-04 02:54:40,EMP-0215,Employee 215,EMPLOYEE,ACCESS_GRANTED,GRANTED,1,0,0,0,NORMAL,LOW,0
SEC-000628,F001,Smart Campus,B003,Building C,BLK-C1,Block C1,AP-006,Server Room Access,Restricted Area,2026-01-04 03:07:50,EMP-0127,Employee 127,EMPLOYEE,ACCESS_GRANTED,GRANTED,1,0,0,0,NORMAL,LOW,0
SEC-000506,F001,Smart Campus,B003,Building C,BLK-C1,Block C1,AP-005,Building C Main Entrance,Entrance,2026-01-04 03:17:34,EMP-0357,Employee 357,EMPLOYEE,ACCESS_GRANTED,GRANTED,1,0,0,0,NORMAL,LOW,0
SEC-000559,F001,Smart Campus,B003,Building C,BLK-C1,Block C1,AP-006,Server Room Access,Restricted Area,2026-01-04 03:18:00,VIS-0278,Visitor 278,VISITOR,ACCESS_GRANTED,GRANTED,1,0,0,0,NORMAL,LOW,0
SEC-000624,F001,Smart Campus,B003,Building C,BLK-C1,Block C1,AP-006,Server Room Access,Restricted Area,2026-01-04 03:23:45,EMP-0461,Employee 461,EMPLOYEE,ACCESS_GRANTED,GRANTED,1,0,0,0,AFTER_HOURS_MOVEMENT,LOW,0
SEC-000543,F001,Smart Campus,B002,Building B,BLK-B1,Block B1,AP-003,Building B Main Entrance,Entrance,2026-01-04 04:16:16,CON-0093,Contractor 93,CONTRACTOR,ACCESS_GRANTED,GRANTED,1,0,0,0,NORMAL,LOW,0
SEC-000523,F001,Smart Campus,B001,Building A,BLK-A1,Block A1,AP-001,Building A Main Entrance,Entrance,2026-01-04 04:20:27,VIS-0251,Visitor 251,VISITOR,ACCESS_GRANTED,GRANTED,1,0,0,0,NORMAL,LOW,0
SEC-000531,F001,Smart Campus,B001,Building A,BLK-A1,Block A1,AP-001,Building A Main Entrance,Entrance,2026-01-04 04:28:08,CON-0105,Contractor 105,CONTRACTOR,ACCESS_GRANTED,GRANTED,1,0,0,0,AFTER_HOURS_MOVEMENT,LOW,0
SEC-000575,F001,Smart Campus,B003,Building C,BLK-C1,Block C1,AP-005,Building C Main Entrance,Entrance,2026-01-04 05:00:30,EMP-0403,Employee 403,EMPLOYEE,ACCESS_GRANTED,GRANTED,1,0,0,0,AFTER_HOURS_MOVEMENT,LOW,0
SEC-000577,F001,Smart Campus,B003,Building C,BLK-C1,Block C1,AP-006,Server Room Access,Restricted Area,2026-01-04 05:14:52,VIS-0226,Visitor 226,VISITOR,UNAUTHORIZED_ACCESS,DENIED,1,1,0,0,SUSPICIOUS_ACCESS,CRITICAL,1
SEC-000539,F001,Smart Campus,B001,Building A,BLK-A1,Block A1,AP-001,Building A Main Entrance,Entrance,2026-01-04 05:45:00,EMP-0032,Employee 32,EMPLOYEE,ACCESS_GRANTED,GRANTED,1,0,0,0,NORMAL,LOW,0
SEC-000585,F001,Smart Campus,B002,Building B,BLK-B1,Block B1,AP-003,Building B Main Entrance,Entrance,2026-01-04 06:02:47,EMP-0100,Employee 100,EMPLOYEE,ACCESS_GRANTED,GRANTED,1,0,0,0,NORMAL,LOW,0
SEC-000515,F001,Smart Campus,B001,Building A,BLK-A2,Block A2,AP-002,Building A Side Entrance,Entrance,2026-01-04 06:16:34,EMP-0340,Employee 340,EMPLOYEE,ACCESS_DENIED,DENIED,1,0,0,0,NORMAL,MEDIUM,1
SEC-000630,F001,Smart Campus,B002,Building B,BLK-B1,Block B1,AP-003,Building B Main Entrance,Entrance,2026-01-04 06:53:58,EMP-0489,Employee 489,EMPLOYEE,ACCESS_GRANTED,GRANTED,1,0,0,0,NORMAL,LOW,0
SEC-000495,F001,Smart Campus,B001,Building A,BLK-A1,Block A1,AP-001,Building A Main Entrance,Entrance,2026-01-04 06:57:16,EMP-0071,Employee 71,EMPLOYEE,ACCESS_GRANTED,GRANTED,1,0,0,0,NORMAL,LOW,0
SEC-000556,F001,Smart Campus,B003,Building C,BLK-C1,Block C1,AP-006,Server Room Access,Restricted Area,2026-01-04 07:00:12,EMP-0009,Employee 9,EMPLOYEE,ACCESS_GRANTED,GRANTED,0,0,0,0,NORMAL,NORMAL,0
SEC-000526,F001,Smart Campus,B002,Building B,BLK-B1,Block B1,AP-003,Building B Main Entrance,Entrance,2026-01-04 07:00:44,CON-0109,Contractor 109,CONTRACTOR,ACCESS_GRANTED,GRANTED,0,0,0,0,NORMAL,NORMAL,0
SEC-000529,F001,Smart Campus,B003,Building C,BLK-C1,Block C1,AP-006,Server Room Access,Restricted Area,2026-01-04 07:00:48,CON-0138,Contractor 138,CONTRACTOR,UNAUTHORIZED_ACCESS,DENIED,0,1,0,0,SUSPICIOUS_ACCESS,HIGH,1
SEC-000517,F001,Smart Campus,B002,Building B,BLK-B1,Block B1,AP-003,Building B Main Entrance,Entrance,2026-01-04 07:07:07,EMP-0370,Employee 370,EMPLOYEE,ACCESS_GRANTED,GRANTED,0,0,0,0,NORMAL,NORMAL,0
SEC-000486,F001,Smart Campus,B002,Building B,BLK-B1,Block B1,AP-003,Building B Main Entrance,Entrance,2026-01-04 07:16:39,EMP-0020,Employee 20,EMPLOYEE,ACCESS_GRANTED,GRANTED,0,0,0,0,NORMAL,NORMAL,0
SEC-000500,F001,Smart Campus,B002,Building B,BLK-B2,Block B2,AP-004,Building B Service Door,Service Area,2026-01-04 07:17:02,EMP-0118,Employee 118,EMPLOYEE,ACCESS_GRANTED,GRANTED,0,0,0,0,NORMAL,NORMAL,0
SEC-000609,F001,Smart Campus,B001,Building A,BLK-A2,Block A2,AP-002,Building A Side Entrance,Entrance,2026-01-04 07:18:57,EMP-0491,Employee 491,EMPLOYEE,ACCESS_GRANTED,GRANTED,0,0,0,0,NORMAL,NORMAL,0
SEC-000607,F001,Smart Campus,B001,Building A,BLK-A1,Block A1,AP-001,Building A Main Entrance,Entrance,2026-01-04 07:36:02,EMP-0457,Employee 457,EMPLOYEE,ACCESS_GRANTED,GRANTED,0,0,0,0,NORMAL,NORMAL,0
SEC-000576,F001,Smart Campus,B003,Building C,BLK-C1,Block C1,AP-005,Building C Main Entrance,Entrance,2026-01-04 07:39:11,VIS-0056,Visitor 56,VISITOR,ACCESS_GRANTED,GRANTED,0,0,0,0,NORMAL,NORMAL,0
SEC-000625,F001,Smart Campus,B002,Building B,BLK-B1,Block B1,AP-003,Building B Main Entrance,Entrance,2026-01-04 07:43:52,EMP-0367,Employee 367,EMPLOYEE,ACCESS_GRANTED,GRANTED,0,0,0,0,NORMAL,NORMAL,0
SEC-000617,F001,Smart Campus,B002,Building B,BLK-B2,Block B2,AP-004,Building B Service Door,Service Area,2026-01-04 07:45:03,VIS-0174,Visitor 174,VISITOR,ACCESS_GRANTED,GRANTED,0,0,0,0,NORMAL,NORMAL,0
SEC-000475,F001,Smart Campus,B001,Building A,BLK-A1,Block A1,AP-001,Building A Main Entrance,Entrance,2026-01-04 07:51:58,EMP-0212,Employee 212,EMPLOYEE,ACCESS_GRANTED,GRANTED,0,0,0,0,NORMAL,NORMAL,0
SEC-000601,F001,Smart Campus,B001,Building A,BLK-A1,Block A1,AP-001,Building A Main Entrance,Entrance,2026-01-04 08:02:03,EMP-0250,Employee 250,EMPLOYEE,ACCESS_GRANTED,GRANTED,0,0,0,0,NORMAL,NORMAL,0
SEC-000582,F001,Smart Campus,B002,Building B,BLK-B1,Block B1,AP-003,Building B Main Entrance,Entrance,2026-01-04 08:13:57,VIS-0037,Visitor 37,VISITOR,UNAUTHORIZED_ACCESS,DENIED,0,1,0,0,SUSPICIOUS_ACCESS,HIGH,1
SEC-000509,F001,Smart Campus,B001,Building A,BLK-A2,Block A2,AP-002,Building A Side Entrance,Entrance,2026-01-04 08:14:13,EMP-0209,Employee 209,EMPLOYEE,ACCESS_GRANTED,GRANTED,0,0,0,0,NORMAL,NORMAL,0
SEC-000483,F001,Smart Campus,B002,Building B,BLK-B2,Block B2,AP-004,Building B Service Door,Service Area,2026-01-04 08:19:21,EMP-0013,Employee 13,EMPLOYEE,ACCESS_GRANTED,GRANTED,0,0,0,0,NORMAL,NORMAL,0
SEC-000498,F001,Smart Campus,B002,Building B,BLK-B1,Block B1,AP-003,Building B Main Entrance,Entrance,2026-01-04 08:48:41,EMP-0479,Employee 479,EMPLOYEE,ACCESS_GRANTED,GRANTED,0,0,0,0,NORMAL,NORMAL,0
SEC-000629,F001,Smart Campus,B001,Building A,BLK-A2,Block A2,AP-002,Building A Side Entrance,Entrance,2026-01-04 08:51:55,EMP-0061,Employee 61,EMPLOYEE,ACCESS_GRANTED,GRANTED,0,0,0,0,NORMAL,NORMAL,0
SEC-000564,F001,Smart Campus,B003,Building C,BLK-C1,Block C1,AP-006,Server Room Access,Restricted Area,2026-01-04 09:01:05,EMP-0452,Employee 452,EMPLOYEE,ACCESS_GRANTED,GRANTED,0,0,0,0,NORMAL,NORMAL,0
SEC-000612,F001,Smart Campus,B002,Building B,BLK-B1,Block B1,AP-003,Building B Main Entrance,Entrance,2026-01-04 09:04:16,EMP-0238,Employee 238,EMPLOYEE,ACCESS_GRANTED,GRANTED,0,0,0,0,NORMAL,NORMAL,0
SEC-000566,F001,Smart Campus,B003,Building C,BLK-C1,Block C1,AP-005,Building C Main Entrance,Entrance,2026-01-04 09:04:50,EMP-0172,Employee 172,EMPLOYEE,ACCESS_GRANTED,GRANTED,0,0,0,0,NORMAL,NORMAL,0
SEC-000521,F001,Smart Campus,B003,Building C,BLK-C1,Block C1,AP-005,Building C Main Entrance,Entrance,2026-01-04 09:19:33,CON-0065,Contractor 65,CONTRACTOR,ACCESS_GRANTED,GRANTED,0,0,0,0,NORMAL,NORMAL,0
SEC-000593,F001,Smart Campus,B001,Building A,BLK-A1,Block A1,AP-001,Building A Main Entrance,Entrance,2026-01-04 09:28:57,EMP-0407,Employee 407,EMPLOYEE,ACCESS_GRANTED,GRANTED,0,0,0,0,NORMAL,NORMAL,0
SEC-000587,F001,Smart Campus,B002,Building B,BLK-B1,Block B1,AP-003,Building B Main Entrance,Entrance,2026-01-04 09:34:03,EMP-0028,Employee 28,EMPLOYEE,ACCESS_GRANTED,GRANTED,0,0,0,0,NORMAL,NORMAL,0
SEC-000481,F001,Smart Campus,B001,Building A,BLK-A2,Block A2,AP-002,Building A Side Entrance,Entrance,2026-01-04 09:52:51,CON-0113,Contractor 113,CONTRACTOR,ACCESS_GRANTED,GRANTED,0,0,0,0,NORMAL,NORMAL,0
SEC-000505,F001,Smart Campus,B001,Building A,BLK-A1,Block A1,AP-001,Building A Main Entrance,Entrance,2026-01-04 09:59:22,EMP-0125,Employee 125,EMPLOYEE,ACCESS_GRANTED,GRANTED,0,0,0,0,NORMAL,NORMAL,0
SEC-000590,F001,Smart Campus,B003,Building C,BLK-C1,Block C1,AP-005,Building C Main Entrance,Entrance,2026-01-04 10:06:05,CON-0119,Contractor 119,CONTRACTOR,ACCESS_DENIED,DENIED,0,0,0,0,NORMAL,MEDIUM,1
SEC-000536,F001,Smart Campus,B001,Building A,BLK-A1,Block A1,AP-001,Building A Main Entrance,Entrance,2026-01-04 10:09:59,EMP-0230,Employee 230,EMPLOYEE,ACCESS_GRANTED,GRANTED,0,0,0,0,NORMAL,NORMAL,0
SEC-000524,F001,Smart Campus,B002,Building B,BLK-B1,Block B1,AP-003,Building B Main Entrance,Entrance,2026-01-04 10:12:50,EMP-0312,Employee 312,EMPLOYEE,ACCESS_GRANTED,GRANTED,0,0,0,0,NORMAL,NORMAL,0
SEC-000592,F001,Smart Campus,B003,Building C,BLK-C1,Block C1,AP-006,Server Room Access,Restricted Area,2026-01-04 10:20:52,CON-0069,Contractor 69,CONTRACTOR,ACCESS_GRANTED,GRANTED,0,0,0,0,NORMAL,NORMAL,0
SEC-000478,F001,Smart Campus,B001,Building A,BLK-A1,Block A1,AP-001,Building A Main Entrance,Entrance,2026-01-04 10:21:05,CON-0074,Contractor 74,CONTRACTOR,ACCESS_GRANTED,GRANTED,0,0,0,0,NORMAL,NORMAL,0
SEC-000541,F001,Smart Campus,B002,Building B,BLK-B1,Block B1,AP-003,Building B Main Entrance,Entrance,2026-01-04 10:21:54,EMP-0157,Employee 157,EMPLOYEE,UNAUTHORIZED_ACCESS,DENIED,0,1,0,0,SUSPICIOUS_ACCESS,HIGH,1
SEC-000545,F001,Smart Campus,B003,Building C,BLK-C1,Block C1,AP-006,Server Room Access,Restricted Area,2026-01-04 10:41:38,EMP-0275,Employee 275,EMPLOYEE,ACCESS_GRANTED,GRANTED,0,0,0,0,NORMAL,NORMAL,0
SEC-000611,F001,Smart Campus,B001,Building A,BLK-A2,Block A2,AP-002,Building A Side Entrance,Entrance,2026-01-04 10:53:15,EMP-0412,Employee 412,EMPLOYEE,ACCESS_GRANTED,GRANTED,0,0,0,0,NORMAL,NORMAL,0
SEC-000484,F001,Smart Campus,B003,Building C,BLK-C1,Block C1,AP-006,Server Room Access,Restricted Area,2026-01-04 11:02:01,EMP-0135,Employee 135,EMPLOYEE,ACCESS_GRANTED,GRANTED,0,0,0,0,NORMAL,NORMAL,0
SEC-000558,F001,Smart Campus,B003,Building C,BLK-C1,Block C1,AP-006,Server Room Access,Restricted Area,2026-01-04 11:05:04,EMP-0332,Employee 332,EMPLOYEE,ACCESS_GRANTED,GRANTED,0,0,0,0,NORMAL,NORMAL,0
SEC-000568,F001,Smart Campus,B003,Building C,BLK-C1,Block C1,AP-006,Server Room Access,Restricted Area,2026-01-04 11:05:38,EMP-0207,Employee 207,EMPLOYEE,ACCESS_GRANTED,GRANTED,0,0,0,0,NORMAL,NORMAL,0
SEC-000511,F001,Smart Campus,B002,Building B,BLK-B1,Block B1,AP-003,Building B Main Entrance,Entrance,2026-01-04 11:07:39,EMP-0163,Employee 163,EMPLOYEE,ACCESS_GRANTED,GRANTED,0,0,0,0,NORMAL,NORMAL,0
SEC-000489,F001,Smart Campus,B002,Building B,BLK-B2,Block B2,AP-004,Building B Service Door,Service Area,2026-01-04 11:15:14,VIS-0166,Visitor 166,VISITOR,ACCESS_GRANTED,GRANTED,0,0,0,0,NORMAL,NORMAL,0
SEC-000621,F001,Smart Campus,B002,Building B,BLK-B1,Block B1,AP-003,Building B Main Entrance,Entrance,2026-01-04 11:41:13,EMP-0474,Employee 474,EMPLOYEE,ACCESS_GRANTED,GRANTED,0,0,0,0,NORMAL,NORMAL,0
SEC-000516,F001,Smart Campus,B003,Building C,BLK-C1,Block C1,AP-005,Building C Main Entrance,Entrance,2026-01-04 11:59:32,EMP-0160,Employee 160,EMPLOYEE,ACCESS_GRANTED,GRANTED,0,0,0,0,NORMAL,NORMAL,0
SEC-000588,F001,Smart Campus,B002,Building B,BLK-B1,Block B1,AP-003,Building B Main Entrance,Entrance,2026-01-04 12:22:05,EMP-0204,Employee 204,EMPLOYEE,ACCESS_GRANTED,GRANTED,0,0,0,0,NORMAL,NORMAL,0
SEC-000520,F001,Smart Campus,B003,Building C,BLK-C1,Block C1,AP-005,Building C Main Entrance,Entrance,2026-01-04 12:23:38,EMP-0249,Employee 249,EMPLOYEE,UNAUTHORIZED_ACCESS,DENIED,0,1,0,0,SUSPICIOUS_ACCESS,HIGH,1
SEC-000547,F001,Smart Campus,B003,Building C,BLK-C1,Block C1,AP-005,Building C Main Entrance,Entrance,2026-01-04 12:30:37,EMP-0429,Employee 429,EMPLOYEE,ACCESS_GRANTED,GRANTED,0,0,0,0,NORMAL,NORMAL,0
SEC-000563,F001,Smart Campus,B001,Building A,BLK-A1,Block A1,AP-001,Building A Main Entrance,Entrance,2026-01-04 12:51:37,EMP-0186,Employee 186,EMPLOYEE,ACCESS_GRANTED,GRANTED,0,0,0,0,NORMAL,NORMAL,0
SEC-000613,F001,Smart Campus,B001,Building A,BLK-A1,Block A1,AP-001,Building A Main Entrance,Entrance,2026-01-04 12:53:10,EMP-0385,Employee 385,EMPLOYEE,ACCESS_GRANTED,GRANTED,0,0,0,0,NORMAL,NORMAL,0
SEC-000589,F001,Smart Campus,B001,Building A,BLK-A1,Block A1,AP-001,Building A Main Entrance,Entrance,2026-01-04 12:57:49,EMP-0022,Employee 22,EMPLOYEE,ACCESS_GRANTED,GRANTED,0,0,0,0,NORMAL,NORMAL,0
SEC-000501,F001,Smart Campus,B002,Building B,BLK-B2,Block B2,AP-004,Building B Service Door,Service Area,2026-01-04 13:02:31,VIS-0128,Visitor 128,VISITOR,ACCESS_GRANTED,GRANTED,0,0,0,0,NORMAL,NORMAL,0
SEC-000633,F001,Smart Campus,B002,Building B,BLK-B1,Block B1,AP-003,Building B Main Entrance,Entrance,2026-01-04 13:10:29,EMP-0434,Employee 434,EMPLOYEE,ACCESS_GRANTED,GRANTED,0,0,0,0,NORMAL,NORMAL,0
SEC-000583,F001,Smart Campus,B003,Building C,BLK-C1,Block C1,AP-005,Building C Main Entrance,Entrance,2026-01-04 13:14:43,EMP-0240,Employee 240,EMPLOYEE,ACCESS_GRANTED,GRANTED,0,0,0,0,NORMAL,NORMAL,0
SEC-000535,F001,Smart Campus,B001,Building A,BLK-A1,Block A1,AP-001,Building A Main Entrance,Entrance,2026-01-04 13:16:19,EMP-0147,Employee 147,EMPLOYEE,ACCESS_GRANTED,GRANTED,0,0,0,0,NORMAL,NORMAL,0
SEC-000632,F001,Smart Campus,B001,Building A,BLK-A1,Block A1,AP-001,Building A Main Entrance,Entrance,2026-01-04 13:25:12,EMP-0310,Employee 310,EMPLOYEE,ACCESS_GRANTED,GRANTED,0,0,0,0,NORMAL,NORMAL,0
SEC-000497,F001,Smart Campus,B002,Building B,BLK-B1,Block B1,AP-003,Building B Main Entrance,Entrance,2026-01-04 13:30:20,EMP-0048,Employee 48,EMPLOYEE,ACCESS_GRANTED,GRANTED,0,0,0,0,NORMAL,NORMAL,0
SEC-000608,F001,Smart Campus,B003,Building C,BLK-C1,Block C1,AP-005,Building C Main Entrance,Entrance,2026-01-04 13:32:16,EMP-0078,Employee 78,EMPLOYEE,ACCESS_GRANTED,GRANTED,0,0,0,0,NORMAL,NORMAL,0
SEC-000476,F001,Smart Campus,B001,Building A,BLK-A1,Block A1,AP-001,Building A Main Entrance,Entrance,2026-01-04 13:33:02,EMP-0265,Employee 265,EMPLOYEE,ACCESS_GRANTED,GRANTED,0,0,0,0,NORMAL,NORMAL,0
SEC-000499,F001,Smart Campus,B001,Building A,BLK-A2,Block A2,AP-002,Building A Side Entrance,Entrance,2026-01-04 13:35:57,EMP-0238,Employee 238,EMPLOYEE,ACCESS_GRANTED,GRANTED,0,0,0,0,NORMAL,NORMAL,0
SEC-000580,F001,Smart Campus,B003,Building C,BLK-C1,Block C1,AP-005,Building C Main Entrance,Entrance,2026-01-04 13:37:35,EMP-0443,Employee 443,EMPLOYEE,ACCESS_GRANTED,GRANTED,0,0,0,0,NORMAL,NORMAL,0
SEC-000618,F001,Smart Campus,B001,Building A,BLK-A2,Block A2,AP-002,Building A Side Entrance,Entrance,2026-01-04 13:38:09,EMP-0298,Employee 298,EMPLOYEE,ACCESS_GRANTED,GRANTED,0,0,0,0,NORMAL,NORMAL,0
SEC-000581,F001,Smart Campus,B002,Building B,BLK-B2,Block B2,AP-004,Building B Service Door,Service Area,2026-01-04 13:53:46,EMP-0320,Employee 320,EMPLOYEE,ACCESS_GRANTED,GRANTED,0,0,0,0,NORMAL,NORMAL,0
SEC-000518,F001,Smart Campus,B002,Building B,BLK-B1,Block B1,AP-003,Building B Main Entrance,Entrance,2026-01-04 13:56:44,EMP-0059,Employee 59,EMPLOYEE,ACCESS_GRANTED,GRANTED,0,0,0,0,NORMAL,NORMAL,0
SEC-000550,F001,Smart Campus,B003,Building C,BLK-C1,Block C1,AP-006,Server Room Access,Restricted Area,2026-01-04 14:01:25,CON-0041,Contractor 41,CONTRACTOR,ACCESS_GRANTED,GRANTED,0,0,0,0,NORMAL,NORMAL,0
SEC-000530,F001,Smart Campus,B002,Building B,BLK-B2,Block B2,AP-004,Building B Service Door,Service Area,2026-01-04 14:35:08,EMP-0041,Employee 41,EMPLOYEE,ACCESS_GRANTED,GRANTED,0,0,0,0,NORMAL,NORMAL,0
SEC-000544,F001,Smart Campus,B002,Building B,BLK-B1,Block B1,AP-003,Building B Main Entrance,Entrance,2026-01-04 14:38:39,EMP-0361,Employee 361,EMPLOYEE,ACCESS_GRANTED,GRANTED,0,0,0,0,NORMAL,NORMAL,0
SEC-000527,F001,Smart Campus,B002,Building B,BLK-B2,Block B2,AP-004,Building B Service Door,Service Area,2026-01-04 14:44:42,EMP-0206,Employee 206,EMPLOYEE,ACCESS_GRANTED,GRANTED,0,0,0,0,NORMAL,NORMAL,0
SEC-000542,F001,Smart Campus,B003,Building C,BLK-C1,Block C1,AP-006,Server Room Access,Restricted Area,2026-01-04 15:04:45,VIS-0226,Visitor 226,VISITOR,ACCESS_GRANTED,GRANTED,0,0,0,0,NORMAL,NORMAL,0
SEC-000510,F001,Smart Campus,B002,Building B,BLK-B1,Block B1,AP-003,Building B Main Entrance,Entrance,2026-01-04 15:06:25,EMP-0425,Employee 425,EMPLOYEE,ACCESS_GRANTED,GRANTED,0,0,0,0,NORMAL,NORMAL,0
SEC-000620,F001,Smart Campus,B001,Building A,BLK-A2,Block A2,AP-002,Building A Side Entrance,Entrance,2026-01-04 15:08:40,CON-0059,Contractor 59,CONTRACTOR,ACCESS_GRANTED,GRANTED,0,0,0,0,NORMAL,NORMAL,0
SEC-000554,F001,Smart Campus,B003,Building C,BLK-C1,Block C1,AP-006,Server Room Access,Restricted Area,2026-01-04 15:18:59,EMP-0125,Employee 125,EMPLOYEE,ACCESS_GRANTED,GRANTED,0,0,0,0,NORMAL,NORMAL,0
SEC-000586,F001,Smart Campus,B003,Building C,BLK-C1,Block C1,AP-005,Building C Main Entrance,Entrance,2026-01-04 15:19:11,EMP-0117,Employee 117,EMPLOYEE,ACCESS_GRANTED,GRANTED,0,0,0,0,NORMAL,NORMAL,0
SEC-000552,F001,Smart Campus,B001,Building A,BLK-A1,Block A1,AP-001,Building A Main Entrance,Entrance,2026-01-04 15:24:29,EMP-0059,Employee 59,EMPLOYEE,ACCESS_GRANTED,GRANTED,0,0,0,0,NORMAL,NORMAL,0
SEC-000610,F001,Smart Campus,B003,Building C,BLK-C1,Block C1,AP-005,Building C Main Entrance,Entrance,2026-01-04 15:28:20,VIS-0096,Visitor 96,VISITOR,ACCESS_GRANTED,GRANTED,0,0,0,0,NORMAL,NORMAL,0
SEC-000487,F001,Smart Campus,B002,Building B,BLK-B2,Block B2,AP-004,Building B Service Door,Service Area,2026-01-04 15:31:40,EMP-0034,Employee 34,EMPLOYEE,ACCESS_GRANTED,GRANTED,0,0,0,0,NORMAL,NORMAL,0
SEC-000513,F001,Smart Campus,B003,Building C,BLK-C1,Block C1,AP-006,Server Room Access,Restricted Area,2026-01-04 15:36:48,EMP-0022,Employee 22,EMPLOYEE,ACCESS_GRANTED,GRANTED,0,0,0,0,NORMAL,NORMAL,0
SEC-000579,F001,Smart Campus,B003,Building C,BLK-C1,Block C1,AP-006,Server Room Access,Restricted Area,2026-01-04 15:36:50,EMP-0365,Employee 365,EMPLOYEE,ACCESS_GRANTED,GRANTED,0,0,0,0,NORMAL,NORMAL,0
SEC-000560,F001,Smart Campus,B003,Building C,BLK-C1,Block C1,AP-005,Building C Main Entrance,Entrance,2026-01-04 15:39:00,EMP-0288,Employee 288,EMPLOYEE,ACCESS_GRANTED,GRANTED,0,0,0,0,NORMAL,NORMAL,0
SEC-000534,F001,Smart Campus,B001,Building A,BLK-A2,Block A2,AP-002,Building A Side Entrance,Entrance,2026-01-04 15:44:48,EMP-0167,Employee 167,EMPLOYEE,ACCESS_GRANTED,GRANTED,0,0,0,0,NORMAL,NORMAL,0
SEC-000584,F001,Smart Campus,B002,Building B,BLK-B1,Block B1,AP-003,Building B Main Entrance,Entrance,2026-01-04 15:48:56,VIS-0173,Visitor 173,VISITOR,ACCESS_GRANTED,GRANTED,0,0,0,0,NORMAL,NORMAL,0
SEC-000562,F001,Smart Campus,B002,Building B,BLK-B2,Block B2,AP-004,Building B Service Door,Service Area,2026-01-04 15:57:40,EMP-0242,Employee 242,EMPLOYEE,ACCESS_GRANTED,GRANTED,0,0,0,0,NORMAL,NORMAL,0
SEC-000569,F001,Smart Campus,B002,Building B,BLK-B2,Block B2,AP-004,Building B Service Door,Service Area,2026-01-04 16:04:28,EMP-0363,Employee 363,EMPLOYEE,ACCESS_GRANTED,GRANTED,0,0,0,0,NORMAL,NORMAL,0
SEC-000482,F001,Smart Campus,B001,Building A,BLK-A2,Block A2,AP-002,Building A Side Entrance,Entrance,2026-01-04 16:04:33,EMP-0071,Employee 71,EMPLOYEE,ACCESS_DENIED,DENIED,0,0,0,0,NORMAL,MEDIUM,1
SEC-000626,F001,Smart Campus,B002,Building B,BLK-B1,Block B1,AP-003,Building B Main Entrance,Entrance,2026-01-04 16:06:39,EMP-0068,Employee 68,EMPLOYEE,ACCESS_DENIED,DENIED,0,0,0,0,NORMAL,MEDIUM,1
SEC-000480,F001,Smart Campus,B002,Building B,BLK-B2,Block B2,AP-004,Building B Service Door,Service Area,2026-01-04 16:16:31,EMP-0062,Employee 62,EMPLOYEE,ACCESS_GRANTED,GRANTED,0,0,0,0,NORMAL,NORMAL,0
SEC-000504,F001,Smart Campus,B001,Building A,BLK-A2,Block A2,AP-002,Building A Side Entrance,Entrance,2026-01-04 16:27:01,EMP-0262,Employee 262,EMPLOYEE,ACCESS_GRANTED,GRANTED,0,0,0,0,NORMAL,NORMAL,0
SEC-000546,F001,Smart Campus,B003,Building C,BLK-C1,Block C1,AP-006,Server Room Access,Restricted Area,2026-01-04 16:36:37,EMP-0301,Employee 301,EMPLOYEE,ACCESS_GRANTED,GRANTED,0,0,0,0,NORMAL,NORMAL,0
SEC-000490,F001,Smart Campus,B003,Building C,BLK-C1,Block C1,AP-005,Building C Main Entrance,Entrance,2026-01-04 16:36:58,EMP-0313,Employee 313,EMPLOYEE,ACCESS_GRANTED,GRANTED,0,0,0,0,NORMAL,NORMAL,0
SEC-000614,F001,Smart Campus,B001,Building A,BLK-A1,Block A1,AP-001,Building A Main Entrance,Entrance,2026-01-04 16:46:42,EMP-0181,Employee 181,EMPLOYEE,ACCESS_GRANTED,GRANTED,0,0,0,0,NORMAL,NORMAL,0
SEC-000537,F001,Smart Campus,B002,Building B,BLK-B2,Block B2,AP-004,Building B Service Door,Service Area,2026-01-04 16:46:52,CON-0116,Contractor 116,CONTRACTOR,ACCESS_GRANTED,GRANTED,0,0,0,0,NORMAL,NORMAL,0
SEC-000492,F001,Smart Campus,B001,Building A,BLK-A2,Block A2,AP-002,Building A Side Entrance,Entrance,2026-01-04 17:01:40,VIS-0133,Visitor 133,VISITOR,ACCESS_GRANTED,GRANTED,0,0,0,0,NORMAL,NORMAL,0
SEC-000503,F001,Smart Campus,B002,Building B,BLK-B2,Block B2,AP-004,Building B Service Door,Service Area,2026-01-04 17:02:56,EMP-0216,Employee 216,EMPLOYEE,ACCESS_GRANTED,GRANTED,0,0,0,0,NORMAL,NORMAL,0
SEC-000603,F001,Smart Campus,B003,Building C,BLK-C1,Block C1,AP-005,Building C Main Entrance,Entrance,2026-01-04 17:08:45,VIS-0112,Visitor 112,VISITOR,ACCESS_GRANTED,GRANTED,0,0,0,0,NORMAL,NORMAL,0
SEC-000606,F001,Smart Campus,B001,Building A,BLK-A2,Block A2,AP-002,Building A Side Entrance,Entrance,2026-01-04 17:11:42,CON-0039,Contractor 39,CONTRACTOR,ACCESS_GRANTED,GRANTED,0,0,0,0,NORMAL,NORMAL,0
SEC-000540,F001,Smart Campus,B002,Building B,BLK-B1,Block B1,AP-003,Building B Main Entrance,Entrance,2026-01-04 17:12:02,EMP-0406,Employee 406,EMPLOYEE,ACCESS_GRANTED,GRANTED,0,0,0,0,NORMAL,NORMAL,0
SEC-000615,F001,Smart Campus,B002,Building B,BLK-B2,Block B2,AP-004,Building B Service Door,Service Area,2026-01-04 17:23:36,EMP-0055,Employee 55,EMPLOYEE,ACCESS_GRANTED,GRANTED,0,0,0,0,NORMAL,NORMAL,0
SEC-000493,F001,Smart Campus,B001,Building A,BLK-A1,Block A1,AP-001,Building A Main Entrance,Entrance,2026-01-04 17:44:48,EMP-0263,Employee 263,EMPLOYEE,ACCESS_GRANTED,GRANTED,0,0,0,0,NORMAL,NORMAL,0
SEC-000567,F001,Smart Campus,B002,Building B,BLK-B1,Block B1,AP-003,Building B Main Entrance,Entrance,2026-01-04 17:47:08,EMP-0198,Employee 198,EMPLOYEE,ACCESS_GRANTED,GRANTED,0,0,0,0,NORMAL,NORMAL,0
SEC-000538,F001,Smart Campus,B002,Building B,BLK-B1,Block B1,AP-003,Building B Main Entrance,Entrance,2026-01-04 17:47:10,EMP-0016,Employee 16,EMPLOYEE,ACCESS_GRANTED,GRANTED,0,0,0,0,NORMAL,NORMAL,0
SEC-000528,F001,Smart Campus,B001,Building A,BLK-A1,Block A1,AP-001,Building A Main Entrance,Entrance,2026-01-04 18:06:05,EMP-0498,Employee 498,EMPLOYEE,ACCESS_GRANTED,GRANTED,0,0,0,0,NORMAL,NORMAL,0
SEC-000477,F001,Smart Campus,B003,Building C,BLK-C1,Block C1,AP-005,Building C Main Entrance,Entrance,2026-01-04 18:06:21,EMP-0238,Employee 238,EMPLOYEE,ACCESS_GRANTED,GRANTED,0,0,0,0,NORMAL,NORMAL,0
SEC-000479,F001,Smart Campus,B002,Building B,BLK-B2,Block B2,AP-004,Building B Service Door,Service Area,2026-01-04 18:12:01,EMP-0223,Employee 223,EMPLOYEE,ACCESS_GRANTED,GRANTED,0,0,0,0,NORMAL,NORMAL,0
SEC-000622,F001,Smart Campus,B002,Building B,BLK-B1,Block B1,AP-003,Building B Main Entrance,Entrance,2026-01-04 18:12:44,EMP-0065,Employee 65,EMPLOYEE,ACCESS_GRANTED,GRANTED,0,0,0,0,NORMAL,NORMAL,0
SEC-000488,F001,Smart Campus,B002,Building B,BLK-B2,Block B2,AP-004,Building B Service Door,Service Area,2026-01-04 18:18:06,EMP-0196,Employee 196,EMPLOYEE,ACCESS_GRANTED,GRANTED,0,0,0,0,NORMAL,NORMAL,0
SEC-000502,F001,Smart Campus,B003,Building C,BLK-C1,Block C1,AP-005,Building C Main Entrance,Entrance,2026-01-04 18:24:22,EMP-0477,Employee 477,EMPLOYEE,ACCESS_GRANTED,GRANTED,0,0,0,0,NORMAL,NORMAL,0
SEC-000561,F001,Smart Campus,B001,Building A,BLK-A2,Block A2,AP-002,Building A Side Entrance,Entrance,2026-01-04 18:36:36,EMP-0082,Employee 82,EMPLOYEE,ACCESS_GRANTED,GRANTED,0,0,0,0,NORMAL,NORMAL,0
SEC-000616,F001,Smart Campus,B003,Building C,BLK-C1,Block C1,AP-005,Building C Main Entrance,Entrance,2026-01-04 18:37:56,EMP-0384,Employee 384,EMPLOYEE,ACCESS_GRANTED,GRANTED,0,0,0,0,NORMAL,NORMAL,0
SEC-000623,F001,Smart Campus,B001,Building A,BLK-A1,Block A1,AP-001,Building A Main Entrance,Entrance,2026-01-04 18:44:09,EMP-0068,Employee 68,EMPLOYEE,ACCESS_GRANTED,GRANTED,0,0,0,0,NORMAL,NORMAL,0
SEC-000485,F001,Smart Campus,B003,Building C,BLK-C1,Block C1,AP-006,Server Room Access,Restricted Area,2026-01-04 18:54:45,EMP-0139,Employee 139,EMPLOYEE,ACCESS_GRANTED,GRANTED,0,0,0,0,NORMAL,NORMAL,0
SEC-000522,F001,Smart Campus,B002,Building B,BLK-B1,Block B1,AP-003,Building B Main Entrance,Entrance,2026-01-04 18:55:35,EMP-0221,Employee 221,EMPLOYEE,ACCESS_GRANTED,GRANTED,0,0,0,0,NORMAL,NORMAL,0
SEC-000572,F001,Smart Campus,B002,Building B,BLK-B2,Block B2,AP-004,Building B Service Door,Service Area,2026-01-04 18:57:21,EMP-0487,Employee 487,EMPLOYEE,ACCESS_GRANTED,GRANTED,0,0,0,0,NORMAL,NORMAL,0
SEC-000594,F001,Smart Campus,B002,Building B,BLK-B2,Block B2,AP-004,Building B Service Door,Service Area,2026-01-04 18:58:03,EMP-0057,Employee 57,EMPLOYEE,ACCESS_GRANTED,GRANTED,0,0,0,0,NORMAL,NORMAL,0
SEC-000548,F001,Smart Campus,B002,Building B,BLK-B2,Block B2,AP-004,Building B Service Door,Service Area,2026-01-04 19:05:55,EMP-0307,Employee 307,EMPLOYEE,ACCESS_GRANTED,GRANTED,0,0,0,0,NORMAL,NORMAL,0
SEC-000474,F001,Smart Campus,B001,Building A,BLK-A1,Block A1,AP-001,Building A Main Entrance,Entrance,2026-01-04 19:16:29,EMP-0057,Employee 57,EMPLOYEE,ACCESS_GRANTED,GRANTED,0,0,0,0,NORMAL,NORMAL,0
SEC-000599,F001,Smart Campus,B003,Building C,BLK-C1,Block C1,AP-005,Building C Main Entrance,Entrance,2026-01-04 19:18:04,EMP-0154,Employee 154,EMPLOYEE,ACCESS_DENIED,DENIED,0,0,0,0,NORMAL,MEDIUM,1
SEC-000591,F001,Smart Campus,B001,Building A,BLK-A1,Block A1,AP-001,Building A Main Entrance,Entrance,2026-01-04 19:18:45,CON-0100,Contractor 100,CONTRACTOR,ACCESS_GRANTED,GRANTED,0,0,0,0,NORMAL,NORMAL,0
SEC-000631,F001,Smart Campus,B001,Building A,BLK-A1,Block A1,AP-001,Building A Main Entrance,Entrance,2026-01-04 19:25:23,EMP-0156,Employee 156,EMPLOYEE,ACCESS_GRANTED,GRANTED,0,0,0,0,NORMAL,NORMAL,0
SEC-000578,F001,Smart Campus,B001,Building A,BLK-A1,Block A1,AP-001,Building A Main Entrance,Entrance,2026-01-04 19:27:37,EMP-0008,Employee 8,EMPLOYEE,UNAUTHORIZED_ACCESS,DENIED,0,1,0,0,SUSPICIOUS_ACCESS,HIGH,1
SEC-000507,F001,Smart Campus,B002,Building B,BLK-B2,Block B2,AP-004,Building B Service Door,Service Area,2026-01-04 19:33:28,EMP-0035,Employee 35,EMPLOYEE,ACCESS_GRANTED,GRANTED,0,0,0,0,NORMAL,NORMAL,0
SEC-000519,F001,Smart Campus,B003,Building C,BLK-C1,Block C1,AP-005,Building C Main Entrance,Entrance,2026-01-04 19:35:51,EMP-0216,Employee 216,EMPLOYEE,ACCESS_GRANTED,GRANTED,0,0,0,0,NORMAL,NORMAL,0
SEC-000555,F001,Smart Campus,B002,Building B,BLK-B2,Block B2,AP-004,Building B Service Door,Service Area,2026-01-04 19:48:49,VIS-0071,Visitor 71,VISITOR,ACCESS_GRANTED,GRANTED,0,0,0,0,NORMAL,NORMAL,0
SEC-000512,F001,Smart Campus,B003,Building C,BLK-C1,Block C1,AP-005,Building C Main Entrance,Entrance,2026-01-04 20:04:30,VIS-0248,Visitor 248,VISITOR,ACCESS_GRANTED,GRANTED,0,0,0,0,NORMAL,NORMAL,0
SEC-000596,F001,Smart Campus,B002,Building B,BLK-B2,Block B2,AP-004,Building B Service Door,Service Area,2026-01-04 20:08:29,EMP-0026,Employee 26,EMPLOYEE,ACCESS_GRANTED,GRANTED,0,0,0,0,NORMAL,NORMAL,0
SEC-000627,F001,Smart Campus,B001,Building A,BLK-A1,Block A1,AP-001,Building A Main Entrance,Entrance,2026-01-04 20:43:47,EMP-0153,Employee 153,EMPLOYEE,ACCESS_GRANTED,GRANTED,0,0,0,0,NORMAL,NORMAL,0
SEC-000565,F001,Smart Campus,B003,Building C,BLK-C1,Block C1,AP-005,Building C Main Entrance,Entrance,2026-01-04 20:55:11,EMP-0155,Employee 155,EMPLOYEE,TAILGATING,GRANTED,0,0,0,1,TAILGATING,HIGH,1
SEC-000553,F001,Smart Campus,B003,Building C,BLK-C1,Block C1,AP-005,Building C Main Entrance,Entrance,2026-01-04 21:45:24,EMP-0281,Employee 281,EMPLOYEE,ACCESS_GRANTED,GRANTED,1,0,0,0,NORMAL,LOW,0
SEC-000602,F001,Smart Campus,B002,Building B,BLK-B2,Block B2,AP-004,Building B Service Door,Service Area,2026-01-04 22:03:04,EMP-0368,Employee 368,EMPLOYEE,ACCESS_GRANTED,GRANTED,1,0,0,0,NORMAL,LOW,0
SEC-000533,F001,Smart Campus,B002,Building B,BLK-B2,Block B2,AP-004,Building B Service Door,Service Area,2026-01-04 22:03:29,EMP-0499,Employee 499,EMPLOYEE,ACCESS_GRANTED,GRANTED,1,0,0,0,NORMAL,LOW,0
SEC-000573,F001,Smart Campus,B002,Building B,BLK-B2,Block B2,AP-004,Building B Service Door,Service Area,2026-01-04 22:10:58,EMP-0168,Employee 168,EMPLOYEE,ACCESS_GRANTED,GRANTED,1,0,0,0,NORMAL,LOW,0
SEC-000574,F001,Smart Campus,B003,Building C,BLK-C1,Block C1,AP-006,Server Room Access,Restricted Area,2026-01-04 22:11:10,EMP-0368,Employee 368,EMPLOYEE,ACCESS_GRANTED,GRANTED,1,0,0,0,NORMAL,LOW,0
SEC-000549,F001,Smart Campus,B001,Building A,BLK-A2,Block A2,AP-002,Building A Side Entrance,Entrance,2026-01-04 22:41:14,EMP-0084,Employee 84,EMPLOYEE,ACCESS_GRANTED,GRANTED,1,0,0,0,AFTER_HOURS_MOVEMENT,LOW,0
SEC-000595,F001,Smart Campus,B002,Building B,BLK-B1,Block B1,AP-003,Building B Main Entrance,Entrance,2026-01-04 23:16:28,EMP-0317,Employee 317,EMPLOYEE,ACCESS_GRANTED,GRANTED,1,0,0,0,AFTER_HOURS_MOVEMENT,LOW,0
SEC-000557,F001,Smart Campus,B002,Building B,BLK-B1,Block B1,AP-003,Building B Main Entrance,Entrance,2026-01-04 23:24:28,VIS-0170,Visitor 170,VISITOR,UNAUTHORIZED_ACCESS,DENIED,1,1,0,0,SUSPICIOUS_ACCESS,CRITICAL,1
SEC-000496,F001,Smart Campus,B003,Building C,BLK-C1,Block C1,AP-006,Server Room Access,Restricted Area,2026-01-04 23:28:32,EMP-0478,Employee 478,EMPLOYEE,UNAUTHORIZED_ACCESS,DENIED,1,1,0,0,SUSPICIOUS_ACCESS,CRITICAL,1
SEC-000551,F001,Smart Campus,B003,Building C,BLK-C1,Block C1,AP-005,Building C Main Entrance,Entrance,2026-01-04 23:35:59,EMP-0075,Employee 75,EMPLOYEE,ACCESS_GRANTED,GRANTED,1,0,0,0,NORMAL,LOW,0
SEC-000600,F001,Smart Campus,B002,Building B,BLK-B1,Block B1,AP-003,Building B Main Entrance,Entrance,2026-01-04 23:57:11,CON-0092,Contractor 92,CONTRACTOR,ACCESS_GRANTED,GRANTED,1,0,0,0,NORMAL,LOW,0
SEC-000769,F001,Smart Campus,B002,Building B,BLK-B1,Block B1,AP-003,Building B Main Entrance,Entrance,2026-01-05 00:00:13,EMP-0177,Employee 177,EMPLOYEE,ACCESS_GRANTED,GRANTED,1,0,0,0,NORMAL,LOW,0
SEC-000655,F001,Smart Campus,B003,Building C,BLK-C1,Block C1,AP-006,Server Room Access,Restricted Area,2026-01-05 00:01:58,EMP-0439,Employee 439,EMPLOYEE,ACCESS_GRANTED,GRANTED,1,0,0,0,NORMAL,LOW,0
SEC-000767,F001,Smart Campus,B001,Building A,BLK-A2,Block A2,AP-002,Building A Side Entrance,Entrance,2026-01-05 00:21:30,EMP-0418,Employee 418,EMPLOYEE,ACCESS_GRANTED,GRANTED,1,0,0,0,NORMAL,LOW,0
SEC-000670,F001,Smart Campus,B001,Building A,BLK-A1,Block A1,AP-001,Building A Main Entrance,Entrance,2026-01-05 00:31:42,EMP-0439,Employee 439,EMPLOYEE,ACCESS_GRANTED,GRANTED,1,0,0,0,AFTER_HOURS_MOVEMENT,LOW,0
SEC-000717,F001,Smart Campus,B003,Building C,BLK-C1,Block C1,AP-005,Building C Main Entrance,Entrance,2026-01-05 01:11:09,EMP-0021,Employee 21,EMPLOYEE,ACCESS_GRANTED,GRANTED,1,0,0,0,NORMAL,LOW,0
SEC-000673,F001,Smart Campus,B001,Building A,BLK-A2,Block A2,AP-002,Building A Side Entrance,Entrance,2026-01-05 01:23:05,EMP-0369,Employee 369,EMPLOYEE,ACCESS_GRANTED,GRANTED,1,0,0,0,NORMAL,LOW,0
SEC-000666,F001,Smart Campus,B001,Building A,BLK-A2,Block A2,AP-002,Building A Side Entrance,Entrance,2026-01-05 02:09:10,CON-0131,Contractor 131,CONTRACTOR,UNAUTHORIZED_ACCESS,DENIED,1,1,0,0,SUSPICIOUS_ACCESS,CRITICAL,1
SEC-000741,F001,Smart Campus,B003,Building C,BLK-C1,Block C1,AP-006,Server Room Access,Restricted Area,2026-01-05 02:11:04,EMP-0009,Employee 9,EMPLOYEE,ACCESS_GRANTED,GRANTED,1,0,0,0,NORMAL,LOW,0
SEC-000745,F001,Smart Campus,B002,Building B,BLK-B1,Block B1,AP-003,Building B Main Entrance,Entrance,2026-01-05 02:34:21,EMP-0203,Employee 203,EMPLOYEE,ACCESS_GRANTED,GRANTED,1,0,0,0,NORMAL,LOW,0
SEC-000710,F001,Smart Campus,B002,Building B,BLK-B2,Block B2,AP-004,Building B Service Door,Service Area,2026-01-05 02:49:30,EMP-0178,Employee 178,EMPLOYEE,ACCESS_GRANTED,GRANTED,1,0,0,0,NORMAL,LOW,0
SEC-000638,F001,Smart Campus,B002,Building B,BLK-B1,Block B1,AP-003,Building B Main Entrance,Entrance,2026-01-05 02:56:23,EMP-0187,Employee 187,EMPLOYEE,ACCESS_GRANTED,GRANTED,1,0,0,0,NORMAL,LOW,0
SEC-000645,F001,Smart Campus,B001,Building A,BLK-A1,Block A1,AP-001,Building A Main Entrance,Entrance,2026-01-05 03:00:29,VIS-0142,Visitor 142,VISITOR,ACCESS_DENIED,DENIED,1,0,0,0,NORMAL,MEDIUM,1
SEC-000678,F001,Smart Campus,B002,Building B,BLK-B2,Block B2,AP-004,Building B Service Door,Service Area,2026-01-05 03:05:51,EMP-0395,Employee 395,EMPLOYEE,ACCESS_GRANTED,GRANTED,1,0,0,0,NORMAL,LOW,0
SEC-000748,F001,Smart Campus,B002,Building B,BLK-B2,Block B2,AP-004,Building B Service Door,Service Area,2026-01-05 03:11:54,EMP-0456,Employee 456,EMPLOYEE,ACCESS_GRANTED,GRANTED,1,0,0,0,NORMAL,LOW,0
SEC-000661,F001,Smart Campus,B002,Building B,BLK-B1,Block B1,AP-003,Building B Main Entrance,Entrance,2026-01-05 03:50:22,EMP-0117,Employee 117,EMPLOYEE,ACCESS_GRANTED,GRANTED,1,0,0,0,NORMAL,LOW,0
SEC-000771,F001,Smart Campus,B002,Building B,BLK-B2,Block B2,AP-004,Building B Service Door,Service Area,2026-01-05 04:27:28,EMP-0258,Employee 258,EMPLOYEE,ACCESS_GRANTED,GRANTED,1,0,0,0,NORMAL,LOW,0
SEC-000690,F001,Smart Campus,B002,Building B,BLK-B1,Block B1,AP-003,Building B Main Entrance,Entrance,2026-01-05 04:47:14,EMP-0132,Employee 132,EMPLOYEE,ACCESS_GRANTED,GRANTED,1,0,0,0,NORMAL,LOW,0
SEC-000701,F001,Smart Campus,B001,Building A,BLK-A1,Block A1,AP-001,Building A Main Entrance,Entrance,2026-01-05 04:56:11,EMP-0209,Employee 209,EMPLOYEE,ACCESS_GRANTED,GRANTED,1,0,0,0,NORMAL,LOW,0
SEC-000667,F001,Smart Campus,B002,Building B,BLK-B1,Block B1,AP-003,Building B Main Entrance,Entrance,2026-01-05 05:35:42,VIS-0290,Visitor 290,VISITOR,ACCESS_GRANTED,GRANTED,1,0,0,0,NORMAL,LOW,0
SEC-000668,F001,Smart Campus,B003,Building C,BLK-C1,Block C1,AP-006,Server Room Access,Restricted Area,2026-01-05 06:03:24,EMP-0455,Employee 455,EMPLOYEE,ACCESS_GRANTED,GRANTED,1,0,0,0,NORMAL,LOW,0
SEC-000640,F001,Smart Campus,B002,Building B,BLK-B1,Block B1,AP-003,Building B Main Entrance,Entrance,2026-01-05 06:58:44,EMP-0138,Employee 138,EMPLOYEE,ACCESS_GRANTED,GRANTED,1,0,0,0,NORMAL,LOW,0
SEC-000737,F001,Smart Campus,B002,Building B,BLK-B2,Block B2,AP-004,Building B Service Door,Service Area,2026-01-05 07:06:48,EMP-0272,Employee 272,EMPLOYEE,ACCESS_GRANTED,GRANTED,0,0,0,0,NORMAL,NORMAL,0
SEC-000708,F001,Smart Campus,B001,Building A,BLK-A2,Block A2,AP-002,Building A Side Entrance,Entrance,2026-01-05 07:08:21,EMP-0056,Employee 56,EMPLOYEE,ACCESS_GRANTED,GRANTED,0,0,0,0,NORMAL,NORMAL,0
SEC-000656,F001,Smart Campus,B001,Building A,BLK-A2,Block A2,AP-002,Building A Side Entrance,Entrance,2026-01-05 07:38:19,EMP-0294,Employee 294,EMPLOYEE,ACCESS_GRANTED,GRANTED,0,0,0,0,NORMAL,NORMAL,0
SEC-000721,F001,Smart Campus,B002,Building B,BLK-B2,Block B2,AP-004,Building B Service Door,Service Area,2026-01-05 07:51:40,CON-0039,Contractor 39,CONTRACTOR,ACCESS_GRANTED,GRANTED,0,0,0,0,NORMAL,NORMAL,0
SEC-000663,F001,Smart Campus,B001,Building A,BLK-A2,Block A2,AP-002,Building A Side Entrance,Entrance,2026-01-05 08:00:31,EMP-0203,Employee 203,EMPLOYEE,ACCESS_DENIED,DENIED,0,0,0,0,NORMAL,MEDIUM,1
SEC-000649,F001,Smart Campus,B001,Building A,BLK-A2,Block A2,AP-002,Building A Side Entrance,Entrance,2026-01-05 08:05:23,EMP-0229,Employee 229,EMPLOYEE,ACCESS_GRANTED,GRANTED,0,0,0,0,NORMAL,NORMAL,0
SEC-000719,F001,Smart Campus,B001,Building A,BLK-A1,Block A1,AP-001,Building A Main Entrance,Entrance,2026-01-05 08:08:05,EMP-0025,Employee 25,EMPLOYEE,ACCESS_GRANTED,GRANTED,0,0,0,0,NORMAL,NORMAL,0
SEC-000730,F001,Smart Campus,B002,Building B,BLK-B2,Block B2,AP-004,Building B Service Door,Service Area,2026-01-05 08:09:51,EMP-0015,Employee 15,EMPLOYEE,ACCESS_GRANTED,GRANTED,0,0,0,0,NORMAL,NORMAL,0
SEC-000639,F001,Smart Campus,B003,Building C,BLK-C1,Block C1,AP-006,Server Room Access,Restricted Area,2026-01-05 08:45:53,EMP-0343,Employee 343,EMPLOYEE,ACCESS_GRANTED,GRANTED,0,0,0,0,NORMAL,NORMAL,0
SEC-000711,F001,Smart Campus,B002,Building B,BLK-B1,Block B1,AP-003,Building B Main Entrance,Entrance,2026-01-05 08:57:11,CON-0149,Contractor 149,CONTRACTOR,ACCESS_GRANTED,GRANTED,0,0,0,0,NORMAL,NORMAL,0
SEC-000733,F001,Smart Campus,B002,Building B,BLK-B1,Block B1,AP-003,Building B Main Entrance,Entrance,2026-01-05 09:02:27,EMP-0172,Employee 172,EMPLOYEE,ACCESS_GRANTED,GRANTED,0,0,0,0,NORMAL,NORMAL,0
SEC-000735,F001,Smart Campus,B001,Building A,BLK-A2,Block A2,AP-002,Building A Side Entrance,Entrance,2026-01-05 09:04:52,EMP-0091,Employee 91,EMPLOYEE,ACCESS_GRANTED,GRANTED,0,0,0,0,NORMAL,NORMAL,0
SEC-000694,F001,Smart Campus,B002,Building B,BLK-B1,Block B1,AP-003,Building B Main Entrance,Entrance,2026-01-05 09:06:00,CON-0147,Contractor 147,CONTRACTOR,ACCESS_GRANTED,GRANTED,0,0,0,0,NORMAL,NORMAL,0
SEC-000751,F001,Smart Campus,B003,Building C,BLK-C1,Block C1,AP-006,Server Room Access,Restricted Area,2026-01-05 09:12:57,EMP-0312,Employee 312,EMPLOYEE,ACCESS_GRANTED,GRANTED,0,0,0,0,NORMAL,NORMAL,0
SEC-000758,F001,Smart Campus,B003,Building C,BLK-C1,Block C1,AP-005,Building C Main Entrance,Entrance,2026-01-05 09:21:20,EMP-0140,Employee 140,EMPLOYEE,ACCESS_GRANTED,GRANTED,0,0,0,0,NORMAL,NORMAL,0
SEC-000728,F001,Smart Campus,B002,Building B,BLK-B1,Block B1,AP-003,Building B Main Entrance,Entrance,2026-01-05 09:25:27,EMP-0108,Employee 108,EMPLOYEE,ACCESS_GRANTED,GRANTED,0,0,0,0,NORMAL,NORMAL,0
SEC-000683,F001,Smart Campus,B003,Building C,BLK-C1,Block C1,AP-006,Server Room Access,Restricted Area,2026-01-05 09:26:35,EMP-0157,Employee 157,EMPLOYEE,ACCESS_GRANTED,GRANTED,0,0,0,0,NORMAL,NORMAL,0
SEC-000765,F001,Smart Campus,B001,Building A,BLK-A1,Block A1,AP-001,Building A Main Entrance,Entrance,2026-01-05 09:29:02,EMP-0149,Employee 149,EMPLOYEE,ACCESS_GRANTED,GRANTED,0,0,0,0,NORMAL,NORMAL,0
SEC-000752,F001,Smart Campus,B001,Building A,BLK-A2,Block A2,AP-002,Building A Side Entrance,Entrance,2026-01-05 09:29:47,EMP-0439,Employee 439,EMPLOYEE,ACCESS_GRANTED,GRANTED,0,0,0,0,NORMAL,NORMAL,0
SEC-000764,F001,Smart Campus,B001,Building A,BLK-A1,Block A1,AP-001,Building A Main Entrance,Entrance,2026-01-05 09:42:40,EMP-0202,Employee 202,EMPLOYEE,ACCESS_GRANTED,GRANTED,0,0,0,0,NORMAL,NORMAL,0
SEC-000676,F001,Smart Campus,B003,Building C,BLK-C1,Block C1,AP-006,Server Room Access,Restricted Area,2026-01-05 09:46:42,EMP-0158,Employee 158,EMPLOYEE,ACCESS_GRANTED,GRANTED,0,0,0,0,NORMAL,NORMAL,0
SEC-000770,F001,Smart Campus,B003,Building C,BLK-C1,Block C1,AP-005,Building C Main Entrance,Entrance,2026-01-05 10:01:58,CON-0092,Contractor 92,CONTRACTOR,ACCESS_GRANTED,GRANTED,0,0,0,0,NORMAL,NORMAL,0
SEC-000776,F001,Smart Campus,B003,Building C,BLK-C1,Block C1,AP-005,Building C Main Entrance,Entrance,2026-01-05 10:13:59,EMP-0338,Employee 338,EMPLOYEE,ACCESS_GRANTED,GRANTED,0,0,0,0,NORMAL,NORMAL,0
SEC-000723,F001,Smart Campus,B002,Building B,BLK-B2,Block B2,AP-004,Building B Service Door,Service Area,2026-01-05 10:14:35,EMP-0084,Employee 84,EMPLOYEE,ACCESS_GRANTED,GRANTED,0,0,0,0,NORMAL,NORMAL,0
SEC-000700,F001,Smart Campus,B002,Building B,BLK-B1,Block B1,AP-003,Building B Main Entrance,Entrance,2026-01-05 10:16:44,EMP-0199,Employee 199,EMPLOYEE,ACCESS_GRANTED,GRANTED,0,0,0,0,NORMAL,NORMAL,0
SEC-000732,F001,Smart Campus,B003,Building C,BLK-C1,Block C1,AP-006,Server Room Access,Restricted Area,2026-01-05 10:27:15,EMP-0369,Employee 369,EMPLOYEE,ACCESS_GRANTED,GRANTED,0,0,0,0,NORMAL,NORMAL,0
SEC-000706,F001,Smart Campus,B002,Building B,BLK-B1,Block B1,AP-003,Building B Main Entrance,Entrance,2026-01-05 10:34:50,VIS-0188,Visitor 188,VISITOR,ACCESS_GRANTED,GRANTED,0,0,0,0,NORMAL,NORMAL,0
SEC-000734,F001,Smart Campus,B002,Building B,BLK-B1,Block B1,AP-003,Building B Main Entrance,Entrance,2026-01-05 10:46:06,EMP-0276,Employee 276,EMPLOYEE,ACCESS_GRANTED,GRANTED,0,0,0,0,NORMAL,NORMAL,0
SEC-000744,F001,Smart Campus,B003,Building C,BLK-C1,Block C1,AP-005,Building C Main Entrance,Entrance,2026-01-05 10:56:27,EMP-0011,Employee 11,EMPLOYEE,ACCESS_GRANTED,GRANTED,0,0,0,0,NORMAL,NORMAL,0
SEC-000773,F001,Smart Campus,B001,Building A,BLK-A2,Block A2,AP-002,Building A Side Entrance,Entrance,2026-01-05 11:19:16,EMP-0305,Employee 305,EMPLOYEE,ACCESS_GRANTED,GRANTED,0,0,0,0,NORMAL,NORMAL,0
SEC-000766,F001,Smart Campus,B002,Building B,BLK-B1,Block B1,AP-003,Building B Main Entrance,Entrance,2026-01-05 11:22:33,EMP-0114,Employee 114,EMPLOYEE,UNAUTHORIZED_ACCESS,DENIED,0,1,0,0,SUSPICIOUS_ACCESS,HIGH,1
SEC-000702,F001,Smart Campus,B002,Building B,BLK-B2,Block B2,AP-004,Building B Service Door,Service Area,2026-01-05 11:26:13,EMP-0010,Employee 10,EMPLOYEE,ACCESS_GRANTED,GRANTED,0,0,0,0,NORMAL,NORMAL,0
SEC-000777,F001,Smart Campus,B002,Building B,BLK-B2,Block B2,AP-004,Building B Service Door,Service Area,2026-01-05 11:43:50,EMP-0306,Employee 306,EMPLOYEE,ACCESS_GRANTED,GRANTED,0,0,0,0,NORMAL,NORMAL,0
SEC-000647,F001,Smart Campus,B002,Building B,BLK-B2,Block B2,AP-004,Building B Service Door,Service Area,2026-01-05 11:49:20,VIS-0110,Visitor 110,VISITOR,ACCESS_GRANTED,GRANTED,0,0,0,0,NORMAL,NORMAL,0
SEC-000695,F001,Smart Campus,B001,Building A,BLK-A1,Block A1,AP-001,Building A Main Entrance,Entrance,2026-01-05 11:57:54,EMP-0099,Employee 99,EMPLOYEE,ACCESS_GRANTED,GRANTED,0,0,0,0,NORMAL,NORMAL,0
SEC-000778,F001,Smart Campus,B001,Building A,BLK-A2,Block A2,AP-002,Building A Side Entrance,Entrance,2026-01-05 12:00:31,VIS-0071,Visitor 71,VISITOR,ACCESS_GRANTED,GRANTED,0,0,0,0,NORMAL,NORMAL,0
SEC-000685,F001,Smart Campus,B001,Building A,BLK-A1,Block A1,AP-001,Building A Main Entrance,Entrance,2026-01-05 12:02:01,EMP-0181,Employee 181,EMPLOYEE,ACCESS_GRANTED,GRANTED,0,0,0,0,NORMAL,NORMAL,0
SEC-000707,F001,Smart Campus,B002,Building B,BLK-B1,Block B1,AP-003,Building B Main Entrance,Entrance,2026-01-05 12:11:28,VIS-0082,Visitor 82,VISITOR,ACCESS_GRANTED,GRANTED,0,0,0,0,NORMAL,NORMAL,0
SEC-000687,F001,Smart Campus,B003,Building C,BLK-C1,Block C1,AP-006,Server Room Access,Restricted Area,2026-01-05 12:13:03,EMP-0304,Employee 304,EMPLOYEE,ACCESS_GRANTED,GRANTED,0,0,0,0,NORMAL,NORMAL,0
SEC-000672,F001,Smart Campus,B003,Building C,BLK-C1,Block C1,AP-006,Server Room Access,Restricted Area,2026-01-05 12:24:04,EMP-0142,Employee 142,EMPLOYEE,ACCESS_GRANTED,GRANTED,0,0,0,0,NORMAL,NORMAL,0
SEC-000781,F001,Smart Campus,B003,Building C,BLK-C1,Block C1,AP-006,Server Room Access,Restricted Area,2026-01-05 12:35:20,EMP-0165,Employee 165,EMPLOYEE,ACCESS_GRANTED,GRANTED,0,0,0,0,NORMAL,NORMAL,0
SEC-000724,F001,Smart Campus,B001,Building A,BLK-A2,Block A2,AP-002,Building A Side Entrance,Entrance,2026-01-05 12:43:51,EMP-0451,Employee 451,EMPLOYEE,ACCESS_GRANTED,GRANTED,0,0,0,0,NORMAL,NORMAL,0
SEC-000722,F001,Smart Campus,B002,Building B,BLK-B1,Block B1,AP-003,Building B Main Entrance,Entrance,2026-01-05 12:47:56,VIS-0057,Visitor 57,VISITOR,ACCESS_GRANTED,GRANTED,0,0,0,0,NORMAL,NORMAL,0
SEC-000715,F001,Smart Campus,B003,Building C,BLK-C1,Block C1,AP-006,Server Room Access,Restricted Area,2026-01-05 12:52:16,EMP-0319,Employee 319,EMPLOYEE,ACCESS_GRANTED,GRANTED,0,0,0,0,NORMAL,NORMAL,0
SEC-000731,F001,Smart Campus,B002,Building B,BLK-B1,Block B1,AP-003,Building B Main Entrance,Entrance,2026-01-05 12:59:55,CON-0106,Contractor 106,CONTRACTOR,ACCESS_GRANTED,GRANTED,0,0,0,0,NORMAL,NORMAL,0
SEC-000658,F001,Smart Campus,B001,Building A,BLK-A2,Block A2,AP-002,Building A Side Entrance,Entrance,2026-01-05 13:11:58,EMP-0308,Employee 308,EMPLOYEE,ACCESS_GRANTED,GRANTED,0,0,0,0,NORMAL,NORMAL,0
SEC-000653,F001,Smart Campus,B002,Building B,BLK-B2,Block B2,AP-004,Building B Service Door,Service Area,2026-01-05 13:12:12,EMP-0058,Employee 58,EMPLOYEE,ACCESS_GRANTED,GRANTED,0,0,0,0,NORMAL,NORMAL,0
SEC-000637,F001,Smart Campus,B003,Building C,BLK-C1,Block C1,AP-005,Building C Main Entrance,Entrance,2026-01-05 13:16:14,EMP-0174,Employee 174,EMPLOYEE,ACCESS_GRANTED,GRANTED,0,0,0,0,NORMAL,NORMAL,0
SEC-000644,F001,Smart Campus,B002,Building B,BLK-B1,Block B1,AP-003,Building B Main Entrance,Entrance,2026-01-05 13:38:09,EMP-0482,Employee 482,EMPLOYEE,ACCESS_GRANTED,GRANTED,0,0,0,0,NORMAL,NORMAL,0
SEC-000688,F001,Smart Campus,B003,Building C,BLK-C1,Block C1,AP-005,Building C Main Entrance,Entrance,2026-01-05 13:43:13,EMP-0121,Employee 121,EMPLOYEE,ACCESS_GRANTED,GRANTED,0,0,0,0,NORMAL,NORMAL,0
SEC-000652,F001,Smart Campus,B001,Building A,BLK-A1,Block A1,AP-001,Building A Main Entrance,Entrance,2026-01-05 13:50:21,VIS-0076,Visitor 76,VISITOR,ACCESS_GRANTED,GRANTED,0,0,0,0,NORMAL,NORMAL,0
SEC-000774,F001,Smart Campus,B002,Building B,BLK-B2,Block B2,AP-004,Building B Service Door,Service Area,2026-01-05 13:52:58,EMP-0155,Employee 155,EMPLOYEE,ACCESS_GRANTED,GRANTED,0,0,0,0,NORMAL,NORMAL,0
SEC-000699,F001,Smart Campus,B003,Building C,BLK-C1,Block C1,AP-006,Server Room Access,Restricted Area,2026-01-05 14:00:35,CON-0021,Contractor 21,CONTRACTOR,ACCESS_GRANTED,GRANTED,0,0,0,0,NORMAL,NORMAL,0
SEC-000662,F001,Smart Campus,B001,Building A,BLK-A1,Block A1,AP-001,Building A Main Entrance,Entrance,2026-01-05 14:02:32,EMP-0311,Employee 311,EMPLOYEE,ACCESS_GRANTED,GRANTED,0,0,0,0,NORMAL,NORMAL,0
SEC-000709,F001,Smart Campus,B002,Building B,BLK-B1,Block B1,AP-003,Building B Main Entrance,Entrance,2026-01-05 14:04:46,EMP-0344,Employee 344,EMPLOYEE,ACCESS_GRANTED,GRANTED,0,0,0,0,NORMAL,NORMAL,0
SEC-000750,F001,Smart Campus,B002,Building B,BLK-B2,Block B2,AP-004,Building B Service Door,Service Area,2026-01-05 14:06:15,EMP-0157,Employee 157,EMPLOYEE,ACCESS_GRANTED,GRANTED,0,0,0,0,NORMAL,NORMAL,0
SEC-000756,F001,Smart Campus,B002,Building B,BLK-B1,Block B1,AP-003,Building B Main Entrance,Entrance,2026-01-05 14:11:47,EMP-0367,Employee 367,EMPLOYEE,ACCESS_GRANTED,GRANTED,0,0,0,0,NORMAL,NORMAL,0
SEC-000739,F001,Smart Campus,B002,Building B,BLK-B2,Block B2,AP-004,Building B Service Door,Service Area,2026-01-05 14:15:53,EMP-0168,Employee 168,EMPLOYEE,ACCESS_GRANTED,GRANTED,0,0,0,0,NORMAL,NORMAL,0
SEC-000749,F001,Smart Campus,B001,Building A,BLK-A2,Block A2,AP-002,Building A Side Entrance,Entrance,2026-01-05 14:26:57,EMP-0259,Employee 259,EMPLOYEE,ACCESS_GRANTED,GRANTED,0,0,0,0,NORMAL,NORMAL,0
SEC-000729,F001,Smart Campus,B002,Building B,BLK-B1,Block B1,AP-003,Building B Main Entrance,Entrance,2026-01-05 14:30:20,VIS-0082,Visitor 82,VISITOR,ACCESS_GRANTED,GRANTED,0,0,0,0,NORMAL,NORMAL,0
SEC-000753,F001,Smart Campus,B003,Building C,BLK-C1,Block C1,AP-006,Server Room Access,Restricted Area,2026-01-05 14:31:24,EMP-0023,Employee 23,EMPLOYEE,ACCESS_GRANTED,GRANTED,0,0,0,0,NORMAL,NORMAL,0
SEC-000742,F001,Smart Campus,B001,Building A,BLK-A1,Block A1,AP-001,Building A Main Entrance,Entrance,2026-01-05 14:32:58,VIS-0058,Visitor 58,VISITOR,ACCESS_GRANTED,GRANTED,0,0,0,0,NORMAL,NORMAL,0
SEC-000760,F001,Smart Campus,B002,Building B,BLK-B1,Block B1,AP-003,Building B Main Entrance,Entrance,2026-01-05 14:36:39,EMP-0012,Employee 12,EMPLOYEE,ACCESS_GRANTED,GRANTED,0,0,0,0,NORMAL,NORMAL,0
SEC-000693,F001,Smart Campus,B001,Building A,BLK-A2,Block A2,AP-002,Building A Side Entrance,Entrance,2026-01-05 14:46:59,EMP-0295,Employee 295,EMPLOYEE,ACCESS_GRANTED,GRANTED,0,0,0,0,NORMAL,NORMAL,0
SEC-000682,F001,Smart Campus,B001,Building A,BLK-A1,Block A1,AP-001,Building A Main Entrance,Entrance,2026-01-05 14:51:24,EMP-0145,Employee 145,EMPLOYEE,ACCESS_GRANTED,GRANTED,0,0,0,0,NORMAL,NORMAL,0
SEC-000684,F001,Smart Campus,B003,Building C,BLK-C1,Block C1,AP-005,Building C Main Entrance,Entrance,2026-01-05 14:59:19,VIS-0046,Visitor 46,VISITOR,ACCESS_GRANTED,GRANTED,0,0,0,0,NORMAL,NORMAL,0
SEC-000761,F001,Smart Campus,B003,Building C,BLK-C1,Block C1,AP-006,Server Room Access,Restricted Area,2026-01-05 15:22:43,EMP-0293,Employee 293,EMPLOYEE,ACCESS_GRANTED,GRANTED,0,0,0,0,NORMAL,NORMAL,0
SEC-000754,F001,Smart Campus,B001,Building A,BLK-A1,Block A1,AP-001,Building A Main Entrance,Entrance,2026-01-05 15:33:06,VIS-0137,Visitor 137,VISITOR,ACCESS_GRANTED,GRANTED,0,0,0,0,NORMAL,NORMAL,0
SEC-000679,F001,Smart Campus,B002,Building B,BLK-B1,Block B1,AP-003,Building B Main Entrance,Entrance,2026-01-05 15:34:39,EMP-0279,Employee 279,EMPLOYEE,ACCESS_GRANTED,GRANTED,0,0,0,0,NORMAL,NORMAL,0
SEC-000677,F001,Smart Campus,B003,Building C,BLK-C1,Block C1,AP-005,Building C Main Entrance,Entrance,2026-01-05 15:36:41,EMP-0019,Employee 19,EMPLOYEE,ACCESS_GRANTED,GRANTED,0,0,0,0,NORMAL,NORMAL,0
SEC-000736,F001,Smart Campus,B002,Building B,BLK-B1,Block B1,AP-003,Building B Main Entrance,Entrance,2026-01-05 15:42:58,VIS-0191,Visitor 191,VISITOR,ACCESS_GRANTED,GRANTED,0,0,0,0,NORMAL,NORMAL,0
SEC-000755,F001,Smart Campus,B002,Building B,BLK-B2,Block B2,AP-004,Building B Service Door,Service Area,2026-01-05 15:44:07,EMP-0304,Employee 304,EMPLOYEE,ACCESS_GRANTED,GRANTED,0,0,0,0,NORMAL,NORMAL,0
SEC-000718,F001,Smart Campus,B002,Building B,BLK-B1,Block B1,AP-003,Building B Main Entrance,Entrance,2026-01-05 15:46:47,EMP-0127,Employee 127,EMPLOYEE,ACCESS_GRANTED,GRANTED,0,0,0,0,NORMAL,NORMAL,0
SEC-000692,F001,Smart Campus,B002,Building B,BLK-B2,Block B2,AP-004,Building B Service Door,Service Area,2026-01-05 15:48:43,VIS-0288,Visitor 288,VISITOR,ACCESS_GRANTED,GRANTED,0,0,0,0,NORMAL,NORMAL,0
SEC-000763,F001,Smart Campus,B002,Building B,BLK-B2,Block B2,AP-004,Building B Service Door,Service Area,2026-01-05 15:51:34,EMP-0195,Employee 195,EMPLOYEE,ACCESS_GRANTED,GRANTED,0,0,0,0,NORMAL,NORMAL,0
SEC-000725,F001,Smart Campus,B003,Building C,BLK-C1,Block C1,AP-006,Server Room Access,Restricted Area,2026-01-05 15:52:12,EMP-0149,Employee 149,EMPLOYEE,ACCESS_GRANTED,GRANTED,0,0,0,0,NORMAL,NORMAL,0
SEC-000665,F001,Smart Campus,B003,Building C,BLK-C1,Block C1,AP-006,Server Room Access,Restricted Area,2026-01-05 15:55:16,VIS-0245,Visitor 245,VISITOR,ACCESS_GRANTED,GRANTED,0,0,0,0,NORMAL,NORMAL,0
SEC-000746,F001,Smart Campus,B002,Building B,BLK-B1,Block B1,AP-003,Building B Main Entrance,Entrance,2026-01-05 15:57:15,EMP-0001,Employee 1,EMPLOYEE,ACCESS_GRANTED,GRANTED,0,0,0,0,NORMAL,NORMAL,0
SEC-000697,F001,Smart Campus,B001,Building A,BLK-A1,Block A1,AP-001,Building A Main Entrance,Entrance,2026-01-05 16:14:36,EMP-0015,Employee 15,EMPLOYEE,ACCESS_GRANTED,GRANTED,0,0,0,0,NORMAL,NORMAL,0
SEC-000743,F001,Smart Campus,B002,Building B,BLK-B2,Block B2,AP-004,Building B Service Door,Service Area,2026-01-05 16:39:17,EMP-0270,Employee 270,EMPLOYEE,ACCESS_GRANTED,GRANTED,0,0,0,0,NORMAL,NORMAL,0
SEC-000674,F001,Smart Campus,B002,Building B,BLK-B1,Block B1,AP-003,Building B Main Entrance,Entrance,2026-01-05 17:05:36,EMP-0304,Employee 304,EMPLOYEE,ACCESS_GRANTED,GRANTED,0,0,0,0,NORMAL,NORMAL,0
SEC-000650,F001,Smart Campus,B002,Building B,BLK-B1,Block B1,AP-003,Building B Main Entrance,Entrance,2026-01-05 17:17:47,VIS-0222,Visitor 222,VISITOR,ACCESS_GRANTED,GRANTED,0,0,0,0,NORMAL,NORMAL,0
SEC-000641,F001,Smart Campus,B002,Building B,BLK-B1,Block B1,AP-003,Building B Main Entrance,Entrance,2026-01-05 17:21:12,EMP-0123,Employee 123,EMPLOYEE,ACCESS_GRANTED,GRANTED,0,0,0,0,NORMAL,NORMAL,0
SEC-000651,F001,Smart Campus,B003,Building C,BLK-C1,Block C1,AP-006,Server Room Access,Restricted Area,2026-01-05 17:31:03,EMP-0100,Employee 100,EMPLOYEE,ACCESS_GRANTED,GRANTED,0,0,0,0,NORMAL,NORMAL,0
SEC-000705,F001,Smart Campus,B003,Building C,BLK-C1,Block C1,AP-006,Server Room Access,Restricted Area,2026-01-05 17:31:28,VIS-0033,Visitor 33,VISITOR,ACCESS_GRANTED,GRANTED,0,0,0,0,NORMAL,NORMAL,0
SEC-000635,F001,Smart Campus,B003,Building C,BLK-C1,Block C1,AP-006,Server Room Access,Restricted Area,2026-01-05 17:32:54,EMP-0454,Employee 454,EMPLOYEE,ACCESS_DENIED,DENIED,0,0,0,0,NORMAL,MEDIUM,1
SEC-000716,F001,Smart Campus,B001,Building A,BLK-A1,Block A1,AP-001,Building A Main Entrance,Entrance,2026-01-05 17:34:14,EMP-0472,Employee 472,EMPLOYEE,ACCESS_GRANTED,GRANTED,0,0,0,0,NORMAL,NORMAL,0
SEC-000772,F001,Smart Campus,B001,Building A,BLK-A2,Block A2,AP-002,Building A Side Entrance,Entrance,2026-01-05 17:51:02,EMP-0324,Employee 324,EMPLOYEE,ACCESS_GRANTED,GRANTED,0,0,0,0,NORMAL,NORMAL,0
SEC-000648,F001,Smart Campus,B002,Building B,BLK-B2,Block B2,AP-004,Building B Service Door,Service Area,2026-01-05 17:57:01,EMP-0331,Employee 331,EMPLOYEE,ACCESS_GRANTED,GRANTED,0,0,0,0,NORMAL,NORMAL,0
SEC-000657,F001,Smart Campus,B003,Building C,BLK-C1,Block C1,AP-005,Building C Main Entrance,Entrance,2026-01-05 18:05:31,CON-0009,Contractor 9,CONTRACTOR,ACCESS_GRANTED,GRANTED,0,0,0,0,NORMAL,NORMAL,0
SEC-000713,F001,Smart Campus,B001,Building A,BLK-A1,Block A1,AP-001,Building A Main Entrance,Entrance,2026-01-05 18:10:10,EMP-0068,Employee 68,EMPLOYEE,ACCESS_GRANTED,GRANTED,0,0,0,0,NORMAL,NORMAL,0
SEC-000779,F001,Smart Campus,B003,Building C,BLK-C1,Block C1,AP-005,Building C Main Entrance,Entrance,2026-01-05 18:15:25,EMP-0095,Employee 95,EMPLOYEE,ACCESS_GRANTED,GRANTED,0,0,0,0,NORMAL,NORMAL,0
SEC-000659,F001,Smart Campus,B001,Building A,BLK-A2,Block A2,AP-002,Building A Side Entrance,Entrance,2026-01-05 18:23:39,EMP-0458,Employee 458,EMPLOYEE,ACCESS_GRANTED,GRANTED,0,0,0,0,NORMAL,NORMAL,0
SEC-000636,F001,Smart Campus,B003,Building C,BLK-C1,Block C1,AP-006,Server Room Access,Restricted Area,2026-01-05 18:39:59,EMP-0328,Employee 328,EMPLOYEE,ACCESS_GRANTED,GRANTED,0,0,0,0,NORMAL,NORMAL,0
SEC-000680,F001,Smart Campus,B003,Building C,BLK-C1,Block C1,AP-006,Server Room Access,Restricted Area,2026-01-05 18:44:19,EMP-0309,Employee 309,EMPLOYEE,ACCESS_GRANTED,GRANTED,0,0,0,0,NORMAL,NORMAL,0
SEC-000704,F001,Smart Campus,B003,Building C,BLK-C1,Block C1,AP-006,Server Room Access,Restricted Area,2026-01-05 18:57:09,EMP-0144,Employee 144,EMPLOYEE,ACCESS_GRANTED,GRANTED,0,0,0,0,NORMAL,NORMAL,0
SEC-000643,F001,Smart Campus,B002,Building B,BLK-B1,Block B1,AP-003,Building B Main Entrance,Entrance,2026-01-05 18:58:00,EMP-0474,Employee 474,EMPLOYEE,ACCESS_GRANTED,GRANTED,0,0,0,0,NORMAL,NORMAL,0
SEC-000675,F001,Smart Campus,B001,Building A,BLK-A2,Block A2,AP-002,Building A Side Entrance,Entrance,2026-01-05 19:00:51,EMP-0130,Employee 130,EMPLOYEE,ACCESS_GRANTED,GRANTED,0,0,0,0,NORMAL,NORMAL,0
SEC-000712,F001,Smart Campus,B001,Building A,BLK-A2,Block A2,AP-002,Building A Side Entrance,Entrance,2026-01-05 19:08:02,EMP-0152,Employee 152,EMPLOYEE,ACCESS_GRANTED,GRANTED,0,0,0,0,NORMAL,NORMAL,0
SEC-000696,F001,Smart Campus,B003,Building C,BLK-C1,Block C1,AP-005,Building C Main Entrance,Entrance,2026-01-05 19:08:02,EMP-0022,Employee 22,EMPLOYEE,ACCESS_GRANTED,GRANTED,0,0,0,0,NORMAL,NORMAL,0
SEC-000757,F001,Smart Campus,B002,Building B,BLK-B2,Block B2,AP-004,Building B Service Door,Service Area,2026-01-05 19:10:39,VIS-0295,Visitor 295,VISITOR,ACCESS_GRANTED,GRANTED,0,0,0,0,NORMAL,NORMAL,0
SEC-000671,F001,Smart Campus,B003,Building C,BLK-C1,Block C1,AP-006,Server Room Access,Restricted Area,2026-01-05 19:24:11,EMP-0030,Employee 30,EMPLOYEE,ACCESS_GRANTED,GRANTED,0,0,0,0,NORMAL,NORMAL,0
SEC-000634,F001,Smart Campus,B001,Building A,BLK-A2,Block A2,AP-002,Building A Side Entrance,Entrance,2026-01-05 19:26:42,EMP-0425,Employee 425,EMPLOYEE,ACCESS_GRANTED,GRANTED,0,0,0,0,NORMAL,NORMAL,0
SEC-000747,F001,Smart Campus,B003,Building C,BLK-C1,Block C1,AP-005,Building C Main Entrance,Entrance,2026-01-05 19:36:49,EMP-0031,Employee 31,EMPLOYEE,ACCESS_GRANTED,GRANTED,0,0,0,0,NORMAL,NORMAL,0
SEC-000681,F001,Smart Campus,B003,Building C,BLK-C1,Block C1,AP-005,Building C Main Entrance,Entrance,2026-01-05 19:37:40,EMP-0120,Employee 120,EMPLOYEE,ACCESS_GRANTED,GRANTED,0,0,0,0,NORMAL,NORMAL,0
SEC-000691,F001,Smart Campus,B003,Building C,BLK-C1,Block C1,AP-005,Building C Main Entrance,Entrance,2026-01-05 19:38:15,VIS-0133,Visitor 133,VISITOR,ACCESS_GRANTED,GRANTED,0,0,0,0,NORMAL,NORMAL,0
SEC-000780,F001,Smart Campus,B002,Building B,BLK-B2,Block B2,AP-004,Building B Service Door,Service Area,2026-01-05 19:40:09,EMP-0238,Employee 238,EMPLOYEE,ACCESS_GRANTED,GRANTED,0,0,0,0,NORMAL,NORMAL,0
SEC-000703,F001,Smart Campus,B003,Building C,BLK-C1,Block C1,AP-006,Server Room Access,Restricted Area,2026-01-05 19:42:25,VIS-0277,Visitor 277,VISITOR,ACCESS_DENIED,DENIED,0,0,0,0,NORMAL,MEDIUM,1
SEC-000740,F001,Smart Campus,B002,Building B,BLK-B2,Block B2,AP-004,Building B Service Door,Service Area,2026-01-05 19:47:07,EMP-0371,Employee 371,EMPLOYEE,ACCESS_GRANTED,GRANTED,0,0,0,0,NORMAL,NORMAL,0
SEC-000660,F001,Smart Campus,B001,Building A,BLK-A2,Block A2,AP-002,Building A Side Entrance,Entrance,2026-01-05 19:52:28,EMP-0316,Employee 316,EMPLOYEE,ACCESS_GRANTED,GRANTED,0,0,0,0,NORMAL,NORMAL,0
SEC-000654,F001,Smart Campus,B003,Building C,BLK-C1,Block C1,AP-006,Server Room Access,Restricted Area,2026-01-05 20:09:52,EMP-0275,Employee 275,EMPLOYEE,ACCESS_GRANTED,GRANTED,0,0,0,0,NORMAL,NORMAL,0
SEC-000714,F001,Smart Campus,B003,Building C,BLK-C1,Block C1,AP-006,Server Room Access,Restricted Area,2026-01-05 20:16:42,VIS-0237,Visitor 237,VISITOR,ACCESS_GRANTED,GRANTED,0,0,0,0,NORMAL,NORMAL,0
SEC-000646,F001,Smart Campus,B002,Building B,BLK-B2,Block B2,AP-004,Building B Service Door,Service Area,2026-01-05 20:18:03,CON-0068,Contractor 68,CONTRACTOR,ACCESS_GRANTED,GRANTED,0,0,0,0,NORMAL,NORMAL,0
SEC-000762,F001,Smart Campus,B003,Building C,BLK-C1,Block C1,AP-005,Building C Main Entrance,Entrance,2026-01-05 20:19:07,EMP-0125,Employee 125,EMPLOYEE,ACCESS_GRANTED,GRANTED,0,0,0,0,NORMAL,NORMAL,0
SEC-000698,F001,Smart Campus,B001,Building A,BLK-A1,Block A1,AP-001,Building A Main Entrance,Entrance,2026-01-05 20:29:21,VIS-0183,Visitor 183,VISITOR,ACCESS_GRANTED,GRANTED,0,0,0,0,NORMAL,NORMAL,0
SEC-000738,F001,Smart Campus,B002,Building B,BLK-B1,Block B1,AP-003,Building B Main Entrance,Entrance,2026-01-05 20:53:43,EMP-0407,Employee 407,EMPLOYEE,ACCESS_GRANTED,GRANTED,0,0,0,0,NORMAL,NORMAL,0
SEC-000726,F001,Smart Campus,B003,Building C,BLK-C1,Block C1,AP-005,Building C Main Entrance,Entrance,2026-01-05 21:32:38,EMP-0170,Employee 170,EMPLOYEE,UNAUTHORIZED_ACCESS,DENIED,1,1,0,0,SUSPICIOUS_ACCESS,CRITICAL,1
SEC-000669,F001,Smart Campus,B001,Building A,BLK-A2,Block A2,AP-002,Building A Side Entrance,Entrance,2026-01-05 21:55:51,EMP-0438,Employee 438,EMPLOYEE,ACCESS_GRANTED,GRANTED,1,0,0,0,NORMAL,LOW,0
SEC-000768,F001,Smart Campus,B003,Building C,BLK-C1,Block C1,AP-006,Server Room Access,Restricted Area,2026-01-05 22:22:26,CON-0061,Contractor 61,CONTRACTOR,UNAUTHORIZED_ACCESS,DENIED,1,1,0,0,SUSPICIOUS_ACCESS,CRITICAL,1
SEC-000720,F001,Smart Campus,B002,Building B,BLK-B1,Block B1,AP-003,Building B Main Entrance,Entrance,2026-01-05 22:26:51,CON-0013,Contractor 13,CONTRACTOR,ACCESS_GRANTED,GRANTED,1,0,0,0,AFTER_HOURS_MOVEMENT,LOW,0
SEC-000664,F001,Smart Campus,B001,Building A,BLK-A2,Block A2,AP-002,Building A Side Entrance,Entrance,2026-01-05 22:43:35,EMP-0094,Employee 94,EMPLOYEE,ACCESS_GRANTED,GRANTED,1,0,0,0,NORMAL,LOW,0
SEC-000686,F001,Smart Campus,B002,Building B,BLK-B2,Block B2,AP-004,Building B Service Door,Service Area,2026-01-05 23:27:39,EMP-0238,Employee 238,EMPLOYEE,ACCESS_GRANTED,GRANTED,1,0,0,0,AFTER_HOURS_MOVEMENT,LOW,0
SEC-000775,F001,Smart Campus,B002,Building B,BLK-B1,Block B1,AP-003,Building B Main Entrance,Entrance,2026-01-05 23:38:27,VIS-0071,Visitor 71,VISITOR,ACCESS_GRANTED,GRANTED,1,0,0,0,NORMAL,LOW,0
SEC-000727,F001,Smart Campus,B001,Building A,BLK-A1,Block A1,AP-001,Building A Main Entrance,Entrance,2026-01-05 23:43:24,VIS-0179,Visitor 179,VISITOR,ACCESS_GRANTED,GRANTED,1,0,0,0,NORMAL,LOW,0
SEC-000689,F001,Smart Campus,B003,Building C,BLK-C1,Block C1,AP-005,Building C Main Entrance,Entrance,2026-01-05 23:48:21,EMP-0179,Employee 179,EMPLOYEE,ACCESS_GRANTED,GRANTED,1,0,0,0,NORMAL,LOW,0
SEC-000642,F001,Smart Campus,B002,Building B,BLK-B2,Block B2,AP-004,Building B Service Door,Service Area,2026-01-05 23:49:32,EMP-0414,Employee 414,EMPLOYEE,ACCESS_GRANTED,GRANTED,1,0,0,0,NORMAL,LOW,0
SEC-000759,F001,Smart Campus,B002,Building B,BLK-B1,Block B1,AP-003,Building B Main Entrance,Entrance,2026-01-05 23:55:38,EMP-0138,Employee 138,EMPLOYEE,ACCESS_GRANTED,GRANTED,1,0,0,0,NORMAL,LOW,0
SEC-000889,F001,Smart Campus,B003,Building C,BLK-C1,Block C1,AP-005,Building C Main Entrance,Entrance,2026-01-06 00:05:05,VIS-0017,Visitor 17,VISITOR,ACCESS_GRANTED,GRANTED,1,0,0,0,AFTER_HOURS_MOVEMENT,LOW,0
SEC-000905,F001,Smart Campus,B002,Building B,BLK-B1,Block B1,AP-003,Building B Main Entrance,Entrance,2026-01-06 00:09:06,EMP-0037,Employee 37,EMPLOYEE,ACCESS_GRANTED,GRANTED,1,0,0,0,NORMAL,LOW,0
SEC-000851,F001,Smart Campus,B002,Building B,BLK-B2,Block B2,AP-004,Building B Service Door,Service Area,2026-01-06 00:32:10,EMP-0294,Employee 294,EMPLOYEE,ACCESS_GRANTED,GRANTED,1,0,0,0,NORMAL,LOW,0
SEC-000842,F001,Smart Campus,B001,Building A,BLK-A2,Block A2,AP-002,Building A Side Entrance,Entrance,2026-01-06 00:37:17,EMP-0422,Employee 422,EMPLOYEE,ACCESS_GRANTED,GRANTED,1,0,0,0,AFTER_HOURS_MOVEMENT,LOW,0
SEC-000823,F001,Smart Campus,B003,Building C,BLK-C1,Block C1,AP-005,Building C Main Entrance,Entrance,2026-01-06 01:50:06,VIS-0139,Visitor 139,VISITOR,ACCESS_GRANTED,GRANTED,1,0,0,0,NORMAL,LOW,0
SEC-000800,F001,Smart Campus,B002,Building B,BLK-B1,Block B1,AP-003,Building B Main Entrance,Entrance,2026-01-06 01:50:17,VIS-0106,Visitor 106,VISITOR,ACCESS_DENIED,DENIED,1,0,0,0,NORMAL,MEDIUM,1
SEC-000849,F001,Smart Campus,B003,Building C,BLK-C1,Block C1,AP-005,Building C Main Entrance,Entrance,2026-01-06 02:05:27,EMP-0026,Employee 26,EMPLOYEE,ACCESS_GRANTED,GRANTED,1,0,0,0,NORMAL,LOW,0
SEC-000903,F001,Smart Campus,B002,Building B,BLK-B1,Block B1,AP-003,Building B Main Entrance,Entrance,2026-01-06 02:18:54,EMP-0384,Employee 384,EMPLOYEE,ACCESS_GRANTED,GRANTED,1,0,0,0,NORMAL,LOW,0
SEC-000830,F001,Smart Campus,B003,Building C,BLK-C1,Block C1,AP-006,Server Room Access,Restricted Area,2026-01-06 02:48:17,EMP-0239,Employee 239,EMPLOYEE,UNAUTHORIZED_ACCESS,DENIED,1,1,0,0,SUSPICIOUS_ACCESS,CRITICAL,1
SEC-000899,F001,Smart Campus,B002,Building B,BLK-B2,Block B2,AP-004,Building B Service Door,Service Area,2026-01-06 02:52:07,EMP-0020,Employee 20,EMPLOYEE,ACCESS_GRANTED,GRANTED,1,0,0,0,NORMAL,LOW,0
SEC-000853,F001,Smart Campus,B001,Building A,BLK-A1,Block A1,AP-001,Building A Main Entrance,Entrance,2026-01-06 03:00:03,EMP-0281,Employee 281,EMPLOYEE,ACCESS_GRANTED,GRANTED,1,0,0,0,NORMAL,LOW,0
SEC-000827,F001,Smart Campus,B001,Building A,BLK-A2,Block A2,AP-002,Building A Side Entrance,Entrance,2026-01-06 04:04:41,VIS-0120,Visitor 120,VISITOR,ACCESS_GRANTED,GRANTED,1,0,0,0,NORMAL,LOW,0
SEC-000815,F001,Smart Campus,B002,Building B,BLK-B1,Block B1,AP-003,Building B Main Entrance,Entrance,2026-01-06 04:11:33,EMP-0414,Employee 414,EMPLOYEE,ACCESS_GRANTED,GRANTED,1,0,0,0,AFTER_HOURS_MOVEMENT,LOW,0
SEC-000792,F001,Smart Campus,B003,Building C,BLK-C1,Block C1,AP-005,Building C Main Entrance,Entrance,2026-01-06 04:14:13,VIS-0070,Visitor 70,VISITOR,ACCESS_GRANTED,GRANTED,1,0,0,0,NORMAL,LOW,0
SEC-000839,F001,Smart Campus,B002,Building B,BLK-B1,Block B1,AP-003,Building B Main Entrance,Entrance,2026-01-06 04:47:26,VIS-0254,Visitor 254,VISITOR,ACCESS_GRANTED,GRANTED,1,0,0,0,NORMAL,LOW,0
SEC-000826,F001,Smart Campus,B001,Building A,BLK-A1,Block A1,AP-001,Building A Main Entrance,Entrance,2026-01-06 05:12:32,VIS-0215,Visitor 215,VISITOR,ACCESS_GRANTED,GRANTED,1,0,0,0,NORMAL,LOW,0
SEC-000902,F001,Smart Campus,B002,Building B,BLK-B1,Block B1,AP-003,Building B Main Entrance,Entrance,2026-01-06 06:04:00,EMP-0005,Employee 5,EMPLOYEE,ACCESS_GRANTED,GRANTED,1,0,0,0,NORMAL,LOW,0
SEC-000835,F001,Smart Campus,B002,Building B,BLK-B2,Block B2,AP-004,Building B Service Door,Service Area,2026-01-06 06:46:08,EMP-0185,Employee 185,EMPLOYEE,ACCESS_GRANTED,GRANTED,1,0,0,0,NORMAL,LOW,0
SEC-000836,F001,Smart Campus,B003,Building C,BLK-C1,Block C1,AP-005,Building C Main Entrance,Entrance,2026-01-06 07:06:31,EMP-0171,Employee 171,EMPLOYEE,ACCESS_GRANTED,GRANTED,0,0,0,0,NORMAL,NORMAL,0
SEC-000888,F001,Smart Campus,B002,Building B,BLK-B2,Block B2,AP-004,Building B Service Door,Service Area,2026-01-06 07:12:10,EMP-0358,Employee 358,EMPLOYEE,ACCESS_GRANTED,GRANTED,0,0,0,0,NORMAL,NORMAL,0
SEC-000861,F001,Smart Campus,B002,Building B,BLK-B1,Block B1,AP-003,Building B Main Entrance,Entrance,2026-01-06 07:12:40,EMP-0435,Employee 435,EMPLOYEE,ACCESS_GRANTED,GRANTED,0,0,0,0,NORMAL,NORMAL,0
SEC-000832,F001,Smart Campus,B001,Building A,BLK-A2,Block A2,AP-002,Building A Side Entrance,Entrance,2026-01-06 07:16:53,VIS-0110,Visitor 110,VISITOR,ACCESS_GRANTED,GRANTED,0,0,0,0,NORMAL,NORMAL,0
SEC-000931,F001,Smart Campus,B002,Building B,BLK-B1,Block B1,AP-003,Building B Main Entrance,Entrance,2026-01-06 07:18:37,EMP-0095,Employee 95,EMPLOYEE,ACCESS_GRANTED,GRANTED,0,0,0,0,NORMAL,NORMAL,0
SEC-000862,F001,Smart Campus,B002,Building B,BLK-B1,Block B1,AP-003,Building B Main Entrance,Entrance,2026-01-06 07:28:20,EMP-0295,Employee 295,EMPLOYEE,ACCESS_GRANTED,GRANTED,0,0,0,0,NORMAL,NORMAL,0
SEC-000894,F001,Smart Campus,B002,Building B,BLK-B2,Block B2,AP-004,Building B Service Door,Service Area,2026-01-06 07:30:08,VIS-0029,Visitor 29,VISITOR,ACCESS_GRANTED,GRANTED,0,0,0,0,NORMAL,NORMAL,0
SEC-000876,F001,Smart Campus,B001,Building A,BLK-A2,Block A2,AP-002,Building A Side Entrance,Entrance,2026-01-06 07:32:25,VIS-0199,Visitor 199,VISITOR,ACCESS_GRANTED,GRANTED,0,0,0,0,NORMAL,NORMAL,0
SEC-000855,F001,Smart Campus,B002,Building B,BLK-B2,Block B2,AP-004,Building B Service Door,Service Area,2026-01-06 07:37:54,VIS-0197,Visitor 197,VISITOR,ACCESS_GRANTED,GRANTED,0,0,0,0,NORMAL,NORMAL,0
SEC-000811,F001,Smart Campus,B003,Building C,BLK-C1,Block C1,AP-005,Building C Main Entrance,Entrance,2026-01-06 07:40:21,EMP-0500,Employee 500,EMPLOYEE,ACCESS_GRANTED,GRANTED,0,0,0,0,NORMAL,NORMAL,0
SEC-000844,F001,Smart Campus,B002,Building B,BLK-B1,Block B1,AP-003,Building B Main Entrance,Entrance,2026-01-06 07:43:08,EMP-0177,Employee 177,EMPLOYEE,ACCESS_GRANTED,GRANTED,0,0,0,0,NORMAL,NORMAL,0
SEC-000907,F001,Smart Campus,B001,Building A,BLK-A1,Block A1,AP-001,Building A Main Entrance,Entrance,2026-01-06 07:52:07,VIS-0142,Visitor 142,VISITOR,ACCESS_GRANTED,GRANTED,0,0,0,0,NORMAL,NORMAL,0
SEC-000834,F001,Smart Campus,B003,Building C,BLK-C1,Block C1,AP-006,Server Room Access,Restricted Area,2026-01-06 07:59:59,EMP-0018,Employee 18,EMPLOYEE,UNAUTHORIZED_ACCESS,DENIED,0,1,0,0,SUSPICIOUS_ACCESS,HIGH,1
SEC-000813,F001,Smart Campus,B002,Building B,BLK-B1,Block B1,AP-003,Building B Main Entrance,Entrance,2026-01-06 08:06:24,EMP-0202,Employee 202,EMPLOYEE,ACCESS_GRANTED,GRANTED,0,0,0,0,NORMAL,NORMAL,0
SEC-000837,F001,Smart Campus,B001,Building A,BLK-A2,Block A2,AP-002,Building A Side Entrance,Entrance,2026-01-06 08:12:48,VIS-0232,Visitor 232,VISITOR,ACCESS_GRANTED,GRANTED,0,0,0,0,NORMAL,NORMAL,0
SEC-000789,F001,Smart Campus,B001,Building A,BLK-A2,Block A2,AP-002,Building A Side Entrance,Entrance,2026-01-06 08:20:11,EMP-0355,Employee 355,EMPLOYEE,ACCESS_GRANTED,GRANTED,0,0,0,0,NORMAL,NORMAL,0
SEC-000910,F001,Smart Campus,B003,Building C,BLK-C1,Block C1,AP-005,Building C Main Entrance,Entrance,2026-01-06 08:21:23,EMP-0193,Employee 193,EMPLOYEE,ACCESS_GRANTED,GRANTED,0,0,0,0,NORMAL,NORMAL,0
SEC-000926,F001,Smart Campus,B002,Building B,BLK-B2,Block B2,AP-004,Building B Service Door,Service Area,2026-01-06 08:31:06,EMP-0030,Employee 30,EMPLOYEE,ACCESS_GRANTED,GRANTED,0,0,0,0,NORMAL,NORMAL,0
SEC-000824,F001,Smart Campus,B003,Building C,BLK-C1,Block C1,AP-005,Building C Main Entrance,Entrance,2026-01-06 08:32:31,EMP-0241,Employee 241,EMPLOYEE,ACCESS_GRANTED,GRANTED,0,0,0,0,NORMAL,NORMAL,0
SEC-000845,F001,Smart Campus,B001,Building A,BLK-A1,Block A1,AP-001,Building A Main Entrance,Entrance,2026-01-06 08:36:42,EMP-0490,Employee 490,EMPLOYEE,ACCESS_GRANTED,GRANTED,0,0,0,0,NORMAL,NORMAL,0
SEC-000864,F001,Smart Campus,B003,Building C,BLK-C1,Block C1,AP-006,Server Room Access,Restricted Area,2026-01-06 08:44:32,EMP-0071,Employee 71,EMPLOYEE,ACCESS_GRANTED,GRANTED,0,0,0,0,NORMAL,NORMAL,0
SEC-000870,F001,Smart Campus,B002,Building B,BLK-B2,Block B2,AP-004,Building B Service Door,Service Area,2026-01-06 08:46:56,EMP-0090,Employee 90,EMPLOYEE,ACCESS_DENIED,DENIED,0,0,0,0,NORMAL,MEDIUM,1
SEC-000932,F001,Smart Campus,B003,Building C,BLK-C1,Block C1,AP-005,Building C Main Entrance,Entrance,2026-01-06 08:55:51,EMP-0289,Employee 289,EMPLOYEE,ACCESS_GRANTED,GRANTED,0,0,0,0,NORMAL,NORMAL,0
SEC-000897,F001,Smart Campus,B002,Building B,BLK-B2,Block B2,AP-004,Building B Service Door,Service Area,2026-01-06 08:57:57,EMP-0409,Employee 409,EMPLOYEE,ACCESS_GRANTED,GRANTED,0,0,0,0,NORMAL,NORMAL,0
SEC-000877,F001,Smart Campus,B001,Building A,BLK-A2,Block A2,AP-002,Building A Side Entrance,Entrance,2026-01-06 08:59:39,VIS-0210,Visitor 210,VISITOR,ACCESS_GRANTED,GRANTED,0,0,0,0,NORMAL,NORMAL,0
SEC-000841,F001,Smart Campus,B001,Building A,BLK-A2,Block A2,AP-002,Building A Side Entrance,Entrance,2026-01-06 09:05:41,EMP-0074,Employee 74,EMPLOYEE,ACCESS_GRANTED,GRANTED,0,0,0,0,NORMAL,NORMAL,0
SEC-000852,F001,Smart Campus,B001,Building A,BLK-A1,Block A1,AP-001,Building A Main Entrance,Entrance,2026-01-06 09:12:47,EMP-0352,Employee 352,EMPLOYEE,ACCESS_GRANTED,GRANTED,0,0,0,0,NORMAL,NORMAL,0
SEC-000847,F001,Smart Campus,B003,Building C,BLK-C1,Block C1,AP-005,Building C Main Entrance,Entrance,2026-01-06 09:13:29,EMP-0031,Employee 31,EMPLOYEE,ACCESS_GRANTED,GRANTED,0,0,0,0,NORMAL,NORMAL,0
SEC-000869,F001,Smart Campus,B001,Building A,BLK-A1,Block A1,AP-001,Building A Main Entrance,Entrance,2026-01-06 09:14:03,EMP-0210,Employee 210,EMPLOYEE,ACCESS_GRANTED,GRANTED,0,0,0,0,NORMAL,NORMAL,0
SEC-000814,F001,Smart Campus,B001,Building A,BLK-A2,Block A2,AP-002,Building A Side Entrance,Entrance,2026-01-06 09:29:01,VIS-0279,Visitor 279,VISITOR,ACCESS_GRANTED,GRANTED,0,0,0,0,NORMAL,NORMAL,0
SEC-000883,F001,Smart Campus,B003,Building C,BLK-C1,Block C1,AP-005,Building C Main Entrance,Entrance,2026-01-06 09:29:15,EMP-0343,Employee 343,EMPLOYEE,ACCESS_GRANTED,GRANTED,0,0,0,0,NORMAL,NORMAL,0
SEC-000804,F001,Smart Campus,B001,Building A,BLK-A1,Block A1,AP-001,Building A Main Entrance,Entrance,2026-01-06 09:35:55,EMP-0217,Employee 217,EMPLOYEE,ACCESS_GRANTED,GRANTED,0,0,0,0,NORMAL,NORMAL,0
SEC-000925,F001,Smart Campus,B001,Building A,BLK-A1,Block A1,AP-001,Building A Main Entrance,Entrance,2026-01-06 09:41:09,EMP-0055,Employee 55,EMPLOYEE,ACCESS_GRANTED,GRANTED,0,0,0,0,NORMAL,NORMAL,0
SEC-000863,F001,Smart Campus,B002,Building B,BLK-B2,Block B2,AP-004,Building B Service Door,Service Area,2026-01-06 09:45:03,EMP-0282,Employee 282,EMPLOYEE,ACCESS_GRANTED,GRANTED,0,0,0,0,NORMAL,NORMAL,0
SEC-000891,F001,Smart Campus,B003,Building C,BLK-C1,Block C1,AP-006,Server Room Access,Restricted Area,2026-01-06 09:48:22,EMP-0316,Employee 316,EMPLOYEE,ACCESS_GRANTED,GRANTED,0,0,0,0,NORMAL,NORMAL,0
SEC-000904,F001,Smart Campus,B002,Building B,BLK-B1,Block B1,AP-003,Building B Main Entrance,Entrance,2026-01-06 10:01:00,EMP-0055,Employee 55,EMPLOYEE,ACCESS_GRANTED,GRANTED,0,0,0,0,NORMAL,NORMAL,0
SEC-000920,F001,Smart Campus,B002,Building B,BLK-B2,Block B2,AP-004,Building B Service Door,Service Area,2026-01-06 10:11:03,EMP-0400,Employee 400,EMPLOYEE,TAILGATING,GRANTED,0,0,0,1,TAILGATING,HIGH,1
SEC-000818,F001,Smart Campus,B001,Building A,BLK-A2,Block A2,AP-002,Building A Side Entrance,Entrance,2026-01-06 10:27:08,CON-0131,Contractor 131,CONTRACTOR,ACCESS_GRANTED,GRANTED,0,0,0,0,NORMAL,NORMAL,0
SEC-000848,F001,Smart Campus,B001,Building A,BLK-A1,Block A1,AP-001,Building A Main Entrance,Entrance,2026-01-06 10:28:52,EMP-0500,Employee 500,EMPLOYEE,ACCESS_GRANTED,GRANTED,0,0,0,0,NORMAL,NORMAL,0
SEC-000794,F001,Smart Campus,B003,Building C,BLK-C1,Block C1,AP-005,Building C Main Entrance,Entrance,2026-01-06 10:53:59,EMP-0175,Employee 175,EMPLOYEE,ACCESS_GRANTED,GRANTED,0,0,0,0,NORMAL,NORMAL,0
SEC-000828,F001,Smart Campus,B001,Building A,BLK-A1,Block A1,AP-001,Building A Main Entrance,Entrance,2026-01-06 11:04:01,EMP-0354,Employee 354,EMPLOYEE,ACCESS_GRANTED,GRANTED,0,0,0,0,NORMAL,NORMAL,0
SEC-000795,F001,Smart Campus,B003,Building C,BLK-C1,Block C1,AP-005,Building C Main Entrance,Entrance,2026-01-06 11:10:41,EMP-0142,Employee 142,EMPLOYEE,ACCESS_GRANTED,GRANTED,0,0,0,0,NORMAL,NORMAL,0
SEC-000929,F001,Smart Campus,B003,Building C,BLK-C1,Block C1,AP-005,Building C Main Entrance,Entrance,2026-01-06 11:11:43,EMP-0254,Employee 254,EMPLOYEE,ACCESS_GRANTED,GRANTED,0,0,0,0,NORMAL,NORMAL,0
SEC-000840,F001,Smart Campus,B001,Building A,BLK-A1,Block A1,AP-001,Building A Main Entrance,Entrance,2026-01-06 11:15:26,EMP-0075,Employee 75,EMPLOYEE,ACCESS_GRANTED,GRANTED,0,0,0,0,NORMAL,NORMAL,0
SEC-000858,F001,Smart Campus,B003,Building C,BLK-C1,Block C1,AP-005,Building C Main Entrance,Entrance,2026-01-06 11:24:15,EMP-0012,Employee 12,EMPLOYEE,ACCESS_GRANTED,GRANTED,0,0,0,0,NORMAL,NORMAL,0
SEC-000879,F001,Smart Campus,B001,Building A,BLK-A1,Block A1,AP-001,Building A Main Entrance,Entrance,2026-01-06 11:32:36,EMP-0155,Employee 155,EMPLOYEE,ACCESS_GRANTED,GRANTED,0,0,0,0,NORMAL,NORMAL,0
SEC-000881,F001,Smart Campus,B003,Building C,BLK-C1,Block C1,AP-006,Server Room Access,Restricted Area,2026-01-06 11:38:47,VIS-0084,Visitor 84,VISITOR,ACCESS_GRANTED,GRANTED,0,0,0,0,NORMAL,NORMAL,0
SEC-000880,F001,Smart Campus,B001,Building A,BLK-A2,Block A2,AP-002,Building A Side Entrance,Entrance,2026-01-06 11:46:26,VIS-0194,Visitor 194,VISITOR,ACCESS_GRANTED,GRANTED,0,0,0,0,NORMAL,NORMAL,0
SEC-000825,F001,Smart Campus,B001,Building A,BLK-A2,Block A2,AP-002,Building A Side Entrance,Entrance,2026-01-06 11:48:30,EMP-0425,Employee 425,EMPLOYEE,ACCESS_GRANTED,GRANTED,0,0,0,0,NORMAL,NORMAL,0
SEC-000922,F001,Smart Campus,B002,Building B,BLK-B2,Block B2,AP-004,Building B Service Door,Service Area,2026-01-06 11:49:00,EMP-0350,Employee 350,EMPLOYEE,ACCESS_GRANTED,GRANTED,0,0,0,0,NORMAL,NORMAL,0
SEC-000831,F001,Smart Campus,B001,Building A,BLK-A2,Block A2,AP-002,Building A Side Entrance,Entrance,2026-01-06 11:55:59,EMP-0105,Employee 105,EMPLOYEE,ACCESS_GRANTED,GRANTED,0,0,0,0,NORMAL,NORMAL,0
SEC-000871,F001,Smart Campus,B003,Building C,BLK-C1,Block C1,AP-006,Server Room Access,Restricted Area,2026-01-06 12:05:08,EMP-0464,Employee 464,EMPLOYEE,ACCESS_GRANTED,GRANTED,0,0,0,0,NORMAL,NORMAL,0
SEC-000782,F001,Smart Campus,B001,Building A,BLK-A2,Block A2,AP-002,Building A Side Entrance,Entrance,2026-01-06 12:06:25,EMP-0258,Employee 258,EMPLOYEE,ACCESS_GRANTED,GRANTED,0,0,0,0,NORMAL,NORMAL,0
SEC-000817,F001,Smart Campus,B002,Building B,BLK-B1,Block B1,AP-003,Building B Main Entrance,Entrance,2026-01-06 12:07:02,EMP-0287,Employee 287,EMPLOYEE,ACCESS_GRANTED,GRANTED,0,0,0,0,NORMAL,NORMAL,0
SEC-000872,F001,Smart Campus,B002,Building B,BLK-B2,Block B2,AP-004,Building B Service Door,Service Area,2026-01-06 12:14:52,VIS-0133,Visitor 133,VISITOR,ACCESS_GRANTED,GRANTED,0,0,0,0,NORMAL,NORMAL,0
SEC-000893,F001,Smart Campus,B002,Building B,BLK-B2,Block B2,AP-004,Building B Service Door,Service Area,2026-01-06 12:33:10,EMP-0012,Employee 12,EMPLOYEE,ACCESS_GRANTED,GRANTED,0,0,0,0,NORMAL,NORMAL,0
SEC-000866,F001,Smart Campus,B002,Building B,BLK-B2,Block B2,AP-004,Building B Service Door,Service Area,2026-01-06 12:40:12,EMP-0082,Employee 82,EMPLOYEE,ACCESS_GRANTED,GRANTED,0,0,0,0,NORMAL,NORMAL,0
SEC-000901,F001,Smart Campus,B001,Building A,BLK-A2,Block A2,AP-002,Building A Side Entrance,Entrance,2026-01-06 12:44:47,CON-0037,Contractor 37,CONTRACTOR,ACCESS_GRANTED,GRANTED,0,0,0,0,NORMAL,NORMAL,0
SEC-000797,F001,Smart Campus,B003,Building C,BLK-C1,Block C1,AP-006,Server Room Access,Restricted Area,2026-01-06 12:48:33,EMP-0266,Employee 266,EMPLOYEE,ACCESS_GRANTED,GRANTED,0,0,0,0,NORMAL,NORMAL,0
SEC-000784,F001,Smart Campus,B002,Building B,BLK-B1,Block B1,AP-003,Building B Main Entrance,Entrance,2026-01-06 12:49:09,EMP-0448,Employee 448,EMPLOYEE,ACCESS_GRANTED,GRANTED,0,0,0,0,NORMAL,NORMAL,0
SEC-000829,F001,Smart Campus,B001,Building A,BLK-A2,Block A2,AP-002,Building A Side Entrance,Entrance,2026-01-06 12:49:15,VIS-0039,Visitor 39,VISITOR,ACCESS_GRANTED,GRANTED,0,0,0,0,NORMAL,NORMAL,0
SEC-000808,F001,Smart Campus,B001,Building A,BLK-A1,Block A1,AP-001,Building A Main Entrance,Entrance,2026-01-06 12:52:34,VIS-0258,Visitor 258,VISITOR,ACCESS_GRANTED,GRANTED,0,0,0,0,NORMAL,NORMAL,0
SEC-000806,F001,Smart Campus,B001,Building A,BLK-A2,Block A2,AP-002,Building A Side Entrance,Entrance,2026-01-06 13:01:47,EMP-0063,Employee 63,EMPLOYEE,ACCESS_GRANTED,GRANTED,0,0,0,0,NORMAL,NORMAL,0
SEC-000859,F001,Smart Campus,B003,Building C,BLK-C1,Block C1,AP-006,Server Room Access,Restricted Area,2026-01-06 13:07:56,EMP-0428,Employee 428,EMPLOYEE,ACCESS_GRANTED,GRANTED,0,0,0,0,NORMAL,NORMAL,0
SEC-000865,F001,Smart Campus,B001,Building A,BLK-A1,Block A1,AP-001,Building A Main Entrance,Entrance,2026-01-06 13:09:02,EMP-0257,Employee 257,EMPLOYEE,ACCESS_GRANTED,GRANTED,0,0,0,0,NORMAL,NORMAL,0
SEC-000916,F001,Smart Campus,B002,Building B,BLK-B2,Block B2,AP-004,Building B Service Door,Service Area,2026-01-06 13:09:57,EMP-0285,Employee 285,EMPLOYEE,ACCESS_GRANTED,GRANTED,0,0,0,0,NORMAL,NORMAL,0
SEC-000896,F001,Smart Campus,B003,Building C,BLK-C1,Block C1,AP-005,Building C Main Entrance,Entrance,2026-01-06 13:16:30,EMP-0062,Employee 62,EMPLOYEE,ACCESS_GRANTED,GRANTED,0,0,0,0,NORMAL,NORMAL,0
SEC-000833,F001,Smart Campus,B001,Building A,BLK-A1,Block A1,AP-001,Building A Main Entrance,Entrance,2026-01-06 13:33:27,EMP-0196,Employee 196,EMPLOYEE,ACCESS_GRANTED,GRANTED,0,0,0,0,NORMAL,NORMAL,0
SEC-000875,F001,Smart Campus,B002,Building B,BLK-B2,Block B2,AP-004,Building B Service Door,Service Area,2026-01-06 13:34:10,EMP-0163,Employee 163,EMPLOYEE,ACCESS_GRANTED,GRANTED,0,0,0,0,NORMAL,NORMAL,0
SEC-000846,F001,Smart Campus,B002,Building B,BLK-B2,Block B2,AP-004,Building B Service Door,Service Area,2026-01-06 13:48:44,EMP-0311,Employee 311,EMPLOYEE,ACCESS_GRANTED,GRANTED,0,0,0,0,NORMAL,NORMAL,0
SEC-000913,F001,Smart Campus,B002,Building B,BLK-B2,Block B2,AP-004,Building B Service Door,Service Area,2026-01-06 13:51:16,VIS-0247,Visitor 247,VISITOR,ACCESS_GRANTED,GRANTED,0,0,0,0,NORMAL,NORMAL,0
SEC-000810,F001,Smart Campus,B002,Building B,BLK-B2,Block B2,AP-004,Building B Service Door,Service Area,2026-01-06 14:05:13,EMP-0261,Employee 261,EMPLOYEE,ACCESS_GRANTED,GRANTED,0,0,0,0,NORMAL,NORMAL,0
SEC-000822,F001,Smart Campus,B002,Building B,BLK-B1,Block B1,AP-003,Building B Main Entrance,Entrance,2026-01-06 14:08:54,EMP-0233,Employee 233,EMPLOYEE,ACCESS_GRANTED,GRANTED,0,0,0,0,NORMAL,NORMAL,0
SEC-000809,F001,Smart Campus,B002,Building B,BLK-B1,Block B1,AP-003,Building B Main Entrance,Entrance,2026-01-06 14:13:25,EMP-0176,Employee 176,EMPLOYEE,ACCESS_GRANTED,GRANTED,0,0,0,0,NORMAL,NORMAL,0
SEC-000914,F001,Smart Campus,B001,Building A,BLK-A1,Block A1,AP-001,Building A Main Entrance,Entrance,2026-01-06 14:20:19,CON-0136,Contractor 136,CONTRACTOR,UNAUTHORIZED_ACCESS,DENIED,0,1,0,0,SUSPICIOUS_ACCESS,HIGH,1
SEC-000912,F001,Smart Campus,B002,Building B,BLK-B1,Block B1,AP-003,Building B Main Entrance,Entrance,2026-01-06 14:29:09,EMP-0034,Employee 34,EMPLOYEE,ACCESS_GRANTED,GRANTED,0,0,0,0,NORMAL,NORMAL,0
SEC-000923,F001,Smart Campus,B003,Building C,BLK-C1,Block C1,AP-005,Building C Main Entrance,Entrance,2026-01-06 14:31:45,EMP-0131,Employee 131,EMPLOYEE,ACCESS_GRANTED,GRANTED,0,0,0,0,NORMAL,NORMAL,0
SEC-000786,F001,Smart Campus,B001,Building A,BLK-A1,Block A1,AP-001,Building A Main Entrance,Entrance,2026-01-06 14:32:34,EMP-0100,Employee 100,EMPLOYEE,ACCESS_GRANTED,GRANTED,0,0,0,0,NORMAL,NORMAL,0
SEC-000796,F001,Smart Campus,B003,Building C,BLK-C1,Block C1,AP-006,Server Room Access,Restricted Area,2026-01-06 14:37:23,EMP-0288,Employee 288,EMPLOYEE,ACCESS_GRANTED,GRANTED,0,0,0,0,NORMAL,NORMAL,0
SEC-000919,F001,Smart Campus,B003,Building C,BLK-C1,Block C1,AP-006,Server Room Access,Restricted Area,2026-01-06 14:38:03,EMP-0344,Employee 344,EMPLOYEE,ACCESS_GRANTED,GRANTED,0,0,0,0,NORMAL,NORMAL,0
SEC-000917,F001,Smart Campus,B002,Building B,BLK-B1,Block B1,AP-003,Building B Main Entrance,Entrance,2026-01-06 14:41:57,EMP-0106,Employee 106,EMPLOYEE,ACCESS_GRANTED,GRANTED,0,0,0,0,NORMAL,NORMAL,0
SEC-000798,F001,Smart Campus,B002,Building B,BLK-B2,Block B2,AP-004,Building B Service Door,Service Area,2026-01-06 14:46:34,EMP-0460,Employee 460,EMPLOYEE,ACCESS_GRANTED,GRANTED,0,0,0,0,NORMAL,NORMAL,0
SEC-000890,F001,Smart Campus,B001,Building A,BLK-A1,Block A1,AP-001,Building A Main Entrance,Entrance,2026-01-06 14:47:06,EMP-0239,Employee 239,EMPLOYEE,ACCESS_GRANTED,GRANTED,0,0,0,0,NORMAL,NORMAL,0
SEC-000856,F001,Smart Campus,B003,Building C,BLK-C1,Block C1,AP-006,Server Room Access,Restricted Area,2026-01-06 14:47:53,EMP-0273,Employee 273,EMPLOYEE,ACCESS_GRANTED,GRANTED,0,0,0,0,NORMAL,NORMAL,0
SEC-000878,F001,Smart Campus,B003,Building C,BLK-C1,Block C1,AP-005,Building C Main Entrance,Entrance,2026-01-06 14:53:05,EMP-0297,Employee 297,EMPLOYEE,ACCESS_GRANTED,GRANTED,0,0,0,0,NORMAL,NORMAL,0
SEC-000898,F001,Smart Campus,B002,Building B,BLK-B1,Block B1,AP-003,Building B Main Entrance,Entrance,2026-01-06 15:02:00,EMP-0132,Employee 132,EMPLOYEE,ACCESS_GRANTED,GRANTED,0,0,0,0,NORMAL,NORMAL,0
SEC-000788,F001,Smart Campus,B001,Building A,BLK-A2,Block A2,AP-002,Building A Side Entrance,Entrance,2026-01-06 15:04:22,VIS-0246,Visitor 246,VISITOR,ACCESS_GRANTED,GRANTED,0,0,0,0,NORMAL,NORMAL,0
SEC-000895,F001,Smart Campus,B001,Building A,BLK-A1,Block A1,AP-001,Building A Main Entrance,Entrance,2026-01-06 15:07:49,EMP-0500,Employee 500,EMPLOYEE,ACCESS_GRANTED,GRANTED,0,0,0,0,NORMAL,NORMAL,0
SEC-000927,F001,Smart Campus,B002,Building B,BLK-B1,Block B1,AP-003,Building B Main Entrance,Entrance,2026-01-06 15:25:36,EMP-0017,Employee 17,EMPLOYEE,ACCESS_GRANTED,GRANTED,0,0,0,0,NORMAL,NORMAL,0
SEC-000887,F001,Smart Campus,B002,Building B,BLK-B1,Block B1,AP-003,Building B Main Entrance,Entrance,2026-01-06 15:27:00,VIS-0123,Visitor 123,VISITOR,ACCESS_GRANTED,GRANTED,0,0,0,0,NORMAL,NORMAL,0
SEC-000838,F001,Smart Campus,B003,Building C,BLK-C1,Block C1,AP-005,Building C Main Entrance,Entrance,2026-01-06 15:30:56,EMP-0200,Employee 200,EMPLOYEE,ACCESS_GRANTED,GRANTED,0,0,0,0,NORMAL,NORMAL,0
SEC-000805,F001,Smart Campus,B003,Building C,BLK-C1,Block C1,AP-006,Server Room Access,Restricted Area,2026-01-06 15:34:48,EMP-0370,Employee 370,EMPLOYEE,ACCESS_GRANTED,GRANTED,0,0,0,0,NORMAL,NORMAL,0
SEC-000857,F001,Smart Campus,B001,Building A,BLK-A1,Block A1,AP-001,Building A Main Entrance,Entrance,2026-01-06 15:50:46,EMP-0279,Employee 279,EMPLOYEE,ACCESS_GRANTED,GRANTED,0,0,0,0,NORMAL,NORMAL,0
SEC-000918,F001,Smart Campus,B002,Building B,BLK-B1,Block B1,AP-003,Building B Main Entrance,Entrance,2026-01-06 15:58:25,EMP-0355,Employee 355,EMPLOYEE,ACCESS_GRANTED,GRANTED,0,0,0,0,NORMAL,NORMAL,0
SEC-000854,F001,Smart Campus,B001,Building A,BLK-A2,Block A2,AP-002,Building A Side Entrance,Entrance,2026-01-06 16:00:00,EMP-0293,Employee 293,EMPLOYEE,ACCESS_GRANTED,GRANTED,0,0,0,0,NORMAL,NORMAL,0
SEC-000933,F001,Smart Campus,B001,Building A,BLK-A1,Block A1,AP-001,Building A Main Entrance,Entrance,2026-01-06 16:02:47,EMP-0476,Employee 476,EMPLOYEE,ACCESS_GRANTED,GRANTED,0,0,0,0,NORMAL,NORMAL,0
SEC-000867,F001,Smart Campus,B002,Building B,BLK-B1,Block B1,AP-003,Building B Main Entrance,Entrance,2026-01-06 16:06:49,EMP-0072,Employee 72,EMPLOYEE,ACCESS_GRANTED,GRANTED,0,0,0,0,NORMAL,NORMAL,0
SEC-000819,F001,Smart Campus,B001,Building A,BLK-A1,Block A1,AP-001,Building A Main Entrance,Entrance,2026-01-06 16:14:37,EMP-0109,Employee 109,EMPLOYEE,ACCESS_GRANTED,GRANTED,0,0,0,0,NORMAL,NORMAL,0
SEC-000785,F001,Smart Campus,B002,Building B,BLK-B2,Block B2,AP-004,Building B Service Door,Service Area,2026-01-06 16:19:44,VIS-0293,Visitor 293,VISITOR,ACCESS_GRANTED,GRANTED,0,0,0,0,NORMAL,NORMAL,0
SEC-000807,F001,Smart Campus,B003,Building C,BLK-C1,Block C1,AP-005,Building C Main Entrance,Entrance,2026-01-06 16:30:19,EMP-0444,Employee 444,EMPLOYEE,ACCESS_GRANTED,GRANTED,0,0,0,0,NORMAL,NORMAL,0
SEC-000802,F001,Smart Campus,B001,Building A,BLK-A1,Block A1,AP-001,Building A Main Entrance,Entrance,2026-01-06 16:31:53,EMP-0141,Employee 141,EMPLOYEE,ACCESS_GRANTED,GRANTED,0,0,0,0,NORMAL,NORMAL,0
SEC-000793,F001,Smart Campus,B002,Building B,BLK-B1,Block B1,AP-003,Building B Main Entrance,Entrance,2026-01-06 16:36:37,VIS-0019,Visitor 19,VISITOR,ACCESS_GRANTED,GRANTED,0,0,0,0,NORMAL,NORMAL,0
SEC-000900,F001,Smart Campus,B002,Building B,BLK-B2,Block B2,AP-004,Building B Service Door,Service Area,2026-01-06 17:30:01,EMP-0227,Employee 227,EMPLOYEE,ACCESS_GRANTED,GRANTED,0,0,0,0,NORMAL,NORMAL,0
SEC-000860,F001,Smart Campus,B001,Building A,BLK-A1,Block A1,AP-001,Building A Main Entrance,Entrance,2026-01-06 17:38:35,EMP-0356,Employee 356,EMPLOYEE,ACCESS_GRANTED,GRANTED,0,0,0,0,NORMAL,NORMAL,0
SEC-000799,F001,Smart Campus,B003,Building C,BLK-C1,Block C1,AP-005,Building C Main Entrance,Entrance,2026-01-06 17:38:58,VIS-0042,Visitor 42,VISITOR,ACCESS_GRANTED,GRANTED,0,0,0,0,NORMAL,NORMAL,0
SEC-000843,F001,Smart Campus,B003,Building C,BLK-C1,Block C1,AP-006,Server Room Access,Restricted Area,2026-01-06 17:40:22,EMP-0116,Employee 116,EMPLOYEE,ACCESS_GRANTED,GRANTED,0,0,0,0,NORMAL,NORMAL,0
SEC-000886,F001,Smart Campus,B002,Building B,BLK-B1,Block B1,AP-003,Building B Main Entrance,Entrance,2026-01-06 17:47:17,EMP-0372,Employee 372,EMPLOYEE,ACCESS_GRANTED,GRANTED,0,0,0,0,NORMAL,NORMAL,0
SEC-000803,F001,Smart Campus,B003,Building C,BLK-C1,Block C1,AP-006,Server Room Access,Restricted Area,2026-01-06 17:58:55,CON-0147,Contractor 147,CONTRACTOR,ACCESS_GRANTED,GRANTED,0,0,0,0,NORMAL,NORMAL,0
SEC-000801,F001,Smart Campus,B001,Building A,BLK-A1,Block A1,AP-001,Building A Main Entrance,Entrance,2026-01-06 18:13:40,EMP-0271,Employee 271,EMPLOYEE,ACCESS_GRANTED,GRANTED,0,0,0,0,NORMAL,NORMAL,0
SEC-000911,F001,Smart Campus,B002,Building B,BLK-B2,Block B2,AP-004,Building B Service Door,Service Area,2026-01-06 18:24:01,EMP-0403,Employee 403,EMPLOYEE,ACCESS_GRANTED,GRANTED,0,0,0,0,NORMAL,NORMAL,0
SEC-000816,F001,Smart Campus,B001,Building A,BLK-A1,Block A1,AP-001,Building A Main Entrance,Entrance,2026-01-06 18:29:20,EMP-0105,Employee 105,EMPLOYEE,ACCESS_GRANTED,GRANTED,0,0,0,0,NORMAL,NORMAL,0
SEC-000850,F001,Smart Campus,B001,Building A,BLK-A2,Block A2,AP-002,Building A Side Entrance,Entrance,2026-01-06 18:40:08,VIS-0167,Visitor 167,VISITOR,ACCESS_GRANTED,GRANTED,0,0,0,0,NORMAL,NORMAL,0
SEC-000820,F001,Smart Campus,B002,Building B,BLK-B2,Block B2,AP-004,Building B Service Door,Service Area,2026-01-06 18:48:55,CON-0001,Contractor 1,CONTRACTOR,ACCESS_GRANTED,GRANTED,0,0,0,0,NORMAL,NORMAL,0
SEC-000906,F001,Smart Campus,B003,Building C,BLK-C1,Block C1,AP-006,Server Room Access,Restricted Area,2026-01-06 18:50:15,EMP-0445,Employee 445,EMPLOYEE,ACCESS_GRANTED,GRANTED,0,0,0,0,NORMAL,NORMAL,0
SEC-000874,F001,Smart Campus,B002,Building B,BLK-B1,Block B1,AP-003,Building B Main Entrance,Entrance,2026-01-06 18:51:40,CON-0080,Contractor 80,CONTRACTOR,ACCESS_GRANTED,GRANTED,0,0,0,0,NORMAL,NORMAL,0
SEC-000930,F001,Smart Campus,B002,Building B,BLK-B2,Block B2,AP-004,Building B Service Door,Service Area,2026-01-06 19:01:58,EMP-0042,Employee 42,EMPLOYEE,ACCESS_GRANTED,GRANTED,0,0,0,0,NORMAL,NORMAL,0
SEC-000909,F001,Smart Campus,B001,Building A,BLK-A1,Block A1,AP-001,Building A Main Entrance,Entrance,2026-01-06 19:04:57,EMP-0253,Employee 253,EMPLOYEE,ACCESS_GRANTED,GRANTED,0,0,0,0,NORMAL,NORMAL,0
SEC-000821,F001,Smart Campus,B003,Building C,BLK-C1,Block C1,AP-005,Building C Main Entrance,Entrance,2026-01-06 19:17:55,EMP-0492,Employee 492,EMPLOYEE,ACCESS_GRANTED,GRANTED,0,0,0,0,NORMAL,NORMAL,0
SEC-000882,F001,Smart Campus,B003,Building C,BLK-C1,Block C1,AP-006,Server Room Access,Restricted Area,2026-01-06 19:18:41,VIS-0064,Visitor 64,VISITOR,ACCESS_GRANTED,GRANTED,0,0,0,0,NORMAL,NORMAL,0
SEC-000868,F001,Smart Campus,B001,Building A,BLK-A1,Block A1,AP-001,Building A Main Entrance,Entrance,2026-01-06 19:40:20,EMP-0010,Employee 10,EMPLOYEE,ACCESS_GRANTED,GRANTED,0,0,0,0,NORMAL,NORMAL,0
SEC-000790,F001,Smart Campus,B003,Building C,BLK-C1,Block C1,AP-006,Server Room Access,Restricted Area,2026-01-06 19:51:50,EMP-0052,Employee 52,EMPLOYEE,ACCESS_GRANTED,GRANTED,0,0,0,0,NORMAL,NORMAL,0
SEC-000791,F001,Smart Campus,B001,Building A,BLK-A2,Block A2,AP-002,Building A Side Entrance,Entrance,2026-01-06 20:24:31,EMP-0246,Employee 246,EMPLOYEE,ACCESS_GRANTED,GRANTED,0,0,0,0,NORMAL,NORMAL,0
SEC-000884,F001,Smart Campus,B002,Building B,BLK-B1,Block B1,AP-003,Building B Main Entrance,Entrance,2026-01-06 20:32:51,EMP-0034,Employee 34,EMPLOYEE,ACCESS_GRANTED,GRANTED,0,0,0,0,NORMAL,NORMAL,0
SEC-000921,F001,Smart Campus,B003,Building C,BLK-C1,Block C1,AP-006,Server Room Access,Restricted Area,2026-01-06 20:38:49,EMP-0103,Employee 103,EMPLOYEE,ACCESS_GRANTED,GRANTED,0,0,0,0,NORMAL,NORMAL,0
SEC-000892,F001,Smart Campus,B003,Building C,BLK-C1,Block C1,AP-005,Building C Main Entrance,Entrance,2026-01-06 20:40:29,VIS-0169,Visitor 169,VISITOR,ACCESS_GRANTED,GRANTED,0,0,0,0,NORMAL,NORMAL,0
SEC-000787,F001,Smart Campus,B003,Building C,BLK-C1,Block C1,AP-006,Server Room Access,Restricted Area,2026-01-06 20:41:33,CON-0047,Contractor 47,CONTRACTOR,ACCESS_GRANTED,GRANTED,0,0,0,0,NORMAL,NORMAL,0
SEC-000885,F001,Smart Campus,B002,Building B,BLK-B2,Block B2,AP-004,Building B Service Door,Service Area,2026-01-06 20:49:01,EMP-0051,Employee 51,EMPLOYEE,ACCESS_GRANTED,GRANTED,0,0,0,0,NORMAL,NORMAL,0
SEC-000928,F001,Smart Campus,B001,Building A,BLK-A1,Block A1,AP-001,Building A Main Entrance,Entrance,2026-01-06 20:51:11,EMP-0461,Employee 461,EMPLOYEE,ACCESS_GRANTED,GRANTED,0,0,0,0,NORMAL,NORMAL,0
SEC-000873,F001,Smart Campus,B001,Building A,BLK-A2,Block A2,AP-002,Building A Side Entrance,Entrance,2026-01-06 21:26:14,VIS-0154,Visitor 154,VISITOR,ACCESS_GRANTED,GRANTED,1,0,0,0,NORMAL,LOW,0
SEC-000812,F001,Smart Campus,B003,Building C,BLK-C1,Block C1,AP-006,Server Room Access,Restricted Area,2026-01-06 21:42:15,EMP-0172,Employee 172,EMPLOYEE,ACCESS_GRANTED,GRANTED,1,0,0,0,NORMAL,LOW,0
SEC-000924,F001,Smart Campus,B001,Building A,BLK-A2,Block A2,AP-002,Building A Side Entrance,Entrance,2026-01-06 22:16:09,VIS-0245,Visitor 245,VISITOR,ACCESS_GRANTED,GRANTED,1,0,0,0,NORMAL,LOW,0
SEC-000915,F001,Smart Campus,B001,Building A,BLK-A1,Block A1,AP-001,Building A Main Entrance,Entrance,2026-01-06 22:54:20,EMP-0344,Employee 344,EMPLOYEE,ACCESS_GRANTED,GRANTED,1,0,0,0,NORMAL,LOW,0
SEC-000783,F001,Smart Campus,B002,Building B,BLK-B1,Block B1,AP-003,Building B Main Entrance,Entrance,2026-01-06 22:54:40,EMP-0158,Employee 158,EMPLOYEE,ACCESS_GRANTED,GRANTED,1,0,0,0,NORMAL,LOW,0
SEC-000908,F001,Smart Campus,B003,Building C,BLK-C1,Block C1,AP-005,Building C Main Entrance,Entrance,2026-01-06 23:50:27,VIS-0063,Visitor 63,VISITOR,ACCESS_GRANTED,GRANTED,1,0,0,0,NORMAL,LOW,0
SEC-000942,F001,Smart Campus,B002,Building B,BLK-B1,Block B1,AP-003,Building B Main Entrance,Entrance,2026-01-07 00:07:39,VIS-0116,Visitor 116,VISITOR,ACCESS_GRANTED,GRANTED,1,0,0,0,AFTER_HOURS_MOVEMENT,LOW,0
SEC-001049,F001,Smart Campus,B003,Building C,BLK-C1,Block C1,AP-006,Server Room Access,Restricted Area,2026-01-07 00:42:28,EMP-0007,Employee 7,EMPLOYEE,ACCESS_GRANTED,GRANTED,1,0,0,0,NORMAL,LOW,0
SEC-001086,F001,Smart Campus,B001,Building A,BLK-A2,Block A2,AP-002,Building A Side Entrance,Entrance,2026-01-07 00:51:43,EMP-0420,Employee 420,EMPLOYEE,ACCESS_GRANTED,GRANTED,1,0,0,0,AFTER_HOURS_MOVEMENT,LOW,0
SEC-001099,F001,Smart Campus,B002,Building B,BLK-B1,Block B1,AP-003,Building B Main Entrance,Entrance,2026-01-07 01:08:06,EMP-0281,Employee 281,EMPLOYEE,ACCESS_GRANTED,GRANTED,1,0,0,0,NORMAL,LOW,0
SEC-001095,F001,Smart Campus,B002,Building B,BLK-B1,Block B1,AP-003,Building B Main Entrance,Entrance,2026-01-07 01:18:36,EMP-0162,Employee 162,EMPLOYEE,ACCESS_GRANTED,GRANTED,1,0,0,0,NORMAL,LOW,0
SEC-001056,F001,Smart Campus,B003,Building C,BLK-C1,Block C1,AP-006,Server Room Access,Restricted Area,2026-01-07 02:01:20,EMP-0464,Employee 464,EMPLOYEE,ACCESS_GRANTED,GRANTED,1,0,0,0,NORMAL,LOW,0
SEC-001020,F001,Smart Campus,B001,Building A,BLK-A2,Block A2,AP-002,Building A Side Entrance,Entrance,2026-01-07 02:14:27,EMP-0207,Employee 207,EMPLOYEE,ACCESS_GRANTED,GRANTED,1,0,0,0,NORMAL,LOW,0
SEC-001031,F001,Smart Campus,B003,Building C,BLK-C1,Block C1,AP-006,Server Room Access,Restricted Area,2026-01-07 02:18:58,EMP-0318,Employee 318,EMPLOYEE,ACCESS_GRANTED,GRANTED,1,0,0,0,NORMAL,LOW,0
SEC-000958,F001,Smart Campus,B003,Building C,BLK-C1,Block C1,AP-005,Building C Main Entrance,Entrance,2026-01-07 02:21:29,EMP-0341,Employee 341,EMPLOYEE,ACCESS_GRANTED,GRANTED,1,0,0,0,NORMAL,LOW,0
SEC-000979,F001,Smart Campus,B002,Building B,BLK-B2,Block B2,AP-004,Building B Service Door,Service Area,2026-01-07 02:26:35,EMP-0144,Employee 144,EMPLOYEE,ACCESS_GRANTED,GRANTED,1,0,0,0,NORMAL,LOW,0
SEC-001028,F001,Smart Campus,B002,Building B,BLK-B2,Block B2,AP-004,Building B Service Door,Service Area,2026-01-07 02:53:39,EMP-0484,Employee 484,EMPLOYEE,ACCESS_GRANTED,GRANTED,1,0,0,0,NORMAL,LOW,0
SEC-001059,F001,Smart Campus,B002,Building B,BLK-B2,Block B2,AP-004,Building B Service Door,Service Area,2026-01-07 02:55:26,EMP-0168,Employee 168,EMPLOYEE,ACCESS_GRANTED,GRANTED,1,0,0,0,NORMAL,LOW,0
SEC-000935,F001,Smart Campus,B003,Building C,BLK-C1,Block C1,AP-005,Building C Main Entrance,Entrance,2026-01-07 02:57:36,EMP-0199,Employee 199,EMPLOYEE,ACCESS_GRANTED,GRANTED,1,0,0,0,NORMAL,LOW,0
SEC-000940,F001,Smart Campus,B002,Building B,BLK-B1,Block B1,AP-003,Building B Main Entrance,Entrance,2026-01-07 03:39:02,EMP-0278,Employee 278,EMPLOYEE,ACCESS_GRANTED,GRANTED,1,0,0,0,NORMAL,LOW,0
SEC-001040,F001,Smart Campus,B002,Building B,BLK-B1,Block B1,AP-003,Building B Main Entrance,Entrance,2026-01-07 04:17:54,EMP-0282,Employee 282,EMPLOYEE,ACCESS_GRANTED,GRANTED,1,0,0,0,NORMAL,LOW,0
SEC-000952,F001,Smart Campus,B003,Building C,BLK-C1,Block C1,AP-006,Server Room Access,Restricted Area,2026-01-07 04:20:55,EMP-0032,Employee 32,EMPLOYEE,ACCESS_GRANTED,GRANTED,1,0,0,0,NORMAL,LOW,0
SEC-000990,F001,Smart Campus,B002,Building B,BLK-B2,Block B2,AP-004,Building B Service Door,Service Area,2026-01-07 04:49:05,EMP-0395,Employee 395,EMPLOYEE,ACCESS_GRANTED,GRANTED,1,0,0,0,NORMAL,LOW,0
SEC-000961,F001,Smart Campus,B001,Building A,BLK-A2,Block A2,AP-002,Building A Side Entrance,Entrance,2026-01-07 05:47:23,EMP-0300,Employee 300,EMPLOYEE,ACCESS_GRANTED,GRANTED,1,0,0,0,AFTER_HOURS_MOVEMENT,LOW,0
SEC-000984,F001,Smart Campus,B003,Building C,BLK-C1,Block C1,AP-006,Server Room Access,Restricted Area,2026-01-07 05:56:26,EMP-0213,Employee 213,EMPLOYEE,ACCESS_GRANTED,GRANTED,1,0,0,0,NORMAL,LOW,0
SEC-000951,F001,Smart Campus,B001,Building A,BLK-A1,Block A1,AP-001,Building A Main Entrance,Entrance,2026-01-07 06:07:28,VIS-0118,Visitor 118,VISITOR,UNAUTHORIZED_ACCESS,DENIED,1,1,0,0,SUSPICIOUS_ACCESS,CRITICAL,1
SEC-001012,F001,Smart Campus,B001,Building A,BLK-A2,Block A2,AP-002,Building A Side Entrance,Entrance,2026-01-07 06:12:43,CON-0068,Contractor 68,CONTRACTOR,ACCESS_GRANTED,GRANTED,1,0,0,0,NORMAL,LOW,0
SEC-000994,F001,Smart Campus,B003,Building C,BLK-C1,Block C1,AP-006,Server Room Access,Restricted Area,2026-01-07 06:48:44,VIS-0280,Visitor 280,VISITOR,ACCESS_GRANTED,GRANTED,1,0,0,0,NORMAL,LOW,0
SEC-001090,F001,Smart Campus,B001,Building A,BLK-A1,Block A1,AP-001,Building A Main Entrance,Entrance,2026-01-07 06:59:19,EMP-0015,Employee 15,EMPLOYEE,ACCESS_GRANTED,GRANTED,1,0,0,0,NORMAL,LOW,0
SEC-001061,F001,Smart Campus,B002,Building B,BLK-B2,Block B2,AP-004,Building B Service Door,Service Area,2026-01-07 07:21:59,VIS-0202,Visitor 202,VISITOR,ACCESS_GRANTED,GRANTED,0,0,0,0,NORMAL,NORMAL,0
SEC-001007,F001,Smart Campus,B003,Building C,BLK-C1,Block C1,AP-005,Building C Main Entrance,Entrance,2026-01-07 07:33:40,VIS-0034,Visitor 34,VISITOR,ACCESS_GRANTED,GRANTED,0,0,0,0,NORMAL,NORMAL,0
SEC-000980,F001,Smart Campus,B003,Building C,BLK-C1,Block C1,AP-006,Server Room Access,Restricted Area,2026-01-07 07:38:21,EMP-0448,Employee 448,EMPLOYEE,ACCESS_GRANTED,GRANTED,0,0,0,0,NORMAL,NORMAL,0
SEC-000993,F001,Smart Campus,B003,Building C,BLK-C1,Block C1,AP-006,Server Room Access,Restricted Area,2026-01-07 07:54:42,EMP-0293,Employee 293,EMPLOYEE,ACCESS_GRANTED,GRANTED,0,0,0,0,NORMAL,NORMAL,0
SEC-001006,F001,Smart Campus,B001,Building A,BLK-A1,Block A1,AP-001,Building A Main Entrance,Entrance,2026-01-07 07:59:38,CON-0106,Contractor 106,CONTRACTOR,ACCESS_GRANTED,GRANTED,0,0,0,0,NORMAL,NORMAL,0
SEC-000972,F001,Smart Campus,B001,Building A,BLK-A2,Block A2,AP-002,Building A Side Entrance,Entrance,2026-01-07 08:00:41,CON-0067,Contractor 67,CONTRACTOR,ACCESS_GRANTED,GRANTED,0,0,0,0,NORMAL,NORMAL,0
SEC-000953,F001,Smart Campus,B002,Building B,BLK-B1,Block B1,AP-003,Building B Main Entrance,Entrance,2026-01-07 08:17:13,EMP-0072,Employee 72,EMPLOYEE,ACCESS_GRANTED,GRANTED,0,0,0,0,NORMAL,NORMAL,0
SEC-001004,F001,Smart Campus,B003,Building C,BLK-C1,Block C1,AP-006,Server Room Access,Restricted Area,2026-01-07 08:21:56,EMP-0297,Employee 297,EMPLOYEE,ACCESS_GRANTED,GRANTED,0,0,0,0,NORMAL,NORMAL,0
SEC-001053,F001,Smart Campus,B003,Building C,BLK-C1,Block C1,AP-005,Building C Main Entrance,Entrance,2026-01-07 08:34:53,EMP-0355,Employee 355,EMPLOYEE,ACCESS_GRANTED,GRANTED,0,0,0,0,NORMAL,NORMAL,0
SEC-001065,F001,Smart Campus,B002,Building B,BLK-B1,Block B1,AP-003,Building B Main Entrance,Entrance,2026-01-07 08:36:41,VIS-0201,Visitor 201,VISITOR,ACCESS_GRANTED,GRANTED,0,0,0,0,NORMAL,NORMAL,0
SEC-000939,F001,Smart Campus,B001,Building A,BLK-A1,Block A1,AP-001,Building A Main Entrance,Entrance,2026-01-07 08:36:53,VIS-0024,Visitor 24,VISITOR,ACCESS_GRANTED,GRANTED,0,0,0,0,NORMAL,NORMAL,0
SEC-001060,F001,Smart Campus,B001,Building A,BLK-A2,Block A2,AP-002,Building A Side Entrance,Entrance,2026-01-07 08:47:34,EMP-0067,Employee 67,EMPLOYEE,ACCESS_GRANTED,GRANTED,0,0,0,0,NORMAL,NORMAL,0
SEC-000977,F001,Smart Campus,B002,Building B,BLK-B1,Block B1,AP-003,Building B Main Entrance,Entrance,2026-01-07 08:49:31,EMP-0138,Employee 138,EMPLOYEE,ACCESS_GRANTED,GRANTED,0,0,0,0,NORMAL,NORMAL,0
SEC-001058,F001,Smart Campus,B002,Building B,BLK-B1,Block B1,AP-003,Building B Main Entrance,Entrance,2026-01-07 08:52:39,EMP-0374,Employee 374,EMPLOYEE,ACCESS_GRANTED,GRANTED,0,0,0,0,NORMAL,NORMAL,0
SEC-000941,F001,Smart Campus,B001,Building A,BLK-A2,Block A2,AP-002,Building A Side Entrance,Entrance,2026-01-07 09:00:10,EMP-0035,Employee 35,EMPLOYEE,ACCESS_GRANTED,GRANTED,0,0,0,0,NORMAL,NORMAL,0
SEC-001011,F001,Smart Campus,B002,Building B,BLK-B2,Block B2,AP-004,Building B Service Door,Service Area,2026-01-07 09:00:35,EMP-0069,Employee 69,EMPLOYEE,ACCESS_GRANTED,GRANTED,0,0,0,0,NORMAL,NORMAL,0
SEC-000960,F001,Smart Campus,B001,Building A,BLK-A2,Block A2,AP-002,Building A Side Entrance,Entrance,2026-01-07 09:01:47,EMP-0204,Employee 204,EMPLOYEE,ACCESS_GRANTED,GRANTED,0,0,0,0,NORMAL,NORMAL,0
SEC-000966,F001,Smart Campus,B002,Building B,BLK-B1,Block B1,AP-003,Building B Main Entrance,Entrance,2026-01-07 09:04:30,VIS-0021,Visitor 21,VISITOR,UNAUTHORIZED_ACCESS,DENIED,0,1,0,0,SUSPICIOUS_ACCESS,HIGH,1
SEC-000955,F001,Smart Campus,B003,Building C,BLK-C1,Block C1,AP-006,Server Room Access,Restricted Area,2026-01-07 09:09:05,EMP-0121,Employee 121,EMPLOYEE,ACCESS_GRANTED,GRANTED,0,0,0,0,NORMAL,NORMAL,0
SEC-001027,F001,Smart Campus,B003,Building C,BLK-C1,Block C1,AP-005,Building C Main Entrance,Entrance,2026-01-07 09:25:00,EMP-0460,Employee 460,EMPLOYEE,ACCESS_GRANTED,GRANTED,0,0,0,0,NORMAL,NORMAL,0
SEC-001089,F001,Smart Campus,B003,Building C,BLK-C1,Block C1,AP-006,Server Room Access,Restricted Area,2026-01-07 09:31:28,EMP-0112,Employee 112,EMPLOYEE,ACCESS_GRANTED,GRANTED,0,0,0,0,NORMAL,NORMAL,0
SEC-001085,F001,Smart Campus,B001,Building A,BLK-A2,Block A2,AP-002,Building A Side Entrance,Entrance,2026-01-07 09:33:17,EMP-0109,Employee 109,EMPLOYEE,ACCESS_GRANTED,GRANTED,0,0,0,0,NORMAL,NORMAL,0
SEC-000950,F001,Smart Campus,B002,Building B,BLK-B1,Block B1,AP-003,Building B Main Entrance,Entrance,2026-01-07 09:42:54,EMP-0470,Employee 470,EMPLOYEE,ACCESS_GRANTED,GRANTED,0,0,0,0,NORMAL,NORMAL,0
SEC-001014,F001,Smart Campus,B003,Building C,BLK-C1,Block C1,AP-006,Server Room Access,Restricted Area,2026-01-07 09:42:56,EMP-0209,Employee 209,EMPLOYEE,ACCESS_GRANTED,GRANTED,0,0,0,0,NORMAL,NORMAL,0
SEC-001041,F001,Smart Campus,B003,Building C,BLK-C1,Block C1,AP-005,Building C Main Entrance,Entrance,2026-01-07 09:49:14,EMP-0034,Employee 34,EMPLOYEE,ACCESS_GRANTED,GRANTED,0,0,0,0,NORMAL,NORMAL,0
SEC-001054,F001,Smart Campus,B001,Building A,BLK-A2,Block A2,AP-002,Building A Side Entrance,Entrance,2026-01-07 09:51:24,EMP-0050,Employee 50,EMPLOYEE,ACCESS_GRANTED,GRANTED,0,0,0,0,NORMAL,NORMAL,0
SEC-001015,F001,Smart Campus,B001,Building A,BLK-A2,Block A2,AP-002,Building A Side Entrance,Entrance,2026-01-07 10:00:11,EMP-0137,Employee 137,EMPLOYEE,ACCESS_GRANTED,GRANTED,0,0,0,0,NORMAL,NORMAL,0
SEC-001055,F001,Smart Campus,B001,Building A,BLK-A2,Block A2,AP-002,Building A Side Entrance,Entrance,2026-01-07 10:11:42,EMP-0305,Employee 305,EMPLOYEE,ACCESS_GRANTED,GRANTED,0,0,0,0,NORMAL,NORMAL,0
SEC-000944,F001,Smart Campus,B001,Building A,BLK-A2,Block A2,AP-002,Building A Side Entrance,Entrance,2026-01-07 10:25:58,EMP-0219,Employee 219,EMPLOYEE,ACCESS_GRANTED,GRANTED,0,0,0,0,NORMAL,NORMAL,0
SEC-001039,F001,Smart Campus,B003,Building C,BLK-C1,Block C1,AP-006,Server Room Access,Restricted Area,2026-01-07 10:33:30,EMP-0236,Employee 236,EMPLOYEE,UNAUTHORIZED_ACCESS,DENIED,0,1,0,0,SUSPICIOUS_ACCESS,HIGH,1
SEC-001063,F001,Smart Campus,B001,Building A,BLK-A1,Block A1,AP-001,Building A Main Entrance,Entrance,2026-01-07 10:37:02,EMP-0085,Employee 85,EMPLOYEE,ACCESS_GRANTED,GRANTED,0,0,0,0,NORMAL,NORMAL,0
SEC-001074,F001,Smart Campus,B002,Building B,BLK-B1,Block B1,AP-003,Building B Main Entrance,Entrance,2026-01-07 10:37:20,EMP-0291,Employee 291,EMPLOYEE,ACCESS_GRANTED,GRANTED,0,0,0,0,NORMAL,NORMAL,0
SEC-000937,F001,Smart Campus,B002,Building B,BLK-B1,Block B1,AP-003,Building B Main Entrance,Entrance,2026-01-07 10:37:31,EMP-0384,Employee 384,EMPLOYEE,ACCESS_GRANTED,GRANTED,0,0,0,0,NORMAL,NORMAL,0
SEC-001043,F001,Smart Campus,B001,Building A,BLK-A1,Block A1,AP-001,Building A Main Entrance,Entrance,2026-01-07 10:42:10,VIS-0178,Visitor 178,VISITOR,ACCESS_GRANTED,GRANTED,0,0,0,0,NORMAL,NORMAL,0
SEC-001084,F001,Smart Campus,B001,Building A,BLK-A2,Block A2,AP-002,Building A Side Entrance,Entrance,2026-01-07 10:43:11,EMP-0049,Employee 49,EMPLOYEE,ACCESS_GRANTED,GRANTED,0,0,0,0,NORMAL,NORMAL,0
SEC-000970,F001,Smart Campus,B001,Building A,BLK-A2,Block A2,AP-002,Building A Side Entrance,Entrance,2026-01-07 10:45:33,EMP-0182,Employee 182,EMPLOYEE,UNAUTHORIZED_ACCESS,DENIED,0,1,0,0,SUSPICIOUS_ACCESS,HIGH,1
SEC-001023,F001,Smart Campus,B003,Building C,BLK-C1,Block C1,AP-005,Building C Main Entrance,Entrance,2026-01-07 10:57:22,EMP-0303,Employee 303,EMPLOYEE,ACCESS_GRANTED,GRANTED,0,0,0,0,NORMAL,NORMAL,0
SEC-001047,F001,Smart Campus,B002,Building B,BLK-B1,Block B1,AP-003,Building B Main Entrance,Entrance,2026-01-07 11:01:48,EMP-0473,Employee 473,EMPLOYEE,ACCESS_GRANTED,GRANTED,0,0,0,0,NORMAL,NORMAL,0
SEC-000987,F001,Smart Campus,B003,Building C,BLK-C1,Block C1,AP-005,Building C Main Entrance,Entrance,2026-01-07 11:15:23,EMP-0452,Employee 452,EMPLOYEE,ACCESS_GRANTED,GRANTED,0,0,0,0,NORMAL,NORMAL,0
SEC-001064,F001,Smart Campus,B001,Building A,BLK-A2,Block A2,AP-002,Building A Side Entrance,Entrance,2026-01-07 11:21:10,EMP-0393,Employee 393,EMPLOYEE,ACCESS_GRANTED,GRANTED,0,0,0,0,NORMAL,NORMAL,0
SEC-001000,F001,Smart Campus,B003,Building C,BLK-C1,Block C1,AP-006,Server Room Access,Restricted Area,2026-01-07 11:22:49,EMP-0215,Employee 215,EMPLOYEE,ACCESS_GRANTED,GRANTED,0,0,0,0,NORMAL,NORMAL,0
SEC-001071,F001,Smart Campus,B001,Building A,BLK-A1,Block A1,AP-001,Building A Main Entrance,Entrance,2026-01-07 11:28:55,EMP-0388,Employee 388,EMPLOYEE,ACCESS_GRANTED,GRANTED,0,0,0,0,NORMAL,NORMAL,0
SEC-001100,F001,Smart Campus,B001,Building A,BLK-A1,Block A1,AP-001,Building A Main Entrance,Entrance,2026-01-07 11:35:59,EMP-0129,Employee 129,EMPLOYEE,UNAUTHORIZED_ACCESS,DENIED,0,1,0,0,SUSPICIOUS_ACCESS,HIGH,1
SEC-001002,F001,Smart Campus,B003,Building C,BLK-C1,Block C1,AP-005,Building C Main Entrance,Entrance,2026-01-07 11:42:50,EMP-0028,Employee 28,EMPLOYEE,ACCESS_GRANTED,GRANTED,0,0,0,0,NORMAL,NORMAL,0
SEC-001018,F001,Smart Campus,B002,Building B,BLK-B1,Block B1,AP-003,Building B Main Entrance,Entrance,2026-01-07 11:43:01,CON-0103,Contractor 103,CONTRACTOR,ACCESS_GRANTED,GRANTED,0,0,0,0,NORMAL,NORMAL,0
SEC-000982,F001,Smart Campus,B002,Building B,BLK-B2,Block B2,AP-004,Building B Service Door,Service Area,2026-01-07 11:43:27,EMP-0251,Employee 251,EMPLOYEE,ACCESS_GRANTED,GRANTED,0,0,0,0,NORMAL,NORMAL,0
SEC-001092,F001,Smart Campus,B002,Building B,BLK-B2,Block B2,AP-004,Building B Service Door,Service Area,2026-01-07 11:46:03,EMP-0254,Employee 254,EMPLOYEE,ACCESS_GRANTED,GRANTED,0,0,0,0,NORMAL,NORMAL,0
SEC-000985,F001,Smart Campus,B001,Building A,BLK-A1,Block A1,AP-001,Building A Main Entrance,Entrance,2026-01-07 11:56:44,EMP-0191,Employee 191,EMPLOYEE,ACCESS_GRANTED,GRANTED,0,0,0,0,NORMAL,NORMAL,0
SEC-001072,F001,Smart Campus,B001,Building A,BLK-A1,Block A1,AP-001,Building A Main Entrance,Entrance,2026-01-07 12:01:04,EMP-0102,Employee 102,EMPLOYEE,ACCESS_GRANTED,GRANTED,0,0,0,0,NORMAL,NORMAL,0
SEC-001091,F001,Smart Campus,B001,Building A,BLK-A1,Block A1,AP-001,Building A Main Entrance,Entrance,2026-01-07 12:10:39,EMP-0156,Employee 156,EMPLOYEE,ACCESS_GRANTED,GRANTED,0,0,0,0,NORMAL,NORMAL,0
SEC-001017,F001,Smart Campus,B003,Building C,BLK-C1,Block C1,AP-006,Server Room Access,Restricted Area,2026-01-07 12:22:14,EMP-0218,Employee 218,EMPLOYEE,ACCESS_GRANTED,GRANTED,0,0,0,0,NORMAL,NORMAL,0
SEC-000962,F001,Smart Campus,B001,Building A,BLK-A1,Block A1,AP-001,Building A Main Entrance,Entrance,2026-01-07 12:46:50,EMP-0326,Employee 326,EMPLOYEE,ACCESS_GRANTED,GRANTED,0,0,0,0,NORMAL,NORMAL,0
SEC-000946,F001,Smart Campus,B001,Building A,BLK-A1,Block A1,AP-001,Building A Main Entrance,Entrance,2026-01-07 12:48:38,EMP-0465,Employee 465,EMPLOYEE,ACCESS_GRANTED,GRANTED,0,0,0,0,NORMAL,NORMAL,0
SEC-001070,F001,Smart Campus,B002,Building B,BLK-B1,Block B1,AP-003,Building B Main Entrance,Entrance,2026-01-07 13:00:15,CON-0105,Contractor 105,CONTRACTOR,ACCESS_GRANTED,GRANTED,0,0,0,0,NORMAL,NORMAL,0
SEC-000971,F001,Smart Campus,B001,Building A,BLK-A2,Block A2,AP-002,Building A Side Entrance,Entrance,2026-01-07 13:05:28,VIS-0076,Visitor 76,VISITOR,ACCESS_GRANTED,GRANTED,0,0,0,0,NORMAL,NORMAL,0
SEC-001069,F001,Smart Campus,B002,Building B,BLK-B1,Block B1,AP-003,Building B Main Entrance,Entrance,2026-01-07 13:10:55,EMP-0407,Employee 407,EMPLOYEE,ACCESS_GRANTED,GRANTED,0,0,0,0,NORMAL,NORMAL,0
SEC-001094,F001,Smart Campus,B001,Building A,BLK-A1,Block A1,AP-001,Building A Main Entrance,Entrance,2026-01-07 13:12:51,EMP-0183,Employee 183,EMPLOYEE,ACCESS_GRANTED,GRANTED,0,0,0,0,NORMAL,NORMAL,0
SEC-000969,F001,Smart Campus,B003,Building C,BLK-C1,Block C1,AP-006,Server Room Access,Restricted Area,2026-01-07 13:17:25,EMP-0351,Employee 351,EMPLOYEE,ACCESS_DENIED,DENIED,0,0,0,0,NORMAL,MEDIUM,1
SEC-001077,F001,Smart Campus,B002,Building B,BLK-B2,Block B2,AP-004,Building B Service Door,Service Area,2026-01-07 13:21:24,VIS-0284,Visitor 284,VISITOR,ACCESS_GRANTED,GRANTED,0,0,0,0,NORMAL,NORMAL,0
SEC-000973,F001,Smart Campus,B001,Building A,BLK-A2,Block A2,AP-002,Building A Side Entrance,Entrance,2026-01-07 13:22:17,VIS-0148,Visitor 148,VISITOR,ACCESS_GRANTED,GRANTED,0,0,0,0,NORMAL,NORMAL,0
SEC-000949,F001,Smart Campus,B003,Building C,BLK-C1,Block C1,AP-005,Building C Main Entrance,Entrance,2026-01-07 13:28:04,EMP-0052,Employee 52,EMPLOYEE,ACCESS_GRANTED,GRANTED,0,0,0,0,NORMAL,NORMAL,0
SEC-001093,F001,Smart Campus,B002,Building B,BLK-B1,Block B1,AP-003,Building B Main Entrance,Entrance,2026-01-07 13:29:26,EMP-0292,Employee 292,EMPLOYEE,ACCESS_GRANTED,GRANTED,0,0,0,0,NORMAL,NORMAL,0
SEC-001022,F001,Smart Campus,B002,Building B,BLK-B2,Block B2,AP-004,Building B Service Door,Service Area,2026-01-07 13:36:39,EMP-0197,Employee 197,EMPLOYEE,ACCESS_GRANTED,GRANTED,0,0,0,0,NORMAL,NORMAL,0
SEC-000988,F001,Smart Campus,B002,Building B,BLK-B2,Block B2,AP-004,Building B Service Door,Service Area,2026-01-07 13:37:32,EMP-0014,Employee 14,EMPLOYEE,ACCESS_GRANTED,GRANTED,0,0,0,0,NORMAL,NORMAL,0
SEC-000997,F001,Smart Campus,B001,Building A,BLK-A1,Block A1,AP-001,Building A Main Entrance,Entrance,2026-01-07 13:44:20,CON-0053,Contractor 53,CONTRACTOR,ACCESS_GRANTED,GRANTED,0,0,0,0,NORMAL,NORMAL,0
SEC-000936,F001,Smart Campus,B001,Building A,BLK-A1,Block A1,AP-001,Building A Main Entrance,Entrance,2026-01-07 13:45:26,EMP-0331,Employee 331,EMPLOYEE,ACCESS_GRANTED,GRANTED,0,0,0,0,NORMAL,NORMAL,0
SEC-001050,F001,Smart Campus,B002,Building B,BLK-B2,Block B2,AP-004,Building B Service Door,Service Area,2026-01-07 13:45:38,EMP-0105,Employee 105,EMPLOYEE,ACCESS_GRANTED,GRANTED,0,0,0,0,NORMAL,NORMAL,0
SEC-000995,F001,Smart Campus,B001,Building A,BLK-A1,Block A1,AP-001,Building A Main Entrance,Entrance,2026-01-07 13:48:10,EMP-0493,Employee 493,EMPLOYEE,ACCESS_GRANTED,GRANTED,0,0,0,0,NORMAL,NORMAL,0
SEC-001088,F001,Smart Campus,B001,Building A,BLK-A1,Block A1,AP-001,Building A Main Entrance,Entrance,2026-01-07 13:50:18,CON-0055,Contractor 55,CONTRACTOR,ACCESS_DENIED,DENIED,0,0,0,0,NORMAL,MEDIUM,1
SEC-000975,F001,Smart Campus,B001,Building A,BLK-A1,Block A1,AP-001,Building A Main Entrance,Entrance,2026-01-07 13:51:04,EMP-0440,Employee 440,EMPLOYEE,ACCESS_DENIED,DENIED,0,0,0,0,NORMAL,MEDIUM,1
SEC-001046,F001,Smart Campus,B003,Building C,BLK-C1,Block C1,AP-006,Server Room Access,Restricted Area,2026-01-07 14:00:03,EMP-0301,Employee 301,EMPLOYEE,ACCESS_GRANTED,GRANTED,0,0,0,0,NORMAL,NORMAL,0
SEC-001035,F001,Smart Campus,B003,Building C,BLK-C1,Block C1,AP-005,Building C Main Entrance,Entrance,2026-01-07 14:09:48,VIS-0149,Visitor 149,VISITOR,ACCESS_GRANTED,GRANTED,0,0,0,0,NORMAL,NORMAL,0
SEC-001001,F001,Smart Campus,B002,Building B,BLK-B1,Block B1,AP-003,Building B Main Entrance,Entrance,2026-01-07 14:12:00,EMP-0311,Employee 311,EMPLOYEE,ACCESS_GRANTED,GRANTED,0,0,0,0,NORMAL,NORMAL,0
SEC-001051,F001,Smart Campus,B001,Building A,BLK-A2,Block A2,AP-002,Building A Side Entrance,Entrance,2026-01-07 14:19:16,VIS-0258,Visitor 258,VISITOR,ACCESS_GRANTED,GRANTED,0,0,0,0,NORMAL,NORMAL,0
SEC-001087,F001,Smart Campus,B002,Building B,BLK-B2,Block B2,AP-004,Building B Service Door,Service Area,2026-01-07 14:20:27,EMP-0312,Employee 312,EMPLOYEE,ACCESS_GRANTED,GRANTED,0,0,0,0,NORMAL,NORMAL,0
SEC-000947,F001,Smart Campus,B001,Building A,BLK-A2,Block A2,AP-002,Building A Side Entrance,Entrance,2026-01-07 14:25:12,EMP-0236,Employee 236,EMPLOYEE,ACCESS_GRANTED,GRANTED,0,0,0,0,NORMAL,NORMAL,0
SEC-001078,F001,Smart Campus,B003,Building C,BLK-C1,Block C1,AP-006,Server Room Access,Restricted Area,2026-01-07 14:25:35,CON-0096,Contractor 96,CONTRACTOR,ACCESS_GRANTED,GRANTED,0,0,0,0,NORMAL,NORMAL,0
SEC-001032,F001,Smart Campus,B001,Building A,BLK-A2,Block A2,AP-002,Building A Side Entrance,Entrance,2026-01-07 14:27:27,EMP-0410,Employee 410,EMPLOYEE,ACCESS_GRANTED,GRANTED,0,0,0,0,NORMAL,NORMAL,0
SEC-001083,F001,Smart Campus,B001,Building A,BLK-A2,Block A2,AP-002,Building A Side Entrance,Entrance,2026-01-07 14:30:58,EMP-0478,Employee 478,EMPLOYEE,ACCESS_GRANTED,GRANTED,0,0,0,0,NORMAL,NORMAL,0
SEC-001037,F001,Smart Campus,B001,Building A,BLK-A1,Block A1,AP-001,Building A Main Entrance,Entrance,2026-01-07 14:31:31,EMP-0087,Employee 87,EMPLOYEE,ACCESS_GRANTED,GRANTED,0,0,0,0,NORMAL,NORMAL,0
SEC-000954,F001,Smart Campus,B001,Building A,BLK-A1,Block A1,AP-001,Building A Main Entrance,Entrance,2026-01-07 14:31:58,EMP-0327,Employee 327,EMPLOYEE,ACCESS_GRANTED,GRANTED,0,0,0,0,NORMAL,NORMAL,0
SEC-000978,F001,Smart Campus,B002,Building B,BLK-B2,Block B2,AP-004,Building B Service Door,Service Area,2026-01-07 14:36:48,CON-0043,Contractor 43,CONTRACTOR,ACCESS_GRANTED,GRANTED,0,0,0,0,NORMAL,NORMAL,0
SEC-001025,F001,Smart Campus,B002,Building B,BLK-B2,Block B2,AP-004,Building B Service Door,Service Area,2026-01-07 14:39:11,EMP-0400,Employee 400,EMPLOYEE,ACCESS_GRANTED,GRANTED,0,0,0,0,NORMAL,NORMAL,0
SEC-001010,F001,Smart Campus,B001,Building A,BLK-A1,Block A1,AP-001,Building A Main Entrance,Entrance,2026-01-07 15:00:27,CON-0029,Contractor 29,CONTRACTOR,ACCESS_GRANTED,GRANTED,0,0,0,0,NORMAL,NORMAL,0
SEC-001003,F001,Smart Campus,B001,Building A,BLK-A1,Block A1,AP-001,Building A Main Entrance,Entrance,2026-01-07 15:07:26,EMP-0441,Employee 441,EMPLOYEE,ACCESS_GRANTED,GRANTED,0,0,0,0,NORMAL,NORMAL,0
SEC-000959,F001,Smart Campus,B002,Building B,BLK-B1,Block B1,AP-003,Building B Main Entrance,Entrance,2026-01-07 15:12:53,EMP-0088,Employee 88,EMPLOYEE,ACCESS_GRANTED,GRANTED,0,0,0,0,NORMAL,NORMAL,0
SEC-000983,F001,Smart Campus,B002,Building B,BLK-B2,Block B2,AP-004,Building B Service Door,Service Area,2026-01-07 15:16:17,EMP-0027,Employee 27,EMPLOYEE,ACCESS_GRANTED,GRANTED,0,0,0,0,NORMAL,NORMAL,0
SEC-001009,F001,Smart Campus,B001,Building A,BLK-A1,Block A1,AP-001,Building A Main Entrance,Entrance,2026-01-07 15:32:42,EMP-0174,Employee 174,EMPLOYEE,ACCESS_GRANTED,GRANTED,0,0,0,0,NORMAL,NORMAL,0
SEC-001013,F001,Smart Campus,B003,Building C,BLK-C1,Block C1,AP-006,Server Room Access,Restricted Area,2026-01-07 15:43:52,VIS-0004,Visitor 4,VISITOR,ACCESS_GRANTED,GRANTED,0,0,0,0,NORMAL,NORMAL,0
SEC-001044,F001,Smart Campus,B003,Building C,BLK-C1,Block C1,AP-005,Building C Main Entrance,Entrance,2026-01-07 15:50:22,EMP-0177,Employee 177,EMPLOYEE,ACCESS_GRANTED,GRANTED,0,0,0,0,NORMAL,NORMAL,0
SEC-001029,F001,Smart Campus,B002,Building B,BLK-B1,Block B1,AP-003,Building B Main Entrance,Entrance,2026-01-07 16:04:13,EMP-0009,Employee 9,EMPLOYEE,ACCESS_GRANTED,GRANTED,0,0,0,0,NORMAL,NORMAL,0
SEC-000956,F001,Smart Campus,B003,Building C,BLK-C1,Block C1,AP-005,Building C Main Entrance,Entrance,2026-01-07 16:11:47,CON-0002,Contractor 2,CONTRACTOR,ACCESS_GRANTED,GRANTED,0,0,0,0,NORMAL,NORMAL,0
SEC-000976,F001,Smart Campus,B002,Building B,BLK-B2,Block B2,AP-004,Building B Service Door,Service Area,2026-01-07 16:12:11,EMP-0094,Employee 94,EMPLOYEE,ACCESS_GRANTED,GRANTED,0,0,0,0,NORMAL,NORMAL,0
SEC-000957,F001,Smart Campus,B003,Building C,BLK-C1,Block C1,AP-006,Server Room Access,Restricted Area,2026-01-07 16:12:13,VIS-0088,Visitor 88,VISITOR,ACCESS_GRANTED,GRANTED,0,0,0,0,NORMAL,NORMAL,0
SEC-000967,F001,Smart Campus,B003,Building C,BLK-C1,Block C1,AP-006,Server Room Access,Restricted Area,2026-01-07 16:14:15,EMP-0103,Employee 103,EMPLOYEE,ACCESS_GRANTED,GRANTED,0,0,0,0,NORMAL,NORMAL,0
SEC-000968,F001,Smart Campus,B001,Building A,BLK-A1,Block A1,AP-001,Building A Main Entrance,Entrance,2026-01-07 16:14:24,VIS-0024,Visitor 24,VISITOR,ACCESS_GRANTED,GRANTED,0,0,0,0,NORMAL,NORMAL,0
SEC-001021,F001,Smart Campus,B001,Building A,BLK-A1,Block A1,AP-001,Building A Main Entrance,Entrance,2026-01-07 16:19:36,VIS-0090,Visitor 90,VISITOR,ACCESS_GRANTED,GRANTED,0,0,0,0,NORMAL,NORMAL,0
SEC-001080,F001,Smart Campus,B001,Building A,BLK-A2,Block A2,AP-002,Building A Side Entrance,Entrance,2026-01-07 16:23:27,EMP-0112,Employee 112,EMPLOYEE,ACCESS_GRANTED,GRANTED,0,0,0,0,NORMAL,NORMAL,0
SEC-001048,F001,Smart Campus,B001,Building A,BLK-A1,Block A1,AP-001,Building A Main Entrance,Entrance,2026-01-07 16:24:25,VIS-0021,Visitor 21,VISITOR,ACCESS_GRANTED,GRANTED,0,0,0,0,NORMAL,NORMAL,0
SEC-000964,F001,Smart Campus,B002,Building B,BLK-B1,Block B1,AP-003,Building B Main Entrance,Entrance,2026-01-07 16:36:11,EMP-0404,Employee 404,EMPLOYEE,UNAUTHORIZED_ACCESS,DENIED,0,1,0,0,SUSPICIOUS_ACCESS,HIGH,1
SEC-001096,F001,Smart Campus,B003,Building C,BLK-C1,Block C1,AP-005,Building C Main Entrance,Entrance,2026-01-07 16:43:31,EMP-0430,Employee 430,EMPLOYEE,ACCESS_GRANTED,GRANTED,0,0,0,0,NORMAL,NORMAL,0
SEC-000963,F001,Smart Campus,B003,Building C,BLK-C1,Block C1,AP-005,Building C Main Entrance,Entrance,2026-01-07 16:48:16,VIS-0007,Visitor 7,VISITOR,ACCESS_GRANTED,GRANTED,0,0,0,0,NORMAL,NORMAL,0
SEC-000992,F001,Smart Campus,B003,Building C,BLK-C1,Block C1,AP-006,Server Room Access,Restricted Area,2026-01-07 16:55:54,EMP-0247,Employee 247,EMPLOYEE,ACCESS_GRANTED,GRANTED,0,0,0,0,NORMAL,NORMAL,0
SEC-001081,F001,Smart Campus,B002,Building B,BLK-B2,Block B2,AP-004,Building B Service Door,Service Area,2026-01-07 17:08:13,EMP-0441,Employee 441,EMPLOYEE,ACCESS_GRANTED,GRANTED,0,0,0,0,NORMAL,NORMAL,0
SEC-001098,F001,Smart Campus,B003,Building C,BLK-C1,Block C1,AP-005,Building C Main Entrance,Entrance,2026-01-07 17:13:09,VIS-0224,Visitor 224,VISITOR,ACCESS_DENIED,DENIED,0,0,0,0,NORMAL,MEDIUM,1
SEC-000945,F001,Smart Campus,B003,Building C,BLK-C1,Block C1,AP-006,Server Room Access,Restricted Area,2026-01-07 17:14:07,EMP-0495,Employee 495,EMPLOYEE,ACCESS_GRANTED,GRANTED,0,0,0,0,NORMAL,NORMAL,0
SEC-000999,F001,Smart Campus,B003,Building C,BLK-C1,Block C1,AP-005,Building C Main Entrance,Entrance,2026-01-07 17:15:56,EMP-0395,Employee 395,EMPLOYEE,ACCESS_GRANTED,GRANTED,0,0,0,0,NORMAL,NORMAL,0
SEC-001034,F001,Smart Campus,B001,Building A,BLK-A1,Block A1,AP-001,Building A Main Entrance,Entrance,2026-01-07 17:23:15,EMP-0002,Employee 2,EMPLOYEE,ACCESS_GRANTED,GRANTED,0,0,0,0,NORMAL,NORMAL,0
SEC-001016,F001,Smart Campus,B001,Building A,BLK-A2,Block A2,AP-002,Building A Side Entrance,Entrance,2026-01-07 17:48:28,EMP-0471,Employee 471,EMPLOYEE,ACCESS_GRANTED,GRANTED,0,0,0,0,NORMAL,NORMAL,0
SEC-001075,F001,Smart Campus,B002,Building B,BLK-B1,Block B1,AP-003,Building B Main Entrance,Entrance,2026-01-07 17:51:20,EMP-0470,Employee 470,EMPLOYEE,ACCESS_GRANTED,GRANTED,0,0,0,0,NORMAL,NORMAL,0
SEC-001008,F001,Smart Campus,B002,Building B,BLK-B2,Block B2,AP-004,Building B Service Door,Service Area,2026-01-07 17:55:49,EMP-0154,Employee 154,EMPLOYEE,ACCESS_GRANTED,GRANTED,0,0,0,0,NORMAL,NORMAL,0
SEC-001076,F001,Smart Campus,B003,Building C,BLK-C1,Block C1,AP-006,Server Room Access,Restricted Area,2026-01-07 17:59:33,EMP-0273,Employee 273,EMPLOYEE,ACCESS_GRANTED,GRANTED,0,0,0,0,NORMAL,NORMAL,0
SEC-001036,F001,Smart Campus,B002,Building B,BLK-B2,Block B2,AP-004,Building B Service Door,Service Area,2026-01-07 18:10:20,EMP-0038,Employee 38,EMPLOYEE,ACCESS_GRANTED,GRANTED,0,0,0,0,NORMAL,NORMAL,0
SEC-000986,F001,Smart Campus,B001,Building A,BLK-A2,Block A2,AP-002,Building A Side Entrance,Entrance,2026-01-07 18:10:36,VIS-0006,Visitor 6,VISITOR,ACCESS_GRANTED,GRANTED,0,0,0,0,NORMAL,NORMAL,0
SEC-000981,F001,Smart Campus,B001,Building A,BLK-A2,Block A2,AP-002,Building A Side Entrance,Entrance,2026-01-07 18:17:15,EMP-0303,Employee 303,EMPLOYEE,ACCESS_GRANTED,GRANTED,0,0,0,0,NORMAL,NORMAL,0
SEC-001097,F001,Smart Campus,B002,Building B,BLK-B1,Block B1,AP-003,Building B Main Entrance,Entrance,2026-01-07 18:32:27,EMP-0379,Employee 379,EMPLOYEE,ACCESS_GRANTED,GRANTED,0,0,0,0,NORMAL,NORMAL,0
SEC-001062,F001,Smart Campus,B002,Building B,BLK-B1,Block B1,AP-003,Building B Main Entrance,Entrance,2026-01-07 18:33:56,EMP-0332,Employee 332,EMPLOYEE,ACCESS_GRANTED,GRANTED,0,0,0,0,NORMAL,NORMAL,0
SEC-001024,F001,Smart Campus,B003,Building C,BLK-C1,Block C1,AP-006,Server Room Access,Restricted Area,2026-01-07 18:35:15,EMP-0385,Employee 385,EMPLOYEE,ACCESS_GRANTED,GRANTED,0,0,0,0,NORMAL,NORMAL,0
SEC-001067,F001,Smart Campus,B001,Building A,BLK-A1,Block A1,AP-001,Building A Main Entrance,Entrance,2026-01-07 18:35:38,EMP-0147,Employee 147,EMPLOYEE,ACCESS_GRANTED,GRANTED,0,0,0,0,NORMAL,NORMAL,0
SEC-001068,F001,Smart Campus,B003,Building C,BLK-C1,Block C1,AP-006,Server Room Access,Restricted Area,2026-01-07 18:35:38,EMP-0323,Employee 323,EMPLOYEE,ACCESS_GRANTED,GRANTED,0,0,0,0,NORMAL,NORMAL,0
SEC-000934,F001,Smart Campus,B003,Building C,BLK-C1,Block C1,AP-005,Building C Main Entrance,Entrance,2026-01-07 18:38:14,EMP-0116,Employee 116,EMPLOYEE,ACCESS_GRANTED,GRANTED,0,0,0,0,NORMAL,NORMAL,0
SEC-001052,F001,Smart Campus,B002,Building B,BLK-B2,Block B2,AP-004,Building B Service Door,Service Area,2026-01-07 18:38:35,EMP-0497,Employee 497,EMPLOYEE,ACCESS_GRANTED,GRANTED,0,0,0,0,NORMAL,NORMAL,0
SEC-001057,F001,Smart Campus,B002,Building B,BLK-B1,Block B1,AP-003,Building B Main Entrance,Entrance,2026-01-07 18:50:03,VIS-0071,Visitor 71,VISITOR,ACCESS_GRANTED,GRANTED,0,0,0,0,NORMAL,NORMAL,0
SEC-001101,F001,Smart Campus,B002,Building B,BLK-B2,Block B2,AP-004,Building B Service Door,Service Area,2026-01-07 18:58:56,EMP-0466,Employee 466,EMPLOYEE,ACCESS_GRANTED,GRANTED,0,0,0,0,NORMAL,NORMAL,0
SEC-001073,F001,Smart Campus,B001,Building A,BLK-A1,Block A1,AP-001,Building A Main Entrance,Entrance,2026-01-07 19:06:20,EMP-0178,Employee 178,EMPLOYEE,ACCESS_GRANTED,GRANTED,0,0,0,0,NORMAL,NORMAL,0
SEC-001082,F001,Smart Campus,B001,Building A,BLK-A2,Block A2,AP-002,Building A Side Entrance,Entrance,2026-01-07 19:10:52,EMP-0412,Employee 412,EMPLOYEE,ACCESS_GRANTED,GRANTED,0,0,0,0,NORMAL,NORMAL,0
SEC-001042,F001,Smart Campus,B002,Building B,BLK-B1,Block B1,AP-003,Building B Main Entrance,Entrance,2026-01-07 19:38:04,VIS-0018,Visitor 18,VISITOR,ACCESS_DENIED,DENIED,0,0,0,0,NORMAL,MEDIUM,1
SEC-001038,F001,Smart Campus,B001,Building A,BLK-A1,Block A1,AP-001,Building A Main Entrance,Entrance,2026-01-07 19:42:11,CON-0038,Contractor 38,CONTRACTOR,ACCESS_GRANTED,GRANTED,0,0,0,0,NORMAL,NORMAL,0
SEC-000991,F001,Smart Campus,B002,Building B,BLK-B1,Block B1,AP-003,Building B Main Entrance,Entrance,2026-01-07 19:52:02,EMP-0385,Employee 385,EMPLOYEE,ACCESS_GRANTED,GRANTED,0,0,0,0,NORMAL,NORMAL,0
SEC-000996,F001,Smart Campus,B003,Building C,BLK-C1,Block C1,AP-005,Building C Main Entrance,Entrance,2026-01-07 19:53:32,VIS-0042,Visitor 42,VISITOR,ACCESS_GRANTED,GRANTED,0,0,0,0,NORMAL,NORMAL,0
SEC-000948,F001,Smart Campus,B002,Building B,BLK-B2,Block B2,AP-004,Building B Service Door,Service Area,2026-01-07 19:55:17,EMP-0290,Employee 290,EMPLOYEE,ACCESS_GRANTED,GRANTED,0,0,0,0,NORMAL,NORMAL,0
SEC-000989,F001,Smart Campus,B002,Building B,BLK-B2,Block B2,AP-004,Building B Service Door,Service Area,2026-01-07 19:56:57,EMP-0478,Employee 478,EMPLOYEE,ACCESS_GRANTED,GRANTED,0,0,0,0,NORMAL,NORMAL,0
SEC-000938,F001,Smart Campus,B003,Building C,BLK-C1,Block C1,AP-005,Building C Main Entrance,Entrance,2026-01-07 20:00:26,EMP-0187,Employee 187,EMPLOYEE,ACCESS_GRANTED,GRANTED,0,0,0,0,NORMAL,NORMAL,0
SEC-001079,F001,Smart Campus,B003,Building C,BLK-C1,Block C1,AP-006,Server Room Access,Restricted Area,2026-01-07 20:30:51,EMP-0278,Employee 278,EMPLOYEE,ACCESS_GRANTED,GRANTED,0,0,0,0,NORMAL,NORMAL,0
SEC-001066,F001,Smart Campus,B002,Building B,BLK-B2,Block B2,AP-004,Building B Service Door,Service Area,2026-01-07 20:31:59,EMP-0165,Employee 165,EMPLOYEE,ACCESS_GRANTED,GRANTED,0,0,0,0,NORMAL,NORMAL,0
SEC-000943,F001,Smart Campus,B002,Building B,BLK-B2,Block B2,AP-004,Building B Service Door,Service Area,2026-01-07 20:35:51,EMP-0356,Employee 356,EMPLOYEE,ACCESS_GRANTED,GRANTED,0,0,0,0,NORMAL,NORMAL,0
SEC-001019,F001,Smart Campus,B001,Building A,BLK-A2,Block A2,AP-002,Building A Side Entrance,Entrance,2026-01-07 20:45:36,EMP-0256,Employee 256,EMPLOYEE,ACCESS_GRANTED,GRANTED,0,0,0,0,NORMAL,NORMAL,0
SEC-001026,F001,Smart Campus,B001,Building A,BLK-A1,Block A1,AP-001,Building A Main Entrance,Entrance,2026-01-07 20:51:16,VIS-0127,Visitor 127,VISITOR,ACCESS_GRANTED,GRANTED,0,0,0,0,NORMAL,NORMAL,0
SEC-000998,F001,Smart Campus,B001,Building A,BLK-A1,Block A1,AP-001,Building A Main Entrance,Entrance,2026-01-07 20:53:19,EMP-0088,Employee 88,EMPLOYEE,ACCESS_GRANTED,GRANTED,0,0,0,0,NORMAL,NORMAL,0
SEC-001102,F001,Smart Campus,B002,Building B,BLK-B2,Block B2,AP-004,Building B Service Door,Service Area,2026-01-07 20:56:59,EMP-0175,Employee 175,EMPLOYEE,ACCESS_GRANTED,GRANTED,0,0,0,0,NORMAL,NORMAL,0
SEC-000965,F001,Smart Campus,B001,Building A,BLK-A2,Block A2,AP-002,Building A Side Entrance,Entrance,2026-01-07 21:02:08,EMP-0001,Employee 1,EMPLOYEE,ACCESS_GRANTED,GRANTED,1,0,0,0,NORMAL,LOW,0
SEC-001030,F001,Smart Campus,B003,Building C,BLK-C1,Block C1,AP-006,Server Room Access,Restricted Area,2026-01-07 21:08:02,EMP-0277,Employee 277,EMPLOYEE,ACCESS_GRANTED,GRANTED,1,0,0,0,NORMAL,LOW,0
SEC-001045,F001,Smart Campus,B002,Building B,BLK-B1,Block B1,AP-003,Building B Main Entrance,Entrance,2026-01-07 21:16:17,EMP-0318,Employee 318,EMPLOYEE,ACCESS_GRANTED,GRANTED,1,0,0,0,NORMAL,LOW,0
SEC-000974,F001,Smart Campus,B003,Building C,BLK-C1,Block C1,AP-006,Server Room Access,Restricted Area,2026-01-07 22:23:30,CON-0009,Contractor 9,CONTRACTOR,ACCESS_GRANTED,GRANTED,1,0,0,0,NORMAL,LOW,0
SEC-001033,F001,Smart Campus,B001,Building A,BLK-A2,Block A2,AP-002,Building A Side Entrance,Entrance,2026-01-07 23:52:49,EMP-0499,Employee 499,EMPLOYEE,ACCESS_GRANTED,GRANTED,1,0,0,0,NORMAL,LOW,0
SEC-001005,F001,Smart Campus,B003,Building C,BLK-C1,Block C1,AP-006,Server Room Access,Restricted Area,2026-01-07 23:58:46,EMP-0462,Employee 462,EMPLOYEE,ACCESS_GRANTED,GRANTED,1,0,0,0,NORMAL,LOW,0
SEC-001131,F001,Smart Campus,B003,Building C,BLK-C1,Block C1,AP-006,Server Room Access,Restricted Area,2026-01-08 00:02:45,VIS-0220,Visitor 220,VISITOR,ACCESS_GRANTED,GRANTED,1,0,0,0,NORMAL,LOW,0
SEC-001205,F001,Smart Campus,B003,Building C,BLK-C1,Block C1,AP-006,Server Room Access,Restricted Area,2026-01-08 00:13:25,VIS-0135,Visitor 135,VISITOR,ACCESS_GRANTED,GRANTED,1,0,0,0,NORMAL,LOW,0
SEC-001213,F001,Smart Campus,B002,Building B,BLK-B2,Block B2,AP-004,Building B Service Door,Service Area,2026-01-08 00:47:04,VIS-0021,Visitor 21,VISITOR,ACCESS_GRANTED,GRANTED,1,0,0,0,NORMAL,LOW,0
SEC-001243,F001,Smart Campus,B003,Building C,BLK-C1,Block C1,AP-005,Building C Main Entrance,Entrance,2026-01-08 00:53:26,EMP-0221,Employee 221,EMPLOYEE,ACCESS_GRANTED,GRANTED,1,0,0,0,NORMAL,LOW,0
SEC-001211,F001,Smart Campus,B002,Building B,BLK-B1,Block B1,AP-003,Building B Main Entrance,Entrance,2026-01-08 01:06:25,EMP-0145,Employee 145,EMPLOYEE,ACCESS_GRANTED,GRANTED,1,0,0,0,AFTER_HOURS_MOVEMENT,LOW,0
SEC-001252,F001,Smart Campus,B001,Building A,BLK-A2,Block A2,AP-002,Building A Side Entrance,Entrance,2026-01-08 01:20:40,EMP-0415,Employee 415,EMPLOYEE,ACCESS_GRANTED,GRANTED,1,0,0,0,NORMAL,LOW,0
SEC-001245,F001,Smart Campus,B002,Building B,BLK-B2,Block B2,AP-004,Building B Service Door,Service Area,2026-01-08 01:25:20,EMP-0213,Employee 213,EMPLOYEE,ACCESS_GRANTED,GRANTED,1,0,0,0,NORMAL,LOW,0
SEC-001123,F001,Smart Campus,B002,Building B,BLK-B1,Block B1,AP-003,Building B Main Entrance,Entrance,2026-01-08 01:42:19,EMP-0461,Employee 461,EMPLOYEE,ACCESS_GRANTED,GRANTED,1,0,0,0,NORMAL,LOW,0
SEC-001221,F001,Smart Campus,B002,Building B,BLK-B1,Block B1,AP-003,Building B Main Entrance,Entrance,2026-01-08 01:45:15,EMP-0172,Employee 172,EMPLOYEE,ACCESS_GRANTED,GRANTED,1,0,0,0,NORMAL,LOW,0
SEC-001146,F001,Smart Campus,B002,Building B,BLK-B2,Block B2,AP-004,Building B Service Door,Service Area,2026-01-08 01:48:09,CON-0083,Contractor 83,CONTRACTOR,ACCESS_GRANTED,GRANTED,1,0,0,0,NORMAL,LOW,0
SEC-001185,F001,Smart Campus,B001,Building A,BLK-A1,Block A1,AP-001,Building A Main Entrance,Entrance,2026-01-08 01:48:13,EMP-0158,Employee 158,EMPLOYEE,ACCESS_GRANTED,GRANTED,1,0,0,0,NORMAL,LOW,0
SEC-001228,F001,Smart Campus,B003,Building C,BLK-C1,Block C1,AP-006,Server Room Access,Restricted Area,2026-01-08 01:53:14,EMP-0420,Employee 420,EMPLOYEE,ACCESS_GRANTED,GRANTED,1,0,0,0,NORMAL,LOW,0
SEC-001157,F001,Smart Campus,B001,Building A,BLK-A1,Block A1,AP-001,Building A Main Entrance,Entrance,2026-01-08 02:04:32,EMP-0208,Employee 208,EMPLOYEE,ACCESS_GRANTED,GRANTED,1,0,0,0,NORMAL,LOW,0
SEC-001117,F001,Smart Campus,B003,Building C,BLK-C1,Block C1,AP-005,Building C Main Entrance,Entrance,2026-01-08 02:53:17,EMP-0079,Employee 79,EMPLOYEE,ACCESS_GRANTED,GRANTED,1,0,0,0,NORMAL,LOW,0
SEC-001167,F001,Smart Campus,B002,Building B,BLK-B2,Block B2,AP-004,Building B Service Door,Service Area,2026-01-08 02:55:51,EMP-0027,Employee 27,EMPLOYEE,ACCESS_GRANTED,GRANTED,1,0,0,0,NORMAL,LOW,0
SEC-001174,F001,Smart Campus,B003,Building C,BLK-C1,Block C1,AP-005,Building C Main Entrance,Entrance,2026-01-08 03:04:08,VIS-0005,Visitor 5,VISITOR,ACCESS_GRANTED,GRANTED,1,0,0,0,NORMAL,LOW,0
SEC-001179,F001,Smart Campus,B002,Building B,BLK-B2,Block B2,AP-004,Building B Service Door,Service Area,2026-01-08 03:15:59,VIS-0037,Visitor 37,VISITOR,ACCESS_GRANTED,GRANTED,1,0,0,0,NORMAL,LOW,0
SEC-001260,F001,Smart Campus,B002,Building B,BLK-B1,Block B1,AP-003,Building B Main Entrance,Entrance,2026-01-08 04:00:46,EMP-0319,Employee 319,EMPLOYEE,TAILGATING,GRANTED,1,0,0,1,TAILGATING,HIGH,1
SEC-001247,F001,Smart Campus,B003,Building C,BLK-C1,Block C1,AP-005,Building C Main Entrance,Entrance,2026-01-08 04:17:19,EMP-0429,Employee 429,EMPLOYEE,ACCESS_GRANTED,GRANTED,1,0,0,0,AFTER_HOURS_MOVEMENT,LOW,0
SEC-001218,F001,Smart Campus,B002,Building B,BLK-B2,Block B2,AP-004,Building B Service Door,Service Area,2026-01-08 04:20:08,CON-0020,Contractor 20,CONTRACTOR,ACCESS_GRANTED,GRANTED,1,0,0,0,NORMAL,LOW,0
SEC-001201,F001,Smart Campus,B001,Building A,BLK-A1,Block A1,AP-001,Building A Main Entrance,Entrance,2026-01-08 04:34:39,EMP-0247,Employee 247,EMPLOYEE,ACCESS_GRANTED,GRANTED,1,0,0,0,NORMAL,LOW,0
SEC-001214,F001,Smart Campus,B003,Building C,BLK-C1,Block C1,AP-006,Server Room Access,Restricted Area,2026-01-08 04:35:16,VIS-0031,Visitor 31,VISITOR,ACCESS_GRANTED,GRANTED,1,0,0,0,NORMAL,LOW,0
SEC-001206,F001,Smart Campus,B003,Building C,BLK-C1,Block C1,AP-006,Server Room Access,Restricted Area,2026-01-08 04:36:29,EMP-0210,Employee 210,EMPLOYEE,ACCESS_GRANTED,GRANTED,1,0,0,0,NORMAL,LOW,0
SEC-001109,F001,Smart Campus,B003,Building C,BLK-C1,Block C1,AP-005,Building C Main Entrance,Entrance,2026-01-08 05:20:48,VIS-0253,Visitor 253,VISITOR,ACCESS_GRANTED,GRANTED,1,0,0,0,NORMAL,LOW,0
SEC-001234,F001,Smart Campus,B001,Building A,BLK-A1,Block A1,AP-001,Building A Main Entrance,Entrance,2026-01-08 05:42:01,VIS-0161,Visitor 161,VISITOR,ACCESS_GRANTED,GRANTED,1,0,0,0,NORMAL,LOW,0
SEC-001121,F001,Smart Campus,B001,Building A,BLK-A2,Block A2,AP-002,Building A Side Entrance,Entrance,2026-01-08 05:58:33,EMP-0391,Employee 391,EMPLOYEE,ACCESS_GRANTED,GRANTED,1,0,0,0,NORMAL,LOW,0
SEC-001135,F001,Smart Campus,B003,Building C,BLK-C1,Block C1,AP-005,Building C Main Entrance,Entrance,2026-01-08 06:10:25,VIS-0108,Visitor 108,VISITOR,ACCESS_GRANTED,GRANTED,1,0,0,0,AFTER_HOURS_MOVEMENT,LOW,0
SEC-001139,F001,Smart Campus,B001,Building A,BLK-A1,Block A1,AP-001,Building A Main Entrance,Entrance,2026-01-08 06:45:48,VIS-0019,Visitor 19,VISITOR,ACCESS_GRANTED,GRANTED,1,0,0,0,NORMAL,LOW,0
SEC-001164,F001,Smart Campus,B003,Building C,BLK-C1,Block C1,AP-005,Building C Main Entrance,Entrance,2026-01-08 07:04:57,CON-0113,Contractor 113,CONTRACTOR,ACCESS_GRANTED,GRANTED,0,0,0,0,NORMAL,NORMAL,0
SEC-001217,F001,Smart Campus,B002,Building B,BLK-B2,Block B2,AP-004,Building B Service Door,Service Area,2026-01-08 07:10:59,EMP-0412,Employee 412,EMPLOYEE,ACCESS_GRANTED,GRANTED,0,0,0,0,NORMAL,NORMAL,0
SEC-001180,F001,Smart Campus,B001,Building A,BLK-A1,Block A1,AP-001,Building A Main Entrance,Entrance,2026-01-08 07:11:32,EMP-0172,Employee 172,EMPLOYEE,ACCESS_GRANTED,GRANTED,0,0,0,0,NORMAL,NORMAL,0
SEC-001251,F001,Smart Campus,B001,Building A,BLK-A2,Block A2,AP-002,Building A Side Entrance,Entrance,2026-01-08 07:15:48,EMP-0337,Employee 337,EMPLOYEE,ACCESS_GRANTED,GRANTED,0,0,0,0,NORMAL,NORMAL,0
SEC-001144,F001,Smart Campus,B002,Building B,BLK-B1,Block B1,AP-003,Building B Main Entrance,Entrance,2026-01-08 07:22:08,EMP-0269,Employee 269,EMPLOYEE,ACCESS_GRANTED,GRANTED,0,0,0,0,NORMAL,NORMAL,0
SEC-001127,F001,Smart Campus,B002,Building B,BLK-B2,Block B2,AP-004,Building B Service Door,Service Area,2026-01-08 07:24:25,EMP-0303,Employee 303,EMPLOYEE,ACCESS_GRANTED,GRANTED,0,0,0,0,NORMAL,NORMAL,0
SEC-001257,F001,Smart Campus,B001,Building A,BLK-A1,Block A1,AP-001,Building A Main Entrance,Entrance,2026-01-08 07:26:06,EMP-0025,Employee 25,EMPLOYEE,ACCESS_GRANTED,GRANTED,0,0,0,0,NORMAL,NORMAL,0
SEC-001118,F001,Smart Campus,B002,Building B,BLK-B1,Block B1,AP-003,Building B Main Entrance,Entrance,2026-01-08 07:29:13,EMP-0395,Employee 395,EMPLOYEE,ACCESS_GRANTED,GRANTED,0,0,0,0,NORMAL,NORMAL,0
SEC-001115,F001,Smart Campus,B003,Building C,BLK-C1,Block C1,AP-006,Server Room Access,Restricted Area,2026-01-08 07:34:39,EMP-0115,Employee 115,EMPLOYEE,UNAUTHORIZED_ACCESS,DENIED,0,1,0,0,SUSPICIOUS_ACCESS,HIGH,1
SEC-001236,F001,Smart Campus,B002,Building B,BLK-B2,Block B2,AP-004,Building B Service Door,Service Area,2026-01-08 07:38:48,EMP-0124,Employee 124,EMPLOYEE,ACCESS_GRANTED,GRANTED,0,0,0,0,NORMAL,NORMAL,0
SEC-001149,F001,Smart Campus,B003,Building C,BLK-C1,Block C1,AP-005,Building C Main Entrance,Entrance,2026-01-08 07:58:48,CON-0109,Contractor 109,CONTRACTOR,ACCESS_GRANTED,GRANTED,0,0,0,0,NORMAL,NORMAL,0
SEC-001200,F001,Smart Campus,B001,Building A,BLK-A2,Block A2,AP-002,Building A Side Entrance,Entrance,2026-01-08 08:01:15,EMP-0413,Employee 413,EMPLOYEE,ACCESS_GRANTED,GRANTED,0,0,0,0,NORMAL,NORMAL,0
SEC-001207,F001,Smart Campus,B002,Building B,BLK-B1,Block B1,AP-003,Building B Main Entrance,Entrance,2026-01-08 08:02:06,CON-0028,Contractor 28,CONTRACTOR,ACCESS_GRANTED,GRANTED,0,0,0,0,NORMAL,NORMAL,0
SEC-001202,F001,Smart Campus,B002,Building B,BLK-B1,Block B1,AP-003,Building B Main Entrance,Entrance,2026-01-08 08:08:07,CON-0102,Contractor 102,CONTRACTOR,ACCESS_GRANTED,GRANTED,0,0,0,0,NORMAL,NORMAL,0
SEC-001182,F001,Smart Campus,B001,Building A,BLK-A1,Block A1,AP-001,Building A Main Entrance,Entrance,2026-01-08 08:16:20,EMP-0290,Employee 290,EMPLOYEE,ACCESS_GRANTED,GRANTED,0,0,0,0,NORMAL,NORMAL,0
SEC-001199,F001,Smart Campus,B003,Building C,BLK-C1,Block C1,AP-006,Server Room Access,Restricted Area,2026-01-08 08:22:55,EMP-0485,Employee 485,EMPLOYEE,ACCESS_GRANTED,GRANTED,0,0,0,0,NORMAL,NORMAL,0
SEC-001165,F001,Smart Campus,B003,Building C,BLK-C1,Block C1,AP-005,Building C Main Entrance,Entrance,2026-01-08 08:30:55,EMP-0037,Employee 37,EMPLOYEE,ACCESS_GRANTED,GRANTED,0,0,0,0,NORMAL,NORMAL,0
SEC-001225,F001,Smart Campus,B001,Building A,BLK-A1,Block A1,AP-001,Building A Main Entrance,Entrance,2026-01-08 08:37:40,EMP-0175,Employee 175,EMPLOYEE,ACCESS_GRANTED,GRANTED,0,0,0,0,NORMAL,NORMAL,0
SEC-001220,F001,Smart Campus,B002,Building B,BLK-B1,Block B1,AP-003,Building B Main Entrance,Entrance,2026-01-08 08:42:24,EMP-0296,Employee 296,EMPLOYEE,ACCESS_GRANTED,GRANTED,0,0,0,0,NORMAL,NORMAL,0
SEC-001186,F001,Smart Campus,B003,Building C,BLK-C1,Block C1,AP-005,Building C Main Entrance,Entrance,2026-01-08 08:50:13,EMP-0376,Employee 376,EMPLOYEE,ACCESS_GRANTED,GRANTED,0,0,0,0,NORMAL,NORMAL,0
SEC-001238,F001,Smart Campus,B003,Building C,BLK-C1,Block C1,AP-005,Building C Main Entrance,Entrance,2026-01-08 08:59:41,EMP-0241,Employee 241,EMPLOYEE,ACCESS_GRANTED,GRANTED,0,0,0,0,NORMAL,NORMAL,0
SEC-001254,F001,Smart Campus,B003,Building C,BLK-C1,Block C1,AP-005,Building C Main Entrance,Entrance,2026-01-08 09:01:19,EMP-0238,Employee 238,EMPLOYEE,ACCESS_GRANTED,GRANTED,0,0,0,0,NORMAL,NORMAL,0
SEC-001239,F001,Smart Campus,B001,Building A,BLK-A2,Block A2,AP-002,Building A Side Entrance,Entrance,2026-01-08 09:05:41,EMP-0285,Employee 285,EMPLOYEE,ACCESS_GRANTED,GRANTED,0,0,0,0,NORMAL,NORMAL,0
SEC-001103,F001,Smart Campus,B003,Building C,BLK-C1,Block C1,AP-005,Building C Main Entrance,Entrance,2026-01-08 09:13:28,EMP-0280,Employee 280,EMPLOYEE,ACCESS_DENIED,DENIED,0,0,0,0,NORMAL,MEDIUM,1
SEC-001148,F001,Smart Campus,B003,Building C,BLK-C1,Block C1,AP-005,Building C Main Entrance,Entrance,2026-01-08 09:14:40,CON-0069,Contractor 69,CONTRACTOR,ACCESS_DENIED,DENIED,0,0,0,0,NORMAL,MEDIUM,1
SEC-001195,F001,Smart Campus,B002,Building B,BLK-B1,Block B1,AP-003,Building B Main Entrance,Entrance,2026-01-08 09:18:12,VIS-0199,Visitor 199,VISITOR,ACCESS_GRANTED,GRANTED,0,0,0,0,NORMAL,NORMAL,0
SEC-001193,F001,Smart Campus,B003,Building C,BLK-C1,Block C1,AP-005,Building C Main Entrance,Entrance,2026-01-08 09:18:56,EMP-0486,Employee 486,EMPLOYEE,ACCESS_GRANTED,GRANTED,0,0,0,0,NORMAL,NORMAL,0
SEC-001150,F001,Smart Campus,B002,Building B,BLK-B2,Block B2,AP-004,Building B Service Door,Service Area,2026-01-08 09:39:20,EMP-0389,Employee 389,EMPLOYEE,ACCESS_GRANTED,GRANTED,0,0,0,0,NORMAL,NORMAL,0
SEC-001170,F001,Smart Campus,B003,Building C,BLK-C1,Block C1,AP-005,Building C Main Entrance,Entrance,2026-01-08 09:47:51,EMP-0033,Employee 33,EMPLOYEE,ACCESS_GRANTED,GRANTED,0,0,0,0,NORMAL,NORMAL,0
SEC-001259,F001,Smart Campus,B001,Building A,BLK-A1,Block A1,AP-001,Building A Main Entrance,Entrance,2026-01-08 09:53:21,EMP-0368,Employee 368,EMPLOYEE,ACCESS_GRANTED,GRANTED,0,0,0,0,NORMAL,NORMAL,0
SEC-001253,F001,Smart Campus,B003,Building C,BLK-C1,Block C1,AP-005,Building C Main Entrance,Entrance,2026-01-08 09:57:56,EMP-0308,Employee 308,EMPLOYEE,ACCESS_GRANTED,GRANTED,0,0,0,0,NORMAL,NORMAL,0
SEC-001212,F001,Smart Campus,B002,Building B,BLK-B1,Block B1,AP-003,Building B Main Entrance,Entrance,2026-01-08 09:57:58,EMP-0272,Employee 272,EMPLOYEE,ACCESS_GRANTED,GRANTED,0,0,0,0,NORMAL,NORMAL,0
SEC-001235,F001,Smart Campus,B003,Building C,BLK-C1,Block C1,AP-006,Server Room Access,Restricted Area,2026-01-08 09:59:52,EMP-0476,Employee 476,EMPLOYEE,ACCESS_GRANTED,GRANTED,0,0,0,0,NORMAL,NORMAL,0
SEC-001175,F001,Smart Campus,B002,Building B,BLK-B2,Block B2,AP-004,Building B Service Door,Service Area,2026-01-08 10:03:44,EMP-0192,Employee 192,EMPLOYEE,ACCESS_GRANTED,GRANTED,0,0,0,0,NORMAL,NORMAL,0
SEC-001122,F001,Smart Campus,B002,Building B,BLK-B1,Block B1,AP-003,Building B Main Entrance,Entrance,2026-01-08 10:06:36,EMP-0341,Employee 341,EMPLOYEE,ACCESS_GRANTED,GRANTED,0,0,0,0,NORMAL,NORMAL,0
SEC-001256,F001,Smart Campus,B002,Building B,BLK-B1,Block B1,AP-003,Building B Main Entrance,Entrance,2026-01-08 10:07:53,EMP-0081,Employee 81,EMPLOYEE,ACCESS_GRANTED,GRANTED,0,0,0,0,NORMAL,NORMAL,0
SEC-001261,F001,Smart Campus,B002,Building B,BLK-B1,Block B1,AP-003,Building B Main Entrance,Entrance,2026-01-08 10:08:47,EMP-0493,Employee 493,EMPLOYEE,ACCESS_GRANTED,GRANTED,0,0,0,0,NORMAL,NORMAL,0
SEC-001160,F001,Smart Campus,B003,Building C,BLK-C1,Block C1,AP-006,Server Room Access,Restricted Area,2026-01-08 10:12:49,CON-0039,Contractor 39,CONTRACTOR,ACCESS_GRANTED,GRANTED,0,0,0,0,NORMAL,NORMAL,0
SEC-001172,F001,Smart Campus,B002,Building B,BLK-B1,Block B1,AP-003,Building B Main Entrance,Entrance,2026-01-08 10:14:04,EMP-0185,Employee 185,EMPLOYEE,ACCESS_GRANTED,GRANTED,0,0,0,0,NORMAL,NORMAL,0
SEC-001190,F001,Smart Campus,B003,Building C,BLK-C1,Block C1,AP-005,Building C Main Entrance,Entrance,2026-01-08 10:22:25,VIS-0048,Visitor 48,VISITOR,ACCESS_GRANTED,GRANTED,0,0,0,0,NORMAL,NORMAL,0
SEC-001176,F001,Smart Campus,B001,Building A,BLK-A2,Block A2,AP-002,Building A Side Entrance,Entrance,2026-01-08 10:37:05,EMP-0481,Employee 481,EMPLOYEE,ACCESS_GRANTED,GRANTED,0,0,0,0,NORMAL,NORMAL,0
SEC-001152,F001,Smart Campus,B003,Building C,BLK-C1,Block C1,AP-005,Building C Main Entrance,Entrance,2026-01-08 10:45:02,EMP-0425,Employee 425,EMPLOYEE,ACCESS_GRANTED,GRANTED,0,0,0,0,NORMAL,NORMAL,0
SEC-001248,F001,Smart Campus,B002,Building B,BLK-B1,Block B1,AP-003,Building B Main Entrance,Entrance,2026-01-08 10:47:09,CON-0045,Contractor 45,CONTRACTOR,ACCESS_GRANTED,GRANTED,0,0,0,0,NORMAL,NORMAL,0
SEC-001204,F001,Smart Campus,B002,Building B,BLK-B1,Block B1,AP-003,Building B Main Entrance,Entrance,2026-01-08 10:58:52,EMP-0056,Employee 56,EMPLOYEE,ACCESS_GRANTED,GRANTED,0,0,0,0,NORMAL,NORMAL,0
SEC-001249,F001,Smart Campus,B002,Building B,BLK-B2,Block B2,AP-004,Building B Service Door,Service Area,2026-01-08 11:07:46,EMP-0127,Employee 127,EMPLOYEE,ACCESS_GRANTED,GRANTED,0,0,0,0,NORMAL,NORMAL,0
SEC-001178,F001,Smart Campus,B003,Building C,BLK-C1,Block C1,AP-005,Building C Main Entrance,Entrance,2026-01-08 11:08:21,VIS-0028,Visitor 28,VISITOR,ACCESS_GRANTED,GRANTED,0,0,0,0,NORMAL,NORMAL,0
SEC-001187,F001,Smart Campus,B002,Building B,BLK-B1,Block B1,AP-003,Building B Main Entrance,Entrance,2026-01-08 11:11:32,EMP-0396,Employee 396,EMPLOYEE,ACCESS_GRANTED,GRANTED,0,0,0,0,NORMAL,NORMAL,0
SEC-001145,F001,Smart Campus,B002,Building B,BLK-B1,Block B1,AP-003,Building B Main Entrance,Entrance,2026-01-08 11:16:02,EMP-0261,Employee 261,EMPLOYEE,ACCESS_GRANTED,GRANTED,0,0,0,0,NORMAL,NORMAL,0
SEC-001116,F001,Smart Campus,B003,Building C,BLK-C1,Block C1,AP-006,Server Room Access,Restricted Area,2026-01-08 11:42:37,EMP-0395,Employee 395,EMPLOYEE,ACCESS_GRANTED,GRANTED,0,0,0,0,NORMAL,NORMAL,0
SEC-001158,F001,Smart Campus,B001,Building A,BLK-A2,Block A2,AP-002,Building A Side Entrance,Entrance,2026-01-08 11:53:17,EMP-0198,Employee 198,EMPLOYEE,ACCESS_GRANTED,GRANTED,0,0,0,0,NORMAL,NORMAL,0
SEC-001237,F001,Smart Campus,B002,Building B,BLK-B1,Block B1,AP-003,Building B Main Entrance,Entrance,2026-01-08 11:58:55,EMP-0169,Employee 169,EMPLOYEE,ACCESS_GRANTED,GRANTED,0,0,0,0,NORMAL,NORMAL,0
SEC-001264,F001,Smart Campus,B002,Building B,BLK-B2,Block B2,AP-004,Building B Service Door,Service Area,2026-01-08 12:11:42,EMP-0459,Employee 459,EMPLOYEE,ACCESS_GRANTED,GRANTED,0,0,0,0,NORMAL,NORMAL,0
SEC-001133,F001,Smart Campus,B002,Building B,BLK-B2,Block B2,AP-004,Building B Service Door,Service Area,2026-01-08 12:12:37,EMP-0420,Employee 420,EMPLOYEE,ACCESS_GRANTED,GRANTED,0,0,0,0,NORMAL,NORMAL,0
SEC-001246,F001,Smart Campus,B003,Building C,BLK-C1,Block C1,AP-005,Building C Main Entrance,Entrance,2026-01-08 12:14:40,EMP-0144,Employee 144,EMPLOYEE,ACCESS_GRANTED,GRANTED,0,0,0,0,NORMAL,NORMAL,0
SEC-001227,F001,Smart Campus,B001,Building A,BLK-A2,Block A2,AP-002,Building A Side Entrance,Entrance,2026-01-08 12:25:23,EMP-0196,Employee 196,EMPLOYEE,ACCESS_GRANTED,GRANTED,0,0,0,0,NORMAL,NORMAL,0
SEC-001137,F001,Smart Campus,B001,Building A,BLK-A1,Block A1,AP-001,Building A Main Entrance,Entrance,2026-01-08 12:47:05,EMP-0414,Employee 414,EMPLOYEE,ACCESS_GRANTED,GRANTED,0,0,0,0,NORMAL,NORMAL,0
SEC-001242,F001,Smart Campus,B002,Building B,BLK-B1,Block B1,AP-003,Building B Main Entrance,Entrance,2026-01-08 12:58:31,VIS-0293,Visitor 293,VISITOR,ACCESS_GRANTED,GRANTED,0,0,0,0,NORMAL,NORMAL,0
SEC-001244,F001,Smart Campus,B003,Building C,BLK-C1,Block C1,AP-005,Building C Main Entrance,Entrance,2026-01-08 13:04:46,EMP-0170,Employee 170,EMPLOYEE,ACCESS_GRANTED,GRANTED,0,0,0,0,NORMAL,NORMAL,0
SEC-001125,F001,Smart Campus,B002,Building B,BLK-B1,Block B1,AP-003,Building B Main Entrance,Entrance,2026-01-08 13:10:15,EMP-0113,Employee 113,EMPLOYEE,ACCESS_GRANTED,GRANTED,0,0,0,0,NORMAL,NORMAL,0
SEC-001262,F001,Smart Campus,B001,Building A,BLK-A1,Block A1,AP-001,Building A Main Entrance,Entrance,2026-01-08 13:18:28,EMP-0429,Employee 429,EMPLOYEE,ACCESS_GRANTED,GRANTED,0,0,0,0,NORMAL,NORMAL,0
SEC-001108,F001,Smart Campus,B001,Building A,BLK-A2,Block A2,AP-002,Building A Side Entrance,Entrance,2026-01-08 13:20:22,CON-0116,Contractor 116,CONTRACTOR,ACCESS_GRANTED,GRANTED,0,0,0,0,NORMAL,NORMAL,0
SEC-001111,F001,Smart Campus,B002,Building B,BLK-B1,Block B1,AP-003,Building B Main Entrance,Entrance,2026-01-08 13:22:16,EMP-0079,Employee 79,EMPLOYEE,ACCESS_GRANTED,GRANTED,0,0,0,0,NORMAL,NORMAL,0
SEC-001255,F001,Smart Campus,B001,Building A,BLK-A2,Block A2,AP-002,Building A Side Entrance,Entrance,2026-01-08 13:24:38,EMP-0440,Employee 440,EMPLOYEE,ACCESS_GRANTED,GRANTED,0,0,0,0,NORMAL,NORMAL,0
SEC-001162,F001,Smart Campus,B001,Building A,BLK-A1,Block A1,AP-001,Building A Main Entrance,Entrance,2026-01-08 13:26:26,EMP-0040,Employee 40,EMPLOYEE,UNAUTHORIZED_ACCESS,DENIED,0,1,0,0,SUSPICIOUS_ACCESS,HIGH,1
SEC-001188,F001,Smart Campus,B002,Building B,BLK-B1,Block B1,AP-003,Building B Main Entrance,Entrance,2026-01-08 13:27:12,EMP-0382,Employee 382,EMPLOYEE,ACCESS_GRANTED,GRANTED,0,0,0,0,NORMAL,NORMAL,0
SEC-001140,F001,Smart Campus,B003,Building C,BLK-C1,Block C1,AP-005,Building C Main Entrance,Entrance,2026-01-08 13:35:38,VIS-0115,Visitor 115,VISITOR,ACCESS_GRANTED,GRANTED,0,0,0,0,NORMAL,NORMAL,0
SEC-001107,F001,Smart Campus,B002,Building B,BLK-B2,Block B2,AP-004,Building B Service Door,Service Area,2026-01-08 13:51:07,EMP-0279,Employee 279,EMPLOYEE,ACCESS_GRANTED,GRANTED,0,0,0,0,NORMAL,NORMAL,0
SEC-001258,F001,Smart Campus,B001,Building A,BLK-A2,Block A2,AP-002,Building A Side Entrance,Entrance,2026-01-08 14:05:38,EMP-0030,Employee 30,EMPLOYEE,ACCESS_GRANTED,GRANTED,0,0,0,0,NORMAL,NORMAL,0
SEC-001130,F001,Smart Campus,B001,Building A,BLK-A2,Block A2,AP-002,Building A Side Entrance,Entrance,2026-01-08 14:07:28,EMP-0485,Employee 485,EMPLOYEE,ACCESS_GRANTED,GRANTED,0,0,0,0,NORMAL,NORMAL,0
SEC-001232,F001,Smart Campus,B001,Building A,BLK-A1,Block A1,AP-001,Building A Main Entrance,Entrance,2026-01-08 14:20:55,EMP-0099,Employee 99,EMPLOYEE,ACCESS_GRANTED,GRANTED,0,0,0,0,NORMAL,NORMAL,0
SEC-001134,F001,Smart Campus,B002,Building B,BLK-B2,Block B2,AP-004,Building B Service Door,Service Area,2026-01-08 14:32:04,EMP-0034,Employee 34,EMPLOYEE,ACCESS_GRANTED,GRANTED,0,0,0,0,NORMAL,NORMAL,0
SEC-001119,F001,Smart Campus,B001,Building A,BLK-A1,Block A1,AP-001,Building A Main Entrance,Entrance,2026-01-08 14:40:40,CON-0147,Contractor 147,CONTRACTOR,ACCESS_GRANTED,GRANTED,0,0,0,0,NORMAL,NORMAL,0
SEC-001189,F001,Smart Campus,B002,Building B,BLK-B2,Block B2,AP-004,Building B Service Door,Service Area,2026-01-08 14:40:57,VIS-0125,Visitor 125,VISITOR,ACCESS_GRANTED,GRANTED,0,0,0,0,NORMAL,NORMAL,0
SEC-001196,F001,Smart Campus,B001,Building A,BLK-A1,Block A1,AP-001,Building A Main Entrance,Entrance,2026-01-08 14:55:41,EMP-0215,Employee 215,EMPLOYEE,ACCESS_GRANTED,GRANTED,0,0,0,0,NORMAL,NORMAL,0
SEC-001141,F001,Smart Campus,B003,Building C,BLK-C1,Block C1,AP-006,Server Room Access,Restricted Area,2026-01-08 14:58:02,EMP-0162,Employee 162,EMPLOYEE,UNAUTHORIZED_ACCESS,DENIED,0,1,0,0,SUSPICIOUS_ACCESS,HIGH,1
SEC-001112,F001,Smart Campus,B003,Building C,BLK-C1,Block C1,AP-005,Building C Main Entrance,Entrance,2026-01-08 14:59:18,EMP-0411,Employee 411,EMPLOYEE,ACCESS_GRANTED,GRANTED,0,0,0,0,NORMAL,NORMAL,0
SEC-001104,F001,Smart Campus,B002,Building B,BLK-B1,Block B1,AP-003,Building B Main Entrance,Entrance,2026-01-08 15:03:24,EMP-0375,Employee 375,EMPLOYEE,ACCESS_GRANTED,GRANTED,0,0,0,0,NORMAL,NORMAL,0
SEC-001198,F001,Smart Campus,B001,Building A,BLK-A1,Block A1,AP-001,Building A Main Entrance,Entrance,2026-01-08 15:09:18,EMP-0303,Employee 303,EMPLOYEE,ACCESS_GRANTED,GRANTED,0,0,0,0,NORMAL,NORMAL,0
SEC-001154,F001,Smart Campus,B003,Building C,BLK-C1,Block C1,AP-006,Server Room Access,Restricted Area,2026-01-08 15:15:37,EMP-0200,Employee 200,EMPLOYEE,UNAUTHORIZED_ACCESS,DENIED,0,1,0,0,SUSPICIOUS_ACCESS,HIGH,1
SEC-001222,F001,Smart Campus,B002,Building B,BLK-B2,Block B2,AP-004,Building B Service Door,Service Area,2026-01-08 15:16:52,EMP-0086,Employee 86,EMPLOYEE,ACCESS_GRANTED,GRANTED,0,0,0,0,NORMAL,NORMAL,0
SEC-001132,F001,Smart Campus,B001,Building A,BLK-A1,Block A1,AP-001,Building A Main Entrance,Entrance,2026-01-08 15:17:51,EMP-0229,Employee 229,EMPLOYEE,ACCESS_GRANTED,GRANTED,0,0,0,0,NORMAL,NORMAL,0
SEC-001226,F001,Smart Campus,B002,Building B,BLK-B1,Block B1,AP-003,Building B Main Entrance,Entrance,2026-01-08 15:18:56,EMP-0095,Employee 95,EMPLOYEE,ACCESS_GRANTED,GRANTED,0,0,0,0,NORMAL,NORMAL,0
SEC-001110,F001,Smart Campus,B001,Building A,BLK-A1,Block A1,AP-001,Building A Main Entrance,Entrance,2026-01-08 15:28:21,EMP-0415,Employee 415,EMPLOYEE,ACCESS_GRANTED,GRANTED,0,0,0,0,NORMAL,NORMAL,0
SEC-001194,F001,Smart Campus,B001,Building A,BLK-A2,Block A2,AP-002,Building A Side Entrance,Entrance,2026-01-08 15:37:44,EMP-0475,Employee 475,EMPLOYEE,ACCESS_GRANTED,GRANTED,0,0,0,0,NORMAL,NORMAL,0
SEC-001142,F001,Smart Campus,B003,Building C,BLK-C1,Block C1,AP-005,Building C Main Entrance,Entrance,2026-01-08 15:50:46,VIS-0098,Visitor 98,VISITOR,ACCESS_GRANTED,GRANTED,0,0,0,0,NORMAL,NORMAL,0
SEC-001224,F001,Smart Campus,B003,Building C,BLK-C1,Block C1,AP-005,Building C Main Entrance,Entrance,2026-01-08 15:58:58,EMP-0200,Employee 200,EMPLOYEE,ACCESS_GRANTED,GRANTED,0,0,0,0,NORMAL,NORMAL,0
SEC-001166,F001,Smart Campus,B002,Building B,BLK-B1,Block B1,AP-003,Building B Main Entrance,Entrance,2026-01-08 16:10:13,EMP-0440,Employee 440,EMPLOYEE,ACCESS_GRANTED,GRANTED,0,0,0,0,NORMAL,NORMAL,0
SEC-001208,F001,Smart Campus,B003,Building C,BLK-C1,Block C1,AP-006,Server Room Access,Restricted Area,2026-01-08 16:17:46,EMP-0390,Employee 390,EMPLOYEE,ACCESS_DENIED,DENIED,0,0,0,0,NORMAL,MEDIUM,1
SEC-001114,F001,Smart Campus,B002,Building B,BLK-B2,Block B2,AP-004,Building B Service Door,Service Area,2026-01-08 16:19:51,CON-0040,Contractor 40,CONTRACTOR,ACCESS_GRANTED,GRANTED,0,0,0,0,NORMAL,NORMAL,0
SEC-001105,F001,Smart Campus,B002,Building B,BLK-B1,Block B1,AP-003,Building B Main Entrance,Entrance,2026-01-08 16:38:34,CON-0070,Contractor 70,CONTRACTOR,ACCESS_GRANTED,GRANTED,0,0,0,0,NORMAL,NORMAL,0
SEC-001263,F001,Smart Campus,B002,Building B,BLK-B1,Block B1,AP-003,Building B Main Entrance,Entrance,2026-01-08 16:44:58,EMP-0042,Employee 42,EMPLOYEE,ACCESS_GRANTED,GRANTED,0,0,0,0,NORMAL,NORMAL,0
SEC-001106,F001,Smart Campus,B002,Building B,BLK-B2,Block B2,AP-004,Building B Service Door,Service Area,2026-01-08 16:49:50,EMP-0453,Employee 453,EMPLOYEE,TAILGATING,GRANTED,0,0,0,1,TAILGATING,HIGH,1
SEC-001191,F001,Smart Campus,B002,Building B,BLK-B1,Block B1,AP-003,Building B Main Entrance,Entrance,2026-01-08 16:54:04,EMP-0392,Employee 392,EMPLOYEE,ACCESS_GRANTED,GRANTED,0,0,0,0,NORMAL,NORMAL,0
SEC-001192,F001,Smart Campus,B003,Building C,BLK-C1,Block C1,AP-006,Server Room Access,Restricted Area,2026-01-08 16:58:26,EMP-0054,Employee 54,EMPLOYEE,ACCESS_GRANTED,GRANTED,0,0,0,0,NORMAL,NORMAL,0
SEC-001184,F001,Smart Campus,B003,Building C,BLK-C1,Block C1,AP-005,Building C Main Entrance,Entrance,2026-01-08 17:11:03,EMP-0072,Employee 72,EMPLOYEE,ACCESS_GRANTED,GRANTED,0,0,0,0,NORMAL,NORMAL,0
SEC-001171,F001,Smart Campus,B002,Building B,BLK-B1,Block B1,AP-003,Building B Main Entrance,Entrance,2026-01-08 17:16:56,EMP-0247,Employee 247,EMPLOYEE,ACCESS_GRANTED,GRANTED,0,0,0,0,NORMAL,NORMAL,0
SEC-001203,F001,Smart Campus,B002,Building B,BLK-B2,Block B2,AP-004,Building B Service Door,Service Area,2026-01-08 17:17:53,EMP-0297,Employee 297,EMPLOYEE,ACCESS_GRANTED,GRANTED,0,0,0,0,NORMAL,NORMAL,0
SEC-001197,F001,Smart Campus,B002,Building B,BLK-B1,Block B1,AP-003,Building B Main Entrance,Entrance,2026-01-08 17:18:26,EMP-0257,Employee 257,EMPLOYEE,ACCESS_GRANTED,GRANTED,0,0,0,0,NORMAL,NORMAL,0
SEC-001223,F001,Smart Campus,B001,Building A,BLK-A1,Block A1,AP-001,Building A Main Entrance,Entrance,2026-01-08 17:23:18,EMP-0415,Employee 415,EMPLOYEE,ACCESS_GRANTED,GRANTED,0,0,0,0,NORMAL,NORMAL,0
SEC-001209,F001,Smart Campus,B001,Building A,BLK-A2,Block A2,AP-002,Building A Side Entrance,Entrance,2026-01-08 17:26:53,EMP-0410,Employee 410,EMPLOYEE,ACCESS_GRANTED,GRANTED,0,0,0,0,NORMAL,NORMAL,0
SEC-001120,F001,Smart Campus,B003,Building C,BLK-C1,Block C1,AP-005,Building C Main Entrance,Entrance,2026-01-08 17:27:00,EMP-0316,Employee 316,EMPLOYEE,ACCESS_GRANTED,GRANTED,0,0,0,0,NORMAL,NORMAL,0
SEC-001169,F001,Smart Campus,B003,Building C,BLK-C1,Block C1,AP-006,Server Room Access,Restricted Area,2026-01-08 17:28:24,VIS-0135,Visitor 135,VISITOR,ACCESS_GRANTED,GRANTED,0,0,0,0,NORMAL,NORMAL,0
SEC-001156,F001,Smart Campus,B002,Building B,BLK-B1,Block B1,AP-003,Building B Main Entrance,Entrance,2026-01-08 17:31:17,EMP-0473,Employee 473,EMPLOYEE,ACCESS_GRANTED,GRANTED,0,0,0,0,NORMAL,NORMAL,0
SEC-001161,F001,Smart Campus,B001,Building A,BLK-A1,Block A1,AP-001,Building A Main Entrance,Entrance,2026-01-08 17:37:24,EMP-0096,Employee 96,EMPLOYEE,ACCESS_GRANTED,GRANTED,0,0,0,0,NORMAL,NORMAL,0
SEC-001241,F001,Smart Campus,B003,Building C,BLK-C1,Block C1,AP-006,Server Room Access,Restricted Area,2026-01-08 18:28:16,CON-0062,Contractor 62,CONTRACTOR,ACCESS_GRANTED,GRANTED,0,0,0,0,NORMAL,NORMAL,0
SEC-001183,F001,Smart Campus,B001,Building A,BLK-A2,Block A2,AP-002,Building A Side Entrance,Entrance,2026-01-08 18:33:09,EMP-0437,Employee 437,EMPLOYEE,ACCESS_GRANTED,GRANTED,0,0,0,0,NORMAL,NORMAL,0
SEC-001126,F001,Smart Campus,B003,Building C,BLK-C1,Block C1,AP-006,Server Room Access,Restricted Area,2026-01-08 18:39:48,EMP-0236,Employee 236,EMPLOYEE,ACCESS_GRANTED,GRANTED,0,0,0,0,NORMAL,NORMAL,0
SEC-001233,F001,Smart Campus,B002,Building B,BLK-B1,Block B1,AP-003,Building B Main Entrance,Entrance,2026-01-08 18:48:35,EMP-0310,Employee 310,EMPLOYEE,ACCESS_GRANTED,GRANTED,0,0,0,0,NORMAL,NORMAL,0
SEC-001151,F001,Smart Campus,B002,Building B,BLK-B2,Block B2,AP-004,Building B Service Door,Service Area,2026-01-08 18:58:10,EMP-0361,Employee 361,EMPLOYEE,ACCESS_GRANTED,GRANTED,0,0,0,0,NORMAL,NORMAL,0
SEC-001177,F001,Smart Campus,B003,Building C,BLK-C1,Block C1,AP-006,Server Room Access,Restricted Area,2026-01-08 19:00:31,VIS-0040,Visitor 40,VISITOR,ACCESS_GRANTED,GRANTED,0,0,0,0,NORMAL,NORMAL,0
SEC-001143,F001,Smart Campus,B001,Building A,BLK-A2,Block A2,AP-002,Building A Side Entrance,Entrance,2026-01-08 19:10:53,VIS-0112,Visitor 112,VISITOR,ACCESS_GRANTED,GRANTED,0,0,0,0,NORMAL,NORMAL,0
SEC-001113,F001,Smart Campus,B002,Building B,BLK-B2,Block B2,AP-004,Building B Service Door,Service Area,2026-01-08 19:14:53,EMP-0241,Employee 241,EMPLOYEE,ACCESS_GRANTED,GRANTED,0,0,0,0,NORMAL,NORMAL,0
SEC-001168,F001,Smart Campus,B003,Building C,BLK-C1,Block C1,AP-005,Building C Main Entrance,Entrance,2026-01-08 19:22:47,CON-0098,Contractor 98,CONTRACTOR,ACCESS_GRANTED,GRANTED,0,0,0,0,NORMAL,NORMAL,0
SEC-001159,F001,Smart Campus,B001,Building A,BLK-A2,Block A2,AP-002,Building A Side Entrance,Entrance,2026-01-08 19:28:18,EMP-0066,Employee 66,EMPLOYEE,ACCESS_GRANTED,GRANTED,0,0,0,0,NORMAL,NORMAL,0
SEC-001147,F001,Smart Campus,B002,Building B,BLK-B2,Block B2,AP-004,Building B Service Door,Service Area,2026-01-08 19:34:38,EMP-0020,Employee 20,EMPLOYEE,ACCESS_GRANTED,GRANTED,0,0,0,0,NORMAL,NORMAL,0
SEC-001124,F001,Smart Campus,B001,Building A,BLK-A1,Block A1,AP-001,Building A Main Entrance,Entrance,2026-01-08 19:46:08,VIS-0164,Visitor 164,VISITOR,ACCESS_GRANTED,GRANTED,0,0,0,0,NORMAL,NORMAL,0
SEC-001230,F001,Smart Campus,B001,Building A,BLK-A1,Block A1,AP-001,Building A Main Entrance,Entrance,2026-01-08 19:48:06,EMP-0275,Employee 275,EMPLOYEE,ACCESS_GRANTED,GRANTED,0,0,0,0,NORMAL,NORMAL,0
SEC-001229,F001,Smart Campus,B003,Building C,BLK-C1,Block C1,AP-006,Server Room Access,Restricted Area,2026-01-08 19:51:06,VIS-0002,Visitor 2,VISITOR,ACCESS_GRANTED,GRANTED,0,0,0,0,NORMAL,NORMAL,0
SEC-001163,F001,Smart Campus,B001,Building A,BLK-A2,Block A2,AP-002,Building A Side Entrance,Entrance,2026-01-08 19:58:02,EMP-0435,Employee 435,EMPLOYEE,ACCESS_GRANTED,GRANTED,0,0,0,0,NORMAL,NORMAL,0
SEC-001181,F001,Smart Campus,B003,Building C,BLK-C1,Block C1,AP-006,Server Room Access,Restricted Area,2026-01-08 20:08:10,EMP-0049,Employee 49,EMPLOYEE,ACCESS_GRANTED,GRANTED,0,0,0,0,NORMAL,NORMAL,0
SEC-001173,F001,Smart Campus,B002,Building B,BLK-B2,Block B2,AP-004,Building B Service Door,Service Area,2026-01-08 20:12:09,EMP-0059,Employee 59,EMPLOYEE,ACCESS_GRANTED,GRANTED,0,0,0,0,NORMAL,NORMAL,0
SEC-001153,F001,Smart Campus,B003,Building C,BLK-C1,Block C1,AP-006,Server Room Access,Restricted Area,2026-01-08 20:14:14,EMP-0047,Employee 47,EMPLOYEE,ACCESS_GRANTED,GRANTED,0,0,0,0,NORMAL,NORMAL,0
SEC-001219,F001,Smart Campus,B002,Building B,BLK-B2,Block B2,AP-004,Building B Service Door,Service Area,2026-01-08 20:27:12,EMP-0123,Employee 123,EMPLOYEE,ACCESS_GRANTED,GRANTED,0,0,0,0,NORMAL,NORMAL,0
SEC-001155,F001,Smart Campus,B002,Building B,BLK-B1,Block B1,AP-003,Building B Main Entrance,Entrance,2026-01-08 20:30:45,EMP-0091,Employee 91,EMPLOYEE,ACCESS_GRANTED,GRANTED,0,0,0,0,NORMAL,NORMAL,0
SEC-001250,F001,Smart Campus,B002,Building B,BLK-B1,Block B1,AP-003,Building B Main Entrance,Entrance,2026-01-08 20:37:59,EMP-0090,Employee 90,EMPLOYEE,ACCESS_GRANTED,GRANTED,0,0,0,0,NORMAL,NORMAL,0
SEC-001138,F001,Smart Campus,B003,Building C,BLK-C1,Block C1,AP-005,Building C Main Entrance,Entrance,2026-01-08 20:41:50,VIS-0262,Visitor 262,VISITOR,ACCESS_GRANTED,GRANTED,0,0,0,0,NORMAL,NORMAL,0
SEC-001231,F001,Smart Campus,B001,Building A,BLK-A1,Block A1,AP-001,Building A Main Entrance,Entrance,2026-01-08 20:50:42,EMP-0118,Employee 118,EMPLOYEE,ACCESS_GRANTED,GRANTED,0,0,0,0,NORMAL,NORMAL,0
SEC-001215,F001,Smart Campus,B003,Building C,BLK-C1,Block C1,AP-006,Server Room Access,Restricted Area,2026-01-08 20:59:37,EMP-0472,Employee 472,EMPLOYEE,ACCESS_GRANTED,GRANTED,0,0,0,0,NORMAL,NORMAL,0
SEC-001216,F001,Smart Campus,B003,Building C,BLK-C1,Block C1,AP-006,Server Room Access,Restricted Area,2026-01-08 21:07:13,VIS-0051,Visitor 51,VISITOR,ACCESS_GRANTED,GRANTED,1,0,0,0,AFTER_HOURS_MOVEMENT,LOW,0
SEC-001136,F001,Smart Campus,B001,Building A,BLK-A2,Block A2,AP-002,Building A Side Entrance,Entrance,2026-01-08 21:25:05,EMP-0304,Employee 304,EMPLOYEE,ACCESS_GRANTED,GRANTED,1,0,0,0,NORMAL,LOW,0
SEC-001240,F001,Smart Campus,B002,Building B,BLK-B2,Block B2,AP-004,Building B Service Door,Service Area,2026-01-08 22:41:45,CON-0059,Contractor 59,CONTRACTOR,ACCESS_GRANTED,GRANTED,1,0,0,0,NORMAL,LOW,0
SEC-001210,F001,Smart Campus,B001,Building A,BLK-A1,Block A1,AP-001,Building A Main Entrance,Entrance,2026-01-08 22:51:44,EMP-0373,Employee 373,EMPLOYEE,ACCESS_GRANTED,GRANTED,1,0,0,0,AFTER_HOURS_MOVEMENT,LOW,0
SEC-001128,F001,Smart Campus,B001,Building A,BLK-A1,Block A1,AP-001,Building A Main Entrance,Entrance,2026-01-08 22:59:57,VIS-0047,Visitor 47,VISITOR,ACCESS_GRANTED,GRANTED,1,0,0,0,NORMAL,LOW,0
SEC-001129,F001,Smart Campus,B002,Building B,BLK-B1,Block B1,AP-003,Building B Main Entrance,Entrance,2026-01-08 23:19:26,EMP-0304,Employee 304,EMPLOYEE,ACCESS_GRANTED,GRANTED,1,0,0,0,NORMAL,LOW,0
SEC-001281,F001,Smart Campus,B003,Building C,BLK-C1,Block C1,AP-006,Server Room Access,Restricted Area,2026-01-09 00:18:58,EMP-0253,Employee 253,EMPLOYEE,ACCESS_GRANTED,GRANTED,1,0,0,0,NORMAL,LOW,0
SEC-001397,F001,Smart Campus,B002,Building B,BLK-B1,Block B1,AP-003,Building B Main Entrance,Entrance,2026-01-09 00:50:41,EMP-0430,Employee 430,EMPLOYEE,ACCESS_GRANTED,GRANTED,1,0,0,0,NORMAL,LOW,0
SEC-001363,F001,Smart Campus,B003,Building C,BLK-C1,Block C1,AP-005,Building C Main Entrance,Entrance,2026-01-09 01:22:02,EMP-0353,Employee 353,EMPLOYEE,ACCESS_GRANTED,GRANTED,1,0,0,0,NORMAL,LOW,0
SEC-001312,F001,Smart Campus,B003,Building C,BLK-C1,Block C1,AP-006,Server Room Access,Restricted Area,2026-01-09 01:43:37,EMP-0244,Employee 244,EMPLOYEE,ACCESS_GRANTED,GRANTED,1,0,0,0,NORMAL,LOW,0
SEC-001407,F001,Smart Campus,B002,Building B,BLK-B2,Block B2,AP-004,Building B Service Door,Service Area,2026-01-09 03:24:35,EMP-0493,Employee 493,EMPLOYEE,ACCESS_GRANTED,GRANTED,1,0,0,0,NORMAL,LOW,0
SEC-001388,F001,Smart Campus,B001,Building A,BLK-A1,Block A1,AP-001,Building A Main Entrance,Entrance,2026-01-09 04:40:22,VIS-0088,Visitor 88,VISITOR,ACCESS_GRANTED,GRANTED,1,0,0,0,NORMAL,LOW,0
SEC-001350,F001,Smart Campus,B001,Building A,BLK-A1,Block A1,AP-001,Building A Main Entrance,Entrance,2026-01-09 04:50:11,CON-0109,Contractor 109,CONTRACTOR,ACCESS_GRANTED,GRANTED,1,0,0,0,NORMAL,LOW,0
SEC-001274,F001,Smart Campus,B001,Building A,BLK-A2,Block A2,AP-002,Building A Side Entrance,Entrance,2026-01-09 05:04:51,EMP-0094,Employee 94,EMPLOYEE,ACCESS_GRANTED,GRANTED,1,0,0,0,NORMAL,LOW,0
SEC-001414,F001,Smart Campus,B003,Building C,BLK-C1,Block C1,AP-005,Building C Main Entrance,Entrance,2026-01-09 05:26:22,EMP-0049,Employee 49,EMPLOYEE,ACCESS_GRANTED,GRANTED,1,0,0,0,NORMAL,LOW,0
SEC-001265,F001,Smart Campus,B001,Building A,BLK-A1,Block A1,AP-001,Building A Main Entrance,Entrance,2026-01-09 05:30:35,EMP-0340,Employee 340,EMPLOYEE,ACCESS_GRANTED,GRANTED,1,0,0,0,AFTER_HOURS_MOVEMENT,LOW,0
SEC-001300,F001,Smart Campus,B002,Building B,BLK-B1,Block B1,AP-003,Building B Main Entrance,Entrance,2026-01-09 05:34:13,EMP-0131,Employee 131,EMPLOYEE,ACCESS_GRANTED,GRANTED,1,0,0,0,NORMAL,LOW,0
SEC-001275,F001,Smart Campus,B002,Building B,BLK-B2,Block B2,AP-004,Building B Service Door,Service Area,2026-01-09 05:43:25,EMP-0385,Employee 385,EMPLOYEE,ACCESS_GRANTED,GRANTED,1,0,0,0,NORMAL,LOW,0
SEC-001342,F001,Smart Campus,B001,Building A,BLK-A2,Block A2,AP-002,Building A Side Entrance,Entrance,2026-01-09 05:47:34,EMP-0016,Employee 16,EMPLOYEE,ACCESS_GRANTED,GRANTED,1,0,0,0,NORMAL,LOW,0
SEC-001311,F001,Smart Campus,B003,Building C,BLK-C1,Block C1,AP-006,Server Room Access,Restricted Area,2026-01-09 05:47:42,EMP-0421,Employee 421,EMPLOYEE,ACCESS_GRANTED,GRANTED,1,0,0,0,NORMAL,LOW,0
SEC-001370,F001,Smart Campus,B002,Building B,BLK-B1,Block B1,AP-003,Building B Main Entrance,Entrance,2026-01-09 05:48:43,EMP-0233,Employee 233,EMPLOYEE,ACCESS_GRANTED,GRANTED,1,0,0,0,NORMAL,LOW,0
SEC-001406,F001,Smart Campus,B001,Building A,BLK-A2,Block A2,AP-002,Building A Side Entrance,Entrance,2026-01-09 06:16:30,EMP-0129,Employee 129,EMPLOYEE,ACCESS_GRANTED,GRANTED,1,0,0,0,NORMAL,LOW,0
SEC-001343,F001,Smart Campus,B001,Building A,BLK-A1,Block A1,AP-001,Building A Main Entrance,Entrance,2026-01-09 06:21:30,EMP-0097,Employee 97,EMPLOYEE,ACCESS_GRANTED,GRANTED,1,0,0,0,NORMAL,LOW,0
SEC-001376,F001,Smart Campus,B001,Building A,BLK-A2,Block A2,AP-002,Building A Side Entrance,Entrance,2026-01-09 06:28:14,EMP-0052,Employee 52,EMPLOYEE,ACCESS_GRANTED,GRANTED,1,0,0,0,NORMAL,LOW,0
SEC-001303,F001,Smart Campus,B002,Building B,BLK-B1,Block B1,AP-003,Building B Main Entrance,Entrance,2026-01-09 06:35:31,EMP-0107,Employee 107,EMPLOYEE,UNAUTHORIZED_ACCESS,DENIED,1,1,0,0,SUSPICIOUS_ACCESS,CRITICAL,1
SEC-001321,F001,Smart Campus,B003,Building C,BLK-C1,Block C1,AP-005,Building C Main Entrance,Entrance,2026-01-09 06:54:18,EMP-0123,Employee 123,EMPLOYEE,ACCESS_GRANTED,GRANTED,1,0,0,0,NORMAL,LOW,0
SEC-001345,F001,Smart Campus,B003,Building C,BLK-C1,Block C1,AP-006,Server Room Access,Restricted Area,2026-01-09 07:00:45,EMP-0135,Employee 135,EMPLOYEE,ACCESS_GRANTED,GRANTED,0,0,0,0,NORMAL,NORMAL,0
SEC-001392,F001,Smart Campus,B002,Building B,BLK-B1,Block B1,AP-003,Building B Main Entrance,Entrance,2026-01-09 07:06:15,EMP-0281,Employee 281,EMPLOYEE,ACCESS_GRANTED,GRANTED,0,0,0,0,NORMAL,NORMAL,0
SEC-001375,F001,Smart Campus,B002,Building B,BLK-B2,Block B2,AP-004,Building B Service Door,Service Area,2026-01-09 07:19:21,EMP-0169,Employee 169,EMPLOYEE,ACCESS_GRANTED,GRANTED,0,0,0,0,NORMAL,NORMAL,0
SEC-001316,F001,Smart Campus,B003,Building C,BLK-C1,Block C1,AP-006,Server Room Access,Restricted Area,2026-01-09 07:23:44,EMP-0344,Employee 344,EMPLOYEE,ACCESS_GRANTED,GRANTED,0,0,0,0,NORMAL,NORMAL,0
SEC-001348,F001,Smart Campus,B003,Building C,BLK-C1,Block C1,AP-005,Building C Main Entrance,Entrance,2026-01-09 07:25:42,EMP-0177,Employee 177,EMPLOYEE,ACCESS_GRANTED,GRANTED,0,0,0,0,NORMAL,NORMAL,0
SEC-001282,F001,Smart Campus,B002,Building B,BLK-B1,Block B1,AP-003,Building B Main Entrance,Entrance,2026-01-09 07:29:01,EMP-0333,Employee 333,EMPLOYEE,ACCESS_GRANTED,GRANTED,0,0,0,0,NORMAL,NORMAL,0
SEC-001313,F001,Smart Campus,B002,Building B,BLK-B2,Block B2,AP-004,Building B Service Door,Service Area,2026-01-09 07:38:39,EMP-0194,Employee 194,EMPLOYEE,ACCESS_GRANTED,GRANTED,0,0,0,0,NORMAL,NORMAL,0
SEC-001351,F001,Smart Campus,B003,Building C,BLK-C1,Block C1,AP-006,Server Room Access,Restricted Area,2026-01-09 07:44:51,EMP-0453,Employee 453,EMPLOYEE,ACCESS_GRANTED,GRANTED,0,0,0,0,NORMAL,NORMAL,0
SEC-001269,F001,Smart Campus,B001,Building A,BLK-A2,Block A2,AP-002,Building A Side Entrance,Entrance,2026-01-09 07:47:15,EMP-0173,Employee 173,EMPLOYEE,ACCESS_GRANTED,GRANTED,0,0,0,0,NORMAL,NORMAL,0
SEC-001310,F001,Smart Campus,B001,Building A,BLK-A1,Block A1,AP-001,Building A Main Entrance,Entrance,2026-01-09 07:52:09,EMP-0143,Employee 143,EMPLOYEE,ACCESS_GRANTED,GRANTED,0,0,0,0,NORMAL,NORMAL,0
SEC-001273,F001,Smart Campus,B002,Building B,BLK-B1,Block B1,AP-003,Building B Main Entrance,Entrance,2026-01-09 07:52:24,VIS-0084,Visitor 84,VISITOR,ACCESS_GRANTED,GRANTED,0,0,0,0,NORMAL,NORMAL,0
SEC-001416,F001,Smart Campus,B002,Building B,BLK-B2,Block B2,AP-004,Building B Service Door,Service Area,2026-01-09 08:10:38,EMP-0490,Employee 490,EMPLOYEE,ACCESS_GRANTED,GRANTED,0,0,0,0,NORMAL,NORMAL,0
SEC-001320,F001,Smart Campus,B001,Building A,BLK-A1,Block A1,AP-001,Building A Main Entrance,Entrance,2026-01-09 08:18:36,EMP-0292,Employee 292,EMPLOYEE,ACCESS_GRANTED,GRANTED,0,0,0,0,NORMAL,NORMAL,0
SEC-001324,F001,Smart Campus,B002,Building B,BLK-B2,Block B2,AP-004,Building B Service Door,Service Area,2026-01-09 08:19:42,EMP-0405,Employee 405,EMPLOYEE,UNAUTHORIZED_ACCESS,DENIED,0,1,0,0,SUSPICIOUS_ACCESS,HIGH,1
SEC-001296,F001,Smart Campus,B002,Building B,BLK-B2,Block B2,AP-004,Building B Service Door,Service Area,2026-01-09 08:31:53,VIS-0282,Visitor 282,VISITOR,ACCESS_GRANTED,GRANTED,0,0,0,0,NORMAL,NORMAL,0
SEC-001344,F001,Smart Campus,B002,Building B,BLK-B2,Block B2,AP-004,Building B Service Door,Service Area,2026-01-09 08:34:34,EMP-0332,Employee 332,EMPLOYEE,ACCESS_GRANTED,GRANTED,0,0,0,0,NORMAL,NORMAL,0
SEC-001349,F001,Smart Campus,B003,Building C,BLK-C1,Block C1,AP-005,Building C Main Entrance,Entrance,2026-01-09 08:40:35,EMP-0087,Employee 87,EMPLOYEE,ACCESS_GRANTED,GRANTED,0,0,0,0,NORMAL,NORMAL,0
SEC-001425,F001,Smart Campus,B002,Building B,BLK-B1,Block B1,AP-003,Building B Main Entrance,Entrance,2026-01-09 08:40:47,VIS-0131,Visitor 131,VISITOR,ACCESS_GRANTED,GRANTED,0,0,0,0,NORMAL,NORMAL,0
SEC-001328,F001,Smart Campus,B003,Building C,BLK-C1,Block C1,AP-005,Building C Main Entrance,Entrance,2026-01-09 08:46:00,VIS-0159,Visitor 159,VISITOR,ACCESS_GRANTED,GRANTED,0,0,0,0,NORMAL,NORMAL,0
SEC-001327,F001,Smart Campus,B001,Building A,BLK-A2,Block A2,AP-002,Building A Side Entrance,Entrance,2026-01-09 08:58:03,EMP-0020,Employee 20,EMPLOYEE,ACCESS_GRANTED,GRANTED,0,0,0,0,NORMAL,NORMAL,0
SEC-001317,F001,Smart Campus,B003,Building C,BLK-C1,Block C1,AP-006,Server Room Access,Restricted Area,2026-01-09 08:58:21,EMP-0360,Employee 360,EMPLOYEE,ACCESS_GRANTED,GRANTED,0,0,0,0,NORMAL,NORMAL,0
SEC-001387,F001,Smart Campus,B001,Building A,BLK-A1,Block A1,AP-001,Building A Main Entrance,Entrance,2026-01-09 09:00:08,VIS-0194,Visitor 194,VISITOR,ACCESS_GRANTED,GRANTED,0,0,0,0,NORMAL,NORMAL,0
SEC-001391,F001,Smart Campus,B003,Building C,BLK-C1,Block C1,AP-006,Server Room Access,Restricted Area,2026-01-09 09:04:03,VIS-0161,Visitor 161,VISITOR,ACCESS_GRANTED,GRANTED,0,0,0,0,NORMAL,NORMAL,0
SEC-001302,F001,Smart Campus,B002,Building B,BLK-B2,Block B2,AP-004,Building B Service Door,Service Area,2026-01-09 09:06:29,CON-0124,Contractor 124,CONTRACTOR,ACCESS_GRANTED,GRANTED,0,0,0,0,NORMAL,NORMAL,0
SEC-001338,F001,Smart Campus,B002,Building B,BLK-B2,Block B2,AP-004,Building B Service Door,Service Area,2026-01-09 09:11:27,EMP-0228,Employee 228,EMPLOYEE,ACCESS_GRANTED,GRANTED,0,0,0,0,NORMAL,NORMAL,0
SEC-001276,F001,Smart Campus,B003,Building C,BLK-C1,Block C1,AP-005,Building C Main Entrance,Entrance,2026-01-09 09:17:52,VIS-0148,Visitor 148,VISITOR,ACCESS_GRANTED,GRANTED,0,0,0,0,NORMAL,NORMAL,0
SEC-001347,F001,Smart Campus,B001,Building A,BLK-A1,Block A1,AP-001,Building A Main Entrance,Entrance,2026-01-09 09:21:40,EMP-0330,Employee 330,EMPLOYEE,ACCESS_GRANTED,GRANTED,0,0,0,0,NORMAL,NORMAL,0
SEC-001426,F001,Smart Campus,B001,Building A,BLK-A1,Block A1,AP-001,Building A Main Entrance,Entrance,2026-01-09 09:45:12,EMP-0020,Employee 20,EMPLOYEE,ACCESS_GRANTED,GRANTED,0,0,0,0,NORMAL,NORMAL,0
SEC-001360,F001,Smart Campus,B002,Building B,BLK-B1,Block B1,AP-003,Building B Main Entrance,Entrance,2026-01-09 09:46:52,EMP-0235,Employee 235,EMPLOYEE,ACCESS_GRANTED,GRANTED,0,0,0,0,NORMAL,NORMAL,0
SEC-001306,F001,Smart Campus,B002,Building B,BLK-B1,Block B1,AP-003,Building B Main Entrance,Entrance,2026-01-09 10:00:51,EMP-0419,Employee 419,EMPLOYEE,ACCESS_GRANTED,GRANTED,0,0,0,0,NORMAL,NORMAL,0
SEC-001411,F001,Smart Campus,B002,Building B,BLK-B2,Block B2,AP-004,Building B Service Door,Service Area,2026-01-09 10:01:05,EMP-0229,Employee 229,EMPLOYEE,ACCESS_GRANTED,GRANTED,0,0,0,0,NORMAL,NORMAL,0
SEC-001271,F001,Smart Campus,B002,Building B,BLK-B2,Block B2,AP-004,Building B Service Door,Service Area,2026-01-09 10:08:30,VIS-0275,Visitor 275,VISITOR,ACCESS_GRANTED,GRANTED,0,0,0,0,NORMAL,NORMAL,0
SEC-001371,F001,Smart Campus,B001,Building A,BLK-A1,Block A1,AP-001,Building A Main Entrance,Entrance,2026-01-09 10:15:28,EMP-0049,Employee 49,EMPLOYEE,ACCESS_GRANTED,GRANTED,0,0,0,0,NORMAL,NORMAL,0
SEC-001326,F001,Smart Campus,B003,Building C,BLK-C1,Block C1,AP-006,Server Room Access,Restricted Area,2026-01-09 10:20:57,EMP-0336,Employee 336,EMPLOYEE,ACCESS_GRANTED,GRANTED,0,0,0,0,NORMAL,NORMAL,0
SEC-001364,F001,Smart Campus,B003,Building C,BLK-C1,Block C1,AP-005,Building C Main Entrance,Entrance,2026-01-09 10:21:14,VIS-0072,Visitor 72,VISITOR,ACCESS_GRANTED,GRANTED,0,0,0,0,NORMAL,NORMAL,0
SEC-001301,F001,Smart Campus,B001,Building A,BLK-A2,Block A2,AP-002,Building A Side Entrance,Entrance,2026-01-09 10:23:15,CON-0149,Contractor 149,CONTRACTOR,ACCESS_GRANTED,GRANTED,0,0,0,0,NORMAL,NORMAL,0
SEC-001283,F001,Smart Campus,B001,Building A,BLK-A2,Block A2,AP-002,Building A Side Entrance,Entrance,2026-01-09 10:28:41,EMP-0080,Employee 80,EMPLOYEE,ACCESS_GRANTED,GRANTED,0,0,0,0,NORMAL,NORMAL,0
SEC-001402,F001,Smart Campus,B001,Building A,BLK-A2,Block A2,AP-002,Building A Side Entrance,Entrance,2026-01-09 10:34:54,VIS-0245,Visitor 245,VISITOR,ACCESS_GRANTED,GRANTED,0,0,0,0,NORMAL,NORMAL,0
SEC-001368,F001,Smart Campus,B002,Building B,BLK-B2,Block B2,AP-004,Building B Service Door,Service Area,2026-01-09 10:35:45,EMP-0179,Employee 179,EMPLOYEE,ACCESS_GRANTED,GRANTED,0,0,0,0,NORMAL,NORMAL,0
SEC-001415,F001,Smart Campus,B002,Building B,BLK-B2,Block B2,AP-004,Building B Service Door,Service Area,2026-01-09 10:40:51,EMP-0491,Employee 491,EMPLOYEE,ACCESS_GRANTED,GRANTED,0,0,0,0,NORMAL,NORMAL,0
SEC-001419,F001,Smart Campus,B001,Building A,BLK-A1,Block A1,AP-001,Building A Main Entrance,Entrance,2026-01-09 10:41:52,EMP-0040,Employee 40,EMPLOYEE,ACCESS_GRANTED,GRANTED,0,0,0,0,NORMAL,NORMAL,0
SEC-001366,F001,Smart Campus,B001,Building A,BLK-A1,Block A1,AP-001,Building A Main Entrance,Entrance,2026-01-09 10:42:22,EMP-0141,Employee 141,EMPLOYEE,ACCESS_GRANTED,GRANTED,0,0,0,0,NORMAL,NORMAL,0
SEC-001355,F001,Smart Campus,B003,Building C,BLK-C1,Block C1,AP-005,Building C Main Entrance,Entrance,2026-01-09 10:42:59,EMP-0281,Employee 281,EMPLOYEE,ACCESS_GRANTED,GRANTED,0,0,0,0,NORMAL,NORMAL,0
SEC-001267,F001,Smart Campus,B001,Building A,BLK-A2,Block A2,AP-002,Building A Side Entrance,Entrance,2026-01-09 10:43:31,EMP-0183,Employee 183,EMPLOYEE,ACCESS_GRANTED,GRANTED,0,0,0,0,NORMAL,NORMAL,0
SEC-001270,F001,Smart Campus,B003,Building C,BLK-C1,Block C1,AP-006,Server Room Access,Restricted Area,2026-01-09 10:44:44,EMP-0074,Employee 74,EMPLOYEE,ACCESS_GRANTED,GRANTED,0,0,0,0,NORMAL,NORMAL,0
SEC-001365,F001,Smart Campus,B003,Building C,BLK-C1,Block C1,AP-006,Server Room Access,Restricted Area,2026-01-09 10:48:31,EMP-0427,Employee 427,EMPLOYEE,ACCESS_GRANTED,GRANTED,0,0,0,0,NORMAL,NORMAL,0
SEC-001420,F001,Smart Campus,B001,Building A,BLK-A2,Block A2,AP-002,Building A Side Entrance,Entrance,2026-01-09 10:51:44,EMP-0472,Employee 472,EMPLOYEE,ACCESS_GRANTED,GRANTED,0,0,0,0,NORMAL,NORMAL,0
SEC-001384,F001,Smart Campus,B003,Building C,BLK-C1,Block C1,AP-006,Server Room Access,Restricted Area,2026-01-09 10:52:39,EMP-0051,Employee 51,EMPLOYEE,ACCESS_GRANTED,GRANTED,0,0,0,0,NORMAL,NORMAL,0
SEC-001329,F001,Smart Campus,B001,Building A,BLK-A2,Block A2,AP-002,Building A Side Entrance,Entrance,2026-01-09 11:04:21,EMP-0483,Employee 483,EMPLOYEE,ACCESS_GRANTED,GRANTED,0,0,0,0,NORMAL,NORMAL,0
SEC-001380,F001,Smart Campus,B003,Building C,BLK-C1,Block C1,AP-006,Server Room Access,Restricted Area,2026-01-09 11:12:57,EMP-0436,Employee 436,EMPLOYEE,ACCESS_GRANTED,GRANTED,0,0,0,0,NORMAL,NORMAL,0
SEC-001353,F001,Smart Campus,B001,Building A,BLK-A2,Block A2,AP-002,Building A Side Entrance,Entrance,2026-01-09 11:16:23,EMP-0170,Employee 170,EMPLOYEE,ACCESS_GRANTED,GRANTED,0,0,0,0,NORMAL,NORMAL,0
SEC-001293,F001,Smart Campus,B003,Building C,BLK-C1,Block C1,AP-006,Server Room Access,Restricted Area,2026-01-09 11:16:40,EMP-0145,Employee 145,EMPLOYEE,ACCESS_GRANTED,GRANTED,0,0,0,0,NORMAL,NORMAL,0
SEC-001422,F001,Smart Campus,B003,Building C,BLK-C1,Block C1,AP-005,Building C Main Entrance,Entrance,2026-01-09 11:23:33,VIS-0258,Visitor 258,VISITOR,ACCESS_GRANTED,GRANTED,0,0,0,0,NORMAL,NORMAL,0
SEC-001330,F001,Smart Campus,B001,Building A,BLK-A2,Block A2,AP-002,Building A Side Entrance,Entrance,2026-01-09 11:45:14,EMP-0214,Employee 214,EMPLOYEE,ACCESS_GRANTED,GRANTED,0,0,0,0,NORMAL,NORMAL,0
SEC-001289,F001,Smart Campus,B002,Building B,BLK-B1,Block B1,AP-003,Building B Main Entrance,Entrance,2026-01-09 11:57:27,VIS-0069,Visitor 69,VISITOR,UNAUTHORIZED_ACCESS,DENIED,0,1,0,0,SUSPICIOUS_ACCESS,HIGH,1
SEC-001382,F001,Smart Campus,B003,Building C,BLK-C1,Block C1,AP-006,Server Room Access,Restricted Area,2026-01-09 12:01:26,EMP-0300,Employee 300,EMPLOYEE,ACCESS_GRANTED,GRANTED,0,0,0,0,NORMAL,NORMAL,0
SEC-001378,F001,Smart Campus,B001,Building A,BLK-A2,Block A2,AP-002,Building A Side Entrance,Entrance,2026-01-09 12:02:54,EMP-0284,Employee 284,EMPLOYEE,ACCESS_GRANTED,GRANTED,0,0,0,0,NORMAL,NORMAL,0
SEC-001305,F001,Smart Campus,B003,Building C,BLK-C1,Block C1,AP-006,Server Room Access,Restricted Area,2026-01-09 12:04:40,EMP-0379,Employee 379,EMPLOYEE,ACCESS_GRANTED,GRANTED,0,0,0,0,NORMAL,NORMAL,0
SEC-001314,F001,Smart Campus,B001,Building A,BLK-A1,Block A1,AP-001,Building A Main Entrance,Entrance,2026-01-09 12:09:10,CON-0073,Contractor 73,CONTRACTOR,ACCESS_GRANTED,GRANTED,0,0,0,0,NORMAL,NORMAL,0
SEC-001304,F001,Smart Campus,B001,Building A,BLK-A2,Block A2,AP-002,Building A Side Entrance,Entrance,2026-01-09 12:13:10,CON-0119,Contractor 119,CONTRACTOR,ACCESS_GRANTED,GRANTED,0,0,0,0,NORMAL,NORMAL,0
SEC-001399,F001,Smart Campus,B003,Building C,BLK-C1,Block C1,AP-005,Building C Main Entrance,Entrance,2026-01-09 12:24:52,EMP-0096,Employee 96,EMPLOYEE,ACCESS_GRANTED,GRANTED,0,0,0,0,NORMAL,NORMAL,0
SEC-001379,F001,Smart Campus,B002,Building B,BLK-B2,Block B2,AP-004,Building B Service Door,Service Area,2026-01-09 12:28:24,EMP-0311,Employee 311,EMPLOYEE,ACCESS_GRANTED,GRANTED,0,0,0,0,NORMAL,NORMAL,0
SEC-001295,F001,Smart Campus,B002,Building B,BLK-B1,Block B1,AP-003,Building B Main Entrance,Entrance,2026-01-09 12:32:03,EMP-0320,Employee 320,EMPLOYEE,ACCESS_GRANTED,GRANTED,0,0,0,0,NORMAL,NORMAL,0
SEC-001298,F001,Smart Campus,B002,Building B,BLK-B2,Block B2,AP-004,Building B Service Door,Service Area,2026-01-09 12:33:59,EMP-0410,Employee 410,EMPLOYEE,ACCESS_GRANTED,GRANTED,0,0,0,0,NORMAL,NORMAL,0
SEC-001272,F001,Smart Campus,B003,Building C,BLK-C1,Block C1,AP-006,Server Room Access,Restricted Area,2026-01-09 12:36:04,VIS-0175,Visitor 175,VISITOR,ACCESS_GRANTED,GRANTED,0,0,0,0,NORMAL,NORMAL,0
SEC-001362,F001,Smart Campus,B003,Building C,BLK-C1,Block C1,AP-006,Server Room Access,Restricted Area,2026-01-09 12:42:40,CON-0002,Contractor 2,CONTRACTOR,ACCESS_GRANTED,GRANTED,0,0,0,0,NORMAL,NORMAL,0
SEC-001333,F001,Smart Campus,B001,Building A,BLK-A1,Block A1,AP-001,Building A Main Entrance,Entrance,2026-01-09 12:43:35,CON-0063,Contractor 63,CONTRACTOR,UNAUTHORIZED_ACCESS,DENIED,0,1,0,0,SUSPICIOUS_ACCESS,HIGH,1
SEC-001424,F001,Smart Campus,B001,Building A,BLK-A2,Block A2,AP-002,Building A Side Entrance,Entrance,2026-01-09 12:49:57,EMP-0225,Employee 225,EMPLOYEE,ACCESS_GRANTED,GRANTED,0,0,0,0,NORMAL,NORMAL,0
SEC-001339,F001,Smart Campus,B001,Building A,BLK-A2,Block A2,AP-002,Building A Side Entrance,Entrance,2026-01-09 13:05:25,CON-0084,Contractor 84,CONTRACTOR,ACCESS_GRANTED,GRANTED,0,0,0,0,NORMAL,NORMAL,0
SEC-001354,F001,Smart Campus,B003,Building C,BLK-C1,Block C1,AP-005,Building C Main Entrance,Entrance,2026-01-09 13:22:59,VIS-0102,Visitor 102,VISITOR,ACCESS_GRANTED,GRANTED,0,0,0,0,NORMAL,NORMAL,0
SEC-001284,F001,Smart Campus,B001,Building A,BLK-A1,Block A1,AP-001,Building A Main Entrance,Entrance,2026-01-09 13:31:25,VIS-0228,Visitor 228,VISITOR,UNAUTHORIZED_ACCESS,DENIED,0,1,0,0,SUSPICIOUS_ACCESS,HIGH,1
SEC-001288,F001,Smart Campus,B003,Building C,BLK-C1,Block C1,AP-006,Server Room Access,Restricted Area,2026-01-09 13:31:46,EMP-0044,Employee 44,EMPLOYEE,ACCESS_GRANTED,GRANTED,0,0,0,0,NORMAL,NORMAL,0
SEC-001277,F001,Smart Campus,B001,Building A,BLK-A2,Block A2,AP-002,Building A Side Entrance,Entrance,2026-01-09 13:37:08,CON-0108,Contractor 108,CONTRACTOR,ACCESS_GRANTED,GRANTED,0,0,0,0,NORMAL,NORMAL,0
SEC-001372,F001,Smart Campus,B002,Building B,BLK-B2,Block B2,AP-004,Building B Service Door,Service Area,2026-01-09 13:46:46,VIS-0086,Visitor 86,VISITOR,ACCESS_GRANTED,GRANTED,0,0,0,0,NORMAL,NORMAL,0
SEC-001401,F001,Smart Campus,B001,Building A,BLK-A1,Block A1,AP-001,Building A Main Entrance,Entrance,2026-01-09 13:48:53,EMP-0398,Employee 398,EMPLOYEE,ACCESS_GRANTED,GRANTED,0,0,0,0,NORMAL,NORMAL,0
SEC-001278,F001,Smart Campus,B003,Building C,BLK-C1,Block C1,AP-006,Server Room Access,Restricted Area,2026-01-09 13:49:08,VIS-0214,Visitor 214,VISITOR,ACCESS_GRANTED,GRANTED,0,0,0,0,NORMAL,NORMAL,0
SEC-001356,F001,Smart Campus,B001,Building A,BLK-A2,Block A2,AP-002,Building A Side Entrance,Entrance,2026-01-09 13:53:19,EMP-0124,Employee 124,EMPLOYEE,ACCESS_GRANTED,GRANTED,0,0,0,0,NORMAL,NORMAL,0
SEC-001367,F001,Smart Campus,B002,Building B,BLK-B1,Block B1,AP-003,Building B Main Entrance,Entrance,2026-01-09 13:53:43,EMP-0094,Employee 94,EMPLOYEE,ACCESS_GRANTED,GRANTED,0,0,0,0,NORMAL,NORMAL,0
SEC-001383,F001,Smart Campus,B002,Building B,BLK-B1,Block B1,AP-003,Building B Main Entrance,Entrance,2026-01-09 14:13:54,EMP-0058,Employee 58,EMPLOYEE,ACCESS_GRANTED,GRANTED,0,0,0,0,NORMAL,NORMAL,0
SEC-001335,F001,Smart Campus,B002,Building B,BLK-B2,Block B2,AP-004,Building B Service Door,Service Area,2026-01-09 14:26:46,VIS-0015,Visitor 15,VISITOR,ACCESS_GRANTED,GRANTED,0,0,0,0,NORMAL,NORMAL,0
SEC-001341,F001,Smart Campus,B002,Building B,BLK-B1,Block B1,AP-003,Building B Main Entrance,Entrance,2026-01-09 14:29:09,EMP-0499,Employee 499,EMPLOYEE,ACCESS_GRANTED,GRANTED,0,0,0,0,NORMAL,NORMAL,0
SEC-001308,F001,Smart Campus,B002,Building B,BLK-B2,Block B2,AP-004,Building B Service Door,Service Area,2026-01-09 14:29:58,EMP-0387,Employee 387,EMPLOYEE,ACCESS_GRANTED,GRANTED,0,0,0,0,NORMAL,NORMAL,0
SEC-001412,F001,Smart Campus,B002,Building B,BLK-B2,Block B2,AP-004,Building B Service Door,Service Area,2026-01-09 14:33:39,EMP-0429,Employee 429,EMPLOYEE,ACCESS_GRANTED,GRANTED,0,0,0,0,NORMAL,NORMAL,0
SEC-001279,F001,Smart Campus,B003,Building C,BLK-C1,Block C1,AP-006,Server Room Access,Restricted Area,2026-01-09 14:37:49,EMP-0351,Employee 351,EMPLOYEE,ACCESS_GRANTED,GRANTED,0,0,0,0,NORMAL,NORMAL,0
SEC-001413,F001,Smart Campus,B002,Building B,BLK-B1,Block B1,AP-003,Building B Main Entrance,Entrance,2026-01-09 14:39:38,EMP-0083,Employee 83,EMPLOYEE,ACCESS_GRANTED,GRANTED,0,0,0,0,NORMAL,NORMAL,0
SEC-001309,F001,Smart Campus,B001,Building A,BLK-A2,Block A2,AP-002,Building A Side Entrance,Entrance,2026-01-09 14:41:32,CON-0051,Contractor 51,CONTRACTOR,UNAUTHORIZED_ACCESS,DENIED,0,1,0,0,SUSPICIOUS_ACCESS,HIGH,1
SEC-001332,F001,Smart Campus,B003,Building C,BLK-C1,Block C1,AP-005,Building C Main Entrance,Entrance,2026-01-09 14:57:44,CON-0118,Contractor 118,CONTRACTOR,ACCESS_GRANTED,GRANTED,0,0,0,0,NORMAL,NORMAL,0
SEC-001318,F001,Smart Campus,B002,Building B,BLK-B2,Block B2,AP-004,Building B Service Door,Service Area,2026-01-09 15:02:08,EMP-0287,Employee 287,EMPLOYEE,ACCESS_GRANTED,GRANTED,0,0,0,0,NORMAL,NORMAL,0
SEC-001373,F001,Smart Campus,B001,Building A,BLK-A1,Block A1,AP-001,Building A Main Entrance,Entrance,2026-01-09 15:07:32,CON-0114,Contractor 114,CONTRACTOR,ACCESS_GRANTED,GRANTED,0,0,0,0,NORMAL,NORMAL,0
SEC-001395,F001,Smart Campus,B001,Building A,BLK-A1,Block A1,AP-001,Building A Main Entrance,Entrance,2026-01-09 15:37:45,EMP-0249,Employee 249,EMPLOYEE,ACCESS_GRANTED,GRANTED,0,0,0,0,NORMAL,NORMAL,0
SEC-001357,F001,Smart Campus,B003,Building C,BLK-C1,Block C1,AP-005,Building C Main Entrance,Entrance,2026-01-09 15:57:38,EMP-0082,Employee 82,EMPLOYEE,ACCESS_GRANTED,GRANTED,0,0,0,0,NORMAL,NORMAL,0
SEC-001340,F001,Smart Campus,B003,Building C,BLK-C1,Block C1,AP-006,Server Room Access,Restricted Area,2026-01-09 16:00:29,EMP-0299,Employee 299,EMPLOYEE,ACCESS_GRANTED,GRANTED,0,0,0,0,NORMAL,NORMAL,0
SEC-001421,F001,Smart Campus,B003,Building C,BLK-C1,Block C1,AP-005,Building C Main Entrance,Entrance,2026-01-09 16:02:48,VIS-0159,Visitor 159,VISITOR,ACCESS_GRANTED,GRANTED,0,0,0,0,NORMAL,NORMAL,0
SEC-001315,F001,Smart Campus,B001,Building A,BLK-A2,Block A2,AP-002,Building A Side Entrance,Entrance,2026-01-09 16:12:44,EMP-0429,Employee 429,EMPLOYEE,ACCESS_DENIED,DENIED,0,0,0,0,NORMAL,MEDIUM,1
SEC-001417,F001,Smart Campus,B002,Building B,BLK-B2,Block B2,AP-004,Building B Service Door,Service Area,2026-01-09 16:19:38,EMP-0250,Employee 250,EMPLOYEE,ACCESS_GRANTED,GRANTED,0,0,0,0,NORMAL,NORMAL,0
SEC-001334,F001,Smart Campus,B001,Building A,BLK-A2,Block A2,AP-002,Building A Side Entrance,Entrance,2026-01-09 16:32:18,CON-0025,Contractor 25,CONTRACTOR,ACCESS_GRANTED,GRANTED,0,0,0,0,NORMAL,NORMAL,0
SEC-001423,F001,Smart Campus,B001,Building A,BLK-A2,Block A2,AP-002,Building A Side Entrance,Entrance,2026-01-09 16:35:48,VIS-0079,Visitor 79,VISITOR,ACCESS_GRANTED,GRANTED,0,0,0,0,NORMAL,NORMAL,0
SEC-001394,F001,Smart Campus,B001,Building A,BLK-A1,Block A1,AP-001,Building A Main Entrance,Entrance,2026-01-09 16:43:42,EMP-0333,Employee 333,EMPLOYEE,ACCESS_GRANTED,GRANTED,0,0,0,0,NORMAL,NORMAL,0
SEC-001299,F001,Smart Campus,B002,Building B,BLK-B2,Block B2,AP-004,Building B Service Door,Service Area,2026-01-09 16:47:45,EMP-0340,Employee 340,EMPLOYEE,ACCESS_GRANTED,GRANTED,0,0,0,0,NORMAL,NORMAL,0
SEC-001389,F001,Smart Campus,B001,Building A,BLK-A1,Block A1,AP-001,Building A Main Entrance,Entrance,2026-01-09 16:49:46,VIS-0140,Visitor 140,VISITOR,ACCESS_GRANTED,GRANTED,0,0,0,0,NORMAL,NORMAL,0
SEC-001374,F001,Smart Campus,B003,Building C,BLK-C1,Block C1,AP-005,Building C Main Entrance,Entrance,2026-01-09 16:53:27,EMP-0405,Employee 405,EMPLOYEE,ACCESS_GRANTED,GRANTED,0,0,0,0,NORMAL,NORMAL,0
SEC-001405,F001,Smart Campus,B002,Building B,BLK-B1,Block B1,AP-003,Building B Main Entrance,Entrance,2026-01-09 17:06:23,EMP-0262,Employee 262,EMPLOYEE,ACCESS_GRANTED,GRANTED,0,0,0,0,NORMAL,NORMAL,0
SEC-001297,F001,Smart Campus,B002,Building B,BLK-B2,Block B2,AP-004,Building B Service Door,Service Area,2026-01-09 17:06:25,VIS-0270,Visitor 270,VISITOR,ACCESS_GRANTED,GRANTED,0,0,0,0,NORMAL,NORMAL,0
SEC-001294,F001,Smart Campus,B003,Building C,BLK-C1,Block C1,AP-005,Building C Main Entrance,Entrance,2026-01-09 17:13:53,EMP-0268,Employee 268,EMPLOYEE,ACCESS_GRANTED,GRANTED,0,0,0,0,NORMAL,NORMAL,0
SEC-001358,F001,Smart Campus,B001,Building A,BLK-A2,Block A2,AP-002,Building A Side Entrance,Entrance,2026-01-09 17:16:19,EMP-0500,Employee 500,EMPLOYEE,ACCESS_GRANTED,GRANTED,0,0,0,0,NORMAL,NORMAL,0
SEC-001386,F001,Smart Campus,B002,Building B,BLK-B2,Block B2,AP-004,Building B Service Door,Service Area,2026-01-09 17:18:22,VIS-0042,Visitor 42,VISITOR,ACCESS_GRANTED,GRANTED,0,0,0,0,NORMAL,NORMAL,0
SEC-001429,F001,Smart Campus,B003,Building C,BLK-C1,Block C1,AP-005,Building C Main Entrance,Entrance,2026-01-09 17:19:23,VIS-0297,Visitor 297,VISITOR,ACCESS_GRANTED,GRANTED,0,0,0,0,NORMAL,NORMAL,0
SEC-001322,F001,Smart Campus,B003,Building C,BLK-C1,Block C1,AP-006,Server Room Access,Restricted Area,2026-01-09 17:26:27,EMP-0399,Employee 399,EMPLOYEE,ACCESS_GRANTED,GRANTED,0,0,0,0,NORMAL,NORMAL,0
SEC-001385,F001,Smart Campus,B002,Building B,BLK-B1,Block B1,AP-003,Building B Main Entrance,Entrance,2026-01-09 17:29:27,VIS-0059,Visitor 59,VISITOR,ACCESS_GRANTED,GRANTED,0,0,0,0,NORMAL,NORMAL,0
SEC-001268,F001,Smart Campus,B003,Building C,BLK-C1,Block C1,AP-005,Building C Main Entrance,Entrance,2026-01-09 17:32:23,EMP-0467,Employee 467,EMPLOYEE,ACCESS_GRANTED,GRANTED,0,0,0,0,NORMAL,NORMAL,0
SEC-001266,F001,Smart Campus,B001,Building A,BLK-A1,Block A1,AP-001,Building A Main Entrance,Entrance,2026-01-09 17:35:43,CON-0007,Contractor 7,CONTRACTOR,ACCESS_GRANTED,GRANTED,0,0,0,0,NORMAL,NORMAL,0
SEC-001337,F001,Smart Campus,B002,Building B,BLK-B2,Block B2,AP-004,Building B Service Door,Service Area,2026-01-09 17:42:22,EMP-0374,Employee 374,EMPLOYEE,ACCESS_GRANTED,GRANTED,0,0,0,0,NORMAL,NORMAL,0
SEC-001393,F001,Smart Campus,B003,Building C,BLK-C1,Block C1,AP-006,Server Room Access,Restricted Area,2026-01-09 18:04:56,VIS-0199,Visitor 199,VISITOR,ACCESS_GRANTED,GRANTED,0,0,0,0,NORMAL,NORMAL,0
SEC-001396,F001,Smart Campus,B001,Building A,BLK-A1,Block A1,AP-001,Building A Main Entrance,Entrance,2026-01-09 18:06:49,EMP-0243,Employee 243,EMPLOYEE,ACCESS_GRANTED,GRANTED,0,0,0,0,NORMAL,NORMAL,0
SEC-001390,F001,Smart Campus,B001,Building A,BLK-A1,Block A1,AP-001,Building A Main Entrance,Entrance,2026-01-09 18:09:15,VIS-0278,Visitor 278,VISITOR,ACCESS_GRANTED,GRANTED,0,0,0,0,NORMAL,NORMAL,0
SEC-001404,F001,Smart Campus,B002,Building B,BLK-B2,Block B2,AP-004,Building B Service Door,Service Area,2026-01-09 18:13:00,EMP-0349,Employee 349,EMPLOYEE,ACCESS_GRANTED,GRANTED,0,0,0,0,NORMAL,NORMAL,0
SEC-001408,F001,Smart Campus,B003,Building C,BLK-C1,Block C1,AP-006,Server Room Access,Restricted Area,2026-01-09 18:14:44,VIS-0177,Visitor 177,VISITOR,ACCESS_GRANTED,GRANTED,0,0,0,0,NORMAL,NORMAL,0
SEC-001361,F001,Smart Campus,B001,Building A,BLK-A2,Block A2,AP-002,Building A Side Entrance,Entrance,2026-01-09 18:29:28,EMP-0379,Employee 379,EMPLOYEE,ACCESS_GRANTED,GRANTED,0,0,0,0,NORMAL,NORMAL,0
SEC-001292,F001,Smart Campus,B003,Building C,BLK-C1,Block C1,AP-005,Building C Main Entrance,Entrance,2026-01-09 18:41:03,EMP-0025,Employee 25,EMPLOYEE,ACCESS_GRANTED,GRANTED,0,0,0,0,NORMAL,NORMAL,0
SEC-001418,F001,Smart Campus,B001,Building A,BLK-A2,Block A2,AP-002,Building A Side Entrance,Entrance,2026-01-09 18:45:37,EMP-0455,Employee 455,EMPLOYEE,ACCESS_GRANTED,GRANTED,0,0,0,0,NORMAL,NORMAL,0
SEC-001403,F001,Smart Campus,B001,Building A,BLK-A2,Block A2,AP-002,Building A Side Entrance,Entrance,2026-01-09 18:48:18,EMP-0493,Employee 493,EMPLOYEE,ACCESS_GRANTED,GRANTED,0,0,0,0,NORMAL,NORMAL,0
SEC-001400,F001,Smart Campus,B003,Building C,BLK-C1,Block C1,AP-006,Server Room Access,Restricted Area,2026-01-09 18:48:43,EMP-0213,Employee 213,EMPLOYEE,ACCESS_GRANTED,GRANTED,0,0,0,0,NORMAL,NORMAL,0
SEC-001307,F001,Smart Campus,B002,Building B,BLK-B2,Block B2,AP-004,Building B Service Door,Service Area,2026-01-09 18:53:00,EMP-0392,Employee 392,EMPLOYEE,ACCESS_GRANTED,GRANTED,0,0,0,0,NORMAL,NORMAL,0
SEC-001410,F001,Smart Campus,B002,Building B,BLK-B1,Block B1,AP-003,Building B Main Entrance,Entrance,2026-01-09 18:59:43,EMP-0049,Employee 49,EMPLOYEE,ACCESS_GRANTED,GRANTED,0,0,0,0,NORMAL,NORMAL,0
SEC-001381,F001,Smart Campus,B002,Building B,BLK-B1,Block B1,AP-003,Building B Main Entrance,Entrance,2026-01-09 19:05:56,EMP-0335,Employee 335,EMPLOYEE,ACCESS_GRANTED,GRANTED,0,0,0,0,NORMAL,NORMAL,0
SEC-001287,F001,Smart Campus,B003,Building C,BLK-C1,Block C1,AP-005,Building C Main Entrance,Entrance,2026-01-09 19:13:27,VIS-0296,Visitor 296,VISITOR,ACCESS_GRANTED,GRANTED,0,0,0,0,NORMAL,NORMAL,0
SEC-001280,F001,Smart Campus,B002,Building B,BLK-B1,Block B1,AP-003,Building B Main Entrance,Entrance,2026-01-09 19:42:23,CON-0048,Contractor 48,CONTRACTOR,ACCESS_GRANTED,GRANTED,0,0,0,0,NORMAL,NORMAL,0
SEC-001359,F001,Smart Campus,B001,Building A,BLK-A1,Block A1,AP-001,Building A Main Entrance,Entrance,2026-01-09 19:46:50,EMP-0410,Employee 410,EMPLOYEE,ACCESS_GRANTED,GRANTED,0,0,0,0,NORMAL,NORMAL,0
SEC-001331,F001,Smart Campus,B003,Building C,BLK-C1,Block C1,AP-006,Server Room Access,Restricted Area,2026-01-09 19:51:05,EMP-0071,Employee 71,EMPLOYEE,ACCESS_GRANTED,GRANTED,0,0,0,0,NORMAL,NORMAL,0
SEC-001428,F001,Smart Campus,B003,Building C,BLK-C1,Block C1,AP-005,Building C Main Entrance,Entrance,2026-01-09 19:51:30,EMP-0267,Employee 267,EMPLOYEE,ACCESS_GRANTED,GRANTED,0,0,0,0,NORMAL,NORMAL,0
SEC-001290,F001,Smart Campus,B002,Building B,BLK-B1,Block B1,AP-003,Building B Main Entrance,Entrance,2026-01-09 20:03:07,VIS-0075,Visitor 75,VISITOR,ACCESS_GRANTED,GRANTED,0,0,0,0,NORMAL,NORMAL,0
SEC-001286,F001,Smart Campus,B001,Building A,BLK-A2,Block A2,AP-002,Building A Side Entrance,Entrance,2026-01-09 20:03:57,VIS-0266,Visitor 266,VISITOR,ACCESS_GRANTED,GRANTED,0,0,0,0,NORMAL,NORMAL,0
SEC-001325,F001,Smart Campus,B002,Building B,BLK-B1,Block B1,AP-003,Building B Main Entrance,Entrance,2026-01-09 20:09:31,VIS-0206,Visitor 206,VISITOR,ACCESS_GRANTED,GRANTED,0,0,0,0,NORMAL,NORMAL,0
SEC-001427,F001,Smart Campus,B002,Building B,BLK-B1,Block B1,AP-003,Building B Main Entrance,Entrance,2026-01-09 20:13:46,VIS-0129,Visitor 129,VISITOR,ACCESS_GRANTED,GRANTED,0,0,0,0,NORMAL,NORMAL,0
SEC-001319,F001,Smart Campus,B002,Building B,BLK-B1,Block B1,AP-003,Building B Main Entrance,Entrance,2026-01-09 20:35:58,VIS-0113,Visitor 113,VISITOR,ACCESS_GRANTED,GRANTED,0,0,0,0,NORMAL,NORMAL,0
SEC-001291,F001,Smart Campus,B001,Building A,BLK-A2,Block A2,AP-002,Building A Side Entrance,Entrance,2026-01-09 20:41:56,VIS-0040,Visitor 40,VISITOR,ACCESS_GRANTED,GRANTED,0,0,0,0,NORMAL,NORMAL,0
SEC-001285,F001,Smart Campus,B003,Building C,BLK-C1,Block C1,AP-006,Server Room Access,Restricted Area,2026-01-09 20:50:51,EMP-0103,Employee 103,EMPLOYEE,UNAUTHORIZED_ACCESS,DENIED,0,1,0,0,SUSPICIOUS_ACCESS,HIGH,1
SEC-001369,F001,Smart Campus,B001,Building A,BLK-A1,Block A1,AP-001,Building A Main Entrance,Entrance,2026-01-09 20:58:40,EMP-0119,Employee 119,EMPLOYEE,ACCESS_GRANTED,GRANTED,0,0,0,0,NORMAL,NORMAL,0
SEC-001346,F001,Smart Campus,B003,Building C,BLK-C1,Block C1,AP-005,Building C Main Entrance,Entrance,2026-01-09 21:22:40,EMP-0026,Employee 26,EMPLOYEE,ACCESS_GRANTED,GRANTED,1,0,0,0,AFTER_HOURS_MOVEMENT,LOW,0
SEC-001323,F001,Smart Campus,B003,Building C,BLK-C1,Block C1,AP-005,Building C Main Entrance,Entrance,2026-01-09 21:42:08,EMP-0021,Employee 21,EMPLOYEE,ACCESS_GRANTED,GRANTED,1,0,0,0,AFTER_HOURS_MOVEMENT,LOW,0
SEC-001377,F001,Smart Campus,B003,Building C,BLK-C1,Block C1,AP-005,Building C Main Entrance,Entrance,2026-01-09 22:02:19,EMP-0436,Employee 436,EMPLOYEE,ACCESS_GRANTED,GRANTED,1,0,0,0,NORMAL,LOW,0
SEC-001336,F001,Smart Campus,B003,Building C,BLK-C1,Block C1,AP-006,Server Room Access,Restricted Area,2026-01-09 22:31:30,EMP-0460,Employee 460,EMPLOYEE,ACCESS_GRANTED,GRANTED,1,0,0,0,NORMAL,LOW,0
SEC-001409,F001,Smart Campus,B003,Building C,BLK-C1,Block C1,AP-006,Server Room Access,Restricted Area,2026-01-09 23:07:42,EMP-0248,Employee 248,EMPLOYEE,ACCESS_GRANTED,GRANTED,1,0,0,0,AFTER_HOURS_MOVEMENT,LOW,0
SEC-001352,F001,Smart Campus,B002,Building B,BLK-B2,Block B2,AP-004,Building B Service Door,Service Area,2026-01-09 23:23:57,EMP-0398,Employee 398,EMPLOYEE,ACCESS_GRANTED,GRANTED,1,0,0,0,NORMAL,LOW,0
SEC-001398,F001,Smart Campus,B001,Building A,BLK-A1,Block A1,AP-001,Building A Main Entrance,Entrance,2026-01-09 23:48:05,EMP-0409,Employee 409,EMPLOYEE,ACCESS_GRANTED,GRANTED,1,0,0,0,NORMAL,LOW,0
SEC-001487,F001,Smart Campus,B002,Building B,BLK-B1,Block B1,AP-003,Building B Main Entrance,Entrance,2026-01-10 00:12:20,EMP-0145,Employee 145,EMPLOYEE,ACCESS_GRANTED,GRANTED,1,0,0,0,NORMAL,LOW,0
SEC-001462,F001,Smart Campus,B002,Building B,BLK-B2,Block B2,AP-004,Building B Service Door,Service Area,2026-01-10 00:42:24,EMP-0263,Employee 263,EMPLOYEE,ACCESS_GRANTED,GRANTED,1,0,0,0,AFTER_HOURS_MOVEMENT,LOW,0
SEC-001453,F001,Smart Campus,B003,Building C,BLK-C1,Block C1,AP-006,Server Room Access,Restricted Area,2026-01-10 00:55:55,VIS-0222,Visitor 222,VISITOR,ACCESS_GRANTED,GRANTED,1,0,0,0,AFTER_HOURS_MOVEMENT,LOW,0
SEC-001516,F001,Smart Campus,B001,Building A,BLK-A2,Block A2,AP-002,Building A Side Entrance,Entrance,2026-01-10 00:56:05,CON-0050,Contractor 50,CONTRACTOR,ACCESS_GRANTED,GRANTED,1,0,0,0,NORMAL,LOW,0
SEC-001485,F001,Smart Campus,B001,Building A,BLK-A2,Block A2,AP-002,Building A Side Entrance,Entrance,2026-01-10 01:16:03,EMP-0111,Employee 111,EMPLOYEE,ACCESS_GRANTED,GRANTED,1,0,0,0,NORMAL,LOW,0
SEC-001576,F001,Smart Campus,B002,Building B,BLK-B1,Block B1,AP-003,Building B Main Entrance,Entrance,2026-01-10 01:16:24,EMP-0085,Employee 85,EMPLOYEE,UNAUTHORIZED_ACCESS,DENIED,1,1,0,0,SUSPICIOUS_ACCESS,CRITICAL,1
SEC-001496,F001,Smart Campus,B002,Building B,BLK-B1,Block B1,AP-003,Building B Main Entrance,Entrance,2026-01-10 01:44:38,VIS-0295,Visitor 295,VISITOR,ACCESS_GRANTED,GRANTED,1,0,0,0,NORMAL,LOW,0
SEC-001517,F001,Smart Campus,B002,Building B,BLK-B2,Block B2,AP-004,Building B Service Door,Service Area,2026-01-10 01:48:36,EMP-0110,Employee 110,EMPLOYEE,ACCESS_GRANTED,GRANTED,1,0,0,0,NORMAL,LOW,0
SEC-001497,F001,Smart Campus,B003,Building C,BLK-C1,Block C1,AP-006,Server Room Access,Restricted Area,2026-01-10 02:04:32,EMP-0242,Employee 242,EMPLOYEE,ACCESS_GRANTED,GRANTED,1,0,0,0,NORMAL,LOW,0
SEC-001505,F001,Smart Campus,B003,Building C,BLK-C1,Block C1,AP-005,Building C Main Entrance,Entrance,2026-01-10 02:43:05,EMP-0256,Employee 256,EMPLOYEE,ACCESS_GRANTED,GRANTED,1,0,0,0,NORMAL,LOW,0
SEC-001464,F001,Smart Campus,B003,Building C,BLK-C1,Block C1,AP-005,Building C Main Entrance,Entrance,2026-01-10 02:58:55,CON-0126,Contractor 126,CONTRACTOR,ACCESS_GRANTED,GRANTED,1,0,0,0,NORMAL,LOW,0
SEC-001540,F001,Smart Campus,B002,Building B,BLK-B1,Block B1,AP-003,Building B Main Entrance,Entrance,2026-01-10 03:35:15,VIS-0255,Visitor 255,VISITOR,ACCESS_GRANTED,GRANTED,1,0,0,0,NORMAL,LOW,0
SEC-001454,F001,Smart Campus,B001,Building A,BLK-A1,Block A1,AP-001,Building A Main Entrance,Entrance,2026-01-10 03:51:33,EMP-0488,Employee 488,EMPLOYEE,ACCESS_GRANTED,GRANTED,1,0,0,0,NORMAL,LOW,0
SEC-001525,F001,Smart Campus,B003,Building C,BLK-C1,Block C1,AP-005,Building C Main Entrance,Entrance,2026-01-10 04:20:51,EMP-0246,Employee 246,EMPLOYEE,ACCESS_GRANTED,GRANTED,1,0,0,0,NORMAL,LOW,0
SEC-001480,F001,Smart Campus,B003,Building C,BLK-C1,Block C1,AP-006,Server Room Access,Restricted Area,2026-01-10 04:25:27,EMP-0374,Employee 374,EMPLOYEE,ACCESS_GRANTED,GRANTED,1,0,0,0,NORMAL,LOW,0
SEC-001512,F001,Smart Campus,B002,Building B,BLK-B1,Block B1,AP-003,Building B Main Entrance,Entrance,2026-01-10 04:28:51,EMP-0311,Employee 311,EMPLOYEE,ACCESS_GRANTED,GRANTED,1,0,0,0,AFTER_HOURS_MOVEMENT,LOW,0
SEC-001461,F001,Smart Campus,B002,Building B,BLK-B2,Block B2,AP-004,Building B Service Door,Service Area,2026-01-10 04:32:50,EMP-0211,Employee 211,EMPLOYEE,ACCESS_GRANTED,GRANTED,1,0,0,0,NORMAL,LOW,0
SEC-001460,F001,Smart Campus,B001,Building A,BLK-A1,Block A1,AP-001,Building A Main Entrance,Entrance,2026-01-10 05:03:55,EMP-0124,Employee 124,EMPLOYEE,ACCESS_GRANTED,GRANTED,1,0,0,0,NORMAL,LOW,0
SEC-001493,F001,Smart Campus,B003,Building C,BLK-C1,Block C1,AP-005,Building C Main Entrance,Entrance,2026-01-10 05:23:51,EMP-0455,Employee 455,EMPLOYEE,ACCESS_GRANTED,GRANTED,1,0,0,0,NORMAL,LOW,0
SEC-001539,F001,Smart Campus,B003,Building C,BLK-C1,Block C1,AP-005,Building C Main Entrance,Entrance,2026-01-10 05:26:28,EMP-0474,Employee 474,EMPLOYEE,ACCESS_GRANTED,GRANTED,1,0,0,0,NORMAL,LOW,0
SEC-001571,F001,Smart Campus,B002,Building B,BLK-B1,Block B1,AP-003,Building B Main Entrance,Entrance,2026-01-10 06:05:59,EMP-0251,Employee 251,EMPLOYEE,ACCESS_GRANTED,GRANTED,1,0,0,0,NORMAL,LOW,0
SEC-001520,F001,Smart Campus,B001,Building A,BLK-A1,Block A1,AP-001,Building A Main Entrance,Entrance,2026-01-10 06:30:13,EMP-0420,Employee 420,EMPLOYEE,ACCESS_GRANTED,GRANTED,1,0,0,0,NORMAL,LOW,0
SEC-001581,F001,Smart Campus,B003,Building C,BLK-C1,Block C1,AP-005,Building C Main Entrance,Entrance,2026-01-10 06:35:03,EMP-0053,Employee 53,EMPLOYEE,ACCESS_GRANTED,GRANTED,1,0,0,0,NORMAL,LOW,0
SEC-001503,F001,Smart Campus,B002,Building B,BLK-B2,Block B2,AP-004,Building B Service Door,Service Area,2026-01-10 06:41:24,EMP-0048,Employee 48,EMPLOYEE,UNAUTHORIZED_ACCESS,DENIED,1,1,0,0,SUSPICIOUS_ACCESS,CRITICAL,1
SEC-001572,F001,Smart Campus,B003,Building C,BLK-C1,Block C1,AP-005,Building C Main Entrance,Entrance,2026-01-10 06:48:48,EMP-0494,Employee 494,EMPLOYEE,ACCESS_GRANTED,GRANTED,1,0,0,0,NORMAL,LOW,0
SEC-001585,F001,Smart Campus,B003,Building C,BLK-C1,Block C1,AP-005,Building C Main Entrance,Entrance,2026-01-10 07:07:35,EMP-0443,Employee 443,EMPLOYEE,ACCESS_DENIED,DENIED,0,0,0,0,NORMAL,MEDIUM,1
SEC-001465,F001,Smart Campus,B002,Building B,BLK-B1,Block B1,AP-003,Building B Main Entrance,Entrance,2026-01-10 07:12:47,EMP-0130,Employee 130,EMPLOYEE,ACCESS_GRANTED,GRANTED,0,0,0,0,NORMAL,NORMAL,0
SEC-001450,F001,Smart Campus,B002,Building B,BLK-B2,Block B2,AP-004,Building B Service Door,Service Area,2026-01-10 07:16:29,EMP-0282,Employee 282,EMPLOYEE,ACCESS_GRANTED,GRANTED,0,0,0,0,NORMAL,NORMAL,0
SEC-001511,F001,Smart Campus,B001,Building A,BLK-A1,Block A1,AP-001,Building A Main Entrance,Entrance,2026-01-10 07:18:35,EMP-0406,Employee 406,EMPLOYEE,ACCESS_GRANTED,GRANTED,0,0,0,0,NORMAL,NORMAL,0
SEC-001568,F001,Smart Campus,B001,Building A,BLK-A2,Block A2,AP-002,Building A Side Entrance,Entrance,2026-01-10 07:32:11,CON-0088,Contractor 88,CONTRACTOR,ACCESS_GRANTED,GRANTED,0,0,0,0,NORMAL,NORMAL,0
SEC-001542,F001,Smart Campus,B003,Building C,BLK-C1,Block C1,AP-005,Building C Main Entrance,Entrance,2026-01-10 07:53:30,VIS-0043,Visitor 43,VISITOR,ACCESS_GRANTED,GRANTED,0,0,0,0,NORMAL,NORMAL,0
SEC-001553,F001,Smart Campus,B002,Building B,BLK-B1,Block B1,AP-003,Building B Main Entrance,Entrance,2026-01-10 07:53:49,EMP-0299,Employee 299,EMPLOYEE,ACCESS_GRANTED,GRANTED,0,0,0,0,NORMAL,NORMAL,0
SEC-001591,F001,Smart Campus,B003,Building C,BLK-C1,Block C1,AP-006,Server Room Access,Restricted Area,2026-01-10 07:56:10,EMP-0156,Employee 156,EMPLOYEE,UNAUTHORIZED_ACCESS,DENIED,0,1,0,0,SUSPICIOUS_ACCESS,HIGH,1
SEC-001567,F001,Smart Campus,B003,Building C,BLK-C1,Block C1,AP-006,Server Room Access,Restricted Area,2026-01-10 07:58:29,EMP-0117,Employee 117,EMPLOYEE,ACCESS_GRANTED,GRANTED,0,0,0,0,NORMAL,NORMAL,0
SEC-001559,F001,Smart Campus,B002,Building B,BLK-B2,Block B2,AP-004,Building B Service Door,Service Area,2026-01-10 08:29:22,EMP-0016,Employee 16,EMPLOYEE,ACCESS_GRANTED,GRANTED,0,0,0,0,NORMAL,NORMAL,0
SEC-001432,F001,Smart Campus,B002,Building B,BLK-B2,Block B2,AP-004,Building B Service Door,Service Area,2026-01-10 08:30:42,EMP-0151,Employee 151,EMPLOYEE,ACCESS_GRANTED,GRANTED,0,0,0,0,NORMAL,NORMAL,0
SEC-001592,F001,Smart Campus,B003,Building C,BLK-C1,Block C1,AP-005,Building C Main Entrance,Entrance,2026-01-10 08:36:21,EMP-0488,Employee 488,EMPLOYEE,ACCESS_GRANTED,GRANTED,0,0,0,0,NORMAL,NORMAL,0
SEC-001575,F001,Smart Campus,B003,Building C,BLK-C1,Block C1,AP-006,Server Room Access,Restricted Area,2026-01-10 08:44:37,EMP-0429,Employee 429,EMPLOYEE,ACCESS_GRANTED,GRANTED,0,0,0,0,NORMAL,NORMAL,0
SEC-001535,F001,Smart Campus,B002,Building B,BLK-B1,Block B1,AP-003,Building B Main Entrance,Entrance,2026-01-10 08:53:54,EMP-0113,Employee 113,EMPLOYEE,ACCESS_GRANTED,GRANTED,0,0,0,0,NORMAL,NORMAL,0
SEC-001508,F001,Smart Campus,B003,Building C,BLK-C1,Block C1,AP-006,Server Room Access,Restricted Area,2026-01-10 09:01:02,CON-0119,Contractor 119,CONTRACTOR,ACCESS_GRANTED,GRANTED,0,0,0,0,NORMAL,NORMAL,0
SEC-001506,F001,Smart Campus,B003,Building C,BLK-C1,Block C1,AP-005,Building C Main Entrance,Entrance,2026-01-10 09:01:33,EMP-0139,Employee 139,EMPLOYEE,ACCESS_GRANTED,GRANTED,0,0,0,0,NORMAL,NORMAL,0
SEC-001514,F001,Smart Campus,B002,Building B,BLK-B1,Block B1,AP-003,Building B Main Entrance,Entrance,2026-01-10 09:14:32,EMP-0272,Employee 272,EMPLOYEE,ACCESS_GRANTED,GRANTED,0,0,0,0,NORMAL,NORMAL,0
SEC-001435,F001,Smart Campus,B002,Building B,BLK-B1,Block B1,AP-003,Building B Main Entrance,Entrance,2026-01-10 09:18:48,CON-0070,Contractor 70,CONTRACTOR,ACCESS_GRANTED,GRANTED,0,0,0,0,NORMAL,NORMAL,0
SEC-001490,F001,Smart Campus,B003,Building C,BLK-C1,Block C1,AP-006,Server Room Access,Restricted Area,2026-01-10 09:22:32,EMP-0137,Employee 137,EMPLOYEE,ACCESS_GRANTED,GRANTED,0,0,0,0,NORMAL,NORMAL,0
SEC-001482,F001,Smart Campus,B002,Building B,BLK-B2,Block B2,AP-004,Building B Service Door,Service Area,2026-01-10 09:45:39,EMP-0191,Employee 191,EMPLOYEE,ACCESS_GRANTED,GRANTED,0,0,0,0,NORMAL,NORMAL,0
SEC-001507,F001,Smart Campus,B001,Building A,BLK-A1,Block A1,AP-001,Building A Main Entrance,Entrance,2026-01-10 10:08:42,VIS-0181,Visitor 181,VISITOR,ACCESS_GRANTED,GRANTED,0,0,0,0,NORMAL,NORMAL,0
SEC-001434,F001,Smart Campus,B001,Building A,BLK-A1,Block A1,AP-001,Building A Main Entrance,Entrance,2026-01-10 10:11:46,EMP-0161,Employee 161,EMPLOYEE,ACCESS_GRANTED,GRANTED,0,0,0,0,NORMAL,NORMAL,0
SEC-001445,F001,Smart Campus,B003,Building C,BLK-C1,Block C1,AP-005,Building C Main Entrance,Entrance,2026-01-10 10:16:13,EMP-0053,Employee 53,EMPLOYEE,ACCESS_GRANTED,GRANTED,0,0,0,0,NORMAL,NORMAL,0
SEC-001533,F001,Smart Campus,B003,Building C,BLK-C1,Block C1,AP-005,Building C Main Entrance,Entrance,2026-01-10 10:19:49,EMP-0086,Employee 86,EMPLOYEE,ACCESS_GRANTED,GRANTED,0,0,0,0,NORMAL,NORMAL,0
SEC-001440,F001,Smart Campus,B001,Building A,BLK-A1,Block A1,AP-001,Building A Main Entrance,Entrance,2026-01-10 10:20:24,EMP-0137,Employee 137,EMPLOYEE,ACCESS_GRANTED,GRANTED,0,0,0,0,NORMAL,NORMAL,0
SEC-001531,F001,Smart Campus,B001,Building A,BLK-A1,Block A1,AP-001,Building A Main Entrance,Entrance,2026-01-10 10:22:47,EMP-0095,Employee 95,EMPLOYEE,ACCESS_GRANTED,GRANTED,0,0,0,0,NORMAL,NORMAL,0
SEC-001574,F001,Smart Campus,B003,Building C,BLK-C1,Block C1,AP-006,Server Room Access,Restricted Area,2026-01-10 10:24:58,EMP-0262,Employee 262,EMPLOYEE,ACCESS_GRANTED,GRANTED,0,0,0,0,NORMAL,NORMAL,0
SEC-001495,F001,Smart Campus,B001,Building A,BLK-A1,Block A1,AP-001,Building A Main Entrance,Entrance,2026-01-10 10:34:04,VIS-0198,Visitor 198,VISITOR,ACCESS_GRANTED,GRANTED,0,0,0,0,NORMAL,NORMAL,0
SEC-001509,F001,Smart Campus,B001,Building A,BLK-A2,Block A2,AP-002,Building A Side Entrance,Entrance,2026-01-10 10:35:29,CON-0038,Contractor 38,CONTRACTOR,ACCESS_GRANTED,GRANTED,0,0,0,0,NORMAL,NORMAL,0
SEC-001541,F001,Smart Campus,B001,Building A,BLK-A2,Block A2,AP-002,Building A Side Entrance,Entrance,2026-01-10 10:38:23,EMP-0329,Employee 329,EMPLOYEE,ACCESS_GRANTED,GRANTED,0,0,0,0,NORMAL,NORMAL,0
SEC-001438,F001,Smart Campus,B002,Building B,BLK-B1,Block B1,AP-003,Building B Main Entrance,Entrance,2026-01-10 10:39:34,EMP-0034,Employee 34,EMPLOYEE,ACCESS_GRANTED,GRANTED,0,0,0,0,NORMAL,NORMAL,0
SEC-001478,F001,Smart Campus,B001,Building A,BLK-A1,Block A1,AP-001,Building A Main Entrance,Entrance,2026-01-10 10:52:19,EMP-0386,Employee 386,EMPLOYEE,ACCESS_GRANTED,GRANTED,0,0,0,0,NORMAL,NORMAL,0
SEC-001499,F001,Smart Campus,B001,Building A,BLK-A1,Block A1,AP-001,Building A Main Entrance,Entrance,2026-01-10 11:00:28,EMP-0046,Employee 46,EMPLOYEE,ACCESS_DENIED,DENIED,0,0,0,0,NORMAL,MEDIUM,1
SEC-001456,F001,Smart Campus,B002,Building B,BLK-B2,Block B2,AP-004,Building B Service Door,Service Area,2026-01-10 11:16:36,VIS-0093,Visitor 93,VISITOR,ACCESS_GRANTED,GRANTED,0,0,0,0,NORMAL,NORMAL,0
SEC-001473,F001,Smart Campus,B002,Building B,BLK-B2,Block B2,AP-004,Building B Service Door,Service Area,2026-01-10 11:38:28,EMP-0153,Employee 153,EMPLOYEE,ACCESS_GRANTED,GRANTED,0,0,0,0,NORMAL,NORMAL,0
SEC-001582,F001,Smart Campus,B001,Building A,BLK-A2,Block A2,AP-002,Building A Side Entrance,Entrance,2026-01-10 11:41:21,VIS-0132,Visitor 132,VISITOR,ACCESS_GRANTED,GRANTED,0,0,0,0,NORMAL,NORMAL,0
SEC-001569,F001,Smart Campus,B002,Building B,BLK-B2,Block B2,AP-004,Building B Service Door,Service Area,2026-01-10 11:45:49,VIS-0073,Visitor 73,VISITOR,ACCESS_GRANTED,GRANTED,0,0,0,0,NORMAL,NORMAL,0
SEC-001439,F001,Smart Campus,B001,Building A,BLK-A2,Block A2,AP-002,Building A Side Entrance,Entrance,2026-01-10 12:05:43,EMP-0029,Employee 29,EMPLOYEE,ACCESS_GRANTED,GRANTED,0,0,0,0,NORMAL,NORMAL,0
SEC-001544,F001,Smart Campus,B003,Building C,BLK-C1,Block C1,AP-005,Building C Main Entrance,Entrance,2026-01-10 12:13:43,EMP-0470,Employee 470,EMPLOYEE,ACCESS_GRANTED,GRANTED,0,0,0,0,NORMAL,NORMAL,0
SEC-001577,F001,Smart Campus,B001,Building A,BLK-A2,Block A2,AP-002,Building A Side Entrance,Entrance,2026-01-10 12:17:03,VIS-0057,Visitor 57,VISITOR,ACCESS_GRANTED,GRANTED,0,0,0,0,NORMAL,NORMAL,0
SEC-001573,F001,Smart Campus,B002,Building B,BLK-B1,Block B1,AP-003,Building B Main Entrance,Entrance,2026-01-10 12:17:18,CON-0029,Contractor 29,CONTRACTOR,ACCESS_GRANTED,GRANTED,0,0,0,0,NORMAL,NORMAL,0
SEC-001546,F001,Smart Campus,B001,Building A,BLK-A1,Block A1,AP-001,Building A Main Entrance,Entrance,2026-01-10 12:20:19,EMP-0135,Employee 135,EMPLOYEE,ACCESS_GRANTED,GRANTED,0,0,0,0,NORMAL,NORMAL,0
SEC-001589,F001,Smart Campus,B001,Building A,BLK-A2,Block A2,AP-002,Building A Side Entrance,Entrance,2026-01-10 12:34:14,VIS-0153,Visitor 153,VISITOR,ACCESS_GRANTED,GRANTED,0,0,0,0,NORMAL,NORMAL,0
SEC-001532,F001,Smart Campus,B001,Building A,BLK-A1,Block A1,AP-001,Building A Main Entrance,Entrance,2026-01-10 12:36:30,EMP-0080,Employee 80,EMPLOYEE,ACCESS_GRANTED,GRANTED,0,0,0,0,NORMAL,NORMAL,0
SEC-001526,F001,Smart Campus,B001,Building A,BLK-A2,Block A2,AP-002,Building A Side Entrance,Entrance,2026-01-10 12:40:12,EMP-0245,Employee 245,EMPLOYEE,ACCESS_GRANTED,GRANTED,0,0,0,0,NORMAL,NORMAL,0
SEC-001469,F001,Smart Campus,B002,Building B,BLK-B2,Block B2,AP-004,Building B Service Door,Service Area,2026-01-10 12:44:02,EMP-0462,Employee 462,EMPLOYEE,ACCESS_GRANTED,GRANTED,0,0,0,0,NORMAL,NORMAL,0
SEC-001564,F001,Smart Campus,B001,Building A,BLK-A2,Block A2,AP-002,Building A Side Entrance,Entrance,2026-01-10 12:52:06,VIS-0004,Visitor 4,VISITOR,ACCESS_GRANTED,GRANTED,0,0,0,0,NORMAL,NORMAL,0
SEC-001471,F001,Smart Campus,B002,Building B,BLK-B1,Block B1,AP-003,Building B Main Entrance,Entrance,2026-01-10 12:54:12,EMP-0236,Employee 236,EMPLOYEE,ACCESS_GRANTED,GRANTED,0,0,0,0,NORMAL,NORMAL,0
SEC-001501,F001,Smart Campus,B003,Building C,BLK-C1,Block C1,AP-006,Server Room Access,Restricted Area,2026-01-10 12:56:19,EMP-0286,Employee 286,EMPLOYEE,ACCESS_GRANTED,GRANTED,0,0,0,0,NORMAL,NORMAL,0
SEC-001498,F001,Smart Campus,B001,Building A,BLK-A2,Block A2,AP-002,Building A Side Entrance,Entrance,2026-01-10 12:56:41,EMP-0101,Employee 101,EMPLOYEE,ACCESS_GRANTED,GRANTED,0,0,0,0,NORMAL,NORMAL,0
SEC-001467,F001,Smart Campus,B002,Building B,BLK-B1,Block B1,AP-003,Building B Main Entrance,Entrance,2026-01-10 13:05:30,EMP-0381,Employee 381,EMPLOYEE,ACCESS_GRANTED,GRANTED,0,0,0,0,NORMAL,NORMAL,0
SEC-001530,F001,Smart Campus,B002,Building B,BLK-B1,Block B1,AP-003,Building B Main Entrance,Entrance,2026-01-10 13:19:56,EMP-0207,Employee 207,EMPLOYEE,ACCESS_GRANTED,GRANTED,0,0,0,0,NORMAL,NORMAL,0
SEC-001476,F001,Smart Campus,B002,Building B,BLK-B1,Block B1,AP-003,Building B Main Entrance,Entrance,2026-01-10 13:23:15,EMP-0093,Employee 93,EMPLOYEE,ACCESS_GRANTED,GRANTED,0,0,0,0,NORMAL,NORMAL,0
SEC-001452,F001,Smart Campus,B002,Building B,BLK-B2,Block B2,AP-004,Building B Service Door,Service Area,2026-01-10 13:27:28,EMP-0313,Employee 313,EMPLOYEE,ACCESS_GRANTED,GRANTED,0,0,0,0,NORMAL,NORMAL,0
SEC-001537,F001,Smart Campus,B001,Building A,BLK-A1,Block A1,AP-001,Building A Main Entrance,Entrance,2026-01-10 13:31:54,EMP-0383,Employee 383,EMPLOYEE,ACCESS_GRANTED,GRANTED,0,0,0,0,NORMAL,NORMAL,0
SEC-001437,F001,Smart Campus,B003,Building C,BLK-C1,Block C1,AP-006,Server Room Access,Restricted Area,2026-01-10 13:42:04,CON-0107,Contractor 107,CONTRACTOR,ACCESS_GRANTED,GRANTED,0,0,0,0,NORMAL,NORMAL,0
SEC-001562,F001,Smart Campus,B003,Building C,BLK-C1,Block C1,AP-005,Building C Main Entrance,Entrance,2026-01-10 13:43:15,EMP-0102,Employee 102,EMPLOYEE,ACCESS_GRANTED,GRANTED,0,0,0,0,NORMAL,NORMAL,0
SEC-001441,F001,Smart Campus,B001,Building A,BLK-A2,Block A2,AP-002,Building A Side Entrance,Entrance,2026-01-10 13:45:24,EMP-0340,Employee 340,EMPLOYEE,ACCESS_GRANTED,GRANTED,0,0,0,0,NORMAL,NORMAL,0
SEC-001466,F001,Smart Campus,B003,Building C,BLK-C1,Block C1,AP-005,Building C Main Entrance,Entrance,2026-01-10 13:47:47,EMP-0120,Employee 120,EMPLOYEE,ACCESS_GRANTED,GRANTED,0,0,0,0,NORMAL,NORMAL,0
SEC-001561,F001,Smart Campus,B002,Building B,BLK-B1,Block B1,AP-003,Building B Main Entrance,Entrance,2026-01-10 13:57:45,EMP-0384,Employee 384,EMPLOYEE,ACCESS_GRANTED,GRANTED,0,0,0,0,NORMAL,NORMAL,0
SEC-001484,F001,Smart Campus,B003,Building C,BLK-C1,Block C1,AP-006,Server Room Access,Restricted Area,2026-01-10 13:58:18,VIS-0162,Visitor 162,VISITOR,ACCESS_GRANTED,GRANTED,0,0,0,0,NORMAL,NORMAL,0
SEC-001586,F001,Smart Campus,B001,Building A,BLK-A2,Block A2,AP-002,Building A Side Entrance,Entrance,2026-01-10 14:00:29,EMP-0061,Employee 61,EMPLOYEE,ACCESS_GRANTED,GRANTED,0,0,0,0,NORMAL,NORMAL,0
SEC-001556,F001,Smart Campus,B001,Building A,BLK-A1,Block A1,AP-001,Building A Main Entrance,Entrance,2026-01-10 14:06:16,EMP-0304,Employee 304,EMPLOYEE,ACCESS_GRANTED,GRANTED,0,0,0,0,NORMAL,NORMAL,0
SEC-001472,F001,Smart Campus,B001,Building A,BLK-A2,Block A2,AP-002,Building A Side Entrance,Entrance,2026-01-10 14:26:35,EMP-0013,Employee 13,EMPLOYEE,ACCESS_GRANTED,GRANTED,0,0,0,0,NORMAL,NORMAL,0
SEC-001579,F001,Smart Campus,B002,Building B,BLK-B2,Block B2,AP-004,Building B Service Door,Service Area,2026-01-10 14:27:06,CON-0061,Contractor 61,CONTRACTOR,ACCESS_GRANTED,GRANTED,0,0,0,0,NORMAL,NORMAL,0
SEC-001549,F001,Smart Campus,B001,Building A,BLK-A2,Block A2,AP-002,Building A Side Entrance,Entrance,2026-01-10 14:29:07,CON-0013,Contractor 13,CONTRACTOR,ACCESS_GRANTED,GRANTED,0,0,0,0,NORMAL,NORMAL,0
SEC-001543,F001,Smart Campus,B003,Building C,BLK-C1,Block C1,AP-005,Building C Main Entrance,Entrance,2026-01-10 14:30:23,EMP-0079,Employee 79,EMPLOYEE,ACCESS_GRANTED,GRANTED,0,0,0,0,NORMAL,NORMAL,0
SEC-001488,F001,Smart Campus,B001,Building A,BLK-A2,Block A2,AP-002,Building A Side Entrance,Entrance,2026-01-10 14:41:14,VIS-0043,Visitor 43,VISITOR,ACCESS_GRANTED,GRANTED,0,0,0,0,NORMAL,NORMAL,0
SEC-001580,F001,Smart Campus,B002,Building B,BLK-B2,Block B2,AP-004,Building B Service Door,Service Area,2026-01-10 14:44:53,EMP-0214,Employee 214,EMPLOYEE,ACCESS_GRANTED,GRANTED,0,0,0,0,NORMAL,NORMAL,0
SEC-001557,F001,Smart Campus,B002,Building B,BLK-B2,Block B2,AP-004,Building B Service Door,Service Area,2026-01-10 14:46:51,VIS-0126,Visitor 126,VISITOR,ACCESS_GRANTED,GRANTED,0,0,0,0,NORMAL,NORMAL,0
SEC-001566,F001,Smart Campus,B003,Building C,BLK-C1,Block C1,AP-006,Server Room Access,Restricted Area,2026-01-10 14:49:52,VIS-0138,Visitor 138,VISITOR,ACCESS_GRANTED,GRANTED,0,0,0,0,NORMAL,NORMAL,0
SEC-001578,F001,Smart Campus,B001,Building A,BLK-A2,Block A2,AP-002,Building A Side Entrance,Entrance,2026-01-10 14:56:49,EMP-0150,Employee 150,EMPLOYEE,ACCESS_GRANTED,GRANTED,0,0,0,0,NORMAL,NORMAL,0
SEC-001431,F001,Smart Campus,B001,Building A,BLK-A1,Block A1,AP-001,Building A Main Entrance,Entrance,2026-01-10 15:04:04,VIS-0111,Visitor 111,VISITOR,ACCESS_GRANTED,GRANTED,0,0,0,0,NORMAL,NORMAL,0
SEC-001554,F001,Smart Campus,B002,Building B,BLK-B2,Block B2,AP-004,Building B Service Door,Service Area,2026-01-10 15:06:41,EMP-0023,Employee 23,EMPLOYEE,ACCESS_GRANTED,GRANTED,0,0,0,0,NORMAL,NORMAL,0
SEC-001442,F001,Smart Campus,B002,Building B,BLK-B1,Block B1,AP-003,Building B Main Entrance,Entrance,2026-01-10 15:24:05,EMP-0048,Employee 48,EMPLOYEE,ACCESS_GRANTED,GRANTED,0,0,0,0,NORMAL,NORMAL,0
SEC-001528,F001,Smart Campus,B003,Building C,BLK-C1,Block C1,AP-006,Server Room Access,Restricted Area,2026-01-10 15:24:43,VIS-0081,Visitor 81,VISITOR,ACCESS_GRANTED,GRANTED,0,0,0,0,NORMAL,NORMAL,0
SEC-001446,F001,Smart Campus,B002,Building B,BLK-B1,Block B1,AP-003,Building B Main Entrance,Entrance,2026-01-10 15:27:49,VIS-0148,Visitor 148,VISITOR,ACCESS_GRANTED,GRANTED,0,0,0,0,NORMAL,NORMAL,0
SEC-001594,F001,Smart Campus,B001,Building A,BLK-A1,Block A1,AP-001,Building A Main Entrance,Entrance,2026-01-10 15:28:58,EMP-0294,Employee 294,EMPLOYEE,ACCESS_GRANTED,GRANTED,0,0,0,0,NORMAL,NORMAL,0
SEC-001588,F001,Smart Campus,B001,Building A,BLK-A1,Block A1,AP-001,Building A Main Entrance,Entrance,2026-01-10 15:29:23,VIS-0264,Visitor 264,VISITOR,UNAUTHORIZED_ACCESS,DENIED,0,1,0,0,SUSPICIOUS_ACCESS,HIGH,1
SEC-001451,F001,Smart Campus,B002,Building B,BLK-B1,Block B1,AP-003,Building B Main Entrance,Entrance,2026-01-10 15:32:29,EMP-0141,Employee 141,EMPLOYEE,ACCESS_GRANTED,GRANTED,0,0,0,0,NORMAL,NORMAL,0
SEC-001527,F001,Smart Campus,B003,Building C,BLK-C1,Block C1,AP-006,Server Room Access,Restricted Area,2026-01-10 15:44:39,EMP-0276,Employee 276,EMPLOYEE,ACCESS_GRANTED,GRANTED,0,0,0,0,NORMAL,NORMAL,0
SEC-001524,F001,Smart Campus,B003,Building C,BLK-C1,Block C1,AP-005,Building C Main Entrance,Entrance,2026-01-10 15:46:19,EMP-0426,Employee 426,EMPLOYEE,ACCESS_GRANTED,GRANTED,0,0,0,0,NORMAL,NORMAL,0
SEC-001521,F001,Smart Campus,B003,Building C,BLK-C1,Block C1,AP-005,Building C Main Entrance,Entrance,2026-01-10 15:48:33,EMP-0321,Employee 321,EMPLOYEE,ACCESS_GRANTED,GRANTED,0,0,0,0,NORMAL,NORMAL,0
SEC-001448,F001,Smart Campus,B003,Building C,BLK-C1,Block C1,AP-005,Building C Main Entrance,Entrance,2026-01-10 15:51:39,CON-0070,Contractor 70,CONTRACTOR,ACCESS_GRANTED,GRANTED,0,0,0,0,NORMAL,NORMAL,0
SEC-001510,F001,Smart Campus,B001,Building A,BLK-A1,Block A1,AP-001,Building A Main Entrance,Entrance,2026-01-10 15:56:59,VIS-0012,Visitor 12,VISITOR,ACCESS_GRANTED,GRANTED,0,0,0,0,NORMAL,NORMAL,0
SEC-001474,F001,Smart Campus,B001,Building A,BLK-A2,Block A2,AP-002,Building A Side Entrance,Entrance,2026-01-10 16:03:50,EMP-0368,Employee 368,EMPLOYEE,ACCESS_GRANTED,GRANTED,0,0,0,0,NORMAL,NORMAL,0
SEC-001550,F001,Smart Campus,B001,Building A,BLK-A2,Block A2,AP-002,Building A Side Entrance,Entrance,2026-01-10 16:16:15,EMP-0420,Employee 420,EMPLOYEE,ACCESS_GRANTED,GRANTED,0,0,0,0,NORMAL,NORMAL,0
SEC-001463,F001,Smart Campus,B001,Building A,BLK-A2,Block A2,AP-002,Building A Side Entrance,Entrance,2026-01-10 16:24:38,EMP-0496,Employee 496,EMPLOYEE,TAILGATING,GRANTED,0,0,0,1,TAILGATING,HIGH,1
SEC-001563,F001,Smart Campus,B002,Building B,BLK-B1,Block B1,AP-003,Building B Main Entrance,Entrance,2026-01-10 16:26:02,EMP-0233,Employee 233,EMPLOYEE,ACCESS_GRANTED,GRANTED,0,0,0,0,NORMAL,NORMAL,0
SEC-001529,F001,Smart Campus,B001,Building A,BLK-A1,Block A1,AP-001,Building A Main Entrance,Entrance,2026-01-10 16:31:27,EMP-0115,Employee 115,EMPLOYEE,ACCESS_GRANTED,GRANTED,0,0,0,0,NORMAL,NORMAL,0
SEC-001500,F001,Smart Campus,B003,Building C,BLK-C1,Block C1,AP-006,Server Room Access,Restricted Area,2026-01-10 16:35:19,EMP-0161,Employee 161,EMPLOYEE,ACCESS_GRANTED,GRANTED,0,0,0,0,NORMAL,NORMAL,0
SEC-001515,F001,Smart Campus,B002,Building B,BLK-B2,Block B2,AP-004,Building B Service Door,Service Area,2026-01-10 16:39:53,EMP-0106,Employee 106,EMPLOYEE,ACCESS_GRANTED,GRANTED,0,0,0,0,NORMAL,NORMAL,0
SEC-001479,F001,Smart Campus,B003,Building C,BLK-C1,Block C1,AP-005,Building C Main Entrance,Entrance,2026-01-10 16:47:25,VIS-0042,Visitor 42,VISITOR,ACCESS_GRANTED,GRANTED,0,0,0,0,NORMAL,NORMAL,0
SEC-001486,F001,Smart Campus,B001,Building A,BLK-A2,Block A2,AP-002,Building A Side Entrance,Entrance,2026-01-10 16:53:05,EMP-0376,Employee 376,EMPLOYEE,ACCESS_GRANTED,GRANTED,0,0,0,0,NORMAL,NORMAL,0
SEC-001548,F001,Smart Campus,B003,Building C,BLK-C1,Block C1,AP-005,Building C Main Entrance,Entrance,2026-01-10 16:54:57,EMP-0208,Employee 208,EMPLOYEE,ACCESS_GRANTED,GRANTED,0,0,0,0,NORMAL,NORMAL,0
SEC-001522,F001,Smart Campus,B003,Building C,BLK-C1,Block C1,AP-006,Server Room Access,Restricted Area,2026-01-10 16:57:10,EMP-0340,Employee 340,EMPLOYEE,ACCESS_GRANTED,GRANTED,0,0,0,0,NORMAL,NORMAL,0
SEC-001491,F001,Smart Campus,B001,Building A,BLK-A1,Block A1,AP-001,Building A Main Entrance,Entrance,2026-01-10 16:59:33,VIS-0187,Visitor 187,VISITOR,ACCESS_GRANTED,GRANTED,0,0,0,0,NORMAL,NORMAL,0
SEC-001481,F001,Smart Campus,B002,Building B,BLK-B2,Block B2,AP-004,Building B Service Door,Service Area,2026-01-10 17:00:17,EMP-0376,Employee 376,EMPLOYEE,ACCESS_GRANTED,GRANTED,0,0,0,0,NORMAL,NORMAL,0
SEC-001504,F001,Smart Campus,B003,Building C,BLK-C1,Block C1,AP-006,Server Room Access,Restricted Area,2026-01-10 17:08:10,EMP-0069,Employee 69,EMPLOYEE,ACCESS_GRANTED,GRANTED,0,0,0,0,NORMAL,NORMAL,0
SEC-001444,F001,Smart Campus,B001,Building A,BLK-A1,Block A1,AP-001,Building A Main Entrance,Entrance,2026-01-10 17:11:32,EMP-0139,Employee 139,EMPLOYEE,ACCESS_GRANTED,GRANTED,0,0,0,0,NORMAL,NORMAL,0
SEC-001565,F001,Smart Campus,B002,Building B,BLK-B1,Block B1,AP-003,Building B Main Entrance,Entrance,2026-01-10 17:19:39,EMP-0208,Employee 208,EMPLOYEE,ACCESS_GRANTED,GRANTED,0,0,0,0,NORMAL,NORMAL,0
SEC-001545,F001,Smart Campus,B001,Building A,BLK-A2,Block A2,AP-002,Building A Side Entrance,Entrance,2026-01-10 17:21:42,EMP-0140,Employee 140,EMPLOYEE,ACCESS_GRANTED,GRANTED,0,0,0,0,NORMAL,NORMAL,0
SEC-001552,F001,Smart Campus,B002,Building B,BLK-B2,Block B2,AP-004,Building B Service Door,Service Area,2026-01-10 17:23:29,EMP-0341,Employee 341,EMPLOYEE,ACCESS_GRANTED,GRANTED,0,0,0,0,NORMAL,NORMAL,0
SEC-001547,F001,Smart Campus,B002,Building B,BLK-B2,Block B2,AP-004,Building B Service Door,Service Area,2026-01-10 17:31:06,EMP-0211,Employee 211,EMPLOYEE,ACCESS_GRANTED,GRANTED,0,0,0,0,NORMAL,NORMAL,0
SEC-001483,F001,Smart Campus,B002,Building B,BLK-B1,Block B1,AP-003,Building B Main Entrance,Entrance,2026-01-10 17:39:04,EMP-0085,Employee 85,EMPLOYEE,TAILGATING,GRANTED,0,0,0,1,TAILGATING,HIGH,1
SEC-001477,F001,Smart Campus,B001,Building A,BLK-A1,Block A1,AP-001,Building A Main Entrance,Entrance,2026-01-10 17:48:00,VIS-0019,Visitor 19,VISITOR,ACCESS_GRANTED,GRANTED,0,0,0,0,NORMAL,NORMAL,0
SEC-001534,F001,Smart Campus,B002,Building B,BLK-B1,Block B1,AP-003,Building B Main Entrance,Entrance,2026-01-10 18:03:05,VIS-0260,Visitor 260,VISITOR,ACCESS_GRANTED,GRANTED,0,0,0,0,NORMAL,NORMAL,0
SEC-001538,F001,Smart Campus,B001,Building A,BLK-A1,Block A1,AP-001,Building A Main Entrance,Entrance,2026-01-10 18:13:25,CON-0077,Contractor 77,CONTRACTOR,ACCESS_GRANTED,GRANTED,0,0,0,0,NORMAL,NORMAL,0
SEC-001455,F001,Smart Campus,B002,Building B,BLK-B1,Block B1,AP-003,Building B Main Entrance,Entrance,2026-01-10 18:20:00,EMP-0040,Employee 40,EMPLOYEE,ACCESS_GRANTED,GRANTED,0,0,0,0,NORMAL,NORMAL,0
SEC-001475,F001,Smart Campus,B002,Building B,BLK-B1,Block B1,AP-003,Building B Main Entrance,Entrance,2026-01-10 18:32:09,EMP-0149,Employee 149,EMPLOYEE,ACCESS_GRANTED,GRANTED,0,0,0,0,NORMAL,NORMAL,0
SEC-001458,F001,Smart Campus,B002,Building B,BLK-B2,Block B2,AP-004,Building B Service Door,Service Area,2026-01-10 18:36:50,CON-0125,Contractor 125,CONTRACTOR,ACCESS_GRANTED,GRANTED,0,0,0,0,NORMAL,NORMAL,0
SEC-001433,F001,Smart Campus,B001,Building A,BLK-A2,Block A2,AP-002,Building A Side Entrance,Entrance,2026-01-10 18:54:17,EMP-0316,Employee 316,EMPLOYEE,ACCESS_GRANTED,GRANTED,0,0,0,0,NORMAL,NORMAL,0
SEC-001583,F001,Smart Campus,B002,Building B,BLK-B2,Block B2,AP-004,Building B Service Door,Service Area,2026-01-10 18:57:43,VIS-0011,Visitor 11,VISITOR,ACCESS_GRANTED,GRANTED,0,0,0,0,NORMAL,NORMAL,0
SEC-001570,F001,Smart Campus,B003,Building C,BLK-C1,Block C1,AP-005,Building C Main Entrance,Entrance,2026-01-10 19:08:43,EMP-0101,Employee 101,EMPLOYEE,ACCESS_GRANTED,GRANTED,0,0,0,0,NORMAL,NORMAL,0
SEC-001555,F001,Smart Campus,B003,Building C,BLK-C1,Block C1,AP-006,Server Room Access,Restricted Area,2026-01-10 19:12:26,EMP-0110,Employee 110,EMPLOYEE,ACCESS_GRANTED,GRANTED,0,0,0,0,NORMAL,NORMAL,0
SEC-001518,F001,Smart Campus,B003,Building C,BLK-C1,Block C1,AP-005,Building C Main Entrance,Entrance,2026-01-10 19:20:46,EMP-0087,Employee 87,EMPLOYEE,ACCESS_GRANTED,GRANTED,0,0,0,0,NORMAL,NORMAL,0
SEC-001590,F001,Smart Campus,B002,Building B,BLK-B1,Block B1,AP-003,Building B Main Entrance,Entrance,2026-01-10 19:20:54,EMP-0160,Employee 160,EMPLOYEE,ACCESS_GRANTED,GRANTED,0,0,0,0,NORMAL,NORMAL,0
SEC-001436,F001,Smart Campus,B001,Building A,BLK-A2,Block A2,AP-002,Building A Side Entrance,Entrance,2026-01-10 19:23:00,EMP-0158,Employee 158,EMPLOYEE,ACCESS_GRANTED,GRANTED,0,0,0,0,NORMAL,NORMAL,0
SEC-001584,F001,Smart Campus,B003,Building C,BLK-C1,Block C1,AP-005,Building C Main Entrance,Entrance,2026-01-10 19:31:41,EMP-0153,Employee 153,EMPLOYEE,ACCESS_GRANTED,GRANTED,0,0,0,0,NORMAL,NORMAL,0
SEC-001519,F001,Smart Campus,B001,Building A,BLK-A1,Block A1,AP-001,Building A Main Entrance,Entrance,2026-01-10 19:36:46,EMP-0186,Employee 186,EMPLOYEE,ACCESS_GRANTED,GRANTED,0,0,0,0,NORMAL,NORMAL,0
SEC-001560,F001,Smart Campus,B002,Building B,BLK-B2,Block B2,AP-004,Building B Service Door,Service Area,2026-01-10 19:41:17,EMP-0251,Employee 251,EMPLOYEE,ACCESS_GRANTED,GRANTED,0,0,0,0,NORMAL,NORMAL,0
SEC-001470,F001,Smart Campus,B002,Building B,BLK-B1,Block B1,AP-003,Building B Main Entrance,Entrance,2026-01-10 19:54:23,EMP-0351,Employee 351,EMPLOYEE,ACCESS_GRANTED,GRANTED,0,0,0,0,NORMAL,NORMAL,0
SEC-001587,F001,Smart Campus,B002,Building B,BLK-B2,Block B2,AP-004,Building B Service Door,Service Area,2026-01-10 19:55:21,CON-0103,Contractor 103,CONTRACTOR,ACCESS_GRANTED,GRANTED,0,0,0,0,NORMAL,NORMAL,0
SEC-001593,F001,Smart Campus,B001,Building A,BLK-A2,Block A2,AP-002,Building A Side Entrance,Entrance,2026-01-10 19:55:38,EMP-0253,Employee 253,EMPLOYEE,ACCESS_GRANTED,GRANTED,0,0,0,0,NORMAL,NORMAL,0
SEC-001449,F001,Smart Campus,B001,Building A,BLK-A2,Block A2,AP-002,Building A Side Entrance,Entrance,2026-01-10 19:57:38,VIS-0217,Visitor 217,VISITOR,ACCESS_GRANTED,GRANTED,0,0,0,0,NORMAL,NORMAL,0
SEC-001494,F001,Smart Campus,B003,Building C,BLK-C1,Block C1,AP-005,Building C Main Entrance,Entrance,2026-01-10 20:06:37,EMP-0273,Employee 273,EMPLOYEE,ACCESS_GRANTED,GRANTED,0,0,0,0,NORMAL,NORMAL,0
SEC-001430,F001,Smart Campus,B003,Building C,BLK-C1,Block C1,AP-006,Server Room Access,Restricted Area,2026-01-10 20:11:44,EMP-0248,Employee 248,EMPLOYEE,ACCESS_GRANTED,GRANTED,0,0,0,0,NORMAL,NORMAL,0
SEC-001468,F001,Smart Campus,B002,Building B,BLK-B2,Block B2,AP-004,Building B Service Door,Service Area,2026-01-10 20:22:29,EMP-0220,Employee 220,EMPLOYEE,ACCESS_GRANTED,GRANTED,0,0,0,0,NORMAL,NORMAL,0
SEC-001443,F001,Smart Campus,B003,Building C,BLK-C1,Block C1,AP-005,Building C Main Entrance,Entrance,2026-01-10 20:39:50,EMP-0407,Employee 407,EMPLOYEE,ACCESS_GRANTED,GRANTED,0,0,0,0,NORMAL,NORMAL,0
SEC-001489,F001,Smart Campus,B002,Building B,BLK-B2,Block B2,AP-004,Building B Service Door,Service Area,2026-01-10 20:55:31,EMP-0049,Employee 49,EMPLOYEE,ACCESS_GRANTED,GRANTED,0,0,0,0,NORMAL,NORMAL,0
SEC-001536,F001,Smart Campus,B002,Building B,BLK-B2,Block B2,AP-004,Building B Service Door,Service Area,2026-01-10 21:06:59,EMP-0134,Employee 134,EMPLOYEE,ACCESS_GRANTED,GRANTED,1,0,0,0,NORMAL,LOW,0
SEC-001551,F001,Smart Campus,B002,Building B,BLK-B1,Block B1,AP-003,Building B Main Entrance,Entrance,2026-01-10 21:32:21,EMP-0054,Employee 54,EMPLOYEE,ACCESS_GRANTED,GRANTED,1,0,0,0,NORMAL,LOW,0
SEC-001447,F001,Smart Campus,B003,Building C,BLK-C1,Block C1,AP-005,Building C Main Entrance,Entrance,2026-01-10 22:21:21,EMP-0138,Employee 138,EMPLOYEE,ACCESS_GRANTED,GRANTED,1,0,0,0,NORMAL,LOW,0
SEC-001459,F001,Smart Campus,B002,Building B,BLK-B1,Block B1,AP-003,Building B Main Entrance,Entrance,2026-01-10 22:27:04,EMP-0360,Employee 360,EMPLOYEE,ACCESS_GRANTED,GRANTED,1,0,0,0,NORMAL,LOW,0
SEC-001558,F001,Smart Campus,B002,Building B,BLK-B1,Block B1,AP-003,Building B Main Entrance,Entrance,2026-01-10 22:45:13,EMP-0146,Employee 146,EMPLOYEE,ACCESS_GRANTED,GRANTED,1,0,0,0,NORMAL,LOW,0
SEC-001523,F001,Smart Campus,B003,Building C,BLK-C1,Block C1,AP-005,Building C Main Entrance,Entrance,2026-01-10 22:57:00,VIS-0057,Visitor 57,VISITOR,ACCESS_GRANTED,GRANTED,1,0,0,0,NORMAL,LOW,0
SEC-001492,F001,Smart Campus,B002,Building B,BLK-B1,Block B1,AP-003,Building B Main Entrance,Entrance,2026-01-10 23:03:51,EMP-0156,Employee 156,EMPLOYEE,ACCESS_GRANTED,GRANTED,1,0,0,0,NORMAL,LOW,0
SEC-001502,F001,Smart Campus,B003,Building C,BLK-C1,Block C1,AP-005,Building C Main Entrance,Entrance,2026-01-10 23:17:21,EMP-0214,Employee 214,EMPLOYEE,ACCESS_GRANTED,GRANTED,1,0,0,0,AFTER_HOURS_MOVEMENT,LOW,0
SEC-001513,F001,Smart Campus,B003,Building C,BLK-C1,Block C1,AP-005,Building C Main Entrance,Entrance,2026-01-10 23:32:21,EMP-0494,Employee 494,EMPLOYEE,ACCESS_GRANTED,GRANTED,1,0,0,0,NORMAL,LOW,0
SEC-001457,F001,Smart Campus,B003,Building C,BLK-C1,Block C1,AP-006,Server Room Access,Restricted Area,2026-01-10 23:33:20,EMP-0500,Employee 500,EMPLOYEE,ACCESS_GRANTED,GRANTED,1,0,0,0,NORMAL,LOW,0
SEC-001708,F001,Smart Campus,B002,Building B,BLK-B2,Block B2,AP-004,Building B Service Door,Service Area,2026-01-11 00:03:17,EMP-0487,Employee 487,EMPLOYEE,ACCESS_GRANTED,GRANTED,1,0,0,0,NORMAL,LOW,0
SEC-001638,F001,Smart Campus,B001,Building A,BLK-A2,Block A2,AP-002,Building A Side Entrance,Entrance,2026-01-11 00:53:10,EMP-0293,Employee 293,EMPLOYEE,ACCESS_GRANTED,GRANTED,1,0,0,0,AFTER_HOURS_MOVEMENT,LOW,0
SEC-001644,F001,Smart Campus,B003,Building C,BLK-C1,Block C1,AP-005,Building C Main Entrance,Entrance,2026-01-11 00:56:00,EMP-0268,Employee 268,EMPLOYEE,ACCESS_GRANTED,GRANTED,1,0,0,0,NORMAL,LOW,0
SEC-001680,F001,Smart Campus,B001,Building A,BLK-A2,Block A2,AP-002,Building A Side Entrance,Entrance,2026-01-11 01:23:18,EMP-0345,Employee 345,EMPLOYEE,ACCESS_GRANTED,GRANTED,1,0,0,0,AFTER_HOURS_MOVEMENT,LOW,0
SEC-001696,F001,Smart Campus,B002,Building B,BLK-B2,Block B2,AP-004,Building B Service Door,Service Area,2026-01-11 01:55:32,EMP-0382,Employee 382,EMPLOYEE,ACCESS_GRANTED,GRANTED,1,0,0,0,AFTER_HOURS_MOVEMENT,LOW,0
SEC-001689,F001,Smart Campus,B001,Building A,BLK-A1,Block A1,AP-001,Building A Main Entrance,Entrance,2026-01-11 01:59:33,VIS-0085,Visitor 85,VISITOR,ACCESS_GRANTED,GRANTED,1,0,0,0,NORMAL,LOW,0
SEC-001641,F001,Smart Campus,B003,Building C,BLK-C1,Block C1,AP-006,Server Room Access,Restricted Area,2026-01-11 02:23:16,EMP-0473,Employee 473,EMPLOYEE,UNAUTHORIZED_ACCESS,DENIED,1,1,0,0,SUSPICIOUS_ACCESS,CRITICAL,1
SEC-001626,F001,Smart Campus,B003,Building C,BLK-C1,Block C1,AP-005,Building C Main Entrance,Entrance,2026-01-11 03:12:00,EMP-0191,Employee 191,EMPLOYEE,ACCESS_GRANTED,GRANTED,1,0,0,0,NORMAL,LOW,0
SEC-001698,F001,Smart Campus,B001,Building A,BLK-A1,Block A1,AP-001,Building A Main Entrance,Entrance,2026-01-11 03:16:05,EMP-0102,Employee 102,EMPLOYEE,ACCESS_GRANTED,GRANTED,1,0,0,0,NORMAL,LOW,0
SEC-001613,F001,Smart Campus,B002,Building B,BLK-B2,Block B2,AP-004,Building B Service Door,Service Area,2026-01-11 04:16:33,VIS-0285,Visitor 285,VISITOR,ACCESS_GRANTED,GRANTED,1,0,0,0,AFTER_HOURS_MOVEMENT,LOW,0
SEC-001713,F001,Smart Campus,B001,Building A,BLK-A2,Block A2,AP-002,Building A Side Entrance,Entrance,2026-01-11 04:18:18,EMP-0498,Employee 498,EMPLOYEE,ACCESS_GRANTED,GRANTED,1,0,0,0,NORMAL,LOW,0
SEC-001681,F001,Smart Campus,B002,Building B,BLK-B1,Block B1,AP-003,Building B Main Entrance,Entrance,2026-01-11 04:21:20,EMP-0030,Employee 30,EMPLOYEE,ACCESS_GRANTED,GRANTED,1,0,0,0,NORMAL,LOW,0
SEC-001675,F001,Smart Campus,B002,Building B,BLK-B2,Block B2,AP-004,Building B Service Door,Service Area,2026-01-11 04:24:30,EMP-0019,Employee 19,EMPLOYEE,ACCESS_GRANTED,GRANTED,1,0,0,0,NORMAL,LOW,0
SEC-001645,F001,Smart Campus,B003,Building C,BLK-C1,Block C1,AP-005,Building C Main Entrance,Entrance,2026-01-11 04:28:51,EMP-0081,Employee 81,EMPLOYEE,ACCESS_GRANTED,GRANTED,1,0,0,0,NORMAL,LOW,0
SEC-001631,F001,Smart Campus,B002,Building B,BLK-B2,Block B2,AP-004,Building B Service Door,Service Area,2026-01-11 04:36:41,VIS-0245,Visitor 245,VISITOR,ACCESS_GRANTED,GRANTED,1,0,0,0,NORMAL,LOW,0
SEC-001658,F001,Smart Campus,B003,Building C,BLK-C1,Block C1,AP-005,Building C Main Entrance,Entrance,2026-01-11 04:40:44,EMP-0078,Employee 78,EMPLOYEE,ACCESS_GRANTED,GRANTED,1,0,0,0,NORMAL,LOW,0
SEC-001599,F001,Smart Campus,B002,Building B,BLK-B2,Block B2,AP-004,Building B Service Door,Service Area,2026-01-11 04:55:21,EMP-0001,Employee 1,EMPLOYEE,ACCESS_GRANTED,GRANTED,1,0,0,0,NORMAL,LOW,0
SEC-001612,F001,Smart Campus,B003,Building C,BLK-C1,Block C1,AP-005,Building C Main Entrance,Entrance,2026-01-11 05:49:08,EMP-0047,Employee 47,EMPLOYEE,ACCESS_GRANTED,GRANTED,1,0,0,0,AFTER_HOURS_MOVEMENT,LOW,0
SEC-001632,F001,Smart Campus,B003,Building C,BLK-C1,Block C1,AP-006,Server Room Access,Restricted Area,2026-01-11 05:51:07,EMP-0432,Employee 432,EMPLOYEE,ACCESS_GRANTED,GRANTED,1,0,0,0,NORMAL,LOW,0
SEC-001721,F001,Smart Campus,B002,Building B,BLK-B2,Block B2,AP-004,Building B Service Door,Service Area,2026-01-11 06:00:23,EMP-0329,Employee 329,EMPLOYEE,ACCESS_GRANTED,GRANTED,1,0,0,0,AFTER_HOURS_MOVEMENT,LOW,0
SEC-001611,F001,Smart Campus,B001,Building A,BLK-A1,Block A1,AP-001,Building A Main Entrance,Entrance,2026-01-11 06:36:16,EMP-0349,Employee 349,EMPLOYEE,ACCESS_GRANTED,GRANTED,1,0,0,0,NORMAL,LOW,0
SEC-001697,F001,Smart Campus,B002,Building B,BLK-B1,Block B1,AP-003,Building B Main Entrance,Entrance,2026-01-11 06:42:43,EMP-0455,Employee 455,EMPLOYEE,ACCESS_GRANTED,GRANTED,1,0,0,0,NORMAL,LOW,0
SEC-001605,F001,Smart Campus,B001,Building A,BLK-A1,Block A1,AP-001,Building A Main Entrance,Entrance,2026-01-11 06:46:37,EMP-0094,Employee 94,EMPLOYEE,ACCESS_GRANTED,GRANTED,1,0,0,0,NORMAL,LOW,0
SEC-001621,F001,Smart Campus,B003,Building C,BLK-C1,Block C1,AP-005,Building C Main Entrance,Entrance,2026-01-11 07:01:20,EMP-0022,Employee 22,EMPLOYEE,ACCESS_GRANTED,GRANTED,0,0,0,0,NORMAL,NORMAL,0
SEC-001667,F001,Smart Campus,B003,Building C,BLK-C1,Block C1,AP-005,Building C Main Entrance,Entrance,2026-01-11 07:05:58,EMP-0387,Employee 387,EMPLOYEE,ACCESS_GRANTED,GRANTED,0,0,0,0,NORMAL,NORMAL,0
SEC-001678,F001,Smart Campus,B001,Building A,BLK-A2,Block A2,AP-002,Building A Side Entrance,Entrance,2026-01-11 07:08:22,EMP-0493,Employee 493,EMPLOYEE,ACCESS_GRANTED,GRANTED,0,0,0,0,NORMAL,NORMAL,0
SEC-001598,F001,Smart Campus,B002,Building B,BLK-B2,Block B2,AP-004,Building B Service Door,Service Area,2026-01-11 07:14:14,EMP-0298,Employee 298,EMPLOYEE,ACCESS_GRANTED,GRANTED,0,0,0,0,NORMAL,NORMAL,0
SEC-001699,F001,Smart Campus,B003,Building C,BLK-C1,Block C1,AP-006,Server Room Access,Restricted Area,2026-01-11 07:21:58,EMP-0361,Employee 361,EMPLOYEE,ACCESS_GRANTED,GRANTED,0,0,0,0,NORMAL,NORMAL,0
SEC-001609,F001,Smart Campus,B001,Building A,BLK-A2,Block A2,AP-002,Building A Side Entrance,Entrance,2026-01-11 07:26:34,CON-0043,Contractor 43,CONTRACTOR,ACCESS_GRANTED,GRANTED,0,0,0,0,NORMAL,NORMAL,0
SEC-001627,F001,Smart Campus,B003,Building C,BLK-C1,Block C1,AP-005,Building C Main Entrance,Entrance,2026-01-11 07:27:03,VIS-0133,Visitor 133,VISITOR,ACCESS_GRANTED,GRANTED,0,0,0,0,NORMAL,NORMAL,0
SEC-001602,F001,Smart Campus,B001,Building A,BLK-A1,Block A1,AP-001,Building A Main Entrance,Entrance,2026-01-11 07:30:36,EMP-0158,Employee 158,EMPLOYEE,ACCESS_GRANTED,GRANTED,0,0,0,0,NORMAL,NORMAL,0
SEC-001684,F001,Smart Campus,B003,Building C,BLK-C1,Block C1,AP-006,Server Room Access,Restricted Area,2026-01-11 07:37:05,EMP-0161,Employee 161,EMPLOYEE,ACCESS_DENIED,DENIED,0,0,0,0,NORMAL,MEDIUM,1
SEC-001691,F001,Smart Campus,B002,Building B,BLK-B2,Block B2,AP-004,Building B Service Door,Service Area,2026-01-11 07:37:35,EMP-0100,Employee 100,EMPLOYEE,ACCESS_GRANTED,GRANTED,0,0,0,0,NORMAL,NORMAL,0
SEC-001650,F001,Smart Campus,B002,Building B,BLK-B1,Block B1,AP-003,Building B Main Entrance,Entrance,2026-01-11 07:45:58,EMP-0329,Employee 329,EMPLOYEE,ACCESS_GRANTED,GRANTED,0,0,0,0,NORMAL,NORMAL,0
SEC-001663,F001,Smart Campus,B002,Building B,BLK-B1,Block B1,AP-003,Building B Main Entrance,Entrance,2026-01-11 07:53:50,EMP-0382,Employee 382,EMPLOYEE,ACCESS_GRANTED,GRANTED,0,0,0,0,NORMAL,NORMAL,0
SEC-001710,F001,Smart Campus,B001,Building A,BLK-A1,Block A1,AP-001,Building A Main Entrance,Entrance,2026-01-11 07:58:57,EMP-0240,Employee 240,EMPLOYEE,UNAUTHORIZED_ACCESS,DENIED,0,1,0,0,SUSPICIOUS_ACCESS,HIGH,1
SEC-001666,F001,Smart Campus,B003,Building C,BLK-C1,Block C1,AP-005,Building C Main Entrance,Entrance,2026-01-11 08:19:12,EMP-0355,Employee 355,EMPLOYEE,ACCESS_GRANTED,GRANTED,0,0,0,0,NORMAL,NORMAL,0
SEC-001712,F001,Smart Campus,B001,Building A,BLK-A1,Block A1,AP-001,Building A Main Entrance,Entrance,2026-01-11 08:28:06,EMP-0389,Employee 389,EMPLOYEE,ACCESS_GRANTED,GRANTED,0,0,0,0,NORMAL,NORMAL,0
SEC-001706,F001,Smart Campus,B002,Building B,BLK-B2,Block B2,AP-004,Building B Service Door,Service Area,2026-01-11 08:44:41,EMP-0179,Employee 179,EMPLOYEE,ACCESS_GRANTED,GRANTED,0,0,0,0,NORMAL,NORMAL,0
SEC-001642,F001,Smart Campus,B001,Building A,BLK-A1,Block A1,AP-001,Building A Main Entrance,Entrance,2026-01-11 08:45:17,CON-0016,Contractor 16,CONTRACTOR,ACCESS_GRANTED,GRANTED,0,0,0,0,NORMAL,NORMAL,0
SEC-001662,F001,Smart Campus,B002,Building B,BLK-B1,Block B1,AP-003,Building B Main Entrance,Entrance,2026-01-11 08:57:59,EMP-0409,Employee 409,EMPLOYEE,ACCESS_GRANTED,GRANTED,0,0,0,0,NORMAL,NORMAL,0
SEC-001695,F001,Smart Campus,B003,Building C,BLK-C1,Block C1,AP-006,Server Room Access,Restricted Area,2026-01-11 08:58:16,VIS-0128,Visitor 128,VISITOR,ACCESS_GRANTED,GRANTED,0,0,0,0,NORMAL,NORMAL,0
SEC-001617,F001,Smart Campus,B001,Building A,BLK-A1,Block A1,AP-001,Building A Main Entrance,Entrance,2026-01-11 08:58:30,EMP-0461,Employee 461,EMPLOYEE,ACCESS_GRANTED,GRANTED,0,0,0,0,NORMAL,NORMAL,0
SEC-001720,F001,Smart Campus,B001,Building A,BLK-A1,Block A1,AP-001,Building A Main Entrance,Entrance,2026-01-11 08:59:15,EMP-0103,Employee 103,EMPLOYEE,ACCESS_GRANTED,GRANTED,0,0,0,0,NORMAL,NORMAL,0
SEC-001656,F001,Smart Campus,B003,Building C,BLK-C1,Block C1,AP-006,Server Room Access,Restricted Area,2026-01-11 09:03:15,EMP-0023,Employee 23,EMPLOYEE,ACCESS_GRANTED,GRANTED,0,0,0,0,NORMAL,NORMAL,0
SEC-001647,F001,Smart Campus,B003,Building C,BLK-C1,Block C1,AP-005,Building C Main Entrance,Entrance,2026-01-11 09:10:27,VIS-0084,Visitor 84,VISITOR,ACCESS_GRANTED,GRANTED,0,0,0,0,NORMAL,NORMAL,0
SEC-001610,F001,Smart Campus,B001,Building A,BLK-A2,Block A2,AP-002,Building A Side Entrance,Entrance,2026-01-11 09:13:39,EMP-0118,Employee 118,EMPLOYEE,ACCESS_GRANTED,GRANTED,0,0,0,0,NORMAL,NORMAL,0
SEC-001722,F001,Smart Campus,B003,Building C,BLK-C1,Block C1,AP-006,Server Room Access,Restricted Area,2026-01-11 09:21:01,EMP-0416,Employee 416,EMPLOYEE,ACCESS_GRANTED,GRANTED,0,0,0,0,NORMAL,NORMAL,0
SEC-001671,F001,Smart Campus,B003,Building C,BLK-C1,Block C1,AP-005,Building C Main Entrance,Entrance,2026-01-11 09:24:30,EMP-0018,Employee 18,EMPLOYEE,UNAUTHORIZED_ACCESS,DENIED,0,1,0,0,SUSPICIOUS_ACCESS,HIGH,1
SEC-001637,F001,Smart Campus,B002,Building B,BLK-B2,Block B2,AP-004,Building B Service Door,Service Area,2026-01-11 09:38:55,EMP-0244,Employee 244,EMPLOYEE,ACCESS_GRANTED,GRANTED,0,0,0,0,NORMAL,NORMAL,0
SEC-001622,F001,Smart Campus,B001,Building A,BLK-A1,Block A1,AP-001,Building A Main Entrance,Entrance,2026-01-11 09:46:45,EMP-0002,Employee 2,EMPLOYEE,ACCESS_GRANTED,GRANTED,0,0,0,0,NORMAL,NORMAL,0
SEC-001705,F001,Smart Campus,B003,Building C,BLK-C1,Block C1,AP-005,Building C Main Entrance,Entrance,2026-01-11 09:52:40,EMP-0154,Employee 154,EMPLOYEE,ACCESS_GRANTED,GRANTED,0,0,0,0,NORMAL,NORMAL,0
SEC-001694,F001,Smart Campus,B002,Building B,BLK-B1,Block B1,AP-003,Building B Main Entrance,Entrance,2026-01-11 10:04:53,VIS-0057,Visitor 57,VISITOR,ACCESS_GRANTED,GRANTED,0,0,0,0,NORMAL,NORMAL,0
SEC-001648,F001,Smart Campus,B001,Building A,BLK-A1,Block A1,AP-001,Building A Main Entrance,Entrance,2026-01-11 10:09:38,EMP-0295,Employee 295,EMPLOYEE,ACCESS_GRANTED,GRANTED,0,0,0,0,NORMAL,NORMAL,0
SEC-001669,F001,Smart Campus,B003,Building C,BLK-C1,Block C1,AP-006,Server Room Access,Restricted Area,2026-01-11 10:35:33,EMP-0496,Employee 496,EMPLOYEE,ACCESS_GRANTED,GRANTED,0,0,0,0,NORMAL,NORMAL,0
SEC-001604,F001,Smart Campus,B003,Building C,BLK-C1,Block C1,AP-006,Server Room Access,Restricted Area,2026-01-11 10:37:00,EMP-0133,Employee 133,EMPLOYEE,ACCESS_GRANTED,GRANTED,0,0,0,0,NORMAL,NORMAL,0
SEC-001673,F001,Smart Campus,B001,Building A,BLK-A1,Block A1,AP-001,Building A Main Entrance,Entrance,2026-01-11 10:46:46,EMP-0015,Employee 15,EMPLOYEE,ACCESS_GRANTED,GRANTED,0,0,0,0,NORMAL,NORMAL,0
SEC-001600,F001,Smart Campus,B002,Building B,BLK-B2,Block B2,AP-004,Building B Service Door,Service Area,2026-01-11 10:53:07,EMP-0177,Employee 177,EMPLOYEE,ACCESS_GRANTED,GRANTED,0,0,0,0,NORMAL,NORMAL,0
SEC-001665,F001,Smart Campus,B001,Building A,BLK-A1,Block A1,AP-001,Building A Main Entrance,Entrance,2026-01-11 11:09:03,EMP-0288,Employee 288,EMPLOYEE,ACCESS_GRANTED,GRANTED,0,0,0,0,NORMAL,NORMAL,0
SEC-001677,F001,Smart Campus,B002,Building B,BLK-B2,Block B2,AP-004,Building B Service Door,Service Area,2026-01-11 11:15:59,VIS-0258,Visitor 258,VISITOR,ACCESS_GRANTED,GRANTED,0,0,0,0,NORMAL,NORMAL,0
SEC-001700,F001,Smart Campus,B003,Building C,BLK-C1,Block C1,AP-006,Server Room Access,Restricted Area,2026-01-11 11:28:02,EMP-0213,Employee 213,EMPLOYEE,UNAUTHORIZED_ACCESS,DENIED,0,1,0,0,SUSPICIOUS_ACCESS,HIGH,1
SEC-001623,F001,Smart Campus,B002,Building B,BLK-B1,Block B1,AP-003,Building B Main Entrance,Entrance,2026-01-11 11:33:31,EMP-0338,Employee 338,EMPLOYEE,ACCESS_GRANTED,GRANTED,0,0,0,0,NORMAL,NORMAL,0
SEC-001693,F001,Smart Campus,B003,Building C,BLK-C1,Block C1,AP-006,Server Room Access,Restricted Area,2026-01-11 11:34:34,VIS-0098,Visitor 98,VISITOR,ACCESS_GRANTED,GRANTED,0,0,0,0,NORMAL,NORMAL,0
SEC-001635,F001,Smart Campus,B003,Building C,BLK-C1,Block C1,AP-006,Server Room Access,Restricted Area,2026-01-11 11:41:36,CON-0121,Contractor 121,CONTRACTOR,ACCESS_GRANTED,GRANTED,0,0,0,0,NORMAL,NORMAL,0
SEC-001701,F001,Smart Campus,B002,Building B,BLK-B2,Block B2,AP-004,Building B Service Door,Service Area,2026-01-11 11:42:52,EMP-0270,Employee 270,EMPLOYEE,ACCESS_GRANTED,GRANTED,0,0,0,0,NORMAL,NORMAL,0
SEC-001640,F001,Smart Campus,B001,Building A,BLK-A1,Block A1,AP-001,Building A Main Entrance,Entrance,2026-01-11 12:30:14,EMP-0066,Employee 66,EMPLOYEE,ACCESS_GRANTED,GRANTED,0,0,0,0,NORMAL,NORMAL,0
SEC-001724,F001,Smart Campus,B003,Building C,BLK-C1,Block C1,AP-006,Server Room Access,Restricted Area,2026-01-11 12:31:00,VIS-0119,Visitor 119,VISITOR,ACCESS_GRANTED,GRANTED,0,0,0,0,NORMAL,NORMAL,0
SEC-001711,F001,Smart Campus,B001,Building A,BLK-A2,Block A2,AP-002,Building A Side Entrance,Entrance,2026-01-11 12:36:58,EMP-0102,Employee 102,EMPLOYEE,ACCESS_GRANTED,GRANTED,0,0,0,0,NORMAL,NORMAL,0
SEC-001719,F001,Smart Campus,B003,Building C,BLK-C1,Block C1,AP-005,Building C Main Entrance,Entrance,2026-01-11 12:42:15,VIS-0079,Visitor 79,VISITOR,ACCESS_GRANTED,GRANTED,0,0,0,0,NORMAL,NORMAL,0
SEC-001683,F001,Smart Campus,B002,Building B,BLK-B2,Block B2,AP-004,Building B Service Door,Service Area,2026-01-11 13:06:25,EMP-0104,Employee 104,EMPLOYEE,ACCESS_GRANTED,GRANTED,0,0,0,0,NORMAL,NORMAL,0
SEC-001723,F001,Smart Campus,B002,Building B,BLK-B1,Block B1,AP-003,Building B Main Entrance,Entrance,2026-01-11 13:13:52,EMP-0356,Employee 356,EMPLOYEE,ACCESS_GRANTED,GRANTED,0,0,0,0,NORMAL,NORMAL,0
SEC-001595,F001,Smart Campus,B002,Building B,BLK-B1,Block B1,AP-003,Building B Main Entrance,Entrance,2026-01-11 13:16:34,VIS-0285,Visitor 285,VISITOR,ACCESS_GRANTED,GRANTED,0,0,0,0,NORMAL,NORMAL,0
SEC-001702,F001,Smart Campus,B002,Building B,BLK-B1,Block B1,AP-003,Building B Main Entrance,Entrance,2026-01-11 13:17:20,EMP-0485,Employee 485,EMPLOYEE,ACCESS_GRANTED,GRANTED,0,0,0,0,NORMAL,NORMAL,0
SEC-001629,F001,Smart Campus,B003,Building C,BLK-C1,Block C1,AP-006,Server Room Access,Restricted Area,2026-01-11 13:31:38,CON-0124,Contractor 124,CONTRACTOR,ACCESS_GRANTED,GRANTED,0,0,0,0,NORMAL,NORMAL,0
SEC-001670,F001,Smart Campus,B003,Building C,BLK-C1,Block C1,AP-006,Server Room Access,Restricted Area,2026-01-11 13:59:38,EMP-0180,Employee 180,EMPLOYEE,ACCESS_DENIED,DENIED,0,0,0,0,NORMAL,MEDIUM,1
SEC-001643,F001,Smart Campus,B003,Building C,BLK-C1,Block C1,AP-006,Server Room Access,Restricted Area,2026-01-11 14:11:52,EMP-0160,Employee 160,EMPLOYEE,ACCESS_GRANTED,GRANTED,0,0,0,0,NORMAL,NORMAL,0
SEC-001654,F001,Smart Campus,B001,Building A,BLK-A2,Block A2,AP-002,Building A Side Entrance,Entrance,2026-01-11 14:14:17,EMP-0323,Employee 323,EMPLOYEE,ACCESS_DENIED,DENIED,0,0,0,0,NORMAL,MEDIUM,1
SEC-001624,F001,Smart Campus,B002,Building B,BLK-B2,Block B2,AP-004,Building B Service Door,Service Area,2026-01-11 14:20:41,EMP-0400,Employee 400,EMPLOYEE,ACCESS_GRANTED,GRANTED,0,0,0,0,NORMAL,NORMAL,0
SEC-001615,F001,Smart Campus,B001,Building A,BLK-A1,Block A1,AP-001,Building A Main Entrance,Entrance,2026-01-11 14:26:48,CON-0034,Contractor 34,CONTRACTOR,ACCESS_GRANTED,GRANTED,0,0,0,0,NORMAL,NORMAL,0
SEC-001688,F001,Smart Campus,B002,Building B,BLK-B1,Block B1,AP-003,Building B Main Entrance,Entrance,2026-01-11 14:28:54,VIS-0053,Visitor 53,VISITOR,ACCESS_GRANTED,GRANTED,0,0,0,0,NORMAL,NORMAL,0
SEC-001639,F001,Smart Campus,B002,Building B,BLK-B1,Block B1,AP-003,Building B Main Entrance,Entrance,2026-01-11 14:37:55,EMP-0026,Employee 26,EMPLOYEE,ACCESS_GRANTED,GRANTED,0,0,0,0,NORMAL,NORMAL,0
SEC-001718,F001,Smart Campus,B001,Building A,BLK-A2,Block A2,AP-002,Building A Side Entrance,Entrance,2026-01-11 14:45:46,EMP-0471,Employee 471,EMPLOYEE,ACCESS_GRANTED,GRANTED,0,0,0,0,NORMAL,NORMAL,0
SEC-001703,F001,Smart Campus,B002,Building B,BLK-B1,Block B1,AP-003,Building B Main Entrance,Entrance,2026-01-11 14:46:17,EMP-0110,Employee 110,EMPLOYEE,ACCESS_GRANTED,GRANTED,0,0,0,0,NORMAL,NORMAL,0
SEC-001596,F001,Smart Campus,B001,Building A,BLK-A1,Block A1,AP-001,Building A Main Entrance,Entrance,2026-01-11 14:48:53,EMP-0238,Employee 238,EMPLOYEE,ACCESS_GRANTED,GRANTED,0,0,0,0,NORMAL,NORMAL,0
SEC-001679,F001,Smart Campus,B002,Building B,BLK-B2,Block B2,AP-004,Building B Service Door,Service Area,2026-01-11 14:50:15,EMP-0103,Employee 103,EMPLOYEE,ACCESS_GRANTED,GRANTED,0,0,0,0,NORMAL,NORMAL,0
SEC-001676,F001,Smart Campus,B003,Building C,BLK-C1,Block C1,AP-005,Building C Main Entrance,Entrance,2026-01-11 14:57:06,EMP-0156,Employee 156,EMPLOYEE,ACCESS_GRANTED,GRANTED,0,0,0,0,NORMAL,NORMAL,0
SEC-001714,F001,Smart Campus,B001,Building A,BLK-A2,Block A2,AP-002,Building A Side Entrance,Entrance,2026-01-11 15:19:42,EMP-0209,Employee 209,EMPLOYEE,ACCESS_GRANTED,GRANTED,0,0,0,0,NORMAL,NORMAL,0
SEC-001704,F001,Smart Campus,B003,Building C,BLK-C1,Block C1,AP-005,Building C Main Entrance,Entrance,2026-01-11 15:28:00,EMP-0118,Employee 118,EMPLOYEE,ACCESS_GRANTED,GRANTED,0,0,0,0,NORMAL,NORMAL,0
SEC-001653,F001,Smart Campus,B003,Building C,BLK-C1,Block C1,AP-006,Server Room Access,Restricted Area,2026-01-11 15:30:35,EMP-0172,Employee 172,EMPLOYEE,ACCESS_GRANTED,GRANTED,0,0,0,0,NORMAL,NORMAL,0
SEC-001668,F001,Smart Campus,B001,Building A,BLK-A2,Block A2,AP-002,Building A Side Entrance,Entrance,2026-01-11 15:33:32,EMP-0276,Employee 276,EMPLOYEE,ACCESS_GRANTED,GRANTED,0,0,0,0,NORMAL,NORMAL,0
SEC-001603,F001,Smart Campus,B002,Building B,BLK-B1,Block B1,AP-003,Building B Main Entrance,Entrance,2026-01-11 15:36:50,EMP-0086,Employee 86,EMPLOYEE,ACCESS_GRANTED,GRANTED,0,0,0,0,NORMAL,NORMAL,0
SEC-001709,F001,Smart Campus,B003,Building C,BLK-C1,Block C1,AP-006,Server Room Access,Restricted Area,2026-01-11 15:37:17,EMP-0265,Employee 265,EMPLOYEE,ACCESS_GRANTED,GRANTED,0,0,0,0,NORMAL,NORMAL,0
SEC-001707,F001,Smart Campus,B001,Building A,BLK-A1,Block A1,AP-001,Building A Main Entrance,Entrance,2026-01-11 15:38:25,EMP-0152,Employee 152,EMPLOYEE,ACCESS_GRANTED,GRANTED,0,0,0,0,NORMAL,NORMAL,0
SEC-001690,F001,Smart Campus,B002,Building B,BLK-B2,Block B2,AP-004,Building B Service Door,Service Area,2026-01-11 15:51:07,VIS-0112,Visitor 112,VISITOR,ACCESS_GRANTED,GRANTED,0,0,0,0,NORMAL,NORMAL,0
SEC-001652,F001,Smart Campus,B003,Building C,BLK-C1,Block C1,AP-006,Server Room Access,Restricted Area,2026-01-11 16:01:17,EMP-0109,Employee 109,EMPLOYEE,ACCESS_GRANTED,GRANTED,0,0,0,0,NORMAL,NORMAL,0
SEC-001686,F001,Smart Campus,B002,Building B,BLK-B2,Block B2,AP-004,Building B Service Door,Service Area,2026-01-11 16:31:44,EMP-0052,Employee 52,EMPLOYEE,ACCESS_GRANTED,GRANTED,0,0,0,0,NORMAL,NORMAL,0
SEC-001659,F001,Smart Campus,B002,Building B,BLK-B1,Block B1,AP-003,Building B Main Entrance,Entrance,2026-01-11 16:39:10,EMP-0191,Employee 191,EMPLOYEE,ACCESS_GRANTED,GRANTED,0,0,0,0,NORMAL,NORMAL,0
SEC-001674,F001,Smart Campus,B003,Building C,BLK-C1,Block C1,AP-005,Building C Main Entrance,Entrance,2026-01-11 16:40:36,EMP-0329,Employee 329,EMPLOYEE,ACCESS_GRANTED,GRANTED,0,0,0,0,NORMAL,NORMAL,0
SEC-001607,F001,Smart Campus,B003,Building C,BLK-C1,Block C1,AP-006,Server Room Access,Restricted Area,2026-01-11 16:57:52,EMP-0193,Employee 193,EMPLOYEE,ACCESS_GRANTED,GRANTED,0,0,0,0,NORMAL,NORMAL,0
SEC-001682,F001,Smart Campus,B001,Building A,BLK-A1,Block A1,AP-001,Building A Main Entrance,Entrance,2026-01-11 16:58:35,VIS-0291,Visitor 291,VISITOR,ACCESS_GRANTED,GRANTED,0,0,0,0,NORMAL,NORMAL,0
SEC-001687,F001,Smart Campus,B002,Building B,BLK-B2,Block B2,AP-004,Building B Service Door,Service Area,2026-01-11 17:25:03,EMP-0066,Employee 66,EMPLOYEE,ACCESS_GRANTED,GRANTED,0,0,0,0,NORMAL,NORMAL,0
SEC-001646,F001,Smart Campus,B002,Building B,BLK-B1,Block B1,AP-003,Building B Main Entrance,Entrance,2026-01-11 17:26:58,EMP-0404,Employee 404,EMPLOYEE,ACCESS_GRANTED,GRANTED,0,0,0,0,NORMAL,NORMAL,0
SEC-001616,F001,Smart Campus,B002,Building B,BLK-B2,Block B2,AP-004,Building B Service Door,Service Area,2026-01-11 17:28:34,EMP-0348,Employee 348,EMPLOYEE,ACCESS_GRANTED,GRANTED,0,0,0,0,NORMAL,NORMAL,0
SEC-001620,F001,Smart Campus,B001,Building A,BLK-A1,Block A1,AP-001,Building A Main Entrance,Entrance,2026-01-11 17:36:25,EMP-0059,Employee 59,EMPLOYEE,ACCESS_GRANTED,GRANTED,0,0,0,0,NORMAL,NORMAL,0
SEC-001717,F001,Smart Campus,B003,Building C,BLK-C1,Block C1,AP-006,Server Room Access,Restricted Area,2026-01-11 17:53:29,EMP-0233,Employee 233,EMPLOYEE,ACCESS_GRANTED,GRANTED,0,0,0,0,NORMAL,NORMAL,0
SEC-001597,F001,Smart Campus,B001,Building A,BLK-A2,Block A2,AP-002,Building A Side Entrance,Entrance,2026-01-11 17:53:45,CON-0117,Contractor 117,CONTRACTOR,ACCESS_GRANTED,GRANTED,0,0,0,0,NORMAL,NORMAL,0
SEC-001685,F001,Smart Campus,B002,Building B,BLK-B2,Block B2,AP-004,Building B Service Door,Service Area,2026-01-11 18:17:06,EMP-0291,Employee 291,EMPLOYEE,ACCESS_GRANTED,GRANTED,0,0,0,0,NORMAL,NORMAL,0
SEC-001661,F001,Smart Campus,B003,Building C,BLK-C1,Block C1,AP-006,Server Room Access,Restricted Area,2026-01-11 18:19:39,CON-0018,Contractor 18,CONTRACTOR,ACCESS_GRANTED,GRANTED,0,0,0,0,NORMAL,NORMAL,0
SEC-001664,F001,Smart Campus,B003,Building C,BLK-C1,Block C1,AP-005,Building C Main Entrance,Entrance,2026-01-11 18:27:15,EMP-0005,Employee 5,EMPLOYEE,FORCED_ENTRY,DENIED,0,0,1,0,FORCED_ENTRY,CRITICAL,1
SEC-001651,F001,Smart Campus,B003,Building C,BLK-C1,Block C1,AP-006,Server Room Access,Restricted Area,2026-01-11 18:27:28,CON-0069,Contractor 69,CONTRACTOR,ACCESS_GRANTED,GRANTED,0,0,0,0,NORMAL,NORMAL,0
SEC-001628,F001,Smart Campus,B002,Building B,BLK-B2,Block B2,AP-004,Building B Service Door,Service Area,2026-01-11 18:42:34,EMP-0361,Employee 361,EMPLOYEE,TAILGATING,GRANTED,0,0,0,1,TAILGATING,HIGH,1
SEC-001608,F001,Smart Campus,B002,Building B,BLK-B2,Block B2,AP-004,Building B Service Door,Service Area,2026-01-11 19:05:03,CON-0062,Contractor 62,CONTRACTOR,ACCESS_GRANTED,GRANTED,0,0,0,0,NORMAL,NORMAL,0
SEC-001636,F001,Smart Campus,B002,Building B,BLK-B2,Block B2,AP-004,Building B Service Door,Service Area,2026-01-11 19:16:19,EMP-0157,Employee 157,EMPLOYEE,ACCESS_GRANTED,GRANTED,0,0,0,0,NORMAL,NORMAL,0
SEC-001716,F001,Smart Campus,B002,Building B,BLK-B1,Block B1,AP-003,Building B Main Entrance,Entrance,2026-01-11 19:37:37,EMP-0321,Employee 321,EMPLOYEE,ACCESS_GRANTED,GRANTED,0,0,0,0,NORMAL,NORMAL,0
SEC-001619,F001,Smart Campus,B002,Building B,BLK-B2,Block B2,AP-004,Building B Service Door,Service Area,2026-01-11 19:44:04,EMP-0081,Employee 81,EMPLOYEE,ACCESS_GRANTED,GRANTED,0,0,0,0,NORMAL,NORMAL,0
SEC-001614,F001,Smart Campus,B003,Building C,BLK-C1,Block C1,AP-005,Building C Main Entrance,Entrance,2026-01-11 19:51:33,VIS-0132,Visitor 132,VISITOR,ACCESS_GRANTED,GRANTED,0,0,0,0,NORMAL,NORMAL,0
SEC-001601,F001,Smart Campus,B001,Building A,BLK-A1,Block A1,AP-001,Building A Main Entrance,Entrance,2026-01-11 19:54:37,VIS-0185,Visitor 185,VISITOR,ACCESS_GRANTED,GRANTED,0,0,0,0,NORMAL,NORMAL,0
SEC-001657,F001,Smart Campus,B001,Building A,BLK-A2,Block A2,AP-002,Building A Side Entrance,Entrance,2026-01-11 20:01:31,EMP-0188,Employee 188,EMPLOYEE,ACCESS_GRANTED,GRANTED,0,0,0,0,NORMAL,NORMAL,0
SEC-001625,F001,Smart Campus,B002,Building B,BLK-B1,Block B1,AP-003,Building B Main Entrance,Entrance,2026-01-11 20:03:14,VIS-0204,Visitor 204,VISITOR,ACCESS_GRANTED,GRANTED,0,0,0,0,NORMAL,NORMAL,0
SEC-001655,F001,Smart Campus,B002,Building B,BLK-B2,Block B2,AP-004,Building B Service Door,Service Area,2026-01-11 20:11:09,EMP-0244,Employee 244,EMPLOYEE,ACCESS_GRANTED,GRANTED,0,0,0,0,NORMAL,NORMAL,0
SEC-001634,F001,Smart Campus,B003,Building C,BLK-C1,Block C1,AP-005,Building C Main Entrance,Entrance,2026-01-11 20:15:37,EMP-0198,Employee 198,EMPLOYEE,ACCESS_GRANTED,GRANTED,0,0,0,0,NORMAL,NORMAL,0
SEC-001630,F001,Smart Campus,B001,Building A,BLK-A2,Block A2,AP-002,Building A Side Entrance,Entrance,2026-01-11 20:35:09,EMP-0370,Employee 370,EMPLOYEE,ACCESS_GRANTED,GRANTED,0,0,0,0,NORMAL,NORMAL,0
SEC-001649,F001,Smart Campus,B002,Building B,BLK-B2,Block B2,AP-004,Building B Service Door,Service Area,2026-01-11 20:53:41,EMP-0075,Employee 75,EMPLOYEE,ACCESS_GRANTED,GRANTED,0,0,0,0,NORMAL,NORMAL,0
SEC-001692,F001,Smart Campus,B003,Building C,BLK-C1,Block C1,AP-005,Building C Main Entrance,Entrance,2026-01-11 20:54:18,EMP-0080,Employee 80,EMPLOYEE,UNAUTHORIZED_ACCESS,DENIED,0,1,0,0,SUSPICIOUS_ACCESS,HIGH,1
SEC-001633,F001,Smart Campus,B001,Building A,BLK-A1,Block A1,AP-001,Building A Main Entrance,Entrance,2026-01-11 21:21:53,CON-0078,Contractor 78,CONTRACTOR,ACCESS_GRANTED,GRANTED,1,0,0,0,NORMAL,LOW,0
SEC-001715,F001,Smart Campus,B003,Building C,BLK-C1,Block C1,AP-005,Building C Main Entrance,Entrance,2026-01-11 21:49:43,EMP-0109,Employee 109,EMPLOYEE,ACCESS_GRANTED,GRANTED,1,0,0,0,NORMAL,LOW,0
SEC-001660,F001,Smart Campus,B001,Building A,BLK-A1,Block A1,AP-001,Building A Main Entrance,Entrance,2026-01-11 22:04:37,EMP-0128,Employee 128,EMPLOYEE,ACCESS_GRANTED,GRANTED,1,0,0,0,NORMAL,LOW,0
SEC-001672,F001,Smart Campus,B001,Building A,BLK-A2,Block A2,AP-002,Building A Side Entrance,Entrance,2026-01-11 22:07:43,EMP-0443,Employee 443,EMPLOYEE,ACCESS_GRANTED,GRANTED,1,0,0,0,NORMAL,LOW,0
SEC-001606,F001,Smart Campus,B001,Building A,BLK-A2,Block A2,AP-002,Building A Side Entrance,Entrance,2026-01-11 22:30:02,EMP-0442,Employee 442,EMPLOYEE,ACCESS_GRANTED,GRANTED,1,0,0,0,NORMAL,LOW,0
SEC-001618,F001,Smart Campus,B002,Building B,BLK-B2,Block B2,AP-004,Building B Service Door,Service Area,2026-01-11 23:49:36,EMP-0277,Employee 277,EMPLOYEE,ACCESS_GRANTED,GRANTED,1,0,0,0,NORMAL,LOW,0
SEC-001825,F001,Smart Campus,B003,Building C,BLK-C1,Block C1,AP-005,Building C Main Entrance,Entrance,2026-01-12 00:43:30,EMP-0055,Employee 55,EMPLOYEE,ACCESS_GRANTED,GRANTED,1,0,0,0,NORMAL,LOW,0
SEC-001819,F001,Smart Campus,B003,Building C,BLK-C1,Block C1,AP-005,Building C Main Entrance,Entrance,2026-01-12 01:09:29,EMP-0098,Employee 98,EMPLOYEE,ACCESS_DENIED,DENIED,1,0,0,0,AFTER_HOURS_MOVEMENT,MEDIUM,1
SEC-001815,F001,Smart Campus,B001,Building A,BLK-A1,Block A1,AP-001,Building A Main Entrance,Entrance,2026-01-12 01:09:57,EMP-0257,Employee 257,EMPLOYEE,ACCESS_GRANTED,GRANTED,1,0,0,0,NORMAL,LOW,0
SEC-001777,F001,Smart Campus,B002,Building B,BLK-B2,Block B2,AP-004,Building B Service Door,Service Area,2026-01-12 01:47:15,EMP-0293,Employee 293,EMPLOYEE,ACCESS_GRANTED,GRANTED,1,0,0,0,NORMAL,LOW,0
SEC-001831,F001,Smart Campus,B003,Building C,BLK-C1,Block C1,AP-006,Server Room Access,Restricted Area,2026-01-12 01:57:57,CON-0062,Contractor 62,CONTRACTOR,ACCESS_GRANTED,GRANTED,1,0,0,0,NORMAL,LOW,0
SEC-001844,F001,Smart Campus,B002,Building B,BLK-B2,Block B2,AP-004,Building B Service Door,Service Area,2026-01-12 02:05:16,EMP-0235,Employee 235,EMPLOYEE,ACCESS_GRANTED,GRANTED,1,0,0,0,NORMAL,LOW,0
SEC-001845,F001,Smart Campus,B003,Building C,BLK-C1,Block C1,AP-005,Building C Main Entrance,Entrance,2026-01-12 02:27:28,VIS-0220,Visitor 220,VISITOR,ACCESS_GRANTED,GRANTED,1,0,0,0,NORMAL,LOW,0
SEC-001762,F001,Smart Campus,B002,Building B,BLK-B2,Block B2,AP-004,Building B Service Door,Service Area,2026-01-12 02:33:00,EMP-0152,Employee 152,EMPLOYEE,ACCESS_GRANTED,GRANTED,1,0,0,0,NORMAL,LOW,0
SEC-001750,F001,Smart Campus,B001,Building A,BLK-A2,Block A2,AP-002,Building A Side Entrance,Entrance,2026-01-12 02:51:07,EMP-0242,Employee 242,EMPLOYEE,ACCESS_GRANTED,GRANTED,1,0,0,0,NORMAL,LOW,0
SEC-001808,F001,Smart Campus,B001,Building A,BLK-A1,Block A1,AP-001,Building A Main Entrance,Entrance,2026-01-12 02:56:09,EMP-0335,Employee 335,EMPLOYEE,ACCESS_GRANTED,GRANTED,1,0,0,0,NORMAL,LOW,0
SEC-001743,F001,Smart Campus,B002,Building B,BLK-B1,Block B1,AP-003,Building B Main Entrance,Entrance,2026-01-12 03:29:10,EMP-0092,Employee 92,EMPLOYEE,ACCESS_GRANTED,GRANTED,1,0,0,0,AFTER_HOURS_MOVEMENT,LOW,0
SEC-001782,F001,Smart Campus,B003,Building C,BLK-C1,Block C1,AP-006,Server Room Access,Restricted Area,2026-01-12 04:20:29,EMP-0329,Employee 329,EMPLOYEE,ACCESS_GRANTED,GRANTED,1,0,0,0,NORMAL,LOW,0
SEC-001859,F001,Smart Campus,B003,Building C,BLK-C1,Block C1,AP-006,Server Room Access,Restricted Area,2026-01-12 04:28:56,EMP-0079,Employee 79,EMPLOYEE,UNAUTHORIZED_ACCESS,DENIED,1,1,0,0,SUSPICIOUS_ACCESS,CRITICAL,1
SEC-001797,F001,Smart Campus,B001,Building A,BLK-A1,Block A1,AP-001,Building A Main Entrance,Entrance,2026-01-12 05:01:28,EMP-0053,Employee 53,EMPLOYEE,ACCESS_DENIED,DENIED,1,0,0,0,NORMAL,MEDIUM,1
SEC-001833,F001,Smart Campus,B001,Building A,BLK-A1,Block A1,AP-001,Building A Main Entrance,Entrance,2026-01-12 05:21:31,VIS-0235,Visitor 235,VISITOR,ACCESS_GRANTED,GRANTED,1,0,0,0,NORMAL,LOW,0
SEC-001854,F001,Smart Campus,B002,Building B,BLK-B2,Block B2,AP-004,Building B Service Door,Service Area,2026-01-12 05:26:12,VIS-0054,Visitor 54,VISITOR,ACCESS_GRANTED,GRANTED,1,0,0,0,NORMAL,LOW,0
SEC-001838,F001,Smart Campus,B003,Building C,BLK-C1,Block C1,AP-006,Server Room Access,Restricted Area,2026-01-12 05:38:14,VIS-0040,Visitor 40,VISITOR,ACCESS_GRANTED,GRANTED,1,0,0,0,NORMAL,LOW,0
SEC-001773,F001,Smart Campus,B002,Building B,BLK-B2,Block B2,AP-004,Building B Service Door,Service Area,2026-01-12 05:49:55,EMP-0045,Employee 45,EMPLOYEE,FORCED_ENTRY,DENIED,1,0,1,0,FORCED_ENTRY,CRITICAL,1
SEC-001756,F001,Smart Campus,B001,Building A,BLK-A2,Block A2,AP-002,Building A Side Entrance,Entrance,2026-01-12 07:09:47,EMP-0119,Employee 119,EMPLOYEE,UNAUTHORIZED_ACCESS,DENIED,0,1,0,0,SUSPICIOUS_ACCESS,HIGH,1
SEC-001790,F001,Smart Campus,B003,Building C,BLK-C1,Block C1,AP-005,Building C Main Entrance,Entrance,2026-01-12 07:15:57,EMP-0298,Employee 298,EMPLOYEE,ACCESS_GRANTED,GRANTED,0,0,0,0,NORMAL,NORMAL,0
SEC-001830,F001,Smart Campus,B003,Building C,BLK-C1,Block C1,AP-006,Server Room Access,Restricted Area,2026-01-12 07:18:05,EMP-0058,Employee 58,EMPLOYEE,ACCESS_GRANTED,GRANTED,0,0,0,0,NORMAL,NORMAL,0
SEC-001817,F001,Smart Campus,B001,Building A,BLK-A1,Block A1,AP-001,Building A Main Entrance,Entrance,2026-01-12 07:21:12,VIS-0039,Visitor 39,VISITOR,ACCESS_GRANTED,GRANTED,0,0,0,0,NORMAL,NORMAL,0
SEC-001798,F001,Smart Campus,B003,Building C,BLK-C1,Block C1,AP-006,Server Room Access,Restricted Area,2026-01-12 07:23:24,EMP-0215,Employee 215,EMPLOYEE,ACCESS_GRANTED,GRANTED,0,0,0,0,NORMAL,NORMAL,0
SEC-001781,F001,Smart Campus,B003,Building C,BLK-C1,Block C1,AP-005,Building C Main Entrance,Entrance,2026-01-12 07:30:15,EMP-0146,Employee 146,EMPLOYEE,ACCESS_GRANTED,GRANTED,0,0,0,0,NORMAL,NORMAL,0
SEC-001807,F001,Smart Campus,B003,Building C,BLK-C1,Block C1,AP-006,Server Room Access,Restricted Area,2026-01-12 08:00:54,EMP-0013,Employee 13,EMPLOYEE,ACCESS_GRANTED,GRANTED,0,0,0,0,NORMAL,NORMAL,0
SEC-001834,F001,Smart Campus,B002,Building B,BLK-B2,Block B2,AP-004,Building B Service Door,Service Area,2026-01-12 08:17:17,EMP-0018,Employee 18,EMPLOYEE,ACCESS_GRANTED,GRANTED,0,0,0,0,NORMAL,NORMAL,0
SEC-001735,F001,Smart Campus,B003,Building C,BLK-C1,Block C1,AP-006,Server Room Access,Restricted Area,2026-01-12 08:26:54,EMP-0141,Employee 141,EMPLOYEE,UNAUTHORIZED_ACCESS,DENIED,0,1,0,0,SUSPICIOUS_ACCESS,HIGH,1
SEC-001744,F001,Smart Campus,B002,Building B,BLK-B1,Block B1,AP-003,Building B Main Entrance,Entrance,2026-01-12 08:34:50,EMP-0319,Employee 319,EMPLOYEE,ACCESS_GRANTED,GRANTED,0,0,0,0,NORMAL,NORMAL,0
SEC-001842,F001,Smart Campus,B003,Building C,BLK-C1,Block C1,AP-006,Server Room Access,Restricted Area,2026-01-12 08:54:48,VIS-0241,Visitor 241,VISITOR,ACCESS_GRANTED,GRANTED,0,0,0,0,NORMAL,NORMAL,0
SEC-001732,F001,Smart Campus,B001,Building A,BLK-A1,Block A1,AP-001,Building A Main Entrance,Entrance,2026-01-12 09:04:49,CON-0141,Contractor 141,CONTRACTOR,ACCESS_GRANTED,GRANTED,0,0,0,0,NORMAL,NORMAL,0
SEC-001793,F001,Smart Campus,B001,Building A,BLK-A2,Block A2,AP-002,Building A Side Entrance,Entrance,2026-01-12 09:15:17,EMP-0039,Employee 39,EMPLOYEE,ACCESS_GRANTED,GRANTED,0,0,0,0,NORMAL,NORMAL,0
SEC-001726,F001,Smart Campus,B002,Building B,BLK-B1,Block B1,AP-003,Building B Main Entrance,Entrance,2026-01-12 09:24:03,EMP-0342,Employee 342,EMPLOYEE,ACCESS_GRANTED,GRANTED,0,0,0,0,NORMAL,NORMAL,0
SEC-001755,F001,Smart Campus,B002,Building B,BLK-B1,Block B1,AP-003,Building B Main Entrance,Entrance,2026-01-12 09:27:56,EMP-0354,Employee 354,EMPLOYEE,ACCESS_GRANTED,GRANTED,0,0,0,0,NORMAL,NORMAL,0
SEC-001816,F001,Smart Campus,B001,Building A,BLK-A1,Block A1,AP-001,Building A Main Entrance,Entrance,2026-01-12 09:32:50,CON-0103,Contractor 103,CONTRACTOR,ACCESS_GRANTED,GRANTED,0,0,0,0,NORMAL,NORMAL,0
SEC-001791,F001,Smart Campus,B001,Building A,BLK-A1,Block A1,AP-001,Building A Main Entrance,Entrance,2026-01-12 10:05:48,CON-0036,Contractor 36,CONTRACTOR,ACCESS_GRANTED,GRANTED,0,0,0,0,NORMAL,NORMAL,0
SEC-001770,F001,Smart Campus,B001,Building A,BLK-A2,Block A2,AP-002,Building A Side Entrance,Entrance,2026-01-12 10:23:44,EMP-0355,Employee 355,EMPLOYEE,ACCESS_GRANTED,GRANTED,0,0,0,0,NORMAL,NORMAL,0
SEC-001729,F001,Smart Campus,B001,Building A,BLK-A2,Block A2,AP-002,Building A Side Entrance,Entrance,2026-01-12 10:33:54,EMP-0498,Employee 498,EMPLOYEE,ACCESS_GRANTED,GRANTED,0,0,0,0,NORMAL,NORMAL,0
SEC-001851,F001,Smart Campus,B003,Building C,BLK-C1,Block C1,AP-006,Server Room Access,Restricted Area,2026-01-12 10:55:57,EMP-0483,Employee 483,EMPLOYEE,ACCESS_GRANTED,GRANTED,0,0,0,0,NORMAL,NORMAL,0
SEC-001823,F001,Smart Campus,B001,Building A,BLK-A1,Block A1,AP-001,Building A Main Entrance,Entrance,2026-01-12 11:03:18,EMP-0218,Employee 218,EMPLOYEE,ACCESS_GRANTED,GRANTED,0,0,0,0,NORMAL,NORMAL,0
SEC-001760,F001,Smart Campus,B002,Building B,BLK-B1,Block B1,AP-003,Building B Main Entrance,Entrance,2026-01-12 11:04:01,EMP-0224,Employee 224,EMPLOYEE,TAILGATING,GRANTED,0,0,0,1,TAILGATING,HIGH,1
SEC-001843,F001,Smart Campus,B002,Building B,BLK-B1,Block B1,AP-003,Building B Main Entrance,Entrance,2026-01-12 11:11:37,EMP-0234,Employee 234,EMPLOYEE,ACCESS_GRANTED,GRANTED,0,0,0,0,NORMAL,NORMAL,0
SEC-001811,F001,Smart Campus,B003,Building C,BLK-C1,Block C1,AP-005,Building C Main Entrance,Entrance,2026-01-12 11:16:26,EMP-0188,Employee 188,EMPLOYEE,ACCESS_GRANTED,GRANTED,0,0,0,0,NORMAL,NORMAL,0
SEC-001821,F001,Smart Campus,B003,Building C,BLK-C1,Block C1,AP-005,Building C Main Entrance,Entrance,2026-01-12 11:35:01,EMP-0002,Employee 2,EMPLOYEE,TAILGATING,GRANTED,0,0,0,1,TAILGATING,HIGH,1
SEC-001826,F001,Smart Campus,B001,Building A,BLK-A2,Block A2,AP-002,Building A Side Entrance,Entrance,2026-01-12 11:36:30,EMP-0391,Employee 391,EMPLOYEE,ACCESS_GRANTED,GRANTED,0,0,0,0,NORMAL,NORMAL,0
SEC-001829,F001,Smart Campus,B002,Building B,BLK-B2,Block B2,AP-004,Building B Service Door,Service Area,2026-01-12 11:53:48,EMP-0078,Employee 78,EMPLOYEE,ACCESS_GRANTED,GRANTED,0,0,0,0,NORMAL,NORMAL,0
SEC-001852,F001,Smart Campus,B003,Building C,BLK-C1,Block C1,AP-005,Building C Main Entrance,Entrance,2026-01-12 12:14:06,EMP-0068,Employee 68,EMPLOYEE,ACCESS_GRANTED,GRANTED,0,0,0,0,NORMAL,NORMAL,0
SEC-001741,F001,Smart Campus,B002,Building B,BLK-B2,Block B2,AP-004,Building B Service Door,Service Area,2026-01-12 12:20:44,EMP-0346,Employee 346,EMPLOYEE,ACCESS_GRANTED,GRANTED,0,0,0,0,NORMAL,NORMAL,0
SEC-001794,F001,Smart Campus,B001,Building A,BLK-A2,Block A2,AP-002,Building A Side Entrance,Entrance,2026-01-12 12:23:22,EMP-0022,Employee 22,EMPLOYEE,ACCESS_GRANTED,GRANTED,0,0,0,0,NORMAL,NORMAL,0
SEC-001786,F001,Smart Campus,B002,Building B,BLK-B1,Block B1,AP-003,Building B Main Entrance,Entrance,2026-01-12 12:28:32,VIS-0255,Visitor 255,VISITOR,ACCESS_GRANTED,GRANTED,0,0,0,0,NORMAL,NORMAL,0
SEC-001767,F001,Smart Campus,B001,Building A,BLK-A2,Block A2,AP-002,Building A Side Entrance,Entrance,2026-01-12 12:32:43,EMP-0093,Employee 93,EMPLOYEE,ACCESS_GRANTED,GRANTED,0,0,0,0,NORMAL,NORMAL,0
SEC-001820,F001,Smart Campus,B003,Building C,BLK-C1,Block C1,AP-006,Server Room Access,Restricted Area,2026-01-12 12:43:43,EMP-0430,Employee 430,EMPLOYEE,ACCESS_GRANTED,GRANTED,0,0,0,0,NORMAL,NORMAL,0
SEC-001778,F001,Smart Campus,B002,Building B,BLK-B2,Block B2,AP-004,Building B Service Door,Service Area,2026-01-12 12:44:25,CON-0057,Contractor 57,CONTRACTOR,ACCESS_GRANTED,GRANTED,0,0,0,0,NORMAL,NORMAL,0
SEC-001766,F001,Smart Campus,B002,Building B,BLK-B2,Block B2,AP-004,Building B Service Door,Service Area,2026-01-12 12:47:55,EMP-0306,Employee 306,EMPLOYEE,ACCESS_GRANTED,GRANTED,0,0,0,0,NORMAL,NORMAL,0
SEC-001836,F001,Smart Campus,B001,Building A,BLK-A2,Block A2,AP-002,Building A Side Entrance,Entrance,2026-01-12 12:48:15,EMP-0499,Employee 499,EMPLOYEE,ACCESS_GRANTED,GRANTED,0,0,0,0,NORMAL,NORMAL,0
SEC-001751,F001,Smart Campus,B003,Building C,BLK-C1,Block C1,AP-006,Server Room Access,Restricted Area,2026-01-12 12:48:58,EMP-0179,Employee 179,EMPLOYEE,FORCED_ENTRY,DENIED,0,0,1,0,FORCED_ENTRY,CRITICAL,1
SEC-001840,F001,Smart Campus,B001,Building A,BLK-A2,Block A2,AP-002,Building A Side Entrance,Entrance,2026-01-12 13:16:09,EMP-0496,Employee 496,EMPLOYEE,ACCESS_GRANTED,GRANTED,0,0,0,0,NORMAL,NORMAL,0
SEC-001734,F001,Smart Campus,B001,Building A,BLK-A1,Block A1,AP-001,Building A Main Entrance,Entrance,2026-01-12 13:16:48,EMP-0322,Employee 322,EMPLOYEE,ACCESS_GRANTED,GRANTED,0,0,0,0,NORMAL,NORMAL,0
SEC-001795,F001,Smart Campus,B002,Building B,BLK-B1,Block B1,AP-003,Building B Main Entrance,Entrance,2026-01-12 13:19:16,CON-0093,Contractor 93,CONTRACTOR,ACCESS_GRANTED,GRANTED,0,0,0,0,NORMAL,NORMAL,0
SEC-001856,F001,Smart Campus,B003,Building C,BLK-C1,Block C1,AP-005,Building C Main Entrance,Entrance,2026-01-12 13:24:14,EMP-0167,Employee 167,EMPLOYEE,ACCESS_GRANTED,GRANTED,0,0,0,0,NORMAL,NORMAL,0
SEC-001725,F001,Smart Campus,B003,Building C,BLK-C1,Block C1,AP-006,Server Room Access,Restricted Area,2026-01-12 13:25:47,EMP-0078,Employee 78,EMPLOYEE,ACCESS_GRANTED,GRANTED,0,0,0,0,NORMAL,NORMAL,0
SEC-001805,F001,Smart Campus,B003,Building C,BLK-C1,Block C1,AP-005,Building C Main Entrance,Entrance,2026-01-12 13:38:30,VIS-0059,Visitor 59,VISITOR,ACCESS_GRANTED,GRANTED,0,0,0,0,NORMAL,NORMAL,0
SEC-001832,F001,Smart Campus,B002,Building B,BLK-B2,Block B2,AP-004,Building B Service Door,Service Area,2026-01-12 13:47:36,VIS-0230,Visitor 230,VISITOR,ACCESS_GRANTED,GRANTED,0,0,0,0,NORMAL,NORMAL,0
SEC-001733,F001,Smart Campus,B003,Building C,BLK-C1,Block C1,AP-005,Building C Main Entrance,Entrance,2026-01-12 13:52:18,EMP-0197,Employee 197,EMPLOYEE,ACCESS_GRANTED,GRANTED,0,0,0,0,NORMAL,NORMAL,0
SEC-001814,F001,Smart Campus,B003,Building C,BLK-C1,Block C1,AP-005,Building C Main Entrance,Entrance,2026-01-12 14:00:51,EMP-0311,Employee 311,EMPLOYEE,ACCESS_GRANTED,GRANTED,0,0,0,0,NORMAL,NORMAL,0
SEC-001768,F001,Smart Campus,B001,Building A,BLK-A1,Block A1,AP-001,Building A Main Entrance,Entrance,2026-01-12 14:17:34,EMP-0497,Employee 497,EMPLOYEE,ACCESS_GRANTED,GRANTED,0,0,0,0,NORMAL,NORMAL,0
SEC-001846,F001,Smart Campus,B003,Building C,BLK-C1,Block C1,AP-005,Building C Main Entrance,Entrance,2026-01-12 14:21:18,EMP-0263,Employee 263,EMPLOYEE,ACCESS_GRANTED,GRANTED,0,0,0,0,NORMAL,NORMAL,0
SEC-001803,F001,Smart Campus,B001,Building A,BLK-A2,Block A2,AP-002,Building A Side Entrance,Entrance,2026-01-12 14:23:21,EMP-0206,Employee 206,EMPLOYEE,ACCESS_GRANTED,GRANTED,0,0,0,0,NORMAL,NORMAL,0
SEC-001855,F001,Smart Campus,B001,Building A,BLK-A2,Block A2,AP-002,Building A Side Entrance,Entrance,2026-01-12 14:34:48,VIS-0203,Visitor 203,VISITOR,ACCESS_GRANTED,GRANTED,0,0,0,0,NORMAL,NORMAL,0
SEC-001772,F001,Smart Campus,B003,Building C,BLK-C1,Block C1,AP-006,Server Room Access,Restricted Area,2026-01-12 14:37:51,EMP-0010,Employee 10,EMPLOYEE,ACCESS_DENIED,DENIED,0,0,0,0,NORMAL,MEDIUM,1
SEC-001731,F001,Smart Campus,B001,Building A,BLK-A1,Block A1,AP-001,Building A Main Entrance,Entrance,2026-01-12 14:40:15,EMP-0212,Employee 212,EMPLOYEE,ACCESS_GRANTED,GRANTED,0,0,0,0,NORMAL,NORMAL,0
SEC-001853,F001,Smart Campus,B001,Building A,BLK-A1,Block A1,AP-001,Building A Main Entrance,Entrance,2026-01-12 14:43:11,VIS-0252,Visitor 252,VISITOR,ACCESS_GRANTED,GRANTED,0,0,0,0,NORMAL,NORMAL,0
SEC-001809,F001,Smart Campus,B003,Building C,BLK-C1,Block C1,AP-005,Building C Main Entrance,Entrance,2026-01-12 14:47:34,EMP-0228,Employee 228,EMPLOYEE,ACCESS_GRANTED,GRANTED,0,0,0,0,NORMAL,NORMAL,0
SEC-001822,F001,Smart Campus,B003,Building C,BLK-C1,Block C1,AP-006,Server Room Access,Restricted Area,2026-01-12 14:55:57,EMP-0088,Employee 88,EMPLOYEE,UNAUTHORIZED_ACCESS,DENIED,0,1,0,0,SUSPICIOUS_ACCESS,HIGH,1
SEC-001818,F001,Smart Campus,B003,Building C,BLK-C1,Block C1,AP-006,Server Room Access,Restricted Area,2026-01-12 15:00:50,EMP-0354,Employee 354,EMPLOYEE,ACCESS_DENIED,DENIED,0,0,0,0,NORMAL,MEDIUM,1
SEC-001758,F001,Smart Campus,B003,Building C,BLK-C1,Block C1,AP-005,Building C Main Entrance,Entrance,2026-01-12 15:01:55,EMP-0447,Employee 447,EMPLOYEE,ACCESS_GRANTED,GRANTED,0,0,0,0,NORMAL,NORMAL,0
SEC-001728,F001,Smart Campus,B003,Building C,BLK-C1,Block C1,AP-006,Server Room Access,Restricted Area,2026-01-12 15:05:08,CON-0060,Contractor 60,CONTRACTOR,UNAUTHORIZED_ACCESS,DENIED,0,1,0,0,SUSPICIOUS_ACCESS,HIGH,1
SEC-001748,F001,Smart Campus,B001,Building A,BLK-A1,Block A1,AP-001,Building A Main Entrance,Entrance,2026-01-12 15:18:46,VIS-0106,Visitor 106,VISITOR,ACCESS_GRANTED,GRANTED,0,0,0,0,NORMAL,NORMAL,0
SEC-001775,F001,Smart Campus,B001,Building A,BLK-A2,Block A2,AP-002,Building A Side Entrance,Entrance,2026-01-12 15:38:49,EMP-0004,Employee 4,EMPLOYEE,ACCESS_GRANTED,GRANTED,0,0,0,0,NORMAL,NORMAL,0
SEC-001800,F001,Smart Campus,B002,Building B,BLK-B2,Block B2,AP-004,Building B Service Door,Service Area,2026-01-12 15:38:51,EMP-0473,Employee 473,EMPLOYEE,ACCESS_GRANTED,GRANTED,0,0,0,0,NORMAL,NORMAL,0
SEC-001776,F001,Smart Campus,B001,Building A,BLK-A1,Block A1,AP-001,Building A Main Entrance,Entrance,2026-01-12 15:40:36,VIS-0117,Visitor 117,VISITOR,UNAUTHORIZED_ACCESS,DENIED,0,1,0,0,SUSPICIOUS_ACCESS,HIGH,1
SEC-001749,F001,Smart Campus,B001,Building A,BLK-A2,Block A2,AP-002,Building A Side Entrance,Entrance,2026-01-12 15:44:09,EMP-0086,Employee 86,EMPLOYEE,ACCESS_GRANTED,GRANTED,0,0,0,0,NORMAL,NORMAL,0
SEC-001801,F001,Smart Campus,B001,Building A,BLK-A2,Block A2,AP-002,Building A Side Entrance,Entrance,2026-01-12 16:03:16,EMP-0211,Employee 211,EMPLOYEE,ACCESS_GRANTED,GRANTED,0,0,0,0,NORMAL,NORMAL,0
SEC-001796,F001,Smart Campus,B001,Building A,BLK-A2,Block A2,AP-002,Building A Side Entrance,Entrance,2026-01-12 16:15:59,EMP-0048,Employee 48,EMPLOYEE,ACCESS_GRANTED,GRANTED,0,0,0,0,NORMAL,NORMAL,0
SEC-001812,F001,Smart Campus,B002,Building B,BLK-B2,Block B2,AP-004,Building B Service Door,Service Area,2026-01-12 16:26:52,EMP-0010,Employee 10,EMPLOYEE,ACCESS_GRANTED,GRANTED,0,0,0,0,NORMAL,NORMAL,0
SEC-001848,F001,Smart Campus,B001,Building A,BLK-A1,Block A1,AP-001,Building A Main Entrance,Entrance,2026-01-12 16:27:11,EMP-0171,Employee 171,EMPLOYEE,ACCESS_GRANTED,GRANTED,0,0,0,0,NORMAL,NORMAL,0
SEC-001860,F001,Smart Campus,B003,Building C,BLK-C1,Block C1,AP-006,Server Room Access,Restricted Area,2026-01-12 16:34:35,VIS-0236,Visitor 236,VISITOR,ACCESS_GRANTED,GRANTED,0,0,0,0,NORMAL,NORMAL,0
SEC-001847,F001,Smart Campus,B002,Building B,BLK-B1,Block B1,AP-003,Building B Main Entrance,Entrance,2026-01-12 16:59:08,EMP-0298,Employee 298,EMPLOYEE,ACCESS_GRANTED,GRANTED,0,0,0,0,NORMAL,NORMAL,0
SEC-001789,F001,Smart Campus,B003,Building C,BLK-C1,Block C1,AP-006,Server Room Access,Restricted Area,2026-01-12 17:00:31,EMP-0112,Employee 112,EMPLOYEE,ACCESS_GRANTED,GRANTED,0,0,0,0,NORMAL,NORMAL,0
SEC-001827,F001,Smart Campus,B001,Building A,BLK-A1,Block A1,AP-001,Building A Main Entrance,Entrance,2026-01-12 17:11:39,CON-0121,Contractor 121,CONTRACTOR,ACCESS_GRANTED,GRANTED,0,0,0,0,NORMAL,NORMAL,0
SEC-001765,F001,Smart Campus,B002,Building B,BLK-B2,Block B2,AP-004,Building B Service Door,Service Area,2026-01-12 17:19:15,EMP-0139,Employee 139,EMPLOYEE,ACCESS_GRANTED,GRANTED,0,0,0,0,NORMAL,NORMAL,0
SEC-001850,F001,Smart Campus,B002,Building B,BLK-B2,Block B2,AP-004,Building B Service Door,Service Area,2026-01-12 17:22:26,EMP-0455,Employee 455,EMPLOYEE,ACCESS_GRANTED,GRANTED,0,0,0,0,NORMAL,NORMAL,0
SEC-001785,F001,Smart Campus,B003,Building C,BLK-C1,Block C1,AP-005,Building C Main Entrance,Entrance,2026-01-12 17:40:45,VIS-0028,Visitor 28,VISITOR,ACCESS_GRANTED,GRANTED,0,0,0,0,NORMAL,NORMAL,0
SEC-001828,F001,Smart Campus,B002,Building B,BLK-B2,Block B2,AP-004,Building B Service Door,Service Area,2026-01-12 17:42:55,CON-0059,Contractor 59,CONTRACTOR,ACCESS_GRANTED,GRANTED,0,0,0,0,NORMAL,NORMAL,0
SEC-001746,F001,Smart Campus,B002,Building B,BLK-B1,Block B1,AP-003,Building B Main Entrance,Entrance,2026-01-12 17:52:09,EMP-0232,Employee 232,EMPLOYEE,ACCESS_GRANTED,GRANTED,0,0,0,0,NORMAL,NORMAL,0
SEC-001788,F001,Smart Campus,B003,Building C,BLK-C1,Block C1,AP-006,Server Room Access,Restricted Area,2026-01-12 17:53:29,EMP-0199,Employee 199,EMPLOYEE,ACCESS_GRANTED,GRANTED,0,0,0,0,NORMAL,NORMAL,0
SEC-001824,F001,Smart Campus,B002,Building B,BLK-B2,Block B2,AP-004,Building B Service Door,Service Area,2026-01-12 17:58:18,EMP-0343,Employee 343,EMPLOYEE,ACCESS_GRANTED,GRANTED,0,0,0,0,NORMAL,NORMAL,0
SEC-001754,F001,Smart Campus,B002,Building B,BLK-B1,Block B1,AP-003,Building B Main Entrance,Entrance,2026-01-12 18:01:01,CON-0021,Contractor 21,CONTRACTOR,ACCESS_GRANTED,GRANTED,0,0,0,0,NORMAL,NORMAL,0
SEC-001835,F001,Smart Campus,B002,Building B,BLK-B2,Block B2,AP-004,Building B Service Door,Service Area,2026-01-12 18:02:43,EMP-0131,Employee 131,EMPLOYEE,ACCESS_GRANTED,GRANTED,0,0,0,0,NORMAL,NORMAL,0
SEC-001804,F001,Smart Campus,B002,Building B,BLK-B2,Block B2,AP-004,Building B Service Door,Service Area,2026-01-12 18:04:21,EMP-0089,Employee 89,EMPLOYEE,ACCESS_GRANTED,GRANTED,0,0,0,0,NORMAL,NORMAL,0
SEC-001764,F001,Smart Campus,B001,Building A,BLK-A2,Block A2,AP-002,Building A Side Entrance,Entrance,2026-01-12 18:10:08,EMP-0283,Employee 283,EMPLOYEE,ACCESS_GRANTED,GRANTED,0,0,0,0,NORMAL,NORMAL,0
SEC-001839,F001,Smart Campus,B003,Building C,BLK-C1,Block C1,AP-006,Server Room Access,Restricted Area,2026-01-12 18:12:41,EMP-0480,Employee 480,EMPLOYEE,ACCESS_GRANTED,GRANTED,0,0,0,0,NORMAL,NORMAL,0
SEC-001761,F001,Smart Campus,B002,Building B,BLK-B1,Block B1,AP-003,Building B Main Entrance,Entrance,2026-01-12 18:21:35,EMP-0169,Employee 169,EMPLOYEE,ACCESS_GRANTED,GRANTED,0,0,0,0,NORMAL,NORMAL,0
SEC-001763,F001,Smart Campus,B002,Building B,BLK-B2,Block B2,AP-004,Building B Service Door,Service Area,2026-01-12 18:26:06,EMP-0396,Employee 396,EMPLOYEE,ACCESS_GRANTED,GRANTED,0,0,0,0,NORMAL,NORMAL,0
SEC-001753,F001,Smart Campus,B001,Building A,BLK-A2,Block A2,AP-002,Building A Side Entrance,Entrance,2026-01-12 18:27:48,VIS-0203,Visitor 203,VISITOR,ACCESS_GRANTED,GRANTED,0,0,0,0,NORMAL,NORMAL,0
SEC-001745,F001,Smart Campus,B002,Building B,BLK-B2,Block B2,AP-004,Building B Service Door,Service Area,2026-01-12 18:29:58,VIS-0101,Visitor 101,VISITOR,ACCESS_GRANTED,GRANTED,0,0,0,0,NORMAL,NORMAL,0
SEC-001736,F001,Smart Campus,B003,Building C,BLK-C1,Block C1,AP-005,Building C Main Entrance,Entrance,2026-01-12 18:36:46,EMP-0092,Employee 92,EMPLOYEE,ACCESS_GRANTED,GRANTED,0,0,0,0,NORMAL,NORMAL,0
SEC-001810,F001,Smart Campus,B001,Building A,BLK-A2,Block A2,AP-002,Building A Side Entrance,Entrance,2026-01-12 18:42:33,VIS-0014,Visitor 14,VISITOR,ACCESS_DENIED,DENIED,0,0,0,0,NORMAL,MEDIUM,1
SEC-001792,F001,Smart Campus,B002,Building B,BLK-B2,Block B2,AP-004,Building B Service Door,Service Area,2026-01-12 18:42:45,EMP-0061,Employee 61,EMPLOYEE,ACCESS_GRANTED,GRANTED,0,0,0,0,NORMAL,NORMAL,0
SEC-001802,F001,Smart Campus,B002,Building B,BLK-B2,Block B2,AP-004,Building B Service Door,Service Area,2026-01-12 18:42:52,VIS-0218,Visitor 218,VISITOR,ACCESS_GRANTED,GRANTED,0,0,0,0,NORMAL,NORMAL,0
SEC-001740,F001,Smart Campus,B001,Building A,BLK-A1,Block A1,AP-001,Building A Main Entrance,Entrance,2026-01-12 19:14:14,EMP-0132,Employee 132,EMPLOYEE,ACCESS_GRANTED,GRANTED,0,0,0,0,NORMAL,NORMAL,0
SEC-001739,F001,Smart Campus,B003,Building C,BLK-C1,Block C1,AP-006,Server Room Access,Restricted Area,2026-01-12 19:15:51,CON-0110,Contractor 110,CONTRACTOR,ACCESS_GRANTED,GRANTED,0,0,0,0,NORMAL,NORMAL,0
SEC-001799,F001,Smart Campus,B002,Building B,BLK-B1,Block B1,AP-003,Building B Main Entrance,Entrance,2026-01-12 19:21:37,EMP-0065,Employee 65,EMPLOYEE,ACCESS_GRANTED,GRANTED,0,0,0,0,NORMAL,NORMAL,0
SEC-001771,F001,Smart Campus,B001,Building A,BLK-A1,Block A1,AP-001,Building A Main Entrance,Entrance,2026-01-12 19:22:36,EMP-0165,Employee 165,EMPLOYEE,ACCESS_GRANTED,GRANTED,0,0,0,0,NORMAL,NORMAL,0
SEC-001737,F001,Smart Campus,B003,Building C,BLK-C1,Block C1,AP-006,Server Room Access,Restricted Area,2026-01-12 19:29:58,EMP-0195,Employee 195,EMPLOYEE,ACCESS_GRANTED,GRANTED,0,0,0,0,NORMAL,NORMAL,0
SEC-001780,F001,Smart Campus,B003,Building C,BLK-C1,Block C1,AP-006,Server Room Access,Restricted Area,2026-01-12 19:49:16,VIS-0295,Visitor 295,VISITOR,ACCESS_GRANTED,GRANTED,0,0,0,0,NORMAL,NORMAL,0
SEC-001752,F001,Smart Campus,B001,Building A,BLK-A1,Block A1,AP-001,Building A Main Entrance,Entrance,2026-01-12 20:01:35,EMP-0279,Employee 279,EMPLOYEE,ACCESS_GRANTED,GRANTED,0,0,0,0,NORMAL,NORMAL,0
SEC-001779,F001,Smart Campus,B003,Building C,BLK-C1,Block C1,AP-006,Server Room Access,Restricted Area,2026-01-12 20:09:32,EMP-0330,Employee 330,EMPLOYEE,ACCESS_GRANTED,GRANTED,0,0,0,0,NORMAL,NORMAL,0
SEC-001783,F001,Smart Campus,B002,Building B,BLK-B2,Block B2,AP-004,Building B Service Door,Service Area,2026-01-12 20:10:47,EMP-0198,Employee 198,EMPLOYEE,ACCESS_GRANTED,GRANTED,0,0,0,0,NORMAL,NORMAL,0
SEC-001841,F001,Smart Campus,B002,Building B,BLK-B1,Block B1,AP-003,Building B Main Entrance,Entrance,2026-01-12 20:10:52,EMP-0446,Employee 446,EMPLOYEE,ACCESS_GRANTED,GRANTED,0,0,0,0,NORMAL,NORMAL,0
SEC-001787,F001,Smart Campus,B002,Building B,BLK-B2,Block B2,AP-004,Building B Service Door,Service Area,2026-01-12 20:13:19,EMP-0251,Employee 251,EMPLOYEE,ACCESS_GRANTED,GRANTED,0,0,0,0,NORMAL,NORMAL,0
SEC-001806,F001,Smart Campus,B001,Building A,BLK-A2,Block A2,AP-002,Building A Side Entrance,Entrance,2026-01-12 20:14:37,EMP-0438,Employee 438,EMPLOYEE,ACCESS_GRANTED,GRANTED,0,0,0,0,NORMAL,NORMAL,0
SEC-001727,F001,Smart Campus,B003,Building C,BLK-C1,Block C1,AP-006,Server Room Access,Restricted Area,2026-01-12 20:20:27,EMP-0037,Employee 37,EMPLOYEE,ACCESS_GRANTED,GRANTED,0,0,0,0,NORMAL,NORMAL,0
SEC-001813,F001,Smart Campus,B003,Building C,BLK-C1,Block C1,AP-006,Server Room Access,Restricted Area,2026-01-12 20:21:11,EMP-0112,Employee 112,EMPLOYEE,ACCESS_GRANTED,GRANTED,0,0,0,0,NORMAL,NORMAL,0
SEC-001730,F001,Smart Campus,B003,Building C,BLK-C1,Block C1,AP-006,Server Room Access,Restricted Area,2026-01-12 20:25:30,EMP-0346,Employee 346,EMPLOYEE,ACCESS_GRANTED,GRANTED,0,0,0,0,NORMAL,NORMAL,0
SEC-001759,F001,Smart Campus,B002,Building B,BLK-B2,Block B2,AP-004,Building B Service Door,Service Area,2026-01-12 20:35:30,EMP-0157,Employee 157,EMPLOYEE,TAILGATING,DENIED,0,1,0,1,TAILGATING,HIGH,1
SEC-001757,F001,Smart Campus,B003,Building C,BLK-C1,Block C1,AP-006,Server Room Access,Restricted Area,2026-01-12 20:40:17,EMP-0234,Employee 234,EMPLOYEE,ACCESS_GRANTED,GRANTED,0,0,0,0,NORMAL,NORMAL,0
SEC-001738,F001,Smart Campus,B003,Building C,BLK-C1,Block C1,AP-005,Building C Main Entrance,Entrance,2026-01-12 20:55:10,CON-0081,Contractor 81,CONTRACTOR,ACCESS_GRANTED,GRANTED,0,0,0,0,NORMAL,NORMAL,0
SEC-001747,F001,Smart Campus,B002,Building B,BLK-B2,Block B2,AP-004,Building B Service Door,Service Area,2026-01-12 21:00:13,EMP-0218,Employee 218,EMPLOYEE,ACCESS_GRANTED,GRANTED,1,0,0,0,NORMAL,LOW,0
SEC-001742,F001,Smart Campus,B003,Building C,BLK-C1,Block C1,AP-006,Server Room Access,Restricted Area,2026-01-12 21:33:30,CON-0014,Contractor 14,CONTRACTOR,ACCESS_GRANTED,GRANTED,1,0,0,0,NORMAL,LOW,0
SEC-001769,F001,Smart Campus,B003,Building C,BLK-C1,Block C1,AP-005,Building C Main Entrance,Entrance,2026-01-12 22:00:45,VIS-0242,Visitor 242,VISITOR,ACCESS_GRANTED,GRANTED,1,0,0,0,NORMAL,LOW,0
SEC-001857,F001,Smart Campus,B003,Building C,BLK-C1,Block C1,AP-006,Server Room Access,Restricted Area,2026-01-12 22:11:21,EMP-0481,Employee 481,EMPLOYEE,ACCESS_GRANTED,GRANTED,1,0,0,0,NORMAL,LOW,0
SEC-001837,F001,Smart Campus,B003,Building C,BLK-C1,Block C1,AP-006,Server Room Access,Restricted Area,2026-01-12 22:23:51,EMP-0037,Employee 37,EMPLOYEE,ACCESS_GRANTED,GRANTED,1,0,0,0,NORMAL,LOW,0
SEC-001849,F001,Smart Campus,B002,Building B,BLK-B2,Block B2,AP-004,Building B Service Door,Service Area,2026-01-12 22:38:01,EMP-0431,Employee 431,EMPLOYEE,ACCESS_GRANTED,GRANTED,1,0,0,0,NORMAL,LOW,0
SEC-001784,F001,Smart Campus,B002,Building B,BLK-B2,Block B2,AP-004,Building B Service Door,Service Area,2026-01-12 23:06:44,EMP-0480,Employee 480,EMPLOYEE,ACCESS_GRANTED,GRANTED,1,0,0,0,NORMAL,LOW,0
SEC-001858,F001,Smart Campus,B002,Building B,BLK-B1,Block B1,AP-003,Building B Main Entrance,Entrance,2026-01-12 23:17:24,EMP-0366,Employee 366,EMPLOYEE,ACCESS_GRANTED,GRANTED,1,0,0,0,NORMAL,LOW,0
SEC-001774,F001,Smart Campus,B002,Building B,BLK-B1,Block B1,AP-003,Building B Main Entrance,Entrance,2026-01-12 23:29:58,CON-0028,Contractor 28,CONTRACTOR,ACCESS_GRANTED,GRANTED,1,0,0,0,NORMAL,LOW,0
SEC-001897,F001,Smart Campus,B003,Building C,BLK-C1,Block C1,AP-005,Building C Main Entrance,Entrance,2026-01-13 00:32:09,EMP-0112,Employee 112,EMPLOYEE,ACCESS_GRANTED,GRANTED,1,0,0,0,NORMAL,LOW,0
SEC-001899,F001,Smart Campus,B001,Building A,BLK-A1,Block A1,AP-001,Building A Main Entrance,Entrance,2026-01-13 01:00:54,EMP-0354,Employee 354,EMPLOYEE,ACCESS_GRANTED,GRANTED,1,0,0,0,NORMAL,LOW,0
SEC-001908,F001,Smart Campus,B002,Building B,BLK-B2,Block B2,AP-004,Building B Service Door,Service Area,2026-01-13 01:17:41,EMP-0216,Employee 216,EMPLOYEE,ACCESS_GRANTED,GRANTED,1,0,0,0,NORMAL,LOW,0
SEC-001932,F001,Smart Campus,B003,Building C,BLK-C1,Block C1,AP-006,Server Room Access,Restricted Area,2026-01-13 01:41:28,EMP-0157,Employee 157,EMPLOYEE,ACCESS_GRANTED,GRANTED,1,0,0,0,NORMAL,LOW,0
SEC-001946,F001,Smart Campus,B003,Building C,BLK-C1,Block C1,AP-005,Building C Main Entrance,Entrance,2026-01-13 02:25:30,EMP-0300,Employee 300,EMPLOYEE,ACCESS_GRANTED,GRANTED,1,0,0,0,AFTER_HOURS_MOVEMENT,LOW,0
SEC-001911,F001,Smart Campus,B003,Building C,BLK-C1,Block C1,AP-005,Building C Main Entrance,Entrance,2026-01-13 02:43:23,EMP-0173,Employee 173,EMPLOYEE,ACCESS_GRANTED,GRANTED,1,0,0,0,NORMAL,LOW,0
SEC-001924,F001,Smart Campus,B002,Building B,BLK-B2,Block B2,AP-004,Building B Service Door,Service Area,2026-01-13 02:44:06,EMP-0373,Employee 373,EMPLOYEE,ACCESS_GRANTED,GRANTED,1,0,0,0,NORMAL,LOW,0
SEC-001942,F001,Smart Campus,B003,Building C,BLK-C1,Block C1,AP-005,Building C Main Entrance,Entrance,2026-01-13 03:03:48,EMP-0186,Employee 186,EMPLOYEE,ACCESS_GRANTED,GRANTED,1,0,0,0,NORMAL,LOW,0
SEC-001898,F001,Smart Campus,B002,Building B,BLK-B2,Block B2,AP-004,Building B Service Door,Service Area,2026-01-13 03:48:27,VIS-0205,Visitor 205,VISITOR,ACCESS_GRANTED,GRANTED,1,0,0,0,NORMAL,LOW,0
SEC-001887,F001,Smart Campus,B002,Building B,BLK-B1,Block B1,AP-003,Building B Main Entrance,Entrance,2026-01-13 03:52:46,EMP-0440,Employee 440,EMPLOYEE,ACCESS_GRANTED,GRANTED,1,0,0,0,NORMAL,LOW,0
SEC-001922,F001,Smart Campus,B002,Building B,BLK-B1,Block B1,AP-003,Building B Main Entrance,Entrance,2026-01-13 05:43:26,VIS-0015,Visitor 15,VISITOR,UNAUTHORIZED_ACCESS,DENIED,1,1,0,0,SUSPICIOUS_ACCESS,CRITICAL,1
SEC-001929,F001,Smart Campus,B002,Building B,BLK-B2,Block B2,AP-004,Building B Service Door,Service Area,2026-01-13 05:45:42,EMP-0449,Employee 449,EMPLOYEE,ACCESS_GRANTED,GRANTED,1,0,0,0,NORMAL,LOW,0
SEC-001878,F001,Smart Campus,B001,Building A,BLK-A1,Block A1,AP-001,Building A Main Entrance,Entrance,2026-01-13 05:52:13,EMP-0144,Employee 144,EMPLOYEE,ACCESS_GRANTED,GRANTED,1,0,0,0,NORMAL,LOW,0
SEC-001931,F001,Smart Campus,B003,Building C,BLK-C1,Block C1,AP-006,Server Room Access,Restricted Area,2026-01-13 06:08:30,EMP-0257,Employee 257,EMPLOYEE,UNAUTHORIZED_ACCESS,DENIED,1,1,0,0,SUSPICIOUS_ACCESS,CRITICAL,1
SEC-001956,F001,Smart Campus,B001,Building A,BLK-A2,Block A2,AP-002,Building A Side Entrance,Entrance,2026-01-13 06:42:57,EMP-0088,Employee 88,EMPLOYEE,ACCESS_GRANTED,GRANTED,1,0,0,0,NORMAL,LOW,0
SEC-001912,F001,Smart Campus,B001,Building A,BLK-A1,Block A1,AP-001,Building A Main Entrance,Entrance,2026-01-13 06:50:01,CON-0080,Contractor 80,CONTRACTOR,ACCESS_GRANTED,GRANTED,1,0,0,0,NORMAL,LOW,0
SEC-001959,F001,Smart Campus,B003,Building C,BLK-C1,Block C1,AP-006,Server Room Access,Restricted Area,2026-01-13 07:03:46,VIS-0108,Visitor 108,VISITOR,ACCESS_GRANTED,GRANTED,0,0,0,0,NORMAL,NORMAL,0
SEC-002000,F001,Smart Campus,B003,Building C,BLK-C1,Block C1,AP-005,Building C Main Entrance,Entrance,2026-01-13 07:04:11,VIS-0182,Visitor 182,VISITOR,ACCESS_GRANTED,GRANTED,0,0,0,0,NORMAL,NORMAL,0
SEC-001863,F001,Smart Campus,B003,Building C,BLK-C1,Block C1,AP-006,Server Room Access,Restricted Area,2026-01-13 07:32:58,EMP-0288,Employee 288,EMPLOYEE,ACCESS_GRANTED,GRANTED,0,0,0,0,NORMAL,NORMAL,0
SEC-001876,F001,Smart Campus,B001,Building A,BLK-A2,Block A2,AP-002,Building A Side Entrance,Entrance,2026-01-13 07:44:07,EMP-0485,Employee 485,EMPLOYEE,ACCESS_GRANTED,GRANTED,0,0,0,0,NORMAL,NORMAL,0
SEC-001926,F001,Smart Campus,B003,Building C,BLK-C1,Block C1,AP-005,Building C Main Entrance,Entrance,2026-01-13 07:49:45,EMP-0044,Employee 44,EMPLOYEE,ACCESS_GRANTED,GRANTED,0,0,0,0,NORMAL,NORMAL,0
SEC-001993,F001,Smart Campus,B003,Building C,BLK-C1,Block C1,AP-006,Server Room Access,Restricted Area,2026-01-13 07:52:15,EMP-0033,Employee 33,EMPLOYEE,UNAUTHORIZED_ACCESS,DENIED,0,1,0,0,SUSPICIOUS_ACCESS,HIGH,1
SEC-001921,F001,Smart Campus,B001,Building A,BLK-A2,Block A2,AP-002,Building A Side Entrance,Entrance,2026-01-13 08:17:51,EMP-0149,Employee 149,EMPLOYEE,ACCESS_GRANTED,GRANTED,0,0,0,0,NORMAL,NORMAL,0
SEC-001934,F001,Smart Campus,B003,Building C,BLK-C1,Block C1,AP-005,Building C Main Entrance,Entrance,2026-01-13 08:43:43,VIS-0028,Visitor 28,VISITOR,ACCESS_GRANTED,GRANTED,0,0,0,0,NORMAL,NORMAL,0
SEC-001933,F001,Smart Campus,B001,Building A,BLK-A2,Block A2,AP-002,Building A Side Entrance,Entrance,2026-01-13 08:52:26,EMP-0283,Employee 283,EMPLOYEE,ACCESS_GRANTED,GRANTED,0,0,0,0,NORMAL,NORMAL,0
SEC-001975,F001,Smart Campus,B002,Building B,BLK-B1,Block B1,AP-003,Building B Main Entrance,Entrance,2026-01-13 08:56:46,EMP-0271,Employee 271,EMPLOYEE,ACCESS_GRANTED,GRANTED,0,0,0,0,NORMAL,NORMAL,0
SEC-001894,F001,Smart Campus,B001,Building A,BLK-A1,Block A1,AP-001,Building A Main Entrance,Entrance,2026-01-13 09:01:49,EMP-0045,Employee 45,EMPLOYEE,ACCESS_DENIED,DENIED,0,0,0,0,NORMAL,MEDIUM,1
SEC-001891,F001,Smart Campus,B003,Building C,BLK-C1,Block C1,AP-006,Server Room Access,Restricted Area,2026-01-13 09:20:19,EMP-0045,Employee 45,EMPLOYEE,ACCESS_GRANTED,GRANTED,0,0,0,0,NORMAL,NORMAL,0
SEC-001980,F001,Smart Campus,B001,Building A,BLK-A2,Block A2,AP-002,Building A Side Entrance,Entrance,2026-01-13 09:22:47,EMP-0407,Employee 407,EMPLOYEE,ACCESS_GRANTED,GRANTED,0,0,0,0,NORMAL,NORMAL,0
SEC-001868,F001,Smart Campus,B001,Building A,BLK-A1,Block A1,AP-001,Building A Main Entrance,Entrance,2026-01-13 09:50:16,EMP-0373,Employee 373,EMPLOYEE,ACCESS_GRANTED,GRANTED,0,0,0,0,NORMAL,NORMAL,0
SEC-001889,F001,Smart Campus,B003,Building C,BLK-C1,Block C1,AP-005,Building C Main Entrance,Entrance,2026-01-13 09:51:45,EMP-0283,Employee 283,EMPLOYEE,ACCESS_GRANTED,GRANTED,0,0,0,0,NORMAL,NORMAL,0
SEC-001961,F001,Smart Campus,B003,Building C,BLK-C1,Block C1,AP-005,Building C Main Entrance,Entrance,2026-01-13 09:57:50,VIS-0113,Visitor 113,VISITOR,ACCESS_GRANTED,GRANTED,0,0,0,0,NORMAL,NORMAL,0
SEC-001945,F001,Smart Campus,B003,Building C,BLK-C1,Block C1,AP-006,Server Room Access,Restricted Area,2026-01-13 10:11:21,CON-0041,Contractor 41,CONTRACTOR,ACCESS_GRANTED,GRANTED,0,0,0,0,NORMAL,NORMAL,0
SEC-001998,F001,Smart Campus,B002,Building B,BLK-B1,Block B1,AP-003,Building B Main Entrance,Entrance,2026-01-13 10:13:13,EMP-0433,Employee 433,EMPLOYEE,ACCESS_GRANTED,GRANTED,0,0,0,0,NORMAL,NORMAL,0
SEC-001928,F001,Smart Campus,B003,Building C,BLK-C1,Block C1,AP-006,Server Room Access,Restricted Area,2026-01-13 11:12:55,EMP-0243,Employee 243,EMPLOYEE,ACCESS_GRANTED,GRANTED,0,0,0,0,NORMAL,NORMAL,0
SEC-001983,F001,Smart Campus,B003,Building C,BLK-C1,Block C1,AP-006,Server Room Access,Restricted Area,2026-01-13 11:19:59,VIS-0286,Visitor 286,VISITOR,ACCESS_GRANTED,GRANTED,0,0,0,0,NORMAL,NORMAL,0
SEC-001994,F001,Smart Campus,B002,Building B,BLK-B1,Block B1,AP-003,Building B Main Entrance,Entrance,2026-01-13 11:24:27,EMP-0154,Employee 154,EMPLOYEE,ACCESS_GRANTED,GRANTED,0,0,0,0,NORMAL,NORMAL,0
SEC-001958,F001,Smart Campus,B001,Building A,BLK-A2,Block A2,AP-002,Building A Side Entrance,Entrance,2026-01-13 11:29:25,EMP-0189,Employee 189,EMPLOYEE,ACCESS_GRANTED,GRANTED,0,0,0,0,NORMAL,NORMAL,0
SEC-001944,F001,Smart Campus,B003,Building C,BLK-C1,Block C1,AP-006,Server Room Access,Restricted Area,2026-01-13 11:35:43,VIS-0254,Visitor 254,VISITOR,ACCESS_GRANTED,GRANTED,0,0,0,0,NORMAL,NORMAL,0
SEC-001977,F001,Smart Campus,B001,Building A,BLK-A2,Block A2,AP-002,Building A Side Entrance,Entrance,2026-01-13 11:39:21,CON-0074,Contractor 74,CONTRACTOR,UNAUTHORIZED_ACCESS,DENIED,0,1,0,0,SUSPICIOUS_ACCESS,HIGH,1
SEC-001872,F001,Smart Campus,B002,Building B,BLK-B1,Block B1,AP-003,Building B Main Entrance,Entrance,2026-01-13 11:47:42,EMP-0383,Employee 383,EMPLOYEE,ACCESS_GRANTED,GRANTED,0,0,0,0,NORMAL,NORMAL,0
SEC-001917,F001,Smart Campus,B003,Building C,BLK-C1,Block C1,AP-006,Server Room Access,Restricted Area,2026-01-13 11:51:05,EMP-0092,Employee 92,EMPLOYEE,ACCESS_GRANTED,GRANTED,0,0,0,0,NORMAL,NORMAL,0
SEC-001881,F001,Smart Campus,B002,Building B,BLK-B1,Block B1,AP-003,Building B Main Entrance,Entrance,2026-01-13 12:20:57,EMP-0353,Employee 353,EMPLOYEE,ACCESS_GRANTED,GRANTED,0,0,0,0,NORMAL,NORMAL,0
SEC-001988,F001,Smart Campus,B003,Building C,BLK-C1,Block C1,AP-005,Building C Main Entrance,Entrance,2026-01-13 12:24:27,EMP-0045,Employee 45,EMPLOYEE,ACCESS_GRANTED,GRANTED,0,0,0,0,NORMAL,NORMAL,0
SEC-001978,F001,Smart Campus,B003,Building C,BLK-C1,Block C1,AP-006,Server Room Access,Restricted Area,2026-01-13 12:27:49,EMP-0189,Employee 189,EMPLOYEE,ACCESS_GRANTED,GRANTED,0,0,0,0,NORMAL,NORMAL,0
SEC-001976,F001,Smart Campus,B001,Building A,BLK-A2,Block A2,AP-002,Building A Side Entrance,Entrance,2026-01-13 12:36:48,EMP-0465,Employee 465,EMPLOYEE,ACCESS_DENIED,DENIED,0,0,0,0,NORMAL,MEDIUM,1
SEC-001999,F001,Smart Campus,B001,Building A,BLK-A2,Block A2,AP-002,Building A Side Entrance,Entrance,2026-01-13 12:47:00,VIS-0014,Visitor 14,VISITOR,ACCESS_GRANTED,GRANTED,0,0,0,0,NORMAL,NORMAL,0
SEC-001937,F001,Smart Campus,B001,Building A,BLK-A2,Block A2,AP-002,Building A Side Entrance,Entrance,2026-01-13 12:49:09,VIS-0278,Visitor 278,VISITOR,ACCESS_GRANTED,GRANTED,0,0,0,0,NORMAL,NORMAL,0
SEC-001900,F001,Smart Campus,B002,Building B,BLK-B2,Block B2,AP-004,Building B Service Door,Service Area,2026-01-13 12:52:55,EMP-0123,Employee 123,EMPLOYEE,ACCESS_GRANTED,GRANTED,0,0,0,0,NORMAL,NORMAL,0
SEC-001882,F001,Smart Campus,B001,Building A,BLK-A1,Block A1,AP-001,Building A Main Entrance,Entrance,2026-01-13 12:56:56,CON-0074,Contractor 74,CONTRACTOR,ACCESS_GRANTED,GRANTED,0,0,0,0,NORMAL,NORMAL,0
SEC-001941,F001,Smart Campus,B001,Building A,BLK-A1,Block A1,AP-001,Building A Main Entrance,Entrance,2026-01-13 13:07:04,EMP-0206,Employee 206,EMPLOYEE,ACCESS_GRANTED,GRANTED,0,0,0,0,NORMAL,NORMAL,0
SEC-001960,F001,Smart Campus,B001,Building A,BLK-A2,Block A2,AP-002,Building A Side Entrance,Entrance,2026-01-13 13:14:13,CON-0034,Contractor 34,CONTRACTOR,ACCESS_GRANTED,GRANTED,0,0,0,0,NORMAL,NORMAL,0
SEC-001915,F001,Smart Campus,B003,Building C,BLK-C1,Block C1,AP-006,Server Room Access,Restricted Area,2026-01-13 13:14:31,VIS-0067,Visitor 67,VISITOR,UNAUTHORIZED_ACCESS,DENIED,0,1,0,0,SUSPICIOUS_ACCESS,HIGH,1
SEC-001985,F001,Smart Campus,B001,Building A,BLK-A2,Block A2,AP-002,Building A Side Entrance,Entrance,2026-01-13 13:18:58,CON-0094,Contractor 94,CONTRACTOR,ACCESS_GRANTED,GRANTED,0,0,0,0,NORMAL,NORMAL,0
SEC-001953,F001,Smart Campus,B002,Building B,BLK-B1,Block B1,AP-003,Building B Main Entrance,Entrance,2026-01-13 13:20:28,EMP-0242,Employee 242,EMPLOYEE,ACCESS_GRANTED,GRANTED,0,0,0,0,NORMAL,NORMAL,0
SEC-001861,F001,Smart Campus,B001,Building A,BLK-A1,Block A1,AP-001,Building A Main Entrance,Entrance,2026-01-13 13:24:33,EMP-0151,Employee 151,EMPLOYEE,ACCESS_GRANTED,GRANTED,0,0,0,0,NORMAL,NORMAL,0
SEC-001973,F001,Smart Campus,B001,Building A,BLK-A2,Block A2,AP-002,Building A Side Entrance,Entrance,2026-01-13 13:27:27,VIS-0269,Visitor 269,VISITOR,ACCESS_GRANTED,GRANTED,0,0,0,0,NORMAL,NORMAL,0
SEC-001870,F001,Smart Campus,B002,Building B,BLK-B1,Block B1,AP-003,Building B Main Entrance,Entrance,2026-01-13 13:30:35,EMP-0489,Employee 489,EMPLOYEE,ACCESS_GRANTED,GRANTED,0,0,0,0,NORMAL,NORMAL,0
SEC-001920,F001,Smart Campus,B002,Building B,BLK-B1,Block B1,AP-003,Building B Main Entrance,Entrance,2026-01-13 13:32:15,EMP-0386,Employee 386,EMPLOYEE,ACCESS_GRANTED,GRANTED,0,0,0,0,NORMAL,NORMAL,0
SEC-001990,F001,Smart Campus,B001,Building A,BLK-A1,Block A1,AP-001,Building A Main Entrance,Entrance,2026-01-13 13:32:20,EMP-0258,Employee 258,EMPLOYEE,ACCESS_GRANTED,GRANTED,0,0,0,0,NORMAL,NORMAL,0
SEC-001877,F001,Smart Campus,B001,Building A,BLK-A2,Block A2,AP-002,Building A Side Entrance,Entrance,2026-01-13 13:35:39,EMP-0457,Employee 457,EMPLOYEE,ACCESS_GRANTED,GRANTED,0,0,0,0,NORMAL,NORMAL,0
SEC-001930,F001,Smart Campus,B003,Building C,BLK-C1,Block C1,AP-005,Building C Main Entrance,Entrance,2026-01-13 13:36:21,EMP-0428,Employee 428,EMPLOYEE,ACCESS_GRANTED,GRANTED,0,0,0,0,NORMAL,NORMAL,0
SEC-001923,F001,Smart Campus,B001,Building A,BLK-A1,Block A1,AP-001,Building A Main Entrance,Entrance,2026-01-13 13:41:08,EMP-0398,Employee 398,EMPLOYEE,ACCESS_GRANTED,GRANTED,0,0,0,0,NORMAL,NORMAL,0
SEC-001919,F001,Smart Campus,B003,Building C,BLK-C1,Block C1,AP-005,Building C Main Entrance,Entrance,2026-01-13 13:47:47,EMP-0171,Employee 171,EMPLOYEE,ACCESS_DENIED,DENIED,0,0,0,0,NORMAL,MEDIUM,1
SEC-001903,F001,Smart Campus,B001,Building A,BLK-A2,Block A2,AP-002,Building A Side Entrance,Entrance,2026-01-13 13:48:47,EMP-0202,Employee 202,EMPLOYEE,ACCESS_GRANTED,GRANTED,0,0,0,0,NORMAL,NORMAL,0
SEC-001950,F001,Smart Campus,B003,Building C,BLK-C1,Block C1,AP-005,Building C Main Entrance,Entrance,2026-01-13 13:58:45,EMP-0223,Employee 223,EMPLOYEE,ACCESS_GRANTED,GRANTED,0,0,0,0,NORMAL,NORMAL,0
SEC-001952,F001,Smart Campus,B003,Building C,BLK-C1,Block C1,AP-005,Building C Main Entrance,Entrance,2026-01-13 13:59:43,EMP-0210,Employee 210,EMPLOYEE,ACCESS_GRANTED,GRANTED,0,0,0,0,NORMAL,NORMAL,0
SEC-001907,F001,Smart Campus,B001,Building A,BLK-A2,Block A2,AP-002,Building A Side Entrance,Entrance,2026-01-13 14:03:01,EMP-0381,Employee 381,EMPLOYEE,ACCESS_GRANTED,GRANTED,0,0,0,0,NORMAL,NORMAL,0
SEC-001913,F001,Smart Campus,B001,Building A,BLK-A2,Block A2,AP-002,Building A Side Entrance,Entrance,2026-01-13 14:12:25,VIS-0099,Visitor 99,VISITOR,ACCESS_GRANTED,GRANTED,0,0,0,0,NORMAL,NORMAL,0
SEC-001865,F001,Smart Campus,B003,Building C,BLK-C1,Block C1,AP-006,Server Room Access,Restricted Area,2026-01-13 14:15:21,VIS-0089,Visitor 89,VISITOR,ACCESS_GRANTED,GRANTED,0,0,0,0,NORMAL,NORMAL,0
SEC-001910,F001,Smart Campus,B003,Building C,BLK-C1,Block C1,AP-006,Server Room Access,Restricted Area,2026-01-13 14:21:38,EMP-0431,Employee 431,EMPLOYEE,ACCESS_GRANTED,GRANTED,0,0,0,0,NORMAL,NORMAL,0
SEC-001914,F001,Smart Campus,B001,Building A,BLK-A2,Block A2,AP-002,Building A Side Entrance,Entrance,2026-01-13 14:23:33,EMP-0216,Employee 216,EMPLOYEE,ACCESS_GRANTED,GRANTED,0,0,0,0,NORMAL,NORMAL,0
SEC-001954,F001,Smart Campus,B001,Building A,BLK-A2,Block A2,AP-002,Building A Side Entrance,Entrance,2026-01-13 14:37:17,EMP-0296,Employee 296,EMPLOYEE,ACCESS_GRANTED,GRANTED,0,0,0,0,NORMAL,NORMAL,0
SEC-001957,F001,Smart Campus,B003,Building C,BLK-C1,Block C1,AP-006,Server Room Access,Restricted Area,2026-01-13 14:48:49,VIS-0021,Visitor 21,VISITOR,ACCESS_GRANTED,GRANTED,0,0,0,0,NORMAL,NORMAL,0
SEC-001884,F001,Smart Campus,B003,Building C,BLK-C1,Block C1,AP-005,Building C Main Entrance,Entrance,2026-01-13 15:10:49,VIS-0202,Visitor 202,VISITOR,ACCESS_GRANTED,GRANTED,0,0,0,0,NORMAL,NORMAL,0
SEC-001951,F001,Smart Campus,B003,Building C,BLK-C1,Block C1,AP-006,Server Room Access,Restricted Area,2026-01-13 15:15:17,EMP-0305,Employee 305,EMPLOYEE,ACCESS_GRANTED,GRANTED,0,0,0,0,NORMAL,NORMAL,0
SEC-001918,F001,Smart Campus,B001,Building A,BLK-A1,Block A1,AP-001,Building A Main Entrance,Entrance,2026-01-13 15:24:07,EMP-0198,Employee 198,EMPLOYEE,ACCESS_GRANTED,GRANTED,0,0,0,0,NORMAL,NORMAL,0
SEC-001981,F001,Smart Campus,B003,Building C,BLK-C1,Block C1,AP-006,Server Room Access,Restricted Area,2026-01-13 15:28:17,EMP-0307,Employee 307,EMPLOYEE,ACCESS_GRANTED,GRANTED,0,0,0,0,NORMAL,NORMAL,0
SEC-001873,F001,Smart Campus,B003,Building C,BLK-C1,Block C1,AP-006,Server Room Access,Restricted Area,2026-01-13 15:38:21,EMP-0239,Employee 239,EMPLOYEE,ACCESS_GRANTED,GRANTED,0,0,0,0,NORMAL,NORMAL,0
SEC-001862,F001,Smart Campus,B002,Building B,BLK-B2,Block B2,AP-004,Building B Service Door,Service Area,2026-01-13 15:44:42,VIS-0096,Visitor 96,VISITOR,ACCESS_DENIED,DENIED,0,0,0,0,NORMAL,MEDIUM,1
SEC-001879,F001,Smart Campus,B002,Building B,BLK-B2,Block B2,AP-004,Building B Service Door,Service Area,2026-01-13 15:49:29,EMP-0164,Employee 164,EMPLOYEE,ACCESS_GRANTED,GRANTED,0,0,0,0,NORMAL,NORMAL,0
SEC-001909,F001,Smart Campus,B002,Building B,BLK-B2,Block B2,AP-004,Building B Service Door,Service Area,2026-01-13 15:49:31,EMP-0452,Employee 452,EMPLOYEE,ACCESS_GRANTED,GRANTED,0,0,0,0,NORMAL,NORMAL,0
SEC-001982,F001,Smart Campus,B003,Building C,BLK-C1,Block C1,AP-005,Building C Main Entrance,Entrance,2026-01-13 16:00:19,EMP-0221,Employee 221,EMPLOYEE,ACCESS_GRANTED,GRANTED,0,0,0,0,NORMAL,NORMAL,0
SEC-001874,F001,Smart Campus,B001,Building A,BLK-A2,Block A2,AP-002,Building A Side Entrance,Entrance,2026-01-13 16:16:20,EMP-0304,Employee 304,EMPLOYEE,ACCESS_GRANTED,GRANTED,0,0,0,0,NORMAL,NORMAL,0
SEC-001906,F001,Smart Campus,B001,Building A,BLK-A1,Block A1,AP-001,Building A Main Entrance,Entrance,2026-01-13 16:17:25,CON-0102,Contractor 102,CONTRACTOR,ACCESS_GRANTED,GRANTED,0,0,0,0,NORMAL,NORMAL,0
SEC-001935,F001,Smart Campus,B001,Building A,BLK-A2,Block A2,AP-002,Building A Side Entrance,Entrance,2026-01-13 16:18:40,EMP-0230,Employee 230,EMPLOYEE,ACCESS_GRANTED,GRANTED,0,0,0,0,NORMAL,NORMAL,0
SEC-001896,F001,Smart Campus,B003,Building C,BLK-C1,Block C1,AP-005,Building C Main Entrance,Entrance,2026-01-13 16:24:43,EMP-0415,Employee 415,EMPLOYEE,ACCESS_GRANTED,GRANTED,0,0,0,0,NORMAL,NORMAL,0
SEC-001989,F001,Smart Campus,B002,Building B,BLK-B2,Block B2,AP-004,Building B Service Door,Service Area,2026-01-13 16:33:59,VIS-0258,Visitor 258,VISITOR,ACCESS_GRANTED,GRANTED,0,0,0,0,NORMAL,NORMAL,0
SEC-001890,F001,Smart Campus,B002,Building B,BLK-B2,Block B2,AP-004,Building B Service Door,Service Area,2026-01-13 16:36:03,EMP-0145,Employee 145,EMPLOYEE,ACCESS_GRANTED,GRANTED,0,0,0,0,NORMAL,NORMAL,0
SEC-001991,F001,Smart Campus,B001,Building A,BLK-A1,Block A1,AP-001,Building A Main Entrance,Entrance,2026-01-13 16:41:37,VIS-0200,Visitor 200,VISITOR,ACCESS_GRANTED,GRANTED,0,0,0,0,NORMAL,NORMAL,0
SEC-001880,F001,Smart Campus,B002,Building B,BLK-B2,Block B2,AP-004,Building B Service Door,Service Area,2026-01-13 16:42:57,EMP-0492,Employee 492,EMPLOYEE,ACCESS_GRANTED,GRANTED,0,0,0,0,NORMAL,NORMAL,0
SEC-001972,F001,Smart Campus,B003,Building C,BLK-C1,Block C1,AP-005,Building C Main Entrance,Entrance,2026-01-13 16:52:43,EMP-0177,Employee 177,EMPLOYEE,ACCESS_GRANTED,GRANTED,0,0,0,0,NORMAL,NORMAL,0
SEC-001895,F001,Smart Campus,B001,Building A,BLK-A1,Block A1,AP-001,Building A Main Entrance,Entrance,2026-01-13 16:54:19,EMP-0084,Employee 84,EMPLOYEE,ACCESS_GRANTED,GRANTED,0,0,0,0,NORMAL,NORMAL,0
SEC-001963,F001,Smart Campus,B003,Building C,BLK-C1,Block C1,AP-005,Building C Main Entrance,Entrance,2026-01-13 17:13:16,CON-0009,Contractor 9,CONTRACTOR,ACCESS_GRANTED,GRANTED,0,0,0,0,NORMAL,NORMAL,0
SEC-001984,F001,Smart Campus,B002,Building B,BLK-B1,Block B1,AP-003,Building B Main Entrance,Entrance,2026-01-13 17:17:05,EMP-0221,Employee 221,EMPLOYEE,ACCESS_GRANTED,GRANTED,0,0,0,0,NORMAL,NORMAL,0
SEC-001886,F001,Smart Campus,B003,Building C,BLK-C1,Block C1,AP-006,Server Room Access,Restricted Area,2026-01-13 17:24:48,EMP-0135,Employee 135,EMPLOYEE,ACCESS_GRANTED,GRANTED,0,0,0,0,NORMAL,NORMAL,0
SEC-001871,F001,Smart Campus,B002,Building B,BLK-B1,Block B1,AP-003,Building B Main Entrance,Entrance,2026-01-13 17:29:14,EMP-0431,Employee 431,EMPLOYEE,ACCESS_GRANTED,GRANTED,0,0,0,0,NORMAL,NORMAL,0
SEC-001939,F001,Smart Campus,B002,Building B,BLK-B1,Block B1,AP-003,Building B Main Entrance,Entrance,2026-01-13 17:29:45,EMP-0424,Employee 424,EMPLOYEE,ACCESS_GRANTED,GRANTED,0,0,0,0,NORMAL,NORMAL,0
SEC-001965,F001,Smart Campus,B001,Building A,BLK-A1,Block A1,AP-001,Building A Main Entrance,Entrance,2026-01-13 17:31:57,EMP-0473,Employee 473,EMPLOYEE,UNAUTHORIZED_ACCESS,DENIED,0,1,0,0,SUSPICIOUS_ACCESS,HIGH,1
SEC-001943,F001,Smart Campus,B003,Building C,BLK-C1,Block C1,AP-006,Server Room Access,Restricted Area,2026-01-13 17:33:58,EMP-0334,Employee 334,EMPLOYEE,ACCESS_GRANTED,GRANTED,0,0,0,0,NORMAL,NORMAL,0
SEC-001864,F001,Smart Campus,B001,Building A,BLK-A1,Block A1,AP-001,Building A Main Entrance,Entrance,2026-01-13 17:34:14,VIS-0137,Visitor 137,VISITOR,ACCESS_GRANTED,GRANTED,0,0,0,0,NORMAL,NORMAL,0
SEC-001875,F001,Smart Campus,B002,Building B,BLK-B2,Block B2,AP-004,Building B Service Door,Service Area,2026-01-13 17:35:38,EMP-0031,Employee 31,EMPLOYEE,ACCESS_GRANTED,GRANTED,0,0,0,0,NORMAL,NORMAL,0
SEC-001967,F001,Smart Campus,B002,Building B,BLK-B2,Block B2,AP-004,Building B Service Door,Service Area,2026-01-13 17:40:24,EMP-0433,Employee 433,EMPLOYEE,ACCESS_GRANTED,GRANTED,0,0,0,0,NORMAL,NORMAL,0
SEC-001964,F001,Smart Campus,B001,Building A,BLK-A2,Block A2,AP-002,Building A Side Entrance,Entrance,2026-01-13 17:40:34,VIS-0264,Visitor 264,VISITOR,ACCESS_GRANTED,GRANTED,0,0,0,0,NORMAL,NORMAL,0
SEC-001971,F001,Smart Campus,B003,Building C,BLK-C1,Block C1,AP-005,Building C Main Entrance,Entrance,2026-01-13 17:43:33,VIS-0109,Visitor 109,VISITOR,ACCESS_GRANTED,GRANTED,0,0,0,0,NORMAL,NORMAL,0
SEC-001968,F001,Smart Campus,B001,Building A,BLK-A1,Block A1,AP-001,Building A Main Entrance,Entrance,2026-01-13 17:44:34,VIS-0238,Visitor 238,VISITOR,ACCESS_GRANTED,GRANTED,0,0,0,0,NORMAL,NORMAL,0
SEC-001925,F001,Smart Campus,B001,Building A,BLK-A2,Block A2,AP-002,Building A Side Entrance,Entrance,2026-01-13 17:50:55,EMP-0298,Employee 298,EMPLOYEE,ACCESS_DENIED,DENIED,0,0,0,0,NORMAL,MEDIUM,1
SEC-001904,F001,Smart Campus,B003,Building C,BLK-C1,Block C1,AP-006,Server Room Access,Restricted Area,2026-01-13 17:54:42,EMP-0394,Employee 394,EMPLOYEE,ACCESS_GRANTED,GRANTED,0,0,0,0,NORMAL,NORMAL,0
SEC-001997,F001,Smart Campus,B003,Building C,BLK-C1,Block C1,AP-006,Server Room Access,Restricted Area,2026-01-13 18:04:40,EMP-0328,Employee 328,EMPLOYEE,UNAUTHORIZED_ACCESS,DENIED,0,1,0,0,SUSPICIOUS_ACCESS,HIGH,1
SEC-001888,F001,Smart Campus,B002,Building B,BLK-B1,Block B1,AP-003,Building B Main Entrance,Entrance,2026-01-13 18:11:37,EMP-0396,Employee 396,EMPLOYEE,ACCESS_GRANTED,GRANTED,0,0,0,0,NORMAL,NORMAL,0
SEC-001893,F001,Smart Campus,B003,Building C,BLK-C1,Block C1,AP-006,Server Room Access,Restricted Area,2026-01-13 18:11:57,EMP-0280,Employee 280,EMPLOYEE,ACCESS_GRANTED,GRANTED,0,0,0,0,NORMAL,NORMAL,0
SEC-001986,F001,Smart Campus,B002,Building B,BLK-B2,Block B2,AP-004,Building B Service Door,Service Area,2026-01-13 18:17:26,EMP-0295,Employee 295,EMPLOYEE,ACCESS_GRANTED,GRANTED,0,0,0,0,NORMAL,NORMAL,0
SEC-001966,F001,Smart Campus,B003,Building C,BLK-C1,Block C1,AP-005,Building C Main Entrance,Entrance,2026-01-13 18:41:40,EMP-0479,Employee 479,EMPLOYEE,ACCESS_GRANTED,GRANTED,0,0,0,0,NORMAL,NORMAL,0
SEC-001892,F001,Smart Campus,B001,Building A,BLK-A2,Block A2,AP-002,Building A Side Entrance,Entrance,2026-01-13 18:46:14,EMP-0258,Employee 258,EMPLOYEE,ACCESS_GRANTED,GRANTED,0,0,0,0,NORMAL,NORMAL,0
SEC-001866,F001,Smart Campus,B002,Building B,BLK-B2,Block B2,AP-004,Building B Service Door,Service Area,2026-01-13 18:49:02,EMP-0170,Employee 170,EMPLOYEE,ACCESS_GRANTED,GRANTED,0,0,0,0,NORMAL,NORMAL,0
SEC-001947,F001,Smart Campus,B002,Building B,BLK-B2,Block B2,AP-004,Building B Service Door,Service Area,2026-01-13 18:53:13,EMP-0111,Employee 111,EMPLOYEE,ACCESS_GRANTED,GRANTED,0,0,0,0,NORMAL,NORMAL,0
SEC-001883,F001,Smart Campus,B003,Building C,BLK-C1,Block C1,AP-006,Server Room Access,Restricted Area,2026-01-13 18:54:42,VIS-0074,Visitor 74,VISITOR,ACCESS_GRANTED,GRANTED,0,0,0,0,NORMAL,NORMAL,0
SEC-001995,F001,Smart Campus,B002,Building B,BLK-B1,Block B1,AP-003,Building B Main Entrance,Entrance,2026-01-13 18:58:37,EMP-0380,Employee 380,EMPLOYEE,ACCESS_GRANTED,GRANTED,0,0,0,0,NORMAL,NORMAL,0
SEC-001955,F001,Smart Campus,B002,Building B,BLK-B1,Block B1,AP-003,Building B Main Entrance,Entrance,2026-01-13 19:09:03,EMP-0500,Employee 500,EMPLOYEE,ACCESS_GRANTED,GRANTED,0,0,0,0,NORMAL,NORMAL,0
SEC-001962,F001,Smart Campus,B001,Building A,BLK-A1,Block A1,AP-001,Building A Main Entrance,Entrance,2026-01-13 19:14:45,EMP-0393,Employee 393,EMPLOYEE,ACCESS_GRANTED,GRANTED,0,0,0,0,NORMAL,NORMAL,0
SEC-001996,F001,Smart Campus,B002,Building B,BLK-B1,Block B1,AP-003,Building B Main Entrance,Entrance,2026-01-13 19:15:46,EMP-0349,Employee 349,EMPLOYEE,ACCESS_GRANTED,GRANTED,0,0,0,0,NORMAL,NORMAL,0
SEC-001901,F001,Smart Campus,B001,Building A,BLK-A2,Block A2,AP-002,Building A Side Entrance,Entrance,2026-01-13 19:16:37,EMP-0015,Employee 15,EMPLOYEE,ACCESS_GRANTED,GRANTED,0,0,0,0,NORMAL,NORMAL,0
SEC-001987,F001,Smart Campus,B001,Building A,BLK-A2,Block A2,AP-002,Building A Side Entrance,Entrance,2026-01-13 19:35:56,EMP-0395,Employee 395,EMPLOYEE,ACCESS_GRANTED,GRANTED,0,0,0,0,NORMAL,NORMAL,0
SEC-001869,F001,Smart Campus,B003,Building C,BLK-C1,Block C1,AP-005,Building C Main Entrance,Entrance,2026-01-13 19:44:43,EMP-0297,Employee 297,EMPLOYEE,ACCESS_GRANTED,GRANTED,0,0,0,0,NORMAL,NORMAL,0
SEC-001927,F001,Smart Campus,B001,Building A,BLK-A1,Block A1,AP-001,Building A Main Entrance,Entrance,2026-01-13 19:44:50,EMP-0457,Employee 457,EMPLOYEE,ACCESS_GRANTED,GRANTED,0,0,0,0,NORMAL,NORMAL,0
SEC-001979,F001,Smart Campus,B001,Building A,BLK-A1,Block A1,AP-001,Building A Main Entrance,Entrance,2026-01-13 20:05:01,EMP-0377,Employee 377,EMPLOYEE,ACCESS_GRANTED,GRANTED,0,0,0,0,NORMAL,NORMAL,0
SEC-001992,F001,Smart Campus,B001,Building A,BLK-A2,Block A2,AP-002,Building A Side Entrance,Entrance,2026-01-13 20:14:22,EMP-0208,Employee 208,EMPLOYEE,ACCESS_GRANTED,GRANTED,0,0,0,0,NORMAL,NORMAL,0
SEC-001938,F001,Smart Campus,B002,Building B,BLK-B2,Block B2,AP-004,Building B Service Door,Service Area,2026-01-13 20:25:42,EMP-0285,Employee 285,EMPLOYEE,ACCESS_GRANTED,GRANTED,0,0,0,0,NORMAL,NORMAL,0
SEC-001969,F001,Smart Campus,B003,Building C,BLK-C1,Block C1,AP-006,Server Room Access,Restricted Area,2026-01-13 20:28:12,EMP-0496,Employee 496,EMPLOYEE,ACCESS_GRANTED,GRANTED,0,0,0,0,NORMAL,NORMAL,0
SEC-001948,F001,Smart Campus,B002,Building B,BLK-B1,Block B1,AP-003,Building B Main Entrance,Entrance,2026-01-13 20:42:33,EMP-0056,Employee 56,EMPLOYEE,FORCED_ENTRY,DENIED,0,0,1,0,FORCED_ENTRY,CRITICAL,1
SEC-001902,F001,Smart Campus,B002,Building B,BLK-B2,Block B2,AP-004,Building B Service Door,Service Area,2026-01-13 20:45:31,EMP-0385,Employee 385,EMPLOYEE,ACCESS_GRANTED,GRANTED,0,0,0,0,NORMAL,NORMAL,0
SEC-001885,F001,Smart Campus,B001,Building A,BLK-A2,Block A2,AP-002,Building A Side Entrance,Entrance,2026-01-13 20:58:23,EMP-0364,Employee 364,EMPLOYEE,ACCESS_GRANTED,GRANTED,0,0,0,0,NORMAL,NORMAL,0
SEC-001949,F001,Smart Campus,B003,Building C,BLK-C1,Block C1,AP-006,Server Room Access,Restricted Area,2026-01-13 21:00:53,VIS-0011,Visitor 11,VISITOR,ACCESS_GRANTED,GRANTED,1,0,0,0,NORMAL,LOW,0
SEC-001940,F001,Smart Campus,B001,Building A,BLK-A1,Block A1,AP-001,Building A Main Entrance,Entrance,2026-01-13 21:02:43,VIS-0143,Visitor 143,VISITOR,TAILGATING,GRANTED,1,0,0,1,TAILGATING,HIGH,1
SEC-001867,F001,Smart Campus,B001,Building A,BLK-A1,Block A1,AP-001,Building A Main Entrance,Entrance,2026-01-13 21:14:47,EMP-0423,Employee 423,EMPLOYEE,ACCESS_GRANTED,GRANTED,1,0,0,0,NORMAL,LOW,0
SEC-001974,F001,Smart Campus,B001,Building A,BLK-A2,Block A2,AP-002,Building A Side Entrance,Entrance,2026-01-13 21:26:30,EMP-0153,Employee 153,EMPLOYEE,ACCESS_GRANTED,GRANTED,1,0,0,0,NORMAL,LOW,0
SEC-001970,F001,Smart Campus,B003,Building C,BLK-C1,Block C1,AP-006,Server Room Access,Restricted Area,2026-01-13 22:35:13,EMP-0293,Employee 293,EMPLOYEE,UNAUTHORIZED_ACCESS,DENIED,1,1,0,0,SUSPICIOUS_ACCESS,CRITICAL,1
SEC-001936,F001,Smart Campus,B002,Building B,BLK-B1,Block B1,AP-003,Building B Main Entrance,Entrance,2026-01-13 23:19:35,EMP-0358,Employee 358,EMPLOYEE,ACCESS_GRANTED,GRANTED,1,0,0,0,NORMAL,LOW,0
SEC-001916,F001,Smart Campus,B002,Building B,BLK-B1,Block B1,AP-003,Building B Main Entrance,Entrance,2026-01-13 23:28:30,EMP-0063,Employee 63,EMPLOYEE,TAILGATING,GRANTED,1,0,0,1,TAILGATING,HIGH,1
SEC-001905,F001,Smart Campus,B001,Building A,BLK-A1,Block A1,AP-001,Building A Main Entrance,Entrance,2026-01-13 23:39:24,VIS-0106,Visitor 106,VISITOR,UNAUTHORIZED_ACCESS,DENIED,1,1,0,0,SUSPICIOUS_ACCESS,CRITICAL,1
SEC-002103,F001,Smart Campus,B003,Building C,BLK-C1,Block C1,AP-005,Building C Main Entrance,Entrance,2026-01-14 00:14:16,EMP-0394,Employee 394,EMPLOYEE,ACCESS_GRANTED,GRANTED,1,0,0,0,NORMAL,LOW,0
SEC-002018,F001,Smart Campus,B003,Building C,BLK-C1,Block C1,AP-005,Building C Main Entrance,Entrance,2026-01-14 00:52:25,EMP-0349,Employee 349,EMPLOYEE,ACCESS_GRANTED,GRANTED,1,0,0,0,AFTER_HOURS_MOVEMENT,LOW,0
SEC-002109,F001,Smart Campus,B001,Building A,BLK-A2,Block A2,AP-002,Building A Side Entrance,Entrance,2026-01-14 00:57:08,EMP-0307,Employee 307,EMPLOYEE,ACCESS_GRANTED,GRANTED,1,0,0,0,NORMAL,LOW,0
SEC-002100,F001,Smart Campus,B003,Building C,BLK-C1,Block C1,AP-005,Building C Main Entrance,Entrance,2026-01-14 01:44:47,CON-0064,Contractor 64,CONTRACTOR,ACCESS_GRANTED,GRANTED,1,0,0,0,NORMAL,LOW,0
SEC-002057,F001,Smart Campus,B003,Building C,BLK-C1,Block C1,AP-005,Building C Main Entrance,Entrance,2026-01-14 01:55:11,VIS-0276,Visitor 276,VISITOR,ACCESS_GRANTED,GRANTED,1,0,0,0,NORMAL,LOW,0
SEC-002042,F001,Smart Campus,B003,Building C,BLK-C1,Block C1,AP-005,Building C Main Entrance,Entrance,2026-01-14 02:00:16,EMP-0243,Employee 243,EMPLOYEE,ACCESS_GRANTED,GRANTED,1,0,0,0,NORMAL,LOW,0
SEC-002157,F001,Smart Campus,B001,Building A,BLK-A1,Block A1,AP-001,Building A Main Entrance,Entrance,2026-01-14 02:03:15,EMP-0324,Employee 324,EMPLOYEE,ACCESS_GRANTED,GRANTED,1,0,0,0,NORMAL,LOW,0
SEC-002150,F001,Smart Campus,B003,Building C,BLK-C1,Block C1,AP-006,Server Room Access,Restricted Area,2026-01-14 02:17:24,EMP-0071,Employee 71,EMPLOYEE,ACCESS_GRANTED,GRANTED,1,0,0,0,NORMAL,LOW,0
SEC-002116,F001,Smart Campus,B003,Building C,BLK-C1,Block C1,AP-005,Building C Main Entrance,Entrance,2026-01-14 02:17:53,EMP-0327,Employee 327,EMPLOYEE,ACCESS_GRANTED,GRANTED,1,0,0,0,AFTER_HOURS_MOVEMENT,LOW,0
SEC-002159,F001,Smart Campus,B001,Building A,BLK-A2,Block A2,AP-002,Building A Side Entrance,Entrance,2026-01-14 02:45:36,EMP-0476,Employee 476,EMPLOYEE,ACCESS_GRANTED,GRANTED,1,0,0,0,NORMAL,LOW,0
SEC-002142,F001,Smart Campus,B002,Building B,BLK-B1,Block B1,AP-003,Building B Main Entrance,Entrance,2026-01-14 02:47:00,EMP-0154,Employee 154,EMPLOYEE,ACCESS_GRANTED,GRANTED,1,0,0,0,NORMAL,LOW,0
SEC-002133,F001,Smart Campus,B003,Building C,BLK-C1,Block C1,AP-005,Building C Main Entrance,Entrance,2026-01-14 03:13:23,VIS-0248,Visitor 248,VISITOR,ACCESS_GRANTED,GRANTED,1,0,0,0,NORMAL,LOW,0
SEC-002131,F001,Smart Campus,B002,Building B,BLK-B1,Block B1,AP-003,Building B Main Entrance,Entrance,2026-01-14 03:17:06,EMP-0476,Employee 476,EMPLOYEE,ACCESS_GRANTED,GRANTED,1,0,0,0,NORMAL,LOW,0
SEC-002092,F001,Smart Campus,B001,Building A,BLK-A2,Block A2,AP-002,Building A Side Entrance,Entrance,2026-01-14 03:52:50,EMP-0243,Employee 243,EMPLOYEE,ACCESS_GRANTED,GRANTED,1,0,0,0,NORMAL,LOW,0
SEC-002154,F001,Smart Campus,B001,Building A,BLK-A1,Block A1,AP-001,Building A Main Entrance,Entrance,2026-01-14 05:04:54,EMP-0470,Employee 470,EMPLOYEE,ACCESS_GRANTED,GRANTED,1,0,0,0,NORMAL,LOW,0
SEC-002028,F001,Smart Campus,B003,Building C,BLK-C1,Block C1,AP-006,Server Room Access,Restricted Area,2026-01-14 05:09:17,EMP-0104,Employee 104,EMPLOYEE,ACCESS_GRANTED,GRANTED,1,0,0,0,AFTER_HOURS_MOVEMENT,LOW,0
SEC-002059,F001,Smart Campus,B001,Building A,BLK-A1,Block A1,AP-001,Building A Main Entrance,Entrance,2026-01-14 05:41:37,CON-0111,Contractor 111,CONTRACTOR,ACCESS_GRANTED,GRANTED,1,0,0,0,NORMAL,LOW,0
SEC-002110,F001,Smart Campus,B001,Building A,BLK-A2,Block A2,AP-002,Building A Side Entrance,Entrance,2026-01-14 05:54:25,EMP-0497,Employee 497,EMPLOYEE,UNAUTHORIZED_ACCESS,DENIED,1,1,0,0,SUSPICIOUS_ACCESS,CRITICAL,1
SEC-002134,F001,Smart Campus,B003,Building C,BLK-C1,Block C1,AP-005,Building C Main Entrance,Entrance,2026-01-14 07:19:51,EMP-0047,Employee 47,EMPLOYEE,ACCESS_GRANTED,GRANTED,0,0,0,0,NORMAL,NORMAL,0
SEC-002020,F001,Smart Campus,B002,Building B,BLK-B1,Block B1,AP-003,Building B Main Entrance,Entrance,2026-01-14 07:31:16,EMP-0141,Employee 141,EMPLOYEE,ACCESS_GRANTED,GRANTED,0,0,0,0,NORMAL,NORMAL,0
SEC-002009,F001,Smart Campus,B003,Building C,BLK-C1,Block C1,AP-006,Server Room Access,Restricted Area,2026-01-14 07:41:14,CON-0100,Contractor 100,CONTRACTOR,ACCESS_GRANTED,GRANTED,0,0,0,0,NORMAL,NORMAL,0
SEC-002129,F001,Smart Campus,B003,Building C,BLK-C1,Block C1,AP-005,Building C Main Entrance,Entrance,2026-01-14 07:59:10,VIS-0221,Visitor 221,VISITOR,ACCESS_GRANTED,GRANTED,0,0,0,0,NORMAL,NORMAL,0
SEC-002138,F001,Smart Campus,B001,Building A,BLK-A2,Block A2,AP-002,Building A Side Entrance,Entrance,2026-01-14 08:06:23,VIS-0089,Visitor 89,VISITOR,ACCESS_GRANTED,GRANTED,0,0,0,0,NORMAL,NORMAL,0
SEC-002017,F001,Smart Campus,B003,Building C,BLK-C1,Block C1,AP-005,Building C Main Entrance,Entrance,2026-01-14 08:16:02,VIS-0283,Visitor 283,VISITOR,ACCESS_GRANTED,GRANTED,0,0,0,0,NORMAL,NORMAL,0
SEC-002003,F001,Smart Campus,B002,Building B,BLK-B2,Block B2,AP-004,Building B Service Door,Service Area,2026-01-14 08:32:27,VIS-0253,Visitor 253,VISITOR,ACCESS_GRANTED,GRANTED,0,0,0,0,NORMAL,NORMAL,0
SEC-002014,F001,Smart Campus,B003,Building C,BLK-C1,Block C1,AP-006,Server Room Access,Restricted Area,2026-01-14 08:36:48,EMP-0281,Employee 281,EMPLOYEE,UNAUTHORIZED_ACCESS,DENIED,0,1,0,0,SUSPICIOUS_ACCESS,HIGH,1
SEC-002098,F001,Smart Campus,B002,Building B,BLK-B2,Block B2,AP-004,Building B Service Door,Service Area,2026-01-14 08:40:54,CON-0139,Contractor 139,CONTRACTOR,ACCESS_GRANTED,GRANTED,0,0,0,0,NORMAL,NORMAL,0
SEC-002149,F001,Smart Campus,B003,Building C,BLK-C1,Block C1,AP-005,Building C Main Entrance,Entrance,2026-01-14 08:42:34,EMP-0072,Employee 72,EMPLOYEE,ACCESS_GRANTED,GRANTED,0,0,0,0,NORMAL,NORMAL,0
SEC-002045,F001,Smart Campus,B001,Building A,BLK-A2,Block A2,AP-002,Building A Side Entrance,Entrance,2026-01-14 08:42:41,EMP-0431,Employee 431,EMPLOYEE,ACCESS_GRANTED,GRANTED,0,0,0,0,NORMAL,NORMAL,0
SEC-002048,F001,Smart Campus,B002,Building B,BLK-B2,Block B2,AP-004,Building B Service Door,Service Area,2026-01-14 08:43:54,EMP-0117,Employee 117,EMPLOYEE,ACCESS_GRANTED,GRANTED,0,0,0,0,NORMAL,NORMAL,0
SEC-002101,F001,Smart Campus,B001,Building A,BLK-A1,Block A1,AP-001,Building A Main Entrance,Entrance,2026-01-14 08:48:02,EMP-0386,Employee 386,EMPLOYEE,ACCESS_GRANTED,GRANTED,0,0,0,0,NORMAL,NORMAL,0
SEC-002114,F001,Smart Campus,B002,Building B,BLK-B1,Block B1,AP-003,Building B Main Entrance,Entrance,2026-01-14 08:50:44,EMP-0122,Employee 122,EMPLOYEE,ACCESS_GRANTED,GRANTED,0,0,0,0,NORMAL,NORMAL,0
SEC-002033,F001,Smart Campus,B003,Building C,BLK-C1,Block C1,AP-006,Server Room Access,Restricted Area,2026-01-14 08:50:52,EMP-0358,Employee 358,EMPLOYEE,ACCESS_GRANTED,GRANTED,0,0,0,0,NORMAL,NORMAL,0
SEC-002077,F001,Smart Campus,B002,Building B,BLK-B1,Block B1,AP-003,Building B Main Entrance,Entrance,2026-01-14 08:53:29,EMP-0106,Employee 106,EMPLOYEE,ACCESS_GRANTED,GRANTED,0,0,0,0,NORMAL,NORMAL,0
SEC-002099,F001,Smart Campus,B003,Building C,BLK-C1,Block C1,AP-006,Server Room Access,Restricted Area,2026-01-14 08:55:13,EMP-0066,Employee 66,EMPLOYEE,ACCESS_GRANTED,GRANTED,0,0,0,0,NORMAL,NORMAL,0
SEC-002030,F001,Smart Campus,B001,Building A,BLK-A1,Block A1,AP-001,Building A Main Entrance,Entrance,2026-01-14 09:00:40,EMP-0375,Employee 375,EMPLOYEE,ACCESS_GRANTED,GRANTED,0,0,0,0,NORMAL,NORMAL,0
SEC-002156,F001,Smart Campus,B002,Building B,BLK-B1,Block B1,AP-003,Building B Main Entrance,Entrance,2026-01-14 09:02:03,EMP-0045,Employee 45,EMPLOYEE,ACCESS_GRANTED,GRANTED,0,0,0,0,NORMAL,NORMAL,0
SEC-002010,F001,Smart Campus,B002,Building B,BLK-B2,Block B2,AP-004,Building B Service Door,Service Area,2026-01-14 09:07:07,EMP-0025,Employee 25,EMPLOYEE,ACCESS_GRANTED,GRANTED,0,0,0,0,NORMAL,NORMAL,0
SEC-002128,F001,Smart Campus,B001,Building A,BLK-A1,Block A1,AP-001,Building A Main Entrance,Entrance,2026-01-14 09:12:43,EMP-0404,Employee 404,EMPLOYEE,ACCESS_GRANTED,GRANTED,0,0,0,0,NORMAL,NORMAL,0
SEC-002084,F001,Smart Campus,B001,Building A,BLK-A1,Block A1,AP-001,Building A Main Entrance,Entrance,2026-01-14 09:16:01,VIS-0124,Visitor 124,VISITOR,ACCESS_GRANTED,GRANTED,0,0,0,0,NORMAL,NORMAL,0
SEC-002062,F001,Smart Campus,B002,Building B,BLK-B2,Block B2,AP-004,Building B Service Door,Service Area,2026-01-14 09:16:11,EMP-0447,Employee 447,EMPLOYEE,ACCESS_GRANTED,GRANTED,0,0,0,0,NORMAL,NORMAL,0
SEC-002066,F001,Smart Campus,B002,Building B,BLK-B1,Block B1,AP-003,Building B Main Entrance,Entrance,2026-01-14 09:31:25,EMP-0267,Employee 267,EMPLOYEE,ACCESS_GRANTED,GRANTED,0,0,0,0,NORMAL,NORMAL,0
SEC-002041,F001,Smart Campus,B003,Building C,BLK-C1,Block C1,AP-006,Server Room Access,Restricted Area,2026-01-14 09:35:01,EMP-0128,Employee 128,EMPLOYEE,ACCESS_GRANTED,GRANTED,0,0,0,0,NORMAL,NORMAL,0
SEC-002124,F001,Smart Campus,B003,Building C,BLK-C1,Block C1,AP-005,Building C Main Entrance,Entrance,2026-01-14 09:42:09,EMP-0398,Employee 398,EMPLOYEE,ACCESS_GRANTED,GRANTED,0,0,0,0,NORMAL,NORMAL,0
SEC-002035,F001,Smart Campus,B003,Building C,BLK-C1,Block C1,AP-005,Building C Main Entrance,Entrance,2026-01-14 09:44:55,EMP-0388,Employee 388,EMPLOYEE,ACCESS_GRANTED,GRANTED,0,0,0,0,NORMAL,NORMAL,0
SEC-002143,F001,Smart Campus,B002,Building B,BLK-B1,Block B1,AP-003,Building B Main Entrance,Entrance,2026-01-14 09:46:52,EMP-0141,Employee 141,EMPLOYEE,ACCESS_GRANTED,GRANTED,0,0,0,0,NORMAL,NORMAL,0
SEC-002015,F001,Smart Campus,B001,Building A,BLK-A2,Block A2,AP-002,Building A Side Entrance,Entrance,2026-01-14 09:48:03,VIS-0217,Visitor 217,VISITOR,UNAUTHORIZED_ACCESS,DENIED,0,1,0,0,SUSPICIOUS_ACCESS,HIGH,1
SEC-002074,F001,Smart Campus,B001,Building A,BLK-A1,Block A1,AP-001,Building A Main Entrance,Entrance,2026-01-14 09:48:12,EMP-0222,Employee 222,EMPLOYEE,ACCESS_GRANTED,GRANTED,0,0,0,0,NORMAL,NORMAL,0
SEC-002037,F001,Smart Campus,B003,Building C,BLK-C1,Block C1,AP-006,Server Room Access,Restricted Area,2026-01-14 09:55:19,EMP-0210,Employee 210,EMPLOYEE,ACCESS_GRANTED,GRANTED,0,0,0,0,NORMAL,NORMAL,0
SEC-002118,F001,Smart Campus,B001,Building A,BLK-A1,Block A1,AP-001,Building A Main Entrance,Entrance,2026-01-14 09:55:23,EMP-0240,Employee 240,EMPLOYEE,ACCESS_GRANTED,GRANTED,0,0,0,0,NORMAL,NORMAL,0
SEC-002165,F001,Smart Campus,B003,Building C,BLK-C1,Block C1,AP-006,Server Room Access,Restricted Area,2026-01-14 10:02:27,EMP-0305,Employee 305,EMPLOYEE,ACCESS_GRANTED,GRANTED,0,0,0,0,NORMAL,NORMAL,0
SEC-002152,F001,Smart Campus,B002,Building B,BLK-B1,Block B1,AP-003,Building B Main Entrance,Entrance,2026-01-14 10:03:59,EMP-0169,Employee 169,EMPLOYEE,ACCESS_GRANTED,GRANTED,0,0,0,0,NORMAL,NORMAL,0
SEC-002065,F001,Smart Campus,B001,Building A,BLK-A2,Block A2,AP-002,Building A Side Entrance,Entrance,2026-01-14 10:31:36,VIS-0054,Visitor 54,VISITOR,ACCESS_GRANTED,GRANTED,0,0,0,0,NORMAL,NORMAL,0
SEC-002140,F001,Smart Campus,B003,Building C,BLK-C1,Block C1,AP-006,Server Room Access,Restricted Area,2026-01-14 10:34:35,EMP-0266,Employee 266,EMPLOYEE,ACCESS_GRANTED,GRANTED,0,0,0,0,NORMAL,NORMAL,0
SEC-002080,F001,Smart Campus,B003,Building C,BLK-C1,Block C1,AP-005,Building C Main Entrance,Entrance,2026-01-14 10:44:58,EMP-0438,Employee 438,EMPLOYEE,ACCESS_GRANTED,GRANTED,0,0,0,0,NORMAL,NORMAL,0
SEC-002004,F001,Smart Campus,B001,Building A,BLK-A2,Block A2,AP-002,Building A Side Entrance,Entrance,2026-01-14 10:45:10,VIS-0286,Visitor 286,VISITOR,ACCESS_DENIED,DENIED,0,0,0,0,NORMAL,MEDIUM,1
SEC-002067,F001,Smart Campus,B003,Building C,BLK-C1,Block C1,AP-005,Building C Main Entrance,Entrance,2026-01-14 10:53:49,EMP-0249,Employee 249,EMPLOYEE,ACCESS_GRANTED,GRANTED,0,0,0,0,NORMAL,NORMAL,0
SEC-002095,F001,Smart Campus,B001,Building A,BLK-A2,Block A2,AP-002,Building A Side Entrance,Entrance,2026-01-14 10:55:53,EMP-0045,Employee 45,EMPLOYEE,ACCESS_GRANTED,GRANTED,0,0,0,0,NORMAL,NORMAL,0
SEC-002115,F001,Smart Campus,B002,Building B,BLK-B1,Block B1,AP-003,Building B Main Entrance,Entrance,2026-01-14 10:58:33,EMP-0388,Employee 388,EMPLOYEE,ACCESS_GRANTED,GRANTED,0,0,0,0,NORMAL,NORMAL,0
SEC-002120,F001,Smart Campus,B003,Building C,BLK-C1,Block C1,AP-005,Building C Main Entrance,Entrance,2026-01-14 11:16:47,EMP-0199,Employee 199,EMPLOYEE,ACCESS_GRANTED,GRANTED,0,0,0,0,NORMAL,NORMAL,0
SEC-002141,F001,Smart Campus,B003,Building C,BLK-C1,Block C1,AP-005,Building C Main Entrance,Entrance,2026-01-14 11:18:28,EMP-0386,Employee 386,EMPLOYEE,ACCESS_GRANTED,GRANTED,0,0,0,0,NORMAL,NORMAL,0
SEC-002047,F001,Smart Campus,B003,Building C,BLK-C1,Block C1,AP-005,Building C Main Entrance,Entrance,2026-01-14 11:22:45,EMP-0139,Employee 139,EMPLOYEE,ACCESS_GRANTED,GRANTED,0,0,0,0,NORMAL,NORMAL,0
SEC-002146,F001,Smart Campus,B001,Building A,BLK-A1,Block A1,AP-001,Building A Main Entrance,Entrance,2026-01-14 11:24:52,EMP-0407,Employee 407,EMPLOYEE,ACCESS_GRANTED,GRANTED,0,0,0,0,NORMAL,NORMAL,0
SEC-002060,F001,Smart Campus,B002,Building B,BLK-B2,Block B2,AP-004,Building B Service Door,Service Area,2026-01-14 11:34:22,CON-0025,Contractor 25,CONTRACTOR,ACCESS_GRANTED,GRANTED,0,0,0,0,NORMAL,NORMAL,0
SEC-002121,F001,Smart Campus,B002,Building B,BLK-B1,Block B1,AP-003,Building B Main Entrance,Entrance,2026-01-14 11:37:47,EMP-0366,Employee 366,EMPLOYEE,ACCESS_GRANTED,GRANTED,0,0,0,0,NORMAL,NORMAL,0
SEC-002040,F001,Smart Campus,B001,Building A,BLK-A2,Block A2,AP-002,Building A Side Entrance,Entrance,2026-01-14 11:47:11,EMP-0165,Employee 165,EMPLOYEE,ACCESS_GRANTED,GRANTED,0,0,0,0,NORMAL,NORMAL,0
SEC-002104,F001,Smart Campus,B003,Building C,BLK-C1,Block C1,AP-006,Server Room Access,Restricted Area,2026-01-14 11:56:16,EMP-0246,Employee 246,EMPLOYEE,ACCESS_GRANTED,GRANTED,0,0,0,0,NORMAL,NORMAL,0
SEC-002006,F001,Smart Campus,B001,Building A,BLK-A2,Block A2,AP-002,Building A Side Entrance,Entrance,2026-01-14 12:10:08,EMP-0447,Employee 447,EMPLOYEE,ACCESS_GRANTED,GRANTED,0,0,0,0,NORMAL,NORMAL,0
SEC-002086,F001,Smart Campus,B002,Building B,BLK-B2,Block B2,AP-004,Building B Service Door,Service Area,2026-01-14 12:17:35,VIS-0017,Visitor 17,VISITOR,ACCESS_GRANTED,GRANTED,0,0,0,0,NORMAL,NORMAL,0
SEC-002002,F001,Smart Campus,B003,Building C,BLK-C1,Block C1,AP-006,Server Room Access,Restricted Area,2026-01-14 12:21:07,EMP-0344,Employee 344,EMPLOYEE,ACCESS_GRANTED,GRANTED,0,0,0,0,NORMAL,NORMAL,0
SEC-002132,F001,Smart Campus,B001,Building A,BLK-A2,Block A2,AP-002,Building A Side Entrance,Entrance,2026-01-14 12:22:39,CON-0094,Contractor 94,CONTRACTOR,ACCESS_GRANTED,GRANTED,0,0,0,0,NORMAL,NORMAL,0
SEC-002078,F001,Smart Campus,B003,Building C,BLK-C1,Block C1,AP-005,Building C Main Entrance,Entrance,2026-01-14 12:26:32,EMP-0275,Employee 275,EMPLOYEE,ACCESS_GRANTED,GRANTED,0,0,0,0,NORMAL,NORMAL,0
SEC-002119,F001,Smart Campus,B001,Building A,BLK-A1,Block A1,AP-001,Building A Main Entrance,Entrance,2026-01-14 12:37:02,EMP-0480,Employee 480,EMPLOYEE,ACCESS_GRANTED,GRANTED,0,0,0,0,NORMAL,NORMAL,0
SEC-002107,F001,Smart Campus,B003,Building C,BLK-C1,Block C1,AP-006,Server Room Access,Restricted Area,2026-01-14 12:47:37,EMP-0103,Employee 103,EMPLOYEE,ACCESS_GRANTED,GRANTED,0,0,0,0,NORMAL,NORMAL,0
SEC-002106,F001,Smart Campus,B002,Building B,BLK-B2,Block B2,AP-004,Building B Service Door,Service Area,2026-01-14 12:47:39,EMP-0137,Employee 137,EMPLOYEE,ACCESS_GRANTED,GRANTED,0,0,0,0,NORMAL,NORMAL,0
SEC-002083,F001,Smart Campus,B003,Building C,BLK-C1,Block C1,AP-006,Server Room Access,Restricted Area,2026-01-14 12:53:40,VIS-0123,Visitor 123,VISITOR,ACCESS_GRANTED,GRANTED,0,0,0,0,NORMAL,NORMAL,0
SEC-002135,F001,Smart Campus,B001,Building A,BLK-A1,Block A1,AP-001,Building A Main Entrance,Entrance,2026-01-14 12:58:21,EMP-0287,Employee 287,EMPLOYEE,ACCESS_GRANTED,GRANTED,0,0,0,0,NORMAL,NORMAL,0
SEC-002031,F001,Smart Campus,B001,Building A,BLK-A1,Block A1,AP-001,Building A Main Entrance,Entrance,2026-01-14 12:58:26,EMP-0314,Employee 314,EMPLOYEE,ACCESS_GRANTED,GRANTED,0,0,0,0,NORMAL,NORMAL,0
SEC-002064,F001,Smart Campus,B003,Building C,BLK-C1,Block C1,AP-006,Server Room Access,Restricted Area,2026-01-14 12:59:23,EMP-0420,Employee 420,EMPLOYEE,ACCESS_GRANTED,GRANTED,0,0,0,0,NORMAL,NORMAL,0
SEC-002097,F001,Smart Campus,B003,Building C,BLK-C1,Block C1,AP-006,Server Room Access,Restricted Area,2026-01-14 13:02:11,VIS-0015,Visitor 15,VISITOR,ACCESS_GRANTED,GRANTED,0,0,0,0,NORMAL,NORMAL,0
SEC-002089,F001,Smart Campus,B002,Building B,BLK-B1,Block B1,AP-003,Building B Main Entrance,Entrance,2026-01-14 13:13:11,VIS-0132,Visitor 132,VISITOR,ACCESS_GRANTED,GRANTED,0,0,0,0,NORMAL,NORMAL,0
SEC-002091,F001,Smart Campus,B002,Building B,BLK-B2,Block B2,AP-004,Building B Service Door,Service Area,2026-01-14 13:17:44,CON-0101,Contractor 101,CONTRACTOR,ACCESS_GRANTED,GRANTED,0,0,0,0,NORMAL,NORMAL,0
SEC-002147,F001,Smart Campus,B002,Building B,BLK-B1,Block B1,AP-003,Building B Main Entrance,Entrance,2026-01-14 13:19:41,EMP-0315,Employee 315,EMPLOYEE,ACCESS_GRANTED,GRANTED,0,0,0,0,NORMAL,NORMAL,0
SEC-002008,F001,Smart Campus,B002,Building B,BLK-B1,Block B1,AP-003,Building B Main Entrance,Entrance,2026-01-14 13:25:06,EMP-0471,Employee 471,EMPLOYEE,ACCESS_GRANTED,GRANTED,0,0,0,0,NORMAL,NORMAL,0
SEC-002136,F001,Smart Campus,B003,Building C,BLK-C1,Block C1,AP-005,Building C Main Entrance,Entrance,2026-01-14 13:35:24,VIS-0125,Visitor 125,VISITOR,ACCESS_GRANTED,GRANTED,0,0,0,0,NORMAL,NORMAL,0
SEC-002055,F001,Smart Campus,B003,Building C,BLK-C1,Block C1,AP-005,Building C Main Entrance,Entrance,2026-01-14 13:35:29,EMP-0242,Employee 242,EMPLOYEE,TAILGATING,GRANTED,0,0,0,1,TAILGATING,HIGH,1
SEC-002022,F001,Smart Campus,B002,Building B,BLK-B2,Block B2,AP-004,Building B Service Door,Service Area,2026-01-14 13:38:05,VIS-0177,Visitor 177,VISITOR,ACCESS_GRANTED,GRANTED,0,0,0,0,NORMAL,NORMAL,0
SEC-002151,F001,Smart Campus,B002,Building B,BLK-B1,Block B1,AP-003,Building B Main Entrance,Entrance,2026-01-14 13:43:45,EMP-0264,Employee 264,EMPLOYEE,ACCESS_DENIED,DENIED,0,0,0,0,NORMAL,MEDIUM,1
SEC-002081,F001,Smart Campus,B001,Building A,BLK-A2,Block A2,AP-002,Building A Side Entrance,Entrance,2026-01-14 13:53:31,EMP-0454,Employee 454,EMPLOYEE,ACCESS_GRANTED,GRANTED,0,0,0,0,NORMAL,NORMAL,0
SEC-002155,F001,Smart Campus,B003,Building C,BLK-C1,Block C1,AP-005,Building C Main Entrance,Entrance,2026-01-14 13:58:14,EMP-0019,Employee 19,EMPLOYEE,ACCESS_GRANTED,GRANTED,0,0,0,0,NORMAL,NORMAL,0
SEC-002054,F001,Smart Campus,B003,Building C,BLK-C1,Block C1,AP-005,Building C Main Entrance,Entrance,2026-01-14 14:00:18,EMP-0352,Employee 352,EMPLOYEE,ACCESS_GRANTED,GRANTED,0,0,0,0,NORMAL,NORMAL,0
SEC-002102,F001,Smart Campus,B002,Building B,BLK-B2,Block B2,AP-004,Building B Service Door,Service Area,2026-01-14 14:02:29,EMP-0390,Employee 390,EMPLOYEE,ACCESS_GRANTED,GRANTED,0,0,0,0,NORMAL,NORMAL,0
SEC-002075,F001,Smart Campus,B002,Building B,BLK-B2,Block B2,AP-004,Building B Service Door,Service Area,2026-01-14 14:10:57,EMP-0186,Employee 186,EMPLOYEE,ACCESS_GRANTED,GRANTED,0,0,0,0,NORMAL,NORMAL,0
SEC-002019,F001,Smart Campus,B001,Building A,BLK-A2,Block A2,AP-002,Building A Side Entrance,Entrance,2026-01-14 14:16:21,EMP-0305,Employee 305,EMPLOYEE,ACCESS_GRANTED,GRANTED,0,0,0,0,NORMAL,NORMAL,0
SEC-002145,F001,Smart Campus,B003,Building C,BLK-C1,Block C1,AP-006,Server Room Access,Restricted Area,2026-01-14 14:28:52,VIS-0140,Visitor 140,VISITOR,ACCESS_GRANTED,GRANTED,0,0,0,0,NORMAL,NORMAL,0
SEC-002096,F001,Smart Campus,B002,Building B,BLK-B1,Block B1,AP-003,Building B Main Entrance,Entrance,2026-01-14 14:33:37,EMP-0175,Employee 175,EMPLOYEE,ACCESS_GRANTED,GRANTED,0,0,0,0,NORMAL,NORMAL,0
SEC-002036,F001,Smart Campus,B001,Building A,BLK-A2,Block A2,AP-002,Building A Side Entrance,Entrance,2026-01-14 14:39:36,VIS-0265,Visitor 265,VISITOR,ACCESS_GRANTED,GRANTED,0,0,0,0,NORMAL,NORMAL,0
SEC-002162,F001,Smart Campus,B003,Building C,BLK-C1,Block C1,AP-005,Building C Main Entrance,Entrance,2026-01-14 14:57:53,EMP-0427,Employee 427,EMPLOYEE,ACCESS_GRANTED,GRANTED,0,0,0,0,NORMAL,NORMAL,0
SEC-002070,F001,Smart Campus,B001,Building A,BLK-A1,Block A1,AP-001,Building A Main Entrance,Entrance,2026-01-14 15:00:19,EMP-0384,Employee 384,EMPLOYEE,ACCESS_GRANTED,GRANTED,0,0,0,0,NORMAL,NORMAL,0
SEC-002051,F001,Smart Campus,B003,Building C,BLK-C1,Block C1,AP-006,Server Room Access,Restricted Area,2026-01-14 15:05:53,CON-0132,Contractor 132,CONTRACTOR,ACCESS_GRANTED,GRANTED,0,0,0,0,NORMAL,NORMAL,0
SEC-002113,F001,Smart Campus,B001,Building A,BLK-A1,Block A1,AP-001,Building A Main Entrance,Entrance,2026-01-14 15:08:44,EMP-0355,Employee 355,EMPLOYEE,ACCESS_GRANTED,GRANTED,0,0,0,0,NORMAL,NORMAL,0
SEC-002090,F001,Smart Campus,B001,Building A,BLK-A2,Block A2,AP-002,Building A Side Entrance,Entrance,2026-01-14 15:14:55,EMP-0324,Employee 324,EMPLOYEE,ACCESS_GRANTED,GRANTED,0,0,0,0,NORMAL,NORMAL,0
SEC-002087,F001,Smart Campus,B001,Building A,BLK-A2,Block A2,AP-002,Building A Side Entrance,Entrance,2026-01-14 15:23:59,EMP-0097,Employee 97,EMPLOYEE,ACCESS_GRANTED,GRANTED,0,0,0,0,NORMAL,NORMAL,0
SEC-002025,F001,Smart Campus,B001,Building A,BLK-A2,Block A2,AP-002,Building A Side Entrance,Entrance,2026-01-14 15:25:27,EMP-0098,Employee 98,EMPLOYEE,ACCESS_GRANTED,GRANTED,0,0,0,0,NORMAL,NORMAL,0
SEC-002082,F001,Smart Campus,B002,Building B,BLK-B1,Block B1,AP-003,Building B Main Entrance,Entrance,2026-01-14 15:28:41,EMP-0198,Employee 198,EMPLOYEE,ACCESS_DENIED,DENIED,0,0,0,0,NORMAL,MEDIUM,1
SEC-002068,F001,Smart Campus,B003,Building C,BLK-C1,Block C1,AP-005,Building C Main Entrance,Entrance,2026-01-14 15:41:34,VIS-0092,Visitor 92,VISITOR,ACCESS_GRANTED,GRANTED,0,0,0,0,NORMAL,NORMAL,0
SEC-002013,F001,Smart Campus,B002,Building B,BLK-B1,Block B1,AP-003,Building B Main Entrance,Entrance,2026-01-14 15:42:44,EMP-0310,Employee 310,EMPLOYEE,ACCESS_GRANTED,GRANTED,0,0,0,0,NORMAL,NORMAL,0
SEC-002063,F001,Smart Campus,B003,Building C,BLK-C1,Block C1,AP-006,Server Room Access,Restricted Area,2026-01-14 15:45:46,CON-0097,Contractor 97,CONTRACTOR,ACCESS_GRANTED,GRANTED,0,0,0,0,NORMAL,NORMAL,0
SEC-002058,F001,Smart Campus,B003,Building C,BLK-C1,Block C1,AP-005,Building C Main Entrance,Entrance,2026-01-14 15:50:16,VIS-0069,Visitor 69,VISITOR,ACCESS_GRANTED,GRANTED,0,0,0,0,NORMAL,NORMAL,0
SEC-002164,F001,Smart Campus,B002,Building B,BLK-B1,Block B1,AP-003,Building B Main Entrance,Entrance,2026-01-14 15:52:12,EMP-0483,Employee 483,EMPLOYEE,ACCESS_GRANTED,GRANTED,0,0,0,0,NORMAL,NORMAL,0
SEC-002029,F001,Smart Campus,B002,Building B,BLK-B1,Block B1,AP-003,Building B Main Entrance,Entrance,2026-01-14 15:53:39,EMP-0200,Employee 200,EMPLOYEE,ACCESS_GRANTED,GRANTED,0,0,0,0,NORMAL,NORMAL,0
SEC-002161,F001,Smart Campus,B003,Building C,BLK-C1,Block C1,AP-006,Server Room Access,Restricted Area,2026-01-14 16:04:47,VIS-0023,Visitor 23,VISITOR,UNAUTHORIZED_ACCESS,DENIED,0,1,0,0,SUSPICIOUS_ACCESS,HIGH,1
SEC-002094,F001,Smart Campus,B001,Building A,BLK-A1,Block A1,AP-001,Building A Main Entrance,Entrance,2026-01-14 16:20:07,EMP-0266,Employee 266,EMPLOYEE,ACCESS_GRANTED,GRANTED,0,0,0,0,NORMAL,NORMAL,0
SEC-002079,F001,Smart Campus,B003,Building C,BLK-C1,Block C1,AP-005,Building C Main Entrance,Entrance,2026-01-14 16:30:12,CON-0129,Contractor 129,CONTRACTOR,ACCESS_GRANTED,GRANTED,0,0,0,0,NORMAL,NORMAL,0
SEC-002050,F001,Smart Campus,B002,Building B,BLK-B1,Block B1,AP-003,Building B Main Entrance,Entrance,2026-01-14 16:31:23,EMP-0278,Employee 278,EMPLOYEE,ACCESS_GRANTED,GRANTED,0,0,0,0,NORMAL,NORMAL,0
SEC-002073,F001,Smart Campus,B001,Building A,BLK-A1,Block A1,AP-001,Building A Main Entrance,Entrance,2026-01-14 16:36:24,EMP-0119,Employee 119,EMPLOYEE,ACCESS_GRANTED,GRANTED,0,0,0,0,NORMAL,NORMAL,0
SEC-002052,F001,Smart Campus,B001,Building A,BLK-A2,Block A2,AP-002,Building A Side Entrance,Entrance,2026-01-14 16:37:09,EMP-0131,Employee 131,EMPLOYEE,ACCESS_GRANTED,GRANTED,0,0,0,0,NORMAL,NORMAL,0
SEC-002071,F001,Smart Campus,B001,Building A,BLK-A1,Block A1,AP-001,Building A Main Entrance,Entrance,2026-01-14 16:38:00,EMP-0443,Employee 443,EMPLOYEE,ACCESS_GRANTED,GRANTED,0,0,0,0,NORMAL,NORMAL,0
SEC-002123,F001,Smart Campus,B002,Building B,BLK-B1,Block B1,AP-003,Building B Main Entrance,Entrance,2026-01-14 16:44:51,VIS-0108,Visitor 108,VISITOR,ACCESS_GRANTED,GRANTED,0,0,0,0,NORMAL,NORMAL,0
SEC-002012,F001,Smart Campus,B003,Building C,BLK-C1,Block C1,AP-005,Building C Main Entrance,Entrance,2026-01-14 16:46:58,EMP-0220,Employee 220,EMPLOYEE,ACCESS_GRANTED,GRANTED,0,0,0,0,NORMAL,NORMAL,0
SEC-002125,F001,Smart Campus,B002,Building B,BLK-B2,Block B2,AP-004,Building B Service Door,Service Area,2026-01-14 16:55:11,EMP-0451,Employee 451,EMPLOYEE,ACCESS_GRANTED,GRANTED,0,0,0,0,NORMAL,NORMAL,0
SEC-002007,F001,Smart Campus,B001,Building A,BLK-A2,Block A2,AP-002,Building A Side Entrance,Entrance,2026-01-14 17:04:59,CON-0127,Contractor 127,CONTRACTOR,ACCESS_GRANTED,GRANTED,0,0,0,0,NORMAL,NORMAL,0
SEC-002158,F001,Smart Campus,B002,Building B,BLK-B1,Block B1,AP-003,Building B Main Entrance,Entrance,2026-01-14 17:06:15,EMP-0451,Employee 451,EMPLOYEE,ACCESS_GRANTED,GRANTED,0,0,0,0,NORMAL,NORMAL,0
SEC-002027,F001,Smart Campus,B003,Building C,BLK-C1,Block C1,AP-006,Server Room Access,Restricted Area,2026-01-14 17:18:02,EMP-0460,Employee 460,EMPLOYEE,ACCESS_GRANTED,GRANTED,0,0,0,0,NORMAL,NORMAL,0
SEC-002038,F001,Smart Campus,B002,Building B,BLK-B2,Block B2,AP-004,Building B Service Door,Service Area,2026-01-14 17:21:23,EMP-0232,Employee 232,EMPLOYEE,ACCESS_GRANTED,GRANTED,0,0,0,0,NORMAL,NORMAL,0
SEC-002023,F001,Smart Campus,B002,Building B,BLK-B2,Block B2,AP-004,Building B Service Door,Service Area,2026-01-14 17:25:07,EMP-0151,Employee 151,EMPLOYEE,ACCESS_GRANTED,GRANTED,0,0,0,0,NORMAL,NORMAL,0
SEC-002153,F001,Smart Campus,B003,Building C,BLK-C1,Block C1,AP-006,Server Room Access,Restricted Area,2026-01-14 17:25:41,VIS-0191,Visitor 191,VISITOR,ACCESS_GRANTED,GRANTED,0,0,0,0,NORMAL,NORMAL,0
SEC-002076,F001,Smart Campus,B002,Building B,BLK-B1,Block B1,AP-003,Building B Main Entrance,Entrance,2026-01-14 17:28:39,EMP-0394,Employee 394,EMPLOYEE,ACCESS_GRANTED,GRANTED,0,0,0,0,NORMAL,NORMAL,0
SEC-002112,F001,Smart Campus,B001,Building A,BLK-A1,Block A1,AP-001,Building A Main Entrance,Entrance,2026-01-14 17:38:22,EMP-0286,Employee 286,EMPLOYEE,ACCESS_GRANTED,GRANTED,0,0,0,0,NORMAL,NORMAL,0
SEC-002011,F001,Smart Campus,B003,Building C,BLK-C1,Block C1,AP-006,Server Room Access,Restricted Area,2026-01-14 17:45:41,VIS-0114,Visitor 114,VISITOR,ACCESS_GRANTED,GRANTED,0,0,0,0,NORMAL,NORMAL,0
SEC-002026,F001,Smart Campus,B003,Building C,BLK-C1,Block C1,AP-005,Building C Main Entrance,Entrance,2026-01-14 17:50:43,EMP-0334,Employee 334,EMPLOYEE,ACCESS_GRANTED,GRANTED,0,0,0,0,NORMAL,NORMAL,0
SEC-002001,F001,Smart Campus,B001,Building A,BLK-A1,Block A1,AP-001,Building A Main Entrance,Entrance,2026-01-14 17:51:05,EMP-0312,Employee 312,EMPLOYEE,ACCESS_GRANTED,GRANTED,0,0,0,0,NORMAL,NORMAL,0
SEC-002046,F001,Smart Campus,B002,Building B,BLK-B1,Block B1,AP-003,Building B Main Entrance,Entrance,2026-01-14 17:52:07,EMP-0199,Employee 199,EMPLOYEE,ACCESS_GRANTED,GRANTED,0,0,0,0,NORMAL,NORMAL,0
SEC-002160,F001,Smart Campus,B003,Building C,BLK-C1,Block C1,AP-006,Server Room Access,Restricted Area,2026-01-14 18:03:49,EMP-0107,Employee 107,EMPLOYEE,ACCESS_GRANTED,GRANTED,0,0,0,0,NORMAL,NORMAL,0
SEC-002005,F001,Smart Campus,B001,Building A,BLK-A1,Block A1,AP-001,Building A Main Entrance,Entrance,2026-01-14 18:06:38,EMP-0079,Employee 79,EMPLOYEE,ACCESS_GRANTED,GRANTED,0,0,0,0,NORMAL,NORMAL,0
SEC-002139,F001,Smart Campus,B001,Building A,BLK-A2,Block A2,AP-002,Building A Side Entrance,Entrance,2026-01-14 18:15:45,EMP-0293,Employee 293,EMPLOYEE,ACCESS_GRANTED,GRANTED,0,0,0,0,NORMAL,NORMAL,0
SEC-002061,F001,Smart Campus,B002,Building B,BLK-B1,Block B1,AP-003,Building B Main Entrance,Entrance,2026-01-14 18:17:37,VIS-0288,Visitor 288,VISITOR,ACCESS_DENIED,DENIED,0,0,0,0,NORMAL,MEDIUM,1
SEC-002122,F001,Smart Campus,B002,Building B,BLK-B1,Block B1,AP-003,Building B Main Entrance,Entrance,2026-01-14 18:18:02,EMP-0171,Employee 171,EMPLOYEE,ACCESS_GRANTED,GRANTED,0,0,0,0,NORMAL,NORMAL,0
SEC-002039,F001,Smart Campus,B002,Building B,BLK-B2,Block B2,AP-004,Building B Service Door,Service Area,2026-01-14 18:19:32,EMP-0273,Employee 273,EMPLOYEE,ACCESS_GRANTED,GRANTED,0,0,0,0,NORMAL,NORMAL,0
SEC-002085,F001,Smart Campus,B002,Building B,BLK-B1,Block B1,AP-003,Building B Main Entrance,Entrance,2026-01-14 18:33:39,EMP-0450,Employee 450,EMPLOYEE,ACCESS_GRANTED,GRANTED,0,0,0,0,NORMAL,NORMAL,0
SEC-002043,F001,Smart Campus,B002,Building B,BLK-B2,Block B2,AP-004,Building B Service Door,Service Area,2026-01-14 18:44:52,EMP-0041,Employee 41,EMPLOYEE,ACCESS_GRANTED,GRANTED,0,0,0,0,NORMAL,NORMAL,0
SEC-002032,F001,Smart Campus,B001,Building A,BLK-A2,Block A2,AP-002,Building A Side Entrance,Entrance,2026-01-14 18:45:07,EMP-0044,Employee 44,EMPLOYEE,ACCESS_GRANTED,GRANTED,0,0,0,0,NORMAL,NORMAL,0
SEC-002130,F001,Smart Campus,B001,Building A,BLK-A1,Block A1,AP-001,Building A Main Entrance,Entrance,2026-01-14 19:09:31,EMP-0248,Employee 248,EMPLOYEE,ACCESS_GRANTED,GRANTED,0,0,0,0,NORMAL,NORMAL,0
SEC-002111,F001,Smart Campus,B003,Building C,BLK-C1,Block C1,AP-006,Server Room Access,Restricted Area,2026-01-14 19:22:17,VIS-0031,Visitor 31,VISITOR,ACCESS_GRANTED,GRANTED,0,0,0,0,NORMAL,NORMAL,0
SEC-002144,F001,Smart Campus,B003,Building C,BLK-C1,Block C1,AP-006,Server Room Access,Restricted Area,2026-01-14 19:31:38,VIS-0209,Visitor 209,VISITOR,ACCESS_GRANTED,GRANTED,0,0,0,0,NORMAL,NORMAL,0
SEC-002069,F001,Smart Campus,B003,Building C,BLK-C1,Block C1,AP-005,Building C Main Entrance,Entrance,2026-01-14 19:31:54,EMP-0187,Employee 187,EMPLOYEE,ACCESS_GRANTED,GRANTED,0,0,0,0,NORMAL,NORMAL,0
SEC-002024,F001,Smart Campus,B001,Building A,BLK-A1,Block A1,AP-001,Building A Main Entrance,Entrance,2026-01-14 19:43:24,EMP-0413,Employee 413,EMPLOYEE,ACCESS_GRANTED,GRANTED,0,0,0,0,NORMAL,NORMAL,0
SEC-002126,F001,Smart Campus,B002,Building B,BLK-B1,Block B1,AP-003,Building B Main Entrance,Entrance,2026-01-14 19:51:15,EMP-0241,Employee 241,EMPLOYEE,ACCESS_GRANTED,GRANTED,0,0,0,0,NORMAL,NORMAL,0
SEC-002093,F001,Smart Campus,B003,Building C,BLK-C1,Block C1,AP-005,Building C Main Entrance,Entrance,2026-01-14 20:04:03,VIS-0011,Visitor 11,VISITOR,ACCESS_GRANTED,GRANTED,0,0,0,0,NORMAL,NORMAL,0
SEC-002163,F001,Smart Campus,B003,Building C,BLK-C1,Block C1,AP-005,Building C Main Entrance,Entrance,2026-01-14 20:08:30,EMP-0093,Employee 93,EMPLOYEE,ACCESS_GRANTED,GRANTED,0,0,0,0,NORMAL,NORMAL,0
SEC-002044,F001,Smart Campus,B001,Building A,BLK-A1,Block A1,AP-001,Building A Main Entrance,Entrance,2026-01-14 20:13:45,CON-0143,Contractor 143,CONTRACTOR,ACCESS_GRANTED,GRANTED,0,0,0,0,NORMAL,NORMAL,0
SEC-002105,F001,Smart Campus,B002,Building B,BLK-B2,Block B2,AP-004,Building B Service Door,Service Area,2026-01-14 20:32:15,VIS-0200,Visitor 200,VISITOR,ACCESS_GRANTED,GRANTED,0,0,0,0,NORMAL,NORMAL,0
SEC-002148,F001,Smart Campus,B003,Building C,BLK-C1,Block C1,AP-005,Building C Main Entrance,Entrance,2026-01-14 20:35:36,VIS-0138,Visitor 138,VISITOR,ACCESS_GRANTED,GRANTED,0,0,0,0,NORMAL,NORMAL,0
SEC-002049,F001,Smart Campus,B001,Building A,BLK-A2,Block A2,AP-002,Building A Side Entrance,Entrance,2026-01-14 20:39:29,EMP-0013,Employee 13,EMPLOYEE,ACCESS_GRANTED,GRANTED,0,0,0,0,NORMAL,NORMAL,0
SEC-002021,F001,Smart Campus,B003,Building C,BLK-C1,Block C1,AP-005,Building C Main Entrance,Entrance,2026-01-14 20:41:28,CON-0046,Contractor 46,CONTRACTOR,ACCESS_GRANTED,GRANTED,0,0,0,0,NORMAL,NORMAL,0
SEC-002117,F001,Smart Campus,B001,Building A,BLK-A2,Block A2,AP-002,Building A Side Entrance,Entrance,2026-01-14 20:43:12,VIS-0071,Visitor 71,VISITOR,ACCESS_GRANTED,GRANTED,0,0,0,0,NORMAL,NORMAL,0
SEC-002108,F001,Smart Campus,B002,Building B,BLK-B1,Block B1,AP-003,Building B Main Entrance,Entrance,2026-01-14 20:45:52,EMP-0217,Employee 217,EMPLOYEE,ACCESS_GRANTED,GRANTED,0,0,0,0,NORMAL,NORMAL,0
SEC-002056,F001,Smart Campus,B002,Building B,BLK-B2,Block B2,AP-004,Building B Service Door,Service Area,2026-01-14 20:48:22,EMP-0002,Employee 2,EMPLOYEE,ACCESS_GRANTED,GRANTED,0,0,0,0,NORMAL,NORMAL,0
SEC-002034,F001,Smart Campus,B003,Building C,BLK-C1,Block C1,AP-005,Building C Main Entrance,Entrance,2026-01-14 21:32:14,EMP-0465,Employee 465,EMPLOYEE,ACCESS_GRANTED,GRANTED,1,0,0,0,NORMAL,LOW,0
SEC-002088,F001,Smart Campus,B002,Building B,BLK-B1,Block B1,AP-003,Building B Main Entrance,Entrance,2026-01-14 22:02:44,CON-0008,Contractor 8,CONTRACTOR,ACCESS_GRANTED,GRANTED,1,0,0,0,NORMAL,LOW,0
SEC-002137,F001,Smart Campus,B003,Building C,BLK-C1,Block C1,AP-005,Building C Main Entrance,Entrance,2026-01-14 22:22:41,EMP-0046,Employee 46,EMPLOYEE,UNAUTHORIZED_ACCESS,DENIED,1,1,0,0,SUSPICIOUS_ACCESS,CRITICAL,1
SEC-002016,F001,Smart Campus,B001,Building A,BLK-A1,Block A1,AP-001,Building A Main Entrance,Entrance,2026-01-14 22:49:00,EMP-0383,Employee 383,EMPLOYEE,ACCESS_GRANTED,GRANTED,1,0,0,0,AFTER_HOURS_MOVEMENT,LOW,0
SEC-002072,F001,Smart Campus,B002,Building B,BLK-B1,Block B1,AP-003,Building B Main Entrance,Entrance,2026-01-14 23:01:19,VIS-0293,Visitor 293,VISITOR,ACCESS_GRANTED,GRANTED,1,0,0,0,NORMAL,LOW,0
SEC-002127,F001,Smart Campus,B002,Building B,BLK-B1,Block B1,AP-003,Building B Main Entrance,Entrance,2026-01-14 23:18:35,VIS-0292,Visitor 292,VISITOR,ACCESS_GRANTED,GRANTED,1,0,0,0,NORMAL,LOW,0
SEC-002053,F001,Smart Campus,B002,Building B,BLK-B2,Block B2,AP-004,Building B Service Door,Service Area,2026-01-14 23:55:02,CON-0054,Contractor 54,CONTRACTOR,ACCESS_GRANTED,GRANTED,1,0,0,0,NORMAL,LOW,0
SEC-002247,F001,Smart Campus,B002,Building B,BLK-B2,Block B2,AP-004,Building B Service Door,Service Area,2026-01-15 00:17:11,EMP-0119,Employee 119,EMPLOYEE,ACCESS_GRANTED,GRANTED,1,0,0,0,NORMAL,LOW,0
SEC-002268,F001,Smart Campus,B001,Building A,BLK-A1,Block A1,AP-001,Building A Main Entrance,Entrance,2026-01-15 00:18:53,EMP-0034,Employee 34,EMPLOYEE,UNAUTHORIZED_ACCESS,DENIED,1,1,0,0,SUSPICIOUS_ACCESS,CRITICAL,1
SEC-002284,F001,Smart Campus,B001,Building A,BLK-A1,Block A1,AP-001,Building A Main Entrance,Entrance,2026-01-15 00:49:48,EMP-0254,Employee 254,EMPLOYEE,ACCESS_GRANTED,GRANTED,1,0,0,0,NORMAL,LOW,0
SEC-002242,F001,Smart Campus,B001,Building A,BLK-A2,Block A2,AP-002,Building A Side Entrance,Entrance,2026-01-15 00:56:50,EMP-0038,Employee 38,EMPLOYEE,UNAUTHORIZED_ACCESS,DENIED,1,1,0,0,SUSPICIOUS_ACCESS,CRITICAL,1
SEC-002234,F001,Smart Campus,B002,Building B,BLK-B1,Block B1,AP-003,Building B Main Entrance,Entrance,2026-01-15 01:58:26,EMP-0140,Employee 140,EMPLOYEE,ACCESS_GRANTED,GRANTED,1,0,0,0,NORMAL,LOW,0
SEC-002322,F001,Smart Campus,B003,Building C,BLK-C1,Block C1,AP-005,Building C Main Entrance,Entrance,2026-01-15 02:28:49,CON-0108,Contractor 108,CONTRACTOR,ACCESS_GRANTED,GRANTED,1,0,0,0,NORMAL,LOW,0
SEC-002321,F001,Smart Campus,B001,Building A,BLK-A1,Block A1,AP-001,Building A Main Entrance,Entrance,2026-01-15 02:34:45,EMP-0020,Employee 20,EMPLOYEE,ACCESS_GRANTED,GRANTED,1,0,0,0,NORMAL,LOW,0
SEC-002212,F001,Smart Campus,B002,Building B,BLK-B1,Block B1,AP-003,Building B Main Entrance,Entrance,2026-01-15 02:56:39,EMP-0103,Employee 103,EMPLOYEE,ACCESS_GRANTED,GRANTED,1,0,0,0,NORMAL,LOW,0
SEC-002261,F001,Smart Campus,B002,Building B,BLK-B2,Block B2,AP-004,Building B Service Door,Service Area,2026-01-15 03:04:05,EMP-0431,Employee 431,EMPLOYEE,ACCESS_GRANTED,GRANTED,1,0,0,0,NORMAL,LOW,0
SEC-002306,F001,Smart Campus,B003,Building C,BLK-C1,Block C1,AP-006,Server Room Access,Restricted Area,2026-01-15 03:23:16,VIS-0151,Visitor 151,VISITOR,ACCESS_GRANTED,GRANTED,1,0,0,0,NORMAL,LOW,0
SEC-002245,F001,Smart Campus,B003,Building C,BLK-C1,Block C1,AP-006,Server Room Access,Restricted Area,2026-01-15 03:37:35,EMP-0095,Employee 95,EMPLOYEE,ACCESS_GRANTED,GRANTED,1,0,0,0,NORMAL,LOW,0
SEC-002329,F001,Smart Campus,B002,Building B,BLK-B2,Block B2,AP-004,Building B Service Door,Service Area,2026-01-15 04:05:47,EMP-0175,Employee 175,EMPLOYEE,ACCESS_GRANTED,GRANTED,1,0,0,0,NORMAL,LOW,0
SEC-002310,F001,Smart Campus,B002,Building B,BLK-B1,Block B1,AP-003,Building B Main Entrance,Entrance,2026-01-15 04:41:51,EMP-0299,Employee 299,EMPLOYEE,ACCESS_GRANTED,GRANTED,1,0,0,0,NORMAL,LOW,0
SEC-002327,F001,Smart Campus,B001,Building A,BLK-A1,Block A1,AP-001,Building A Main Entrance,Entrance,2026-01-15 05:11:00,EMP-0287,Employee 287,EMPLOYEE,ACCESS_GRANTED,GRANTED,1,0,0,0,NORMAL,LOW,0
SEC-002320,F001,Smart Campus,B003,Building C,BLK-C1,Block C1,AP-006,Server Room Access,Restricted Area,2026-01-15 05:42:23,EMP-0084,Employee 84,EMPLOYEE,ACCESS_GRANTED,GRANTED,1,0,0,0,AFTER_HOURS_MOVEMENT,LOW,0
SEC-002220,F001,Smart Campus,B001,Building A,BLK-A1,Block A1,AP-001,Building A Main Entrance,Entrance,2026-01-15 05:45:16,VIS-0087,Visitor 87,VISITOR,ACCESS_GRANTED,GRANTED,1,0,0,0,NORMAL,LOW,0
SEC-002174,F001,Smart Campus,B002,Building B,BLK-B1,Block B1,AP-003,Building B Main Entrance,Entrance,2026-01-15 06:21:30,VIS-0227,Visitor 227,VISITOR,ACCESS_GRANTED,GRANTED,1,0,0,0,NORMAL,LOW,0
SEC-002244,F001,Smart Campus,B002,Building B,BLK-B1,Block B1,AP-003,Building B Main Entrance,Entrance,2026-01-15 06:47:51,EMP-0273,Employee 273,EMPLOYEE,ACCESS_DENIED,DENIED,1,0,0,0,NORMAL,MEDIUM,1
SEC-002239,F001,Smart Campus,B002,Building B,BLK-B2,Block B2,AP-004,Building B Service Door,Service Area,2026-01-15 07:19:49,EMP-0471,Employee 471,EMPLOYEE,ACCESS_GRANTED,GRANTED,0,0,0,0,NORMAL,NORMAL,0
SEC-002178,F001,Smart Campus,B001,Building A,BLK-A2,Block A2,AP-002,Building A Side Entrance,Entrance,2026-01-15 07:20:30,EMP-0189,Employee 189,EMPLOYEE,ACCESS_GRANTED,GRANTED,0,0,0,0,NORMAL,NORMAL,0
SEC-002308,F001,Smart Campus,B001,Building A,BLK-A1,Block A1,AP-001,Building A Main Entrance,Entrance,2026-01-15 07:24:36,EMP-0262,Employee 262,EMPLOYEE,ACCESS_GRANTED,GRANTED,0,0,0,0,NORMAL,NORMAL,0
SEC-002171,F001,Smart Campus,B002,Building B,BLK-B2,Block B2,AP-004,Building B Service Door,Service Area,2026-01-15 07:27:37,EMP-0237,Employee 237,EMPLOYEE,ACCESS_GRANTED,GRANTED,0,0,0,0,NORMAL,NORMAL,0
SEC-002191,F001,Smart Campus,B001,Building A,BLK-A2,Block A2,AP-002,Building A Side Entrance,Entrance,2026-01-15 07:37:41,EMP-0143,Employee 143,EMPLOYEE,ACCESS_GRANTED,GRANTED,0,0,0,0,NORMAL,NORMAL,0
SEC-002222,F001,Smart Campus,B002,Building B,BLK-B1,Block B1,AP-003,Building B Main Entrance,Entrance,2026-01-15 07:46:42,EMP-0026,Employee 26,EMPLOYEE,ACCESS_GRANTED,GRANTED,0,0,0,0,NORMAL,NORMAL,0
SEC-002180,F001,Smart Campus,B001,Building A,BLK-A1,Block A1,AP-001,Building A Main Entrance,Entrance,2026-01-15 07:53:47,EMP-0032,Employee 32,EMPLOYEE,ACCESS_GRANTED,GRANTED,0,0,0,0,NORMAL,NORMAL,0
SEC-002264,F001,Smart Campus,B003,Building C,BLK-C1,Block C1,AP-006,Server Room Access,Restricted Area,2026-01-15 07:58:02,EMP-0257,Employee 257,EMPLOYEE,ACCESS_GRANTED,GRANTED,0,0,0,0,NORMAL,NORMAL,0
SEC-002177,F001,Smart Campus,B001,Building A,BLK-A1,Block A1,AP-001,Building A Main Entrance,Entrance,2026-01-15 08:03:38,EMP-0146,Employee 146,EMPLOYEE,ACCESS_DENIED,DENIED,0,0,0,0,NORMAL,MEDIUM,1
SEC-002214,F001,Smart Campus,B002,Building B,BLK-B1,Block B1,AP-003,Building B Main Entrance,Entrance,2026-01-15 08:03:50,EMP-0009,Employee 9,EMPLOYEE,ACCESS_GRANTED,GRANTED,0,0,0,0,NORMAL,NORMAL,0
SEC-002273,F001,Smart Campus,B001,Building A,BLK-A2,Block A2,AP-002,Building A Side Entrance,Entrance,2026-01-15 08:34:36,EMP-0234,Employee 234,EMPLOYEE,ACCESS_GRANTED,GRANTED,0,0,0,0,NORMAL,NORMAL,0
SEC-002297,F001,Smart Campus,B001,Building A,BLK-A1,Block A1,AP-001,Building A Main Entrance,Entrance,2026-01-15 08:37:53,CON-0007,Contractor 7,CONTRACTOR,ACCESS_GRANTED,GRANTED,0,0,0,0,NORMAL,NORMAL,0
SEC-002167,F001,Smart Campus,B001,Building A,BLK-A1,Block A1,AP-001,Building A Main Entrance,Entrance,2026-01-15 08:39:08,EMP-0128,Employee 128,EMPLOYEE,ACCESS_GRANTED,GRANTED,0,0,0,0,NORMAL,NORMAL,0
SEC-002231,F001,Smart Campus,B002,Building B,BLK-B1,Block B1,AP-003,Building B Main Entrance,Entrance,2026-01-15 08:53:10,VIS-0016,Visitor 16,VISITOR,ACCESS_GRANTED,GRANTED,0,0,0,0,NORMAL,NORMAL,0
SEC-002196,F001,Smart Campus,B003,Building C,BLK-C1,Block C1,AP-005,Building C Main Entrance,Entrance,2026-01-15 09:02:22,VIS-0062,Visitor 62,VISITOR,ACCESS_GRANTED,GRANTED,0,0,0,0,NORMAL,NORMAL,0
SEC-002325,F001,Smart Campus,B002,Building B,BLK-B2,Block B2,AP-004,Building B Service Door,Service Area,2026-01-15 09:04:16,EMP-0322,Employee 322,EMPLOYEE,ACCESS_GRANTED,GRANTED,0,0,0,0,NORMAL,NORMAL,0
SEC-002224,F001,Smart Campus,B003,Building C,BLK-C1,Block C1,AP-006,Server Room Access,Restricted Area,2026-01-15 09:10:18,EMP-0250,Employee 250,EMPLOYEE,ACCESS_GRANTED,GRANTED,0,0,0,0,NORMAL,NORMAL,0
SEC-002289,F001,Smart Campus,B001,Building A,BLK-A1,Block A1,AP-001,Building A Main Entrance,Entrance,2026-01-15 09:19:53,EMP-0217,Employee 217,EMPLOYEE,ACCESS_GRANTED,GRANTED,0,0,0,0,NORMAL,NORMAL,0
SEC-002219,F001,Smart Campus,B003,Building C,BLK-C1,Block C1,AP-006,Server Room Access,Restricted Area,2026-01-15 09:19:53,CON-0083,Contractor 83,CONTRACTOR,TAILGATING,GRANTED,0,0,0,1,TAILGATING,HIGH,1
SEC-002238,F001,Smart Campus,B001,Building A,BLK-A2,Block A2,AP-002,Building A Side Entrance,Entrance,2026-01-15 09:20:15,CON-0065,Contractor 65,CONTRACTOR,ACCESS_GRANTED,GRANTED,0,0,0,0,NORMAL,NORMAL,0
SEC-002169,F001,Smart Campus,B002,Building B,BLK-B1,Block B1,AP-003,Building B Main Entrance,Entrance,2026-01-15 09:26:29,CON-0014,Contractor 14,CONTRACTOR,ACCESS_GRANTED,GRANTED,0,0,0,0,NORMAL,NORMAL,0
SEC-002229,F001,Smart Campus,B001,Building A,BLK-A1,Block A1,AP-001,Building A Main Entrance,Entrance,2026-01-15 09:36:37,CON-0070,Contractor 70,CONTRACTOR,ACCESS_GRANTED,GRANTED,0,0,0,0,NORMAL,NORMAL,0
SEC-002228,F001,Smart Campus,B001,Building A,BLK-A1,Block A1,AP-001,Building A Main Entrance,Entrance,2026-01-15 09:47:51,EMP-0092,Employee 92,EMPLOYEE,ACCESS_GRANTED,GRANTED,0,0,0,0,NORMAL,NORMAL,0
SEC-002201,F001,Smart Campus,B001,Building A,BLK-A1,Block A1,AP-001,Building A Main Entrance,Entrance,2026-01-15 09:49:02,VIS-0103,Visitor 103,VISITOR,ACCESS_GRANTED,GRANTED,0,0,0,0,NORMAL,NORMAL,0
SEC-002260,F001,Smart Campus,B003,Building C,BLK-C1,Block C1,AP-006,Server Room Access,Restricted Area,2026-01-15 09:52:07,EMP-0083,Employee 83,EMPLOYEE,ACCESS_GRANTED,GRANTED,0,0,0,0,NORMAL,NORMAL,0
SEC-002194,F001,Smart Campus,B003,Building C,BLK-C1,Block C1,AP-006,Server Room Access,Restricted Area,2026-01-15 09:56:06,EMP-0172,Employee 172,EMPLOYEE,ACCESS_GRANTED,GRANTED,0,0,0,0,NORMAL,NORMAL,0
SEC-002262,F001,Smart Campus,B003,Building C,BLK-C1,Block C1,AP-005,Building C Main Entrance,Entrance,2026-01-15 10:03:52,EMP-0393,Employee 393,EMPLOYEE,ACCESS_GRANTED,GRANTED,0,0,0,0,NORMAL,NORMAL,0
SEC-002248,F001,Smart Campus,B003,Building C,BLK-C1,Block C1,AP-005,Building C Main Entrance,Entrance,2026-01-15 10:04:52,EMP-0219,Employee 219,EMPLOYEE,ACCESS_GRANTED,GRANTED,0,0,0,0,NORMAL,NORMAL,0
SEC-002293,F001,Smart Campus,B002,Building B,BLK-B1,Block B1,AP-003,Building B Main Entrance,Entrance,2026-01-15 10:05:52,EMP-0183,Employee 183,EMPLOYEE,ACCESS_GRANTED,GRANTED,0,0,0,0,NORMAL,NORMAL,0
SEC-002192,F001,Smart Campus,B001,Building A,BLK-A1,Block A1,AP-001,Building A Main Entrance,Entrance,2026-01-15 10:08:31,EMP-0342,Employee 342,EMPLOYEE,ACCESS_GRANTED,GRANTED,0,0,0,0,NORMAL,NORMAL,0
SEC-002288,F001,Smart Campus,B002,Building B,BLK-B2,Block B2,AP-004,Building B Service Door,Service Area,2026-01-15 10:15:10,EMP-0398,Employee 398,EMPLOYEE,ACCESS_GRANTED,GRANTED,0,0,0,0,NORMAL,NORMAL,0
SEC-002168,F001,Smart Campus,B001,Building A,BLK-A1,Block A1,AP-001,Building A Main Entrance,Entrance,2026-01-15 10:25:05,CON-0092,Contractor 92,CONTRACTOR,ACCESS_GRANTED,GRANTED,0,0,0,0,NORMAL,NORMAL,0
SEC-002270,F001,Smart Campus,B003,Building C,BLK-C1,Block C1,AP-006,Server Room Access,Restricted Area,2026-01-15 10:38:22,EMP-0441,Employee 441,EMPLOYEE,ACCESS_GRANTED,GRANTED,0,0,0,0,NORMAL,NORMAL,0
SEC-002185,F001,Smart Campus,B001,Building A,BLK-A1,Block A1,AP-001,Building A Main Entrance,Entrance,2026-01-15 10:56:24,EMP-0256,Employee 256,EMPLOYEE,ACCESS_GRANTED,GRANTED,0,0,0,0,NORMAL,NORMAL,0
SEC-002179,F001,Smart Campus,B003,Building C,BLK-C1,Block C1,AP-005,Building C Main Entrance,Entrance,2026-01-15 11:07:25,VIS-0135,Visitor 135,VISITOR,ACCESS_GRANTED,GRANTED,0,0,0,0,NORMAL,NORMAL,0
SEC-002313,F001,Smart Campus,B001,Building A,BLK-A1,Block A1,AP-001,Building A Main Entrance,Entrance,2026-01-15 11:12:07,EMP-0397,Employee 397,EMPLOYEE,ACCESS_GRANTED,GRANTED,0,0,0,0,NORMAL,NORMAL,0
SEC-002221,F001,Smart Campus,B002,Building B,BLK-B2,Block B2,AP-004,Building B Service Door,Service Area,2026-01-15 11:14:17,EMP-0468,Employee 468,EMPLOYEE,ACCESS_GRANTED,GRANTED,0,0,0,0,NORMAL,NORMAL,0
SEC-002316,F001,Smart Campus,B003,Building C,BLK-C1,Block C1,AP-005,Building C Main Entrance,Entrance,2026-01-15 11:21:59,VIS-0182,Visitor 182,VISITOR,ACCESS_GRANTED,GRANTED,0,0,0,0,NORMAL,NORMAL,0
SEC-002199,F001,Smart Campus,B002,Building B,BLK-B2,Block B2,AP-004,Building B Service Door,Service Area,2026-01-15 11:32:28,CON-0073,Contractor 73,CONTRACTOR,ACCESS_DENIED,DENIED,0,0,0,0,NORMAL,MEDIUM,1
SEC-002266,F001,Smart Campus,B001,Building A,BLK-A2,Block A2,AP-002,Building A Side Entrance,Entrance,2026-01-15 11:36:38,EMP-0442,Employee 442,EMPLOYEE,ACCESS_GRANTED,GRANTED,0,0,0,0,NORMAL,NORMAL,0
SEC-002267,F001,Smart Campus,B002,Building B,BLK-B1,Block B1,AP-003,Building B Main Entrance,Entrance,2026-01-15 11:42:31,EMP-0371,Employee 371,EMPLOYEE,ACCESS_GRANTED,GRANTED,0,0,0,0,NORMAL,NORMAL,0
SEC-002301,F001,Smart Campus,B003,Building C,BLK-C1,Block C1,AP-006,Server Room Access,Restricted Area,2026-01-15 11:47:09,EMP-0360,Employee 360,EMPLOYEE,ACCESS_GRANTED,GRANTED,0,0,0,0,NORMAL,NORMAL,0
SEC-002205,F001,Smart Campus,B001,Building A,BLK-A2,Block A2,AP-002,Building A Side Entrance,Entrance,2026-01-15 11:49:35,CON-0065,Contractor 65,CONTRACTOR,ACCESS_GRANTED,GRANTED,0,0,0,0,NORMAL,NORMAL,0
SEC-002278,F001,Smart Campus,B001,Building A,BLK-A2,Block A2,AP-002,Building A Side Entrance,Entrance,2026-01-15 11:52:19,EMP-0393,Employee 393,EMPLOYEE,ACCESS_GRANTED,GRANTED,0,0,0,0,NORMAL,NORMAL,0
SEC-002255,F001,Smart Campus,B002,Building B,BLK-B2,Block B2,AP-004,Building B Service Door,Service Area,2026-01-15 12:06:43,EMP-0441,Employee 441,EMPLOYEE,ACCESS_GRANTED,GRANTED,0,0,0,0,NORMAL,NORMAL,0
SEC-002170,F001,Smart Campus,B001,Building A,BLK-A2,Block A2,AP-002,Building A Side Entrance,Entrance,2026-01-15 12:07:00,EMP-0492,Employee 492,EMPLOYEE,ACCESS_GRANTED,GRANTED,0,0,0,0,NORMAL,NORMAL,0
SEC-002274,F001,Smart Campus,B001,Building A,BLK-A2,Block A2,AP-002,Building A Side Entrance,Entrance,2026-01-15 12:07:37,EMP-0175,Employee 175,EMPLOYEE,ACCESS_GRANTED,GRANTED,0,0,0,0,NORMAL,NORMAL,0
SEC-002280,F001,Smart Campus,B003,Building C,BLK-C1,Block C1,AP-006,Server Room Access,Restricted Area,2026-01-15 12:12:29,EMP-0143,Employee 143,EMPLOYEE,ACCESS_GRANTED,GRANTED,0,0,0,0,NORMAL,NORMAL,0
SEC-002215,F001,Smart Campus,B002,Building B,BLK-B1,Block B1,AP-003,Building B Main Entrance,Entrance,2026-01-15 12:17:53,EMP-0059,Employee 59,EMPLOYEE,FORCED_ENTRY,DENIED,0,0,1,0,FORCED_ENTRY,CRITICAL,1
SEC-002217,F001,Smart Campus,B003,Building C,BLK-C1,Block C1,AP-006,Server Room Access,Restricted Area,2026-01-15 12:28:20,EMP-0158,Employee 158,EMPLOYEE,ACCESS_GRANTED,GRANTED,0,0,0,0,NORMAL,NORMAL,0
SEC-002251,F001,Smart Campus,B002,Building B,BLK-B2,Block B2,AP-004,Building B Service Door,Service Area,2026-01-15 12:29:24,EMP-0361,Employee 361,EMPLOYEE,ACCESS_GRANTED,GRANTED,0,0,0,0,NORMAL,NORMAL,0
SEC-002302,F001,Smart Campus,B002,Building B,BLK-B2,Block B2,AP-004,Building B Service Door,Service Area,2026-01-15 12:34:09,EMP-0066,Employee 66,EMPLOYEE,ACCESS_GRANTED,GRANTED,0,0,0,0,NORMAL,NORMAL,0
SEC-002227,F001,Smart Campus,B002,Building B,BLK-B2,Block B2,AP-004,Building B Service Door,Service Area,2026-01-15 12:35:07,EMP-0314,Employee 314,EMPLOYEE,ACCESS_GRANTED,GRANTED,0,0,0,0,NORMAL,NORMAL,0
SEC-002200,F001,Smart Campus,B003,Building C,BLK-C1,Block C1,AP-005,Building C Main Entrance,Entrance,2026-01-15 12:41:35,EMP-0275,Employee 275,EMPLOYEE,ACCESS_GRANTED,GRANTED,0,0,0,0,NORMAL,NORMAL,0
SEC-002230,F001,Smart Campus,B001,Building A,BLK-A2,Block A2,AP-002,Building A Side Entrance,Entrance,2026-01-15 12:44:45,EMP-0296,Employee 296,EMPLOYEE,ACCESS_GRANTED,GRANTED,0,0,0,0,NORMAL,NORMAL,0
SEC-002311,F001,Smart Campus,B002,Building B,BLK-B1,Block B1,AP-003,Building B Main Entrance,Entrance,2026-01-15 12:46:12,EMP-0023,Employee 23,EMPLOYEE,ACCESS_DENIED,DENIED,0,0,0,0,NORMAL,MEDIUM,1
SEC-002269,F001,Smart Campus,B001,Building A,BLK-A2,Block A2,AP-002,Building A Side Entrance,Entrance,2026-01-15 12:47:29,EMP-0069,Employee 69,EMPLOYEE,ACCESS_GRANTED,GRANTED,0,0,0,0,NORMAL,NORMAL,0
SEC-002309,F001,Smart Campus,B003,Building C,BLK-C1,Block C1,AP-006,Server Room Access,Restricted Area,2026-01-15 12:51:23,VIS-0255,Visitor 255,VISITOR,ACCESS_DENIED,DENIED,0,0,0,0,NORMAL,MEDIUM,1
SEC-002166,F001,Smart Campus,B003,Building C,BLK-C1,Block C1,AP-005,Building C Main Entrance,Entrance,2026-01-15 12:51:59,EMP-0236,Employee 236,EMPLOYEE,ACCESS_GRANTED,GRANTED,0,0,0,0,NORMAL,NORMAL,0
SEC-002184,F001,Smart Campus,B003,Building C,BLK-C1,Block C1,AP-006,Server Room Access,Restricted Area,2026-01-15 12:57:52,EMP-0397,Employee 397,EMPLOYEE,ACCESS_GRANTED,GRANTED,0,0,0,0,NORMAL,NORMAL,0
SEC-002296,F001,Smart Campus,B003,Building C,BLK-C1,Block C1,AP-006,Server Room Access,Restricted Area,2026-01-15 13:08:20,EMP-0333,Employee 333,EMPLOYEE,ACCESS_GRANTED,GRANTED,0,0,0,0,NORMAL,NORMAL,0
SEC-002254,F001,Smart Campus,B002,Building B,BLK-B1,Block B1,AP-003,Building B Main Entrance,Entrance,2026-01-15 13:13:42,EMP-0057,Employee 57,EMPLOYEE,ACCESS_GRANTED,GRANTED,0,0,0,0,NORMAL,NORMAL,0
SEC-002279,F001,Smart Campus,B002,Building B,BLK-B1,Block B1,AP-003,Building B Main Entrance,Entrance,2026-01-15 13:14:33,EMP-0216,Employee 216,EMPLOYEE,ACCESS_GRANTED,GRANTED,0,0,0,0,NORMAL,NORMAL,0
SEC-002172,F001,Smart Campus,B003,Building C,BLK-C1,Block C1,AP-005,Building C Main Entrance,Entrance,2026-01-15 13:29:55,EMP-0104,Employee 104,EMPLOYEE,ACCESS_GRANTED,GRANTED,0,0,0,0,NORMAL,NORMAL,0
SEC-002286,F001,Smart Campus,B002,Building B,BLK-B1,Block B1,AP-003,Building B Main Entrance,Entrance,2026-01-15 13:30:05,EMP-0132,Employee 132,EMPLOYEE,ACCESS_GRANTED,GRANTED,0,0,0,0,NORMAL,NORMAL,0
SEC-002190,F001,Smart Campus,B001,Building A,BLK-A1,Block A1,AP-001,Building A Main Entrance,Entrance,2026-01-15 13:32:55,VIS-0061,Visitor 61,VISITOR,UNAUTHORIZED_ACCESS,DENIED,0,1,0,0,SUSPICIOUS_ACCESS,HIGH,1
SEC-002246,F001,Smart Campus,B003,Building C,BLK-C1,Block C1,AP-005,Building C Main Entrance,Entrance,2026-01-15 13:41:12,CON-0043,Contractor 43,CONTRACTOR,ACCESS_GRANTED,GRANTED,0,0,0,0,NORMAL,NORMAL,0
SEC-002175,F001,Smart Campus,B001,Building A,BLK-A2,Block A2,AP-002,Building A Side Entrance,Entrance,2026-01-15 13:43:16,EMP-0271,Employee 271,EMPLOYEE,ACCESS_GRANTED,GRANTED,0,0,0,0,NORMAL,NORMAL,0
SEC-002326,F001,Smart Campus,B003,Building C,BLK-C1,Block C1,AP-005,Building C Main Entrance,Entrance,2026-01-15 13:50:59,VIS-0111,Visitor 111,VISITOR,ACCESS_GRANTED,GRANTED,0,0,0,0,NORMAL,NORMAL,0
SEC-002299,F001,Smart Campus,B001,Building A,BLK-A2,Block A2,AP-002,Building A Side Entrance,Entrance,2026-01-15 13:50:59,EMP-0485,Employee 485,EMPLOYEE,ACCESS_GRANTED,GRANTED,0,0,0,0,NORMAL,NORMAL,0
SEC-002257,F001,Smart Campus,B001,Building A,BLK-A2,Block A2,AP-002,Building A Side Entrance,Entrance,2026-01-15 13:55:44,EMP-0258,Employee 258,EMPLOYEE,ACCESS_GRANTED,GRANTED,0,0,0,0,NORMAL,NORMAL,0
SEC-002195,F001,Smart Campus,B002,Building B,BLK-B1,Block B1,AP-003,Building B Main Entrance,Entrance,2026-01-15 14:28:12,EMP-0493,Employee 493,EMPLOYEE,ACCESS_GRANTED,GRANTED,0,0,0,0,NORMAL,NORMAL,0
SEC-002193,F001,Smart Campus,B003,Building C,BLK-C1,Block C1,AP-006,Server Room Access,Restricted Area,2026-01-15 14:29:52,EMP-0254,Employee 254,EMPLOYEE,ACCESS_GRANTED,GRANTED,0,0,0,0,NORMAL,NORMAL,0
SEC-002207,F001,Smart Campus,B001,Building A,BLK-A1,Block A1,AP-001,Building A Main Entrance,Entrance,2026-01-15 14:32:27,EMP-0478,Employee 478,EMPLOYEE,UNAUTHORIZED_ACCESS,DENIED,0,1,0,0,SUSPICIOUS_ACCESS,HIGH,1
SEC-002240,F001,Smart Campus,B003,Building C,BLK-C1,Block C1,AP-005,Building C Main Entrance,Entrance,2026-01-15 14:40:45,CON-0110,Contractor 110,CONTRACTOR,ACCESS_DENIED,DENIED,0,0,0,0,NORMAL,MEDIUM,1
SEC-002272,F001,Smart Campus,B002,Building B,BLK-B2,Block B2,AP-004,Building B Service Door,Service Area,2026-01-15 14:47:28,CON-0017,Contractor 17,CONTRACTOR,ACCESS_GRANTED,GRANTED,0,0,0,0,NORMAL,NORMAL,0
SEC-002275,F001,Smart Campus,B003,Building C,BLK-C1,Block C1,AP-006,Server Room Access,Restricted Area,2026-01-15 14:53:46,EMP-0059,Employee 59,EMPLOYEE,ACCESS_GRANTED,GRANTED,0,0,0,0,NORMAL,NORMAL,0
SEC-002243,F001,Smart Campus,B003,Building C,BLK-C1,Block C1,AP-005,Building C Main Entrance,Entrance,2026-01-15 14:58:09,EMP-0237,Employee 237,EMPLOYEE,ACCESS_GRANTED,GRANTED,0,0,0,0,NORMAL,NORMAL,0
SEC-002233,F001,Smart Campus,B003,Building C,BLK-C1,Block C1,AP-005,Building C Main Entrance,Entrance,2026-01-15 15:09:29,EMP-0410,Employee 410,EMPLOYEE,ACCESS_GRANTED,GRANTED,0,0,0,0,NORMAL,NORMAL,0
SEC-002318,F001,Smart Campus,B002,Building B,BLK-B2,Block B2,AP-004,Building B Service Door,Service Area,2026-01-15 15:14:08,VIS-0144,Visitor 144,VISITOR,ACCESS_GRANTED,GRANTED,0,0,0,0,NORMAL,NORMAL,0
SEC-002265,F001,Smart Campus,B002,Building B,BLK-B2,Block B2,AP-004,Building B Service Door,Service Area,2026-01-15 15:16:27,EMP-0325,Employee 325,EMPLOYEE,ACCESS_GRANTED,GRANTED,0,0,0,0,NORMAL,NORMAL,0
SEC-002213,F001,Smart Campus,B001,Building A,BLK-A1,Block A1,AP-001,Building A Main Entrance,Entrance,2026-01-15 15:20:20,EMP-0294,Employee 294,EMPLOYEE,ACCESS_GRANTED,GRANTED,0,0,0,0,NORMAL,NORMAL,0
SEC-002235,F001,Smart Campus,B001,Building A,BLK-A2,Block A2,AP-002,Building A Side Entrance,Entrance,2026-01-15 15:41:01,VIS-0051,Visitor 51,VISITOR,ACCESS_GRANTED,GRANTED,0,0,0,0,NORMAL,NORMAL,0
SEC-002236,F001,Smart Campus,B002,Building B,BLK-B1,Block B1,AP-003,Building B Main Entrance,Entrance,2026-01-15 15:49:10,VIS-0121,Visitor 121,VISITOR,ACCESS_DENIED,DENIED,0,0,0,0,NORMAL,MEDIUM,1
SEC-002210,F001,Smart Campus,B001,Building A,BLK-A2,Block A2,AP-002,Building A Side Entrance,Entrance,2026-01-15 15:59:44,EMP-0354,Employee 354,EMPLOYEE,ACCESS_GRANTED,GRANTED,0,0,0,0,NORMAL,NORMAL,0
SEC-002209,F001,Smart Campus,B002,Building B,BLK-B2,Block B2,AP-004,Building B Service Door,Service Area,2026-01-15 16:05:29,EMP-0038,Employee 38,EMPLOYEE,ACCESS_GRANTED,GRANTED,0,0,0,0,NORMAL,NORMAL,0
SEC-002294,F001,Smart Campus,B001,Building A,BLK-A2,Block A2,AP-002,Building A Side Entrance,Entrance,2026-01-15 16:05:57,VIS-0030,Visitor 30,VISITOR,UNAUTHORIZED_ACCESS,DENIED,0,1,0,0,SUSPICIOUS_ACCESS,HIGH,1
SEC-002277,F001,Smart Campus,B002,Building B,BLK-B1,Block B1,AP-003,Building B Main Entrance,Entrance,2026-01-15 16:12:58,EMP-0393,Employee 393,EMPLOYEE,ACCESS_GRANTED,GRANTED,0,0,0,0,NORMAL,NORMAL,0
SEC-002298,F001,Smart Campus,B003,Building C,BLK-C1,Block C1,AP-006,Server Room Access,Restricted Area,2026-01-15 16:13:03,VIS-0185,Visitor 185,VISITOR,ACCESS_GRANTED,GRANTED,0,0,0,0,NORMAL,NORMAL,0
SEC-002328,F001,Smart Campus,B002,Building B,BLK-B1,Block B1,AP-003,Building B Main Entrance,Entrance,2026-01-15 16:13:53,EMP-0231,Employee 231,EMPLOYEE,ACCESS_GRANTED,GRANTED,0,0,0,0,NORMAL,NORMAL,0
SEC-002211,F001,Smart Campus,B002,Building B,BLK-B2,Block B2,AP-004,Building B Service Door,Service Area,2026-01-15 16:17:32,EMP-0404,Employee 404,EMPLOYEE,ACCESS_GRANTED,GRANTED,0,0,0,0,NORMAL,NORMAL,0
SEC-002252,F001,Smart Campus,B001,Building A,BLK-A1,Block A1,AP-001,Building A Main Entrance,Entrance,2026-01-15 16:22:04,EMP-0422,Employee 422,EMPLOYEE,ACCESS_GRANTED,GRANTED,0,0,0,0,NORMAL,NORMAL,0
SEC-002315,F001,Smart Campus,B001,Building A,BLK-A2,Block A2,AP-002,Building A Side Entrance,Entrance,2026-01-15 16:22:09,EMP-0125,Employee 125,EMPLOYEE,ACCESS_GRANTED,GRANTED,0,0,0,0,NORMAL,NORMAL,0
SEC-002223,F001,Smart Campus,B001,Building A,BLK-A1,Block A1,AP-001,Building A Main Entrance,Entrance,2026-01-15 16:49:22,EMP-0098,Employee 98,EMPLOYEE,ACCESS_GRANTED,GRANTED,0,0,0,0,NORMAL,NORMAL,0
SEC-002291,F001,Smart Campus,B002,Building B,BLK-B2,Block B2,AP-004,Building B Service Door,Service Area,2026-01-15 16:56:47,EMP-0303,Employee 303,EMPLOYEE,ACCESS_GRANTED,GRANTED,0,0,0,0,NORMAL,NORMAL,0
SEC-002203,F001,Smart Campus,B003,Building C,BLK-C1,Block C1,AP-006,Server Room Access,Restricted Area,2026-01-15 17:04:15,VIS-0245,Visitor 245,VISITOR,ACCESS_GRANTED,GRANTED,0,0,0,0,NORMAL,NORMAL,0
SEC-002282,F001,Smart Campus,B003,Building C,BLK-C1,Block C1,AP-005,Building C Main Entrance,Entrance,2026-01-15 17:26:29,EMP-0496,Employee 496,EMPLOYEE,ACCESS_GRANTED,GRANTED,0,0,0,0,NORMAL,NORMAL,0
SEC-002285,F001,Smart Campus,B003,Building C,BLK-C1,Block C1,AP-006,Server Room Access,Restricted Area,2026-01-15 17:31:34,EMP-0457,Employee 457,EMPLOYEE,ACCESS_GRANTED,GRANTED,0,0,0,0,NORMAL,NORMAL,0
SEC-002216,F001,Smart Campus,B001,Building A,BLK-A1,Block A1,AP-001,Building A Main Entrance,Entrance,2026-01-15 17:39:26,EMP-0481,Employee 481,EMPLOYEE,ACCESS_GRANTED,GRANTED,0,0,0,0,NORMAL,NORMAL,0
SEC-002259,F001,Smart Campus,B003,Building C,BLK-C1,Block C1,AP-005,Building C Main Entrance,Entrance,2026-01-15 17:46:36,VIS-0181,Visitor 181,VISITOR,ACCESS_GRANTED,GRANTED,0,0,0,0,NORMAL,NORMAL,0
SEC-002312,F001,Smart Campus,B001,Building A,BLK-A2,Block A2,AP-002,Building A Side Entrance,Entrance,2026-01-15 17:47:16,EMP-0226,Employee 226,EMPLOYEE,ACCESS_GRANTED,GRANTED,0,0,0,0,NORMAL,NORMAL,0
SEC-002225,F001,Smart Campus,B002,Building B,BLK-B1,Block B1,AP-003,Building B Main Entrance,Entrance,2026-01-15 17:53:05,EMP-0489,Employee 489,EMPLOYEE,ACCESS_GRANTED,GRANTED,0,0,0,0,NORMAL,NORMAL,0
SEC-002181,F001,Smart Campus,B001,Building A,BLK-A2,Block A2,AP-002,Building A Side Entrance,Entrance,2026-01-15 17:53:51,EMP-0109,Employee 109,EMPLOYEE,ACCESS_GRANTED,GRANTED,0,0,0,0,NORMAL,NORMAL,0
SEC-002176,F001,Smart Campus,B003,Building C,BLK-C1,Block C1,AP-005,Building C Main Entrance,Entrance,2026-01-15 18:02:19,EMP-0397,Employee 397,EMPLOYEE,ACCESS_GRANTED,GRANTED,0,0,0,0,NORMAL,NORMAL,0
SEC-002283,F001,Smart Campus,B001,Building A,BLK-A2,Block A2,AP-002,Building A Side Entrance,Entrance,2026-01-15 18:08:51,EMP-0474,Employee 474,EMPLOYEE,ACCESS_GRANTED,GRANTED,0,0,0,0,NORMAL,NORMAL,0
SEC-002317,F001,Smart Campus,B001,Building A,BLK-A1,Block A1,AP-001,Building A Main Entrance,Entrance,2026-01-15 18:12:46,EMP-0364,Employee 364,EMPLOYEE,ACCESS_GRANTED,GRANTED,0,0,0,0,NORMAL,NORMAL,0
SEC-002183,F001,Smart Campus,B001,Building A,BLK-A1,Block A1,AP-001,Building A Main Entrance,Entrance,2026-01-15 18:15:44,VIS-0123,Visitor 123,VISITOR,UNAUTHORIZED_ACCESS,DENIED,0,1,0,0,SUSPICIOUS_ACCESS,HIGH,1
SEC-002232,F001,Smart Campus,B003,Building C,BLK-C1,Block C1,AP-005,Building C Main Entrance,Entrance,2026-01-15 18:19:27,EMP-0258,Employee 258,EMPLOYEE,ACCESS_GRANTED,GRANTED,0,0,0,0,NORMAL,NORMAL,0
SEC-002249,F001,Smart Campus,B002,Building B,BLK-B1,Block B1,AP-003,Building B Main Entrance,Entrance,2026-01-15 18:29:46,EMP-0004,Employee 4,EMPLOYEE,ACCESS_GRANTED,GRANTED,0,0,0,0,NORMAL,NORMAL,0
SEC-002250,F001,Smart Campus,B002,Building B,BLK-B2,Block B2,AP-004,Building B Service Door,Service Area,2026-01-15 18:35:35,CON-0077,Contractor 77,CONTRACTOR,ACCESS_GRANTED,GRANTED,0,0,0,0,NORMAL,NORMAL,0
SEC-002186,F001,Smart Campus,B001,Building A,BLK-A1,Block A1,AP-001,Building A Main Entrance,Entrance,2026-01-15 18:45:51,EMP-0476,Employee 476,EMPLOYEE,ACCESS_GRANTED,GRANTED,0,0,0,0,NORMAL,NORMAL,0
SEC-002314,F001,Smart Campus,B003,Building C,BLK-C1,Block C1,AP-006,Server Room Access,Restricted Area,2026-01-15 18:49:37,EMP-0346,Employee 346,EMPLOYEE,ACCESS_GRANTED,GRANTED,0,0,0,0,NORMAL,NORMAL,0
SEC-002204,F001,Smart Campus,B003,Building C,BLK-C1,Block C1,AP-005,Building C Main Entrance,Entrance,2026-01-15 18:50:30,EMP-0121,Employee 121,EMPLOYEE,ACCESS_GRANTED,GRANTED,0,0,0,0,NORMAL,NORMAL,0
SEC-002226,F001,Smart Campus,B002,Building B,BLK-B2,Block B2,AP-004,Building B Service Door,Service Area,2026-01-15 18:51:00,EMP-0175,Employee 175,EMPLOYEE,ACCESS_GRANTED,GRANTED,0,0,0,0,NORMAL,NORMAL,0
SEC-002295,F001,Smart Campus,B002,Building B,BLK-B2,Block B2,AP-004,Building B Service Door,Service Area,2026-01-15 18:53:09,EMP-0196,Employee 196,EMPLOYEE,ACCESS_GRANTED,GRANTED,0,0,0,0,NORMAL,NORMAL,0
SEC-002237,F001,Smart Campus,B003,Building C,BLK-C1,Block C1,AP-006,Server Room Access,Restricted Area,2026-01-15 18:56:47,CON-0102,Contractor 102,CONTRACTOR,ACCESS_GRANTED,GRANTED,0,0,0,0,NORMAL,NORMAL,0
SEC-002281,F001,Smart Campus,B002,Building B,BLK-B1,Block B1,AP-003,Building B Main Entrance,Entrance,2026-01-15 19:14:43,EMP-0145,Employee 145,EMPLOYEE,ACCESS_GRANTED,GRANTED,0,0,0,0,NORMAL,NORMAL,0
SEC-002323,F001,Smart Campus,B002,Building B,BLK-B1,Block B1,AP-003,Building B Main Entrance,Entrance,2026-01-15 19:14:52,EMP-0451,Employee 451,EMPLOYEE,ACCESS_GRANTED,GRANTED,0,0,0,0,NORMAL,NORMAL,0
SEC-002276,F001,Smart Campus,B003,Building C,BLK-C1,Block C1,AP-005,Building C Main Entrance,Entrance,2026-01-15 19:19:46,EMP-0127,Employee 127,EMPLOYEE,ACCESS_GRANTED,GRANTED,0,0,0,0,NORMAL,NORMAL,0
SEC-002300,F001,Smart Campus,B003,Building C,BLK-C1,Block C1,AP-006,Server Room Access,Restricted Area,2026-01-15 19:27:07,EMP-0210,Employee 210,EMPLOYEE,ACCESS_GRANTED,GRANTED,0,0,0,0,NORMAL,NORMAL,0
SEC-002202,F001,Smart Campus,B001,Building A,BLK-A1,Block A1,AP-001,Building A Main Entrance,Entrance,2026-01-15 19:31:07,EMP-0292,Employee 292,EMPLOYEE,ACCESS_GRANTED,GRANTED,0,0,0,0,NORMAL,NORMAL,0
SEC-002305,F001,Smart Campus,B002,Building B,BLK-B1,Block B1,AP-003,Building B Main Entrance,Entrance,2026-01-15 19:31:20,EMP-0255,Employee 255,EMPLOYEE,ACCESS_GRANTED,GRANTED,0,0,0,0,NORMAL,NORMAL,0
SEC-002290,F001,Smart Campus,B002,Building B,BLK-B1,Block B1,AP-003,Building B Main Entrance,Entrance,2026-01-15 19:43:03,VIS-0030,Visitor 30,VISITOR,ACCESS_GRANTED,GRANTED,0,0,0,0,NORMAL,NORMAL,0
SEC-002173,F001,Smart Campus,B003,Building C,BLK-C1,Block C1,AP-005,Building C Main Entrance,Entrance,2026-01-15 19:44:58,EMP-0323,Employee 323,EMPLOYEE,ACCESS_GRANTED,GRANTED,0,0,0,0,NORMAL,NORMAL,0
SEC-002198,F001,Smart Campus,B002,Building B,BLK-B2,Block B2,AP-004,Building B Service Door,Service Area,2026-01-15 19:46:33,EMP-0243,Employee 243,EMPLOYEE,ACCESS_GRANTED,GRANTED,0,0,0,0,NORMAL,NORMAL,0
SEC-002324,F001,Smart Campus,B001,Building A,BLK-A2,Block A2,AP-002,Building A Side Entrance,Entrance,2026-01-15 19:47:37,EMP-0423,Employee 423,EMPLOYEE,ACCESS_GRANTED,GRANTED,0,0,0,0,NORMAL,NORMAL,0
SEC-002271,F001,Smart Campus,B001,Building A,BLK-A1,Block A1,AP-001,Building A Main Entrance,Entrance,2026-01-15 19:48:38,VIS-0287,Visitor 287,VISITOR,ACCESS_GRANTED,GRANTED,0,0,0,0,NORMAL,NORMAL,0
SEC-002307,F001,Smart Campus,B002,Building B,BLK-B2,Block B2,AP-004,Building B Service Door,Service Area,2026-01-15 19:58:17,EMP-0136,Employee 136,EMPLOYEE,ACCESS_GRANTED,GRANTED,0,0,0,0,NORMAL,NORMAL,0
SEC-002188,F001,Smart Campus,B002,Building B,BLK-B1,Block B1,AP-003,Building B Main Entrance,Entrance,2026-01-15 20:00:30,EMP-0332,Employee 332,EMPLOYEE,ACCESS_GRANTED,GRANTED,0,0,0,0,NORMAL,NORMAL,0
SEC-002189,F001,Smart Campus,B001,Building A,BLK-A1,Block A1,AP-001,Building A Main Entrance,Entrance,2026-01-15 20:10:26,EMP-0066,Employee 66,EMPLOYEE,ACCESS_GRANTED,GRANTED,0,0,0,0,NORMAL,NORMAL,0
SEC-002218,F001,Smart Campus,B003,Building C,BLK-C1,Block C1,AP-006,Server Room Access,Restricted Area,2026-01-15 20:12:19,EMP-0203,Employee 203,EMPLOYEE,ACCESS_GRANTED,GRANTED,0,0,0,0,NORMAL,NORMAL,0
SEC-002256,F001,Smart Campus,B003,Building C,BLK-C1,Block C1,AP-005,Building C Main Entrance,Entrance,2026-01-15 20:21:46,EMP-0034,Employee 34,EMPLOYEE,ACCESS_GRANTED,GRANTED,0,0,0,0,NORMAL,NORMAL,0
SEC-002187,F001,Smart Campus,B003,Building C,BLK-C1,Block C1,AP-005,Building C Main Entrance,Entrance,2026-01-15 20:23:29,EMP-0255,Employee 255,EMPLOYEE,ACCESS_GRANTED,GRANTED,0,0,0,0,NORMAL,NORMAL,0
SEC-002208,F001,Smart Campus,B003,Building C,BLK-C1,Block C1,AP-006,Server Room Access,Restricted Area,2026-01-15 20:28:23,VIS-0029,Visitor 29,VISITOR,ACCESS_GRANTED,GRANTED,0,0,0,0,NORMAL,NORMAL,0
SEC-002292,F001,Smart Campus,B002,Building B,BLK-B2,Block B2,AP-004,Building B Service Door,Service Area,2026-01-15 20:33:07,EMP-0479,Employee 479,EMPLOYEE,ACCESS_GRANTED,GRANTED,0,0,0,0,NORMAL,NORMAL,0
SEC-002182,F001,Smart Campus,B002,Building B,BLK-B2,Block B2,AP-004,Building B Service Door,Service Area,2026-01-15 20:34:23,EMP-0056,Employee 56,EMPLOYEE,ACCESS_GRANTED,GRANTED,0,0,0,0,NORMAL,NORMAL,0
SEC-002303,F001,Smart Campus,B003,Building C,BLK-C1,Block C1,AP-005,Building C Main Entrance,Entrance,2026-01-15 20:42:19,CON-0047,Contractor 47,CONTRACTOR,ACCESS_GRANTED,GRANTED,0,0,0,0,NORMAL,NORMAL,0
SEC-002258,F001,Smart Campus,B003,Building C,BLK-C1,Block C1,AP-006,Server Room Access,Restricted Area,2026-01-15 20:43:11,EMP-0423,Employee 423,EMPLOYEE,ACCESS_GRANTED,GRANTED,0,0,0,0,NORMAL,NORMAL,0
SEC-002330,F001,Smart Campus,B002,Building B,BLK-B1,Block B1,AP-003,Building B Main Entrance,Entrance,2026-01-15 20:57:44,EMP-0077,Employee 77,EMPLOYEE,TAILGATING,GRANTED,0,0,0,1,TAILGATING,HIGH,1
SEC-002263,F001,Smart Campus,B001,Building A,BLK-A1,Block A1,AP-001,Building A Main Entrance,Entrance,2026-01-15 20:59:34,EMP-0411,Employee 411,EMPLOYEE,ACCESS_GRANTED,GRANTED,0,0,0,0,NORMAL,NORMAL,0
SEC-002287,F001,Smart Campus,B002,Building B,BLK-B1,Block B1,AP-003,Building B Main Entrance,Entrance,2026-01-15 21:03:44,EMP-0281,Employee 281,EMPLOYEE,ACCESS_DENIED,DENIED,1,0,0,0,NORMAL,MEDIUM,1
SEC-002319,F001,Smart Campus,B003,Building C,BLK-C1,Block C1,AP-006,Server Room Access,Restricted Area,2026-01-15 21:24:06,EMP-0471,Employee 471,EMPLOYEE,ACCESS_GRANTED,GRANTED,1,0,0,0,AFTER_HOURS_MOVEMENT,LOW,0
SEC-002241,F001,Smart Campus,B003,Building C,BLK-C1,Block C1,AP-006,Server Room Access,Restricted Area,2026-01-15 21:31:55,EMP-0021,Employee 21,EMPLOYEE,ACCESS_GRANTED,GRANTED,1,0,0,0,AFTER_HOURS_MOVEMENT,LOW,0
SEC-002197,F001,Smart Campus,B003,Building C,BLK-C1,Block C1,AP-005,Building C Main Entrance,Entrance,2026-01-15 21:51:18,EMP-0401,Employee 401,EMPLOYEE,ACCESS_GRANTED,GRANTED,1,0,0,0,AFTER_HOURS_MOVEMENT,LOW,0
SEC-002304,F001,Smart Campus,B001,Building A,BLK-A2,Block A2,AP-002,Building A Side Entrance,Entrance,2026-01-15 22:03:44,EMP-0343,Employee 343,EMPLOYEE,ACCESS_GRANTED,GRANTED,1,0,0,0,NORMAL,LOW,0
SEC-002206,F001,Smart Campus,B003,Building C,BLK-C1,Block C1,AP-005,Building C Main Entrance,Entrance,2026-01-15 23:12:18,EMP-0063,Employee 63,EMPLOYEE,ACCESS_GRANTED,GRANTED,1,0,0,0,NORMAL,LOW,0
SEC-002253,F001,Smart Campus,B001,Building A,BLK-A2,Block A2,AP-002,Building A Side Entrance,Entrance,2026-01-15 23:21:21,EMP-0419,Employee 419,EMPLOYEE,ACCESS_GRANTED,GRANTED,1,0,0,0,AFTER_HOURS_MOVEMENT,LOW,0
SEC-002442,F001,Smart Campus,B001,Building A,BLK-A1,Block A1,AP-001,Building A Main Entrance,Entrance,2026-01-16 01:14:07,EMP-0240,Employee 240,EMPLOYEE,ACCESS_GRANTED,GRANTED,1,0,0,0,NORMAL,LOW,0
SEC-002341,F001,Smart Campus,B003,Building C,BLK-C1,Block C1,AP-005,Building C Main Entrance,Entrance,2026-01-16 01:27:50,VIS-0194,Visitor 194,VISITOR,ACCESS_GRANTED,GRANTED,1,0,0,0,NORMAL,LOW,0
SEC-002457,F001,Smart Campus,B001,Building A,BLK-A1,Block A1,AP-001,Building A Main Entrance,Entrance,2026-01-16 01:48:54,EMP-0466,Employee 466,EMPLOYEE,ACCESS_GRANTED,GRANTED,1,0,0,0,NORMAL,LOW,0
SEC-002445,F001,Smart Campus,B002,Building B,BLK-B2,Block B2,AP-004,Building B Service Door,Service Area,2026-01-16 02:27:28,EMP-0009,Employee 9,EMPLOYEE,ACCESS_GRANTED,GRANTED,1,0,0,0,NORMAL,LOW,0
SEC-002451,F001,Smart Campus,B001,Building A,BLK-A2,Block A2,AP-002,Building A Side Entrance,Entrance,2026-01-16 02:35:11,EMP-0061,Employee 61,EMPLOYEE,ACCESS_GRANTED,GRANTED,1,0,0,0,AFTER_HOURS_MOVEMENT,LOW,0
SEC-002369,F001,Smart Campus,B002,Building B,BLK-B2,Block B2,AP-004,Building B Service Door,Service Area,2026-01-16 02:38:52,EMP-0402,Employee 402,EMPLOYEE,ACCESS_GRANTED,GRANTED,1,0,0,0,AFTER_HOURS_MOVEMENT,LOW,0
SEC-002349,F001,Smart Campus,B001,Building A,BLK-A2,Block A2,AP-002,Building A Side Entrance,Entrance,2026-01-16 02:54:15,EMP-0283,Employee 283,EMPLOYEE,ACCESS_GRANTED,GRANTED,1,0,0,0,NORMAL,LOW,0
SEC-002375,F001,Smart Campus,B003,Building C,BLK-C1,Block C1,AP-006,Server Room Access,Restricted Area,2026-01-16 03:21:22,CON-0109,Contractor 109,CONTRACTOR,ACCESS_GRANTED,GRANTED,1,0,0,0,NORMAL,LOW,0
SEC-002393,F001,Smart Campus,B002,Building B,BLK-B1,Block B1,AP-003,Building B Main Entrance,Entrance,2026-01-16 03:37:13,VIS-0296,Visitor 296,VISITOR,ACCESS_GRANTED,GRANTED,1,0,0,0,AFTER_HOURS_MOVEMENT,LOW,0
SEC-002410,F001,Smart Campus,B003,Building C,BLK-C1,Block C1,AP-006,Server Room Access,Restricted Area,2026-01-16 03:45:14,EMP-0162,Employee 162,EMPLOYEE,ACCESS_GRANTED,GRANTED,1,0,0,0,NORMAL,LOW,0
SEC-002413,F001,Smart Campus,B001,Building A,BLK-A2,Block A2,AP-002,Building A Side Entrance,Entrance,2026-01-16 04:13:03,EMP-0434,Employee 434,EMPLOYEE,ACCESS_GRANTED,GRANTED,1,0,0,0,NORMAL,LOW,0
SEC-002436,F001,Smart Campus,B001,Building A,BLK-A2,Block A2,AP-002,Building A Side Entrance,Entrance,2026-01-16 04:33:15,EMP-0112,Employee 112,EMPLOYEE,ACCESS_GRANTED,GRANTED,1,0,0,0,NORMAL,LOW,0
SEC-002424,F001,Smart Campus,B001,Building A,BLK-A1,Block A1,AP-001,Building A Main Entrance,Entrance,2026-01-16 04:38:46,EMP-0045,Employee 45,EMPLOYEE,ACCESS_GRANTED,GRANTED,1,0,0,0,NORMAL,LOW,0
SEC-002467,F001,Smart Campus,B001,Building A,BLK-A2,Block A2,AP-002,Building A Side Entrance,Entrance,2026-01-16 04:57:00,CON-0041,Contractor 41,CONTRACTOR,ACCESS_GRANTED,GRANTED,1,0,0,0,NORMAL,LOW,0
SEC-002340,F001,Smart Campus,B003,Building C,BLK-C1,Block C1,AP-006,Server Room Access,Restricted Area,2026-01-16 04:58:25,EMP-0250,Employee 250,EMPLOYEE,ACCESS_GRANTED,GRANTED,1,0,0,0,NORMAL,LOW,0
SEC-002394,F001,Smart Campus,B001,Building A,BLK-A2,Block A2,AP-002,Building A Side Entrance,Entrance,2026-01-16 05:03:59,EMP-0107,Employee 107,EMPLOYEE,ACCESS_GRANTED,GRANTED,1,0,0,0,AFTER_HOURS_MOVEMENT,LOW,0
SEC-002347,F001,Smart Campus,B003,Building C,BLK-C1,Block C1,AP-005,Building C Main Entrance,Entrance,2026-01-16 05:25:50,EMP-0222,Employee 222,EMPLOYEE,ACCESS_GRANTED,GRANTED,1,0,0,0,NORMAL,LOW,0
SEC-002351,F001,Smart Campus,B001,Building A,BLK-A1,Block A1,AP-001,Building A Main Entrance,Entrance,2026-01-16 05:58:31,VIS-0109,Visitor 109,VISITOR,ACCESS_GRANTED,GRANTED,1,0,0,0,NORMAL,LOW,0
SEC-002365,F001,Smart Campus,B003,Building C,BLK-C1,Block C1,AP-006,Server Room Access,Restricted Area,2026-01-16 06:59:23,VIS-0222,Visitor 222,VISITOR,ACCESS_GRANTED,GRANTED,1,0,0,0,NORMAL,LOW,0
SEC-002401,F001,Smart Campus,B003,Building C,BLK-C1,Block C1,AP-006,Server Room Access,Restricted Area,2026-01-16 07:29:40,EMP-0471,Employee 471,EMPLOYEE,ACCESS_GRANTED,GRANTED,0,0,0,0,NORMAL,NORMAL,0
SEC-002354,F001,Smart Campus,B001,Building A,BLK-A1,Block A1,AP-001,Building A Main Entrance,Entrance,2026-01-16 07:31:17,CON-0026,Contractor 26,CONTRACTOR,ACCESS_GRANTED,GRANTED,0,0,0,0,NORMAL,NORMAL,0
SEC-002414,F001,Smart Campus,B003,Building C,BLK-C1,Block C1,AP-005,Building C Main Entrance,Entrance,2026-01-16 07:39:49,EMP-0327,Employee 327,EMPLOYEE,ACCESS_GRANTED,GRANTED,0,0,0,0,NORMAL,NORMAL,0
SEC-002461,F001,Smart Campus,B001,Building A,BLK-A2,Block A2,AP-002,Building A Side Entrance,Entrance,2026-01-16 07:39:58,EMP-0302,Employee 302,EMPLOYEE,ACCESS_GRANTED,GRANTED,0,0,0,0,NORMAL,NORMAL,0
SEC-002433,F001,Smart Campus,B002,Building B,BLK-B2,Block B2,AP-004,Building B Service Door,Service Area,2026-01-16 07:53:07,EMP-0179,Employee 179,EMPLOYEE,ACCESS_GRANTED,GRANTED,0,0,0,0,NORMAL,NORMAL,0
SEC-002402,F001,Smart Campus,B001,Building A,BLK-A2,Block A2,AP-002,Building A Side Entrance,Entrance,2026-01-16 07:54:40,EMP-0452,Employee 452,EMPLOYEE,ACCESS_GRANTED,GRANTED,0,0,0,0,NORMAL,NORMAL,0
SEC-002439,F001,Smart Campus,B003,Building C,BLK-C1,Block C1,AP-006,Server Room Access,Restricted Area,2026-01-16 07:55:55,EMP-0373,Employee 373,EMPLOYEE,ACCESS_GRANTED,GRANTED,0,0,0,0,NORMAL,NORMAL,0
SEC-002399,F001,Smart Campus,B003,Building C,BLK-C1,Block C1,AP-006,Server Room Access,Restricted Area,2026-01-16 08:02:00,EMP-0428,Employee 428,EMPLOYEE,ACCESS_GRANTED,GRANTED,0,0,0,0,NORMAL,NORMAL,0
SEC-002364,F001,Smart Campus,B001,Building A,BLK-A2,Block A2,AP-002,Building A Side Entrance,Entrance,2026-01-16 08:25:43,VIS-0159,Visitor 159,VISITOR,ACCESS_GRANTED,GRANTED,0,0,0,0,NORMAL,NORMAL,0
SEC-002398,F001,Smart Campus,B001,Building A,BLK-A1,Block A1,AP-001,Building A Main Entrance,Entrance,2026-01-16 08:26:43,EMP-0091,Employee 91,EMPLOYEE,ACCESS_GRANTED,GRANTED,0,0,0,0,NORMAL,NORMAL,0
SEC-002339,F001,Smart Campus,B002,Building B,BLK-B1,Block B1,AP-003,Building B Main Entrance,Entrance,2026-01-16 09:02:19,VIS-0116,Visitor 116,VISITOR,ACCESS_GRANTED,GRANTED,0,0,0,0,NORMAL,NORMAL,0
SEC-002468,F001,Smart Campus,B001,Building A,BLK-A1,Block A1,AP-001,Building A Main Entrance,Entrance,2026-01-16 09:05:23,EMP-0101,Employee 101,EMPLOYEE,ACCESS_DENIED,DENIED,0,0,0,0,NORMAL,MEDIUM,1
SEC-002360,F001,Smart Campus,B001,Building A,BLK-A1,Block A1,AP-001,Building A Main Entrance,Entrance,2026-01-16 09:13:45,EMP-0446,Employee 446,EMPLOYEE,ACCESS_GRANTED,GRANTED,0,0,0,0,NORMAL,NORMAL,0
SEC-002390,F001,Smart Campus,B001,Building A,BLK-A1,Block A1,AP-001,Building A Main Entrance,Entrance,2026-01-16 09:15:43,EMP-0354,Employee 354,EMPLOYEE,ACCESS_GRANTED,GRANTED,0,0,0,0,NORMAL,NORMAL,0
SEC-002453,F001,Smart Campus,B001,Building A,BLK-A1,Block A1,AP-001,Building A Main Entrance,Entrance,2026-01-16 09:19:02,EMP-0033,Employee 33,EMPLOYEE,ACCESS_GRANTED,GRANTED,0,0,0,0,NORMAL,NORMAL,0
SEC-002370,F001,Smart Campus,B002,Building B,BLK-B2,Block B2,AP-004,Building B Service Door,Service Area,2026-01-16 09:19:26,VIS-0222,Visitor 222,VISITOR,ACCESS_GRANTED,GRANTED,0,0,0,0,NORMAL,NORMAL,0
SEC-002404,F001,Smart Campus,B002,Building B,BLK-B2,Block B2,AP-004,Building B Service Door,Service Area,2026-01-16 09:21:32,EMP-0218,Employee 218,EMPLOYEE,ACCESS_GRANTED,GRANTED,0,0,0,0,NORMAL,NORMAL,0
SEC-002373,F001,Smart Campus,B003,Building C,BLK-C1,Block C1,AP-006,Server Room Access,Restricted Area,2026-01-16 09:36:25,EMP-0039,Employee 39,EMPLOYEE,ACCESS_GRANTED,GRANTED,0,0,0,0,NORMAL,NORMAL,0
SEC-002441,F001,Smart Campus,B001,Building A,BLK-A1,Block A1,AP-001,Building A Main Entrance,Entrance,2026-01-16 09:43:47,VIS-0096,Visitor 96,VISITOR,ACCESS_GRANTED,GRANTED,0,0,0,0,NORMAL,NORMAL,0
SEC-002350,F001,Smart Campus,B001,Building A,BLK-A1,Block A1,AP-001,Building A Main Entrance,Entrance,2026-01-16 09:45:19,EMP-0398,Employee 398,EMPLOYEE,ACCESS_GRANTED,GRANTED,0,0,0,0,NORMAL,NORMAL,0
SEC-002469,F001,Smart Campus,B002,Building B,BLK-B2,Block B2,AP-004,Building B Service Door,Service Area,2026-01-16 09:51:55,EMP-0215,Employee 215,EMPLOYEE,ACCESS_GRANTED,GRANTED,0,0,0,0,NORMAL,NORMAL,0
SEC-002334,F001,Smart Campus,B001,Building A,BLK-A1,Block A1,AP-001,Building A Main Entrance,Entrance,2026-01-16 10:00:52,CON-0135,Contractor 135,CONTRACTOR,ACCESS_GRANTED,GRANTED,0,0,0,0,NORMAL,NORMAL,0
SEC-002371,F001,Smart Campus,B002,Building B,BLK-B1,Block B1,AP-003,Building B Main Entrance,Entrance,2026-01-16 10:05:34,EMP-0291,Employee 291,EMPLOYEE,ACCESS_GRANTED,GRANTED,0,0,0,0,NORMAL,NORMAL,0
SEC-002406,F001,Smart Campus,B002,Building B,BLK-B2,Block B2,AP-004,Building B Service Door,Service Area,2026-01-16 10:11:45,EMP-0194,Employee 194,EMPLOYEE,ACCESS_GRANTED,GRANTED,0,0,0,0,NORMAL,NORMAL,0
SEC-002403,F001,Smart Campus,B001,Building A,BLK-A1,Block A1,AP-001,Building A Main Entrance,Entrance,2026-01-16 10:12:34,VIS-0112,Visitor 112,VISITOR,ACCESS_GRANTED,GRANTED,0,0,0,0,NORMAL,NORMAL,0
SEC-002452,F001,Smart Campus,B001,Building A,BLK-A2,Block A2,AP-002,Building A Side Entrance,Entrance,2026-01-16 10:16:01,EMP-0101,Employee 101,EMPLOYEE,ACCESS_GRANTED,GRANTED,0,0,0,0,NORMAL,NORMAL,0
SEC-002397,F001,Smart Campus,B002,Building B,BLK-B2,Block B2,AP-004,Building B Service Door,Service Area,2026-01-16 10:36:44,VIS-0162,Visitor 162,VISITOR,ACCESS_GRANTED,GRANTED,0,0,0,0,NORMAL,NORMAL,0
SEC-002332,F001,Smart Campus,B002,Building B,BLK-B1,Block B1,AP-003,Building B Main Entrance,Entrance,2026-01-16 10:38:41,EMP-0292,Employee 292,EMPLOYEE,ACCESS_GRANTED,GRANTED,0,0,0,0,NORMAL,NORMAL,0
SEC-002417,F001,Smart Campus,B002,Building B,BLK-B2,Block B2,AP-004,Building B Service Door,Service Area,2026-01-16 10:42:42,EMP-0256,Employee 256,EMPLOYEE,ACCESS_GRANTED,GRANTED,0,0,0,0,NORMAL,NORMAL,0
SEC-002385,F001,Smart Campus,B003,Building C,BLK-C1,Block C1,AP-005,Building C Main Entrance,Entrance,2026-01-16 10:46:08,EMP-0166,Employee 166,EMPLOYEE,ACCESS_GRANTED,GRANTED,0,0,0,0,NORMAL,NORMAL,0
SEC-002352,F001,Smart Campus,B002,Building B,BLK-B1,Block B1,AP-003,Building B Main Entrance,Entrance,2026-01-16 10:52:40,EMP-0335,Employee 335,EMPLOYEE,ACCESS_GRANTED,GRANTED,0,0,0,0,NORMAL,NORMAL,0
SEC-002389,F001,Smart Campus,B002,Building B,BLK-B2,Block B2,AP-004,Building B Service Door,Service Area,2026-01-16 11:17:00,EMP-0404,Employee 404,EMPLOYEE,ACCESS_GRANTED,GRANTED,0,0,0,0,NORMAL,NORMAL,0
SEC-002427,F001,Smart Campus,B001,Building A,BLK-A1,Block A1,AP-001,Building A Main Entrance,Entrance,2026-01-16 11:17:03,VIS-0277,Visitor 277,VISITOR,ACCESS_GRANTED,GRANTED,0,0,0,0,NORMAL,NORMAL,0
SEC-002418,F001,Smart Campus,B002,Building B,BLK-B2,Block B2,AP-004,Building B Service Door,Service Area,2026-01-16 11:19:25,EMP-0201,Employee 201,EMPLOYEE,ACCESS_GRANTED,GRANTED,0,0,0,0,NORMAL,NORMAL,0
SEC-002362,F001,Smart Campus,B001,Building A,BLK-A1,Block A1,AP-001,Building A Main Entrance,Entrance,2026-01-16 11:32:16,CON-0090,Contractor 90,CONTRACTOR,ACCESS_GRANTED,GRANTED,0,0,0,0,NORMAL,NORMAL,0
SEC-002392,F001,Smart Campus,B001,Building A,BLK-A2,Block A2,AP-002,Building A Side Entrance,Entrance,2026-01-16 11:35:59,EMP-0240,Employee 240,EMPLOYEE,ACCESS_GRANTED,GRANTED,0,0,0,0,NORMAL,NORMAL,0
SEC-002456,F001,Smart Campus,B003,Building C,BLK-C1,Block C1,AP-006,Server Room Access,Restricted Area,2026-01-16 11:40:19,EMP-0042,Employee 42,EMPLOYEE,ACCESS_GRANTED,GRANTED,0,0,0,0,NORMAL,NORMAL,0
SEC-002338,F001,Smart Campus,B002,Building B,BLK-B2,Block B2,AP-004,Building B Service Door,Service Area,2026-01-16 11:43:25,EMP-0092,Employee 92,EMPLOYEE,ACCESS_GRANTED,GRANTED,0,0,0,0,NORMAL,NORMAL,0
SEC-002368,F001,Smart Campus,B001,Building A,BLK-A2,Block A2,AP-002,Building A Side Entrance,Entrance,2026-01-16 11:47:17,EMP-0003,Employee 3,EMPLOYEE,ACCESS_GRANTED,GRANTED,0,0,0,0,NORMAL,NORMAL,0
SEC-002378,F001,Smart Campus,B003,Building C,BLK-C1,Block C1,AP-006,Server Room Access,Restricted Area,2026-01-16 11:55:27,CON-0079,Contractor 79,CONTRACTOR,ACCESS_GRANTED,GRANTED,0,0,0,0,NORMAL,NORMAL,0
SEC-002426,F001,Smart Campus,B002,Building B,BLK-B1,Block B1,AP-003,Building B Main Entrance,Entrance,2026-01-16 11:56:01,VIS-0185,Visitor 185,VISITOR,ACCESS_GRANTED,GRANTED,0,0,0,0,NORMAL,NORMAL,0
SEC-002447,F001,Smart Campus,B001,Building A,BLK-A1,Block A1,AP-001,Building A Main Entrance,Entrance,2026-01-16 12:01:28,EMP-0164,Employee 164,EMPLOYEE,UNAUTHORIZED_ACCESS,DENIED,0,1,0,0,SUSPICIOUS_ACCESS,HIGH,1
SEC-002367,F001,Smart Campus,B001,Building A,BLK-A2,Block A2,AP-002,Building A Side Entrance,Entrance,2026-01-16 12:03:18,EMP-0276,Employee 276,EMPLOYEE,ACCESS_GRANTED,GRANTED,0,0,0,0,NORMAL,NORMAL,0
SEC-002459,F001,Smart Campus,B002,Building B,BLK-B2,Block B2,AP-004,Building B Service Door,Service Area,2026-01-16 12:04:59,VIS-0239,Visitor 239,VISITOR,ACCESS_GRANTED,GRANTED,0,0,0,0,NORMAL,NORMAL,0
SEC-002458,F001,Smart Campus,B001,Building A,BLK-A1,Block A1,AP-001,Building A Main Entrance,Entrance,2026-01-16 12:08:17,EMP-0378,Employee 378,EMPLOYEE,ACCESS_GRANTED,GRANTED,0,0,0,0,NORMAL,NORMAL,0
SEC-002431,F001,Smart Campus,B001,Building A,BLK-A2,Block A2,AP-002,Building A Side Entrance,Entrance,2026-01-16 12:09:13,EMP-0100,Employee 100,EMPLOYEE,ACCESS_GRANTED,GRANTED,0,0,0,0,NORMAL,NORMAL,0
SEC-002386,F001,Smart Campus,B001,Building A,BLK-A1,Block A1,AP-001,Building A Main Entrance,Entrance,2026-01-16 12:20:54,EMP-0270,Employee 270,EMPLOYEE,ACCESS_GRANTED,GRANTED,0,0,0,0,NORMAL,NORMAL,0
SEC-002420,F001,Smart Campus,B003,Building C,BLK-C1,Block C1,AP-006,Server Room Access,Restricted Area,2026-01-16 12:21:37,EMP-0404,Employee 404,EMPLOYEE,ACCESS_GRANTED,GRANTED,0,0,0,0,NORMAL,NORMAL,0
SEC-002434,F001,Smart Campus,B002,Building B,BLK-B2,Block B2,AP-004,Building B Service Door,Service Area,2026-01-16 12:25:57,EMP-0353,Employee 353,EMPLOYEE,UNAUTHORIZED_ACCESS,DENIED,0,1,0,0,SUSPICIOUS_ACCESS,HIGH,1
SEC-002462,F001,Smart Campus,B002,Building B,BLK-B2,Block B2,AP-004,Building B Service Door,Service Area,2026-01-16 12:45:32,EMP-0235,Employee 235,EMPLOYEE,ACCESS_GRANTED,GRANTED,0,0,0,0,NORMAL,NORMAL,0
SEC-002383,F001,Smart Campus,B001,Building A,BLK-A1,Block A1,AP-001,Building A Main Entrance,Entrance,2026-01-16 12:46:50,EMP-0424,Employee 424,EMPLOYEE,ACCESS_GRANTED,GRANTED,0,0,0,0,NORMAL,NORMAL,0
SEC-002405,F001,Smart Campus,B002,Building B,BLK-B2,Block B2,AP-004,Building B Service Door,Service Area,2026-01-16 13:07:30,EMP-0337,Employee 337,EMPLOYEE,ACCESS_GRANTED,GRANTED,0,0,0,0,NORMAL,NORMAL,0
SEC-002384,F001,Smart Campus,B001,Building A,BLK-A2,Block A2,AP-002,Building A Side Entrance,Entrance,2026-01-16 13:21:27,EMP-0324,Employee 324,EMPLOYEE,ACCESS_GRANTED,GRANTED,0,0,0,0,NORMAL,NORMAL,0
SEC-002428,F001,Smart Campus,B003,Building C,BLK-C1,Block C1,AP-005,Building C Main Entrance,Entrance,2026-01-16 13:37:47,EMP-0241,Employee 241,EMPLOYEE,ACCESS_GRANTED,GRANTED,0,0,0,0,NORMAL,NORMAL,0
SEC-002464,F001,Smart Campus,B001,Building A,BLK-A2,Block A2,AP-002,Building A Side Entrance,Entrance,2026-01-16 13:42:27,EMP-0311,Employee 311,EMPLOYEE,ACCESS_GRANTED,GRANTED,0,0,0,0,NORMAL,NORMAL,0
SEC-002440,F001,Smart Campus,B001,Building A,BLK-A2,Block A2,AP-002,Building A Side Entrance,Entrance,2026-01-16 13:42:43,EMP-0192,Employee 192,EMPLOYEE,ACCESS_GRANTED,GRANTED,0,0,0,0,NORMAL,NORMAL,0
SEC-002422,F001,Smart Campus,B002,Building B,BLK-B1,Block B1,AP-003,Building B Main Entrance,Entrance,2026-01-16 13:58:34,VIS-0085,Visitor 85,VISITOR,ACCESS_GRANTED,GRANTED,0,0,0,0,NORMAL,NORMAL,0
SEC-002438,F001,Smart Campus,B002,Building B,BLK-B2,Block B2,AP-004,Building B Service Door,Service Area,2026-01-16 14:09:34,CON-0009,Contractor 9,CONTRACTOR,ACCESS_GRANTED,GRANTED,0,0,0,0,NORMAL,NORMAL,0
SEC-002465,F001,Smart Campus,B002,Building B,BLK-B1,Block B1,AP-003,Building B Main Entrance,Entrance,2026-01-16 14:15:37,EMP-0164,Employee 164,EMPLOYEE,ACCESS_GRANTED,GRANTED,0,0,0,0,NORMAL,NORMAL,0
SEC-002437,F001,Smart Campus,B002,Building B,BLK-B1,Block B1,AP-003,Building B Main Entrance,Entrance,2026-01-16 14:19:27,EMP-0059,Employee 59,EMPLOYEE,ACCESS_GRANTED,GRANTED,0,0,0,0,NORMAL,NORMAL,0
SEC-002391,F001,Smart Campus,B003,Building C,BLK-C1,Block C1,AP-006,Server Room Access,Restricted Area,2026-01-16 14:27:22,EMP-0226,Employee 226,EMPLOYEE,ACCESS_GRANTED,GRANTED,0,0,0,0,NORMAL,NORMAL,0
SEC-002448,F001,Smart Campus,B003,Building C,BLK-C1,Block C1,AP-005,Building C Main Entrance,Entrance,2026-01-16 14:28:03,EMP-0255,Employee 255,EMPLOYEE,ACCESS_GRANTED,GRANTED,0,0,0,0,NORMAL,NORMAL,0
SEC-002380,F001,Smart Campus,B002,Building B,BLK-B2,Block B2,AP-004,Building B Service Door,Service Area,2026-01-16 14:36:46,VIS-0025,Visitor 25,VISITOR,ACCESS_DENIED,DENIED,0,0,0,0,NORMAL,MEDIUM,1
SEC-002429,F001,Smart Campus,B001,Building A,BLK-A2,Block A2,AP-002,Building A Side Entrance,Entrance,2026-01-16 14:38:50,EMP-0497,Employee 497,EMPLOYEE,ACCESS_GRANTED,GRANTED,0,0,0,0,NORMAL,NORMAL,0
SEC-002336,F001,Smart Campus,B003,Building C,BLK-C1,Block C1,AP-006,Server Room Access,Restricted Area,2026-01-16 14:41:22,EMP-0401,Employee 401,EMPLOYEE,ACCESS_GRANTED,GRANTED,0,0,0,0,NORMAL,NORMAL,0
SEC-002416,F001,Smart Campus,B003,Building C,BLK-C1,Block C1,AP-005,Building C Main Entrance,Entrance,2026-01-16 14:51:27,EMP-0342,Employee 342,EMPLOYEE,ACCESS_GRANTED,GRANTED,0,0,0,0,NORMAL,NORMAL,0
SEC-002374,F001,Smart Campus,B002,Building B,BLK-B2,Block B2,AP-004,Building B Service Door,Service Area,2026-01-16 15:13:20,EMP-0232,Employee 232,EMPLOYEE,ACCESS_GRANTED,GRANTED,0,0,0,0,NORMAL,NORMAL,0
SEC-002466,F001,Smart Campus,B001,Building A,BLK-A2,Block A2,AP-002,Building A Side Entrance,Entrance,2026-01-16 15:46:35,EMP-0233,Employee 233,EMPLOYEE,ACCESS_GRANTED,GRANTED,0,0,0,0,NORMAL,NORMAL,0
SEC-002342,F001,Smart Campus,B003,Building C,BLK-C1,Block C1,AP-006,Server Room Access,Restricted Area,2026-01-16 15:47:53,VIS-0185,Visitor 185,VISITOR,ACCESS_GRANTED,GRANTED,0,0,0,0,NORMAL,NORMAL,0
SEC-002411,F001,Smart Campus,B001,Building A,BLK-A2,Block A2,AP-002,Building A Side Entrance,Entrance,2026-01-16 16:10:11,CON-0033,Contractor 33,CONTRACTOR,ACCESS_GRANTED,GRANTED,0,0,0,0,NORMAL,NORMAL,0
SEC-002376,F001,Smart Campus,B003,Building C,BLK-C1,Block C1,AP-005,Building C Main Entrance,Entrance,2026-01-16 16:22:45,VIS-0276,Visitor 276,VISITOR,ACCESS_GRANTED,GRANTED,0,0,0,0,NORMAL,NORMAL,0
SEC-002344,F001,Smart Campus,B003,Building C,BLK-C1,Block C1,AP-005,Building C Main Entrance,Entrance,2026-01-16 16:28:34,EMP-0163,Employee 163,EMPLOYEE,ACCESS_GRANTED,GRANTED,0,0,0,0,NORMAL,NORMAL,0
SEC-002381,F001,Smart Campus,B002,Building B,BLK-B2,Block B2,AP-004,Building B Service Door,Service Area,2026-01-16 16:48:03,EMP-0318,Employee 318,EMPLOYEE,ACCESS_GRANTED,GRANTED,0,0,0,0,NORMAL,NORMAL,0
SEC-002337,F001,Smart Campus,B001,Building A,BLK-A1,Block A1,AP-001,Building A Main Entrance,Entrance,2026-01-16 16:48:06,EMP-0023,Employee 23,EMPLOYEE,ACCESS_GRANTED,GRANTED,0,0,0,0,NORMAL,NORMAL,0
SEC-002361,F001,Smart Campus,B001,Building A,BLK-A2,Block A2,AP-002,Building A Side Entrance,Entrance,2026-01-16 16:50:01,EMP-0358,Employee 358,EMPLOYEE,ACCESS_GRANTED,GRANTED,0,0,0,0,NORMAL,NORMAL,0
SEC-002423,F001,Smart Campus,B001,Building A,BLK-A2,Block A2,AP-002,Building A Side Entrance,Entrance,2026-01-16 17:15:16,EMP-0449,Employee 449,EMPLOYEE,ACCESS_GRANTED,GRANTED,0,0,0,0,NORMAL,NORMAL,0
SEC-002415,F001,Smart Campus,B001,Building A,BLK-A2,Block A2,AP-002,Building A Side Entrance,Entrance,2026-01-16 17:23:02,EMP-0345,Employee 345,EMPLOYEE,ACCESS_GRANTED,GRANTED,0,0,0,0,NORMAL,NORMAL,0
SEC-002377,F001,Smart Campus,B001,Building A,BLK-A2,Block A2,AP-002,Building A Side Entrance,Entrance,2026-01-16 17:24:57,EMP-0063,Employee 63,EMPLOYEE,ACCESS_GRANTED,GRANTED,0,0,0,0,NORMAL,NORMAL,0
SEC-002382,F001,Smart Campus,B001,Building A,BLK-A1,Block A1,AP-001,Building A Main Entrance,Entrance,2026-01-16 17:29:10,EMP-0066,Employee 66,EMPLOYEE,ACCESS_GRANTED,GRANTED,0,0,0,0,NORMAL,NORMAL,0
SEC-002419,F001,Smart Campus,B003,Building C,BLK-C1,Block C1,AP-006,Server Room Access,Restricted Area,2026-01-16 17:36:40,EMP-0266,Employee 266,EMPLOYEE,ACCESS_GRANTED,GRANTED,0,0,0,0,NORMAL,NORMAL,0
SEC-002353,F001,Smart Campus,B003,Building C,BLK-C1,Block C1,AP-005,Building C Main Entrance,Entrance,2026-01-16 17:38:54,EMP-0369,Employee 369,EMPLOYEE,ACCESS_GRANTED,GRANTED,0,0,0,0,NORMAL,NORMAL,0
SEC-002331,F001,Smart Campus,B001,Building A,BLK-A2,Block A2,AP-002,Building A Side Entrance,Entrance,2026-01-16 17:40:30,EMP-0081,Employee 81,EMPLOYEE,ACCESS_GRANTED,GRANTED,0,0,0,0,NORMAL,NORMAL,0
SEC-002356,F001,Smart Campus,B003,Building C,BLK-C1,Block C1,AP-005,Building C Main Entrance,Entrance,2026-01-16 17:46:40,VIS-0196,Visitor 196,VISITOR,ACCESS_GRANTED,GRANTED,0,0,0,0,NORMAL,NORMAL,0
SEC-002366,F001,Smart Campus,B001,Building A,BLK-A2,Block A2,AP-002,Building A Side Entrance,Entrance,2026-01-16 17:47:59,EMP-0329,Employee 329,EMPLOYEE,ACCESS_GRANTED,GRANTED,0,0,0,0,NORMAL,NORMAL,0
SEC-002343,F001,Smart Campus,B001,Building A,BLK-A1,Block A1,AP-001,Building A Main Entrance,Entrance,2026-01-16 17:51:59,EMP-0329,Employee 329,EMPLOYEE,ACCESS_GRANTED,GRANTED,0,0,0,0,NORMAL,NORMAL,0
SEC-002379,F001,Smart Campus,B002,Building B,BLK-B2,Block B2,AP-004,Building B Service Door,Service Area,2026-01-16 17:59:34,EMP-0221,Employee 221,EMPLOYEE,ACCESS_GRANTED,GRANTED,0,0,0,0,NORMAL,NORMAL,0
SEC-002454,F001,Smart Campus,B002,Building B,BLK-B2,Block B2,AP-004,Building B Service Door,Service Area,2026-01-16 18:05:29,EMP-0202,Employee 202,EMPLOYEE,ACCESS_GRANTED,GRANTED,0,0,0,0,NORMAL,NORMAL,0
SEC-002348,F001,Smart Campus,B001,Building A,BLK-A2,Block A2,AP-002,Building A Side Entrance,Entrance,2026-01-16 18:10:30,CON-0088,Contractor 88,CONTRACTOR,ACCESS_GRANTED,GRANTED,0,0,0,0,NORMAL,NORMAL,0
SEC-002449,F001,Smart Campus,B001,Building A,BLK-A1,Block A1,AP-001,Building A Main Entrance,Entrance,2026-01-16 18:14:01,EMP-0202,Employee 202,EMPLOYEE,ACCESS_GRANTED,GRANTED,0,0,0,0,NORMAL,NORMAL,0
SEC-002460,F001,Smart Campus,B003,Building C,BLK-C1,Block C1,AP-005,Building C Main Entrance,Entrance,2026-01-16 18:22:14,EMP-0259,Employee 259,EMPLOYEE,ACCESS_GRANTED,GRANTED,0,0,0,0,NORMAL,NORMAL,0
SEC-002363,F001,Smart Campus,B003,Building C,BLK-C1,Block C1,AP-006,Server Room Access,Restricted Area,2026-01-16 18:29:41,EMP-0200,Employee 200,EMPLOYEE,UNAUTHORIZED_ACCESS,DENIED,0,1,0,0,SUSPICIOUS_ACCESS,HIGH,1
SEC-002463,F001,Smart Campus,B003,Building C,BLK-C1,Block C1,AP-006,Server Room Access,Restricted Area,2026-01-16 18:30:57,EMP-0009,Employee 9,EMPLOYEE,ACCESS_GRANTED,GRANTED,0,0,0,0,NORMAL,NORMAL,0
SEC-002444,F001,Smart Campus,B002,Building B,BLK-B2,Block B2,AP-004,Building B Service Door,Service Area,2026-01-16 18:34:26,EMP-0488,Employee 488,EMPLOYEE,ACCESS_GRANTED,GRANTED,0,0,0,0,NORMAL,NORMAL,0
SEC-002355,F001,Smart Campus,B001,Building A,BLK-A1,Block A1,AP-001,Building A Main Entrance,Entrance,2026-01-16 18:37:05,EMP-0339,Employee 339,EMPLOYEE,ACCESS_GRANTED,GRANTED,0,0,0,0,NORMAL,NORMAL,0
SEC-002359,F001,Smart Campus,B001,Building A,BLK-A1,Block A1,AP-001,Building A Main Entrance,Entrance,2026-01-16 18:46:38,EMP-0241,Employee 241,EMPLOYEE,ACCESS_GRANTED,GRANTED,0,0,0,0,NORMAL,NORMAL,0
SEC-002425,F001,Smart Campus,B003,Building C,BLK-C1,Block C1,AP-005,Building C Main Entrance,Entrance,2026-01-16 18:47:33,EMP-0490,Employee 490,EMPLOYEE,ACCESS_GRANTED,GRANTED,0,0,0,0,NORMAL,NORMAL,0
SEC-002409,F001,Smart Campus,B003,Building C,BLK-C1,Block C1,AP-006,Server Room Access,Restricted Area,2026-01-16 18:52:36,EMP-0297,Employee 297,EMPLOYEE,ACCESS_GRANTED,GRANTED,0,0,0,0,NORMAL,NORMAL,0
SEC-002388,F001,Smart Campus,B003,Building C,BLK-C1,Block C1,AP-006,Server Room Access,Restricted Area,2026-01-16 18:55:15,CON-0132,Contractor 132,CONTRACTOR,ACCESS_GRANTED,GRANTED,0,0,0,0,NORMAL,NORMAL,0
SEC-002450,F001,Smart Campus,B001,Building A,BLK-A2,Block A2,AP-002,Building A Side Entrance,Entrance,2026-01-16 18:57:00,EMP-0463,Employee 463,EMPLOYEE,ACCESS_DENIED,DENIED,0,0,0,0,NORMAL,MEDIUM,1
SEC-002432,F001,Smart Campus,B003,Building C,BLK-C1,Block C1,AP-006,Server Room Access,Restricted Area,2026-01-16 19:00:37,EMP-0041,Employee 41,EMPLOYEE,ACCESS_GRANTED,GRANTED,0,0,0,0,NORMAL,NORMAL,0
SEC-002430,F001,Smart Campus,B001,Building A,BLK-A2,Block A2,AP-002,Building A Side Entrance,Entrance,2026-01-16 19:01:04,EMP-0050,Employee 50,EMPLOYEE,ACCESS_GRANTED,GRANTED,0,0,0,0,NORMAL,NORMAL,0
SEC-002408,F001,Smart Campus,B001,Building A,BLK-A2,Block A2,AP-002,Building A Side Entrance,Entrance,2026-01-16 19:04:52,CON-0094,Contractor 94,CONTRACTOR,ACCESS_GRANTED,GRANTED,0,0,0,0,NORMAL,NORMAL,0
SEC-002358,F001,Smart Campus,B003,Building C,BLK-C1,Block C1,AP-005,Building C Main Entrance,Entrance,2026-01-16 19:34:46,EMP-0035,Employee 35,EMPLOYEE,ACCESS_GRANTED,GRANTED,0,0,0,0,NORMAL,NORMAL,0
SEC-002435,F001,Smart Campus,B003,Building C,BLK-C1,Block C1,AP-006,Server Room Access,Restricted Area,2026-01-16 19:47:05,CON-0097,Contractor 97,CONTRACTOR,ACCESS_GRANTED,GRANTED,0,0,0,0,NORMAL,NORMAL,0
SEC-002333,F001,Smart Campus,B002,Building B,BLK-B1,Block B1,AP-003,Building B Main Entrance,Entrance,2026-01-16 19:57:39,EMP-0238,Employee 238,EMPLOYEE,ACCESS_GRANTED,GRANTED,0,0,0,0,NORMAL,NORMAL,0
SEC-002446,F001,Smart Campus,B002,Building B,BLK-B1,Block B1,AP-003,Building B Main Entrance,Entrance,2026-01-16 20:01:18,CON-0004,Contractor 4,CONTRACTOR,ACCESS_GRANTED,GRANTED,0,0,0,0,NORMAL,NORMAL,0
SEC-002345,F001,Smart Campus,B003,Building C,BLK-C1,Block C1,AP-005,Building C Main Entrance,Entrance,2026-01-16 20:07:27,EMP-0183,Employee 183,EMPLOYEE,ACCESS_GRANTED,GRANTED,0,0,0,0,NORMAL,NORMAL,0
SEC-002421,F001,Smart Campus,B002,Building B,BLK-B2,Block B2,AP-004,Building B Service Door,Service Area,2026-01-16 20:09:13,VIS-0074,Visitor 74,VISITOR,ACCESS_GRANTED,GRANTED,0,0,0,0,NORMAL,NORMAL,0
SEC-002400,F001,Smart Campus,B002,Building B,BLK-B1,Block B1,AP-003,Building B Main Entrance,Entrance,2026-01-16 20:10:47,VIS-0215,Visitor 215,VISITOR,ACCESS_GRANTED,GRANTED,0,0,0,0,NORMAL,NORMAL,0
SEC-002396,F001,Smart Campus,B001,Building A,BLK-A2,Block A2,AP-002,Building A Side Entrance,Entrance,2026-01-16 20:36:04,VIS-0023,Visitor 23,VISITOR,ACCESS_GRANTED,GRANTED,0,0,0,0,NORMAL,NORMAL,0
SEC-002412,F001,Smart Campus,B003,Building C,BLK-C1,Block C1,AP-005,Building C Main Entrance,Entrance,2026-01-16 20:46:12,EMP-0067,Employee 67,EMPLOYEE,ACCESS_GRANTED,GRANTED,0,0,0,0,NORMAL,NORMAL,0
SEC-002395,F001,Smart Campus,B001,Building A,BLK-A2,Block A2,AP-002,Building A Side Entrance,Entrance,2026-01-16 20:47:34,CON-0085,Contractor 85,CONTRACTOR,ACCESS_GRANTED,GRANTED,0,0,0,0,NORMAL,NORMAL,0
SEC-002407,F001,Smart Campus,B003,Building C,BLK-C1,Block C1,AP-005,Building C Main Entrance,Entrance,2026-01-16 20:49:04,EMP-0384,Employee 384,EMPLOYEE,ACCESS_GRANTED,GRANTED,0,0,0,0,NORMAL,NORMAL,0
SEC-002335,F001,Smart Campus,B002,Building B,BLK-B1,Block B1,AP-003,Building B Main Entrance,Entrance,2026-01-16 21:21:00,EMP-0408,Employee 408,EMPLOYEE,ACCESS_GRANTED,GRANTED,1,0,0,0,NORMAL,LOW,0
SEC-002346,F001,Smart Campus,B002,Building B,BLK-B1,Block B1,AP-003,Building B Main Entrance,Entrance,2026-01-16 21:34:00,EMP-0002,Employee 2,EMPLOYEE,ACCESS_GRANTED,GRANTED,1,0,0,0,AFTER_HOURS_MOVEMENT,LOW,0
SEC-002443,F001,Smart Campus,B001,Building A,BLK-A2,Block A2,AP-002,Building A Side Entrance,Entrance,2026-01-16 21:43:01,EMP-0388,Employee 388,EMPLOYEE,ACCESS_GRANTED,GRANTED,1,0,0,0,NORMAL,LOW,0
SEC-002357,F001,Smart Campus,B001,Building A,BLK-A1,Block A1,AP-001,Building A Main Entrance,Entrance,2026-01-16 21:45:31,VIS-0004,Visitor 4,VISITOR,ACCESS_GRANTED,GRANTED,1,0,0,0,NORMAL,LOW,0
SEC-002372,F001,Smart Campus,B001,Building A,BLK-A1,Block A1,AP-001,Building A Main Entrance,Entrance,2026-01-16 22:16:42,EMP-0182,Employee 182,EMPLOYEE,ACCESS_GRANTED,GRANTED,1,0,0,0,NORMAL,LOW,0
SEC-002387,F001,Smart Campus,B001,Building A,BLK-A2,Block A2,AP-002,Building A Side Entrance,Entrance,2026-01-16 22:19:12,VIS-0178,Visitor 178,VISITOR,UNAUTHORIZED_ACCESS,DENIED,1,1,0,0,SUSPICIOUS_ACCESS,CRITICAL,1
SEC-002455,F001,Smart Campus,B002,Building B,BLK-B2,Block B2,AP-004,Building B Service Door,Service Area,2026-01-16 22:25:12,EMP-0046,Employee 46,EMPLOYEE,ACCESS_GRANTED,GRANTED,1,0,0,0,NORMAL,LOW,0
SEC-002565,F001,Smart Campus,B003,Building C,BLK-C1,Block C1,AP-005,Building C Main Entrance,Entrance,2026-01-17 01:04:10,EMP-0468,Employee 468,EMPLOYEE,ACCESS_GRANTED,GRANTED,1,0,0,0,NORMAL,LOW,0
SEC-002473,F001,Smart Campus,B001,Building A,BLK-A1,Block A1,AP-001,Building A Main Entrance,Entrance,2026-01-17 01:10:39,EMP-0466,Employee 466,EMPLOYEE,ACCESS_GRANTED,GRANTED,1,0,0,0,NORMAL,LOW,0
SEC-002556,F001,Smart Campus,B001,Building A,BLK-A2,Block A2,AP-002,Building A Side Entrance,Entrance,2026-01-17 01:20:07,EMP-0240,Employee 240,EMPLOYEE,ACCESS_GRANTED,GRANTED,1,0,0,0,NORMAL,LOW,0
SEC-002560,F001,Smart Campus,B002,Building B,BLK-B2,Block B2,AP-004,Building B Service Door,Service Area,2026-01-17 01:46:56,EMP-0278,Employee 278,EMPLOYEE,ACCESS_GRANTED,GRANTED,1,0,0,0,NORMAL,LOW,0
SEC-002484,F001,Smart Campus,B003,Building C,BLK-C1,Block C1,AP-005,Building C Main Entrance,Entrance,2026-01-17 02:07:59,EMP-0284,Employee 284,EMPLOYEE,ACCESS_GRANTED,GRANTED,1,0,0,0,NORMAL,LOW,0
SEC-002520,F001,Smart Campus,B002,Building B,BLK-B1,Block B1,AP-003,Building B Main Entrance,Entrance,2026-01-17 02:22:10,EMP-0081,Employee 81,EMPLOYEE,ACCESS_GRANTED,GRANTED,1,0,0,0,NORMAL,LOW,0
SEC-002513,F001,Smart Campus,B003,Building C,BLK-C1,Block C1,AP-005,Building C Main Entrance,Entrance,2026-01-17 03:16:57,CON-0029,Contractor 29,CONTRACTOR,ACCESS_GRANTED,GRANTED,1,0,0,0,NORMAL,LOW,0
SEC-002566,F001,Smart Campus,B001,Building A,BLK-A2,Block A2,AP-002,Building A Side Entrance,Entrance,2026-01-17 03:41:28,EMP-0397,Employee 397,EMPLOYEE,ACCESS_GRANTED,GRANTED,1,0,0,0,NORMAL,LOW,0
SEC-002601,F001,Smart Campus,B002,Building B,BLK-B2,Block B2,AP-004,Building B Service Door,Service Area,2026-01-17 04:30:26,EMP-0093,Employee 93,EMPLOYEE,ACCESS_GRANTED,GRANTED,1,0,0,0,NORMAL,LOW,0
SEC-002498,F001,Smart Campus,B003,Building C,BLK-C1,Block C1,AP-006,Server Room Access,Restricted Area,2026-01-17 05:29:57,EMP-0449,Employee 449,EMPLOYEE,ACCESS_GRANTED,GRANTED,1,0,0,0,NORMAL,LOW,0
SEC-002558,F001,Smart Campus,B001,Building A,BLK-A1,Block A1,AP-001,Building A Main Entrance,Entrance,2026-01-17 05:42:17,EMP-0289,Employee 289,EMPLOYEE,ACCESS_GRANTED,GRANTED,1,0,0,0,NORMAL,LOW,0
SEC-002533,F001,Smart Campus,B001,Building A,BLK-A1,Block A1,AP-001,Building A Main Entrance,Entrance,2026-01-17 06:35:37,VIS-0023,Visitor 23,VISITOR,ACCESS_GRANTED,GRANTED,1,0,0,0,NORMAL,LOW,0
SEC-002536,F001,Smart Campus,B001,Building A,BLK-A1,Block A1,AP-001,Building A Main Entrance,Entrance,2026-01-17 06:57:36,EMP-0379,Employee 379,EMPLOYEE,ACCESS_GRANTED,GRANTED,1,0,0,0,NORMAL,LOW,0
SEC-002514,F001,Smart Campus,B003,Building C,BLK-C1,Block C1,AP-006,Server Room Access,Restricted Area,2026-01-17 07:08:24,EMP-0294,Employee 294,EMPLOYEE,ACCESS_GRANTED,GRANTED,0,0,0,0,NORMAL,NORMAL,0
SEC-002588,F001,Smart Campus,B001,Building A,BLK-A2,Block A2,AP-002,Building A Side Entrance,Entrance,2026-01-17 07:13:26,EMP-0225,Employee 225,EMPLOYEE,ACCESS_GRANTED,GRANTED,0,0,0,0,NORMAL,NORMAL,0
SEC-002546,F001,Smart Campus,B003,Building C,BLK-C1,Block C1,AP-006,Server Room Access,Restricted Area,2026-01-17 07:15:53,CON-0001,Contractor 1,CONTRACTOR,ACCESS_GRANTED,GRANTED,0,0,0,0,NORMAL,NORMAL,0
SEC-002480,F001,Smart Campus,B002,Building B,BLK-B2,Block B2,AP-004,Building B Service Door,Service Area,2026-01-17 07:24:51,VIS-0212,Visitor 212,VISITOR,ACCESS_GRANTED,GRANTED,0,0,0,0,NORMAL,NORMAL,0
SEC-002479,F001,Smart Campus,B002,Building B,BLK-B1,Block B1,AP-003,Building B Main Entrance,Entrance,2026-01-17 07:52:40,EMP-0138,Employee 138,EMPLOYEE,ACCESS_GRANTED,GRANTED,0,0,0,0,NORMAL,NORMAL,0
SEC-002511,F001,Smart Campus,B001,Building A,BLK-A2,Block A2,AP-002,Building A Side Entrance,Entrance,2026-01-17 08:02:37,EMP-0213,Employee 213,EMPLOYEE,ACCESS_GRANTED,GRANTED,0,0,0,0,NORMAL,NORMAL,0
SEC-002499,F001,Smart Campus,B003,Building C,BLK-C1,Block C1,AP-006,Server Room Access,Restricted Area,2026-01-17 08:10:10,CON-0142,Contractor 142,CONTRACTOR,ACCESS_GRANTED,GRANTED,0,0,0,0,NORMAL,NORMAL,0
SEC-002471,F001,Smart Campus,B001,Building A,BLK-A2,Block A2,AP-002,Building A Side Entrance,Entrance,2026-01-17 08:29:21,EMP-0295,Employee 295,EMPLOYEE,ACCESS_GRANTED,GRANTED,0,0,0,0,NORMAL,NORMAL,0
SEC-002472,F001,Smart Campus,B001,Building A,BLK-A2,Block A2,AP-002,Building A Side Entrance,Entrance,2026-01-17 08:40:35,EMP-0154,Employee 154,EMPLOYEE,ACCESS_GRANTED,GRANTED,0,0,0,0,NORMAL,NORMAL,0
SEC-002552,F001,Smart Campus,B001,Building A,BLK-A2,Block A2,AP-002,Building A Side Entrance,Entrance,2026-01-17 08:42:12,EMP-0129,Employee 129,EMPLOYEE,ACCESS_GRANTED,GRANTED,0,0,0,0,NORMAL,NORMAL,0
SEC-002508,F001,Smart Campus,B003,Building C,BLK-C1,Block C1,AP-005,Building C Main Entrance,Entrance,2026-01-17 08:51:56,VIS-0025,Visitor 25,VISITOR,ACCESS_GRANTED,GRANTED,0,0,0,0,NORMAL,NORMAL,0
SEC-002518,F001,Smart Campus,B002,Building B,BLK-B2,Block B2,AP-004,Building B Service Door,Service Area,2026-01-17 08:59:59,CON-0108,Contractor 108,CONTRACTOR,ACCESS_DENIED,DENIED,0,0,0,0,NORMAL,MEDIUM,1
SEC-002603,F001,Smart Campus,B001,Building A,BLK-A1,Block A1,AP-001,Building A Main Entrance,Entrance,2026-01-17 09:11:46,EMP-0144,Employee 144,EMPLOYEE,ACCESS_GRANTED,GRANTED,0,0,0,0,NORMAL,NORMAL,0
SEC-002521,F001,Smart Campus,B002,Building B,BLK-B2,Block B2,AP-004,Building B Service Door,Service Area,2026-01-17 09:23:34,EMP-0136,Employee 136,EMPLOYEE,ACCESS_GRANTED,GRANTED,0,0,0,0,NORMAL,NORMAL,0
SEC-002607,F001,Smart Campus,B001,Building A,BLK-A2,Block A2,AP-002,Building A Side Entrance,Entrance,2026-01-17 09:32:09,EMP-0098,Employee 98,EMPLOYEE,ACCESS_GRANTED,GRANTED,0,0,0,0,NORMAL,NORMAL,0
SEC-002613,F001,Smart Campus,B003,Building C,BLK-C1,Block C1,AP-006,Server Room Access,Restricted Area,2026-01-17 09:32:49,EMP-0484,Employee 484,EMPLOYEE,ACCESS_GRANTED,GRANTED,0,0,0,0,NORMAL,NORMAL,0
SEC-002587,F001,Smart Campus,B001,Building A,BLK-A2,Block A2,AP-002,Building A Side Entrance,Entrance,2026-01-17 09:33:28,EMP-0225,Employee 225,EMPLOYEE,ACCESS_GRANTED,GRANTED,0,0,0,0,NORMAL,NORMAL,0
SEC-002507,F001,Smart Campus,B002,Building B,BLK-B2,Block B2,AP-004,Building B Service Door,Service Area,2026-01-17 09:41:24,CON-0049,Contractor 49,CONTRACTOR,ACCESS_GRANTED,GRANTED,0,0,0,0,NORMAL,NORMAL,0
SEC-002551,F001,Smart Campus,B003,Building C,BLK-C1,Block C1,AP-005,Building C Main Entrance,Entrance,2026-01-17 09:42:42,EMP-0016,Employee 16,EMPLOYEE,ACCESS_GRANTED,GRANTED,0,0,0,0,NORMAL,NORMAL,0
SEC-002609,F001,Smart Campus,B001,Building A,BLK-A2,Block A2,AP-002,Building A Side Entrance,Entrance,2026-01-17 09:49:47,VIS-0031,Visitor 31,VISITOR,ACCESS_GRANTED,GRANTED,0,0,0,0,NORMAL,NORMAL,0
SEC-002611,F001,Smart Campus,B001,Building A,BLK-A2,Block A2,AP-002,Building A Side Entrance,Entrance,2026-01-17 09:54:23,EMP-0091,Employee 91,EMPLOYEE,ACCESS_GRANTED,GRANTED,0,0,0,0,NORMAL,NORMAL,0
SEC-002544,F001,Smart Campus,B003,Building C,BLK-C1,Block C1,AP-006,Server Room Access,Restricted Area,2026-01-17 10:01:13,VIS-0158,Visitor 158,VISITOR,ACCESS_GRANTED,GRANTED,0,0,0,0,NORMAL,NORMAL,0
SEC-002612,F001,Smart Campus,B003,Building C,BLK-C1,Block C1,AP-006,Server Room Access,Restricted Area,2026-01-17 10:04:25,EMP-0009,Employee 9,EMPLOYEE,ACCESS_GRANTED,GRANTED,0,0,0,0,NORMAL,NORMAL,0
SEC-002583,F001,Smart Campus,B003,Building C,BLK-C1,Block C1,AP-005,Building C Main Entrance,Entrance,2026-01-17 10:10:44,VIS-0105,Visitor 105,VISITOR,ACCESS_GRANTED,GRANTED,0,0,0,0,NORMAL,NORMAL,0
SEC-002492,F001,Smart Campus,B003,Building C,BLK-C1,Block C1,AP-005,Building C Main Entrance,Entrance,2026-01-17 10:21:51,EMP-0014,Employee 14,EMPLOYEE,ACCESS_GRANTED,GRANTED,0,0,0,0,NORMAL,NORMAL,0
SEC-002491,F001,Smart Campus,B001,Building A,BLK-A1,Block A1,AP-001,Building A Main Entrance,Entrance,2026-01-17 10:38:17,EMP-0275,Employee 275,EMPLOYEE,ACCESS_GRANTED,GRANTED,0,0,0,0,NORMAL,NORMAL,0
SEC-002515,F001,Smart Campus,B003,Building C,BLK-C1,Block C1,AP-006,Server Room Access,Restricted Area,2026-01-17 10:44:15,EMP-0485,Employee 485,EMPLOYEE,ACCESS_DENIED,DENIED,0,0,0,0,NORMAL,MEDIUM,1
SEC-002585,F001,Smart Campus,B002,Building B,BLK-B1,Block B1,AP-003,Building B Main Entrance,Entrance,2026-01-17 10:52:55,EMP-0417,Employee 417,EMPLOYEE,ACCESS_GRANTED,GRANTED,0,0,0,0,NORMAL,NORMAL,0
SEC-002524,F001,Smart Campus,B003,Building C,BLK-C1,Block C1,AP-005,Building C Main Entrance,Entrance,2026-01-17 11:04:23,EMP-0447,Employee 447,EMPLOYEE,ACCESS_GRANTED,GRANTED,0,0,0,0,NORMAL,NORMAL,0
SEC-002559,F001,Smart Campus,B002,Building B,BLK-B1,Block B1,AP-003,Building B Main Entrance,Entrance,2026-01-17 11:12:42,VIS-0132,Visitor 132,VISITOR,ACCESS_GRANTED,GRANTED,0,0,0,0,NORMAL,NORMAL,0
SEC-002505,F001,Smart Campus,B002,Building B,BLK-B1,Block B1,AP-003,Building B Main Entrance,Entrance,2026-01-17 11:26:04,EMP-0371,Employee 371,EMPLOYEE,ACCESS_GRANTED,GRANTED,0,0,0,0,NORMAL,NORMAL,0
SEC-002602,F001,Smart Campus,B002,Building B,BLK-B1,Block B1,AP-003,Building B Main Entrance,Entrance,2026-01-17 11:30:35,VIS-0095,Visitor 95,VISITOR,ACCESS_GRANTED,GRANTED,0,0,0,0,NORMAL,NORMAL,0
SEC-002483,F001,Smart Campus,B001,Building A,BLK-A1,Block A1,AP-001,Building A Main Entrance,Entrance,2026-01-17 11:48:03,EMP-0247,Employee 247,EMPLOYEE,ACCESS_GRANTED,GRANTED,0,0,0,0,NORMAL,NORMAL,0
SEC-002486,F001,Smart Campus,B001,Building A,BLK-A1,Block A1,AP-001,Building A Main Entrance,Entrance,2026-01-17 11:53:17,EMP-0201,Employee 201,EMPLOYEE,UNAUTHORIZED_ACCESS,DENIED,0,1,0,0,SUSPICIOUS_ACCESS,HIGH,1
SEC-002495,F001,Smart Campus,B003,Building C,BLK-C1,Block C1,AP-006,Server Room Access,Restricted Area,2026-01-17 11:53:41,EMP-0054,Employee 54,EMPLOYEE,ACCESS_GRANTED,GRANTED,0,0,0,0,NORMAL,NORMAL,0
SEC-002535,F001,Smart Campus,B001,Building A,BLK-A2,Block A2,AP-002,Building A Side Entrance,Entrance,2026-01-17 11:58:23,CON-0131,Contractor 131,CONTRACTOR,ACCESS_GRANTED,GRANTED,0,0,0,0,NORMAL,NORMAL,0
SEC-002525,F001,Smart Campus,B002,Building B,BLK-B2,Block B2,AP-004,Building B Service Door,Service Area,2026-01-17 12:16:31,VIS-0036,Visitor 36,VISITOR,ACCESS_GRANTED,GRANTED,0,0,0,0,NORMAL,NORMAL,0
SEC-002534,F001,Smart Campus,B001,Building A,BLK-A1,Block A1,AP-001,Building A Main Entrance,Entrance,2026-01-17 12:20:07,EMP-0060,Employee 60,EMPLOYEE,ACCESS_GRANTED,GRANTED,0,0,0,0,NORMAL,NORMAL,0
SEC-002542,F001,Smart Campus,B001,Building A,BLK-A1,Block A1,AP-001,Building A Main Entrance,Entrance,2026-01-17 12:26:30,EMP-0378,Employee 378,EMPLOYEE,ACCESS_GRANTED,GRANTED,0,0,0,0,NORMAL,NORMAL,0
SEC-002576,F001,Smart Campus,B001,Building A,BLK-A1,Block A1,AP-001,Building A Main Entrance,Entrance,2026-01-17 12:36:24,EMP-0269,Employee 269,EMPLOYEE,ACCESS_GRANTED,GRANTED,0,0,0,0,NORMAL,NORMAL,0
SEC-002503,F001,Smart Campus,B002,Building B,BLK-B1,Block B1,AP-003,Building B Main Entrance,Entrance,2026-01-17 12:36:45,EMP-0066,Employee 66,EMPLOYEE,ACCESS_GRANTED,GRANTED,0,0,0,0,NORMAL,NORMAL,0
SEC-002578,F001,Smart Campus,B001,Building A,BLK-A1,Block A1,AP-001,Building A Main Entrance,Entrance,2026-01-17 12:38:19,VIS-0008,Visitor 8,VISITOR,ACCESS_GRANTED,GRANTED,0,0,0,0,NORMAL,NORMAL,0
SEC-002593,F001,Smart Campus,B001,Building A,BLK-A1,Block A1,AP-001,Building A Main Entrance,Entrance,2026-01-17 12:47:27,EMP-0128,Employee 128,EMPLOYEE,ACCESS_GRANTED,GRANTED,0,0,0,0,NORMAL,NORMAL,0
SEC-002530,F001,Smart Campus,B002,Building B,BLK-B1,Block B1,AP-003,Building B Main Entrance,Entrance,2026-01-17 12:53:11,EMP-0148,Employee 148,EMPLOYEE,ACCESS_GRANTED,GRANTED,0,0,0,0,NORMAL,NORMAL,0
SEC-002523,F001,Smart Campus,B003,Building C,BLK-C1,Block C1,AP-006,Server Room Access,Restricted Area,2026-01-17 12:53:52,EMP-0151,Employee 151,EMPLOYEE,ACCESS_GRANTED,GRANTED,0,0,0,0,NORMAL,NORMAL,0
SEC-002527,F001,Smart Campus,B001,Building A,BLK-A2,Block A2,AP-002,Building A Side Entrance,Entrance,2026-01-17 12:57:02,EMP-0465,Employee 465,EMPLOYEE,ACCESS_GRANTED,GRANTED,0,0,0,0,NORMAL,NORMAL,0
SEC-002581,F001,Smart Campus,B003,Building C,BLK-C1,Block C1,AP-006,Server Room Access,Restricted Area,2026-01-17 12:57:53,EMP-0104,Employee 104,EMPLOYEE,ACCESS_GRANTED,GRANTED,0,0,0,0,NORMAL,NORMAL,0
SEC-002596,F001,Smart Campus,B002,Building B,BLK-B2,Block B2,AP-004,Building B Service Door,Service Area,2026-01-17 13:03:15,CON-0077,Contractor 77,CONTRACTOR,ACCESS_GRANTED,GRANTED,0,0,0,0,NORMAL,NORMAL,0
SEC-002540,F001,Smart Campus,B001,Building A,BLK-A1,Block A1,AP-001,Building A Main Entrance,Entrance,2026-01-17 13:13:06,VIS-0047,Visitor 47,VISITOR,ACCESS_GRANTED,GRANTED,0,0,0,0,NORMAL,NORMAL,0
SEC-002584,F001,Smart Campus,B001,Building A,BLK-A2,Block A2,AP-002,Building A Side Entrance,Entrance,2026-01-17 13:15:32,EMP-0003,Employee 3,EMPLOYEE,ACCESS_GRANTED,GRANTED,0,0,0,0,NORMAL,NORMAL,0
SEC-002539,F001,Smart Campus,B003,Building C,BLK-C1,Block C1,AP-005,Building C Main Entrance,Entrance,2026-01-17 13:16:08,EMP-0482,Employee 482,EMPLOYEE,ACCESS_GRANTED,GRANTED,0,0,0,0,NORMAL,NORMAL,0
SEC-002478,F001,Smart Campus,B001,Building A,BLK-A1,Block A1,AP-001,Building A Main Entrance,Entrance,2026-01-17 13:19:57,CON-0123,Contractor 123,CONTRACTOR,ACCESS_GRANTED,GRANTED,0,0,0,0,NORMAL,NORMAL,0
SEC-002549,F001,Smart Campus,B003,Building C,BLK-C1,Block C1,AP-006,Server Room Access,Restricted Area,2026-01-17 13:25:14,EMP-0369,Employee 369,EMPLOYEE,ACCESS_GRANTED,GRANTED,0,0,0,0,NORMAL,NORMAL,0
SEC-002493,F001,Smart Campus,B003,Building C,BLK-C1,Block C1,AP-005,Building C Main Entrance,Entrance,2026-01-17 13:27:45,EMP-0317,Employee 317,EMPLOYEE,ACCESS_GRANTED,GRANTED,0,0,0,0,NORMAL,NORMAL,0
SEC-002590,F001,Smart Campus,B002,Building B,BLK-B1,Block B1,AP-003,Building B Main Entrance,Entrance,2026-01-17 13:30:16,EMP-0049,Employee 49,EMPLOYEE,ACCESS_GRANTED,GRANTED,0,0,0,0,NORMAL,NORMAL,0
SEC-002594,F001,Smart Campus,B002,Building B,BLK-B2,Block B2,AP-004,Building B Service Door,Service Area,2026-01-17 13:31:02,EMP-0031,Employee 31,EMPLOYEE,ACCESS_GRANTED,GRANTED,0,0,0,0,NORMAL,NORMAL,0
SEC-002563,F001,Smart Campus,B001,Building A,BLK-A1,Block A1,AP-001,Building A Main Entrance,Entrance,2026-01-17 14:01:26,EMP-0288,Employee 288,EMPLOYEE,ACCESS_GRANTED,GRANTED,0,0,0,0,NORMAL,NORMAL,0
SEC-002564,F001,Smart Campus,B002,Building B,BLK-B2,Block B2,AP-004,Building B Service Door,Service Area,2026-01-17 14:08:00,EMP-0015,Employee 15,EMPLOYEE,ACCESS_GRANTED,GRANTED,0,0,0,0,NORMAL,NORMAL,0
SEC-002512,F001,Smart Campus,B002,Building B,BLK-B2,Block B2,AP-004,Building B Service Door,Service Area,2026-01-17 14:15:54,EMP-0392,Employee 392,EMPLOYEE,ACCESS_GRANTED,GRANTED,0,0,0,0,NORMAL,NORMAL,0
SEC-002517,F001,Smart Campus,B002,Building B,BLK-B2,Block B2,AP-004,Building B Service Door,Service Area,2026-01-17 14:18:45,EMP-0324,Employee 324,EMPLOYEE,ACCESS_GRANTED,GRANTED,0,0,0,0,NORMAL,NORMAL,0
SEC-002494,F001,Smart Campus,B002,Building B,BLK-B2,Block B2,AP-004,Building B Service Door,Service Area,2026-01-17 14:20:54,EMP-0088,Employee 88,EMPLOYEE,ACCESS_GRANTED,GRANTED,0,0,0,0,NORMAL,NORMAL,0
SEC-002475,F001,Smart Campus,B003,Building C,BLK-C1,Block C1,AP-005,Building C Main Entrance,Entrance,2026-01-17 14:23:48,EMP-0416,Employee 416,EMPLOYEE,TAILGATING,GRANTED,0,0,0,1,TAILGATING,HIGH,1
SEC-002568,F001,Smart Campus,B001,Building A,BLK-A2,Block A2,AP-002,Building A Side Entrance,Entrance,2026-01-17 14:30:02,EMP-0201,Employee 201,EMPLOYEE,ACCESS_GRANTED,GRANTED,0,0,0,0,NORMAL,NORMAL,0
SEC-002582,F001,Smart Campus,B003,Building C,BLK-C1,Block C1,AP-005,Building C Main Entrance,Entrance,2026-01-17 14:35:13,EMP-0147,Employee 147,EMPLOYEE,ACCESS_GRANTED,GRANTED,0,0,0,0,NORMAL,NORMAL,0
SEC-002537,F001,Smart Campus,B003,Building C,BLK-C1,Block C1,AP-005,Building C Main Entrance,Entrance,2026-01-17 14:36:48,VIS-0210,Visitor 210,VISITOR,ACCESS_GRANTED,GRANTED,0,0,0,0,NORMAL,NORMAL,0
SEC-002485,F001,Smart Campus,B002,Building B,BLK-B1,Block B1,AP-003,Building B Main Entrance,Entrance,2026-01-17 14:39:25,VIS-0232,Visitor 232,VISITOR,ACCESS_GRANTED,GRANTED,0,0,0,0,NORMAL,NORMAL,0
SEC-002579,F001,Smart Campus,B001,Building A,BLK-A2,Block A2,AP-002,Building A Side Entrance,Entrance,2026-01-17 14:39:39,EMP-0302,Employee 302,EMPLOYEE,ACCESS_GRANTED,GRANTED,0,0,0,0,NORMAL,NORMAL,0
SEC-002589,F001,Smart Campus,B002,Building B,BLK-B1,Block B1,AP-003,Building B Main Entrance,Entrance,2026-01-17 14:42:59,EMP-0166,Employee 166,EMPLOYEE,ACCESS_GRANTED,GRANTED,0,0,0,0,NORMAL,NORMAL,0
SEC-002580,F001,Smart Campus,B003,Building C,BLK-C1,Block C1,AP-005,Building C Main Entrance,Entrance,2026-01-17 14:43:26,CON-0100,Contractor 100,CONTRACTOR,ACCESS_GRANTED,GRANTED,0,0,0,0,NORMAL,NORMAL,0
SEC-002500,F001,Smart Campus,B001,Building A,BLK-A1,Block A1,AP-001,Building A Main Entrance,Entrance,2026-01-17 14:51:20,VIS-0081,Visitor 81,VISITOR,ACCESS_GRANTED,GRANTED,0,0,0,0,NORMAL,NORMAL,0
SEC-002477,F001,Smart Campus,B001,Building A,BLK-A2,Block A2,AP-002,Building A Side Entrance,Entrance,2026-01-17 14:52:56,EMP-0134,Employee 134,EMPLOYEE,ACCESS_GRANTED,GRANTED,0,0,0,0,NORMAL,NORMAL,0
SEC-002554,F001,Smart Campus,B002,Building B,BLK-B2,Block B2,AP-004,Building B Service Door,Service Area,2026-01-17 15:03:29,VIS-0065,Visitor 65,VISITOR,ACCESS_GRANTED,GRANTED,0,0,0,0,NORMAL,NORMAL,0
SEC-002532,F001,Smart Campus,B002,Building B,BLK-B2,Block B2,AP-004,Building B Service Door,Service Area,2026-01-17 15:04:22,EMP-0240,Employee 240,EMPLOYEE,ACCESS_GRANTED,GRANTED,0,0,0,0,NORMAL,NORMAL,0
SEC-002543,F001,Smart Campus,B001,Building A,BLK-A2,Block A2,AP-002,Building A Side Entrance,Entrance,2026-01-17 15:19:51,EMP-0410,Employee 410,EMPLOYEE,ACCESS_GRANTED,GRANTED,0,0,0,0,NORMAL,NORMAL,0
SEC-002574,F001,Smart Campus,B002,Building B,BLK-B2,Block B2,AP-004,Building B Service Door,Service Area,2026-01-17 15:20:16,EMP-0470,Employee 470,EMPLOYEE,ACCESS_GRANTED,GRANTED,0,0,0,0,NORMAL,NORMAL,0
SEC-002496,F001,Smart Campus,B003,Building C,BLK-C1,Block C1,AP-005,Building C Main Entrance,Entrance,2026-01-17 15:22:50,EMP-0120,Employee 120,EMPLOYEE,ACCESS_GRANTED,GRANTED,0,0,0,0,NORMAL,NORMAL,0
SEC-002555,F001,Smart Campus,B003,Building C,BLK-C1,Block C1,AP-005,Building C Main Entrance,Entrance,2026-01-17 15:38:04,EMP-0082,Employee 82,EMPLOYEE,ACCESS_GRANTED,GRANTED,0,0,0,0,NORMAL,NORMAL,0
SEC-002595,F001,Smart Campus,B003,Building C,BLK-C1,Block C1,AP-005,Building C Main Entrance,Entrance,2026-01-17 15:47:13,CON-0150,Contractor 150,CONTRACTOR,ACCESS_GRANTED,GRANTED,0,0,0,0,NORMAL,NORMAL,0
SEC-002600,F001,Smart Campus,B002,Building B,BLK-B2,Block B2,AP-004,Building B Service Door,Service Area,2026-01-17 15:47:42,EMP-0083,Employee 83,EMPLOYEE,ACCESS_GRANTED,GRANTED,0,0,0,0,NORMAL,NORMAL,0
SEC-002604,F001,Smart Campus,B003,Building C,BLK-C1,Block C1,AP-006,Server Room Access,Restricted Area,2026-01-17 15:48:44,EMP-0481,Employee 481,EMPLOYEE,ACCESS_GRANTED,GRANTED,0,0,0,0,NORMAL,NORMAL,0
SEC-002606,F001,Smart Campus,B002,Building B,BLK-B1,Block B1,AP-003,Building B Main Entrance,Entrance,2026-01-17 15:56:59,CON-0022,Contractor 22,CONTRACTOR,ACCESS_GRANTED,GRANTED,0,0,0,0,NORMAL,NORMAL,0
SEC-002482,F001,Smart Campus,B002,Building B,BLK-B2,Block B2,AP-004,Building B Service Door,Service Area,2026-01-17 16:00:06,EMP-0085,Employee 85,EMPLOYEE,ACCESS_GRANTED,GRANTED,0,0,0,0,NORMAL,NORMAL,0
SEC-002597,F001,Smart Campus,B001,Building A,BLK-A2,Block A2,AP-002,Building A Side Entrance,Entrance,2026-01-17 16:09:15,EMP-0498,Employee 498,EMPLOYEE,ACCESS_GRANTED,GRANTED,0,0,0,0,NORMAL,NORMAL,0
SEC-002572,F001,Smart Campus,B001,Building A,BLK-A1,Block A1,AP-001,Building A Main Entrance,Entrance,2026-01-17 16:20:33,EMP-0008,Employee 8,EMPLOYEE,ACCESS_GRANTED,GRANTED,0,0,0,0,NORMAL,NORMAL,0
SEC-002489,F001,Smart Campus,B002,Building B,BLK-B2,Block B2,AP-004,Building B Service Door,Service Area,2026-01-17 16:32:10,EMP-0015,Employee 15,EMPLOYEE,ACCESS_GRANTED,GRANTED,0,0,0,0,NORMAL,NORMAL,0
SEC-002474,F001,Smart Campus,B002,Building B,BLK-B2,Block B2,AP-004,Building B Service Door,Service Area,2026-01-17 16:38:56,EMP-0227,Employee 227,EMPLOYEE,ACCESS_GRANTED,GRANTED,0,0,0,0,NORMAL,NORMAL,0
SEC-002567,F001,Smart Campus,B002,Building B,BLK-B2,Block B2,AP-004,Building B Service Door,Service Area,2026-01-17 16:40:44,EMP-0208,Employee 208,EMPLOYEE,ACCESS_GRANTED,GRANTED,0,0,0,0,NORMAL,NORMAL,0
SEC-002569,F001,Smart Campus,B003,Building C,BLK-C1,Block C1,AP-006,Server Room Access,Restricted Area,2026-01-17 16:47:21,EMP-0218,Employee 218,EMPLOYEE,ACCESS_GRANTED,GRANTED,0,0,0,0,NORMAL,NORMAL,0
SEC-002571,F001,Smart Campus,B001,Building A,BLK-A1,Block A1,AP-001,Building A Main Entrance,Entrance,2026-01-17 16:51:11,EMP-0452,Employee 452,EMPLOYEE,ACCESS_GRANTED,GRANTED,0,0,0,0,NORMAL,NORMAL,0
SEC-002561,F001,Smart Campus,B001,Building A,BLK-A1,Block A1,AP-001,Building A Main Entrance,Entrance,2026-01-17 16:54:05,EMP-0305,Employee 305,EMPLOYEE,ACCESS_GRANTED,GRANTED,0,0,0,0,NORMAL,NORMAL,0
SEC-002510,F001,Smart Campus,B001,Building A,BLK-A1,Block A1,AP-001,Building A Main Entrance,Entrance,2026-01-17 17:01:40,EMP-0102,Employee 102,EMPLOYEE,ACCESS_GRANTED,GRANTED,0,0,0,0,NORMAL,NORMAL,0
SEC-002615,F001,Smart Campus,B003,Building C,BLK-C1,Block C1,AP-006,Server Room Access,Restricted Area,2026-01-17 17:02:14,CON-0016,Contractor 16,CONTRACTOR,ACCESS_GRANTED,GRANTED,0,0,0,0,NORMAL,NORMAL,0
SEC-002538,F001,Smart Campus,B002,Building B,BLK-B1,Block B1,AP-003,Building B Main Entrance,Entrance,2026-01-17 17:03:16,EMP-0200,Employee 200,EMPLOYEE,ACCESS_GRANTED,GRANTED,0,0,0,0,NORMAL,NORMAL,0
SEC-002476,F001,Smart Campus,B001,Building A,BLK-A1,Block A1,AP-001,Building A Main Entrance,Entrance,2026-01-17 17:04:51,EMP-0439,Employee 439,EMPLOYEE,ACCESS_GRANTED,GRANTED,0,0,0,0,NORMAL,NORMAL,0
SEC-002610,F001,Smart Campus,B002,Building B,BLK-B1,Block B1,AP-003,Building B Main Entrance,Entrance,2026-01-17 17:13:19,EMP-0026,Employee 26,EMPLOYEE,ACCESS_GRANTED,GRANTED,0,0,0,0,NORMAL,NORMAL,0
SEC-002529,F001,Smart Campus,B002,Building B,BLK-B2,Block B2,AP-004,Building B Service Door,Service Area,2026-01-17 17:19:00,EMP-0301,Employee 301,EMPLOYEE,ACCESS_GRANTED,GRANTED,0,0,0,0,NORMAL,NORMAL,0
SEC-002526,F001,Smart Campus,B001,Building A,BLK-A1,Block A1,AP-001,Building A Main Entrance,Entrance,2026-01-17 17:19:24,EMP-0023,Employee 23,EMPLOYEE,ACCESS_GRANTED,GRANTED,0,0,0,0,NORMAL,NORMAL,0
SEC-002547,F001,Smart Campus,B003,Building C,BLK-C1,Block C1,AP-005,Building C Main Entrance,Entrance,2026-01-17 17:26:08,EMP-0288,Employee 288,EMPLOYEE,ACCESS_GRANTED,GRANTED,0,0,0,0,NORMAL,NORMAL,0
SEC-002614,F001,Smart Campus,B002,Building B,BLK-B1,Block B1,AP-003,Building B Main Entrance,Entrance,2026-01-17 17:31:18,EMP-0324,Employee 324,EMPLOYEE,ACCESS_GRANTED,GRANTED,0,0,0,0,NORMAL,NORMAL,0
SEC-002562,F001,Smart Campus,B001,Building A,BLK-A2,Block A2,AP-002,Building A Side Entrance,Entrance,2026-01-17 17:47:50,VIS-0097,Visitor 97,VISITOR,ACCESS_GRANTED,GRANTED,0,0,0,0,NORMAL,NORMAL,0
SEC-002592,F001,Smart Campus,B001,Building A,BLK-A2,Block A2,AP-002,Building A Side Entrance,Entrance,2026-01-17 17:53:38,EMP-0025,Employee 25,EMPLOYEE,ACCESS_GRANTED,GRANTED,0,0,0,0,NORMAL,NORMAL,0
SEC-002548,F001,Smart Campus,B003,Building C,BLK-C1,Block C1,AP-006,Server Room Access,Restricted Area,2026-01-17 17:59:10,EMP-0041,Employee 41,EMPLOYEE,ACCESS_GRANTED,GRANTED,0,0,0,0,NORMAL,NORMAL,0
SEC-002528,F001,Smart Campus,B001,Building A,BLK-A1,Block A1,AP-001,Building A Main Entrance,Entrance,2026-01-17 18:02:53,EMP-0124,Employee 124,EMPLOYEE,ACCESS_GRANTED,GRANTED,0,0,0,0,NORMAL,NORMAL,0
SEC-002605,F001,Smart Campus,B003,Building C,BLK-C1,Block C1,AP-005,Building C Main Entrance,Entrance,2026-01-17 18:06:58,EMP-0141,Employee 141,EMPLOYEE,ACCESS_GRANTED,GRANTED,0,0,0,0,NORMAL,NORMAL,0
SEC-002591,F001,Smart Campus,B001,Building A,BLK-A2,Block A2,AP-002,Building A Side Entrance,Entrance,2026-01-17 18:19:51,EMP-0416,Employee 416,EMPLOYEE,ACCESS_GRANTED,GRANTED,0,0,0,0,NORMAL,NORMAL,0
SEC-002504,F001,Smart Campus,B002,Building B,BLK-B1,Block B1,AP-003,Building B Main Entrance,Entrance,2026-01-17 18:34:21,EMP-0104,Employee 104,EMPLOYEE,ACCESS_GRANTED,GRANTED,0,0,0,0,NORMAL,NORMAL,0
SEC-002488,F001,Smart Campus,B002,Building B,BLK-B1,Block B1,AP-003,Building B Main Entrance,Entrance,2026-01-17 18:55:38,EMP-0500,Employee 500,EMPLOYEE,ACCESS_GRANTED,GRANTED,0,0,0,0,NORMAL,NORMAL,0
SEC-002519,F001,Smart Campus,B003,Building C,BLK-C1,Block C1,AP-006,Server Room Access,Restricted Area,2026-01-17 18:56:53,VIS-0233,Visitor 233,VISITOR,ACCESS_GRANTED,GRANTED,0,0,0,0,NORMAL,NORMAL,0
SEC-002481,F001,Smart Campus,B001,Building A,BLK-A2,Block A2,AP-002,Building A Side Entrance,Entrance,2026-01-17 19:04:33,CON-0010,Contractor 10,CONTRACTOR,ACCESS_GRANTED,GRANTED,0,0,0,0,NORMAL,NORMAL,0
SEC-002616,F001,Smart Campus,B002,Building B,BLK-B2,Block B2,AP-004,Building B Service Door,Service Area,2026-01-17 19:09:33,EMP-0429,Employee 429,EMPLOYEE,ACCESS_GRANTED,GRANTED,0,0,0,0,NORMAL,NORMAL,0
SEC-002506,F001,Smart Campus,B001,Building A,BLK-A2,Block A2,AP-002,Building A Side Entrance,Entrance,2026-01-17 19:15:13,EMP-0209,Employee 209,EMPLOYEE,ACCESS_GRANTED,GRANTED,0,0,0,0,NORMAL,NORMAL,0
SEC-002545,F001,Smart Campus,B002,Building B,BLK-B2,Block B2,AP-004,Building B Service Door,Service Area,2026-01-17 19:20:08,EMP-0118,Employee 118,EMPLOYEE,ACCESS_GRANTED,GRANTED,0,0,0,0,NORMAL,NORMAL,0
SEC-002570,F001,Smart Campus,B003,Building C,BLK-C1,Block C1,AP-006,Server Room Access,Restricted Area,2026-01-17 19:22:33,CON-0110,Contractor 110,CONTRACTOR,ACCESS_GRANTED,GRANTED,0,0,0,0,NORMAL,NORMAL,0
SEC-002497,F001,Smart Campus,B003,Building C,BLK-C1,Block C1,AP-006,Server Room Access,Restricted Area,2026-01-17 19:29:48,EMP-0303,Employee 303,EMPLOYEE,ACCESS_GRANTED,GRANTED,0,0,0,0,NORMAL,NORMAL,0
SEC-002608,F001,Smart Campus,B002,Building B,BLK-B2,Block B2,AP-004,Building B Service Door,Service Area,2026-01-17 19:34:24,EMP-0052,Employee 52,EMPLOYEE,ACCESS_GRANTED,GRANTED,0,0,0,0,NORMAL,NORMAL,0
SEC-002470,F001,Smart Campus,B002,Building B,BLK-B1,Block B1,AP-003,Building B Main Entrance,Entrance,2026-01-17 19:45:07,EMP-0453,Employee 453,EMPLOYEE,ACCESS_GRANTED,GRANTED,0,0,0,0,NORMAL,NORMAL,0
SEC-002573,F001,Smart Campus,B003,Building C,BLK-C1,Block C1,AP-005,Building C Main Entrance,Entrance,2026-01-17 19:46:00,EMP-0037,Employee 37,EMPLOYEE,ACCESS_GRANTED,GRANTED,0,0,0,0,NORMAL,NORMAL,0
SEC-002501,F001,Smart Campus,B002,Building B,BLK-B1,Block B1,AP-003,Building B Main Entrance,Entrance,2026-01-17 19:54:27,EMP-0083,Employee 83,EMPLOYEE,ACCESS_GRANTED,GRANTED,0,0,0,0,NORMAL,NORMAL,0
SEC-002553,F001,Smart Campus,B002,Building B,BLK-B1,Block B1,AP-003,Building B Main Entrance,Entrance,2026-01-17 20:06:37,EMP-0025,Employee 25,EMPLOYEE,ACCESS_GRANTED,GRANTED,0,0,0,0,NORMAL,NORMAL,0
SEC-002550,F001,Smart Campus,B001,Building A,BLK-A2,Block A2,AP-002,Building A Side Entrance,Entrance,2026-01-17 20:20:37,EMP-0173,Employee 173,EMPLOYEE,UNAUTHORIZED_ACCESS,DENIED,0,1,0,0,SUSPICIOUS_ACCESS,HIGH,1
SEC-002509,F001,Smart Campus,B001,Building A,BLK-A2,Block A2,AP-002,Building A Side Entrance,Entrance,2026-01-17 20:23:18,EMP-0271,Employee 271,EMPLOYEE,ACCESS_GRANTED,GRANTED,0,0,0,0,NORMAL,NORMAL,0
SEC-002541,F001,Smart Campus,B003,Building C,BLK-C1,Block C1,AP-006,Server Room Access,Restricted Area,2026-01-17 20:33:23,EMP-0116,Employee 116,EMPLOYEE,ACCESS_GRANTED,GRANTED,0,0,0,0,NORMAL,NORMAL,0
SEC-002487,F001,Smart Campus,B001,Building A,BLK-A2,Block A2,AP-002,Building A Side Entrance,Entrance,2026-01-17 20:34:58,EMP-0368,Employee 368,EMPLOYEE,ACCESS_GRANTED,GRANTED,0,0,0,0,NORMAL,NORMAL,0
SEC-002599,F001,Smart Campus,B003,Building C,BLK-C1,Block C1,AP-005,Building C Main Entrance,Entrance,2026-01-17 20:40:12,VIS-0138,Visitor 138,VISITOR,ACCESS_GRANTED,GRANTED,0,0,0,0,NORMAL,NORMAL,0
SEC-002490,F001,Smart Campus,B003,Building C,BLK-C1,Block C1,AP-005,Building C Main Entrance,Entrance,2026-01-17 20:53:13,EMP-0223,Employee 223,EMPLOYEE,UNAUTHORIZED_ACCESS,DENIED,0,1,0,0,SUSPICIOUS_ACCESS,HIGH,1
SEC-002598,F001,Smart Campus,B002,Building B,BLK-B1,Block B1,AP-003,Building B Main Entrance,Entrance,2026-01-17 20:56:55,EMP-0241,Employee 241,EMPLOYEE,ACCESS_GRANTED,GRANTED,0,0,0,0,NORMAL,NORMAL,0
SEC-002586,F001,Smart Campus,B002,Building B,BLK-B2,Block B2,AP-004,Building B Service Door,Service Area,2026-01-17 21:04:37,EMP-0361,Employee 361,EMPLOYEE,ACCESS_GRANTED,GRANTED,1,0,0,0,NORMAL,LOW,0
SEC-002557,F001,Smart Campus,B002,Building B,BLK-B2,Block B2,AP-004,Building B Service Door,Service Area,2026-01-17 21:26:53,EMP-0261,Employee 261,EMPLOYEE,ACCESS_GRANTED,GRANTED,1,0,0,0,NORMAL,LOW,0
SEC-002516,F001,Smart Campus,B002,Building B,BLK-B1,Block B1,AP-003,Building B Main Entrance,Entrance,2026-01-17 22:20:21,EMP-0015,Employee 15,EMPLOYEE,ACCESS_GRANTED,GRANTED,1,0,0,0,NORMAL,LOW,0
SEC-002577,F001,Smart Campus,B001,Building A,BLK-A2,Block A2,AP-002,Building A Side Entrance,Entrance,2026-01-17 22:40:16,EMP-0364,Employee 364,EMPLOYEE,ACCESS_GRANTED,GRANTED,1,0,0,0,NORMAL,LOW,0
SEC-002531,F001,Smart Campus,B001,Building A,BLK-A2,Block A2,AP-002,Building A Side Entrance,Entrance,2026-01-17 22:48:25,EMP-0461,Employee 461,EMPLOYEE,ACCESS_GRANTED,GRANTED,1,0,0,0,NORMAL,LOW,0
SEC-002575,F001,Smart Campus,B001,Building A,BLK-A2,Block A2,AP-002,Building A Side Entrance,Entrance,2026-01-17 23:14:52,EMP-0497,Employee 497,EMPLOYEE,UNAUTHORIZED_ACCESS,DENIED,1,1,0,0,SUSPICIOUS_ACCESS,CRITICAL,1
SEC-002522,F001,Smart Campus,B003,Building C,BLK-C1,Block C1,AP-006,Server Room Access,Restricted Area,2026-01-17 23:19:53,EMP-0488,Employee 488,EMPLOYEE,ACCESS_GRANTED,GRANTED,1,0,0,0,NORMAL,LOW,0
SEC-002502,F001,Smart Campus,B003,Building C,BLK-C1,Block C1,AP-005,Building C Main Entrance,Entrance,2026-01-17 23:39:03,EMP-0420,Employee 420,EMPLOYEE,ACCESS_GRANTED,GRANTED,1,0,0,0,AFTER_HOURS_MOVEMENT,LOW,0
SEC-002750,F001,Smart Campus,B002,Building B,BLK-B2,Block B2,AP-004,Building B Service Door,Service Area,2026-01-18 00:55:19,VIS-0257,Visitor 257,VISITOR,ACCESS_GRANTED,GRANTED,1,0,0,0,NORMAL,LOW,0
SEC-002738,F001,Smart Campus,B002,Building B,BLK-B1,Block B1,AP-003,Building B Main Entrance,Entrance,2026-01-18 02:24:51,VIS-0172,Visitor 172,VISITOR,ACCESS_GRANTED,GRANTED,1,0,0,0,AFTER_HOURS_MOVEMENT,LOW,0
SEC-002722,F001,Smart Campus,B003,Building C,BLK-C1,Block C1,AP-005,Building C Main Entrance,Entrance,2026-01-18 04:11:51,VIS-0147,Visitor 147,VISITOR,ACCESS_GRANTED,GRANTED,1,0,0,0,NORMAL,LOW,0
SEC-002679,F001,Smart Campus,B002,Building B,BLK-B2,Block B2,AP-004,Building B Service Door,Service Area,2026-01-18 04:14:21,EMP-0086,Employee 86,EMPLOYEE,ACCESS_GRANTED,GRANTED,1,0,0,0,NORMAL,LOW,0
SEC-002683,F001,Smart Campus,B002,Building B,BLK-B2,Block B2,AP-004,Building B Service Door,Service Area,2026-01-18 04:18:05,EMP-0098,Employee 98,EMPLOYEE,ACCESS_GRANTED,GRANTED,1,0,0,0,NORMAL,LOW,0
SEC-002619,F001,Smart Campus,B002,Building B,BLK-B2,Block B2,AP-004,Building B Service Door,Service Area,2026-01-18 04:26:37,EMP-0054,Employee 54,EMPLOYEE,ACCESS_GRANTED,GRANTED,1,0,0,0,NORMAL,LOW,0
SEC-002736,F001,Smart Campus,B001,Building A,BLK-A2,Block A2,AP-002,Building A Side Entrance,Entrance,2026-01-18 05:07:29,EMP-0238,Employee 238,EMPLOYEE,ACCESS_GRANTED,GRANTED,1,0,0,0,NORMAL,LOW,0
SEC-002658,F001,Smart Campus,B003,Building C,BLK-C1,Block C1,AP-006,Server Room Access,Restricted Area,2026-01-18 05:56:23,EMP-0366,Employee 366,EMPLOYEE,ACCESS_GRANTED,GRANTED,1,0,0,0,NORMAL,LOW,0
SEC-002759,F001,Smart Campus,B001,Building A,BLK-A1,Block A1,AP-001,Building A Main Entrance,Entrance,2026-01-18 06:12:00,VIS-0078,Visitor 78,VISITOR,ACCESS_GRANTED,GRANTED,1,0,0,0,NORMAL,LOW,0
SEC-002705,F001,Smart Campus,B003,Building C,BLK-C1,Block C1,AP-005,Building C Main Entrance,Entrance,2026-01-18 06:16:06,CON-0106,Contractor 106,CONTRACTOR,ACCESS_GRANTED,GRANTED,1,0,0,0,NORMAL,LOW,0
SEC-002655,F001,Smart Campus,B003,Building C,BLK-C1,Block C1,AP-005,Building C Main Entrance,Entrance,2026-01-18 06:28:59,CON-0038,Contractor 38,CONTRACTOR,ACCESS_GRANTED,GRANTED,1,0,0,0,AFTER_HOURS_MOVEMENT,LOW,0
SEC-002715,F001,Smart Campus,B002,Building B,BLK-B2,Block B2,AP-004,Building B Service Door,Service Area,2026-01-18 06:29:54,EMP-0026,Employee 26,EMPLOYEE,ACCESS_GRANTED,GRANTED,1,0,0,0,NORMAL,LOW,0
SEC-002755,F001,Smart Campus,B001,Building A,BLK-A2,Block A2,AP-002,Building A Side Entrance,Entrance,2026-01-18 06:32:36,EMP-0418,Employee 418,EMPLOYEE,ACCESS_GRANTED,GRANTED,1,0,0,0,NORMAL,LOW,0
SEC-002620,F001,Smart Campus,B001,Building A,BLK-A1,Block A1,AP-001,Building A Main Entrance,Entrance,2026-01-18 06:57:52,EMP-0160,Employee 160,EMPLOYEE,ACCESS_GRANTED,GRANTED,1,0,0,0,NORMAL,LOW,0
SEC-002661,F001,Smart Campus,B002,Building B,BLK-B2,Block B2,AP-004,Building B Service Door,Service Area,2026-01-18 07:09:15,VIS-0063,Visitor 63,VISITOR,ACCESS_GRANTED,GRANTED,0,0,0,0,NORMAL,NORMAL,0
SEC-002721,F001,Smart Campus,B003,Building C,BLK-C1,Block C1,AP-005,Building C Main Entrance,Entrance,2026-01-18 07:14:45,EMP-0272,Employee 272,EMPLOYEE,ACCESS_GRANTED,GRANTED,0,0,0,0,NORMAL,NORMAL,0
SEC-002678,F001,Smart Campus,B002,Building B,BLK-B1,Block B1,AP-003,Building B Main Entrance,Entrance,2026-01-18 07:20:14,EMP-0092,Employee 92,EMPLOYEE,ACCESS_GRANTED,GRANTED,0,0,0,0,NORMAL,NORMAL,0
SEC-002732,F001,Smart Campus,B003,Building C,BLK-C1,Block C1,AP-006,Server Room Access,Restricted Area,2026-01-18 07:25:11,EMP-0165,Employee 165,EMPLOYEE,ACCESS_GRANTED,GRANTED,0,0,0,0,NORMAL,NORMAL,0
SEC-002707,F001,Smart Campus,B003,Building C,BLK-C1,Block C1,AP-005,Building C Main Entrance,Entrance,2026-01-18 07:33:14,EMP-0325,Employee 325,EMPLOYEE,ACCESS_GRANTED,GRANTED,0,0,0,0,NORMAL,NORMAL,0
SEC-002763,F001,Smart Campus,B002,Building B,BLK-B1,Block B1,AP-003,Building B Main Entrance,Entrance,2026-01-18 07:33:34,EMP-0277,Employee 277,EMPLOYEE,ACCESS_GRANTED,GRANTED,0,0,0,0,NORMAL,NORMAL,0
SEC-002651,F001,Smart Campus,B003,Building C,BLK-C1,Block C1,AP-005,Building C Main Entrance,Entrance,2026-01-18 07:33:55,EMP-0151,Employee 151,EMPLOYEE,ACCESS_GRANTED,GRANTED,0,0,0,0,NORMAL,NORMAL,0
SEC-002623,F001,Smart Campus,B001,Building A,BLK-A1,Block A1,AP-001,Building A Main Entrance,Entrance,2026-01-18 07:43:29,VIS-0265,Visitor 265,VISITOR,ACCESS_GRANTED,GRANTED,0,0,0,0,NORMAL,NORMAL,0
SEC-002634,F001,Smart Campus,B001,Building A,BLK-A1,Block A1,AP-001,Building A Main Entrance,Entrance,2026-01-18 07:48:53,EMP-0344,Employee 344,EMPLOYEE,ACCESS_GRANTED,GRANTED,0,0,0,0,NORMAL,NORMAL,0
SEC-002618,F001,Smart Campus,B002,Building B,BLK-B1,Block B1,AP-003,Building B Main Entrance,Entrance,2026-01-18 08:02:24,EMP-0397,Employee 397,EMPLOYEE,ACCESS_GRANTED,GRANTED,0,0,0,0,NORMAL,NORMAL,0
SEC-002688,F001,Smart Campus,B002,Building B,BLK-B2,Block B2,AP-004,Building B Service Door,Service Area,2026-01-18 08:12:17,EMP-0046,Employee 46,EMPLOYEE,ACCESS_GRANTED,GRANTED,0,0,0,0,NORMAL,NORMAL,0
SEC-002669,F001,Smart Campus,B001,Building A,BLK-A1,Block A1,AP-001,Building A Main Entrance,Entrance,2026-01-18 08:12:57,EMP-0350,Employee 350,EMPLOYEE,ACCESS_GRANTED,GRANTED,0,0,0,0,NORMAL,NORMAL,0
SEC-002680,F001,Smart Campus,B001,Building A,BLK-A1,Block A1,AP-001,Building A Main Entrance,Entrance,2026-01-18 08:15:33,EMP-0171,Employee 171,EMPLOYEE,ACCESS_GRANTED,GRANTED,0,0,0,0,NORMAL,NORMAL,0
SEC-002703,F001,Smart Campus,B002,Building B,BLK-B2,Block B2,AP-004,Building B Service Door,Service Area,2026-01-18 08:25:17,EMP-0271,Employee 271,EMPLOYEE,ACCESS_GRANTED,GRANTED,0,0,0,0,NORMAL,NORMAL,0
SEC-002748,F001,Smart Campus,B001,Building A,BLK-A1,Block A1,AP-001,Building A Main Entrance,Entrance,2026-01-18 08:40:38,VIS-0202,Visitor 202,VISITOR,ACCESS_GRANTED,GRANTED,0,0,0,0,NORMAL,NORMAL,0
SEC-002757,F001,Smart Campus,B003,Building C,BLK-C1,Block C1,AP-006,Server Room Access,Restricted Area,2026-01-18 08:46:37,EMP-0212,Employee 212,EMPLOYEE,ACCESS_GRANTED,GRANTED,0,0,0,0,NORMAL,NORMAL,0
SEC-002628,F001,Smart Campus,B002,Building B,BLK-B2,Block B2,AP-004,Building B Service Door,Service Area,2026-01-18 08:52:10,EMP-0221,Employee 221,EMPLOYEE,ACCESS_GRANTED,GRANTED,0,0,0,0,NORMAL,NORMAL,0
SEC-002666,F001,Smart Campus,B003,Building C,BLK-C1,Block C1,AP-006,Server Room Access,Restricted Area,2026-01-18 08:58:03,VIS-0166,Visitor 166,VISITOR,ACCESS_GRANTED,GRANTED,0,0,0,0,NORMAL,NORMAL,0
SEC-002699,F001,Smart Campus,B001,Building A,BLK-A2,Block A2,AP-002,Building A Side Entrance,Entrance,2026-01-18 09:03:29,VIS-0137,Visitor 137,VISITOR,ACCESS_GRANTED,GRANTED,0,0,0,0,NORMAL,NORMAL,0
SEC-002720,F001,Smart Campus,B003,Building C,BLK-C1,Block C1,AP-006,Server Room Access,Restricted Area,2026-01-18 09:06:42,VIS-0270,Visitor 270,VISITOR,ACCESS_GRANTED,GRANTED,0,0,0,0,NORMAL,NORMAL,0
SEC-002758,F001,Smart Campus,B002,Building B,BLK-B1,Block B1,AP-003,Building B Main Entrance,Entrance,2026-01-18 09:09:14,EMP-0186,Employee 186,EMPLOYEE,ACCESS_GRANTED,GRANTED,0,0,0,0,NORMAL,NORMAL,0
SEC-002677,F001,Smart Campus,B001,Building A,BLK-A2,Block A2,AP-002,Building A Side Entrance,Entrance,2026-01-18 09:09:50,VIS-0029,Visitor 29,VISITOR,ACCESS_GRANTED,GRANTED,0,0,0,0,NORMAL,NORMAL,0
SEC-002685,F001,Smart Campus,B001,Building A,BLK-A1,Block A1,AP-001,Building A Main Entrance,Entrance,2026-01-18 09:21:42,EMP-0188,Employee 188,EMPLOYEE,ACCESS_GRANTED,GRANTED,0,0,0,0,NORMAL,NORMAL,0
SEC-002719,F001,Smart Campus,B001,Building A,BLK-A2,Block A2,AP-002,Building A Side Entrance,Entrance,2026-01-18 09:23:56,VIS-0245,Visitor 245,VISITOR,ACCESS_GRANTED,GRANTED,0,0,0,0,NORMAL,NORMAL,0
SEC-002724,F001,Smart Campus,B001,Building A,BLK-A2,Block A2,AP-002,Building A Side Entrance,Entrance,2026-01-18 09:33:21,EMP-0331,Employee 331,EMPLOYEE,ACCESS_GRANTED,GRANTED,0,0,0,0,NORMAL,NORMAL,0
SEC-002760,F001,Smart Campus,B001,Building A,BLK-A2,Block A2,AP-002,Building A Side Entrance,Entrance,2026-01-18 09:34:54,EMP-0314,Employee 314,EMPLOYEE,ACCESS_GRANTED,GRANTED,0,0,0,0,NORMAL,NORMAL,0
SEC-002749,F001,Smart Campus,B002,Building B,BLK-B2,Block B2,AP-004,Building B Service Door,Service Area,2026-01-18 09:45:59,EMP-0028,Employee 28,EMPLOYEE,ACCESS_GRANTED,GRANTED,0,0,0,0,NORMAL,NORMAL,0
SEC-002704,F001,Smart Campus,B002,Building B,BLK-B1,Block B1,AP-003,Building B Main Entrance,Entrance,2026-01-18 09:49:08,VIS-0012,Visitor 12,VISITOR,ACCESS_GRANTED,GRANTED,0,0,0,0,NORMAL,NORMAL,0
SEC-002754,F001,Smart Campus,B002,Building B,BLK-B1,Block B1,AP-003,Building B Main Entrance,Entrance,2026-01-18 09:52:30,EMP-0337,Employee 337,EMPLOYEE,ACCESS_GRANTED,GRANTED,0,0,0,0,NORMAL,NORMAL,0
SEC-002670,F001,Smart Campus,B001,Building A,BLK-A1,Block A1,AP-001,Building A Main Entrance,Entrance,2026-01-18 09:56:28,EMP-0362,Employee 362,EMPLOYEE,ACCESS_GRANTED,GRANTED,0,0,0,0,NORMAL,NORMAL,0
SEC-002635,F001,Smart Campus,B002,Building B,BLK-B1,Block B1,AP-003,Building B Main Entrance,Entrance,2026-01-18 09:58:13,EMP-0088,Employee 88,EMPLOYEE,ACCESS_GRANTED,GRANTED,0,0,0,0,NORMAL,NORMAL,0
SEC-002684,F001,Smart Campus,B003,Building C,BLK-C1,Block C1,AP-005,Building C Main Entrance,Entrance,2026-01-18 09:59:59,EMP-0204,Employee 204,EMPLOYEE,ACCESS_GRANTED,GRANTED,0,0,0,0,NORMAL,NORMAL,0
SEC-002702,F001,Smart Campus,B003,Building C,BLK-C1,Block C1,AP-005,Building C Main Entrance,Entrance,2026-01-18 10:01:18,CON-0089,Contractor 89,CONTRACTOR,ACCESS_GRANTED,GRANTED,0,0,0,0,NORMAL,NORMAL,0
SEC-002767,F001,Smart Campus,B002,Building B,BLK-B1,Block B1,AP-003,Building B Main Entrance,Entrance,2026-01-18 10:14:19,VIS-0227,Visitor 227,VISITOR,ACCESS_GRANTED,GRANTED,0,0,0,0,NORMAL,NORMAL,0
SEC-002687,F001,Smart Campus,B001,Building A,BLK-A2,Block A2,AP-002,Building A Side Entrance,Entrance,2026-01-18 10:17:48,VIS-0172,Visitor 172,VISITOR,ACCESS_DENIED,DENIED,0,0,0,0,NORMAL,MEDIUM,1
SEC-002737,F001,Smart Campus,B001,Building A,BLK-A2,Block A2,AP-002,Building A Side Entrance,Entrance,2026-01-18 10:20:14,CON-0119,Contractor 119,CONTRACTOR,ACCESS_GRANTED,GRANTED,0,0,0,0,NORMAL,NORMAL,0
SEC-002742,F001,Smart Campus,B001,Building A,BLK-A2,Block A2,AP-002,Building A Side Entrance,Entrance,2026-01-18 10:23:24,EMP-0337,Employee 337,EMPLOYEE,ACCESS_GRANTED,GRANTED,0,0,0,0,NORMAL,NORMAL,0
SEC-002636,F001,Smart Campus,B002,Building B,BLK-B2,Block B2,AP-004,Building B Service Door,Service Area,2026-01-18 10:36:06,EMP-0242,Employee 242,EMPLOYEE,ACCESS_GRANTED,GRANTED,0,0,0,0,NORMAL,NORMAL,0
SEC-002714,F001,Smart Campus,B003,Building C,BLK-C1,Block C1,AP-006,Server Room Access,Restricted Area,2026-01-18 10:39:04,EMP-0112,Employee 112,EMPLOYEE,ACCESS_GRANTED,GRANTED,0,0,0,0,NORMAL,NORMAL,0
SEC-002663,F001,Smart Campus,B002,Building B,BLK-B1,Block B1,AP-003,Building B Main Entrance,Entrance,2026-01-18 10:47:17,EMP-0302,Employee 302,EMPLOYEE,ACCESS_GRANTED,GRANTED,0,0,0,0,NORMAL,NORMAL,0
SEC-002622,F001,Smart Campus,B003,Building C,BLK-C1,Block C1,AP-006,Server Room Access,Restricted Area,2026-01-18 10:49:33,EMP-0178,Employee 178,EMPLOYEE,ACCESS_GRANTED,GRANTED,0,0,0,0,NORMAL,NORMAL,0
SEC-002641,F001,Smart Campus,B003,Building C,BLK-C1,Block C1,AP-006,Server Room Access,Restricted Area,2026-01-18 11:13:37,EMP-0187,Employee 187,EMPLOYEE,ACCESS_GRANTED,GRANTED,0,0,0,0,NORMAL,NORMAL,0
SEC-002631,F001,Smart Campus,B003,Building C,BLK-C1,Block C1,AP-005,Building C Main Entrance,Entrance,2026-01-18 11:18:03,VIS-0119,Visitor 119,VISITOR,ACCESS_GRANTED,GRANTED,0,0,0,0,NORMAL,NORMAL,0
SEC-002761,F001,Smart Campus,B003,Building C,BLK-C1,Block C1,AP-005,Building C Main Entrance,Entrance,2026-01-18 11:31:10,EMP-0341,Employee 341,EMPLOYEE,ACCESS_GRANTED,GRANTED,0,0,0,0,NORMAL,NORMAL,0
SEC-002652,F001,Smart Campus,B002,Building B,BLK-B2,Block B2,AP-004,Building B Service Door,Service Area,2026-01-18 11:56:13,EMP-0439,Employee 439,EMPLOYEE,ACCESS_GRANTED,GRANTED,0,0,0,0,NORMAL,NORMAL,0
SEC-002668,F001,Smart Campus,B003,Building C,BLK-C1,Block C1,AP-006,Server Room Access,Restricted Area,2026-01-18 11:59:14,EMP-0132,Employee 132,EMPLOYEE,ACCESS_GRANTED,GRANTED,0,0,0,0,NORMAL,NORMAL,0
SEC-002630,F001,Smart Campus,B003,Building C,BLK-C1,Block C1,AP-006,Server Room Access,Restricted Area,2026-01-18 12:02:47,VIS-0250,Visitor 250,VISITOR,ACCESS_DENIED,DENIED,0,0,0,0,NORMAL,MEDIUM,1
SEC-002686,F001,Smart Campus,B002,Building B,BLK-B2,Block B2,AP-004,Building B Service Door,Service Area,2026-01-18 12:04:55,EMP-0244,Employee 244,EMPLOYEE,ACCESS_GRANTED,GRANTED,0,0,0,0,NORMAL,NORMAL,0
SEC-002646,F001,Smart Campus,B003,Building C,BLK-C1,Block C1,AP-006,Server Room Access,Restricted Area,2026-01-18 12:12:11,EMP-0287,Employee 287,EMPLOYEE,ACCESS_GRANTED,GRANTED,0,0,0,0,NORMAL,NORMAL,0
SEC-002637,F001,Smart Campus,B001,Building A,BLK-A2,Block A2,AP-002,Building A Side Entrance,Entrance,2026-01-18 12:25:33,EMP-0259,Employee 259,EMPLOYEE,ACCESS_GRANTED,GRANTED,0,0,0,0,NORMAL,NORMAL,0
SEC-002701,F001,Smart Campus,B002,Building B,BLK-B1,Block B1,AP-003,Building B Main Entrance,Entrance,2026-01-18 12:26:43,EMP-0367,Employee 367,EMPLOYEE,ACCESS_GRANTED,GRANTED,0,0,0,0,NORMAL,NORMAL,0
SEC-002682,F001,Smart Campus,B003,Building C,BLK-C1,Block C1,AP-006,Server Room Access,Restricted Area,2026-01-18 12:31:00,EMP-0490,Employee 490,EMPLOYEE,ACCESS_GRANTED,GRANTED,0,0,0,0,NORMAL,NORMAL,0
SEC-002756,F001,Smart Campus,B003,Building C,BLK-C1,Block C1,AP-005,Building C Main Entrance,Entrance,2026-01-18 12:31:30,EMP-0070,Employee 70,EMPLOYEE,ACCESS_GRANTED,GRANTED,0,0,0,0,NORMAL,NORMAL,0
SEC-002734,F001,Smart Campus,B003,Building C,BLK-C1,Block C1,AP-006,Server Room Access,Restricted Area,2026-01-18 12:32:44,EMP-0094,Employee 94,EMPLOYEE,ACCESS_GRANTED,GRANTED,0,0,0,0,NORMAL,NORMAL,0
SEC-002665,F001,Smart Campus,B002,Building B,BLK-B1,Block B1,AP-003,Building B Main Entrance,Entrance,2026-01-18 12:32:57,VIS-0287,Visitor 287,VISITOR,ACCESS_GRANTED,GRANTED,0,0,0,0,NORMAL,NORMAL,0
SEC-002706,F001,Smart Campus,B002,Building B,BLK-B1,Block B1,AP-003,Building B Main Entrance,Entrance,2026-01-18 12:34:25,EMP-0382,Employee 382,EMPLOYEE,UNAUTHORIZED_ACCESS,DENIED,0,1,0,0,SUSPICIOUS_ACCESS,HIGH,1
SEC-002659,F001,Smart Campus,B001,Building A,BLK-A1,Block A1,AP-001,Building A Main Entrance,Entrance,2026-01-18 12:36:25,CON-0006,Contractor 6,CONTRACTOR,ACCESS_GRANTED,GRANTED,0,0,0,0,NORMAL,NORMAL,0
SEC-002746,F001,Smart Campus,B001,Building A,BLK-A1,Block A1,AP-001,Building A Main Entrance,Entrance,2026-01-18 13:05:16,EMP-0328,Employee 328,EMPLOYEE,ACCESS_GRANTED,GRANTED,0,0,0,0,NORMAL,NORMAL,0
SEC-002747,F001,Smart Campus,B001,Building A,BLK-A1,Block A1,AP-001,Building A Main Entrance,Entrance,2026-01-18 13:11:55,CON-0113,Contractor 113,CONTRACTOR,ACCESS_GRANTED,GRANTED,0,0,0,0,NORMAL,NORMAL,0
SEC-002643,F001,Smart Campus,B003,Building C,BLK-C1,Block C1,AP-006,Server Room Access,Restricted Area,2026-01-18 13:12:25,EMP-0036,Employee 36,EMPLOYEE,ACCESS_GRANTED,GRANTED,0,0,0,0,NORMAL,NORMAL,0
SEC-002654,F001,Smart Campus,B002,Building B,BLK-B2,Block B2,AP-004,Building B Service Door,Service Area,2026-01-18 13:15:19,VIS-0061,Visitor 61,VISITOR,UNAUTHORIZED_ACCESS,DENIED,0,1,0,0,SUSPICIOUS_ACCESS,HIGH,1
SEC-002674,F001,Smart Campus,B003,Building C,BLK-C1,Block C1,AP-005,Building C Main Entrance,Entrance,2026-01-18 13:17:56,EMP-0172,Employee 172,EMPLOYEE,ACCESS_GRANTED,GRANTED,0,0,0,0,NORMAL,NORMAL,0
SEC-002733,F001,Smart Campus,B001,Building A,BLK-A1,Block A1,AP-001,Building A Main Entrance,Entrance,2026-01-18 13:28:06,EMP-0402,Employee 402,EMPLOYEE,ACCESS_GRANTED,GRANTED,0,0,0,0,NORMAL,NORMAL,0
SEC-002697,F001,Smart Campus,B001,Building A,BLK-A1,Block A1,AP-001,Building A Main Entrance,Entrance,2026-01-18 13:36:19,EMP-0456,Employee 456,EMPLOYEE,ACCESS_GRANTED,GRANTED,0,0,0,0,NORMAL,NORMAL,0
SEC-002713,F001,Smart Campus,B001,Building A,BLK-A1,Block A1,AP-001,Building A Main Entrance,Entrance,2026-01-18 13:42:48,EMP-0137,Employee 137,EMPLOYEE,ACCESS_GRANTED,GRANTED,0,0,0,0,NORMAL,NORMAL,0
SEC-002725,F001,Smart Campus,B002,Building B,BLK-B2,Block B2,AP-004,Building B Service Door,Service Area,2026-01-18 13:45:42,EMP-0243,Employee 243,EMPLOYEE,ACCESS_GRANTED,GRANTED,0,0,0,0,NORMAL,NORMAL,0
SEC-002689,F001,Smart Campus,B003,Building C,BLK-C1,Block C1,AP-006,Server Room Access,Restricted Area,2026-01-18 13:49:21,EMP-0416,Employee 416,EMPLOYEE,ACCESS_GRANTED,GRANTED,0,0,0,0,NORMAL,NORMAL,0
SEC-002743,F001,Smart Campus,B002,Building B,BLK-B1,Block B1,AP-003,Building B Main Entrance,Entrance,2026-01-18 13:59:54,CON-0096,Contractor 96,CONTRACTOR,ACCESS_GRANTED,GRANTED,0,0,0,0,NORMAL,NORMAL,0
SEC-002753,F001,Smart Campus,B003,Building C,BLK-C1,Block C1,AP-006,Server Room Access,Restricted Area,2026-01-18 14:05:11,EMP-0472,Employee 472,EMPLOYEE,ACCESS_GRANTED,GRANTED,0,0,0,0,NORMAL,NORMAL,0
SEC-002638,F001,Smart Campus,B002,Building B,BLK-B2,Block B2,AP-004,Building B Service Door,Service Area,2026-01-18 14:18:49,EMP-0194,Employee 194,EMPLOYEE,ACCESS_GRANTED,GRANTED,0,0,0,0,NORMAL,NORMAL,0
SEC-002642,F001,Smart Campus,B002,Building B,BLK-B1,Block B1,AP-003,Building B Main Entrance,Entrance,2026-01-18 14:23:08,EMP-0221,Employee 221,EMPLOYEE,ACCESS_GRANTED,GRANTED,0,0,0,0,NORMAL,NORMAL,0
SEC-002644,F001,Smart Campus,B001,Building A,BLK-A2,Block A2,AP-002,Building A Side Entrance,Entrance,2026-01-18 14:24:56,EMP-0313,Employee 313,EMPLOYEE,ACCESS_GRANTED,GRANTED,0,0,0,0,NORMAL,NORMAL,0
SEC-002739,F001,Smart Campus,B003,Building C,BLK-C1,Block C1,AP-006,Server Room Access,Restricted Area,2026-01-18 14:38:05,EMP-0241,Employee 241,EMPLOYEE,ACCESS_GRANTED,GRANTED,0,0,0,0,NORMAL,NORMAL,0
SEC-002653,F001,Smart Campus,B003,Building C,BLK-C1,Block C1,AP-006,Server Room Access,Restricted Area,2026-01-18 14:42:29,VIS-0218,Visitor 218,VISITOR,ACCESS_GRANTED,GRANTED,0,0,0,0,NORMAL,NORMAL,0
SEC-002762,F001,Smart Campus,B002,Building B,BLK-B1,Block B1,AP-003,Building B Main Entrance,Entrance,2026-01-18 14:43:09,VIS-0126,Visitor 126,VISITOR,ACCESS_DENIED,DENIED,0,0,0,0,NORMAL,MEDIUM,1
SEC-002625,F001,Smart Campus,B001,Building A,BLK-A2,Block A2,AP-002,Building A Side Entrance,Entrance,2026-01-18 14:48:05,EMP-0295,Employee 295,EMPLOYEE,ACCESS_GRANTED,GRANTED,0,0,0,0,NORMAL,NORMAL,0
SEC-002717,F001,Smart Campus,B002,Building B,BLK-B1,Block B1,AP-003,Building B Main Entrance,Entrance,2026-01-18 14:54:35,EMP-0010,Employee 10,EMPLOYEE,ACCESS_GRANTED,GRANTED,0,0,0,0,NORMAL,NORMAL,0
SEC-002621,F001,Smart Campus,B002,Building B,BLK-B1,Block B1,AP-003,Building B Main Entrance,Entrance,2026-01-18 14:55:59,EMP-0424,Employee 424,EMPLOYEE,ACCESS_GRANTED,GRANTED,0,0,0,0,NORMAL,NORMAL,0
SEC-002691,F001,Smart Campus,B002,Building B,BLK-B2,Block B2,AP-004,Building B Service Door,Service Area,2026-01-18 15:34:17,EMP-0431,Employee 431,EMPLOYEE,ACCESS_GRANTED,GRANTED,0,0,0,0,NORMAL,NORMAL,0
SEC-002672,F001,Smart Campus,B002,Building B,BLK-B1,Block B1,AP-003,Building B Main Entrance,Entrance,2026-01-18 15:40:06,EMP-0369,Employee 369,EMPLOYEE,ACCESS_GRANTED,GRANTED,0,0,0,0,NORMAL,NORMAL,0
SEC-002731,F001,Smart Campus,B001,Building A,BLK-A2,Block A2,AP-002,Building A Side Entrance,Entrance,2026-01-18 15:45:41,EMP-0404,Employee 404,EMPLOYEE,ACCESS_GRANTED,GRANTED,0,0,0,0,NORMAL,NORMAL,0
SEC-002723,F001,Smart Campus,B001,Building A,BLK-A2,Block A2,AP-002,Building A Side Entrance,Entrance,2026-01-18 15:50:38,EMP-0386,Employee 386,EMPLOYEE,ACCESS_GRANTED,GRANTED,0,0,0,0,NORMAL,NORMAL,0
SEC-002700,F001,Smart Campus,B003,Building C,BLK-C1,Block C1,AP-006,Server Room Access,Restricted Area,2026-01-18 16:04:54,EMP-0003,Employee 3,EMPLOYEE,ACCESS_GRANTED,GRANTED,0,0,0,0,NORMAL,NORMAL,0
SEC-002640,F001,Smart Campus,B001,Building A,BLK-A2,Block A2,AP-002,Building A Side Entrance,Entrance,2026-01-18 16:13:32,EMP-0183,Employee 183,EMPLOYEE,ACCESS_GRANTED,GRANTED,0,0,0,0,NORMAL,NORMAL,0
SEC-002693,F001,Smart Campus,B001,Building A,BLK-A1,Block A1,AP-001,Building A Main Entrance,Entrance,2026-01-18 16:15:00,EMP-0267,Employee 267,EMPLOYEE,ACCESS_GRANTED,GRANTED,0,0,0,0,NORMAL,NORMAL,0
SEC-002745,F001,Smart Campus,B003,Building C,BLK-C1,Block C1,AP-006,Server Room Access,Restricted Area,2026-01-18 16:19:51,EMP-0198,Employee 198,EMPLOYEE,ACCESS_GRANTED,GRANTED,0,0,0,0,NORMAL,NORMAL,0
SEC-002662,F001,Smart Campus,B003,Building C,BLK-C1,Block C1,AP-005,Building C Main Entrance,Entrance,2026-01-18 16:26:33,EMP-0091,Employee 91,EMPLOYEE,ACCESS_GRANTED,GRANTED,0,0,0,0,NORMAL,NORMAL,0
SEC-002729,F001,Smart Campus,B001,Building A,BLK-A2,Block A2,AP-002,Building A Side Entrance,Entrance,2026-01-18 16:27:08,EMP-0101,Employee 101,EMPLOYEE,ACCESS_GRANTED,GRANTED,0,0,0,0,NORMAL,NORMAL,0
SEC-002708,F001,Smart Campus,B003,Building C,BLK-C1,Block C1,AP-005,Building C Main Entrance,Entrance,2026-01-18 16:34:59,EMP-0302,Employee 302,EMPLOYEE,ACCESS_GRANTED,GRANTED,0,0,0,0,NORMAL,NORMAL,0
SEC-002730,F001,Smart Campus,B002,Building B,BLK-B1,Block B1,AP-003,Building B Main Entrance,Entrance,2026-01-18 16:39:56,EMP-0238,Employee 238,EMPLOYEE,ACCESS_GRANTED,GRANTED,0,0,0,0,NORMAL,NORMAL,0
SEC-002645,F001,Smart Campus,B001,Building A,BLK-A1,Block A1,AP-001,Building A Main Entrance,Entrance,2026-01-18 16:48:22,EMP-0188,Employee 188,EMPLOYEE,ACCESS_GRANTED,GRANTED,0,0,0,0,NORMAL,NORMAL,0
SEC-002647,F001,Smart Campus,B001,Building A,BLK-A1,Block A1,AP-001,Building A Main Entrance,Entrance,2026-01-18 16:51:38,EMP-0369,Employee 369,EMPLOYEE,ACCESS_GRANTED,GRANTED,0,0,0,0,NORMAL,NORMAL,0
SEC-002675,F001,Smart Campus,B003,Building C,BLK-C1,Block C1,AP-005,Building C Main Entrance,Entrance,2026-01-18 17:02:43,EMP-0318,Employee 318,EMPLOYEE,ACCESS_GRANTED,GRANTED,0,0,0,0,NORMAL,NORMAL,0
SEC-002718,F001,Smart Campus,B003,Building C,BLK-C1,Block C1,AP-005,Building C Main Entrance,Entrance,2026-01-18 17:14:12,VIS-0145,Visitor 145,VISITOR,ACCESS_GRANTED,GRANTED,0,0,0,0,NORMAL,NORMAL,0
SEC-002690,F001,Smart Campus,B002,Building B,BLK-B2,Block B2,AP-004,Building B Service Door,Service Area,2026-01-18 17:32:06,CON-0001,Contractor 1,CONTRACTOR,ACCESS_GRANTED,GRANTED,0,0,0,0,NORMAL,NORMAL,0
SEC-002657,F001,Smart Campus,B001,Building A,BLK-A2,Block A2,AP-002,Building A Side Entrance,Entrance,2026-01-18 17:37:04,EMP-0208,Employee 208,EMPLOYEE,ACCESS_GRANTED,GRANTED,0,0,0,0,NORMAL,NORMAL,0
SEC-002676,F001,Smart Campus,B003,Building C,BLK-C1,Block C1,AP-006,Server Room Access,Restricted Area,2026-01-18 17:52:11,EMP-0034,Employee 34,EMPLOYEE,ACCESS_DENIED,DENIED,0,0,0,0,NORMAL,MEDIUM,1
SEC-002694,F001,Smart Campus,B001,Building A,BLK-A1,Block A1,AP-001,Building A Main Entrance,Entrance,2026-01-18 17:58:32,EMP-0062,Employee 62,EMPLOYEE,ACCESS_GRANTED,GRANTED,0,0,0,0,NORMAL,NORMAL,0
SEC-002709,F001,Smart Campus,B001,Building A,BLK-A2,Block A2,AP-002,Building A Side Entrance,Entrance,2026-01-18 17:58:38,EMP-0073,Employee 73,EMPLOYEE,ACCESS_GRANTED,GRANTED,0,0,0,0,NORMAL,NORMAL,0
SEC-002624,F001,Smart Campus,B002,Building B,BLK-B1,Block B1,AP-003,Building B Main Entrance,Entrance,2026-01-18 18:01:53,EMP-0228,Employee 228,EMPLOYEE,ACCESS_GRANTED,GRANTED,0,0,0,0,NORMAL,NORMAL,0
SEC-002629,F001,Smart Campus,B002,Building B,BLK-B2,Block B2,AP-004,Building B Service Door,Service Area,2026-01-18 18:08:17,EMP-0308,Employee 308,EMPLOYEE,ACCESS_GRANTED,GRANTED,0,0,0,0,NORMAL,NORMAL,0
SEC-002673,F001,Smart Campus,B002,Building B,BLK-B2,Block B2,AP-004,Building B Service Door,Service Area,2026-01-18 18:22:19,EMP-0037,Employee 37,EMPLOYEE,ACCESS_GRANTED,GRANTED,0,0,0,0,NORMAL,NORMAL,0
SEC-002728,F001,Smart Campus,B003,Building C,BLK-C1,Block C1,AP-006,Server Room Access,Restricted Area,2026-01-18 18:28:11,EMP-0324,Employee 324,EMPLOYEE,ACCESS_GRANTED,GRANTED,0,0,0,0,NORMAL,NORMAL,0
SEC-002752,F001,Smart Campus,B003,Building C,BLK-C1,Block C1,AP-005,Building C Main Entrance,Entrance,2026-01-18 18:34:25,EMP-0241,Employee 241,EMPLOYEE,ACCESS_GRANTED,GRANTED,0,0,0,0,NORMAL,NORMAL,0
SEC-002764,F001,Smart Campus,B002,Building B,BLK-B1,Block B1,AP-003,Building B Main Entrance,Entrance,2026-01-18 18:43:21,EMP-0334,Employee 334,EMPLOYEE,UNAUTHORIZED_ACCESS,DENIED,0,1,0,0,SUSPICIOUS_ACCESS,HIGH,1
SEC-002735,F001,Smart Campus,B003,Building C,BLK-C1,Block C1,AP-006,Server Room Access,Restricted Area,2026-01-18 18:44:37,CON-0109,Contractor 109,CONTRACTOR,ACCESS_GRANTED,GRANTED,0,0,0,0,NORMAL,NORMAL,0
SEC-002716,F001,Smart Campus,B003,Building C,BLK-C1,Block C1,AP-006,Server Room Access,Restricted Area,2026-01-18 19:03:45,CON-0021,Contractor 21,CONTRACTOR,TAILGATING,GRANTED,0,0,0,1,TAILGATING,HIGH,1
SEC-002726,F001,Smart Campus,B002,Building B,BLK-B2,Block B2,AP-004,Building B Service Door,Service Area,2026-01-18 19:04:33,CON-0146,Contractor 146,CONTRACTOR,ACCESS_GRANTED,GRANTED,0,0,0,0,NORMAL,NORMAL,0
SEC-002710,F001,Smart Campus,B003,Building C,BLK-C1,Block C1,AP-005,Building C Main Entrance,Entrance,2026-01-18 19:11:30,EMP-0464,Employee 464,EMPLOYEE,ACCESS_GRANTED,GRANTED,0,0,0,0,NORMAL,NORMAL,0
SEC-002639,F001,Smart Campus,B002,Building B,BLK-B2,Block B2,AP-004,Building B Service Door,Service Area,2026-01-18 19:18:54,VIS-0241,Visitor 241,VISITOR,ACCESS_GRANTED,GRANTED,0,0,0,0,NORMAL,NORMAL,0
SEC-002740,F001,Smart Campus,B003,Building C,BLK-C1,Block C1,AP-005,Building C Main Entrance,Entrance,2026-01-18 19:26:05,CON-0148,Contractor 148,CONTRACTOR,ACCESS_GRANTED,GRANTED,0,0,0,0,NORMAL,NORMAL,0
SEC-002667,F001,Smart Campus,B003,Building C,BLK-C1,Block C1,AP-006,Server Room Access,Restricted Area,2026-01-18 19:27:44,VIS-0236,Visitor 236,VISITOR,ACCESS_GRANTED,GRANTED,0,0,0,0,NORMAL,NORMAL,0
SEC-002627,F001,Smart Campus,B003,Building C,BLK-C1,Block C1,AP-005,Building C Main Entrance,Entrance,2026-01-18 19:41:11,EMP-0301,Employee 301,EMPLOYEE,ACCESS_GRANTED,GRANTED,0,0,0,0,NORMAL,NORMAL,0
SEC-002650,F001,Smart Campus,B001,Building A,BLK-A1,Block A1,AP-001,Building A Main Entrance,Entrance,2026-01-18 19:43:16,EMP-0241,Employee 241,EMPLOYEE,ACCESS_GRANTED,GRANTED,0,0,0,0,NORMAL,NORMAL,0
SEC-002766,F001,Smart Campus,B001,Building A,BLK-A2,Block A2,AP-002,Building A Side Entrance,Entrance,2026-01-18 19:49:46,EMP-0219,Employee 219,EMPLOYEE,ACCESS_GRANTED,GRANTED,0,0,0,0,NORMAL,NORMAL,0
SEC-002692,F001,Smart Campus,B002,Building B,BLK-B1,Block B1,AP-003,Building B Main Entrance,Entrance,2026-01-18 19:58:55,EMP-0420,Employee 420,EMPLOYEE,ACCESS_GRANTED,GRANTED,0,0,0,0,NORMAL,NORMAL,0
SEC-002660,F001,Smart Campus,B002,Building B,BLK-B1,Block B1,AP-003,Building B Main Entrance,Entrance,2026-01-18 20:06:17,EMP-0002,Employee 2,EMPLOYEE,UNAUTHORIZED_ACCESS,DENIED,0,1,0,0,SUSPICIOUS_ACCESS,HIGH,1
SEC-002633,F001,Smart Campus,B002,Building B,BLK-B2,Block B2,AP-004,Building B Service Door,Service Area,2026-01-18 20:06:18,EMP-0336,Employee 336,EMPLOYEE,ACCESS_GRANTED,GRANTED,0,0,0,0,NORMAL,NORMAL,0
SEC-002617,F001,Smart Campus,B002,Building B,BLK-B2,Block B2,AP-004,Building B Service Door,Service Area,2026-01-18 20:24:09,EMP-0295,Employee 295,EMPLOYEE,ACCESS_GRANTED,GRANTED,0,0,0,0,NORMAL,NORMAL,0
SEC-002712,F001,Smart Campus,B003,Building C,BLK-C1,Block C1,AP-005,Building C Main Entrance,Entrance,2026-01-18 20:29:31,EMP-0499,Employee 499,EMPLOYEE,ACCESS_GRANTED,GRANTED,0,0,0,0,NORMAL,NORMAL,0
SEC-002664,F001,Smart Campus,B002,Building B,BLK-B1,Block B1,AP-003,Building B Main Entrance,Entrance,2026-01-18 20:41:58,EMP-0354,Employee 354,EMPLOYEE,ACCESS_GRANTED,GRANTED,0,0,0,0,NORMAL,NORMAL,0
SEC-002696,F001,Smart Campus,B003,Building C,BLK-C1,Block C1,AP-006,Server Room Access,Restricted Area,2026-01-18 20:42:27,VIS-0020,Visitor 20,VISITOR,ACCESS_DENIED,DENIED,0,0,0,0,NORMAL,MEDIUM,1
SEC-002632,F001,Smart Campus,B003,Building C,BLK-C1,Block C1,AP-005,Building C Main Entrance,Entrance,2026-01-18 20:46:35,VIS-0269,Visitor 269,VISITOR,UNAUTHORIZED_ACCESS,DENIED,0,1,0,0,SUSPICIOUS_ACCESS,HIGH,1
SEC-002649,F001,Smart Campus,B003,Building C,BLK-C1,Block C1,AP-005,Building C Main Entrance,Entrance,2026-01-18 20:50:24,CON-0087,Contractor 87,CONTRACTOR,ACCESS_GRANTED,GRANTED,0,0,0,0,NORMAL,NORMAL,0
SEC-002671,F001,Smart Campus,B002,Building B,BLK-B1,Block B1,AP-003,Building B Main Entrance,Entrance,2026-01-18 20:50:48,EMP-0357,Employee 357,EMPLOYEE,ACCESS_GRANTED,GRANTED,0,0,0,0,NORMAL,NORMAL,0
SEC-002744,F001,Smart Campus,B003,Building C,BLK-C1,Block C1,AP-006,Server Room Access,Restricted Area,2026-01-18 21:13:20,EMP-0243,Employee 243,EMPLOYEE,ACCESS_GRANTED,GRANTED,1,0,0,0,NORMAL,LOW,0
SEC-002751,F001,Smart Campus,B001,Building A,BLK-A2,Block A2,AP-002,Building A Side Entrance,Entrance,2026-01-18 21:47:40,CON-0064,Contractor 64,CONTRACTOR,ACCESS_GRANTED,GRANTED,1,0,0,0,NORMAL,LOW,0
SEC-002698,F001,Smart Campus,B002,Building B,BLK-B1,Block B1,AP-003,Building B Main Entrance,Entrance,2026-01-18 21:53:27,VIS-0074,Visitor 74,VISITOR,ACCESS_GRANTED,GRANTED,1,0,0,0,NORMAL,LOW,0
SEC-002711,F001,Smart Campus,B002,Building B,BLK-B1,Block B1,AP-003,Building B Main Entrance,Entrance,2026-01-18 21:53:35,VIS-0017,Visitor 17,VISITOR,ACCESS_GRANTED,GRANTED,1,0,0,0,AFTER_HOURS_MOVEMENT,LOW,0
SEC-002648,F001,Smart Campus,B003,Building C,BLK-C1,Block C1,AP-006,Server Room Access,Restricted Area,2026-01-18 21:54:29,EMP-0390,Employee 390,EMPLOYEE,ACCESS_GRANTED,GRANTED,1,0,0,0,NORMAL,LOW,0
SEC-002681,F001,Smart Campus,B002,Building B,BLK-B2,Block B2,AP-004,Building B Service Door,Service Area,2026-01-18 22:24:18,EMP-0427,Employee 427,EMPLOYEE,ACCESS_GRANTED,GRANTED,1,0,0,0,AFTER_HOURS_MOVEMENT,LOW,0
SEC-002626,F001,Smart Campus,B003,Building C,BLK-C1,Block C1,AP-005,Building C Main Entrance,Entrance,2026-01-18 22:44:10,EMP-0389,Employee 389,EMPLOYEE,ACCESS_GRANTED,GRANTED,1,0,0,0,NORMAL,LOW,0
SEC-002695,F001,Smart Campus,B002,Building B,BLK-B1,Block B1,AP-003,Building B Main Entrance,Entrance,2026-01-18 22:53:47,EMP-0370,Employee 370,EMPLOYEE,ACCESS_GRANTED,GRANTED,1,0,0,0,NORMAL,LOW,0
SEC-002765,F001,Smart Campus,B003,Building C,BLK-C1,Block C1,AP-005,Building C Main Entrance,Entrance,2026-01-18 22:56:43,VIS-0250,Visitor 250,VISITOR,ACCESS_GRANTED,GRANTED,1,0,0,0,AFTER_HOURS_MOVEMENT,LOW,0
SEC-002727,F001,Smart Campus,B001,Building A,BLK-A1,Block A1,AP-001,Building A Main Entrance,Entrance,2026-01-18 23:20:39,EMP-0400,Employee 400,EMPLOYEE,ACCESS_GRANTED,GRANTED,1,0,0,0,AFTER_HOURS_MOVEMENT,LOW,0
SEC-002741,F001,Smart Campus,B003,Building C,BLK-C1,Block C1,AP-006,Server Room Access,Restricted Area,2026-01-18 23:48:31,VIS-0140,Visitor 140,VISITOR,ACCESS_GRANTED,GRANTED,1,0,0,0,NORMAL,LOW,0
SEC-002656,F001,Smart Campus,B001,Building A,BLK-A2,Block A2,AP-002,Building A Side Entrance,Entrance,2026-01-18 23:53:07,EMP-0252,Employee 252,EMPLOYEE,ACCESS_GRANTED,GRANTED,1,0,0,0,NORMAL,LOW,0
SEC-002916,F001,Smart Campus,B002,Building B,BLK-B2,Block B2,AP-004,Building B Service Door,Service Area,2026-01-19 00:00:20,CON-0092,Contractor 92,CONTRACTOR,ACCESS_GRANTED,GRANTED,1,0,0,0,NORMAL,LOW,0
SEC-002908,F001,Smart Campus,B002,Building B,BLK-B1,Block B1,AP-003,Building B Main Entrance,Entrance,2026-01-19 00:11:55,EMP-0499,Employee 499,EMPLOYEE,ACCESS_GRANTED,GRANTED,1,0,0,0,NORMAL,LOW,0
SEC-002897,F001,Smart Campus,B003,Building C,BLK-C1,Block C1,AP-005,Building C Main Entrance,Entrance,2026-01-19 00:25:32,VIS-0046,Visitor 46,VISITOR,ACCESS_GRANTED,GRANTED,1,0,0,0,NORMAL,LOW,0
SEC-002788,F001,Smart Campus,B003,Building C,BLK-C1,Block C1,AP-006,Server Room Access,Restricted Area,2026-01-19 00:43:05,EMP-0227,Employee 227,EMPLOYEE,ACCESS_GRANTED,GRANTED,1,0,0,0,NORMAL,LOW,0
SEC-002810,F001,Smart Campus,B003,Building C,BLK-C1,Block C1,AP-005,Building C Main Entrance,Entrance,2026-01-19 01:31:02,EMP-0114,Employee 114,EMPLOYEE,ACCESS_GRANTED,GRANTED,1,0,0,0,NORMAL,LOW,0
SEC-002891,F001,Smart Campus,B002,Building B,BLK-B1,Block B1,AP-003,Building B Main Entrance,Entrance,2026-01-19 01:42:51,VIS-0248,Visitor 248,VISITOR,ACCESS_GRANTED,GRANTED,1,0,0,0,NORMAL,LOW,0
SEC-002768,F001,Smart Campus,B003,Building C,BLK-C1,Block C1,AP-005,Building C Main Entrance,Entrance,2026-01-19 02:09:50,VIS-0221,Visitor 221,VISITOR,ACCESS_GRANTED,GRANTED,1,0,0,0,NORMAL,LOW,0
SEC-002926,F001,Smart Campus,B002,Building B,BLK-B1,Block B1,AP-003,Building B Main Entrance,Entrance,2026-01-19 03:09:23,VIS-0165,Visitor 165,VISITOR,UNAUTHORIZED_ACCESS,DENIED,1,1,0,0,SUSPICIOUS_ACCESS,CRITICAL,1
SEC-002840,F001,Smart Campus,B001,Building A,BLK-A1,Block A1,AP-001,Building A Main Entrance,Entrance,2026-01-19 03:32:33,VIS-0188,Visitor 188,VISITOR,ACCESS_GRANTED,GRANTED,1,0,0,0,NORMAL,LOW,0
SEC-002809,F001,Smart Campus,B003,Building C,BLK-C1,Block C1,AP-005,Building C Main Entrance,Entrance,2026-01-19 03:50:41,EMP-0288,Employee 288,EMPLOYEE,ACCESS_GRANTED,GRANTED,1,0,0,0,NORMAL,LOW,0
SEC-002885,F001,Smart Campus,B001,Building A,BLK-A1,Block A1,AP-001,Building A Main Entrance,Entrance,2026-01-19 04:37:50,EMP-0221,Employee 221,EMPLOYEE,UNAUTHORIZED_ACCESS,DENIED,1,1,0,0,SUSPICIOUS_ACCESS,CRITICAL,1
SEC-002775,F001,Smart Campus,B002,Building B,BLK-B1,Block B1,AP-003,Building B Main Entrance,Entrance,2026-01-19 04:50:46,EMP-0200,Employee 200,EMPLOYEE,ACCESS_GRANTED,GRANTED,1,0,0,0,NORMAL,LOW,0
SEC-002881,F001,Smart Campus,B001,Building A,BLK-A1,Block A1,AP-001,Building A Main Entrance,Entrance,2026-01-19 04:56:30,EMP-0150,Employee 150,EMPLOYEE,ACCESS_GRANTED,GRANTED,1,0,0,0,NORMAL,LOW,0
SEC-002904,F001,Smart Campus,B003,Building C,BLK-C1,Block C1,AP-006,Server Room Access,Restricted Area,2026-01-19 05:14:55,CON-0001,Contractor 1,CONTRACTOR,ACCESS_GRANTED,GRANTED,1,0,0,0,NORMAL,LOW,0
SEC-002888,F001,Smart Campus,B003,Building C,BLK-C1,Block C1,AP-005,Building C Main Entrance,Entrance,2026-01-19 05:28:47,EMP-0058,Employee 58,EMPLOYEE,ACCESS_GRANTED,GRANTED,1,0,0,0,AFTER_HOURS_MOVEMENT,LOW,0
SEC-002779,F001,Smart Campus,B001,Building A,BLK-A1,Block A1,AP-001,Building A Main Entrance,Entrance,2026-01-19 05:37:00,EMP-0180,Employee 180,EMPLOYEE,ACCESS_GRANTED,GRANTED,1,0,0,0,NORMAL,LOW,0
SEC-002786,F001,Smart Campus,B002,Building B,BLK-B2,Block B2,AP-004,Building B Service Door,Service Area,2026-01-19 06:01:36,EMP-0292,Employee 292,EMPLOYEE,ACCESS_GRANTED,GRANTED,1,0,0,0,AFTER_HOURS_MOVEMENT,LOW,0
SEC-002808,F001,Smart Campus,B001,Building A,BLK-A1,Block A1,AP-001,Building A Main Entrance,Entrance,2026-01-19 06:19:38,VIS-0124,Visitor 124,VISITOR,ACCESS_GRANTED,GRANTED,1,0,0,0,NORMAL,LOW,0
SEC-002797,F001,Smart Campus,B001,Building A,BLK-A1,Block A1,AP-001,Building A Main Entrance,Entrance,2026-01-19 06:44:12,EMP-0425,Employee 425,EMPLOYEE,ACCESS_GRANTED,GRANTED,1,0,0,0,NORMAL,LOW,0
SEC-002843,F001,Smart Campus,B001,Building A,BLK-A1,Block A1,AP-001,Building A Main Entrance,Entrance,2026-01-19 06:58:41,EMP-0074,Employee 74,EMPLOYEE,ACCESS_GRANTED,GRANTED,1,0,0,0,AFTER_HOURS_MOVEMENT,LOW,0
SEC-002839,F001,Smart Campus,B003,Building C,BLK-C1,Block C1,AP-006,Server Room Access,Restricted Area,2026-01-19 07:06:25,EMP-0277,Employee 277,EMPLOYEE,ACCESS_GRANTED,GRANTED,0,0,0,0,NORMAL,NORMAL,0
SEC-002875,F001,Smart Campus,B002,Building B,BLK-B2,Block B2,AP-004,Building B Service Door,Service Area,2026-01-19 07:12:16,EMP-0063,Employee 63,EMPLOYEE,ACCESS_GRANTED,GRANTED,0,0,0,0,NORMAL,NORMAL,0
SEC-002883,F001,Smart Campus,B003,Building C,BLK-C1,Block C1,AP-005,Building C Main Entrance,Entrance,2026-01-19 07:14:33,VIS-0179,Visitor 179,VISITOR,ACCESS_GRANTED,GRANTED,0,0,0,0,NORMAL,NORMAL,0
SEC-002770,F001,Smart Campus,B001,Building A,BLK-A1,Block A1,AP-001,Building A Main Entrance,Entrance,2026-01-19 07:20:58,EMP-0130,Employee 130,EMPLOYEE,ACCESS_GRANTED,GRANTED,0,0,0,0,NORMAL,NORMAL,0
SEC-002850,F001,Smart Campus,B001,Building A,BLK-A2,Block A2,AP-002,Building A Side Entrance,Entrance,2026-01-19 07:21:54,VIS-0201,Visitor 201,VISITOR,ACCESS_GRANTED,GRANTED,0,0,0,0,NORMAL,NORMAL,0
SEC-002920,F001,Smart Campus,B001,Building A,BLK-A2,Block A2,AP-002,Building A Side Entrance,Entrance,2026-01-19 07:28:49,EMP-0211,Employee 211,EMPLOYEE,ACCESS_GRANTED,GRANTED,0,0,0,0,NORMAL,NORMAL,0
SEC-002911,F001,Smart Campus,B001,Building A,BLK-A1,Block A1,AP-001,Building A Main Entrance,Entrance,2026-01-19 07:33:22,EMP-0226,Employee 226,EMPLOYEE,ACCESS_GRANTED,GRANTED,0,0,0,0,NORMAL,NORMAL,0
SEC-002902,F001,Smart Campus,B002,Building B,BLK-B1,Block B1,AP-003,Building B Main Entrance,Entrance,2026-01-19 07:38:16,EMP-0225,Employee 225,EMPLOYEE,ACCESS_GRANTED,GRANTED,0,0,0,0,NORMAL,NORMAL,0
SEC-002874,F001,Smart Campus,B002,Building B,BLK-B1,Block B1,AP-003,Building B Main Entrance,Entrance,2026-01-19 07:43:26,EMP-0165,Employee 165,EMPLOYEE,ACCESS_GRANTED,GRANTED,0,0,0,0,NORMAL,NORMAL,0
SEC-002806,F001,Smart Campus,B001,Building A,BLK-A2,Block A2,AP-002,Building A Side Entrance,Entrance,2026-01-19 07:45:17,EMP-0336,Employee 336,EMPLOYEE,ACCESS_GRANTED,GRANTED,0,0,0,0,NORMAL,NORMAL,0
SEC-002804,F001,Smart Campus,B002,Building B,BLK-B1,Block B1,AP-003,Building B Main Entrance,Entrance,2026-01-19 07:50:29,EMP-0480,Employee 480,EMPLOYEE,ACCESS_GRANTED,GRANTED,0,0,0,0,NORMAL,NORMAL,0
SEC-002899,F001,Smart Campus,B002,Building B,BLK-B2,Block B2,AP-004,Building B Service Door,Service Area,2026-01-19 07:52:44,EMP-0110,Employee 110,EMPLOYEE,ACCESS_GRANTED,GRANTED,0,0,0,0,NORMAL,NORMAL,0
SEC-002836,F001,Smart Campus,B003,Building C,BLK-C1,Block C1,AP-006,Server Room Access,Restricted Area,2026-01-19 07:58:43,EMP-0208,Employee 208,EMPLOYEE,ACCESS_GRANTED,GRANTED,0,0,0,0,NORMAL,NORMAL,0
SEC-002828,F001,Smart Campus,B003,Building C,BLK-C1,Block C1,AP-006,Server Room Access,Restricted Area,2026-01-19 08:13:34,EMP-0063,Employee 63,EMPLOYEE,ACCESS_GRANTED,GRANTED,0,0,0,0,NORMAL,NORMAL,0
SEC-002870,F001,Smart Campus,B002,Building B,BLK-B1,Block B1,AP-003,Building B Main Entrance,Entrance,2026-01-19 08:20:33,EMP-0468,Employee 468,EMPLOYEE,ACCESS_GRANTED,GRANTED,0,0,0,0,NORMAL,NORMAL,0
SEC-002837,F001,Smart Campus,B001,Building A,BLK-A2,Block A2,AP-002,Building A Side Entrance,Entrance,2026-01-19 08:25:07,CON-0053,Contractor 53,CONTRACTOR,ACCESS_GRANTED,GRANTED,0,0,0,0,NORMAL,NORMAL,0
SEC-002780,F001,Smart Campus,B002,Building B,BLK-B1,Block B1,AP-003,Building B Main Entrance,Entrance,2026-01-19 08:36:14,EMP-0474,Employee 474,EMPLOYEE,ACCESS_GRANTED,GRANTED,0,0,0,0,NORMAL,NORMAL,0
SEC-002913,F001,Smart Campus,B002,Building B,BLK-B2,Block B2,AP-004,Building B Service Door,Service Area,2026-01-19 08:39:14,EMP-0230,Employee 230,EMPLOYEE,ACCESS_GRANTED,GRANTED,0,0,0,0,NORMAL,NORMAL,0
SEC-002907,F001,Smart Campus,B001,Building A,BLK-A2,Block A2,AP-002,Building A Side Entrance,Entrance,2026-01-19 08:42:56,EMP-0123,Employee 123,EMPLOYEE,ACCESS_GRANTED,GRANTED,0,0,0,0,NORMAL,NORMAL,0
SEC-002791,F001,Smart Campus,B003,Building C,BLK-C1,Block C1,AP-006,Server Room Access,Restricted Area,2026-01-19 08:45:56,EMP-0434,Employee 434,EMPLOYEE,ACCESS_GRANTED,GRANTED,0,0,0,0,NORMAL,NORMAL,0
SEC-002820,F001,Smart Campus,B001,Building A,BLK-A2,Block A2,AP-002,Building A Side Entrance,Entrance,2026-01-19 08:48:21,VIS-0049,Visitor 49,VISITOR,ACCESS_GRANTED,GRANTED,0,0,0,0,NORMAL,NORMAL,0
SEC-002815,F001,Smart Campus,B003,Building C,BLK-C1,Block C1,AP-005,Building C Main Entrance,Entrance,2026-01-19 08:56:25,CON-0137,Contractor 137,CONTRACTOR,ACCESS_GRANTED,GRANTED,0,0,0,0,NORMAL,NORMAL,0
SEC-002873,F001,Smart Campus,B002,Building B,BLK-B2,Block B2,AP-004,Building B Service Door,Service Area,2026-01-19 08:58:43,CON-0114,Contractor 114,CONTRACTOR,ACCESS_GRANTED,GRANTED,0,0,0,0,NORMAL,NORMAL,0
SEC-002781,F001,Smart Campus,B002,Building B,BLK-B2,Block B2,AP-004,Building B Service Door,Service Area,2026-01-19 09:12:39,EMP-0481,Employee 481,EMPLOYEE,ACCESS_GRANTED,GRANTED,0,0,0,0,NORMAL,NORMAL,0
SEC-002895,F001,Smart Campus,B003,Building C,BLK-C1,Block C1,AP-005,Building C Main Entrance,Entrance,2026-01-19 09:18:04,EMP-0326,Employee 326,EMPLOYEE,ACCESS_GRANTED,GRANTED,0,0,0,0,NORMAL,NORMAL,0
SEC-002817,F001,Smart Campus,B002,Building B,BLK-B2,Block B2,AP-004,Building B Service Door,Service Area,2026-01-19 09:23:28,EMP-0080,Employee 80,EMPLOYEE,ACCESS_GRANTED,GRANTED,0,0,0,0,NORMAL,NORMAL,0
SEC-002771,F001,Smart Campus,B003,Building C,BLK-C1,Block C1,AP-006,Server Room Access,Restricted Area,2026-01-19 09:38:04,EMP-0487,Employee 487,EMPLOYEE,ACCESS_GRANTED,GRANTED,0,0,0,0,NORMAL,NORMAL,0
SEC-002918,F001,Smart Campus,B002,Building B,BLK-B1,Block B1,AP-003,Building B Main Entrance,Entrance,2026-01-19 09:46:58,EMP-0252,Employee 252,EMPLOYEE,ACCESS_GRANTED,GRANTED,0,0,0,0,NORMAL,NORMAL,0
SEC-002853,F001,Smart Campus,B002,Building B,BLK-B2,Block B2,AP-004,Building B Service Door,Service Area,2026-01-19 09:49:20,EMP-0058,Employee 58,EMPLOYEE,ACCESS_GRANTED,GRANTED,0,0,0,0,NORMAL,NORMAL,0
SEC-002879,F001,Smart Campus,B002,Building B,BLK-B1,Block B1,AP-003,Building B Main Entrance,Entrance,2026-01-19 09:49:25,EMP-0364,Employee 364,EMPLOYEE,ACCESS_GRANTED,GRANTED,0,0,0,0,NORMAL,NORMAL,0
SEC-002861,F001,Smart Campus,B002,Building B,BLK-B2,Block B2,AP-004,Building B Service Door,Service Area,2026-01-19 09:51:24,EMP-0291,Employee 291,EMPLOYEE,ACCESS_GRANTED,GRANTED,0,0,0,0,NORMAL,NORMAL,0
SEC-002909,F001,Smart Campus,B001,Building A,BLK-A1,Block A1,AP-001,Building A Main Entrance,Entrance,2026-01-19 09:52:46,EMP-0117,Employee 117,EMPLOYEE,ACCESS_GRANTED,GRANTED,0,0,0,0,NORMAL,NORMAL,0
SEC-002829,F001,Smart Campus,B003,Building C,BLK-C1,Block C1,AP-006,Server Room Access,Restricted Area,2026-01-19 09:55:40,EMP-0073,Employee 73,EMPLOYEE,ACCESS_GRANTED,GRANTED,0,0,0,0,NORMAL,NORMAL,0
SEC-002859,F001,Smart Campus,B003,Building C,BLK-C1,Block C1,AP-005,Building C Main Entrance,Entrance,2026-01-19 10:13:15,EMP-0388,Employee 388,EMPLOYEE,ACCESS_GRANTED,GRANTED,0,0,0,0,NORMAL,NORMAL,0
SEC-002862,F001,Smart Campus,B002,Building B,BLK-B2,Block B2,AP-004,Building B Service Door,Service Area,2026-01-19 10:14:07,EMP-0150,Employee 150,EMPLOYEE,ACCESS_GRANTED,GRANTED,0,0,0,0,NORMAL,NORMAL,0
SEC-002827,F001,Smart Campus,B001,Building A,BLK-A1,Block A1,AP-001,Building A Main Entrance,Entrance,2026-01-19 10:18:09,EMP-0175,Employee 175,EMPLOYEE,ACCESS_GRANTED,GRANTED,0,0,0,0,NORMAL,NORMAL,0
SEC-002831,F001,Smart Campus,B001,Building A,BLK-A2,Block A2,AP-002,Building A Side Entrance,Entrance,2026-01-19 10:19:02,EMP-0095,Employee 95,EMPLOYEE,ACCESS_GRANTED,GRANTED,0,0,0,0,NORMAL,NORMAL,0
SEC-002901,F001,Smart Campus,B002,Building B,BLK-B2,Block B2,AP-004,Building B Service Door,Service Area,2026-01-19 10:20:41,EMP-0359,Employee 359,EMPLOYEE,ACCESS_GRANTED,GRANTED,0,0,0,0,NORMAL,NORMAL,0
SEC-002914,F001,Smart Campus,B001,Building A,BLK-A2,Block A2,AP-002,Building A Side Entrance,Entrance,2026-01-19 10:28:40,EMP-0333,Employee 333,EMPLOYEE,ACCESS_GRANTED,GRANTED,0,0,0,0,NORMAL,NORMAL,0
SEC-002886,F001,Smart Campus,B001,Building A,BLK-A1,Block A1,AP-001,Building A Main Entrance,Entrance,2026-01-19 10:30:59,EMP-0477,Employee 477,EMPLOYEE,ACCESS_GRANTED,GRANTED,0,0,0,0,NORMAL,NORMAL,0
SEC-002795,F001,Smart Campus,B002,Building B,BLK-B1,Block B1,AP-003,Building B Main Entrance,Entrance,2026-01-19 10:35:28,VIS-0094,Visitor 94,VISITOR,ACCESS_GRANTED,GRANTED,0,0,0,0,NORMAL,NORMAL,0
SEC-002838,F001,Smart Campus,B002,Building B,BLK-B1,Block B1,AP-003,Building B Main Entrance,Entrance,2026-01-19 10:35:43,EMP-0097,Employee 97,EMPLOYEE,ACCESS_GRANTED,GRANTED,0,0,0,0,NORMAL,NORMAL,0
SEC-002769,F001,Smart Campus,B001,Building A,BLK-A2,Block A2,AP-002,Building A Side Entrance,Entrance,2026-01-19 11:13:35,VIS-0256,Visitor 256,VISITOR,ACCESS_GRANTED,GRANTED,0,0,0,0,NORMAL,NORMAL,0
SEC-002787,F001,Smart Campus,B001,Building A,BLK-A1,Block A1,AP-001,Building A Main Entrance,Entrance,2026-01-19 11:17:23,EMP-0228,Employee 228,EMPLOYEE,ACCESS_GRANTED,GRANTED,0,0,0,0,NORMAL,NORMAL,0
SEC-002822,F001,Smart Campus,B001,Building A,BLK-A2,Block A2,AP-002,Building A Side Entrance,Entrance,2026-01-19 11:22:43,EMP-0379,Employee 379,EMPLOYEE,ACCESS_GRANTED,GRANTED,0,0,0,0,NORMAL,NORMAL,0
SEC-002824,F001,Smart Campus,B002,Building B,BLK-B2,Block B2,AP-004,Building B Service Door,Service Area,2026-01-19 11:38:32,EMP-0220,Employee 220,EMPLOYEE,ACCESS_GRANTED,GRANTED,0,0,0,0,NORMAL,NORMAL,0
SEC-002819,F001,Smart Campus,B002,Building B,BLK-B1,Block B1,AP-003,Building B Main Entrance,Entrance,2026-01-19 12:02:35,EMP-0289,Employee 289,EMPLOYEE,ACCESS_GRANTED,GRANTED,0,0,0,0,NORMAL,NORMAL,0
SEC-002884,F001,Smart Campus,B003,Building C,BLK-C1,Block C1,AP-006,Server Room Access,Restricted Area,2026-01-19 12:09:04,VIS-0254,Visitor 254,VISITOR,ACCESS_GRANTED,GRANTED,0,0,0,0,NORMAL,NORMAL,0
SEC-002812,F001,Smart Campus,B003,Building C,BLK-C1,Block C1,AP-006,Server Room Access,Restricted Area,2026-01-19 12:13:37,CON-0141,Contractor 141,CONTRACTOR,UNAUTHORIZED_ACCESS,DENIED,0,1,0,0,SUSPICIOUS_ACCESS,HIGH,1
SEC-002919,F001,Smart Campus,B003,Building C,BLK-C1,Block C1,AP-005,Building C Main Entrance,Entrance,2026-01-19 12:14:29,EMP-0191,Employee 191,EMPLOYEE,ACCESS_GRANTED,GRANTED,0,0,0,0,NORMAL,NORMAL,0
SEC-002823,F001,Smart Campus,B002,Building B,BLK-B1,Block B1,AP-003,Building B Main Entrance,Entrance,2026-01-19 12:16:05,EMP-0430,Employee 430,EMPLOYEE,ACCESS_GRANTED,GRANTED,0,0,0,0,NORMAL,NORMAL,0
SEC-002854,F001,Smart Campus,B002,Building B,BLK-B1,Block B1,AP-003,Building B Main Entrance,Entrance,2026-01-19 12:18:15,EMP-0260,Employee 260,EMPLOYEE,ACCESS_GRANTED,GRANTED,0,0,0,0,NORMAL,NORMAL,0
SEC-002789,F001,Smart Campus,B002,Building B,BLK-B2,Block B2,AP-004,Building B Service Door,Service Area,2026-01-19 12:18:24,EMP-0171,Employee 171,EMPLOYEE,ACCESS_GRANTED,GRANTED,0,0,0,0,NORMAL,NORMAL,0
SEC-002860,F001,Smart Campus,B001,Building A,BLK-A1,Block A1,AP-001,Building A Main Entrance,Entrance,2026-01-19 13:01:05,VIS-0103,Visitor 103,VISITOR,ACCESS_GRANTED,GRANTED,0,0,0,0,NORMAL,NORMAL,0
SEC-002799,F001,Smart Campus,B002,Building B,BLK-B2,Block B2,AP-004,Building B Service Door,Service Area,2026-01-19 13:02:59,EMP-0247,Employee 247,EMPLOYEE,ACCESS_GRANTED,GRANTED,0,0,0,0,NORMAL,NORMAL,0
SEC-002876,F001,Smart Campus,B001,Building A,BLK-A1,Block A1,AP-001,Building A Main Entrance,Entrance,2026-01-19 13:06:13,EMP-0019,Employee 19,EMPLOYEE,ACCESS_GRANTED,GRANTED,0,0,0,0,NORMAL,NORMAL,0
SEC-002845,F001,Smart Campus,B001,Building A,BLK-A2,Block A2,AP-002,Building A Side Entrance,Entrance,2026-01-19 13:08:04,EMP-0149,Employee 149,EMPLOYEE,ACCESS_GRANTED,GRANTED,0,0,0,0,NORMAL,NORMAL,0
SEC-002818,F001,Smart Campus,B003,Building C,BLK-C1,Block C1,AP-005,Building C Main Entrance,Entrance,2026-01-19 13:11:49,VIS-0300,Visitor 300,VISITOR,ACCESS_GRANTED,GRANTED,0,0,0,0,NORMAL,NORMAL,0
SEC-002785,F001,Smart Campus,B001,Building A,BLK-A2,Block A2,AP-002,Building A Side Entrance,Entrance,2026-01-19 13:15:03,EMP-0241,Employee 241,EMPLOYEE,ACCESS_GRANTED,GRANTED,0,0,0,0,NORMAL,NORMAL,0
SEC-002866,F001,Smart Campus,B001,Building A,BLK-A1,Block A1,AP-001,Building A Main Entrance,Entrance,2026-01-19 13:15:23,EMP-0057,Employee 57,EMPLOYEE,ACCESS_GRANTED,GRANTED,0,0,0,0,NORMAL,NORMAL,0
SEC-002773,F001,Smart Campus,B003,Building C,BLK-C1,Block C1,AP-006,Server Room Access,Restricted Area,2026-01-19 13:23:13,EMP-0331,Employee 331,EMPLOYEE,ACCESS_GRANTED,GRANTED,0,0,0,0,NORMAL,NORMAL,0
SEC-002867,F001,Smart Campus,B003,Building C,BLK-C1,Block C1,AP-005,Building C Main Entrance,Entrance,2026-01-19 13:30:06,EMP-0213,Employee 213,EMPLOYEE,ACCESS_GRANTED,GRANTED,0,0,0,0,NORMAL,NORMAL,0
SEC-002816,F001,Smart Campus,B003,Building C,BLK-C1,Block C1,AP-006,Server Room Access,Restricted Area,2026-01-19 13:38:06,EMP-0282,Employee 282,EMPLOYEE,ACCESS_GRANTED,GRANTED,0,0,0,0,NORMAL,NORMAL,0
SEC-002805,F001,Smart Campus,B003,Building C,BLK-C1,Block C1,AP-005,Building C Main Entrance,Entrance,2026-01-19 13:49:43,VIS-0045,Visitor 45,VISITOR,ACCESS_GRANTED,GRANTED,0,0,0,0,NORMAL,NORMAL,0
SEC-002783,F001,Smart Campus,B003,Building C,BLK-C1,Block C1,AP-005,Building C Main Entrance,Entrance,2026-01-19 13:51:10,EMP-0374,Employee 374,EMPLOYEE,ACCESS_GRANTED,GRANTED,0,0,0,0,NORMAL,NORMAL,0
SEC-002880,F001,Smart Campus,B002,Building B,BLK-B1,Block B1,AP-003,Building B Main Entrance,Entrance,2026-01-19 13:55:17,EMP-0391,Employee 391,EMPLOYEE,ACCESS_DENIED,DENIED,0,0,0,0,NORMAL,MEDIUM,1
SEC-002825,F001,Smart Campus,B002,Building B,BLK-B2,Block B2,AP-004,Building B Service Door,Service Area,2026-01-19 13:59:20,EMP-0160,Employee 160,EMPLOYEE,ACCESS_GRANTED,GRANTED,0,0,0,0,NORMAL,NORMAL,0
SEC-002915,F001,Smart Campus,B001,Building A,BLK-A2,Block A2,AP-002,Building A Side Entrance,Entrance,2026-01-19 14:03:42,EMP-0137,Employee 137,EMPLOYEE,ACCESS_GRANTED,GRANTED,0,0,0,0,NORMAL,NORMAL,0
SEC-002849,F001,Smart Campus,B003,Building C,BLK-C1,Block C1,AP-005,Building C Main Entrance,Entrance,2026-01-19 14:05:59,EMP-0102,Employee 102,EMPLOYEE,ACCESS_GRANTED,GRANTED,0,0,0,0,NORMAL,NORMAL,0
SEC-002793,F001,Smart Campus,B002,Building B,BLK-B1,Block B1,AP-003,Building B Main Entrance,Entrance,2026-01-19 14:09:27,EMP-0446,Employee 446,EMPLOYEE,ACCESS_GRANTED,GRANTED,0,0,0,0,NORMAL,NORMAL,0
SEC-002832,F001,Smart Campus,B001,Building A,BLK-A2,Block A2,AP-002,Building A Side Entrance,Entrance,2026-01-19 14:10:28,EMP-0080,Employee 80,EMPLOYEE,ACCESS_GRANTED,GRANTED,0,0,0,0,NORMAL,NORMAL,0
SEC-002776,F001,Smart Campus,B002,Building B,BLK-B1,Block B1,AP-003,Building B Main Entrance,Entrance,2026-01-19 14:17:15,EMP-0081,Employee 81,EMPLOYEE,ACCESS_GRANTED,GRANTED,0,0,0,0,NORMAL,NORMAL,0
SEC-002790,F001,Smart Campus,B001,Building A,BLK-A1,Block A1,AP-001,Building A Main Entrance,Entrance,2026-01-19 14:20:13,EMP-0431,Employee 431,EMPLOYEE,ACCESS_GRANTED,GRANTED,0,0,0,0,NORMAL,NORMAL,0
SEC-002792,F001,Smart Campus,B003,Building C,BLK-C1,Block C1,AP-005,Building C Main Entrance,Entrance,2026-01-19 14:21:45,EMP-0103,Employee 103,EMPLOYEE,ACCESS_GRANTED,GRANTED,0,0,0,0,NORMAL,NORMAL,0
SEC-002857,F001,Smart Campus,B003,Building C,BLK-C1,Block C1,AP-005,Building C Main Entrance,Entrance,2026-01-19 14:23:02,EMP-0380,Employee 380,EMPLOYEE,ACCESS_GRANTED,GRANTED,0,0,0,0,NORMAL,NORMAL,0
SEC-002868,F001,Smart Campus,B001,Building A,BLK-A2,Block A2,AP-002,Building A Side Entrance,Entrance,2026-01-19 14:28:28,EMP-0341,Employee 341,EMPLOYEE,ACCESS_GRANTED,GRANTED,0,0,0,0,NORMAL,NORMAL,0
SEC-002923,F001,Smart Campus,B001,Building A,BLK-A1,Block A1,AP-001,Building A Main Entrance,Entrance,2026-01-19 14:39:04,CON-0003,Contractor 3,CONTRACTOR,ACCESS_GRANTED,GRANTED,0,0,0,0,NORMAL,NORMAL,0
SEC-002900,F001,Smart Campus,B002,Building B,BLK-B2,Block B2,AP-004,Building B Service Door,Service Area,2026-01-19 14:44:07,CON-0067,Contractor 67,CONTRACTOR,ACCESS_GRANTED,GRANTED,0,0,0,0,NORMAL,NORMAL,0
SEC-002858,F001,Smart Campus,B003,Building C,BLK-C1,Block C1,AP-006,Server Room Access,Restricted Area,2026-01-19 14:50:09,EMP-0450,Employee 450,EMPLOYEE,ACCESS_GRANTED,GRANTED,0,0,0,0,NORMAL,NORMAL,0
SEC-002865,F001,Smart Campus,B002,Building B,BLK-B1,Block B1,AP-003,Building B Main Entrance,Entrance,2026-01-19 14:51:51,EMP-0184,Employee 184,EMPLOYEE,ACCESS_GRANTED,GRANTED,0,0,0,0,NORMAL,NORMAL,0
SEC-002855,F001,Smart Campus,B003,Building C,BLK-C1,Block C1,AP-005,Building C Main Entrance,Entrance,2026-01-19 14:52:40,VIS-0294,Visitor 294,VISITOR,ACCESS_GRANTED,GRANTED,0,0,0,0,NORMAL,NORMAL,0
SEC-002802,F001,Smart Campus,B003,Building C,BLK-C1,Block C1,AP-005,Building C Main Entrance,Entrance,2026-01-19 15:04:01,EMP-0467,Employee 467,EMPLOYEE,ACCESS_GRANTED,GRANTED,0,0,0,0,NORMAL,NORMAL,0
SEC-002852,F001,Smart Campus,B001,Building A,BLK-A2,Block A2,AP-002,Building A Side Entrance,Entrance,2026-01-19 15:07:56,EMP-0090,Employee 90,EMPLOYEE,ACCESS_GRANTED,GRANTED,0,0,0,0,NORMAL,NORMAL,0
SEC-002898,F001,Smart Campus,B002,Building B,BLK-B1,Block B1,AP-003,Building B Main Entrance,Entrance,2026-01-19 15:09:49,VIS-0083,Visitor 83,VISITOR,ACCESS_GRANTED,GRANTED,0,0,0,0,NORMAL,NORMAL,0
SEC-002894,F001,Smart Campus,B001,Building A,BLK-A2,Block A2,AP-002,Building A Side Entrance,Entrance,2026-01-19 15:17:28,EMP-0200,Employee 200,EMPLOYEE,ACCESS_GRANTED,GRANTED,0,0,0,0,NORMAL,NORMAL,0
SEC-002877,F001,Smart Campus,B001,Building A,BLK-A1,Block A1,AP-001,Building A Main Entrance,Entrance,2026-01-19 15:40:53,EMP-0233,Employee 233,EMPLOYEE,ACCESS_GRANTED,GRANTED,0,0,0,0,NORMAL,NORMAL,0
SEC-002906,F001,Smart Campus,B002,Building B,BLK-B2,Block B2,AP-004,Building B Service Door,Service Area,2026-01-19 15:46:40,EMP-0492,Employee 492,EMPLOYEE,ACCESS_GRANTED,GRANTED,0,0,0,0,NORMAL,NORMAL,0
SEC-002830,F001,Smart Campus,B003,Building C,BLK-C1,Block C1,AP-005,Building C Main Entrance,Entrance,2026-01-19 15:57:17,EMP-0270,Employee 270,EMPLOYEE,ACCESS_GRANTED,GRANTED,0,0,0,0,NORMAL,NORMAL,0
SEC-002841,F001,Smart Campus,B001,Building A,BLK-A2,Block A2,AP-002,Building A Side Entrance,Entrance,2026-01-19 15:58:06,EMP-0126,Employee 126,EMPLOYEE,ACCESS_GRANTED,GRANTED,0,0,0,0,NORMAL,NORMAL,0
SEC-002893,F001,Smart Campus,B003,Building C,BLK-C1,Block C1,AP-005,Building C Main Entrance,Entrance,2026-01-19 16:01:20,EMP-0337,Employee 337,EMPLOYEE,ACCESS_GRANTED,GRANTED,0,0,0,0,NORMAL,NORMAL,0
SEC-002927,F001,Smart Campus,B001,Building A,BLK-A2,Block A2,AP-002,Building A Side Entrance,Entrance,2026-01-19 16:01:21,EMP-0113,Employee 113,EMPLOYEE,ACCESS_GRANTED,GRANTED,0,0,0,0,NORMAL,NORMAL,0
SEC-002833,F001,Smart Campus,B002,Building B,BLK-B2,Block B2,AP-004,Building B Service Door,Service Area,2026-01-19 16:21:58,EMP-0261,Employee 261,EMPLOYEE,ACCESS_GRANTED,GRANTED,0,0,0,0,NORMAL,NORMAL,0
SEC-002903,F001,Smart Campus,B003,Building C,BLK-C1,Block C1,AP-005,Building C Main Entrance,Entrance,2026-01-19 16:45:39,EMP-0176,Employee 176,EMPLOYEE,ACCESS_GRANTED,GRANTED,0,0,0,0,NORMAL,NORMAL,0
SEC-002846,F001,Smart Campus,B003,Building C,BLK-C1,Block C1,AP-005,Building C Main Entrance,Entrance,2026-01-19 17:01:25,EMP-0315,Employee 315,EMPLOYEE,ACCESS_GRANTED,GRANTED,0,0,0,0,NORMAL,NORMAL,0
SEC-002826,F001,Smart Campus,B002,Building B,BLK-B2,Block B2,AP-004,Building B Service Door,Service Area,2026-01-19 17:07:19,EMP-0433,Employee 433,EMPLOYEE,ACCESS_GRANTED,GRANTED,0,0,0,0,NORMAL,NORMAL,0
SEC-002917,F001,Smart Campus,B003,Building C,BLK-C1,Block C1,AP-005,Building C Main Entrance,Entrance,2026-01-19 17:07:49,EMP-0342,Employee 342,EMPLOYEE,ACCESS_GRANTED,GRANTED,0,0,0,0,NORMAL,NORMAL,0
SEC-002784,F001,Smart Campus,B003,Building C,BLK-C1,Block C1,AP-005,Building C Main Entrance,Entrance,2026-01-19 17:20:40,EMP-0334,Employee 334,EMPLOYEE,ACCESS_GRANTED,GRANTED,0,0,0,0,NORMAL,NORMAL,0
SEC-002774,F001,Smart Campus,B003,Building C,BLK-C1,Block C1,AP-006,Server Room Access,Restricted Area,2026-01-19 17:22:57,EMP-0186,Employee 186,EMPLOYEE,ACCESS_GRANTED,GRANTED,0,0,0,0,NORMAL,NORMAL,0
SEC-002807,F001,Smart Campus,B003,Building C,BLK-C1,Block C1,AP-005,Building C Main Entrance,Entrance,2026-01-19 17:35:37,EMP-0321,Employee 321,EMPLOYEE,ACCESS_GRANTED,GRANTED,0,0,0,0,NORMAL,NORMAL,0
SEC-002864,F001,Smart Campus,B001,Building A,BLK-A1,Block A1,AP-001,Building A Main Entrance,Entrance,2026-01-19 17:36:23,EMP-0038,Employee 38,EMPLOYEE,TAILGATING,GRANTED,0,0,0,1,TAILGATING,HIGH,1
SEC-002811,F001,Smart Campus,B001,Building A,BLK-A2,Block A2,AP-002,Building A Side Entrance,Entrance,2026-01-19 17:40:55,VIS-0209,Visitor 209,VISITOR,ACCESS_GRANTED,GRANTED,0,0,0,0,NORMAL,NORMAL,0
SEC-002896,F001,Smart Campus,B003,Building C,BLK-C1,Block C1,AP-006,Server Room Access,Restricted Area,2026-01-19 17:53:59,VIS-0091,Visitor 91,VISITOR,ACCESS_GRANTED,GRANTED,0,0,0,0,NORMAL,NORMAL,0
SEC-002835,F001,Smart Campus,B002,Building B,BLK-B2,Block B2,AP-004,Building B Service Door,Service Area,2026-01-19 17:56:31,EMP-0444,Employee 444,EMPLOYEE,ACCESS_GRANTED,GRANTED,0,0,0,0,NORMAL,NORMAL,0
SEC-002892,F001,Smart Campus,B002,Building B,BLK-B2,Block B2,AP-004,Building B Service Door,Service Area,2026-01-19 18:07:33,EMP-0204,Employee 204,EMPLOYEE,ACCESS_GRANTED,GRANTED,0,0,0,0,NORMAL,NORMAL,0
SEC-002872,F001,Smart Campus,B001,Building A,BLK-A1,Block A1,AP-001,Building A Main Entrance,Entrance,2026-01-19 18:16:07,EMP-0360,Employee 360,EMPLOYEE,ACCESS_GRANTED,GRANTED,0,0,0,0,NORMAL,NORMAL,0
SEC-002814,F001,Smart Campus,B003,Building C,BLK-C1,Block C1,AP-005,Building C Main Entrance,Entrance,2026-01-19 18:28:03,EMP-0258,Employee 258,EMPLOYEE,ACCESS_GRANTED,GRANTED,0,0,0,0,NORMAL,NORMAL,0
SEC-002863,F001,Smart Campus,B001,Building A,BLK-A1,Block A1,AP-001,Building A Main Entrance,Entrance,2026-01-19 18:28:07,EMP-0299,Employee 299,EMPLOYEE,ACCESS_GRANTED,GRANTED,0,0,0,0,NORMAL,NORMAL,0
SEC-002869,F001,Smart Campus,B001,Building A,BLK-A2,Block A2,AP-002,Building A Side Entrance,Entrance,2026-01-19 18:31:55,EMP-0477,Employee 477,EMPLOYEE,ACCESS_GRANTED,GRANTED,0,0,0,0,NORMAL,NORMAL,0
SEC-002912,F001,Smart Campus,B001,Building A,BLK-A1,Block A1,AP-001,Building A Main Entrance,Entrance,2026-01-19 18:35:11,EMP-0333,Employee 333,EMPLOYEE,ACCESS_GRANTED,GRANTED,0,0,0,0,NORMAL,NORMAL,0
SEC-002910,F001,Smart Campus,B003,Building C,BLK-C1,Block C1,AP-005,Building C Main Entrance,Entrance,2026-01-19 18:55:51,EMP-0482,Employee 482,EMPLOYEE,ACCESS_GRANTED,GRANTED,0,0,0,0,NORMAL,NORMAL,0
SEC-002925,F001,Smart Campus,B001,Building A,BLK-A1,Block A1,AP-001,Building A Main Entrance,Entrance,2026-01-19 19:06:25,EMP-0139,Employee 139,EMPLOYEE,ACCESS_GRANTED,GRANTED,0,0,0,0,NORMAL,NORMAL,0
SEC-002794,F001,Smart Campus,B001,Building A,BLK-A1,Block A1,AP-001,Building A Main Entrance,Entrance,2026-01-19 19:12:54,EMP-0311,Employee 311,EMPLOYEE,ACCESS_GRANTED,GRANTED,0,0,0,0,NORMAL,NORMAL,0
SEC-002782,F001,Smart Campus,B001,Building A,BLK-A2,Block A2,AP-002,Building A Side Entrance,Entrance,2026-01-19 19:12:56,EMP-0314,Employee 314,EMPLOYEE,ACCESS_GRANTED,GRANTED,0,0,0,0,NORMAL,NORMAL,0
SEC-002821,F001,Smart Campus,B001,Building A,BLK-A1,Block A1,AP-001,Building A Main Entrance,Entrance,2026-01-19 19:16:28,EMP-0214,Employee 214,EMPLOYEE,ACCESS_GRANTED,GRANTED,0,0,0,0,NORMAL,NORMAL,0
SEC-002803,F001,Smart Campus,B002,Building B,BLK-B2,Block B2,AP-004,Building B Service Door,Service Area,2026-01-19 19:23:50,EMP-0077,Employee 77,EMPLOYEE,ACCESS_GRANTED,GRANTED,0,0,0,0,NORMAL,NORMAL,0
SEC-002842,F001,Smart Campus,B001,Building A,BLK-A1,Block A1,AP-001,Building A Main Entrance,Entrance,2026-01-19 19:27:00,EMP-0434,Employee 434,EMPLOYEE,ACCESS_GRANTED,GRANTED,0,0,0,0,NORMAL,NORMAL,0
SEC-002924,F001,Smart Campus,B001,Building A,BLK-A1,Block A1,AP-001,Building A Main Entrance,Entrance,2026-01-19 19:34:37,EMP-0027,Employee 27,EMPLOYEE,ACCESS_GRANTED,GRANTED,0,0,0,0,NORMAL,NORMAL,0
SEC-002813,F001,Smart Campus,B003,Building C,BLK-C1,Block C1,AP-006,Server Room Access,Restricted Area,2026-01-19 19:34:51,EMP-0254,Employee 254,EMPLOYEE,ACCESS_GRANTED,GRANTED,0,0,0,0,NORMAL,NORMAL,0
SEC-002844,F001,Smart Campus,B002,Building B,BLK-B1,Block B1,AP-003,Building B Main Entrance,Entrance,2026-01-19 19:35:44,EMP-0491,Employee 491,EMPLOYEE,ACCESS_GRANTED,GRANTED,0,0,0,0,NORMAL,NORMAL,0
SEC-002887,F001,Smart Campus,B001,Building A,BLK-A2,Block A2,AP-002,Building A Side Entrance,Entrance,2026-01-19 19:43:00,CON-0140,Contractor 140,CONTRACTOR,ACCESS_GRANTED,GRANTED,0,0,0,0,NORMAL,NORMAL,0
SEC-002848,F001,Smart Campus,B002,Building B,BLK-B2,Block B2,AP-004,Building B Service Door,Service Area,2026-01-19 19:43:59,EMP-0149,Employee 149,EMPLOYEE,ACCESS_GRANTED,GRANTED,0,0,0,0,NORMAL,NORMAL,0
SEC-002905,F001,Smart Campus,B002,Building B,BLK-B2,Block B2,AP-004,Building B Service Door,Service Area,2026-01-19 19:45:38,EMP-0152,Employee 152,EMPLOYEE,ACCESS_GRANTED,GRANTED,0,0,0,0,NORMAL,NORMAL,0
SEC-002772,F001,Smart Campus,B001,Building A,BLK-A1,Block A1,AP-001,Building A Main Entrance,Entrance,2026-01-19 19:47:59,EMP-0059,Employee 59,EMPLOYEE,ACCESS_GRANTED,GRANTED,0,0,0,0,NORMAL,NORMAL,0
SEC-002800,F001,Smart Campus,B001,Building A,BLK-A2,Block A2,AP-002,Building A Side Entrance,Entrance,2026-01-19 19:50:20,EMP-0416,Employee 416,EMPLOYEE,UNAUTHORIZED_ACCESS,DENIED,0,1,0,0,SUSPICIOUS_ACCESS,HIGH,1
SEC-002921,F001,Smart Campus,B003,Building C,BLK-C1,Block C1,AP-006,Server Room Access,Restricted Area,2026-01-19 19:57:14,EMP-0294,Employee 294,EMPLOYEE,ACCESS_GRANTED,GRANTED,0,0,0,0,NORMAL,NORMAL,0
SEC-002882,F001,Smart Campus,B001,Building A,BLK-A2,Block A2,AP-002,Building A Side Entrance,Entrance,2026-01-19 20:03:41,EMP-0452,Employee 452,EMPLOYEE,ACCESS_GRANTED,GRANTED,0,0,0,0,NORMAL,NORMAL,0
SEC-002777,F001,Smart Campus,B002,Building B,BLK-B1,Block B1,AP-003,Building B Main Entrance,Entrance,2026-01-19 20:04:50,VIS-0042,Visitor 42,VISITOR,ACCESS_GRANTED,GRANTED,0,0,0,0,NORMAL,NORMAL,0
SEC-002889,F001,Smart Campus,B003,Building C,BLK-C1,Block C1,AP-006,Server Room Access,Restricted Area,2026-01-19 20:17:40,EMP-0157,Employee 157,EMPLOYEE,ACCESS_GRANTED,GRANTED,0,0,0,0,NORMAL,NORMAL,0
SEC-002878,F001,Smart Campus,B002,Building B,BLK-B2,Block B2,AP-004,Building B Service Door,Service Area,2026-01-19 20:27:16,EMP-0033,Employee 33,EMPLOYEE,ACCESS_GRANTED,GRANTED,0,0,0,0,NORMAL,NORMAL,0
SEC-002847,F001,Smart Campus,B003,Building C,BLK-C1,Block C1,AP-006,Server Room Access,Restricted Area,2026-01-19 20:27:33,EMP-0478,Employee 478,EMPLOYEE,ACCESS_GRANTED,GRANTED,0,0,0,0,NORMAL,NORMAL,0
SEC-002798,F001,Smart Campus,B003,Building C,BLK-C1,Block C1,AP-005,Building C Main Entrance,Entrance,2026-01-19 20:27:49,CON-0133,Contractor 133,CONTRACTOR,ACCESS_GRANTED,GRANTED,0,0,0,0,NORMAL,NORMAL,0
SEC-002778,F001,Smart Campus,B002,Building B,BLK-B1,Block B1,AP-003,Building B Main Entrance,Entrance,2026-01-19 20:42:34,VIS-0114,Visitor 114,VISITOR,ACCESS_GRANTED,GRANTED,0,0,0,0,NORMAL,NORMAL,0
SEC-002871,F001,Smart Campus,B003,Building C,BLK-C1,Block C1,AP-006,Server Room Access,Restricted Area,2026-01-19 20:46:35,VIS-0051,Visitor 51,VISITOR,ACCESS_GRANTED,GRANTED,0,0,0,0,NORMAL,NORMAL,0
SEC-002851,F001,Smart Campus,B003,Building C,BLK-C1,Block C1,AP-006,Server Room Access,Restricted Area,2026-01-19 21:18:32,VIS-0230,Visitor 230,VISITOR,ACCESS_GRANTED,GRANTED,1,0,0,0,AFTER_HOURS_MOVEMENT,LOW,0
SEC-002834,F001,Smart Campus,B003,Building C,BLK-C1,Block C1,AP-005,Building C Main Entrance,Entrance,2026-01-19 21:48:18,EMP-0078,Employee 78,EMPLOYEE,ACCESS_GRANTED,GRANTED,1,0,0,0,AFTER_HOURS_MOVEMENT,LOW,0
SEC-002801,F001,Smart Campus,B003,Building C,BLK-C1,Block C1,AP-006,Server Room Access,Restricted Area,2026-01-19 21:57:42,EMP-0007,Employee 7,EMPLOYEE,ACCESS_GRANTED,GRANTED,1,0,0,0,NORMAL,LOW,0
SEC-002856,F001,Smart Campus,B002,Building B,BLK-B2,Block B2,AP-004,Building B Service Door,Service Area,2026-01-19 22:15:30,VIS-0185,Visitor 185,VISITOR,ACCESS_GRANTED,GRANTED,1,0,0,0,NORMAL,LOW,0
SEC-002796,F001,Smart Campus,B003,Building C,BLK-C1,Block C1,AP-005,Building C Main Entrance,Entrance,2026-01-19 22:49:09,EMP-0492,Employee 492,EMPLOYEE,ACCESS_GRANTED,GRANTED,1,0,0,0,NORMAL,LOW,0
SEC-002922,F001,Smart Campus,B001,Building A,BLK-A1,Block A1,AP-001,Building A Main Entrance,Entrance,2026-01-19 23:21:21,EMP-0014,Employee 14,EMPLOYEE,ACCESS_GRANTED,GRANTED,1,0,0,0,NORMAL,LOW,0
SEC-002890,F001,Smart Campus,B003,Building C,BLK-C1,Block C1,AP-006,Server Room Access,Restricted Area,2026-01-19 23:30:15,EMP-0309,Employee 309,EMPLOYEE,ACCESS_GRANTED,GRANTED,1,0,0,0,NORMAL,LOW,0
SEC-003023,F001,Smart Campus,B002,Building B,BLK-B1,Block B1,AP-003,Building B Main Entrance,Entrance,2026-01-20 00:03:40,EMP-0200,Employee 200,EMPLOYEE,ACCESS_GRANTED,GRANTED,1,0,0,0,NORMAL,LOW,0
SEC-002948,F001,Smart Campus,B003,Building C,BLK-C1,Block C1,AP-005,Building C Main Entrance,Entrance,2026-01-20 00:56:00,EMP-0159,Employee 159,EMPLOYEE,ACCESS_GRANTED,GRANTED,1,0,0,0,NORMAL,LOW,0
SEC-003061,F001,Smart Campus,B002,Building B,BLK-B1,Block B1,AP-003,Building B Main Entrance,Entrance,2026-01-20 01:21:50,CON-0125,Contractor 125,CONTRACTOR,ACCESS_GRANTED,GRANTED,1,0,0,0,NORMAL,LOW,0
SEC-002995,F001,Smart Campus,B001,Building A,BLK-A2,Block A2,AP-002,Building A Side Entrance,Entrance,2026-01-20 01:36:20,EMP-0467,Employee 467,EMPLOYEE,ACCESS_GRANTED,GRANTED,1,0,0,0,NORMAL,LOW,0
SEC-002988,F001,Smart Campus,B001,Building A,BLK-A2,Block A2,AP-002,Building A Side Entrance,Entrance,2026-01-20 01:52:14,EMP-0356,Employee 356,EMPLOYEE,ACCESS_GRANTED,GRANTED,1,0,0,0,NORMAL,LOW,0
SEC-002962,F001,Smart Campus,B003,Building C,BLK-C1,Block C1,AP-005,Building C Main Entrance,Entrance,2026-01-20 03:49:00,EMP-0083,Employee 83,EMPLOYEE,ACCESS_GRANTED,GRANTED,1,0,0,0,NORMAL,LOW,0
SEC-002992,F001,Smart Campus,B001,Building A,BLK-A2,Block A2,AP-002,Building A Side Entrance,Entrance,2026-01-20 04:00:00,EMP-0107,Employee 107,EMPLOYEE,ACCESS_GRANTED,GRANTED,1,0,0,0,NORMAL,LOW,0
SEC-003002,F001,Smart Campus,B002,Building B,BLK-B1,Block B1,AP-003,Building B Main Entrance,Entrance,2026-01-20 04:17:46,EMP-0462,Employee 462,EMPLOYEE,ACCESS_GRANTED,GRANTED,1,0,0,0,NORMAL,LOW,0
SEC-003041,F001,Smart Campus,B003,Building C,BLK-C1,Block C1,AP-005,Building C Main Entrance,Entrance,2026-01-20 04:23:26,EMP-0061,Employee 61,EMPLOYEE,ACCESS_DENIED,DENIED,1,0,0,0,NORMAL,MEDIUM,1
SEC-002944,F001,Smart Campus,B002,Building B,BLK-B1,Block B1,AP-003,Building B Main Entrance,Entrance,2026-01-20 04:24:37,EMP-0188,Employee 188,EMPLOYEE,ACCESS_GRANTED,GRANTED,1,0,0,0,NORMAL,LOW,0
SEC-003065,F001,Smart Campus,B003,Building C,BLK-C1,Block C1,AP-006,Server Room Access,Restricted Area,2026-01-20 04:57:00,VIS-0171,Visitor 171,VISITOR,ACCESS_GRANTED,GRANTED,1,0,0,0,NORMAL,LOW,0
SEC-003021,F001,Smart Campus,B002,Building B,BLK-B1,Block B1,AP-003,Building B Main Entrance,Entrance,2026-01-20 05:02:51,EMP-0484,Employee 484,EMPLOYEE,ACCESS_GRANTED,GRANTED,1,0,0,0,NORMAL,LOW,0
SEC-003035,F001,Smart Campus,B001,Building A,BLK-A1,Block A1,AP-001,Building A Main Entrance,Entrance,2026-01-20 05:04:21,EMP-0310,Employee 310,EMPLOYEE,ACCESS_GRANTED,GRANTED,1,0,0,0,NORMAL,LOW,0
SEC-002959,F001,Smart Campus,B003,Building C,BLK-C1,Block C1,AP-005,Building C Main Entrance,Entrance,2026-01-20 05:29:51,EMP-0190,Employee 190,EMPLOYEE,ACCESS_GRANTED,GRANTED,1,0,0,0,NORMAL,LOW,0
SEC-002975,F001,Smart Campus,B003,Building C,BLK-C1,Block C1,AP-006,Server Room Access,Restricted Area,2026-01-20 05:38:24,CON-0111,Contractor 111,CONTRACTOR,ACCESS_GRANTED,GRANTED,1,0,0,0,NORMAL,LOW,0
SEC-003018,F001,Smart Campus,B001,Building A,BLK-A2,Block A2,AP-002,Building A Side Entrance,Entrance,2026-01-20 05:39:22,VIS-0055,Visitor 55,VISITOR,ACCESS_GRANTED,GRANTED,1,0,0,0,NORMAL,LOW,0
SEC-002929,F001,Smart Campus,B001,Building A,BLK-A1,Block A1,AP-001,Building A Main Entrance,Entrance,2026-01-20 05:44:44,EMP-0472,Employee 472,EMPLOYEE,ACCESS_GRANTED,GRANTED,1,0,0,0,NORMAL,LOW,0
SEC-003060,F001,Smart Campus,B001,Building A,BLK-A2,Block A2,AP-002,Building A Side Entrance,Entrance,2026-01-20 05:45:59,VIS-0225,Visitor 225,VISITOR,ACCESS_GRANTED,GRANTED,1,0,0,0,NORMAL,LOW,0
SEC-002938,F001,Smart Campus,B001,Building A,BLK-A2,Block A2,AP-002,Building A Side Entrance,Entrance,2026-01-20 06:27:08,EMP-0217,Employee 217,EMPLOYEE,ACCESS_GRANTED,GRANTED,1,0,0,0,NORMAL,LOW,0
SEC-002968,F001,Smart Campus,B001,Building A,BLK-A2,Block A2,AP-002,Building A Side Entrance,Entrance,2026-01-20 06:37:21,EMP-0429,Employee 429,EMPLOYEE,ACCESS_GRANTED,GRANTED,1,0,0,0,AFTER_HOURS_MOVEMENT,LOW,0
SEC-002933,F001,Smart Campus,B003,Building C,BLK-C1,Block C1,AP-005,Building C Main Entrance,Entrance,2026-01-20 07:07:46,EMP-0256,Employee 256,EMPLOYEE,ACCESS_GRANTED,GRANTED,0,0,0,0,NORMAL,NORMAL,0
SEC-003008,F001,Smart Campus,B003,Building C,BLK-C1,Block C1,AP-006,Server Room Access,Restricted Area,2026-01-20 07:20:16,EMP-0236,Employee 236,EMPLOYEE,ACCESS_GRANTED,GRANTED,0,0,0,0,NORMAL,NORMAL,0
SEC-003031,F001,Smart Campus,B002,Building B,BLK-B1,Block B1,AP-003,Building B Main Entrance,Entrance,2026-01-20 07:23:44,EMP-0275,Employee 275,EMPLOYEE,ACCESS_GRANTED,GRANTED,0,0,0,0,NORMAL,NORMAL,0
SEC-003030,F001,Smart Campus,B001,Building A,BLK-A2,Block A2,AP-002,Building A Side Entrance,Entrance,2026-01-20 07:24:10,EMP-0257,Employee 257,EMPLOYEE,FORCED_ENTRY,DENIED,0,0,1,0,FORCED_ENTRY,CRITICAL,1
SEC-003025,F001,Smart Campus,B003,Building C,BLK-C1,Block C1,AP-006,Server Room Access,Restricted Area,2026-01-20 07:45:34,EMP-0437,Employee 437,EMPLOYEE,ACCESS_GRANTED,GRANTED,0,0,0,0,NORMAL,NORMAL,0
SEC-002955,F001,Smart Campus,B002,Building B,BLK-B2,Block B2,AP-004,Building B Service Door,Service Area,2026-01-20 08:01:40,EMP-0335,Employee 335,EMPLOYEE,ACCESS_GRANTED,GRANTED,0,0,0,0,NORMAL,NORMAL,0
SEC-002970,F001,Smart Campus,B001,Building A,BLK-A1,Block A1,AP-001,Building A Main Entrance,Entrance,2026-01-20 08:12:13,VIS-0158,Visitor 158,VISITOR,ACCESS_GRANTED,GRANTED,0,0,0,0,NORMAL,NORMAL,0
SEC-003033,F001,Smart Campus,B001,Building A,BLK-A1,Block A1,AP-001,Building A Main Entrance,Entrance,2026-01-20 08:13:55,EMP-0355,Employee 355,EMPLOYEE,ACCESS_GRANTED,GRANTED,0,0,0,0,NORMAL,NORMAL,0
SEC-002958,F001,Smart Campus,B003,Building C,BLK-C1,Block C1,AP-006,Server Room Access,Restricted Area,2026-01-20 08:23:23,CON-0066,Contractor 66,CONTRACTOR,ACCESS_GRANTED,GRANTED,0,0,0,0,NORMAL,NORMAL,0
SEC-002940,F001,Smart Campus,B001,Building A,BLK-A1,Block A1,AP-001,Building A Main Entrance,Entrance,2026-01-20 08:23:36,EMP-0012,Employee 12,EMPLOYEE,ACCESS_GRANTED,GRANTED,0,0,0,0,NORMAL,NORMAL,0
SEC-002943,F001,Smart Campus,B001,Building A,BLK-A2,Block A2,AP-002,Building A Side Entrance,Entrance,2026-01-20 08:37:29,EMP-0030,Employee 30,EMPLOYEE,ACCESS_GRANTED,GRANTED,0,0,0,0,NORMAL,NORMAL,0
SEC-002987,F001,Smart Campus,B001,Building A,BLK-A2,Block A2,AP-002,Building A Side Entrance,Entrance,2026-01-20 08:42:05,EMP-0059,Employee 59,EMPLOYEE,ACCESS_GRANTED,GRANTED,0,0,0,0,NORMAL,NORMAL,0
SEC-003054,F001,Smart Campus,B001,Building A,BLK-A2,Block A2,AP-002,Building A Side Entrance,Entrance,2026-01-20 08:42:39,EMP-0234,Employee 234,EMPLOYEE,ACCESS_GRANTED,GRANTED,0,0,0,0,NORMAL,NORMAL,0
SEC-002935,F001,Smart Campus,B002,Building B,BLK-B2,Block B2,AP-004,Building B Service Door,Service Area,2026-01-20 08:53:16,VIS-0140,Visitor 140,VISITOR,ACCESS_GRANTED,GRANTED,0,0,0,0,NORMAL,NORMAL,0
SEC-002932,F001,Smart Campus,B003,Building C,BLK-C1,Block C1,AP-006,Server Room Access,Restricted Area,2026-01-20 08:57:58,EMP-0354,Employee 354,EMPLOYEE,ACCESS_GRANTED,GRANTED,0,0,0,0,NORMAL,NORMAL,0
SEC-003062,F001,Smart Campus,B001,Building A,BLK-A1,Block A1,AP-001,Building A Main Entrance,Entrance,2026-01-20 09:07:53,EMP-0174,Employee 174,EMPLOYEE,ACCESS_GRANTED,GRANTED,0,0,0,0,NORMAL,NORMAL,0
SEC-003048,F001,Smart Campus,B003,Building C,BLK-C1,Block C1,AP-005,Building C Main Entrance,Entrance,2026-01-20 09:12:12,VIS-0023,Visitor 23,VISITOR,ACCESS_DENIED,DENIED,0,0,0,0,NORMAL,MEDIUM,1
SEC-003005,F001,Smart Campus,B002,Building B,BLK-B2,Block B2,AP-004,Building B Service Door,Service Area,2026-01-20 09:16:04,EMP-0289,Employee 289,EMPLOYEE,ACCESS_GRANTED,GRANTED,0,0,0,0,NORMAL,NORMAL,0
SEC-003037,F001,Smart Campus,B001,Building A,BLK-A2,Block A2,AP-002,Building A Side Entrance,Entrance,2026-01-20 09:43:23,EMP-0105,Employee 105,EMPLOYEE,ACCESS_GRANTED,GRANTED,0,0,0,0,NORMAL,NORMAL,0
SEC-002971,F001,Smart Campus,B002,Building B,BLK-B2,Block B2,AP-004,Building B Service Door,Service Area,2026-01-20 09:53:27,EMP-0367,Employee 367,EMPLOYEE,ACCESS_GRANTED,GRANTED,0,0,0,0,NORMAL,NORMAL,0
SEC-002928,F001,Smart Campus,B001,Building A,BLK-A1,Block A1,AP-001,Building A Main Entrance,Entrance,2026-01-20 09:58:57,EMP-0018,Employee 18,EMPLOYEE,ACCESS_GRANTED,GRANTED,0,0,0,0,NORMAL,NORMAL,0
SEC-002951,F001,Smart Campus,B003,Building C,BLK-C1,Block C1,AP-005,Building C Main Entrance,Entrance,2026-01-20 10:17:54,EMP-0058,Employee 58,EMPLOYEE,ACCESS_GRANTED,GRANTED,0,0,0,0,NORMAL,NORMAL,0
SEC-003016,F001,Smart Campus,B001,Building A,BLK-A2,Block A2,AP-002,Building A Side Entrance,Entrance,2026-01-20 10:26:06,EMP-0441,Employee 441,EMPLOYEE,ACCESS_GRANTED,GRANTED,0,0,0,0,NORMAL,NORMAL,0
SEC-003040,F001,Smart Campus,B001,Building A,BLK-A2,Block A2,AP-002,Building A Side Entrance,Entrance,2026-01-20 10:27:22,EMP-0100,Employee 100,EMPLOYEE,ACCESS_GRANTED,GRANTED,0,0,0,0,NORMAL,NORMAL,0
SEC-002977,F001,Smart Campus,B003,Building C,BLK-C1,Block C1,AP-005,Building C Main Entrance,Entrance,2026-01-20 10:30:46,EMP-0157,Employee 157,EMPLOYEE,ACCESS_GRANTED,GRANTED,0,0,0,0,NORMAL,NORMAL,0
SEC-002976,F001,Smart Campus,B001,Building A,BLK-A2,Block A2,AP-002,Building A Side Entrance,Entrance,2026-01-20 10:46:30,EMP-0442,Employee 442,EMPLOYEE,ACCESS_GRANTED,GRANTED,0,0,0,0,NORMAL,NORMAL,0
SEC-002981,F001,Smart Campus,B003,Building C,BLK-C1,Block C1,AP-006,Server Room Access,Restricted Area,2026-01-20 10:46:32,VIS-0270,Visitor 270,VISITOR,ACCESS_GRANTED,GRANTED,0,0,0,0,NORMAL,NORMAL,0
SEC-002942,F001,Smart Campus,B003,Building C,BLK-C1,Block C1,AP-006,Server Room Access,Restricted Area,2026-01-20 10:52:49,VIS-0052,Visitor 52,VISITOR,ACCESS_GRANTED,GRANTED,0,0,0,0,NORMAL,NORMAL,0
SEC-003063,F001,Smart Campus,B003,Building C,BLK-C1,Block C1,AP-006,Server Room Access,Restricted Area,2026-01-20 10:53:07,EMP-0279,Employee 279,EMPLOYEE,ACCESS_GRANTED,GRANTED,0,0,0,0,NORMAL,NORMAL,0
SEC-002936,F001,Smart Campus,B001,Building A,BLK-A1,Block A1,AP-001,Building A Main Entrance,Entrance,2026-01-20 11:02:01,EMP-0212,Employee 212,EMPLOYEE,ACCESS_GRANTED,GRANTED,0,0,0,0,NORMAL,NORMAL,0
SEC-002973,F001,Smart Campus,B002,Building B,BLK-B1,Block B1,AP-003,Building B Main Entrance,Entrance,2026-01-20 11:02:15,EMP-0055,Employee 55,EMPLOYEE,ACCESS_GRANTED,GRANTED,0,0,0,0,NORMAL,NORMAL,0
SEC-002941,F001,Smart Campus,B001,Building A,BLK-A1,Block A1,AP-001,Building A Main Entrance,Entrance,2026-01-20 11:04:40,EMP-0141,Employee 141,EMPLOYEE,ACCESS_DENIED,DENIED,0,0,0,0,NORMAL,MEDIUM,1
SEC-002967,F001,Smart Campus,B002,Building B,BLK-B2,Block B2,AP-004,Building B Service Door,Service Area,2026-01-20 11:08:17,EMP-0216,Employee 216,EMPLOYEE,ACCESS_GRANTED,GRANTED,0,0,0,0,NORMAL,NORMAL,0
SEC-003059,F001,Smart Campus,B002,Building B,BLK-B2,Block B2,AP-004,Building B Service Door,Service Area,2026-01-20 11:14:40,EMP-0256,Employee 256,EMPLOYEE,ACCESS_GRANTED,GRANTED,0,0,0,0,NORMAL,NORMAL,0
SEC-003053,F001,Smart Campus,B001,Building A,BLK-A2,Block A2,AP-002,Building A Side Entrance,Entrance,2026-01-20 11:24:20,EMP-0012,Employee 12,EMPLOYEE,ACCESS_GRANTED,GRANTED,0,0,0,0,NORMAL,NORMAL,0
SEC-002952,F001,Smart Campus,B003,Building C,BLK-C1,Block C1,AP-005,Building C Main Entrance,Entrance,2026-01-20 11:28:27,VIS-0222,Visitor 222,VISITOR,ACCESS_GRANTED,GRANTED,0,0,0,0,NORMAL,NORMAL,0
SEC-003046,F001,Smart Campus,B002,Building B,BLK-B2,Block B2,AP-004,Building B Service Door,Service Area,2026-01-20 11:29:02,VIS-0079,Visitor 79,VISITOR,ACCESS_GRANTED,GRANTED,0,0,0,0,NORMAL,NORMAL,0
SEC-003032,F001,Smart Campus,B001,Building A,BLK-A2,Block A2,AP-002,Building A Side Entrance,Entrance,2026-01-20 11:29:05,EMP-0225,Employee 225,EMPLOYEE,ACCESS_GRANTED,GRANTED,0,0,0,0,NORMAL,NORMAL,0
SEC-003055,F001,Smart Campus,B001,Building A,BLK-A1,Block A1,AP-001,Building A Main Entrance,Entrance,2026-01-20 11:35:46,EMP-0280,Employee 280,EMPLOYEE,ACCESS_GRANTED,GRANTED,0,0,0,0,NORMAL,NORMAL,0
SEC-002991,F001,Smart Campus,B001,Building A,BLK-A1,Block A1,AP-001,Building A Main Entrance,Entrance,2026-01-20 11:36:10,EMP-0040,Employee 40,EMPLOYEE,ACCESS_GRANTED,GRANTED,0,0,0,0,NORMAL,NORMAL,0
SEC-002946,F001,Smart Campus,B002,Building B,BLK-B2,Block B2,AP-004,Building B Service Door,Service Area,2026-01-20 11:47:43,EMP-0393,Employee 393,EMPLOYEE,ACCESS_GRANTED,GRANTED,0,0,0,0,NORMAL,NORMAL,0
SEC-002934,F001,Smart Campus,B001,Building A,BLK-A1,Block A1,AP-001,Building A Main Entrance,Entrance,2026-01-20 11:55:40,EMP-0448,Employee 448,EMPLOYEE,ACCESS_GRANTED,GRANTED,0,0,0,0,NORMAL,NORMAL,0
SEC-002966,F001,Smart Campus,B002,Building B,BLK-B1,Block B1,AP-003,Building B Main Entrance,Entrance,2026-01-20 12:02:03,CON-0102,Contractor 102,CONTRACTOR,ACCESS_GRANTED,GRANTED,0,0,0,0,NORMAL,NORMAL,0
SEC-002979,F001,Smart Campus,B001,Building A,BLK-A1,Block A1,AP-001,Building A Main Entrance,Entrance,2026-01-20 12:02:53,EMP-0102,Employee 102,EMPLOYEE,ACCESS_GRANTED,GRANTED,0,0,0,0,NORMAL,NORMAL,0
SEC-003028,F001,Smart Campus,B002,Building B,BLK-B2,Block B2,AP-004,Building B Service Door,Service Area,2026-01-20 12:07:12,EMP-0484,Employee 484,EMPLOYEE,ACCESS_GRANTED,GRANTED,0,0,0,0,NORMAL,NORMAL,0
SEC-003020,F001,Smart Campus,B001,Building A,BLK-A1,Block A1,AP-001,Building A Main Entrance,Entrance,2026-01-20 12:15:55,EMP-0250,Employee 250,EMPLOYEE,ACCESS_GRANTED,GRANTED,0,0,0,0,NORMAL,NORMAL,0
SEC-002960,F001,Smart Campus,B003,Building C,BLK-C1,Block C1,AP-006,Server Room Access,Restricted Area,2026-01-20 12:21:46,EMP-0343,Employee 343,EMPLOYEE,ACCESS_GRANTED,GRANTED,0,0,0,0,NORMAL,NORMAL,0
SEC-003001,F001,Smart Campus,B003,Building C,BLK-C1,Block C1,AP-006,Server Room Access,Restricted Area,2026-01-20 12:22:58,EMP-0286,Employee 286,EMPLOYEE,ACCESS_GRANTED,GRANTED,0,0,0,0,NORMAL,NORMAL,0
SEC-002969,F001,Smart Campus,B002,Building B,BLK-B2,Block B2,AP-004,Building B Service Door,Service Area,2026-01-20 12:27:39,EMP-0032,Employee 32,EMPLOYEE,ACCESS_GRANTED,GRANTED,0,0,0,0,NORMAL,NORMAL,0
SEC-003007,F001,Smart Campus,B002,Building B,BLK-B1,Block B1,AP-003,Building B Main Entrance,Entrance,2026-01-20 12:36:30,EMP-0478,Employee 478,EMPLOYEE,ACCESS_GRANTED,GRANTED,0,0,0,0,NORMAL,NORMAL,0
SEC-002974,F001,Smart Campus,B002,Building B,BLK-B1,Block B1,AP-003,Building B Main Entrance,Entrance,2026-01-20 12:37:22,EMP-0043,Employee 43,EMPLOYEE,ACCESS_GRANTED,GRANTED,0,0,0,0,NORMAL,NORMAL,0
SEC-003026,F001,Smart Campus,B003,Building C,BLK-C1,Block C1,AP-006,Server Room Access,Restricted Area,2026-01-20 12:39:50,EMP-0145,Employee 145,EMPLOYEE,ACCESS_GRANTED,GRANTED,0,0,0,0,NORMAL,NORMAL,0
SEC-002957,F001,Smart Campus,B001,Building A,BLK-A1,Block A1,AP-001,Building A Main Entrance,Entrance,2026-01-20 12:51:28,VIS-0240,Visitor 240,VISITOR,ACCESS_DENIED,DENIED,0,0,0,0,NORMAL,MEDIUM,1
SEC-003064,F001,Smart Campus,B003,Building C,BLK-C1,Block C1,AP-005,Building C Main Entrance,Entrance,2026-01-20 13:08:02,EMP-0423,Employee 423,EMPLOYEE,UNAUTHORIZED_ACCESS,DENIED,0,1,0,0,SUSPICIOUS_ACCESS,HIGH,1
SEC-003047,F001,Smart Campus,B003,Building C,BLK-C1,Block C1,AP-005,Building C Main Entrance,Entrance,2026-01-20 13:12:26,EMP-0183,Employee 183,EMPLOYEE,ACCESS_GRANTED,GRANTED,0,0,0,0,NORMAL,NORMAL,0
SEC-003011,F001,Smart Campus,B002,Building B,BLK-B2,Block B2,AP-004,Building B Service Door,Service Area,2026-01-20 13:27:31,EMP-0048,Employee 48,EMPLOYEE,ACCESS_GRANTED,GRANTED,0,0,0,0,NORMAL,NORMAL,0
SEC-002956,F001,Smart Campus,B003,Building C,BLK-C1,Block C1,AP-006,Server Room Access,Restricted Area,2026-01-20 13:31:02,EMP-0439,Employee 439,EMPLOYEE,ACCESS_GRANTED,GRANTED,0,0,0,0,NORMAL,NORMAL,0
SEC-003006,F001,Smart Campus,B001,Building A,BLK-A1,Block A1,AP-001,Building A Main Entrance,Entrance,2026-01-20 13:42:34,EMP-0335,Employee 335,EMPLOYEE,UNAUTHORIZED_ACCESS,DENIED,0,1,0,0,SUSPICIOUS_ACCESS,HIGH,1
SEC-002972,F001,Smart Campus,B001,Building A,BLK-A1,Block A1,AP-001,Building A Main Entrance,Entrance,2026-01-20 13:43:36,EMP-0465,Employee 465,EMPLOYEE,ACCESS_GRANTED,GRANTED,0,0,0,0,NORMAL,NORMAL,0
SEC-003058,F001,Smart Campus,B003,Building C,BLK-C1,Block C1,AP-005,Building C Main Entrance,Entrance,2026-01-20 13:45:27,EMP-0213,Employee 213,EMPLOYEE,ACCESS_GRANTED,GRANTED,0,0,0,0,NORMAL,NORMAL,0
SEC-002998,F001,Smart Campus,B001,Building A,BLK-A2,Block A2,AP-002,Building A Side Entrance,Entrance,2026-01-20 13:55:16,VIS-0199,Visitor 199,VISITOR,ACCESS_GRANTED,GRANTED,0,0,0,0,NORMAL,NORMAL,0
SEC-002954,F001,Smart Campus,B001,Building A,BLK-A2,Block A2,AP-002,Building A Side Entrance,Entrance,2026-01-20 13:55:37,EMP-0476,Employee 476,EMPLOYEE,ACCESS_GRANTED,GRANTED,0,0,0,0,NORMAL,NORMAL,0
SEC-003045,F001,Smart Campus,B003,Building C,BLK-C1,Block C1,AP-006,Server Room Access,Restricted Area,2026-01-20 14:01:16,EMP-0399,Employee 399,EMPLOYEE,ACCESS_GRANTED,GRANTED,0,0,0,0,NORMAL,NORMAL,0
SEC-003038,F001,Smart Campus,B002,Building B,BLK-B2,Block B2,AP-004,Building B Service Door,Service Area,2026-01-20 14:05:09,EMP-0417,Employee 417,EMPLOYEE,ACCESS_GRANTED,GRANTED,0,0,0,0,NORMAL,NORMAL,0
SEC-002989,F001,Smart Campus,B003,Building C,BLK-C1,Block C1,AP-005,Building C Main Entrance,Entrance,2026-01-20 14:23:26,CON-0128,Contractor 128,CONTRACTOR,ACCESS_GRANTED,GRANTED,0,0,0,0,NORMAL,NORMAL,0
SEC-002965,F001,Smart Campus,B003,Building C,BLK-C1,Block C1,AP-006,Server Room Access,Restricted Area,2026-01-20 14:27:43,VIS-0136,Visitor 136,VISITOR,ACCESS_GRANTED,GRANTED,0,0,0,0,NORMAL,NORMAL,0
SEC-003049,F001,Smart Campus,B003,Building C,BLK-C1,Block C1,AP-005,Building C Main Entrance,Entrance,2026-01-20 14:31:03,EMP-0239,Employee 239,EMPLOYEE,ACCESS_GRANTED,GRANTED,0,0,0,0,NORMAL,NORMAL,0
SEC-002986,F001,Smart Campus,B001,Building A,BLK-A2,Block A2,AP-002,Building A Side Entrance,Entrance,2026-01-20 14:33:59,EMP-0318,Employee 318,EMPLOYEE,ACCESS_GRANTED,GRANTED,0,0,0,0,NORMAL,NORMAL,0
SEC-003003,F001,Smart Campus,B001,Building A,BLK-A2,Block A2,AP-002,Building A Side Entrance,Entrance,2026-01-20 14:50:40,EMP-0276,Employee 276,EMPLOYEE,ACCESS_GRANTED,GRANTED,0,0,0,0,NORMAL,NORMAL,0
SEC-002939,F001,Smart Campus,B003,Building C,BLK-C1,Block C1,AP-006,Server Room Access,Restricted Area,2026-01-20 15:07:10,EMP-0055,Employee 55,EMPLOYEE,ACCESS_GRANTED,GRANTED,0,0,0,0,NORMAL,NORMAL,0
SEC-002937,F001,Smart Campus,B001,Building A,BLK-A2,Block A2,AP-002,Building A Side Entrance,Entrance,2026-01-20 15:51:28,EMP-0185,Employee 185,EMPLOYEE,ACCESS_GRANTED,GRANTED,0,0,0,0,NORMAL,NORMAL,0
SEC-003000,F001,Smart Campus,B001,Building A,BLK-A1,Block A1,AP-001,Building A Main Entrance,Entrance,2026-01-20 15:52:50,EMP-0029,Employee 29,EMPLOYEE,ACCESS_GRANTED,GRANTED,0,0,0,0,NORMAL,NORMAL,0
SEC-002953,F001,Smart Campus,B001,Building A,BLK-A1,Block A1,AP-001,Building A Main Entrance,Entrance,2026-01-20 16:12:57,EMP-0195,Employee 195,EMPLOYEE,ACCESS_GRANTED,GRANTED,0,0,0,0,NORMAL,NORMAL,0
SEC-002963,F001,Smart Campus,B001,Building A,BLK-A2,Block A2,AP-002,Building A Side Entrance,Entrance,2026-01-20 16:20:43,EMP-0285,Employee 285,EMPLOYEE,ACCESS_DENIED,DENIED,0,0,0,0,NORMAL,MEDIUM,1
SEC-003019,F001,Smart Campus,B002,Building B,BLK-B2,Block B2,AP-004,Building B Service Door,Service Area,2026-01-20 16:25:56,VIS-0178,Visitor 178,VISITOR,ACCESS_GRANTED,GRANTED,0,0,0,0,NORMAL,NORMAL,0
SEC-003013,F001,Smart Campus,B001,Building A,BLK-A2,Block A2,AP-002,Building A Side Entrance,Entrance,2026-01-20 16:31:34,EMP-0217,Employee 217,EMPLOYEE,ACCESS_GRANTED,GRANTED,0,0,0,0,NORMAL,NORMAL,0
SEC-003051,F001,Smart Campus,B001,Building A,BLK-A2,Block A2,AP-002,Building A Side Entrance,Entrance,2026-01-20 17:04:56,EMP-0486,Employee 486,EMPLOYEE,ACCESS_GRANTED,GRANTED,0,0,0,0,NORMAL,NORMAL,0
SEC-003039,F001,Smart Campus,B003,Building C,BLK-C1,Block C1,AP-005,Building C Main Entrance,Entrance,2026-01-20 17:20:34,CON-0018,Contractor 18,CONTRACTOR,ACCESS_GRANTED,GRANTED,0,0,0,0,NORMAL,NORMAL,0
SEC-002993,F001,Smart Campus,B001,Building A,BLK-A1,Block A1,AP-001,Building A Main Entrance,Entrance,2026-01-20 17:20:54,EMP-0487,Employee 487,EMPLOYEE,ACCESS_GRANTED,GRANTED,0,0,0,0,NORMAL,NORMAL,0
SEC-002964,F001,Smart Campus,B001,Building A,BLK-A2,Block A2,AP-002,Building A Side Entrance,Entrance,2026-01-20 17:27:52,EMP-0121,Employee 121,EMPLOYEE,ACCESS_GRANTED,GRANTED,0,0,0,0,NORMAL,NORMAL,0
SEC-003004,F001,Smart Campus,B001,Building A,BLK-A1,Block A1,AP-001,Building A Main Entrance,Entrance,2026-01-20 17:32:42,EMP-0395,Employee 395,EMPLOYEE,ACCESS_GRANTED,GRANTED,0,0,0,0,NORMAL,NORMAL,0
SEC-002945,F001,Smart Campus,B002,Building B,BLK-B1,Block B1,AP-003,Building B Main Entrance,Entrance,2026-01-20 17:34:14,EMP-0459,Employee 459,EMPLOYEE,ACCESS_GRANTED,GRANTED,0,0,0,0,NORMAL,NORMAL,0
SEC-002950,F001,Smart Campus,B001,Building A,BLK-A2,Block A2,AP-002,Building A Side Entrance,Entrance,2026-01-20 17:40:43,VIS-0215,Visitor 215,VISITOR,ACCESS_GRANTED,GRANTED,0,0,0,0,NORMAL,NORMAL,0
SEC-003050,F001,Smart Campus,B001,Building A,BLK-A1,Block A1,AP-001,Building A Main Entrance,Entrance,2026-01-20 17:40:56,VIS-0212,Visitor 212,VISITOR,ACCESS_DENIED,DENIED,0,0,0,0,NORMAL,MEDIUM,1
SEC-003043,F001,Smart Campus,B001,Building A,BLK-A2,Block A2,AP-002,Building A Side Entrance,Entrance,2026-01-20 17:48:02,EMP-0005,Employee 5,EMPLOYEE,ACCESS_GRANTED,GRANTED,0,0,0,0,NORMAL,NORMAL,0
SEC-003044,F001,Smart Campus,B003,Building C,BLK-C1,Block C1,AP-006,Server Room Access,Restricted Area,2026-01-20 17:48:15,EMP-0292,Employee 292,EMPLOYEE,ACCESS_GRANTED,GRANTED,0,0,0,0,NORMAL,NORMAL,0
SEC-002980,F001,Smart Campus,B003,Building C,BLK-C1,Block C1,AP-006,Server Room Access,Restricted Area,2026-01-20 17:49:44,EMP-0354,Employee 354,EMPLOYEE,ACCESS_GRANTED,GRANTED,0,0,0,0,NORMAL,NORMAL,0
SEC-002978,F001,Smart Campus,B001,Building A,BLK-A1,Block A1,AP-001,Building A Main Entrance,Entrance,2026-01-20 18:11:55,EMP-0405,Employee 405,EMPLOYEE,ACCESS_GRANTED,GRANTED,0,0,0,0,NORMAL,NORMAL,0
SEC-002949,F001,Smart Campus,B003,Building C,BLK-C1,Block C1,AP-005,Building C Main Entrance,Entrance,2026-01-20 18:18:35,EMP-0410,Employee 410,EMPLOYEE,ACCESS_GRANTED,GRANTED,0,0,0,0,NORMAL,NORMAL,0
SEC-002984,F001,Smart Campus,B003,Building C,BLK-C1,Block C1,AP-006,Server Room Access,Restricted Area,2026-01-20 18:20:31,EMP-0341,Employee 341,EMPLOYEE,ACCESS_GRANTED,GRANTED,0,0,0,0,NORMAL,NORMAL,0
SEC-002947,F001,Smart Campus,B003,Building C,BLK-C1,Block C1,AP-005,Building C Main Entrance,Entrance,2026-01-20 18:20:36,EMP-0440,Employee 440,EMPLOYEE,ACCESS_GRANTED,GRANTED,0,0,0,0,NORMAL,NORMAL,0
SEC-003057,F001,Smart Campus,B003,Building C,BLK-C1,Block C1,AP-005,Building C Main Entrance,Entrance,2026-01-20 18:29:58,EMP-0070,Employee 70,EMPLOYEE,ACCESS_GRANTED,GRANTED,0,0,0,0,NORMAL,NORMAL,0
SEC-002931,F001,Smart Campus,B003,Building C,BLK-C1,Block C1,AP-006,Server Room Access,Restricted Area,2026-01-20 19:05:52,EMP-0135,Employee 135,EMPLOYEE,ACCESS_GRANTED,GRANTED,0,0,0,0,NORMAL,NORMAL,0
SEC-002996,F001,Smart Campus,B002,Building B,BLK-B2,Block B2,AP-004,Building B Service Door,Service Area,2026-01-20 19:12:51,VIS-0141,Visitor 141,VISITOR,ACCESS_GRANTED,GRANTED,0,0,0,0,NORMAL,NORMAL,0
SEC-003036,F001,Smart Campus,B003,Building C,BLK-C1,Block C1,AP-005,Building C Main Entrance,Entrance,2026-01-20 19:24:35,EMP-0470,Employee 470,EMPLOYEE,ACCESS_GRANTED,GRANTED,0,0,0,0,NORMAL,NORMAL,0
SEC-002999,F001,Smart Campus,B001,Building A,BLK-A1,Block A1,AP-001,Building A Main Entrance,Entrance,2026-01-20 19:31:21,VIS-0055,Visitor 55,VISITOR,ACCESS_GRANTED,GRANTED,0,0,0,0,NORMAL,NORMAL,0
SEC-003024,F001,Smart Campus,B003,Building C,BLK-C1,Block C1,AP-006,Server Room Access,Restricted Area,2026-01-20 19:36:14,CON-0002,Contractor 2,CONTRACTOR,ACCESS_GRANTED,GRANTED,0,0,0,0,NORMAL,NORMAL,0
SEC-003042,F001,Smart Campus,B002,Building B,BLK-B2,Block B2,AP-004,Building B Service Door,Service Area,2026-01-20 19:41:59,CON-0137,Contractor 137,CONTRACTOR,ACCESS_GRANTED,GRANTED,0,0,0,0,NORMAL,NORMAL,0
SEC-002930,F001,Smart Campus,B002,Building B,BLK-B2,Block B2,AP-004,Building B Service Door,Service Area,2026-01-20 19:59:47,EMP-0165,Employee 165,EMPLOYEE,ACCESS_DENIED,DENIED,0,0,0,0,NORMAL,MEDIUM,1
SEC-003012,F001,Smart Campus,B001,Building A,BLK-A2,Block A2,AP-002,Building A Side Entrance,Entrance,2026-01-20 20:07:16,EMP-0487,Employee 487,EMPLOYEE,ACCESS_GRANTED,GRANTED,0,0,0,0,NORMAL,NORMAL,0
SEC-003027,F001,Smart Campus,B002,Building B,BLK-B1,Block B1,AP-003,Building B Main Entrance,Entrance,2026-01-20 20:15:03,EMP-0008,Employee 8,EMPLOYEE,ACCESS_GRANTED,GRANTED,0,0,0,0,NORMAL,NORMAL,0
SEC-003034,F001,Smart Campus,B002,Building B,BLK-B1,Block B1,AP-003,Building B Main Entrance,Entrance,2026-01-20 20:18:06,EMP-0496,Employee 496,EMPLOYEE,ACCESS_GRANTED,GRANTED,0,0,0,0,NORMAL,NORMAL,0
SEC-002997,F001,Smart Campus,B002,Building B,BLK-B2,Block B2,AP-004,Building B Service Door,Service Area,2026-01-20 20:20:16,CON-0086,Contractor 86,CONTRACTOR,ACCESS_GRANTED,GRANTED,0,0,0,0,NORMAL,NORMAL,0
SEC-002961,F001,Smart Campus,B002,Building B,BLK-B2,Block B2,AP-004,Building B Service Door,Service Area,2026-01-20 20:21:44,EMP-0095,Employee 95,EMPLOYEE,UNAUTHORIZED_ACCESS,DENIED,0,1,0,0,SUSPICIOUS_ACCESS,HIGH,1
SEC-003017,F001,Smart Campus,B001,Building A,BLK-A1,Block A1,AP-001,Building A Main Entrance,Entrance,2026-01-20 20:25:55,EMP-0368,Employee 368,EMPLOYEE,ACCESS_GRANTED,GRANTED,0,0,0,0,NORMAL,NORMAL,0
SEC-003015,F001,Smart Campus,B002,Building B,BLK-B2,Block B2,AP-004,Building B Service Door,Service Area,2026-01-20 20:34:55,EMP-0047,Employee 47,EMPLOYEE,ACCESS_GRANTED,GRANTED,0,0,0,0,NORMAL,NORMAL,0
SEC-002994,F001,Smart Campus,B002,Building B,BLK-B2,Block B2,AP-004,Building B Service Door,Service Area,2026-01-20 20:35:45,VIS-0017,Visitor 17,VISITOR,ACCESS_GRANTED,GRANTED,0,0,0,0,NORMAL,NORMAL,0
SEC-002983,F001,Smart Campus,B002,Building B,BLK-B2,Block B2,AP-004,Building B Service Door,Service Area,2026-01-20 20:54:50,EMP-0194,Employee 194,EMPLOYEE,ACCESS_GRANTED,GRANTED,0,0,0,0,NORMAL,NORMAL,0
SEC-003009,F001,Smart Campus,B001,Building A,BLK-A1,Block A1,AP-001,Building A Main Entrance,Entrance,2026-01-20 20:55:29,EMP-0493,Employee 493,EMPLOYEE,ACCESS_GRANTED,GRANTED,0,0,0,0,NORMAL,NORMAL,0
SEC-003022,F001,Smart Campus,B002,Building B,BLK-B2,Block B2,AP-004,Building B Service Door,Service Area,2026-01-20 20:57:41,VIS-0255,Visitor 255,VISITOR,ACCESS_GRANTED,GRANTED,0,0,0,0,NORMAL,NORMAL,0
SEC-002982,F001,Smart Campus,B003,Building C,BLK-C1,Block C1,AP-005,Building C Main Entrance,Entrance,2026-01-20 21:10:32,EMP-0132,Employee 132,EMPLOYEE,ACCESS_GRANTED,GRANTED,1,0,0,0,NORMAL,LOW,0
SEC-002990,F001,Smart Campus,B003,Building C,BLK-C1,Block C1,AP-006,Server Room Access,Restricted Area,2026-01-20 21:13:29,EMP-0427,Employee 427,EMPLOYEE,ACCESS_GRANTED,GRANTED,1,0,0,0,NORMAL,LOW,0
SEC-002985,F001,Smart Campus,B003,Building C,BLK-C1,Block C1,AP-006,Server Room Access,Restricted Area,2026-01-20 21:51:06,EMP-0069,Employee 69,EMPLOYEE,ACCESS_GRANTED,GRANTED,1,0,0,0,NORMAL,LOW,0
SEC-003010,F001,Smart Campus,B002,Building B,BLK-B2,Block B2,AP-004,Building B Service Door,Service Area,2026-01-20 22:16:11,EMP-0499,Employee 499,EMPLOYEE,ACCESS_GRANTED,GRANTED,1,0,0,0,NORMAL,LOW,0
SEC-003056,F001,Smart Campus,B003,Building C,BLK-C1,Block C1,AP-005,Building C Main Entrance,Entrance,2026-01-20 22:36:02,CON-0070,Contractor 70,CONTRACTOR,ACCESS_GRANTED,GRANTED,1,0,0,0,NORMAL,LOW,0
SEC-003052,F001,Smart Campus,B002,Building B,BLK-B2,Block B2,AP-004,Building B Service Door,Service Area,2026-01-20 22:43:58,EMP-0449,Employee 449,EMPLOYEE,ACCESS_GRANTED,GRANTED,1,0,0,0,NORMAL,LOW,0
SEC-003029,F001,Smart Campus,B001,Building A,BLK-A1,Block A1,AP-001,Building A Main Entrance,Entrance,2026-01-20 22:59:20,CON-0085,Contractor 85,CONTRACTOR,ACCESS_GRANTED,GRANTED,1,0,0,0,NORMAL,LOW,0
SEC-003014,F001,Smart Campus,B001,Building A,BLK-A1,Block A1,AP-001,Building A Main Entrance,Entrance,2026-01-20 23:06:10,EMP-0024,Employee 24,EMPLOYEE,ACCESS_GRANTED,GRANTED,1,0,0,0,NORMAL,LOW,0
SEC-003203,F001,Smart Campus,B003,Building C,BLK-C1,Block C1,AP-006,Server Room Access,Restricted Area,2026-01-21 00:08:13,EMP-0049,Employee 49,EMPLOYEE,ACCESS_GRANTED,GRANTED,1,0,0,0,NORMAL,LOW,0
SEC-003149,F001,Smart Campus,B002,Building B,BLK-B1,Block B1,AP-003,Building B Main Entrance,Entrance,2026-01-21 00:16:39,EMP-0249,Employee 249,EMPLOYEE,ACCESS_GRANTED,GRANTED,1,0,0,0,NORMAL,LOW,0
SEC-003178,F001,Smart Campus,B003,Building C,BLK-C1,Block C1,AP-005,Building C Main Entrance,Entrance,2026-01-21 00:33:04,EMP-0459,Employee 459,EMPLOYEE,UNAUTHORIZED_ACCESS,DENIED,1,1,0,0,SUSPICIOUS_ACCESS,CRITICAL,1
SEC-003191,F001,Smart Campus,B003,Building C,BLK-C1,Block C1,AP-006,Server Room Access,Restricted Area,2026-01-21 01:53:38,EMP-0039,Employee 39,EMPLOYEE,ACCESS_GRANTED,GRANTED,1,0,0,0,NORMAL,LOW,0
SEC-003166,F001,Smart Campus,B001,Building A,BLK-A2,Block A2,AP-002,Building A Side Entrance,Entrance,2026-01-21 01:53:57,VIS-0228,Visitor 228,VISITOR,ACCESS_GRANTED,GRANTED,1,0,0,0,NORMAL,LOW,0
SEC-003190,F001,Smart Campus,B002,Building B,BLK-B2,Block B2,AP-004,Building B Service Door,Service Area,2026-01-21 02:09:12,EMP-0010,Employee 10,EMPLOYEE,ACCESS_GRANTED,GRANTED,1,0,0,0,NORMAL,LOW,0
SEC-003139,F001,Smart Campus,B001,Building A,BLK-A2,Block A2,AP-002,Building A Side Entrance,Entrance,2026-01-21 02:18:48,VIS-0158,Visitor 158,VISITOR,ACCESS_GRANTED,GRANTED,1,0,0,0,AFTER_HOURS_MOVEMENT,LOW,0
SEC-003087,F001,Smart Campus,B003,Building C,BLK-C1,Block C1,AP-006,Server Room Access,Restricted Area,2026-01-21 02:38:31,EMP-0143,Employee 143,EMPLOYEE,ACCESS_GRANTED,GRANTED,1,0,0,0,NORMAL,LOW,0
SEC-003114,F001,Smart Campus,B003,Building C,BLK-C1,Block C1,AP-005,Building C Main Entrance,Entrance,2026-01-21 02:45:55,CON-0128,Contractor 128,CONTRACTOR,ACCESS_GRANTED,GRANTED,1,0,0,0,NORMAL,LOW,0
SEC-003219,F001,Smart Campus,B002,Building B,BLK-B2,Block B2,AP-004,Building B Service Door,Service Area,2026-01-21 02:51:03,VIS-0196,Visitor 196,VISITOR,ACCESS_GRANTED,GRANTED,1,0,0,0,NORMAL,LOW,0
SEC-003104,F001,Smart Campus,B003,Building C,BLK-C1,Block C1,AP-006,Server Room Access,Restricted Area,2026-01-21 03:39:37,EMP-0428,Employee 428,EMPLOYEE,ACCESS_GRANTED,GRANTED,1,0,0,0,NORMAL,LOW,0
SEC-003215,F001,Smart Campus,B002,Building B,BLK-B1,Block B1,AP-003,Building B Main Entrance,Entrance,2026-01-21 03:42:42,EMP-0131,Employee 131,EMPLOYEE,ACCESS_GRANTED,GRANTED,1,0,0,0,AFTER_HOURS_MOVEMENT,LOW,0
SEC-003179,F001,Smart Campus,B001,Building A,BLK-A2,Block A2,AP-002,Building A Side Entrance,Entrance,2026-01-21 03:45:25,EMP-0400,Employee 400,EMPLOYEE,ACCESS_GRANTED,GRANTED,1,0,0,0,NORMAL,LOW,0
SEC-003213,F001,Smart Campus,B003,Building C,BLK-C1,Block C1,AP-005,Building C Main Entrance,Entrance,2026-01-21 04:20:03,EMP-0060,Employee 60,EMPLOYEE,ACCESS_GRANTED,GRANTED,1,0,0,0,NORMAL,LOW,0
SEC-003210,F001,Smart Campus,B003,Building C,BLK-C1,Block C1,AP-005,Building C Main Entrance,Entrance,2026-01-21 04:21:13,EMP-0152,Employee 152,EMPLOYEE,ACCESS_GRANTED,GRANTED,1,0,0,0,AFTER_HOURS_MOVEMENT,LOW,0
SEC-003208,F001,Smart Campus,B001,Building A,BLK-A2,Block A2,AP-002,Building A Side Entrance,Entrance,2026-01-21 04:54:35,CON-0021,Contractor 21,CONTRACTOR,ACCESS_GRANTED,GRANTED,1,0,0,0,NORMAL,LOW,0
SEC-003168,F001,Smart Campus,B003,Building C,BLK-C1,Block C1,AP-006,Server Room Access,Restricted Area,2026-01-21 05:15:32,EMP-0479,Employee 479,EMPLOYEE,ACCESS_GRANTED,GRANTED,1,0,0,0,NORMAL,LOW,0
SEC-003160,F001,Smart Campus,B003,Building C,BLK-C1,Block C1,AP-005,Building C Main Entrance,Entrance,2026-01-21 05:27:10,EMP-0252,Employee 252,EMPLOYEE,ACCESS_GRANTED,GRANTED,1,0,0,0,NORMAL,LOW,0
SEC-003108,F001,Smart Campus,B002,Building B,BLK-B2,Block B2,AP-004,Building B Service Door,Service Area,2026-01-21 05:41:21,EMP-0099,Employee 99,EMPLOYEE,ACCESS_GRANTED,GRANTED,1,0,0,0,NORMAL,LOW,0
SEC-003165,F001,Smart Campus,B002,Building B,BLK-B2,Block B2,AP-004,Building B Service Door,Service Area,2026-01-21 05:54:01,EMP-0190,Employee 190,EMPLOYEE,ACCESS_GRANTED,GRANTED,1,0,0,0,NORMAL,LOW,0
SEC-003081,F001,Smart Campus,B001,Building A,BLK-A1,Block A1,AP-001,Building A Main Entrance,Entrance,2026-01-21 06:17:11,EMP-0235,Employee 235,EMPLOYEE,ACCESS_GRANTED,GRANTED,1,0,0,0,NORMAL,LOW,0
SEC-003095,F001,Smart Campus,B003,Building C,BLK-C1,Block C1,AP-006,Server Room Access,Restricted Area,2026-01-21 06:22:07,EMP-0395,Employee 395,EMPLOYEE,ACCESS_GRANTED,GRANTED,1,0,0,0,NORMAL,LOW,0
SEC-003110,F001,Smart Campus,B001,Building A,BLK-A1,Block A1,AP-001,Building A Main Entrance,Entrance,2026-01-21 06:23:40,EMP-0058,Employee 58,EMPLOYEE,ACCESS_GRANTED,GRANTED,1,0,0,0,NORMAL,LOW,0
SEC-003176,F001,Smart Campus,B003,Building C,BLK-C1,Block C1,AP-006,Server Room Access,Restricted Area,2026-01-21 06:58:11,EMP-0018,Employee 18,EMPLOYEE,ACCESS_GRANTED,GRANTED,1,0,0,0,NORMAL,LOW,0
SEC-003189,F001,Smart Campus,B002,Building B,BLK-B1,Block B1,AP-003,Building B Main Entrance,Entrance,2026-01-21 07:01:57,VIS-0236,Visitor 236,VISITOR,ACCESS_GRANTED,GRANTED,0,0,0,0,NORMAL,NORMAL,0
SEC-003150,F001,Smart Campus,B001,Building A,BLK-A1,Block A1,AP-001,Building A Main Entrance,Entrance,2026-01-21 07:12:05,EMP-0383,Employee 383,EMPLOYEE,ACCESS_GRANTED,GRANTED,0,0,0,0,NORMAL,NORMAL,0
SEC-003198,F001,Smart Campus,B001,Building A,BLK-A2,Block A2,AP-002,Building A Side Entrance,Entrance,2026-01-21 07:14:50,EMP-0339,Employee 339,EMPLOYEE,ACCESS_GRANTED,GRANTED,0,0,0,0,NORMAL,NORMAL,0
SEC-003120,F001,Smart Campus,B001,Building A,BLK-A1,Block A1,AP-001,Building A Main Entrance,Entrance,2026-01-21 07:20:43,EMP-0278,Employee 278,EMPLOYEE,ACCESS_GRANTED,GRANTED,0,0,0,0,NORMAL,NORMAL,0
SEC-003211,F001,Smart Campus,B001,Building A,BLK-A2,Block A2,AP-002,Building A Side Entrance,Entrance,2026-01-21 07:27:46,EMP-0157,Employee 157,EMPLOYEE,ACCESS_GRANTED,GRANTED,0,0,0,0,NORMAL,NORMAL,0
SEC-003172,F001,Smart Campus,B001,Building A,BLK-A1,Block A1,AP-001,Building A Main Entrance,Entrance,2026-01-21 07:28:04,EMP-0452,Employee 452,EMPLOYEE,ACCESS_GRANTED,GRANTED,0,0,0,0,NORMAL,NORMAL,0
SEC-003130,F001,Smart Campus,B001,Building A,BLK-A1,Block A1,AP-001,Building A Main Entrance,Entrance,2026-01-21 07:30:07,VIS-0026,Visitor 26,VISITOR,ACCESS_GRANTED,GRANTED,0,0,0,0,NORMAL,NORMAL,0
SEC-003197,F001,Smart Campus,B001,Building A,BLK-A2,Block A2,AP-002,Building A Side Entrance,Entrance,2026-01-21 07:30:19,EMP-0432,Employee 432,EMPLOYEE,ACCESS_GRANTED,GRANTED,0,0,0,0,NORMAL,NORMAL,0
SEC-003086,F001,Smart Campus,B001,Building A,BLK-A2,Block A2,AP-002,Building A Side Entrance,Entrance,2026-01-21 07:51:55,EMP-0473,Employee 473,EMPLOYEE,ACCESS_GRANTED,GRANTED,0,0,0,0,NORMAL,NORMAL,0
SEC-003192,F001,Smart Campus,B001,Building A,BLK-A2,Block A2,AP-002,Building A Side Entrance,Entrance,2026-01-21 07:59:29,EMP-0458,Employee 458,EMPLOYEE,ACCESS_GRANTED,GRANTED,0,0,0,0,NORMAL,NORMAL,0
SEC-003218,F001,Smart Campus,B002,Building B,BLK-B2,Block B2,AP-004,Building B Service Door,Service Area,2026-01-21 08:01:48,CON-0140,Contractor 140,CONTRACTOR,ACCESS_DENIED,DENIED,0,0,0,0,NORMAL,MEDIUM,1
SEC-003138,F001,Smart Campus,B001,Building A,BLK-A2,Block A2,AP-002,Building A Side Entrance,Entrance,2026-01-21 08:04:53,EMP-0229,Employee 229,EMPLOYEE,ACCESS_GRANTED,GRANTED,0,0,0,0,NORMAL,NORMAL,0
SEC-003194,F001,Smart Campus,B001,Building A,BLK-A2,Block A2,AP-002,Building A Side Entrance,Entrance,2026-01-21 08:25:45,EMP-0068,Employee 68,EMPLOYEE,ACCESS_GRANTED,GRANTED,0,0,0,0,NORMAL,NORMAL,0
SEC-003195,F001,Smart Campus,B002,Building B,BLK-B1,Block B1,AP-003,Building B Main Entrance,Entrance,2026-01-21 08:31:15,EMP-0458,Employee 458,EMPLOYEE,ACCESS_GRANTED,GRANTED,0,0,0,0,NORMAL,NORMAL,0
SEC-003216,F001,Smart Campus,B003,Building C,BLK-C1,Block C1,AP-005,Building C Main Entrance,Entrance,2026-01-21 08:31:23,EMP-0017,Employee 17,EMPLOYEE,ACCESS_GRANTED,GRANTED,0,0,0,0,NORMAL,NORMAL,0
SEC-003122,F001,Smart Campus,B002,Building B,BLK-B1,Block B1,AP-003,Building B Main Entrance,Entrance,2026-01-21 08:39:26,VIS-0236,Visitor 236,VISITOR,ACCESS_GRANTED,GRANTED,0,0,0,0,NORMAL,NORMAL,0
SEC-003129,F001,Smart Campus,B002,Building B,BLK-B2,Block B2,AP-004,Building B Service Door,Service Area,2026-01-21 08:40:57,VIS-0077,Visitor 77,VISITOR,ACCESS_GRANTED,GRANTED,0,0,0,0,NORMAL,NORMAL,0
SEC-003099,F001,Smart Campus,B002,Building B,BLK-B1,Block B1,AP-003,Building B Main Entrance,Entrance,2026-01-21 08:42:32,EMP-0132,Employee 132,EMPLOYEE,ACCESS_GRANTED,GRANTED,0,0,0,0,NORMAL,NORMAL,0
SEC-003080,F001,Smart Campus,B002,Building B,BLK-B2,Block B2,AP-004,Building B Service Door,Service Area,2026-01-21 08:55:07,VIS-0048,Visitor 48,VISITOR,TAILGATING,GRANTED,0,0,0,1,TAILGATING,HIGH,1
SEC-003196,F001,Smart Campus,B001,Building A,BLK-A2,Block A2,AP-002,Building A Side Entrance,Entrance,2026-01-21 09:01:37,EMP-0104,Employee 104,EMPLOYEE,ACCESS_GRANTED,GRANTED,0,0,0,0,NORMAL,NORMAL,0
SEC-003101,F001,Smart Campus,B001,Building A,BLK-A1,Block A1,AP-001,Building A Main Entrance,Entrance,2026-01-21 09:24:42,EMP-0228,Employee 228,EMPLOYEE,ACCESS_GRANTED,GRANTED,0,0,0,0,NORMAL,NORMAL,0
SEC-003205,F001,Smart Campus,B003,Building C,BLK-C1,Block C1,AP-006,Server Room Access,Restricted Area,2026-01-21 09:24:52,CON-0122,Contractor 122,CONTRACTOR,ACCESS_GRANTED,GRANTED,0,0,0,0,NORMAL,NORMAL,0
SEC-003106,F001,Smart Campus,B003,Building C,BLK-C1,Block C1,AP-005,Building C Main Entrance,Entrance,2026-01-21 09:25:51,EMP-0310,Employee 310,EMPLOYEE,UNAUTHORIZED_ACCESS,DENIED,0,1,0,0,SUSPICIOUS_ACCESS,HIGH,1
SEC-003222,F001,Smart Campus,B003,Building C,BLK-C1,Block C1,AP-005,Building C Main Entrance,Entrance,2026-01-21 09:32:27,EMP-0074,Employee 74,EMPLOYEE,ACCESS_GRANTED,GRANTED,0,0,0,0,NORMAL,NORMAL,0
SEC-003151,F001,Smart Campus,B003,Building C,BLK-C1,Block C1,AP-005,Building C Main Entrance,Entrance,2026-01-21 09:49:09,EMP-0313,Employee 313,EMPLOYEE,ACCESS_GRANTED,GRANTED,0,0,0,0,NORMAL,NORMAL,0
SEC-003132,F001,Smart Campus,B003,Building C,BLK-C1,Block C1,AP-005,Building C Main Entrance,Entrance,2026-01-21 10:06:38,EMP-0146,Employee 146,EMPLOYEE,ACCESS_GRANTED,GRANTED,0,0,0,0,NORMAL,NORMAL,0
SEC-003123,F001,Smart Campus,B001,Building A,BLK-A1,Block A1,AP-001,Building A Main Entrance,Entrance,2026-01-21 10:17:00,VIS-0001,Visitor 1,VISITOR,ACCESS_GRANTED,GRANTED,0,0,0,0,NORMAL,NORMAL,0
SEC-003097,F001,Smart Campus,B003,Building C,BLK-C1,Block C1,AP-005,Building C Main Entrance,Entrance,2026-01-21 10:20:59,EMP-0384,Employee 384,EMPLOYEE,ACCESS_GRANTED,GRANTED,0,0,0,0,NORMAL,NORMAL,0
SEC-003069,F001,Smart Campus,B002,Building B,BLK-B2,Block B2,AP-004,Building B Service Door,Service Area,2026-01-21 10:35:26,EMP-0270,Employee 270,EMPLOYEE,ACCESS_GRANTED,GRANTED,0,0,0,0,NORMAL,NORMAL,0
SEC-003144,F001,Smart Campus,B001,Building A,BLK-A1,Block A1,AP-001,Building A Main Entrance,Entrance,2026-01-21 10:39:16,CON-0127,Contractor 127,CONTRACTOR,ACCESS_GRANTED,GRANTED,0,0,0,0,NORMAL,NORMAL,0
SEC-003109,F001,Smart Campus,B001,Building A,BLK-A1,Block A1,AP-001,Building A Main Entrance,Entrance,2026-01-21 10:41:19,VIS-0169,Visitor 169,VISITOR,ACCESS_GRANTED,GRANTED,0,0,0,0,NORMAL,NORMAL,0
SEC-003068,F001,Smart Campus,B002,Building B,BLK-B2,Block B2,AP-004,Building B Service Door,Service Area,2026-01-21 11:02:27,EMP-0051,Employee 51,EMPLOYEE,ACCESS_GRANTED,GRANTED,0,0,0,0,NORMAL,NORMAL,0
SEC-003083,F001,Smart Campus,B002,Building B,BLK-B2,Block B2,AP-004,Building B Service Door,Service Area,2026-01-21 11:05:05,CON-0004,Contractor 4,CONTRACTOR,ACCESS_GRANTED,GRANTED,0,0,0,0,NORMAL,NORMAL,0
SEC-003209,F001,Smart Campus,B002,Building B,BLK-B2,Block B2,AP-004,Building B Service Door,Service Area,2026-01-21 11:05:16,EMP-0074,Employee 74,EMPLOYEE,ACCESS_GRANTED,GRANTED,0,0,0,0,NORMAL,NORMAL,0
SEC-003214,F001,Smart Campus,B002,Building B,BLK-B2,Block B2,AP-004,Building B Service Door,Service Area,2026-01-21 11:07:31,EMP-0220,Employee 220,EMPLOYEE,UNAUTHORIZED_ACCESS,DENIED,0,1,0,0,SUSPICIOUS_ACCESS,HIGH,1
SEC-003159,F001,Smart Campus,B003,Building C,BLK-C1,Block C1,AP-006,Server Room Access,Restricted Area,2026-01-21 11:15:16,EMP-0050,Employee 50,EMPLOYEE,ACCESS_GRANTED,GRANTED,0,0,0,0,NORMAL,NORMAL,0
SEC-003221,F001,Smart Campus,B001,Building A,BLK-A1,Block A1,AP-001,Building A Main Entrance,Entrance,2026-01-21 11:15:50,CON-0147,Contractor 147,CONTRACTOR,ACCESS_GRANTED,GRANTED,0,0,0,0,NORMAL,NORMAL,0
SEC-003170,F001,Smart Campus,B002,Building B,BLK-B2,Block B2,AP-004,Building B Service Door,Service Area,2026-01-21 11:21:07,EMP-0168,Employee 168,EMPLOYEE,ACCESS_GRANTED,GRANTED,0,0,0,0,NORMAL,NORMAL,0
SEC-003217,F001,Smart Campus,B002,Building B,BLK-B1,Block B1,AP-003,Building B Main Entrance,Entrance,2026-01-21 11:35:10,EMP-0229,Employee 229,EMPLOYEE,ACCESS_GRANTED,GRANTED,0,0,0,0,NORMAL,NORMAL,0
SEC-003133,F001,Smart Campus,B001,Building A,BLK-A1,Block A1,AP-001,Building A Main Entrance,Entrance,2026-01-21 11:39:26,VIS-0077,Visitor 77,VISITOR,ACCESS_GRANTED,GRANTED,0,0,0,0,NORMAL,NORMAL,0
SEC-003171,F001,Smart Campus,B003,Building C,BLK-C1,Block C1,AP-006,Server Room Access,Restricted Area,2026-01-21 11:49:26,VIS-0138,Visitor 138,VISITOR,ACCESS_GRANTED,GRANTED,0,0,0,0,NORMAL,NORMAL,0
SEC-003117,F001,Smart Campus,B002,Building B,BLK-B1,Block B1,AP-003,Building B Main Entrance,Entrance,2026-01-21 11:51:50,VIS-0290,Visitor 290,VISITOR,ACCESS_GRANTED,GRANTED,0,0,0,0,NORMAL,NORMAL,0
SEC-003137,F001,Smart Campus,B002,Building B,BLK-B1,Block B1,AP-003,Building B Main Entrance,Entrance,2026-01-21 12:01:07,VIS-0100,Visitor 100,VISITOR,ACCESS_GRANTED,GRANTED,0,0,0,0,NORMAL,NORMAL,0
SEC-003188,F001,Smart Campus,B002,Building B,BLK-B1,Block B1,AP-003,Building B Main Entrance,Entrance,2026-01-21 12:08:55,EMP-0449,Employee 449,EMPLOYEE,ACCESS_GRANTED,GRANTED,0,0,0,0,NORMAL,NORMAL,0
SEC-003225,F001,Smart Campus,B003,Building C,BLK-C1,Block C1,AP-005,Building C Main Entrance,Entrance,2026-01-21 12:11:33,VIS-0022,Visitor 22,VISITOR,ACCESS_GRANTED,GRANTED,0,0,0,0,NORMAL,NORMAL,0
SEC-003124,F001,Smart Campus,B003,Building C,BLK-C1,Block C1,AP-006,Server Room Access,Restricted Area,2026-01-21 12:26:54,EMP-0395,Employee 395,EMPLOYEE,ACCESS_GRANTED,GRANTED,0,0,0,0,NORMAL,NORMAL,0
SEC-003102,F001,Smart Campus,B001,Building A,BLK-A2,Block A2,AP-002,Building A Side Entrance,Entrance,2026-01-21 12:28:09,EMP-0394,Employee 394,EMPLOYEE,ACCESS_GRANTED,GRANTED,0,0,0,0,NORMAL,NORMAL,0
SEC-003164,F001,Smart Campus,B003,Building C,BLK-C1,Block C1,AP-005,Building C Main Entrance,Entrance,2026-01-21 12:34:08,VIS-0070,Visitor 70,VISITOR,ACCESS_GRANTED,GRANTED,0,0,0,0,NORMAL,NORMAL,0
SEC-003156,F001,Smart Campus,B001,Building A,BLK-A1,Block A1,AP-001,Building A Main Entrance,Entrance,2026-01-21 12:41:54,EMP-0208,Employee 208,EMPLOYEE,ACCESS_GRANTED,GRANTED,0,0,0,0,NORMAL,NORMAL,0
SEC-003088,F001,Smart Campus,B003,Building C,BLK-C1,Block C1,AP-005,Building C Main Entrance,Entrance,2026-01-21 12:43:29,EMP-0486,Employee 486,EMPLOYEE,ACCESS_GRANTED,GRANTED,0,0,0,0,NORMAL,NORMAL,0
SEC-003161,F001,Smart Campus,B003,Building C,BLK-C1,Block C1,AP-006,Server Room Access,Restricted Area,2026-01-21 12:46:33,EMP-0458,Employee 458,EMPLOYEE,ACCESS_GRANTED,GRANTED,0,0,0,0,NORMAL,NORMAL,0
SEC-003113,F001,Smart Campus,B003,Building C,BLK-C1,Block C1,AP-005,Building C Main Entrance,Entrance,2026-01-21 12:57:13,VIS-0197,Visitor 197,VISITOR,ACCESS_GRANTED,GRANTED,0,0,0,0,NORMAL,NORMAL,0
SEC-003073,F001,Smart Campus,B002,Building B,BLK-B1,Block B1,AP-003,Building B Main Entrance,Entrance,2026-01-21 13:02:03,EMP-0077,Employee 77,EMPLOYEE,ACCESS_GRANTED,GRANTED,0,0,0,0,NORMAL,NORMAL,0
SEC-003074,F001,Smart Campus,B001,Building A,BLK-A1,Block A1,AP-001,Building A Main Entrance,Entrance,2026-01-21 13:04:18,EMP-0019,Employee 19,EMPLOYEE,TAILGATING,GRANTED,0,0,0,1,TAILGATING,HIGH,1
SEC-003071,F001,Smart Campus,B001,Building A,BLK-A2,Block A2,AP-002,Building A Side Entrance,Entrance,2026-01-21 13:05:03,EMP-0206,Employee 206,EMPLOYEE,ACCESS_GRANTED,GRANTED,0,0,0,0,NORMAL,NORMAL,0
SEC-003174,F001,Smart Campus,B003,Building C,BLK-C1,Block C1,AP-005,Building C Main Entrance,Entrance,2026-01-21 13:09:37,EMP-0375,Employee 375,EMPLOYEE,ACCESS_GRANTED,GRANTED,0,0,0,0,NORMAL,NORMAL,0
SEC-003082,F001,Smart Campus,B002,Building B,BLK-B1,Block B1,AP-003,Building B Main Entrance,Entrance,2026-01-21 13:21:08,CON-0092,Contractor 92,CONTRACTOR,ACCESS_GRANTED,GRANTED,0,0,0,0,NORMAL,NORMAL,0
SEC-003224,F001,Smart Campus,B003,Building C,BLK-C1,Block C1,AP-006,Server Room Access,Restricted Area,2026-01-21 13:21:53,EMP-0275,Employee 275,EMPLOYEE,ACCESS_GRANTED,GRANTED,0,0,0,0,NORMAL,NORMAL,0
SEC-003185,F001,Smart Campus,B001,Building A,BLK-A1,Block A1,AP-001,Building A Main Entrance,Entrance,2026-01-21 13:22:39,EMP-0159,Employee 159,EMPLOYEE,ACCESS_GRANTED,GRANTED,0,0,0,0,NORMAL,NORMAL,0
SEC-003067,F001,Smart Campus,B003,Building C,BLK-C1,Block C1,AP-005,Building C Main Entrance,Entrance,2026-01-21 13:29:11,EMP-0294,Employee 294,EMPLOYEE,ACCESS_DENIED,DENIED,0,0,0,0,NORMAL,MEDIUM,1
SEC-003200,F001,Smart Campus,B002,Building B,BLK-B2,Block B2,AP-004,Building B Service Door,Service Area,2026-01-21 13:31:23,EMP-0366,Employee 366,EMPLOYEE,ACCESS_GRANTED,GRANTED,0,0,0,0,NORMAL,NORMAL,0
SEC-003143,F001,Smart Campus,B003,Building C,BLK-C1,Block C1,AP-005,Building C Main Entrance,Entrance,2026-01-21 13:46:19,EMP-0135,Employee 135,EMPLOYEE,ACCESS_GRANTED,GRANTED,0,0,0,0,NORMAL,NORMAL,0
SEC-003140,F001,Smart Campus,B001,Building A,BLK-A2,Block A2,AP-002,Building A Side Entrance,Entrance,2026-01-21 13:50:20,EMP-0143,Employee 143,EMPLOYEE,ACCESS_GRANTED,GRANTED,0,0,0,0,NORMAL,NORMAL,0
SEC-003146,F001,Smart Campus,B003,Building C,BLK-C1,Block C1,AP-006,Server Room Access,Restricted Area,2026-01-21 13:52:59,EMP-0457,Employee 457,EMPLOYEE,ACCESS_GRANTED,GRANTED,0,0,0,0,NORMAL,NORMAL,0
SEC-003100,F001,Smart Campus,B002,Building B,BLK-B2,Block B2,AP-004,Building B Service Door,Service Area,2026-01-21 14:03:31,EMP-0439,Employee 439,EMPLOYEE,ACCESS_GRANTED,GRANTED,0,0,0,0,NORMAL,NORMAL,0
SEC-003154,F001,Smart Campus,B002,Building B,BLK-B2,Block B2,AP-004,Building B Service Door,Service Area,2026-01-21 14:03:34,EMP-0157,Employee 157,EMPLOYEE,ACCESS_GRANTED,GRANTED,0,0,0,0,NORMAL,NORMAL,0
SEC-003115,F001,Smart Campus,B003,Building C,BLK-C1,Block C1,AP-005,Building C Main Entrance,Entrance,2026-01-21 14:20:12,EMP-0383,Employee 383,EMPLOYEE,ACCESS_GRANTED,GRANTED,0,0,0,0,NORMAL,NORMAL,0
SEC-003183,F001,Smart Campus,B002,Building B,BLK-B2,Block B2,AP-004,Building B Service Door,Service Area,2026-01-21 14:21:49,EMP-0367,Employee 367,EMPLOYEE,ACCESS_GRANTED,GRANTED,0,0,0,0,NORMAL,NORMAL,0
SEC-003094,F001,Smart Campus,B002,Building B,BLK-B1,Block B1,AP-003,Building B Main Entrance,Entrance,2026-01-21 14:36:36,EMP-0186,Employee 186,EMPLOYEE,ACCESS_GRANTED,GRANTED,0,0,0,0,NORMAL,NORMAL,0
SEC-003119,F001,Smart Campus,B001,Building A,BLK-A2,Block A2,AP-002,Building A Side Entrance,Entrance,2026-01-21 14:42:04,VIS-0231,Visitor 231,VISITOR,ACCESS_GRANTED,GRANTED,0,0,0,0,NORMAL,NORMAL,0
SEC-003078,F001,Smart Campus,B003,Building C,BLK-C1,Block C1,AP-005,Building C Main Entrance,Entrance,2026-01-21 14:43:59,VIS-0029,Visitor 29,VISITOR,ACCESS_GRANTED,GRANTED,0,0,0,0,NORMAL,NORMAL,0
SEC-003181,F001,Smart Campus,B003,Building C,BLK-C1,Block C1,AP-006,Server Room Access,Restricted Area,2026-01-21 14:54:26,EMP-0287,Employee 287,EMPLOYEE,ACCESS_GRANTED,GRANTED,0,0,0,0,NORMAL,NORMAL,0
SEC-003193,F001,Smart Campus,B003,Building C,BLK-C1,Block C1,AP-006,Server Room Access,Restricted Area,2026-01-21 15:00:27,EMP-0459,Employee 459,EMPLOYEE,ACCESS_GRANTED,GRANTED,0,0,0,0,NORMAL,NORMAL,0
SEC-003182,F001,Smart Campus,B001,Building A,BLK-A1,Block A1,AP-001,Building A Main Entrance,Entrance,2026-01-21 15:03:51,EMP-0263,Employee 263,EMPLOYEE,ACCESS_GRANTED,GRANTED,0,0,0,0,NORMAL,NORMAL,0
SEC-003187,F001,Smart Campus,B002,Building B,BLK-B1,Block B1,AP-003,Building B Main Entrance,Entrance,2026-01-21 15:05:55,EMP-0163,Employee 163,EMPLOYEE,ACCESS_GRANTED,GRANTED,0,0,0,0,NORMAL,NORMAL,0
SEC-003186,F001,Smart Campus,B001,Building A,BLK-A2,Block A2,AP-002,Building A Side Entrance,Entrance,2026-01-21 15:07:28,VIS-0009,Visitor 9,VISITOR,ACCESS_GRANTED,GRANTED,0,0,0,0,NORMAL,NORMAL,0
SEC-003121,F001,Smart Campus,B001,Building A,BLK-A2,Block A2,AP-002,Building A Side Entrance,Entrance,2026-01-21 15:27:28,EMP-0010,Employee 10,EMPLOYEE,ACCESS_GRANTED,GRANTED,0,0,0,0,NORMAL,NORMAL,0
SEC-003134,F001,Smart Campus,B003,Building C,BLK-C1,Block C1,AP-006,Server Room Access,Restricted Area,2026-01-21 15:33:19,EMP-0232,Employee 232,EMPLOYEE,ACCESS_GRANTED,GRANTED,0,0,0,0,NORMAL,NORMAL,0
SEC-003142,F001,Smart Campus,B001,Building A,BLK-A1,Block A1,AP-001,Building A Main Entrance,Entrance,2026-01-21 15:46:04,EMP-0196,Employee 196,EMPLOYEE,ACCESS_GRANTED,GRANTED,0,0,0,0,NORMAL,NORMAL,0
SEC-003157,F001,Smart Campus,B001,Building A,BLK-A1,Block A1,AP-001,Building A Main Entrance,Entrance,2026-01-21 15:48:57,EMP-0189,Employee 189,EMPLOYEE,ACCESS_GRANTED,GRANTED,0,0,0,0,NORMAL,NORMAL,0
SEC-003184,F001,Smart Campus,B001,Building A,BLK-A1,Block A1,AP-001,Building A Main Entrance,Entrance,2026-01-21 15:54:47,EMP-0237,Employee 237,EMPLOYEE,ACCESS_GRANTED,GRANTED,0,0,0,0,NORMAL,NORMAL,0
SEC-003076,F001,Smart Campus,B001,Building A,BLK-A1,Block A1,AP-001,Building A Main Entrance,Entrance,2026-01-21 15:55:17,VIS-0067,Visitor 67,VISITOR,ACCESS_GRANTED,GRANTED,0,0,0,0,NORMAL,NORMAL,0
SEC-003207,F001,Smart Campus,B002,Building B,BLK-B2,Block B2,AP-004,Building B Service Door,Service Area,2026-01-21 15:56:47,VIS-0286,Visitor 286,VISITOR,ACCESS_GRANTED,GRANTED,0,0,0,0,NORMAL,NORMAL,0
SEC-003131,F001,Smart Campus,B002,Building B,BLK-B2,Block B2,AP-004,Building B Service Door,Service Area,2026-01-21 16:03:17,EMP-0236,Employee 236,EMPLOYEE,ACCESS_GRANTED,GRANTED,0,0,0,0,NORMAL,NORMAL,0
SEC-003173,F001,Smart Campus,B003,Building C,BLK-C1,Block C1,AP-006,Server Room Access,Restricted Area,2026-01-21 16:16:21,EMP-0487,Employee 487,EMPLOYEE,ACCESS_GRANTED,GRANTED,0,0,0,0,NORMAL,NORMAL,0
SEC-003199,F001,Smart Campus,B001,Building A,BLK-A2,Block A2,AP-002,Building A Side Entrance,Entrance,2026-01-21 16:20:55,EMP-0360,Employee 360,EMPLOYEE,UNAUTHORIZED_ACCESS,DENIED,0,1,0,0,SUSPICIOUS_ACCESS,HIGH,1
SEC-003135,F001,Smart Campus,B001,Building A,BLK-A2,Block A2,AP-002,Building A Side Entrance,Entrance,2026-01-21 16:25:33,EMP-0276,Employee 276,EMPLOYEE,ACCESS_GRANTED,GRANTED,0,0,0,0,NORMAL,NORMAL,0
SEC-003141,F001,Smart Campus,B001,Building A,BLK-A1,Block A1,AP-001,Building A Main Entrance,Entrance,2026-01-21 16:26:40,EMP-0276,Employee 276,EMPLOYEE,ACCESS_GRANTED,GRANTED,0,0,0,0,NORMAL,NORMAL,0
SEC-003093,F001,Smart Campus,B003,Building C,BLK-C1,Block C1,AP-005,Building C Main Entrance,Entrance,2026-01-21 16:30:49,EMP-0471,Employee 471,EMPLOYEE,ACCESS_GRANTED,GRANTED,0,0,0,0,NORMAL,NORMAL,0
SEC-003070,F001,Smart Campus,B003,Building C,BLK-C1,Block C1,AP-005,Building C Main Entrance,Entrance,2026-01-21 16:33:24,EMP-0184,Employee 184,EMPLOYEE,ACCESS_GRANTED,GRANTED,0,0,0,0,NORMAL,NORMAL,0
SEC-003092,F001,Smart Campus,B003,Building C,BLK-C1,Block C1,AP-005,Building C Main Entrance,Entrance,2026-01-21 16:36:15,EMP-0326,Employee 326,EMPLOYEE,ACCESS_GRANTED,GRANTED,0,0,0,0,NORMAL,NORMAL,0
SEC-003177,F001,Smart Campus,B003,Building C,BLK-C1,Block C1,AP-005,Building C Main Entrance,Entrance,2026-01-21 16:37:43,VIS-0001,Visitor 1,VISITOR,ACCESS_GRANTED,GRANTED,0,0,0,0,NORMAL,NORMAL,0
SEC-003152,F001,Smart Campus,B001,Building A,BLK-A1,Block A1,AP-001,Building A Main Entrance,Entrance,2026-01-21 16:53:22,VIS-0109,Visitor 109,VISITOR,ACCESS_GRANTED,GRANTED,0,0,0,0,NORMAL,NORMAL,0
SEC-003112,F001,Smart Campus,B001,Building A,BLK-A1,Block A1,AP-001,Building A Main Entrance,Entrance,2026-01-21 17:08:20,EMP-0460,Employee 460,EMPLOYEE,ACCESS_GRANTED,GRANTED,0,0,0,0,NORMAL,NORMAL,0
SEC-003206,F001,Smart Campus,B002,Building B,BLK-B2,Block B2,AP-004,Building B Service Door,Service Area,2026-01-21 17:09:43,EMP-0264,Employee 264,EMPLOYEE,ACCESS_GRANTED,GRANTED,0,0,0,0,NORMAL,NORMAL,0
SEC-003145,F001,Smart Campus,B001,Building A,BLK-A1,Block A1,AP-001,Building A Main Entrance,Entrance,2026-01-21 17:10:27,VIS-0274,Visitor 274,VISITOR,ACCESS_DENIED,DENIED,0,0,0,0,NORMAL,MEDIUM,1
SEC-003118,F001,Smart Campus,B003,Building C,BLK-C1,Block C1,AP-006,Server Room Access,Restricted Area,2026-01-21 17:16:42,EMP-0143,Employee 143,EMPLOYEE,UNAUTHORIZED_ACCESS,DENIED,0,1,0,0,SUSPICIOUS_ACCESS,HIGH,1
SEC-003125,F001,Smart Campus,B003,Building C,BLK-C1,Block C1,AP-006,Server Room Access,Restricted Area,2026-01-21 17:30:30,CON-0022,Contractor 22,CONTRACTOR,ACCESS_GRANTED,GRANTED,0,0,0,0,NORMAL,NORMAL,0
SEC-003072,F001,Smart Campus,B002,Building B,BLK-B1,Block B1,AP-003,Building B Main Entrance,Entrance,2026-01-21 17:59:05,EMP-0427,Employee 427,EMPLOYEE,ACCESS_GRANTED,GRANTED,0,0,0,0,NORMAL,NORMAL,0
SEC-003085,F001,Smart Campus,B001,Building A,BLK-A2,Block A2,AP-002,Building A Side Entrance,Entrance,2026-01-21 18:04:43,EMP-0166,Employee 166,EMPLOYEE,ACCESS_GRANTED,GRANTED,0,0,0,0,NORMAL,NORMAL,0
SEC-003212,F001,Smart Campus,B001,Building A,BLK-A2,Block A2,AP-002,Building A Side Entrance,Entrance,2026-01-21 18:08:37,EMP-0212,Employee 212,EMPLOYEE,ACCESS_GRANTED,GRANTED,0,0,0,0,NORMAL,NORMAL,0
SEC-003136,F001,Smart Campus,B003,Building C,BLK-C1,Block C1,AP-005,Building C Main Entrance,Entrance,2026-01-21 18:14:00,VIS-0019,Visitor 19,VISITOR,ACCESS_GRANTED,GRANTED,0,0,0,0,NORMAL,NORMAL,0
SEC-003155,F001,Smart Campus,B003,Building C,BLK-C1,Block C1,AP-006,Server Room Access,Restricted Area,2026-01-21 18:23:16,EMP-0143,Employee 143,EMPLOYEE,ACCESS_GRANTED,GRANTED,0,0,0,0,NORMAL,NORMAL,0
SEC-003147,F001,Smart Campus,B003,Building C,BLK-C1,Block C1,AP-006,Server Room Access,Restricted Area,2026-01-21 18:24:06,EMP-0389,Employee 389,EMPLOYEE,ACCESS_GRANTED,GRANTED,0,0,0,0,NORMAL,NORMAL,0
SEC-003167,F001,Smart Campus,B003,Building C,BLK-C1,Block C1,AP-006,Server Room Access,Restricted Area,2026-01-21 18:31:05,EMP-0226,Employee 226,EMPLOYEE,ACCESS_GRANTED,GRANTED,0,0,0,0,NORMAL,NORMAL,0
SEC-003127,F001,Smart Campus,B001,Building A,BLK-A2,Block A2,AP-002,Building A Side Entrance,Entrance,2026-01-21 18:31:40,EMP-0215,Employee 215,EMPLOYEE,ACCESS_GRANTED,GRANTED,0,0,0,0,NORMAL,NORMAL,0
SEC-003107,F001,Smart Campus,B001,Building A,BLK-A1,Block A1,AP-001,Building A Main Entrance,Entrance,2026-01-21 18:36:20,EMP-0476,Employee 476,EMPLOYEE,ACCESS_GRANTED,GRANTED,0,0,0,0,NORMAL,NORMAL,0
SEC-003202,F001,Smart Campus,B003,Building C,BLK-C1,Block C1,AP-005,Building C Main Entrance,Entrance,2026-01-21 18:45:18,EMP-0381,Employee 381,EMPLOYEE,ACCESS_GRANTED,GRANTED,0,0,0,0,NORMAL,NORMAL,0
SEC-003098,F001,Smart Campus,B003,Building C,BLK-C1,Block C1,AP-006,Server Room Access,Restricted Area,2026-01-21 18:46:53,EMP-0268,Employee 268,EMPLOYEE,ACCESS_GRANTED,GRANTED,0,0,0,0,NORMAL,NORMAL,0
SEC-003096,F001,Smart Campus,B003,Building C,BLK-C1,Block C1,AP-006,Server Room Access,Restricted Area,2026-01-21 19:01:26,VIS-0111,Visitor 111,VISITOR,UNAUTHORIZED_ACCESS,DENIED,0,1,0,0,SUSPICIOUS_ACCESS,HIGH,1
SEC-003175,F001,Smart Campus,B003,Building C,BLK-C1,Block C1,AP-006,Server Room Access,Restricted Area,2026-01-21 19:06:48,EMP-0216,Employee 216,EMPLOYEE,ACCESS_GRANTED,GRANTED,0,0,0,0,NORMAL,NORMAL,0
SEC-003158,F001,Smart Campus,B002,Building B,BLK-B1,Block B1,AP-003,Building B Main Entrance,Entrance,2026-01-21 19:13:39,EMP-0061,Employee 61,EMPLOYEE,ACCESS_GRANTED,GRANTED,0,0,0,0,NORMAL,NORMAL,0
SEC-003163,F001,Smart Campus,B003,Building C,BLK-C1,Block C1,AP-006,Server Room Access,Restricted Area,2026-01-21 19:27:56,VIS-0185,Visitor 185,VISITOR,ACCESS_GRANTED,GRANTED,0,0,0,0,NORMAL,NORMAL,0
SEC-003111,F001,Smart Campus,B002,Building B,BLK-B1,Block B1,AP-003,Building B Main Entrance,Entrance,2026-01-21 19:36:22,VIS-0268,Visitor 268,VISITOR,ACCESS_GRANTED,GRANTED,0,0,0,0,NORMAL,NORMAL,0
SEC-003091,F001,Smart Campus,B002,Building B,BLK-B2,Block B2,AP-004,Building B Service Door,Service Area,2026-01-21 19:42:55,EMP-0017,Employee 17,EMPLOYEE,ACCESS_DENIED,DENIED,0,0,0,0,NORMAL,MEDIUM,1
SEC-003126,F001,Smart Campus,B001,Building A,BLK-A1,Block A1,AP-001,Building A Main Entrance,Entrance,2026-01-21 19:46:09,EMP-0028,Employee 28,EMPLOYEE,ACCESS_GRANTED,GRANTED,0,0,0,0,NORMAL,NORMAL,0
SEC-003103,F001,Smart Campus,B002,Building B,BLK-B2,Block B2,AP-004,Building B Service Door,Service Area,2026-01-21 19:47:54,EMP-0226,Employee 226,EMPLOYEE,ACCESS_GRANTED,GRANTED,0,0,0,0,NORMAL,NORMAL,0
SEC-003180,F001,Smart Campus,B003,Building C,BLK-C1,Block C1,AP-005,Building C Main Entrance,Entrance,2026-01-21 19:49:17,EMP-0427,Employee 427,EMPLOYEE,ACCESS_GRANTED,GRANTED,0,0,0,0,NORMAL,NORMAL,0
SEC-003077,F001,Smart Campus,B003,Building C,BLK-C1,Block C1,AP-006,Server Room Access,Restricted Area,2026-01-21 19:52:00,CON-0081,Contractor 81,CONTRACTOR,ACCESS_GRANTED,GRANTED,0,0,0,0,NORMAL,NORMAL,0
SEC-003090,F001,Smart Campus,B003,Building C,BLK-C1,Block C1,AP-005,Building C Main Entrance,Entrance,2026-01-21 19:55:50,EMP-0262,Employee 262,EMPLOYEE,ACCESS_GRANTED,GRANTED,0,0,0,0,NORMAL,NORMAL,0
SEC-003079,F001,Smart Campus,B002,Building B,BLK-B2,Block B2,AP-004,Building B Service Door,Service Area,2026-01-21 19:57:25,EMP-0055,Employee 55,EMPLOYEE,ACCESS_GRANTED,GRANTED,0,0,0,0,NORMAL,NORMAL,0
SEC-003223,F001,Smart Campus,B001,Building A,BLK-A2,Block A2,AP-002,Building A Side Entrance,Entrance,2026-01-21 20:09:20,EMP-0073,Employee 73,EMPLOYEE,UNAUTHORIZED_ACCESS,DENIED,0,1,0,0,SUSPICIOUS_ACCESS,HIGH,1
SEC-003220,F001,Smart Campus,B002,Building B,BLK-B1,Block B1,AP-003,Building B Main Entrance,Entrance,2026-01-21 20:22:24,EMP-0461,Employee 461,EMPLOYEE,ACCESS_GRANTED,GRANTED,0,0,0,0,NORMAL,NORMAL,0
SEC-003066,F001,Smart Campus,B003,Building C,BLK-C1,Block C1,AP-005,Building C Main Entrance,Entrance,2026-01-21 20:27:21,EMP-0162,Employee 162,EMPLOYEE,ACCESS_GRANTED,GRANTED,0,0,0,0,NORMAL,NORMAL,0
SEC-003148,F001,Smart Campus,B001,Building A,BLK-A1,Block A1,AP-001,Building A Main Entrance,Entrance,2026-01-21 20:30:03,EMP-0016,Employee 16,EMPLOYEE,ACCESS_GRANTED,GRANTED,0,0,0,0,NORMAL,NORMAL,0
SEC-003204,F001,Smart Campus,B002,Building B,BLK-B2,Block B2,AP-004,Building B Service Door,Service Area,2026-01-21 20:38:07,VIS-0179,Visitor 179,VISITOR,UNAUTHORIZED_ACCESS,DENIED,0,1,0,0,SUSPICIOUS_ACCESS,HIGH,1
SEC-003116,F001,Smart Campus,B003,Building C,BLK-C1,Block C1,AP-005,Building C Main Entrance,Entrance,2026-01-21 20:42:01,EMP-0229,Employee 229,EMPLOYEE,ACCESS_GRANTED,GRANTED,0,0,0,0,NORMAL,NORMAL,0
SEC-003075,F001,Smart Campus,B002,Building B,BLK-B2,Block B2,AP-004,Building B Service Door,Service Area,2026-01-21 20:42:37,VIS-0159,Visitor 159,VISITOR,ACCESS_GRANTED,GRANTED,0,0,0,0,NORMAL,NORMAL,0
SEC-003105,F001,Smart Campus,B002,Building B,BLK-B1,Block B1,AP-003,Building B Main Entrance,Entrance,2026-01-21 20:43:51,EMP-0345,Employee 345,EMPLOYEE,ACCESS_DENIED,DENIED,0,0,0,0,NORMAL,MEDIUM,1
SEC-003128,F001,Smart Campus,B002,Building B,BLK-B2,Block B2,AP-004,Building B Service Door,Service Area,2026-01-21 20:50:00,EMP-0398,Employee 398,EMPLOYEE,ACCESS_GRANTED,GRANTED,0,0,0,0,NORMAL,NORMAL,0
SEC-003201,F001,Smart Campus,B002,Building B,BLK-B1,Block B1,AP-003,Building B Main Entrance,Entrance,2026-01-21 20:50:01,EMP-0131,Employee 131,EMPLOYEE,ACCESS_GRANTED,GRANTED,0,0,0,0,NORMAL,NORMAL,0
SEC-003153,F001,Smart Campus,B001,Building A,BLK-A1,Block A1,AP-001,Building A Main Entrance,Entrance,2026-01-21 20:51:25,EMP-0135,Employee 135,EMPLOYEE,ACCESS_GRANTED,GRANTED,0,0,0,0,NORMAL,NORMAL,0
SEC-003089,F001,Smart Campus,B003,Building C,BLK-C1,Block C1,AP-006,Server Room Access,Restricted Area,2026-01-21 20:57:30,CON-0034,Contractor 34,CONTRACTOR,ACCESS_GRANTED,GRANTED,0,0,0,0,NORMAL,NORMAL,0
SEC-003162,F001,Smart Campus,B002,Building B,BLK-B2,Block B2,AP-004,Building B Service Door,Service Area,2026-01-21 22:10:33,EMP-0188,Employee 188,EMPLOYEE,ACCESS_GRANTED,GRANTED,1,0,0,0,NORMAL,LOW,0
SEC-003226,F001,Smart Campus,B001,Building A,BLK-A2,Block A2,AP-002,Building A Side Entrance,Entrance,2026-01-21 22:14:51,EMP-0288,Employee 288,EMPLOYEE,ACCESS_GRANTED,GRANTED,1,0,0,0,NORMAL,LOW,0
SEC-003084,F001,Smart Campus,B003,Building C,BLK-C1,Block C1,AP-006,Server Room Access,Restricted Area,2026-01-21 22:34:46,EMP-0184,Employee 184,EMPLOYEE,ACCESS_GRANTED,GRANTED,1,0,0,0,NORMAL,LOW,0
SEC-003169,F001,Smart Campus,B001,Building A,BLK-A2,Block A2,AP-002,Building A Side Entrance,Entrance,2026-01-21 23:24:51,VIS-0232,Visitor 232,VISITOR,ACCESS_GRANTED,GRANTED,1,0,0,0,NORMAL,LOW,0
SEC-003298,F001,Smart Campus,B001,Building A,BLK-A2,Block A2,AP-002,Building A Side Entrance,Entrance,2026-01-22 00:14:20,EMP-0487,Employee 487,EMPLOYEE,ACCESS_GRANTED,GRANTED,1,0,0,0,NORMAL,LOW,0
SEC-003262,F001,Smart Campus,B003,Building C,BLK-C1,Block C1,AP-005,Building C Main Entrance,Entrance,2026-01-22 00:27:23,VIS-0150,Visitor 150,VISITOR,ACCESS_GRANTED,GRANTED,1,0,0,0,NORMAL,LOW,0
SEC-003271,F001,Smart Campus,B002,Building B,BLK-B1,Block B1,AP-003,Building B Main Entrance,Entrance,2026-01-22 00:33:26,VIS-0053,Visitor 53,VISITOR,ACCESS_GRANTED,GRANTED,1,0,0,0,NORMAL,LOW,0
SEC-003359,F001,Smart Campus,B003,Building C,BLK-C1,Block C1,AP-006,Server Room Access,Restricted Area,2026-01-22 00:34:56,EMP-0366,Employee 366,EMPLOYEE,ACCESS_GRANTED,GRANTED,1,0,0,0,NORMAL,LOW,0
SEC-003245,F001,Smart Campus,B002,Building B,BLK-B2,Block B2,AP-004,Building B Service Door,Service Area,2026-01-22 01:16:36,EMP-0048,Employee 48,EMPLOYEE,ACCESS_GRANTED,GRANTED,1,0,0,0,NORMAL,LOW,0
SEC-003381,F001,Smart Campus,B002,Building B,BLK-B1,Block B1,AP-003,Building B Main Entrance,Entrance,2026-01-22 01:26:37,EMP-0245,Employee 245,EMPLOYEE,ACCESS_GRANTED,GRANTED,1,0,0,0,AFTER_HOURS_MOVEMENT,LOW,0
SEC-003256,F001,Smart Campus,B001,Building A,BLK-A2,Block A2,AP-002,Building A Side Entrance,Entrance,2026-01-22 02:02:28,EMP-0154,Employee 154,EMPLOYEE,ACCESS_GRANTED,GRANTED,1,0,0,0,NORMAL,LOW,0
SEC-003266,F001,Smart Campus,B003,Building C,BLK-C1,Block C1,AP-005,Building C Main Entrance,Entrance,2026-01-22 02:12:48,EMP-0194,Employee 194,EMPLOYEE,UNAUTHORIZED_ACCESS,DENIED,1,1,0,0,SUSPICIOUS_ACCESS,CRITICAL,1
SEC-003257,F001,Smart Campus,B003,Building C,BLK-C1,Block C1,AP-006,Server Room Access,Restricted Area,2026-01-22 02:14:03,VIS-0200,Visitor 200,VISITOR,ACCESS_GRANTED,GRANTED,1,0,0,0,NORMAL,LOW,0
SEC-003307,F001,Smart Campus,B002,Building B,BLK-B1,Block B1,AP-003,Building B Main Entrance,Entrance,2026-01-22 02:34:00,CON-0042,Contractor 42,CONTRACTOR,ACCESS_GRANTED,GRANTED,1,0,0,0,NORMAL,LOW,0
SEC-003315,F001,Smart Campus,B002,Building B,BLK-B1,Block B1,AP-003,Building B Main Entrance,Entrance,2026-01-22 03:16:40,CON-0095,Contractor 95,CONTRACTOR,ACCESS_GRANTED,GRANTED,1,0,0,0,AFTER_HOURS_MOVEMENT,LOW,0
SEC-003364,F001,Smart Campus,B002,Building B,BLK-B1,Block B1,AP-003,Building B Main Entrance,Entrance,2026-01-22 04:27:35,EMP-0099,Employee 99,EMPLOYEE,ACCESS_GRANTED,GRANTED,1,0,0,0,NORMAL,LOW,0
SEC-003338,F001,Smart Campus,B002,Building B,BLK-B1,Block B1,AP-003,Building B Main Entrance,Entrance,2026-01-22 04:30:31,EMP-0086,Employee 86,EMPLOYEE,UNAUTHORIZED_ACCESS,DENIED,1,1,0,0,SUSPICIOUS_ACCESS,CRITICAL,1
SEC-003362,F001,Smart Campus,B002,Building B,BLK-B2,Block B2,AP-004,Building B Service Door,Service Area,2026-01-22 05:08:05,EMP-0478,Employee 478,EMPLOYEE,ACCESS_GRANTED,GRANTED,1,0,0,0,AFTER_HOURS_MOVEMENT,LOW,0
SEC-003277,F001,Smart Campus,B003,Building C,BLK-C1,Block C1,AP-006,Server Room Access,Restricted Area,2026-01-22 05:12:05,EMP-0208,Employee 208,EMPLOYEE,UNAUTHORIZED_ACCESS,DENIED,1,1,0,0,SUSPICIOUS_ACCESS,CRITICAL,1
SEC-003230,F001,Smart Campus,B003,Building C,BLK-C1,Block C1,AP-006,Server Room Access,Restricted Area,2026-01-22 05:47:51,EMP-0254,Employee 254,EMPLOYEE,ACCESS_GRANTED,GRANTED,1,0,0,0,NORMAL,LOW,0
SEC-003282,F001,Smart Campus,B002,Building B,BLK-B1,Block B1,AP-003,Building B Main Entrance,Entrance,2026-01-22 07:18:06,EMP-0011,Employee 11,EMPLOYEE,ACCESS_GRANTED,GRANTED,0,0,0,0,NORMAL,NORMAL,0
SEC-003246,F001,Smart Campus,B001,Building A,BLK-A2,Block A2,AP-002,Building A Side Entrance,Entrance,2026-01-22 07:19:21,EMP-0118,Employee 118,EMPLOYEE,UNAUTHORIZED_ACCESS,DENIED,0,1,0,0,SUSPICIOUS_ACCESS,HIGH,1
SEC-003228,F001,Smart Campus,B001,Building A,BLK-A1,Block A1,AP-001,Building A Main Entrance,Entrance,2026-01-22 07:38:22,CON-0076,Contractor 76,CONTRACTOR,ACCESS_GRANTED,GRANTED,0,0,0,0,NORMAL,NORMAL,0
SEC-003340,F001,Smart Campus,B001,Building A,BLK-A1,Block A1,AP-001,Building A Main Entrance,Entrance,2026-01-22 07:48:12,VIS-0251,Visitor 251,VISITOR,ACCESS_GRANTED,GRANTED,0,0,0,0,NORMAL,NORMAL,0
SEC-003334,F001,Smart Campus,B003,Building C,BLK-C1,Block C1,AP-006,Server Room Access,Restricted Area,2026-01-22 07:53:28,VIS-0175,Visitor 175,VISITOR,ACCESS_GRANTED,GRANTED,0,0,0,0,NORMAL,NORMAL,0
SEC-003351,F001,Smart Campus,B002,Building B,BLK-B1,Block B1,AP-003,Building B Main Entrance,Entrance,2026-01-22 07:56:14,VIS-0116,Visitor 116,VISITOR,ACCESS_GRANTED,GRANTED,0,0,0,0,NORMAL,NORMAL,0
SEC-003361,F001,Smart Campus,B003,Building C,BLK-C1,Block C1,AP-006,Server Room Access,Restricted Area,2026-01-22 08:00:36,EMP-0049,Employee 49,EMPLOYEE,ACCESS_DENIED,DENIED,0,0,0,0,NORMAL,MEDIUM,1
SEC-003342,F001,Smart Campus,B002,Building B,BLK-B2,Block B2,AP-004,Building B Service Door,Service Area,2026-01-22 08:01:31,EMP-0113,Employee 113,EMPLOYEE,ACCESS_GRANTED,GRANTED,0,0,0,0,NORMAL,NORMAL,0
SEC-003294,F001,Smart Campus,B001,Building A,BLK-A2,Block A2,AP-002,Building A Side Entrance,Entrance,2026-01-22 08:19:07,EMP-0123,Employee 123,EMPLOYEE,ACCESS_GRANTED,GRANTED,0,0,0,0,NORMAL,NORMAL,0
SEC-003242,F001,Smart Campus,B002,Building B,BLK-B2,Block B2,AP-004,Building B Service Door,Service Area,2026-01-22 08:25:23,CON-0003,Contractor 3,CONTRACTOR,ACCESS_GRANTED,GRANTED,0,0,0,0,NORMAL,NORMAL,0
SEC-003356,F001,Smart Campus,B002,Building B,BLK-B1,Block B1,AP-003,Building B Main Entrance,Entrance,2026-01-22 08:27:13,EMP-0175,Employee 175,EMPLOYEE,ACCESS_GRANTED,GRANTED,0,0,0,0,NORMAL,NORMAL,0
SEC-003326,F001,Smart Campus,B003,Building C,BLK-C1,Block C1,AP-006,Server Room Access,Restricted Area,2026-01-22 08:36:22,CON-0013,Contractor 13,CONTRACTOR,ACCESS_GRANTED,GRANTED,0,0,0,0,NORMAL,NORMAL,0
SEC-003270,F001,Smart Campus,B001,Building A,BLK-A2,Block A2,AP-002,Building A Side Entrance,Entrance,2026-01-22 08:40:10,EMP-0457,Employee 457,EMPLOYEE,ACCESS_GRANTED,GRANTED,0,0,0,0,NORMAL,NORMAL,0
SEC-003285,F001,Smart Campus,B001,Building A,BLK-A1,Block A1,AP-001,Building A Main Entrance,Entrance,2026-01-22 08:50:12,EMP-0436,Employee 436,EMPLOYEE,ACCESS_GRANTED,GRANTED,0,0,0,0,NORMAL,NORMAL,0
SEC-003258,F001,Smart Campus,B001,Building A,BLK-A1,Block A1,AP-001,Building A Main Entrance,Entrance,2026-01-22 08:54:09,EMP-0001,Employee 1,EMPLOYEE,ACCESS_GRANTED,GRANTED,0,0,0,0,NORMAL,NORMAL,0
SEC-003251,F001,Smart Campus,B001,Building A,BLK-A2,Block A2,AP-002,Building A Side Entrance,Entrance,2026-01-22 08:58:46,EMP-0267,Employee 267,EMPLOYEE,ACCESS_GRANTED,GRANTED,0,0,0,0,NORMAL,NORMAL,0
SEC-003238,F001,Smart Campus,B002,Building B,BLK-B1,Block B1,AP-003,Building B Main Entrance,Entrance,2026-01-22 09:01:28,EMP-0237,Employee 237,EMPLOYEE,ACCESS_GRANTED,GRANTED,0,0,0,0,NORMAL,NORMAL,0
SEC-003306,F001,Smart Campus,B003,Building C,BLK-C1,Block C1,AP-006,Server Room Access,Restricted Area,2026-01-22 09:03:57,EMP-0017,Employee 17,EMPLOYEE,ACCESS_GRANTED,GRANTED,0,0,0,0,NORMAL,NORMAL,0
SEC-003273,F001,Smart Campus,B002,Building B,BLK-B1,Block B1,AP-003,Building B Main Entrance,Entrance,2026-01-22 09:22:57,EMP-0455,Employee 455,EMPLOYEE,ACCESS_GRANTED,GRANTED,0,0,0,0,NORMAL,NORMAL,0
SEC-003291,F001,Smart Campus,B003,Building C,BLK-C1,Block C1,AP-006,Server Room Access,Restricted Area,2026-01-22 09:34:45,EMP-0353,Employee 353,EMPLOYEE,ACCESS_GRANTED,GRANTED,0,0,0,0,NORMAL,NORMAL,0
SEC-003269,F001,Smart Campus,B002,Building B,BLK-B2,Block B2,AP-004,Building B Service Door,Service Area,2026-01-22 09:37:18,EMP-0428,Employee 428,EMPLOYEE,ACCESS_GRANTED,GRANTED,0,0,0,0,NORMAL,NORMAL,0
SEC-003332,F001,Smart Campus,B003,Building C,BLK-C1,Block C1,AP-005,Building C Main Entrance,Entrance,2026-01-22 09:46:55,VIS-0125,Visitor 125,VISITOR,ACCESS_GRANTED,GRANTED,0,0,0,0,NORMAL,NORMAL,0
SEC-003283,F001,Smart Campus,B002,Building B,BLK-B1,Block B1,AP-003,Building B Main Entrance,Entrance,2026-01-22 09:51:47,EMP-0465,Employee 465,EMPLOYEE,ACCESS_GRANTED,GRANTED,0,0,0,0,NORMAL,NORMAL,0
SEC-003354,F001,Smart Campus,B001,Building A,BLK-A2,Block A2,AP-002,Building A Side Entrance,Entrance,2026-01-22 10:01:16,EMP-0279,Employee 279,EMPLOYEE,ACCESS_GRANTED,GRANTED,0,0,0,0,NORMAL,NORMAL,0
SEC-003360,F001,Smart Campus,B002,Building B,BLK-B1,Block B1,AP-003,Building B Main Entrance,Entrance,2026-01-22 10:03:25,CON-0119,Contractor 119,CONTRACTOR,ACCESS_GRANTED,GRANTED,0,0,0,0,NORMAL,NORMAL,0
SEC-003231,F001,Smart Campus,B001,Building A,BLK-A2,Block A2,AP-002,Building A Side Entrance,Entrance,2026-01-22 10:10:45,EMP-0086,Employee 86,EMPLOYEE,ACCESS_GRANTED,GRANTED,0,0,0,0,NORMAL,NORMAL,0
SEC-003233,F001,Smart Campus,B002,Building B,BLK-B1,Block B1,AP-003,Building B Main Entrance,Entrance,2026-01-22 10:19:12,EMP-0230,Employee 230,EMPLOYEE,ACCESS_GRANTED,GRANTED,0,0,0,0,NORMAL,NORMAL,0
SEC-003264,F001,Smart Campus,B003,Building C,BLK-C1,Block C1,AP-005,Building C Main Entrance,Entrance,2026-01-22 10:21:30,EMP-0366,Employee 366,EMPLOYEE,ACCESS_GRANTED,GRANTED,0,0,0,0,NORMAL,NORMAL,0
SEC-003288,F001,Smart Campus,B001,Building A,BLK-A1,Block A1,AP-001,Building A Main Entrance,Entrance,2026-01-22 10:25:31,EMP-0489,Employee 489,EMPLOYEE,ACCESS_GRANTED,GRANTED,0,0,0,0,NORMAL,NORMAL,0
SEC-003272,F001,Smart Campus,B003,Building C,BLK-C1,Block C1,AP-006,Server Room Access,Restricted Area,2026-01-22 10:39:50,EMP-0041,Employee 41,EMPLOYEE,ACCESS_GRANTED,GRANTED,0,0,0,0,NORMAL,NORMAL,0
SEC-003274,F001,Smart Campus,B002,Building B,BLK-B1,Block B1,AP-003,Building B Main Entrance,Entrance,2026-01-22 10:40:09,EMP-0498,Employee 498,EMPLOYEE,UNAUTHORIZED_ACCESS,DENIED,0,1,0,0,SUSPICIOUS_ACCESS,HIGH,1
SEC-003316,F001,Smart Campus,B003,Building C,BLK-C1,Block C1,AP-006,Server Room Access,Restricted Area,2026-01-22 10:48:48,EMP-0378,Employee 378,EMPLOYEE,ACCESS_GRANTED,GRANTED,0,0,0,0,NORMAL,NORMAL,0
SEC-003357,F001,Smart Campus,B003,Building C,BLK-C1,Block C1,AP-006,Server Room Access,Restricted Area,2026-01-22 10:53:51,EMP-0084,Employee 84,EMPLOYEE,ACCESS_GRANTED,GRANTED,0,0,0,0,NORMAL,NORMAL,0
SEC-003335,F001,Smart Campus,B003,Building C,BLK-C1,Block C1,AP-006,Server Room Access,Restricted Area,2026-01-22 10:58:10,EMP-0481,Employee 481,EMPLOYEE,ACCESS_GRANTED,GRANTED,0,0,0,0,NORMAL,NORMAL,0
SEC-003309,F001,Smart Campus,B002,Building B,BLK-B1,Block B1,AP-003,Building B Main Entrance,Entrance,2026-01-22 11:00:17,VIS-0063,Visitor 63,VISITOR,ACCESS_GRANTED,GRANTED,0,0,0,0,NORMAL,NORMAL,0
SEC-003304,F001,Smart Campus,B003,Building C,BLK-C1,Block C1,AP-005,Building C Main Entrance,Entrance,2026-01-22 11:01:39,EMP-0204,Employee 204,EMPLOYEE,ACCESS_GRANTED,GRANTED,0,0,0,0,NORMAL,NORMAL,0
SEC-003314,F001,Smart Campus,B001,Building A,BLK-A2,Block A2,AP-002,Building A Side Entrance,Entrance,2026-01-22 11:04:40,EMP-0450,Employee 450,EMPLOYEE,ACCESS_GRANTED,GRANTED,0,0,0,0,NORMAL,NORMAL,0
SEC-003305,F001,Smart Campus,B002,Building B,BLK-B1,Block B1,AP-003,Building B Main Entrance,Entrance,2026-01-22 11:17:51,EMP-0132,Employee 132,EMPLOYEE,ACCESS_GRANTED,GRANTED,0,0,0,0,NORMAL,NORMAL,0
SEC-003347,F001,Smart Campus,B003,Building C,BLK-C1,Block C1,AP-006,Server Room Access,Restricted Area,2026-01-22 11:30:07,EMP-0025,Employee 25,EMPLOYEE,ACCESS_GRANTED,GRANTED,0,0,0,0,NORMAL,NORMAL,0
SEC-003349,F001,Smart Campus,B001,Building A,BLK-A1,Block A1,AP-001,Building A Main Entrance,Entrance,2026-01-22 11:30:39,VIS-0273,Visitor 273,VISITOR,ACCESS_GRANTED,GRANTED,0,0,0,0,NORMAL,NORMAL,0
SEC-003295,F001,Smart Campus,B003,Building C,BLK-C1,Block C1,AP-005,Building C Main Entrance,Entrance,2026-01-22 11:50:18,EMP-0143,Employee 143,EMPLOYEE,ACCESS_GRANTED,GRANTED,0,0,0,0,NORMAL,NORMAL,0
SEC-003280,F001,Smart Campus,B001,Building A,BLK-A2,Block A2,AP-002,Building A Side Entrance,Entrance,2026-01-22 12:12:15,VIS-0280,Visitor 280,VISITOR,ACCESS_GRANTED,GRANTED,0,0,0,0,NORMAL,NORMAL,0
SEC-003318,F001,Smart Campus,B003,Building C,BLK-C1,Block C1,AP-006,Server Room Access,Restricted Area,2026-01-22 12:13:21,VIS-0135,Visitor 135,VISITOR,ACCESS_GRANTED,GRANTED,0,0,0,0,NORMAL,NORMAL,0
SEC-003290,F001,Smart Campus,B002,Building B,BLK-B2,Block B2,AP-004,Building B Service Door,Service Area,2026-01-22 12:49:28,EMP-0061,Employee 61,EMPLOYEE,ACCESS_GRANTED,GRANTED,0,0,0,0,NORMAL,NORMAL,0
SEC-003366,F001,Smart Campus,B001,Building A,BLK-A1,Block A1,AP-001,Building A Main Entrance,Entrance,2026-01-22 13:02:14,EMP-0499,Employee 499,EMPLOYEE,ACCESS_GRANTED,GRANTED,0,0,0,0,NORMAL,NORMAL,0
SEC-003372,F001,Smart Campus,B003,Building C,BLK-C1,Block C1,AP-006,Server Room Access,Restricted Area,2026-01-22 13:03:42,VIS-0099,Visitor 99,VISITOR,UNAUTHORIZED_ACCESS,DENIED,0,1,0,0,SUSPICIOUS_ACCESS,HIGH,1
SEC-003244,F001,Smart Campus,B003,Building C,BLK-C1,Block C1,AP-005,Building C Main Entrance,Entrance,2026-01-22 13:04:29,EMP-0355,Employee 355,EMPLOYEE,ACCESS_GRANTED,GRANTED,0,0,0,0,NORMAL,NORMAL,0
SEC-003323,F001,Smart Campus,B003,Building C,BLK-C1,Block C1,AP-006,Server Room Access,Restricted Area,2026-01-22 13:06:06,EMP-0401,Employee 401,EMPLOYEE,ACCESS_GRANTED,GRANTED,0,0,0,0,NORMAL,NORMAL,0
SEC-003378,F001,Smart Campus,B003,Building C,BLK-C1,Block C1,AP-005,Building C Main Entrance,Entrance,2026-01-22 13:08:28,EMP-0106,Employee 106,EMPLOYEE,ACCESS_GRANTED,GRANTED,0,0,0,0,NORMAL,NORMAL,0
SEC-003328,F001,Smart Campus,B003,Building C,BLK-C1,Block C1,AP-006,Server Room Access,Restricted Area,2026-01-22 13:09:01,VIS-0187,Visitor 187,VISITOR,ACCESS_GRANTED,GRANTED,0,0,0,0,NORMAL,NORMAL,0
SEC-003375,F001,Smart Campus,B003,Building C,BLK-C1,Block C1,AP-006,Server Room Access,Restricted Area,2026-01-22 13:09:06,VIS-0252,Visitor 252,VISITOR,ACCESS_GRANTED,GRANTED,0,0,0,0,NORMAL,NORMAL,0
SEC-003350,F001,Smart Campus,B003,Building C,BLK-C1,Block C1,AP-006,Server Room Access,Restricted Area,2026-01-22 13:17:29,EMP-0348,Employee 348,EMPLOYEE,ACCESS_GRANTED,GRANTED,0,0,0,0,NORMAL,NORMAL,0
SEC-003287,F001,Smart Campus,B003,Building C,BLK-C1,Block C1,AP-006,Server Room Access,Restricted Area,2026-01-22 13:22:28,VIS-0102,Visitor 102,VISITOR,ACCESS_GRANTED,GRANTED,0,0,0,0,NORMAL,NORMAL,0
SEC-003248,F001,Smart Campus,B003,Building C,BLK-C1,Block C1,AP-005,Building C Main Entrance,Entrance,2026-01-22 13:35:51,EMP-0450,Employee 450,EMPLOYEE,ACCESS_GRANTED,GRANTED,0,0,0,0,NORMAL,NORMAL,0
SEC-003255,F001,Smart Campus,B003,Building C,BLK-C1,Block C1,AP-005,Building C Main Entrance,Entrance,2026-01-22 13:36:22,EMP-0163,Employee 163,EMPLOYEE,ACCESS_GRANTED,GRANTED,0,0,0,0,NORMAL,NORMAL,0
SEC-003308,F001,Smart Campus,B002,Building B,BLK-B1,Block B1,AP-003,Building B Main Entrance,Entrance,2026-01-22 13:39:26,EMP-0020,Employee 20,EMPLOYEE,ACCESS_GRANTED,GRANTED,0,0,0,0,NORMAL,NORMAL,0
SEC-003281,F001,Smart Campus,B002,Building B,BLK-B2,Block B2,AP-004,Building B Service Door,Service Area,2026-01-22 13:46:03,EMP-0401,Employee 401,EMPLOYEE,ACCESS_GRANTED,GRANTED,0,0,0,0,NORMAL,NORMAL,0
SEC-003302,F001,Smart Campus,B002,Building B,BLK-B2,Block B2,AP-004,Building B Service Door,Service Area,2026-01-22 13:46:28,EMP-0436,Employee 436,EMPLOYEE,ACCESS_GRANTED,GRANTED,0,0,0,0,NORMAL,NORMAL,0
SEC-003261,F001,Smart Campus,B002,Building B,BLK-B2,Block B2,AP-004,Building B Service Door,Service Area,2026-01-22 13:48:12,EMP-0333,Employee 333,EMPLOYEE,ACCESS_GRANTED,GRANTED,0,0,0,0,NORMAL,NORMAL,0
SEC-003333,F001,Smart Campus,B003,Building C,BLK-C1,Block C1,AP-005,Building C Main Entrance,Entrance,2026-01-22 13:52:23,EMP-0302,Employee 302,EMPLOYEE,ACCESS_GRANTED,GRANTED,0,0,0,0,NORMAL,NORMAL,0
SEC-003252,F001,Smart Campus,B001,Building A,BLK-A1,Block A1,AP-001,Building A Main Entrance,Entrance,2026-01-22 13:58:44,EMP-0272,Employee 272,EMPLOYEE,ACCESS_GRANTED,GRANTED,0,0,0,0,NORMAL,NORMAL,0
SEC-003369,F001,Smart Campus,B003,Building C,BLK-C1,Block C1,AP-006,Server Room Access,Restricted Area,2026-01-22 14:09:21,EMP-0215,Employee 215,EMPLOYEE,ACCESS_GRANTED,GRANTED,0,0,0,0,NORMAL,NORMAL,0
SEC-003236,F001,Smart Campus,B003,Building C,BLK-C1,Block C1,AP-006,Server Room Access,Restricted Area,2026-01-22 14:15:34,EMP-0112,Employee 112,EMPLOYEE,ACCESS_GRANTED,GRANTED,0,0,0,0,NORMAL,NORMAL,0
SEC-003339,F001,Smart Campus,B002,Building B,BLK-B1,Block B1,AP-003,Building B Main Entrance,Entrance,2026-01-22 14:15:40,EMP-0248,Employee 248,EMPLOYEE,ACCESS_GRANTED,GRANTED,0,0,0,0,NORMAL,NORMAL,0
SEC-003380,F001,Smart Campus,B003,Building C,BLK-C1,Block C1,AP-006,Server Room Access,Restricted Area,2026-01-22 14:27:21,EMP-0436,Employee 436,EMPLOYEE,ACCESS_GRANTED,GRANTED,0,0,0,0,NORMAL,NORMAL,0
SEC-003310,F001,Smart Campus,B003,Building C,BLK-C1,Block C1,AP-006,Server Room Access,Restricted Area,2026-01-22 14:27:33,EMP-0433,Employee 433,EMPLOYEE,ACCESS_GRANTED,GRANTED,0,0,0,0,NORMAL,NORMAL,0
SEC-003299,F001,Smart Campus,B002,Building B,BLK-B1,Block B1,AP-003,Building B Main Entrance,Entrance,2026-01-22 14:29:00,VIS-0241,Visitor 241,VISITOR,ACCESS_GRANTED,GRANTED,0,0,0,0,NORMAL,NORMAL,0
SEC-003296,F001,Smart Campus,B002,Building B,BLK-B1,Block B1,AP-003,Building B Main Entrance,Entrance,2026-01-22 14:35:26,EMP-0309,Employee 309,EMPLOYEE,ACCESS_GRANTED,GRANTED,0,0,0,0,NORMAL,NORMAL,0
SEC-003331,F001,Smart Campus,B003,Building C,BLK-C1,Block C1,AP-005,Building C Main Entrance,Entrance,2026-01-22 14:35:28,EMP-0096,Employee 96,EMPLOYEE,ACCESS_GRANTED,GRANTED,0,0,0,0,NORMAL,NORMAL,0
SEC-003235,F001,Smart Campus,B001,Building A,BLK-A1,Block A1,AP-001,Building A Main Entrance,Entrance,2026-01-22 14:50:00,EMP-0138,Employee 138,EMPLOYEE,ACCESS_GRANTED,GRANTED,0,0,0,0,NORMAL,NORMAL,0
SEC-003253,F001,Smart Campus,B001,Building A,BLK-A1,Block A1,AP-001,Building A Main Entrance,Entrance,2026-01-22 15:04:11,EMP-0343,Employee 343,EMPLOYEE,ACCESS_GRANTED,GRANTED,0,0,0,0,NORMAL,NORMAL,0
SEC-003259,F001,Smart Campus,B001,Building A,BLK-A2,Block A2,AP-002,Building A Side Entrance,Entrance,2026-01-22 15:12:48,EMP-0146,Employee 146,EMPLOYEE,ACCESS_GRANTED,GRANTED,0,0,0,0,NORMAL,NORMAL,0
SEC-003344,F001,Smart Campus,B001,Building A,BLK-A1,Block A1,AP-001,Building A Main Entrance,Entrance,2026-01-22 15:14:11,EMP-0082,Employee 82,EMPLOYEE,ACCESS_GRANTED,GRANTED,0,0,0,0,NORMAL,NORMAL,0
SEC-003250,F001,Smart Campus,B002,Building B,BLK-B1,Block B1,AP-003,Building B Main Entrance,Entrance,2026-01-22 15:15:02,CON-0023,Contractor 23,CONTRACTOR,ACCESS_GRANTED,GRANTED,0,0,0,0,NORMAL,NORMAL,0
SEC-003343,F001,Smart Campus,B003,Building C,BLK-C1,Block C1,AP-006,Server Room Access,Restricted Area,2026-01-22 15:15:06,CON-0050,Contractor 50,CONTRACTOR,UNAUTHORIZED_ACCESS,DENIED,0,1,0,0,SUSPICIOUS_ACCESS,HIGH,1
SEC-003312,F001,Smart Campus,B001,Building A,BLK-A2,Block A2,AP-002,Building A Side Entrance,Entrance,2026-01-22 15:17:16,VIS-0230,Visitor 230,VISITOR,ACCESS_GRANTED,GRANTED,0,0,0,0,NORMAL,NORMAL,0
SEC-003329,F001,Smart Campus,B002,Building B,BLK-B2,Block B2,AP-004,Building B Service Door,Service Area,2026-01-22 15:19:38,EMP-0197,Employee 197,EMPLOYEE,ACCESS_GRANTED,GRANTED,0,0,0,0,NORMAL,NORMAL,0
SEC-003260,F001,Smart Campus,B002,Building B,BLK-B2,Block B2,AP-004,Building B Service Door,Service Area,2026-01-22 15:27:44,EMP-0475,Employee 475,EMPLOYEE,ACCESS_GRANTED,GRANTED,0,0,0,0,NORMAL,NORMAL,0
SEC-003321,F001,Smart Campus,B002,Building B,BLK-B1,Block B1,AP-003,Building B Main Entrance,Entrance,2026-01-22 15:55:47,EMP-0192,Employee 192,EMPLOYEE,ACCESS_GRANTED,GRANTED,0,0,0,0,NORMAL,NORMAL,0
SEC-003327,F001,Smart Campus,B002,Building B,BLK-B1,Block B1,AP-003,Building B Main Entrance,Entrance,2026-01-22 16:01:54,EMP-0389,Employee 389,EMPLOYEE,ACCESS_GRANTED,GRANTED,0,0,0,0,NORMAL,NORMAL,0
SEC-003247,F001,Smart Campus,B003,Building C,BLK-C1,Block C1,AP-006,Server Room Access,Restricted Area,2026-01-22 16:07:41,EMP-0147,Employee 147,EMPLOYEE,ACCESS_GRANTED,GRANTED,0,0,0,0,NORMAL,NORMAL,0
SEC-003276,F001,Smart Campus,B002,Building B,BLK-B1,Block B1,AP-003,Building B Main Entrance,Entrance,2026-01-22 16:25:00,VIS-0221,Visitor 221,VISITOR,ACCESS_DENIED,DENIED,0,0,0,0,NORMAL,MEDIUM,1
SEC-003292,F001,Smart Campus,B001,Building A,BLK-A2,Block A2,AP-002,Building A Side Entrance,Entrance,2026-01-22 16:28:25,EMP-0490,Employee 490,EMPLOYEE,ACCESS_GRANTED,GRANTED,0,0,0,0,NORMAL,NORMAL,0
SEC-003278,F001,Smart Campus,B003,Building C,BLK-C1,Block C1,AP-006,Server Room Access,Restricted Area,2026-01-22 16:29:44,EMP-0262,Employee 262,EMPLOYEE,ACCESS_GRANTED,GRANTED,0,0,0,0,NORMAL,NORMAL,0
SEC-003268,F001,Smart Campus,B002,Building B,BLK-B1,Block B1,AP-003,Building B Main Entrance,Entrance,2026-01-22 16:35:34,CON-0102,Contractor 102,CONTRACTOR,ACCESS_GRANTED,GRANTED,0,0,0,0,NORMAL,NORMAL,0
SEC-003336,F001,Smart Campus,B002,Building B,BLK-B1,Block B1,AP-003,Building B Main Entrance,Entrance,2026-01-22 16:35:55,EMP-0068,Employee 68,EMPLOYEE,ACCESS_GRANTED,GRANTED,0,0,0,0,NORMAL,NORMAL,0
SEC-003330,F001,Smart Campus,B001,Building A,BLK-A2,Block A2,AP-002,Building A Side Entrance,Entrance,2026-01-22 16:37:49,EMP-0037,Employee 37,EMPLOYEE,ACCESS_GRANTED,GRANTED,0,0,0,0,NORMAL,NORMAL,0
SEC-003374,F001,Smart Campus,B003,Building C,BLK-C1,Block C1,AP-005,Building C Main Entrance,Entrance,2026-01-22 16:40:58,VIS-0128,Visitor 128,VISITOR,ACCESS_GRANTED,GRANTED,0,0,0,0,NORMAL,NORMAL,0
SEC-003376,F001,Smart Campus,B002,Building B,BLK-B1,Block B1,AP-003,Building B Main Entrance,Entrance,2026-01-22 17:12:08,EMP-0121,Employee 121,EMPLOYEE,ACCESS_GRANTED,GRANTED,0,0,0,0,NORMAL,NORMAL,0
SEC-003341,F001,Smart Campus,B002,Building B,BLK-B2,Block B2,AP-004,Building B Service Door,Service Area,2026-01-22 17:16:59,EMP-0222,Employee 222,EMPLOYEE,ACCESS_GRANTED,GRANTED,0,0,0,0,NORMAL,NORMAL,0
SEC-003237,F001,Smart Campus,B001,Building A,BLK-A2,Block A2,AP-002,Building A Side Entrance,Entrance,2026-01-22 17:30:45,EMP-0224,Employee 224,EMPLOYEE,ACCESS_GRANTED,GRANTED,0,0,0,0,NORMAL,NORMAL,0
SEC-003241,F001,Smart Campus,B001,Building A,BLK-A1,Block A1,AP-001,Building A Main Entrance,Entrance,2026-01-22 17:33:56,EMP-0115,Employee 115,EMPLOYEE,ACCESS_GRANTED,GRANTED,0,0,0,0,NORMAL,NORMAL,0
SEC-003370,F001,Smart Campus,B003,Building C,BLK-C1,Block C1,AP-006,Server Room Access,Restricted Area,2026-01-22 17:40:54,EMP-0412,Employee 412,EMPLOYEE,ACCESS_GRANTED,GRANTED,0,0,0,0,NORMAL,NORMAL,0
SEC-003371,F001,Smart Campus,B003,Building C,BLK-C1,Block C1,AP-006,Server Room Access,Restricted Area,2026-01-22 17:58:57,VIS-0223,Visitor 223,VISITOR,ACCESS_GRANTED,GRANTED,0,0,0,0,NORMAL,NORMAL,0
SEC-003322,F001,Smart Campus,B001,Building A,BLK-A1,Block A1,AP-001,Building A Main Entrance,Entrance,2026-01-22 17:59:20,VIS-0214,Visitor 214,VISITOR,ACCESS_GRANTED,GRANTED,0,0,0,0,NORMAL,NORMAL,0
SEC-003367,F001,Smart Campus,B001,Building A,BLK-A1,Block A1,AP-001,Building A Main Entrance,Entrance,2026-01-22 18:01:56,EMP-0365,Employee 365,EMPLOYEE,ACCESS_GRANTED,GRANTED,0,0,0,0,NORMAL,NORMAL,0
SEC-003289,F001,Smart Campus,B003,Building C,BLK-C1,Block C1,AP-006,Server Room Access,Restricted Area,2026-01-22 18:08:46,CON-0070,Contractor 70,CONTRACTOR,ACCESS_GRANTED,GRANTED,0,0,0,0,NORMAL,NORMAL,0
SEC-003263,F001,Smart Campus,B002,Building B,BLK-B2,Block B2,AP-004,Building B Service Door,Service Area,2026-01-22 18:15:43,EMP-0380,Employee 380,EMPLOYEE,ACCESS_GRANTED,GRANTED,0,0,0,0,NORMAL,NORMAL,0
SEC-003345,F001,Smart Campus,B002,Building B,BLK-B1,Block B1,AP-003,Building B Main Entrance,Entrance,2026-01-22 18:24:56,EMP-0357,Employee 357,EMPLOYEE,ACCESS_GRANTED,GRANTED,0,0,0,0,NORMAL,NORMAL,0
SEC-003320,F001,Smart Campus,B003,Building C,BLK-C1,Block C1,AP-005,Building C Main Entrance,Entrance,2026-01-22 18:29:50,EMP-0038,Employee 38,EMPLOYEE,ACCESS_GRANTED,GRANTED,0,0,0,0,NORMAL,NORMAL,0
SEC-003227,F001,Smart Campus,B003,Building C,BLK-C1,Block C1,AP-005,Building C Main Entrance,Entrance,2026-01-22 18:55:04,EMP-0332,Employee 332,EMPLOYEE,ACCESS_GRANTED,GRANTED,0,0,0,0,NORMAL,NORMAL,0
SEC-003284,F001,Smart Campus,B001,Building A,BLK-A2,Block A2,AP-002,Building A Side Entrance,Entrance,2026-01-22 18:57:38,EMP-0012,Employee 12,EMPLOYEE,ACCESS_GRANTED,GRANTED,0,0,0,0,NORMAL,NORMAL,0
SEC-003324,F001,Smart Campus,B001,Building A,BLK-A2,Block A2,AP-002,Building A Side Entrance,Entrance,2026-01-22 19:00:14,EMP-0274,Employee 274,EMPLOYEE,ACCESS_GRANTED,GRANTED,0,0,0,0,NORMAL,NORMAL,0
SEC-003368,F001,Smart Campus,B001,Building A,BLK-A1,Block A1,AP-001,Building A Main Entrance,Entrance,2026-01-22 19:06:39,EMP-0195,Employee 195,EMPLOYEE,ACCESS_GRANTED,GRANTED,0,0,0,0,NORMAL,NORMAL,0
SEC-003275,F001,Smart Campus,B003,Building C,BLK-C1,Block C1,AP-006,Server Room Access,Restricted Area,2026-01-22 19:21:25,EMP-0456,Employee 456,EMPLOYEE,ACCESS_GRANTED,GRANTED,0,0,0,0,NORMAL,NORMAL,0
SEC-003240,F001,Smart Campus,B001,Building A,BLK-A1,Block A1,AP-001,Building A Main Entrance,Entrance,2026-01-22 19:25:32,EMP-0304,Employee 304,EMPLOYEE,ACCESS_GRANTED,GRANTED,0,0,0,0,NORMAL,NORMAL,0
SEC-003355,F001,Smart Campus,B001,Building A,BLK-A2,Block A2,AP-002,Building A Side Entrance,Entrance,2026-01-22 19:29:22,EMP-0229,Employee 229,EMPLOYEE,ACCESS_GRANTED,GRANTED,0,0,0,0,NORMAL,NORMAL,0
SEC-003303,F001,Smart Campus,B003,Building C,BLK-C1,Block C1,AP-005,Building C Main Entrance,Entrance,2026-01-22 19:34:07,EMP-0481,Employee 481,EMPLOYEE,ACCESS_GRANTED,GRANTED,0,0,0,0,NORMAL,NORMAL,0
SEC-003301,F001,Smart Campus,B003,Building C,BLK-C1,Block C1,AP-006,Server Room Access,Restricted Area,2026-01-22 19:43:51,EMP-0126,Employee 126,EMPLOYEE,ACCESS_GRANTED,GRANTED,0,0,0,0,NORMAL,NORMAL,0
SEC-003234,F001,Smart Campus,B003,Building C,BLK-C1,Block C1,AP-005,Building C Main Entrance,Entrance,2026-01-22 19:44:35,EMP-0325,Employee 325,EMPLOYEE,ACCESS_GRANTED,GRANTED,0,0,0,0,NORMAL,NORMAL,0
SEC-003249,F001,Smart Campus,B001,Building A,BLK-A2,Block A2,AP-002,Building A Side Entrance,Entrance,2026-01-22 19:44:49,EMP-0286,Employee 286,EMPLOYEE,ACCESS_GRANTED,GRANTED,0,0,0,0,NORMAL,NORMAL,0
SEC-003337,F001,Smart Campus,B001,Building A,BLK-A1,Block A1,AP-001,Building A Main Entrance,Entrance,2026-01-22 19:57:37,CON-0119,Contractor 119,CONTRACTOR,ACCESS_GRANTED,GRANTED,0,0,0,0,NORMAL,NORMAL,0
SEC-003358,F001,Smart Campus,B001,Building A,BLK-A2,Block A2,AP-002,Building A Side Entrance,Entrance,2026-01-22 20:01:34,VIS-0028,Visitor 28,VISITOR,ACCESS_GRANTED,GRANTED,0,0,0,0,NORMAL,NORMAL,0
SEC-003239,F001,Smart Campus,B002,Building B,BLK-B1,Block B1,AP-003,Building B Main Entrance,Entrance,2026-01-22 20:20:59,EMP-0479,Employee 479,EMPLOYEE,ACCESS_DENIED,DENIED,0,0,0,0,NORMAL,MEDIUM,1
SEC-003377,F001,Smart Campus,B003,Building C,BLK-C1,Block C1,AP-006,Server Room Access,Restricted Area,2026-01-22 20:21:06,EMP-0087,Employee 87,EMPLOYEE,ACCESS_GRANTED,GRANTED,0,0,0,0,NORMAL,NORMAL,0
SEC-003293,F001,Smart Campus,B003,Building C,BLK-C1,Block C1,AP-005,Building C Main Entrance,Entrance,2026-01-22 20:32:38,CON-0101,Contractor 101,CONTRACTOR,ACCESS_GRANTED,GRANTED,0,0,0,0,NORMAL,NORMAL,0
SEC-003379,F001,Smart Campus,B001,Building A,BLK-A2,Block A2,AP-002,Building A Side Entrance,Entrance,2026-01-22 20:35:58,EMP-0207,Employee 207,EMPLOYEE,ACCESS_GRANTED,GRANTED,0,0,0,0,NORMAL,NORMAL,0
SEC-003365,F001,Smart Campus,B002,Building B,BLK-B2,Block B2,AP-004,Building B Service Door,Service Area,2026-01-22 20:36:40,EMP-0368,Employee 368,EMPLOYEE,ACCESS_GRANTED,GRANTED,0,0,0,0,NORMAL,NORMAL,0
SEC-003317,F001,Smart Campus,B003,Building C,BLK-C1,Block C1,AP-006,Server Room Access,Restricted Area,2026-01-22 20:38:52,VIS-0089,Visitor 89,VISITOR,ACCESS_GRANTED,GRANTED,0,0,0,0,NORMAL,NORMAL,0
SEC-003346,F001,Smart Campus,B002,Building B,BLK-B1,Block B1,AP-003,Building B Main Entrance,Entrance,2026-01-22 20:42:15,EMP-0252,Employee 252,EMPLOYEE,ACCESS_GRANTED,GRANTED,0,0,0,0,NORMAL,NORMAL,0
SEC-003325,F001,Smart Campus,B002,Building B,BLK-B1,Block B1,AP-003,Building B Main Entrance,Entrance,2026-01-22 20:48:08,EMP-0353,Employee 353,EMPLOYEE,ACCESS_DENIED,DENIED,0,0,0,0,NORMAL,MEDIUM,1
SEC-003267,F001,Smart Campus,B001,Building A,BLK-A1,Block A1,AP-001,Building A Main Entrance,Entrance,2026-01-22 20:54:24,EMP-0032,Employee 32,EMPLOYEE,ACCESS_GRANTED,GRANTED,0,0,0,0,NORMAL,NORMAL,0
SEC-003286,F001,Smart Campus,B001,Building A,BLK-A1,Block A1,AP-001,Building A Main Entrance,Entrance,2026-01-22 21:11:21,EMP-0401,Employee 401,EMPLOYEE,ACCESS_GRANTED,GRANTED,1,0,0,0,AFTER_HOURS_MOVEMENT,LOW,0
SEC-003297,F001,Smart Campus,B002,Building B,BLK-B1,Block B1,AP-003,Building B Main Entrance,Entrance,2026-01-22 21:20:05,VIS-0126,Visitor 126,VISITOR,ACCESS_GRANTED,GRANTED,1,0,0,0,NORMAL,LOW,0
SEC-003279,F001,Smart Campus,B002,Building B,BLK-B2,Block B2,AP-004,Building B Service Door,Service Area,2026-01-22 21:21:29,EMP-0406,Employee 406,EMPLOYEE,ACCESS_GRANTED,GRANTED,1,0,0,0,NORMAL,LOW,0
SEC-003353,F001,Smart Campus,B003,Building C,BLK-C1,Block C1,AP-006,Server Room Access,Restricted Area,2026-01-22 21:33:18,EMP-0437,Employee 437,EMPLOYEE,ACCESS_GRANTED,GRANTED,1,0,0,0,NORMAL,LOW,0
SEC-003352,F001,Smart Campus,B003,Building C,BLK-C1,Block C1,AP-006,Server Room Access,Restricted Area,2026-01-22 21:59:38,CON-0006,Contractor 6,CONTRACTOR,ACCESS_GRANTED,GRANTED,1,0,0,0,NORMAL,LOW,0
SEC-003373,F001,Smart Campus,B002,Building B,BLK-B1,Block B1,AP-003,Building B Main Entrance,Entrance,2026-01-22 22:13:16,CON-0071,Contractor 71,CONTRACTOR,ACCESS_GRANTED,GRANTED,1,0,0,0,AFTER_HOURS_MOVEMENT,LOW,0
SEC-003265,F001,Smart Campus,B002,Building B,BLK-B1,Block B1,AP-003,Building B Main Entrance,Entrance,2026-01-22 22:14:26,EMP-0499,Employee 499,EMPLOYEE,ACCESS_GRANTED,GRANTED,1,0,0,0,NORMAL,LOW,0
SEC-003363,F001,Smart Campus,B001,Building A,BLK-A1,Block A1,AP-001,Building A Main Entrance,Entrance,2026-01-22 22:26:33,EMP-0141,Employee 141,EMPLOYEE,ACCESS_GRANTED,GRANTED,1,0,0,0,NORMAL,LOW,0
SEC-003348,F001,Smart Campus,B002,Building B,BLK-B2,Block B2,AP-004,Building B Service Door,Service Area,2026-01-22 22:34:56,EMP-0038,Employee 38,EMPLOYEE,ACCESS_GRANTED,GRANTED,1,0,0,0,NORMAL,LOW,0
SEC-003319,F001,Smart Campus,B001,Building A,BLK-A2,Block A2,AP-002,Building A Side Entrance,Entrance,2026-01-22 22:42:55,EMP-0383,Employee 383,EMPLOYEE,ACCESS_GRANTED,GRANTED,1,0,0,0,NORMAL,LOW,0
SEC-003243,F001,Smart Campus,B002,Building B,BLK-B1,Block B1,AP-003,Building B Main Entrance,Entrance,2026-01-22 22:43:39,EMP-0487,Employee 487,EMPLOYEE,ACCESS_GRANTED,GRANTED,1,0,0,0,NORMAL,LOW,0
SEC-003232,F001,Smart Campus,B003,Building C,BLK-C1,Block C1,AP-006,Server Room Access,Restricted Area,2026-01-22 23:05:36,EMP-0021,Employee 21,EMPLOYEE,ACCESS_GRANTED,GRANTED,1,0,0,0,AFTER_HOURS_MOVEMENT,LOW,0
SEC-003229,F001,Smart Campus,B001,Building A,BLK-A1,Block A1,AP-001,Building A Main Entrance,Entrance,2026-01-22 23:07:56,EMP-0262,Employee 262,EMPLOYEE,ACCESS_GRANTED,GRANTED,1,0,0,0,NORMAL,LOW,0
SEC-003254,F001,Smart Campus,B002,Building B,BLK-B1,Block B1,AP-003,Building B Main Entrance,Entrance,2026-01-22 23:14:48,CON-0143,Contractor 143,CONTRACTOR,ACCESS_GRANTED,GRANTED,1,0,0,0,NORMAL,LOW,0
SEC-003300,F001,Smart Campus,B001,Building A,BLK-A2,Block A2,AP-002,Building A Side Entrance,Entrance,2026-01-22 23:40:11,CON-0101,Contractor 101,CONTRACTOR,ACCESS_DENIED,DENIED,1,0,0,0,NORMAL,MEDIUM,1
SEC-003311,F001,Smart Campus,B003,Building C,BLK-C1,Block C1,AP-006,Server Room Access,Restricted Area,2026-01-22 23:47:54,EMP-0124,Employee 124,EMPLOYEE,ACCESS_GRANTED,GRANTED,1,0,0,0,NORMAL,LOW,0
SEC-003313,F001,Smart Campus,B003,Building C,BLK-C1,Block C1,AP-006,Server Room Access,Restricted Area,2026-01-22 23:53:53,CON-0094,Contractor 94,CONTRACTOR,UNAUTHORIZED_ACCESS,DENIED,1,1,0,0,SUSPICIOUS_ACCESS,CRITICAL,1
SEC-003534,F001,Smart Campus,B002,Building B,BLK-B1,Block B1,AP-003,Building B Main Entrance,Entrance,2026-01-23 00:17:14,VIS-0148,Visitor 148,VISITOR,ACCESS_GRANTED,GRANTED,1,0,0,0,NORMAL,LOW,0
SEC-003400,F001,Smart Campus,B003,Building C,BLK-C1,Block C1,AP-005,Building C Main Entrance,Entrance,2026-01-23 00:28:00,VIS-0065,Visitor 65,VISITOR,ACCESS_GRANTED,GRANTED,1,0,0,0,NORMAL,LOW,0
SEC-003496,F001,Smart Campus,B003,Building C,BLK-C1,Block C1,AP-006,Server Room Access,Restricted Area,2026-01-23 01:01:51,EMP-0403,Employee 403,EMPLOYEE,UNAUTHORIZED_ACCESS,DENIED,1,1,0,0,SUSPICIOUS_ACCESS,CRITICAL,1
SEC-003460,F001,Smart Campus,B003,Building C,BLK-C1,Block C1,AP-006,Server Room Access,Restricted Area,2026-01-23 01:17:00,EMP-0068,Employee 68,EMPLOYEE,ACCESS_GRANTED,GRANTED,1,0,0,0,NORMAL,LOW,0
SEC-003440,F001,Smart Campus,B002,Building B,BLK-B1,Block B1,AP-003,Building B Main Entrance,Entrance,2026-01-23 01:58:06,VIS-0092,Visitor 92,VISITOR,ACCESS_GRANTED,GRANTED,1,0,0,0,NORMAL,LOW,0
SEC-003464,F001,Smart Campus,B002,Building B,BLK-B2,Block B2,AP-004,Building B Service Door,Service Area,2026-01-23 02:37:17,VIS-0266,Visitor 266,VISITOR,ACCESS_GRANTED,GRANTED,1,0,0,0,NORMAL,LOW,0
SEC-003401,F001,Smart Campus,B002,Building B,BLK-B1,Block B1,AP-003,Building B Main Entrance,Entrance,2026-01-23 02:42:35,EMP-0171,Employee 171,EMPLOYEE,ACCESS_GRANTED,GRANTED,1,0,0,0,NORMAL,LOW,0
SEC-003459,F001,Smart Campus,B001,Building A,BLK-A1,Block A1,AP-001,Building A Main Entrance,Entrance,2026-01-23 02:53:03,CON-0040,Contractor 40,CONTRACTOR,ACCESS_GRANTED,GRANTED,1,0,0,0,NORMAL,LOW,0
SEC-003385,F001,Smart Campus,B003,Building C,BLK-C1,Block C1,AP-006,Server Room Access,Restricted Area,2026-01-23 02:58:16,EMP-0147,Employee 147,EMPLOYEE,ACCESS_GRANTED,GRANTED,1,0,0,0,NORMAL,LOW,0
SEC-003421,F001,Smart Campus,B002,Building B,BLK-B2,Block B2,AP-004,Building B Service Door,Service Area,2026-01-23 02:59:32,VIS-0194,Visitor 194,VISITOR,ACCESS_GRANTED,GRANTED,1,0,0,0,NORMAL,LOW,0
SEC-003404,F001,Smart Campus,B001,Building A,BLK-A2,Block A2,AP-002,Building A Side Entrance,Entrance,2026-01-23 03:16:25,EMP-0332,Employee 332,EMPLOYEE,ACCESS_GRANTED,GRANTED,1,0,0,0,NORMAL,LOW,0
SEC-003470,F001,Smart Campus,B003,Building C,BLK-C1,Block C1,AP-005,Building C Main Entrance,Entrance,2026-01-23 03:33:46,VIS-0101,Visitor 101,VISITOR,ACCESS_GRANTED,GRANTED,1,0,0,0,NORMAL,LOW,0
SEC-003449,F001,Smart Campus,B001,Building A,BLK-A1,Block A1,AP-001,Building A Main Entrance,Entrance,2026-01-23 03:39:01,EMP-0188,Employee 188,EMPLOYEE,ACCESS_GRANTED,GRANTED,1,0,0,0,NORMAL,LOW,0
SEC-003529,F001,Smart Campus,B002,Building B,BLK-B2,Block B2,AP-004,Building B Service Door,Service Area,2026-01-23 03:49:50,EMP-0039,Employee 39,EMPLOYEE,ACCESS_DENIED,DENIED,1,0,0,0,NORMAL,MEDIUM,1
SEC-003448,F001,Smart Campus,B001,Building A,BLK-A2,Block A2,AP-002,Building A Side Entrance,Entrance,2026-01-23 04:02:57,EMP-0371,Employee 371,EMPLOYEE,ACCESS_GRANTED,GRANTED,1,0,0,0,NORMAL,LOW,0
SEC-003484,F001,Smart Campus,B003,Building C,BLK-C1,Block C1,AP-006,Server Room Access,Restricted Area,2026-01-23 04:03:47,EMP-0206,Employee 206,EMPLOYEE,ACCESS_GRANTED,GRANTED,1,0,0,0,NORMAL,LOW,0
SEC-003472,F001,Smart Campus,B001,Building A,BLK-A1,Block A1,AP-001,Building A Main Entrance,Entrance,2026-01-23 04:04:10,EMP-0474,Employee 474,EMPLOYEE,ACCESS_GRANTED,GRANTED,1,0,0,0,NORMAL,LOW,0
SEC-003416,F001,Smart Campus,B002,Building B,BLK-B2,Block B2,AP-004,Building B Service Door,Service Area,2026-01-23 04:44:17,VIS-0026,Visitor 26,VISITOR,ACCESS_GRANTED,GRANTED,1,0,0,0,NORMAL,LOW,0
SEC-003467,F001,Smart Campus,B001,Building A,BLK-A2,Block A2,AP-002,Building A Side Entrance,Entrance,2026-01-23 05:27:30,VIS-0084,Visitor 84,VISITOR,ACCESS_GRANTED,GRANTED,1,0,0,0,NORMAL,LOW,0
SEC-003394,F001,Smart Campus,B001,Building A,BLK-A2,Block A2,AP-002,Building A Side Entrance,Entrance,2026-01-23 05:35:28,CON-0135,Contractor 135,CONTRACTOR,UNAUTHORIZED_ACCESS,DENIED,1,1,0,0,SUSPICIOUS_ACCESS,CRITICAL,1
SEC-003439,F001,Smart Campus,B003,Building C,BLK-C1,Block C1,AP-006,Server Room Access,Restricted Area,2026-01-23 05:37:45,EMP-0091,Employee 91,EMPLOYEE,ACCESS_GRANTED,GRANTED,1,0,0,0,NORMAL,LOW,0
SEC-003410,F001,Smart Campus,B003,Building C,BLK-C1,Block C1,AP-005,Building C Main Entrance,Entrance,2026-01-23 05:47:34,VIS-0253,Visitor 253,VISITOR,ACCESS_GRANTED,GRANTED,1,0,0,0,NORMAL,LOW,0
SEC-003485,F001,Smart Campus,B002,Building B,BLK-B1,Block B1,AP-003,Building B Main Entrance,Entrance,2026-01-23 05:48:12,CON-0040,Contractor 40,CONTRACTOR,UNAUTHORIZED_ACCESS,DENIED,1,1,0,0,SUSPICIOUS_ACCESS,CRITICAL,1
SEC-003500,F001,Smart Campus,B001,Building A,BLK-A1,Block A1,AP-001,Building A Main Entrance,Entrance,2026-01-23 06:11:55,EMP-0434,Employee 434,EMPLOYEE,ACCESS_GRANTED,GRANTED,1,0,0,0,AFTER_HOURS_MOVEMENT,LOW,0
SEC-003510,F001,Smart Campus,B003,Building C,BLK-C1,Block C1,AP-005,Building C Main Entrance,Entrance,2026-01-23 06:57:17,EMP-0450,Employee 450,EMPLOYEE,ACCESS_GRANTED,GRANTED,1,0,0,0,NORMAL,LOW,0
SEC-003493,F001,Smart Campus,B003,Building C,BLK-C1,Block C1,AP-006,Server Room Access,Restricted Area,2026-01-23 07:01:17,EMP-0036,Employee 36,EMPLOYEE,ACCESS_GRANTED,GRANTED,0,0,0,0,NORMAL,NORMAL,0
SEC-003411,F001,Smart Campus,B002,Building B,BLK-B1,Block B1,AP-003,Building B Main Entrance,Entrance,2026-01-23 07:05:36,CON-0074,Contractor 74,CONTRACTOR,ACCESS_DENIED,DENIED,0,0,0,0,NORMAL,MEDIUM,1
SEC-003509,F001,Smart Campus,B003,Building C,BLK-C1,Block C1,AP-006,Server Room Access,Restricted Area,2026-01-23 07:09:25,EMP-0331,Employee 331,EMPLOYEE,ACCESS_GRANTED,GRANTED,0,0,0,0,NORMAL,NORMAL,0
SEC-003536,F001,Smart Campus,B003,Building C,BLK-C1,Block C1,AP-006,Server Room Access,Restricted Area,2026-01-23 07:10:46,EMP-0382,Employee 382,EMPLOYEE,ACCESS_GRANTED,GRANTED,0,0,0,0,NORMAL,NORMAL,0
SEC-003457,F001,Smart Campus,B001,Building A,BLK-A2,Block A2,AP-002,Building A Side Entrance,Entrance,2026-01-23 07:16:15,EMP-0205,Employee 205,EMPLOYEE,ACCESS_GRANTED,GRANTED,0,0,0,0,NORMAL,NORMAL,0
SEC-003455,F001,Smart Campus,B002,Building B,BLK-B2,Block B2,AP-004,Building B Service Door,Service Area,2026-01-23 07:21:26,EMP-0201,Employee 201,EMPLOYEE,ACCESS_GRANTED,GRANTED,0,0,0,0,NORMAL,NORMAL,0
SEC-003520,F001,Smart Campus,B003,Building C,BLK-C1,Block C1,AP-006,Server Room Access,Restricted Area,2026-01-23 07:21:53,CON-0014,Contractor 14,CONTRACTOR,ACCESS_GRANTED,GRANTED,0,0,0,0,NORMAL,NORMAL,0
SEC-003492,F001,Smart Campus,B002,Building B,BLK-B1,Block B1,AP-003,Building B Main Entrance,Entrance,2026-01-23 07:23:25,EMP-0153,Employee 153,EMPLOYEE,ACCESS_GRANTED,GRANTED,0,0,0,0,NORMAL,NORMAL,0
SEC-003514,F001,Smart Campus,B002,Building B,BLK-B2,Block B2,AP-004,Building B Service Door,Service Area,2026-01-23 07:35:11,EMP-0406,Employee 406,EMPLOYEE,ACCESS_GRANTED,GRANTED,0,0,0,0,NORMAL,NORMAL,0
SEC-003526,F001,Smart Campus,B002,Building B,BLK-B2,Block B2,AP-004,Building B Service Door,Service Area,2026-01-23 07:44:42,VIS-0143,Visitor 143,VISITOR,ACCESS_GRANTED,GRANTED,0,0,0,0,NORMAL,NORMAL,0
SEC-003413,F001,Smart Campus,B003,Building C,BLK-C1,Block C1,AP-006,Server Room Access,Restricted Area,2026-01-23 07:44:44,EMP-0218,Employee 218,EMPLOYEE,TAILGATING,GRANTED,0,0,0,1,TAILGATING,HIGH,1
SEC-003406,F001,Smart Campus,B003,Building C,BLK-C1,Block C1,AP-005,Building C Main Entrance,Entrance,2026-01-23 07:50:56,EMP-0422,Employee 422,EMPLOYEE,ACCESS_GRANTED,GRANTED,0,0,0,0,NORMAL,NORMAL,0
SEC-003506,F001,Smart Campus,B002,Building B,BLK-B1,Block B1,AP-003,Building B Main Entrance,Entrance,2026-01-23 07:51:38,EMP-0259,Employee 259,EMPLOYEE,ACCESS_GRANTED,GRANTED,0,0,0,0,NORMAL,NORMAL,0
SEC-003435,F001,Smart Campus,B001,Building A,BLK-A1,Block A1,AP-001,Building A Main Entrance,Entrance,2026-01-23 07:55:20,EMP-0034,Employee 34,EMPLOYEE,ACCESS_GRANTED,GRANTED,0,0,0,0,NORMAL,NORMAL,0
SEC-003398,F001,Smart Campus,B001,Building A,BLK-A2,Block A2,AP-002,Building A Side Entrance,Entrance,2026-01-23 08:03:54,EMP-0461,Employee 461,EMPLOYEE,ACCESS_GRANTED,GRANTED,0,0,0,0,NORMAL,NORMAL,0
SEC-003431,F001,Smart Campus,B003,Building C,BLK-C1,Block C1,AP-005,Building C Main Entrance,Entrance,2026-01-23 08:16:14,EMP-0294,Employee 294,EMPLOYEE,ACCESS_GRANTED,GRANTED,0,0,0,0,NORMAL,NORMAL,0
SEC-003445,F001,Smart Campus,B001,Building A,BLK-A2,Block A2,AP-002,Building A Side Entrance,Entrance,2026-01-23 08:23:46,EMP-0046,Employee 46,EMPLOYEE,ACCESS_GRANTED,GRANTED,0,0,0,0,NORMAL,NORMAL,0
SEC-003525,F001,Smart Campus,B001,Building A,BLK-A2,Block A2,AP-002,Building A Side Entrance,Entrance,2026-01-23 08:28:28,EMP-0427,Employee 427,EMPLOYEE,ACCESS_GRANTED,GRANTED,0,0,0,0,NORMAL,NORMAL,0
SEC-003476,F001,Smart Campus,B002,Building B,BLK-B1,Block B1,AP-003,Building B Main Entrance,Entrance,2026-01-23 08:46:57,VIS-0012,Visitor 12,VISITOR,ACCESS_GRANTED,GRANTED,0,0,0,0,NORMAL,NORMAL,0
SEC-003532,F001,Smart Campus,B001,Building A,BLK-A2,Block A2,AP-002,Building A Side Entrance,Entrance,2026-01-23 08:52:49,EMP-0306,Employee 306,EMPLOYEE,ACCESS_GRANTED,GRANTED,0,0,0,0,NORMAL,NORMAL,0
SEC-003531,F001,Smart Campus,B001,Building A,BLK-A2,Block A2,AP-002,Building A Side Entrance,Entrance,2026-01-23 08:54:00,EMP-0128,Employee 128,EMPLOYEE,TAILGATING,GRANTED,0,0,0,1,TAILGATING,HIGH,1
SEC-003420,F001,Smart Campus,B001,Building A,BLK-A1,Block A1,AP-001,Building A Main Entrance,Entrance,2026-01-23 09:12:00,EMP-0445,Employee 445,EMPLOYEE,ACCESS_GRANTED,GRANTED,0,0,0,0,NORMAL,NORMAL,0
SEC-003539,F001,Smart Campus,B001,Building A,BLK-A1,Block A1,AP-001,Building A Main Entrance,Entrance,2026-01-23 09:14:34,EMP-0226,Employee 226,EMPLOYEE,ACCESS_GRANTED,GRANTED,0,0,0,0,NORMAL,NORMAL,0
SEC-003395,F001,Smart Campus,B002,Building B,BLK-B2,Block B2,AP-004,Building B Service Door,Service Area,2026-01-23 09:26:02,CON-0142,Contractor 142,CONTRACTOR,UNAUTHORIZED_ACCESS,DENIED,0,1,0,0,SUSPICIOUS_ACCESS,HIGH,1
SEC-003384,F001,Smart Campus,B003,Building C,BLK-C1,Block C1,AP-006,Server Room Access,Restricted Area,2026-01-23 09:29:27,EMP-0275,Employee 275,EMPLOYEE,ACCESS_GRANTED,GRANTED,0,0,0,0,NORMAL,NORMAL,0
SEC-003530,F001,Smart Campus,B001,Building A,BLK-A2,Block A2,AP-002,Building A Side Entrance,Entrance,2026-01-23 09:31:00,EMP-0088,Employee 88,EMPLOYEE,ACCESS_GRANTED,GRANTED,0,0,0,0,NORMAL,NORMAL,0
SEC-003523,F001,Smart Campus,B002,Building B,BLK-B1,Block B1,AP-003,Building B Main Entrance,Entrance,2026-01-23 09:38:40,VIS-0300,Visitor 300,VISITOR,ACCESS_GRANTED,GRANTED,0,0,0,0,NORMAL,NORMAL,0
SEC-003412,F001,Smart Campus,B002,Building B,BLK-B2,Block B2,AP-004,Building B Service Door,Service Area,2026-01-23 09:42:58,EMP-0170,Employee 170,EMPLOYEE,ACCESS_GRANTED,GRANTED,0,0,0,0,NORMAL,NORMAL,0
SEC-003474,F001,Smart Campus,B002,Building B,BLK-B1,Block B1,AP-003,Building B Main Entrance,Entrance,2026-01-23 09:44:39,EMP-0101,Employee 101,EMPLOYEE,ACCESS_GRANTED,GRANTED,0,0,0,0,NORMAL,NORMAL,0
SEC-003414,F001,Smart Campus,B003,Building C,BLK-C1,Block C1,AP-006,Server Room Access,Restricted Area,2026-01-23 09:49:13,EMP-0079,Employee 79,EMPLOYEE,ACCESS_DENIED,DENIED,0,0,0,0,NORMAL,MEDIUM,1
SEC-003436,F001,Smart Campus,B002,Building B,BLK-B2,Block B2,AP-004,Building B Service Door,Service Area,2026-01-23 09:58:40,CON-0137,Contractor 137,CONTRACTOR,ACCESS_GRANTED,GRANTED,0,0,0,0,NORMAL,NORMAL,0
SEC-003461,F001,Smart Campus,B001,Building A,BLK-A2,Block A2,AP-002,Building A Side Entrance,Entrance,2026-01-23 10:01:09,EMP-0068,Employee 68,EMPLOYEE,ACCESS_GRANTED,GRANTED,0,0,0,0,NORMAL,NORMAL,0
SEC-003543,F001,Smart Campus,B002,Building B,BLK-B1,Block B1,AP-003,Building B Main Entrance,Entrance,2026-01-23 10:18:25,EMP-0338,Employee 338,EMPLOYEE,ACCESS_GRANTED,GRANTED,0,0,0,0,NORMAL,NORMAL,0
SEC-003498,F001,Smart Campus,B001,Building A,BLK-A1,Block A1,AP-001,Building A Main Entrance,Entrance,2026-01-23 10:22:59,EMP-0207,Employee 207,EMPLOYEE,ACCESS_GRANTED,GRANTED,0,0,0,0,NORMAL,NORMAL,0
SEC-003546,F001,Smart Campus,B001,Building A,BLK-A2,Block A2,AP-002,Building A Side Entrance,Entrance,2026-01-23 10:35:52,EMP-0360,Employee 360,EMPLOYEE,ACCESS_GRANTED,GRANTED,0,0,0,0,NORMAL,NORMAL,0
SEC-003528,F001,Smart Campus,B003,Building C,BLK-C1,Block C1,AP-005,Building C Main Entrance,Entrance,2026-01-23 10:37:03,EMP-0254,Employee 254,EMPLOYEE,ACCESS_GRANTED,GRANTED,0,0,0,0,NORMAL,NORMAL,0
SEC-003517,F001,Smart Campus,B002,Building B,BLK-B1,Block B1,AP-003,Building B Main Entrance,Entrance,2026-01-23 10:39:01,EMP-0093,Employee 93,EMPLOYEE,ACCESS_GRANTED,GRANTED,0,0,0,0,NORMAL,NORMAL,0
SEC-003540,F001,Smart Campus,B003,Building C,BLK-C1,Block C1,AP-006,Server Room Access,Restricted Area,2026-01-23 10:42:43,VIS-0119,Visitor 119,VISITOR,ACCESS_GRANTED,GRANTED,0,0,0,0,NORMAL,NORMAL,0
SEC-003426,F001,Smart Campus,B003,Building C,BLK-C1,Block C1,AP-006,Server Room Access,Restricted Area,2026-01-23 10:48:12,EMP-0219,Employee 219,EMPLOYEE,ACCESS_GRANTED,GRANTED,0,0,0,0,NORMAL,NORMAL,0
SEC-003453,F001,Smart Campus,B002,Building B,BLK-B2,Block B2,AP-004,Building B Service Door,Service Area,2026-01-23 10:52:55,VIS-0269,Visitor 269,VISITOR,UNAUTHORIZED_ACCESS,DENIED,0,1,0,0,SUSPICIOUS_ACCESS,HIGH,1
SEC-003542,F001,Smart Campus,B003,Building C,BLK-C1,Block C1,AP-006,Server Room Access,Restricted Area,2026-01-23 11:11:45,EMP-0007,Employee 7,EMPLOYEE,ACCESS_GRANTED,GRANTED,0,0,0,0,NORMAL,NORMAL,0
SEC-003469,F001,Smart Campus,B003,Building C,BLK-C1,Block C1,AP-006,Server Room Access,Restricted Area,2026-01-23 11:12:32,EMP-0144,Employee 144,EMPLOYEE,ACCESS_DENIED,DENIED,0,0,0,0,NORMAL,MEDIUM,1
SEC-003503,F001,Smart Campus,B001,Building A,BLK-A1,Block A1,AP-001,Building A Main Entrance,Entrance,2026-01-23 11:20:52,EMP-0091,Employee 91,EMPLOYEE,ACCESS_GRANTED,GRANTED,0,0,0,0,NORMAL,NORMAL,0
SEC-003479,F001,Smart Campus,B002,Building B,BLK-B1,Block B1,AP-003,Building B Main Entrance,Entrance,2026-01-23 11:25:43,EMP-0239,Employee 239,EMPLOYEE,ACCESS_GRANTED,GRANTED,0,0,0,0,NORMAL,NORMAL,0
SEC-003391,F001,Smart Campus,B003,Building C,BLK-C1,Block C1,AP-006,Server Room Access,Restricted Area,2026-01-23 11:31:36,CON-0065,Contractor 65,CONTRACTOR,UNAUTHORIZED_ACCESS,DENIED,0,1,0,0,SUSPICIOUS_ACCESS,HIGH,1
SEC-003443,F001,Smart Campus,B002,Building B,BLK-B1,Block B1,AP-003,Building B Main Entrance,Entrance,2026-01-23 11:43:26,EMP-0333,Employee 333,EMPLOYEE,ACCESS_GRANTED,GRANTED,0,0,0,0,NORMAL,NORMAL,0
SEC-003482,F001,Smart Campus,B003,Building C,BLK-C1,Block C1,AP-006,Server Room Access,Restricted Area,2026-01-23 11:57:40,EMP-0057,Employee 57,EMPLOYEE,ACCESS_GRANTED,GRANTED,0,0,0,0,NORMAL,NORMAL,0
SEC-003497,F001,Smart Campus,B003,Building C,BLK-C1,Block C1,AP-005,Building C Main Entrance,Entrance,2026-01-23 12:02:24,EMP-0395,Employee 395,EMPLOYEE,ACCESS_GRANTED,GRANTED,0,0,0,0,NORMAL,NORMAL,0
SEC-003487,F001,Smart Campus,B001,Building A,BLK-A2,Block A2,AP-002,Building A Side Entrance,Entrance,2026-01-23 12:09:56,VIS-0137,Visitor 137,VISITOR,ACCESS_GRANTED,GRANTED,0,0,0,0,NORMAL,NORMAL,0
SEC-003489,F001,Smart Campus,B001,Building A,BLK-A2,Block A2,AP-002,Building A Side Entrance,Entrance,2026-01-23 12:10:47,VIS-0206,Visitor 206,VISITOR,ACCESS_GRANTED,GRANTED,0,0,0,0,NORMAL,NORMAL,0
SEC-003437,F001,Smart Campus,B002,Building B,BLK-B2,Block B2,AP-004,Building B Service Door,Service Area,2026-01-23 12:23:36,VIS-0049,Visitor 49,VISITOR,ACCESS_GRANTED,GRANTED,0,0,0,0,NORMAL,NORMAL,0
SEC-003390,F001,Smart Campus,B002,Building B,BLK-B2,Block B2,AP-004,Building B Service Door,Service Area,2026-01-23 12:24:41,EMP-0174,Employee 174,EMPLOYEE,TAILGATING,GRANTED,0,0,0,1,TAILGATING,HIGH,1
SEC-003451,F001,Smart Campus,B002,Building B,BLK-B1,Block B1,AP-003,Building B Main Entrance,Entrance,2026-01-23 12:25:15,EMP-0303,Employee 303,EMPLOYEE,ACCESS_GRANTED,GRANTED,0,0,0,0,NORMAL,NORMAL,0
SEC-003477,F001,Smart Campus,B002,Building B,BLK-B1,Block B1,AP-003,Building B Main Entrance,Entrance,2026-01-23 12:36:22,EMP-0359,Employee 359,EMPLOYEE,ACCESS_GRANTED,GRANTED,0,0,0,0,NORMAL,NORMAL,0
SEC-003508,F001,Smart Campus,B002,Building B,BLK-B1,Block B1,AP-003,Building B Main Entrance,Entrance,2026-01-23 12:45:37,VIS-0132,Visitor 132,VISITOR,ACCESS_GRANTED,GRANTED,0,0,0,0,NORMAL,NORMAL,0
SEC-003386,F001,Smart Campus,B003,Building C,BLK-C1,Block C1,AP-006,Server Room Access,Restricted Area,2026-01-23 12:51:15,EMP-0250,Employee 250,EMPLOYEE,ACCESS_GRANTED,GRANTED,0,0,0,0,NORMAL,NORMAL,0
SEC-003468,F001,Smart Campus,B003,Building C,BLK-C1,Block C1,AP-005,Building C Main Entrance,Entrance,2026-01-23 12:51:38,EMP-0293,Employee 293,EMPLOYEE,ACCESS_GRANTED,GRANTED,0,0,0,0,NORMAL,NORMAL,0
SEC-003454,F001,Smart Campus,B001,Building A,BLK-A2,Block A2,AP-002,Building A Side Entrance,Entrance,2026-01-23 13:00:36,EMP-0006,Employee 6,EMPLOYEE,ACCESS_GRANTED,GRANTED,0,0,0,0,NORMAL,NORMAL,0
SEC-003518,F001,Smart Campus,B002,Building B,BLK-B2,Block B2,AP-004,Building B Service Door,Service Area,2026-01-23 13:01:49,EMP-0118,Employee 118,EMPLOYEE,ACCESS_GRANTED,GRANTED,0,0,0,0,NORMAL,NORMAL,0
SEC-003447,F001,Smart Campus,B003,Building C,BLK-C1,Block C1,AP-005,Building C Main Entrance,Entrance,2026-01-23 13:03:40,VIS-0073,Visitor 73,VISITOR,ACCESS_GRANTED,GRANTED,0,0,0,0,NORMAL,NORMAL,0
SEC-003444,F001,Smart Campus,B001,Building A,BLK-A2,Block A2,AP-002,Building A Side Entrance,Entrance,2026-01-23 13:17:04,EMP-0327,Employee 327,EMPLOYEE,ACCESS_GRANTED,GRANTED,0,0,0,0,NORMAL,NORMAL,0
SEC-003495,F001,Smart Campus,B001,Building A,BLK-A2,Block A2,AP-002,Building A Side Entrance,Entrance,2026-01-23 13:18:03,VIS-0044,Visitor 44,VISITOR,ACCESS_GRANTED,GRANTED,0,0,0,0,NORMAL,NORMAL,0
SEC-003456,F001,Smart Campus,B003,Building C,BLK-C1,Block C1,AP-006,Server Room Access,Restricted Area,2026-01-23 13:20:34,CON-0128,Contractor 128,CONTRACTOR,ACCESS_GRANTED,GRANTED,0,0,0,0,NORMAL,NORMAL,0
SEC-003393,F001,Smart Campus,B003,Building C,BLK-C1,Block C1,AP-005,Building C Main Entrance,Entrance,2026-01-23 13:20:35,EMP-0017,Employee 17,EMPLOYEE,ACCESS_GRANTED,GRANTED,0,0,0,0,NORMAL,NORMAL,0
SEC-003544,F001,Smart Campus,B001,Building A,BLK-A1,Block A1,AP-001,Building A Main Entrance,Entrance,2026-01-23 13:31:25,EMP-0421,Employee 421,EMPLOYEE,ACCESS_GRANTED,GRANTED,0,0,0,0,NORMAL,NORMAL,0
SEC-003486,F001,Smart Campus,B003,Building C,BLK-C1,Block C1,AP-006,Server Room Access,Restricted Area,2026-01-23 13:40:04,EMP-0113,Employee 113,EMPLOYEE,ACCESS_GRANTED,GRANTED,0,0,0,0,NORMAL,NORMAL,0
SEC-003399,F001,Smart Campus,B003,Building C,BLK-C1,Block C1,AP-006,Server Room Access,Restricted Area,2026-01-23 13:41:25,EMP-0188,Employee 188,EMPLOYEE,ACCESS_GRANTED,GRANTED,0,0,0,0,NORMAL,NORMAL,0
SEC-003504,F001,Smart Campus,B001,Building A,BLK-A1,Block A1,AP-001,Building A Main Entrance,Entrance,2026-01-23 13:43:37,EMP-0393,Employee 393,EMPLOYEE,ACCESS_GRANTED,GRANTED,0,0,0,0,NORMAL,NORMAL,0
SEC-003519,F001,Smart Campus,B002,Building B,BLK-B1,Block B1,AP-003,Building B Main Entrance,Entrance,2026-01-23 13:44:25,EMP-0253,Employee 253,EMPLOYEE,ACCESS_GRANTED,GRANTED,0,0,0,0,NORMAL,NORMAL,0
SEC-003397,F001,Smart Campus,B003,Building C,BLK-C1,Block C1,AP-005,Building C Main Entrance,Entrance,2026-01-23 13:55:33,EMP-0323,Employee 323,EMPLOYEE,ACCESS_GRANTED,GRANTED,0,0,0,0,NORMAL,NORMAL,0
SEC-003422,F001,Smart Campus,B002,Building B,BLK-B2,Block B2,AP-004,Building B Service Door,Service Area,2026-01-23 13:56:34,EMP-0372,Employee 372,EMPLOYEE,ACCESS_GRANTED,GRANTED,0,0,0,0,NORMAL,NORMAL,0
SEC-003511,F001,Smart Campus,B001,Building A,BLK-A2,Block A2,AP-002,Building A Side Entrance,Entrance,2026-01-23 14:09:52,EMP-0010,Employee 10,EMPLOYEE,ACCESS_GRANTED,GRANTED,0,0,0,0,NORMAL,NORMAL,0
SEC-003417,F001,Smart Campus,B002,Building B,BLK-B1,Block B1,AP-003,Building B Main Entrance,Entrance,2026-01-23 14:18:29,EMP-0488,Employee 488,EMPLOYEE,ACCESS_GRANTED,GRANTED,0,0,0,0,NORMAL,NORMAL,0
SEC-003541,F001,Smart Campus,B001,Building A,BLK-A1,Block A1,AP-001,Building A Main Entrance,Entrance,2026-01-23 14:21:14,VIS-0240,Visitor 240,VISITOR,ACCESS_GRANTED,GRANTED,0,0,0,0,NORMAL,NORMAL,0
SEC-003527,F001,Smart Campus,B001,Building A,BLK-A1,Block A1,AP-001,Building A Main Entrance,Entrance,2026-01-23 14:22:41,CON-0034,Contractor 34,CONTRACTOR,ACCESS_GRANTED,GRANTED,0,0,0,0,NORMAL,NORMAL,0
SEC-003432,F001,Smart Campus,B003,Building C,BLK-C1,Block C1,AP-006,Server Room Access,Restricted Area,2026-01-23 14:24:44,CON-0137,Contractor 137,CONTRACTOR,ACCESS_GRANTED,GRANTED,0,0,0,0,NORMAL,NORMAL,0
SEC-003512,F001,Smart Campus,B003,Building C,BLK-C1,Block C1,AP-006,Server Room Access,Restricted Area,2026-01-23 14:32:04,EMP-0002,Employee 2,EMPLOYEE,ACCESS_GRANTED,GRANTED,0,0,0,0,NORMAL,NORMAL,0
SEC-003491,F001,Smart Campus,B003,Building C,BLK-C1,Block C1,AP-006,Server Room Access,Restricted Area,2026-01-23 14:33:05,EMP-0375,Employee 375,EMPLOYEE,ACCESS_DENIED,DENIED,0,0,0,0,NORMAL,MEDIUM,1
SEC-003471,F001,Smart Campus,B001,Building A,BLK-A1,Block A1,AP-001,Building A Main Entrance,Entrance,2026-01-23 14:43:01,VIS-0150,Visitor 150,VISITOR,ACCESS_GRANTED,GRANTED,0,0,0,0,NORMAL,NORMAL,0
SEC-003429,F001,Smart Campus,B003,Building C,BLK-C1,Block C1,AP-005,Building C Main Entrance,Entrance,2026-01-23 14:46:05,EMP-0003,Employee 3,EMPLOYEE,ACCESS_GRANTED,GRANTED,0,0,0,0,NORMAL,NORMAL,0
SEC-003425,F001,Smart Campus,B003,Building C,BLK-C1,Block C1,AP-006,Server Room Access,Restricted Area,2026-01-23 15:18:18,EMP-0147,Employee 147,EMPLOYEE,ACCESS_GRANTED,GRANTED,0,0,0,0,NORMAL,NORMAL,0
SEC-003450,F001,Smart Campus,B001,Building A,BLK-A2,Block A2,AP-002,Building A Side Entrance,Entrance,2026-01-23 15:31:02,VIS-0215,Visitor 215,VISITOR,ACCESS_GRANTED,GRANTED,0,0,0,0,NORMAL,NORMAL,0
SEC-003405,F001,Smart Campus,B002,Building B,BLK-B1,Block B1,AP-003,Building B Main Entrance,Entrance,2026-01-23 15:31:23,EMP-0358,Employee 358,EMPLOYEE,ACCESS_GRANTED,GRANTED,0,0,0,0,NORMAL,NORMAL,0
SEC-003418,F001,Smart Campus,B002,Building B,BLK-B2,Block B2,AP-004,Building B Service Door,Service Area,2026-01-23 15:38:01,CON-0025,Contractor 25,CONTRACTOR,ACCESS_GRANTED,GRANTED,0,0,0,0,NORMAL,NORMAL,0
SEC-003433,F001,Smart Campus,B003,Building C,BLK-C1,Block C1,AP-006,Server Room Access,Restricted Area,2026-01-23 15:42:30,VIS-0197,Visitor 197,VISITOR,ACCESS_GRANTED,GRANTED,0,0,0,0,NORMAL,NORMAL,0
SEC-003441,F001,Smart Campus,B002,Building B,BLK-B1,Block B1,AP-003,Building B Main Entrance,Entrance,2026-01-23 15:52:26,EMP-0254,Employee 254,EMPLOYEE,ACCESS_GRANTED,GRANTED,0,0,0,0,NORMAL,NORMAL,0
SEC-003389,F001,Smart Campus,B003,Building C,BLK-C1,Block C1,AP-005,Building C Main Entrance,Entrance,2026-01-23 15:57:45,EMP-0051,Employee 51,EMPLOYEE,ACCESS_GRANTED,GRANTED,0,0,0,0,NORMAL,NORMAL,0
SEC-003537,F001,Smart Campus,B002,Building B,BLK-B1,Block B1,AP-003,Building B Main Entrance,Entrance,2026-01-23 16:09:57,EMP-0272,Employee 272,EMPLOYEE,ACCESS_GRANTED,GRANTED,0,0,0,0,NORMAL,NORMAL,0
SEC-003462,F001,Smart Campus,B002,Building B,BLK-B2,Block B2,AP-004,Building B Service Door,Service Area,2026-01-23 16:10:34,EMP-0083,Employee 83,EMPLOYEE,ACCESS_GRANTED,GRANTED,0,0,0,0,NORMAL,NORMAL,0
SEC-003428,F001,Smart Campus,B002,Building B,BLK-B1,Block B1,AP-003,Building B Main Entrance,Entrance,2026-01-23 16:33:06,EMP-0127,Employee 127,EMPLOYEE,ACCESS_GRANTED,GRANTED,0,0,0,0,NORMAL,NORMAL,0
SEC-003522,F001,Smart Campus,B002,Building B,BLK-B1,Block B1,AP-003,Building B Main Entrance,Entrance,2026-01-23 16:36:47,EMP-0035,Employee 35,EMPLOYEE,ACCESS_GRANTED,GRANTED,0,0,0,0,NORMAL,NORMAL,0
SEC-003521,F001,Smart Campus,B001,Building A,BLK-A1,Block A1,AP-001,Building A Main Entrance,Entrance,2026-01-23 16:48:32,VIS-0180,Visitor 180,VISITOR,ACCESS_GRANTED,GRANTED,0,0,0,0,NORMAL,NORMAL,0
SEC-003415,F001,Smart Campus,B002,Building B,BLK-B1,Block B1,AP-003,Building B Main Entrance,Entrance,2026-01-23 17:02:00,EMP-0467,Employee 467,EMPLOYEE,ACCESS_GRANTED,GRANTED,0,0,0,0,NORMAL,NORMAL,0
SEC-003407,F001,Smart Campus,B003,Building C,BLK-C1,Block C1,AP-006,Server Room Access,Restricted Area,2026-01-23 17:02:11,EMP-0400,Employee 400,EMPLOYEE,ACCESS_GRANTED,GRANTED,0,0,0,0,NORMAL,NORMAL,0
SEC-003427,F001,Smart Campus,B001,Building A,BLK-A1,Block A1,AP-001,Building A Main Entrance,Entrance,2026-01-23 17:07:12,EMP-0226,Employee 226,EMPLOYEE,ACCESS_GRANTED,GRANTED,0,0,0,0,NORMAL,NORMAL,0
SEC-003499,F001,Smart Campus,B002,Building B,BLK-B2,Block B2,AP-004,Building B Service Door,Service Area,2026-01-23 17:09:04,EMP-0118,Employee 118,EMPLOYEE,ACCESS_GRANTED,GRANTED,0,0,0,0,NORMAL,NORMAL,0
SEC-003478,F001,Smart Campus,B001,Building A,BLK-A2,Block A2,AP-002,Building A Side Entrance,Entrance,2026-01-23 17:12:00,EMP-0003,Employee 3,EMPLOYEE,ACCESS_GRANTED,GRANTED,0,0,0,0,NORMAL,NORMAL,0
SEC-003446,F001,Smart Campus,B001,Building A,BLK-A1,Block A1,AP-001,Building A Main Entrance,Entrance,2026-01-23 17:12:42,EMP-0260,Employee 260,EMPLOYEE,ACCESS_GRANTED,GRANTED,0,0,0,0,NORMAL,NORMAL,0
SEC-003424,F001,Smart Campus,B002,Building B,BLK-B1,Block B1,AP-003,Building B Main Entrance,Entrance,2026-01-23 17:16:21,VIS-0123,Visitor 123,VISITOR,ACCESS_GRANTED,GRANTED,0,0,0,0,NORMAL,NORMAL,0
SEC-003483,F001,Smart Campus,B003,Building C,BLK-C1,Block C1,AP-006,Server Room Access,Restricted Area,2026-01-23 17:19:04,EMP-0338,Employee 338,EMPLOYEE,ACCESS_GRANTED,GRANTED,0,0,0,0,NORMAL,NORMAL,0
SEC-003513,F001,Smart Campus,B003,Building C,BLK-C1,Block C1,AP-005,Building C Main Entrance,Entrance,2026-01-23 17:22:05,EMP-0441,Employee 441,EMPLOYEE,ACCESS_DENIED,DENIED,0,0,0,0,NORMAL,MEDIUM,1
SEC-003423,F001,Smart Campus,B002,Building B,BLK-B2,Block B2,AP-004,Building B Service Door,Service Area,2026-01-23 17:25:19,VIS-0262,Visitor 262,VISITOR,ACCESS_GRANTED,GRANTED,0,0,0,0,NORMAL,NORMAL,0
SEC-003382,F001,Smart Campus,B002,Building B,BLK-B1,Block B1,AP-003,Building B Main Entrance,Entrance,2026-01-23 17:29:01,EMP-0428,Employee 428,EMPLOYEE,ACCESS_GRANTED,GRANTED,0,0,0,0,NORMAL,NORMAL,0
SEC-003466,F001,Smart Campus,B003,Building C,BLK-C1,Block C1,AP-005,Building C Main Entrance,Entrance,2026-01-23 17:29:02,EMP-0201,Employee 201,EMPLOYEE,ACCESS_GRANTED,GRANTED,0,0,0,0,NORMAL,NORMAL,0
SEC-003419,F001,Smart Campus,B002,Building B,BLK-B2,Block B2,AP-004,Building B Service Door,Service Area,2026-01-23 17:29:19,EMP-0346,Employee 346,EMPLOYEE,ACCESS_GRANTED,GRANTED,0,0,0,0,NORMAL,NORMAL,0
SEC-003516,F001,Smart Campus,B002,Building B,BLK-B2,Block B2,AP-004,Building B Service Door,Service Area,2026-01-23 17:35:58,VIS-0217,Visitor 217,VISITOR,ACCESS_GRANTED,GRANTED,0,0,0,0,NORMAL,NORMAL,0
SEC-003490,F001,Smart Campus,B002,Building B,BLK-B2,Block B2,AP-004,Building B Service Door,Service Area,2026-01-23 17:42:24,EMP-0084,Employee 84,EMPLOYEE,ACCESS_GRANTED,GRANTED,0,0,0,0,NORMAL,NORMAL,0
SEC-003387,F001,Smart Campus,B002,Building B,BLK-B1,Block B1,AP-003,Building B Main Entrance,Entrance,2026-01-23 17:49:37,EMP-0017,Employee 17,EMPLOYEE,ACCESS_GRANTED,GRANTED,0,0,0,0,NORMAL,NORMAL,0
SEC-003473,F001,Smart Campus,B003,Building C,BLK-C1,Block C1,AP-006,Server Room Access,Restricted Area,2026-01-23 17:52:41,EMP-0295,Employee 295,EMPLOYEE,ACCESS_GRANTED,GRANTED,0,0,0,0,NORMAL,NORMAL,0
SEC-003388,F001,Smart Campus,B003,Building C,BLK-C1,Block C1,AP-005,Building C Main Entrance,Entrance,2026-01-23 17:56:05,EMP-0425,Employee 425,EMPLOYEE,ACCESS_GRANTED,GRANTED,0,0,0,0,NORMAL,NORMAL,0
SEC-003488,F001,Smart Campus,B002,Building B,BLK-B2,Block B2,AP-004,Building B Service Door,Service Area,2026-01-23 17:58:01,EMP-0458,Employee 458,EMPLOYEE,ACCESS_GRANTED,GRANTED,0,0,0,0,NORMAL,NORMAL,0
SEC-003502,F001,Smart Campus,B001,Building A,BLK-A2,Block A2,AP-002,Building A Side Entrance,Entrance,2026-01-23 18:02:31,EMP-0460,Employee 460,EMPLOYEE,ACCESS_GRANTED,GRANTED,0,0,0,0,NORMAL,NORMAL,0
SEC-003442,F001,Smart Campus,B001,Building A,BLK-A1,Block A1,AP-001,Building A Main Entrance,Entrance,2026-01-23 18:04:02,CON-0001,Contractor 1,CONTRACTOR,ACCESS_GRANTED,GRANTED,0,0,0,0,NORMAL,NORMAL,0
SEC-003494,F001,Smart Campus,B001,Building A,BLK-A2,Block A2,AP-002,Building A Side Entrance,Entrance,2026-01-23 18:04:46,VIS-0151,Visitor 151,VISITOR,ACCESS_GRANTED,GRANTED,0,0,0,0,NORMAL,NORMAL,0
SEC-003535,F001,Smart Campus,B003,Building C,BLK-C1,Block C1,AP-006,Server Room Access,Restricted Area,2026-01-23 18:10:29,EMP-0452,Employee 452,EMPLOYEE,ACCESS_GRANTED,GRANTED,0,0,0,0,NORMAL,NORMAL,0
SEC-003480,F001,Smart Campus,B002,Building B,BLK-B1,Block B1,AP-003,Building B Main Entrance,Entrance,2026-01-23 18:23:41,EMP-0186,Employee 186,EMPLOYEE,ACCESS_GRANTED,GRANTED,0,0,0,0,NORMAL,NORMAL,0
SEC-003409,F001,Smart Campus,B003,Building C,BLK-C1,Block C1,AP-005,Building C Main Entrance,Entrance,2026-01-23 18:30:17,EMP-0022,Employee 22,EMPLOYEE,ACCESS_GRANTED,GRANTED,0,0,0,0,NORMAL,NORMAL,0
SEC-003383,F001,Smart Campus,B002,Building B,BLK-B1,Block B1,AP-003,Building B Main Entrance,Entrance,2026-01-23 18:33:02,EMP-0215,Employee 215,EMPLOYEE,ACCESS_GRANTED,GRANTED,0,0,0,0,NORMAL,NORMAL,0
SEC-003524,F001,Smart Campus,B003,Building C,BLK-C1,Block C1,AP-006,Server Room Access,Restricted Area,2026-01-23 18:57:57,EMP-0450,Employee 450,EMPLOYEE,ACCESS_GRANTED,GRANTED,0,0,0,0,NORMAL,NORMAL,0
SEC-003463,F001,Smart Campus,B002,Building B,BLK-B2,Block B2,AP-004,Building B Service Door,Service Area,2026-01-23 18:59:14,EMP-0389,Employee 389,EMPLOYEE,ACCESS_GRANTED,GRANTED,0,0,0,0,NORMAL,NORMAL,0
SEC-003533,F001,Smart Campus,B003,Building C,BLK-C1,Block C1,AP-005,Building C Main Entrance,Entrance,2026-01-23 19:22:07,VIS-0205,Visitor 205,VISITOR,ACCESS_GRANTED,GRANTED,0,0,0,0,NORMAL,NORMAL,0
SEC-003452,F001,Smart Campus,B001,Building A,BLK-A2,Block A2,AP-002,Building A Side Entrance,Entrance,2026-01-23 19:28:19,EMP-0200,Employee 200,EMPLOYEE,ACCESS_GRANTED,GRANTED,0,0,0,0,NORMAL,NORMAL,0
SEC-003392,F001,Smart Campus,B001,Building A,BLK-A1,Block A1,AP-001,Building A Main Entrance,Entrance,2026-01-23 19:34:38,EMP-0086,Employee 86,EMPLOYEE,ACCESS_GRANTED,GRANTED,0,0,0,0,NORMAL,NORMAL,0
SEC-003507,F001,Smart Campus,B003,Building C,BLK-C1,Block C1,AP-006,Server Room Access,Restricted Area,2026-01-23 19:37:08,EMP-0433,Employee 433,EMPLOYEE,ACCESS_GRANTED,GRANTED,0,0,0,0,NORMAL,NORMAL,0
SEC-003434,F001,Smart Campus,B002,Building B,BLK-B1,Block B1,AP-003,Building B Main Entrance,Entrance,2026-01-23 19:39:26,EMP-0084,Employee 84,EMPLOYEE,ACCESS_GRANTED,GRANTED,0,0,0,0,NORMAL,NORMAL,0
SEC-003475,F001,Smart Campus,B002,Building B,BLK-B1,Block B1,AP-003,Building B Main Entrance,Entrance,2026-01-23 19:46:56,CON-0060,Contractor 60,CONTRACTOR,ACCESS_GRANTED,GRANTED,0,0,0,0,NORMAL,NORMAL,0
SEC-003403,F001,Smart Campus,B001,Building A,BLK-A1,Block A1,AP-001,Building A Main Entrance,Entrance,2026-01-23 19:49:47,EMP-0123,Employee 123,EMPLOYEE,ACCESS_GRANTED,GRANTED,0,0,0,0,NORMAL,NORMAL,0
SEC-003402,F001,Smart Campus,B001,Building A,BLK-A2,Block A2,AP-002,Building A Side Entrance,Entrance,2026-01-23 19:57:40,VIS-0250,Visitor 250,VISITOR,ACCESS_GRANTED,GRANTED,0,0,0,0,NORMAL,NORMAL,0
SEC-003430,F001,Smart Campus,B002,Building B,BLK-B2,Block B2,AP-004,Building B Service Door,Service Area,2026-01-23 20:12:24,EMP-0136,Employee 136,EMPLOYEE,ACCESS_GRANTED,GRANTED,0,0,0,0,NORMAL,NORMAL,0
SEC-003438,F001,Smart Campus,B003,Building C,BLK-C1,Block C1,AP-005,Building C Main Entrance,Entrance,2026-01-23 20:13:06,VIS-0124,Visitor 124,VISITOR,ACCESS_GRANTED,GRANTED,0,0,0,0,NORMAL,NORMAL,0
SEC-003501,F001,Smart Campus,B002,Building B,BLK-B2,Block B2,AP-004,Building B Service Door,Service Area,2026-01-23 20:26:20,EMP-0131,Employee 131,EMPLOYEE,ACCESS_GRANTED,GRANTED,0,0,0,0,NORMAL,NORMAL,0
SEC-003465,F001,Smart Campus,B003,Building C,BLK-C1,Block C1,AP-005,Building C Main Entrance,Entrance,2026-01-23 20:38:55,EMP-0297,Employee 297,EMPLOYEE,ACCESS_GRANTED,GRANTED,0,0,0,0,NORMAL,NORMAL,0
SEC-003515,F001,Smart Campus,B001,Building A,BLK-A1,Block A1,AP-001,Building A Main Entrance,Entrance,2026-01-23 20:58:09,EMP-0496,Employee 496,EMPLOYEE,ACCESS_GRANTED,GRANTED,0,0,0,0,NORMAL,NORMAL,0
SEC-003481,F001,Smart Campus,B001,Building A,BLK-A2,Block A2,AP-002,Building A Side Entrance,Entrance,2026-01-23 20:59:42,EMP-0089,Employee 89,EMPLOYEE,ACCESS_GRANTED,GRANTED,0,0,0,0,NORMAL,NORMAL,0
SEC-003458,F001,Smart Campus,B002,Building B,BLK-B2,Block B2,AP-004,Building B Service Door,Service Area,2026-01-23 21:53:54,EMP-0435,Employee 435,EMPLOYEE,ACCESS_GRANTED,GRANTED,1,0,0,0,NORMAL,LOW,0
SEC-003408,F001,Smart Campus,B002,Building B,BLK-B1,Block B1,AP-003,Building B Main Entrance,Entrance,2026-01-23 22:05:51,EMP-0488,Employee 488,EMPLOYEE,ACCESS_GRANTED,GRANTED,1,0,0,0,NORMAL,LOW,0
SEC-003396,F001,Smart Campus,B001,Building A,BLK-A1,Block A1,AP-001,Building A Main Entrance,Entrance,2026-01-23 22:32:00,EMP-0127,Employee 127,EMPLOYEE,UNAUTHORIZED_ACCESS,DENIED,1,1,0,0,SUSPICIOUS_ACCESS,CRITICAL,1
SEC-003545,F001,Smart Campus,B002,Building B,BLK-B2,Block B2,AP-004,Building B Service Door,Service Area,2026-01-23 22:56:39,EMP-0347,Employee 347,EMPLOYEE,ACCESS_GRANTED,GRANTED,1,0,0,0,NORMAL,LOW,0
SEC-003538,F001,Smart Campus,B002,Building B,BLK-B1,Block B1,AP-003,Building B Main Entrance,Entrance,2026-01-23 23:36:57,EMP-0099,Employee 99,EMPLOYEE,ACCESS_GRANTED,GRANTED,1,0,0,0,NORMAL,LOW,0
SEC-003505,F001,Smart Campus,B001,Building A,BLK-A1,Block A1,AP-001,Building A Main Entrance,Entrance,2026-01-23 23:47:41,EMP-0122,Employee 122,EMPLOYEE,ACCESS_GRANTED,GRANTED,1,0,0,0,NORMAL,LOW,0
SEC-003593,F001,Smart Campus,B003,Building C,BLK-C1,Block C1,AP-005,Building C Main Entrance,Entrance,2026-01-24 00:42:25,CON-0050,Contractor 50,CONTRACTOR,ACCESS_GRANTED,GRANTED,1,0,0,0,NORMAL,LOW,0
SEC-003621,F001,Smart Campus,B003,Building C,BLK-C1,Block C1,AP-005,Building C Main Entrance,Entrance,2026-01-24 00:55:46,EMP-0348,Employee 348,EMPLOYEE,ACCESS_GRANTED,GRANTED,1,0,0,0,NORMAL,LOW,0
SEC-003669,F001,Smart Campus,B003,Building C,BLK-C1,Block C1,AP-005,Building C Main Entrance,Entrance,2026-01-24 01:06:57,EMP-0410,Employee 410,EMPLOYEE,UNAUTHORIZED_ACCESS,DENIED,1,1,0,0,SUSPICIOUS_ACCESS,CRITICAL,1
SEC-003605,F001,Smart Campus,B003,Building C,BLK-C1,Block C1,AP-005,Building C Main Entrance,Entrance,2026-01-24 01:26:52,EMP-0055,Employee 55,EMPLOYEE,ACCESS_GRANTED,GRANTED,1,0,0,0,NORMAL,LOW,0
SEC-003685,F001,Smart Campus,B002,Building B,BLK-B1,Block B1,AP-003,Building B Main Entrance,Entrance,2026-01-24 01:37:37,EMP-0208,Employee 208,EMPLOYEE,ACCESS_GRANTED,GRANTED,1,0,0,0,NORMAL,LOW,0
SEC-003642,F001,Smart Campus,B003,Building C,BLK-C1,Block C1,AP-005,Building C Main Entrance,Entrance,2026-01-24 02:22:25,EMP-0224,Employee 224,EMPLOYEE,ACCESS_GRANTED,GRANTED,1,0,0,0,NORMAL,LOW,0
SEC-003629,F001,Smart Campus,B002,Building B,BLK-B2,Block B2,AP-004,Building B Service Door,Service Area,2026-01-24 02:51:32,EMP-0250,Employee 250,EMPLOYEE,ACCESS_DENIED,DENIED,1,0,0,0,NORMAL,MEDIUM,1
SEC-003684,F001,Smart Campus,B001,Building A,BLK-A2,Block A2,AP-002,Building A Side Entrance,Entrance,2026-01-24 04:25:42,EMP-0167,Employee 167,EMPLOYEE,ACCESS_GRANTED,GRANTED,1,0,0,0,NORMAL,LOW,0
SEC-003660,F001,Smart Campus,B001,Building A,BLK-A1,Block A1,AP-001,Building A Main Entrance,Entrance,2026-01-24 05:21:13,EMP-0011,Employee 11,EMPLOYEE,ACCESS_GRANTED,GRANTED,1,0,0,0,NORMAL,LOW,0
SEC-003584,F001,Smart Campus,B001,Building A,BLK-A1,Block A1,AP-001,Building A Main Entrance,Entrance,2026-01-24 05:56:20,EMP-0096,Employee 96,EMPLOYEE,ACCESS_GRANTED,GRANTED,1,0,0,0,NORMAL,LOW,0
SEC-003562,F001,Smart Campus,B001,Building A,BLK-A2,Block A2,AP-002,Building A Side Entrance,Entrance,2026-01-24 05:59:38,EMP-0219,Employee 219,EMPLOYEE,ACCESS_GRANTED,GRANTED,1,0,0,0,NORMAL,LOW,0
SEC-003622,F001,Smart Campus,B002,Building B,BLK-B1,Block B1,AP-003,Building B Main Entrance,Entrance,2026-01-24 06:05:17,EMP-0480,Employee 480,EMPLOYEE,ACCESS_GRANTED,GRANTED,1,0,0,0,NORMAL,LOW,0
SEC-003578,F001,Smart Campus,B003,Building C,BLK-C1,Block C1,AP-006,Server Room Access,Restricted Area,2026-01-24 06:27:26,VIS-0062,Visitor 62,VISITOR,ACCESS_GRANTED,GRANTED,1,0,0,0,NORMAL,LOW,0
SEC-003614,F001,Smart Campus,B003,Building C,BLK-C1,Block C1,AP-005,Building C Main Entrance,Entrance,2026-01-24 06:33:56,EMP-0134,Employee 134,EMPLOYEE,ACCESS_GRANTED,GRANTED,1,0,0,0,AFTER_HOURS_MOVEMENT,LOW,0
SEC-003648,F001,Smart Campus,B002,Building B,BLK-B1,Block B1,AP-003,Building B Main Entrance,Entrance,2026-01-24 06:37:31,EMP-0059,Employee 59,EMPLOYEE,ACCESS_GRANTED,GRANTED,1,0,0,0,NORMAL,LOW,0
SEC-003607,F001,Smart Campus,B002,Building B,BLK-B2,Block B2,AP-004,Building B Service Door,Service Area,2026-01-24 07:00:54,EMP-0018,Employee 18,EMPLOYEE,ACCESS_GRANTED,GRANTED,0,0,0,0,NORMAL,NORMAL,0
SEC-003597,F001,Smart Campus,B001,Building A,BLK-A1,Block A1,AP-001,Building A Main Entrance,Entrance,2026-01-24 07:13:32,EMP-0304,Employee 304,EMPLOYEE,ACCESS_DENIED,DENIED,0,0,0,0,NORMAL,MEDIUM,1
SEC-003694,F001,Smart Campus,B003,Building C,BLK-C1,Block C1,AP-005,Building C Main Entrance,Entrance,2026-01-24 07:15:57,EMP-0411,Employee 411,EMPLOYEE,ACCESS_GRANTED,GRANTED,0,0,0,0,NORMAL,NORMAL,0
SEC-003683,F001,Smart Campus,B002,Building B,BLK-B2,Block B2,AP-004,Building B Service Door,Service Area,2026-01-24 07:21:00,EMP-0212,Employee 212,EMPLOYEE,ACCESS_GRANTED,GRANTED,0,0,0,0,NORMAL,NORMAL,0
SEC-003568,F001,Smart Campus,B003,Building C,BLK-C1,Block C1,AP-005,Building C Main Entrance,Entrance,2026-01-24 07:21:16,VIS-0254,Visitor 254,VISITOR,ACCESS_GRANTED,GRANTED,0,0,0,0,NORMAL,NORMAL,0
SEC-003644,F001,Smart Campus,B003,Building C,BLK-C1,Block C1,AP-005,Building C Main Entrance,Entrance,2026-01-24 07:28:07,CON-0073,Contractor 73,CONTRACTOR,ACCESS_GRANTED,GRANTED,0,0,0,0,NORMAL,NORMAL,0
SEC-003690,F001,Smart Campus,B001,Building A,BLK-A2,Block A2,AP-002,Building A Side Entrance,Entrance,2026-01-24 07:31:37,EMP-0121,Employee 121,EMPLOYEE,ACCESS_GRANTED,GRANTED,0,0,0,0,NORMAL,NORMAL,0
SEC-003551,F001,Smart Campus,B001,Building A,BLK-A1,Block A1,AP-001,Building A Main Entrance,Entrance,2026-01-24 07:32:45,VIS-0116,Visitor 116,VISITOR,ACCESS_GRANTED,GRANTED,0,0,0,0,NORMAL,NORMAL,0
SEC-003548,F001,Smart Campus,B002,Building B,BLK-B2,Block B2,AP-004,Building B Service Door,Service Area,2026-01-24 07:33:07,CON-0076,Contractor 76,CONTRACTOR,ACCESS_GRANTED,GRANTED,0,0,0,0,NORMAL,NORMAL,0
SEC-003652,F001,Smart Campus,B002,Building B,BLK-B2,Block B2,AP-004,Building B Service Door,Service Area,2026-01-24 07:33:42,EMP-0331,Employee 331,EMPLOYEE,ACCESS_DENIED,DENIED,0,0,0,0,NORMAL,MEDIUM,1
SEC-003641,F001,Smart Campus,B003,Building C,BLK-C1,Block C1,AP-006,Server Room Access,Restricted Area,2026-01-24 07:47:19,EMP-0205,Employee 205,EMPLOYEE,ACCESS_GRANTED,GRANTED,0,0,0,0,NORMAL,NORMAL,0
SEC-003598,F001,Smart Campus,B001,Building A,BLK-A1,Block A1,AP-001,Building A Main Entrance,Entrance,2026-01-24 07:49:42,CON-0095,Contractor 95,CONTRACTOR,ACCESS_GRANTED,GRANTED,0,0,0,0,NORMAL,NORMAL,0
SEC-003665,F001,Smart Campus,B002,Building B,BLK-B1,Block B1,AP-003,Building B Main Entrance,Entrance,2026-01-24 07:53:56,EMP-0371,Employee 371,EMPLOYEE,ACCESS_GRANTED,GRANTED,0,0,0,0,NORMAL,NORMAL,0
SEC-003587,F001,Smart Campus,B001,Building A,BLK-A2,Block A2,AP-002,Building A Side Entrance,Entrance,2026-01-24 07:54:14,CON-0063,Contractor 63,CONTRACTOR,ACCESS_GRANTED,GRANTED,0,0,0,0,NORMAL,NORMAL,0
SEC-003561,F001,Smart Campus,B003,Building C,BLK-C1,Block C1,AP-005,Building C Main Entrance,Entrance,2026-01-24 07:57:46,EMP-0423,Employee 423,EMPLOYEE,ACCESS_GRANTED,GRANTED,0,0,0,0,NORMAL,NORMAL,0
SEC-003715,F001,Smart Campus,B001,Building A,BLK-A1,Block A1,AP-001,Building A Main Entrance,Entrance,2026-01-24 08:02:42,EMP-0476,Employee 476,EMPLOYEE,ACCESS_GRANTED,GRANTED,0,0,0,0,NORMAL,NORMAL,0
SEC-003645,F001,Smart Campus,B001,Building A,BLK-A2,Block A2,AP-002,Building A Side Entrance,Entrance,2026-01-24 08:04:09,VIS-0248,Visitor 248,VISITOR,ACCESS_GRANTED,GRANTED,0,0,0,0,NORMAL,NORMAL,0
SEC-003703,F001,Smart Campus,B002,Building B,BLK-B2,Block B2,AP-004,Building B Service Door,Service Area,2026-01-24 08:05:45,EMP-0174,Employee 174,EMPLOYEE,ACCESS_GRANTED,GRANTED,0,0,0,0,NORMAL,NORMAL,0
SEC-003624,F001,Smart Campus,B002,Building B,BLK-B2,Block B2,AP-004,Building B Service Door,Service Area,2026-01-24 08:07:06,VIS-0158,Visitor 158,VISITOR,ACCESS_GRANTED,GRANTED,0,0,0,0,NORMAL,NORMAL,0
SEC-003588,F001,Smart Campus,B003,Building C,BLK-C1,Block C1,AP-006,Server Room Access,Restricted Area,2026-01-24 08:10:21,CON-0104,Contractor 104,CONTRACTOR,ACCESS_GRANTED,GRANTED,0,0,0,0,NORMAL,NORMAL,0
SEC-003583,F001,Smart Campus,B001,Building A,BLK-A2,Block A2,AP-002,Building A Side Entrance,Entrance,2026-01-24 08:14:49,EMP-0129,Employee 129,EMPLOYEE,ACCESS_GRANTED,GRANTED,0,0,0,0,NORMAL,NORMAL,0
SEC-003619,F001,Smart Campus,B003,Building C,BLK-C1,Block C1,AP-006,Server Room Access,Restricted Area,2026-01-24 08:15:45,VIS-0198,Visitor 198,VISITOR,TAILGATING,GRANTED,0,0,0,1,TAILGATING,HIGH,1
SEC-003553,F001,Smart Campus,B002,Building B,BLK-B2,Block B2,AP-004,Building B Service Door,Service Area,2026-01-24 08:19:41,EMP-0464,Employee 464,EMPLOYEE,ACCESS_GRANTED,GRANTED,0,0,0,0,NORMAL,NORMAL,0
SEC-003595,F001,Smart Campus,B001,Building A,BLK-A2,Block A2,AP-002,Building A Side Entrance,Entrance,2026-01-24 08:39:53,EMP-0229,Employee 229,EMPLOYEE,ACCESS_GRANTED,GRANTED,0,0,0,0,NORMAL,NORMAL,0
SEC-003713,F001,Smart Campus,B001,Building A,BLK-A2,Block A2,AP-002,Building A Side Entrance,Entrance,2026-01-24 08:54:11,EMP-0068,Employee 68,EMPLOYEE,ACCESS_GRANTED,GRANTED,0,0,0,0,NORMAL,NORMAL,0
SEC-003680,F001,Smart Campus,B002,Building B,BLK-B2,Block B2,AP-004,Building B Service Door,Service Area,2026-01-24 08:56:56,EMP-0196,Employee 196,EMPLOYEE,ACCESS_GRANTED,GRANTED,0,0,0,0,NORMAL,NORMAL,0
SEC-003623,F001,Smart Campus,B003,Building C,BLK-C1,Block C1,AP-005,Building C Main Entrance,Entrance,2026-01-24 08:58:53,EMP-0098,Employee 98,EMPLOYEE,ACCESS_GRANTED,GRANTED,0,0,0,0,NORMAL,NORMAL,0
SEC-003664,F001,Smart Campus,B001,Building A,BLK-A2,Block A2,AP-002,Building A Side Entrance,Entrance,2026-01-24 09:03:17,EMP-0215,Employee 215,EMPLOYEE,ACCESS_GRANTED,GRANTED,0,0,0,0,NORMAL,NORMAL,0
SEC-003667,F001,Smart Campus,B003,Building C,BLK-C1,Block C1,AP-005,Building C Main Entrance,Entrance,2026-01-24 09:03:23,EMP-0217,Employee 217,EMPLOYEE,ACCESS_GRANTED,GRANTED,0,0,0,0,NORMAL,NORMAL,0
SEC-003689,F001,Smart Campus,B002,Building B,BLK-B1,Block B1,AP-003,Building B Main Entrance,Entrance,2026-01-24 09:10:42,EMP-0468,Employee 468,EMPLOYEE,ACCESS_GRANTED,GRANTED,0,0,0,0,NORMAL,NORMAL,0
SEC-003635,F001,Smart Campus,B001,Building A,BLK-A2,Block A2,AP-002,Building A Side Entrance,Entrance,2026-01-24 09:16:49,EMP-0475,Employee 475,EMPLOYEE,ACCESS_GRANTED,GRANTED,0,0,0,0,NORMAL,NORMAL,0
SEC-003575,F001,Smart Campus,B003,Building C,BLK-C1,Block C1,AP-006,Server Room Access,Restricted Area,2026-01-24 09:19:28,VIS-0054,Visitor 54,VISITOR,ACCESS_GRANTED,GRANTED,0,0,0,0,NORMAL,NORMAL,0
SEC-003632,F001,Smart Campus,B003,Building C,BLK-C1,Block C1,AP-006,Server Room Access,Restricted Area,2026-01-24 09:29:18,CON-0032,Contractor 32,CONTRACTOR,ACCESS_GRANTED,GRANTED,0,0,0,0,NORMAL,NORMAL,0
SEC-003716,F001,Smart Campus,B003,Building C,BLK-C1,Block C1,AP-006,Server Room Access,Restricted Area,2026-01-24 09:30:06,EMP-0161,Employee 161,EMPLOYEE,ACCESS_GRANTED,GRANTED,0,0,0,0,NORMAL,NORMAL,0
SEC-003695,F001,Smart Campus,B002,Building B,BLK-B1,Block B1,AP-003,Building B Main Entrance,Entrance,2026-01-24 09:31:52,EMP-0297,Employee 297,EMPLOYEE,ACCESS_GRANTED,GRANTED,0,0,0,0,NORMAL,NORMAL,0
SEC-003608,F001,Smart Campus,B001,Building A,BLK-A1,Block A1,AP-001,Building A Main Entrance,Entrance,2026-01-24 09:50:49,EMP-0222,Employee 222,EMPLOYEE,ACCESS_DENIED,DENIED,0,0,0,0,NORMAL,MEDIUM,1
SEC-003549,F001,Smart Campus,B002,Building B,BLK-B2,Block B2,AP-004,Building B Service Door,Service Area,2026-01-24 10:11:43,EMP-0457,Employee 457,EMPLOYEE,ACCESS_GRANTED,GRANTED,0,0,0,0,NORMAL,NORMAL,0
SEC-003618,F001,Smart Campus,B003,Building C,BLK-C1,Block C1,AP-005,Building C Main Entrance,Entrance,2026-01-24 10:16:01,EMP-0179,Employee 179,EMPLOYEE,ACCESS_GRANTED,GRANTED,0,0,0,0,NORMAL,NORMAL,0
SEC-003691,F001,Smart Campus,B001,Building A,BLK-A2,Block A2,AP-002,Building A Side Entrance,Entrance,2026-01-24 10:25:54,EMP-0181,Employee 181,EMPLOYEE,ACCESS_GRANTED,GRANTED,0,0,0,0,NORMAL,NORMAL,0
SEC-003601,F001,Smart Campus,B002,Building B,BLK-B1,Block B1,AP-003,Building B Main Entrance,Entrance,2026-01-24 10:26:00,CON-0127,Contractor 127,CONTRACTOR,ACCESS_GRANTED,GRANTED,0,0,0,0,NORMAL,NORMAL,0
SEC-003654,F001,Smart Campus,B001,Building A,BLK-A2,Block A2,AP-002,Building A Side Entrance,Entrance,2026-01-24 10:28:38,VIS-0208,Visitor 208,VISITOR,ACCESS_GRANTED,GRANTED,0,0,0,0,NORMAL,NORMAL,0
SEC-003657,F001,Smart Campus,B001,Building A,BLK-A2,Block A2,AP-002,Building A Side Entrance,Entrance,2026-01-24 10:44:15,EMP-0328,Employee 328,EMPLOYEE,ACCESS_GRANTED,GRANTED,0,0,0,0,NORMAL,NORMAL,0
SEC-003547,F001,Smart Campus,B002,Building B,BLK-B1,Block B1,AP-003,Building B Main Entrance,Entrance,2026-01-24 10:56:36,EMP-0100,Employee 100,EMPLOYEE,ACCESS_GRANTED,GRANTED,0,0,0,0,NORMAL,NORMAL,0
SEC-003688,F001,Smart Campus,B002,Building B,BLK-B1,Block B1,AP-003,Building B Main Entrance,Entrance,2026-01-24 11:04:35,EMP-0405,Employee 405,EMPLOYEE,ACCESS_GRANTED,GRANTED,0,0,0,0,NORMAL,NORMAL,0
SEC-003639,F001,Smart Campus,B001,Building A,BLK-A1,Block A1,AP-001,Building A Main Entrance,Entrance,2026-01-24 11:27:19,VIS-0095,Visitor 95,VISITOR,ACCESS_GRANTED,GRANTED,0,0,0,0,NORMAL,NORMAL,0
SEC-003557,F001,Smart Campus,B002,Building B,BLK-B1,Block B1,AP-003,Building B Main Entrance,Entrance,2026-01-24 11:30:17,EMP-0183,Employee 183,EMPLOYEE,ACCESS_GRANTED,GRANTED,0,0,0,0,NORMAL,NORMAL,0
SEC-003643,F001,Smart Campus,B003,Building C,BLK-C1,Block C1,AP-006,Server Room Access,Restricted Area,2026-01-24 11:39:39,EMP-0086,Employee 86,EMPLOYEE,ACCESS_GRANTED,GRANTED,0,0,0,0,NORMAL,NORMAL,0
SEC-003651,F001,Smart Campus,B003,Building C,BLK-C1,Block C1,AP-005,Building C Main Entrance,Entrance,2026-01-24 11:45:24,EMP-0436,Employee 436,EMPLOYEE,ACCESS_GRANTED,GRANTED,0,0,0,0,NORMAL,NORMAL,0
SEC-003620,F001,Smart Campus,B003,Building C,BLK-C1,Block C1,AP-005,Building C Main Entrance,Entrance,2026-01-24 11:46:42,EMP-0436,Employee 436,EMPLOYEE,ACCESS_GRANTED,GRANTED,0,0,0,0,NORMAL,NORMAL,0
SEC-003656,F001,Smart Campus,B002,Building B,BLK-B2,Block B2,AP-004,Building B Service Door,Service Area,2026-01-24 11:52:28,EMP-0302,Employee 302,EMPLOYEE,ACCESS_GRANTED,GRANTED,0,0,0,0,NORMAL,NORMAL,0
SEC-003666,F001,Smart Campus,B001,Building A,BLK-A2,Block A2,AP-002,Building A Side Entrance,Entrance,2026-01-24 12:02:03,EMP-0083,Employee 83,EMPLOYEE,ACCESS_GRANTED,GRANTED,0,0,0,0,NORMAL,NORMAL,0
SEC-003702,F001,Smart Campus,B002,Building B,BLK-B1,Block B1,AP-003,Building B Main Entrance,Entrance,2026-01-24 12:03:49,EMP-0317,Employee 317,EMPLOYEE,ACCESS_GRANTED,GRANTED,0,0,0,0,NORMAL,NORMAL,0
SEC-003565,F001,Smart Campus,B003,Building C,BLK-C1,Block C1,AP-006,Server Room Access,Restricted Area,2026-01-24 12:11:36,EMP-0342,Employee 342,EMPLOYEE,ACCESS_GRANTED,GRANTED,0,0,0,0,NORMAL,NORMAL,0
SEC-003676,F001,Smart Campus,B001,Building A,BLK-A2,Block A2,AP-002,Building A Side Entrance,Entrance,2026-01-24 12:11:43,CON-0039,Contractor 39,CONTRACTOR,ACCESS_GRANTED,GRANTED,0,0,0,0,NORMAL,NORMAL,0
SEC-003612,F001,Smart Campus,B003,Building C,BLK-C1,Block C1,AP-006,Server Room Access,Restricted Area,2026-01-24 12:12:36,EMP-0001,Employee 1,EMPLOYEE,ACCESS_GRANTED,GRANTED,0,0,0,0,NORMAL,NORMAL,0
SEC-003638,F001,Smart Campus,B002,Building B,BLK-B2,Block B2,AP-004,Building B Service Door,Service Area,2026-01-24 12:14:03,EMP-0453,Employee 453,EMPLOYEE,ACCESS_GRANTED,GRANTED,0,0,0,0,NORMAL,NORMAL,0
SEC-003672,F001,Smart Campus,B002,Building B,BLK-B1,Block B1,AP-003,Building B Main Entrance,Entrance,2026-01-24 12:14:05,CON-0055,Contractor 55,CONTRACTOR,ACCESS_GRANTED,GRANTED,0,0,0,0,NORMAL,NORMAL,0
SEC-003563,F001,Smart Campus,B002,Building B,BLK-B2,Block B2,AP-004,Building B Service Door,Service Area,2026-01-24 12:16:00,EMP-0153,Employee 153,EMPLOYEE,ACCESS_GRANTED,GRANTED,0,0,0,0,NORMAL,NORMAL,0
SEC-003709,F001,Smart Campus,B002,Building B,BLK-B2,Block B2,AP-004,Building B Service Door,Service Area,2026-01-24 12:22:39,EMP-0386,Employee 386,EMPLOYEE,ACCESS_DENIED,DENIED,0,0,0,0,NORMAL,MEDIUM,1
SEC-003567,F001,Smart Campus,B001,Building A,BLK-A2,Block A2,AP-002,Building A Side Entrance,Entrance,2026-01-24 12:39:22,EMP-0205,Employee 205,EMPLOYEE,ACCESS_GRANTED,GRANTED,0,0,0,0,NORMAL,NORMAL,0
SEC-003602,F001,Smart Campus,B002,Building B,BLK-B1,Block B1,AP-003,Building B Main Entrance,Entrance,2026-01-24 12:39:40,EMP-0332,Employee 332,EMPLOYEE,ACCESS_GRANTED,GRANTED,0,0,0,0,NORMAL,NORMAL,0
SEC-003600,F001,Smart Campus,B001,Building A,BLK-A1,Block A1,AP-001,Building A Main Entrance,Entrance,2026-01-24 12:43:44,EMP-0216,Employee 216,EMPLOYEE,ACCESS_GRANTED,GRANTED,0,0,0,0,NORMAL,NORMAL,0
SEC-003571,F001,Smart Campus,B002,Building B,BLK-B2,Block B2,AP-004,Building B Service Door,Service Area,2026-01-24 12:49:44,EMP-0139,Employee 139,EMPLOYEE,ACCESS_GRANTED,GRANTED,0,0,0,0,NORMAL,NORMAL,0
SEC-003637,F001,Smart Campus,B001,Building A,BLK-A1,Block A1,AP-001,Building A Main Entrance,Entrance,2026-01-24 12:53:31,EMP-0057,Employee 57,EMPLOYEE,ACCESS_GRANTED,GRANTED,0,0,0,0,NORMAL,NORMAL,0
SEC-003658,F001,Smart Campus,B002,Building B,BLK-B1,Block B1,AP-003,Building B Main Entrance,Entrance,2026-01-24 12:54:18,EMP-0110,Employee 110,EMPLOYEE,ACCESS_GRANTED,GRANTED,0,0,0,0,NORMAL,NORMAL,0
SEC-003589,F001,Smart Campus,B003,Building C,BLK-C1,Block C1,AP-005,Building C Main Entrance,Entrance,2026-01-24 12:54:36,VIS-0230,Visitor 230,VISITOR,ACCESS_GRANTED,GRANTED,0,0,0,0,NORMAL,NORMAL,0
SEC-003625,F001,Smart Campus,B003,Building C,BLK-C1,Block C1,AP-005,Building C Main Entrance,Entrance,2026-01-24 12:59:48,EMP-0347,Employee 347,EMPLOYEE,ACCESS_GRANTED,GRANTED,0,0,0,0,NORMAL,NORMAL,0
SEC-003710,F001,Smart Campus,B002,Building B,BLK-B2,Block B2,AP-004,Building B Service Door,Service Area,2026-01-24 13:03:47,EMP-0102,Employee 102,EMPLOYEE,ACCESS_GRANTED,GRANTED,0,0,0,0,NORMAL,NORMAL,0
SEC-003681,F001,Smart Campus,B002,Building B,BLK-B1,Block B1,AP-003,Building B Main Entrance,Entrance,2026-01-24 13:04:03,EMP-0313,Employee 313,EMPLOYEE,ACCESS_DENIED,DENIED,0,0,0,0,NORMAL,MEDIUM,1
SEC-003576,F001,Smart Campus,B003,Building C,BLK-C1,Block C1,AP-005,Building C Main Entrance,Entrance,2026-01-24 13:07:53,VIS-0081,Visitor 81,VISITOR,ACCESS_GRANTED,GRANTED,0,0,0,0,NORMAL,NORMAL,0
SEC-003592,F001,Smart Campus,B001,Building A,BLK-A2,Block A2,AP-002,Building A Side Entrance,Entrance,2026-01-24 13:15:26,EMP-0427,Employee 427,EMPLOYEE,ACCESS_GRANTED,GRANTED,0,0,0,0,NORMAL,NORMAL,0
SEC-003610,F001,Smart Campus,B002,Building B,BLK-B2,Block B2,AP-004,Building B Service Door,Service Area,2026-01-24 13:17:35,VIS-0170,Visitor 170,VISITOR,ACCESS_GRANTED,GRANTED,0,0,0,0,NORMAL,NORMAL,0
SEC-003606,F001,Smart Campus,B002,Building B,BLK-B2,Block B2,AP-004,Building B Service Door,Service Area,2026-01-24 13:18:13,EMP-0187,Employee 187,EMPLOYEE,ACCESS_GRANTED,GRANTED,0,0,0,0,NORMAL,NORMAL,0
SEC-003559,F001,Smart Campus,B002,Building B,BLK-B1,Block B1,AP-003,Building B Main Entrance,Entrance,2026-01-24 13:19:34,EMP-0228,Employee 228,EMPLOYEE,ACCESS_GRANTED,GRANTED,0,0,0,0,NORMAL,NORMAL,0
SEC-003627,F001,Smart Campus,B003,Building C,BLK-C1,Block C1,AP-006,Server Room Access,Restricted Area,2026-01-24 13:29:37,VIS-0173,Visitor 173,VISITOR,ACCESS_GRANTED,GRANTED,0,0,0,0,NORMAL,NORMAL,0
SEC-003558,F001,Smart Campus,B003,Building C,BLK-C1,Block C1,AP-005,Building C Main Entrance,Entrance,2026-01-24 13:45:04,EMP-0261,Employee 261,EMPLOYEE,ACCESS_GRANTED,GRANTED,0,0,0,0,NORMAL,NORMAL,0
SEC-003697,F001,Smart Campus,B003,Building C,BLK-C1,Block C1,AP-006,Server Room Access,Restricted Area,2026-01-24 13:46:36,VIS-0262,Visitor 262,VISITOR,ACCESS_GRANTED,GRANTED,0,0,0,0,NORMAL,NORMAL,0
SEC-003591,F001,Smart Campus,B002,Building B,BLK-B1,Block B1,AP-003,Building B Main Entrance,Entrance,2026-01-24 13:51:58,VIS-0203,Visitor 203,VISITOR,ACCESS_GRANTED,GRANTED,0,0,0,0,NORMAL,NORMAL,0
SEC-003647,F001,Smart Campus,B001,Building A,BLK-A2,Block A2,AP-002,Building A Side Entrance,Entrance,2026-01-24 13:57:04,EMP-0208,Employee 208,EMPLOYEE,ACCESS_GRANTED,GRANTED,0,0,0,0,NORMAL,NORMAL,0
SEC-003570,F001,Smart Campus,B003,Building C,BLK-C1,Block C1,AP-005,Building C Main Entrance,Entrance,2026-01-24 14:03:17,VIS-0262,Visitor 262,VISITOR,ACCESS_GRANTED,GRANTED,0,0,0,0,NORMAL,NORMAL,0
SEC-003700,F001,Smart Campus,B002,Building B,BLK-B2,Block B2,AP-004,Building B Service Door,Service Area,2026-01-24 14:09:17,VIS-0169,Visitor 169,VISITOR,ACCESS_GRANTED,GRANTED,0,0,0,0,NORMAL,NORMAL,0
SEC-003677,F001,Smart Campus,B001,Building A,BLK-A2,Block A2,AP-002,Building A Side Entrance,Entrance,2026-01-24 14:21:02,EMP-0408,Employee 408,EMPLOYEE,ACCESS_GRANTED,GRANTED,0,0,0,0,NORMAL,NORMAL,0
SEC-003693,F001,Smart Campus,B001,Building A,BLK-A2,Block A2,AP-002,Building A Side Entrance,Entrance,2026-01-24 14:23:00,EMP-0355,Employee 355,EMPLOYEE,ACCESS_GRANTED,GRANTED,0,0,0,0,NORMAL,NORMAL,0
SEC-003670,F001,Smart Campus,B003,Building C,BLK-C1,Block C1,AP-005,Building C Main Entrance,Entrance,2026-01-24 14:25:47,EMP-0030,Employee 30,EMPLOYEE,ACCESS_GRANTED,GRANTED,0,0,0,0,NORMAL,NORMAL,0
SEC-003649,F001,Smart Campus,B001,Building A,BLK-A1,Block A1,AP-001,Building A Main Entrance,Entrance,2026-01-24 14:34:57,EMP-0123,Employee 123,EMPLOYEE,ACCESS_GRANTED,GRANTED,0,0,0,0,NORMAL,NORMAL,0
SEC-003555,F001,Smart Campus,B003,Building C,BLK-C1,Block C1,AP-005,Building C Main Entrance,Entrance,2026-01-24 14:55:21,EMP-0018,Employee 18,EMPLOYEE,ACCESS_GRANTED,GRANTED,0,0,0,0,NORMAL,NORMAL,0
SEC-003692,F001,Smart Campus,B002,Building B,BLK-B2,Block B2,AP-004,Building B Service Door,Service Area,2026-01-24 15:01:34,CON-0124,Contractor 124,CONTRACTOR,ACCESS_GRANTED,GRANTED,0,0,0,0,NORMAL,NORMAL,0
SEC-003714,F001,Smart Campus,B002,Building B,BLK-B2,Block B2,AP-004,Building B Service Door,Service Area,2026-01-24 15:05:42,EMP-0411,Employee 411,EMPLOYEE,ACCESS_GRANTED,GRANTED,0,0,0,0,NORMAL,NORMAL,0
SEC-003552,F001,Smart Campus,B001,Building A,BLK-A1,Block A1,AP-001,Building A Main Entrance,Entrance,2026-01-24 15:09:38,CON-0065,Contractor 65,CONTRACTOR,ACCESS_GRANTED,GRANTED,0,0,0,0,NORMAL,NORMAL,0
SEC-003615,F001,Smart Campus,B003,Building C,BLK-C1,Block C1,AP-005,Building C Main Entrance,Entrance,2026-01-24 15:37:09,EMP-0467,Employee 467,EMPLOYEE,ACCESS_GRANTED,GRANTED,0,0,0,0,NORMAL,NORMAL,0
SEC-003574,F001,Smart Campus,B003,Building C,BLK-C1,Block C1,AP-006,Server Room Access,Restricted Area,2026-01-24 15:40:39,EMP-0365,Employee 365,EMPLOYEE,ACCESS_GRANTED,GRANTED,0,0,0,0,NORMAL,NORMAL,0
SEC-003609,F001,Smart Campus,B003,Building C,BLK-C1,Block C1,AP-005,Building C Main Entrance,Entrance,2026-01-24 15:41:44,VIS-0277,Visitor 277,VISITOR,UNAUTHORIZED_ACCESS,DENIED,0,1,0,0,SUSPICIOUS_ACCESS,HIGH,1
SEC-003577,F001,Smart Campus,B001,Building A,BLK-A1,Block A1,AP-001,Building A Main Entrance,Entrance,2026-01-24 15:46:31,EMP-0150,Employee 150,EMPLOYEE,ACCESS_GRANTED,GRANTED,0,0,0,0,NORMAL,NORMAL,0
SEC-003628,F001,Smart Campus,B001,Building A,BLK-A2,Block A2,AP-002,Building A Side Entrance,Entrance,2026-01-24 15:46:41,VIS-0099,Visitor 99,VISITOR,ACCESS_GRANTED,GRANTED,0,0,0,0,NORMAL,NORMAL,0
SEC-003699,F001,Smart Campus,B001,Building A,BLK-A1,Block A1,AP-001,Building A Main Entrance,Entrance,2026-01-24 15:52:48,EMP-0274,Employee 274,EMPLOYEE,ACCESS_GRANTED,GRANTED,0,0,0,0,NORMAL,NORMAL,0
SEC-003585,F001,Smart Campus,B002,Building B,BLK-B2,Block B2,AP-004,Building B Service Door,Service Area,2026-01-24 16:00:28,VIS-0223,Visitor 223,VISITOR,ACCESS_GRANTED,GRANTED,0,0,0,0,NORMAL,NORMAL,0
SEC-003687,F001,Smart Campus,B002,Building B,BLK-B2,Block B2,AP-004,Building B Service Door,Service Area,2026-01-24 16:04:25,EMP-0484,Employee 484,EMPLOYEE,ACCESS_GRANTED,GRANTED,0,0,0,0,NORMAL,NORMAL,0
SEC-003659,F001,Smart Campus,B002,Building B,BLK-B1,Block B1,AP-003,Building B Main Entrance,Entrance,2026-01-24 16:29:40,VIS-0236,Visitor 236,VISITOR,ACCESS_GRANTED,GRANTED,0,0,0,0,NORMAL,NORMAL,0
SEC-003646,F001,Smart Campus,B003,Building C,BLK-C1,Block C1,AP-006,Server Room Access,Restricted Area,2026-01-24 16:46:14,EMP-0368,Employee 368,EMPLOYEE,ACCESS_GRANTED,GRANTED,0,0,0,0,NORMAL,NORMAL,0
SEC-003682,F001,Smart Campus,B002,Building B,BLK-B1,Block B1,AP-003,Building B Main Entrance,Entrance,2026-01-24 16:47:02,VIS-0136,Visitor 136,VISITOR,ACCESS_GRANTED,GRANTED,0,0,0,0,NORMAL,NORMAL,0
SEC-003550,F001,Smart Campus,B002,Building B,BLK-B2,Block B2,AP-004,Building B Service Door,Service Area,2026-01-24 16:51:06,EMP-0408,Employee 408,EMPLOYEE,ACCESS_GRANTED,GRANTED,0,0,0,0,NORMAL,NORMAL,0
SEC-003698,F001,Smart Campus,B003,Building C,BLK-C1,Block C1,AP-005,Building C Main Entrance,Entrance,2026-01-24 16:53:22,EMP-0054,Employee 54,EMPLOYEE,ACCESS_GRANTED,GRANTED,0,0,0,0,NORMAL,NORMAL,0
SEC-003630,F001,Smart Campus,B003,Building C,BLK-C1,Block C1,AP-006,Server Room Access,Restricted Area,2026-01-24 17:00:21,EMP-0189,Employee 189,EMPLOYEE,UNAUTHORIZED_ACCESS,DENIED,0,1,0,0,SUSPICIOUS_ACCESS,HIGH,1
SEC-003613,F001,Smart Campus,B002,Building B,BLK-B2,Block B2,AP-004,Building B Service Door,Service Area,2026-01-24 17:01:39,VIS-0185,Visitor 185,VISITOR,ACCESS_GRANTED,GRANTED,0,0,0,0,NORMAL,NORMAL,0
SEC-003631,F001,Smart Campus,B002,Building B,BLK-B1,Block B1,AP-003,Building B Main Entrance,Entrance,2026-01-24 17:04:27,EMP-0204,Employee 204,EMPLOYEE,ACCESS_GRANTED,GRANTED,0,0,0,0,NORMAL,NORMAL,0
SEC-003706,F001,Smart Campus,B002,Building B,BLK-B2,Block B2,AP-004,Building B Service Door,Service Area,2026-01-24 17:05:32,EMP-0468,Employee 468,EMPLOYEE,ACCESS_GRANTED,GRANTED,0,0,0,0,NORMAL,NORMAL,0
SEC-003653,F001,Smart Campus,B002,Building B,BLK-B2,Block B2,AP-004,Building B Service Door,Service Area,2026-01-24 17:19:17,EMP-0080,Employee 80,EMPLOYEE,ACCESS_GRANTED,GRANTED,0,0,0,0,NORMAL,NORMAL,0
SEC-003663,F001,Smart Campus,B002,Building B,BLK-B2,Block B2,AP-004,Building B Service Door,Service Area,2026-01-24 17:25:19,CON-0070,Contractor 70,CONTRACTOR,ACCESS_GRANTED,GRANTED,0,0,0,0,NORMAL,NORMAL,0
SEC-003572,F001,Smart Campus,B003,Building C,BLK-C1,Block C1,AP-005,Building C Main Entrance,Entrance,2026-01-24 17:29:57,EMP-0282,Employee 282,EMPLOYEE,ACCESS_GRANTED,GRANTED,0,0,0,0,NORMAL,NORMAL,0
SEC-003596,F001,Smart Campus,B001,Building A,BLK-A1,Block A1,AP-001,Building A Main Entrance,Entrance,2026-01-24 17:30:34,VIS-0031,Visitor 31,VISITOR,ACCESS_GRANTED,GRANTED,0,0,0,0,NORMAL,NORMAL,0
SEC-003678,F001,Smart Campus,B002,Building B,BLK-B1,Block B1,AP-003,Building B Main Entrance,Entrance,2026-01-24 17:39:25,EMP-0210,Employee 210,EMPLOYEE,ACCESS_GRANTED,GRANTED,0,0,0,0,NORMAL,NORMAL,0
SEC-003580,F001,Smart Campus,B002,Building B,BLK-B1,Block B1,AP-003,Building B Main Entrance,Entrance,2026-01-24 17:40:11,EMP-0253,Employee 253,EMPLOYEE,ACCESS_GRANTED,GRANTED,0,0,0,0,NORMAL,NORMAL,0
SEC-003590,F001,Smart Campus,B002,Building B,BLK-B1,Block B1,AP-003,Building B Main Entrance,Entrance,2026-01-24 17:46:08,EMP-0101,Employee 101,EMPLOYEE,ACCESS_GRANTED,GRANTED,0,0,0,0,NORMAL,NORMAL,0
SEC-003579,F001,Smart Campus,B003,Building C,BLK-C1,Block C1,AP-005,Building C Main Entrance,Entrance,2026-01-24 17:46:27,EMP-0473,Employee 473,EMPLOYEE,ACCESS_GRANTED,GRANTED,0,0,0,0,NORMAL,NORMAL,0
SEC-003564,F001,Smart Campus,B001,Building A,BLK-A2,Block A2,AP-002,Building A Side Entrance,Entrance,2026-01-24 17:56:00,VIS-0273,Visitor 273,VISITOR,ACCESS_GRANTED,GRANTED,0,0,0,0,NORMAL,NORMAL,0
SEC-003662,F001,Smart Campus,B002,Building B,BLK-B1,Block B1,AP-003,Building B Main Entrance,Entrance,2026-01-24 17:58:40,EMP-0436,Employee 436,EMPLOYEE,ACCESS_GRANTED,GRANTED,0,0,0,0,NORMAL,NORMAL,0
SEC-003707,F001,Smart Campus,B003,Building C,BLK-C1,Block C1,AP-005,Building C Main Entrance,Entrance,2026-01-24 18:05:34,EMP-0205,Employee 205,EMPLOYEE,ACCESS_GRANTED,GRANTED,0,0,0,0,NORMAL,NORMAL,0
SEC-003582,F001,Smart Campus,B002,Building B,BLK-B2,Block B2,AP-004,Building B Service Door,Service Area,2026-01-24 18:11:12,CON-0039,Contractor 39,CONTRACTOR,ACCESS_GRANTED,GRANTED,0,0,0,0,NORMAL,NORMAL,0
SEC-003611,F001,Smart Campus,B003,Building C,BLK-C1,Block C1,AP-006,Server Room Access,Restricted Area,2026-01-24 18:18:02,VIS-0231,Visitor 231,VISITOR,ACCESS_GRANTED,GRANTED,0,0,0,0,NORMAL,NORMAL,0
SEC-003705,F001,Smart Campus,B003,Building C,BLK-C1,Block C1,AP-006,Server Room Access,Restricted Area,2026-01-24 18:21:52,EMP-0433,Employee 433,EMPLOYEE,ACCESS_GRANTED,GRANTED,0,0,0,0,NORMAL,NORMAL,0
SEC-003655,F001,Smart Campus,B002,Building B,BLK-B2,Block B2,AP-004,Building B Service Door,Service Area,2026-01-24 18:29:07,EMP-0269,Employee 269,EMPLOYEE,ACCESS_GRANTED,GRANTED,0,0,0,0,NORMAL,NORMAL,0
SEC-003708,F001,Smart Campus,B001,Building A,BLK-A2,Block A2,AP-002,Building A Side Entrance,Entrance,2026-01-24 18:42:54,EMP-0464,Employee 464,EMPLOYEE,ACCESS_GRANTED,GRANTED,0,0,0,0,NORMAL,NORMAL,0
SEC-003679,F001,Smart Campus,B002,Building B,BLK-B2,Block B2,AP-004,Building B Service Door,Service Area,2026-01-24 18:47:23,EMP-0160,Employee 160,EMPLOYEE,ACCESS_GRANTED,GRANTED,0,0,0,0,NORMAL,NORMAL,0
SEC-003668,F001,Smart Campus,B003,Building C,BLK-C1,Block C1,AP-006,Server Room Access,Restricted Area,2026-01-24 18:49:21,CON-0134,Contractor 134,CONTRACTOR,ACCESS_GRANTED,GRANTED,0,0,0,0,NORMAL,NORMAL,0
SEC-003599,F001,Smart Campus,B002,Building B,BLK-B2,Block B2,AP-004,Building B Service Door,Service Area,2026-01-24 19:03:46,EMP-0199,Employee 199,EMPLOYEE,ACCESS_GRANTED,GRANTED,0,0,0,0,NORMAL,NORMAL,0
SEC-003686,F001,Smart Campus,B002,Building B,BLK-B2,Block B2,AP-004,Building B Service Door,Service Area,2026-01-24 19:07:04,VIS-0261,Visitor 261,VISITOR,ACCESS_GRANTED,GRANTED,0,0,0,0,NORMAL,NORMAL,0
SEC-003701,F001,Smart Campus,B002,Building B,BLK-B2,Block B2,AP-004,Building B Service Door,Service Area,2026-01-24 19:08:44,EMP-0362,Employee 362,EMPLOYEE,ACCESS_GRANTED,GRANTED,0,0,0,0,NORMAL,NORMAL,0
SEC-003573,F001,Smart Campus,B001,Building A,BLK-A1,Block A1,AP-001,Building A Main Entrance,Entrance,2026-01-24 19:16:52,VIS-0004,Visitor 4,VISITOR,ACCESS_GRANTED,GRANTED,0,0,0,0,NORMAL,NORMAL,0
SEC-003704,F001,Smart Campus,B003,Building C,BLK-C1,Block C1,AP-005,Building C Main Entrance,Entrance,2026-01-24 19:18:53,EMP-0167,Employee 167,EMPLOYEE,ACCESS_GRANTED,GRANTED,0,0,0,0,NORMAL,NORMAL,0
SEC-003634,F001,Smart Campus,B003,Building C,BLK-C1,Block C1,AP-005,Building C Main Entrance,Entrance,2026-01-24 19:23:10,EMP-0132,Employee 132,EMPLOYEE,ACCESS_GRANTED,GRANTED,0,0,0,0,NORMAL,NORMAL,0
SEC-003560,F001,Smart Campus,B002,Building B,BLK-B2,Block B2,AP-004,Building B Service Door,Service Area,2026-01-24 19:24:04,EMP-0468,Employee 468,EMPLOYEE,ACCESS_GRANTED,GRANTED,0,0,0,0,NORMAL,NORMAL,0
SEC-003673,F001,Smart Campus,B002,Building B,BLK-B1,Block B1,AP-003,Building B Main Entrance,Entrance,2026-01-24 19:43:02,CON-0118,Contractor 118,CONTRACTOR,ACCESS_GRANTED,GRANTED,0,0,0,0,NORMAL,NORMAL,0
SEC-003569,F001,Smart Campus,B003,Building C,BLK-C1,Block C1,AP-005,Building C Main Entrance,Entrance,2026-01-24 19:45:54,CON-0018,Contractor 18,CONTRACTOR,ACCESS_GRANTED,GRANTED,0,0,0,0,NORMAL,NORMAL,0
SEC-003586,F001,Smart Campus,B001,Building A,BLK-A1,Block A1,AP-001,Building A Main Entrance,Entrance,2026-01-24 19:54:25,CON-0077,Contractor 77,CONTRACTOR,ACCESS_GRANTED,GRANTED,0,0,0,0,NORMAL,NORMAL,0
SEC-003554,F001,Smart Campus,B002,Building B,BLK-B1,Block B1,AP-003,Building B Main Entrance,Entrance,2026-01-24 20:08:02,VIS-0183,Visitor 183,VISITOR,ACCESS_GRANTED,GRANTED,0,0,0,0,NORMAL,NORMAL,0
SEC-003566,F001,Smart Campus,B002,Building B,BLK-B1,Block B1,AP-003,Building B Main Entrance,Entrance,2026-01-24 20:16:00,EMP-0157,Employee 157,EMPLOYEE,ACCESS_DENIED,DENIED,0,0,0,0,NORMAL,MEDIUM,1
SEC-003711,F001,Smart Campus,B002,Building B,BLK-B1,Block B1,AP-003,Building B Main Entrance,Entrance,2026-01-24 20:18:15,EMP-0003,Employee 3,EMPLOYEE,ACCESS_DENIED,DENIED,0,0,0,0,NORMAL,MEDIUM,1
SEC-003640,F001,Smart Campus,B003,Building C,BLK-C1,Block C1,AP-006,Server Room Access,Restricted Area,2026-01-24 20:23:21,EMP-0316,Employee 316,EMPLOYEE,ACCESS_GRANTED,GRANTED,0,0,0,0,NORMAL,NORMAL,0
SEC-003556,F001,Smart Campus,B003,Building C,BLK-C1,Block C1,AP-006,Server Room Access,Restricted Area,2026-01-24 20:24:45,EMP-0113,Employee 113,EMPLOYEE,ACCESS_GRANTED,GRANTED,0,0,0,0,NORMAL,NORMAL,0
SEC-003712,F001,Smart Campus,B002,Building B,BLK-B1,Block B1,AP-003,Building B Main Entrance,Entrance,2026-01-24 20:26:09,EMP-0062,Employee 62,EMPLOYEE,ACCESS_GRANTED,GRANTED,0,0,0,0,NORMAL,NORMAL,0
SEC-003671,F001,Smart Campus,B002,Building B,BLK-B1,Block B1,AP-003,Building B Main Entrance,Entrance,2026-01-24 20:29:20,EMP-0193,Employee 193,EMPLOYEE,ACCESS_GRANTED,GRANTED,0,0,0,0,NORMAL,NORMAL,0
SEC-003616,F001,Smart Campus,B001,Building A,BLK-A2,Block A2,AP-002,Building A Side Entrance,Entrance,2026-01-24 20:34:02,EMP-0013,Employee 13,EMPLOYEE,ACCESS_GRANTED,GRANTED,0,0,0,0,NORMAL,NORMAL,0
SEC-003696,F001,Smart Campus,B003,Building C,BLK-C1,Block C1,AP-005,Building C Main Entrance,Entrance,2026-01-24 20:36:20,EMP-0256,Employee 256,EMPLOYEE,ACCESS_GRANTED,GRANTED,0,0,0,0,NORMAL,NORMAL,0
SEC-003633,F001,Smart Campus,B002,Building B,BLK-B1,Block B1,AP-003,Building B Main Entrance,Entrance,2026-01-24 20:36:32,EMP-0384,Employee 384,EMPLOYEE,ACCESS_GRANTED,GRANTED,0,0,0,0,NORMAL,NORMAL,0
SEC-003594,F001,Smart Campus,B003,Building C,BLK-C1,Block C1,AP-006,Server Room Access,Restricted Area,2026-01-24 20:45:50,EMP-0072,Employee 72,EMPLOYEE,ACCESS_GRANTED,GRANTED,0,0,0,0,NORMAL,NORMAL,0
SEC-003581,F001,Smart Campus,B001,Building A,BLK-A1,Block A1,AP-001,Building A Main Entrance,Entrance,2026-01-24 21:06:25,VIS-0048,Visitor 48,VISITOR,ACCESS_GRANTED,GRANTED,1,0,0,0,AFTER_HOURS_MOVEMENT,LOW,0
SEC-003675,F001,Smart Campus,B002,Building B,BLK-B2,Block B2,AP-004,Building B Service Door,Service Area,2026-01-24 21:42:55,EMP-0490,Employee 490,EMPLOYEE,ACCESS_GRANTED,GRANTED,1,0,0,0,AFTER_HOURS_MOVEMENT,LOW,0
SEC-003650,F001,Smart Campus,B002,Building B,BLK-B1,Block B1,AP-003,Building B Main Entrance,Entrance,2026-01-24 22:25:00,EMP-0155,Employee 155,EMPLOYEE,ACCESS_GRANTED,GRANTED,1,0,0,0,NORMAL,LOW,0
SEC-003617,F001,Smart Campus,B002,Building B,BLK-B1,Block B1,AP-003,Building B Main Entrance,Entrance,2026-01-24 22:26:36,EMP-0157,Employee 157,EMPLOYEE,ACCESS_GRANTED,GRANTED,1,0,0,0,NORMAL,LOW,0
SEC-003674,F001,Smart Campus,B003,Building C,BLK-C1,Block C1,AP-005,Building C Main Entrance,Entrance,2026-01-24 22:36:12,EMP-0250,Employee 250,EMPLOYEE,ACCESS_GRANTED,GRANTED,1,0,0,0,NORMAL,LOW,0
SEC-003636,F001,Smart Campus,B001,Building A,BLK-A1,Block A1,AP-001,Building A Main Entrance,Entrance,2026-01-24 23:04:41,CON-0045,Contractor 45,CONTRACTOR,ACCESS_GRANTED,GRANTED,1,0,0,0,NORMAL,LOW,0
SEC-003604,F001,Smart Campus,B002,Building B,BLK-B1,Block B1,AP-003,Building B Main Entrance,Entrance,2026-01-24 23:08:01,CON-0095,Contractor 95,CONTRACTOR,ACCESS_GRANTED,GRANTED,1,0,0,0,AFTER_HOURS_MOVEMENT,LOW,0
SEC-003661,F001,Smart Campus,B001,Building A,BLK-A2,Block A2,AP-002,Building A Side Entrance,Entrance,2026-01-24 23:11:06,EMP-0295,Employee 295,EMPLOYEE,ACCESS_GRANTED,GRANTED,1,0,0,0,AFTER_HOURS_MOVEMENT,LOW,0
SEC-003626,F001,Smart Campus,B002,Building B,BLK-B2,Block B2,AP-004,Building B Service Door,Service Area,2026-01-24 23:19:33,EMP-0360,Employee 360,EMPLOYEE,ACCESS_GRANTED,GRANTED,1,0,0,0,NORMAL,LOW,0
SEC-003603,F001,Smart Campus,B003,Building C,BLK-C1,Block C1,AP-006,Server Room Access,Restricted Area,2026-01-24 23:24:53,CON-0013,Contractor 13,CONTRACTOR,ACCESS_GRANTED,GRANTED,1,0,0,0,NORMAL,LOW,0
SEC-003831,F001,Smart Campus,B002,Building B,BLK-B2,Block B2,AP-004,Building B Service Door,Service Area,2026-01-25 00:28:19,CON-0124,Contractor 124,CONTRACTOR,ACCESS_GRANTED,GRANTED,1,0,0,0,NORMAL,LOW,0
SEC-003830,F001,Smart Campus,B001,Building A,BLK-A2,Block A2,AP-002,Building A Side Entrance,Entrance,2026-01-25 00:45:13,VIS-0108,Visitor 108,VISITOR,ACCESS_GRANTED,GRANTED,1,0,0,0,NORMAL,LOW,0
SEC-003765,F001,Smart Campus,B003,Building C,BLK-C1,Block C1,AP-005,Building C Main Entrance,Entrance,2026-01-25 01:01:24,VIS-0247,Visitor 247,VISITOR,ACCESS_GRANTED,GRANTED,1,0,0,0,NORMAL,LOW,0
SEC-003773,F001,Smart Campus,B002,Building B,BLK-B1,Block B1,AP-003,Building B Main Entrance,Entrance,2026-01-25 01:09:27,EMP-0029,Employee 29,EMPLOYEE,ACCESS_GRANTED,GRANTED,1,0,0,0,NORMAL,LOW,0
SEC-003790,F001,Smart Campus,B003,Building C,BLK-C1,Block C1,AP-005,Building C Main Entrance,Entrance,2026-01-25 01:27:37,EMP-0484,Employee 484,EMPLOYEE,ACCESS_GRANTED,GRANTED,1,0,0,0,AFTER_HOURS_MOVEMENT,LOW,0
SEC-003763,F001,Smart Campus,B002,Building B,BLK-B1,Block B1,AP-003,Building B Main Entrance,Entrance,2026-01-25 02:03:14,EMP-0325,Employee 325,EMPLOYEE,ACCESS_GRANTED,GRANTED,1,0,0,0,NORMAL,LOW,0
SEC-003811,F001,Smart Campus,B003,Building C,BLK-C1,Block C1,AP-005,Building C Main Entrance,Entrance,2026-01-25 02:56:03,EMP-0266,Employee 266,EMPLOYEE,ACCESS_GRANTED,GRANTED,1,0,0,0,NORMAL,LOW,0
SEC-003834,F001,Smart Campus,B001,Building A,BLK-A2,Block A2,AP-002,Building A Side Entrance,Entrance,2026-01-25 03:10:05,EMP-0144,Employee 144,EMPLOYEE,ACCESS_GRANTED,GRANTED,1,0,0,0,AFTER_HOURS_MOVEMENT,LOW,0
SEC-003752,F001,Smart Campus,B001,Building A,BLK-A2,Block A2,AP-002,Building A Side Entrance,Entrance,2026-01-25 03:49:57,VIS-0286,Visitor 286,VISITOR,ACCESS_GRANTED,GRANTED,1,0,0,0,AFTER_HOURS_MOVEMENT,LOW,0
SEC-003766,F001,Smart Campus,B002,Building B,BLK-B1,Block B1,AP-003,Building B Main Entrance,Entrance,2026-01-25 04:34:42,EMP-0092,Employee 92,EMPLOYEE,ACCESS_GRANTED,GRANTED,1,0,0,0,NORMAL,LOW,0
SEC-003723,F001,Smart Campus,B001,Building A,BLK-A1,Block A1,AP-001,Building A Main Entrance,Entrance,2026-01-25 05:15:46,EMP-0052,Employee 52,EMPLOYEE,ACCESS_GRANTED,GRANTED,1,0,0,0,NORMAL,LOW,0
SEC-003730,F001,Smart Campus,B003,Building C,BLK-C1,Block C1,AP-005,Building C Main Entrance,Entrance,2026-01-25 05:22:15,VIS-0232,Visitor 232,VISITOR,TAILGATING,GRANTED,1,0,0,1,TAILGATING,HIGH,1
SEC-003767,F001,Smart Campus,B001,Building A,BLK-A2,Block A2,AP-002,Building A Side Entrance,Entrance,2026-01-25 05:35:22,EMP-0379,Employee 379,EMPLOYEE,ACCESS_GRANTED,GRANTED,1,0,0,0,NORMAL,LOW,0
SEC-003813,F001,Smart Campus,B002,Building B,BLK-B1,Block B1,AP-003,Building B Main Entrance,Entrance,2026-01-25 05:39:37,EMP-0361,Employee 361,EMPLOYEE,ACCESS_GRANTED,GRANTED,1,0,0,0,NORMAL,LOW,0
SEC-003768,F001,Smart Campus,B003,Building C,BLK-C1,Block C1,AP-006,Server Room Access,Restricted Area,2026-01-25 05:43:19,EMP-0158,Employee 158,EMPLOYEE,ACCESS_GRANTED,GRANTED,1,0,0,0,NORMAL,LOW,0
SEC-003747,F001,Smart Campus,B002,Building B,BLK-B1,Block B1,AP-003,Building B Main Entrance,Entrance,2026-01-25 06:06:23,EMP-0140,Employee 140,EMPLOYEE,ACCESS_GRANTED,GRANTED,1,0,0,0,NORMAL,LOW,0
SEC-003718,F001,Smart Campus,B001,Building A,BLK-A1,Block A1,AP-001,Building A Main Entrance,Entrance,2026-01-25 06:14:59,VIS-0179,Visitor 179,VISITOR,ACCESS_GRANTED,GRANTED,1,0,0,0,NORMAL,LOW,0
SEC-003797,F001,Smart Campus,B003,Building C,BLK-C1,Block C1,AP-006,Server Room Access,Restricted Area,2026-01-25 06:20:17,EMP-0427,Employee 427,EMPLOYEE,ACCESS_GRANTED,GRANTED,1,0,0,0,NORMAL,LOW,0
SEC-003848,F001,Smart Campus,B002,Building B,BLK-B2,Block B2,AP-004,Building B Service Door,Service Area,2026-01-25 07:02:01,EMP-0441,Employee 441,EMPLOYEE,ACCESS_GRANTED,GRANTED,0,0,0,0,NORMAL,NORMAL,0
SEC-003772,F001,Smart Campus,B003,Building C,BLK-C1,Block C1,AP-005,Building C Main Entrance,Entrance,2026-01-25 07:09:58,VIS-0233,Visitor 233,VISITOR,ACCESS_GRANTED,GRANTED,0,0,0,0,NORMAL,NORMAL,0
SEC-003815,F001,Smart Campus,B002,Building B,BLK-B1,Block B1,AP-003,Building B Main Entrance,Entrance,2026-01-25 07:14:56,CON-0088,Contractor 88,CONTRACTOR,ACCESS_GRANTED,GRANTED,0,0,0,0,NORMAL,NORMAL,0
SEC-003858,F001,Smart Campus,B003,Building C,BLK-C1,Block C1,AP-006,Server Room Access,Restricted Area,2026-01-25 07:17:51,EMP-0385,Employee 385,EMPLOYEE,ACCESS_GRANTED,GRANTED,0,0,0,0,NORMAL,NORMAL,0
SEC-003743,F001,Smart Campus,B002,Building B,BLK-B1,Block B1,AP-003,Building B Main Entrance,Entrance,2026-01-25 07:19:01,CON-0095,Contractor 95,CONTRACTOR,ACCESS_GRANTED,GRANTED,0,0,0,0,NORMAL,NORMAL,0
SEC-003780,F001,Smart Campus,B002,Building B,BLK-B2,Block B2,AP-004,Building B Service Door,Service Area,2026-01-25 07:20:07,EMP-0442,Employee 442,EMPLOYEE,ACCESS_GRANTED,GRANTED,0,0,0,0,NORMAL,NORMAL,0
SEC-003833,F001,Smart Campus,B002,Building B,BLK-B1,Block B1,AP-003,Building B Main Entrance,Entrance,2026-01-25 07:33:21,CON-0049,Contractor 49,CONTRACTOR,ACCESS_GRANTED,GRANTED,0,0,0,0,NORMAL,NORMAL,0
SEC-003759,F001,Smart Campus,B003,Building C,BLK-C1,Block C1,AP-006,Server Room Access,Restricted Area,2026-01-25 07:34:51,CON-0016,Contractor 16,CONTRACTOR,ACCESS_GRANTED,GRANTED,0,0,0,0,NORMAL,NORMAL,0
SEC-003785,F001,Smart Campus,B003,Building C,BLK-C1,Block C1,AP-006,Server Room Access,Restricted Area,2026-01-25 07:40:39,EMP-0172,Employee 172,EMPLOYEE,ACCESS_GRANTED,GRANTED,0,0,0,0,NORMAL,NORMAL,0
SEC-003852,F001,Smart Campus,B003,Building C,BLK-C1,Block C1,AP-005,Building C Main Entrance,Entrance,2026-01-25 07:47:55,EMP-0387,Employee 387,EMPLOYEE,ACCESS_GRANTED,GRANTED,0,0,0,0,NORMAL,NORMAL,0
SEC-003771,F001,Smart Campus,B003,Building C,BLK-C1,Block C1,AP-005,Building C Main Entrance,Entrance,2026-01-25 08:01:13,EMP-0354,Employee 354,EMPLOYEE,ACCESS_GRANTED,GRANTED,0,0,0,0,NORMAL,NORMAL,0
SEC-003862,F001,Smart Campus,B003,Building C,BLK-C1,Block C1,AP-005,Building C Main Entrance,Entrance,2026-01-25 08:06:49,EMP-0375,Employee 375,EMPLOYEE,ACCESS_GRANTED,GRANTED,0,0,0,0,NORMAL,NORMAL,0
SEC-003818,F001,Smart Campus,B002,Building B,BLK-B2,Block B2,AP-004,Building B Service Door,Service Area,2026-01-25 08:24:28,EMP-0028,Employee 28,EMPLOYEE,ACCESS_GRANTED,GRANTED,0,0,0,0,NORMAL,NORMAL,0
SEC-003855,F001,Smart Campus,B002,Building B,BLK-B2,Block B2,AP-004,Building B Service Door,Service Area,2026-01-25 08:27:38,EMP-0190,Employee 190,EMPLOYEE,ACCESS_GRANTED,GRANTED,0,0,0,0,NORMAL,NORMAL,0
SEC-003798,F001,Smart Campus,B001,Building A,BLK-A1,Block A1,AP-001,Building A Main Entrance,Entrance,2026-01-25 08:38:03,EMP-0235,Employee 235,EMPLOYEE,ACCESS_GRANTED,GRANTED,0,0,0,0,NORMAL,NORMAL,0
SEC-003840,F001,Smart Campus,B001,Building A,BLK-A1,Block A1,AP-001,Building A Main Entrance,Entrance,2026-01-25 08:43:47,CON-0118,Contractor 118,CONTRACTOR,ACCESS_GRANTED,GRANTED,0,0,0,0,NORMAL,NORMAL,0
SEC-003720,F001,Smart Campus,B001,Building A,BLK-A2,Block A2,AP-002,Building A Side Entrance,Entrance,2026-01-25 09:02:25,CON-0035,Contractor 35,CONTRACTOR,ACCESS_GRANTED,GRANTED,0,0,0,0,NORMAL,NORMAL,0
SEC-003734,F001,Smart Campus,B003,Building C,BLK-C1,Block C1,AP-005,Building C Main Entrance,Entrance,2026-01-25 09:12:07,CON-0039,Contractor 39,CONTRACTOR,ACCESS_GRANTED,GRANTED,0,0,0,0,NORMAL,NORMAL,0
SEC-003758,F001,Smart Campus,B003,Building C,BLK-C1,Block C1,AP-006,Server Room Access,Restricted Area,2026-01-25 09:14:04,EMP-0193,Employee 193,EMPLOYEE,ACCESS_GRANTED,GRANTED,0,0,0,0,NORMAL,NORMAL,0
SEC-003826,F001,Smart Campus,B002,Building B,BLK-B1,Block B1,AP-003,Building B Main Entrance,Entrance,2026-01-25 09:20:08,EMP-0262,Employee 262,EMPLOYEE,ACCESS_GRANTED,GRANTED,0,0,0,0,NORMAL,NORMAL,0
SEC-003775,F001,Smart Campus,B003,Building C,BLK-C1,Block C1,AP-005,Building C Main Entrance,Entrance,2026-01-25 09:31:18,EMP-0051,Employee 51,EMPLOYEE,ACCESS_GRANTED,GRANTED,0,0,0,0,NORMAL,NORMAL,0
SEC-003836,F001,Smart Campus,B003,Building C,BLK-C1,Block C1,AP-005,Building C Main Entrance,Entrance,2026-01-25 09:35:07,EMP-0456,Employee 456,EMPLOYEE,ACCESS_GRANTED,GRANTED,0,0,0,0,NORMAL,NORMAL,0
SEC-003788,F001,Smart Campus,B002,Building B,BLK-B1,Block B1,AP-003,Building B Main Entrance,Entrance,2026-01-25 09:43:38,CON-0071,Contractor 71,CONTRACTOR,ACCESS_GRANTED,GRANTED,0,0,0,0,NORMAL,NORMAL,0
SEC-003829,F001,Smart Campus,B002,Building B,BLK-B2,Block B2,AP-004,Building B Service Door,Service Area,2026-01-25 09:47:49,CON-0032,Contractor 32,CONTRACTOR,ACCESS_GRANTED,GRANTED,0,0,0,0,NORMAL,NORMAL,0
SEC-003748,F001,Smart Campus,B001,Building A,BLK-A2,Block A2,AP-002,Building A Side Entrance,Entrance,2026-01-25 09:52:20,EMP-0359,Employee 359,EMPLOYEE,ACCESS_GRANTED,GRANTED,0,0,0,0,NORMAL,NORMAL,0
SEC-003757,F001,Smart Campus,B003,Building C,BLK-C1,Block C1,AP-005,Building C Main Entrance,Entrance,2026-01-25 09:53:06,EMP-0273,Employee 273,EMPLOYEE,ACCESS_GRANTED,GRANTED,0,0,0,0,NORMAL,NORMAL,0
SEC-003721,F001,Smart Campus,B003,Building C,BLK-C1,Block C1,AP-005,Building C Main Entrance,Entrance,2026-01-25 09:59:32,CON-0089,Contractor 89,CONTRACTOR,ACCESS_GRANTED,GRANTED,0,0,0,0,NORMAL,NORMAL,0
SEC-003861,F001,Smart Campus,B003,Building C,BLK-C1,Block C1,AP-005,Building C Main Entrance,Entrance,2026-01-25 10:04:06,EMP-0063,Employee 63,EMPLOYEE,ACCESS_GRANTED,GRANTED,0,0,0,0,NORMAL,NORMAL,0
SEC-003839,F001,Smart Campus,B003,Building C,BLK-C1,Block C1,AP-005,Building C Main Entrance,Entrance,2026-01-25 10:11:18,EMP-0397,Employee 397,EMPLOYEE,ACCESS_GRANTED,GRANTED,0,0,0,0,NORMAL,NORMAL,0
SEC-003816,F001,Smart Campus,B003,Building C,BLK-C1,Block C1,AP-006,Server Room Access,Restricted Area,2026-01-25 10:14:15,CON-0134,Contractor 134,CONTRACTOR,ACCESS_GRANTED,GRANTED,0,0,0,0,NORMAL,NORMAL,0
SEC-003805,F001,Smart Campus,B002,Building B,BLK-B1,Block B1,AP-003,Building B Main Entrance,Entrance,2026-01-25 10:35:22,CON-0109,Contractor 109,CONTRACTOR,ACCESS_GRANTED,GRANTED,0,0,0,0,NORMAL,NORMAL,0
SEC-003738,F001,Smart Campus,B002,Building B,BLK-B2,Block B2,AP-004,Building B Service Door,Service Area,2026-01-25 10:40:21,EMP-0171,Employee 171,EMPLOYEE,ACCESS_GRANTED,GRANTED,0,0,0,0,NORMAL,NORMAL,0
SEC-003837,F001,Smart Campus,B002,Building B,BLK-B2,Block B2,AP-004,Building B Service Door,Service Area,2026-01-25 10:42:58,EMP-0336,Employee 336,EMPLOYEE,ACCESS_GRANTED,GRANTED,0,0,0,0,NORMAL,NORMAL,0
SEC-003844,F001,Smart Campus,B002,Building B,BLK-B2,Block B2,AP-004,Building B Service Door,Service Area,2026-01-25 11:18:41,EMP-0091,Employee 91,EMPLOYEE,ACCESS_GRANTED,GRANTED,0,0,0,0,NORMAL,NORMAL,0
SEC-003804,F001,Smart Campus,B003,Building C,BLK-C1,Block C1,AP-005,Building C Main Entrance,Entrance,2026-01-25 11:23:37,EMP-0197,Employee 197,EMPLOYEE,ACCESS_GRANTED,GRANTED,0,0,0,0,NORMAL,NORMAL,0
SEC-003753,F001,Smart Campus,B001,Building A,BLK-A1,Block A1,AP-001,Building A Main Entrance,Entrance,2026-01-25 11:35:12,VIS-0287,Visitor 287,VISITOR,ACCESS_GRANTED,GRANTED,0,0,0,0,NORMAL,NORMAL,0
SEC-003761,F001,Smart Campus,B002,Building B,BLK-B1,Block B1,AP-003,Building B Main Entrance,Entrance,2026-01-25 11:42:04,CON-0049,Contractor 49,CONTRACTOR,ACCESS_GRANTED,GRANTED,0,0,0,0,NORMAL,NORMAL,0
SEC-003731,F001,Smart Campus,B001,Building A,BLK-A1,Block A1,AP-001,Building A Main Entrance,Entrance,2026-01-25 11:45:14,EMP-0376,Employee 376,EMPLOYEE,ACCESS_GRANTED,GRANTED,0,0,0,0,NORMAL,NORMAL,0
SEC-003781,F001,Smart Campus,B003,Building C,BLK-C1,Block C1,AP-005,Building C Main Entrance,Entrance,2026-01-25 11:55:21,EMP-0192,Employee 192,EMPLOYEE,ACCESS_GRANTED,GRANTED,0,0,0,0,NORMAL,NORMAL,0
SEC-003744,F001,Smart Campus,B001,Building A,BLK-A1,Block A1,AP-001,Building A Main Entrance,Entrance,2026-01-25 11:58:29,EMP-0479,Employee 479,EMPLOYEE,ACCESS_GRANTED,GRANTED,0,0,0,0,NORMAL,NORMAL,0
SEC-003755,F001,Smart Campus,B003,Building C,BLK-C1,Block C1,AP-005,Building C Main Entrance,Entrance,2026-01-25 11:59:59,EMP-0249,Employee 249,EMPLOYEE,ACCESS_GRANTED,GRANTED,0,0,0,0,NORMAL,NORMAL,0
SEC-003873,F001,Smart Campus,B002,Building B,BLK-B1,Block B1,AP-003,Building B Main Entrance,Entrance,2026-01-25 12:13:52,EMP-0289,Employee 289,EMPLOYEE,ACCESS_GRANTED,GRANTED,0,0,0,0,NORMAL,NORMAL,0
SEC-003865,F001,Smart Campus,B001,Building A,BLK-A2,Block A2,AP-002,Building A Side Entrance,Entrance,2026-01-25 12:16:40,EMP-0192,Employee 192,EMPLOYEE,ACCESS_GRANTED,GRANTED,0,0,0,0,NORMAL,NORMAL,0
SEC-003854,F001,Smart Campus,B001,Building A,BLK-A2,Block A2,AP-002,Building A Side Entrance,Entrance,2026-01-25 12:18:54,VIS-0202,Visitor 202,VISITOR,ACCESS_GRANTED,GRANTED,0,0,0,0,NORMAL,NORMAL,0
SEC-003750,F001,Smart Campus,B003,Building C,BLK-C1,Block C1,AP-006,Server Room Access,Restricted Area,2026-01-25 12:20:08,EMP-0259,Employee 259,EMPLOYEE,ACCESS_GRANTED,GRANTED,0,0,0,0,NORMAL,NORMAL,0
SEC-003802,F001,Smart Campus,B003,Building C,BLK-C1,Block C1,AP-006,Server Room Access,Restricted Area,2026-01-25 12:24:36,EMP-0457,Employee 457,EMPLOYEE,ACCESS_GRANTED,GRANTED,0,0,0,0,NORMAL,NORMAL,0
SEC-003779,F001,Smart Campus,B002,Building B,BLK-B1,Block B1,AP-003,Building B Main Entrance,Entrance,2026-01-25 12:34:27,CON-0128,Contractor 128,CONTRACTOR,ACCESS_GRANTED,GRANTED,0,0,0,0,NORMAL,NORMAL,0
SEC-003735,F001,Smart Campus,B002,Building B,BLK-B1,Block B1,AP-003,Building B Main Entrance,Entrance,2026-01-25 12:34:44,EMP-0187,Employee 187,EMPLOYEE,ACCESS_GRANTED,GRANTED,0,0,0,0,NORMAL,NORMAL,0
SEC-003859,F001,Smart Campus,B001,Building A,BLK-A2,Block A2,AP-002,Building A Side Entrance,Entrance,2026-01-25 12:38:50,EMP-0497,Employee 497,EMPLOYEE,ACCESS_GRANTED,GRANTED,0,0,0,0,NORMAL,NORMAL,0
SEC-003787,F001,Smart Campus,B002,Building B,BLK-B2,Block B2,AP-004,Building B Service Door,Service Area,2026-01-25 12:46:06,VIS-0151,Visitor 151,VISITOR,ACCESS_GRANTED,GRANTED,0,0,0,0,NORMAL,NORMAL,0
SEC-003866,F001,Smart Campus,B002,Building B,BLK-B2,Block B2,AP-004,Building B Service Door,Service Area,2026-01-25 12:46:18,CON-0149,Contractor 149,CONTRACTOR,ACCESS_GRANTED,GRANTED,0,0,0,0,NORMAL,NORMAL,0
SEC-003817,F001,Smart Campus,B001,Building A,BLK-A1,Block A1,AP-001,Building A Main Entrance,Entrance,2026-01-25 12:54:09,EMP-0475,Employee 475,EMPLOYEE,ACCESS_DENIED,DENIED,0,0,0,0,NORMAL,MEDIUM,1
SEC-003846,F001,Smart Campus,B001,Building A,BLK-A1,Block A1,AP-001,Building A Main Entrance,Entrance,2026-01-25 12:54:58,EMP-0055,Employee 55,EMPLOYEE,ACCESS_GRANTED,GRANTED,0,0,0,0,NORMAL,NORMAL,0
SEC-003803,F001,Smart Campus,B003,Building C,BLK-C1,Block C1,AP-006,Server Room Access,Restricted Area,2026-01-25 13:07:01,EMP-0365,Employee 365,EMPLOYEE,ACCESS_GRANTED,GRANTED,0,0,0,0,NORMAL,NORMAL,0
SEC-003737,F001,Smart Campus,B001,Building A,BLK-A2,Block A2,AP-002,Building A Side Entrance,Entrance,2026-01-25 13:12:26,EMP-0258,Employee 258,EMPLOYEE,ACCESS_GRANTED,GRANTED,0,0,0,0,NORMAL,NORMAL,0
SEC-003727,F001,Smart Campus,B001,Building A,BLK-A1,Block A1,AP-001,Building A Main Entrance,Entrance,2026-01-25 13:39:49,EMP-0305,Employee 305,EMPLOYEE,ACCESS_GRANTED,GRANTED,0,0,0,0,NORMAL,NORMAL,0
SEC-003794,F001,Smart Campus,B002,Building B,BLK-B1,Block B1,AP-003,Building B Main Entrance,Entrance,2026-01-25 13:40:54,EMP-0336,Employee 336,EMPLOYEE,ACCESS_GRANTED,GRANTED,0,0,0,0,NORMAL,NORMAL,0
SEC-003853,F001,Smart Campus,B001,Building A,BLK-A1,Block A1,AP-001,Building A Main Entrance,Entrance,2026-01-25 13:50:29,EMP-0286,Employee 286,EMPLOYEE,ACCESS_GRANTED,GRANTED,0,0,0,0,NORMAL,NORMAL,0
SEC-003778,F001,Smart Campus,B001,Building A,BLK-A2,Block A2,AP-002,Building A Side Entrance,Entrance,2026-01-25 13:54:12,VIS-0285,Visitor 285,VISITOR,ACCESS_GRANTED,GRANTED,0,0,0,0,NORMAL,NORMAL,0
SEC-003782,F001,Smart Campus,B002,Building B,BLK-B1,Block B1,AP-003,Building B Main Entrance,Entrance,2026-01-25 14:00:19,VIS-0218,Visitor 218,VISITOR,ACCESS_GRANTED,GRANTED,0,0,0,0,NORMAL,NORMAL,0
SEC-003860,F001,Smart Campus,B002,Building B,BLK-B2,Block B2,AP-004,Building B Service Door,Service Area,2026-01-25 14:05:39,VIS-0204,Visitor 204,VISITOR,ACCESS_GRANTED,GRANTED,0,0,0,0,NORMAL,NORMAL,0
SEC-003842,F001,Smart Campus,B003,Building C,BLK-C1,Block C1,AP-005,Building C Main Entrance,Entrance,2026-01-25 14:07:57,EMP-0467,Employee 467,EMPLOYEE,ACCESS_GRANTED,GRANTED,0,0,0,0,NORMAL,NORMAL,0
SEC-003792,F001,Smart Campus,B002,Building B,BLK-B1,Block B1,AP-003,Building B Main Entrance,Entrance,2026-01-25 14:15:49,EMP-0041,Employee 41,EMPLOYEE,ACCESS_GRANTED,GRANTED,0,0,0,0,NORMAL,NORMAL,0
SEC-003770,F001,Smart Campus,B003,Building C,BLK-C1,Block C1,AP-006,Server Room Access,Restricted Area,2026-01-25 14:21:39,EMP-0069,Employee 69,EMPLOYEE,ACCESS_GRANTED,GRANTED,0,0,0,0,NORMAL,NORMAL,0
SEC-003795,F001,Smart Campus,B003,Building C,BLK-C1,Block C1,AP-006,Server Room Access,Restricted Area,2026-01-25 14:23:49,EMP-0135,Employee 135,EMPLOYEE,ACCESS_GRANTED,GRANTED,0,0,0,0,NORMAL,NORMAL,0
SEC-003847,F001,Smart Campus,B001,Building A,BLK-A1,Block A1,AP-001,Building A Main Entrance,Entrance,2026-01-25 14:28:24,EMP-0341,Employee 341,EMPLOYEE,ACCESS_GRANTED,GRANTED,0,0,0,0,NORMAL,NORMAL,0
SEC-003849,F001,Smart Campus,B003,Building C,BLK-C1,Block C1,AP-005,Building C Main Entrance,Entrance,2026-01-25 14:41:15,EMP-0440,Employee 440,EMPLOYEE,ACCESS_GRANTED,GRANTED,0,0,0,0,NORMAL,NORMAL,0
SEC-003823,F001,Smart Campus,B001,Building A,BLK-A2,Block A2,AP-002,Building A Side Entrance,Entrance,2026-01-25 14:53:09,EMP-0391,Employee 391,EMPLOYEE,ACCESS_GRANTED,GRANTED,0,0,0,0,NORMAL,NORMAL,0
SEC-003824,F001,Smart Campus,B001,Building A,BLK-A2,Block A2,AP-002,Building A Side Entrance,Entrance,2026-01-25 14:53:23,EMP-0292,Employee 292,EMPLOYEE,FORCED_ENTRY,DENIED,0,0,1,0,FORCED_ENTRY,CRITICAL,1
SEC-003819,F001,Smart Campus,B001,Building A,BLK-A2,Block A2,AP-002,Building A Side Entrance,Entrance,2026-01-25 14:53:49,EMP-0222,Employee 222,EMPLOYEE,ACCESS_GRANTED,GRANTED,0,0,0,0,NORMAL,NORMAL,0
SEC-003869,F001,Smart Campus,B003,Building C,BLK-C1,Block C1,AP-005,Building C Main Entrance,Entrance,2026-01-25 15:00:34,VIS-0225,Visitor 225,VISITOR,ACCESS_GRANTED,GRANTED,0,0,0,0,NORMAL,NORMAL,0
SEC-003851,F001,Smart Campus,B003,Building C,BLK-C1,Block C1,AP-005,Building C Main Entrance,Entrance,2026-01-25 15:10:12,EMP-0437,Employee 437,EMPLOYEE,ACCESS_GRANTED,GRANTED,0,0,0,0,NORMAL,NORMAL,0
SEC-003800,F001,Smart Campus,B001,Building A,BLK-A1,Block A1,AP-001,Building A Main Entrance,Entrance,2026-01-25 15:16:50,VIS-0105,Visitor 105,VISITOR,ACCESS_GRANTED,GRANTED,0,0,0,0,NORMAL,NORMAL,0
SEC-003736,F001,Smart Campus,B002,Building B,BLK-B2,Block B2,AP-004,Building B Service Door,Service Area,2026-01-25 15:23:32,CON-0148,Contractor 148,CONTRACTOR,ACCESS_DENIED,DENIED,0,0,0,0,NORMAL,MEDIUM,1
SEC-003835,F001,Smart Campus,B003,Building C,BLK-C1,Block C1,AP-005,Building C Main Entrance,Entrance,2026-01-25 15:36:45,EMP-0265,Employee 265,EMPLOYEE,ACCESS_GRANTED,GRANTED,0,0,0,0,NORMAL,NORMAL,0
SEC-003841,F001,Smart Campus,B001,Building A,BLK-A2,Block A2,AP-002,Building A Side Entrance,Entrance,2026-01-25 15:41:50,EMP-0392,Employee 392,EMPLOYEE,ACCESS_GRANTED,GRANTED,0,0,0,0,NORMAL,NORMAL,0
SEC-003777,F001,Smart Campus,B003,Building C,BLK-C1,Block C1,AP-006,Server Room Access,Restricted Area,2026-01-25 16:02:37,VIS-0291,Visitor 291,VISITOR,ACCESS_GRANTED,GRANTED,0,0,0,0,NORMAL,NORMAL,0
SEC-003843,F001,Smart Campus,B003,Building C,BLK-C1,Block C1,AP-005,Building C Main Entrance,Entrance,2026-01-25 16:04:03,EMP-0436,Employee 436,EMPLOYEE,ACCESS_GRANTED,GRANTED,0,0,0,0,NORMAL,NORMAL,0
SEC-003820,F001,Smart Campus,B002,Building B,BLK-B2,Block B2,AP-004,Building B Service Door,Service Area,2026-01-25 16:08:07,VIS-0126,Visitor 126,VISITOR,ACCESS_GRANTED,GRANTED,0,0,0,0,NORMAL,NORMAL,0
SEC-003871,F001,Smart Campus,B003,Building C,BLK-C1,Block C1,AP-006,Server Room Access,Restricted Area,2026-01-25 16:09:29,EMP-0111,Employee 111,EMPLOYEE,ACCESS_GRANTED,GRANTED,0,0,0,0,NORMAL,NORMAL,0
SEC-003728,F001,Smart Campus,B003,Building C,BLK-C1,Block C1,AP-005,Building C Main Entrance,Entrance,2026-01-25 16:12:04,EMP-0055,Employee 55,EMPLOYEE,ACCESS_GRANTED,GRANTED,0,0,0,0,NORMAL,NORMAL,0
SEC-003733,F001,Smart Campus,B003,Building C,BLK-C1,Block C1,AP-006,Server Room Access,Restricted Area,2026-01-25 16:22:25,EMP-0347,Employee 347,EMPLOYEE,ACCESS_GRANTED,GRANTED,0,0,0,0,NORMAL,NORMAL,0
SEC-003821,F001,Smart Campus,B001,Building A,BLK-A2,Block A2,AP-002,Building A Side Entrance,Entrance,2026-01-25 16:24:34,CON-0149,Contractor 149,CONTRACTOR,ACCESS_GRANTED,GRANTED,0,0,0,0,NORMAL,NORMAL,0
SEC-003739,F001,Smart Campus,B001,Building A,BLK-A1,Block A1,AP-001,Building A Main Entrance,Entrance,2026-01-25 16:33:39,EMP-0399,Employee 399,EMPLOYEE,ACCESS_GRANTED,GRANTED,0,0,0,0,NORMAL,NORMAL,0
SEC-003810,F001,Smart Campus,B002,Building B,BLK-B2,Block B2,AP-004,Building B Service Door,Service Area,2026-01-25 16:41:02,VIS-0036,Visitor 36,VISITOR,ACCESS_GRANTED,GRANTED,0,0,0,0,NORMAL,NORMAL,0
SEC-003764,F001,Smart Campus,B001,Building A,BLK-A1,Block A1,AP-001,Building A Main Entrance,Entrance,2026-01-25 16:43:23,VIS-0071,Visitor 71,VISITOR,ACCESS_GRANTED,GRANTED,0,0,0,0,NORMAL,NORMAL,0
SEC-003762,F001,Smart Campus,B002,Building B,BLK-B2,Block B2,AP-004,Building B Service Door,Service Area,2026-01-25 16:44:25,EMP-0414,Employee 414,EMPLOYEE,UNAUTHORIZED_ACCESS,DENIED,0,1,0,0,SUSPICIOUS_ACCESS,HIGH,1
SEC-003793,F001,Smart Campus,B001,Building A,BLK-A1,Block A1,AP-001,Building A Main Entrance,Entrance,2026-01-25 16:45:06,CON-0014,Contractor 14,CONTRACTOR,FORCED_ENTRY,DENIED,0,0,1,0,FORCED_ENTRY,CRITICAL,1
SEC-003870,F001,Smart Campus,B001,Building A,BLK-A1,Block A1,AP-001,Building A Main Entrance,Entrance,2026-01-25 16:57:14,EMP-0439,Employee 439,EMPLOYEE,ACCESS_GRANTED,GRANTED,0,0,0,0,NORMAL,NORMAL,0
SEC-003832,F001,Smart Campus,B001,Building A,BLK-A2,Block A2,AP-002,Building A Side Entrance,Entrance,2026-01-25 16:58:59,EMP-0340,Employee 340,EMPLOYEE,ACCESS_GRANTED,GRANTED,0,0,0,0,NORMAL,NORMAL,0
SEC-003822,F001,Smart Campus,B003,Building C,BLK-C1,Block C1,AP-005,Building C Main Entrance,Entrance,2026-01-25 16:59:37,EMP-0140,Employee 140,EMPLOYEE,ACCESS_GRANTED,GRANTED,0,0,0,0,NORMAL,NORMAL,0
SEC-003756,F001,Smart Campus,B002,Building B,BLK-B1,Block B1,AP-003,Building B Main Entrance,Entrance,2026-01-25 17:14:59,VIS-0022,Visitor 22,VISITOR,ACCESS_GRANTED,GRANTED,0,0,0,0,NORMAL,NORMAL,0
SEC-003838,F001,Smart Campus,B001,Building A,BLK-A2,Block A2,AP-002,Building A Side Entrance,Entrance,2026-01-25 17:29:45,EMP-0306,Employee 306,EMPLOYEE,ACCESS_GRANTED,GRANTED,0,0,0,0,NORMAL,NORMAL,0
SEC-003776,F001,Smart Campus,B002,Building B,BLK-B1,Block B1,AP-003,Building B Main Entrance,Entrance,2026-01-25 17:39:23,CON-0090,Contractor 90,CONTRACTOR,ACCESS_GRANTED,GRANTED,0,0,0,0,NORMAL,NORMAL,0
SEC-003719,F001,Smart Campus,B001,Building A,BLK-A2,Block A2,AP-002,Building A Side Entrance,Entrance,2026-01-25 17:40:32,CON-0043,Contractor 43,CONTRACTOR,ACCESS_GRANTED,GRANTED,0,0,0,0,NORMAL,NORMAL,0
SEC-003722,F001,Smart Campus,B001,Building A,BLK-A1,Block A1,AP-001,Building A Main Entrance,Entrance,2026-01-25 17:41:32,CON-0110,Contractor 110,CONTRACTOR,ACCESS_GRANTED,GRANTED,0,0,0,0,NORMAL,NORMAL,0
SEC-003791,F001,Smart Campus,B003,Building C,BLK-C1,Block C1,AP-005,Building C Main Entrance,Entrance,2026-01-25 17:43:20,EMP-0004,Employee 4,EMPLOYEE,ACCESS_GRANTED,GRANTED,0,0,0,0,NORMAL,NORMAL,0
SEC-003717,F001,Smart Campus,B003,Building C,BLK-C1,Block C1,AP-006,Server Room Access,Restricted Area,2026-01-25 17:45:18,CON-0017,Contractor 17,CONTRACTOR,ACCESS_GRANTED,GRANTED,0,0,0,0,NORMAL,NORMAL,0
SEC-003863,F001,Smart Campus,B001,Building A,BLK-A1,Block A1,AP-001,Building A Main Entrance,Entrance,2026-01-25 17:47:16,EMP-0328,Employee 328,EMPLOYEE,ACCESS_GRANTED,GRANTED,0,0,0,0,NORMAL,NORMAL,0
SEC-003807,F001,Smart Campus,B003,Building C,BLK-C1,Block C1,AP-005,Building C Main Entrance,Entrance,2026-01-25 17:50:42,EMP-0361,Employee 361,EMPLOYEE,ACCESS_GRANTED,GRANTED,0,0,0,0,NORMAL,NORMAL,0
SEC-003725,F001,Smart Campus,B001,Building A,BLK-A1,Block A1,AP-001,Building A Main Entrance,Entrance,2026-01-25 17:50:44,VIS-0196,Visitor 196,VISITOR,ACCESS_GRANTED,GRANTED,0,0,0,0,NORMAL,NORMAL,0
SEC-003789,F001,Smart Campus,B003,Building C,BLK-C1,Block C1,AP-005,Building C Main Entrance,Entrance,2026-01-25 17:55:14,EMP-0443,Employee 443,EMPLOYEE,ACCESS_GRANTED,GRANTED,0,0,0,0,NORMAL,NORMAL,0
SEC-003808,F001,Smart Campus,B003,Building C,BLK-C1,Block C1,AP-005,Building C Main Entrance,Entrance,2026-01-25 17:59:10,EMP-0049,Employee 49,EMPLOYEE,ACCESS_GRANTED,GRANTED,0,0,0,0,NORMAL,NORMAL,0
SEC-003774,F001,Smart Campus,B003,Building C,BLK-C1,Block C1,AP-006,Server Room Access,Restricted Area,2026-01-25 18:01:50,EMP-0179,Employee 179,EMPLOYEE,ACCESS_GRANTED,GRANTED,0,0,0,0,NORMAL,NORMAL,0
SEC-003806,F001,Smart Campus,B003,Building C,BLK-C1,Block C1,AP-006,Server Room Access,Restricted Area,2026-01-25 18:05:15,EMP-0377,Employee 377,EMPLOYEE,ACCESS_GRANTED,GRANTED,0,0,0,0,NORMAL,NORMAL,0
SEC-003749,F001,Smart Campus,B001,Building A,BLK-A1,Block A1,AP-001,Building A Main Entrance,Entrance,2026-01-25 18:05:19,EMP-0463,Employee 463,EMPLOYEE,ACCESS_GRANTED,GRANTED,0,0,0,0,NORMAL,NORMAL,0
SEC-003814,F001,Smart Campus,B001,Building A,BLK-A1,Block A1,AP-001,Building A Main Entrance,Entrance,2026-01-25 18:07:34,VIS-0115,Visitor 115,VISITOR,ACCESS_GRANTED,GRANTED,0,0,0,0,NORMAL,NORMAL,0
SEC-003796,F001,Smart Campus,B001,Building A,BLK-A2,Block A2,AP-002,Building A Side Entrance,Entrance,2026-01-25 18:19:10,EMP-0261,Employee 261,EMPLOYEE,ACCESS_GRANTED,GRANTED,0,0,0,0,NORMAL,NORMAL,0
SEC-003740,F001,Smart Campus,B001,Building A,BLK-A1,Block A1,AP-001,Building A Main Entrance,Entrance,2026-01-25 18:29:45,EMP-0171,Employee 171,EMPLOYEE,ACCESS_GRANTED,GRANTED,0,0,0,0,NORMAL,NORMAL,0
SEC-003751,F001,Smart Campus,B002,Building B,BLK-B2,Block B2,AP-004,Building B Service Door,Service Area,2026-01-25 18:49:18,EMP-0476,Employee 476,EMPLOYEE,ACCESS_GRANTED,GRANTED,0,0,0,0,NORMAL,NORMAL,0
SEC-003769,F001,Smart Campus,B002,Building B,BLK-B1,Block B1,AP-003,Building B Main Entrance,Entrance,2026-01-25 18:52:44,EMP-0497,Employee 497,EMPLOYEE,ACCESS_GRANTED,GRANTED,0,0,0,0,NORMAL,NORMAL,0
SEC-003729,F001,Smart Campus,B002,Building B,BLK-B2,Block B2,AP-004,Building B Service Door,Service Area,2026-01-25 18:59:35,EMP-0133,Employee 133,EMPLOYEE,ACCESS_GRANTED,GRANTED,0,0,0,0,NORMAL,NORMAL,0
SEC-003856,F001,Smart Campus,B002,Building B,BLK-B1,Block B1,AP-003,Building B Main Entrance,Entrance,2026-01-25 18:59:54,VIS-0082,Visitor 82,VISITOR,ACCESS_DENIED,DENIED,0,0,0,0,NORMAL,MEDIUM,1
SEC-003872,F001,Smart Campus,B003,Building C,BLK-C1,Block C1,AP-006,Server Room Access,Restricted Area,2026-01-25 19:23:55,EMP-0198,Employee 198,EMPLOYEE,ACCESS_GRANTED,GRANTED,0,0,0,0,NORMAL,NORMAL,0
SEC-003828,F001,Smart Campus,B003,Building C,BLK-C1,Block C1,AP-005,Building C Main Entrance,Entrance,2026-01-25 19:27:44,EMP-0486,Employee 486,EMPLOYEE,ACCESS_GRANTED,GRANTED,0,0,0,0,NORMAL,NORMAL,0
SEC-003867,F001,Smart Campus,B002,Building B,BLK-B2,Block B2,AP-004,Building B Service Door,Service Area,2026-01-25 19:30:20,EMP-0131,Employee 131,EMPLOYEE,ACCESS_GRANTED,GRANTED,0,0,0,0,NORMAL,NORMAL,0
SEC-003864,F001,Smart Campus,B003,Building C,BLK-C1,Block C1,AP-005,Building C Main Entrance,Entrance,2026-01-25 19:32:15,EMP-0368,Employee 368,EMPLOYEE,ACCESS_GRANTED,GRANTED,0,0,0,0,NORMAL,NORMAL,0
SEC-003812,F001,Smart Campus,B003,Building C,BLK-C1,Block C1,AP-005,Building C Main Entrance,Entrance,2026-01-25 19:35:06,EMP-0131,Employee 131,EMPLOYEE,ACCESS_GRANTED,GRANTED,0,0,0,0,NORMAL,NORMAL,0
SEC-003809,F001,Smart Campus,B001,Building A,BLK-A1,Block A1,AP-001,Building A Main Entrance,Entrance,2026-01-25 19:48:06,EMP-0258,Employee 258,EMPLOYEE,ACCESS_GRANTED,GRANTED,0,0,0,0,NORMAL,NORMAL,0
SEC-003783,F001,Smart Campus,B003,Building C,BLK-C1,Block C1,AP-006,Server Room Access,Restricted Area,2026-01-25 19:49:19,EMP-0209,Employee 209,EMPLOYEE,ACCESS_GRANTED,GRANTED,0,0,0,0,NORMAL,NORMAL,0
SEC-003754,F001,Smart Campus,B001,Building A,BLK-A1,Block A1,AP-001,Building A Main Entrance,Entrance,2026-01-25 19:50:16,EMP-0379,Employee 379,EMPLOYEE,ACCESS_GRANTED,GRANTED,0,0,0,0,NORMAL,NORMAL,0
SEC-003746,F001,Smart Campus,B003,Building C,BLK-C1,Block C1,AP-006,Server Room Access,Restricted Area,2026-01-25 19:52:58,EMP-0436,Employee 436,EMPLOYEE,ACCESS_GRANTED,GRANTED,0,0,0,0,NORMAL,NORMAL,0
SEC-003850,F001,Smart Campus,B003,Building C,BLK-C1,Block C1,AP-006,Server Room Access,Restricted Area,2026-01-25 19:58:23,EMP-0444,Employee 444,EMPLOYEE,ACCESS_GRANTED,GRANTED,0,0,0,0,NORMAL,NORMAL,0
SEC-003742,F001,Smart Campus,B002,Building B,BLK-B1,Block B1,AP-003,Building B Main Entrance,Entrance,2026-01-25 20:02:37,EMP-0432,Employee 432,EMPLOYEE,ACCESS_GRANTED,GRANTED,0,0,0,0,NORMAL,NORMAL,0
SEC-003784,F001,Smart Campus,B003,Building C,BLK-C1,Block C1,AP-006,Server Room Access,Restricted Area,2026-01-25 20:11:32,EMP-0367,Employee 367,EMPLOYEE,ACCESS_GRANTED,GRANTED,0,0,0,0,NORMAL,NORMAL,0
SEC-003825,F001,Smart Campus,B002,Building B,BLK-B2,Block B2,AP-004,Building B Service Door,Service Area,2026-01-25 20:18:19,EMP-0216,Employee 216,EMPLOYEE,ACCESS_GRANTED,GRANTED,0,0,0,0,NORMAL,NORMAL,0
SEC-003726,F001,Smart Campus,B002,Building B,BLK-B2,Block B2,AP-004,Building B Service Door,Service Area,2026-01-25 20:23:15,VIS-0090,Visitor 90,VISITOR,ACCESS_GRANTED,GRANTED,0,0,0,0,NORMAL,NORMAL,0
SEC-003724,F001,Smart Campus,B002,Building B,BLK-B2,Block B2,AP-004,Building B Service Door,Service Area,2026-01-25 20:24:05,EMP-0220,Employee 220,EMPLOYEE,ACCESS_GRANTED,GRANTED,0,0,0,0,NORMAL,NORMAL,0
SEC-003857,F001,Smart Campus,B002,Building B,BLK-B2,Block B2,AP-004,Building B Service Door,Service Area,2026-01-25 20:24:47,VIS-0086,Visitor 86,VISITOR,ACCESS_GRANTED,GRANTED,0,0,0,0,NORMAL,NORMAL,0
SEC-003786,F001,Smart Campus,B001,Building A,BLK-A1,Block A1,AP-001,Building A Main Entrance,Entrance,2026-01-25 20:43:46,EMP-0359,Employee 359,EMPLOYEE,ACCESS_GRANTED,GRANTED,0,0,0,0,NORMAL,NORMAL,0
SEC-003845,F001,Smart Campus,B001,Building A,BLK-A1,Block A1,AP-001,Building A Main Entrance,Entrance,2026-01-25 20:57:34,EMP-0047,Employee 47,EMPLOYEE,ACCESS_GRANTED,GRANTED,0,0,0,0,NORMAL,NORMAL,0
SEC-003732,F001,Smart Campus,B001,Building A,BLK-A2,Block A2,AP-002,Building A Side Entrance,Entrance,2026-01-25 21:21:18,EMP-0215,Employee 215,EMPLOYEE,ACCESS_GRANTED,GRANTED,1,0,0,0,AFTER_HOURS_MOVEMENT,LOW,0
SEC-003868,F001,Smart Campus,B003,Building C,BLK-C1,Block C1,AP-006,Server Room Access,Restricted Area,2026-01-25 21:33:55,EMP-0221,Employee 221,EMPLOYEE,ACCESS_GRANTED,GRANTED,1,0,0,0,AFTER_HOURS_MOVEMENT,LOW,0
SEC-003760,F001,Smart Campus,B002,Building B,BLK-B2,Block B2,AP-004,Building B Service Door,Service Area,2026-01-25 21:58:00,VIS-0072,Visitor 72,VISITOR,ACCESS_GRANTED,GRANTED,1,0,0,0,NORMAL,LOW,0
SEC-003801,F001,Smart Campus,B003,Building C,BLK-C1,Block C1,AP-005,Building C Main Entrance,Entrance,2026-01-25 22:10:31,EMP-0032,Employee 32,EMPLOYEE,ACCESS_GRANTED,GRANTED,1,0,0,0,NORMAL,LOW,0
SEC-003827,F001,Smart Campus,B002,Building B,BLK-B1,Block B1,AP-003,Building B Main Entrance,Entrance,2026-01-25 22:39:14,VIS-0129,Visitor 129,VISITOR,ACCESS_GRANTED,GRANTED,1,0,0,0,AFTER_HOURS_MOVEMENT,LOW,0
SEC-003741,F001,Smart Campus,B003,Building C,BLK-C1,Block C1,AP-006,Server Room Access,Restricted Area,2026-01-25 23:19:58,EMP-0160,Employee 160,EMPLOYEE,ACCESS_GRANTED,GRANTED,1,0,0,0,NORMAL,LOW,0
SEC-003799,F001,Smart Campus,B002,Building B,BLK-B2,Block B2,AP-004,Building B Service Door,Service Area,2026-01-25 23:24:42,CON-0103,Contractor 103,CONTRACTOR,ACCESS_GRANTED,GRANTED,1,0,0,0,NORMAL,LOW,0
SEC-003745,F001,Smart Campus,B003,Building C,BLK-C1,Block C1,AP-006,Server Room Access,Restricted Area,2026-01-25 23:51:38,EMP-0040,Employee 40,EMPLOYEE,FORCED_ENTRY,DENIED,1,0,1,0,FORCED_ENTRY,CRITICAL,1
SEC-003923,F001,Smart Campus,B001,Building A,BLK-A2,Block A2,AP-002,Building A Side Entrance,Entrance,2026-01-26 00:02:47,EMP-0459,Employee 459,EMPLOYEE,ACCESS_GRANTED,GRANTED,1,0,0,0,NORMAL,LOW,0
SEC-003879,F001,Smart Campus,B002,Building B,BLK-B2,Block B2,AP-004,Building B Service Door,Service Area,2026-01-26 01:02:01,CON-0114,Contractor 114,CONTRACTOR,ACCESS_GRANTED,GRANTED,1,0,0,0,AFTER_HOURS_MOVEMENT,LOW,0
SEC-003963,F001,Smart Campus,B002,Building B,BLK-B2,Block B2,AP-004,Building B Service Door,Service Area,2026-01-26 01:14:19,EMP-0174,Employee 174,EMPLOYEE,ACCESS_GRANTED,GRANTED,1,0,0,0,NORMAL,LOW,0
SEC-003949,F001,Smart Campus,B003,Building C,BLK-C1,Block C1,AP-005,Building C Main Entrance,Entrance,2026-01-26 01:39:34,EMP-0310,Employee 310,EMPLOYEE,TAILGATING,GRANTED,1,0,0,1,TAILGATING,HIGH,1
SEC-003940,F001,Smart Campus,B002,Building B,BLK-B2,Block B2,AP-004,Building B Service Door,Service Area,2026-01-26 01:41:56,EMP-0216,Employee 216,EMPLOYEE,ACCESS_GRANTED,GRANTED,1,0,0,0,NORMAL,LOW,0
SEC-003976,F001,Smart Campus,B001,Building A,BLK-A1,Block A1,AP-001,Building A Main Entrance,Entrance,2026-01-26 02:16:06,EMP-0387,Employee 387,EMPLOYEE,ACCESS_GRANTED,GRANTED,1,0,0,0,AFTER_HOURS_MOVEMENT,LOW,0
SEC-003915,F001,Smart Campus,B003,Building C,BLK-C1,Block C1,AP-006,Server Room Access,Restricted Area,2026-01-26 02:37:14,EMP-0193,Employee 193,EMPLOYEE,ACCESS_GRANTED,GRANTED,1,0,0,0,NORMAL,LOW,0
SEC-003939,F001,Smart Campus,B002,Building B,BLK-B1,Block B1,AP-003,Building B Main Entrance,Entrance,2026-01-26 03:01:00,EMP-0150,Employee 150,EMPLOYEE,ACCESS_GRANTED,GRANTED,1,0,0,0,NORMAL,LOW,0
SEC-003903,F001,Smart Campus,B001,Building A,BLK-A2,Block A2,AP-002,Building A Side Entrance,Entrance,2026-01-26 03:08:15,EMP-0490,Employee 490,EMPLOYEE,ACCESS_GRANTED,GRANTED,1,0,0,0,NORMAL,LOW,0
SEC-003957,F001,Smart Campus,B003,Building C,BLK-C1,Block C1,AP-006,Server Room Access,Restricted Area,2026-01-26 03:18:07,EMP-0171,Employee 171,EMPLOYEE,UNAUTHORIZED_ACCESS,DENIED,1,1,0,0,SUSPICIOUS_ACCESS,CRITICAL,1
SEC-003881,F001,Smart Campus,B003,Building C,BLK-C1,Block C1,AP-005,Building C Main Entrance,Entrance,2026-01-26 03:51:29,EMP-0256,Employee 256,EMPLOYEE,TAILGATING,GRANTED,1,0,0,1,TAILGATING,HIGH,1
SEC-003938,F001,Smart Campus,B001,Building A,BLK-A1,Block A1,AP-001,Building A Main Entrance,Entrance,2026-01-26 03:51:39,EMP-0225,Employee 225,EMPLOYEE,ACCESS_GRANTED,GRANTED,1,0,0,0,NORMAL,LOW,0
SEC-003981,F001,Smart Campus,B001,Building A,BLK-A1,Block A1,AP-001,Building A Main Entrance,Entrance,2026-01-26 03:54:07,EMP-0102,Employee 102,EMPLOYEE,ACCESS_GRANTED,GRANTED,1,0,0,0,NORMAL,LOW,0
SEC-003989,F001,Smart Campus,B003,Building C,BLK-C1,Block C1,AP-006,Server Room Access,Restricted Area,2026-01-26 04:37:24,VIS-0215,Visitor 215,VISITOR,ACCESS_GRANTED,GRANTED,1,0,0,0,NORMAL,LOW,0
SEC-003894,F001,Smart Campus,B001,Building A,BLK-A1,Block A1,AP-001,Building A Main Entrance,Entrance,2026-01-26 04:39:27,EMP-0358,Employee 358,EMPLOYEE,ACCESS_GRANTED,GRANTED,1,0,0,0,NORMAL,LOW,0
SEC-003961,F001,Smart Campus,B001,Building A,BLK-A1,Block A1,AP-001,Building A Main Entrance,Entrance,2026-01-26 05:03:13,VIS-0175,Visitor 175,VISITOR,ACCESS_GRANTED,GRANTED,1,0,0,0,NORMAL,LOW,0
SEC-003996,F001,Smart Campus,B002,Building B,BLK-B2,Block B2,AP-004,Building B Service Door,Service Area,2026-01-26 05:53:36,EMP-0306,Employee 306,EMPLOYEE,ACCESS_GRANTED,GRANTED,1,0,0,0,NORMAL,LOW,0
SEC-003931,F001,Smart Campus,B001,Building A,BLK-A2,Block A2,AP-002,Building A Side Entrance,Entrance,2026-01-26 06:42:34,EMP-0361,Employee 361,EMPLOYEE,ACCESS_GRANTED,GRANTED,1,0,0,0,NORMAL,LOW,0
SEC-003965,F001,Smart Campus,B003,Building C,BLK-C1,Block C1,AP-005,Building C Main Entrance,Entrance,2026-01-26 06:53:24,EMP-0392,Employee 392,EMPLOYEE,ACCESS_GRANTED,GRANTED,1,0,0,0,NORMAL,LOW,0
SEC-003911,F001,Smart Campus,B002,Building B,BLK-B1,Block B1,AP-003,Building B Main Entrance,Entrance,2026-01-26 07:02:08,EMP-0116,Employee 116,EMPLOYEE,ACCESS_GRANTED,GRANTED,0,0,0,0,NORMAL,NORMAL,0
SEC-003901,F001,Smart Campus,B003,Building C,BLK-C1,Block C1,AP-006,Server Room Access,Restricted Area,2026-01-26 07:12:57,EMP-0369,Employee 369,EMPLOYEE,UNAUTHORIZED_ACCESS,DENIED,0,1,0,0,SUSPICIOUS_ACCESS,HIGH,1
SEC-003995,F001,Smart Campus,B001,Building A,BLK-A2,Block A2,AP-002,Building A Side Entrance,Entrance,2026-01-26 07:14:38,EMP-0257,Employee 257,EMPLOYEE,ACCESS_GRANTED,GRANTED,0,0,0,0,NORMAL,NORMAL,0
SEC-003983,F001,Smart Campus,B002,Building B,BLK-B1,Block B1,AP-003,Building B Main Entrance,Entrance,2026-01-26 07:19:03,CON-0008,Contractor 8,CONTRACTOR,ACCESS_GRANTED,GRANTED,0,0,0,0,NORMAL,NORMAL,0
SEC-003889,F001,Smart Campus,B002,Building B,BLK-B1,Block B1,AP-003,Building B Main Entrance,Entrance,2026-01-26 07:21:44,EMP-0177,Employee 177,EMPLOYEE,TAILGATING,GRANTED,0,0,0,1,TAILGATING,HIGH,1
SEC-003895,F001,Smart Campus,B001,Building A,BLK-A2,Block A2,AP-002,Building A Side Entrance,Entrance,2026-01-26 07:40:10,CON-0112,Contractor 112,CONTRACTOR,ACCESS_GRANTED,GRANTED,0,0,0,0,NORMAL,NORMAL,0
SEC-003884,F001,Smart Campus,B003,Building C,BLK-C1,Block C1,AP-006,Server Room Access,Restricted Area,2026-01-26 07:50:24,CON-0112,Contractor 112,CONTRACTOR,ACCESS_GRANTED,GRANTED,0,0,0,0,NORMAL,NORMAL,0
SEC-003987,F001,Smart Campus,B003,Building C,BLK-C1,Block C1,AP-006,Server Room Access,Restricted Area,2026-01-26 08:02:52,EMP-0070,Employee 70,EMPLOYEE,ACCESS_GRANTED,GRANTED,0,0,0,0,NORMAL,NORMAL,0
SEC-003882,F001,Smart Campus,B001,Building A,BLK-A2,Block A2,AP-002,Building A Side Entrance,Entrance,2026-01-26 08:10:44,EMP-0425,Employee 425,EMPLOYEE,ACCESS_GRANTED,GRANTED,0,0,0,0,NORMAL,NORMAL,0
SEC-003927,F001,Smart Campus,B001,Building A,BLK-A2,Block A2,AP-002,Building A Side Entrance,Entrance,2026-01-26 08:21:27,EMP-0160,Employee 160,EMPLOYEE,ACCESS_GRANTED,GRANTED,0,0,0,0,NORMAL,NORMAL,0
SEC-003907,F001,Smart Campus,B001,Building A,BLK-A1,Block A1,AP-001,Building A Main Entrance,Entrance,2026-01-26 08:22:47,VIS-0056,Visitor 56,VISITOR,ACCESS_GRANTED,GRANTED,0,0,0,0,NORMAL,NORMAL,0
SEC-003992,F001,Smart Campus,B002,Building B,BLK-B2,Block B2,AP-004,Building B Service Door,Service Area,2026-01-26 08:36:37,EMP-0100,Employee 100,EMPLOYEE,ACCESS_GRANTED,GRANTED,0,0,0,0,NORMAL,NORMAL,0
SEC-003960,F001,Smart Campus,B003,Building C,BLK-C1,Block C1,AP-005,Building C Main Entrance,Entrance,2026-01-26 08:48:08,VIS-0167,Visitor 167,VISITOR,ACCESS_GRANTED,GRANTED,0,0,0,0,NORMAL,NORMAL,0
SEC-003906,F001,Smart Campus,B002,Building B,BLK-B2,Block B2,AP-004,Building B Service Door,Service Area,2026-01-26 08:50:39,EMP-0188,Employee 188,EMPLOYEE,ACCESS_GRANTED,GRANTED,0,0,0,0,NORMAL,NORMAL,0
SEC-003970,F001,Smart Campus,B002,Building B,BLK-B2,Block B2,AP-004,Building B Service Door,Service Area,2026-01-26 08:53:32,CON-0122,Contractor 122,CONTRACTOR,ACCESS_GRANTED,GRANTED,0,0,0,0,NORMAL,NORMAL,0
SEC-003892,F001,Smart Campus,B003,Building C,BLK-C1,Block C1,AP-005,Building C Main Entrance,Entrance,2026-01-26 09:00:15,EMP-0269,Employee 269,EMPLOYEE,ACCESS_GRANTED,GRANTED,0,0,0,0,NORMAL,NORMAL,0
SEC-003893,F001,Smart Campus,B002,Building B,BLK-B1,Block B1,AP-003,Building B Main Entrance,Entrance,2026-01-26 09:11:32,EMP-0284,Employee 284,EMPLOYEE,UNAUTHORIZED_ACCESS,DENIED,0,1,0,0,SUSPICIOUS_ACCESS,HIGH,1
SEC-003951,F001,Smart Campus,B002,Building B,BLK-B1,Block B1,AP-003,Building B Main Entrance,Entrance,2026-01-26 09:26:08,EMP-0401,Employee 401,EMPLOYEE,ACCESS_GRANTED,GRANTED,0,0,0,0,NORMAL,NORMAL,0
SEC-003956,F001,Smart Campus,B003,Building C,BLK-C1,Block C1,AP-005,Building C Main Entrance,Entrance,2026-01-26 09:30:06,VIS-0129,Visitor 129,VISITOR,ACCESS_GRANTED,GRANTED,0,0,0,0,NORMAL,NORMAL,0
SEC-003900,F001,Smart Campus,B003,Building C,BLK-C1,Block C1,AP-005,Building C Main Entrance,Entrance,2026-01-26 09:31:55,EMP-0305,Employee 305,EMPLOYEE,ACCESS_GRANTED,GRANTED,0,0,0,0,NORMAL,NORMAL,0
SEC-003977,F001,Smart Campus,B001,Building A,BLK-A2,Block A2,AP-002,Building A Side Entrance,Entrance,2026-01-26 09:53:36,EMP-0192,Employee 192,EMPLOYEE,ACCESS_GRANTED,GRANTED,0,0,0,0,NORMAL,NORMAL,0
SEC-003899,F001,Smart Campus,B002,Building B,BLK-B2,Block B2,AP-004,Building B Service Door,Service Area,2026-01-26 09:59:50,VIS-0240,Visitor 240,VISITOR,ACCESS_GRANTED,GRANTED,0,0,0,0,NORMAL,NORMAL,0
SEC-003974,F001,Smart Campus,B003,Building C,BLK-C1,Block C1,AP-006,Server Room Access,Restricted Area,2026-01-26 10:08:48,EMP-0265,Employee 265,EMPLOYEE,ACCESS_GRANTED,GRANTED,0,0,0,0,NORMAL,NORMAL,0
SEC-003878,F001,Smart Campus,B003,Building C,BLK-C1,Block C1,AP-006,Server Room Access,Restricted Area,2026-01-26 10:40:06,CON-0147,Contractor 147,CONTRACTOR,ACCESS_GRANTED,GRANTED,0,0,0,0,NORMAL,NORMAL,0
SEC-003930,F001,Smart Campus,B002,Building B,BLK-B2,Block B2,AP-004,Building B Service Door,Service Area,2026-01-26 10:43:49,EMP-0064,Employee 64,EMPLOYEE,TAILGATING,GRANTED,0,0,0,1,TAILGATING,HIGH,1
SEC-003941,F001,Smart Campus,B001,Building A,BLK-A1,Block A1,AP-001,Building A Main Entrance,Entrance,2026-01-26 10:48:11,VIS-0114,Visitor 114,VISITOR,ACCESS_GRANTED,GRANTED,0,0,0,0,NORMAL,NORMAL,0
SEC-003916,F001,Smart Campus,B001,Building A,BLK-A2,Block A2,AP-002,Building A Side Entrance,Entrance,2026-01-26 10:53:57,EMP-0447,Employee 447,EMPLOYEE,ACCESS_GRANTED,GRANTED,0,0,0,0,NORMAL,NORMAL,0
SEC-003968,F001,Smart Campus,B001,Building A,BLK-A1,Block A1,AP-001,Building A Main Entrance,Entrance,2026-01-26 11:02:39,EMP-0172,Employee 172,EMPLOYEE,ACCESS_GRANTED,GRANTED,0,0,0,0,NORMAL,NORMAL,0
SEC-004001,F001,Smart Campus,B002,Building B,BLK-B2,Block B2,AP-004,Building B Service Door,Service Area,2026-01-26 11:04:08,EMP-0202,Employee 202,EMPLOYEE,ACCESS_GRANTED,GRANTED,0,0,0,0,NORMAL,NORMAL,0
SEC-003885,F001,Smart Campus,B001,Building A,BLK-A1,Block A1,AP-001,Building A Main Entrance,Entrance,2026-01-26 11:05:05,VIS-0218,Visitor 218,VISITOR,ACCESS_GRANTED,GRANTED,0,0,0,0,NORMAL,NORMAL,0
SEC-003920,F001,Smart Campus,B003,Building C,BLK-C1,Block C1,AP-006,Server Room Access,Restricted Area,2026-01-26 11:09:07,EMP-0058,Employee 58,EMPLOYEE,ACCESS_GRANTED,GRANTED,0,0,0,0,NORMAL,NORMAL,0
SEC-003984,F001,Smart Campus,B001,Building A,BLK-A2,Block A2,AP-002,Building A Side Entrance,Entrance,2026-01-26 11:11:56,EMP-0252,Employee 252,EMPLOYEE,ACCESS_GRANTED,GRANTED,0,0,0,0,NORMAL,NORMAL,0
SEC-003945,F001,Smart Campus,B002,Building B,BLK-B2,Block B2,AP-004,Building B Service Door,Service Area,2026-01-26 11:31:17,VIS-0133,Visitor 133,VISITOR,ACCESS_GRANTED,GRANTED,0,0,0,0,NORMAL,NORMAL,0
SEC-003929,F001,Smart Campus,B002,Building B,BLK-B1,Block B1,AP-003,Building B Main Entrance,Entrance,2026-01-26 11:34:57,VIS-0090,Visitor 90,VISITOR,ACCESS_GRANTED,GRANTED,0,0,0,0,NORMAL,NORMAL,0
SEC-003890,F001,Smart Campus,B002,Building B,BLK-B1,Block B1,AP-003,Building B Main Entrance,Entrance,2026-01-26 11:41:49,EMP-0111,Employee 111,EMPLOYEE,ACCESS_GRANTED,GRANTED,0,0,0,0,NORMAL,NORMAL,0
SEC-004000,F001,Smart Campus,B001,Building A,BLK-A1,Block A1,AP-001,Building A Main Entrance,Entrance,2026-01-26 11:47:26,EMP-0010,Employee 10,EMPLOYEE,ACCESS_GRANTED,GRANTED,0,0,0,0,NORMAL,NORMAL,0
SEC-003886,F001,Smart Campus,B001,Building A,BLK-A1,Block A1,AP-001,Building A Main Entrance,Entrance,2026-01-26 11:49:08,CON-0085,Contractor 85,CONTRACTOR,ACCESS_GRANTED,GRANTED,0,0,0,0,NORMAL,NORMAL,0
SEC-003979,F001,Smart Campus,B003,Building C,BLK-C1,Block C1,AP-005,Building C Main Entrance,Entrance,2026-01-26 11:49:20,EMP-0490,Employee 490,EMPLOYEE,ACCESS_GRANTED,GRANTED,0,0,0,0,NORMAL,NORMAL,0
SEC-003985,F001,Smart Campus,B001,Building A,BLK-A2,Block A2,AP-002,Building A Side Entrance,Entrance,2026-01-26 11:56:40,EMP-0411,Employee 411,EMPLOYEE,ACCESS_GRANTED,GRANTED,0,0,0,0,NORMAL,NORMAL,0
SEC-003918,F001,Smart Campus,B003,Building C,BLK-C1,Block C1,AP-005,Building C Main Entrance,Entrance,2026-01-26 12:08:50,EMP-0302,Employee 302,EMPLOYEE,ACCESS_GRANTED,GRANTED,0,0,0,0,NORMAL,NORMAL,0
SEC-003898,F001,Smart Campus,B003,Building C,BLK-C1,Block C1,AP-006,Server Room Access,Restricted Area,2026-01-26 12:12:16,EMP-0258,Employee 258,EMPLOYEE,ACCESS_GRANTED,GRANTED,0,0,0,0,NORMAL,NORMAL,0
SEC-003950,F001,Smart Campus,B001,Building A,BLK-A1,Block A1,AP-001,Building A Main Entrance,Entrance,2026-01-26 12:29:26,EMP-0053,Employee 53,EMPLOYEE,ACCESS_GRANTED,GRANTED,0,0,0,0,NORMAL,NORMAL,0
SEC-003990,F001,Smart Campus,B002,Building B,BLK-B2,Block B2,AP-004,Building B Service Door,Service Area,2026-01-26 12:30:03,CON-0082,Contractor 82,CONTRACTOR,ACCESS_GRANTED,GRANTED,0,0,0,0,NORMAL,NORMAL,0
SEC-003925,F001,Smart Campus,B002,Building B,BLK-B1,Block B1,AP-003,Building B Main Entrance,Entrance,2026-01-26 12:33:46,VIS-0017,Visitor 17,VISITOR,ACCESS_GRANTED,GRANTED,0,0,0,0,NORMAL,NORMAL,0
SEC-003902,F001,Smart Campus,B001,Building A,BLK-A2,Block A2,AP-002,Building A Side Entrance,Entrance,2026-01-26 12:48:54,VIS-0289,Visitor 289,VISITOR,ACCESS_DENIED,DENIED,0,0,0,0,NORMAL,MEDIUM,1
SEC-003921,F001,Smart Campus,B002,Building B,BLK-B2,Block B2,AP-004,Building B Service Door,Service Area,2026-01-26 12:51:17,EMP-0290,Employee 290,EMPLOYEE,ACCESS_GRANTED,GRANTED,0,0,0,0,NORMAL,NORMAL,0
SEC-003937,F001,Smart Campus,B003,Building C,BLK-C1,Block C1,AP-006,Server Room Access,Restricted Area,2026-01-26 12:55:10,EMP-0338,Employee 338,EMPLOYEE,ACCESS_GRANTED,GRANTED,0,0,0,0,NORMAL,NORMAL,0
SEC-003944,F001,Smart Campus,B002,Building B,BLK-B1,Block B1,AP-003,Building B Main Entrance,Entrance,2026-01-26 13:05:03,EMP-0316,Employee 316,EMPLOYEE,ACCESS_GRANTED,GRANTED,0,0,0,0,NORMAL,NORMAL,0
SEC-004005,F001,Smart Campus,B003,Building C,BLK-C1,Block C1,AP-005,Building C Main Entrance,Entrance,2026-01-26 13:17:07,EMP-0336,Employee 336,EMPLOYEE,ACCESS_GRANTED,GRANTED,0,0,0,0,NORMAL,NORMAL,0
SEC-003874,F001,Smart Campus,B002,Building B,BLK-B1,Block B1,AP-003,Building B Main Entrance,Entrance,2026-01-26 13:17:50,CON-0124,Contractor 124,CONTRACTOR,ACCESS_GRANTED,GRANTED,0,0,0,0,NORMAL,NORMAL,0
SEC-004003,F001,Smart Campus,B001,Building A,BLK-A2,Block A2,AP-002,Building A Side Entrance,Entrance,2026-01-26 13:27:11,EMP-0337,Employee 337,EMPLOYEE,TAILGATING,DENIED,0,0,0,1,TAILGATING,HIGH,1
SEC-003875,F001,Smart Campus,B003,Building C,BLK-C1,Block C1,AP-006,Server Room Access,Restricted Area,2026-01-26 13:31:20,EMP-0008,Employee 8,EMPLOYEE,ACCESS_GRANTED,GRANTED,0,0,0,0,NORMAL,NORMAL,0
SEC-003946,F001,Smart Campus,B002,Building B,BLK-B1,Block B1,AP-003,Building B Main Entrance,Entrance,2026-01-26 13:33:18,EMP-0108,Employee 108,EMPLOYEE,ACCESS_GRANTED,GRANTED,0,0,0,0,NORMAL,NORMAL,0
SEC-003994,F001,Smart Campus,B002,Building B,BLK-B2,Block B2,AP-004,Building B Service Door,Service Area,2026-01-26 13:49:10,EMP-0157,Employee 157,EMPLOYEE,ACCESS_GRANTED,GRANTED,0,0,0,0,NORMAL,NORMAL,0
SEC-003954,F001,Smart Campus,B003,Building C,BLK-C1,Block C1,AP-006,Server Room Access,Restricted Area,2026-01-26 13:51:11,VIS-0177,Visitor 177,VISITOR,ACCESS_GRANTED,GRANTED,0,0,0,0,NORMAL,NORMAL,0
SEC-003922,F001,Smart Campus,B003,Building C,BLK-C1,Block C1,AP-005,Building C Main Entrance,Entrance,2026-01-26 13:59:08,CON-0111,Contractor 111,CONTRACTOR,ACCESS_GRANTED,GRANTED,0,0,0,0,NORMAL,NORMAL,0
SEC-003993,F001,Smart Campus,B002,Building B,BLK-B2,Block B2,AP-004,Building B Service Door,Service Area,2026-01-26 14:00:42,VIS-0251,Visitor 251,VISITOR,FORCED_ENTRY,DENIED,0,0,1,0,FORCED_ENTRY,CRITICAL,1
SEC-003926,F001,Smart Campus,B002,Building B,BLK-B2,Block B2,AP-004,Building B Service Door,Service Area,2026-01-26 14:15:42,EMP-0286,Employee 286,EMPLOYEE,ACCESS_GRANTED,GRANTED,0,0,0,0,NORMAL,NORMAL,0
SEC-003980,F001,Smart Campus,B003,Building C,BLK-C1,Block C1,AP-005,Building C Main Entrance,Entrance,2026-01-26 14:24:09,EMP-0326,Employee 326,EMPLOYEE,ACCESS_GRANTED,GRANTED,0,0,0,0,NORMAL,NORMAL,0
SEC-004007,F001,Smart Campus,B003,Building C,BLK-C1,Block C1,AP-006,Server Room Access,Restricted Area,2026-01-26 14:52:27,EMP-0108,Employee 108,EMPLOYEE,ACCESS_GRANTED,GRANTED,0,0,0,0,NORMAL,NORMAL,0
SEC-004004,F001,Smart Campus,B001,Building A,BLK-A2,Block A2,AP-002,Building A Side Entrance,Entrance,2026-01-26 15:03:30,CON-0016,Contractor 16,CONTRACTOR,ACCESS_GRANTED,GRANTED,0,0,0,0,NORMAL,NORMAL,0
SEC-003908,F001,Smart Campus,B003,Building C,BLK-C1,Block C1,AP-005,Building C Main Entrance,Entrance,2026-01-26 15:04:07,EMP-0237,Employee 237,EMPLOYEE,ACCESS_GRANTED,GRANTED,0,0,0,0,NORMAL,NORMAL,0
SEC-003971,F001,Smart Campus,B002,Building B,BLK-B2,Block B2,AP-004,Building B Service Door,Service Area,2026-01-26 15:19:22,VIS-0252,Visitor 252,VISITOR,ACCESS_GRANTED,GRANTED,0,0,0,0,NORMAL,NORMAL,0
SEC-003999,F001,Smart Campus,B003,Building C,BLK-C1,Block C1,AP-006,Server Room Access,Restricted Area,2026-01-26 15:23:50,VIS-0168,Visitor 168,VISITOR,ACCESS_GRANTED,GRANTED,0,0,0,0,NORMAL,NORMAL,0
SEC-003891,F001,Smart Campus,B003,Building C,BLK-C1,Block C1,AP-006,Server Room Access,Restricted Area,2026-01-26 15:28:31,CON-0050,Contractor 50,CONTRACTOR,ACCESS_GRANTED,GRANTED,0,0,0,0,NORMAL,NORMAL,0
SEC-003997,F001,Smart Campus,B002,Building B,BLK-B1,Block B1,AP-003,Building B Main Entrance,Entrance,2026-01-26 15:31:44,EMP-0364,Employee 364,EMPLOYEE,ACCESS_GRANTED,GRANTED,0,0,0,0,NORMAL,NORMAL,0
SEC-003904,F001,Smart Campus,B001,Building A,BLK-A2,Block A2,AP-002,Building A Side Entrance,Entrance,2026-01-26 15:38:46,VIS-0187,Visitor 187,VISITOR,ACCESS_GRANTED,GRANTED,0,0,0,0,NORMAL,NORMAL,0
SEC-003955,F001,Smart Campus,B001,Building A,BLK-A1,Block A1,AP-001,Building A Main Entrance,Entrance,2026-01-26 15:56:08,EMP-0386,Employee 386,EMPLOYEE,ACCESS_GRANTED,GRANTED,0,0,0,0,NORMAL,NORMAL,0
SEC-003933,F001,Smart Campus,B002,Building B,BLK-B2,Block B2,AP-004,Building B Service Door,Service Area,2026-01-26 16:06:43,CON-0033,Contractor 33,CONTRACTOR,ACCESS_GRANTED,GRANTED,0,0,0,0,NORMAL,NORMAL,0
SEC-003876,F001,Smart Campus,B003,Building C,BLK-C1,Block C1,AP-006,Server Room Access,Restricted Area,2026-01-26 16:17:02,EMP-0047,Employee 47,EMPLOYEE,ACCESS_GRANTED,GRANTED,0,0,0,0,NORMAL,NORMAL,0
SEC-003958,F001,Smart Campus,B003,Building C,BLK-C1,Block C1,AP-006,Server Room Access,Restricted Area,2026-01-26 16:26:54,EMP-0259,Employee 259,EMPLOYEE,ACCESS_GRANTED,GRANTED,0,0,0,0,NORMAL,NORMAL,0
SEC-003909,F001,Smart Campus,B001,Building A,BLK-A1,Block A1,AP-001,Building A Main Entrance,Entrance,2026-01-26 16:28:56,EMP-0012,Employee 12,EMPLOYEE,ACCESS_GRANTED,GRANTED,0,0,0,0,NORMAL,NORMAL,0
SEC-003877,F001,Smart Campus,B003,Building C,BLK-C1,Block C1,AP-006,Server Room Access,Restricted Area,2026-01-26 16:29:06,EMP-0211,Employee 211,EMPLOYEE,ACCESS_GRANTED,GRANTED,0,0,0,0,NORMAL,NORMAL,0
SEC-003919,F001,Smart Campus,B003,Building C,BLK-C1,Block C1,AP-005,Building C Main Entrance,Entrance,2026-01-26 16:35:37,EMP-0096,Employee 96,EMPLOYEE,ACCESS_GRANTED,GRANTED,0,0,0,0,NORMAL,NORMAL,0
SEC-003982,F001,Smart Campus,B003,Building C,BLK-C1,Block C1,AP-006,Server Room Access,Restricted Area,2026-01-26 16:45:55,EMP-0477,Employee 477,EMPLOYEE,ACCESS_GRANTED,GRANTED,0,0,0,0,NORMAL,NORMAL,0
SEC-003953,F001,Smart Campus,B001,Building A,BLK-A2,Block A2,AP-002,Building A Side Entrance,Entrance,2026-01-26 16:49:51,EMP-0149,Employee 149,EMPLOYEE,ACCESS_GRANTED,GRANTED,0,0,0,0,NORMAL,NORMAL,0
SEC-003917,F001,Smart Campus,B003,Building C,BLK-C1,Block C1,AP-006,Server Room Access,Restricted Area,2026-01-26 16:53:20,CON-0014,Contractor 14,CONTRACTOR,ACCESS_GRANTED,GRANTED,0,0,0,0,NORMAL,NORMAL,0
SEC-003947,F001,Smart Campus,B001,Building A,BLK-A1,Block A1,AP-001,Building A Main Entrance,Entrance,2026-01-26 17:09:00,CON-0125,Contractor 125,CONTRACTOR,ACCESS_GRANTED,GRANTED,0,0,0,0,NORMAL,NORMAL,0
SEC-003924,F001,Smart Campus,B003,Building C,BLK-C1,Block C1,AP-006,Server Room Access,Restricted Area,2026-01-26 17:23:25,EMP-0233,Employee 233,EMPLOYEE,ACCESS_GRANTED,GRANTED,0,0,0,0,NORMAL,NORMAL,0
SEC-003912,F001,Smart Campus,B002,Building B,BLK-B1,Block B1,AP-003,Building B Main Entrance,Entrance,2026-01-26 17:26:40,EMP-0005,Employee 5,EMPLOYEE,ACCESS_GRANTED,GRANTED,0,0,0,0,NORMAL,NORMAL,0
SEC-003932,F001,Smart Campus,B002,Building B,BLK-B1,Block B1,AP-003,Building B Main Entrance,Entrance,2026-01-26 17:28:50,EMP-0355,Employee 355,EMPLOYEE,ACCESS_GRANTED,GRANTED,0,0,0,0,NORMAL,NORMAL,0
SEC-003948,F001,Smart Campus,B003,Building C,BLK-C1,Block C1,AP-005,Building C Main Entrance,Entrance,2026-01-26 17:37:40,EMP-0245,Employee 245,EMPLOYEE,ACCESS_GRANTED,GRANTED,0,0,0,0,NORMAL,NORMAL,0
SEC-003880,F001,Smart Campus,B001,Building A,BLK-A2,Block A2,AP-002,Building A Side Entrance,Entrance,2026-01-26 17:43:44,VIS-0196,Visitor 196,VISITOR,ACCESS_GRANTED,GRANTED,0,0,0,0,NORMAL,NORMAL,0
SEC-003928,F001,Smart Campus,B001,Building A,BLK-A1,Block A1,AP-001,Building A Main Entrance,Entrance,2026-01-26 17:56:38,EMP-0459,Employee 459,EMPLOYEE,ACCESS_GRANTED,GRANTED,0,0,0,0,NORMAL,NORMAL,0
SEC-003978,F001,Smart Campus,B003,Building C,BLK-C1,Block C1,AP-005,Building C Main Entrance,Entrance,2026-01-26 18:04:01,EMP-0403,Employee 403,EMPLOYEE,ACCESS_GRANTED,GRANTED,0,0,0,0,NORMAL,NORMAL,0
SEC-003888,F001,Smart Campus,B001,Building A,BLK-A2,Block A2,AP-002,Building A Side Entrance,Entrance,2026-01-26 18:10:57,EMP-0433,Employee 433,EMPLOYEE,ACCESS_GRANTED,GRANTED,0,0,0,0,NORMAL,NORMAL,0
SEC-003959,F001,Smart Campus,B003,Building C,BLK-C1,Block C1,AP-006,Server Room Access,Restricted Area,2026-01-26 18:16:34,EMP-0264,Employee 264,EMPLOYEE,ACCESS_GRANTED,GRANTED,0,0,0,0,NORMAL,NORMAL,0
SEC-003942,F001,Smart Campus,B001,Building A,BLK-A1,Block A1,AP-001,Building A Main Entrance,Entrance,2026-01-26 18:22:29,EMP-0417,Employee 417,EMPLOYEE,ACCESS_GRANTED,GRANTED,0,0,0,0,NORMAL,NORMAL,0
SEC-003943,F001,Smart Campus,B002,Building B,BLK-B1,Block B1,AP-003,Building B Main Entrance,Entrance,2026-01-26 18:24:27,EMP-0480,Employee 480,EMPLOYEE,ACCESS_GRANTED,GRANTED,0,0,0,0,NORMAL,NORMAL,0
SEC-003962,F001,Smart Campus,B003,Building C,BLK-C1,Block C1,AP-006,Server Room Access,Restricted Area,2026-01-26 18:26:39,EMP-0220,Employee 220,EMPLOYEE,ACCESS_GRANTED,GRANTED,0,0,0,0,NORMAL,NORMAL,0
SEC-003936,F001,Smart Campus,B003,Building C,BLK-C1,Block C1,AP-005,Building C Main Entrance,Entrance,2026-01-26 18:44:42,VIS-0126,Visitor 126,VISITOR,ACCESS_GRANTED,GRANTED,0,0,0,0,NORMAL,NORMAL,0
SEC-003969,F001,Smart Campus,B002,Building B,BLK-B2,Block B2,AP-004,Building B Service Door,Service Area,2026-01-26 18:58:08,VIS-0028,Visitor 28,VISITOR,ACCESS_GRANTED,GRANTED,0,0,0,0,NORMAL,NORMAL,0
SEC-003905,F001,Smart Campus,B001,Building A,BLK-A2,Block A2,AP-002,Building A Side Entrance,Entrance,2026-01-26 19:14:53,EMP-0281,Employee 281,EMPLOYEE,UNAUTHORIZED_ACCESS,DENIED,0,1,0,0,SUSPICIOUS_ACCESS,HIGH,1
SEC-003910,F001,Smart Campus,B001,Building A,BLK-A2,Block A2,AP-002,Building A Side Entrance,Entrance,2026-01-26 19:23:04,EMP-0481,Employee 481,EMPLOYEE,ACCESS_GRANTED,GRANTED,0,0,0,0,NORMAL,NORMAL,0
SEC-003935,F001,Smart Campus,B001,Building A,BLK-A1,Block A1,AP-001,Building A Main Entrance,Entrance,2026-01-26 19:40:45,EMP-0160,Employee 160,EMPLOYEE,ACCESS_GRANTED,GRANTED,0,0,0,0,NORMAL,NORMAL,0
SEC-003896,F001,Smart Campus,B003,Building C,BLK-C1,Block C1,AP-006,Server Room Access,Restricted Area,2026-01-26 19:45:31,EMP-0213,Employee 213,EMPLOYEE,ACCESS_GRANTED,GRANTED,0,0,0,0,NORMAL,NORMAL,0
SEC-003952,F001,Smart Campus,B003,Building C,BLK-C1,Block C1,AP-005,Building C Main Entrance,Entrance,2026-01-26 19:53:25,VIS-0173,Visitor 173,VISITOR,ACCESS_GRANTED,GRANTED,0,0,0,0,NORMAL,NORMAL,0
SEC-003986,F001,Smart Campus,B001,Building A,BLK-A1,Block A1,AP-001,Building A Main Entrance,Entrance,2026-01-26 19:56:30,EMP-0475,Employee 475,EMPLOYEE,ACCESS_GRANTED,GRANTED,0,0,0,0,NORMAL,NORMAL,0
SEC-003991,F001,Smart Campus,B002,Building B,BLK-B2,Block B2,AP-004,Building B Service Door,Service Area,2026-01-26 19:59:54,EMP-0262,Employee 262,EMPLOYEE,ACCESS_GRANTED,GRANTED,0,0,0,0,NORMAL,NORMAL,0
SEC-003883,F001,Smart Campus,B003,Building C,BLK-C1,Block C1,AP-006,Server Room Access,Restricted Area,2026-01-26 20:04:48,CON-0140,Contractor 140,CONTRACTOR,ACCESS_GRANTED,GRANTED,0,0,0,0,NORMAL,NORMAL,0
SEC-003897,F001,Smart Campus,B002,Building B,BLK-B1,Block B1,AP-003,Building B Main Entrance,Entrance,2026-01-26 20:16:46,EMP-0209,Employee 209,EMPLOYEE,ACCESS_GRANTED,GRANTED,0,0,0,0,NORMAL,NORMAL,0
SEC-003934,F001,Smart Campus,B003,Building C,BLK-C1,Block C1,AP-005,Building C Main Entrance,Entrance,2026-01-26 20:17:18,EMP-0147,Employee 147,EMPLOYEE,ACCESS_GRANTED,GRANTED,0,0,0,0,NORMAL,NORMAL,0
SEC-003972,F001,Smart Campus,B001,Building A,BLK-A1,Block A1,AP-001,Building A Main Entrance,Entrance,2026-01-26 20:38:05,EMP-0493,Employee 493,EMPLOYEE,ACCESS_GRANTED,GRANTED,0,0,0,0,NORMAL,NORMAL,0
SEC-004006,F001,Smart Campus,B003,Building C,BLK-C1,Block C1,AP-005,Building C Main Entrance,Entrance,2026-01-26 20:48:50,VIS-0115,Visitor 115,VISITOR,ACCESS_GRANTED,GRANTED,0,0,0,0,NORMAL,NORMAL,0
SEC-003964,F001,Smart Campus,B003,Building C,BLK-C1,Block C1,AP-006,Server Room Access,Restricted Area,2026-01-26 20:53:05,EMP-0189,Employee 189,EMPLOYEE,ACCESS_GRANTED,GRANTED,0,0,0,0,NORMAL,NORMAL,0
SEC-003914,F001,Smart Campus,B003,Building C,BLK-C1,Block C1,AP-005,Building C Main Entrance,Entrance,2026-01-26 20:56:55,EMP-0041,Employee 41,EMPLOYEE,ACCESS_GRANTED,GRANTED,0,0,0,0,NORMAL,NORMAL,0
SEC-004002,F001,Smart Campus,B001,Building A,BLK-A1,Block A1,AP-001,Building A Main Entrance,Entrance,2026-01-26 20:57:20,EMP-0379,Employee 379,EMPLOYEE,ACCESS_GRANTED,GRANTED,0,0,0,0,NORMAL,NORMAL,0
SEC-003998,F001,Smart Campus,B001,Building A,BLK-A2,Block A2,AP-002,Building A Side Entrance,Entrance,2026-01-26 20:59:25,EMP-0014,Employee 14,EMPLOYEE,ACCESS_DENIED,DENIED,0,0,0,0,NORMAL,MEDIUM,1
SEC-003887,F001,Smart Campus,B001,Building A,BLK-A1,Block A1,AP-001,Building A Main Entrance,Entrance,2026-01-26 21:01:55,VIS-0168,Visitor 168,VISITOR,ACCESS_GRANTED,GRANTED,1,0,0,0,NORMAL,LOW,0
SEC-003913,F001,Smart Campus,B001,Building A,BLK-A2,Block A2,AP-002,Building A Side Entrance,Entrance,2026-01-26 21:26:47,EMP-0329,Employee 329,EMPLOYEE,ACCESS_GRANTED,GRANTED,1,0,0,0,NORMAL,LOW,0
SEC-003988,F001,Smart Campus,B002,Building B,BLK-B1,Block B1,AP-003,Building B Main Entrance,Entrance,2026-01-26 21:49:21,CON-0126,Contractor 126,CONTRACTOR,ACCESS_GRANTED,GRANTED,1,0,0,0,NORMAL,LOW,0
SEC-003967,F001,Smart Campus,B003,Building C,BLK-C1,Block C1,AP-006,Server Room Access,Restricted Area,2026-01-26 22:16:12,EMP-0462,Employee 462,EMPLOYEE,ACCESS_GRANTED,GRANTED,1,0,0,0,NORMAL,LOW,0
SEC-003966,F001,Smart Campus,B001,Building A,BLK-A1,Block A1,AP-001,Building A Main Entrance,Entrance,2026-01-26 23:14:13,CON-0113,Contractor 113,CONTRACTOR,ACCESS_GRANTED,GRANTED,1,0,0,0,AFTER_HOURS_MOVEMENT,LOW,0
SEC-003975,F001,Smart Campus,B003,Building C,BLK-C1,Block C1,AP-006,Server Room Access,Restricted Area,2026-01-26 23:33:19,EMP-0011,Employee 11,EMPLOYEE,ACCESS_GRANTED,GRANTED,1,0,0,0,NORMAL,LOW,0
SEC-003973,F001,Smart Campus,B001,Building A,BLK-A1,Block A1,AP-001,Building A Main Entrance,Entrance,2026-01-26 23:45:58,CON-0058,Contractor 58,CONTRACTOR,ACCESS_GRANTED,GRANTED,1,0,0,0,NORMAL,LOW,0
SEC-004035,F001,Smart Campus,B002,Building B,BLK-B2,Block B2,AP-004,Building B Service Door,Service Area,2026-01-27 00:43:24,EMP-0308,Employee 308,EMPLOYEE,ACCESS_GRANTED,GRANTED,1,0,0,0,NORMAL,LOW,0
SEC-004117,F001,Smart Campus,B001,Building A,BLK-A2,Block A2,AP-002,Building A Side Entrance,Entrance,2026-01-27 00:45:42,EMP-0182,Employee 182,EMPLOYEE,ACCESS_GRANTED,GRANTED,1,0,0,0,NORMAL,LOW,0
SEC-004054,F001,Smart Campus,B002,Building B,BLK-B1,Block B1,AP-003,Building B Main Entrance,Entrance,2026-01-27 00:58:05,VIS-0139,Visitor 139,VISITOR,ACCESS_GRANTED,GRANTED,1,0,0,0,NORMAL,LOW,0
SEC-004086,F001,Smart Campus,B002,Building B,BLK-B1,Block B1,AP-003,Building B Main Entrance,Entrance,2026-01-27 01:12:43,EMP-0415,Employee 415,EMPLOYEE,ACCESS_GRANTED,GRANTED,1,0,0,0,NORMAL,LOW,0
SEC-004061,F001,Smart Campus,B001,Building A,BLK-A1,Block A1,AP-001,Building A Main Entrance,Entrance,2026-01-27 02:11:24,EMP-0138,Employee 138,EMPLOYEE,ACCESS_GRANTED,GRANTED,1,0,0,0,NORMAL,LOW,0
SEC-004064,F001,Smart Campus,B002,Building B,BLK-B2,Block B2,AP-004,Building B Service Door,Service Area,2026-01-27 02:31:32,EMP-0097,Employee 97,EMPLOYEE,ACCESS_GRANTED,GRANTED,1,0,0,0,NORMAL,LOW,0
SEC-004011,F001,Smart Campus,B001,Building A,BLK-A2,Block A2,AP-002,Building A Side Entrance,Entrance,2026-01-27 02:38:58,VIS-0180,Visitor 180,VISITOR,UNAUTHORIZED_ACCESS,DENIED,1,1,0,0,SUSPICIOUS_ACCESS,CRITICAL,1
SEC-004025,F001,Smart Campus,B002,Building B,BLK-B1,Block B1,AP-003,Building B Main Entrance,Entrance,2026-01-27 03:02:00,EMP-0006,Employee 6,EMPLOYEE,ACCESS_GRANTED,GRANTED,1,0,0,0,NORMAL,LOW,0
SEC-004045,F001,Smart Campus,B003,Building C,BLK-C1,Block C1,AP-005,Building C Main Entrance,Entrance,2026-01-27 03:52:51,EMP-0359,Employee 359,EMPLOYEE,ACCESS_GRANTED,GRANTED,1,0,0,0,NORMAL,LOW,0
SEC-004048,F001,Smart Campus,B001,Building A,BLK-A1,Block A1,AP-001,Building A Main Entrance,Entrance,2026-01-27 04:11:16,EMP-0117,Employee 117,EMPLOYEE,ACCESS_GRANTED,GRANTED,1,0,0,0,AFTER_HOURS_MOVEMENT,LOW,0
SEC-004030,F001,Smart Campus,B001,Building A,BLK-A2,Block A2,AP-002,Building A Side Entrance,Entrance,2026-01-27 04:20:22,CON-0087,Contractor 87,CONTRACTOR,ACCESS_GRANTED,GRANTED,1,0,0,0,NORMAL,LOW,0
SEC-004044,F001,Smart Campus,B002,Building B,BLK-B2,Block B2,AP-004,Building B Service Door,Service Area,2026-01-27 05:01:22,EMP-0428,Employee 428,EMPLOYEE,ACCESS_GRANTED,GRANTED,1,0,0,0,NORMAL,LOW,0
SEC-004099,F001,Smart Campus,B001,Building A,BLK-A2,Block A2,AP-002,Building A Side Entrance,Entrance,2026-01-27 05:04:31,EMP-0147,Employee 147,EMPLOYEE,ACCESS_GRANTED,GRANTED,1,0,0,0,NORMAL,LOW,0
SEC-004023,F001,Smart Campus,B002,Building B,BLK-B1,Block B1,AP-003,Building B Main Entrance,Entrance,2026-01-27 05:15:24,VIS-0290,Visitor 290,VISITOR,ACCESS_GRANTED,GRANTED,1,0,0,0,NORMAL,LOW,0
SEC-004120,F001,Smart Campus,B003,Building C,BLK-C1,Block C1,AP-005,Building C Main Entrance,Entrance,2026-01-27 05:35:24,EMP-0312,Employee 312,EMPLOYEE,ACCESS_GRANTED,GRANTED,1,0,0,0,NORMAL,LOW,0
SEC-004139,F001,Smart Campus,B001,Building A,BLK-A2,Block A2,AP-002,Building A Side Entrance,Entrance,2026-01-27 06:27:31,EMP-0206,Employee 206,EMPLOYEE,ACCESS_GRANTED,GRANTED,1,0,0,0,NORMAL,LOW,0
SEC-004112,F001,Smart Campus,B002,Building B,BLK-B2,Block B2,AP-004,Building B Service Door,Service Area,2026-01-27 06:36:36,EMP-0112,Employee 112,EMPLOYEE,ACCESS_DENIED,DENIED,1,0,0,0,AFTER_HOURS_MOVEMENT,MEDIUM,1
SEC-004058,F001,Smart Campus,B002,Building B,BLK-B2,Block B2,AP-004,Building B Service Door,Service Area,2026-01-27 06:53:09,CON-0101,Contractor 101,CONTRACTOR,ACCESS_GRANTED,GRANTED,1,0,0,0,NORMAL,LOW,0
SEC-004114,F001,Smart Campus,B003,Building C,BLK-C1,Block C1,AP-006,Server Room Access,Restricted Area,2026-01-27 07:09:18,EMP-0173,Employee 173,EMPLOYEE,ACCESS_GRANTED,GRANTED,0,0,0,0,NORMAL,NORMAL,0
SEC-004060,F001,Smart Campus,B002,Building B,BLK-B1,Block B1,AP-003,Building B Main Entrance,Entrance,2026-01-27 07:10:42,EMP-0145,Employee 145,EMPLOYEE,ACCESS_GRANTED,GRANTED,0,0,0,0,NORMAL,NORMAL,0
SEC-004145,F001,Smart Campus,B001,Building A,BLK-A2,Block A2,AP-002,Building A Side Entrance,Entrance,2026-01-27 07:12:41,EMP-0059,Employee 59,EMPLOYEE,ACCESS_GRANTED,GRANTED,0,0,0,0,NORMAL,NORMAL,0
SEC-004084,F001,Smart Campus,B001,Building A,BLK-A1,Block A1,AP-001,Building A Main Entrance,Entrance,2026-01-27 07:16:29,EMP-0108,Employee 108,EMPLOYEE,ACCESS_GRANTED,GRANTED,0,0,0,0,NORMAL,NORMAL,0
SEC-004037,F001,Smart Campus,B001,Building A,BLK-A2,Block A2,AP-002,Building A Side Entrance,Entrance,2026-01-27 07:23:09,EMP-0184,Employee 184,EMPLOYEE,ACCESS_GRANTED,GRANTED,0,0,0,0,NORMAL,NORMAL,0
SEC-004019,F001,Smart Campus,B003,Building C,BLK-C1,Block C1,AP-005,Building C Main Entrance,Entrance,2026-01-27 07:29:08,EMP-0347,Employee 347,EMPLOYEE,ACCESS_GRANTED,GRANTED,0,0,0,0,NORMAL,NORMAL,0
SEC-004028,F001,Smart Campus,B001,Building A,BLK-A1,Block A1,AP-001,Building A Main Entrance,Entrance,2026-01-27 07:31:21,VIS-0028,Visitor 28,VISITOR,UNAUTHORIZED_ACCESS,DENIED,0,1,0,0,SUSPICIOUS_ACCESS,HIGH,1
SEC-004133,F001,Smart Campus,B002,Building B,BLK-B2,Block B2,AP-004,Building B Service Door,Service Area,2026-01-27 07:34:24,EMP-0460,Employee 460,EMPLOYEE,ACCESS_GRANTED,GRANTED,0,0,0,0,NORMAL,NORMAL,0
SEC-004070,F001,Smart Campus,B001,Building A,BLK-A1,Block A1,AP-001,Building A Main Entrance,Entrance,2026-01-27 07:38:20,EMP-0161,Employee 161,EMPLOYEE,ACCESS_GRANTED,GRANTED,0,0,0,0,NORMAL,NORMAL,0
SEC-004131,F001,Smart Campus,B002,Building B,BLK-B2,Block B2,AP-004,Building B Service Door,Service Area,2026-01-27 07:38:27,EMP-0184,Employee 184,EMPLOYEE,ACCESS_GRANTED,GRANTED,0,0,0,0,NORMAL,NORMAL,0
SEC-004110,F001,Smart Campus,B001,Building A,BLK-A2,Block A2,AP-002,Building A Side Entrance,Entrance,2026-01-27 07:56:11,VIS-0169,Visitor 169,VISITOR,ACCESS_GRANTED,GRANTED,0,0,0,0,NORMAL,NORMAL,0
SEC-004072,F001,Smart Campus,B001,Building A,BLK-A1,Block A1,AP-001,Building A Main Entrance,Entrance,2026-01-27 07:57:53,EMP-0195,Employee 195,EMPLOYEE,ACCESS_GRANTED,GRANTED,0,0,0,0,NORMAL,NORMAL,0
SEC-004101,F001,Smart Campus,B002,Building B,BLK-B1,Block B1,AP-003,Building B Main Entrance,Entrance,2026-01-27 08:01:34,EMP-0466,Employee 466,EMPLOYEE,ACCESS_GRANTED,GRANTED,0,0,0,0,NORMAL,NORMAL,0
SEC-004038,F001,Smart Campus,B003,Building C,BLK-C1,Block C1,AP-006,Server Room Access,Restricted Area,2026-01-27 08:09:41,EMP-0135,Employee 135,EMPLOYEE,ACCESS_GRANTED,GRANTED,0,0,0,0,NORMAL,NORMAL,0
SEC-004093,F001,Smart Campus,B002,Building B,BLK-B2,Block B2,AP-004,Building B Service Door,Service Area,2026-01-27 08:10:32,VIS-0263,Visitor 263,VISITOR,ACCESS_GRANTED,GRANTED,0,0,0,0,NORMAL,NORMAL,0
SEC-004092,F001,Smart Campus,B001,Building A,BLK-A2,Block A2,AP-002,Building A Side Entrance,Entrance,2026-01-27 08:41:30,EMP-0249,Employee 249,EMPLOYEE,ACCESS_GRANTED,GRANTED,0,0,0,0,NORMAL,NORMAL,0
SEC-004034,F001,Smart Campus,B001,Building A,BLK-A1,Block A1,AP-001,Building A Main Entrance,Entrance,2026-01-27 08:51:08,EMP-0249,Employee 249,EMPLOYEE,ACCESS_GRANTED,GRANTED,0,0,0,0,NORMAL,NORMAL,0
SEC-004078,F001,Smart Campus,B002,Building B,BLK-B2,Block B2,AP-004,Building B Service Door,Service Area,2026-01-27 08:54:55,EMP-0274,Employee 274,EMPLOYEE,ACCESS_GRANTED,GRANTED,0,0,0,0,NORMAL,NORMAL,0
SEC-004088,F001,Smart Campus,B003,Building C,BLK-C1,Block C1,AP-006,Server Room Access,Restricted Area,2026-01-27 08:58:54,EMP-0047,Employee 47,EMPLOYEE,ACCESS_GRANTED,GRANTED,0,0,0,0,NORMAL,NORMAL,0
SEC-004129,F001,Smart Campus,B002,Building B,BLK-B2,Block B2,AP-004,Building B Service Door,Service Area,2026-01-27 09:01:36,EMP-0332,Employee 332,EMPLOYEE,ACCESS_DENIED,DENIED,0,0,0,0,NORMAL,MEDIUM,1
SEC-004024,F001,Smart Campus,B003,Building C,BLK-C1,Block C1,AP-006,Server Room Access,Restricted Area,2026-01-27 09:09:10,EMP-0220,Employee 220,EMPLOYEE,ACCESS_GRANTED,GRANTED,0,0,0,0,NORMAL,NORMAL,0
SEC-004066,F001,Smart Campus,B002,Building B,BLK-B2,Block B2,AP-004,Building B Service Door,Service Area,2026-01-27 09:22:33,EMP-0342,Employee 342,EMPLOYEE,ACCESS_GRANTED,GRANTED,0,0,0,0,NORMAL,NORMAL,0
SEC-004137,F001,Smart Campus,B003,Building C,BLK-C1,Block C1,AP-006,Server Room Access,Restricted Area,2026-01-27 09:26:41,EMP-0045,Employee 45,EMPLOYEE,ACCESS_GRANTED,GRANTED,0,0,0,0,NORMAL,NORMAL,0
SEC-004082,F001,Smart Campus,B001,Building A,BLK-A2,Block A2,AP-002,Building A Side Entrance,Entrance,2026-01-27 09:31:40,VIS-0123,Visitor 123,VISITOR,ACCESS_GRANTED,GRANTED,0,0,0,0,NORMAL,NORMAL,0
SEC-004140,F001,Smart Campus,B002,Building B,BLK-B1,Block B1,AP-003,Building B Main Entrance,Entrance,2026-01-27 09:32:48,EMP-0109,Employee 109,EMPLOYEE,ACCESS_GRANTED,GRANTED,0,0,0,0,NORMAL,NORMAL,0
SEC-004090,F001,Smart Campus,B001,Building A,BLK-A1,Block A1,AP-001,Building A Main Entrance,Entrance,2026-01-27 09:34:48,EMP-0338,Employee 338,EMPLOYEE,ACCESS_GRANTED,GRANTED,0,0,0,0,NORMAL,NORMAL,0
SEC-004062,F001,Smart Campus,B002,Building B,BLK-B1,Block B1,AP-003,Building B Main Entrance,Entrance,2026-01-27 09:35:33,EMP-0112,Employee 112,EMPLOYEE,ACCESS_GRANTED,GRANTED,0,0,0,0,NORMAL,NORMAL,0
SEC-004122,F001,Smart Campus,B002,Building B,BLK-B2,Block B2,AP-004,Building B Service Door,Service Area,2026-01-27 09:41:48,EMP-0320,Employee 320,EMPLOYEE,ACCESS_GRANTED,GRANTED,0,0,0,0,NORMAL,NORMAL,0
SEC-004141,F001,Smart Campus,B003,Building C,BLK-C1,Block C1,AP-006,Server Room Access,Restricted Area,2026-01-27 09:52:45,EMP-0391,Employee 391,EMPLOYEE,ACCESS_GRANTED,GRANTED,0,0,0,0,NORMAL,NORMAL,0
SEC-004079,F001,Smart Campus,B003,Building C,BLK-C1,Block C1,AP-005,Building C Main Entrance,Entrance,2026-01-27 09:54:29,EMP-0101,Employee 101,EMPLOYEE,ACCESS_GRANTED,GRANTED,0,0,0,0,NORMAL,NORMAL,0
SEC-004032,F001,Smart Campus,B003,Building C,BLK-C1,Block C1,AP-005,Building C Main Entrance,Entrance,2026-01-27 10:03:15,EMP-0163,Employee 163,EMPLOYEE,ACCESS_GRANTED,GRANTED,0,0,0,0,NORMAL,NORMAL,0
SEC-004085,F001,Smart Campus,B002,Building B,BLK-B1,Block B1,AP-003,Building B Main Entrance,Entrance,2026-01-27 10:03:50,VIS-0177,Visitor 177,VISITOR,ACCESS_GRANTED,GRANTED,0,0,0,0,NORMAL,NORMAL,0
SEC-004136,F001,Smart Campus,B001,Building A,BLK-A1,Block A1,AP-001,Building A Main Entrance,Entrance,2026-01-27 10:04:59,EMP-0047,Employee 47,EMPLOYEE,ACCESS_DENIED,DENIED,0,0,0,0,NORMAL,MEDIUM,1
SEC-004108,F001,Smart Campus,B003,Building C,BLK-C1,Block C1,AP-006,Server Room Access,Restricted Area,2026-01-27 10:05:02,VIS-0175,Visitor 175,VISITOR,ACCESS_GRANTED,GRANTED,0,0,0,0,NORMAL,NORMAL,0
SEC-004075,F001,Smart Campus,B003,Building C,BLK-C1,Block C1,AP-006,Server Room Access,Restricted Area,2026-01-27 10:17:04,EMP-0260,Employee 260,EMPLOYEE,ACCESS_GRANTED,GRANTED,0,0,0,0,NORMAL,NORMAL,0
SEC-004107,F001,Smart Campus,B003,Building C,BLK-C1,Block C1,AP-006,Server Room Access,Restricted Area,2026-01-27 10:21:22,VIS-0213,Visitor 213,VISITOR,ACCESS_GRANTED,GRANTED,0,0,0,0,NORMAL,NORMAL,0
SEC-004102,F001,Smart Campus,B001,Building A,BLK-A1,Block A1,AP-001,Building A Main Entrance,Entrance,2026-01-27 10:37:21,CON-0028,Contractor 28,CONTRACTOR,ACCESS_GRANTED,GRANTED,0,0,0,0,NORMAL,NORMAL,0
SEC-004138,F001,Smart Campus,B003,Building C,BLK-C1,Block C1,AP-005,Building C Main Entrance,Entrance,2026-01-27 10:41:41,CON-0146,Contractor 146,CONTRACTOR,ACCESS_GRANTED,GRANTED,0,0,0,0,NORMAL,NORMAL,0
SEC-004095,F001,Smart Campus,B003,Building C,BLK-C1,Block C1,AP-006,Server Room Access,Restricted Area,2026-01-27 10:41:48,CON-0133,Contractor 133,CONTRACTOR,ACCESS_GRANTED,GRANTED,0,0,0,0,NORMAL,NORMAL,0
SEC-004119,F001,Smart Campus,B001,Building A,BLK-A1,Block A1,AP-001,Building A Main Entrance,Entrance,2026-01-27 10:43:03,CON-0037,Contractor 37,CONTRACTOR,ACCESS_GRANTED,GRANTED,0,0,0,0,NORMAL,NORMAL,0
SEC-004146,F001,Smart Campus,B003,Building C,BLK-C1,Block C1,AP-005,Building C Main Entrance,Entrance,2026-01-27 10:52:59,EMP-0153,Employee 153,EMPLOYEE,ACCESS_GRANTED,GRANTED,0,0,0,0,NORMAL,NORMAL,0
SEC-004083,F001,Smart Campus,B001,Building A,BLK-A2,Block A2,AP-002,Building A Side Entrance,Entrance,2026-01-27 10:53:27,EMP-0166,Employee 166,EMPLOYEE,ACCESS_GRANTED,GRANTED,0,0,0,0,NORMAL,NORMAL,0
SEC-004074,F001,Smart Campus,B001,Building A,BLK-A1,Block A1,AP-001,Building A Main Entrance,Entrance,2026-01-27 11:04:22,VIS-0117,Visitor 117,VISITOR,ACCESS_GRANTED,GRANTED,0,0,0,0,NORMAL,NORMAL,0
SEC-004096,F001,Smart Campus,B002,Building B,BLK-B1,Block B1,AP-003,Building B Main Entrance,Entrance,2026-01-27 11:18:47,EMP-0423,Employee 423,EMPLOYEE,ACCESS_GRANTED,GRANTED,0,0,0,0,NORMAL,NORMAL,0
SEC-004109,F001,Smart Campus,B003,Building C,BLK-C1,Block C1,AP-005,Building C Main Entrance,Entrance,2026-01-27 11:21:21,EMP-0496,Employee 496,EMPLOYEE,ACCESS_GRANTED,GRANTED,0,0,0,0,NORMAL,NORMAL,0
SEC-004040,F001,Smart Campus,B002,Building B,BLK-B2,Block B2,AP-004,Building B Service Door,Service Area,2026-01-27 11:29:04,EMP-0096,Employee 96,EMPLOYEE,ACCESS_GRANTED,GRANTED,0,0,0,0,NORMAL,NORMAL,0
SEC-004144,F001,Smart Campus,B001,Building A,BLK-A1,Block A1,AP-001,Building A Main Entrance,Entrance,2026-01-27 11:29:32,EMP-0453,Employee 453,EMPLOYEE,ACCESS_GRANTED,GRANTED,0,0,0,0,NORMAL,NORMAL,0
SEC-004022,F001,Smart Campus,B002,Building B,BLK-B1,Block B1,AP-003,Building B Main Entrance,Entrance,2026-01-27 11:32:48,EMP-0115,Employee 115,EMPLOYEE,ACCESS_GRANTED,GRANTED,0,0,0,0,NORMAL,NORMAL,0
SEC-004016,F001,Smart Campus,B001,Building A,BLK-A2,Block A2,AP-002,Building A Side Entrance,Entrance,2026-01-27 11:35:44,EMP-0097,Employee 97,EMPLOYEE,ACCESS_GRANTED,GRANTED,0,0,0,0,NORMAL,NORMAL,0
SEC-004089,F001,Smart Campus,B002,Building B,BLK-B2,Block B2,AP-004,Building B Service Door,Service Area,2026-01-27 11:45:03,CON-0041,Contractor 41,CONTRACTOR,ACCESS_GRANTED,GRANTED,0,0,0,0,NORMAL,NORMAL,0
SEC-004130,F001,Smart Campus,B002,Building B,BLK-B2,Block B2,AP-004,Building B Service Door,Service Area,2026-01-27 11:56:10,VIS-0275,Visitor 275,VISITOR,TAILGATING,GRANTED,0,0,0,1,TAILGATING,HIGH,1
SEC-004009,F001,Smart Campus,B003,Building C,BLK-C1,Block C1,AP-006,Server Room Access,Restricted Area,2026-01-27 12:02:31,VIS-0121,Visitor 121,VISITOR,ACCESS_GRANTED,GRANTED,0,0,0,0,NORMAL,NORMAL,0
SEC-004134,F001,Smart Campus,B002,Building B,BLK-B2,Block B2,AP-004,Building B Service Door,Service Area,2026-01-27 12:12:29,EMP-0071,Employee 71,EMPLOYEE,ACCESS_GRANTED,GRANTED,0,0,0,0,NORMAL,NORMAL,0
SEC-004027,F001,Smart Campus,B002,Building B,BLK-B1,Block B1,AP-003,Building B Main Entrance,Entrance,2026-01-27 12:15:55,EMP-0333,Employee 333,EMPLOYEE,ACCESS_GRANTED,GRANTED,0,0,0,0,NORMAL,NORMAL,0
SEC-004029,F001,Smart Campus,B003,Building C,BLK-C1,Block C1,AP-005,Building C Main Entrance,Entrance,2026-01-27 12:23:33,VIS-0178,Visitor 178,VISITOR,ACCESS_GRANTED,GRANTED,0,0,0,0,NORMAL,NORMAL,0
SEC-004042,F001,Smart Campus,B003,Building C,BLK-C1,Block C1,AP-006,Server Room Access,Restricted Area,2026-01-27 12:25:00,EMP-0159,Employee 159,EMPLOYEE,ACCESS_GRANTED,GRANTED,0,0,0,0,NORMAL,NORMAL,0
SEC-004132,F001,Smart Campus,B001,Building A,BLK-A1,Block A1,AP-001,Building A Main Entrance,Entrance,2026-01-27 12:41:13,EMP-0226,Employee 226,EMPLOYEE,ACCESS_GRANTED,GRANTED,0,0,0,0,NORMAL,NORMAL,0
SEC-004081,F001,Smart Campus,B003,Building C,BLK-C1,Block C1,AP-006,Server Room Access,Restricted Area,2026-01-27 12:45:46,EMP-0313,Employee 313,EMPLOYEE,ACCESS_GRANTED,GRANTED,0,0,0,0,NORMAL,NORMAL,0
SEC-004124,F001,Smart Campus,B001,Building A,BLK-A1,Block A1,AP-001,Building A Main Entrance,Entrance,2026-01-27 12:50:03,EMP-0008,Employee 8,EMPLOYEE,ACCESS_GRANTED,GRANTED,0,0,0,0,NORMAL,NORMAL,0
SEC-004073,F001,Smart Campus,B001,Building A,BLK-A2,Block A2,AP-002,Building A Side Entrance,Entrance,2026-01-27 12:53:11,EMP-0420,Employee 420,EMPLOYEE,ACCESS_GRANTED,GRANTED,0,0,0,0,NORMAL,NORMAL,0
SEC-004057,F001,Smart Campus,B002,Building B,BLK-B1,Block B1,AP-003,Building B Main Entrance,Entrance,2026-01-27 13:05:56,EMP-0305,Employee 305,EMPLOYEE,ACCESS_GRANTED,GRANTED,0,0,0,0,NORMAL,NORMAL,0
SEC-004051,F001,Smart Campus,B001,Building A,BLK-A1,Block A1,AP-001,Building A Main Entrance,Entrance,2026-01-27 13:13:51,EMP-0452,Employee 452,EMPLOYEE,ACCESS_GRANTED,GRANTED,0,0,0,0,NORMAL,NORMAL,0
SEC-004143,F001,Smart Campus,B002,Building B,BLK-B2,Block B2,AP-004,Building B Service Door,Service Area,2026-01-27 13:18:05,EMP-0476,Employee 476,EMPLOYEE,ACCESS_GRANTED,GRANTED,0,0,0,0,NORMAL,NORMAL,0
SEC-004118,F001,Smart Campus,B001,Building A,BLK-A2,Block A2,AP-002,Building A Side Entrance,Entrance,2026-01-27 13:46:23,EMP-0149,Employee 149,EMPLOYEE,ACCESS_GRANTED,GRANTED,0,0,0,0,NORMAL,NORMAL,0
SEC-004047,F001,Smart Campus,B003,Building C,BLK-C1,Block C1,AP-005,Building C Main Entrance,Entrance,2026-01-27 13:51:54,EMP-0064,Employee 64,EMPLOYEE,ACCESS_GRANTED,GRANTED,0,0,0,0,NORMAL,NORMAL,0
SEC-004068,F001,Smart Campus,B002,Building B,BLK-B1,Block B1,AP-003,Building B Main Entrance,Entrance,2026-01-27 14:12:39,EMP-0295,Employee 295,EMPLOYEE,ACCESS_GRANTED,GRANTED,0,0,0,0,NORMAL,NORMAL,0
SEC-004008,F001,Smart Campus,B002,Building B,BLK-B1,Block B1,AP-003,Building B Main Entrance,Entrance,2026-01-27 14:13:35,VIS-0223,Visitor 223,VISITOR,ACCESS_GRANTED,GRANTED,0,0,0,0,NORMAL,NORMAL,0
SEC-004041,F001,Smart Campus,B002,Building B,BLK-B1,Block B1,AP-003,Building B Main Entrance,Entrance,2026-01-27 14:19:33,EMP-0173,Employee 173,EMPLOYEE,ACCESS_GRANTED,GRANTED,0,0,0,0,NORMAL,NORMAL,0
SEC-004018,F001,Smart Campus,B002,Building B,BLK-B2,Block B2,AP-004,Building B Service Door,Service Area,2026-01-27 14:25:54,EMP-0282,Employee 282,EMPLOYEE,ACCESS_GRANTED,GRANTED,0,0,0,0,NORMAL,NORMAL,0
SEC-004094,F001,Smart Campus,B003,Building C,BLK-C1,Block C1,AP-005,Building C Main Entrance,Entrance,2026-01-27 14:26:27,EMP-0233,Employee 233,EMPLOYEE,TAILGATING,GRANTED,0,0,0,1,TAILGATING,HIGH,1
SEC-004050,F001,Smart Campus,B001,Building A,BLK-A2,Block A2,AP-002,Building A Side Entrance,Entrance,2026-01-27 15:15:06,CON-0095,Contractor 95,CONTRACTOR,ACCESS_GRANTED,GRANTED,0,0,0,0,NORMAL,NORMAL,0
SEC-004103,F001,Smart Campus,B001,Building A,BLK-A2,Block A2,AP-002,Building A Side Entrance,Entrance,2026-01-27 15:22:58,EMP-0135,Employee 135,EMPLOYEE,ACCESS_GRANTED,GRANTED,0,0,0,0,NORMAL,NORMAL,0
SEC-004052,F001,Smart Campus,B002,Building B,BLK-B2,Block B2,AP-004,Building B Service Door,Service Area,2026-01-27 15:25:26,VIS-0018,Visitor 18,VISITOR,ACCESS_GRANTED,GRANTED,0,0,0,0,NORMAL,NORMAL,0
SEC-004097,F001,Smart Campus,B002,Building B,BLK-B2,Block B2,AP-004,Building B Service Door,Service Area,2026-01-27 15:33:45,EMP-0317,Employee 317,EMPLOYEE,ACCESS_GRANTED,GRANTED,0,0,0,0,NORMAL,NORMAL,0
SEC-004056,F001,Smart Campus,B001,Building A,BLK-A1,Block A1,AP-001,Building A Main Entrance,Entrance,2026-01-27 15:33:55,VIS-0178,Visitor 178,VISITOR,ACCESS_GRANTED,GRANTED,0,0,0,0,NORMAL,NORMAL,0
SEC-004053,F001,Smart Campus,B001,Building A,BLK-A1,Block A1,AP-001,Building A Main Entrance,Entrance,2026-01-27 15:36:42,EMP-0451,Employee 451,EMPLOYEE,ACCESS_GRANTED,GRANTED,0,0,0,0,NORMAL,NORMAL,0
SEC-004113,F001,Smart Campus,B003,Building C,BLK-C1,Block C1,AP-006,Server Room Access,Restricted Area,2026-01-27 15:52:58,EMP-0140,Employee 140,EMPLOYEE,ACCESS_GRANTED,GRANTED,0,0,0,0,NORMAL,NORMAL,0
SEC-004013,F001,Smart Campus,B002,Building B,BLK-B2,Block B2,AP-004,Building B Service Door,Service Area,2026-01-27 15:54:26,CON-0059,Contractor 59,CONTRACTOR,ACCESS_GRANTED,GRANTED,0,0,0,0,NORMAL,NORMAL,0
SEC-004091,F001,Smart Campus,B002,Building B,BLK-B2,Block B2,AP-004,Building B Service Door,Service Area,2026-01-27 16:12:34,EMP-0164,Employee 164,EMPLOYEE,ACCESS_GRANTED,GRANTED,0,0,0,0,NORMAL,NORMAL,0
SEC-004121,F001,Smart Campus,B001,Building A,BLK-A2,Block A2,AP-002,Building A Side Entrance,Entrance,2026-01-27 16:17:49,EMP-0380,Employee 380,EMPLOYEE,ACCESS_GRANTED,GRANTED,0,0,0,0,NORMAL,NORMAL,0
SEC-004105,F001,Smart Campus,B002,Building B,BLK-B1,Block B1,AP-003,Building B Main Entrance,Entrance,2026-01-27 16:25:31,EMP-0226,Employee 226,EMPLOYEE,ACCESS_GRANTED,GRANTED,0,0,0,0,NORMAL,NORMAL,0
SEC-004026,F001,Smart Campus,B002,Building B,BLK-B2,Block B2,AP-004,Building B Service Door,Service Area,2026-01-27 16:30:48,VIS-0224,Visitor 224,VISITOR,ACCESS_GRANTED,GRANTED,0,0,0,0,NORMAL,NORMAL,0
SEC-004010,F001,Smart Campus,B001,Building A,BLK-A2,Block A2,AP-002,Building A Side Entrance,Entrance,2026-01-27 16:33:01,EMP-0265,Employee 265,EMPLOYEE,ACCESS_GRANTED,GRANTED,0,0,0,0,NORMAL,NORMAL,0
SEC-004111,F001,Smart Campus,B003,Building C,BLK-C1,Block C1,AP-005,Building C Main Entrance,Entrance,2026-01-27 16:34:27,EMP-0041,Employee 41,EMPLOYEE,ACCESS_GRANTED,GRANTED,0,0,0,0,NORMAL,NORMAL,0
SEC-004087,F001,Smart Campus,B001,Building A,BLK-A1,Block A1,AP-001,Building A Main Entrance,Entrance,2026-01-27 16:35:39,EMP-0081,Employee 81,EMPLOYEE,ACCESS_GRANTED,GRANTED,0,0,0,0,NORMAL,NORMAL,0
SEC-004125,F001,Smart Campus,B002,Building B,BLK-B1,Block B1,AP-003,Building B Main Entrance,Entrance,2026-01-27 16:44:25,CON-0107,Contractor 107,CONTRACTOR,ACCESS_GRANTED,GRANTED,0,0,0,0,NORMAL,NORMAL,0
SEC-004128,F001,Smart Campus,B002,Building B,BLK-B1,Block B1,AP-003,Building B Main Entrance,Entrance,2026-01-27 16:44:44,VIS-0205,Visitor 205,VISITOR,ACCESS_GRANTED,GRANTED,0,0,0,0,NORMAL,NORMAL,0
SEC-004069,F001,Smart Campus,B002,Building B,BLK-B2,Block B2,AP-004,Building B Service Door,Service Area,2026-01-27 16:51:54,EMP-0064,Employee 64,EMPLOYEE,ACCESS_GRANTED,GRANTED,0,0,0,0,NORMAL,NORMAL,0
SEC-004046,F001,Smart Campus,B002,Building B,BLK-B2,Block B2,AP-004,Building B Service Door,Service Area,2026-01-27 16:53:37,EMP-0098,Employee 98,EMPLOYEE,ACCESS_GRANTED,GRANTED,0,0,0,0,NORMAL,NORMAL,0
SEC-004039,F001,Smart Campus,B002,Building B,BLK-B2,Block B2,AP-004,Building B Service Door,Service Area,2026-01-27 16:59:35,EMP-0499,Employee 499,EMPLOYEE,ACCESS_GRANTED,GRANTED,0,0,0,0,NORMAL,NORMAL,0
SEC-004055,F001,Smart Campus,B003,Building C,BLK-C1,Block C1,AP-005,Building C Main Entrance,Entrance,2026-01-27 17:03:30,EMP-0495,Employee 495,EMPLOYEE,ACCESS_GRANTED,GRANTED,0,0,0,0,NORMAL,NORMAL,0
SEC-004049,F001,Smart Campus,B003,Building C,BLK-C1,Block C1,AP-006,Server Room Access,Restricted Area,2026-01-27 17:08:15,EMP-0099,Employee 99,EMPLOYEE,ACCESS_GRANTED,GRANTED,0,0,0,0,NORMAL,NORMAL,0
SEC-004076,F001,Smart Campus,B002,Building B,BLK-B2,Block B2,AP-004,Building B Service Door,Service Area,2026-01-27 17:19:57,EMP-0160,Employee 160,EMPLOYEE,ACCESS_GRANTED,GRANTED,0,0,0,0,NORMAL,NORMAL,0
SEC-004106,F001,Smart Campus,B001,Building A,BLK-A1,Block A1,AP-001,Building A Main Entrance,Entrance,2026-01-27 17:22:48,EMP-0107,Employee 107,EMPLOYEE,ACCESS_GRANTED,GRANTED,0,0,0,0,NORMAL,NORMAL,0
SEC-004063,F001,Smart Campus,B001,Building A,BLK-A2,Block A2,AP-002,Building A Side Entrance,Entrance,2026-01-27 17:23:05,EMP-0040,Employee 40,EMPLOYEE,ACCESS_GRANTED,GRANTED,0,0,0,0,NORMAL,NORMAL,0
SEC-004014,F001,Smart Campus,B003,Building C,BLK-C1,Block C1,AP-005,Building C Main Entrance,Entrance,2026-01-27 17:36:28,EMP-0221,Employee 221,EMPLOYEE,ACCESS_GRANTED,GRANTED,0,0,0,0,NORMAL,NORMAL,0
SEC-004100,F001,Smart Campus,B003,Building C,BLK-C1,Block C1,AP-005,Building C Main Entrance,Entrance,2026-01-27 17:36:51,EMP-0078,Employee 78,EMPLOYEE,ACCESS_GRANTED,GRANTED,0,0,0,0,NORMAL,NORMAL,0
SEC-004012,F001,Smart Campus,B003,Building C,BLK-C1,Block C1,AP-006,Server Room Access,Restricted Area,2026-01-27 17:40:27,EMP-0046,Employee 46,EMPLOYEE,ACCESS_GRANTED,GRANTED,0,0,0,0,NORMAL,NORMAL,0
SEC-004059,F001,Smart Campus,B001,Building A,BLK-A2,Block A2,AP-002,Building A Side Entrance,Entrance,2026-01-27 17:43:25,EMP-0477,Employee 477,EMPLOYEE,ACCESS_GRANTED,GRANTED,0,0,0,0,NORMAL,NORMAL,0
SEC-004067,F001,Smart Campus,B001,Building A,BLK-A2,Block A2,AP-002,Building A Side Entrance,Entrance,2026-01-27 17:45:48,EMP-0349,Employee 349,EMPLOYEE,ACCESS_GRANTED,GRANTED,0,0,0,0,NORMAL,NORMAL,0
SEC-004033,F001,Smart Campus,B002,Building B,BLK-B1,Block B1,AP-003,Building B Main Entrance,Entrance,2026-01-27 17:48:27,EMP-0363,Employee 363,EMPLOYEE,ACCESS_GRANTED,GRANTED,0,0,0,0,NORMAL,NORMAL,0
SEC-004104,F001,Smart Campus,B001,Building A,BLK-A2,Block A2,AP-002,Building A Side Entrance,Entrance,2026-01-27 18:08:07,EMP-0164,Employee 164,EMPLOYEE,ACCESS_GRANTED,GRANTED,0,0,0,0,NORMAL,NORMAL,0
SEC-004126,F001,Smart Campus,B002,Building B,BLK-B2,Block B2,AP-004,Building B Service Door,Service Area,2026-01-27 18:17:44,EMP-0295,Employee 295,EMPLOYEE,ACCESS_GRANTED,GRANTED,0,0,0,0,NORMAL,NORMAL,0
SEC-004015,F001,Smart Campus,B001,Building A,BLK-A1,Block A1,AP-001,Building A Main Entrance,Entrance,2026-01-27 18:31:17,EMP-0218,Employee 218,EMPLOYEE,ACCESS_GRANTED,GRANTED,0,0,0,0,NORMAL,NORMAL,0
SEC-004080,F001,Smart Campus,B001,Building A,BLK-A1,Block A1,AP-001,Building A Main Entrance,Entrance,2026-01-27 18:59:24,EMP-0175,Employee 175,EMPLOYEE,TAILGATING,DENIED,0,1,0,1,TAILGATING,HIGH,1
SEC-004031,F001,Smart Campus,B003,Building C,BLK-C1,Block C1,AP-005,Building C Main Entrance,Entrance,2026-01-27 19:05:12,EMP-0397,Employee 397,EMPLOYEE,ACCESS_GRANTED,GRANTED,0,0,0,0,NORMAL,NORMAL,0
SEC-004077,F001,Smart Campus,B002,Building B,BLK-B1,Block B1,AP-003,Building B Main Entrance,Entrance,2026-01-27 19:12:34,EMP-0109,Employee 109,EMPLOYEE,ACCESS_GRANTED,GRANTED,0,0,0,0,NORMAL,NORMAL,0
SEC-004036,F001,Smart Campus,B003,Building C,BLK-C1,Block C1,AP-005,Building C Main Entrance,Entrance,2026-01-27 19:37:56,EMP-0070,Employee 70,EMPLOYEE,ACCESS_GRANTED,GRANTED,0,0,0,0,NORMAL,NORMAL,0
SEC-004065,F001,Smart Campus,B003,Building C,BLK-C1,Block C1,AP-006,Server Room Access,Restricted Area,2026-01-27 19:39:56,VIS-0057,Visitor 57,VISITOR,ACCESS_DENIED,DENIED,0,0,0,0,NORMAL,MEDIUM,1
SEC-004043,F001,Smart Campus,B001,Building A,BLK-A1,Block A1,AP-001,Building A Main Entrance,Entrance,2026-01-27 19:43:49,EMP-0470,Employee 470,EMPLOYEE,ACCESS_GRANTED,GRANTED,0,0,0,0,NORMAL,NORMAL,0
SEC-004021,F001,Smart Campus,B003,Building C,BLK-C1,Block C1,AP-006,Server Room Access,Restricted Area,2026-01-27 19:44:17,EMP-0449,Employee 449,EMPLOYEE,ACCESS_GRANTED,GRANTED,0,0,0,0,NORMAL,NORMAL,0
SEC-004135,F001,Smart Campus,B001,Building A,BLK-A1,Block A1,AP-001,Building A Main Entrance,Entrance,2026-01-27 20:11:21,CON-0148,Contractor 148,CONTRACTOR,ACCESS_GRANTED,GRANTED,0,0,0,0,NORMAL,NORMAL,0
SEC-004127,F001,Smart Campus,B003,Building C,BLK-C1,Block C1,AP-006,Server Room Access,Restricted Area,2026-01-27 20:18:08,EMP-0275,Employee 275,EMPLOYEE,ACCESS_GRANTED,GRANTED,0,0,0,0,NORMAL,NORMAL,0
SEC-004098,F001,Smart Campus,B002,Building B,BLK-B1,Block B1,AP-003,Building B Main Entrance,Entrance,2026-01-27 20:18:13,EMP-0439,Employee 439,EMPLOYEE,ACCESS_GRANTED,GRANTED,0,0,0,0,NORMAL,NORMAL,0
SEC-004017,F001,Smart Campus,B001,Building A,BLK-A1,Block A1,AP-001,Building A Main Entrance,Entrance,2026-01-27 20:26:48,EMP-0109,Employee 109,EMPLOYEE,ACCESS_GRANTED,GRANTED,0,0,0,0,NORMAL,NORMAL,0
SEC-004123,F001,Smart Campus,B003,Building C,BLK-C1,Block C1,AP-006,Server Room Access,Restricted Area,2026-01-27 20:46:46,EMP-0317,Employee 317,EMPLOYEE,ACCESS_GRANTED,GRANTED,0,0,0,0,NORMAL,NORMAL,0
SEC-004020,F001,Smart Campus,B002,Building B,BLK-B1,Block B1,AP-003,Building B Main Entrance,Entrance,2026-01-27 20:50:00,EMP-0319,Employee 319,EMPLOYEE,ACCESS_GRANTED,GRANTED,0,0,0,0,NORMAL,NORMAL,0
SEC-004115,F001,Smart Campus,B001,Building A,BLK-A2,Block A2,AP-002,Building A Side Entrance,Entrance,2026-01-27 21:13:21,EMP-0085,Employee 85,EMPLOYEE,ACCESS_GRANTED,GRANTED,1,0,0,0,NORMAL,LOW,0
SEC-004142,F001,Smart Campus,B002,Building B,BLK-B1,Block B1,AP-003,Building B Main Entrance,Entrance,2026-01-27 21:20:35,EMP-0329,Employee 329,EMPLOYEE,ACCESS_GRANTED,GRANTED,1,0,0,0,NORMAL,LOW,0
SEC-004071,F001,Smart Campus,B002,Building B,BLK-B1,Block B1,AP-003,Building B Main Entrance,Entrance,2026-01-27 22:27:15,EMP-0129,Employee 129,EMPLOYEE,UNAUTHORIZED_ACCESS,DENIED,1,1,0,0,SUSPICIOUS_ACCESS,CRITICAL,1
SEC-004116,F001,Smart Campus,B002,Building B,BLK-B2,Block B2,AP-004,Building B Service Door,Service Area,2026-01-27 22:27:51,VIS-0273,Visitor 273,VISITOR,ACCESS_GRANTED,GRANTED,1,0,0,0,AFTER_HOURS_MOVEMENT,LOW,0
SEC-004150,F001,Smart Campus,B001,Building A,BLK-A1,Block A1,AP-001,Building A Main Entrance,Entrance,2026-01-28 00:10:41,CON-0124,Contractor 124,CONTRACTOR,ACCESS_GRANTED,GRANTED,1,0,0,0,NORMAL,LOW,0
SEC-004242,F001,Smart Campus,B002,Building B,BLK-B2,Block B2,AP-004,Building B Service Door,Service Area,2026-01-28 00:50:50,EMP-0008,Employee 8,EMPLOYEE,ACCESS_GRANTED,GRANTED,1,0,0,0,NORMAL,LOW,0
SEC-004219,F001,Smart Campus,B001,Building A,BLK-A2,Block A2,AP-002,Building A Side Entrance,Entrance,2026-01-28 00:55:58,EMP-0152,Employee 152,EMPLOYEE,ACCESS_GRANTED,GRANTED,1,0,0,0,NORMAL,LOW,0
SEC-004286,F001,Smart Campus,B001,Building A,BLK-A1,Block A1,AP-001,Building A Main Entrance,Entrance,2026-01-28 01:13:48,CON-0114,Contractor 114,CONTRACTOR,ACCESS_GRANTED,GRANTED,1,0,0,0,AFTER_HOURS_MOVEMENT,LOW,0
SEC-004175,F001,Smart Campus,B001,Building A,BLK-A2,Block A2,AP-002,Building A Side Entrance,Entrance,2026-01-28 01:21:33,VIS-0175,Visitor 175,VISITOR,ACCESS_GRANTED,GRANTED,1,0,0,0,NORMAL,LOW,0
SEC-004245,F001,Smart Campus,B001,Building A,BLK-A2,Block A2,AP-002,Building A Side Entrance,Entrance,2026-01-28 01:24:34,EMP-0003,Employee 3,EMPLOYEE,ACCESS_GRANTED,GRANTED,1,0,0,0,AFTER_HOURS_MOVEMENT,LOW,0
SEC-004191,F001,Smart Campus,B003,Building C,BLK-C1,Block C1,AP-006,Server Room Access,Restricted Area,2026-01-28 01:26:00,CON-0070,Contractor 70,CONTRACTOR,ACCESS_GRANTED,GRANTED,1,0,0,0,NORMAL,LOW,0
SEC-004170,F001,Smart Campus,B002,Building B,BLK-B1,Block B1,AP-003,Building B Main Entrance,Entrance,2026-01-28 01:57:41,EMP-0120,Employee 120,EMPLOYEE,ACCESS_GRANTED,GRANTED,1,0,0,0,NORMAL,LOW,0
SEC-004195,F001,Smart Campus,B001,Building A,BLK-A1,Block A1,AP-001,Building A Main Entrance,Entrance,2026-01-28 02:53:26,EMP-0493,Employee 493,EMPLOYEE,ACCESS_GRANTED,GRANTED,1,0,0,0,NORMAL,LOW,0
SEC-004180,F001,Smart Campus,B001,Building A,BLK-A1,Block A1,AP-001,Building A Main Entrance,Entrance,2026-01-28 03:54:34,EMP-0256,Employee 256,EMPLOYEE,ACCESS_DENIED,DENIED,1,0,0,0,AFTER_HOURS_MOVEMENT,MEDIUM,1
SEC-004230,F001,Smart Campus,B001,Building A,BLK-A1,Block A1,AP-001,Building A Main Entrance,Entrance,2026-01-28 04:32:18,EMP-0333,Employee 333,EMPLOYEE,ACCESS_GRANTED,GRANTED,1,0,0,0,NORMAL,LOW,0
SEC-004167,F001,Smart Campus,B001,Building A,BLK-A1,Block A1,AP-001,Building A Main Entrance,Entrance,2026-01-28 04:36:21,EMP-0145,Employee 145,EMPLOYEE,ACCESS_GRANTED,GRANTED,1,0,0,0,NORMAL,LOW,0
SEC-004232,F001,Smart Campus,B002,Building B,BLK-B2,Block B2,AP-004,Building B Service Door,Service Area,2026-01-28 05:05:49,EMP-0092,Employee 92,EMPLOYEE,ACCESS_GRANTED,GRANTED,1,0,0,0,NORMAL,LOW,0
SEC-004151,F001,Smart Campus,B001,Building A,BLK-A1,Block A1,AP-001,Building A Main Entrance,Entrance,2026-01-28 05:07:19,EMP-0182,Employee 182,EMPLOYEE,ACCESS_GRANTED,GRANTED,1,0,0,0,NORMAL,LOW,0
SEC-004283,F001,Smart Campus,B001,Building A,BLK-A1,Block A1,AP-001,Building A Main Entrance,Entrance,2026-01-28 05:09:54,CON-0023,Contractor 23,CONTRACTOR,ACCESS_GRANTED,GRANTED,1,0,0,0,NORMAL,LOW,0
SEC-004243,F001,Smart Campus,B001,Building A,BLK-A1,Block A1,AP-001,Building A Main Entrance,Entrance,2026-01-28 05:23:44,VIS-0095,Visitor 95,VISITOR,ACCESS_DENIED,DENIED,1,0,0,0,NORMAL,MEDIUM,1
SEC-004225,F001,Smart Campus,B001,Building A,BLK-A1,Block A1,AP-001,Building A Main Entrance,Entrance,2026-01-28 05:46:28,VIS-0255,Visitor 255,VISITOR,ACCESS_GRANTED,GRANTED,1,0,0,0,AFTER_HOURS_MOVEMENT,LOW,0
SEC-004229,F001,Smart Campus,B002,Building B,BLK-B2,Block B2,AP-004,Building B Service Door,Service Area,2026-01-28 06:31:30,EMP-0139,Employee 139,EMPLOYEE,ACCESS_GRANTED,GRANTED,1,0,0,0,NORMAL,LOW,0
SEC-004290,F001,Smart Campus,B003,Building C,BLK-C1,Block C1,AP-006,Server Room Access,Restricted Area,2026-01-28 07:01:56,EMP-0045,Employee 45,EMPLOYEE,ACCESS_GRANTED,GRANTED,0,0,0,0,NORMAL,NORMAL,0
SEC-004218,F001,Smart Campus,B003,Building C,BLK-C1,Block C1,AP-005,Building C Main Entrance,Entrance,2026-01-28 07:15:19,EMP-0152,Employee 152,EMPLOYEE,ACCESS_GRANTED,GRANTED,0,0,0,0,NORMAL,NORMAL,0
SEC-004203,F001,Smart Campus,B001,Building A,BLK-A2,Block A2,AP-002,Building A Side Entrance,Entrance,2026-01-28 07:17:00,EMP-0251,Employee 251,EMPLOYEE,ACCESS_GRANTED,GRANTED,0,0,0,0,NORMAL,NORMAL,0
SEC-004183,F001,Smart Campus,B002,Building B,BLK-B1,Block B1,AP-003,Building B Main Entrance,Entrance,2026-01-28 07:17:48,EMP-0196,Employee 196,EMPLOYEE,ACCESS_GRANTED,GRANTED,0,0,0,0,NORMAL,NORMAL,0
SEC-004277,F001,Smart Campus,B001,Building A,BLK-A2,Block A2,AP-002,Building A Side Entrance,Entrance,2026-01-28 07:22:15,EMP-0086,Employee 86,EMPLOYEE,ACCESS_GRANTED,GRANTED,0,0,0,0,NORMAL,NORMAL,0
SEC-004155,F001,Smart Campus,B003,Building C,BLK-C1,Block C1,AP-005,Building C Main Entrance,Entrance,2026-01-28 07:27:36,EMP-0029,Employee 29,EMPLOYEE,ACCESS_GRANTED,GRANTED,0,0,0,0,NORMAL,NORMAL,0
SEC-004186,F001,Smart Campus,B003,Building C,BLK-C1,Block C1,AP-006,Server Room Access,Restricted Area,2026-01-28 07:28:49,EMP-0200,Employee 200,EMPLOYEE,ACCESS_GRANTED,GRANTED,0,0,0,0,NORMAL,NORMAL,0
SEC-004199,F001,Smart Campus,B002,Building B,BLK-B2,Block B2,AP-004,Building B Service Door,Service Area,2026-01-28 07:45:45,CON-0061,Contractor 61,CONTRACTOR,ACCESS_GRANTED,GRANTED,0,0,0,0,NORMAL,NORMAL,0
SEC-004280,F001,Smart Campus,B002,Building B,BLK-B2,Block B2,AP-004,Building B Service Door,Service Area,2026-01-28 07:50:25,EMP-0030,Employee 30,EMPLOYEE,ACCESS_GRANTED,GRANTED,0,0,0,0,NORMAL,NORMAL,0
SEC-004200,F001,Smart Campus,B003,Building C,BLK-C1,Block C1,AP-006,Server Room Access,Restricted Area,2026-01-28 07:53:33,EMP-0259,Employee 259,EMPLOYEE,ACCESS_GRANTED,GRANTED,0,0,0,0,NORMAL,NORMAL,0
SEC-004298,F001,Smart Campus,B002,Building B,BLK-B2,Block B2,AP-004,Building B Service Door,Service Area,2026-01-28 08:03:27,EMP-0206,Employee 206,EMPLOYEE,ACCESS_GRANTED,GRANTED,0,0,0,0,NORMAL,NORMAL,0
SEC-004285,F001,Smart Campus,B002,Building B,BLK-B2,Block B2,AP-004,Building B Service Door,Service Area,2026-01-28 08:17:10,EMP-0157,Employee 157,EMPLOYEE,UNAUTHORIZED_ACCESS,DENIED,0,1,0,0,SUSPICIOUS_ACCESS,HIGH,1
SEC-004289,F001,Smart Campus,B001,Building A,BLK-A1,Block A1,AP-001,Building A Main Entrance,Entrance,2026-01-28 08:30:31,EMP-0237,Employee 237,EMPLOYEE,ACCESS_GRANTED,GRANTED,0,0,0,0,NORMAL,NORMAL,0
SEC-004174,F001,Smart Campus,B002,Building B,BLK-B1,Block B1,AP-003,Building B Main Entrance,Entrance,2026-01-28 08:52:12,EMP-0467,Employee 467,EMPLOYEE,ACCESS_GRANTED,GRANTED,0,0,0,0,NORMAL,NORMAL,0
SEC-004276,F001,Smart Campus,B001,Building A,BLK-A1,Block A1,AP-001,Building A Main Entrance,Entrance,2026-01-28 08:55:07,VIS-0261,Visitor 261,VISITOR,ACCESS_GRANTED,GRANTED,0,0,0,0,NORMAL,NORMAL,0
SEC-004216,F001,Smart Campus,B003,Building C,BLK-C1,Block C1,AP-005,Building C Main Entrance,Entrance,2026-01-28 08:59:57,EMP-0150,Employee 150,EMPLOYEE,ACCESS_GRANTED,GRANTED,0,0,0,0,NORMAL,NORMAL,0
SEC-004190,F001,Smart Campus,B002,Building B,BLK-B2,Block B2,AP-004,Building B Service Door,Service Area,2026-01-28 09:05:50,EMP-0293,Employee 293,EMPLOYEE,ACCESS_GRANTED,GRANTED,0,0,0,0,NORMAL,NORMAL,0
SEC-004193,F001,Smart Campus,B001,Building A,BLK-A2,Block A2,AP-002,Building A Side Entrance,Entrance,2026-01-28 09:06:44,EMP-0186,Employee 186,EMPLOYEE,ACCESS_GRANTED,GRANTED,0,0,0,0,NORMAL,NORMAL,0
SEC-004260,F001,Smart Campus,B003,Building C,BLK-C1,Block C1,AP-006,Server Room Access,Restricted Area,2026-01-28 09:27:29,CON-0137,Contractor 137,CONTRACTOR,ACCESS_GRANTED,GRANTED,0,0,0,0,NORMAL,NORMAL,0
SEC-004158,F001,Smart Campus,B001,Building A,BLK-A1,Block A1,AP-001,Building A Main Entrance,Entrance,2026-01-28 09:37:40,EMP-0488,Employee 488,EMPLOYEE,ACCESS_GRANTED,GRANTED,0,0,0,0,NORMAL,NORMAL,0
SEC-004211,F001,Smart Campus,B002,Building B,BLK-B1,Block B1,AP-003,Building B Main Entrance,Entrance,2026-01-28 09:50:28,VIS-0242,Visitor 242,VISITOR,UNAUTHORIZED_ACCESS,DENIED,0,1,0,0,SUSPICIOUS_ACCESS,HIGH,1
SEC-004265,F001,Smart Campus,B001,Building A,BLK-A1,Block A1,AP-001,Building A Main Entrance,Entrance,2026-01-28 09:59:49,VIS-0240,Visitor 240,VISITOR,UNAUTHORIZED_ACCESS,DENIED,0,1,0,0,SUSPICIOUS_ACCESS,HIGH,1
SEC-004165,F001,Smart Campus,B003,Building C,BLK-C1,Block C1,AP-005,Building C Main Entrance,Entrance,2026-01-28 10:00:48,EMP-0140,Employee 140,EMPLOYEE,ACCESS_DENIED,DENIED,0,0,0,0,NORMAL,MEDIUM,1
SEC-004253,F001,Smart Campus,B002,Building B,BLK-B1,Block B1,AP-003,Building B Main Entrance,Entrance,2026-01-28 10:03:52,EMP-0473,Employee 473,EMPLOYEE,ACCESS_GRANTED,GRANTED,0,0,0,0,NORMAL,NORMAL,0
SEC-004261,F001,Smart Campus,B001,Building A,BLK-A1,Block A1,AP-001,Building A Main Entrance,Entrance,2026-01-28 10:08:13,CON-0140,Contractor 140,CONTRACTOR,ACCESS_GRANTED,GRANTED,0,0,0,0,NORMAL,NORMAL,0
SEC-004259,F001,Smart Campus,B001,Building A,BLK-A1,Block A1,AP-001,Building A Main Entrance,Entrance,2026-01-28 10:11:10,CON-0111,Contractor 111,CONTRACTOR,ACCESS_GRANTED,GRANTED,0,0,0,0,NORMAL,NORMAL,0
SEC-004149,F001,Smart Campus,B001,Building A,BLK-A1,Block A1,AP-001,Building A Main Entrance,Entrance,2026-01-28 10:14:08,EMP-0397,Employee 397,EMPLOYEE,ACCESS_GRANTED,GRANTED,0,0,0,0,NORMAL,NORMAL,0
SEC-004185,F001,Smart Campus,B003,Building C,BLK-C1,Block C1,AP-006,Server Room Access,Restricted Area,2026-01-28 10:15:17,EMP-0032,Employee 32,EMPLOYEE,ACCESS_GRANTED,GRANTED,0,0,0,0,NORMAL,NORMAL,0
SEC-004184,F001,Smart Campus,B002,Building B,BLK-B1,Block B1,AP-003,Building B Main Entrance,Entrance,2026-01-28 10:19:37,CON-0005,Contractor 5,CONTRACTOR,ACCESS_GRANTED,GRANTED,0,0,0,0,NORMAL,NORMAL,0
SEC-004258,F001,Smart Campus,B003,Building C,BLK-C1,Block C1,AP-006,Server Room Access,Restricted Area,2026-01-28 10:31:00,EMP-0276,Employee 276,EMPLOYEE,ACCESS_GRANTED,GRANTED,0,0,0,0,NORMAL,NORMAL,0
SEC-004222,F001,Smart Campus,B001,Building A,BLK-A1,Block A1,AP-001,Building A Main Entrance,Entrance,2026-01-28 10:45:53,EMP-0374,Employee 374,EMPLOYEE,ACCESS_GRANTED,GRANTED,0,0,0,0,NORMAL,NORMAL,0
SEC-004189,F001,Smart Campus,B002,Building B,BLK-B2,Block B2,AP-004,Building B Service Door,Service Area,2026-01-28 10:49:17,EMP-0132,Employee 132,EMPLOYEE,ACCESS_GRANTED,GRANTED,0,0,0,0,NORMAL,NORMAL,0
SEC-004207,F001,Smart Campus,B001,Building A,BLK-A1,Block A1,AP-001,Building A Main Entrance,Entrance,2026-01-28 10:49:33,EMP-0137,Employee 137,EMPLOYEE,ACCESS_GRANTED,GRANTED,0,0,0,0,NORMAL,NORMAL,0
SEC-004157,F001,Smart Campus,B003,Building C,BLK-C1,Block C1,AP-006,Server Room Access,Restricted Area,2026-01-28 10:55:33,EMP-0492,Employee 492,EMPLOYEE,ACCESS_GRANTED,GRANTED,0,0,0,0,NORMAL,NORMAL,0
SEC-004248,F001,Smart Campus,B001,Building A,BLK-A2,Block A2,AP-002,Building A Side Entrance,Entrance,2026-01-28 10:56:38,EMP-0066,Employee 66,EMPLOYEE,ACCESS_GRANTED,GRANTED,0,0,0,0,NORMAL,NORMAL,0
SEC-004272,F001,Smart Campus,B003,Building C,BLK-C1,Block C1,AP-005,Building C Main Entrance,Entrance,2026-01-28 11:11:07,EMP-0089,Employee 89,EMPLOYEE,ACCESS_GRANTED,GRANTED,0,0,0,0,NORMAL,NORMAL,0
SEC-004163,F001,Smart Campus,B002,Building B,BLK-B2,Block B2,AP-004,Building B Service Door,Service Area,2026-01-28 11:12:01,VIS-0080,Visitor 80,VISITOR,ACCESS_GRANTED,GRANTED,0,0,0,0,NORMAL,NORMAL,0
SEC-004147,F001,Smart Campus,B002,Building B,BLK-B1,Block B1,AP-003,Building B Main Entrance,Entrance,2026-01-28 11:12:24,EMP-0261,Employee 261,EMPLOYEE,ACCESS_GRANTED,GRANTED,0,0,0,0,NORMAL,NORMAL,0
SEC-004284,F001,Smart Campus,B003,Building C,BLK-C1,Block C1,AP-006,Server Room Access,Restricted Area,2026-01-28 11:24:34,EMP-0240,Employee 240,EMPLOYEE,ACCESS_GRANTED,GRANTED,0,0,0,0,NORMAL,NORMAL,0
SEC-004295,F001,Smart Campus,B003,Building C,BLK-C1,Block C1,AP-005,Building C Main Entrance,Entrance,2026-01-28 11:24:34,CON-0082,Contractor 82,CONTRACTOR,UNAUTHORIZED_ACCESS,DENIED,0,1,0,0,SUSPICIOUS_ACCESS,HIGH,1
SEC-004235,F001,Smart Campus,B003,Building C,BLK-C1,Block C1,AP-006,Server Room Access,Restricted Area,2026-01-28 11:28:26,VIS-0300,Visitor 300,VISITOR,ACCESS_DENIED,DENIED,0,0,0,0,NORMAL,MEDIUM,1
SEC-004267,F001,Smart Campus,B003,Building C,BLK-C1,Block C1,AP-006,Server Room Access,Restricted Area,2026-01-28 11:47:52,CON-0084,Contractor 84,CONTRACTOR,ACCESS_GRANTED,GRANTED,0,0,0,0,NORMAL,NORMAL,0
SEC-004239,F001,Smart Campus,B001,Building A,BLK-A1,Block A1,AP-001,Building A Main Entrance,Entrance,2026-01-28 11:49:26,EMP-0273,Employee 273,EMPLOYEE,ACCESS_GRANTED,GRANTED,0,0,0,0,NORMAL,NORMAL,0
SEC-004255,F001,Smart Campus,B003,Building C,BLK-C1,Block C1,AP-006,Server Room Access,Restricted Area,2026-01-28 11:50:08,EMP-0022,Employee 22,EMPLOYEE,ACCESS_GRANTED,GRANTED,0,0,0,0,NORMAL,NORMAL,0
SEC-004215,F001,Smart Campus,B001,Building A,BLK-A1,Block A1,AP-001,Building A Main Entrance,Entrance,2026-01-28 11:53:39,VIS-0276,Visitor 276,VISITOR,ACCESS_GRANTED,GRANTED,0,0,0,0,NORMAL,NORMAL,0
SEC-004240,F001,Smart Campus,B001,Building A,BLK-A1,Block A1,AP-001,Building A Main Entrance,Entrance,2026-01-28 11:57:04,EMP-0120,Employee 120,EMPLOYEE,ACCESS_GRANTED,GRANTED,0,0,0,0,NORMAL,NORMAL,0
SEC-004282,F001,Smart Campus,B001,Building A,BLK-A1,Block A1,AP-001,Building A Main Entrance,Entrance,2026-01-28 11:57:55,EMP-0202,Employee 202,EMPLOYEE,ACCESS_GRANTED,GRANTED,0,0,0,0,NORMAL,NORMAL,0
SEC-004212,F001,Smart Campus,B002,Building B,BLK-B2,Block B2,AP-004,Building B Service Door,Service Area,2026-01-28 12:02:20,EMP-0136,Employee 136,EMPLOYEE,ACCESS_GRANTED,GRANTED,0,0,0,0,NORMAL,NORMAL,0
SEC-004297,F001,Smart Campus,B002,Building B,BLK-B2,Block B2,AP-004,Building B Service Door,Service Area,2026-01-28 12:29:02,EMP-0442,Employee 442,EMPLOYEE,ACCESS_GRANTED,GRANTED,0,0,0,0,NORMAL,NORMAL,0
SEC-004264,F001,Smart Campus,B001,Building A,BLK-A1,Block A1,AP-001,Building A Main Entrance,Entrance,2026-01-28 12:32:32,EMP-0101,Employee 101,EMPLOYEE,ACCESS_GRANTED,GRANTED,0,0,0,0,NORMAL,NORMAL,0
SEC-004152,F001,Smart Campus,B002,Building B,BLK-B1,Block B1,AP-003,Building B Main Entrance,Entrance,2026-01-28 12:44:09,EMP-0420,Employee 420,EMPLOYEE,ACCESS_DENIED,DENIED,0,0,0,0,NORMAL,MEDIUM,1
SEC-004296,F001,Smart Campus,B001,Building A,BLK-A1,Block A1,AP-001,Building A Main Entrance,Entrance,2026-01-28 12:45:57,EMP-0437,Employee 437,EMPLOYEE,ACCESS_GRANTED,GRANTED,0,0,0,0,NORMAL,NORMAL,0
SEC-004176,F001,Smart Campus,B001,Building A,BLK-A1,Block A1,AP-001,Building A Main Entrance,Entrance,2026-01-28 13:02:08,EMP-0382,Employee 382,EMPLOYEE,ACCESS_GRANTED,GRANTED,0,0,0,0,NORMAL,NORMAL,0
SEC-004251,F001,Smart Campus,B002,Building B,BLK-B1,Block B1,AP-003,Building B Main Entrance,Entrance,2026-01-28 13:09:30,EMP-0332,Employee 332,EMPLOYEE,ACCESS_GRANTED,GRANTED,0,0,0,0,NORMAL,NORMAL,0
SEC-004169,F001,Smart Campus,B002,Building B,BLK-B2,Block B2,AP-004,Building B Service Door,Service Area,2026-01-28 13:37:13,CON-0105,Contractor 105,CONTRACTOR,ACCESS_GRANTED,GRANTED,0,0,0,0,NORMAL,NORMAL,0
SEC-004292,F001,Smart Campus,B002,Building B,BLK-B1,Block B1,AP-003,Building B Main Entrance,Entrance,2026-01-28 13:37:41,EMP-0494,Employee 494,EMPLOYEE,ACCESS_DENIED,DENIED,0,0,0,0,NORMAL,MEDIUM,1
SEC-004249,F001,Smart Campus,B003,Building C,BLK-C1,Block C1,AP-006,Server Room Access,Restricted Area,2026-01-28 13:37:51,EMP-0135,Employee 135,EMPLOYEE,ACCESS_GRANTED,GRANTED,0,0,0,0,NORMAL,NORMAL,0
SEC-004301,F001,Smart Campus,B002,Building B,BLK-B1,Block B1,AP-003,Building B Main Entrance,Entrance,2026-01-28 13:39:52,EMP-0313,Employee 313,EMPLOYEE,ACCESS_GRANTED,GRANTED,0,0,0,0,NORMAL,NORMAL,0
SEC-004288,F001,Smart Campus,B001,Building A,BLK-A2,Block A2,AP-002,Building A Side Entrance,Entrance,2026-01-28 13:49:49,CON-0037,Contractor 37,CONTRACTOR,ACCESS_GRANTED,GRANTED,0,0,0,0,NORMAL,NORMAL,0
SEC-004162,F001,Smart Campus,B001,Building A,BLK-A2,Block A2,AP-002,Building A Side Entrance,Entrance,2026-01-28 13:51:55,VIS-0209,Visitor 209,VISITOR,ACCESS_GRANTED,GRANTED,0,0,0,0,NORMAL,NORMAL,0
SEC-004205,F001,Smart Campus,B002,Building B,BLK-B1,Block B1,AP-003,Building B Main Entrance,Entrance,2026-01-28 14:02:43,EMP-0411,Employee 411,EMPLOYEE,ACCESS_GRANTED,GRANTED,0,0,0,0,NORMAL,NORMAL,0
SEC-004196,F001,Smart Campus,B002,Building B,BLK-B2,Block B2,AP-004,Building B Service Door,Service Area,2026-01-28 14:06:21,EMP-0406,Employee 406,EMPLOYEE,ACCESS_GRANTED,GRANTED,0,0,0,0,NORMAL,NORMAL,0
SEC-004181,F001,Smart Campus,B003,Building C,BLK-C1,Block C1,AP-006,Server Room Access,Restricted Area,2026-01-28 14:14:00,CON-0143,Contractor 143,CONTRACTOR,UNAUTHORIZED_ACCESS,DENIED,0,1,0,0,SUSPICIOUS_ACCESS,HIGH,1
SEC-004262,F001,Smart Campus,B003,Building C,BLK-C1,Block C1,AP-006,Server Room Access,Restricted Area,2026-01-28 14:15:03,EMP-0281,Employee 281,EMPLOYEE,ACCESS_GRANTED,GRANTED,0,0,0,0,NORMAL,NORMAL,0
SEC-004161,F001,Smart Campus,B001,Building A,BLK-A2,Block A2,AP-002,Building A Side Entrance,Entrance,2026-01-28 14:24:28,CON-0041,Contractor 41,CONTRACTOR,ACCESS_GRANTED,GRANTED,0,0,0,0,NORMAL,NORMAL,0
SEC-004234,F001,Smart Campus,B001,Building A,BLK-A1,Block A1,AP-001,Building A Main Entrance,Entrance,2026-01-28 14:30:33,EMP-0133,Employee 133,EMPLOYEE,ACCESS_GRANTED,GRANTED,0,0,0,0,NORMAL,NORMAL,0
SEC-004148,F001,Smart Campus,B003,Building C,BLK-C1,Block C1,AP-006,Server Room Access,Restricted Area,2026-01-28 14:40:54,CON-0099,Contractor 99,CONTRACTOR,ACCESS_GRANTED,GRANTED,0,0,0,0,NORMAL,NORMAL,0
SEC-004278,F001,Smart Campus,B001,Building A,BLK-A1,Block A1,AP-001,Building A Main Entrance,Entrance,2026-01-28 15:01:18,EMP-0037,Employee 37,EMPLOYEE,ACCESS_GRANTED,GRANTED,0,0,0,0,NORMAL,NORMAL,0
SEC-004246,F001,Smart Campus,B001,Building A,BLK-A2,Block A2,AP-002,Building A Side Entrance,Entrance,2026-01-28 15:03:03,EMP-0383,Employee 383,EMPLOYEE,ACCESS_GRANTED,GRANTED,0,0,0,0,NORMAL,NORMAL,0
SEC-004173,F001,Smart Campus,B001,Building A,BLK-A2,Block A2,AP-002,Building A Side Entrance,Entrance,2026-01-28 15:04:51,EMP-0145,Employee 145,EMPLOYEE,ACCESS_GRANTED,GRANTED,0,0,0,0,NORMAL,NORMAL,0
SEC-004166,F001,Smart Campus,B001,Building A,BLK-A1,Block A1,AP-001,Building A Main Entrance,Entrance,2026-01-28 15:07:48,CON-0113,Contractor 113,CONTRACTOR,ACCESS_GRANTED,GRANTED,0,0,0,0,NORMAL,NORMAL,0
SEC-004159,F001,Smart Campus,B001,Building A,BLK-A2,Block A2,AP-002,Building A Side Entrance,Entrance,2026-01-28 15:09:14,EMP-0277,Employee 277,EMPLOYEE,ACCESS_GRANTED,GRANTED,0,0,0,0,NORMAL,NORMAL,0
SEC-004279,F001,Smart Campus,B002,Building B,BLK-B1,Block B1,AP-003,Building B Main Entrance,Entrance,2026-01-28 15:11:16,VIS-0181,Visitor 181,VISITOR,ACCESS_GRANTED,GRANTED,0,0,0,0,NORMAL,NORMAL,0
SEC-004257,F001,Smart Campus,B001,Building A,BLK-A2,Block A2,AP-002,Building A Side Entrance,Entrance,2026-01-28 15:22:05,EMP-0261,Employee 261,EMPLOYEE,ACCESS_GRANTED,GRANTED,0,0,0,0,NORMAL,NORMAL,0
SEC-004233,F001,Smart Campus,B003,Building C,BLK-C1,Block C1,AP-006,Server Room Access,Restricted Area,2026-01-28 15:23:05,EMP-0074,Employee 74,EMPLOYEE,ACCESS_GRANTED,GRANTED,0,0,0,0,NORMAL,NORMAL,0
SEC-004236,F001,Smart Campus,B001,Building A,BLK-A2,Block A2,AP-002,Building A Side Entrance,Entrance,2026-01-28 15:28:54,VIS-0092,Visitor 92,VISITOR,ACCESS_GRANTED,GRANTED,0,0,0,0,NORMAL,NORMAL,0
SEC-004226,F001,Smart Campus,B001,Building A,BLK-A1,Block A1,AP-001,Building A Main Entrance,Entrance,2026-01-28 15:36:11,VIS-0288,Visitor 288,VISITOR,ACCESS_GRANTED,GRANTED,0,0,0,0,NORMAL,NORMAL,0
SEC-004177,F001,Smart Campus,B002,Building B,BLK-B2,Block B2,AP-004,Building B Service Door,Service Area,2026-01-28 15:37:00,EMP-0139,Employee 139,EMPLOYEE,ACCESS_GRANTED,GRANTED,0,0,0,0,NORMAL,NORMAL,0
SEC-004197,F001,Smart Campus,B002,Building B,BLK-B2,Block B2,AP-004,Building B Service Door,Service Area,2026-01-28 15:44:42,EMP-0173,Employee 173,EMPLOYEE,ACCESS_GRANTED,GRANTED,0,0,0,0,NORMAL,NORMAL,0
SEC-004187,F001,Smart Campus,B003,Building C,BLK-C1,Block C1,AP-006,Server Room Access,Restricted Area,2026-01-28 15:46:17,VIS-0160,Visitor 160,VISITOR,ACCESS_GRANTED,GRANTED,0,0,0,0,NORMAL,NORMAL,0
SEC-004241,F001,Smart Campus,B002,Building B,BLK-B2,Block B2,AP-004,Building B Service Door,Service Area,2026-01-28 15:47:53,EMP-0339,Employee 339,EMPLOYEE,ACCESS_GRANTED,GRANTED,0,0,0,0,NORMAL,NORMAL,0
SEC-004237,F001,Smart Campus,B002,Building B,BLK-B2,Block B2,AP-004,Building B Service Door,Service Area,2026-01-28 15:50:33,EMP-0225,Employee 225,EMPLOYEE,ACCESS_GRANTED,GRANTED,0,0,0,0,NORMAL,NORMAL,0
SEC-004294,F001,Smart Campus,B003,Building C,BLK-C1,Block C1,AP-006,Server Room Access,Restricted Area,2026-01-28 15:59:48,EMP-0371,Employee 371,EMPLOYEE,ACCESS_GRANTED,GRANTED,0,0,0,0,NORMAL,NORMAL,0
SEC-004206,F001,Smart Campus,B002,Building B,BLK-B2,Block B2,AP-004,Building B Service Door,Service Area,2026-01-28 16:00:17,EMP-0203,Employee 203,EMPLOYEE,ACCESS_GRANTED,GRANTED,0,0,0,0,NORMAL,NORMAL,0
SEC-004192,F001,Smart Campus,B001,Building A,BLK-A2,Block A2,AP-002,Building A Side Entrance,Entrance,2026-01-28 16:01:04,EMP-0358,Employee 358,EMPLOYEE,ACCESS_GRANTED,GRANTED,0,0,0,0,NORMAL,NORMAL,0
SEC-004214,F001,Smart Campus,B003,Building C,BLK-C1,Block C1,AP-005,Building C Main Entrance,Entrance,2026-01-28 16:12:33,EMP-0225,Employee 225,EMPLOYEE,ACCESS_GRANTED,GRANTED,0,0,0,0,NORMAL,NORMAL,0
SEC-004299,F001,Smart Campus,B001,Building A,BLK-A1,Block A1,AP-001,Building A Main Entrance,Entrance,2026-01-28 16:14:05,EMP-0274,Employee 274,EMPLOYEE,ACCESS_GRANTED,GRANTED,0,0,0,0,NORMAL,NORMAL,0
SEC-004250,F001,Smart Campus,B003,Building C,BLK-C1,Block C1,AP-005,Building C Main Entrance,Entrance,2026-01-28 16:33:52,VIS-0106,Visitor 106,VISITOR,ACCESS_GRANTED,GRANTED,0,0,0,0,NORMAL,NORMAL,0
SEC-004160,F001,Smart Campus,B001,Building A,BLK-A2,Block A2,AP-002,Building A Side Entrance,Entrance,2026-01-28 16:37:31,VIS-0241,Visitor 241,VISITOR,ACCESS_GRANTED,GRANTED,0,0,0,0,NORMAL,NORMAL,0
SEC-004263,F001,Smart Campus,B002,Building B,BLK-B1,Block B1,AP-003,Building B Main Entrance,Entrance,2026-01-28 16:39:26,EMP-0071,Employee 71,EMPLOYEE,ACCESS_GRANTED,GRANTED,0,0,0,0,NORMAL,NORMAL,0
SEC-004266,F001,Smart Campus,B002,Building B,BLK-B2,Block B2,AP-004,Building B Service Door,Service Area,2026-01-28 16:45:43,EMP-0369,Employee 369,EMPLOYEE,ACCESS_GRANTED,GRANTED,0,0,0,0,NORMAL,NORMAL,0
SEC-004291,F001,Smart Campus,B003,Building C,BLK-C1,Block C1,AP-006,Server Room Access,Restricted Area,2026-01-28 16:48:15,EMP-0321,Employee 321,EMPLOYEE,ACCESS_GRANTED,GRANTED,0,0,0,0,NORMAL,NORMAL,0
SEC-004198,F001,Smart Campus,B002,Building B,BLK-B2,Block B2,AP-004,Building B Service Door,Service Area,2026-01-28 16:51:11,VIS-0210,Visitor 210,VISITOR,ACCESS_GRANTED,GRANTED,0,0,0,0,NORMAL,NORMAL,0
SEC-004154,F001,Smart Campus,B002,Building B,BLK-B1,Block B1,AP-003,Building B Main Entrance,Entrance,2026-01-28 16:56:12,EMP-0173,Employee 173,EMPLOYEE,ACCESS_GRANTED,GRANTED,0,0,0,0,NORMAL,NORMAL,0
SEC-004168,F001,Smart Campus,B001,Building A,BLK-A2,Block A2,AP-002,Building A Side Entrance,Entrance,2026-01-28 17:00:09,EMP-0144,Employee 144,EMPLOYEE,ACCESS_GRANTED,GRANTED,0,0,0,0,NORMAL,NORMAL,0
SEC-004271,F001,Smart Campus,B001,Building A,BLK-A2,Block A2,AP-002,Building A Side Entrance,Entrance,2026-01-28 17:11:44,VIS-0180,Visitor 180,VISITOR,UNAUTHORIZED_ACCESS,DENIED,0,1,0,0,SUSPICIOUS_ACCESS,HIGH,1
SEC-004171,F001,Smart Campus,B002,Building B,BLK-B1,Block B1,AP-003,Building B Main Entrance,Entrance,2026-01-28 17:18:04,EMP-0244,Employee 244,EMPLOYEE,ACCESS_GRANTED,GRANTED,0,0,0,0,NORMAL,NORMAL,0
SEC-004247,F001,Smart Campus,B003,Building C,BLK-C1,Block C1,AP-005,Building C Main Entrance,Entrance,2026-01-28 17:20:52,VIS-0185,Visitor 185,VISITOR,ACCESS_GRANTED,GRANTED,0,0,0,0,NORMAL,NORMAL,0
SEC-004227,F001,Smart Campus,B001,Building A,BLK-A1,Block A1,AP-001,Building A Main Entrance,Entrance,2026-01-28 17:30:45,EMP-0380,Employee 380,EMPLOYEE,ACCESS_GRANTED,GRANTED,0,0,0,0,NORMAL,NORMAL,0
SEC-004293,F001,Smart Campus,B002,Building B,BLK-B1,Block B1,AP-003,Building B Main Entrance,Entrance,2026-01-28 17:33:03,EMP-0258,Employee 258,EMPLOYEE,ACCESS_GRANTED,GRANTED,0,0,0,0,NORMAL,NORMAL,0
SEC-004179,F001,Smart Campus,B001,Building A,BLK-A2,Block A2,AP-002,Building A Side Entrance,Entrance,2026-01-28 17:35:35,EMP-0240,Employee 240,EMPLOYEE,ACCESS_GRANTED,GRANTED,0,0,0,0,NORMAL,NORMAL,0
SEC-004209,F001,Smart Campus,B003,Building C,BLK-C1,Block C1,AP-005,Building C Main Entrance,Entrance,2026-01-28 17:36:45,EMP-0345,Employee 345,EMPLOYEE,ACCESS_GRANTED,GRANTED,0,0,0,0,NORMAL,NORMAL,0
SEC-004210,F001,Smart Campus,B002,Building B,BLK-B1,Block B1,AP-003,Building B Main Entrance,Entrance,2026-01-28 17:39:29,CON-0140,Contractor 140,CONTRACTOR,ACCESS_GRANTED,GRANTED,0,0,0,0,NORMAL,NORMAL,0
SEC-004274,F001,Smart Campus,B002,Building B,BLK-B2,Block B2,AP-004,Building B Service Door,Service Area,2026-01-28 17:39:52,EMP-0364,Employee 364,EMPLOYEE,ACCESS_GRANTED,GRANTED,0,0,0,0,NORMAL,NORMAL,0
SEC-004238,F001,Smart Campus,B001,Building A,BLK-A1,Block A1,AP-001,Building A Main Entrance,Entrance,2026-01-28 18:01:42,VIS-0167,Visitor 167,VISITOR,ACCESS_GRANTED,GRANTED,0,0,0,0,NORMAL,NORMAL,0
SEC-004182,F001,Smart Campus,B001,Building A,BLK-A1,Block A1,AP-001,Building A Main Entrance,Entrance,2026-01-28 18:05:44,EMP-0262,Employee 262,EMPLOYEE,ACCESS_GRANTED,GRANTED,0,0,0,0,NORMAL,NORMAL,0
SEC-004208,F001,Smart Campus,B002,Building B,BLK-B2,Block B2,AP-004,Building B Service Door,Service Area,2026-01-28 18:12:24,CON-0122,Contractor 122,CONTRACTOR,ACCESS_GRANTED,GRANTED,0,0,0,0,NORMAL,NORMAL,0
SEC-004228,F001,Smart Campus,B001,Building A,BLK-A2,Block A2,AP-002,Building A Side Entrance,Entrance,2026-01-28 18:17:33,CON-0050,Contractor 50,CONTRACTOR,ACCESS_GRANTED,GRANTED,0,0,0,0,NORMAL,NORMAL,0
SEC-004172,F001,Smart Campus,B003,Building C,BLK-C1,Block C1,AP-005,Building C Main Entrance,Entrance,2026-01-28 18:20:08,EMP-0450,Employee 450,EMPLOYEE,ACCESS_GRANTED,GRANTED,0,0,0,0,NORMAL,NORMAL,0
SEC-004153,F001,Smart Campus,B002,Building B,BLK-B2,Block B2,AP-004,Building B Service Door,Service Area,2026-01-28 18:25:04,EMP-0044,Employee 44,EMPLOYEE,ACCESS_GRANTED,GRANTED,0,0,0,0,NORMAL,NORMAL,0
SEC-004244,F001,Smart Campus,B002,Building B,BLK-B1,Block B1,AP-003,Building B Main Entrance,Entrance,2026-01-28 18:42:59,EMP-0185,Employee 185,EMPLOYEE,ACCESS_GRANTED,GRANTED,0,0,0,0,NORMAL,NORMAL,0
SEC-004269,F001,Smart Campus,B002,Building B,BLK-B1,Block B1,AP-003,Building B Main Entrance,Entrance,2026-01-28 18:51:27,VIS-0293,Visitor 293,VISITOR,ACCESS_GRANTED,GRANTED,0,0,0,0,NORMAL,NORMAL,0
SEC-004270,F001,Smart Campus,B001,Building A,BLK-A2,Block A2,AP-002,Building A Side Entrance,Entrance,2026-01-28 19:00:51,EMP-0099,Employee 99,EMPLOYEE,ACCESS_GRANTED,GRANTED,0,0,0,0,NORMAL,NORMAL,0
SEC-004281,F001,Smart Campus,B002,Building B,BLK-B2,Block B2,AP-004,Building B Service Door,Service Area,2026-01-28 19:02:11,EMP-0471,Employee 471,EMPLOYEE,ACCESS_DENIED,DENIED,0,0,0,0,NORMAL,MEDIUM,1
SEC-004178,F001,Smart Campus,B002,Building B,BLK-B1,Block B1,AP-003,Building B Main Entrance,Entrance,2026-01-28 19:05:25,EMP-0196,Employee 196,EMPLOYEE,ACCESS_GRANTED,GRANTED,0,0,0,0,NORMAL,NORMAL,0
SEC-004287,F001,Smart Campus,B002,Building B,BLK-B2,Block B2,AP-004,Building B Service Door,Service Area,2026-01-28 19:11:12,CON-0038,Contractor 38,CONTRACTOR,ACCESS_GRANTED,GRANTED,0,0,0,0,NORMAL,NORMAL,0
SEC-004224,F001,Smart Campus,B001,Building A,BLK-A1,Block A1,AP-001,Building A Main Entrance,Entrance,2026-01-28 19:16:19,EMP-0177,Employee 177,EMPLOYEE,ACCESS_GRANTED,GRANTED,0,0,0,0,NORMAL,NORMAL,0
SEC-004164,F001,Smart Campus,B003,Building C,BLK-C1,Block C1,AP-005,Building C Main Entrance,Entrance,2026-01-28 19:36:39,EMP-0301,Employee 301,EMPLOYEE,ACCESS_GRANTED,GRANTED,0,0,0,0,NORMAL,NORMAL,0
SEC-004194,F001,Smart Campus,B002,Building B,BLK-B1,Block B1,AP-003,Building B Main Entrance,Entrance,2026-01-28 19:41:03,VIS-0157,Visitor 157,VISITOR,ACCESS_GRANTED,GRANTED,0,0,0,0,NORMAL,NORMAL,0
SEC-004268,F001,Smart Campus,B001,Building A,BLK-A1,Block A1,AP-001,Building A Main Entrance,Entrance,2026-01-28 19:44:26,VIS-0250,Visitor 250,VISITOR,ACCESS_GRANTED,GRANTED,0,0,0,0,NORMAL,NORMAL,0
SEC-004220,F001,Smart Campus,B003,Building C,BLK-C1,Block C1,AP-006,Server Room Access,Restricted Area,2026-01-28 19:57:30,EMP-0002,Employee 2,EMPLOYEE,ACCESS_GRANTED,GRANTED,0,0,0,0,NORMAL,NORMAL,0
SEC-004300,F001,Smart Campus,B002,Building B,BLK-B1,Block B1,AP-003,Building B Main Entrance,Entrance,2026-01-28 19:59:46,EMP-0361,Employee 361,EMPLOYEE,FORCED_ENTRY,DENIED,0,0,1,0,FORCED_ENTRY,CRITICAL,1
SEC-004201,F001,Smart Campus,B001,Building A,BLK-A2,Block A2,AP-002,Building A Side Entrance,Entrance,2026-01-28 20:16:13,EMP-0075,Employee 75,EMPLOYEE,ACCESS_GRANTED,GRANTED,0,0,0,0,NORMAL,NORMAL,0
SEC-004275,F001,Smart Campus,B002,Building B,BLK-B2,Block B2,AP-004,Building B Service Door,Service Area,2026-01-28 20:17:14,EMP-0365,Employee 365,EMPLOYEE,ACCESS_GRANTED,GRANTED,0,0,0,0,NORMAL,NORMAL,0
SEC-004217,F001,Smart Campus,B001,Building A,BLK-A2,Block A2,AP-002,Building A Side Entrance,Entrance,2026-01-28 20:28:59,VIS-0111,Visitor 111,VISITOR,ACCESS_GRANTED,GRANTED,0,0,0,0,NORMAL,NORMAL,0
SEC-004231,F001,Smart Campus,B002,Building B,BLK-B2,Block B2,AP-004,Building B Service Door,Service Area,2026-01-28 20:40:59,EMP-0407,Employee 407,EMPLOYEE,ACCESS_GRANTED,GRANTED,0,0,0,0,NORMAL,NORMAL,0
SEC-004156,F001,Smart Campus,B002,Building B,BLK-B2,Block B2,AP-004,Building B Service Door,Service Area,2026-01-28 20:46:48,EMP-0041,Employee 41,EMPLOYEE,ACCESS_GRANTED,GRANTED,0,0,0,0,NORMAL,NORMAL,0
SEC-004202,F001,Smart Campus,B002,Building B,BLK-B1,Block B1,AP-003,Building B Main Entrance,Entrance,2026-01-28 20:55:07,EMP-0002,Employee 2,EMPLOYEE,ACCESS_GRANTED,GRANTED,0,0,0,0,NORMAL,NORMAL,0
SEC-004273,F001,Smart Campus,B003,Building C,BLK-C1,Block C1,AP-005,Building C Main Entrance,Entrance,2026-01-28 22:01:31,EMP-0500,Employee 500,EMPLOYEE,ACCESS_GRANTED,GRANTED,1,0,0,0,NORMAL,LOW,0
SEC-004252,F001,Smart Campus,B002,Building B,BLK-B2,Block B2,AP-004,Building B Service Door,Service Area,2026-01-28 22:17:22,EMP-0315,Employee 315,EMPLOYEE,ACCESS_GRANTED,GRANTED,1,0,0,0,AFTER_HOURS_MOVEMENT,LOW,0
SEC-004188,F001,Smart Campus,B001,Building A,BLK-A1,Block A1,AP-001,Building A Main Entrance,Entrance,2026-01-28 22:31:08,EMP-0394,Employee 394,EMPLOYEE,ACCESS_GRANTED,GRANTED,1,0,0,0,NORMAL,LOW,0
SEC-004213,F001,Smart Campus,B003,Building C,BLK-C1,Block C1,AP-006,Server Room Access,Restricted Area,2026-01-28 22:34:42,VIS-0198,Visitor 198,VISITOR,ACCESS_GRANTED,GRANTED,1,0,0,0,AFTER_HOURS_MOVEMENT,LOW,0
SEC-004221,F001,Smart Campus,B003,Building C,BLK-C1,Block C1,AP-006,Server Room Access,Restricted Area,2026-01-28 22:54:51,VIS-0143,Visitor 143,VISITOR,ACCESS_GRANTED,GRANTED,1,0,0,0,NORMAL,LOW,0
SEC-004223,F001,Smart Campus,B001,Building A,BLK-A1,Block A1,AP-001,Building A Main Entrance,Entrance,2026-01-28 23:02:09,EMP-0178,Employee 178,EMPLOYEE,ACCESS_GRANTED,GRANTED,1,0,0,0,NORMAL,LOW,0
SEC-004256,F001,Smart Campus,B003,Building C,BLK-C1,Block C1,AP-005,Building C Main Entrance,Entrance,2026-01-28 23:33:05,EMP-0074,Employee 74,EMPLOYEE,ACCESS_GRANTED,GRANTED,1,0,0,0,AFTER_HOURS_MOVEMENT,LOW,0
SEC-004254,F001,Smart Campus,B003,Building C,BLK-C1,Block C1,AP-005,Building C Main Entrance,Entrance,2026-01-28 23:35:31,EMP-0138,Employee 138,EMPLOYEE,ACCESS_GRANTED,GRANTED,1,0,0,0,AFTER_HOURS_MOVEMENT,LOW,0
SEC-004204,F001,Smart Campus,B003,Building C,BLK-C1,Block C1,AP-006,Server Room Access,Restricted Area,2026-01-28 23:42:53,EMP-0457,Employee 457,EMPLOYEE,ACCESS_GRANTED,GRANTED,1,0,0,0,AFTER_HOURS_MOVEMENT,LOW,0
SEC-004422,F001,Smart Campus,B001,Building A,BLK-A2,Block A2,AP-002,Building A Side Entrance,Entrance,2026-01-29 00:05:42,CON-0142,Contractor 142,CONTRACTOR,ACCESS_GRANTED,GRANTED,1,0,0,0,NORMAL,LOW,0
SEC-004395,F001,Smart Campus,B001,Building A,BLK-A1,Block A1,AP-001,Building A Main Entrance,Entrance,2026-01-29 00:57:26,EMP-0085,Employee 85,EMPLOYEE,ACCESS_GRANTED,GRANTED,1,0,0,0,NORMAL,LOW,0
SEC-004351,F001,Smart Campus,B001,Building A,BLK-A1,Block A1,AP-001,Building A Main Entrance,Entrance,2026-01-29 01:24:54,EMP-0291,Employee 291,EMPLOYEE,ACCESS_GRANTED,GRANTED,1,0,0,0,NORMAL,LOW,0
SEC-004429,F001,Smart Campus,B001,Building A,BLK-A2,Block A2,AP-002,Building A Side Entrance,Entrance,2026-01-29 01:53:44,VIS-0172,Visitor 172,VISITOR,ACCESS_GRANTED,GRANTED,1,0,0,0,NORMAL,LOW,0
SEC-004309,F001,Smart Campus,B001,Building A,BLK-A1,Block A1,AP-001,Building A Main Entrance,Entrance,2026-01-29 02:28:46,CON-0116,Contractor 116,CONTRACTOR,ACCESS_GRANTED,GRANTED,1,0,0,0,NORMAL,LOW,0
SEC-004442,F001,Smart Campus,B001,Building A,BLK-A2,Block A2,AP-002,Building A Side Entrance,Entrance,2026-01-29 02:47:38,EMP-0175,Employee 175,EMPLOYEE,ACCESS_GRANTED,GRANTED,1,0,0,0,NORMAL,LOW,0
SEC-004453,F001,Smart Campus,B003,Building C,BLK-C1,Block C1,AP-006,Server Room Access,Restricted Area,2026-01-29 03:03:39,CON-0118,Contractor 118,CONTRACTOR,ACCESS_GRANTED,GRANTED,1,0,0,0,NORMAL,LOW,0
SEC-004439,F001,Smart Campus,B002,Building B,BLK-B2,Block B2,AP-004,Building B Service Door,Service Area,2026-01-29 03:04:02,EMP-0314,Employee 314,EMPLOYEE,ACCESS_GRANTED,GRANTED,1,0,0,0,AFTER_HOURS_MOVEMENT,LOW,0
SEC-004400,F001,Smart Campus,B001,Building A,BLK-A2,Block A2,AP-002,Building A Side Entrance,Entrance,2026-01-29 03:05:25,EMP-0492,Employee 492,EMPLOYEE,ACCESS_GRANTED,GRANTED,1,0,0,0,NORMAL,LOW,0
SEC-004405,F001,Smart Campus,B002,Building B,BLK-B1,Block B1,AP-003,Building B Main Entrance,Entrance,2026-01-29 03:16:58,EMP-0262,Employee 262,EMPLOYEE,ACCESS_GRANTED,GRANTED,1,0,0,0,NORMAL,LOW,0
SEC-004347,F001,Smart Campus,B003,Building C,BLK-C1,Block C1,AP-006,Server Room Access,Restricted Area,2026-01-29 03:22:58,EMP-0009,Employee 9,EMPLOYEE,ACCESS_GRANTED,GRANTED,1,0,0,0,NORMAL,LOW,0
SEC-004350,F001,Smart Campus,B002,Building B,BLK-B1,Block B1,AP-003,Building B Main Entrance,Entrance,2026-01-29 03:33:16,VIS-0014,Visitor 14,VISITOR,ACCESS_GRANTED,GRANTED,1,0,0,0,AFTER_HOURS_MOVEMENT,LOW,0
SEC-004335,F001,Smart Campus,B001,Building A,BLK-A1,Block A1,AP-001,Building A Main Entrance,Entrance,2026-01-29 04:06:26,CON-0101,Contractor 101,CONTRACTOR,ACCESS_GRANTED,GRANTED,1,0,0,0,NORMAL,LOW,0
SEC-004459,F001,Smart Campus,B003,Building C,BLK-C1,Block C1,AP-005,Building C Main Entrance,Entrance,2026-01-29 04:17:55,EMP-0445,Employee 445,EMPLOYEE,ACCESS_GRANTED,GRANTED,1,0,0,0,NORMAL,LOW,0
SEC-004398,F001,Smart Campus,B003,Building C,BLK-C1,Block C1,AP-006,Server Room Access,Restricted Area,2026-01-29 04:23:38,EMP-0274,Employee 274,EMPLOYEE,ACCESS_GRANTED,GRANTED,1,0,0,0,NORMAL,LOW,0
SEC-004456,F001,Smart Campus,B001,Building A,BLK-A2,Block A2,AP-002,Building A Side Entrance,Entrance,2026-01-29 05:00:28,EMP-0257,Employee 257,EMPLOYEE,ACCESS_GRANTED,GRANTED,1,0,0,0,AFTER_HOURS_MOVEMENT,LOW,0
SEC-004396,F001,Smart Campus,B003,Building C,BLK-C1,Block C1,AP-005,Building C Main Entrance,Entrance,2026-01-29 05:05:42,EMP-0321,Employee 321,EMPLOYEE,ACCESS_GRANTED,GRANTED,1,0,0,0,NORMAL,LOW,0
SEC-004417,F001,Smart Campus,B001,Building A,BLK-A1,Block A1,AP-001,Building A Main Entrance,Entrance,2026-01-29 05:30:37,EMP-0005,Employee 5,EMPLOYEE,ACCESS_GRANTED,GRANTED,1,0,0,0,NORMAL,LOW,0
SEC-004344,F001,Smart Campus,B001,Building A,BLK-A2,Block A2,AP-002,Building A Side Entrance,Entrance,2026-01-29 05:54:41,EMP-0291,Employee 291,EMPLOYEE,ACCESS_GRANTED,GRANTED,1,0,0,0,NORMAL,LOW,0
SEC-004323,F001,Smart Campus,B002,Building B,BLK-B1,Block B1,AP-003,Building B Main Entrance,Entrance,2026-01-29 06:23:53,EMP-0227,Employee 227,EMPLOYEE,ACCESS_GRANTED,GRANTED,1,0,0,0,NORMAL,LOW,0
SEC-004329,F001,Smart Campus,B003,Building C,BLK-C1,Block C1,AP-005,Building C Main Entrance,Entrance,2026-01-29 07:10:45,VIS-0081,Visitor 81,VISITOR,ACCESS_GRANTED,GRANTED,0,0,0,0,NORMAL,NORMAL,0
SEC-004440,F001,Smart Campus,B002,Building B,BLK-B1,Block B1,AP-003,Building B Main Entrance,Entrance,2026-01-29 07:19:37,EMP-0199,Employee 199,EMPLOYEE,ACCESS_GRANTED,GRANTED,0,0,0,0,NORMAL,NORMAL,0
SEC-004402,F001,Smart Campus,B001,Building A,BLK-A1,Block A1,AP-001,Building A Main Entrance,Entrance,2026-01-29 07:24:28,EMP-0295,Employee 295,EMPLOYEE,ACCESS_GRANTED,GRANTED,0,0,0,0,NORMAL,NORMAL,0
SEC-004401,F001,Smart Campus,B003,Building C,BLK-C1,Block C1,AP-006,Server Room Access,Restricted Area,2026-01-29 07:28:22,EMP-0289,Employee 289,EMPLOYEE,ACCESS_GRANTED,GRANTED,0,0,0,0,NORMAL,NORMAL,0
SEC-004338,F001,Smart Campus,B003,Building C,BLK-C1,Block C1,AP-005,Building C Main Entrance,Entrance,2026-01-29 07:30:51,EMP-0265,Employee 265,EMPLOYEE,ACCESS_GRANTED,GRANTED,0,0,0,0,NORMAL,NORMAL,0
SEC-004454,F001,Smart Campus,B003,Building C,BLK-C1,Block C1,AP-005,Building C Main Entrance,Entrance,2026-01-29 07:45:30,EMP-0485,Employee 485,EMPLOYEE,ACCESS_GRANTED,GRANTED,0,0,0,0,NORMAL,NORMAL,0
SEC-004418,F001,Smart Campus,B002,Building B,BLK-B1,Block B1,AP-003,Building B Main Entrance,Entrance,2026-01-29 07:50:30,EMP-0120,Employee 120,EMPLOYEE,ACCESS_GRANTED,GRANTED,0,0,0,0,NORMAL,NORMAL,0
SEC-004372,F001,Smart Campus,B003,Building C,BLK-C1,Block C1,AP-005,Building C Main Entrance,Entrance,2026-01-29 07:55:35,VIS-0261,Visitor 261,VISITOR,ACCESS_GRANTED,GRANTED,0,0,0,0,NORMAL,NORMAL,0
SEC-004399,F001,Smart Campus,B003,Building C,BLK-C1,Block C1,AP-005,Building C Main Entrance,Entrance,2026-01-29 08:02:00,EMP-0167,Employee 167,EMPLOYEE,ACCESS_GRANTED,GRANTED,0,0,0,0,NORMAL,NORMAL,0
SEC-004461,F001,Smart Campus,B002,Building B,BLK-B1,Block B1,AP-003,Building B Main Entrance,Entrance,2026-01-29 08:08:41,EMP-0038,Employee 38,EMPLOYEE,ACCESS_GRANTED,GRANTED,0,0,0,0,NORMAL,NORMAL,0
SEC-004462,F001,Smart Campus,B003,Building C,BLK-C1,Block C1,AP-005,Building C Main Entrance,Entrance,2026-01-29 08:13:05,EMP-0028,Employee 28,EMPLOYEE,ACCESS_GRANTED,GRANTED,0,0,0,0,NORMAL,NORMAL,0
SEC-004370,F001,Smart Campus,B002,Building B,BLK-B2,Block B2,AP-004,Building B Service Door,Service Area,2026-01-29 08:16:39,VIS-0281,Visitor 281,VISITOR,ACCESS_GRANTED,GRANTED,0,0,0,0,NORMAL,NORMAL,0
SEC-004430,F001,Smart Campus,B002,Building B,BLK-B1,Block B1,AP-003,Building B Main Entrance,Entrance,2026-01-29 08:34:34,EMP-0455,Employee 455,EMPLOYEE,ACCESS_GRANTED,GRANTED,0,0,0,0,NORMAL,NORMAL,0
SEC-004339,F001,Smart Campus,B001,Building A,BLK-A2,Block A2,AP-002,Building A Side Entrance,Entrance,2026-01-29 08:35:37,EMP-0017,Employee 17,EMPLOYEE,ACCESS_GRANTED,GRANTED,0,0,0,0,NORMAL,NORMAL,0
SEC-004389,F001,Smart Campus,B002,Building B,BLK-B1,Block B1,AP-003,Building B Main Entrance,Entrance,2026-01-29 08:40:59,EMP-0104,Employee 104,EMPLOYEE,ACCESS_GRANTED,GRANTED,0,0,0,0,NORMAL,NORMAL,0
SEC-004457,F001,Smart Campus,B003,Building C,BLK-C1,Block C1,AP-005,Building C Main Entrance,Entrance,2026-01-29 08:43:05,EMP-0069,Employee 69,EMPLOYEE,ACCESS_DENIED,DENIED,0,0,0,0,NORMAL,MEDIUM,1
SEC-004387,F001,Smart Campus,B002,Building B,BLK-B1,Block B1,AP-003,Building B Main Entrance,Entrance,2026-01-29 08:50:37,EMP-0344,Employee 344,EMPLOYEE,ACCESS_DENIED,DENIED,0,0,0,0,NORMAL,MEDIUM,1
SEC-004436,F001,Smart Campus,B003,Building C,BLK-C1,Block C1,AP-006,Server Room Access,Restricted Area,2026-01-29 08:51:38,EMP-0232,Employee 232,EMPLOYEE,ACCESS_GRANTED,GRANTED,0,0,0,0,NORMAL,NORMAL,0
SEC-004421,F001,Smart Campus,B002,Building B,BLK-B1,Block B1,AP-003,Building B Main Entrance,Entrance,2026-01-29 08:53:57,EMP-0406,Employee 406,EMPLOYEE,ACCESS_GRANTED,GRANTED,0,0,0,0,NORMAL,NORMAL,0
SEC-004336,F001,Smart Campus,B003,Building C,BLK-C1,Block C1,AP-006,Server Room Access,Restricted Area,2026-01-29 08:56:45,EMP-0434,Employee 434,EMPLOYEE,ACCESS_GRANTED,GRANTED,0,0,0,0,NORMAL,NORMAL,0
SEC-004373,F001,Smart Campus,B003,Building C,BLK-C1,Block C1,AP-005,Building C Main Entrance,Entrance,2026-01-29 09:10:02,EMP-0067,Employee 67,EMPLOYEE,TAILGATING,GRANTED,0,0,0,1,TAILGATING,HIGH,1
SEC-004428,F001,Smart Campus,B001,Building A,BLK-A1,Block A1,AP-001,Building A Main Entrance,Entrance,2026-01-29 09:10:06,EMP-0283,Employee 283,EMPLOYEE,ACCESS_GRANTED,GRANTED,0,0,0,0,NORMAL,NORMAL,0
SEC-004374,F001,Smart Campus,B003,Building C,BLK-C1,Block C1,AP-005,Building C Main Entrance,Entrance,2026-01-29 09:12:40,EMP-0133,Employee 133,EMPLOYEE,ACCESS_GRANTED,GRANTED,0,0,0,0,NORMAL,NORMAL,0
SEC-004356,F001,Smart Campus,B001,Building A,BLK-A1,Block A1,AP-001,Building A Main Entrance,Entrance,2026-01-29 09:39:58,VIS-0122,Visitor 122,VISITOR,ACCESS_GRANTED,GRANTED,0,0,0,0,NORMAL,NORMAL,0
SEC-004302,F001,Smart Campus,B001,Building A,BLK-A2,Block A2,AP-002,Building A Side Entrance,Entrance,2026-01-29 09:55:05,EMP-0247,Employee 247,EMPLOYEE,ACCESS_GRANTED,GRANTED,0,0,0,0,NORMAL,NORMAL,0
SEC-004463,F001,Smart Campus,B003,Building C,BLK-C1,Block C1,AP-005,Building C Main Entrance,Entrance,2026-01-29 10:01:36,EMP-0335,Employee 335,EMPLOYEE,ACCESS_GRANTED,GRANTED,0,0,0,0,NORMAL,NORMAL,0
SEC-004357,F001,Smart Campus,B003,Building C,BLK-C1,Block C1,AP-006,Server Room Access,Restricted Area,2026-01-29 10:05:57,EMP-0181,Employee 181,EMPLOYEE,ACCESS_GRANTED,GRANTED,0,0,0,0,NORMAL,NORMAL,0
SEC-004352,F001,Smart Campus,B001,Building A,BLK-A2,Block A2,AP-002,Building A Side Entrance,Entrance,2026-01-29 10:08:55,EMP-0185,Employee 185,EMPLOYEE,ACCESS_GRANTED,GRANTED,0,0,0,0,NORMAL,NORMAL,0
SEC-004362,F001,Smart Campus,B003,Building C,BLK-C1,Block C1,AP-006,Server Room Access,Restricted Area,2026-01-29 10:09:45,EMP-0464,Employee 464,EMPLOYEE,ACCESS_GRANTED,GRANTED,0,0,0,0,NORMAL,NORMAL,0
SEC-004328,F001,Smart Campus,B001,Building A,BLK-A2,Block A2,AP-002,Building A Side Entrance,Entrance,2026-01-29 10:13:00,EMP-0264,Employee 264,EMPLOYEE,ACCESS_GRANTED,GRANTED,0,0,0,0,NORMAL,NORMAL,0
SEC-004445,F001,Smart Campus,B002,Building B,BLK-B1,Block B1,AP-003,Building B Main Entrance,Entrance,2026-01-29 10:16:29,EMP-0361,Employee 361,EMPLOYEE,ACCESS_GRANTED,GRANTED,0,0,0,0,NORMAL,NORMAL,0
SEC-004340,F001,Smart Campus,B003,Building C,BLK-C1,Block C1,AP-006,Server Room Access,Restricted Area,2026-01-29 10:18:05,CON-0124,Contractor 124,CONTRACTOR,ACCESS_GRANTED,GRANTED,0,0,0,0,NORMAL,NORMAL,0
SEC-004433,F001,Smart Campus,B003,Building C,BLK-C1,Block C1,AP-006,Server Room Access,Restricted Area,2026-01-29 10:19:23,EMP-0246,Employee 246,EMPLOYEE,ACCESS_GRANTED,GRANTED,0,0,0,0,NORMAL,NORMAL,0
SEC-004466,F001,Smart Campus,B003,Building C,BLK-C1,Block C1,AP-006,Server Room Access,Restricted Area,2026-01-29 10:20:44,VIS-0298,Visitor 298,VISITOR,ACCESS_GRANTED,GRANTED,0,0,0,0,NORMAL,NORMAL,0
SEC-004361,F001,Smart Campus,B003,Building C,BLK-C1,Block C1,AP-005,Building C Main Entrance,Entrance,2026-01-29 10:33:27,VIS-0146,Visitor 146,VISITOR,ACCESS_GRANTED,GRANTED,0,0,0,0,NORMAL,NORMAL,0
SEC-004404,F001,Smart Campus,B002,Building B,BLK-B1,Block B1,AP-003,Building B Main Entrance,Entrance,2026-01-29 10:38:12,EMP-0187,Employee 187,EMPLOYEE,ACCESS_GRANTED,GRANTED,0,0,0,0,NORMAL,NORMAL,0
SEC-004316,F001,Smart Campus,B001,Building A,BLK-A2,Block A2,AP-002,Building A Side Entrance,Entrance,2026-01-29 10:41:28,EMP-0487,Employee 487,EMPLOYEE,ACCESS_GRANTED,GRANTED,0,0,0,0,NORMAL,NORMAL,0
SEC-004354,F001,Smart Campus,B002,Building B,BLK-B2,Block B2,AP-004,Building B Service Door,Service Area,2026-01-29 10:48:34,EMP-0109,Employee 109,EMPLOYEE,ACCESS_GRANTED,GRANTED,0,0,0,0,NORMAL,NORMAL,0
SEC-004365,F001,Smart Campus,B001,Building A,BLK-A1,Block A1,AP-001,Building A Main Entrance,Entrance,2026-01-29 11:13:17,EMP-0002,Employee 2,EMPLOYEE,ACCESS_GRANTED,GRANTED,0,0,0,0,NORMAL,NORMAL,0
SEC-004410,F001,Smart Campus,B002,Building B,BLK-B1,Block B1,AP-003,Building B Main Entrance,Entrance,2026-01-29 11:24:29,EMP-0359,Employee 359,EMPLOYEE,ACCESS_GRANTED,GRANTED,0,0,0,0,NORMAL,NORMAL,0
SEC-004426,F001,Smart Campus,B001,Building A,BLK-A1,Block A1,AP-001,Building A Main Entrance,Entrance,2026-01-29 11:34:59,CON-0061,Contractor 61,CONTRACTOR,ACCESS_GRANTED,GRANTED,0,0,0,0,NORMAL,NORMAL,0
SEC-004353,F001,Smart Campus,B003,Building C,BLK-C1,Block C1,AP-005,Building C Main Entrance,Entrance,2026-01-29 11:36:47,EMP-0262,Employee 262,EMPLOYEE,ACCESS_GRANTED,GRANTED,0,0,0,0,NORMAL,NORMAL,0
SEC-004447,F001,Smart Campus,B003,Building C,BLK-C1,Block C1,AP-006,Server Room Access,Restricted Area,2026-01-29 11:40:36,VIS-0143,Visitor 143,VISITOR,ACCESS_GRANTED,GRANTED,0,0,0,0,NORMAL,NORMAL,0
SEC-004446,F001,Smart Campus,B001,Building A,BLK-A1,Block A1,AP-001,Building A Main Entrance,Entrance,2026-01-29 11:43:51,EMP-0349,Employee 349,EMPLOYEE,ACCESS_GRANTED,GRANTED,0,0,0,0,NORMAL,NORMAL,0
SEC-004382,F001,Smart Campus,B003,Building C,BLK-C1,Block C1,AP-006,Server Room Access,Restricted Area,2026-01-29 11:58:07,EMP-0227,Employee 227,EMPLOYEE,ACCESS_GRANTED,GRANTED,0,0,0,0,NORMAL,NORMAL,0
SEC-004379,F001,Smart Campus,B002,Building B,BLK-B2,Block B2,AP-004,Building B Service Door,Service Area,2026-01-29 12:03:57,EMP-0168,Employee 168,EMPLOYEE,ACCESS_GRANTED,GRANTED,0,0,0,0,NORMAL,NORMAL,0
SEC-004341,F001,Smart Campus,B002,Building B,BLK-B1,Block B1,AP-003,Building B Main Entrance,Entrance,2026-01-29 12:05:51,CON-0064,Contractor 64,CONTRACTOR,ACCESS_GRANTED,GRANTED,0,0,0,0,NORMAL,NORMAL,0
SEC-004367,F001,Smart Campus,B001,Building A,BLK-A2,Block A2,AP-002,Building A Side Entrance,Entrance,2026-01-29 12:07:36,CON-0095,Contractor 95,CONTRACTOR,ACCESS_GRANTED,GRANTED,0,0,0,0,NORMAL,NORMAL,0
SEC-004420,F001,Smart Campus,B003,Building C,BLK-C1,Block C1,AP-005,Building C Main Entrance,Entrance,2026-01-29 12:11:57,EMP-0044,Employee 44,EMPLOYEE,ACCESS_GRANTED,GRANTED,0,0,0,0,NORMAL,NORMAL,0
SEC-004371,F001,Smart Campus,B001,Building A,BLK-A2,Block A2,AP-002,Building A Side Entrance,Entrance,2026-01-29 12:11:59,EMP-0388,Employee 388,EMPLOYEE,TAILGATING,GRANTED,0,0,0,1,TAILGATING,HIGH,1
SEC-004327,F001,Smart Campus,B003,Building C,BLK-C1,Block C1,AP-006,Server Room Access,Restricted Area,2026-01-29 12:16:53,EMP-0381,Employee 381,EMPLOYEE,ACCESS_GRANTED,GRANTED,0,0,0,0,NORMAL,NORMAL,0
SEC-004449,F001,Smart Campus,B001,Building A,BLK-A2,Block A2,AP-002,Building A Side Entrance,Entrance,2026-01-29 12:29:08,EMP-0301,Employee 301,EMPLOYEE,ACCESS_GRANTED,GRANTED,0,0,0,0,NORMAL,NORMAL,0
SEC-004411,F001,Smart Campus,B001,Building A,BLK-A2,Block A2,AP-002,Building A Side Entrance,Entrance,2026-01-29 12:38:28,VIS-0162,Visitor 162,VISITOR,ACCESS_GRANTED,GRANTED,0,0,0,0,NORMAL,NORMAL,0
SEC-004305,F001,Smart Campus,B002,Building B,BLK-B2,Block B2,AP-004,Building B Service Door,Service Area,2026-01-29 12:42:17,VIS-0196,Visitor 196,VISITOR,ACCESS_GRANTED,GRANTED,0,0,0,0,NORMAL,NORMAL,0
SEC-004358,F001,Smart Campus,B001,Building A,BLK-A2,Block A2,AP-002,Building A Side Entrance,Entrance,2026-01-29 12:44:53,EMP-0395,Employee 395,EMPLOYEE,ACCESS_GRANTED,GRANTED,0,0,0,0,NORMAL,NORMAL,0
SEC-004369,F001,Smart Campus,B002,Building B,BLK-B2,Block B2,AP-004,Building B Service Door,Service Area,2026-01-29 12:50:45,EMP-0362,Employee 362,EMPLOYEE,ACCESS_GRANTED,GRANTED,0,0,0,0,NORMAL,NORMAL,0
SEC-004380,F001,Smart Campus,B003,Building C,BLK-C1,Block C1,AP-005,Building C Main Entrance,Entrance,2026-01-29 12:52:36,EMP-0346,Employee 346,EMPLOYEE,ACCESS_GRANTED,GRANTED,0,0,0,0,NORMAL,NORMAL,0
SEC-004425,F001,Smart Campus,B003,Building C,BLK-C1,Block C1,AP-006,Server Room Access,Restricted Area,2026-01-29 12:54:26,EMP-0431,Employee 431,EMPLOYEE,ACCESS_GRANTED,GRANTED,0,0,0,0,NORMAL,NORMAL,0
SEC-004423,F001,Smart Campus,B001,Building A,BLK-A1,Block A1,AP-001,Building A Main Entrance,Entrance,2026-01-29 12:55:58,EMP-0023,Employee 23,EMPLOYEE,ACCESS_GRANTED,GRANTED,0,0,0,0,NORMAL,NORMAL,0
SEC-004348,F001,Smart Campus,B002,Building B,BLK-B1,Block B1,AP-003,Building B Main Entrance,Entrance,2026-01-29 13:13:38,EMP-0365,Employee 365,EMPLOYEE,ACCESS_GRANTED,GRANTED,0,0,0,0,NORMAL,NORMAL,0
SEC-004416,F001,Smart Campus,B002,Building B,BLK-B2,Block B2,AP-004,Building B Service Door,Service Area,2026-01-29 13:31:22,EMP-0434,Employee 434,EMPLOYEE,ACCESS_GRANTED,GRANTED,0,0,0,0,NORMAL,NORMAL,0
SEC-004443,F001,Smart Campus,B001,Building A,BLK-A1,Block A1,AP-001,Building A Main Entrance,Entrance,2026-01-29 13:38:52,EMP-0224,Employee 224,EMPLOYEE,ACCESS_GRANTED,GRANTED,0,0,0,0,NORMAL,NORMAL,0
SEC-004438,F001,Smart Campus,B002,Building B,BLK-B2,Block B2,AP-004,Building B Service Door,Service Area,2026-01-29 13:40:16,EMP-0325,Employee 325,EMPLOYEE,ACCESS_GRANTED,GRANTED,0,0,0,0,NORMAL,NORMAL,0
SEC-004343,F001,Smart Campus,B001,Building A,BLK-A2,Block A2,AP-002,Building A Side Entrance,Entrance,2026-01-29 13:45:19,EMP-0171,Employee 171,EMPLOYEE,ACCESS_GRANTED,GRANTED,0,0,0,0,NORMAL,NORMAL,0
SEC-004345,F001,Smart Campus,B003,Building C,BLK-C1,Block C1,AP-006,Server Room Access,Restricted Area,2026-01-29 13:54:51,EMP-0348,Employee 348,EMPLOYEE,ACCESS_GRANTED,GRANTED,0,0,0,0,NORMAL,NORMAL,0
SEC-004349,F001,Smart Campus,B001,Building A,BLK-A2,Block A2,AP-002,Building A Side Entrance,Entrance,2026-01-29 14:05:03,EMP-0317,Employee 317,EMPLOYEE,ACCESS_GRANTED,GRANTED,0,0,0,0,NORMAL,NORMAL,0
SEC-004435,F001,Smart Campus,B001,Building A,BLK-A2,Block A2,AP-002,Building A Side Entrance,Entrance,2026-01-29 14:05:25,CON-0080,Contractor 80,CONTRACTOR,ACCESS_GRANTED,GRANTED,0,0,0,0,NORMAL,NORMAL,0
SEC-004424,F001,Smart Campus,B002,Building B,BLK-B1,Block B1,AP-003,Building B Main Entrance,Entrance,2026-01-29 14:06:34,CON-0096,Contractor 96,CONTRACTOR,ACCESS_GRANTED,GRANTED,0,0,0,0,NORMAL,NORMAL,0
SEC-004312,F001,Smart Campus,B001,Building A,BLK-A2,Block A2,AP-002,Building A Side Entrance,Entrance,2026-01-29 14:19:20,EMP-0134,Employee 134,EMPLOYEE,ACCESS_GRANTED,GRANTED,0,0,0,0,NORMAL,NORMAL,0
SEC-004318,F001,Smart Campus,B002,Building B,BLK-B1,Block B1,AP-003,Building B Main Entrance,Entrance,2026-01-29 14:19:31,VIS-0054,Visitor 54,VISITOR,ACCESS_GRANTED,GRANTED,0,0,0,0,NORMAL,NORMAL,0
SEC-004303,F001,Smart Campus,B001,Building A,BLK-A2,Block A2,AP-002,Building A Side Entrance,Entrance,2026-01-29 14:20:14,CON-0097,Contractor 97,CONTRACTOR,ACCESS_DENIED,DENIED,0,0,0,0,NORMAL,MEDIUM,1
SEC-004311,F001,Smart Campus,B002,Building B,BLK-B2,Block B2,AP-004,Building B Service Door,Service Area,2026-01-29 14:28:42,EMP-0004,Employee 4,EMPLOYEE,ACCESS_GRANTED,GRANTED,0,0,0,0,NORMAL,NORMAL,0
SEC-004412,F001,Smart Campus,B003,Building C,BLK-C1,Block C1,AP-005,Building C Main Entrance,Entrance,2026-01-29 14:36:42,CON-0091,Contractor 91,CONTRACTOR,ACCESS_GRANTED,GRANTED,0,0,0,0,NORMAL,NORMAL,0
SEC-004397,F001,Smart Campus,B002,Building B,BLK-B1,Block B1,AP-003,Building B Main Entrance,Entrance,2026-01-29 14:38:07,EMP-0447,Employee 447,EMPLOYEE,ACCESS_GRANTED,GRANTED,0,0,0,0,NORMAL,NORMAL,0
SEC-004458,F001,Smart Campus,B002,Building B,BLK-B2,Block B2,AP-004,Building B Service Door,Service Area,2026-01-29 14:59:45,VIS-0083,Visitor 83,VISITOR,ACCESS_GRANTED,GRANTED,0,0,0,0,NORMAL,NORMAL,0
SEC-004378,F001,Smart Campus,B001,Building A,BLK-A2,Block A2,AP-002,Building A Side Entrance,Entrance,2026-01-29 15:00:54,EMP-0243,Employee 243,EMPLOYEE,ACCESS_GRANTED,GRANTED,0,0,0,0,NORMAL,NORMAL,0
SEC-004465,F001,Smart Campus,B003,Building C,BLK-C1,Block C1,AP-006,Server Room Access,Restricted Area,2026-01-29 15:10:24,EMP-0230,Employee 230,EMPLOYEE,ACCESS_GRANTED,GRANTED,0,0,0,0,NORMAL,NORMAL,0
SEC-004391,F001,Smart Campus,B002,Building B,BLK-B1,Block B1,AP-003,Building B Main Entrance,Entrance,2026-01-29 15:29:03,EMP-0033,Employee 33,EMPLOYEE,ACCESS_GRANTED,GRANTED,0,0,0,0,NORMAL,NORMAL,0
SEC-004392,F001,Smart Campus,B003,Building C,BLK-C1,Block C1,AP-006,Server Room Access,Restricted Area,2026-01-29 15:39:51,EMP-0132,Employee 132,EMPLOYEE,ACCESS_GRANTED,GRANTED,0,0,0,0,NORMAL,NORMAL,0
SEC-004333,F001,Smart Campus,B002,Building B,BLK-B2,Block B2,AP-004,Building B Service Door,Service Area,2026-01-29 15:56:18,EMP-0204,Employee 204,EMPLOYEE,ACCESS_GRANTED,GRANTED,0,0,0,0,NORMAL,NORMAL,0
SEC-004385,F001,Smart Campus,B003,Building C,BLK-C1,Block C1,AP-006,Server Room Access,Restricted Area,2026-01-29 15:58:42,EMP-0252,Employee 252,EMPLOYEE,ACCESS_GRANTED,GRANTED,0,0,0,0,NORMAL,NORMAL,0
SEC-004337,F001,Smart Campus,B001,Building A,BLK-A1,Block A1,AP-001,Building A Main Entrance,Entrance,2026-01-29 16:04:32,EMP-0238,Employee 238,EMPLOYEE,ACCESS_GRANTED,GRANTED,0,0,0,0,NORMAL,NORMAL,0
SEC-004450,F001,Smart Campus,B001,Building A,BLK-A2,Block A2,AP-002,Building A Side Entrance,Entrance,2026-01-29 16:05:17,EMP-0274,Employee 274,EMPLOYEE,ACCESS_GRANTED,GRANTED,0,0,0,0,NORMAL,NORMAL,0
SEC-004355,F001,Smart Campus,B001,Building A,BLK-A1,Block A1,AP-001,Building A Main Entrance,Entrance,2026-01-29 16:05:31,EMP-0063,Employee 63,EMPLOYEE,ACCESS_GRANTED,GRANTED,0,0,0,0,NORMAL,NORMAL,0
SEC-004321,F001,Smart Campus,B002,Building B,BLK-B2,Block B2,AP-004,Building B Service Door,Service Area,2026-01-29 16:07:24,EMP-0294,Employee 294,EMPLOYEE,ACCESS_DENIED,DENIED,0,0,0,0,NORMAL,MEDIUM,1
SEC-004444,F001,Smart Campus,B003,Building C,BLK-C1,Block C1,AP-005,Building C Main Entrance,Entrance,2026-01-29 16:10:35,EMP-0132,Employee 132,EMPLOYEE,ACCESS_GRANTED,GRANTED,0,0,0,0,NORMAL,NORMAL,0
SEC-004455,F001,Smart Campus,B003,Building C,BLK-C1,Block C1,AP-006,Server Room Access,Restricted Area,2026-01-29 16:12:35,CON-0133,Contractor 133,CONTRACTOR,ACCESS_GRANTED,GRANTED,0,0,0,0,NORMAL,NORMAL,0
SEC-004393,F001,Smart Campus,B002,Building B,BLK-B2,Block B2,AP-004,Building B Service Door,Service Area,2026-01-29 16:21:07,EMP-0120,Employee 120,EMPLOYEE,ACCESS_GRANTED,GRANTED,0,0,0,0,NORMAL,NORMAL,0
SEC-004451,F001,Smart Campus,B001,Building A,BLK-A2,Block A2,AP-002,Building A Side Entrance,Entrance,2026-01-29 16:22:20,EMP-0379,Employee 379,EMPLOYEE,ACCESS_GRANTED,GRANTED,0,0,0,0,NORMAL,NORMAL,0
SEC-004304,F001,Smart Campus,B001,Building A,BLK-A2,Block A2,AP-002,Building A Side Entrance,Entrance,2026-01-29 16:26:37,EMP-0352,Employee 352,EMPLOYEE,ACCESS_GRANTED,GRANTED,0,0,0,0,NORMAL,NORMAL,0
SEC-004384,F001,Smart Campus,B001,Building A,BLK-A2,Block A2,AP-002,Building A Side Entrance,Entrance,2026-01-29 16:27:32,EMP-0354,Employee 354,EMPLOYEE,ACCESS_DENIED,DENIED,0,0,0,0,NORMAL,MEDIUM,1
SEC-004407,F001,Smart Campus,B001,Building A,BLK-A2,Block A2,AP-002,Building A Side Entrance,Entrance,2026-01-29 16:29:02,EMP-0112,Employee 112,EMPLOYEE,ACCESS_GRANTED,GRANTED,0,0,0,0,NORMAL,NORMAL,0
SEC-004320,F001,Smart Campus,B002,Building B,BLK-B1,Block B1,AP-003,Building B Main Entrance,Entrance,2026-01-29 16:30:34,EMP-0399,Employee 399,EMPLOYEE,ACCESS_GRANTED,GRANTED,0,0,0,0,NORMAL,NORMAL,0
SEC-004377,F001,Smart Campus,B001,Building A,BLK-A2,Block A2,AP-002,Building A Side Entrance,Entrance,2026-01-29 16:44:51,EMP-0129,Employee 129,EMPLOYEE,ACCESS_GRANTED,GRANTED,0,0,0,0,NORMAL,NORMAL,0
SEC-004319,F001,Smart Campus,B001,Building A,BLK-A2,Block A2,AP-002,Building A Side Entrance,Entrance,2026-01-29 16:48:00,VIS-0115,Visitor 115,VISITOR,ACCESS_GRANTED,GRANTED,0,0,0,0,NORMAL,NORMAL,0
SEC-004432,F001,Smart Campus,B003,Building C,BLK-C1,Block C1,AP-006,Server Room Access,Restricted Area,2026-01-29 16:48:45,EMP-0177,Employee 177,EMPLOYEE,ACCESS_GRANTED,GRANTED,0,0,0,0,NORMAL,NORMAL,0
SEC-004317,F001,Smart Campus,B002,Building B,BLK-B1,Block B1,AP-003,Building B Main Entrance,Entrance,2026-01-29 16:56:06,EMP-0353,Employee 353,EMPLOYEE,ACCESS_GRANTED,GRANTED,0,0,0,0,NORMAL,NORMAL,0
SEC-004431,F001,Smart Campus,B003,Building C,BLK-C1,Block C1,AP-005,Building C Main Entrance,Entrance,2026-01-29 16:57:19,EMP-0358,Employee 358,EMPLOYEE,ACCESS_GRANTED,GRANTED,0,0,0,0,NORMAL,NORMAL,0
SEC-004460,F001,Smart Campus,B002,Building B,BLK-B2,Block B2,AP-004,Building B Service Door,Service Area,2026-01-29 17:02:04,EMP-0198,Employee 198,EMPLOYEE,ACCESS_GRANTED,GRANTED,0,0,0,0,NORMAL,NORMAL,0
SEC-004360,F001,Smart Campus,B001,Building A,BLK-A2,Block A2,AP-002,Building A Side Entrance,Entrance,2026-01-29 17:08:18,EMP-0281,Employee 281,EMPLOYEE,ACCESS_GRANTED,GRANTED,0,0,0,0,NORMAL,NORMAL,0
SEC-004334,F001,Smart Campus,B002,Building B,BLK-B1,Block B1,AP-003,Building B Main Entrance,Entrance,2026-01-29 17:20:53,EMP-0123,Employee 123,EMPLOYEE,ACCESS_DENIED,DENIED,0,0,0,0,NORMAL,MEDIUM,1
SEC-004448,F001,Smart Campus,B003,Building C,BLK-C1,Block C1,AP-005,Building C Main Entrance,Entrance,2026-01-29 17:25:49,EMP-0447,Employee 447,EMPLOYEE,ACCESS_GRANTED,GRANTED,0,0,0,0,NORMAL,NORMAL,0
SEC-004310,F001,Smart Campus,B002,Building B,BLK-B2,Block B2,AP-004,Building B Service Door,Service Area,2026-01-29 17:40:51,EMP-0482,Employee 482,EMPLOYEE,ACCESS_GRANTED,GRANTED,0,0,0,0,NORMAL,NORMAL,0
SEC-004326,F001,Smart Campus,B003,Building C,BLK-C1,Block C1,AP-006,Server Room Access,Restricted Area,2026-01-29 17:46:11,EMP-0288,Employee 288,EMPLOYEE,ACCESS_GRANTED,GRANTED,0,0,0,0,NORMAL,NORMAL,0
SEC-004322,F001,Smart Campus,B002,Building B,BLK-B2,Block B2,AP-004,Building B Service Door,Service Area,2026-01-29 17:53:32,VIS-0218,Visitor 218,VISITOR,ACCESS_GRANTED,GRANTED,0,0,0,0,NORMAL,NORMAL,0
SEC-004406,F001,Smart Campus,B001,Building A,BLK-A1,Block A1,AP-001,Building A Main Entrance,Entrance,2026-01-29 17:59:51,EMP-0286,Employee 286,EMPLOYEE,ACCESS_GRANTED,GRANTED,0,0,0,0,NORMAL,NORMAL,0
SEC-004408,F001,Smart Campus,B002,Building B,BLK-B2,Block B2,AP-004,Building B Service Door,Service Area,2026-01-29 18:11:20,EMP-0272,Employee 272,EMPLOYEE,ACCESS_GRANTED,GRANTED,0,0,0,0,NORMAL,NORMAL,0
SEC-004325,F001,Smart Campus,B001,Building A,BLK-A2,Block A2,AP-002,Building A Side Entrance,Entrance,2026-01-29 18:15:49,EMP-0429,Employee 429,EMPLOYEE,ACCESS_GRANTED,GRANTED,0,0,0,0,NORMAL,NORMAL,0
SEC-004332,F001,Smart Campus,B003,Building C,BLK-C1,Block C1,AP-006,Server Room Access,Restricted Area,2026-01-29 18:18:14,VIS-0151,Visitor 151,VISITOR,ACCESS_GRANTED,GRANTED,0,0,0,0,NORMAL,NORMAL,0
SEC-004409,F001,Smart Campus,B003,Building C,BLK-C1,Block C1,AP-006,Server Room Access,Restricted Area,2026-01-29 18:28:29,EMP-0452,Employee 452,EMPLOYEE,ACCESS_DENIED,DENIED,0,0,0,0,NORMAL,MEDIUM,1
SEC-004307,F001,Smart Campus,B001,Building A,BLK-A1,Block A1,AP-001,Building A Main Entrance,Entrance,2026-01-29 18:35:49,EMP-0208,Employee 208,EMPLOYEE,ACCESS_GRANTED,GRANTED,0,0,0,0,NORMAL,NORMAL,0
SEC-004388,F001,Smart Campus,B003,Building C,BLK-C1,Block C1,AP-005,Building C Main Entrance,Entrance,2026-01-29 18:41:45,EMP-0025,Employee 25,EMPLOYEE,ACCESS_GRANTED,GRANTED,0,0,0,0,NORMAL,NORMAL,0
SEC-004386,F001,Smart Campus,B001,Building A,BLK-A2,Block A2,AP-002,Building A Side Entrance,Entrance,2026-01-29 18:52:36,EMP-0460,Employee 460,EMPLOYEE,ACCESS_GRANTED,GRANTED,0,0,0,0,NORMAL,NORMAL,0
SEC-004390,F001,Smart Campus,B002,Building B,BLK-B1,Block B1,AP-003,Building B Main Entrance,Entrance,2026-01-29 18:59:34,EMP-0223,Employee 223,EMPLOYEE,ACCESS_GRANTED,GRANTED,0,0,0,0,NORMAL,NORMAL,0
SEC-004313,F001,Smart Campus,B003,Building C,BLK-C1,Block C1,AP-005,Building C Main Entrance,Entrance,2026-01-29 19:03:01,VIS-0047,Visitor 47,VISITOR,ACCESS_GRANTED,GRANTED,0,0,0,0,NORMAL,NORMAL,0
SEC-004376,F001,Smart Campus,B003,Building C,BLK-C1,Block C1,AP-005,Building C Main Entrance,Entrance,2026-01-29 19:08:54,EMP-0238,Employee 238,EMPLOYEE,ACCESS_GRANTED,GRANTED,0,0,0,0,NORMAL,NORMAL,0
SEC-004330,F001,Smart Campus,B002,Building B,BLK-B2,Block B2,AP-004,Building B Service Door,Service Area,2026-01-29 19:13:03,EMP-0276,Employee 276,EMPLOYEE,ACCESS_GRANTED,GRANTED,0,0,0,0,NORMAL,NORMAL,0
SEC-004368,F001,Smart Campus,B002,Building B,BLK-B2,Block B2,AP-004,Building B Service Door,Service Area,2026-01-29 19:16:31,EMP-0279,Employee 279,EMPLOYEE,ACCESS_GRANTED,GRANTED,0,0,0,0,NORMAL,NORMAL,0
SEC-004342,F001,Smart Campus,B002,Building B,BLK-B2,Block B2,AP-004,Building B Service Door,Service Area,2026-01-29 19:19:47,EMP-0179,Employee 179,EMPLOYEE,ACCESS_GRANTED,GRANTED,0,0,0,0,NORMAL,NORMAL,0
SEC-004346,F001,Smart Campus,B002,Building B,BLK-B1,Block B1,AP-003,Building B Main Entrance,Entrance,2026-01-29 19:21:09,EMP-0439,Employee 439,EMPLOYEE,ACCESS_GRANTED,GRANTED,0,0,0,0,NORMAL,NORMAL,0
SEC-004366,F001,Smart Campus,B003,Building C,BLK-C1,Block C1,AP-006,Server Room Access,Restricted Area,2026-01-29 19:22:13,EMP-0127,Employee 127,EMPLOYEE,ACCESS_GRANTED,GRANTED,0,0,0,0,NORMAL,NORMAL,0
SEC-004359,F001,Smart Campus,B002,Building B,BLK-B1,Block B1,AP-003,Building B Main Entrance,Entrance,2026-01-29 19:28:42,EMP-0388,Employee 388,EMPLOYEE,ACCESS_GRANTED,GRANTED,0,0,0,0,NORMAL,NORMAL,0
SEC-004394,F001,Smart Campus,B001,Building A,BLK-A2,Block A2,AP-002,Building A Side Entrance,Entrance,2026-01-29 19:28:57,EMP-0392,Employee 392,EMPLOYEE,ACCESS_GRANTED,GRANTED,0,0,0,0,NORMAL,NORMAL,0
SEC-004324,F001,Smart Campus,B001,Building A,BLK-A2,Block A2,AP-002,Building A Side Entrance,Entrance,2026-01-29 19:51:40,EMP-0021,Employee 21,EMPLOYEE,ACCESS_GRANTED,GRANTED,0,0,0,0,NORMAL,NORMAL,0
SEC-004308,F001,Smart Campus,B001,Building A,BLK-A1,Block A1,AP-001,Building A Main Entrance,Entrance,2026-01-29 20:02:32,EMP-0432,Employee 432,EMPLOYEE,ACCESS_GRANTED,GRANTED,0,0,0,0,NORMAL,NORMAL,0
SEC-004413,F001,Smart Campus,B003,Building C,BLK-C1,Block C1,AP-005,Building C Main Entrance,Entrance,2026-01-29 20:04:53,EMP-0136,Employee 136,EMPLOYEE,ACCESS_GRANTED,GRANTED,0,0,0,0,NORMAL,NORMAL,0
SEC-004419,F001,Smart Campus,B003,Building C,BLK-C1,Block C1,AP-006,Server Room Access,Restricted Area,2026-01-29 20:06:36,EMP-0075,Employee 75,EMPLOYEE,ACCESS_GRANTED,GRANTED,0,0,0,0,NORMAL,NORMAL,0
SEC-004452,F001,Smart Campus,B003,Building C,BLK-C1,Block C1,AP-005,Building C Main Entrance,Entrance,2026-01-29 20:13:28,EMP-0494,Employee 494,EMPLOYEE,UNAUTHORIZED_ACCESS,DENIED,0,1,0,0,SUSPICIOUS_ACCESS,HIGH,1
SEC-004381,F001,Smart Campus,B001,Building A,BLK-A2,Block A2,AP-002,Building A Side Entrance,Entrance,2026-01-29 20:32:26,CON-0012,Contractor 12,CONTRACTOR,ACCESS_GRANTED,GRANTED,0,0,0,0,NORMAL,NORMAL,0
SEC-004364,F001,Smart Campus,B003,Building C,BLK-C1,Block C1,AP-005,Building C Main Entrance,Entrance,2026-01-29 20:34:17,EMP-0313,Employee 313,EMPLOYEE,UNAUTHORIZED_ACCESS,DENIED,0,1,0,0,SUSPICIOUS_ACCESS,HIGH,1
SEC-004314,F001,Smart Campus,B003,Building C,BLK-C1,Block C1,AP-006,Server Room Access,Restricted Area,2026-01-29 20:35:37,EMP-0469,Employee 469,EMPLOYEE,UNAUTHORIZED_ACCESS,DENIED,0,1,0,0,SUSPICIOUS_ACCESS,HIGH,1
SEC-004414,F001,Smart Campus,B003,Building C,BLK-C1,Block C1,AP-006,Server Room Access,Restricted Area,2026-01-29 20:36:27,EMP-0381,Employee 381,EMPLOYEE,ACCESS_GRANTED,GRANTED,0,0,0,0,NORMAL,NORMAL,0
SEC-004375,F001,Smart Campus,B003,Building C,BLK-C1,Block C1,AP-005,Building C Main Entrance,Entrance,2026-01-29 20:37:00,EMP-0045,Employee 45,EMPLOYEE,ACCESS_GRANTED,GRANTED,0,0,0,0,NORMAL,NORMAL,0
SEC-004441,F001,Smart Campus,B001,Building A,BLK-A1,Block A1,AP-001,Building A Main Entrance,Entrance,2026-01-29 20:38:22,EMP-0352,Employee 352,EMPLOYEE,ACCESS_GRANTED,GRANTED,0,0,0,0,NORMAL,NORMAL,0
SEC-004331,F001,Smart Campus,B003,Building C,BLK-C1,Block C1,AP-005,Building C Main Entrance,Entrance,2026-01-29 20:44:43,EMP-0372,Employee 372,EMPLOYEE,UNAUTHORIZED_ACCESS,DENIED,0,1,0,0,SUSPICIOUS_ACCESS,HIGH,1
SEC-004434,F001,Smart Campus,B002,Building B,BLK-B2,Block B2,AP-004,Building B Service Door,Service Area,2026-01-29 20:51:39,EMP-0089,Employee 89,EMPLOYEE,ACCESS_GRANTED,GRANTED,0,0,0,0,NORMAL,NORMAL,0
SEC-004403,F001,Smart Campus,B002,Building B,BLK-B1,Block B1,AP-003,Building B Main Entrance,Entrance,2026-01-29 20:53:01,EMP-0169,Employee 169,EMPLOYEE,ACCESS_GRANTED,GRANTED,0,0,0,0,NORMAL,NORMAL,0
SEC-004464,F001,Smart Campus,B002,Building B,BLK-B1,Block B1,AP-003,Building B Main Entrance,Entrance,2026-01-29 21:27:26,CON-0113,Contractor 113,CONTRACTOR,ACCESS_GRANTED,GRANTED,1,0,0,0,NORMAL,LOW,0
SEC-004363,F001,Smart Campus,B002,Building B,BLK-B2,Block B2,AP-004,Building B Service Door,Service Area,2026-01-29 22:46:13,EMP-0383,Employee 383,EMPLOYEE,ACCESS_GRANTED,GRANTED,1,0,0,0,AFTER_HOURS_MOVEMENT,LOW,0
SEC-004383,F001,Smart Campus,B002,Building B,BLK-B1,Block B1,AP-003,Building B Main Entrance,Entrance,2026-01-29 22:46:31,EMP-0065,Employee 65,EMPLOYEE,ACCESS_GRANTED,GRANTED,1,0,0,0,NORMAL,LOW,0
SEC-004315,F001,Smart Campus,B001,Building A,BLK-A2,Block A2,AP-002,Building A Side Entrance,Entrance,2026-01-29 23:10:06,EMP-0326,Employee 326,EMPLOYEE,ACCESS_GRANTED,GRANTED,1,0,0,0,NORMAL,LOW,0
SEC-004437,F001,Smart Campus,B001,Building A,BLK-A2,Block A2,AP-002,Building A Side Entrance,Entrance,2026-01-29 23:10:28,VIS-0005,Visitor 5,VISITOR,ACCESS_GRANTED,GRANTED,1,0,0,0,NORMAL,LOW,0
SEC-004427,F001,Smart Campus,B003,Building C,BLK-C1,Block C1,AP-006,Server Room Access,Restricted Area,2026-01-29 23:26:16,EMP-0267,Employee 267,EMPLOYEE,ACCESS_GRANTED,GRANTED,1,0,0,0,NORMAL,LOW,0
SEC-004415,F001,Smart Campus,B003,Building C,BLK-C1,Block C1,AP-005,Building C Main Entrance,Entrance,2026-01-29 23:29:52,VIS-0112,Visitor 112,VISITOR,ACCESS_GRANTED,GRANTED,1,0,0,0,NORMAL,LOW,0
SEC-004306,F001,Smart Campus,B003,Building C,BLK-C1,Block C1,AP-005,Building C Main Entrance,Entrance,2026-01-29 23:42:09,EMP-0176,Employee 176,EMPLOYEE,ACCESS_GRANTED,GRANTED,1,0,0,0,NORMAL,LOW,0
SEC-004619,F001,Smart Campus,B003,Building C,BLK-C1,Block C1,AP-005,Building C Main Entrance,Entrance,2026-01-30 00:03:46,EMP-0247,Employee 247,EMPLOYEE,ACCESS_GRANTED,GRANTED,1,0,0,0,NORMAL,LOW,0
SEC-004536,F001,Smart Campus,B001,Building A,BLK-A2,Block A2,AP-002,Building A Side Entrance,Entrance,2026-01-30 00:08:10,EMP-0244,Employee 244,EMPLOYEE,ACCESS_GRANTED,GRANTED,1,0,0,0,NORMAL,LOW,0
SEC-004498,F001,Smart Campus,B002,Building B,BLK-B1,Block B1,AP-003,Building B Main Entrance,Entrance,2026-01-30 00:35:11,EMP-0335,Employee 335,EMPLOYEE,UNAUTHORIZED_ACCESS,DENIED,1,1,0,0,SUSPICIOUS_ACCESS,CRITICAL,1
SEC-004477,F001,Smart Campus,B001,Building A,BLK-A2,Block A2,AP-002,Building A Side Entrance,Entrance,2026-01-30 00:55:42,VIS-0179,Visitor 179,VISITOR,UNAUTHORIZED_ACCESS,DENIED,1,1,0,0,SUSPICIOUS_ACCESS,CRITICAL,1
SEC-004589,F001,Smart Campus,B001,Building A,BLK-A2,Block A2,AP-002,Building A Side Entrance,Entrance,2026-01-30 01:00:02,EMP-0459,Employee 459,EMPLOYEE,ACCESS_GRANTED,GRANTED,1,0,0,0,NORMAL,LOW,0
SEC-004487,F001,Smart Campus,B003,Building C,BLK-C1,Block C1,AP-006,Server Room Access,Restricted Area,2026-01-30 01:06:25,VIS-0189,Visitor 189,VISITOR,ACCESS_GRANTED,GRANTED,1,0,0,0,NORMAL,LOW,0
SEC-004519,F001,Smart Campus,B003,Building C,BLK-C1,Block C1,AP-006,Server Room Access,Restricted Area,2026-01-30 01:09:47,EMP-0023,Employee 23,EMPLOYEE,ACCESS_GRANTED,GRANTED,1,0,0,0,NORMAL,LOW,0
SEC-004476,F001,Smart Campus,B001,Building A,BLK-A1,Block A1,AP-001,Building A Main Entrance,Entrance,2026-01-30 01:27:53,VIS-0120,Visitor 120,VISITOR,ACCESS_GRANTED,GRANTED,1,0,0,0,NORMAL,LOW,0
SEC-004593,F001,Smart Campus,B001,Building A,BLK-A2,Block A2,AP-002,Building A Side Entrance,Entrance,2026-01-30 01:37:29,VIS-0202,Visitor 202,VISITOR,ACCESS_GRANTED,GRANTED,1,0,0,0,NORMAL,LOW,0
SEC-004572,F001,Smart Campus,B002,Building B,BLK-B1,Block B1,AP-003,Building B Main Entrance,Entrance,2026-01-30 01:42:31,VIS-0262,Visitor 262,VISITOR,ACCESS_GRANTED,GRANTED,1,0,0,0,NORMAL,LOW,0
SEC-004516,F001,Smart Campus,B002,Building B,BLK-B2,Block B2,AP-004,Building B Service Door,Service Area,2026-01-30 01:46:46,CON-0082,Contractor 82,CONTRACTOR,ACCESS_DENIED,DENIED,1,0,0,0,NORMAL,MEDIUM,1
SEC-004613,F001,Smart Campus,B002,Building B,BLK-B2,Block B2,AP-004,Building B Service Door,Service Area,2026-01-30 02:23:21,EMP-0081,Employee 81,EMPLOYEE,ACCESS_GRANTED,GRANTED,1,0,0,0,NORMAL,LOW,0
SEC-004475,F001,Smart Campus,B002,Building B,BLK-B1,Block B1,AP-003,Building B Main Entrance,Entrance,2026-01-30 02:33:22,EMP-0160,Employee 160,EMPLOYEE,ACCESS_GRANTED,GRANTED,1,0,0,0,NORMAL,LOW,0
SEC-004525,F001,Smart Campus,B003,Building C,BLK-C1,Block C1,AP-005,Building C Main Entrance,Entrance,2026-01-30 03:43:43,EMP-0471,Employee 471,EMPLOYEE,UNAUTHORIZED_ACCESS,DENIED,1,1,0,0,SUSPICIOUS_ACCESS,CRITICAL,1
SEC-004554,F001,Smart Campus,B003,Building C,BLK-C1,Block C1,AP-005,Building C Main Entrance,Entrance,2026-01-30 04:14:31,EMP-0409,Employee 409,EMPLOYEE,ACCESS_GRANTED,GRANTED,1,0,0,0,NORMAL,LOW,0
SEC-004621,F001,Smart Campus,B002,Building B,BLK-B2,Block B2,AP-004,Building B Service Door,Service Area,2026-01-30 04:19:09,EMP-0254,Employee 254,EMPLOYEE,ACCESS_GRANTED,GRANTED,1,0,0,0,NORMAL,LOW,0
SEC-004581,F001,Smart Campus,B002,Building B,BLK-B1,Block B1,AP-003,Building B Main Entrance,Entrance,2026-01-30 04:48:46,EMP-0086,Employee 86,EMPLOYEE,ACCESS_DENIED,DENIED,1,0,0,0,AFTER_HOURS_MOVEMENT,MEDIUM,1
SEC-004501,F001,Smart Campus,B003,Building C,BLK-C1,Block C1,AP-006,Server Room Access,Restricted Area,2026-01-30 04:51:29,EMP-0136,Employee 136,EMPLOYEE,ACCESS_GRANTED,GRANTED,1,0,0,0,NORMAL,LOW,0
SEC-004623,F001,Smart Campus,B003,Building C,BLK-C1,Block C1,AP-005,Building C Main Entrance,Entrance,2026-01-30 05:11:12,EMP-0053,Employee 53,EMPLOYEE,ACCESS_GRANTED,GRANTED,1,0,0,0,NORMAL,LOW,0
SEC-004627,F001,Smart Campus,B003,Building C,BLK-C1,Block C1,AP-006,Server Room Access,Restricted Area,2026-01-30 05:34:22,EMP-0233,Employee 233,EMPLOYEE,ACCESS_GRANTED,GRANTED,1,0,0,0,NORMAL,LOW,0
SEC-004495,F001,Smart Campus,B003,Building C,BLK-C1,Block C1,AP-005,Building C Main Entrance,Entrance,2026-01-30 05:52:50,EMP-0205,Employee 205,EMPLOYEE,ACCESS_GRANTED,GRANTED,1,0,0,0,NORMAL,LOW,0
SEC-004552,F001,Smart Campus,B001,Building A,BLK-A1,Block A1,AP-001,Building A Main Entrance,Entrance,2026-01-30 06:13:20,VIS-0285,Visitor 285,VISITOR,ACCESS_GRANTED,GRANTED,1,0,0,0,NORMAL,LOW,0
SEC-004486,F001,Smart Campus,B002,Building B,BLK-B1,Block B1,AP-003,Building B Main Entrance,Entrance,2026-01-30 06:48:28,EMP-0424,Employee 424,EMPLOYEE,ACCESS_GRANTED,GRANTED,1,0,0,0,NORMAL,LOW,0
SEC-004601,F001,Smart Campus,B002,Building B,BLK-B1,Block B1,AP-003,Building B Main Entrance,Entrance,2026-01-30 07:04:09,EMP-0308,Employee 308,EMPLOYEE,ACCESS_GRANTED,GRANTED,0,0,0,0,NORMAL,NORMAL,0
SEC-004567,F001,Smart Campus,B002,Building B,BLK-B2,Block B2,AP-004,Building B Service Door,Service Area,2026-01-30 07:25:27,EMP-0387,Employee 387,EMPLOYEE,ACCESS_GRANTED,GRANTED,0,0,0,0,NORMAL,NORMAL,0
SEC-004576,F001,Smart Campus,B001,Building A,BLK-A2,Block A2,AP-002,Building A Side Entrance,Entrance,2026-01-30 07:33:34,EMP-0310,Employee 310,EMPLOYEE,ACCESS_GRANTED,GRANTED,0,0,0,0,NORMAL,NORMAL,0
SEC-004595,F001,Smart Campus,B002,Building B,BLK-B1,Block B1,AP-003,Building B Main Entrance,Entrance,2026-01-30 07:34:14,EMP-0287,Employee 287,EMPLOYEE,ACCESS_GRANTED,GRANTED,0,0,0,0,NORMAL,NORMAL,0
SEC-004618,F001,Smart Campus,B001,Building A,BLK-A1,Block A1,AP-001,Building A Main Entrance,Entrance,2026-01-30 07:37:34,EMP-0298,Employee 298,EMPLOYEE,ACCESS_GRANTED,GRANTED,0,0,0,0,NORMAL,NORMAL,0
SEC-004514,F001,Smart Campus,B001,Building A,BLK-A2,Block A2,AP-002,Building A Side Entrance,Entrance,2026-01-30 07:48:57,VIS-0027,Visitor 27,VISITOR,ACCESS_GRANTED,GRANTED,0,0,0,0,NORMAL,NORMAL,0
SEC-004616,F001,Smart Campus,B001,Building A,BLK-A1,Block A1,AP-001,Building A Main Entrance,Entrance,2026-01-30 07:50:38,CON-0076,Contractor 76,CONTRACTOR,ACCESS_GRANTED,GRANTED,0,0,0,0,NORMAL,NORMAL,0
SEC-004470,F001,Smart Campus,B003,Building C,BLK-C1,Block C1,AP-006,Server Room Access,Restricted Area,2026-01-30 07:56:55,EMP-0164,Employee 164,EMPLOYEE,ACCESS_GRANTED,GRANTED,0,0,0,0,NORMAL,NORMAL,0
SEC-004528,F001,Smart Campus,B002,Building B,BLK-B2,Block B2,AP-004,Building B Service Door,Service Area,2026-01-30 08:09:59,EMP-0190,Employee 190,EMPLOYEE,ACCESS_GRANTED,GRANTED,0,0,0,0,NORMAL,NORMAL,0
SEC-004521,F001,Smart Campus,B002,Building B,BLK-B2,Block B2,AP-004,Building B Service Door,Service Area,2026-01-30 08:30:54,EMP-0426,Employee 426,EMPLOYEE,ACCESS_GRANTED,GRANTED,0,0,0,0,NORMAL,NORMAL,0
SEC-004557,F001,Smart Campus,B001,Building A,BLK-A1,Block A1,AP-001,Building A Main Entrance,Entrance,2026-01-30 08:31:10,EMP-0137,Employee 137,EMPLOYEE,ACCESS_GRANTED,GRANTED,0,0,0,0,NORMAL,NORMAL,0
SEC-004546,F001,Smart Campus,B001,Building A,BLK-A1,Block A1,AP-001,Building A Main Entrance,Entrance,2026-01-30 08:39:12,EMP-0346,Employee 346,EMPLOYEE,ACCESS_GRANTED,GRANTED,0,0,0,0,NORMAL,NORMAL,0
SEC-004526,F001,Smart Campus,B003,Building C,BLK-C1,Block C1,AP-005,Building C Main Entrance,Entrance,2026-01-30 08:49:20,EMP-0405,Employee 405,EMPLOYEE,ACCESS_GRANTED,GRANTED,0,0,0,0,NORMAL,NORMAL,0
SEC-004606,F001,Smart Campus,B001,Building A,BLK-A2,Block A2,AP-002,Building A Side Entrance,Entrance,2026-01-30 08:51:56,EMP-0147,Employee 147,EMPLOYEE,ACCESS_GRANTED,GRANTED,0,0,0,0,NORMAL,NORMAL,0
SEC-004594,F001,Smart Campus,B001,Building A,BLK-A2,Block A2,AP-002,Building A Side Entrance,Entrance,2026-01-30 08:52:42,EMP-0385,Employee 385,EMPLOYEE,ACCESS_GRANTED,GRANTED,0,0,0,0,NORMAL,NORMAL,0
SEC-004617,F001,Smart Campus,B001,Building A,BLK-A2,Block A2,AP-002,Building A Side Entrance,Entrance,2026-01-30 08:54:02,VIS-0062,Visitor 62,VISITOR,ACCESS_GRANTED,GRANTED,0,0,0,0,NORMAL,NORMAL,0
SEC-004489,F001,Smart Campus,B002,Building B,BLK-B1,Block B1,AP-003,Building B Main Entrance,Entrance,2026-01-30 08:54:05,EMP-0337,Employee 337,EMPLOYEE,ACCESS_GRANTED,GRANTED,0,0,0,0,NORMAL,NORMAL,0
SEC-004482,F001,Smart Campus,B001,Building A,BLK-A2,Block A2,AP-002,Building A Side Entrance,Entrance,2026-01-30 08:59:41,EMP-0324,Employee 324,EMPLOYEE,ACCESS_GRANTED,GRANTED,0,0,0,0,NORMAL,NORMAL,0
SEC-004467,F001,Smart Campus,B001,Building A,BLK-A1,Block A1,AP-001,Building A Main Entrance,Entrance,2026-01-30 09:05:13,EMP-0470,Employee 470,EMPLOYEE,ACCESS_GRANTED,GRANTED,0,0,0,0,NORMAL,NORMAL,0
SEC-004620,F001,Smart Campus,B003,Building C,BLK-C1,Block C1,AP-005,Building C Main Entrance,Entrance,2026-01-30 09:10:22,EMP-0238,Employee 238,EMPLOYEE,ACCESS_GRANTED,GRANTED,0,0,0,0,NORMAL,NORMAL,0
SEC-004608,F001,Smart Campus,B002,Building B,BLK-B2,Block B2,AP-004,Building B Service Door,Service Area,2026-01-30 09:10:39,EMP-0383,Employee 383,EMPLOYEE,ACCESS_GRANTED,GRANTED,0,0,0,0,NORMAL,NORMAL,0
SEC-004506,F001,Smart Campus,B001,Building A,BLK-A2,Block A2,AP-002,Building A Side Entrance,Entrance,2026-01-30 09:14:10,EMP-0116,Employee 116,EMPLOYEE,ACCESS_GRANTED,GRANTED,0,0,0,0,NORMAL,NORMAL,0
SEC-004520,F001,Smart Campus,B003,Building C,BLK-C1,Block C1,AP-005,Building C Main Entrance,Entrance,2026-01-30 09:16:42,EMP-0233,Employee 233,EMPLOYEE,ACCESS_GRANTED,GRANTED,0,0,0,0,NORMAL,NORMAL,0
SEC-004548,F001,Smart Campus,B003,Building C,BLK-C1,Block C1,AP-006,Server Room Access,Restricted Area,2026-01-30 09:18:18,VIS-0236,Visitor 236,VISITOR,ACCESS_GRANTED,GRANTED,0,0,0,0,NORMAL,NORMAL,0
SEC-004582,F001,Smart Campus,B002,Building B,BLK-B1,Block B1,AP-003,Building B Main Entrance,Entrance,2026-01-30 09:30:29,EMP-0044,Employee 44,EMPLOYEE,ACCESS_GRANTED,GRANTED,0,0,0,0,NORMAL,NORMAL,0
SEC-004530,F001,Smart Campus,B001,Building A,BLK-A2,Block A2,AP-002,Building A Side Entrance,Entrance,2026-01-30 09:41:37,EMP-0427,Employee 427,EMPLOYEE,ACCESS_GRANTED,GRANTED,0,0,0,0,NORMAL,NORMAL,0
SEC-004614,F001,Smart Campus,B002,Building B,BLK-B2,Block B2,AP-004,Building B Service Door,Service Area,2026-01-30 09:55:08,EMP-0218,Employee 218,EMPLOYEE,ACCESS_GRANTED,GRANTED,0,0,0,0,NORMAL,NORMAL,0
SEC-004615,F001,Smart Campus,B003,Building C,BLK-C1,Block C1,AP-006,Server Room Access,Restricted Area,2026-01-30 09:57:14,VIS-0037,Visitor 37,VISITOR,ACCESS_GRANTED,GRANTED,0,0,0,0,NORMAL,NORMAL,0
SEC-004574,F001,Smart Campus,B002,Building B,BLK-B2,Block B2,AP-004,Building B Service Door,Service Area,2026-01-30 10:05:28,EMP-0476,Employee 476,EMPLOYEE,ACCESS_GRANTED,GRANTED,0,0,0,0,NORMAL,NORMAL,0
SEC-004541,F001,Smart Campus,B002,Building B,BLK-B2,Block B2,AP-004,Building B Service Door,Service Area,2026-01-30 10:16:44,EMP-0489,Employee 489,EMPLOYEE,ACCESS_GRANTED,GRANTED,0,0,0,0,NORMAL,NORMAL,0
SEC-004538,F001,Smart Campus,B001,Building A,BLK-A1,Block A1,AP-001,Building A Main Entrance,Entrance,2026-01-30 10:18:04,EMP-0197,Employee 197,EMPLOYEE,ACCESS_GRANTED,GRANTED,0,0,0,0,NORMAL,NORMAL,0
SEC-004510,F001,Smart Campus,B001,Building A,BLK-A1,Block A1,AP-001,Building A Main Entrance,Entrance,2026-01-30 10:28:59,VIS-0163,Visitor 163,VISITOR,ACCESS_GRANTED,GRANTED,0,0,0,0,NORMAL,NORMAL,0
SEC-004527,F001,Smart Campus,B001,Building A,BLK-A1,Block A1,AP-001,Building A Main Entrance,Entrance,2026-01-30 10:32:54,CON-0049,Contractor 49,CONTRACTOR,ACCESS_GRANTED,GRANTED,0,0,0,0,NORMAL,NORMAL,0
SEC-004599,F001,Smart Campus,B003,Building C,BLK-C1,Block C1,AP-005,Building C Main Entrance,Entrance,2026-01-30 10:39:45,EMP-0447,Employee 447,EMPLOYEE,ACCESS_GRANTED,GRANTED,0,0,0,0,NORMAL,NORMAL,0
SEC-004565,F001,Smart Campus,B002,Building B,BLK-B1,Block B1,AP-003,Building B Main Entrance,Entrance,2026-01-30 10:43:00,EMP-0163,Employee 163,EMPLOYEE,ACCESS_GRANTED,GRANTED,0,0,0,0,NORMAL,NORMAL,0
SEC-004626,F001,Smart Campus,B003,Building C,BLK-C1,Block C1,AP-006,Server Room Access,Restricted Area,2026-01-30 10:46:29,EMP-0153,Employee 153,EMPLOYEE,ACCESS_GRANTED,GRANTED,0,0,0,0,NORMAL,NORMAL,0
SEC-004532,F001,Smart Campus,B002,Building B,BLK-B2,Block B2,AP-004,Building B Service Door,Service Area,2026-01-30 10:58:02,VIS-0278,Visitor 278,VISITOR,ACCESS_GRANTED,GRANTED,0,0,0,0,NORMAL,NORMAL,0
SEC-004575,F001,Smart Campus,B002,Building B,BLK-B1,Block B1,AP-003,Building B Main Entrance,Entrance,2026-01-30 10:59:41,EMP-0453,Employee 453,EMPLOYEE,ACCESS_GRANTED,GRANTED,0,0,0,0,NORMAL,NORMAL,0
SEC-004468,F001,Smart Campus,B001,Building A,BLK-A2,Block A2,AP-002,Building A Side Entrance,Entrance,2026-01-30 11:24:27,EMP-0239,Employee 239,EMPLOYEE,ACCESS_GRANTED,GRANTED,0,0,0,0,NORMAL,NORMAL,0
SEC-004540,F001,Smart Campus,B001,Building A,BLK-A2,Block A2,AP-002,Building A Side Entrance,Entrance,2026-01-30 11:25:58,EMP-0327,Employee 327,EMPLOYEE,ACCESS_GRANTED,GRANTED,0,0,0,0,NORMAL,NORMAL,0
SEC-004504,F001,Smart Campus,B003,Building C,BLK-C1,Block C1,AP-005,Building C Main Entrance,Entrance,2026-01-30 11:27:20,EMP-0104,Employee 104,EMPLOYEE,UNAUTHORIZED_ACCESS,DENIED,0,1,0,0,SUSPICIOUS_ACCESS,HIGH,1
SEC-004556,F001,Smart Campus,B003,Building C,BLK-C1,Block C1,AP-006,Server Room Access,Restricted Area,2026-01-30 11:30:58,EMP-0338,Employee 338,EMPLOYEE,ACCESS_GRANTED,GRANTED,0,0,0,0,NORMAL,NORMAL,0
SEC-004513,F001,Smart Campus,B001,Building A,BLK-A1,Block A1,AP-001,Building A Main Entrance,Entrance,2026-01-30 11:32:55,VIS-0027,Visitor 27,VISITOR,ACCESS_GRANTED,GRANTED,0,0,0,0,NORMAL,NORMAL,0
SEC-004603,F001,Smart Campus,B003,Building C,BLK-C1,Block C1,AP-005,Building C Main Entrance,Entrance,2026-01-30 11:36:46,EMP-0173,Employee 173,EMPLOYEE,ACCESS_GRANTED,GRANTED,0,0,0,0,NORMAL,NORMAL,0
SEC-004534,F001,Smart Campus,B002,Building B,BLK-B1,Block B1,AP-003,Building B Main Entrance,Entrance,2026-01-30 11:37:04,EMP-0180,Employee 180,EMPLOYEE,ACCESS_GRANTED,GRANTED,0,0,0,0,NORMAL,NORMAL,0
SEC-004560,F001,Smart Campus,B001,Building A,BLK-A1,Block A1,AP-001,Building A Main Entrance,Entrance,2026-01-30 11:39:47,EMP-0128,Employee 128,EMPLOYEE,ACCESS_GRANTED,GRANTED,0,0,0,0,NORMAL,NORMAL,0
SEC-004483,F001,Smart Campus,B002,Building B,BLK-B1,Block B1,AP-003,Building B Main Entrance,Entrance,2026-01-30 11:44:30,VIS-0121,Visitor 121,VISITOR,ACCESS_GRANTED,GRANTED,0,0,0,0,NORMAL,NORMAL,0
SEC-004472,F001,Smart Campus,B003,Building C,BLK-C1,Block C1,AP-005,Building C Main Entrance,Entrance,2026-01-30 12:00:22,CON-0054,Contractor 54,CONTRACTOR,ACCESS_DENIED,DENIED,0,0,0,0,NORMAL,MEDIUM,1
SEC-004570,F001,Smart Campus,B003,Building C,BLK-C1,Block C1,AP-005,Building C Main Entrance,Entrance,2026-01-30 12:01:42,VIS-0268,Visitor 268,VISITOR,ACCESS_GRANTED,GRANTED,0,0,0,0,NORMAL,NORMAL,0
SEC-004598,F001,Smart Campus,B003,Building C,BLK-C1,Block C1,AP-006,Server Room Access,Restricted Area,2026-01-30 12:06:19,EMP-0144,Employee 144,EMPLOYEE,ACCESS_GRANTED,GRANTED,0,0,0,0,NORMAL,NORMAL,0
SEC-004602,F001,Smart Campus,B003,Building C,BLK-C1,Block C1,AP-005,Building C Main Entrance,Entrance,2026-01-30 12:08:20,EMP-0462,Employee 462,EMPLOYEE,ACCESS_GRANTED,GRANTED,0,0,0,0,NORMAL,NORMAL,0
SEC-004588,F001,Smart Campus,B002,Building B,BLK-B2,Block B2,AP-004,Building B Service Door,Service Area,2026-01-30 12:13:16,EMP-0230,Employee 230,EMPLOYEE,ACCESS_GRANTED,GRANTED,0,0,0,0,NORMAL,NORMAL,0
SEC-004629,F001,Smart Campus,B002,Building B,BLK-B2,Block B2,AP-004,Building B Service Door,Service Area,2026-01-30 12:33:59,EMP-0138,Employee 138,EMPLOYEE,ACCESS_GRANTED,GRANTED,0,0,0,0,NORMAL,NORMAL,0
SEC-004553,F001,Smart Campus,B001,Building A,BLK-A2,Block A2,AP-002,Building A Side Entrance,Entrance,2026-01-30 12:48:53,EMP-0312,Employee 312,EMPLOYEE,ACCESS_GRANTED,GRANTED,0,0,0,0,NORMAL,NORMAL,0
SEC-004479,F001,Smart Campus,B002,Building B,BLK-B1,Block B1,AP-003,Building B Main Entrance,Entrance,2026-01-30 12:49:38,EMP-0184,Employee 184,EMPLOYEE,ACCESS_GRANTED,GRANTED,0,0,0,0,NORMAL,NORMAL,0
SEC-004537,F001,Smart Campus,B001,Building A,BLK-A2,Block A2,AP-002,Building A Side Entrance,Entrance,2026-01-30 12:53:10,EMP-0492,Employee 492,EMPLOYEE,ACCESS_GRANTED,GRANTED,0,0,0,0,NORMAL,NORMAL,0
SEC-004573,F001,Smart Campus,B002,Building B,BLK-B1,Block B1,AP-003,Building B Main Entrance,Entrance,2026-01-30 13:02:30,EMP-0485,Employee 485,EMPLOYEE,ACCESS_GRANTED,GRANTED,0,0,0,0,NORMAL,NORMAL,0
SEC-004559,F001,Smart Campus,B003,Building C,BLK-C1,Block C1,AP-006,Server Room Access,Restricted Area,2026-01-30 13:31:36,EMP-0497,Employee 497,EMPLOYEE,ACCESS_GRANTED,GRANTED,0,0,0,0,NORMAL,NORMAL,0
SEC-004518,F001,Smart Campus,B003,Building C,BLK-C1,Block C1,AP-006,Server Room Access,Restricted Area,2026-01-30 13:38:46,EMP-0426,Employee 426,EMPLOYEE,ACCESS_GRANTED,GRANTED,0,0,0,0,NORMAL,NORMAL,0
SEC-004497,F001,Smart Campus,B001,Building A,BLK-A1,Block A1,AP-001,Building A Main Entrance,Entrance,2026-01-30 13:44:15,EMP-0499,Employee 499,EMPLOYEE,ACCESS_GRANTED,GRANTED,0,0,0,0,NORMAL,NORMAL,0
SEC-004542,F001,Smart Campus,B003,Building C,BLK-C1,Block C1,AP-006,Server Room Access,Restricted Area,2026-01-30 13:50:10,EMP-0290,Employee 290,EMPLOYEE,ACCESS_GRANTED,GRANTED,0,0,0,0,NORMAL,NORMAL,0
SEC-004474,F001,Smart Campus,B003,Building C,BLK-C1,Block C1,AP-006,Server Room Access,Restricted Area,2026-01-30 13:56:24,EMP-0271,Employee 271,EMPLOYEE,UNAUTHORIZED_ACCESS,DENIED,0,1,0,0,SUSPICIOUS_ACCESS,HIGH,1
SEC-004558,F001,Smart Campus,B001,Building A,BLK-A1,Block A1,AP-001,Building A Main Entrance,Entrance,2026-01-30 13:56:56,EMP-0485,Employee 485,EMPLOYEE,ACCESS_GRANTED,GRANTED,0,0,0,0,NORMAL,NORMAL,0
SEC-004605,F001,Smart Campus,B003,Building C,BLK-C1,Block C1,AP-005,Building C Main Entrance,Entrance,2026-01-30 14:00:40,EMP-0127,Employee 127,EMPLOYEE,ACCESS_GRANTED,GRANTED,0,0,0,0,NORMAL,NORMAL,0
SEC-004533,F001,Smart Campus,B002,Building B,BLK-B1,Block B1,AP-003,Building B Main Entrance,Entrance,2026-01-30 14:02:29,EMP-0358,Employee 358,EMPLOYEE,ACCESS_GRANTED,GRANTED,0,0,0,0,NORMAL,NORMAL,0
SEC-004539,F001,Smart Campus,B002,Building B,BLK-B1,Block B1,AP-003,Building B Main Entrance,Entrance,2026-01-30 14:08:29,EMP-0057,Employee 57,EMPLOYEE,ACCESS_GRANTED,GRANTED,0,0,0,0,NORMAL,NORMAL,0
SEC-004496,F001,Smart Campus,B003,Building C,BLK-C1,Block C1,AP-006,Server Room Access,Restricted Area,2026-01-30 14:09:08,VIS-0121,Visitor 121,VISITOR,ACCESS_GRANTED,GRANTED,0,0,0,0,NORMAL,NORMAL,0
SEC-004535,F001,Smart Campus,B001,Building A,BLK-A2,Block A2,AP-002,Building A Side Entrance,Entrance,2026-01-30 14:14:00,EMP-0259,Employee 259,EMPLOYEE,ACCESS_GRANTED,GRANTED,0,0,0,0,NORMAL,NORMAL,0
SEC-004488,F001,Smart Campus,B001,Building A,BLK-A1,Block A1,AP-001,Building A Main Entrance,Entrance,2026-01-30 14:19:31,EMP-0162,Employee 162,EMPLOYEE,ACCESS_GRANTED,GRANTED,0,0,0,0,NORMAL,NORMAL,0
SEC-004622,F001,Smart Campus,B003,Building C,BLK-C1,Block C1,AP-006,Server Room Access,Restricted Area,2026-01-30 14:19:39,EMP-0440,Employee 440,EMPLOYEE,ACCESS_GRANTED,GRANTED,0,0,0,0,NORMAL,NORMAL,0
SEC-004562,F001,Smart Campus,B001,Building A,BLK-A1,Block A1,AP-001,Building A Main Entrance,Entrance,2026-01-30 14:23:55,EMP-0232,Employee 232,EMPLOYEE,ACCESS_GRANTED,GRANTED,0,0,0,0,NORMAL,NORMAL,0
SEC-004522,F001,Smart Campus,B002,Building B,BLK-B1,Block B1,AP-003,Building B Main Entrance,Entrance,2026-01-30 14:29:55,EMP-0127,Employee 127,EMPLOYEE,ACCESS_GRANTED,GRANTED,0,0,0,0,NORMAL,NORMAL,0
SEC-004612,F001,Smart Campus,B001,Building A,BLK-A2,Block A2,AP-002,Building A Side Entrance,Entrance,2026-01-30 14:30:01,EMP-0267,Employee 267,EMPLOYEE,ACCESS_GRANTED,GRANTED,0,0,0,0,NORMAL,NORMAL,0
SEC-004515,F001,Smart Campus,B001,Building A,BLK-A1,Block A1,AP-001,Building A Main Entrance,Entrance,2026-01-30 14:31:15,CON-0098,Contractor 98,CONTRACTOR,ACCESS_GRANTED,GRANTED,0,0,0,0,NORMAL,NORMAL,0
SEC-004524,F001,Smart Campus,B002,Building B,BLK-B2,Block B2,AP-004,Building B Service Door,Service Area,2026-01-30 14:33:57,VIS-0264,Visitor 264,VISITOR,ACCESS_GRANTED,GRANTED,0,0,0,0,NORMAL,NORMAL,0
SEC-004549,F001,Smart Campus,B002,Building B,BLK-B2,Block B2,AP-004,Building B Service Door,Service Area,2026-01-30 14:36:49,EMP-0134,Employee 134,EMPLOYEE,ACCESS_GRANTED,GRANTED,0,0,0,0,NORMAL,NORMAL,0
SEC-004568,F001,Smart Campus,B001,Building A,BLK-A1,Block A1,AP-001,Building A Main Entrance,Entrance,2026-01-30 14:46:08,EMP-0493,Employee 493,EMPLOYEE,ACCESS_GRANTED,GRANTED,0,0,0,0,NORMAL,NORMAL,0
SEC-004485,F001,Smart Campus,B003,Building C,BLK-C1,Block C1,AP-005,Building C Main Entrance,Entrance,2026-01-30 14:56:24,EMP-0431,Employee 431,EMPLOYEE,ACCESS_GRANTED,GRANTED,0,0,0,0,NORMAL,NORMAL,0
SEC-004493,F001,Smart Campus,B002,Building B,BLK-B2,Block B2,AP-004,Building B Service Door,Service Area,2026-01-30 15:01:47,EMP-0300,Employee 300,EMPLOYEE,ACCESS_GRANTED,GRANTED,0,0,0,0,NORMAL,NORMAL,0
SEC-004492,F001,Smart Campus,B001,Building A,BLK-A2,Block A2,AP-002,Building A Side Entrance,Entrance,2026-01-30 15:03:11,EMP-0089,Employee 89,EMPLOYEE,ACCESS_GRANTED,GRANTED,0,0,0,0,NORMAL,NORMAL,0
SEC-004586,F001,Smart Campus,B003,Building C,BLK-C1,Block C1,AP-005,Building C Main Entrance,Entrance,2026-01-30 15:12:46,VIS-0117,Visitor 117,VISITOR,ACCESS_GRANTED,GRANTED,0,0,0,0,NORMAL,NORMAL,0
SEC-004571,F001,Smart Campus,B001,Building A,BLK-A2,Block A2,AP-002,Building A Side Entrance,Entrance,2026-01-30 15:14:53,EMP-0206,Employee 206,EMPLOYEE,ACCESS_GRANTED,GRANTED,0,0,0,0,NORMAL,NORMAL,0
SEC-004600,F001,Smart Campus,B001,Building A,BLK-A1,Block A1,AP-001,Building A Main Entrance,Entrance,2026-01-30 15:18:44,EMP-0432,Employee 432,EMPLOYEE,ACCESS_GRANTED,GRANTED,0,0,0,0,NORMAL,NORMAL,0
SEC-004584,F001,Smart Campus,B001,Building A,BLK-A2,Block A2,AP-002,Building A Side Entrance,Entrance,2026-01-30 15:20:16,EMP-0419,Employee 419,EMPLOYEE,ACCESS_GRANTED,GRANTED,0,0,0,0,NORMAL,NORMAL,0
SEC-004625,F001,Smart Campus,B002,Building B,BLK-B1,Block B1,AP-003,Building B Main Entrance,Entrance,2026-01-30 15:24:45,CON-0097,Contractor 97,CONTRACTOR,ACCESS_GRANTED,GRANTED,0,0,0,0,NORMAL,NORMAL,0
SEC-004632,F001,Smart Campus,B003,Building C,BLK-C1,Block C1,AP-005,Building C Main Entrance,Entrance,2026-01-30 15:25:50,VIS-0196,Visitor 196,VISITOR,ACCESS_GRANTED,GRANTED,0,0,0,0,NORMAL,NORMAL,0
SEC-004505,F001,Smart Campus,B001,Building A,BLK-A2,Block A2,AP-002,Building A Side Entrance,Entrance,2026-01-30 15:35:06,EMP-0011,Employee 11,EMPLOYEE,ACCESS_GRANTED,GRANTED,0,0,0,0,NORMAL,NORMAL,0
SEC-004611,F001,Smart Campus,B003,Building C,BLK-C1,Block C1,AP-006,Server Room Access,Restricted Area,2026-01-30 15:40:57,EMP-0454,Employee 454,EMPLOYEE,ACCESS_GRANTED,GRANTED,0,0,0,0,NORMAL,NORMAL,0
SEC-004580,F001,Smart Campus,B001,Building A,BLK-A1,Block A1,AP-001,Building A Main Entrance,Entrance,2026-01-30 15:49:40,VIS-0174,Visitor 174,VISITOR,ACCESS_GRANTED,GRANTED,0,0,0,0,NORMAL,NORMAL,0
SEC-004550,F001,Smart Campus,B002,Building B,BLK-B2,Block B2,AP-004,Building B Service Door,Service Area,2026-01-30 15:55:10,EMP-0193,Employee 193,EMPLOYEE,ACCESS_GRANTED,GRANTED,0,0,0,0,NORMAL,NORMAL,0
SEC-004517,F001,Smart Campus,B002,Building B,BLK-B2,Block B2,AP-004,Building B Service Door,Service Area,2026-01-30 16:02:11,EMP-0371,Employee 371,EMPLOYEE,ACCESS_GRANTED,GRANTED,0,0,0,0,NORMAL,NORMAL,0
SEC-004604,F001,Smart Campus,B003,Building C,BLK-C1,Block C1,AP-006,Server Room Access,Restricted Area,2026-01-30 16:06:16,EMP-0395,Employee 395,EMPLOYEE,ACCESS_GRANTED,GRANTED,0,0,0,0,NORMAL,NORMAL,0
SEC-004566,F001,Smart Campus,B002,Building B,BLK-B2,Block B2,AP-004,Building B Service Door,Service Area,2026-01-30 16:24:28,EMP-0267,Employee 267,EMPLOYEE,ACCESS_GRANTED,GRANTED,0,0,0,0,NORMAL,NORMAL,0
SEC-004597,F001,Smart Campus,B003,Building C,BLK-C1,Block C1,AP-006,Server Room Access,Restricted Area,2026-01-30 16:31:24,EMP-0429,Employee 429,EMPLOYEE,ACCESS_GRANTED,GRANTED,0,0,0,0,NORMAL,NORMAL,0
SEC-004578,F001,Smart Campus,B002,Building B,BLK-B1,Block B1,AP-003,Building B Main Entrance,Entrance,2026-01-30 16:35:48,VIS-0284,Visitor 284,VISITOR,ACCESS_GRANTED,GRANTED,0,0,0,0,NORMAL,NORMAL,0
SEC-004473,F001,Smart Campus,B003,Building C,BLK-C1,Block C1,AP-005,Building C Main Entrance,Entrance,2026-01-30 16:36:12,CON-0149,Contractor 149,CONTRACTOR,ACCESS_GRANTED,GRANTED,0,0,0,0,NORMAL,NORMAL,0
SEC-004509,F001,Smart Campus,B002,Building B,BLK-B2,Block B2,AP-004,Building B Service Door,Service Area,2026-01-30 16:36:28,EMP-0261,Employee 261,EMPLOYEE,ACCESS_GRANTED,GRANTED,0,0,0,0,NORMAL,NORMAL,0
SEC-004587,F001,Smart Campus,B002,Building B,BLK-B1,Block B1,AP-003,Building B Main Entrance,Entrance,2026-01-30 16:43:10,EMP-0480,Employee 480,EMPLOYEE,ACCESS_GRANTED,GRANTED,0,0,0,0,NORMAL,NORMAL,0
SEC-004523,F001,Smart Campus,B002,Building B,BLK-B1,Block B1,AP-003,Building B Main Entrance,Entrance,2026-01-30 16:50:38,VIS-0289,Visitor 289,VISITOR,ACCESS_GRANTED,GRANTED,0,0,0,0,NORMAL,NORMAL,0
SEC-004503,F001,Smart Campus,B003,Building C,BLK-C1,Block C1,AP-005,Building C Main Entrance,Entrance,2026-01-30 17:01:00,EMP-0089,Employee 89,EMPLOYEE,ACCESS_GRANTED,GRANTED,0,0,0,0,NORMAL,NORMAL,0
SEC-004502,F001,Smart Campus,B001,Building A,BLK-A2,Block A2,AP-002,Building A Side Entrance,Entrance,2026-01-30 17:01:53,VIS-0011,Visitor 11,VISITOR,ACCESS_GRANTED,GRANTED,0,0,0,0,NORMAL,NORMAL,0
SEC-004480,F001,Smart Campus,B002,Building B,BLK-B2,Block B2,AP-004,Building B Service Door,Service Area,2026-01-30 17:02:19,EMP-0158,Employee 158,EMPLOYEE,TAILGATING,GRANTED,0,0,0,1,TAILGATING,HIGH,1
SEC-004469,F001,Smart Campus,B002,Building B,BLK-B1,Block B1,AP-003,Building B Main Entrance,Entrance,2026-01-30 17:05:17,EMP-0094,Employee 94,EMPLOYEE,ACCESS_GRANTED,GRANTED,0,0,0,0,NORMAL,NORMAL,0
SEC-004508,F001,Smart Campus,B003,Building C,BLK-C1,Block C1,AP-006,Server Room Access,Restricted Area,2026-01-30 17:10:13,EMP-0099,Employee 99,EMPLOYEE,ACCESS_GRANTED,GRANTED,0,0,0,0,NORMAL,NORMAL,0
SEC-004545,F001,Smart Campus,B002,Building B,BLK-B2,Block B2,AP-004,Building B Service Door,Service Area,2026-01-30 17:16:04,EMP-0249,Employee 249,EMPLOYEE,ACCESS_GRANTED,GRANTED,0,0,0,0,NORMAL,NORMAL,0
SEC-004585,F001,Smart Campus,B002,Building B,BLK-B2,Block B2,AP-004,Building B Service Door,Service Area,2026-01-30 17:25:40,EMP-0399,Employee 399,EMPLOYEE,ACCESS_GRANTED,GRANTED,0,0,0,0,NORMAL,NORMAL,0
SEC-004579,F001,Smart Campus,B001,Building A,BLK-A2,Block A2,AP-002,Building A Side Entrance,Entrance,2026-01-30 17:28:32,VIS-0151,Visitor 151,VISITOR,ACCESS_GRANTED,GRANTED,0,0,0,0,NORMAL,NORMAL,0
SEC-004577,F001,Smart Campus,B002,Building B,BLK-B2,Block B2,AP-004,Building B Service Door,Service Area,2026-01-30 17:30:34,CON-0021,Contractor 21,CONTRACTOR,ACCESS_GRANTED,GRANTED,0,0,0,0,NORMAL,NORMAL,0
SEC-004484,F001,Smart Campus,B002,Building B,BLK-B1,Block B1,AP-003,Building B Main Entrance,Entrance,2026-01-30 17:38:06,EMP-0463,Employee 463,EMPLOYEE,ACCESS_GRANTED,GRANTED,0,0,0,0,NORMAL,NORMAL,0
SEC-004569,F001,Smart Campus,B002,Building B,BLK-B2,Block B2,AP-004,Building B Service Door,Service Area,2026-01-30 17:42:49,EMP-0129,Employee 129,EMPLOYEE,ACCESS_GRANTED,GRANTED,0,0,0,0,NORMAL,NORMAL,0
SEC-004555,F001,Smart Campus,B001,Building A,BLK-A2,Block A2,AP-002,Building A Side Entrance,Entrance,2026-01-30 18:08:03,EMP-0126,Employee 126,EMPLOYEE,ACCESS_GRANTED,GRANTED,0,0,0,0,NORMAL,NORMAL,0
SEC-004500,F001,Smart Campus,B003,Building C,BLK-C1,Block C1,AP-005,Building C Main Entrance,Entrance,2026-01-30 18:08:42,EMP-0497,Employee 497,EMPLOYEE,ACCESS_GRANTED,GRANTED,0,0,0,0,NORMAL,NORMAL,0
SEC-004624,F001,Smart Campus,B001,Building A,BLK-A1,Block A1,AP-001,Building A Main Entrance,Entrance,2026-01-30 18:14:42,EMP-0452,Employee 452,EMPLOYEE,ACCESS_GRANTED,GRANTED,0,0,0,0,NORMAL,NORMAL,0
SEC-004494,F001,Smart Campus,B003,Building C,BLK-C1,Block C1,AP-006,Server Room Access,Restricted Area,2026-01-30 18:18:10,EMP-0092,Employee 92,EMPLOYEE,ACCESS_GRANTED,GRANTED,0,0,0,0,NORMAL,NORMAL,0
SEC-004547,F001,Smart Campus,B002,Building B,BLK-B1,Block B1,AP-003,Building B Main Entrance,Entrance,2026-01-30 18:22:46,CON-0073,Contractor 73,CONTRACTOR,ACCESS_GRANTED,GRANTED,0,0,0,0,NORMAL,NORMAL,0
SEC-004631,F001,Smart Campus,B001,Building A,BLK-A1,Block A1,AP-001,Building A Main Entrance,Entrance,2026-01-30 18:22:49,EMP-0412,Employee 412,EMPLOYEE,ACCESS_GRANTED,GRANTED,0,0,0,0,NORMAL,NORMAL,0
SEC-004544,F001,Smart Campus,B001,Building A,BLK-A1,Block A1,AP-001,Building A Main Entrance,Entrance,2026-01-30 18:30:34,EMP-0450,Employee 450,EMPLOYEE,ACCESS_GRANTED,GRANTED,0,0,0,0,NORMAL,NORMAL,0
SEC-004633,F001,Smart Campus,B001,Building A,BLK-A1,Block A1,AP-001,Building A Main Entrance,Entrance,2026-01-30 18:32:28,VIS-0234,Visitor 234,VISITOR,ACCESS_GRANTED,GRANTED,0,0,0,0,NORMAL,NORMAL,0
SEC-004529,F001,Smart Campus,B003,Building C,BLK-C1,Block C1,AP-005,Building C Main Entrance,Entrance,2026-01-30 18:34:06,VIS-0278,Visitor 278,VISITOR,ACCESS_GRANTED,GRANTED,0,0,0,0,NORMAL,NORMAL,0
SEC-004491,F001,Smart Campus,B002,Building B,BLK-B1,Block B1,AP-003,Building B Main Entrance,Entrance,2026-01-30 18:35:05,CON-0122,Contractor 122,CONTRACTOR,ACCESS_GRANTED,GRANTED,0,0,0,0,NORMAL,NORMAL,0
SEC-004563,F001,Smart Campus,B002,Building B,BLK-B1,Block B1,AP-003,Building B Main Entrance,Entrance,2026-01-30 18:42:45,EMP-0066,Employee 66,EMPLOYEE,ACCESS_GRANTED,GRANTED,0,0,0,0,NORMAL,NORMAL,0
SEC-004490,F001,Smart Campus,B002,Building B,BLK-B1,Block B1,AP-003,Building B Main Entrance,Entrance,2026-01-30 19:04:17,EMP-0044,Employee 44,EMPLOYEE,ACCESS_GRANTED,GRANTED,0,0,0,0,NORMAL,NORMAL,0
SEC-004564,F001,Smart Campus,B001,Building A,BLK-A1,Block A1,AP-001,Building A Main Entrance,Entrance,2026-01-30 19:11:30,EMP-0138,Employee 138,EMPLOYEE,ACCESS_GRANTED,GRANTED,0,0,0,0,NORMAL,NORMAL,0
SEC-004583,F001,Smart Campus,B002,Building B,BLK-B2,Block B2,AP-004,Building B Service Door,Service Area,2026-01-30 19:39:36,EMP-0277,Employee 277,EMPLOYEE,ACCESS_GRANTED,GRANTED,0,0,0,0,NORMAL,NORMAL,0
SEC-004471,F001,Smart Campus,B003,Building C,BLK-C1,Block C1,AP-006,Server Room Access,Restricted Area,2026-01-30 19:49:56,EMP-0167,Employee 167,EMPLOYEE,TAILGATING,GRANTED,0,0,0,1,TAILGATING,HIGH,1
SEC-004543,F001,Smart Campus,B001,Building A,BLK-A1,Block A1,AP-001,Building A Main Entrance,Entrance,2026-01-30 19:52:38,EMP-0471,Employee 471,EMPLOYEE,ACCESS_GRANTED,GRANTED,0,0,0,0,NORMAL,NORMAL,0
SEC-004596,F001,Smart Campus,B001,Building A,BLK-A1,Block A1,AP-001,Building A Main Entrance,Entrance,2026-01-30 19:54:58,EMP-0476,Employee 476,EMPLOYEE,ACCESS_GRANTED,GRANTED,0,0,0,0,NORMAL,NORMAL,0
SEC-004511,F001,Smart Campus,B002,Building B,BLK-B1,Block B1,AP-003,Building B Main Entrance,Entrance,2026-01-30 20:19:16,EMP-0080,Employee 80,EMPLOYEE,ACCESS_DENIED,DENIED,0,0,0,0,NORMAL,MEDIUM,1
SEC-004609,F001,Smart Campus,B001,Building A,BLK-A1,Block A1,AP-001,Building A Main Entrance,Entrance,2026-01-30 20:24:31,EMP-0375,Employee 375,EMPLOYEE,ACCESS_GRANTED,GRANTED,0,0,0,0,NORMAL,NORMAL,0
SEC-004590,F001,Smart Campus,B003,Building C,BLK-C1,Block C1,AP-005,Building C Main Entrance,Entrance,2026-01-30 20:25:50,EMP-0356,Employee 356,EMPLOYEE,ACCESS_GRANTED,GRANTED,0,0,0,0,NORMAL,NORMAL,0
SEC-004481,F001,Smart Campus,B003,Building C,BLK-C1,Block C1,AP-005,Building C Main Entrance,Entrance,2026-01-30 20:36:48,EMP-0403,Employee 403,EMPLOYEE,ACCESS_GRANTED,GRANTED,0,0,0,0,NORMAL,NORMAL,0
SEC-004499,F001,Smart Campus,B002,Building B,BLK-B1,Block B1,AP-003,Building B Main Entrance,Entrance,2026-01-30 20:38:32,EMP-0071,Employee 71,EMPLOYEE,ACCESS_GRANTED,GRANTED,0,0,0,0,NORMAL,NORMAL,0
SEC-004592,F001,Smart Campus,B001,Building A,BLK-A1,Block A1,AP-001,Building A Main Entrance,Entrance,2026-01-30 20:56:36,EMP-0490,Employee 490,EMPLOYEE,ACCESS_GRANTED,GRANTED,0,0,0,0,NORMAL,NORMAL,0
SEC-004610,F001,Smart Campus,B003,Building C,BLK-C1,Block C1,AP-005,Building C Main Entrance,Entrance,2026-01-30 21:00:53,EMP-0348,Employee 348,EMPLOYEE,ACCESS_GRANTED,GRANTED,1,0,0,0,NORMAL,LOW,0
SEC-004478,F001,Smart Campus,B001,Building A,BLK-A1,Block A1,AP-001,Building A Main Entrance,Entrance,2026-01-30 21:36:39,CON-0114,Contractor 114,CONTRACTOR,ACCESS_GRANTED,GRANTED,1,0,0,0,NORMAL,LOW,0
SEC-004591,F001,Smart Campus,B001,Building A,BLK-A2,Block A2,AP-002,Building A Side Entrance,Entrance,2026-01-30 21:49:26,EMP-0076,Employee 76,EMPLOYEE,ACCESS_GRANTED,GRANTED,1,0,0,0,NORMAL,LOW,0
SEC-004507,F001,Smart Campus,B002,Building B,BLK-B2,Block B2,AP-004,Building B Service Door,Service Area,2026-01-30 22:13:35,EMP-0330,Employee 330,EMPLOYEE,ACCESS_GRANTED,GRANTED,1,0,0,0,NORMAL,LOW,0
SEC-004607,F001,Smart Campus,B001,Building A,BLK-A1,Block A1,AP-001,Building A Main Entrance,Entrance,2026-01-30 22:18:35,EMP-0154,Employee 154,EMPLOYEE,ACCESS_GRANTED,GRANTED,1,0,0,0,NORMAL,LOW,0
SEC-004561,F001,Smart Campus,B002,Building B,BLK-B1,Block B1,AP-003,Building B Main Entrance,Entrance,2026-01-30 22:18:48,EMP-0325,Employee 325,EMPLOYEE,ACCESS_GRANTED,GRANTED,1,0,0,0,NORMAL,LOW,0
SEC-004551,F001,Smart Campus,B001,Building A,BLK-A2,Block A2,AP-002,Building A Side Entrance,Entrance,2026-01-30 22:31:33,VIS-0253,Visitor 253,VISITOR,ACCESS_DENIED,DENIED,1,0,0,0,NORMAL,MEDIUM,1
SEC-004630,F001,Smart Campus,B001,Building A,BLK-A2,Block A2,AP-002,Building A Side Entrance,Entrance,2026-01-30 22:54:45,EMP-0273,Employee 273,EMPLOYEE,ACCESS_GRANTED,GRANTED,1,0,0,0,NORMAL,LOW,0
SEC-004512,F001,Smart Campus,B003,Building C,BLK-C1,Block C1,AP-005,Building C Main Entrance,Entrance,2026-01-30 23:31:51,EMP-0131,Employee 131,EMPLOYEE,ACCESS_GRANTED,GRANTED,1,0,0,0,NORMAL,LOW,0
SEC-004628,F001,Smart Campus,B002,Building B,BLK-B2,Block B2,AP-004,Building B Service Door,Service Area,2026-01-30 23:37:04,EMP-0327,Employee 327,EMPLOYEE,ACCESS_GRANTED,GRANTED,1,0,0,0,NORMAL,LOW,0
SEC-004531,F001,Smart Campus,B001,Building A,BLK-A2,Block A2,AP-002,Building A Side Entrance,Entrance,2026-01-30 23:54:34,EMP-0448,Employee 448,EMPLOYEE,ACCESS_GRANTED,GRANTED,1,0,0,0,NORMAL,LOW,0
