cost_record_id,facility_id,facility_name,building_id,building_name,timestamp,occupancy,electricity_kwh,hvac_kwh,lighting_kwh,water_liters,electricity_cost,water_cost,maintenance_cost,security_cost,operational_cost,total_cost,expected_cost,cost_variance,cost_variance_percent,potential_savings,cost_per_occupant,inefficiency_type,cost_status,savings_priority,is_cost_inefficiency
COST-000001,FAC-001,Infosys Smart Campus,BLD-001,Building A,2026-08-22 16:00:00,110,592.21,288.9,101.8,206.31,5033.8,11.35,481.52,183.64,276.23,5986.54,5954.56,31.97,0.54,31.97,54.42,NONE,NORMAL,LOW,0
COST-000002,FAC-001,Infosys Smart Campus,BLD-001,Building A,2026-08-22 17:00:00,41,402.33,169.71,57.47,128.6,3419.8,7.07,424.16,177.55,243.72,4272.29,4402.78,-130.49,-2.96,0.0,104.2,NONE,NORMAL,NORMAL,0
COST-000003,FAC-001,Infosys Smart Campus,BLD-001,Building A,2026-08-22 18:00:00,37,425.15,184.97,66.17,137.7,3613.78,7.57,422.39,183.33,224.62,4451.7,4402.78,48.92,1.11,48.92,120.32,NONE,NORMAL,LOW,0
COST-000004,FAC-001,Infosys Smart Campus,BLD-001,Building A,2026-08-22 19:00:00,41,382.48,155.98,75.13,126.95,3251.11,6.98,471.81,172.97,228.62,4131.48,4402.78,-271.29,-6.16,0.0,100.77,NONE,NORMAL,NORMAL,0
COST-000005,FAC-001,Infosys Smart Campus,BLD-001,Building A,2026-08-22 20:00:00,39,469.94,194.86,77.38,131.36,3994.48,7.22,423.37,181.68,235.42,4842.17,4402.78,439.39,9.98,439.39,124.16,NONE,WARNING,MEDIUM,0
COST-000006,FAC-001,Infosys Smart Campus,BLD-001,Building A,2026-08-22 21:00:00,11,300.78,123.51,43.23,83.78,2556.66,4.61,390.66,175.99,242.17,3370.09,3295.55,74.54,2.26,74.54,306.37,NONE,NORMAL,LOW,0
COST-000007,FAC-001,Infosys Smart Campus,BLD-001,Building A,2026-08-22 22:00:00,12,307.16,133.22,51.6,84.79,2610.89,4.66,501.8,189.8,236.5,3543.65,3295.55,248.11,7.53,248.11,295.3,NONE,WARNING,MEDIUM,0
COST-000008,FAC-001,Infosys Smart Campus,BLD-001,Building A,2026-08-22 23:00:00,12,306.64,151.04,41.45,88.81,2606.45,4.88,355.47,193.07,269.62,3429.48,3295.55,133.94,4.06,133.94,285.79,NONE,NORMAL,LOW,0
COST-000009,FAC-001,Infosys Smart Campus,BLD-001,Building A,2026-08-23 00:00:00,7,230.96,101.0,35.28,81.85,1963.15,4.5,415.33,166.31,276.63,2825.92,2853.23,-27.3,-0.96,0.0,403.7,NONE,NORMAL,NORMAL,0
COST-000010,FAC-001,Infosys Smart Campus,BLD-001,Building A,2026-08-23 01:00:00,9,239.92,118.16,39.48,86.31,2039.32,4.75,407.83,162.92,229.42,2844.22,2853.23,-9.01,-0.32,0.0,316.02,NONE,NORMAL,NORMAL,0
COST-000011,FAC-001,Infosys Smart Campus,BLD-001,Building A,2026-08-23 02:00:00,8,229.1,100.28,37.94,75.5,1947.37,4.15,462.93,170.24,227.0,2811.7,2853.23,-41.53,-1.46,0.0,351.46,NONE,NORMAL,NORMAL,0
COST-000012,FAC-001,Infosys Smart Campus,BLD-001,Building A,2026-08-23 03:00:00,8,220.76,112.93,41.19,73.77,1876.43,4.06,482.41,190.93,235.55,2789.38,2853.23,-63.85,-2.24,0.0,348.67,NONE,NORMAL,NORMAL,0
COST-000013,FAC-001,Infosys Smart Campus,BLD-001,Building A,2026-08-23 04:00:00,8,249.87,124.16,48.16,72.53,2123.86,3.99,407.75,191.45,288.14,3015.19,2853.23,161.97,5.68,161.97,376.9,NONE,WARNING,LOW,0
COST-000014,FAC-001,Infosys Smart Campus,BLD-001,Building A,2026-08-23 05:00:00,8,234.08,105.36,34.07,75.41,1989.71,4.15,392.72,195.94,246.21,2828.73,2853.23,-24.49,-0.86,0.0,353.59,NONE,NORMAL,NORMAL,0
COST-000015,FAC-001,Infosys Smart Campus,BLD-001,Building A,2026-08-23 06:00:00,56,394.77,175.13,78.17,110.47,3355.51,6.08,342.2,183.94,260.21,4147.94,4182.18,-34.24,-0.82,0.0,74.07,NONE,NORMAL,NORMAL,0
COST-000016,FAC-001,Infosys Smart Campus,BLD-001,Building A,2026-08-23 07:00:00,47,384.75,160.59,63.2,133.65,3270.36,7.35,376.67,186.2,280.41,4120.98,4182.18,-61.2,-1.46,0.0,87.68,NONE,NORMAL,NORMAL,0
COST-000017,FAC-001,Infosys Smart Campus,BLD-001,Building A,2026-08-23 08:00:00,50,365.17,162.19,63.64,136.63,3103.98,7.51,476.33,173.55,235.55,3996.92,4182.18,-185.26,-4.43,0.0,79.94,NONE,NORMAL,NORMAL,0
COST-000018,FAC-001,Infosys Smart Campus,BLD-001,Building A,2026-08-23 09:00:00,127,602.17,289.83,78.98,201.78,5118.46,11.1,374.05,185.23,234.6,5923.43,5954.56,-31.13,-0.52,0.0,46.64,NONE,NORMAL,NORMAL,0
COST-000019,FAC-001,Infosys Smart Campus,BLD-001,Building A,2026-08-23 10:00:00,95,662.88,339.66,92.56,197.08,5634.48,10.84,483.39,171.29,272.48,6572.48,5954.56,617.92,10.38,617.92,69.18,NONE,WARNING,HIGH,0
COST-000020,FAC-001,Infosys Smart Campus,BLD-001,Building A,2026-08-23 11:00:00,101,607.52,281.62,89.26,232.24,5163.93,12.77,486.73,194.42,270.38,6128.23,5954.56,173.67,2.92,173.67,60.68,NONE,NORMAL,LOW,0
COST-000021,FAC-001,Infosys Smart Campus,BLD-001,Building A,2026-08-23 12:00:00,92,542.73,264.37,104.64,214.46,4613.17,11.8,350.14,167.82,291.09,5434.01,5954.56,-520.56,-8.74,0.0,59.07,NONE,NORMAL,NORMAL,0
COST-000022,FAC-001,Infosys Smart Campus,BLD-001,Building A,2026-08-23 13:00:00,108,610.27,244.48,86.2,198.23,5187.28,10.9,452.24,185.47,238.49,6074.38,5954.56,119.82,2.01,119.82,56.24,NONE,NORMAL,LOW,0
COST-000023,FAC-001,Infosys Smart Campus,BLD-001,Building A,2026-08-23 14:00:00,94,630.95,277.02,114.99,226.45,5363.05,12.45,431.48,165.37,249.68,6222.04,5954.56,267.47,4.49,267.47,66.19,NONE,NORMAL,MEDIUM,0
COST-000024,FAC-001,Infosys Smart Campus,BLD-001,Building A,2026-08-23 15:00:00,109,560.76,289.78,88.33,196.53,4766.5,10.81,442.03,190.61,260.21,5670.16,5954.56,-284.4,-4.78,0.0,52.02,NONE,NORMAL,NORMAL,0
COST-000025,FAC-001,Infosys Smart Campus,BLD-001,Building A,2026-08-23 16:00:00,102,711.87,301.42,128.54,192.24,6050.86,10.57,496.26,194.94,249.87,7002.5,5954.56,1047.94,17.6,1047.94,68.65,NONE,HIGH,CRITICAL,0
COST-000026,FAC-001,Infosys Smart Campus,BLD-001,Building A,2026-08-23 17:00:00,44,429.78,221.61,81.53,122.53,3653.14,6.74,400.7,192.64,245.72,4498.93,4402.78,96.15,2.18,96.15,102.25,NONE,NORMAL,LOW,0
COST-000027,FAC-001,Infosys Smart Campus,BLD-001,Building A,2026-08-23 18:00:00,42,379.72,194.55,67.87,114.54,3227.65,6.3,502.33,167.04,261.43,4164.76,4402.78,-238.02,-5.41,0.0,99.16,NONE,NORMAL,NORMAL,0
COST-000028,FAC-001,Infosys Smart Campus,BLD-001,Building A,2026-08-23 19:00:00,42,426.42,206.23,76.4,128.78,3624.56,7.08,385.32,191.14,284.19,4492.29,4402.78,89.51,2.03,89.51,106.96,NONE,NORMAL,LOW,0
COST-000029,FAC-001,Infosys Smart Campus,BLD-001,Building A,2026-08-23 20:00:00,44,528.19,261.87,92.7,132.66,4489.63,7.3,392.78,175.52,228.33,5293.56,4402.78,890.78,20.23,890.78,120.31,NONE,HIGH,HIGH,0
COST-000030,FAC-001,Infosys Smart Campus,BLD-001,Building A,2026-08-23 21:00:00,13,276.28,125.95,46.41,83.19,2348.41,4.58,435.26,163.1,223.91,3175.25,3295.55,-120.29,-3.65,0.0,244.25,NONE,NORMAL,NORMAL,0
COST-000031,FAC-001,Infosys Smart Campus,BLD-001,Building A,2026-08-23 22:00:00,12,307.8,127.81,51.27,77.92,2616.31,4.29,350.34,163.86,262.45,3397.24,3295.55,101.69,3.09,101.69,283.1,NONE,NORMAL,LOW,0
COST-000032,FAC-001,Infosys Smart Campus,BLD-001,Building A,2026-08-23 23:00:00,13,328.92,160.23,65.23,86.84,2795.83,4.78,390.26,190.63,242.12,3623.62,3295.55,328.07,9.96,328.07,278.74,NONE,WARNING,MEDIUM,0
COST-000033,FAC-001,Infosys Smart Campus,BLD-001,Building A,2026-08-24 00:00:00,7,232.12,93.55,45.82,79.95,1973.03,4.4,365.11,167.63,240.52,2750.69,2853.23,-102.54,-3.59,0.0,392.96,NONE,NORMAL,NORMAL,0
COST-000034,FAC-001,Infosys Smart Campus,BLD-001,Building A,2026-08-24 01:00:00,9,262.92,126.0,39.33,79.34,2234.8,4.36,459.97,181.96,268.71,3149.81,2853.23,296.58,10.39,296.58,349.98,NONE,WARNING,MEDIUM,0
COST-000035,FAC-001,Infosys Smart Campus,BLD-001,Building A,2026-08-24 02:00:00,7,226.07,100.08,41.38,79.58,1921.58,4.38,352.44,179.7,257.93,2716.02,2853.23,-137.2,-4.81,0.0,388.0,NONE,NORMAL,NORMAL,0
COST-000036,FAC-001,Infosys Smart Campus,BLD-001,Building A,2026-08-24 03:00:00,9,229.86,102.94,39.79,69.18,1953.83,3.8,343.61,175.49,269.82,2746.55,2853.23,-106.67,-3.74,0.0,305.17,NONE,NORMAL,NORMAL,0
COST-000037,FAC-001,Infosys Smart Campus,BLD-001,Building A,2026-08-24 04:00:00,9,234.17,112.18,33.11,160.88,1990.42,8.85,449.76,182.64,231.02,2862.7,2853.23,9.48,0.33,11.24,318.08,HIGH_WATER_USAGE,NORMAL,LOW,1
COST-000038,FAC-001,Infosys Smart Campus,BLD-001,Building A,2026-08-24 05:00:00,7,241.88,114.92,45.34,79.72,2056.0,4.38,370.72,171.86,237.74,2840.71,2853.23,-12.52,-0.44,0.0,405.82,NONE,NORMAL,NORMAL,0
COST-000039,FAC-001,Infosys Smart Campus,BLD-001,Building A,2026-08-24 06:00:00,45,386.96,183.49,59.42,118.44,3289.15,6.51,393.22,171.39,259.69,4119.96,4182.18,-62.22,-1.49,0.0,91.55,NONE,NORMAL,NORMAL,0
COST-000040,FAC-001,Infosys Smart Campus,BLD-001,Building A,2026-08-24 07:00:00,54,361.53,185.25,47.99,144.35,3072.98,7.94,498.55,181.73,254.03,4015.23,4182.18,-166.95,-3.99,0.0,74.36,NONE,NORMAL,NORMAL,0
COST-000041,FAC-001,Infosys Smart Campus,BLD-001,Building A,2026-08-24 08:00:00,56,436.08,212.72,60.59,135.64,3706.7,7.46,430.39,170.59,274.03,4589.18,4182.18,407.0,9.73,407.0,81.95,NONE,WARNING,MEDIUM,0
COST-000042,FAC-001,Infosys Smart Campus,BLD-001,Building A,2026-08-24 09:00:00,88,561.89,250.23,94.06,223.55,4776.07,12.3,401.46,172.71,228.8,5591.34,5954.56,-363.23,-6.1,0.0,63.54,NONE,NORMAL,NORMAL,0
COST-000043,FAC-001,Infosys Smart Campus,BLD-001,Building A,2026-08-24 10:00:00,100,639.19,329.07,113.38,187.67,5433.13,10.32,351.41,183.69,264.19,6242.73,5954.56,288.17,4.84,288.17,62.43,NONE,NORMAL,MEDIUM,0
COST-000044,FAC-001,Infosys Smart Campus,BLD-001,Building A,2026-08-24 11:00:00,69,583.66,298.67,115.68,214.44,4961.1,11.79,345.39,188.53,263.58,5770.4,5954.56,-184.16,-3.09,0.0,83.63,NONE,NORMAL,NORMAL,0
COST-000045,FAC-001,Infosys Smart Campus,BLD-001,Building A,2026-08-24 12:00:00,114,618.77,311.87,116.76,186.04,5259.5,10.23,485.84,167.28,261.04,6183.89,5954.56,229.33,3.85,229.33,54.24,NONE,NORMAL,MEDIUM,0
COST-000046,FAC-001,Infosys Smart Campus,BLD-001,Building A,2026-08-24 13:00:00,100,616.65,310.53,118.17,185.66,5241.52,10.21,488.49,183.31,248.32,6171.84,5954.56,217.28,3.65,217.28,61.72,NONE,NORMAL,MEDIUM,0
COST-000047,FAC-001,Infosys Smart Campus,BLD-001,Building A,2026-08-24 14:00:00,103,675.89,301.01,121.23,196.93,5745.08,10.83,378.62,176.59,265.57,6576.7,5954.56,622.13,10.45,622.13,63.85,NONE,WARNING,HIGH,0
COST-000048,FAC-001,Infosys Smart Campus,BLD-001,Building A,2026-08-24 15:00:00,92,633.66,316.03,115.39,223.17,5386.13,12.27,375.9,176.41,258.26,6208.98,5954.56,254.41,4.27,254.41,67.49,NONE,NORMAL,MEDIUM,0
COST-000049,FAC-001,Infosys Smart Campus,BLD-001,Building A,2026-08-24 16:00:00,105,562.67,254.53,104.74,211.02,4782.66,11.61,343.29,195.29,292.69,5625.53,5954.56,-329.03,-5.53,0.0,53.58,NONE,NORMAL,NORMAL,0
COST-000050,FAC-001,Infosys Smart Campus,BLD-001,Building A,2026-08-24 17:00:00,43,440.56,180.21,62.4,112.74,3744.8,6.2,385.47,197.85,275.36,4609.69,4402.78,206.91,4.7,206.91,107.2,NONE,NORMAL,MEDIUM,0
COST-000051,FAC-001,Infosys Smart Campus,BLD-001,Building A,2026-08-24 18:00:00,48,395.57,201.67,77.97,121.84,3362.32,6.7,392.39,168.11,271.45,4200.97,4402.78,-201.81,-4.58,0.0,87.52,NONE,NORMAL,NORMAL,0
COST-000052,FAC-001,Infosys Smart Campus,BLD-001,Building A,2026-08-24 19:00:00,39,376.62,162.67,58.46,117.74,3201.24,6.48,412.14,163.16,242.82,4025.85,4402.78,-376.93,-8.56,0.0,103.23,NONE,NORMAL,NORMAL,0
COST-000053,FAC-001,Infosys Smart Campus,BLD-001,Building A,2026-08-24 20:00:00,49,372.54,161.13,51.9,139.86,3166.55,7.69,349.9,193.56,264.02,3981.73,4402.78,-421.05,-9.56,0.0,81.26,NONE,NORMAL,NORMAL,0
COST-000054,FAC-001,Infosys Smart Campus,BLD-001,Building A,2026-08-24 21:00:00,10,279.8,138.03,45.78,74.92,2378.29,4.12,399.29,188.98,251.65,3222.34,3295.55,-73.2,-2.22,0.0,322.23,NONE,NORMAL,NORMAL,0
COST-000055,FAC-001,Infosys Smart Campus,BLD-001,Building A,2026-08-24 22:00:00,12,310.67,126.64,41.19,84.1,2640.74,4.63,461.99,194.87,266.64,3568.86,3295.55,273.32,8.29,273.32,297.41,NONE,WARNING,MEDIUM,0
COST-000056,FAC-001,Infosys Smart Campus,BLD-001,Building A,2026-08-24 23:00:00,11,304.5,135.61,44.72,88.02,2588.26,4.84,378.24,171.89,237.16,3380.4,3295.55,84.86,2.57,84.86,307.31,NONE,NORMAL,LOW,0
COST-000057,FAC-001,Infosys Smart Campus,BLD-001,Building A,2026-08-25 00:00:00,8,242.1,98.2,36.03,76.84,2057.84,4.23,475.67,173.08,284.68,2995.49,2853.23,142.26,4.99,142.26,374.44,NONE,NORMAL,LOW,0
COST-000058,FAC-001,Infosys Smart Campus,BLD-001,Building A,2026-08-25 01:00:00,8,240.78,110.18,38.39,85.1,2046.6,4.68,443.41,190.98,291.45,2977.12,2853.23,123.9,4.34,123.9,372.14,NONE,NORMAL,LOW,0
COST-000059,FAC-001,Infosys Smart Campus,BLD-001,Building A,2026-08-25 02:00:00,8,234.81,111.06,40.99,71.51,1995.9,3.93,427.97,178.23,292.02,2898.06,2853.23,44.83,1.57,44.83,362.26,NONE,NORMAL,LOW,0
COST-000060,FAC-001,Infosys Smart Campus,BLD-001,Building A,2026-08-25 03:00:00,8,237.6,114.93,44.14,65.27,2019.64,3.59,477.47,189.68,226.17,2916.55,2853.23,63.32,2.22,63.32,364.57,NONE,NORMAL,LOW,0
COST-000061,FAC-001,Infosys Smart Campus,BLD-001,Building A,2026-08-25 04:00:00,8,226.12,99.87,32.71,65.66,1921.98,3.61,413.3,183.05,252.22,2774.17,2853.23,-79.06,-2.77,0.0,346.77,NONE,NORMAL,NORMAL,0
COST-000062,FAC-001,Infosys Smart Campus,BLD-001,Building A,2026-08-25 05:00:00,9,219.13,105.97,34.8,80.3,1862.57,4.42,422.56,197.03,267.95,2754.53,2853.23,-98.7,-3.46,0.0,306.06,NONE,NORMAL,NORMAL,0
COST-000063,FAC-001,Infosys Smart Campus,BLD-001,Building A,2026-08-25 06:00:00,50,375.57,165.78,57.96,131.03,3192.31,7.21,395.81,194.19,231.04,4020.56,4182.18,-161.62,-3.86,0.0,80.41,NONE,NORMAL,NORMAL,0
COST-000064,FAC-001,Infosys Smart Campus,BLD-001,Building A,2026-08-25 07:00:00,44,356.74,146.64,58.39,118.39,3032.25,6.51,421.96,167.65,250.43,3878.8,4182.18,-303.38,-7.25,0.0,88.15,NONE,NORMAL,NORMAL,0
COST-000065,FAC-001,Infosys Smart Campus,BLD-001,Building A,2026-08-25 08:00:00,48,368.84,191.19,61.8,130.13,3135.11,7.16,425.25,187.94,225.86,3981.32,4182.18,-200.86,-4.8,0.0,82.94,NONE,NORMAL,NORMAL,0
COST-000066,FAC-001,Infosys Smart Campus,BLD-001,Building A,2026-08-25 09:00:00,105,634.29,310.77,83.81,218.17,5391.43,12.0,395.5,176.3,229.18,6204.41,5954.56,249.84,4.2,249.84,59.09,NONE,NORMAL,MEDIUM,0
COST-000067,FAC-001,Infosys Smart Campus,BLD-001,Building A,2026-08-25 10:00:00,96,622.12,290.95,117.49,211.52,5288.01,11.63,393.61,179.06,248.7,6121.01,5954.56,166.45,2.8,166.45,63.76,NONE,NORMAL,LOW,0
COST-000068,FAC-001,Infosys Smart Campus,BLD-001,Building A,2026-08-25 11:00:00,95,585.52,275.26,106.32,246.8,4976.93,13.57,434.54,182.32,250.54,5857.91,5954.56,-96.66,-1.62,0.0,61.66,NONE,NORMAL,NORMAL,0
COST-000069,FAC-001,Infosys Smart Campus,BLD-001,Building A,2026-08-25 12:00:00,112,585.89,277.07,86.19,175.28,4980.04,9.64,337.27,170.11,249.5,5746.55,5954.56,-208.01,-3.49,0.0,51.31,NONE,NORMAL,NORMAL,0
COST-000070,FAC-001,Infosys Smart Campus,BLD-001,Building A,2026-08-25 13:00:00,104,647.76,265.94,120.75,209.56,5505.99,11.53,477.51,163.86,222.42,6381.3,5954.56,426.74,7.17,426.74,61.36,NONE,WARNING,MEDIUM,0
COST-000071,FAC-001,Infosys Smart Campus,BLD-001,Building A,2026-08-25 14:00:00,106,636.0,324.42,82.92,210.1,5406.03,11.56,473.9,187.86,262.73,6342.09,5954.56,387.52,6.51,387.52,59.83,NONE,WARNING,MEDIUM,0
COST-000072,FAC-001,Infosys Smart Campus,BLD-001,Building A,2026-08-25 15:00:00,109,649.99,275.99,128.54,208.81,5524.91,11.48,369.52,188.5,262.33,6356.74,5954.56,402.18,6.75,402.18,58.32,NONE,WARNING,MEDIUM,0
COST-000073,FAC-001,Infosys Smart Campus,BLD-001,Building A,2026-08-25 16:00:00,115,629.99,258.59,104.22,206.92,5354.91,11.38,398.03,178.35,263.79,6206.47,5954.56,251.9,4.23,251.9,53.97,NONE,NORMAL,MEDIUM,0
COST-000074,FAC-001,Infosys Smart Campus,BLD-001,Building A,2026-08-25 17:00:00,44,375.23,180.91,51.09,125.51,3189.42,6.9,336.46,166.2,257.91,3956.89,4402.78,-445.89,-10.13,0.0,89.93,NONE,NORMAL,NORMAL,0
COST-000075,FAC-001,Infosys Smart Campus,BLD-001,Building A,2026-08-25 18:00:00,47,429.53,177.31,81.42,117.73,3650.98,6.48,502.48,169.38,250.58,4579.89,4402.78,177.11,4.02,177.11,97.44,NONE,NORMAL,LOW,0
COST-000076,FAC-001,Infosys Smart Campus,BLD-001,Building A,2026-08-25 19:00:00,48,421.34,170.97,77.82,126.73,3581.42,6.97,462.08,190.78,285.36,4526.62,4402.78,123.84,2.81,123.84,94.3,NONE,NORMAL,LOW,0
COST-000077,FAC-001,Infosys Smart Campus,BLD-001,Building A,2026-08-25 20:00:00,39,396.18,188.6,76.68,131.34,3367.5,7.22,411.93,187.7,291.17,4265.52,4402.78,-137.26,-3.12,0.0,109.37,NONE,NORMAL,NORMAL,0
COST-000078,FAC-001,Infosys Smart Campus,BLD-001,Building A,2026-08-25 21:00:00,10,300.17,135.87,51.16,97.25,2551.47,5.35,401.77,181.15,226.2,3365.93,3295.55,70.38,2.14,70.38,336.59,NONE,NORMAL,LOW,0
COST-000079,FAC-001,Infosys Smart Campus,BLD-001,Building A,2026-08-25 22:00:00,12,255.36,115.37,39.15,88.71,2170.56,4.88,483.61,179.84,278.83,3117.72,3295.55,-177.83,-5.4,0.0,259.81,NONE,NORMAL,NORMAL,0
COST-000080,FAC-001,Infosys Smart Campus,BLD-001,Building A,2026-08-25 23:00:00,13,302.58,149.3,42.37,89.33,2571.93,4.91,455.96,179.78,279.86,3492.45,3295.55,196.9,5.97,196.9,268.65,NONE,WARNING,LOW,0
COST-000081,FAC-001,Infosys Smart Campus,BLD-001,Building A,2026-08-26 00:00:00,8,218.48,97.32,35.39,77.19,1857.1,4.25,417.71,176.72,281.21,2736.98,2853.23,-116.24,-4.07,0.0,342.12,NONE,NORMAL,NORMAL,0
COST-000082,FAC-001,Infosys Smart Campus,BLD-001,Building A,2026-08-26 01:00:00,10,234.45,109.69,42.23,76.02,1992.8,4.18,474.9,196.53,247.72,2916.12,2853.23,62.9,2.2,62.9,291.61,NONE,NORMAL,LOW,0
COST-000083,FAC-001,Infosys Smart Campus,BLD-001,Building A,2026-08-26 02:00:00,8,210.21,91.35,36.38,75.2,1786.81,4.14,435.62,165.68,292.66,2684.91,2853.23,-168.32,-5.9,0.0,335.61,NONE,NORMAL,NORMAL,0
COST-000084,FAC-001,Infosys Smart Campus,BLD-001,Building A,2026-08-26 03:00:00,8,253.74,112.9,34.21,80.98,2156.77,4.45,353.51,192.26,292.03,2999.03,2853.23,145.8,5.11,145.8,374.88,NONE,WARNING,LOW,0
COST-000085,FAC-001,Infosys Smart Campus,BLD-001,Building A,2026-08-26 04:00:00,8,226.3,95.01,32.37,73.94,1923.52,4.07,374.2,183.88,250.59,2736.26,2853.23,-116.96,-4.1,0.0,342.03,NONE,NORMAL,NORMAL,0
COST-000086,FAC-001,Infosys Smart Campus,BLD-001,Building A,2026-08-26 05:00:00,9,220.95,109.27,38.06,80.91,1878.1,4.45,405.64,193.09,292.99,2774.27,2853.23,-78.96,-2.77,0.0,308.25,NONE,NORMAL,NORMAL,0
COST-000087,FAC-001,Infosys Smart Campus,BLD-001,Building A,2026-08-26 06:00:00,39,313.98,160.2,53.72,135.42,2668.83,7.45,341.69,173.21,281.88,3473.06,4182.18,-709.12,-16.96,0.0,89.05,NONE,NORMAL,NORMAL,0
COST-000088,FAC-001,Infosys Smart Campus,BLD-001,Building A,2026-08-26 07:00:00,40,365.24,155.42,60.65,122.98,3104.55,6.76,413.11,182.06,288.13,3994.62,4182.18,-187.56,-4.48,0.0,99.87,NONE,NORMAL,NORMAL,0
COST-000089,FAC-001,Infosys Smart Campus,BLD-001,Building A,2026-08-26 08:00:00,40,394.06,171.79,59.78,116.27,3349.55,6.4,394.7,178.86,269.75,4199.25,4182.18,17.07,0.41,17.07,104.98,NONE,NORMAL,LOW,0
COST-000090,FAC-001,Infosys Smart Campus,BLD-001,Building A,2026-08-26 09:00:00,84,643.46,302.75,96.89,203.61,5469.45,11.2,424.64,181.24,258.52,6345.06,5954.56,390.49,6.56,390.49,75.54,NONE,WARNING,MEDIUM,0
COST-000091,FAC-001,Infosys Smart Campus,BLD-001,Building A,2026-08-26 10:00:00,121,597.25,246.28,91.62,212.1,5076.62,11.67,486.77,180.96,283.46,6039.47,5954.56,84.91,1.43,84.91,49.91,NONE,NORMAL,LOW,0
COST-000092,FAC-001,Infosys Smart Campus,BLD-001,Building A,2026-08-26 11:00:00,103,587.25,273.78,86.78,227.48,4991.62,12.51,420.93,183.42,247.46,5855.94,5954.56,-98.62,-1.66,0.0,56.85,NONE,NORMAL,NORMAL,0
COST-000093,FAC-001,Infosys Smart Campus,BLD-001,Building A,2026-08-26 12:00:00,115,605.22,282.52,109.22,231.27,5144.4,12.72,494.66,167.08,252.7,6071.56,5954.56,116.99,1.96,116.99,52.8,NONE,NORMAL,LOW,0
COST-000094,FAC-001,Infosys Smart Campus,BLD-001,Building A,2026-08-26 13:00:00,109,572.74,272.62,103.96,205.93,4868.29,11.33,356.63,193.55,271.15,5700.94,5954.56,-253.62,-4.26,0.0,52.3,NONE,NORMAL,NORMAL,0
COST-000095,FAC-001,Infosys Smart Campus,BLD-001,Building A,2026-08-26 14:00:00,38,757.32,289.24,93.48,202.54,6437.24,11.14,404.78,181.87,255.02,7290.05,5954.56,1335.49,22.43,2107.96,191.84,LOW_OCCUPANCY_HIGH_ENERGY,HIGH,CRITICAL,1
COST-000096,FAC-001,Infosys Smart Campus,BLD-001,Building A,2026-08-26 15:00:00,116,606.83,298.34,84.84,208.62,5158.08,11.47,417.89,194.2,283.39,6065.04,5954.56,110.47,1.86,110.47,52.28,NONE,NORMAL,LOW,0
COST-000097,FAC-001,Infosys Smart Campus,BLD-001,Building A,2026-08-26 16:00:00,101,595.62,257.45,100.01,187.57,5062.74,10.32,476.27,197.44,262.0,6008.77,5954.56,54.2,0.91,54.2,59.49,NONE,NORMAL,LOW,0
COST-000098,FAC-001,Infosys Smart Campus,BLD-001,Building A,2026-08-26 17:00:00,45,400.28,161.0,77.66,115.58,3402.4,6.36,432.85,171.87,264.23,4277.7,4402.78,-125.08,-2.84,0.0,95.06,NONE,NORMAL,NORMAL,0
COST-000099,FAC-001,Infosys Smart Campus,BLD-001,Building A,2026-08-26 18:00:00,46,429.76,182.55,56.2,125.77,3652.98,6.92,447.73,168.31,292.32,4568.26,4402.78,165.48,3.76,165.48,99.31,NONE,NORMAL,LOW,0
COST-000100,FAC-001,Infosys Smart Campus,BLD-001,Building A,2026-08-26 19:00:00,46,362.39,167.52,48.3,110.63,3080.35,6.08,459.99,164.98,268.05,3979.45,4402.78,-423.33,-9.62,0.0,86.51,NONE,NORMAL,NORMAL,0
COST-000101,FAC-001,Infosys Smart Campus,BLD-001,Building A,2026-08-26 20:00:00,39,375.04,163.01,58.09,113.63,3187.82,6.25,415.98,185.89,294.07,4090.01,4402.78,-312.76,-7.1,0.0,104.87,NONE,NORMAL,NORMAL,0
COST-000102,FAC-001,Infosys Smart Campus,BLD-001,Building A,2026-08-26 21:00:00,13,268.82,108.53,39.88,87.28,2284.93,4.8,344.64,179.87,267.55,3081.8,3295.55,-213.75,-6.49,0.0,237.06,NONE,NORMAL,NORMAL,0
COST-000103,FAC-001,Infosys Smart Campus,BLD-001,Building A,2026-08-26 22:00:00,14,271.92,112.25,36.78,82.42,2311.34,4.53,409.05,170.87,284.89,3180.68,3295.55,-114.86,-3.49,0.0,227.19,NONE,NORMAL,NORMAL,0
COST-000104,FAC-001,Infosys Smart Campus,BLD-001,Building A,2026-08-26 23:00:00,14,298.66,129.22,51.17,89.08,2538.62,4.9,351.39,195.02,231.67,3321.6,3295.55,26.05,0.79,26.05,237.26,NONE,NORMAL,LOW,0
COST-000105,FAC-001,Infosys Smart Campus,BLD-001,Building A,2026-08-27 00:00:00,8,244.17,103.09,41.0,79.19,2075.42,4.36,446.68,186.92,287.24,3000.61,2853.23,147.38,5.17,147.38,375.08,NONE,WARNING,LOW,0
COST-000106,FAC-001,Infosys Smart Campus,BLD-001,Building A,2026-08-27 01:00:00,8,232.85,99.32,46.37,66.64,1979.23,3.67,342.62,187.4,293.17,2806.09,2853.23,-47.14,-1.65,0.0,350.76,NONE,NORMAL,NORMAL,0
COST-000107,FAC-001,Infosys Smart Campus,BLD-001,Building A,2026-08-27 02:00:00,8,213.09,108.64,28.21,70.2,1811.24,3.86,499.14,195.99,257.99,2768.22,2853.23,-85.01,-2.98,0.0,346.03,NONE,NORMAL,NORMAL,0
COST-000108,FAC-001,Infosys Smart Campus,BLD-001,Building A,2026-08-27 03:00:00,9,234.46,102.76,44.08,145.78,1992.94,8.02,416.82,193.86,262.36,2874.0,2853.23,20.77,0.73,22.38,319.33,HIGH_WATER_USAGE,NORMAL,LOW,1
COST-000109,FAC-001,Infosys Smart Campus,BLD-001,Building A,2026-08-27 04:00:00,6,212.97,99.82,39.67,89.41,1810.21,4.92,423.39,177.37,289.38,2705.26,2853.23,-147.97,-5.19,0.0,450.88,NONE,NORMAL,NORMAL,0
COST-000110,FAC-001,Infosys Smart Campus,BLD-001,Building A,2026-08-27 05:00:00,8,216.08,112.11,28.09,62.27,1836.67,3.42,400.51,195.57,226.46,2662.63,2853.23,-190.59,-6.68,0.0,332.83,NONE,NORMAL,NORMAL,0
COST-000111,FAC-001,Infosys Smart Campus,BLD-001,Building A,2026-08-27 06:00:00,59,372.24,161.03,58.77,127.72,3164.08,7.02,459.02,162.12,257.45,4049.7,4182.18,-132.48,-3.17,0.0,68.64,NONE,NORMAL,NORMAL,0
COST-000112,FAC-001,Infosys Smart Campus,BLD-001,Building A,2026-08-27 07:00:00,44,411.46,199.92,70.46,125.78,3497.43,6.92,488.94,163.62,229.54,4386.45,4182.18,204.27,4.88,204.27,99.69,NONE,NORMAL,MEDIUM,0
COST-000113,FAC-001,Infosys Smart Campus,BLD-001,Building A,2026-08-27 08:00:00,42,382.49,196.89,71.09,136.38,3251.16,7.5,484.55,183.63,291.49,4218.32,4182.18,36.15,0.86,36.15,100.44,NONE,NORMAL,LOW,0
COST-000114,FAC-001,Infosys Smart Campus,BLD-001,Building A,2026-08-27 09:00:00,88,591.75,296.2,86.48,199.16,5029.92,10.95,356.22,163.69,250.96,5811.74,5954.56,-142.83,-2.4,0.0,66.04,NONE,NORMAL,NORMAL,0
COST-000115,FAC-001,Infosys Smart Campus,BLD-001,Building A,2026-08-27 10:00:00,109,619.27,294.51,89.88,252.33,5263.82,13.88,379.72,180.55,259.31,6097.28,5954.56,142.71,2.4,142.71,55.94,NONE,NORMAL,LOW,0
COST-000116,FAC-001,Infosys Smart Campus,BLD-001,Building A,2026-08-27 11:00:00,109,691.59,338.7,91.59,199.05,5878.48,10.95,480.5,178.47,251.51,6799.9,5954.56,845.34,14.2,845.34,62.38,NONE,WARNING,HIGH,0
COST-000117,FAC-001,Infosys Smart Campus,BLD-001,Building A,2026-08-27 12:00:00,103,524.25,212.49,99.43,209.09,4456.11,11.5,459.52,172.13,240.71,5339.96,5954.56,-614.6,-10.32,0.0,51.84,NONE,NORMAL,NORMAL,0
COST-000118,FAC-001,Infosys Smart Campus,BLD-001,Building A,2026-08-27 13:00:00,103,599.91,309.23,82.59,199.64,5099.22,10.98,502.57,164.21,289.87,6066.85,5954.56,112.29,1.89,112.29,58.9,NONE,NORMAL,LOW,0
COST-000119,FAC-001,Infosys Smart Campus,BLD-001,Building A,2026-08-27 14:00:00,114,599.5,280.9,105.72,228.81,5095.77,12.58,423.57,193.25,240.13,5965.31,5954.56,10.75,0.18,10.75,52.33,NONE,NORMAL,LOW,0
COST-000120,FAC-001,Infosys Smart Campus,BLD-001,Building A,2026-08-27 15:00:00,106,586.86,258.26,86.1,205.73,4988.27,11.32,353.78,187.16,235.76,5776.29,5954.56,-178.28,-2.99,0.0,54.49,NONE,NORMAL,NORMAL,0
COST-000121,FAC-001,Infosys Smart Campus,BLD-001,Building A,2026-08-27 16:00:00,115,702.87,237.98,220.15,214.11,5974.38,11.78,421.25,162.23,243.39,6813.03,5954.56,858.47,14.42,1139.17,59.24,EXCESS_LIGHTING,WARNING,CRITICAL,1
COST-000122,FAC-001,Infosys Smart Campus,BLD-001,Building A,2026-08-27 17:00:00,41,421.56,200.59,62.47,123.71,3583.3,6.8,426.72,190.07,229.34,4436.24,4402.78,33.46,0.76,33.46,108.2,NONE,NORMAL,LOW,0
COST-000123,FAC-001,Infosys Smart Campus,BLD-001,Building A,2026-08-27 18:00:00,43,461.94,238.15,71.11,129.24,3926.45,7.11,493.45,186.76,226.29,4840.07,4402.78,437.29,9.93,437.29,112.56,NONE,WARNING,MEDIUM,0
COST-000124,FAC-001,Infosys Smart Campus,BLD-001,Building A,2026-08-27 19:00:00,42,447.26,182.52,76.37,113.13,3801.75,6.22,440.31,163.65,288.98,4700.91,4402.78,298.13,6.77,298.13,111.93,NONE,WARNING,MEDIUM,0
COST-000125,FAC-001,Infosys Smart Campus,BLD-001,Building A,2026-08-27 20:00:00,39,426.98,209.65,56.24,138.69,3629.37,7.63,410.91,171.85,298.78,4518.53,4402.78,115.75,2.63,115.75,115.86,NONE,NORMAL,LOW,0
COST-000126,FAC-001,Infosys Smart Campus,BLD-001,Building A,2026-08-27 21:00:00,12,257.01,107.85,47.71,68.11,2184.59,3.75,373.09,164.97,274.08,3000.47,3295.55,-295.07,-8.95,0.0,250.04,NONE,NORMAL,NORMAL,0
COST-000127,FAC-001,Infosys Smart Campus,BLD-001,Building A,2026-08-27 22:00:00,10,303.47,156.01,42.66,86.95,2579.47,4.78,443.27,176.31,242.39,3446.22,3295.55,150.68,4.57,150.68,344.62,NONE,NORMAL,LOW,0
COST-000128,FAC-001,Infosys Smart Campus,BLD-001,Building A,2026-08-27 23:00:00,12,285.09,144.62,41.65,84.26,2423.24,4.63,341.23,185.46,249.75,3204.31,3295.55,-91.23,-2.77,0.0,267.03,NONE,NORMAL,NORMAL,0
COST-000129,FAC-001,Infosys Smart Campus,BLD-001,Building A,2026-08-28 00:00:00,8,252.3,130.23,36.08,78.96,2144.56,4.34,477.92,189.4,269.85,3086.07,2853.23,232.84,8.16,232.84,385.76,NONE,WARNING,MEDIUM,0
COST-000130,FAC-001,Infosys Smart Campus,BLD-001,Building A,2026-08-28 01:00:00,8,237.22,117.56,38.83,81.21,2016.36,4.47,357.03,186.68,254.56,2819.1,2853.23,-34.12,-1.2,0.0,352.39,NONE,NORMAL,NORMAL,0
COST-000131,FAC-001,Infosys Smart Campus,BLD-001,Building A,2026-08-28 02:00:00,8,210.56,85.85,35.95,82.02,1789.79,4.51,412.48,162.42,226.65,2595.85,2853.23,-257.38,-9.02,0.0,324.48,NONE,NORMAL,NORMAL,0
COST-000132,FAC-001,Infosys Smart Campus,BLD-001,Building A,2026-08-28 03:00:00,7,226.59,106.95,34.08,61.95,1926.03,3.41,480.5,190.07,224.09,2824.1,2853.23,-29.13,-1.02,0.0,403.44,NONE,NORMAL,NORMAL,0
COST-000133,FAC-001,Infosys Smart Campus,BLD-001,Building A,2026-08-28 04:00:00,7,233.22,100.06,46.43,76.83,1982.36,4.23,454.01,182.15,221.76,2844.51,2853.23,-8.72,-0.31,0.0,406.36,NONE,NORMAL,NORMAL,0
COST-000134,FAC-001,Infosys Smart Campus,BLD-001,Building A,2026-08-28 05:00:00,2,285.77,97.47,36.69,64.3,2429.02,3.54,390.11,197.19,236.67,3256.53,2853.23,403.3,14.13,694.78,1628.26,LOW_OCCUPANCY_HIGH_ENERGY,WARNING,HIGH,1
COST-000135,FAC-001,Infosys Smart Campus,BLD-001,Building A,2026-08-28 06:00:00,51,405.08,164.04,71.67,132.7,3443.21,7.3,438.97,172.76,293.95,4356.19,4182.18,174.01,4.16,174.01,85.42,NONE,NORMAL,LOW,0
COST-000136,FAC-001,Infosys Smart Campus,BLD-001,Building A,2026-08-28 07:00:00,51,393.99,194.64,68.1,135.95,3348.94,7.48,447.02,181.91,267.6,4252.94,4182.18,70.77,1.69,70.77,83.39,NONE,NORMAL,LOW,0
COST-000137,FAC-001,Infosys Smart Campus,BLD-001,Building A,2026-08-28 08:00:00,46,430.91,174.47,60.97,148.1,3662.74,8.15,445.25,179.25,269.03,4564.42,4182.18,382.24,9.14,382.24,99.23,NONE,WARNING,MEDIUM,0
COST-000138,FAC-001,Infosys Smart Campus,BLD-001,Building A,2026-08-28 09:00:00,100,583.21,285.37,111.41,176.16,4957.25,9.69,343.34,167.82,222.63,5700.72,5954.56,-253.85,-4.26,0.0,57.01,NONE,NORMAL,NORMAL,0
COST-000139,FAC-001,Infosys Smart Campus,BLD-001,Building A,2026-08-28 10:00:00,91,648.17,301.46,106.64,207.3,5509.42,11.4,406.29,169.33,286.56,6383.0,5954.56,428.43,7.2,428.43,70.14,NONE,WARNING,MEDIUM,0
COST-000140,FAC-001,Infosys Smart Campus,BLD-001,Building A,2026-08-28 11:00:00,97,645.35,306.83,117.12,205.63,5485.51,11.31,420.81,181.56,261.09,6360.29,5954.56,405.72,6.81,405.72,65.57,NONE,WARNING,MEDIUM,0
COST-000141,FAC-001,Infosys Smart Campus,BLD-001,Building A,2026-08-28 12:00:00,100,601.21,269.02,103.67,232.4,5110.26,12.78,502.68,172.22,249.01,6046.95,5954.56,92.39,1.55,92.39,60.47,NONE,NORMAL,LOW,0
COST-000142,FAC-001,Infosys Smart Campus,BLD-001,Building A,2026-08-28 13:00:00,109,569.85,285.11,83.49,171.82,4843.72,9.45,404.09,183.67,270.34,5711.27,5954.56,-243.3,-4.09,0.0,52.4,NONE,NORMAL,NORMAL,0
COST-000143,FAC-001,Infosys Smart Campus,BLD-001,Building A,2026-08-28 14:00:00,107,500.69,225.09,67.51,195.22,4255.86,10.74,435.61,182.86,272.68,5157.75,5954.56,-796.82,-13.38,0.0,48.2,NONE,NORMAL,NORMAL,0
COST-000144,FAC-001,Infosys Smart Campus,BLD-001,Building A,2026-08-28 15:00:00,103,609.23,266.51,96.22,198.25,5178.43,10.9,337.52,183.18,267.7,5977.74,5954.56,23.17,0.39,23.17,58.04,NONE,NORMAL,LOW,0
COST-000145,FAC-001,Infosys Smart Campus,BLD-001,Building A,2026-08-28 16:00:00,90,574.87,246.14,110.29,177.98,4886.37,9.79,448.46,167.25,256.06,5767.92,5954.56,-186.64,-3.13,0.0,64.09,NONE,NORMAL,NORMAL,0
COST-000146,FAC-001,Infosys Smart Campus,BLD-001,Building A,2026-08-28 17:00:00,39,433.12,186.37,67.2,124.39,3681.48,6.84,437.73,174.84,262.61,4563.51,4402.78,160.73,3.65,160.73,117.01,NONE,NORMAL,LOW,0
COST-000147,FAC-001,Infosys Smart Campus,BLD-001,Building A,2026-08-28 18:00:00,44,494.14,201.5,134.52,138.87,4200.22,7.64,374.83,163.86,270.92,5017.47,4402.78,614.69,13.96,786.2,114.03,EXCESS_LIGHTING,WARNING,HIGH,1
COST-000148,FAC-001,Infosys Smart Campus,BLD-001,Building A,2026-08-28 19:00:00,51,397.83,163.36,54.6,117.96,3381.58,6.49,451.62,176.31,258.43,4274.42,4402.78,-128.35,-2.92,0.0,83.81,NONE,NORMAL,NORMAL,0
COST-000149,FAC-001,Infosys Smart Campus,BLD-001,Building A,2026-08-28 20:00:00,35,430.66,199.23,66.32,112.74,3660.61,6.2,360.12,195.83,278.17,4500.92,4402.78,98.15,2.23,98.15,128.6,NONE,NORMAL,LOW,0
COST-000150,FAC-001,Infosys Smart Campus,BLD-001,Building A,2026-08-28 21:00:00,12,278.1,135.63,39.19,79.82,2363.88,4.39,497.84,171.19,272.61,3309.91,3295.55,14.37,0.44,14.37,275.83,NONE,NORMAL,LOW,0
COST-000151,FAC-001,Infosys Smart Campus,BLD-001,Building A,2026-08-28 22:00:00,12,289.94,116.58,42.65,83.87,2464.45,4.61,355.0,190.64,292.66,3307.36,3295.55,11.82,0.36,11.82,275.61,NONE,NORMAL,LOW,0
COST-000152,FAC-001,Infosys Smart Campus,BLD-001,Building A,2026-08-28 23:00:00,12,298.37,148.95,52.72,83.58,2536.17,4.6,394.56,167.73,268.19,3371.25,3295.55,75.7,2.3,75.7,280.94,NONE,NORMAL,LOW,0
COST-000153,FAC-001,Infosys Smart Campus,BLD-001,Building A,2026-08-29 00:00:00,9,227.48,118.11,41.55,75.24,1933.54,4.14,445.29,189.55,293.2,2865.72,2853.23,12.49,0.44,12.49,318.41,NONE,NORMAL,LOW,0
COST-000154,FAC-001,Infosys Smart Campus,BLD-001,Building A,2026-08-29 01:00:00,7,248.77,125.71,37.86,76.0,2114.51,4.18,399.11,172.69,271.63,2962.12,2853.23,108.89,3.82,108.89,423.16,NONE,NORMAL,LOW,0
COST-000155,FAC-001,Infosys Smart Campus,BLD-001,Building A,2026-08-29 02:00:00,9,210.05,99.39,35.59,82.23,1785.44,4.52,427.68,178.0,222.14,2617.78,2853.23,-235.44,-8.25,0.0,290.86,NONE,NORMAL,NORMAL,0
COST-000156,FAC-001,Infosys Smart Campus,BLD-001,Building A,2026-08-29 03:00:00,6,214.53,102.36,39.29,78.77,1823.53,4.33,427.12,196.25,287.08,2738.31,2853.23,-114.92,-4.03,0.0,456.38,NONE,NORMAL,NORMAL,0
COST-000157,FAC-001,Infosys Smart Campus,BLD-001,Building A,2026-08-29 04:00:00,7,236.8,108.27,37.32,86.84,2012.8,4.78,423.57,191.61,254.61,2887.36,2853.23,34.13,1.2,34.13,412.48,NONE,NORMAL,LOW,0
COST-000158,FAC-001,Infosys Smart Campus,BLD-001,Building A,2026-08-29 05:00:00,8,236.12,105.22,33.95,79.19,2007.0,4.36,368.69,167.99,269.15,2817.19,2853.23,-36.04,-1.26,0.0,352.15,NONE,NORMAL,NORMAL,0
COST-000159,FAC-001,Infosys Smart Campus,BLD-001,Building A,2026-08-29 06:00:00,56,397.59,203.39,66.5,121.85,3379.53,6.7,403.18,197.16,285.21,4271.79,4182.18,89.61,2.14,89.61,76.28,NONE,NORMAL,LOW,0
COST-000160,FAC-001,Infosys Smart Campus,BLD-001,Building A,2026-08-29 07:00:00,48,361.1,181.68,67.16,131.16,3069.34,7.21,385.61,190.56,235.45,3888.17,4182.18,-294.0,-7.03,0.0,81.0,NONE,NORMAL,NORMAL,0
COST-000161,FAC-001,Infosys Smart Campus,BLD-001,Building A,2026-08-29 08:00:00,46,411.74,169.0,77.04,135.48,3499.76,7.45,336.43,184.97,261.18,4289.8,4182.18,107.62,2.57,107.62,93.26,NONE,NORMAL,LOW,0
COST-000162,FAC-001,Infosys Smart Campus,BLD-001,Building A,2026-08-29 09:00:00,81,653.48,312.1,92.95,217.35,5554.54,11.95,488.19,189.72,264.42,6508.82,5954.56,554.26,9.31,554.26,80.36,NONE,WARNING,HIGH,0
COST-000163,FAC-001,Infosys Smart Campus,BLD-001,Building A,2026-08-29 10:00:00,95,553.7,270.11,104.97,227.56,4706.45,12.52,361.15,177.26,232.93,5490.31,5954.56,-464.26,-7.8,0.0,57.79,NONE,NORMAL,NORMAL,0
COST-000164,FAC-001,Infosys Smart Campus,BLD-001,Building A,2026-08-29 11:00:00,110,619.05,282.75,103.67,204.19,5261.9,11.23,388.46,170.29,237.08,6068.96,5954.56,114.4,1.92,114.4,55.17,NONE,NORMAL,LOW,0
COST-000165,FAC-001,Infosys Smart Campus,BLD-001,Building A,2026-08-29 12:00:00,91,629.51,299.55,84.41,202.94,5350.82,11.16,449.54,177.94,255.77,6245.23,5954.56,290.67,4.88,290.67,68.63,NONE,NORMAL,MEDIUM,0
COST-000166,FAC-001,Infosys Smart Campus,BLD-001,Building A,2026-08-29 13:00:00,97,641.64,303.1,98.56,201.51,5453.97,11.08,465.8,171.54,271.33,6373.72,5954.56,419.16,7.04,419.16,65.71,NONE,WARNING,MEDIUM,0
COST-000167,FAC-001,Infosys Smart Campus,BLD-001,Building A,2026-08-29 14:00:00,87,664.18,294.92,102.32,193.05,5645.52,10.62,448.49,164.52,270.93,6540.08,5954.56,585.52,9.83,585.52,75.17,NONE,WARNING,HIGH,0
COST-000168,FAC-001,Infosys Smart Campus,BLD-001,Building A,2026-08-29 15:00:00,126,624.43,300.73,91.26,184.07,5307.62,10.12,367.97,163.88,250.52,6100.12,5954.56,145.56,2.44,145.56,48.41,NONE,NORMAL,LOW,0
COST-000169,FAC-001,Infosys Smart Campus,BLD-001,Building A,2026-08-29 16:00:00,84,571.67,268.49,77.87,212.11,4859.22,11.67,364.64,176.74,253.97,5666.24,5954.56,-288.33,-4.84,0.0,67.46,NONE,NORMAL,NORMAL,0
COST-000170,FAC-001,Infosys Smart Campus,BLD-001,Building A,2026-08-29 17:00:00,15,448.57,144.2,68.97,118.33,3812.88,6.51,426.71,192.31,261.63,4700.05,4402.78,297.27,6.75,754.82,313.34,LOW_OCCUPANCY_HIGH_ENERGY,WARNING,HIGH,1
COST-000171,FAC-001,Infosys Smart Campus,BLD-001,Building A,2026-08-29 18:00:00,38,422.56,207.32,58.71,128.22,3591.78,7.05,342.07,172.91,241.52,4355.34,4402.78,-47.44,-1.08,0.0,114.61,NONE,NORMAL,NORMAL,0
COST-000172,FAC-001,Infosys Smart Campus,BLD-001,Building A,2026-08-29 19:00:00,44,395.49,202.66,66.75,120.89,3361.67,6.65,402.69,178.1,267.85,4216.96,4402.78,-185.82,-4.22,0.0,95.84,NONE,NORMAL,NORMAL,0
COST-000173,FAC-001,Infosys Smart Campus,BLD-001,Building A,2026-08-29 20:00:00,45,416.91,191.63,83.15,119.46,3543.74,6.57,355.55,191.43,250.69,4347.98,4402.78,-54.8,-1.24,0.0,96.62,NONE,NORMAL,NORMAL,0
COST-000174,FAC-001,Infosys Smart Campus,BLD-001,Building A,2026-08-29 21:00:00,13,297.38,129.82,40.34,86.61,2527.73,4.76,365.15,187.02,248.0,3332.66,3295.55,37.12,1.13,37.12,256.36,NONE,NORMAL,LOW,0
COST-000175,FAC-001,Infosys Smart Campus,BLD-001,Building A,2026-08-29 22:00:00,12,289.41,144.33,40.31,98.95,2460.01,5.44,365.37,180.09,252.1,3263.02,3295.55,-32.53,-0.99,0.0,271.92,NONE,NORMAL,NORMAL,0
COST-000176,FAC-001,Infosys Smart Campus,BLD-001,Building A,2026-08-29 23:00:00,12,278.56,113.7,36.72,76.09,2367.75,4.18,497.8,181.78,296.33,3347.85,3295.55,52.31,1.59,52.31,278.99,NONE,NORMAL,LOW,0
COST-000177,FAC-001,Infosys Smart Campus,BLD-001,Building A,2026-08-30 00:00:00,6,223.41,102.93,35.92,78.59,1898.98,4.32,440.09,185.41,232.86,2761.66,2853.23,-91.56,-3.21,0.0,460.28,NONE,NORMAL,NORMAL,0
COST-000178,FAC-001,Infosys Smart Campus,BLD-001,Building A,2026-08-30 01:00:00,7,222.72,115.68,29.85,76.46,1893.12,4.21,501.26,170.61,232.1,2801.29,2853.23,-51.94,-1.82,0.0,400.18,NONE,NORMAL,NORMAL,0
COST-000179,FAC-001,Infosys Smart Campus,BLD-001,Building A,2026-08-30 02:00:00,8,222.42,91.67,39.69,76.95,1890.6,4.23,472.75,184.15,244.89,2796.61,2853.23,-56.61,-1.98,0.0,349.58,NONE,NORMAL,NORMAL,0
COST-000180,FAC-001,Infosys Smart Campus,BLD-001,Building A,2026-08-30 03:00:00,7,242.18,109.26,33.7,90.92,2058.55,5.0,411.56,169.01,249.69,2893.81,2853.23,40.58,1.42,40.58,413.4,NONE,NORMAL,LOW,0
COST-000181,FAC-001,Infosys Smart Campus,BLD-001,Building A,2026-08-30 04:00:00,9,228.81,111.67,42.07,76.67,1944.91,4.22,339.22,171.35,280.3,2740.01,2853.23,-113.22,-3.97,0.0,304.45,NONE,NORMAL,NORMAL,0
COST-000182,FAC-001,Infosys Smart Campus,BLD-001,Building A,2026-08-30 05:00:00,8,235.78,100.4,30.85,69.97,2004.15,3.85,499.95,190.86,295.85,2994.65,2853.23,141.43,4.96,141.43,374.33,NONE,NORMAL,LOW,0
COST-000183,FAC-001,Infosys Smart Campus,BLD-001,Building A,2026-08-30 06:00:00,42,389.16,181.25,62.97,118.04,3307.82,6.49,459.88,179.14,250.32,4203.64,4182.18,21.47,0.51,21.47,100.09,NONE,NORMAL,LOW,0
COST-000184,FAC-001,Infosys Smart Campus,BLD-001,Building A,2026-08-30 07:00:00,47,366.12,180.94,70.46,106.73,3112.0,5.87,468.2,173.35,274.67,4034.1,4182.18,-148.08,-3.54,0.0,85.83,NONE,NORMAL,NORMAL,0
COST-000185,FAC-001,Infosys Smart Campus,BLD-001,Building A,2026-08-30 08:00:00,39,378.9,189.79,50.28,129.58,3220.62,7.13,446.77,194.22,270.66,4139.4,4182.18,-42.77,-1.02,0.0,106.14,NONE,NORMAL,NORMAL,0
COST-000186,FAC-001,Infosys Smart Campus,BLD-001,Building A,2026-08-30 09:00:00,114,571.19,264.01,80.26,213.08,4855.11,11.72,422.05,186.49,224.25,5699.62,5954.56,-254.95,-4.28,0.0,50.0,NONE,NORMAL,NORMAL,0
COST-000187,FAC-001,Infosys Smart Campus,BLD-001,Building A,2026-08-30 10:00:00,107,578.96,236.59,78.15,196.75,4921.17,10.82,394.75,189.89,272.59,5789.22,5954.56,-165.35,-2.78,0.0,54.1,NONE,NORMAL,NORMAL,0
COST-000188,FAC-001,Infosys Smart Campus,BLD-001,Building A,2026-08-30 11:00:00,118,579.1,238.48,102.05,202.92,4922.38,11.16,380.53,162.75,227.41,5704.24,5954.56,-250.33,-4.2,0.0,48.34,NONE,NORMAL,NORMAL,0
COST-000189,FAC-001,Infosys Smart Campus,BLD-001,Building A,2026-08-30 12:00:00,111,652.89,291.08,94.28,214.98,5549.52,11.82,444.18,181.09,224.27,6410.89,5954.56,456.32,7.66,456.32,57.76,NONE,WARNING,MEDIUM,0
COST-000190,FAC-001,Infosys Smart Campus,BLD-001,Building A,2026-08-30 13:00:00,95,658.93,322.72,123.1,240.51,5600.92,13.23,357.52,174.18,293.39,6439.24,5954.56,484.68,8.14,484.68,67.78,NONE,WARNING,MEDIUM,0
COST-000191,FAC-001,Infosys Smart Campus,BLD-001,Building A,2026-08-30 14:00:00,98,544.36,245.97,87.51,220.0,4627.1,12.1,356.41,169.11,290.18,5454.9,5954.56,-499.66,-8.39,0.0,55.66,NONE,NORMAL,NORMAL,0
COST-000192,FAC-001,Infosys Smart Campus,BLD-001,Building A,2026-08-30 15:00:00,106,541.88,269.81,103.12,225.61,4606.02,12.41,490.38,171.08,279.89,5559.78,5954.56,-394.78,-6.63,0.0,52.45,NONE,NORMAL,NORMAL,0
COST-000193,FAC-001,Infosys Smart Campus,BLD-001,Building A,2026-08-30 16:00:00,117,592.14,288.62,109.16,192.78,5033.17,10.6,501.42,195.75,224.37,5965.31,5954.56,10.75,0.18,10.75,50.99,NONE,NORMAL,LOW,0
COST-000194,FAC-001,Infosys Smart Campus,BLD-001,Building A,2026-08-30 17:00:00,44,413.25,201.3,77.38,122.4,3512.64,6.73,420.98,192.27,278.16,4410.78,4402.78,8.0,0.18,8.0,100.25,NONE,NORMAL,LOW,0
COST-000195,FAC-001,Infosys Smart Campus,BLD-001,Building A,2026-08-30 18:00:00,51,447.32,206.21,67.47,141.11,3802.19,7.76,442.9,189.4,233.49,4675.74,4402.78,272.96,6.2,272.96,91.68,NONE,WARNING,MEDIUM,0
COST-000196,FAC-001,Infosys Smart Campus,BLD-001,Building A,2026-08-30 19:00:00,44,408.71,175.58,73.92,123.06,3474.0,6.77,352.66,176.45,283.41,4293.29,4402.78,-109.49,-2.49,0.0,97.57,NONE,NORMAL,NORMAL,0
COST-000197,FAC-001,Infosys Smart Campus,BLD-001,Building A,2026-08-30 20:00:00,43,375.22,183.09,64.96,118.18,3189.35,6.5,429.11,162.19,280.36,4067.5,4402.78,-335.28,-7.62,0.0,94.59,NONE,NORMAL,NORMAL,0
COST-000198,FAC-001,Infosys Smart Campus,BLD-001,Building A,2026-08-30 21:00:00,11,256.97,107.38,38.9,75.34,2184.28,4.14,503.38,175.26,255.99,3123.06,3295.55,-172.49,-5.23,0.0,283.91,NONE,NORMAL,NORMAL,0
COST-000199,FAC-001,Infosys Smart Campus,BLD-001,Building A,2026-08-30 22:00:00,4,344.66,137.95,46.09,93.77,2929.62,5.16,401.13,176.48,289.19,3801.58,3295.55,506.04,15.36,857.59,950.4,LOW_OCCUPANCY_HIGH_ENERGY,HIGH,HIGH,1
COST-000200,FAC-001,Infosys Smart Campus,BLD-001,Building A,2026-08-30 23:00:00,11,321.88,132.77,46.92,83.19,2735.97,4.58,344.87,179.52,267.75,3532.69,3295.55,237.14,7.2,237.14,321.15,NONE,WARNING,MEDIUM,0
COST-000201,FAC-001,Infosys Smart Campus,BLD-001,Building A,2026-08-31 00:00:00,8,235.07,103.12,41.03,79.65,1998.13,4.38,500.97,169.55,285.36,2958.4,2853.23,105.17,3.69,105.17,369.8,NONE,NORMAL,LOW,0
COST-000202,FAC-001,Infosys Smart Campus,BLD-001,Building A,2026-08-31 01:00:00,7,196.26,81.39,35.62,79.12,1668.2,4.35,398.4,164.25,283.51,2518.71,2853.23,-334.52,-11.72,0.0,359.82,NONE,NORMAL,NORMAL,0
COST-000203,FAC-001,Infosys Smart Campus,BLD-001,Building A,2026-08-31 02:00:00,9,248.45,108.31,35.32,76.46,2111.83,4.21,451.23,197.68,279.28,3044.23,2853.23,191.01,6.69,191.01,338.25,NONE,WARNING,LOW,0
COST-000204,FAC-001,Infosys Smart Campus,BLD-001,Building A,2026-08-31 03:00:00,10,238.98,123.68,33.83,68.39,2031.3,3.76,434.42,183.11,275.42,2928.0,2853.23,74.78,2.62,74.78,292.8,NONE,NORMAL,LOW,0
COST-000205,FAC-001,Infosys Smart Campus,BLD-001,Building A,2026-08-31 04:00:00,7,212.69,96.86,34.81,81.12,1807.88,4.46,442.04,163.79,291.51,2709.67,2853.23,-143.55,-5.03,0.0,387.1,NONE,NORMAL,NORMAL,0
COST-000206,FAC-001,Infosys Smart Campus,BLD-001,Building A,2026-08-31 05:00:00,8,235.64,94.45,31.58,77.75,2002.91,4.28,358.07,176.36,292.96,2834.58,2853.23,-18.65,-0.65,0.0,354.32,NONE,NORMAL,NORMAL,0
COST-000207,FAC-001,Infosys Smart Campus,BLD-001,Building A,2026-08-31 06:00:00,45,389.5,169.02,51.85,139.75,3310.75,7.69,398.36,177.44,286.89,4181.13,4182.18,-1.05,-0.02,0.0,92.91,NONE,NORMAL,NORMAL,0
COST-000208,FAC-001,Infosys Smart Campus,BLD-001,Building A,2026-08-31 07:00:00,43,370.4,186.08,49.36,125.44,3148.43,6.9,430.41,174.45,245.58,4005.78,4182.18,-176.4,-4.22,0.0,93.16,NONE,NORMAL,NORMAL,0
COST-000209,FAC-001,Infosys Smart Campus,BLD-001,Building A,2026-08-31 08:00:00,46,393.03,168.38,71.24,119.4,3340.75,6.57,402.1,191.8,282.44,4223.66,4182.18,41.48,0.99,41.48,91.82,NONE,NORMAL,LOW,0
COST-000210,FAC-001,Infosys Smart Campus,BLD-001,Building A,2026-08-31 09:00:00,106,593.63,307.23,83.2,249.87,5045.82,13.74,368.12,174.18,245.08,5846.94,5954.56,-107.62,-1.81,0.0,55.16,NONE,NORMAL,NORMAL,0
COST-000211,FAC-001,Infosys Smart Campus,BLD-001,Building A,2026-08-31 10:00:00,98,666.2,273.58,118.49,216.55,5662.73,11.91,403.87,181.53,282.75,6542.79,5954.56,588.23,9.88,588.23,66.76,NONE,WARNING,HIGH,0
COST-000212,FAC-001,Infosys Smart Campus,BLD-001,Building A,2026-08-31 11:00:00,105,688.99,294.29,130.42,226.07,5856.44,12.43,359.68,185.91,237.86,6652.32,5954.56,697.75,11.72,697.75,63.36,NONE,WARNING,HIGH,0
COST-000213,FAC-001,Infosys Smart Campus,BLD-001,Building A,2026-08-31 12:00:00,122,587.08,255.3,108.66,205.16,4990.16,11.28,469.39,179.9,247.5,5898.24,5954.56,-56.32,-0.95,0.0,48.35,NONE,NORMAL,NORMAL,0
COST-000214,FAC-001,Infosys Smart Campus,BLD-001,Building A,2026-08-31 13:00:00,96,691.45,296.26,110.29,228.18,5877.31,12.55,545.53,196.08,264.69,6896.15,5954.56,941.59,15.81,941.59,71.83,MAINTENANCE_RISK,HIGH,HIGH,1
COST-000215,FAC-001,Infosys Smart Campus,BLD-001,Building A,2026-08-31 14:00:00,108,664.48,309.85,90.76,188.67,5648.04,10.38,470.12,175.39,256.23,6560.16,5954.56,605.6,10.17,605.6,60.74,NONE,WARNING,HIGH,0
COST-000216,FAC-001,Infosys Smart Campus,BLD-001,Building A,2026-08-31 15:00:00,95,563.95,255.43,81.04,206.8,4793.6,11.37,351.8,174.84,280.08,5611.7,5954.56,-342.87,-5.76,0.0,59.07,NONE,NORMAL,NORMAL,0
COST-000217,FAC-001,Infosys Smart Campus,BLD-001,Building A,2026-08-31 16:00:00,95,550.95,262.87,79.18,211.07,4683.1,11.61,429.71,167.98,268.85,5561.26,5954.56,-393.31,-6.61,0.0,58.54,NONE,NORMAL,NORMAL,0
COST-000218,FAC-001,Infosys Smart Campus,BLD-001,Building A,2026-08-31 17:00:00,46,438.97,184.48,72.65,120.57,3731.27,6.63,341.61,175.09,278.15,4532.75,4402.78,129.97,2.95,129.97,98.54,NONE,NORMAL,LOW,0
COST-000219,FAC-001,Infosys Smart Campus,BLD-001,Building A,2026-08-31 18:00:00,39,443.5,219.9,87.7,114.78,3769.73,6.31,417.54,166.41,277.56,4637.56,4402.78,234.78,5.33,234.78,118.91,NONE,WARNING,MEDIUM,0
COST-000220,FAC-001,Infosys Smart Campus,BLD-001,Building A,2026-08-31 19:00:00,46,427.35,175.71,56.43,115.63,3632.5,6.36,371.24,175.64,296.93,4482.68,4402.78,79.9,1.81,79.9,97.45,NONE,NORMAL,LOW,0
COST-000221,FAC-001,Infosys Smart Campus,BLD-001,Building A,2026-08-31 20:00:00,36,386.61,197.24,53.26,125.98,3286.21,6.93,378.73,191.49,289.63,4152.99,4402.78,-249.79,-5.67,0.0,115.36,NONE,NORMAL,NORMAL,0
COST-000222,FAC-001,Infosys Smart Campus,BLD-001,Building A,2026-08-31 21:00:00,13,253.49,104.83,34.5,83.72,2154.65,4.6,406.58,194.59,278.69,3039.12,3295.55,-256.42,-7.78,0.0,233.78,NONE,NORMAL,NORMAL,0
COST-000223,FAC-001,Infosys Smart Campus,BLD-001,Building A,2026-08-31 22:00:00,13,261.7,118.36,44.6,87.91,2224.43,4.84,378.67,163.12,278.66,3049.71,3295.55,-245.83,-7.46,0.0,234.59,NONE,NORMAL,NORMAL,0
COST-000224,FAC-001,Infosys Smart Campus,BLD-001,Building A,2026-08-31 23:00:00,13,279.64,111.98,49.7,78.18,2376.96,4.3,446.09,197.7,226.67,3251.72,3295.55,-43.83,-1.33,0.0,250.13,NONE,NORMAL,NORMAL,0
COST-000225,FAC-001,Infosys Smart Campus,BLD-001,Building A,2026-09-01 00:00:00,8,224.27,113.02,32.54,73.2,1906.27,4.03,404.6,189.33,291.48,2795.71,2853.23,-57.52,-2.02,0.0,349.46,NONE,NORMAL,NORMAL,0
COST-000226,FAC-001,Infosys Smart Campus,BLD-001,Building A,2026-09-01 01:00:00,8,245.19,99.82,47.3,73.2,2084.15,4.03,482.87,162.01,234.19,2967.24,2853.23,114.02,4.0,114.02,370.91,NONE,NORMAL,LOW,0
COST-000227,FAC-001,Infosys Smart Campus,BLD-001,Building A,2026-09-01 02:00:00,7,210.61,89.97,33.01,75.39,1790.18,4.15,416.48,162.65,253.87,2627.33,2853.23,-225.9,-7.92,0.0,375.33,NONE,NORMAL,NORMAL,0
COST-000228,FAC-001,Infosys Smart Campus,BLD-001,Building A,2026-09-01 03:00:00,7,240.36,124.2,45.14,72.57,2043.06,3.99,477.03,197.34,269.46,2990.89,2853.23,137.66,4.82,137.66,427.27,NONE,NORMAL,LOW,0
COST-000229,FAC-001,Infosys Smart Campus,BLD-001,Building A,2026-09-01 04:00:00,10,249.44,115.72,43.52,67.8,2120.2,3.73,347.48,171.48,224.6,2867.49,2853.23,14.26,0.5,14.26,286.75,NONE,NORMAL,LOW,0
COST-000230,FAC-001,Infosys Smart Campus,BLD-001,Building A,2026-09-01 05:00:00,8,206.15,102.86,27.87,80.1,1752.28,4.41,458.68,183.56,226.03,2624.95,2853.23,-228.27,-8.0,0.0,328.12,NONE,NORMAL,NORMAL,0
COST-000231,FAC-001,Infosys Smart Campus,BLD-001,Building A,2026-09-01 06:00:00,41,355.24,184.26,61.75,143.43,3019.56,7.89,408.1,171.64,282.55,3889.75,4182.18,-292.43,-6.99,0.0,94.87,NONE,NORMAL,NORMAL,0
COST-000232,FAC-001,Infosys Smart Campus,BLD-001,Building A,2026-09-01 07:00:00,47,440.8,189.66,64.1,139.47,3746.77,7.67,459.91,180.91,223.55,4618.81,4182.18,436.63,10.44,436.63,98.27,NONE,WARNING,MEDIUM,0
COST-000233,FAC-001,Infosys Smart Campus,BLD-001,Building A,2026-09-01 08:00:00,44,396.58,201.97,64.45,126.44,3370.94,6.95,364.66,196.13,255.73,4194.41,4182.18,12.23,0.29,12.23,95.33,NONE,NORMAL,LOW,0
COST-000234,FAC-001,Infosys Smart Campus,BLD-001,Building A,2026-09-01 09:00:00,95,622.27,299.42,86.63,230.43,5289.34,12.67,468.17,196.95,241.49,6208.62,5954.56,254.06,4.27,254.06,65.35,NONE,NORMAL,MEDIUM,0
COST-000235,FAC-001,Infosys Smart Campus,BLD-001,Building A,2026-09-01 10:00:00,102,591.52,271.85,78.1,225.5,5027.92,12.4,500.39,171.97,296.78,6009.45,5954.56,54.88,0.92,54.88,58.92,MAINTENANCE_RISK,NORMAL,LOW,1
COST-000236,FAC-001,Infosys Smart Campus,BLD-001,Building A,2026-09-01 11:00:00,102,588.78,249.37,101.71,175.47,5004.65,9.65,370.77,180.6,221.43,5787.1,5954.56,-167.46,-2.81,0.0,56.74,NONE,NORMAL,NORMAL,0
COST-000237,FAC-001,Infosys Smart Campus,BLD-001,Building A,2026-09-01 12:00:00,116,573.82,268.92,95.19,216.6,4877.51,11.91,350.63,184.21,229.88,5654.15,5954.56,-300.42,-5.05,0.0,48.74,NONE,NORMAL,NORMAL,0
COST-000238,FAC-001,Infosys Smart Campus,BLD-001,Building A,2026-09-01 13:00:00,103,602.33,304.12,99.11,173.88,5119.84,9.56,502.79,166.73,242.43,6041.36,5954.56,86.8,1.46,86.8,58.65,NONE,NORMAL,LOW,0
COST-000239,FAC-001,Infosys Smart Campus,BLD-001,Building A,2026-09-01 14:00:00,90,520.22,233.75,100.68,223.24,4421.91,12.28,474.4,196.38,285.05,5390.02,5954.56,-564.55,-9.48,0.0,59.89,NONE,NORMAL,NORMAL,0
COST-000240,FAC-001,Infosys Smart Campus,BLD-001,Building A,2026-09-01 15:00:00,121,604.06,291.39,83.37,199.91,5134.55,11.0,412.65,175.29,230.44,5963.91,5954.56,9.35,0.16,9.35,49.29,NONE,NORMAL,LOW,0
COST-000241,FAC-001,Infosys Smart Campus,BLD-001,Building A,2026-09-01 16:00:00,120,577.45,235.9,78.31,218.86,4908.32,12.04,450.02,175.03,267.31,5812.71,5954.56,-141.86,-2.38,0.0,48.44,NONE,NORMAL,NORMAL,0
COST-000242,FAC-001,Infosys Smart Campus,BLD-001,Building A,2026-09-01 17:00:00,41,422.02,213.05,76.25,130.73,3587.17,7.19,487.61,164.39,262.65,4509.01,4402.78,106.23,2.41,106.23,109.98,NONE,NORMAL,LOW,0
COST-000243,FAC-001,Infosys Smart Campus,BLD-001,Building A,2026-09-01 18:00:00,34,397.2,182.05,67.68,103.93,3376.21,5.72,445.58,192.44,275.01,4294.97,4402.78,-107.81,-2.45,0.0,126.32,NONE,NORMAL,NORMAL,0
COST-000244,FAC-001,Infosys Smart Campus,BLD-001,Building A,2026-09-01 19:00:00,45,469.59,203.35,71.12,115.9,3991.49,6.37,411.0,190.74,285.15,4884.75,4402.78,481.98,10.95,481.98,108.55,NONE,WARNING,MEDIUM,0
COST-000245,FAC-001,Infosys Smart Campus,BLD-001,Building A,2026-09-01 20:00:00,34,395.81,185.98,61.74,138.88,3364.42,7.64,398.92,168.01,254.58,4193.57,4402.78,-209.2,-4.75,0.0,123.34,NONE,NORMAL,NORMAL,0
COST-000246,FAC-001,Infosys Smart Campus,BLD-001,Building A,2026-09-01 21:00:00,13,266.69,107.49,46.73,79.81,2266.89,4.39,393.22,164.58,252.95,3082.03,3295.55,-213.51,-6.48,0.0,237.08,NONE,NORMAL,NORMAL,0
COST-000247,FAC-001,Infosys Smart Campus,BLD-001,Building A,2026-09-01 22:00:00,13,262.31,123.99,40.79,95.16,2229.62,5.23,417.58,162.99,260.43,3075.85,3295.55,-219.7,-6.67,0.0,236.6,NONE,NORMAL,NORMAL,0
COST-000248,FAC-001,Infosys Smart Campus,BLD-001,Building A,2026-09-01 23:00:00,12,283.96,114.91,37.53,85.36,2413.62,4.69,362.88,162.84,279.98,3224.02,3295.55,-71.52,-2.17,0.0,268.67,NONE,NORMAL,NORMAL,0
COST-000249,FAC-001,Infosys Smart Campus,BLD-001,Building A,2026-09-02 00:00:00,6,228.19,115.92,31.52,76.28,1939.58,4.2,437.29,191.76,297.75,2870.58,2853.23,17.35,0.61,17.35,478.43,NONE,NORMAL,LOW,0
COST-000250,FAC-001,Infosys Smart Campus,BLD-001,Building A,2026-09-02 01:00:00,8,208.78,92.04,35.05,67.71,1774.63,3.72,429.02,181.5,280.43,2669.31,2853.23,-183.92,-6.45,0.0,333.66,NONE,NORMAL,NORMAL,0
COST-000251,FAC-001,Infosys Smart Campus,BLD-001,Building A,2026-09-02 02:00:00,8,254.11,110.86,37.65,69.09,2159.94,3.8,429.7,174.5,266.28,3034.21,2853.23,180.98,6.34,180.98,379.28,NONE,WARNING,LOW,0
COST-000252,FAC-001,Infosys Smart Campus,BLD-001,Building A,2026-09-02 03:00:00,7,231.18,109.85,37.97,70.04,1965.07,3.85,502.97,193.69,269.63,2935.21,2853.23,81.98,2.87,81.98,419.32,NONE,NORMAL,LOW,0
COST-000253,FAC-001,Infosys Smart Campus,BLD-001,Building A,2026-09-02 04:00:00,10,252.47,107.09,39.8,76.66,2145.96,4.22,374.26,196.71,291.94,3013.08,2853.23,159.86,5.6,159.86,301.31,NONE,WARNING,LOW,0
COST-000254,FAC-001,Infosys Smart Campus,BLD-001,Building A,2026-09-02 05:00:00,7,238.36,120.23,33.17,87.73,2026.02,4.82,356.97,190.59,242.51,2820.92,2853.23,-32.31,-1.13,0.0,402.99,NONE,NORMAL,NORMAL,0
COST-000255,FAC-001,Infosys Smart Campus,BLD-001,Building A,2026-09-02 06:00:00,46,357.99,185.34,58.65,133.17,3042.9,7.32,384.01,169.32,280.42,3883.97,4182.18,-298.21,-7.13,0.0,84.43,NONE,NORMAL,NORMAL,0
COST-000256,FAC-001,Infosys Smart Campus,BLD-001,Building A,2026-09-02 07:00:00,52,396.56,182.05,67.58,105.24,3370.8,5.79,500.76,176.67,285.55,4339.57,4182.18,157.4,3.76,157.4,83.45,NONE,NORMAL,LOW,0
COST-000257,FAC-001,Infosys Smart Campus,BLD-001,Building A,2026-09-02 08:00:00,49,430.73,221.71,62.04,142.67,3661.2,7.85,346.49,193.8,255.97,4465.31,4182.18,283.14,6.77,283.14,91.13,NONE,WARNING,MEDIUM,0
COST-000258,FAC-001,Infosys Smart Campus,BLD-001,Building A,2026-09-02 09:00:00,102,695.67,355.6,91.37,213.48,5913.19,11.74,451.54,188.02,275.02,6839.51,5954.56,884.94,14.86,884.94,67.05,NONE,WARNING,HIGH,0
COST-000259,FAC-001,Infosys Smart Campus,BLD-001,Building A,2026-09-02 10:00:00,100,566.73,251.09,105.59,195.21,4817.18,10.74,337.49,197.92,273.79,5637.12,5954.56,-317.44,-5.33,0.0,56.37,NONE,NORMAL,NORMAL,0
COST-000260,FAC-001,Infosys Smart Campus,BLD-001,Building A,2026-09-02 11:00:00,97,575.58,231.22,104.55,224.66,4892.42,12.36,460.4,167.14,279.77,5812.09,5954.56,-142.47,-2.39,0.0,59.92,NONE,NORMAL,NORMAL,0
COST-000261,FAC-001,Infosys Smart Campus,BLD-001,Building A,2026-09-02 12:00:00,112,647.5,318.53,122.52,197.35,5503.73,10.85,349.05,176.67,252.75,6293.05,5954.56,338.49,5.68,338.49,56.19,NONE,WARNING,MEDIUM,0
COST-000262,FAC-001,Infosys Smart Campus,BLD-001,Building A,2026-09-02 13:00:00,107,590.0,243.86,110.08,201.03,5015.02,11.06,348.15,196.38,261.76,5832.37,5954.56,-122.19,-2.05,0.0,54.51,NONE,NORMAL,NORMAL,0
COST-000263,FAC-001,Infosys Smart Campus,BLD-001,Building A,2026-09-02 14:00:00,100,588.81,270.9,109.29,207.24,5004.92,11.4,403.68,172.63,239.13,5831.76,5954.56,-122.81,-2.06,0.0,58.32,NONE,NORMAL,NORMAL,0
COST-000264,FAC-001,Infosys Smart Campus,BLD-001,Building A,2026-09-02 15:00:00,105,634.54,324.57,100.48,199.65,5393.59,10.98,390.01,179.15,238.63,6212.37,5954.56,257.8,4.33,257.8,59.17,NONE,NORMAL,MEDIUM,0
COST-000265,FAC-001,Infosys Smart Campus,BLD-001,Building A,2026-09-02 16:00:00,105,598.97,282.96,92.87,195.87,5091.23,10.77,420.52,178.18,266.7,5967.4,5954.56,12.83,0.22,12.83,56.83,NONE,NORMAL,LOW,0
COST-000266,FAC-001,Infosys Smart Campus,BLD-001,Building A,2026-09-02 17:00:00,43,397.1,191.37,58.35,125.11,3375.38,6.88,474.19,190.94,264.1,4311.49,4402.78,-91.29,-2.07,0.0,100.27,NONE,NORMAL,NORMAL,0
COST-000267,FAC-001,Infosys Smart Campus,BLD-001,Building A,2026-09-02 18:00:00,37,417.9,206.04,62.27,105.17,3552.16,5.78,441.77,163.96,279.39,4443.06,4402.78,40.28,0.91,40.28,120.08,NONE,NORMAL,LOW,0
COST-000268,FAC-001,Infosys Smart Campus,BLD-001,Building A,2026-09-02 19:00:00,41,397.77,172.29,71.39,123.4,3381.01,6.79,477.01,162.14,240.25,4267.19,4402.78,-135.59,-3.08,0.0,104.08,NONE,NORMAL,NORMAL,0
COST-000269,FAC-001,Infosys Smart Campus,BLD-001,Building A,2026-09-02 20:00:00,38,448.78,185.0,69.66,130.43,3814.61,7.17,468.54,194.11,254.84,4739.27,4402.78,336.49,7.64,336.49,124.72,NONE,WARNING,MEDIUM,0
COST-000270,FAC-001,Infosys Smart Campus,BLD-001,Building A,2026-09-02 21:00:00,11,281.47,145.15,38.35,87.65,2392.5,4.82,418.96,175.96,270.35,3262.59,3295.55,-32.96,-1.0,0.0,296.6,NONE,NORMAL,NORMAL,0
COST-000271,FAC-001,Infosys Smart Campus,BLD-001,Building A,2026-09-02 22:00:00,13,269.66,129.43,53.29,75.67,2292.07,4.16,467.35,185.19,224.76,3173.53,3295.55,-122.02,-3.7,0.0,244.12,NONE,NORMAL,NORMAL,0
COST-000272,FAC-001,Infosys Smart Campus,BLD-001,Building A,2026-09-02 23:00:00,13,294.17,135.33,47.15,81.82,2500.42,4.5,371.09,175.27,249.85,3301.13,3295.55,5.58,0.17,5.58,253.93,NONE,NORMAL,LOW,0
COST-000273,FAC-001,Infosys Smart Campus,BLD-001,Building A,2026-09-03 00:00:00,9,228.76,114.85,33.13,74.57,1944.43,4.1,372.24,186.4,268.4,2775.59,2853.23,-77.64,-2.72,0.0,308.4,NONE,NORMAL,NORMAL,0
COST-000274,FAC-001,Infosys Smart Campus,BLD-001,Building A,2026-09-03 01:00:00,10,221.85,106.09,40.31,74.28,1885.69,4.09,444.33,176.22,276.63,2786.96,2853.23,-66.26,-2.32,0.0,278.7,NONE,NORMAL,NORMAL,0
COST-000275,FAC-001,Infosys Smart Campus,BLD-001,Building A,2026-09-03 02:00:00,8,231.57,100.62,36.07,66.13,1968.36,3.64,338.47,175.65,247.31,2733.43,2853.23,-119.8,-4.2,0.0,341.68,NONE,NORMAL,NORMAL,0
COST-000276,FAC-001,Infosys Smart Campus,BLD-001,Building A,2026-09-03 03:00:00,8,230.43,103.35,38.52,60.63,1958.64,3.33,337.67,178.71,296.15,2774.5,2853.23,-78.72,-2.76,0.0,346.81,NONE,NORMAL,NORMAL,0
COST-000277,FAC-001,Infosys Smart Campus,BLD-001,Building A,2026-09-03 04:00:00,10,237.54,103.91,43.75,77.59,2019.12,4.27,357.09,162.61,281.07,2824.16,2853.23,-29.07,-1.02,0.0,282.42,NONE,NORMAL,NORMAL,0
COST-000278,FAC-001,Infosys Smart Campus,BLD-001,Building A,2026-09-03 05:00:00,9,230.11,99.38,30.2,78.03,1955.91,4.29,465.89,180.65,248.15,2854.88,2853.23,1.66,0.06,1.66,317.21,NONE,NORMAL,LOW,0
COST-000279,FAC-001,Infosys Smart Campus,BLD-001,Building A,2026-09-03 06:00:00,51,353.11,182.52,66.84,137.5,3001.4,7.56,402.86,172.9,226.12,3810.85,4182.18,-371.32,-8.88,0.0,74.72,NONE,NORMAL,NORMAL,0
COST-000280,FAC-001,Infosys Smart Campus,BLD-001,Building A,2026-09-03 07:00:00,50,369.71,169.36,67.41,122.18,3142.56,6.72,345.72,196.48,294.53,3986.01,4182.18,-196.17,-4.69,0.0,79.72,NONE,NORMAL,NORMAL,0
COST-000281,FAC-001,Infosys Smart Campus,BLD-001,Building A,2026-09-03 08:00:00,49,391.41,160.11,60.9,123.59,3326.98,6.8,440.57,190.13,266.11,4230.58,4182.18,48.4,1.16,48.4,86.34,NONE,NORMAL,LOW,0
COST-000282,FAC-001,Infosys Smart Campus,BLD-001,Building A,2026-09-03 09:00:00,98,611.63,291.33,96.13,204.03,5198.89,11.22,379.66,174.43,292.56,6056.77,5954.56,102.2,1.72,102.2,61.8,NONE,NORMAL,LOW,0
COST-000283,FAC-001,Infosys Smart Campus,BLD-001,Building A,2026-09-03 10:00:00,102,521.16,264.13,93.57,191.93,4429.84,10.56,424.98,170.71,260.05,5296.13,5954.56,-658.43,-11.06,0.0,51.92,NONE,NORMAL,NORMAL,0
COST-000284,FAC-001,Infosys Smart Campus,BLD-001,Building A,2026-09-03 11:00:00,103,575.82,249.31,107.38,214.03,4894.44,11.77,427.82,177.58,224.42,5736.04,5954.56,-218.52,-3.67,0.0,55.69,NONE,NORMAL,NORMAL,0
COST-000285,FAC-001,Infosys Smart Campus,BLD-001,Building A,2026-09-03 12:00:00,102,546.42,232.29,72.95,217.78,4644.59,11.98,497.39,169.09,295.21,5618.26,5954.56,-336.31,-5.65,0.0,55.08,NONE,NORMAL,NORMAL,0
COST-000286,FAC-001,Infosys Smart Campus,BLD-001,Building A,2026-09-03 13:00:00,108,600.01,258.69,96.36,215.83,5100.07,11.87,348.28,184.4,297.53,5942.15,5954.56,-12.41,-0.21,0.0,55.02,NONE,NORMAL,NORMAL,0
COST-000287,FAC-001,Infosys Smart Campus,BLD-001,Building A,2026-09-03 14:00:00,110,573.67,291.97,112.47,210.7,4876.22,11.59,463.23,167.82,258.2,5777.06,5954.56,-177.51,-2.98,0.0,52.52,NONE,NORMAL,NORMAL,0
COST-000288,FAC-001,Infosys Smart Campus,BLD-001,Building A,2026-09-03 15:00:00,111,557.75,265.98,98.53,224.22,4740.89,12.33,430.93,189.78,259.91,5633.85,5954.56,-320.71,-5.39,0.0,50.76,NONE,NORMAL,NORMAL,0
COST-000289,FAC-001,Infosys Smart Campus,BLD-001,Building A,2026-09-03 16:00:00,111,589.31,251.9,102.78,198.55,5009.18,10.92,458.45,165.43,254.44,5898.42,5954.56,-56.14,-0.94,0.0,53.14,NONE,NORMAL,NORMAL,0
COST-000290,FAC-001,Infosys Smart Campus,BLD-001,Building A,2026-09-03 17:00:00,37,415.42,199.19,57.45,118.45,3531.11,6.51,402.84,195.1,298.47,4434.04,4402.78,31.26,0.71,31.26,119.84,NONE,NORMAL,LOW,0
COST-000291,FAC-001,Infosys Smart Campus,BLD-001,Building A,2026-09-03 18:00:00,36,369.31,181.15,71.75,124.24,3139.16,6.83,468.31,171.04,265.0,4050.34,4402.78,-352.44,-8.01,0.0,112.51,NONE,NORMAL,NORMAL,0
COST-000292,FAC-001,Infosys Smart Campus,BLD-001,Building A,2026-09-03 19:00:00,44,456.15,195.62,65.42,110.98,3877.26,6.1,353.1,180.21,238.23,4654.91,4402.78,252.13,5.73,252.13,105.79,NONE,WARNING,MEDIUM,0
COST-000293,FAC-001,Infosys Smart Campus,BLD-001,Building A,2026-09-03 20:00:00,42,410.48,178.11,80.67,108.06,3489.12,5.94,422.81,189.32,243.03,4350.22,4402.78,-52.56,-1.19,0.0,103.58,NONE,NORMAL,NORMAL,0
COST-000294,FAC-001,Infosys Smart Campus,BLD-001,Building A,2026-09-03 21:00:00,15,301.6,154.89,58.05,80.73,2563.61,4.44,467.1,179.15,259.81,3474.11,3295.55,178.56,5.42,178.56,231.61,NONE,WARNING,LOW,0
COST-000295,FAC-001,Infosys Smart Campus,BLD-001,Building A,2026-09-03 22:00:00,13,259.46,109.58,39.75,80.23,2205.44,4.41,347.59,195.87,260.54,3013.85,3295.55,-281.69,-8.55,0.0,231.83,NONE,NORMAL,NORMAL,0
COST-000296,FAC-001,Infosys Smart Campus,BLD-001,Building A,2026-09-03 23:00:00,13,311.34,155.76,47.71,80.21,2646.37,4.41,465.55,185.57,232.82,3534.72,3295.55,239.18,7.26,239.18,271.9,NONE,WARNING,MEDIUM,0
COST-000297,FAC-001,Infosys Smart Campus,BLD-001,Building A,2026-09-04 00:00:00,8,251.24,109.01,40.14,81.09,2135.54,4.46,499.48,170.14,244.73,3054.35,2853.23,201.12,7.05,201.12,381.79,NONE,WARNING,MEDIUM,0
COST-000298,FAC-001,Infosys Smart Campus,BLD-001,Building A,2026-09-04 01:00:00,6,217.13,86.89,39.31,72.24,1845.6,3.97,373.68,185.87,278.87,2687.99,2853.23,-165.23,-5.79,0.0,448.0,NONE,NORMAL,NORMAL,0
COST-000299,FAC-001,Infosys Smart Campus,BLD-001,Building A,2026-09-04 02:00:00,8,252.57,110.21,38.59,82.16,2146.83,4.52,398.32,194.47,283.92,3028.06,2853.23,174.84,6.13,174.84,378.51,NONE,WARNING,LOW,0
COST-000300,FAC-001,Infosys Smart Campus,BLD-001,Building A,2026-09-04 03:00:00,8,257.91,123.62,34.94,66.27,2192.24,3.65,455.17,168.02,281.89,3100.96,2853.23,247.74,8.68,247.74,387.62,NONE,WARNING,MEDIUM,0
COST-000301,FAC-001,Infosys Smart Campus,BLD-001,Building A,2026-09-04 04:00:00,8,235.72,95.49,35.02,67.08,2003.66,3.69,463.51,165.69,261.08,2897.64,2853.23,44.41,1.56,44.41,362.2,NONE,NORMAL,LOW,0
COST-000302,FAC-001,Infosys Smart Campus,BLD-001,Building A,2026-09-04 05:00:00,9,196.18,100.43,36.87,77.82,1667.49,4.28,456.01,178.62,292.84,2599.24,2853.23,-253.99,-8.9,0.0,288.8,NONE,NORMAL,NORMAL,0
COST-000303,FAC-001,Infosys Smart Campus,BLD-001,Building A,2026-09-04 06:00:00,52,415.23,209.03,61.95,124.9,3529.45,6.87,392.38,197.23,287.81,4413.74,4182.18,231.56,5.54,231.56,84.88,NONE,WARNING,MEDIUM,0
COST-000304,FAC-001,Infosys Smart Campus,BLD-001,Building A,2026-09-04 07:00:00,49,418.89,195.81,82.23,140.29,3560.56,7.72,399.93,167.87,282.32,4418.39,4182.18,236.22,5.65,236.22,90.17,NONE,WARNING,MEDIUM,0
COST-000305,FAC-001,Infosys Smart Campus,BLD-001,Building A,2026-09-04 08:00:00,43,429.43,173.07,81.05,129.87,3650.18,7.14,454.42,191.42,263.62,4566.78,4182.18,384.6,9.2,384.6,106.2,NONE,WARNING,MEDIUM,0
COST-000306,FAC-001,Infosys Smart Campus,BLD-001,Building A,2026-09-04 09:00:00,109,674.15,339.45,96.1,210.92,5730.3,11.6,428.85,176.28,231.27,6578.3,5954.56,623.74,10.47,623.74,60.35,NONE,WARNING,HIGH,0
COST-000307,FAC-001,Infosys Smart Campus,BLD-001,Building A,2026-09-04 10:00:00,93,555.63,280.36,98.4,199.33,4722.89,10.96,432.05,191.98,291.67,5649.56,5954.56,-305.0,-5.12,0.0,60.75,NONE,NORMAL,NORMAL,0
COST-000308,FAC-001,Infosys Smart Campus,BLD-001,Building A,2026-09-04 11:00:00,113,600.92,261.11,91.02,199.49,5107.82,10.97,440.38,174.03,278.15,6011.34,5954.56,56.78,0.95,56.78,53.2,NONE,NORMAL,LOW,0
COST-000309,FAC-001,Infosys Smart Campus,BLD-001,Building A,2026-09-04 12:00:00,97,591.66,292.31,88.75,240.75,5029.08,13.24,345.51,175.46,294.67,5857.95,5954.56,-96.61,-1.62,0.0,60.39,NONE,NORMAL,NORMAL,0
COST-000310,FAC-001,Infosys Smart Campus,BLD-001,Building A,2026-09-04 13:00:00,98,656.07,312.21,94.43,229.54,5576.6,12.62,462.16,165.65,242.67,6459.7,5954.56,505.14,8.48,505.14,65.92,NONE,WARNING,HIGH,0
COST-000311,FAC-001,Infosys Smart Campus,BLD-001,Building A,2026-09-04 14:00:00,99,528.16,273.4,71.16,187.91,4489.35,10.33,355.03,176.53,278.56,5309.8,5954.56,-644.76,-10.83,0.0,53.63,NONE,NORMAL,NORMAL,0
COST-000312,FAC-001,Infosys Smart Campus,BLD-001,Building A,2026-09-04 15:00:00,105,571.09,252.19,90.14,238.87,4854.3,13.14,370.5,179.39,241.95,5659.27,5954.56,-295.29,-4.96,0.0,53.9,NONE,NORMAL,NORMAL,0
COST-000313,FAC-001,Infosys Smart Campus,BLD-001,Building A,2026-09-04 16:00:00,114,544.17,280.91,93.74,208.85,4625.44,11.49,436.64,184.45,271.58,5529.61,5954.56,-424.96,-7.14,0.0,48.51,NONE,NORMAL,NORMAL,0
COST-000314,FAC-001,Infosys Smart Campus,BLD-001,Building A,2026-09-04 17:00:00,42,450.65,213.25,68.46,133.24,3830.53,7.33,436.41,193.18,294.85,4762.29,4402.78,359.51,8.17,359.51,113.39,NONE,WARNING,MEDIUM,0
COST-000315,FAC-001,Infosys Smart Campus,BLD-001,Building A,2026-09-04 18:00:00,14,547.22,199.52,75.94,114.73,4651.41,6.31,427.05,195.83,238.2,5518.8,4402.78,1116.02,25.35,1674.19,394.2,LOW_OCCUPANCY_HIGH_ENERGY,HIGH,CRITICAL,1
COST-000316,FAC-001,Infosys Smart Campus,BLD-001,Building A,2026-09-04 19:00:00,49,438.07,214.1,63.53,137.64,3723.6,7.57,419.67,188.74,246.51,4586.09,4402.78,183.31,4.16,183.31,93.59,NONE,NORMAL,LOW,0
COST-000317,FAC-001,Infosys Smart Campus,BLD-001,Building A,2026-09-04 20:00:00,43,424.67,211.52,70.45,125.85,3609.73,6.92,453.75,169.34,272.01,4511.75,4402.78,108.97,2.48,108.97,104.92,NONE,NORMAL,LOW,0
COST-000318,FAC-001,Infosys Smart Campus,BLD-001,Building A,2026-09-04 21:00:00,10,266.52,113.49,45.79,70.24,2265.4,3.86,398.53,173.99,290.03,3131.81,3295.55,-163.73,-4.97,0.0,313.18,NONE,NORMAL,NORMAL,0
COST-000319,FAC-001,Infosys Smart Campus,BLD-001,Building A,2026-09-04 22:00:00,12,237.8,103.21,44.01,84.83,2021.34,4.67,501.93,172.49,281.12,2981.55,3295.55,-314.0,-9.53,0.0,248.46,NONE,NORMAL,NORMAL,0
COST-000320,FAC-001,Infosys Smart Campus,BLD-001,Building A,2026-09-04 23:00:00,9,258.45,128.18,39.63,80.4,2196.84,4.42,489.76,192.95,223.73,3107.71,3295.55,-187.84,-5.7,0.0,345.3,NONE,NORMAL,NORMAL,0
COST-000321,FAC-001,Infosys Smart Campus,BLD-001,Building A,2026-09-05 00:00:00,8,256.32,129.4,44.77,76.84,2178.72,4.23,360.26,190.22,253.71,2987.14,2853.23,133.91,4.69,133.91,373.39,NONE,NORMAL,LOW,0
COST-000322,FAC-001,Infosys Smart Campus,BLD-001,Building A,2026-09-05 01:00:00,9,258.55,122.0,37.25,76.85,2197.71,4.23,404.48,178.9,223.21,3008.53,2853.23,155.3,5.44,155.3,334.28,NONE,WARNING,LOW,0
COST-000323,FAC-001,Infosys Smart Campus,BLD-001,Building A,2026-09-05 02:00:00,7,219.23,106.45,28.68,81.38,1863.44,4.48,422.76,190.31,294.52,2775.51,2853.23,-77.71,-2.72,0.0,396.5,NONE,NORMAL,NORMAL,0
COST-000324,FAC-001,Infosys Smart Campus,BLD-001,Building A,2026-09-05 03:00:00,8,248.02,123.81,39.99,82.74,2108.19,4.55,337.34,195.28,255.58,2900.94,2853.23,47.71,1.67,47.71,362.62,NONE,NORMAL,LOW,0
COST-000325,FAC-001,Infosys Smart Campus,BLD-001,Building A,2026-09-05 04:00:00,7,239.79,117.28,32.46,77.53,2038.21,4.26,471.97,190.31,270.31,2975.06,2853.23,121.83,4.27,121.83,425.01,NONE,NORMAL,LOW,0
COST-000326,FAC-001,Infosys Smart Campus,BLD-001,Building A,2026-09-05 05:00:00,8,210.9,90.23,32.12,72.05,1792.67,3.96,349.04,191.84,248.21,2585.73,2853.23,-267.5,-9.38,0.0,323.22,NONE,NORMAL,NORMAL,0
COST-000327,FAC-001,Infosys Smart Campus,BLD-001,Building A,2026-09-05 06:00:00,54,474.33,280.29,60.56,105.82,4031.82,5.82,449.17,168.45,275.13,4930.39,4182.18,748.21,17.89,986.46,91.3,HIGH_HVAC_USAGE,HIGH,HIGH,1
COST-000328,FAC-001,Infosys Smart Campus,BLD-001,Building A,2026-09-05 07:00:00,42,378.61,158.95,49.27,127.42,3218.15,7.01,459.04,180.54,233.59,4098.33,4182.18,-83.85,-2.0,0.0,97.58,NONE,NORMAL,NORMAL,0
COST-000329,FAC-001,Infosys Smart Campus,BLD-001,Building A,2026-09-05 08:00:00,43,355.64,146.75,51.77,155.83,3022.96,8.57,345.7,176.08,239.27,3792.58,4182.18,-389.6,-9.32,0.0,88.2,NONE,NORMAL,NORMAL,0
COST-000330,FAC-001,Infosys Smart Campus,BLD-001,Building A,2026-09-05 09:00:00,109,640.76,288.27,102.54,245.38,5446.42,13.5,453.0,187.28,234.39,6334.58,5954.56,380.02,6.38,380.02,58.12,NONE,WARNING,MEDIUM,0
COST-000331,FAC-001,Infosys Smart Campus,BLD-001,Building A,2026-09-05 10:00:00,77,598.14,301.74,104.2,193.2,5084.2,10.63,355.69,174.14,232.14,5856.8,5954.56,-97.77,-1.64,0.0,76.06,NONE,NORMAL,NORMAL,0
COST-000332,FAC-001,Infosys Smart Campus,BLD-001,Building A,2026-09-05 11:00:00,105,556.32,248.69,107.2,221.2,4728.68,12.17,421.31,177.09,222.41,5561.66,5954.56,-392.9,-6.6,0.0,52.97,NONE,NORMAL,NORMAL,0
COST-000333,FAC-001,Infosys Smart Campus,BLD-001,Building A,2026-09-05 12:00:00,132,551.45,262.17,98.27,214.97,4687.35,11.82,473.99,192.36,258.84,5624.36,5954.56,-330.2,-5.55,0.0,42.61,NONE,NORMAL,NORMAL,0
COST-000334,FAC-001,Infosys Smart Campus,BLD-001,Building A,2026-09-05 13:00:00,123,643.9,292.43,91.98,199.73,5473.13,10.98,484.27,178.79,226.9,6374.08,5954.56,419.52,7.05,419.52,51.82,NONE,WARNING,MEDIUM,0
COST-000335,FAC-001,Infosys Smart Campus,BLD-001,Building A,2026-09-05 14:00:00,117,578.86,294.18,83.5,224.52,4920.29,12.35,347.18,185.34,226.78,5691.94,5954.56,-262.63,-4.41,0.0,48.65,NONE,NORMAL,NORMAL,0
COST-000336,FAC-001,Infosys Smart Campus,BLD-001,Building A,2026-09-05 15:00:00,81,648.24,293.01,129.52,201.98,5510.0,11.11,389.96,169.92,248.34,6329.33,5954.56,374.76,6.29,374.76,78.14,NONE,WARNING,MEDIUM,0
COST-000337,FAC-001,Infosys Smart Campus,BLD-001,Building A,2026-09-05 16:00:00,98,590.28,262.29,95.92,225.34,5017.34,12.39,337.41,169.84,272.61,5809.59,5954.56,-144.97,-2.43,0.0,59.28,NONE,NORMAL,NORMAL,0
COST-000338,FAC-001,Infosys Smart Campus,BLD-001,Building A,2026-09-05 17:00:00,47,410.13,203.65,75.5,123.19,3486.13,6.78,347.17,189.59,266.53,4296.19,4402.78,-106.59,-2.42,0.0,91.41,NONE,NORMAL,NORMAL,0
COST-000339,FAC-001,Infosys Smart Campus,BLD-001,Building A,2026-09-05 18:00:00,44,438.98,217.89,72.98,127.29,3731.31,7.0,460.7,168.12,236.21,4603.33,4402.78,200.55,4.56,200.55,104.62,NONE,NORMAL,MEDIUM,0
COST-000340,FAC-001,Infosys Smart Campus,BLD-001,Building A,2026-09-05 19:00:00,38,424.64,216.13,77.76,127.82,3609.41,7.03,445.89,194.01,266.15,4522.49,4402.78,119.71,2.72,119.71,119.01,NONE,NORMAL,LOW,0
COST-000341,FAC-001,Infosys Smart Campus,BLD-001,Building A,2026-09-05 20:00:00,37,427.59,195.35,77.03,114.89,3634.49,6.32,376.57,169.74,254.14,4441.26,4402.78,38.48,0.87,38.48,120.03,NONE,NORMAL,LOW,0
COST-000342,FAC-001,Infosys Smart Campus,BLD-001,Building A,2026-09-05 21:00:00,11,286.31,120.98,38.76,88.62,2433.66,4.87,400.31,191.59,272.44,3302.87,3295.55,7.32,0.22,7.32,300.26,NONE,NORMAL,LOW,0
COST-000343,FAC-001,Infosys Smart Campus,BLD-001,Building A,2026-09-05 22:00:00,11,303.11,146.43,45.01,83.79,2576.41,4.61,381.28,168.87,275.18,3406.36,3295.55,110.81,3.36,110.81,309.67,NONE,NORMAL,LOW,0
COST-000344,FAC-001,Infosys Smart Campus,BLD-001,Building A,2026-09-05 23:00:00,13,295.27,127.49,52.07,73.61,2509.82,4.05,466.71,189.39,235.64,3405.61,3295.55,110.07,3.34,110.07,261.97,NONE,NORMAL,LOW,0
COST-000345,FAC-001,Infosys Smart Campus,BLD-001,Building A,2026-09-06 00:00:00,8,265.34,100.02,76.25,79.0,2255.39,4.34,408.07,169.24,261.11,3098.15,2853.23,244.92,8.58,342.14,387.27,EXCESS_LIGHTING,WARNING,MEDIUM,1
COST-000346,FAC-001,Infosys Smart Campus,BLD-001,Building A,2026-09-06 01:00:00,7,226.8,108.87,30.98,86.89,1927.81,4.78,472.54,187.45,296.45,2889.02,2853.23,35.79,1.25,35.79,412.72,NONE,NORMAL,LOW,0
COST-000347,FAC-001,Infosys Smart Campus,BLD-001,Building A,2026-09-06 02:00:00,3,268.02,93.73,32.7,75.03,2278.15,4.13,374.98,162.52,280.62,3100.4,2853.23,247.17,8.66,520.55,1033.47,LOW_OCCUPANCY_HIGH_ENERGY,WARNING,HIGH,1
COST-000348,FAC-001,Infosys Smart Campus,BLD-001,Building A,2026-09-06 03:00:00,9,255.87,103.54,48.26,80.72,2174.86,4.44,430.65,184.49,288.43,3082.86,2853.23,229.63,8.05,229.63,342.54,NONE,WARNING,MEDIUM,0
COST-000349,FAC-001,Infosys Smart Campus,BLD-001,Building A,2026-09-06 04:00:00,9,262.74,136.33,48.07,87.72,2233.32,4.82,374.45,183.49,293.4,3089.48,2853.23,236.25,8.28,236.25,343.28,NONE,WARNING,MEDIUM,0
COST-000350,FAC-001,Infosys Smart Campus,BLD-001,Building A,2026-09-06 05:00:00,7,230.62,106.85,33.4,80.3,1960.25,4.42,500.83,185.38,283.74,2934.62,2853.23,81.4,2.85,81.4,419.23,NONE,NORMAL,LOW,0
COST-000351,FAC-001,Infosys Smart Campus,BLD-001,Building A,2026-09-06 06:00:00,50,433.61,176.22,70.17,142.92,3685.67,7.86,494.2,168.02,260.03,4615.79,4182.18,433.61,10.37,433.61,92.32,NONE,WARNING,MEDIUM,0
COST-000352,FAC-001,Infosys Smart Campus,BLD-001,Building A,2026-09-06 07:00:00,52,420.38,200.87,62.75,141.75,3573.26,7.8,442.84,183.57,234.99,4442.46,4182.18,260.28,6.22,260.28,85.43,NONE,WARNING,MEDIUM,0
COST-000353,FAC-001,Infosys Smart Campus,BLD-001,Building A,2026-09-06 08:00:00,45,439.68,211.11,82.93,135.96,3737.32,7.48,476.81,190.9,295.95,4708.46,4182.18,526.28,12.58,526.28,104.63,NONE,WARNING,HIGH,0
COST-000354,FAC-001,Infosys Smart Campus,BLD-001,Building A,2026-09-06 09:00:00,118,556.97,249.65,78.4,261.75,4734.21,14.4,382.54,195.17,266.49,5592.8,5954.56,-361.76,-6.08,0.0,47.4,NONE,NORMAL,NORMAL,0
COST-000355,FAC-001,Infosys Smart Campus,BLD-001,Building A,2026-09-06 10:00:00,86,644.59,261.86,85.23,196.67,5478.98,10.82,484.0,193.78,272.41,6439.99,5954.56,485.43,8.15,485.43,74.88,NONE,WARNING,MEDIUM,0
COST-000356,FAC-001,Infosys Smart Campus,BLD-001,Building A,2026-09-06 11:00:00,103,615.95,311.87,88.55,204.51,5235.57,11.25,384.14,190.9,298.78,6120.63,5954.56,166.07,2.79,166.07,59.42,NONE,NORMAL,LOW,0
COST-000357,FAC-001,Infosys Smart Campus,BLD-001,Building A,2026-09-06 12:00:00,108,601.13,274.0,113.8,207.18,5109.61,11.39,499.86,191.41,287.5,6099.77,5954.56,145.2,2.44,145.2,56.48,NONE,NORMAL,LOW,0
COST-000358,FAC-001,Infosys Smart Campus,BLD-001,Building A,2026-09-06 13:00:00,99,570.11,242.46,83.27,207.26,4845.93,11.4,381.12,165.64,234.06,5638.15,5954.56,-316.42,-5.31,0.0,56.95,NONE,NORMAL,NORMAL,0
COST-000359,FAC-001,Infosys Smart Campus,BLD-001,Building A,2026-09-06 14:00:00,87,578.63,286.88,88.44,193.18,4918.33,10.62,379.09,174.79,273.57,5756.4,5954.56,-198.16,-3.33,0.0,66.17,NONE,NORMAL,NORMAL,0
COST-000360,FAC-001,Infosys Smart Campus,BLD-001,Building A,2026-09-06 15:00:00,97,582.12,256.78,110.91,215.84,4948.0,11.87,349.9,179.44,244.59,5733.81,5954.56,-220.76,-3.71,0.0,59.11,NONE,NORMAL,NORMAL,0
COST-000361,FAC-001,Infosys Smart Campus,BLD-001,Building A,2026-09-06 16:00:00,119,609.81,253.96,104.06,190.64,5183.41,10.49,381.97,179.56,227.42,5982.84,5954.56,28.28,0.47,28.28,50.28,NONE,NORMAL,LOW,0
COST-000362,FAC-001,Infosys Smart Campus,BLD-001,Building A,2026-09-06 17:00:00,42,361.09,180.07,48.38,119.37,3069.23,6.57,413.02,188.1,265.79,3942.71,4402.78,-460.07,-10.45,0.0,93.87,NONE,NORMAL,NORMAL,0
COST-000363,FAC-001,Infosys Smart Campus,BLD-001,Building A,2026-09-06 18:00:00,46,435.85,219.44,66.24,135.32,3704.73,7.44,485.44,175.37,236.22,4609.21,4402.78,206.43,4.69,206.43,100.2,NONE,NORMAL,MEDIUM,0
COST-000364,FAC-001,Infosys Smart Campus,BLD-001,Building A,2026-09-06 19:00:00,42,465.58,213.75,76.27,122.51,3957.45,6.74,396.72,192.95,252.73,4806.59,4402.78,403.81,9.17,403.81,114.44,NONE,WARNING,MEDIUM,0
COST-000365,FAC-001,Infosys Smart Campus,BLD-001,Building A,2026-09-06 20:00:00,39,358.8,176.35,49.81,125.83,3049.8,6.92,418.26,185.21,238.93,3899.11,4402.78,-503.67,-11.44,0.0,99.98,NONE,NORMAL,NORMAL,0
COST-000366,FAC-001,Infosys Smart Campus,BLD-001,Building A,2026-09-06 21:00:00,11,244.02,116.99,34.14,88.36,2074.21,4.86,367.13,172.03,238.06,2856.28,3295.55,-439.26,-13.33,0.0,259.66,NONE,NORMAL,NORMAL,0
COST-000367,FAC-001,Infosys Smart Campus,BLD-001,Building A,2026-09-06 22:00:00,13,277.38,120.46,54.06,83.1,2357.76,4.57,398.92,190.72,249.66,3201.63,3295.55,-93.92,-2.85,0.0,246.28,NONE,NORMAL,NORMAL,0
COST-000368,FAC-001,Infosys Smart Campus,BLD-001,Building A,2026-09-06 23:00:00,13,288.33,144.57,53.55,77.06,2450.77,4.24,449.02,169.94,238.02,3311.99,3295.55,16.44,0.5,16.44,254.77,NONE,NORMAL,LOW,0
COST-000369,FAC-001,Infosys Smart Campus,BLD-001,Building A,2026-09-07 00:00:00,8,242.83,104.8,31.58,78.67,2064.03,4.33,462.04,167.47,256.75,2954.63,2853.23,101.4,3.55,101.4,369.33,NONE,NORMAL,LOW,0
COST-000370,FAC-001,Infosys Smart Campus,BLD-001,Building A,2026-09-07 01:00:00,8,222.3,101.89,43.23,125.4,1889.51,6.9,488.62,178.85,257.37,2821.25,2853.23,-31.98,-1.12,1.38,352.66,HIGH_WATER_USAGE,NORMAL,LOW,1
COST-000371,FAC-001,Infosys Smart Campus,BLD-001,Building A,2026-09-07 02:00:00,7,241.5,110.72,38.66,73.61,2052.72,4.05,364.68,163.1,236.95,2821.5,2853.23,-31.73,-1.11,0.0,403.07,NONE,NORMAL,NORMAL,0
COST-000372,FAC-001,Infosys Smart Campus,BLD-001,Building A,2026-09-07 03:00:00,9,236.31,111.97,45.78,63.75,2008.67,3.51,420.21,163.81,223.72,2819.92,2853.23,-33.31,-1.17,0.0,313.32,NONE,NORMAL,NORMAL,0
COST-000373,FAC-001,Infosys Smart Campus,BLD-001,Building A,2026-09-07 04:00:00,6,262.25,131.31,37.04,76.57,2229.13,4.21,344.34,188.09,229.7,2995.47,2853.23,142.24,4.99,142.24,499.24,NONE,NORMAL,LOW,0
COST-000374,FAC-001,Infosys Smart Campus,BLD-001,Building A,2026-09-07 05:00:00,8,209.15,88.01,32.75,81.46,1777.76,4.48,401.87,189.03,230.79,2603.93,2853.23,-249.29,-8.74,0.0,325.49,NONE,NORMAL,NORMAL,0
COST-000375,FAC-001,Infosys Smart Campus,BLD-001,Building A,2026-09-07 06:00:00,43,410.69,197.66,69.66,128.67,3490.88,7.08,339.22,191.77,261.93,4290.87,4182.18,108.69,2.6,108.69,99.79,NONE,NORMAL,LOW,0
COST-000376,FAC-001,Infosys Smart Campus,BLD-001,Building A,2026-09-07 07:00:00,50,370.38,163.49,48.93,138.28,3148.19,7.61,448.2,195.6,241.71,4041.31,4182.18,-140.87,-3.37,0.0,80.83,NONE,NORMAL,NORMAL,0
COST-000377,FAC-001,Infosys Smart Campus,BLD-001,Building A,2026-09-07 08:00:00,54,416.9,182.65,78.95,121.22,3543.67,6.67,497.84,162.37,276.85,4487.41,4182.18,305.23,7.3,305.23,83.1,NONE,WARNING,MEDIUM,0
COST-000378,FAC-001,Infosys Smart Campus,BLD-001,Building A,2026-09-07 09:00:00,115,634.67,329.28,96.36,235.02,5394.71,12.93,349.26,177.94,241.36,6176.2,5954.56,221.63,3.72,221.63,53.71,NONE,NORMAL,MEDIUM,0
COST-000379,FAC-001,Infosys Smart Campus,BLD-001,Building A,2026-09-07 10:00:00,115,578.47,296.33,82.72,221.02,4917.02,12.16,351.52,167.86,267.43,5715.98,5954.56,-238.59,-4.01,0.0,49.7,NONE,NORMAL,NORMAL,0
COST-000380,FAC-001,Infosys Smart Campus,BLD-001,Building A,2026-09-07 11:00:00,102,601.57,258.43,98.04,159.94,5113.32,8.8,462.2,189.14,266.08,6039.53,5954.56,84.96,1.43,84.96,59.21,NONE,NORMAL,LOW,0
COST-000381,FAC-001,Infosys Smart Campus,BLD-001,Building A,2026-09-07 12:00:00,95,671.14,300.87,128.81,229.35,5704.73,12.61,368.02,168.65,247.68,6501.7,5954.56,547.13,9.19,547.13,68.44,NONE,WARNING,HIGH,0
COST-000382,FAC-001,Infosys Smart Campus,BLD-001,Building A,2026-09-07 13:00:00,93,649.2,269.02,117.79,205.9,5518.19,11.32,384.37,179.74,244.4,6338.02,5954.56,383.46,6.44,383.46,68.15,NONE,WARNING,MEDIUM,0
COST-000383,FAC-001,Infosys Smart Campus,BLD-001,Building A,2026-09-07 14:00:00,90,681.19,285.91,94.11,225.58,5790.09,12.41,459.14,185.71,293.66,6741.02,5954.56,786.45,13.21,786.45,74.9,NONE,WARNING,HIGH,0
COST-000384,FAC-001,Infosys Smart Campus,BLD-001,Building A,2026-09-07 15:00:00,106,609.05,291.64,117.48,231.65,5176.94,12.74,390.9,162.39,285.47,6028.44,5954.56,73.88,1.24,73.88,56.87,NONE,NORMAL,LOW,0
COST-000385,FAC-001,Infosys Smart Campus,BLD-001,Building A,2026-09-07 16:00:00,103,601.91,282.43,97.8,441.48,5116.22,24.28,353.35,168.21,265.3,5927.37,5954.56,-27.2,-0.46,4.86,57.55,HIGH_WATER_USAGE,NORMAL,LOW,1
COST-000386,FAC-001,Infosys Smart Campus,BLD-001,Building A,2026-09-07 17:00:00,44,425.73,212.12,84.66,121.72,3618.72,6.69,498.91,177.52,248.11,4549.95,4402.78,147.18,3.34,147.18,103.41,NONE,NORMAL,LOW,0
COST-000387,FAC-001,Infosys Smart Campus,BLD-001,Building A,2026-09-07 18:00:00,40,470.97,201.19,81.47,128.04,4003.24,7.04,474.36,191.55,258.23,4934.42,4402.78,531.64,12.08,531.64,123.36,NONE,WARNING,HIGH,0
COST-000388,FAC-001,Infosys Smart Campus,BLD-001,Building A,2026-09-07 19:00:00,35,378.52,188.0,57.9,109.47,3217.4,6.02,350.23,178.8,258.61,4011.06,4402.78,-391.72,-8.9,0.0,114.6,NONE,NORMAL,NORMAL,0
COST-000389,FAC-001,Infosys Smart Campus,BLD-001,Building A,2026-09-07 20:00:00,40,432.07,192.58,80.62,119.19,3672.57,6.56,386.95,195.57,230.25,4491.9,4402.78,89.12,2.02,89.12,112.3,NONE,NORMAL,LOW,0
COST-000390,FAC-001,Infosys Smart Campus,BLD-001,Building A,2026-09-07 21:00:00,14,289.81,134.41,38.34,85.62,2463.4,4.71,404.5,167.8,272.2,3312.62,3295.55,17.07,0.52,17.07,236.62,NONE,NORMAL,LOW,0
COST-000391,FAC-001,Infosys Smart Campus,BLD-001,Building A,2026-09-07 22:00:00,12,294.95,143.28,39.76,76.28,2507.04,4.2,493.67,185.82,226.99,3417.72,3295.55,122.17,3.71,122.17,284.81,NONE,NORMAL,LOW,0
COST-000392,FAC-001,Infosys Smart Campus,BLD-001,Building A,2026-09-07 23:00:00,12,300.31,134.65,56.56,69.1,2552.61,3.8,438.79,175.44,240.92,3411.55,3295.55,116.01,3.52,116.01,284.3,NONE,NORMAL,LOW,0
COST-000393,FAC-001,Infosys Smart Campus,BLD-001,Building A,2026-09-08 00:00:00,8,221.16,99.43,39.21,73.43,1879.88,4.04,366.54,167.65,285.53,2703.63,2853.23,-149.6,-5.24,0.0,337.95,NONE,NORMAL,NORMAL,0
COST-000394,FAC-001,Infosys Smart Campus,BLD-001,Building A,2026-09-08 01:00:00,8,232.47,97.68,44.53,73.6,1976.0,4.05,374.87,180.09,278.06,2813.06,2853.23,-40.17,-1.41,0.0,351.63,NONE,NORMAL,NORMAL,0
COST-000395,FAC-001,Infosys Smart Campus,BLD-001,Building A,2026-09-08 02:00:00,8,245.35,116.68,38.82,78.09,2085.45,4.3,407.98,188.33,285.31,2971.37,2853.23,118.14,4.14,118.14,371.42,NONE,NORMAL,LOW,0
COST-000396,FAC-001,Infosys Smart Campus,BLD-001,Building A,2026-09-08 03:00:00,9,237.83,110.55,44.98,75.32,2021.58,4.14,399.68,194.94,240.59,2860.94,2853.23,7.71,0.27,7.71,317.88,NONE,NORMAL,LOW,0
COST-000397,FAC-001,Infosys Smart Campus,BLD-001,Building A,2026-09-08 04:00:00,8,253.97,117.25,38.5,136.6,2158.72,7.51,455.76,187.08,246.3,3055.37,2853.23,202.14,7.08,203.64,381.92,HIGH_WATER_USAGE,WARNING,MEDIUM,1
COST-000398,FAC-001,Infosys Smart Campus,BLD-001,Building A,2026-09-08 05:00:00,9,222.17,111.72,41.64,72.76,1888.43,4.0,358.24,175.76,269.31,2695.74,2853.23,-157.49,-5.52,0.0,299.53,NONE,NORMAL,NORMAL,0
COST-000399,FAC-001,Infosys Smart Campus,BLD-001,Building A,2026-09-08 06:00:00,54,383.4,199.26,54.97,106.09,3258.91,5.84,369.28,164.36,290.2,4088.59,4182.18,-93.59,-2.24,0.0,75.71,NONE,NORMAL,NORMAL,0
COST-000400,FAC-001,Infosys Smart Campus,BLD-001,Building A,2026-09-08 07:00:00,40,387.14,197.45,71.37,102.28,3290.7,5.63,430.99,177.92,283.18,4188.42,4182.18,6.24,0.15,6.24,104.71,NONE,NORMAL,LOW,0
COST-000401,FAC-001,Infosys Smart Campus,BLD-001,Building A,2026-09-08 08:00:00,51,420.31,185.3,78.32,124.45,3572.66,6.84,475.47,196.14,244.76,4495.86,4182.18,313.69,7.5,313.69,88.15,NONE,WARNING,MEDIUM,0
COST-000402,FAC-001,Infosys Smart Campus,BLD-001,Building A,2026-09-08 09:00:00,102,560.12,242.72,74.22,193.97,4761.03,10.67,371.9,177.12,221.76,5542.48,5954.56,-412.09,-6.92,0.0,54.34,NONE,NORMAL,NORMAL,0
COST-000403,FAC-001,Infosys Smart Campus,BLD-001,Building A,2026-09-08 10:00:00,109,626.13,321.58,115.65,191.76,5322.06,10.55,397.17,182.38,221.49,6133.65,5954.56,179.09,3.01,179.09,56.27,NONE,NORMAL,LOW,0
COST-000404,FAC-001,Infosys Smart Campus,BLD-001,Building A,2026-09-08 11:00:00,96,600.42,280.95,109.64,198.21,5103.56,10.9,422.21,169.0,228.27,5933.94,5954.56,-20.62,-0.35,0.0,61.81,NONE,NORMAL,NORMAL,0
COST-000405,FAC-001,Infosys Smart Campus,BLD-001,Building A,2026-09-08 12:00:00,92,585.07,249.6,89.06,204.01,4973.09,11.22,368.47,163.82,269.86,5786.46,5954.56,-168.11,-2.82,0.0,62.9,NONE,NORMAL,NORMAL,0
COST-000406,FAC-001,Infosys Smart Campus,BLD-001,Building A,2026-09-08 13:00:00,102,555.82,244.47,98.04,193.89,4724.49,10.66,463.53,188.19,258.78,5645.65,5954.56,-308.91,-5.19,0.0,55.35,NONE,NORMAL,NORMAL,0
COST-000407,FAC-001,Infosys Smart Campus,BLD-001,Building A,2026-09-08 14:00:00,110,675.14,287.58,97.63,219.12,5738.72,12.05,459.3,174.48,252.8,6637.35,5954.56,682.79,11.47,682.79,60.34,NONE,WARNING,HIGH,0
COST-000408,FAC-001,Infosys Smart Campus,BLD-001,Building A,2026-09-08 15:00:00,102,594.72,296.94,101.66,208.75,5055.16,11.48,470.88,170.87,297.13,6005.53,5954.56,50.96,0.86,50.96,58.88,NONE,NORMAL,LOW,0
COST-000409,FAC-001,Infosys Smart Campus,BLD-001,Building A,2026-09-08 16:00:00,91,546.34,238.99,75.69,215.38,4643.89,11.85,468.81,167.08,263.56,5555.18,5954.56,-399.39,-6.71,0.0,61.05,NONE,NORMAL,NORMAL,0
COST-000410,FAC-001,Infosys Smart Campus,BLD-001,Building A,2026-09-08 17:00:00,38,429.62,176.08,56.9,143.77,3651.8,7.91,341.04,178.0,260.36,4439.11,4402.78,36.33,0.83,36.33,116.82,NONE,NORMAL,LOW,0
COST-000411,FAC-001,Infosys Smart Campus,BLD-001,Building A,2026-09-08 18:00:00,47,395.54,182.28,69.08,106.64,3362.06,5.87,447.78,180.03,271.3,4267.03,4402.78,-135.75,-3.08,0.0,90.79,NONE,NORMAL,NORMAL,0
COST-000412,FAC-001,Infosys Smart Campus,BLD-001,Building A,2026-09-08 19:00:00,33,414.35,179.61,57.61,119.48,3522.01,6.57,437.34,180.85,240.78,4387.54,4402.78,-15.23,-0.35,0.0,132.96,NONE,NORMAL,NORMAL,0
COST-000413,FAC-001,Infosys Smart Campus,BLD-001,Building A,2026-09-08 20:00:00,38,321.67,136.19,56.5,129.78,2734.17,7.14,421.96,164.2,243.45,3570.91,4402.78,-831.86,-18.89,0.0,93.97,NONE,NORMAL,NORMAL,0
COST-000414,FAC-001,Infosys Smart Campus,BLD-001,Building A,2026-09-08 21:00:00,13,299.69,131.52,52.83,82.28,2547.34,4.53,378.18,185.42,237.56,3353.02,3295.55,57.48,1.74,57.48,257.92,NONE,NORMAL,LOW,0
COST-000415,FAC-001,Infosys Smart Campus,BLD-001,Building A,2026-09-08 22:00:00,13,272.1,112.54,54.36,85.08,2312.82,4.68,357.23,163.0,269.57,3107.31,3295.55,-188.24,-5.71,0.0,239.02,NONE,NORMAL,NORMAL,0
COST-000416,FAC-001,Infosys Smart Campus,BLD-001,Building A,2026-09-08 23:00:00,11,294.67,134.94,54.34,85.22,2504.7,4.69,457.67,179.73,270.41,3417.2,3295.55,121.66,3.69,121.66,310.65,NONE,NORMAL,LOW,0
COST-000417,FAC-001,Infosys Smart Campus,BLD-001,Building A,2026-09-09 00:00:00,8,254.6,126.46,43.65,81.26,2164.11,4.47,357.42,190.81,288.31,3005.12,2853.23,151.89,5.32,151.89,375.64,NONE,WARNING,LOW,0
COST-000418,FAC-001,Infosys Smart Campus,BLD-001,Building A,2026-09-09 01:00:00,6,236.18,122.57,42.72,76.04,2007.53,4.18,503.06,183.8,245.02,2943.59,2853.23,90.36,3.17,90.36,490.6,NONE,NORMAL,LOW,0
COST-000419,FAC-001,Infosys Smart Campus,BLD-001,Building A,2026-09-09 02:00:00,8,252.05,118.4,37.24,75.41,2142.43,4.15,390.74,166.6,255.5,2959.42,2853.23,106.19,3.72,106.19,369.93,NONE,NORMAL,LOW,0
COST-000420,FAC-001,Infosys Smart Campus,BLD-001,Building A,2026-09-09 03:00:00,8,235.42,119.67,44.4,75.53,2001.03,4.15,357.21,191.28,293.09,2846.78,2853.23,-6.45,-0.23,0.0,355.85,NONE,NORMAL,NORMAL,0
COST-000421,FAC-001,Infosys Smart Campus,BLD-001,Building A,2026-09-09 04:00:00,8,181.78,79.66,35.01,68.56,1545.16,3.77,485.72,162.49,246.17,2443.32,2853.23,-409.91,-14.37,0.0,305.41,NONE,NORMAL,NORMAL,0
COST-000422,FAC-001,Infosys Smart Campus,BLD-001,Building A,2026-09-09 05:00:00,9,215.13,88.43,40.24,77.94,1828.58,4.29,474.37,194.36,264.14,2765.74,2853.23,-87.49,-3.07,0.0,307.3,NONE,NORMAL,NORMAL,0
COST-000423,FAC-001,Infosys Smart Campus,BLD-001,Building A,2026-09-09 06:00:00,45,422.62,202.84,84.19,124.86,3592.28,6.87,359.19,164.92,285.72,4408.97,4182.18,226.79,5.42,226.79,97.98,NONE,WARNING,MEDIUM,0
COST-000424,FAC-001,Infosys Smart Campus,BLD-001,Building A,2026-09-09 07:00:00,40,388.21,159.37,52.26,133.92,3299.8,7.37,413.92,173.52,258.16,4152.77,4182.18,-29.41,-0.7,0.0,103.82,NONE,NORMAL,NORMAL,0
COST-000425,FAC-001,Infosys Smart Campus,BLD-001,Building A,2026-09-09 08:00:00,46,335.21,168.66,57.48,120.2,2849.33,6.61,447.99,166.3,265.67,3735.9,4182.18,-446.28,-10.67,0.0,81.22,NONE,NORMAL,NORMAL,0
COST-000426,FAC-001,Infosys Smart Campus,BLD-001,Building A,2026-09-09 09:00:00,119,630.68,284.51,125.9,199.74,5360.82,10.99,467.1,186.25,280.86,6306.02,5954.56,351.46,5.9,351.46,52.99,NONE,WARNING,MEDIUM,0
COST-000427,FAC-001,Infosys Smart Campus,BLD-001,Building A,2026-09-09 10:00:00,104,516.31,255.87,75.52,214.96,4388.6,11.82,383.42,172.73,242.67,5199.24,5954.56,-755.32,-12.68,0.0,49.99,NONE,NORMAL,NORMAL,0
COST-000428,FAC-001,Infosys Smart Campus,BLD-001,Building A,2026-09-09 11:00:00,89,626.16,313.01,124.16,230.47,5322.32,12.68,347.2,163.73,244.06,6089.99,5954.56,135.43,2.27,135.43,68.43,NONE,NORMAL,LOW,0
COST-000429,FAC-001,Infosys Smart Campus,BLD-001,Building A,2026-09-09 12:00:00,105,629.67,272.4,99.45,238.68,5352.17,13.13,500.14,181.61,231.58,6278.63,5954.56,324.07,5.44,324.07,59.8,NONE,WARNING,MEDIUM,0
COST-000430,FAC-001,Infosys Smart Campus,BLD-001,Building A,2026-09-09 13:00:00,116,640.31,282.04,125.44,222.85,5442.62,12.26,459.04,195.27,297.06,6406.25,5954.56,451.68,7.59,451.68,55.23,NONE,WARNING,MEDIUM,0
COST-000431,FAC-001,Infosys Smart Campus,BLD-001,Building A,2026-09-09 14:00:00,99,634.46,327.37,110.38,213.67,5392.94,11.75,398.16,181.82,282.62,6267.29,5954.56,312.73,5.25,312.73,63.31,NONE,WARNING,MEDIUM,0
COST-000432,FAC-001,Infosys Smart Campus,BLD-001,Building A,2026-09-09 15:00:00,110,630.27,278.25,117.93,180.65,5357.28,9.94,348.89,167.98,225.77,6109.84,5954.56,155.28,2.61,155.28,55.54,NONE,NORMAL,LOW,0
COST-000433,FAC-001,Infosys Smart Campus,BLD-001,Building A,2026-09-09 16:00:00,94,597.93,247.36,117.12,207.96,5082.38,11.44,336.03,184.1,269.08,5883.04,5954.56,-71.53,-1.2,0.0,62.59,NONE,NORMAL,NORMAL,0
COST-000434,FAC-001,Infosys Smart Campus,BLD-001,Building A,2026-09-09 17:00:00,46,350.06,159.15,55.68,114.03,2975.49,6.27,358.74,169.12,235.08,3744.69,4402.78,-658.08,-14.95,0.0,81.41,NONE,NORMAL,NORMAL,0
COST-000435,FAC-001,Infosys Smart Campus,BLD-001,Building A,2026-09-09 18:00:00,42,366.22,151.38,69.87,114.98,3112.91,6.32,342.4,184.32,275.46,3921.41,4402.78,-481.37,-10.93,0.0,93.37,NONE,NORMAL,NORMAL,0
COST-000436,FAC-001,Infosys Smart Campus,BLD-001,Building A,2026-09-09 19:00:00,39,393.6,162.94,58.17,120.67,3345.58,6.64,425.04,186.42,267.24,4230.91,4402.78,-171.87,-3.9,0.0,108.48,NONE,NORMAL,NORMAL,0
COST-000437,FAC-001,Infosys Smart Campus,BLD-001,Building A,2026-09-09 20:00:00,40,407.57,206.01,68.91,120.05,3464.38,6.6,423.98,173.49,257.65,4326.1,4402.78,-76.68,-1.74,0.0,108.15,NONE,NORMAL,NORMAL,0
COST-000438,FAC-001,Infosys Smart Campus,BLD-001,Building A,2026-09-09 21:00:00,13,257.31,112.65,47.71,82.73,2187.16,4.55,396.45,173.05,236.23,2997.43,3295.55,-298.12,-9.05,0.0,230.57,NONE,NORMAL,NORMAL,0
COST-000439,FAC-001,Infosys Smart Campus,BLD-001,Building A,2026-09-09 22:00:00,11,309.59,160.53,47.3,92.84,2631.5,5.11,414.88,177.22,298.66,3527.36,3295.55,231.81,7.03,231.81,320.67,NONE,WARNING,MEDIUM,0
COST-000440,FAC-001,Infosys Smart Campus,BLD-001,Building A,2026-09-09 23:00:00,10,293.98,139.39,45.25,79.42,2498.85,4.37,338.17,170.16,265.22,3276.76,3295.55,-18.79,-0.57,0.0,327.68,NONE,NORMAL,NORMAL,0
COST-000441,FAC-001,Infosys Smart Campus,BLD-001,Building A,2026-09-10 00:00:00,9,207.79,83.72,28.71,75.49,1766.18,4.15,462.36,194.6,286.16,2713.44,2853.23,-139.78,-4.9,0.0,301.49,NONE,NORMAL,NORMAL,0
COST-000442,FAC-001,Infosys Smart Campus,BLD-001,Building A,2026-09-10 01:00:00,8,229.67,97.36,34.11,68.47,1952.15,3.77,347.44,169.85,293.96,2767.18,2853.23,-86.05,-3.02,0.0,345.9,NONE,NORMAL,NORMAL,0
COST-000443,FAC-001,Infosys Smart Campus,BLD-001,Building A,2026-09-10 02:00:00,6,209.26,84.07,30.83,76.17,1778.73,4.19,338.41,179.22,222.64,2523.19,2853.23,-330.04,-11.57,0.0,420.53,NONE,NORMAL,NORMAL,0
COST-000444,FAC-001,Infosys Smart Campus,BLD-001,Building A,2026-09-10 03:00:00,8,241.11,119.24,36.13,79.48,2049.45,4.37,427.22,175.46,269.78,2926.27,2853.23,73.05,2.56,73.05,365.78,NONE,NORMAL,LOW,0
COST-000445,FAC-001,Infosys Smart Campus,BLD-001,Building A,2026-09-10 04:00:00,7,247.33,116.68,38.82,74.74,2102.27,4.11,415.71,162.26,223.01,2907.36,2853.23,54.14,1.9,54.14,415.34,NONE,NORMAL,LOW,0
COST-000446,FAC-001,Infosys Smart Campus,BLD-001,Building A,2026-09-10 05:00:00,8,251.29,130.51,36.22,93.76,2135.96,5.16,355.07,195.03,281.67,2972.9,2853.23,119.67,4.19,119.67,371.61,NONE,NORMAL,LOW,0
COST-000447,FAC-001,Infosys Smart Campus,BLD-001,Building A,2026-09-10 06:00:00,34,426.9,187.68,73.1,108.94,3628.62,5.99,501.32,190.67,280.03,4606.63,4182.18,424.45,10.15,424.45,135.49,NONE,WARNING,MEDIUM,0
COST-000448,FAC-001,Infosys Smart Campus,BLD-001,Building A,2026-09-10 07:00:00,38,364.79,148.5,65.06,135.71,3100.74,7.46,343.89,195.41,228.11,3875.61,4182.18,-306.56,-7.33,0.0,101.99,NONE,NORMAL,NORMAL,0
COST-000449,FAC-001,Infosys Smart Campus,BLD-001,Building A,2026-09-10 08:00:00,51,357.11,150.12,47.81,142.48,3035.39,7.84,445.7,182.87,222.73,3894.53,4182.18,-287.65,-6.88,0.0,76.36,NONE,NORMAL,NORMAL,0
COST-000450,FAC-001,Infosys Smart Campus,BLD-001,Building A,2026-09-10 09:00:00,97,600.19,309.45,82.85,218.51,5101.62,12.02,364.48,163.84,269.17,5911.11,5954.56,-43.45,-0.73,0.0,60.94,NONE,NORMAL,NORMAL,0
COST-000451,FAC-001,Infosys Smart Campus,BLD-001,Building A,2026-09-10 10:00:00,109,541.64,223.96,83.0,204.81,4603.95,11.26,444.77,192.38,246.34,5498.7,5954.56,-455.86,-7.66,0.0,50.45,NONE,NORMAL,NORMAL,0
COST-000452,FAC-001,Infosys Smart Campus,BLD-001,Building A,2026-09-10 11:00:00,120,602.7,293.9,99.02,211.02,5122.98,11.61,460.27,184.04,222.3,6001.19,5954.56,46.63,0.78,46.63,50.01,NONE,NORMAL,LOW,0
COST-000453,FAC-001,Infosys Smart Campus,BLD-001,Building A,2026-09-10 12:00:00,110,576.17,249.32,104.41,216.84,4897.41,11.93,366.45,196.46,290.43,5762.67,5954.56,-191.9,-3.22,0.0,52.39,NONE,NORMAL,NORMAL,0
COST-000454,FAC-001,Infosys Smart Campus,BLD-001,Building A,2026-09-10 13:00:00,80,574.95,276.6,99.64,245.2,4887.08,13.49,345.94,184.78,280.98,5712.27,5954.56,-242.3,-4.07,0.0,71.4,NONE,NORMAL,NORMAL,0
COST-000455,FAC-001,Infosys Smart Campus,BLD-001,Building A,2026-09-10 14:00:00,110,666.26,301.21,92.56,180.75,5663.18,9.94,458.79,187.23,266.94,6586.08,5954.56,631.51,10.61,631.51,59.87,NONE,WARNING,HIGH,0
COST-000456,FAC-001,Infosys Smart Campus,BLD-001,Building A,2026-09-10 15:00:00,93,590.55,253.5,103.89,218.99,5019.69,12.04,388.92,170.09,226.39,5817.13,5954.56,-137.43,-2.31,0.0,62.55,NONE,NORMAL,NORMAL,0
COST-000457,FAC-001,Infosys Smart Campus,BLD-001,Building A,2026-09-10 16:00:00,99,627.98,286.84,83.54,192.72,5337.8,10.6,405.28,169.05,261.03,6183.76,5954.56,229.19,3.85,229.19,62.46,NONE,NORMAL,MEDIUM,0
COST-000458,FAC-001,Infosys Smart Campus,BLD-001,Building A,2026-09-10 17:00:00,47,411.02,180.06,79.67,112.77,3493.67,6.2,452.59,168.58,245.89,4366.93,4402.78,-35.85,-0.81,0.0,92.91,NONE,NORMAL,NORMAL,0
COST-000459,FAC-001,Infosys Smart Campus,BLD-001,Building A,2026-09-10 18:00:00,45,410.96,176.35,56.05,116.56,3493.14,6.41,432.41,164.19,223.41,4319.56,4402.78,-83.22,-1.89,0.0,95.99,NONE,NORMAL,NORMAL,0
COST-000460,FAC-001,Infosys Smart Campus,BLD-001,Building A,2026-09-10 19:00:00,40,390.1,161.91,57.64,136.84,3315.87,7.53,382.29,179.8,230.49,4115.98,4402.78,-286.8,-6.51,0.0,102.9,NONE,NORMAL,NORMAL,0
COST-000461,FAC-001,Infosys Smart Campus,BLD-001,Building A,2026-09-10 20:00:00,34,439.83,209.02,82.07,108.12,3738.51,5.95,391.01,167.93,235.13,4538.53,4402.78,135.75,3.08,135.75,133.49,NONE,NORMAL,LOW,0
COST-000462,FAC-001,Infosys Smart Campus,BLD-001,Building A,2026-09-10 21:00:00,13,275.89,124.79,47.34,91.07,2345.06,5.01,347.32,191.94,234.83,3124.15,3295.55,-171.39,-5.2,0.0,240.32,NONE,NORMAL,NORMAL,0
COST-000463,FAC-001,Infosys Smart Campus,BLD-001,Building A,2026-09-10 22:00:00,13,301.0,146.22,51.33,72.14,2558.52,3.97,387.88,172.57,241.75,3364.68,3295.55,69.14,2.1,69.14,258.82,NONE,NORMAL,LOW,0
COST-000464,FAC-001,Infosys Smart Campus,BLD-001,Building A,2026-09-10 23:00:00,14,299.26,145.09,52.78,69.9,2543.67,3.84,484.83,191.38,222.48,3446.21,3295.55,150.66,4.57,150.66,246.16,NONE,NORMAL,LOW,0
COST-000465,FAC-001,Infosys Smart Campus,BLD-001,Building A,2026-09-11 00:00:00,7,245.05,101.93,42.81,74.44,2082.9,4.09,336.16,194.52,222.92,2840.59,2853.23,-12.64,-0.44,0.0,405.8,NONE,NORMAL,NORMAL,0
COST-000466,FAC-001,Infosys Smart Campus,BLD-001,Building A,2026-09-11 01:00:00,8,265.81,100.76,82.35,68.47,2259.37,3.77,492.53,184.33,283.69,3223.68,2853.23,370.46,12.98,475.45,402.96,EXCESS_LIGHTING,WARNING,MEDIUM,1
COST-000467,FAC-001,Infosys Smart Campus,BLD-001,Building A,2026-09-11 02:00:00,8,221.88,98.71,42.61,75.79,1886.01,4.17,345.15,168.57,296.29,2700.18,2853.23,-153.04,-5.36,0.0,337.52,NONE,NORMAL,NORMAL,0
COST-000468,FAC-001,Infosys Smart Campus,BLD-001,Building A,2026-09-11 03:00:00,8,265.55,129.36,41.34,70.41,2257.19,3.87,370.71,173.28,270.61,3075.65,2853.23,222.43,7.8,222.43,384.46,NONE,WARNING,MEDIUM,0
COST-000469,FAC-001,Infosys Smart Campus,BLD-001,Building A,2026-09-11 04:00:00,9,234.75,116.77,44.08,72.99,1995.35,4.01,360.05,185.68,271.04,2816.14,2853.23,-37.09,-1.3,0.0,312.9,NONE,NORMAL,NORMAL,0
COST-000470,FAC-001,Infosys Smart Campus,BLD-001,Building A,2026-09-11 05:00:00,9,229.62,114.24,31.18,79.7,1951.81,4.38,417.59,181.65,293.24,2848.68,2853.23,-4.55,-0.16,0.0,316.52,NONE,NORMAL,NORMAL,0
COST-000471,FAC-001,Infosys Smart Campus,BLD-001,Building A,2026-09-11 06:00:00,48,401.11,173.62,77.75,126.38,3409.47,6.95,374.86,170.77,244.87,4206.92,4182.18,24.74,0.59,24.74,87.64,NONE,NORMAL,LOW,0
COST-000472,FAC-001,Infosys Smart Campus,BLD-001,Building A,2026-09-11 07:00:00,46,389.61,159.78,69.27,129.14,3311.67,7.1,494.52,193.37,243.58,4250.23,4182.18,68.06,1.63,68.06,92.4,NONE,NORMAL,LOW,0
COST-000473,FAC-001,Infosys Smart Campus,BLD-001,Building A,2026-09-11 08:00:00,50,406.09,210.51,69.79,132.91,3451.8,7.31,443.24,173.06,288.06,4363.46,4182.18,181.29,4.33,181.29,87.27,NONE,NORMAL,LOW,0
COST-000474,FAC-001,Infosys Smart Campus,BLD-001,Building A,2026-09-11 09:00:00,98,620.57,295.59,98.13,226.71,5274.83,12.47,387.72,179.18,282.86,6137.06,5954.56,182.5,3.06,182.5,62.62,NONE,NORMAL,LOW,0
COST-000475,FAC-001,Infosys Smart Campus,BLD-001,Building A,2026-09-11 10:00:00,103,625.95,285.59,112.29,197.11,5320.56,10.84,387.46,173.74,226.53,6119.13,5954.56,164.57,2.76,164.57,59.41,NONE,NORMAL,LOW,0
COST-000476,FAC-001,Infosys Smart Campus,BLD-001,Building A,2026-09-11 11:00:00,100,636.08,272.22,113.64,203.91,5406.65,11.22,481.07,166.76,297.25,6362.95,5954.56,408.38,6.86,408.38,63.63,NONE,WARNING,MEDIUM,0
COST-000477,FAC-001,Infosys Smart Campus,BLD-001,Building A,2026-09-11 12:00:00,104,603.48,245.46,89.25,188.61,5129.57,10.37,413.72,163.2,230.51,5947.37,5954.56,-7.2,-0.12,0.0,57.19,NONE,NORMAL,NORMAL,0
COST-000478,FAC-001,Infosys Smart Campus,BLD-001,Building A,2026-09-11 13:00:00,106,569.91,255.1,93.0,208.08,4844.22,11.44,482.02,181.08,257.5,5776.27,5954.56,-178.29,-2.99,0.0,54.49,NONE,NORMAL,NORMAL,0
COST-000479,FAC-001,Infosys Smart Campus,BLD-001,Building A,2026-09-11 14:00:00,118,583.39,296.02,110.69,196.08,4958.83,10.78,343.74,195.51,272.54,5781.4,5954.56,-173.16,-2.91,0.0,48.99,NONE,NORMAL,NORMAL,0
COST-000480,FAC-001,Infosys Smart Campus,BLD-001,Building A,2026-09-11 15:00:00,109,562.85,282.26,83.4,351.83,4784.25,19.35,370.31,177.07,238.13,5589.12,5954.56,-365.44,-6.14,3.87,51.28,HIGH_WATER_USAGE,NORMAL,LOW,1
COST-000481,FAC-001,Infosys Smart Campus,BLD-001,Building A,2026-09-11 16:00:00,110,626.45,263.19,86.72,212.76,5324.8,11.7,408.33,166.29,260.97,6172.09,5954.56,217.52,3.65,217.52,56.11,NONE,NORMAL,MEDIUM,0
COST-000482,FAC-001,Infosys Smart Campus,BLD-001,Building A,2026-09-11 17:00:00,40,380.08,180.37,68.53,108.56,3230.68,5.97,341.98,197.8,239.15,4015.58,4402.78,-387.2,-8.79,0.0,100.39,NONE,NORMAL,NORMAL,0
COST-000483,FAC-001,Infosys Smart Campus,BLD-001,Building A,2026-09-11 18:00:00,41,402.79,199.9,61.98,142.03,3423.68,7.81,480.72,193.18,221.77,4327.16,4402.78,-75.62,-1.72,0.0,105.54,NONE,NORMAL,NORMAL,0
COST-000484,FAC-001,Infosys Smart Campus,BLD-001,Building A,2026-09-11 19:00:00,39,409.81,212.55,67.14,138.08,3483.42,7.59,462.77,170.95,262.99,4387.73,4402.78,-15.05,-0.34,0.0,112.51,NONE,NORMAL,NORMAL,0
COST-000485,FAC-001,Infosys Smart Campus,BLD-001,Building A,2026-09-11 20:00:00,43,399.61,176.42,52.15,109.24,3396.72,6.01,392.67,191.79,221.05,4208.24,4402.78,-194.54,-4.42,0.0,97.87,NONE,NORMAL,NORMAL,0
COST-000486,FAC-001,Infosys Smart Campus,BLD-001,Building A,2026-09-11 21:00:00,11,264.7,113.3,35.67,77.43,2249.97,4.26,429.33,172.49,253.56,3109.61,3295.55,-185.93,-5.64,0.0,282.69,NONE,NORMAL,NORMAL,0
COST-000487,FAC-001,Infosys Smart Campus,BLD-001,Building A,2026-09-11 22:00:00,13,279.97,142.4,46.06,77.87,2379.72,4.28,346.12,172.72,244.25,3147.08,3295.55,-148.46,-4.5,0.0,242.08,NONE,NORMAL,NORMAL,0
COST-000488,FAC-001,Infosys Smart Campus,BLD-001,Building A,2026-09-11 23:00:00,12,267.57,132.17,37.08,79.39,2274.34,4.37,356.81,164.54,291.94,3091.99,3295.55,-203.55,-6.18,0.0,257.67,NONE,NORMAL,NORMAL,0
COST-000489,FAC-001,Infosys Smart Campus,BLD-001,Building A,2026-09-12 00:00:00,8,226.34,105.33,30.66,75.6,1923.87,4.16,338.22,180.42,281.02,2727.69,2853.23,-125.54,-4.4,0.0,340.96,NONE,NORMAL,NORMAL,0
COST-000490,FAC-001,Infosys Smart Campus,BLD-001,Building A,2026-09-12 01:00:00,8,223.53,97.16,34.96,71.37,1900.0,3.93,427.49,167.76,274.92,2774.08,2853.23,-79.14,-2.77,0.0,346.76,NONE,NORMAL,NORMAL,0
COST-000491,FAC-001,Infosys Smart Campus,BLD-001,Building A,2026-09-12 02:00:00,7,219.29,100.96,40.73,81.71,1863.97,4.49,427.9,165.15,250.43,2711.95,2853.23,-141.27,-4.95,0.0,387.42,NONE,NORMAL,NORMAL,0
COST-000492,FAC-001,Infosys Smart Campus,BLD-001,Building A,2026-09-12 03:00:00,9,225.75,97.72,44.45,76.27,1918.9,4.19,395.19,163.55,234.97,2716.8,2853.23,-136.42,-4.78,0.0,301.87,NONE,NORMAL,NORMAL,0
COST-000493,FAC-001,Infosys Smart Campus,BLD-001,Building A,2026-09-12 04:00:00,8,231.8,96.65,42.52,84.93,1970.32,4.67,441.45,168.91,232.39,2817.74,2853.23,-35.48,-1.24,0.0,352.22,NONE,NORMAL,NORMAL,0
COST-000494,FAC-001,Infosys Smart Campus,BLD-001,Building A,2026-09-12 05:00:00,7,238.57,118.57,32.17,82.15,2027.84,4.52,388.7,184.88,248.76,2854.71,2853.23,1.49,0.05,1.49,407.82,NONE,NORMAL,LOW,0
COST-000495,FAC-001,Infosys Smart Campus,BLD-001,Building A,2026-09-12 06:00:00,48,360.4,179.38,56.49,127.6,3063.37,7.02,386.38,185.14,267.87,3909.79,4182.18,-272.39,-6.51,0.0,81.45,NONE,NORMAL,NORMAL,0
COST-000496,FAC-001,Infosys Smart Campus,BLD-001,Building A,2026-09-12 07:00:00,45,363.1,181.15,52.39,145.17,3086.39,7.98,470.56,168.49,229.57,3962.98,4182.18,-219.19,-5.24,0.0,88.07,NONE,NORMAL,NORMAL,0
COST-000497,FAC-001,Infosys Smart Campus,BLD-001,Building A,2026-09-12 08:00:00,45,411.87,198.55,54.27,118.91,3500.89,6.54,438.45,170.67,251.17,4367.72,4182.18,185.54,4.44,185.54,97.06,NONE,NORMAL,LOW,0
COST-000498,FAC-001,Infosys Smart Campus,BLD-001,Building A,2026-09-12 09:00:00,117,575.56,293.13,75.07,205.81,4892.22,11.32,356.71,173.08,293.23,5726.56,5954.56,-228.01,-3.83,0.0,48.94,NONE,NORMAL,NORMAL,0
COST-000499,FAC-001,Infosys Smart Campus,BLD-001,Building A,2026-09-12 10:00:00,111,564.21,262.7,108.28,236.24,4795.81,12.99,363.93,194.99,246.57,5614.3,5954.56,-340.27,-5.71,0.0,50.58,NONE,NORMAL,NORMAL,0
COST-000500,FAC-001,Infosys Smart Campus,BLD-001,Building A,2026-09-12 11:00:00,130,653.51,287.97,128.51,199.27,5554.79,10.96,436.37,193.71,224.87,6420.7,5954.56,466.14,7.83,466.14,49.39,NONE,WARNING,MEDIUM,0
COST-000501,FAC-001,Infosys Smart Campus,BLD-001,Building A,2026-09-12 12:00:00,102,528.1,225.62,96.15,207.84,4488.84,11.43,497.54,178.01,259.15,5434.98,5954.56,-519.59,-8.73,0.0,53.28,NONE,NORMAL,NORMAL,0
COST-000502,FAC-001,Infosys Smart Campus,BLD-001,Building A,2026-09-12 13:00:00,113,627.23,293.72,115.0,206.0,5331.47,11.33,393.43,177.61,287.18,6201.02,5954.56,246.46,4.14,246.46,54.88,NONE,NORMAL,MEDIUM,0
COST-000503,FAC-001,Infosys Smart Campus,BLD-001,Building A,2026-09-12 14:00:00,117,574.75,294.8,99.79,223.45,4885.42,12.29,402.37,163.85,252.35,5716.27,5954.56,-238.3,-4.0,0.0,48.86,NONE,NORMAL,NORMAL,0
COST-000504,FAC-001,Infosys Smart Campus,BLD-001,Building A,2026-09-12 15:00:00,111,574.8,281.58,89.09,242.88,4885.76,13.36,367.32,188.98,263.56,5718.98,5954.56,-235.58,-3.96,0.0,51.52,NONE,NORMAL,NORMAL,0
COST-000505,FAC-001,Infosys Smart Campus,BLD-001,Building A,2026-09-12 16:00:00,98,559.04,273.84,91.56,195.38,4751.86,10.75,424.21,187.46,240.67,5614.95,5954.56,-339.62,-5.7,0.0,57.3,NONE,NORMAL,NORMAL,0
COST-000506,FAC-001,Infosys Smart Campus,BLD-001,Building A,2026-09-12 17:00:00,31,478.76,256.8,50.18,121.8,4069.49,6.7,392.06,175.96,231.79,4876.0,4402.78,473.22,10.75,691.5,157.29,HIGH_HVAC_USAGE,WARNING,HIGH,1
COST-000507,FAC-001,Infosys Smart Campus,BLD-001,Building A,2026-09-12 18:00:00,44,428.64,219.74,70.5,130.98,3643.42,7.2,387.98,195.72,261.22,4495.55,4402.78,92.77,2.11,92.77,102.17,NONE,NORMAL,LOW,0
COST-000508,FAC-001,Infosys Smart Campus,BLD-001,Building A,2026-09-12 19:00:00,43,377.31,155.82,71.29,123.14,3207.15,6.77,390.74,168.9,264.33,4037.89,4402.78,-364.89,-8.29,0.0,93.9,NONE,NORMAL,NORMAL,0
COST-000509,FAC-001,Infosys Smart Campus,BLD-001,Building A,2026-09-12 20:00:00,36,427.28,214.57,58.07,136.81,3631.9,7.52,475.05,188.64,282.54,4585.65,4402.78,182.87,4.15,182.87,127.38,NONE,NORMAL,LOW,0
COST-000510,FAC-001,Infosys Smart Campus,BLD-001,Building A,2026-09-12 21:00:00,11,289.11,141.59,54.51,70.52,2457.43,3.88,492.0,188.59,244.89,3386.79,3295.55,91.25,2.77,91.25,307.89,NONE,NORMAL,LOW,0
COST-000511,FAC-001,Infosys Smart Campus,BLD-001,Building A,2026-09-12 22:00:00,13,264.47,111.91,36.1,91.34,2248.0,5.02,469.04,191.22,258.62,3171.89,3295.55,-123.66,-3.75,0.0,243.99,NONE,NORMAL,NORMAL,0
COST-000512,FAC-001,Infosys Smart Campus,BLD-001,Building A,2026-09-12 23:00:00,12,306.68,155.73,52.38,89.34,2606.8,4.91,356.4,187.96,235.34,3391.41,3295.55,95.86,2.91,95.86,282.62,NONE,NORMAL,LOW,0
COST-000513,FAC-001,Infosys Smart Campus,BLD-001,Building A,2026-09-13 00:00:00,8,200.26,80.7,29.52,67.1,1702.21,3.69,458.31,191.27,241.08,2596.57,2853.23,-256.66,-9.0,0.0,324.57,NONE,NORMAL,NORMAL,0
COST-000514,FAC-001,Infosys Smart Campus,BLD-001,Building A,2026-09-13 01:00:00,7,224.91,103.64,42.71,85.03,1911.73,4.68,471.26,166.93,226.44,2781.03,2853.23,-72.2,-2.53,0.0,397.29,NONE,NORMAL,NORMAL,0
COST-000515,FAC-001,Infosys Smart Campus,BLD-001,Building A,2026-09-13 02:00:00,8,248.11,107.82,44.84,77.79,2108.97,4.28,479.17,163.47,224.87,2980.76,2853.23,127.54,4.47,127.54,372.6,NONE,NORMAL,LOW,0
COST-000516,FAC-001,Infosys Smart Campus,BLD-001,Building A,2026-09-13 03:00:00,8,224.21,98.42,39.71,77.89,1905.77,4.28,366.17,172.13,256.69,2705.05,2853.23,-148.18,-5.19,0.0,338.13,NONE,NORMAL,NORMAL,0
COST-000517,FAC-001,Infosys Smart Campus,BLD-001,Building A,2026-09-13 04:00:00,9,231.87,113.62,37.56,81.26,1970.86,4.47,500.84,178.79,282.77,2937.72,2853.23,84.49,2.96,84.49,326.41,NONE,NORMAL,LOW,0
COST-000518,FAC-001,Infosys Smart Campus,BLD-001,Building A,2026-09-13 05:00:00,7,210.38,93.82,37.94,65.31,1788.22,3.59,494.55,171.03,228.84,2686.24,2853.23,-166.98,-5.85,0.0,383.75,NONE,NORMAL,NORMAL,0
COST-000519,FAC-001,Infosys Smart Campus,BLD-001,Building A,2026-09-13 06:00:00,54,350.47,176.39,54.05,117.1,2978.98,6.44,484.65,170.33,252.53,3892.93,4182.18,-289.25,-6.92,0.0,72.09,NONE,NORMAL,NORMAL,0
COST-000520,FAC-001,Infosys Smart Campus,BLD-001,Building A,2026-09-13 07:00:00,53,409.3,177.7,68.03,159.2,3479.07,8.76,451.11,172.44,236.71,4348.09,4182.18,165.91,3.97,165.91,82.04,NONE,NORMAL,LOW,0
COST-000521,FAC-001,Infosys Smart Campus,BLD-001,Building A,2026-09-13 08:00:00,43,375.49,154.51,59.83,117.6,3191.7,6.47,389.32,169.93,261.19,4018.61,4182.18,-163.57,-3.91,0.0,93.46,NONE,NORMAL,NORMAL,0
COST-000522,FAC-001,Infosys Smart Campus,BLD-001,Building A,2026-09-13 09:00:00,106,609.02,309.84,110.87,203.26,5176.65,11.18,480.59,187.02,221.82,6077.26,5954.56,122.7,2.06,122.7,57.33,NONE,NORMAL,LOW,0
COST-000523,FAC-001,Infosys Smart Campus,BLD-001,Building A,2026-09-13 10:00:00,116,584.52,258.07,77.43,223.27,4968.46,12.28,426.27,168.91,277.1,5853.02,5954.56,-101.54,-1.71,0.0,50.46,NONE,NORMAL,NORMAL,0
COST-000524,FAC-001,Infosys Smart Campus,BLD-001,Building A,2026-09-13 11:00:00,111,559.66,280.61,91.42,191.1,4757.11,10.51,403.6,172.73,269.79,5613.74,5954.56,-340.82,-5.72,0.0,50.57,NONE,NORMAL,NORMAL,0
COST-000525,FAC-001,Infosys Smart Campus,BLD-001,Building A,2026-09-13 12:00:00,100,554.46,235.69,99.08,182.98,4712.87,10.06,478.34,169.42,295.26,5665.95,5954.56,-288.61,-4.85,0.0,56.66,NONE,NORMAL,NORMAL,0
COST-000526,FAC-001,Infosys Smart Campus,BLD-001,Building A,2026-09-13 13:00:00,101,614.68,269.32,80.29,217.6,5224.77,11.97,386.7,163.35,260.42,6047.21,5954.56,92.64,1.56,92.64,59.87,NONE,NORMAL,LOW,0
COST-000527,FAC-001,Infosys Smart Campus,BLD-001,Building A,2026-09-13 14:00:00,122,546.58,259.38,75.68,199.69,4645.95,10.98,352.67,177.43,270.02,5457.06,5954.56,-497.51,-8.36,0.0,44.73,NONE,NORMAL,NORMAL,0
COST-000528,FAC-001,Infosys Smart Campus,BLD-001,Building A,2026-09-13 15:00:00,74,696.0,317.48,124.19,189.17,5916.02,10.4,558.04,196.36,292.64,6973.47,5954.56,1018.91,17.11,1018.91,94.24,MAINTENANCE_RISK,HIGH,CRITICAL,1
COST-000529,FAC-001,Infosys Smart Campus,BLD-001,Building A,2026-09-13 16:00:00,103,582.4,261.28,85.46,234.59,4950.44,12.9,460.47,181.53,271.98,5877.32,5954.56,-77.25,-1.3,0.0,57.06,NONE,NORMAL,NORMAL,0
COST-000530,FAC-001,Infosys Smart Campus,BLD-001,Building A,2026-09-13 17:00:00,47,434.76,199.43,60.58,107.82,3695.45,5.93,385.0,195.28,238.97,4520.63,4402.78,117.85,2.68,117.85,96.18,NONE,NORMAL,LOW,0
COST-000531,FAC-001,Infosys Smart Campus,BLD-001,Building A,2026-09-13 18:00:00,13,470.12,179.65,51.79,140.96,3995.99,7.75,405.0,180.17,221.57,4810.49,4402.78,407.71,9.26,887.23,370.04,LOW_OCCUPANCY_HIGH_ENERGY,WARNING,HIGH,1
COST-000532,FAC-001,Infosys Smart Campus,BLD-001,Building A,2026-09-13 19:00:00,45,447.17,180.93,69.66,135.79,3800.94,7.47,406.68,180.07,291.97,4687.13,4402.78,284.35,6.46,284.35,104.16,NONE,WARNING,MEDIUM,0
COST-000533,FAC-001,Infosys Smart Campus,BLD-001,Building A,2026-09-13 20:00:00,44,463.71,229.88,88.34,108.27,3941.53,5.96,498.41,187.1,227.49,4860.48,4402.78,457.7,10.4,457.7,110.47,NONE,WARNING,MEDIUM,0
COST-000534,FAC-001,Infosys Smart Campus,BLD-001,Building A,2026-09-13 21:00:00,9,284.79,116.27,47.98,90.11,2420.72,4.96,483.46,169.34,285.46,3363.95,3295.55,68.4,2.08,68.4,373.77,NONE,NORMAL,LOW,0
COST-000535,FAC-001,Infosys Smart Campus,BLD-001,Building A,2026-09-13 22:00:00,11,287.69,148.62,47.72,80.87,2445.32,4.45,387.22,168.94,231.07,3237.0,3295.55,-58.55,-1.78,0.0,294.27,NONE,NORMAL,NORMAL,0
COST-000536,FAC-001,Infosys Smart Campus,BLD-001,Building A,2026-09-13 23:00:00,10,305.75,139.6,44.62,77.94,2598.85,4.29,391.9,195.84,247.76,3438.63,3295.55,143.08,4.34,143.08,343.86,NONE,NORMAL,LOW,0
COST-000537,FAC-001,Infosys Smart Campus,BLD-001,Building A,2026-09-14 00:00:00,8,239.03,100.75,45.98,88.0,2031.74,4.84,344.43,165.48,277.2,2823.69,2853.23,-29.54,-1.04,0.0,352.96,NONE,NORMAL,NORMAL,0
COST-000538,FAC-001,Infosys Smart Campus,BLD-001,Building A,2026-09-14 01:00:00,8,220.14,89.09,28.95,73.25,1871.16,4.03,358.58,178.84,268.26,2680.87,2853.23,-172.35,-6.04,0.0,335.11,NONE,NORMAL,NORMAL,0
COST-000539,FAC-001,Infosys Smart Campus,BLD-001,Building A,2026-09-14 02:00:00,8,232.97,115.09,30.46,79.28,1980.21,4.36,425.97,179.17,251.36,2841.07,2853.23,-12.15,-0.43,0.0,355.13,NONE,NORMAL,NORMAL,0
COST-000540,FAC-001,Infosys Smart Campus,BLD-001,Building A,2026-09-14 03:00:00,8,251.97,128.82,49.73,67.22,2141.78,3.7,412.07,172.03,295.79,3025.37,2853.23,172.15,6.03,172.15,378.17,NONE,WARNING,LOW,0
COST-000541,FAC-001,Infosys Smart Campus,BLD-001,Building A,2026-09-14 04:00:00,8,216.14,93.79,32.32,77.53,1837.21,4.26,361.96,177.82,260.82,2642.07,2853.23,-211.15,-7.4,0.0,330.26,NONE,NORMAL,NORMAL,0
COST-000542,FAC-001,Infosys Smart Campus,BLD-001,Building A,2026-09-14 05:00:00,7,219.96,90.28,33.26,69.93,1869.7,3.85,494.71,174.06,265.53,2807.84,2853.23,-45.39,-1.59,0.0,401.12,NONE,NORMAL,NORMAL,0
COST-000543,FAC-001,Infosys Smart Campus,BLD-001,Building A,2026-09-14 06:00:00,47,405.24,162.79,59.99,149.88,3444.56,8.24,503.23,172.35,262.98,4391.37,4182.18,209.19,5.0,209.19,93.43,NONE,WARNING,MEDIUM,0
COST-000544,FAC-001,Infosys Smart Campus,BLD-001,Building A,2026-09-14 07:00:00,44,324.7,136.47,64.43,139.32,2759.95,7.66,419.72,183.72,238.73,3609.77,4182.18,-572.41,-13.69,0.0,82.04,NONE,NORMAL,NORMAL,0
COST-000545,FAC-001,Infosys Smart Campus,BLD-001,Building A,2026-09-14 08:00:00,56,401.46,185.4,80.02,114.1,3412.39,6.28,364.64,175.84,248.06,4207.21,4182.18,25.03,0.6,25.03,75.13,NONE,NORMAL,LOW,0
COST-000546,FAC-001,Infosys Smart Campus,BLD-001,Building A,2026-09-14 09:00:00,119,658.07,301.46,122.13,204.41,5593.62,11.24,393.47,191.16,239.59,6429.07,5954.56,474.51,7.97,474.51,54.03,NONE,WARNING,MEDIUM,0
COST-000547,FAC-001,Infosys Smart Campus,BLD-001,Building A,2026-09-14 10:00:00,105,533.41,230.06,69.68,213.01,4533.94,11.72,498.45,182.56,288.35,5515.02,5954.56,-439.54,-7.38,0.0,52.52,NONE,NORMAL,NORMAL,0
COST-000548,FAC-001,Infosys Smart Campus,BLD-001,Building A,2026-09-14 11:00:00,128,606.77,305.91,103.65,191.89,5157.55,10.55,398.5,165.33,256.72,5988.66,5954.56,34.09,0.57,34.09,46.79,NONE,NORMAL,LOW,0
COST-000549,FAC-001,Infosys Smart Campus,BLD-001,Building A,2026-09-14 12:00:00,115,585.99,251.56,115.83,223.03,4980.96,12.27,410.5,173.56,262.04,5839.31,5954.56,-115.25,-1.94,0.0,50.78,NONE,NORMAL,NORMAL,0
COST-000550,FAC-001,Infosys Smart Campus,BLD-001,Building A,2026-09-14 13:00:00,101,551.06,269.13,73.63,225.88,4684.05,12.42,400.9,174.73,245.62,5517.71,5954.56,-436.85,-7.34,0.0,54.63,NONE,NORMAL,NORMAL,0
COST-000551,FAC-001,Infosys Smart Campus,BLD-001,Building A,2026-09-14 14:00:00,83,593.76,251.2,90.05,209.1,5046.96,11.5,432.86,197.4,239.84,5928.57,5954.56,-25.99,-0.44,0.0,71.43,NONE,NORMAL,NORMAL,0
COST-000552,FAC-001,Infosys Smart Campus,BLD-001,Building A,2026-09-14 15:00:00,108,646.53,305.73,88.06,226.62,5495.52,12.46,346.77,183.46,278.69,6316.9,5954.56,362.34,6.09,362.34,58.49,NONE,WARNING,MEDIUM,0
COST-000553,FAC-001,Infosys Smart Campus,BLD-001,Building A,2026-09-14 16:00:00,110,579.99,234.11,109.66,185.29,4929.89,10.19,496.16,164.62,236.53,5837.38,5954.56,-117.18,-1.97,0.0,53.07,NONE,NORMAL,NORMAL,0
COST-000554,FAC-001,Infosys Smart Campus,BLD-001,Building A,2026-09-14 17:00:00,41,451.14,209.95,62.62,108.19,3834.66,5.95,376.11,169.69,253.07,4639.48,4402.78,236.7,5.38,236.7,113.16,NONE,WARNING,MEDIUM,0
COST-000555,FAC-001,Infosys Smart Campus,BLD-001,Building A,2026-09-14 18:00:00,37,436.48,193.8,68.69,117.04,3710.11,6.44,389.24,171.6,260.46,4537.86,4402.78,135.08,3.07,135.08,122.64,NONE,NORMAL,LOW,0
COST-000556,FAC-001,Infosys Smart Campus,BLD-001,Building A,2026-09-14 19:00:00,45,430.41,215.8,66.79,127.03,3658.45,6.99,388.56,164.19,275.72,4493.91,4402.78,91.13,2.07,91.13,99.86,NONE,NORMAL,LOW,0
COST-000557,FAC-001,Infosys Smart Campus,BLD-001,Building A,2026-09-14 20:00:00,41,412.88,181.47,73.71,115.73,3509.45,6.37,385.38,178.07,277.71,4356.97,4402.78,-45.81,-1.04,0.0,106.27,NONE,NORMAL,NORMAL,0
COST-000558,FAC-001,Infosys Smart Campus,BLD-001,Building A,2026-09-14 21:00:00,13,299.64,141.78,58.15,75.02,2546.95,4.13,462.3,182.46,242.42,3438.26,3295.55,142.71,4.33,142.71,264.48,NONE,NORMAL,LOW,0
COST-000559,FAC-001,Infosys Smart Campus,BLD-001,Building A,2026-09-14 22:00:00,10,279.65,131.3,53.76,95.53,2377.0,5.25,344.6,170.38,259.38,3156.61,3295.55,-138.94,-4.22,0.0,315.66,NONE,NORMAL,NORMAL,0
COST-000560,FAC-001,Infosys Smart Campus,BLD-001,Building A,2026-09-14 23:00:00,13,267.17,123.03,40.77,78.94,2270.97,4.34,413.95,166.8,293.36,3149.43,3295.55,-146.12,-4.43,0.0,242.26,NONE,NORMAL,NORMAL,0
COST-000561,FAC-001,Infosys Smart Campus,BLD-001,Building A,2026-09-15 00:00:00,8,245.73,101.42,45.29,80.49,2088.67,4.43,444.18,192.04,266.03,2995.34,2853.23,142.12,4.98,142.12,374.42,NONE,NORMAL,LOW,0
COST-000562,FAC-001,Infosys Smart Campus,BLD-001,Building A,2026-09-15 01:00:00,8,224.23,103.92,29.69,89.75,1905.93,4.94,349.68,177.66,243.83,2682.04,2853.23,-171.19,-6.0,0.0,335.25,NONE,NORMAL,NORMAL,0
COST-000563,FAC-001,Infosys Smart Campus,BLD-001,Building A,2026-09-15 02:00:00,7,236.22,114.09,43.85,62.27,2007.84,3.42,445.13,193.25,285.6,2935.24,2853.23,82.01,2.87,82.01,419.32,NONE,NORMAL,LOW,0
COST-000564,FAC-001,Infosys Smart Campus,BLD-001,Building A,2026-09-15 03:00:00,10,223.08,92.24,29.77,78.07,1896.15,4.29,358.79,171.36,251.03,2681.64,2853.23,-171.59,-6.01,0.0,268.16,NONE,NORMAL,NORMAL,0
COST-000565,FAC-001,Infosys Smart Campus,BLD-001,Building A,2026-09-15 04:00:00,8,243.59,121.84,43.78,78.84,2070.49,4.34,443.37,174.27,298.82,2991.29,2853.23,138.06,4.84,138.06,373.91,NONE,NORMAL,LOW,0
COST-000566,FAC-001,Infosys Smart Campus,BLD-001,Building A,2026-09-15 05:00:00,7,219.25,112.18,28.88,70.92,1863.6,3.9,457.85,192.11,297.01,2814.47,2853.23,-38.76,-1.36,0.0,402.07,NONE,NORMAL,NORMAL,0
COST-000567,FAC-001,Infosys Smart Campus,BLD-001,Building A,2026-09-15 06:00:00,49,419.26,200.27,58.27,202.56,3563.74,11.14,346.79,183.34,285.35,4390.36,4182.18,208.19,4.98,210.41,89.6,HIGH_WATER_USAGE,NORMAL,MEDIUM,1
COST-000568,FAC-001,Infosys Smart Campus,BLD-001,Building A,2026-09-15 07:00:00,51,386.84,191.14,75.93,142.4,3288.15,7.83,402.86,195.53,247.38,4141.76,4182.18,-40.42,-0.97,0.0,81.21,NONE,NORMAL,NORMAL,0
COST-000569,FAC-001,Infosys Smart Campus,BLD-001,Building A,2026-09-15 08:00:00,52,404.48,198.17,72.39,126.96,3438.1,6.98,448.05,165.69,221.93,4280.75,4182.18,98.57,2.36,98.57,82.32,NONE,NORMAL,LOW,0
COST-000570,FAC-001,Infosys Smart Campus,BLD-001,Building A,2026-09-15 09:00:00,103,615.96,318.29,122.46,198.19,5235.69,10.9,482.05,188.53,260.08,6177.25,5954.56,222.68,3.74,222.68,59.97,NONE,NORMAL,MEDIUM,0
COST-000571,FAC-001,Infosys Smart Campus,BLD-001,Building A,2026-09-15 10:00:00,93,607.03,311.12,93.87,242.7,5159.79,13.35,378.72,184.72,222.95,5959.52,5954.56,4.96,0.08,4.96,64.08,NONE,NORMAL,LOW,0
COST-000572,FAC-001,Infosys Smart Campus,BLD-001,Building A,2026-09-15 11:00:00,98,602.79,284.94,105.03,240.57,5123.75,13.23,433.87,186.62,279.74,6037.21,5954.56,82.64,1.39,82.64,61.6,NONE,NORMAL,LOW,0
COST-000573,FAC-001,Infosys Smart Campus,BLD-001,Building A,2026-09-15 12:00:00,111,614.51,259.77,97.14,208.05,5223.33,11.44,424.27,165.94,236.82,6061.81,5954.56,107.25,1.8,107.25,54.61,NONE,NORMAL,LOW,0
COST-000574,FAC-001,Infosys Smart Campus,BLD-001,Building A,2026-09-15 13:00:00,110,595.39,256.76,112.34,218.51,5060.81,12.02,451.41,194.15,274.77,5993.16,5954.56,38.6,0.65,38.6,54.48,NONE,NORMAL,LOW,0
COST-000575,FAC-001,Infosys Smart Campus,BLD-001,Building A,2026-09-15 14:00:00,115,552.05,241.08,101.11,198.6,4692.45,10.92,393.67,173.83,267.98,5538.85,5954.56,-415.71,-6.98,0.0,48.16,NONE,NORMAL,NORMAL,0
COST-000576,FAC-001,Infosys Smart Campus,BLD-001,Building A,2026-09-15 15:00:00,107,643.59,262.9,113.42,198.5,5470.48,10.92,449.04,179.9,295.12,6405.46,5954.56,450.89,7.57,450.89,59.86,NONE,WARNING,MEDIUM,0
COST-000577,FAC-001,Infosys Smart Campus,BLD-001,Building A,2026-09-15 16:00:00,100,595.1,306.16,86.11,221.28,5058.34,12.17,440.37,163.73,258.72,5933.33,5954.56,-21.24,-0.36,0.0,59.33,NONE,NORMAL,NORMAL,0
COST-000578,FAC-001,Infosys Smart Campus,BLD-001,Building A,2026-09-15 17:00:00,44,435.36,187.38,83.87,115.71,3700.58,6.36,394.93,191.98,259.49,4553.34,4402.78,150.56,3.42,150.56,103.49,NONE,NORMAL,LOW,0
COST-000579,FAC-001,Infosys Smart Campus,BLD-001,Building A,2026-09-15 18:00:00,35,407.51,205.98,58.59,110.18,3463.84,6.06,450.91,168.85,261.63,4351.29,4402.78,-51.49,-1.17,0.0,124.32,NONE,NORMAL,NORMAL,0
COST-000580,FAC-001,Infosys Smart Campus,BLD-001,Building A,2026-09-15 19:00:00,44,393.45,196.02,60.39,122.7,3344.36,6.75,422.48,180.48,229.36,4183.43,4402.78,-219.35,-4.98,0.0,95.08,NONE,NORMAL,NORMAL,0
COST-000581,FAC-001,Infosys Smart Campus,BLD-001,Building A,2026-09-15 20:00:00,36,351.28,171.44,66.32,114.82,2985.9,6.32,363.71,166.49,249.54,3771.95,4402.78,-630.83,-14.33,0.0,104.78,NONE,NORMAL,NORMAL,0
COST-000582,FAC-001,Infosys Smart Campus,BLD-001,Building A,2026-09-15 21:00:00,12,271.65,110.44,35.65,78.1,2309.05,4.3,364.93,177.52,260.82,3116.61,3295.55,-178.94,-5.43,0.0,259.72,NONE,NORMAL,NORMAL,0
COST-000583,FAC-001,Infosys Smart Campus,BLD-001,Building A,2026-09-15 22:00:00,12,264.22,116.53,37.74,82.56,2245.91,4.54,374.01,166.75,290.19,3081.4,3295.55,-214.15,-6.5,0.0,256.78,NONE,NORMAL,NORMAL,0
COST-000584,FAC-001,Infosys Smart Campus,BLD-001,Building A,2026-09-15 23:00:00,12,267.93,134.73,50.16,77.79,2277.4,4.28,418.19,169.84,227.11,3096.82,3295.55,-198.72,-6.03,0.0,258.07,NONE,NORMAL,NORMAL,0
COST-000585,FAC-001,Infosys Smart Campus,BLD-001,Building A,2026-09-16 00:00:00,7,236.65,107.42,46.34,73.91,2011.54,4.06,381.6,162.13,233.68,2793.02,2853.23,-60.21,-2.11,0.0,399.0,NONE,NORMAL,NORMAL,0
COST-000586,FAC-001,Infosys Smart Campus,BLD-001,Building A,2026-09-16 01:00:00,10,212.13,105.0,37.68,70.15,1803.12,3.86,412.9,165.44,291.06,2676.38,2853.23,-176.85,-6.2,0.0,267.64,NONE,NORMAL,NORMAL,0
COST-000587,FAC-001,Infosys Smart Campus,BLD-001,Building A,2026-09-16 02:00:00,8,237.1,96.16,40.44,75.91,2015.37,4.18,375.78,165.02,281.06,2841.41,2853.23,-11.81,-0.41,0.0,355.18,NONE,NORMAL,NORMAL,0
COST-000588,FAC-001,Infosys Smart Campus,BLD-001,Building A,2026-09-16 03:00:00,7,225.69,110.17,37.58,75.74,1918.39,4.17,467.33,169.34,241.33,2800.55,2853.23,-52.67,-1.85,0.0,400.08,NONE,NORMAL,NORMAL,0
COST-000589,FAC-001,Infosys Smart Campus,BLD-001,Building A,2026-09-16 04:00:00,8,220.69,99.37,36.64,80.14,1875.88,4.41,345.13,162.67,232.2,2620.29,2853.23,-232.94,-8.16,0.0,327.54,NONE,NORMAL,NORMAL,0
COST-000590,FAC-001,Infosys Smart Campus,BLD-001,Building A,2026-09-16 05:00:00,8,254.68,125.91,37.45,82.24,2164.81,4.52,417.17,164.27,268.67,3019.45,2853.23,166.22,5.83,166.22,377.43,NONE,WARNING,LOW,0
COST-000591,FAC-001,Infosys Smart Campus,BLD-001,Building A,2026-09-16 06:00:00,47,435.08,180.71,74.29,140.57,3698.22,7.73,401.57,194.08,284.46,4586.06,4182.18,403.88,9.66,403.88,97.58,NONE,WARNING,MEDIUM,0
COST-000592,FAC-001,Infosys Smart Campus,BLD-001,Building A,2026-09-16 07:00:00,48,363.32,185.01,51.16,139.23,3088.21,7.66,340.84,185.17,242.62,3864.5,4182.18,-317.68,-7.6,0.0,80.51,NONE,NORMAL,NORMAL,0
COST-000593,FAC-001,Infosys Smart Campus,BLD-001,Building A,2026-09-16 08:00:00,37,372.11,156.56,64.58,136.91,3162.92,7.53,393.69,162.69,274.8,4001.63,4182.18,-180.55,-4.32,0.0,108.15,NONE,NORMAL,NORMAL,0
COST-000594,FAC-001,Infosys Smart Campus,BLD-001,Building A,2026-09-16 09:00:00,95,604.44,273.35,100.8,218.98,5137.77,12.04,462.09,188.87,232.35,6033.13,5954.56,78.56,1.32,78.56,63.51,NONE,NORMAL,LOW,0
COST-000595,FAC-001,Infosys Smart Campus,BLD-001,Building A,2026-09-16 10:00:00,101,622.89,322.57,97.67,202.0,5294.54,11.11,347.64,182.82,267.62,6103.72,5954.56,149.16,2.5,149.16,60.43,NONE,NORMAL,LOW,0
COST-000596,FAC-001,Infosys Smart Campus,BLD-001,Building A,2026-09-16 11:00:00,93,570.65,276.27,76.41,211.26,4850.55,11.62,453.95,180.27,255.44,5751.82,5954.56,-202.74,-3.4,0.0,61.85,NONE,NORMAL,NORMAL,0
COST-000597,FAC-001,Infosys Smart Campus,BLD-001,Building A,2026-09-16 12:00:00,100,568.49,286.68,109.9,223.61,4832.18,12.3,372.58,171.01,285.87,5673.94,5954.56,-280.62,-4.71,0.0,56.74,NONE,NORMAL,NORMAL,0
COST-000598,FAC-001,Infosys Smart Campus,BLD-001,Building A,2026-09-16 13:00:00,120,552.96,283.22,96.54,159.68,4700.15,8.78,412.69,167.38,293.53,5582.54,5954.56,-372.03,-6.25,0.0,46.52,NONE,NORMAL,NORMAL,0
COST-000599,FAC-001,Infosys Smart Campus,BLD-001,Building A,2026-09-16 14:00:00,91,590.83,257.77,78.91,229.89,5022.07,12.64,492.68,166.51,250.8,5944.7,5954.56,-9.86,-0.17,0.0,65.33,NONE,NORMAL,NORMAL,0
COST-000600,FAC-001,Infosys Smart Campus,BLD-001,Building A,2026-09-16 15:00:00,103,653.61,317.52,104.64,186.18,5555.72,10.24,497.65,196.72,243.58,6503.91,5954.56,549.35,9.23,549.35,63.14,NONE,WARNING,HIGH,0
COST-000601,FAC-001,Infosys Smart Campus,BLD-001,Building A,2026-09-16 16:00:00,109,597.16,239.21,94.88,394.55,5075.82,21.7,503.33,190.82,286.96,6078.63,5954.56,124.06,2.08,128.4,55.77,HIGH_WATER_USAGE,NORMAL,LOW,1
COST-000602,FAC-001,Infosys Smart Campus,BLD-001,Building A,2026-09-16 17:00:00,38,404.15,171.69,78.71,124.43,3435.23,6.84,353.41,187.29,244.36,4227.13,4402.78,-175.65,-3.99,0.0,111.24,NONE,NORMAL,NORMAL,0
COST-000603,FAC-001,Infosys Smart Campus,BLD-001,Building A,2026-09-16 18:00:00,40,446.98,231.37,78.45,126.32,3799.35,6.95,440.79,166.82,230.03,4643.94,4402.78,241.16,5.48,241.16,116.1,NONE,WARNING,MEDIUM,0
COST-000604,FAC-001,Infosys Smart Campus,BLD-001,Building A,2026-09-16 19:00:00,38,413.74,191.33,54.86,123.98,3516.8,6.82,448.95,186.81,247.63,4407.02,4402.78,4.24,0.1,4.24,115.97,NONE,NORMAL,LOW,0
COST-000605,FAC-001,Infosys Smart Campus,BLD-001,Building A,2026-09-16 20:00:00,44,400.05,170.44,67.19,103.76,3400.44,5.71,381.96,176.39,297.66,4262.16,4402.78,-140.62,-3.19,0.0,96.87,NONE,NORMAL,NORMAL,0
COST-000606,FAC-001,Infosys Smart Campus,BLD-001,Building A,2026-09-16 21:00:00,13,339.08,125.25,100.48,103.98,2882.18,5.72,474.21,162.48,263.28,3787.86,3295.55,492.31,14.94,620.42,291.37,EXCESS_LIGHTING,WARNING,HIGH,1
COST-000607,FAC-001,Infosys Smart Campus,BLD-001,Building A,2026-09-16 22:00:00,12,222.53,90.94,39.59,93.18,1891.49,5.12,361.1,185.34,234.45,2677.49,3295.55,-618.05,-18.75,0.0,223.12,NONE,NORMAL,NORMAL,0
COST-000608,FAC-001,Infosys Smart Campus,BLD-001,Building A,2026-09-16 23:00:00,12,291.82,122.24,57.6,88.98,2480.51,4.89,348.25,184.57,240.75,3258.97,3295.55,-36.58,-1.11,0.0,271.58,NONE,NORMAL,NORMAL,0
COST-000609,FAC-001,Infosys Smart Campus,BLD-001,Building A,2026-09-17 00:00:00,8,242.12,125.29,39.98,86.71,2058.03,4.77,427.88,181.66,227.98,2900.33,2853.23,47.1,1.65,47.1,362.54,NONE,NORMAL,LOW,0
COST-000610,FAC-001,Infosys Smart Campus,BLD-001,Building A,2026-09-17 01:00:00,8,252.08,126.73,34.52,75.27,2142.7,4.14,380.13,193.49,231.05,2951.52,2853.23,98.29,3.44,98.29,368.94,NONE,NORMAL,LOW,0
COST-000611,FAC-001,Infosys Smart Campus,BLD-001,Building A,2026-09-17 02:00:00,7,238.83,113.39,37.0,72.76,2030.07,4.0,375.59,187.69,289.15,2886.5,2853.23,33.28,1.17,33.28,412.36,NONE,NORMAL,LOW,0
COST-000612,FAC-001,Infosys Smart Campus,BLD-001,Building A,2026-09-17 03:00:00,9,217.71,98.25,30.75,78.38,1850.55,4.31,463.49,165.81,260.48,2744.63,2853.23,-108.59,-3.81,0.0,304.96,NONE,NORMAL,NORMAL,0
COST-000613,FAC-001,Infosys Smart Campus,BLD-001,Building A,2026-09-17 04:00:00,8,234.32,108.79,36.93,76.7,1991.7,4.22,418.37,192.48,285.89,2892.67,2853.23,39.44,1.38,39.44,361.58,NONE,NORMAL,LOW,0
COST-000614,FAC-001,Infosys Smart Campus,BLD-001,Building A,2026-09-17 05:00:00,9,206.31,94.7,35.09,70.83,1753.61,3.9,469.38,179.51,247.06,2653.46,2853.23,-199.77,-7.0,0.0,294.83,NONE,NORMAL,NORMAL,0
COST-000615,FAC-001,Infosys Smart Campus,BLD-001,Building A,2026-09-17 06:00:00,45,379.08,194.82,57.38,128.93,3222.21,7.09,341.91,173.63,263.44,4008.28,4182.18,-173.9,-4.16,0.0,89.07,NONE,NORMAL,NORMAL,0
COST-000616,FAC-001,Infosys Smart Campus,BLD-001,Building A,2026-09-17 07:00:00,41,334.03,151.54,66.0,138.22,2839.21,7.6,379.38,170.76,256.71,3653.67,4182.18,-528.51,-12.64,0.0,89.11,NONE,NORMAL,NORMAL,0
COST-000617,FAC-001,Infosys Smart Campus,BLD-001,Building A,2026-09-17 08:00:00,43,407.81,197.83,53.62,145.4,3466.37,8.0,430.71,169.38,278.88,4353.33,4182.18,171.16,4.09,171.16,101.24,NONE,NORMAL,LOW,0
COST-000618,FAC-001,Infosys Smart Campus,BLD-001,Building A,2026-09-17 09:00:00,100,610.87,270.19,110.31,206.08,5192.36,11.33,488.19,166.56,234.92,6093.37,5954.56,138.8,2.33,138.8,60.93,NONE,NORMAL,LOW,0
COST-000619,FAC-001,Infosys Smart Campus,BLD-001,Building A,2026-09-17 10:00:00,96,597.41,253.01,117.13,209.2,5077.98,11.51,427.53,171.71,275.79,5964.52,5954.56,9.95,0.17,9.95,62.13,NONE,NORMAL,LOW,0
COST-000620,FAC-001,Infosys Smart Campus,BLD-001,Building A,2026-09-17 11:00:00,107,634.37,257.71,87.51,392.31,5392.12,21.58,468.17,180.35,244.41,6306.62,5954.56,352.06,5.91,356.37,58.94,HIGH_WATER_USAGE,WARNING,MEDIUM,1
COST-000621,FAC-001,Infosys Smart Campus,BLD-001,Building A,2026-09-17 12:00:00,35,686.04,252.04,103.59,196.69,5831.34,10.82,492.78,184.95,283.54,6803.42,5954.56,848.86,14.26,1548.62,194.38,LOW_OCCUPANCY_HIGH_ENERGY,WARNING,CRITICAL,1
COST-000622,FAC-001,Infosys Smart Campus,BLD-001,Building A,2026-09-17 13:00:00,105,506.82,209.32,96.96,201.34,4307.97,11.07,364.24,180.44,259.02,5122.75,5954.56,-831.82,-13.97,0.0,48.79,NONE,NORMAL,NORMAL,0
COST-000623,FAC-001,Infosys Smart Campus,BLD-001,Building A,2026-09-17 14:00:00,110,604.23,283.73,101.4,224.9,5135.97,12.37,476.46,167.57,244.49,6036.87,5954.56,82.3,1.38,82.3,54.88,NONE,NORMAL,LOW,0
COST-000624,FAC-001,Infosys Smart Campus,BLD-001,Building A,2026-09-17 15:00:00,114,569.24,245.09,93.48,187.53,4838.55,10.31,501.74,164.01,232.09,5746.72,5954.56,-207.85,-3.49,0.0,50.41,NONE,NORMAL,NORMAL,0
COST-000625,FAC-001,Infosys Smart Campus,BLD-001,Building A,2026-09-17 16:00:00,106,576.14,234.23,108.63,262.0,4897.22,14.41,364.7,169.12,245.87,5691.31,5954.56,-263.25,-4.42,0.0,53.69,NONE,NORMAL,NORMAL,0
COST-000626,FAC-001,Infosys Smart Campus,BLD-001,Building A,2026-09-17 17:00:00,47,445.84,224.92,74.61,127.51,3789.63,7.01,396.5,165.23,241.03,4599.41,4402.78,196.63,4.47,387.81,97.86,HIGH_HVAC_USAGE,NORMAL,MEDIUM,1
COST-000627,FAC-001,Infosys Smart Campus,BLD-001,Building A,2026-09-17 18:00:00,42,444.29,191.72,81.62,122.95,3776.49,6.76,468.54,186.54,290.32,4728.66,4402.78,325.89,7.4,325.89,112.59,NONE,WARNING,MEDIUM,0
COST-000628,FAC-001,Infosys Smart Campus,BLD-001,Building A,2026-09-17 19:00:00,45,384.96,197.02,52.87,131.14,3272.15,7.21,423.39,182.37,222.19,4107.31,4402.78,-295.47,-6.71,0.0,91.27,NONE,NORMAL,NORMAL,0
COST-000629,FAC-001,Infosys Smart Campus,BLD-001,Building A,2026-09-17 20:00:00,39,451.77,202.74,84.32,118.4,3840.01,6.51,496.59,164.53,248.68,4756.33,4402.78,353.56,8.03,353.56,121.96,NONE,WARNING,MEDIUM,0
COST-000630,FAC-001,Infosys Smart Campus,BLD-001,Building A,2026-09-17 21:00:00,12,211.75,84.8,34.96,94.25,1799.87,5.18,499.31,167.73,248.62,2720.72,3295.55,-574.82,-17.44,0.0,226.73,NONE,NORMAL,NORMAL,0
COST-000631,FAC-001,Infosys Smart Campus,BLD-001,Building A,2026-09-17 22:00:00,10,258.89,124.24,37.56,87.44,2200.53,4.81,405.75,168.09,235.63,3014.8,3295.55,-280.75,-8.52,0.0,301.48,NONE,NORMAL,NORMAL,0
COST-000632,FAC-001,Infosys Smart Campus,BLD-001,Building A,2026-09-17 23:00:00,11,305.14,132.57,46.67,83.57,2593.67,4.6,401.29,163.34,292.57,3455.47,3295.55,159.93,4.85,159.93,314.13,NONE,NORMAL,LOW,0
COST-000633,FAC-001,Infosys Smart Campus,BLD-001,Building A,2026-09-18 00:00:00,8,250.81,115.96,35.95,82.48,2131.87,4.54,481.08,174.27,291.16,3082.92,2853.23,229.69,8.05,229.69,385.36,NONE,WARNING,MEDIUM,0
COST-000634,FAC-001,Infosys Smart Campus,BLD-001,Building A,2026-09-18 01:00:00,8,236.8,113.6,38.29,79.56,2012.78,4.38,497.55,189.9,269.51,2974.13,2853.23,120.9,4.24,120.9,371.77,NONE,NORMAL,LOW,0
COST-000635,FAC-001,Infosys Smart Campus,BLD-001,Building A,2026-09-18 02:00:00,9,239.36,111.29,44.59,72.36,2034.57,3.98,410.67,167.1,228.99,2845.31,2853.23,-7.92,-0.28,0.0,316.15,NONE,NORMAL,NORMAL,0
COST-000636,FAC-001,Infosys Smart Campus,BLD-001,Building A,2026-09-18 03:00:00,8,220.04,96.01,40.07,77.3,1870.3,4.25,456.6,197.73,275.47,2804.36,2853.23,-48.87,-1.71,0.0,350.54,NONE,NORMAL,NORMAL,0
COST-000637,FAC-001,Infosys Smart Campus,BLD-001,Building A,2026-09-18 04:00:00,9,214.17,103.71,33.41,77.14,1820.44,4.24,431.02,180.14,222.05,2657.9,2853.23,-195.33,-6.85,0.0,295.32,NONE,NORMAL,NORMAL,0
COST-000638,FAC-001,Infosys Smart Campus,BLD-001,Building A,2026-09-18 05:00:00,8,254.17,127.55,48.85,66.58,2160.45,3.66,458.37,173.39,247.69,3043.56,2853.23,190.34,6.67,190.34,380.45,NONE,WARNING,LOW,0
COST-000639,FAC-001,Infosys Smart Campus,BLD-001,Building A,2026-09-18 06:00:00,48,353.22,154.62,48.0,142.44,3002.38,7.83,348.89,177.35,255.5,3791.95,4182.18,-390.22,-9.33,0.0,79.0,NONE,NORMAL,NORMAL,0
COST-000640,FAC-001,Infosys Smart Campus,BLD-001,Building A,2026-09-18 07:00:00,52,356.45,171.78,68.08,142.23,3029.8,7.82,500.46,175.91,241.85,3955.83,4182.18,-226.34,-5.41,0.0,76.07,NONE,NORMAL,NORMAL,0
COST-000641,FAC-001,Infosys Smart Campus,BLD-001,Building A,2026-09-18 08:00:00,43,385.47,160.0,61.29,134.15,3276.48,7.38,353.68,186.19,270.56,4094.29,4182.18,-87.89,-2.1,0.0,95.22,NONE,NORMAL,NORMAL,0
COST-000642,FAC-001,Infosys Smart Campus,BLD-001,Building A,2026-09-18 09:00:00,107,618.54,311.86,98.34,218.01,5257.58,11.99,381.07,197.98,234.68,6083.29,5954.56,128.73,2.16,128.73,56.85,NONE,NORMAL,LOW,0
COST-000643,FAC-001,Infosys Smart Campus,BLD-001,Building A,2026-09-18 10:00:00,101,660.41,299.63,130.0,206.27,5613.49,11.34,478.55,194.62,263.24,6561.24,5954.56,606.68,10.19,606.68,64.96,NONE,WARNING,HIGH,0
COST-000644,FAC-001,Infosys Smart Campus,BLD-001,Building A,2026-09-18 11:00:00,110,540.93,268.35,94.26,222.46,4597.9,12.24,346.1,194.97,269.01,5420.22,5954.56,-534.35,-8.97,0.0,49.27,NONE,NORMAL,NORMAL,0
COST-000645,FAC-001,Infosys Smart Campus,BLD-001,Building A,2026-09-18 12:00:00,109,546.11,262.84,91.09,220.54,4641.95,12.13,345.02,165.82,234.55,5399.48,5954.56,-555.09,-9.32,0.0,49.54,NONE,NORMAL,NORMAL,0
COST-000646,FAC-001,Infosys Smart Campus,BLD-001,Building A,2026-09-18 13:00:00,122,641.66,325.35,116.33,233.17,5454.13,12.82,502.63,171.58,285.99,6427.15,5954.56,472.59,7.94,472.59,52.68,NONE,WARNING,MEDIUM,0
COST-000647,FAC-001,Infosys Smart Campus,BLD-001,Building A,2026-09-18 14:00:00,124,559.15,272.46,97.5,207.28,4752.8,11.4,478.64,177.97,292.66,5713.48,5954.56,-241.09,-4.05,0.0,46.08,NONE,NORMAL,NORMAL,0
COST-000648,FAC-001,Infosys Smart Campus,BLD-001,Building A,2026-09-18 15:00:00,93,670.5,332.27,114.53,174.64,5699.24,9.61,446.94,180.82,222.84,6559.44,5954.56,604.87,10.16,604.87,70.53,NONE,WARNING,HIGH,0
COST-000649,FAC-001,Infosys Smart Campus,BLD-001,Building A,2026-09-18 16:00:00,87,567.93,278.15,82.11,200.64,4827.37,11.04,388.25,193.89,281.44,5702.0,5954.56,-252.57,-4.24,0.0,65.54,NONE,NORMAL,NORMAL,0
COST-000650,FAC-001,Infosys Smart Campus,BLD-001,Building A,2026-09-18 17:00:00,39,440.02,190.24,84.54,129.69,3740.21,7.13,392.51,183.12,229.03,4552.0,4402.78,149.22,3.39,149.22,116.72,NONE,NORMAL,LOW,0
COST-000651,FAC-001,Infosys Smart Campus,BLD-001,Building A,2026-09-18 18:00:00,38,458.76,226.69,75.47,128.89,3899.44,7.09,418.46,164.72,269.19,4758.9,4402.78,356.12,8.09,356.12,125.23,NONE,WARNING,MEDIUM,0
COST-000652,FAC-001,Infosys Smart Campus,BLD-001,Building A,2026-09-18 19:00:00,38,383.58,197.36,73.34,138.26,3260.4,7.6,455.89,171.09,272.23,4167.21,4402.78,-235.57,-5.35,0.0,109.66,NONE,NORMAL,NORMAL,0
COST-000653,FAC-001,Infosys Smart Campus,BLD-001,Building A,2026-09-18 20:00:00,40,406.11,211.15,70.49,106.39,3451.97,5.85,344.33,165.41,223.56,4191.12,4402.78,-211.66,-4.81,0.0,104.78,NONE,NORMAL,NORMAL,0
COST-000654,FAC-001,Infosys Smart Campus,BLD-001,Building A,2026-09-18 21:00:00,11,336.7,137.2,60.77,82.51,2861.94,4.54,451.11,197.35,274.91,3789.84,3295.55,494.3,15.0,494.3,344.53,NONE,WARNING,MEDIUM,0
COST-000655,FAC-001,Infosys Smart Campus,BLD-001,Building A,2026-09-18 22:00:00,14,283.51,142.39,43.93,76.76,2409.87,4.22,469.8,181.69,271.7,3337.29,3295.55,41.74,1.27,41.74,238.38,NONE,NORMAL,LOW,0
COST-000656,FAC-001,Infosys Smart Campus,BLD-001,Building A,2026-09-18 23:00:00,13,299.15,139.05,54.59,91.68,2542.75,5.04,441.82,174.95,252.65,3417.22,3295.55,121.67,3.69,121.67,262.86,NONE,NORMAL,LOW,0
COST-000657,FAC-001,Infosys Smart Campus,BLD-001,Building A,2026-09-19 00:00:00,8,205.28,102.72,29.04,75.16,1744.86,4.13,376.02,175.99,255.61,2556.62,2853.23,-296.61,-10.4,0.0,319.58,NONE,NORMAL,NORMAL,0
COST-000658,FAC-001,Infosys Smart Campus,BLD-001,Building A,2026-09-19 01:00:00,8,230.6,96.26,38.44,82.48,1960.13,4.54,438.09,197.4,286.61,2886.77,2853.23,33.54,1.18,33.54,360.85,NONE,NORMAL,LOW,0
COST-000659,FAC-001,Infosys Smart Campus,BLD-001,Building A,2026-09-19 02:00:00,8,229.67,99.77,38.85,71.35,1952.16,3.92,370.72,193.47,223.38,2743.65,2853.23,-109.58,-3.84,0.0,342.96,NONE,NORMAL,NORMAL,0
COST-000660,FAC-001,Infosys Smart Campus,BLD-001,Building A,2026-09-19 03:00:00,7,256.09,108.87,42.92,81.23,2176.74,4.47,441.39,178.98,295.86,3097.44,2853.23,244.21,8.56,244.21,442.49,NONE,WARNING,MEDIUM,0
COST-000661,FAC-001,Infosys Smart Campus,BLD-001,Building A,2026-09-19 04:00:00,8,238.47,116.27,43.28,75.49,2027.0,4.15,375.08,166.16,246.44,2818.82,2853.23,-34.4,-1.21,0.0,352.35,NONE,NORMAL,NORMAL,0
COST-000662,FAC-001,Infosys Smart Campus,BLD-001,Building A,2026-09-19 05:00:00,7,233.98,95.32,42.12,83.66,1988.87,4.6,499.05,182.12,247.24,2921.88,2853.23,68.66,2.41,68.66,417.41,NONE,NORMAL,LOW,0
COST-000663,FAC-001,Infosys Smart Campus,BLD-001,Building A,2026-09-19 06:00:00,49,390.44,188.8,69.12,138.84,3318.75,7.64,389.3,179.41,243.98,4139.09,4182.18,-43.09,-1.03,0.0,84.47,NONE,NORMAL,NORMAL,0
COST-000664,FAC-001,Infosys Smart Campus,BLD-001,Building A,2026-09-19 07:00:00,43,402.01,160.88,60.23,112.23,3417.06,6.17,435.73,183.88,252.46,4295.31,4182.18,113.13,2.71,113.13,99.89,NONE,NORMAL,LOW,0
COST-000665,FAC-001,Infosys Smart Campus,BLD-001,Building A,2026-09-19 08:00:00,42,405.69,202.14,56.05,117.1,3448.37,6.44,428.36,178.28,234.21,4295.67,4182.18,113.49,2.71,113.49,102.28,NONE,NORMAL,LOW,0
COST-000666,FAC-001,Infosys Smart Campus,BLD-001,Building A,2026-09-19 09:00:00,118,606.77,302.82,81.43,211.27,5157.55,11.62,491.5,180.11,272.64,6113.42,5954.56,158.86,2.67,158.86,51.81,NONE,NORMAL,LOW,0
COST-000667,FAC-001,Infosys Smart Campus,BLD-001,Building A,2026-09-19 10:00:00,74,601.52,265.13,108.47,193.65,5112.96,10.65,365.77,187.02,269.07,5945.47,5954.56,-9.09,-0.15,0.0,80.34,NONE,NORMAL,NORMAL,0
COST-000668,FAC-001,Infosys Smart Campus,BLD-001,Building A,2026-09-19 11:00:00,96,496.52,252.77,65.56,203.88,4220.43,11.21,487.52,178.07,263.95,5161.18,5954.56,-793.38,-13.32,0.0,53.76,NONE,NORMAL,NORMAL,0
COST-000669,FAC-001,Infosys Smart Campus,BLD-001,Building A,2026-09-19 12:00:00,77,684.32,294.95,128.17,213.14,5816.76,11.72,350.57,183.8,225.45,6588.3,5954.56,633.74,10.64,633.74,85.56,NONE,WARNING,HIGH,0
COST-000670,FAC-001,Infosys Smart Campus,BLD-001,Building A,2026-09-19 13:00:00,107,612.85,293.88,104.99,244.15,5209.25,13.43,369.75,173.01,261.91,6027.34,5954.56,72.77,1.22,72.77,56.33,NONE,NORMAL,LOW,0
COST-000671,FAC-001,Infosys Smart Campus,BLD-001,Building A,2026-09-19 14:00:00,117,624.88,307.48,123.78,204.07,5311.5,11.22,460.87,177.77,284.79,6246.16,5954.56,291.6,4.9,291.6,53.39,NONE,NORMAL,MEDIUM,0
COST-000672,FAC-001,Infosys Smart Campus,BLD-001,Building A,2026-09-19 15:00:00,103,629.65,323.48,84.91,211.71,5351.99,11.64,438.43,171.21,252.75,6226.03,5954.56,271.46,4.56,271.46,60.45,NONE,NORMAL,MEDIUM,0
COST-000673,FAC-001,Infosys Smart Campus,BLD-001,Building A,2026-09-19 16:00:00,93,627.85,296.5,112.27,210.16,5336.74,11.56,457.7,168.82,290.59,6265.41,5954.56,310.85,5.22,310.85,67.37,NONE,WARNING,MEDIUM,0
COST-000674,FAC-001,Infosys Smart Campus,BLD-001,Building A,2026-09-19 17:00:00,38,376.72,170.49,59.75,120.21,3202.11,6.61,434.37,180.76,232.68,4056.54,4402.78,-346.24,-7.86,0.0,106.75,NONE,NORMAL,NORMAL,0
COST-000675,FAC-001,Infosys Smart Campus,BLD-001,Building A,2026-09-19 18:00:00,42,409.17,191.15,63.47,118.88,3477.93,6.54,387.37,164.62,293.75,4330.2,4402.78,-72.58,-1.65,0.0,103.1,NONE,NORMAL,NORMAL,0
COST-000676,FAC-001,Infosys Smart Campus,BLD-001,Building A,2026-09-19 19:00:00,47,453.74,196.7,79.52,118.65,3856.81,6.53,343.0,191.9,265.56,4663.8,4402.78,261.02,5.93,261.02,99.23,NONE,WARNING,MEDIUM,0
COST-000677,FAC-001,Infosys Smart Campus,BLD-001,Building A,2026-09-19 20:00:00,44,486.07,245.43,64.67,128.91,4131.59,7.09,338.96,180.61,262.31,4920.56,4402.78,517.78,11.76,517.78,111.83,NONE,WARNING,HIGH,0
COST-000678,FAC-001,Infosys Smart Campus,BLD-001,Building A,2026-09-19 21:00:00,12,253.91,122.34,36.7,77.47,2158.23,4.26,470.91,176.95,243.12,3053.47,3295.55,-242.08,-7.35,0.0,254.46,NONE,NORMAL,NORMAL,0
COST-000679,FAC-001,Infosys Smart Campus,BLD-001,Building A,2026-09-19 22:00:00,12,249.53,121.36,38.71,72.37,2120.96,3.98,340.18,162.14,238.72,2865.98,3295.55,-429.56,-13.03,0.0,238.83,NONE,NORMAL,NORMAL,0
COST-000680,FAC-001,Infosys Smart Campus,BLD-001,Building A,2026-09-19 23:00:00,14,307.84,152.64,45.78,80.73,2616.68,4.44,374.19,174.21,259.86,3429.38,3295.55,133.84,4.06,133.84,244.96,NONE,NORMAL,LOW,0
COST-000681,FAC-001,Infosys Smart Campus,BLD-001,Building A,2026-09-20 00:00:00,7,228.83,95.11,29.95,79.77,1945.05,4.39,414.73,183.29,290.17,2837.62,2853.23,-15.6,-0.55,0.0,405.37,NONE,NORMAL,NORMAL,0
COST-000682,FAC-001,Infosys Smart Campus,BLD-001,Building A,2026-09-20 01:00:00,7,239.05,96.63,40.7,79.85,2031.96,4.39,338.9,181.79,287.91,2844.95,2853.23,-8.28,-0.29,0.0,406.42,NONE,NORMAL,NORMAL,0
COST-000683,FAC-001,Infosys Smart Campus,BLD-001,Building A,2026-09-20 02:00:00,8,233.86,93.85,37.22,79.59,1987.8,4.38,365.88,193.99,255.47,2807.51,2853.23,-45.71,-1.6,0.0,350.94,NONE,NORMAL,NORMAL,0
COST-000684,FAC-001,Infosys Smart Campus,BLD-001,Building A,2026-09-20 03:00:00,7,240.7,119.1,42.06,73.45,2045.93,4.04,459.88,193.76,254.84,2958.45,2853.23,105.22,3.69,105.22,422.64,NONE,NORMAL,LOW,0
COST-000685,FAC-001,Infosys Smart Campus,BLD-001,Building A,2026-09-20 04:00:00,7,239.55,110.72,40.99,74.26,2036.14,4.08,414.15,164.27,267.66,2886.31,2853.23,33.08,1.16,33.08,412.33,NONE,NORMAL,LOW,0
COST-000686,FAC-001,Infosys Smart Campus,BLD-001,Building A,2026-09-20 05:00:00,8,223.35,115.4,37.54,77.78,1898.46,4.28,423.38,183.99,241.62,2751.72,2853.23,-101.51,-3.56,0.0,343.96,NONE,NORMAL,NORMAL,0
COST-000687,FAC-001,Infosys Smart Campus,BLD-001,Building A,2026-09-20 06:00:00,47,339.64,168.74,45.34,143.55,2886.97,7.89,338.52,173.26,266.88,3673.52,4182.18,-508.66,-12.16,0.0,78.16,NONE,NORMAL,NORMAL,0
COST-000688,FAC-001,Infosys Smart Campus,BLD-001,Building A,2026-09-20 07:00:00,49,383.98,179.04,66.01,119.23,3263.85,6.56,403.2,190.02,294.41,4158.05,4182.18,-24.13,-0.58,0.0,84.86,NONE,NORMAL,NORMAL,0
COST-000689,FAC-001,Infosys Smart Campus,BLD-001,Building A,2026-09-20 08:00:00,48,419.82,188.6,64.36,118.96,3568.5,6.54,503.7,168.77,232.55,4480.05,4182.18,297.87,7.12,297.87,93.33,NONE,WARNING,MEDIUM,0
COST-000690,FAC-001,Infosys Smart Campus,BLD-001,Building A,2026-09-20 09:00:00,114,605.31,287.73,94.17,195.48,5145.14,10.75,468.45,191.45,295.72,6111.52,5954.56,156.95,2.64,156.95,53.61,NONE,NORMAL,LOW,0
COST-000691,FAC-001,Infosys Smart Campus,BLD-001,Building A,2026-09-20 10:00:00,107,650.79,274.34,89.15,212.88,5531.68,11.71,421.46,163.97,262.77,6391.59,5954.56,437.02,7.34,437.02,59.73,NONE,WARNING,MEDIUM,0
COST-000692,FAC-001,Infosys Smart Campus,BLD-001,Building A,2026-09-20 11:00:00,100,604.15,300.34,112.38,221.29,5135.3,12.17,465.4,188.92,239.26,6041.05,5954.56,86.49,1.45,86.49,60.41,NONE,NORMAL,LOW,0
COST-000693,FAC-001,Infosys Smart Campus,BLD-001,Building A,2026-09-20 12:00:00,105,568.2,235.77,112.14,223.07,4829.74,12.27,390.3,195.67,249.34,5677.31,5954.56,-277.26,-4.66,0.0,54.07,NONE,NORMAL,NORMAL,0
COST-000694,FAC-001,Infosys Smart Campus,BLD-001,Building A,2026-09-20 13:00:00,100,561.83,269.93,84.4,206.2,4775.56,11.34,435.35,187.89,279.13,5689.26,5954.56,-265.3,-4.46,0.0,56.89,NONE,NORMAL,NORMAL,0
COST-000695,FAC-001,Infosys Smart Campus,BLD-001,Building A,2026-09-20 14:00:00,83,605.42,303.01,91.84,167.57,5146.04,9.22,408.56,175.9,274.81,6014.52,5954.56,59.96,1.01,59.96,72.46,NONE,NORMAL,LOW,0
COST-000696,FAC-001,Infosys Smart Campus,BLD-001,Building A,2026-09-20 15:00:00,107,561.01,258.61,101.81,214.13,4768.57,11.78,441.7,175.33,238.64,5636.01,5954.56,-318.55,-5.35,0.0,52.67,NONE,NORMAL,NORMAL,0
COST-000697,FAC-001,Infosys Smart Campus,BLD-001,Building A,2026-09-20 16:00:00,107,608.05,260.29,87.59,193.74,5168.47,10.66,361.58,171.5,254.35,5966.56,5954.56,11.99,0.2,11.99,55.76,NONE,NORMAL,LOW,0
COST-000698,FAC-001,Infosys Smart Campus,BLD-001,Building A,2026-09-20 17:00:00,46,390.86,171.76,58.61,135.36,3322.29,7.44,366.35,179.48,275.93,4151.49,4402.78,-251.29,-5.71,0.0,90.25,NONE,NORMAL,NORMAL,0
COST-000699,FAC-001,Infosys Smart Campus,BLD-001,Building A,2026-09-20 18:00:00,42,392.84,197.41,51.2,122.64,3339.11,6.75,421.79,179.17,286.12,4232.95,4402.78,-169.83,-3.86,0.0,100.78,NONE,NORMAL,NORMAL,0
COST-000700,FAC-001,Infosys Smart Campus,BLD-001,Building A,2026-09-20 19:00:00,47,412.92,170.7,57.02,139.33,3509.82,7.66,424.94,179.34,274.08,4395.84,4402.78,-6.94,-0.16,0.0,93.53,NONE,NORMAL,NORMAL,0
COST-000701,FAC-001,Infosys Smart Campus,BLD-001,Building A,2026-09-20 20:00:00,43,444.54,218.51,81.6,110.1,3778.57,6.06,399.37,194.52,226.44,4604.95,4402.78,202.17,4.59,202.17,107.09,NONE,NORMAL,MEDIUM,0
COST-000702,FAC-001,Infosys Smart Campus,BLD-001,Building A,2026-09-20 21:00:00,11,261.27,128.18,46.26,92.72,2220.78,5.1,352.61,191.24,288.55,3058.27,3295.55,-237.27,-7.2,0.0,278.02,NONE,NORMAL,NORMAL,0
COST-000703,FAC-001,Infosys Smart Campus,BLD-001,Building A,2026-09-20 22:00:00,12,280.46,141.73,47.25,74.94,2383.94,4.12,457.29,193.03,272.02,3310.4,3295.55,14.86,0.45,14.86,275.87,NONE,NORMAL,LOW,0
COST-000704,FAC-001,Infosys Smart Campus,BLD-001,Building A,2026-09-20 23:00:00,14,261.27,106.18,42.12,82.93,2220.79,4.56,431.65,175.78,280.06,3112.84,3295.55,-182.71,-5.54,0.0,222.35,NONE,NORMAL,NORMAL,0
COST-000705,FAC-001,Infosys Smart Campus,BLD-001,Building A,2026-09-21 00:00:00,9,206.88,96.1,26.96,75.66,1758.52,4.16,360.7,187.59,296.92,2607.89,2853.23,-245.33,-8.6,0.0,289.77,NONE,NORMAL,NORMAL,0
COST-000706,FAC-001,Infosys Smart Campus,BLD-001,Building A,2026-09-21 01:00:00,8,223.07,113.54,30.45,81.49,1896.06,4.48,485.11,185.09,253.26,2824.0,2853.23,-29.23,-1.02,0.0,353.0,NONE,NORMAL,NORMAL,0
COST-000707,FAC-001,Infosys Smart Campus,BLD-001,Building A,2026-09-21 02:00:00,7,210.09,96.87,32.0,75.51,1785.8,4.15,487.68,192.62,253.32,2723.57,2853.23,-129.66,-4.54,0.0,389.08,NONE,NORMAL,NORMAL,0
COST-000708,FAC-001,Infosys Smart Campus,BLD-001,Building A,2026-09-21 03:00:00,9,264.59,132.82,39.81,83.05,2249.0,4.57,399.67,174.73,231.33,3059.3,2853.23,206.07,7.22,206.07,339.92,NONE,WARNING,MEDIUM,0
COST-000709,FAC-001,Infosys Smart Campus,BLD-001,Building A,2026-09-21 04:00:00,8,267.75,130.27,41.42,74.9,2275.89,4.12,342.77,190.97,249.78,3063.54,2853.23,210.31,7.37,210.31,382.94,NONE,WARNING,MEDIUM,0
COST-000710,FAC-001,Infosys Smart Campus,BLD-001,Building A,2026-09-21 05:00:00,6,239.65,105.89,42.79,79.34,2036.99,4.36,486.58,176.56,256.54,2961.03,2853.23,107.8,3.78,107.8,493.5,NONE,NORMAL,LOW,0
COST-000711,FAC-001,Infosys Smart Campus,BLD-001,Building A,2026-09-21 06:00:00,51,405.36,173.64,71.46,113.75,3445.52,6.26,401.05,174.46,286.2,4313.49,4182.18,131.31,3.14,131.31,84.58,NONE,NORMAL,LOW,0
COST-000712,FAC-001,Infosys Smart Campus,BLD-001,Building A,2026-09-21 07:00:00,41,398.17,171.15,52.19,123.42,3384.44,6.79,437.92,187.53,222.64,4239.32,4182.18,57.14,1.37,57.14,103.4,NONE,NORMAL,LOW,0
COST-000713,FAC-001,Infosys Smart Campus,BLD-001,Building A,2026-09-21 08:00:00,50,366.8,160.35,69.73,122.25,3117.83,6.72,459.09,184.21,221.23,3989.08,4182.18,-193.1,-4.62,0.0,79.78,NONE,NORMAL,NORMAL,0
COST-000714,FAC-001,Infosys Smart Campus,BLD-001,Building A,2026-09-21 09:00:00,121,629.74,286.22,119.93,187.71,5352.77,10.32,503.46,167.53,288.31,6322.4,5954.56,367.84,6.18,367.84,52.25,NONE,WARNING,MEDIUM,0
COST-000715,FAC-001,Infosys Smart Campus,BLD-001,Building A,2026-09-21 10:00:00,111,533.21,245.64,69.99,227.58,4532.25,12.52,358.76,178.11,285.7,5367.34,5954.56,-587.22,-9.86,0.0,48.35,NONE,NORMAL,NORMAL,0
COST-000716,FAC-001,Infosys Smart Campus,BLD-001,Building A,2026-09-21 11:00:00,112,585.07,253.18,95.04,178.47,4973.1,9.82,412.46,182.01,252.51,5829.9,5954.56,-124.66,-2.09,0.0,52.05,NONE,NORMAL,NORMAL,0
COST-000717,FAC-001,Infosys Smart Campus,BLD-001,Building A,2026-09-21 12:00:00,101,596.86,259.07,95.83,197.08,5073.33,10.84,401.2,170.72,293.11,5949.21,5954.56,-5.36,-0.09,0.0,58.9,NONE,NORMAL,NORMAL,0
COST-000718,FAC-001,Infosys Smart Campus,BLD-001,Building A,2026-09-21 13:00:00,127,584.47,235.15,115.79,210.49,4967.96,11.58,471.34,164.1,292.85,5907.82,5954.56,-46.74,-0.78,0.0,46.52,NONE,NORMAL,NORMAL,0
COST-000719,FAC-001,Infosys Smart Campus,BLD-001,Building A,2026-09-21 14:00:00,107,640.86,257.04,94.88,193.51,5447.3,10.64,341.54,183.24,261.88,6244.61,5954.56,290.05,4.87,290.05,58.36,NONE,NORMAL,MEDIUM,0
COST-000720,FAC-001,Infosys Smart Campus,BLD-001,Building A,2026-09-21 15:00:00,80,692.87,293.3,191.81,213.65,5889.43,11.75,476.38,163.57,239.46,6780.58,5954.56,826.02,13.87,1070.57,84.76,EXCESS_LIGHTING,WARNING,CRITICAL,1
COST-000721,FAC-001,Infosys Smart Campus,BLD-002,Building B,2026-08-22 16:00:00,81,566.49,231.15,74.76,195.83,4815.15,10.77,411.31,195.06,252.83,5685.12,5422.62,262.5,4.84,262.5,70.19,NONE,NORMAL,MEDIUM,0
COST-000722,FAC-001,Infosys Smart Campus,BLD-002,Building B,2026-08-22 17:00:00,36,378.02,192.4,70.43,98.26,3213.17,5.4,407.12,182.59,291.78,4100.07,4020.08,79.99,1.99,79.99,113.89,NONE,NORMAL,LOW,0
COST-000723,FAC-001,Infosys Smart Campus,BLD-002,Building B,2026-08-22 18:00:00,38,348.41,176.13,55.29,103.64,2961.49,5.7,351.47,196.02,243.05,3757.72,4020.08,-262.35,-6.53,0.0,98.89,NONE,NORMAL,NORMAL,0
COST-000724,FAC-001,Infosys Smart Campus,BLD-002,Building B,2026-08-22 19:00:00,37,428.48,179.73,70.29,106.47,3642.07,5.86,433.47,184.55,273.19,4539.12,4020.08,519.05,12.91,519.05,122.68,NONE,WARNING,HIGH,0
COST-000725,FAC-001,Infosys Smart Campus,BLD-002,Building B,2026-08-22 20:00:00,39,363.63,157.01,71.04,118.93,3090.84,6.54,369.39,184.24,281.06,3932.06,4020.08,-88.01,-2.19,0.0,100.82,NONE,NORMAL,NORMAL,0
COST-000726,FAC-001,Infosys Smart Campus,BLD-002,Building B,2026-08-22 21:00:00,12,252.72,126.04,42.02,77.32,2148.11,4.25,349.94,182.91,277.93,2963.15,3019.33,-56.17,-1.86,0.0,246.93,NONE,NORMAL,NORMAL,0
COST-000727,FAC-001,Infosys Smart Campus,BLD-002,Building B,2026-08-22 22:00:00,13,236.39,114.39,42.5,64.13,2009.33,3.53,375.43,193.93,250.51,2832.72,3019.33,-186.6,-6.18,0.0,217.9,NONE,NORMAL,NORMAL,0
COST-000728,FAC-001,Infosys Smart Campus,BLD-002,Building B,2026-08-22 23:00:00,11,251.43,114.93,50.14,75.54,2137.12,4.15,334.23,180.05,239.22,2894.78,3019.33,-124.54,-4.12,0.0,263.16,NONE,NORMAL,NORMAL,0
COST-000729,FAC-001,Infosys Smart Campus,BLD-002,Building B,2026-08-23 00:00:00,8,204.88,100.91,29.91,69.8,1741.45,3.84,378.29,183.78,264.67,2572.04,2619.54,-47.5,-1.81,0.0,321.5,NONE,NORMAL,NORMAL,0
COST-000730,FAC-001,Infosys Smart Campus,BLD-002,Building B,2026-08-23 01:00:00,8,230.51,97.08,43.08,49.39,1959.34,2.72,322.22,189.58,293.73,2767.59,2619.54,148.05,5.65,148.05,345.95,NONE,WARNING,LOW,0
COST-000731,FAC-001,Infosys Smart Campus,BLD-002,Building B,2026-08-23 02:00:00,7,219.03,91.17,36.42,65.72,1861.76,3.61,360.33,190.61,256.59,2672.91,2619.54,53.37,2.04,53.37,381.84,NONE,NORMAL,LOW,0
COST-000732,FAC-001,Infosys Smart Campus,BLD-002,Building B,2026-08-23 03:00:00,7,203.57,93.87,28.57,64.73,1730.35,3.56,387.94,187.73,294.14,2603.73,2619.54,-15.81,-0.6,0.0,371.96,NONE,NORMAL,NORMAL,0
COST-000733,FAC-001,Infosys Smart Campus,BLD-002,Building B,2026-08-23 04:00:00,7,205.92,89.84,39.67,68.01,1750.36,3.74,309.37,181.58,247.41,2492.45,2619.54,-127.08,-4.85,0.0,356.06,NONE,NORMAL,NORMAL,0
COST-000734,FAC-001,Infosys Smart Campus,BLD-002,Building B,2026-08-23 05:00:00,7,246.32,124.21,43.43,65.86,2093.7,3.62,426.3,194.6,230.34,2948.56,2619.54,329.03,12.56,329.03,421.22,NONE,WARNING,MEDIUM,0
COST-000735,FAC-001,Infosys Smart Campus,BLD-002,Building B,2026-08-23 06:00:00,35,359.09,145.67,63.49,115.75,3052.3,6.37,431.43,194.92,241.69,3926.71,3820.68,106.02,2.77,106.02,112.19,NONE,NORMAL,LOW,0
COST-000736,FAC-001,Infosys Smart Campus,BLD-002,Building B,2026-08-23 07:00:00,43,388.46,161.08,46.13,123.01,3301.91,6.77,503.6,186.12,221.03,4219.42,3820.68,398.73,10.44,398.73,98.13,MAINTENANCE_RISK,WARNING,MEDIUM,1
COST-000737,FAC-001,Infosys Smart Campus,BLD-002,Building B,2026-08-23 08:00:00,40,322.52,147.78,49.94,118.27,2741.46,6.5,305.94,177.49,289.25,3520.64,3820.68,-300.04,-7.85,0.0,88.02,NONE,NORMAL,NORMAL,0
COST-000738,FAC-001,Infosys Smart Campus,BLD-002,Building B,2026-08-23 09:00:00,94,518.78,254.72,89.45,184.26,4409.63,10.13,310.5,167.06,269.56,5166.88,5422.62,-255.74,-4.72,0.0,54.97,NONE,NORMAL,NORMAL,0
COST-000739,FAC-001,Infosys Smart Campus,BLD-002,Building B,2026-08-23 10:00:00,95,485.05,225.73,72.68,182.71,4122.89,10.05,376.91,167.79,297.3,4974.94,5422.62,-447.68,-8.26,0.0,52.37,NONE,NORMAL,NORMAL,0
COST-000740,FAC-001,Infosys Smart Campus,BLD-002,Building B,2026-08-23 11:00:00,96,538.79,239.06,94.16,169.9,4579.7,9.34,367.46,171.89,290.24,5418.64,5422.62,-3.98,-0.07,0.0,56.44,NONE,NORMAL,NORMAL,0
COST-000741,FAC-001,Infosys Smart Campus,BLD-002,Building B,2026-08-23 12:00:00,90,572.78,283.36,75.71,188.94,4868.64,10.39,357.22,164.39,298.17,5698.81,5422.62,276.19,5.09,276.19,63.32,NONE,WARNING,MEDIUM,0
COST-000742,FAC-001,Infosys Smart Campus,BLD-002,Building B,2026-08-23 13:00:00,99,544.56,246.75,106.96,183.69,4628.73,10.1,382.85,179.36,275.82,5476.87,5422.62,54.25,1.0,54.25,55.32,NONE,NORMAL,LOW,0
COST-000743,FAC-001,Infosys Smart Campus,BLD-002,Building B,2026-08-23 14:00:00,101,508.87,215.1,86.58,195.32,4325.37,10.74,380.8,174.68,239.26,5130.84,5422.62,-291.77,-5.38,0.0,50.8,NONE,NORMAL,NORMAL,0
COST-000744,FAC-001,Infosys Smart Campus,BLD-002,Building B,2026-08-23 15:00:00,91,557.8,286.31,87.99,220.14,4741.32,12.11,376.39,180.45,241.89,5552.16,5422.62,129.54,2.39,129.54,61.01,NONE,NORMAL,LOW,0
COST-000745,FAC-001,Infosys Smart Campus,BLD-002,Building B,2026-08-23 16:00:00,79,445.66,216.06,87.28,184.2,3788.14,10.13,384.72,168.06,280.32,4631.38,5422.62,-791.24,-14.59,0.0,58.63,NONE,NORMAL,NORMAL,0
COST-000746,FAC-001,Infosys Smart Campus,BLD-002,Building B,2026-08-23 17:00:00,37,383.77,185.95,62.08,108.39,3262.05,5.96,430.86,179.28,250.11,4128.27,4020.08,108.19,2.69,108.19,111.57,NONE,NORMAL,LOW,0
COST-000747,FAC-001,Infosys Smart Campus,BLD-002,Building B,2026-08-23 18:00:00,48,369.93,156.37,71.42,120.25,3144.4,6.61,393.75,166.35,227.14,3938.25,4020.08,-81.82,-2.04,0.0,82.05,NONE,NORMAL,NORMAL,0
COST-000748,FAC-001,Infosys Smart Campus,BLD-002,Building B,2026-08-23 19:00:00,43,311.9,146.8,42.5,116.55,2651.17,6.41,328.83,197.54,264.77,3448.72,4020.08,-571.36,-14.21,0.0,80.2,NONE,NORMAL,NORMAL,0
COST-000749,FAC-001,Infosys Smart Campus,BLD-002,Building B,2026-08-23 20:00:00,33,407.5,167.63,80.81,105.22,3463.77,5.79,306.13,191.17,262.85,4229.72,4020.08,209.64,5.21,209.64,128.17,NONE,WARNING,MEDIUM,0
COST-000750,FAC-001,Infosys Smart Campus,BLD-002,Building B,2026-08-23 21:00:00,9,254.22,106.65,48.98,73.39,2160.88,4.04,340.19,164.36,274.87,2944.33,3019.33,-74.99,-2.48,0.0,327.15,NONE,NORMAL,NORMAL,0
COST-000751,FAC-001,Infosys Smart Campus,BLD-002,Building B,2026-08-23 22:00:00,9,284.64,126.27,41.32,76.22,2419.41,4.19,369.94,171.15,285.36,3250.05,3019.33,230.73,7.64,230.73,361.12,NONE,WARNING,MEDIUM,0
COST-000752,FAC-001,Infosys Smart Campus,BLD-002,Building B,2026-08-23 23:00:00,10,311.47,135.98,44.45,68.21,2647.49,3.75,410.37,169.06,274.83,3505.5,3019.33,486.18,16.1,486.18,350.55,NONE,HIGH,MEDIUM,0
COST-000753,FAC-001,Infosys Smart Campus,BLD-002,Building B,2026-08-24 00:00:00,6,184.88,84.36,28.79,67.24,1571.46,3.7,403.07,172.3,256.89,2407.42,2619.54,-212.12,-8.1,0.0,401.24,NONE,NORMAL,NORMAL,0
COST-000754,FAC-001,Infosys Smart Campus,BLD-002,Building B,2026-08-24 01:00:00,7,203.11,81.81,39.15,65.59,1726.43,3.61,336.8,172.07,230.94,2469.85,2619.54,-149.69,-5.71,0.0,352.84,NONE,NORMAL,NORMAL,0
COST-000755,FAC-001,Infosys Smart Campus,BLD-002,Building B,2026-08-24 02:00:00,7,214.58,89.29,37.58,75.91,1823.97,4.17,341.11,185.43,230.07,2584.75,2619.54,-34.79,-1.33,0.0,369.25,NONE,NORMAL,NORMAL,0
COST-000756,FAC-001,Infosys Smart Campus,BLD-002,Building B,2026-08-24 03:00:00,6,175.91,76.02,30.31,76.58,1495.27,4.21,453.43,183.88,252.57,2389.36,2619.54,-230.18,-8.79,0.0,398.23,NONE,NORMAL,NORMAL,0
COST-000757,FAC-001,Infosys Smart Campus,BLD-002,Building B,2026-08-24 04:00:00,7,199.15,91.12,31.01,67.64,1692.77,3.72,360.39,192.12,271.76,2520.76,2619.54,-98.77,-3.77,0.0,360.11,NONE,NORMAL,NORMAL,0
COST-000758,FAC-001,Infosys Smart Campus,BLD-002,Building B,2026-08-24 05:00:00,8,188.24,93.77,24.98,74.86,1600.03,4.12,379.93,176.34,259.78,2420.19,2619.54,-199.35,-7.61,0.0,302.52,NONE,NORMAL,NORMAL,0
COST-000759,FAC-001,Infosys Smart Campus,BLD-002,Building B,2026-08-24 06:00:00,42,378.66,167.05,52.89,115.35,3218.6,6.34,405.01,177.15,295.99,4103.1,3820.68,282.42,7.39,282.42,97.69,NONE,WARNING,MEDIUM,0
COST-000760,FAC-001,Infosys Smart Campus,BLD-002,Building B,2026-08-24 07:00:00,30,383.53,158.45,60.53,120.8,3260.02,6.64,388.51,193.0,227.11,4075.28,3820.68,254.6,6.66,254.6,135.84,NONE,WARNING,MEDIUM,0
COST-000761,FAC-001,Infosys Smart Campus,BLD-002,Building B,2026-08-24 08:00:00,45,325.38,151.35,61.27,123.03,2765.74,6.77,351.83,183.84,293.57,3601.76,3820.68,-218.93,-5.73,0.0,80.04,NONE,NORMAL,NORMAL,0
COST-000762,FAC-001,Infosys Smart Campus,BLD-002,Building B,2026-08-24 09:00:00,95,585.18,254.1,85.87,194.58,4974.05,10.7,310.92,175.3,260.45,5731.43,5422.62,308.81,5.69,308.81,60.33,NONE,WARNING,MEDIUM,0
COST-000763,FAC-001,Infosys Smart Campus,BLD-002,Building B,2026-08-24 10:00:00,110,557.21,246.61,96.34,207.27,4736.31,11.4,341.63,165.05,230.3,5484.69,5422.62,62.08,1.14,62.08,49.86,NONE,NORMAL,LOW,0
COST-000764,FAC-001,Infosys Smart Campus,BLD-002,Building B,2026-08-24 11:00:00,116,540.54,270.73,96.81,165.21,4594.61,9.09,355.47,176.57,251.71,5387.44,5422.62,-35.18,-0.65,0.0,46.44,NONE,NORMAL,NORMAL,0
COST-000765,FAC-001,Infosys Smart Campus,BLD-002,Building B,2026-08-24 12:00:00,96,541.46,227.42,72.16,177.69,4602.41,9.77,408.84,196.04,252.9,5469.96,5422.62,47.35,0.87,47.35,56.98,NONE,NORMAL,LOW,0
COST-000766,FAC-001,Infosys Smart Campus,BLD-002,Building B,2026-08-24 13:00:00,102,523.64,249.08,84.55,219.47,4450.93,12.07,379.19,181.03,284.23,5307.45,5422.62,-115.17,-2.12,0.0,52.03,NONE,NORMAL,NORMAL,0
COST-000767,FAC-001,Infosys Smart Campus,BLD-002,Building B,2026-08-24 14:00:00,103,586.8,242.71,105.88,203.21,4987.84,11.18,310.74,191.54,223.94,5725.24,5422.62,302.62,5.58,302.62,55.58,NONE,WARNING,MEDIUM,0
COST-000768,FAC-001,Infosys Smart Campus,BLD-002,Building B,2026-08-24 15:00:00,33,700.77,236.65,103.23,156.02,5956.51,8.58,410.42,195.0,276.03,6846.53,5422.62,1423.92,26.26,2138.7,207.47,LOW_OCCUPANCY_HIGH_ENERGY,HIGH,CRITICAL,1
COST-000769,FAC-001,Infosys Smart Campus,BLD-002,Building B,2026-08-24 16:00:00,85,601.92,240.86,83.31,218.53,5116.29,12.02,412.88,180.79,226.79,5948.76,5422.62,526.14,9.7,526.14,69.99,NONE,WARNING,HIGH,0
COST-000770,FAC-001,Infosys Smart Campus,BLD-002,Building B,2026-08-24 17:00:00,39,387.45,188.68,74.64,107.02,3293.31,5.89,452.12,169.54,221.92,4142.77,4020.08,122.69,3.05,122.69,106.22,NONE,NORMAL,LOW,0
COST-000771,FAC-001,Infosys Smart Campus,BLD-002,Building B,2026-08-24 18:00:00,34,389.65,182.99,75.31,120.69,3312.06,6.64,396.87,174.11,237.47,4127.16,4020.08,107.08,2.66,107.08,121.39,NONE,NORMAL,LOW,0
COST-000772,FAC-001,Infosys Smart Campus,BLD-002,Building B,2026-08-24 19:00:00,33,351.2,178.49,55.42,105.66,2985.24,5.81,370.2,173.54,279.06,3813.86,4020.08,-206.22,-5.13,0.0,115.57,NONE,NORMAL,NORMAL,0
COST-000773,FAC-001,Infosys Smart Campus,BLD-002,Building B,2026-08-24 20:00:00,37,387.75,195.17,65.77,114.73,3295.9,6.31,400.77,194.03,255.35,4152.36,4020.08,132.29,3.29,132.29,112.23,NONE,NORMAL,LOW,0
COST-000774,FAC-001,Infosys Smart Campus,BLD-002,Building B,2026-08-24 21:00:00,10,263.01,120.63,45.3,76.47,2235.62,4.21,451.12,186.02,224.42,3101.39,3019.33,82.06,2.72,82.06,310.14,NONE,NORMAL,LOW,0
COST-000775,FAC-001,Infosys Smart Campus,BLD-002,Building B,2026-08-24 22:00:00,12,231.24,94.06,30.45,62.45,1965.53,3.43,342.12,167.93,274.75,2753.77,3019.33,-265.55,-8.8,0.0,229.48,NONE,NORMAL,NORMAL,0
COST-000776,FAC-001,Infosys Smart Campus,BLD-002,Building B,2026-08-24 23:00:00,10,232.68,102.0,39.89,74.51,1977.79,4.1,324.69,164.64,284.36,2755.58,3019.33,-263.74,-8.74,0.0,275.56,NONE,NORMAL,NORMAL,0
COST-000777,FAC-001,Infosys Smart Campus,BLD-002,Building B,2026-08-25 00:00:00,8,248.17,108.66,39.55,81.04,2109.48,4.46,584.42,163.13,277.67,3139.16,2619.54,519.62,19.84,519.62,392.39,MAINTENANCE_RISK,HIGH,HIGH,1
COST-000778,FAC-001,Infosys Smart Campus,BLD-002,Building B,2026-08-25 01:00:00,7,207.1,101.85,29.46,75.38,1760.39,4.15,449.71,197.51,260.98,2672.74,2619.54,53.2,2.03,53.2,381.82,NONE,NORMAL,LOW,0
COST-000779,FAC-001,Infosys Smart Campus,BLD-002,Building B,2026-08-25 02:00:00,7,222.55,96.81,33.09,76.97,1891.65,4.23,377.89,171.8,234.21,2679.78,2619.54,60.24,2.3,60.24,382.83,NONE,NORMAL,LOW,0
COST-000780,FAC-001,Infosys Smart Campus,BLD-002,Building B,2026-08-25 03:00:00,9,233.08,109.16,42.35,73.33,1981.16,4.03,435.83,182.97,230.89,2834.89,2619.54,215.35,8.22,215.35,314.99,NONE,WARNING,MEDIUM,0
COST-000781,FAC-001,Infosys Smart Campus,BLD-002,Building B,2026-08-25 04:00:00,2,265.98,106.38,31.12,65.82,2260.8,3.62,353.84,162.23,258.4,3038.9,2619.54,419.36,16.01,690.66,1519.45,LOW_OCCUPANCY_HIGH_ENERGY,HIGH,HIGH,1
COST-000782,FAC-001,Infosys Smart Campus,BLD-002,Building B,2026-08-25 05:00:00,7,201.42,87.32,34.39,58.55,1712.07,3.22,324.26,187.03,232.09,2458.66,2619.54,-160.87,-6.14,0.0,351.24,NONE,NORMAL,NORMAL,0
COST-000783,FAC-001,Infosys Smart Campus,BLD-002,Building B,2026-08-25 06:00:00,40,356.38,159.97,50.75,118.53,3029.21,6.52,310.68,177.18,276.19,3799.78,3820.68,-20.91,-0.55,0.0,94.99,NONE,NORMAL,NORMAL,0
COST-000784,FAC-001,Infosys Smart Campus,BLD-002,Building B,2026-08-25 07:00:00,38,386.51,162.94,76.21,115.43,3285.36,6.35,354.05,193.49,264.98,4104.22,3820.68,283.53,7.42,283.53,108.01,NONE,WARNING,MEDIUM,0
COST-000785,FAC-001,Infosys Smart Campus,BLD-002,Building B,2026-08-25 08:00:00,50,355.66,167.01,50.28,109.28,3023.14,6.01,452.05,175.59,255.69,3912.48,3820.68,91.79,2.4,91.79,78.25,NONE,NORMAL,LOW,0
COST-000786,FAC-001,Infosys Smart Campus,BLD-002,Building B,2026-08-25 09:00:00,98,590.32,299.13,98.2,185.09,5017.75,10.18,403.66,196.61,268.01,5896.2,5422.62,473.58,8.73,473.58,60.17,NONE,WARNING,MEDIUM,0
COST-000787,FAC-001,Infosys Smart Campus,BLD-002,Building B,2026-08-25 10:00:00,92,541.87,222.01,92.34,188.82,4605.86,10.39,429.47,185.33,247.42,5478.47,5422.62,55.85,1.03,55.85,59.55,NONE,NORMAL,LOW,0
COST-000788,FAC-001,Infosys Smart Campus,BLD-002,Building B,2026-08-25 11:00:00,98,583.87,254.47,113.66,187.05,4962.89,10.29,415.73,184.7,279.47,5853.07,5422.62,430.46,7.94,430.46,59.73,NONE,WARNING,MEDIUM,0
COST-000789,FAC-001,Infosys Smart Campus,BLD-002,Building B,2026-08-25 12:00:00,101,536.53,255.33,80.58,167.7,4560.47,9.22,362.82,192.69,260.02,5385.22,5422.62,-37.4,-0.69,0.0,53.32,NONE,NORMAL,NORMAL,0
COST-000790,FAC-001,Infosys Smart Campus,BLD-002,Building B,2026-08-25 13:00:00,103,503.97,217.53,99.19,212.61,4283.71,11.69,443.61,169.32,232.46,5140.8,5422.62,-281.82,-5.2,0.0,49.91,NONE,NORMAL,NORMAL,0
COST-000791,FAC-001,Infosys Smart Campus,BLD-002,Building B,2026-08-25 14:00:00,99,572.51,241.82,85.22,185.28,4866.33,10.19,350.53,175.72,298.28,5701.06,5422.62,278.44,5.13,278.44,57.59,NONE,WARNING,MEDIUM,0
COST-000792,FAC-001,Infosys Smart Campus,BLD-002,Building B,2026-08-25 15:00:00,108,542.1,271.77,79.55,163.58,4607.85,9.0,395.4,179.32,256.84,5448.41,5422.62,25.79,0.48,25.79,50.45,NONE,NORMAL,LOW,0
COST-000793,FAC-001,Infosys Smart Campus,BLD-002,Building B,2026-08-25 16:00:00,105,472.63,224.47,83.06,191.38,4017.39,10.53,384.2,187.75,264.43,4864.28,5422.62,-558.33,-10.3,0.0,46.33,NONE,NORMAL,NORMAL,0
COST-000794,FAC-001,Infosys Smart Campus,BLD-002,Building B,2026-08-25 17:00:00,35,369.15,165.04,58.46,99.0,3137.81,5.45,425.42,163.29,262.2,3994.16,4020.08,-25.91,-0.64,0.0,114.12,NONE,NORMAL,NORMAL,0
COST-000795,FAC-001,Infosys Smart Campus,BLD-002,Building B,2026-08-25 18:00:00,33,392.17,199.5,74.0,88.73,3333.44,4.88,412.77,166.74,274.06,4191.9,4020.08,171.82,4.27,171.82,127.03,NONE,NORMAL,LOW,0
COST-000796,FAC-001,Infosys Smart Campus,BLD-002,Building B,2026-08-25 19:00:00,34,364.0,183.45,48.17,115.58,3094.02,6.36,320.3,185.25,240.51,3846.43,4020.08,-173.65,-4.32,0.0,113.13,NONE,NORMAL,NORMAL,0
COST-000797,FAC-001,Infosys Smart Campus,BLD-002,Building B,2026-08-25 20:00:00,38,409.07,170.27,69.53,125.78,3477.09,6.92,364.3,172.44,222.13,4242.88,4020.08,222.8,5.54,222.8,111.65,NONE,WARNING,MEDIUM,0
COST-000798,FAC-001,Infosys Smart Campus,BLD-002,Building B,2026-08-25 21:00:00,10,224.48,99.89,32.06,82.63,1908.1,4.54,451.25,172.72,267.78,2804.39,3019.33,-214.93,-7.12,0.0,280.44,NONE,NORMAL,NORMAL,0
COST-000799,FAC-001,Infosys Smart Campus,BLD-002,Building B,2026-08-25 22:00:00,12,273.11,120.02,47.18,65.39,2321.41,3.6,365.3,188.88,228.32,3107.5,3019.33,88.18,2.92,88.18,258.96,NONE,NORMAL,LOW,0
COST-000800,FAC-001,Infosys Smart Campus,BLD-002,Building B,2026-08-25 23:00:00,11,309.15,141.99,56.03,77.35,2627.75,4.25,445.28,179.34,265.55,3522.19,3019.33,502.86,16.65,502.86,320.2,NONE,HIGH,HIGH,0
COST-000801,FAC-001,Infosys Smart Campus,BLD-002,Building B,2026-08-26 00:00:00,7,223.29,91.33,40.09,74.19,1897.99,4.08,362.75,176.96,252.82,2694.59,2619.54,75.05,2.87,75.05,384.94,NONE,NORMAL,LOW,0
COST-000802,FAC-001,Infosys Smart Campus,BLD-002,Building B,2026-08-26 01:00:00,7,248.77,111.77,37.21,65.17,2114.51,3.58,658.63,179.72,289.69,3246.13,2619.54,626.59,23.92,626.59,463.73,MAINTENANCE_RISK,HIGH,HIGH,1
COST-000803,FAC-001,Infosys Smart Campus,BLD-002,Building B,2026-08-26 02:00:00,8,176.43,71.62,22.97,73.26,1499.67,4.03,319.6,176.79,271.53,2271.62,2619.54,-347.92,-13.28,0.0,283.95,NONE,NORMAL,NORMAL,0
COST-000804,FAC-001,Infosys Smart Campus,BLD-002,Building B,2026-08-26 03:00:00,6,198.87,81.45,38.95,72.0,1690.44,3.96,431.43,193.09,281.26,2600.16,2619.54,-19.37,-0.74,0.0,433.36,NONE,NORMAL,NORMAL,0
COST-000805,FAC-001,Infosys Smart Campus,BLD-002,Building B,2026-08-26 04:00:00,7,205.51,101.17,35.3,62.15,1746.84,3.42,379.48,183.07,249.03,2561.83,2619.54,-57.71,-2.2,0.0,365.98,NONE,NORMAL,NORMAL,0
COST-000806,FAC-001,Infosys Smart Campus,BLD-002,Building B,2026-08-26 05:00:00,6,178.5,85.13,34.47,66.68,1517.27,3.67,360.07,167.07,269.75,2317.83,2619.54,-301.71,-11.52,0.0,386.3,NONE,NORMAL,NORMAL,0
COST-000807,FAC-001,Infosys Smart Campus,BLD-002,Building B,2026-08-26 06:00:00,43,355.98,154.3,69.95,118.41,3025.81,6.51,437.54,181.07,273.21,3924.14,3820.68,103.45,2.71,103.45,91.26,NONE,NORMAL,LOW,0
COST-000808,FAC-001,Infosys Smart Campus,BLD-002,Building B,2026-08-26 07:00:00,40,345.62,139.85,66.19,119.47,2937.79,6.57,321.9,178.86,267.67,3712.8,3820.68,-107.89,-2.82,0.0,92.82,NONE,NORMAL,NORMAL,0
COST-000809,FAC-001,Infosys Smart Campus,BLD-002,Building B,2026-08-26 08:00:00,42,341.25,173.15,67.83,107.27,2900.59,5.9,380.46,167.53,292.89,3747.37,3820.68,-73.31,-1.92,0.0,89.22,NONE,NORMAL,NORMAL,0
COST-000810,FAC-001,Infosys Smart Campus,BLD-002,Building B,2026-08-26 09:00:00,99,571.17,277.07,82.26,202.08,4854.93,11.11,406.47,169.91,255.22,5697.64,5422.62,275.02,5.07,275.02,57.55,NONE,WARNING,MEDIUM,0
COST-000811,FAC-001,Infosys Smart Campus,BLD-002,Building B,2026-08-26 10:00:00,101,565.66,257.03,104.9,195.31,4808.12,10.74,343.83,173.33,230.11,5566.14,5422.62,143.52,2.65,143.52,55.11,NONE,NORMAL,LOW,0
COST-000812,FAC-001,Infosys Smart Campus,BLD-002,Building B,2026-08-26 11:00:00,104,507.56,230.76,98.26,178.25,4314.28,9.8,411.3,186.74,228.47,5150.6,5422.62,-272.02,-5.02,0.0,49.53,NONE,NORMAL,NORMAL,0
COST-000813,FAC-001,Infosys Smart Campus,BLD-002,Building B,2026-08-26 12:00:00,96,737.72,420.63,104.27,201.49,6270.58,11.08,429.87,176.36,261.73,7149.62,5422.62,1727.0,31.85,2084.53,74.48,HIGH_HVAC_USAGE,CRITICAL,CRITICAL,1
COST-000814,FAC-001,Infosys Smart Campus,BLD-002,Building B,2026-08-26 13:00:00,84,479.44,237.99,71.46,176.49,4075.22,9.71,333.58,170.99,247.24,4836.75,5422.62,-585.87,-10.8,0.0,57.58,NONE,NORMAL,NORMAL,0
COST-000815,FAC-001,Infosys Smart Campus,BLD-002,Building B,2026-08-26 14:00:00,84,625.94,306.35,90.73,165.0,5320.5,9.08,434.61,192.64,281.62,6238.45,5422.62,815.83,15.04,815.83,74.27,NONE,HIGH,HIGH,0
COST-000816,FAC-001,Infosys Smart Campus,BLD-002,Building B,2026-08-26 15:00:00,108,571.11,265.01,76.35,179.47,4854.44,9.87,444.85,193.96,228.98,5732.11,5422.62,309.49,5.71,309.49,53.08,NONE,WARNING,MEDIUM,0
COST-000817,FAC-001,Infosys Smart Campus,BLD-002,Building B,2026-08-26 16:00:00,102,563.88,243.91,91.92,180.91,4792.94,9.95,409.13,194.82,271.89,5678.74,5422.62,256.12,4.72,256.12,55.67,NONE,NORMAL,MEDIUM,0
COST-000818,FAC-001,Infosys Smart Campus,BLD-002,Building B,2026-08-26 17:00:00,44,359.18,151.57,62.85,121.42,3053.03,6.68,432.44,166.41,254.81,3913.37,4020.08,-106.7,-2.65,0.0,88.94,NONE,NORMAL,NORMAL,0
COST-000819,FAC-001,Infosys Smart Campus,BLD-002,Building B,2026-08-26 18:00:00,40,372.08,155.67,48.63,116.46,3162.7,6.41,338.82,166.68,276.8,3951.4,4020.08,-68.68,-1.71,0.0,98.79,NONE,NORMAL,NORMAL,0
COST-000820,FAC-001,Infosys Smart Campus,BLD-002,Building B,2026-08-26 19:00:00,35,370.65,160.83,62.59,105.92,3150.56,5.83,382.97,195.52,295.21,4030.09,4020.08,10.01,0.25,10.01,115.15,NONE,NORMAL,LOW,0
COST-000821,FAC-001,Infosys Smart Campus,BLD-002,Building B,2026-08-26 20:00:00,42,359.77,175.8,69.26,123.49,3058.04,6.79,430.98,170.27,239.7,3905.78,4020.08,-114.3,-2.84,0.0,92.99,NONE,NORMAL,NORMAL,0
COST-000822,FAC-001,Infosys Smart Campus,BLD-002,Building B,2026-08-26 21:00:00,8,234.98,109.81,32.76,70.46,1997.31,3.88,440.51,176.73,279.36,2897.8,3019.33,-121.53,-4.03,0.0,362.22,NONE,NORMAL,NORMAL,0
COST-000823,FAC-001,Infosys Smart Campus,BLD-002,Building B,2026-08-26 22:00:00,11,249.94,124.19,45.84,77.04,2124.51,4.24,447.9,177.4,236.4,2990.45,3019.33,-28.87,-0.96,0.0,271.86,NONE,NORMAL,NORMAL,0
COST-000824,FAC-001,Infosys Smart Campus,BLD-002,Building B,2026-08-26 23:00:00,3,340.03,118.39,52.79,80.11,2890.29,4.41,412.94,170.72,234.39,3712.75,3019.33,693.43,22.97,1040.26,1237.58,LOW_OCCUPANCY_HIGH_ENERGY,HIGH,CRITICAL,1
COST-000825,FAC-001,Infosys Smart Campus,BLD-002,Building B,2026-08-27 00:00:00,6,238.23,102.4,29.77,61.78,2024.99,3.4,606.49,180.73,265.24,3080.83,2619.54,461.29,17.61,461.29,513.47,MAINTENANCE_RISK,HIGH,MEDIUM,1
COST-000826,FAC-001,Infosys Smart Campus,BLD-002,Building B,2026-08-27 01:00:00,8,195.72,96.85,27.27,83.45,1663.58,4.59,395.5,186.87,252.52,2503.06,2619.54,-116.48,-4.45,0.0,312.88,NONE,NORMAL,NORMAL,0
COST-000827,FAC-001,Infosys Smart Campus,BLD-002,Building B,2026-08-27 02:00:00,7,226.29,101.45,29.99,78.74,1923.43,4.33,348.58,190.13,249.54,2716.0,2619.54,96.46,3.68,96.46,388.0,NONE,NORMAL,LOW,0
COST-000828,FAC-001,Infosys Smart Campus,BLD-002,Building B,2026-08-27 03:00:00,7,222.83,94.39,42.94,62.57,1894.08,3.44,409.23,179.98,288.85,2775.59,2619.54,156.05,5.96,156.05,396.51,NONE,WARNING,LOW,0
COST-000829,FAC-001,Infosys Smart Campus,BLD-002,Building B,2026-08-27 04:00:00,7,199.88,93.67,32.7,78.82,1699.0,4.34,316.2,162.7,283.84,2466.08,2619.54,-153.46,-5.86,0.0,352.3,NONE,NORMAL,NORMAL,0
COST-000830,FAC-001,Infosys Smart Campus,BLD-002,Building B,2026-08-27 05:00:00,7,234.2,99.27,34.39,75.58,1990.67,4.16,439.95,197.37,236.45,2868.59,2619.54,249.05,9.51,249.05,409.8,NONE,WARNING,MEDIUM,0
COST-000831,FAC-001,Infosys Smart Campus,BLD-002,Building B,2026-08-27 06:00:00,41,370.3,148.2,53.94,103.5,3147.52,5.69,352.34,162.71,231.54,3899.81,3820.68,79.12,2.07,79.12,95.12,NONE,NORMAL,LOW,0
COST-000832,FAC-001,Infosys Smart Campus,BLD-002,Building B,2026-08-27 07:00:00,43,335.06,143.3,51.78,120.4,2848.01,6.62,390.46,186.8,265.23,3697.13,3820.68,-123.56,-3.23,0.0,85.98,NONE,NORMAL,NORMAL,0
COST-000833,FAC-001,Infosys Smart Campus,BLD-002,Building B,2026-08-27 08:00:00,48,340.47,153.97,66.83,126.94,2894.02,6.98,450.73,195.36,291.05,3838.13,3820.68,17.45,0.46,17.45,79.96,NONE,NORMAL,LOW,0
COST-000834,FAC-001,Infosys Smart Campus,BLD-002,Building B,2026-08-27 09:00:00,94,510.66,210.77,91.0,209.21,4340.61,11.51,412.26,195.43,283.74,5243.55,5422.62,-179.07,-3.3,0.0,55.78,NONE,NORMAL,NORMAL,0
COST-000835,FAC-001,Infosys Smart Campus,BLD-002,Building B,2026-08-27 10:00:00,90,515.15,227.2,73.04,194.13,4378.81,10.68,366.42,162.16,245.44,5163.5,5422.62,-259.12,-4.78,0.0,57.37,NONE,NORMAL,NORMAL,0
COST-000836,FAC-001,Infosys Smart Campus,BLD-002,Building B,2026-08-27 11:00:00,95,464.43,191.96,74.77,193.12,3947.64,10.62,439.88,165.66,224.83,4788.63,5422.62,-633.99,-11.69,0.0,50.41,NONE,NORMAL,NORMAL,0
COST-000837,FAC-001,Infosys Smart Campus,BLD-002,Building B,2026-08-27 12:00:00,106,573.34,260.52,102.0,431.37,4873.42,23.73,441.72,197.23,221.83,5757.93,5422.62,335.31,6.18,340.05,54.32,HIGH_WATER_USAGE,WARNING,MEDIUM,1
COST-000838,FAC-001,Infosys Smart Campus,BLD-002,Building B,2026-08-27 13:00:00,83,492.5,247.82,72.71,215.44,4186.24,11.85,395.19,190.57,227.68,5011.53,5422.62,-411.09,-7.58,0.0,60.38,NONE,NORMAL,NORMAL,0
COST-000839,FAC-001,Infosys Smart Campus,BLD-002,Building B,2026-08-27 14:00:00,100,514.17,207.02,96.24,208.19,4370.41,11.45,354.18,165.89,226.43,5128.36,5422.62,-294.25,-5.43,0.0,51.28,NONE,NORMAL,NORMAL,0
COST-000840,FAC-001,Infosys Smart Campus,BLD-002,Building B,2026-08-27 15:00:00,79,562.82,275.26,93.25,226.81,4783.99,12.47,362.59,162.95,247.17,5569.18,5422.62,146.57,2.7,146.57,70.5,NONE,NORMAL,LOW,0
COST-000841,FAC-001,Infosys Smart Campus,BLD-002,Building B,2026-08-27 16:00:00,103,474.65,238.12,76.37,196.06,4034.55,10.78,313.12,168.82,281.16,4808.44,5422.62,-614.18,-11.33,0.0,46.68,NONE,NORMAL,NORMAL,0
COST-000842,FAC-001,Infosys Smart Campus,BLD-002,Building B,2026-08-27 17:00:00,38,385.78,184.15,50.92,120.03,3279.16,6.6,421.59,171.33,276.28,4154.96,4020.08,134.88,3.36,134.88,109.34,NONE,NORMAL,LOW,0
COST-000843,FAC-001,Infosys Smart Campus,BLD-002,Building B,2026-08-27 18:00:00,35,363.05,159.94,57.83,81.73,3085.96,4.5,306.81,183.78,251.87,3832.91,4020.08,-187.16,-4.66,0.0,109.51,NONE,NORMAL,NORMAL,0
COST-000844,FAC-001,Infosys Smart Campus,BLD-002,Building B,2026-08-27 19:00:00,42,395.46,193.62,75.15,106.91,3361.42,5.88,322.2,187.06,237.07,4113.64,4020.08,93.56,2.33,93.56,97.94,NONE,NORMAL,LOW,0
COST-000845,FAC-001,Infosys Smart Campus,BLD-002,Building B,2026-08-27 20:00:00,35,373.46,186.37,51.84,125.2,3174.38,6.89,423.83,177.54,282.29,4064.93,4020.08,44.85,1.12,44.85,116.14,NONE,NORMAL,LOW,0
COST-000846,FAC-001,Infosys Smart Campus,BLD-002,Building B,2026-08-27 21:00:00,11,271.1,124.26,44.02,73.75,2304.32,4.06,426.62,181.96,235.02,3151.99,3019.33,132.66,4.39,132.66,286.54,NONE,NORMAL,LOW,0
COST-000847,FAC-001,Infosys Smart Campus,BLD-002,Building B,2026-08-27 22:00:00,11,257.87,126.45,48.17,73.89,2191.92,4.06,427.9,163.77,287.49,3075.15,3019.33,55.82,1.85,55.82,279.56,NONE,NORMAL,LOW,0
COST-000848,FAC-001,Infosys Smart Campus,BLD-002,Building B,2026-08-27 23:00:00,10,233.5,102.29,34.96,75.41,1984.78,4.15,310.21,167.71,284.39,2751.24,3019.33,-268.09,-8.88,0.0,275.12,NONE,NORMAL,NORMAL,0
COST-000849,FAC-001,Infosys Smart Campus,BLD-002,Building B,2026-08-28 00:00:00,7,204.05,92.72,33.91,67.2,1734.42,3.7,395.89,166.07,233.19,2533.28,2619.54,-86.26,-3.29,0.0,361.9,NONE,NORMAL,NORMAL,0
COST-000850,FAC-001,Infosys Smart Campus,BLD-002,Building B,2026-08-28 01:00:00,8,181.38,88.74,30.95,62.05,1541.76,3.41,328.22,170.17,265.89,2309.44,2619.54,-310.1,-11.84,0.0,288.68,NONE,NORMAL,NORMAL,0
COST-000851,FAC-001,Infosys Smart Campus,BLD-002,Building B,2026-08-28 02:00:00,7,171.89,72.28,30.32,66.43,1461.04,3.65,449.9,174.0,267.41,2356.0,2619.54,-263.54,-10.06,0.0,336.57,NONE,NORMAL,NORMAL,0
COST-000852,FAC-001,Infosys Smart Campus,BLD-002,Building B,2026-08-28 03:00:00,8,214.53,88.12,42.29,64.54,1823.47,3.55,421.57,187.35,267.0,2702.94,2619.54,83.4,3.18,83.4,337.87,NONE,NORMAL,LOW,0
COST-000853,FAC-001,Infosys Smart Campus,BLD-002,Building B,2026-08-28 04:00:00,8,209.17,107.68,34.5,69.65,1777.94,3.83,371.12,169.53,221.29,2543.71,2619.54,-75.83,-2.89,0.0,317.96,NONE,NORMAL,NORMAL,0
COST-000854,FAC-001,Infosys Smart Campus,BLD-002,Building B,2026-08-28 05:00:00,8,212.4,94.65,34.28,59.96,1805.43,3.3,355.36,178.28,231.41,2573.78,2619.54,-45.76,-1.75,0.0,321.72,NONE,NORMAL,NORMAL,0
COST-000855,FAC-001,Infosys Smart Campus,BLD-002,Building B,2026-08-28 06:00:00,49,362.63,151.57,61.66,223.85,3082.38,12.31,342.97,187.13,221.12,3845.92,3820.68,25.23,0.66,27.7,78.49,HIGH_WATER_USAGE,NORMAL,LOW,1
COST-000856,FAC-001,Infosys Smart Campus,BLD-002,Building B,2026-08-28 07:00:00,39,351.99,158.53,50.48,100.68,2991.87,5.54,412.43,186.09,226.6,3822.53,3820.68,1.85,0.05,1.85,98.01,NONE,NORMAL,LOW,0
COST-000857,FAC-001,Infosys Smart Campus,BLD-002,Building B,2026-08-28 08:00:00,35,359.87,169.33,53.37,109.43,3058.87,6.02,398.6,188.3,292.6,3944.39,3820.68,123.71,3.24,123.71,112.7,NONE,NORMAL,LOW,0
COST-000858,FAC-001,Infosys Smart Campus,BLD-002,Building B,2026-08-28 09:00:00,86,548.89,232.59,103.76,194.27,4665.58,10.68,414.73,186.68,280.19,5557.87,5422.62,135.25,2.49,135.25,64.63,NONE,NORMAL,LOW,0
COST-000859,FAC-001,Infosys Smart Campus,BLD-002,Building B,2026-08-28 10:00:00,115,559.94,288.03,76.75,202.21,4759.5,11.12,316.85,162.81,225.35,5475.63,5422.62,53.02,0.98,53.02,47.61,NONE,NORMAL,LOW,0
COST-000860,FAC-001,Infosys Smart Campus,BLD-002,Building B,2026-08-28 11:00:00,80,576.13,266.58,106.43,206.24,4897.1,11.34,361.66,179.64,229.61,5679.35,5422.62,256.74,4.73,256.74,70.99,NONE,NORMAL,MEDIUM,0
COST-000861,FAC-001,Infosys Smart Campus,BLD-002,Building B,2026-08-28 12:00:00,78,511.43,206.76,71.38,189.85,4347.19,10.44,433.56,172.35,246.98,5210.53,5422.62,-212.09,-3.91,0.0,66.8,NONE,NORMAL,NORMAL,0
COST-000862,FAC-001,Infosys Smart Campus,BLD-002,Building B,2026-08-28 13:00:00,95,499.47,201.12,95.32,185.17,4245.47,10.18,394.44,195.37,272.88,5118.35,5422.62,-304.27,-5.61,0.0,53.88,NONE,NORMAL,NORMAL,0
COST-000863,FAC-001,Infosys Smart Campus,BLD-002,Building B,2026-08-28 14:00:00,104,566.06,234.33,87.86,186.61,4811.53,10.26,309.72,167.35,253.29,5552.14,5422.62,129.53,2.39,129.53,53.39,NONE,NORMAL,LOW,0
COST-000864,FAC-001,Infosys Smart Campus,BLD-002,Building B,2026-08-28 15:00:00,104,475.29,210.45,67.2,186.67,4039.99,10.27,422.43,185.81,229.41,4887.91,5422.62,-534.71,-9.86,0.0,47.0,NONE,NORMAL,NORMAL,0
COST-000865,FAC-001,Infosys Smart Campus,BLD-002,Building B,2026-08-28 16:00:00,113,535.93,248.45,84.37,193.72,4555.43,10.65,361.37,176.64,266.0,5370.1,5422.62,-52.52,-0.97,0.0,47.52,NONE,NORMAL,NORMAL,0
COST-000866,FAC-001,Infosys Smart Campus,BLD-002,Building B,2026-08-28 17:00:00,38,367.87,159.74,72.44,107.56,3126.88,5.92,402.45,191.41,230.95,3957.6,4020.08,-62.47,-1.55,0.0,104.15,NONE,NORMAL,NORMAL,0
COST-000867,FAC-001,Infosys Smart Campus,BLD-002,Building B,2026-08-28 18:00:00,39,403.72,177.74,75.54,114.37,3431.65,6.29,448.97,196.55,248.88,4332.34,4020.08,312.26,7.77,312.26,111.09,NONE,WARNING,MEDIUM,0
COST-000868,FAC-001,Infosys Smart Campus,BLD-002,Building B,2026-08-28 19:00:00,39,376.53,166.73,56.55,111.9,3200.52,6.15,402.82,177.1,296.3,4082.89,4020.08,62.81,1.56,62.81,104.69,NONE,NORMAL,LOW,0
COST-000869,FAC-001,Infosys Smart Campus,BLD-002,Building B,2026-08-28 20:00:00,41,393.08,171.04,53.28,92.95,3341.15,5.11,446.44,177.98,234.63,4205.31,4020.08,185.23,4.61,185.23,102.57,NONE,NORMAL,LOW,0
COST-000870,FAC-001,Infosys Smart Campus,BLD-002,Building B,2026-08-28 21:00:00,11,246.96,128.4,36.74,68.9,2099.13,3.79,402.09,172.58,237.83,2915.43,3019.33,-103.9,-3.44,0.0,265.04,NONE,NORMAL,NORMAL,0
COST-000871,FAC-001,Infosys Smart Campus,BLD-002,Building B,2026-08-28 22:00:00,10,242.63,100.14,31.86,71.97,2062.39,3.96,422.99,181.37,245.16,2915.86,3019.33,-103.46,-3.43,0.0,291.59,NONE,NORMAL,NORMAL,0
COST-000872,FAC-001,Infosys Smart Campus,BLD-002,Building B,2026-08-28 23:00:00,11,266.5,125.83,46.87,131.28,2265.22,7.22,354.98,180.74,272.12,3080.28,3019.33,60.95,2.02,62.4,280.03,HIGH_WATER_USAGE,NORMAL,LOW,1
COST-000873,FAC-001,Infosys Smart Campus,BLD-002,Building B,2026-08-29 00:00:00,8,202.18,101.77,28.47,56.68,1718.57,3.12,340.18,185.05,289.44,2536.36,2619.54,-83.18,-3.18,0.0,317.04,NONE,NORMAL,NORMAL,0
COST-000874,FAC-001,Infosys Smart Campus,BLD-002,Building B,2026-08-29 01:00:00,6,223.7,116.14,30.74,68.0,1901.46,3.74,446.1,196.5,228.62,2776.42,2619.54,156.88,5.99,156.88,462.74,NONE,WARNING,LOW,0
COST-000875,FAC-001,Infosys Smart Campus,BLD-002,Building B,2026-08-29 02:00:00,8,211.63,85.17,36.47,72.67,1798.86,4.0,406.24,186.27,238.28,2633.64,2619.54,14.1,0.54,14.1,329.2,NONE,NORMAL,LOW,0
COST-000876,FAC-001,Infosys Smart Campus,BLD-002,Building B,2026-08-29 03:00:00,7,210.19,91.37,39.23,66.4,1786.61,3.65,371.5,183.83,268.13,2613.73,2619.54,-5.81,-0.22,0.0,373.39,NONE,NORMAL,NORMAL,0
COST-000877,FAC-001,Infosys Smart Campus,BLD-002,Building B,2026-08-29 04:00:00,7,229.72,99.48,34.13,55.94,1952.62,3.08,316.18,187.87,237.67,2697.42,2619.54,77.88,2.97,77.88,385.35,NONE,NORMAL,LOW,0
COST-000878,FAC-001,Infosys Smart Campus,BLD-002,Building B,2026-08-29 05:00:00,8,205.94,88.0,35.19,61.71,1750.48,3.39,370.28,181.34,236.88,2542.36,2619.54,-77.18,-2.95,0.0,317.8,NONE,NORMAL,NORMAL,0
COST-000879,FAC-001,Infosys Smart Campus,BLD-002,Building B,2026-08-29 06:00:00,34,315.95,127.73,52.09,135.65,2685.6,7.46,329.24,171.08,284.24,3477.61,3820.68,-343.07,-8.98,0.0,102.28,NONE,NORMAL,NORMAL,0
COST-000880,FAC-001,Infosys Smart Campus,BLD-002,Building B,2026-08-29 07:00:00,50,315.6,128.51,48.22,116.88,2682.58,6.43,409.74,181.21,232.22,3512.18,3820.68,-308.5,-8.07,0.0,70.24,NONE,NORMAL,NORMAL,0
COST-000881,FAC-001,Infosys Smart Campus,BLD-002,Building B,2026-08-29 08:00:00,44,323.47,142.46,55.31,111.59,2749.46,6.14,330.83,177.41,272.35,3536.19,3820.68,-284.49,-7.45,0.0,80.37,NONE,NORMAL,NORMAL,0
COST-000882,FAC-001,Infosys Smart Campus,BLD-002,Building B,2026-08-29 09:00:00,92,632.86,326.27,108.39,195.09,5379.34,10.73,389.1,195.4,285.61,6260.19,5422.62,837.57,15.45,837.57,68.05,NONE,HIGH,HIGH,0
COST-000883,FAC-001,Infosys Smart Campus,BLD-002,Building B,2026-08-29 10:00:00,84,511.94,220.91,84.63,188.84,4351.49,10.39,411.81,191.01,243.58,5208.27,5422.62,-214.34,-3.95,0.0,62.0,NONE,NORMAL,NORMAL,0
COST-000884,FAC-001,Infosys Smart Campus,BLD-002,Building B,2026-08-29 11:00:00,111,509.25,258.04,96.33,216.34,4328.66,11.9,406.96,193.8,259.67,5200.99,5422.62,-221.63,-4.09,0.0,46.86,NONE,NORMAL,NORMAL,0
COST-000885,FAC-001,Infosys Smart Campus,BLD-002,Building B,2026-08-29 12:00:00,105,510.01,217.47,80.17,194.67,4335.05,10.71,334.87,174.81,243.16,5098.6,5422.62,-324.02,-5.98,0.0,48.56,NONE,NORMAL,NORMAL,0
COST-000886,FAC-001,Infosys Smart Campus,BLD-002,Building B,2026-08-29 13:00:00,101,561.35,241.52,90.82,177.44,4771.46,9.76,450.89,176.08,227.24,5635.42,5422.62,212.81,3.92,212.81,55.8,NONE,NORMAL,MEDIUM,0
COST-000887,FAC-001,Infosys Smart Campus,BLD-002,Building B,2026-08-29 14:00:00,96,509.67,240.53,81.2,178.95,4332.19,9.84,378.72,167.38,229.1,5117.23,5422.62,-305.38,-5.63,0.0,53.3,NONE,NORMAL,NORMAL,0
COST-000888,FAC-001,Infosys Smart Campus,BLD-002,Building B,2026-08-29 15:00:00,94,493.41,212.25,70.14,195.28,4194.03,10.74,431.62,170.3,246.55,5053.23,5422.62,-369.38,-6.81,0.0,53.76,NONE,NORMAL,NORMAL,0
COST-000889,FAC-001,Infosys Smart Campus,BLD-002,Building B,2026-08-29 16:00:00,94,484.71,195.03,85.79,202.78,4120.05,11.15,423.98,190.51,230.92,4976.62,5422.62,-446.0,-8.22,0.0,52.94,NONE,NORMAL,NORMAL,0
COST-000890,FAC-001,Infosys Smart Campus,BLD-002,Building B,2026-08-29 17:00:00,38,345.36,148.7,51.26,107.34,2935.58,5.9,364.61,196.12,230.86,3733.06,4020.08,-287.01,-7.14,0.0,98.24,NONE,NORMAL,NORMAL,0
COST-000891,FAC-001,Infosys Smart Campus,BLD-002,Building B,2026-08-29 18:00:00,35,406.62,169.63,77.28,119.95,3456.27,6.6,373.73,179.85,278.11,4294.56,4020.08,274.48,6.83,274.48,122.7,NONE,WARNING,MEDIUM,0
COST-000892,FAC-001,Infosys Smart Campus,BLD-002,Building B,2026-08-29 19:00:00,33,382.77,194.26,51.31,104.92,3253.58,5.77,410.75,177.74,252.48,4100.32,4020.08,80.25,2.0,80.25,124.25,NONE,NORMAL,LOW,0
COST-000893,FAC-001,Infosys Smart Campus,BLD-002,Building B,2026-08-29 20:00:00,38,346.23,143.75,56.56,103.58,2942.96,5.7,452.39,186.72,286.63,3874.39,4020.08,-145.68,-3.62,0.0,101.96,NONE,NORMAL,NORMAL,0
COST-000894,FAC-001,Infosys Smart Campus,BLD-002,Building B,2026-08-29 21:00:00,12,284.68,115.25,39.46,71.37,2419.74,3.93,363.18,192.45,248.01,3227.3,3019.33,207.97,6.89,207.97,268.94,NONE,WARNING,MEDIUM,0
COST-000895,FAC-001,Infosys Smart Campus,BLD-002,Building B,2026-08-29 22:00:00,12,275.88,129.76,42.76,63.2,2344.95,3.48,452.51,166.58,226.64,3194.16,3019.33,174.84,5.79,174.84,266.18,NONE,WARNING,LOW,0
COST-000896,FAC-001,Infosys Smart Campus,BLD-002,Building B,2026-08-29 23:00:00,12,251.84,120.39,38.54,78.26,2140.68,4.3,342.03,174.35,253.03,2914.4,3019.33,-104.92,-3.48,0.0,242.87,NONE,NORMAL,NORMAL,0
COST-000897,FAC-001,Infosys Smart Campus,BLD-002,Building B,2026-08-30 00:00:00,7,238.24,122.27,31.67,83.6,2025.03,4.6,309.83,182.65,287.58,2809.69,2619.54,190.15,7.26,190.15,401.38,NONE,WARNING,LOW,0
COST-000898,FAC-001,Infosys Smart Campus,BLD-002,Building B,2026-08-30 01:00:00,7,218.89,88.05,39.68,67.01,1860.53,3.69,401.77,177.81,224.5,2668.29,2619.54,48.75,1.86,48.75,381.18,NONE,NORMAL,LOW,0
COST-000899,FAC-001,Infosys Smart Campus,BLD-002,Building B,2026-08-30 02:00:00,7,223.73,90.27,39.89,63.02,1901.75,3.47,312.15,182.67,269.52,2669.56,2619.54,50.02,1.91,50.02,381.37,NONE,NORMAL,LOW,0
COST-000900,FAC-001,Infosys Smart Campus,BLD-002,Building B,2026-08-30 03:00:00,7,259.67,116.51,40.07,69.03,2207.18,3.8,643.79,174.61,292.53,3321.91,2619.54,702.37,26.81,702.37,474.56,MAINTENANCE_RISK,HIGH,HIGH,1
COST-000901,FAC-001,Infosys Smart Campus,BLD-002,Building B,2026-08-30 04:00:00,7,199.14,79.76,38.78,62.69,1692.65,3.45,390.87,177.94,223.67,2488.58,2619.54,-130.96,-5.0,0.0,355.51,NONE,NORMAL,NORMAL,0
COST-000902,FAC-001,Infosys Smart Campus,BLD-002,Building B,2026-08-30 05:00:00,6,226.24,109.22,40.89,65.71,1923.0,3.61,349.42,165.59,242.25,2683.87,2619.54,64.33,2.46,64.33,447.31,NONE,NORMAL,LOW,0
COST-000903,FAC-001,Infosys Smart Campus,BLD-002,Building B,2026-08-30 06:00:00,41,352.41,146.89,53.76,109.97,2995.51,6.05,357.6,194.85,281.88,3835.9,3820.68,15.21,0.4,15.21,93.56,NONE,NORMAL,LOW,0
COST-000904,FAC-001,Infosys Smart Campus,BLD-002,Building B,2026-08-30 07:00:00,43,367.13,174.46,64.12,130.28,3120.58,7.17,386.12,197.51,278.12,3989.5,3820.68,168.82,4.42,168.82,92.78,NONE,NORMAL,LOW,0
COST-000905,FAC-001,Infosys Smart Campus,BLD-002,Building B,2026-08-30 08:00:00,44,360.53,153.54,48.98,138.0,3064.53,7.59,369.5,182.55,262.11,3886.28,3820.68,65.6,1.72,65.6,88.32,NONE,NORMAL,LOW,0
COST-000906,FAC-001,Infosys Smart Campus,BLD-002,Building B,2026-08-30 09:00:00,69,544.57,271.94,76.8,182.0,4628.82,10.01,392.15,167.91,230.63,5429.52,5422.62,6.9,0.13,6.9,78.69,NONE,NORMAL,LOW,0
COST-000907,FAC-001,Infosys Smart Campus,BLD-002,Building B,2026-08-30 10:00:00,94,550.07,235.04,78.11,204.28,4675.62,11.24,315.71,194.17,251.36,5448.09,5422.62,25.47,0.47,25.47,57.96,NONE,NORMAL,LOW,0
COST-000908,FAC-001,Infosys Smart Campus,BLD-002,Building B,2026-08-30 11:00:00,110,525.8,234.93,100.14,159.45,4469.3,8.77,348.28,193.1,281.96,5301.42,5422.62,-121.2,-2.24,0.0,48.19,NONE,NORMAL,NORMAL,0
COST-000909,FAC-001,Infosys Smart Campus,BLD-002,Building B,2026-08-30 12:00:00,79,561.55,280.15,73.21,159.71,4773.16,8.78,399.91,192.65,268.52,5643.02,5422.62,220.4,4.06,220.4,71.43,NONE,NORMAL,MEDIUM,0
COST-000910,FAC-001,Infosys Smart Campus,BLD-002,Building B,2026-08-30 13:00:00,102,686.73,405.26,84.57,198.66,5837.21,10.93,423.91,181.14,235.57,6688.76,5422.62,1266.14,23.35,1610.61,65.58,HIGH_HVAC_USAGE,HIGH,CRITICAL,1
COST-000911,FAC-001,Infosys Smart Campus,BLD-002,Building B,2026-08-30 14:00:00,108,457.82,220.4,78.99,166.11,3891.46,9.14,407.31,185.23,274.62,4767.76,5422.62,-654.86,-12.08,0.0,44.15,NONE,NORMAL,NORMAL,0
COST-000912,FAC-001,Infosys Smart Campus,BLD-002,Building B,2026-08-30 15:00:00,88,488.1,239.74,89.89,177.29,4148.85,9.75,394.92,175.45,275.75,5004.72,5422.62,-417.9,-7.71,0.0,56.87,NONE,NORMAL,NORMAL,0
COST-000913,FAC-001,Infosys Smart Campus,BLD-002,Building B,2026-08-30 16:00:00,99,574.26,265.03,93.09,209.38,4881.23,11.52,396.89,165.48,295.24,5750.35,5422.62,327.73,6.04,327.73,58.08,NONE,WARNING,MEDIUM,0
COST-000914,FAC-001,Infosys Smart Campus,BLD-002,Building B,2026-08-30 17:00:00,14,455.49,169.18,48.24,121.45,3871.64,6.68,368.33,184.68,247.56,4678.9,4020.08,658.82,16.39,1123.42,334.21,LOW_OCCUPANCY_HIGH_ENERGY,HIGH,CRITICAL,1
COST-000915,FAC-001,Infosys Smart Campus,BLD-002,Building B,2026-08-30 18:00:00,40,330.83,152.11,56.43,102.74,2812.09,5.65,310.3,171.12,226.79,3525.96,4020.08,-494.12,-12.29,0.0,88.15,NONE,NORMAL,NORMAL,0
COST-000916,FAC-001,Infosys Smart Campus,BLD-002,Building B,2026-08-30 19:00:00,32,378.7,163.87,72.34,107.87,3218.96,5.93,348.6,180.64,250.79,4004.93,4020.08,-15.15,-0.38,0.0,125.15,NONE,NORMAL,NORMAL,0
COST-000917,FAC-001,Infosys Smart Campus,BLD-002,Building B,2026-08-30 20:00:00,34,380.3,197.62,60.77,122.12,3232.55,6.72,428.39,178.35,277.13,4123.13,4020.08,103.06,2.56,103.06,121.27,NONE,NORMAL,LOW,0
COST-000918,FAC-001,Infosys Smart Campus,BLD-002,Building B,2026-08-30 21:00:00,10,243.29,101.56,37.01,78.17,2067.98,4.3,341.23,178.42,223.34,2815.27,3019.33,-204.05,-6.76,0.0,281.53,NONE,NORMAL,NORMAL,0
COST-000919,FAC-001,Infosys Smart Campus,BLD-002,Building B,2026-08-30 22:00:00,12,277.33,168.79,37.14,75.25,2357.28,4.14,444.77,187.6,244.06,3237.86,3019.33,218.53,7.24,362.0,269.82,HIGH_HVAC_USAGE,WARNING,MEDIUM,1
COST-000920,FAC-001,Infosys Smart Campus,BLD-002,Building B,2026-08-30 23:00:00,12,269.86,134.24,49.1,74.78,2293.85,4.11,329.32,191.69,242.54,3061.5,3019.33,42.18,1.4,42.18,255.13,NONE,NORMAL,LOW,0
COST-000921,FAC-001,Infosys Smart Campus,BLD-002,Building B,2026-08-31 00:00:00,7,220.56,110.92,32.78,63.51,1874.73,3.49,428.82,187.86,261.81,2756.72,2619.54,137.18,5.24,137.18,393.82,NONE,WARNING,LOW,0
COST-000922,FAC-001,Infosys Smart Campus,BLD-002,Building B,2026-08-31 01:00:00,7,226.65,112.28,41.33,73.62,1926.57,4.05,413.32,184.5,287.61,2816.05,2619.54,196.51,7.5,196.51,402.29,NONE,WARNING,LOW,0
COST-000923,FAC-001,Infosys Smart Campus,BLD-002,Building B,2026-08-31 02:00:00,7,210.02,86.58,36.14,73.66,1785.2,4.05,380.97,189.78,261.77,2621.77,2619.54,2.23,0.09,2.23,374.54,NONE,NORMAL,LOW,0
COST-000924,FAC-001,Infosys Smart Campus,BLD-002,Building B,2026-08-31 03:00:00,7,203.73,104.24,37.89,62.85,1731.71,3.46,376.95,171.56,275.94,2559.62,2619.54,-59.92,-2.29,0.0,365.66,NONE,NORMAL,NORMAL,0
COST-000925,FAC-001,Infosys Smart Campus,BLD-002,Building B,2026-08-31 04:00:00,7,222.1,89.96,38.57,57.67,1887.89,3.17,385.65,171.02,252.02,2699.76,2619.54,80.22,3.06,80.22,385.68,NONE,NORMAL,LOW,0
COST-000926,FAC-001,Infosys Smart Campus,BLD-002,Building B,2026-08-31 05:00:00,8,226.23,116.58,43.55,67.86,1922.93,3.73,390.85,186.81,294.25,2798.58,2619.54,179.04,6.83,179.04,349.82,NONE,WARNING,LOW,0
COST-000927,FAC-001,Infosys Smart Campus,BLD-002,Building B,2026-08-31 06:00:00,43,312.1,150.67,55.41,121.97,2652.86,6.71,374.23,190.56,249.07,3473.43,3820.68,-347.26,-9.09,0.0,80.78,NONE,NORMAL,NORMAL,0
COST-000928,FAC-001,Infosys Smart Campus,BLD-002,Building B,2026-08-31 07:00:00,36,353.86,166.85,46.78,123.67,3007.81,6.8,398.1,177.12,260.64,3850.46,3820.68,29.77,0.78,29.77,106.96,NONE,NORMAL,LOW,0
COST-000929,FAC-001,Infosys Smart Campus,BLD-002,Building B,2026-08-31 08:00:00,40,365.92,174.22,68.53,103.99,3110.32,5.72,334.22,173.46,239.73,3863.45,3820.68,42.76,1.12,42.76,96.59,NONE,NORMAL,LOW,0
COST-000930,FAC-001,Infosys Smart Campus,BLD-002,Building B,2026-08-31 09:00:00,104,504.32,258.21,77.33,190.6,4286.69,10.48,377.48,171.97,262.72,5109.35,5422.62,-313.27,-5.78,0.0,49.13,NONE,NORMAL,NORMAL,0
COST-000931,FAC-001,Infosys Smart Campus,BLD-002,Building B,2026-08-31 10:00:00,86,526.73,227.5,84.64,209.18,4477.22,11.5,391.66,195.65,221.67,5297.69,5422.62,-124.93,-2.3,0.0,61.6,NONE,NORMAL,NORMAL,0
COST-000932,FAC-001,Infosys Smart Campus,BLD-002,Building B,2026-08-31 11:00:00,110,525.54,252.59,85.22,182.28,4467.08,10.03,336.71,173.19,297.77,5284.77,5422.62,-137.85,-2.54,0.0,48.04,NONE,NORMAL,NORMAL,0
COST-000933,FAC-001,Infosys Smart Campus,BLD-002,Building B,2026-08-31 12:00:00,93,588.52,274.58,111.24,166.61,5002.43,9.16,383.71,167.51,260.44,5823.25,5422.62,400.63,7.39,400.63,62.62,NONE,WARNING,MEDIUM,0
COST-000934,FAC-001,Infosys Smart Campus,BLD-002,Building B,2026-08-31 13:00:00,94,577.88,239.89,110.53,185.07,4911.96,10.18,363.54,167.83,275.66,5729.17,5422.62,306.56,5.65,306.56,60.95,NONE,WARNING,MEDIUM,0
COST-000935,FAC-001,Infosys Smart Campus,BLD-002,Building B,2026-08-31 14:00:00,93,565.38,242.54,95.46,207.4,4805.77,11.41,370.66,170.89,282.61,5641.33,5422.62,218.72,4.03,218.72,60.66,NONE,NORMAL,MEDIUM,0
COST-000936,FAC-001,Infosys Smart Campus,BLD-002,Building B,2026-08-31 15:00:00,111,560.76,250.72,84.34,221.71,4766.45,12.19,370.65,180.05,261.62,5590.97,5422.62,168.36,3.1,168.36,50.37,NONE,NORMAL,LOW,0
COST-000937,FAC-001,Infosys Smart Campus,BLD-002,Building B,2026-08-31 16:00:00,79,527.43,218.59,72.2,176.82,4483.13,9.72,422.98,167.55,269.76,5353.15,5422.62,-69.47,-1.28,0.0,67.76,NONE,NORMAL,NORMAL,0
COST-000938,FAC-001,Infosys Smart Campus,BLD-002,Building B,2026-08-31 17:00:00,40,354.06,159.24,46.4,107.32,3009.53,5.9,380.04,167.01,239.48,3801.97,4020.08,-218.11,-5.43,0.0,95.05,NONE,NORMAL,NORMAL,0
COST-000939,FAC-001,Infosys Smart Campus,BLD-002,Building B,2026-08-31 18:00:00,32,370.11,159.97,61.96,107.47,3145.92,5.91,434.95,169.79,283.96,4040.53,4020.08,20.45,0.51,20.45,126.27,NONE,NORMAL,LOW,0
COST-000940,FAC-001,Infosys Smart Campus,BLD-002,Building B,2026-08-31 19:00:00,42,357.39,185.4,53.03,121.74,3037.85,6.7,419.17,177.65,246.8,3888.16,4020.08,-131.92,-3.28,0.0,92.58,NONE,NORMAL,NORMAL,0
COST-000941,FAC-001,Infosys Smart Campus,BLD-002,Building B,2026-08-31 20:00:00,40,358.67,177.31,60.85,109.68,3048.73,6.03,404.83,189.3,238.54,3887.44,4020.08,-132.63,-3.3,0.0,97.19,NONE,NORMAL,NORMAL,0
COST-000942,FAC-001,Infosys Smart Campus,BLD-002,Building B,2026-08-31 21:00:00,11,259.17,112.31,51.77,74.82,2202.94,4.12,380.02,191.71,284.63,3063.42,3019.33,44.09,1.46,44.09,278.49,NONE,NORMAL,LOW,0
COST-000943,FAC-001,Infosys Smart Campus,BLD-002,Building B,2026-08-31 22:00:00,12,287.57,131.16,50.0,88.74,2444.35,4.88,403.48,184.68,222.39,3259.78,3019.33,240.45,7.96,240.45,271.65,NONE,WARNING,MEDIUM,0
COST-000944,FAC-001,Infosys Smart Campus,BLD-002,Building B,2026-08-31 23:00:00,10,242.81,97.89,45.01,74.61,2063.9,4.1,353.91,164.31,235.0,2821.22,3019.33,-198.1,-6.56,0.0,282.12,NONE,NORMAL,NORMAL,0
COST-000945,FAC-001,Infosys Smart Campus,BLD-002,Building B,2026-09-01 00:00:00,7,235.04,118.85,37.09,64.24,1997.82,3.53,386.32,194.55,267.97,2850.19,2619.54,230.65,8.81,230.65,407.17,NONE,WARNING,MEDIUM,0
COST-000946,FAC-001,Infosys Smart Campus,BLD-002,Building B,2026-09-01 01:00:00,6,233.64,120.02,36.19,68.7,1985.9,3.78,395.57,179.96,298.16,2863.37,2619.54,243.83,9.31,243.83,477.23,NONE,WARNING,MEDIUM,0
COST-000947,FAC-001,Infosys Smart Campus,BLD-002,Building B,2026-09-01 02:00:00,6,210.47,108.87,39.79,62.48,1788.96,3.44,382.55,166.96,249.79,2591.7,2619.54,-27.84,-1.06,0.0,431.95,NONE,NORMAL,NORMAL,0
COST-000948,FAC-001,Infosys Smart Campus,BLD-002,Building B,2026-09-01 03:00:00,6,199.58,93.97,35.66,71.93,1696.41,3.96,407.31,193.83,257.83,2559.34,2619.54,-60.2,-2.3,0.0,426.56,NONE,NORMAL,NORMAL,0
COST-000949,FAC-001,Infosys Smart Campus,BLD-002,Building B,2026-09-01 04:00:00,6,201.75,95.33,38.65,63.58,1714.9,3.5,387.19,170.22,285.13,2560.95,2619.54,-58.59,-2.24,0.0,426.82,NONE,NORMAL,NORMAL,0
COST-000950,FAC-001,Infosys Smart Campus,BLD-002,Building B,2026-09-01 05:00:00,6,227.0,104.78,38.82,63.16,1929.52,3.47,413.54,168.79,229.85,2745.17,2619.54,125.63,4.8,125.63,457.53,NONE,NORMAL,LOW,0
COST-000951,FAC-001,Infosys Smart Campus,BLD-002,Building B,2026-09-01 06:00:00,50,362.38,147.13,48.87,122.09,3080.27,6.71,395.42,177.95,270.35,3930.71,3820.68,110.02,2.88,110.02,78.61,NONE,NORMAL,LOW,0
COST-000952,FAC-001,Infosys Smart Campus,BLD-002,Building B,2026-09-01 07:00:00,45,351.55,164.42,61.79,131.33,2988.2,7.22,310.98,163.06,234.9,3704.36,3820.68,-116.32,-3.04,0.0,82.32,NONE,NORMAL,NORMAL,0
COST-000953,FAC-001,Infosys Smart Campus,BLD-002,Building B,2026-09-01 08:00:00,40,355.65,179.78,66.47,105.49,3023.04,5.8,390.1,187.91,228.35,3835.2,3820.68,14.52,0.38,14.52,95.88,NONE,NORMAL,LOW,0
COST-000954,FAC-001,Infosys Smart Campus,BLD-002,Building B,2026-09-01 09:00:00,106,487.42,239.67,81.78,201.75,4143.08,11.1,382.01,176.25,235.07,4947.5,5422.62,-475.12,-8.76,0.0,46.67,NONE,NORMAL,NORMAL,0
COST-000955,FAC-001,Infosys Smart Campus,BLD-002,Building B,2026-09-01 10:00:00,92,519.04,211.0,89.15,192.33,4411.82,10.58,311.37,172.99,290.93,5197.69,5422.62,-224.93,-4.15,0.0,56.5,NONE,NORMAL,NORMAL,0
COST-000956,FAC-001,Infosys Smart Campus,BLD-002,Building B,2026-09-01 11:00:00,90,680.68,245.04,203.73,198.34,5785.74,10.91,363.13,196.17,281.62,6637.56,5422.62,1214.95,22.41,1474.71,73.75,EXCESS_LIGHTING,HIGH,CRITICAL,1
COST-000957,FAC-001,Infosys Smart Campus,BLD-002,Building B,2026-09-01 12:00:00,102,522.19,235.97,98.18,181.59,4438.62,9.99,346.35,172.71,244.12,5211.78,5422.62,-210.84,-3.89,0.0,51.1,NONE,NORMAL,NORMAL,0
COST-000958,FAC-001,Infosys Smart Campus,BLD-002,Building B,2026-09-01 13:00:00,99,506.08,202.49,91.13,199.95,4301.7,11.0,318.2,170.55,250.63,5052.07,5422.62,-370.54,-6.83,0.0,51.03,NONE,NORMAL,NORMAL,0
COST-000959,FAC-001,Infosys Smart Campus,BLD-002,Building B,2026-09-01 14:00:00,89,539.29,278.53,97.14,170.69,4583.95,9.39,397.09,167.27,235.74,5393.43,5422.62,-29.19,-0.54,0.0,60.6,NONE,NORMAL,NORMAL,0
COST-000960,FAC-001,Infosys Smart Campus,BLD-002,Building B,2026-09-01 15:00:00,84,524.56,233.76,100.18,197.87,4458.74,10.88,354.07,186.61,222.54,5232.84,5422.62,-189.78,-3.5,0.0,62.3,NONE,NORMAL,NORMAL,0
COST-000961,FAC-001,Infosys Smart Campus,BLD-002,Building B,2026-09-01 16:00:00,94,605.97,301.52,119.27,154.64,5150.72,8.51,406.71,193.82,237.14,5996.9,5422.62,574.29,10.59,574.29,63.8,NONE,WARNING,HIGH,0
COST-000962,FAC-001,Infosys Smart Campus,BLD-002,Building B,2026-09-01 17:00:00,38,361.29,149.38,54.33,107.74,3070.99,5.93,424.01,194.37,269.65,3964.95,4020.08,-55.13,-1.37,0.0,104.34,NONE,NORMAL,NORMAL,0
COST-000963,FAC-001,Infosys Smart Campus,BLD-002,Building B,2026-09-01 18:00:00,36,355.62,163.64,47.31,101.14,3022.8,5.56,372.6,179.83,254.36,3835.15,4020.08,-184.93,-4.6,0.0,106.53,NONE,NORMAL,NORMAL,0
COST-000964,FAC-001,Infosys Smart Campus,BLD-002,Building B,2026-09-01 19:00:00,36,421.42,196.73,82.19,111.58,3582.07,6.14,372.51,165.19,268.5,4394.41,4020.08,374.33,9.31,374.33,122.07,NONE,WARNING,MEDIUM,0
COST-000965,FAC-001,Infosys Smart Campus,BLD-002,Building B,2026-09-01 20:00:00,34,362.87,168.86,60.69,112.42,3084.37,6.18,330.98,178.9,277.19,3877.61,4020.08,-142.46,-3.54,0.0,114.05,NONE,NORMAL,NORMAL,0
COST-000966,FAC-001,Infosys Smart Campus,BLD-002,Building B,2026-09-01 21:00:00,10,215.45,94.51,37.21,78.07,1831.34,4.29,403.97,164.69,256.93,2661.23,3019.33,-358.1,-11.86,0.0,266.12,NONE,NORMAL,NORMAL,0
COST-000967,FAC-001,Infosys Smart Campus,BLD-002,Building B,2026-09-01 22:00:00,12,251.2,113.09,40.41,126.31,2135.21,6.95,334.21,172.45,282.35,2931.17,3019.33,-88.16,-2.92,1.39,244.26,HIGH_WATER_USAGE,NORMAL,LOW,1
COST-000968,FAC-001,Infosys Smart Campus,BLD-002,Building B,2026-09-01 23:00:00,12,232.86,105.74,43.75,63.45,1979.29,3.49,408.84,174.17,245.18,2810.96,3019.33,-208.37,-6.9,0.0,234.25,NONE,NORMAL,NORMAL,0
COST-000969,FAC-001,Infosys Smart Campus,BLD-002,Building B,2026-09-02 00:00:00,6,224.08,103.27,41.46,60.53,1904.72,3.33,409.74,162.38,255.26,2735.43,2619.54,115.89,4.42,115.89,455.9,NONE,NORMAL,LOW,0
COST-000970,FAC-001,Infosys Smart Campus,BLD-002,Building B,2026-09-02 01:00:00,7,210.95,92.26,40.3,75.65,1793.07,4.16,333.61,186.75,248.49,2566.08,2619.54,-53.46,-2.04,0.0,366.58,NONE,NORMAL,NORMAL,0
COST-000971,FAC-001,Infosys Smart Campus,BLD-002,Building B,2026-09-02 02:00:00,7,218.76,94.13,30.84,68.27,1859.45,3.75,304.55,167.52,253.85,2589.12,2619.54,-30.42,-1.16,0.0,369.87,NONE,NORMAL,NORMAL,0
COST-000972,FAC-001,Infosys Smart Campus,BLD-002,Building B,2026-09-02 03:00:00,8,211.78,96.28,38.9,64.67,1800.15,3.56,369.83,170.09,277.7,2621.32,2619.54,1.78,0.07,1.78,327.66,NONE,NORMAL,LOW,0
COST-000973,FAC-001,Infosys Smart Campus,BLD-002,Building B,2026-09-02 04:00:00,6,218.52,111.4,29.39,69.14,1857.42,3.8,336.85,179.65,248.95,2626.67,2619.54,7.13,0.27,7.13,437.78,NONE,NORMAL,LOW,0
COST-000974,FAC-001,Infosys Smart Campus,BLD-002,Building B,2026-09-02 05:00:00,8,202.36,101.81,32.93,66.39,1720.08,3.65,370.36,196.99,287.32,2578.41,2619.54,-41.13,-1.57,0.0,322.3,NONE,NORMAL,NORMAL,0
COST-000975,FAC-001,Infosys Smart Campus,BLD-002,Building B,2026-09-02 06:00:00,38,377.73,158.58,73.47,101.6,3210.69,5.59,441.18,175.93,264.89,4098.28,3820.68,277.6,7.27,277.6,107.85,NONE,WARNING,MEDIUM,0
COST-000976,FAC-001,Infosys Smart Campus,BLD-002,Building B,2026-09-02 07:00:00,40,344.56,147.48,68.78,129.52,2928.8,7.12,429.93,186.78,244.0,3796.63,3820.68,-24.05,-0.63,0.0,94.92,NONE,NORMAL,NORMAL,0
COST-000977,FAC-001,Infosys Smart Campus,BLD-002,Building B,2026-09-02 08:00:00,41,363.21,180.19,70.56,128.84,3087.3,7.09,331.61,186.05,228.29,3840.33,3820.68,19.65,0.51,19.65,93.67,NONE,NORMAL,LOW,0
COST-000978,FAC-001,Infosys Smart Campus,BLD-002,Building B,2026-09-02 09:00:00,99,493.14,221.89,92.86,188.94,4191.66,10.39,350.48,181.15,260.88,4994.56,5422.62,-428.06,-7.89,0.0,50.45,NONE,NORMAL,NORMAL,0
COST-000979,FAC-001,Infosys Smart Campus,BLD-002,Building B,2026-09-02 10:00:00,94,563.74,272.79,109.66,200.38,4791.77,11.02,443.12,171.74,252.23,5669.87,5422.62,247.26,4.56,247.26,60.32,NONE,NORMAL,MEDIUM,0
COST-000980,FAC-001,Infosys Smart Campus,BLD-002,Building B,2026-09-02 11:00:00,92,527.53,249.01,72.94,202.09,4484.02,11.12,364.69,182.84,251.63,5294.3,5422.62,-128.32,-2.37,0.0,57.55,NONE,NORMAL,NORMAL,0
COST-000981,FAC-001,Infosys Smart Campus,BLD-002,Building B,2026-09-02 12:00:00,99,641.34,309.31,112.53,162.12,5451.4,8.92,380.0,183.14,258.17,6281.62,5422.62,859.01,15.84,859.01,63.45,NONE,HIGH,HIGH,0
COST-000982,FAC-001,Infosys Smart Campus,BLD-002,Building B,2026-09-02 13:00:00,78,585.52,239.45,113.6,316.59,4976.91,17.41,345.57,172.73,250.88,5763.51,5422.62,340.89,6.29,344.37,73.89,HIGH_WATER_USAGE,WARNING,MEDIUM,1
COST-000983,FAC-001,Infosys Smart Campus,BLD-002,Building B,2026-09-02 14:00:00,75,495.82,248.7,79.27,165.54,4214.5,9.1,382.84,191.13,281.9,5079.46,5422.62,-343.16,-6.33,0.0,67.73,NONE,NORMAL,NORMAL,0
COST-000984,FAC-001,Infosys Smart Campus,BLD-002,Building B,2026-09-02 15:00:00,97,566.96,281.21,87.44,174.56,4819.14,9.6,302.8,178.23,248.49,5558.26,5422.62,135.65,2.5,135.65,57.3,NONE,NORMAL,LOW,0
COST-000985,FAC-001,Infosys Smart Campus,BLD-002,Building B,2026-09-02 16:00:00,82,549.36,276.42,81.33,186.86,4669.58,10.28,334.92,171.79,234.24,5420.8,5422.62,-1.81,-0.03,0.0,66.11,NONE,NORMAL,NORMAL,0
COST-000986,FAC-001,Infosys Smart Campus,BLD-002,Building B,2026-09-02 17:00:00,32,400.7,182.51,72.12,117.21,3405.94,6.45,323.31,196.78,285.04,4217.52,4020.08,197.44,4.91,197.44,131.8,NONE,NORMAL,LOW,0
COST-000987,FAC-001,Infosys Smart Campus,BLD-002,Building B,2026-09-02 18:00:00,35,362.1,150.3,50.58,108.71,3077.86,5.98,415.23,183.77,274.54,3957.38,4020.08,-62.7,-1.56,0.0,113.07,NONE,NORMAL,NORMAL,0
COST-000988,FAC-001,Infosys Smart Campus,BLD-002,Building B,2026-09-02 19:00:00,44,346.22,167.07,64.21,118.34,2942.88,6.51,307.85,195.58,247.92,3700.74,4020.08,-319.33,-7.94,0.0,84.11,NONE,NORMAL,NORMAL,0
COST-000989,FAC-001,Infosys Smart Campus,BLD-002,Building B,2026-09-02 20:00:00,37,350.26,172.4,50.97,102.49,2977.18,5.64,332.25,182.72,293.17,3790.96,4020.08,-229.12,-5.7,0.0,102.46,NONE,NORMAL,NORMAL,0
COST-000990,FAC-001,Infosys Smart Campus,BLD-002,Building B,2026-09-02 21:00:00,10,268.94,132.13,53.53,66.81,2286.03,3.67,418.22,174.2,234.7,3116.82,3019.33,97.49,3.23,97.49,311.68,NONE,NORMAL,LOW,0
COST-000991,FAC-001,Infosys Smart Campus,BLD-002,Building B,2026-09-02 22:00:00,12,251.91,114.81,42.23,64.93,2141.19,3.57,407.58,195.76,263.3,3011.41,3019.33,-7.91,-0.26,0.0,250.95,NONE,NORMAL,NORMAL,0
COST-000992,FAC-001,Infosys Smart Campus,BLD-002,Building B,2026-09-02 23:00:00,12,333.12,186.96,42.01,74.99,2831.55,4.12,390.79,163.37,259.07,3648.91,3019.33,629.58,20.85,788.5,304.08,HIGH_HVAC_USAGE,HIGH,HIGH,1
COST-000993,FAC-001,Infosys Smart Campus,BLD-002,Building B,2026-09-03 00:00:00,8,217.42,111.34,33.25,66.79,1848.11,3.67,449.29,178.79,244.82,2724.68,2619.54,105.14,4.01,105.14,340.58,NONE,NORMAL,LOW,0
COST-000994,FAC-001,Infosys Smart Campus,BLD-002,Building B,2026-09-03 01:00:00,7,222.34,116.81,31.81,65.38,1889.92,3.6,427.63,171.07,281.63,2773.85,2619.54,154.31,5.89,253.6,396.26,HIGH_HVAC_USAGE,WARNING,MEDIUM,1
COST-000995,FAC-001,Infosys Smart Campus,BLD-002,Building B,2026-09-03 02:00:00,7,213.36,100.6,34.61,61.14,1813.55,3.36,415.99,186.43,236.48,2655.81,2619.54,36.27,1.38,36.27,379.4,NONE,NORMAL,LOW,0
COST-000996,FAC-001,Infosys Smart Campus,BLD-002,Building B,2026-09-03 03:00:00,6,233.23,106.61,39.08,68.73,1982.47,3.78,402.38,176.74,290.84,2856.21,2619.54,236.67,9.03,236.67,476.04,NONE,WARNING,MEDIUM,0
COST-000997,FAC-001,Infosys Smart Campus,BLD-002,Building B,2026-09-03 04:00:00,7,218.08,106.33,40.73,74.63,1853.64,4.1,363.91,192.53,249.68,2663.86,2619.54,44.32,1.69,44.32,380.55,NONE,NORMAL,LOW,0
COST-000998,FAC-001,Infosys Smart Campus,BLD-002,Building B,2026-09-03 05:00:00,6,213.1,101.76,42.22,83.27,1811.34,4.58,389.18,193.07,258.55,2656.72,2619.54,37.18,1.42,37.18,442.79,NONE,NORMAL,LOW,0
COST-000999,FAC-001,Infosys Smart Campus,BLD-002,Building B,2026-09-03 06:00:00,43,332.92,146.44,46.89,117.69,2829.83,6.47,424.27,186.95,221.39,3668.91,3820.68,-151.77,-3.97,0.0,85.32,NONE,NORMAL,NORMAL,0
COST-001000,FAC-001,Infosys Smart Campus,BLD-002,Building B,2026-09-03 07:00:00,47,319.42,162.68,45.43,114.01,2715.1,6.27,380.55,171.48,237.37,3510.77,3820.68,-309.92,-8.11,0.0,74.7,NONE,NORMAL,NORMAL,0
COST-001001,FAC-001,Infosys Smart Campus,BLD-002,Building B,2026-09-03 08:00:00,39,357.23,145.39,55.75,121.01,3036.5,6.66,387.94,175.16,294.02,3900.27,3820.68,79.58,2.08,79.58,100.01,NONE,NORMAL,LOW,0
COST-001002,FAC-001,Infosys Smart Campus,BLD-002,Building B,2026-09-03 09:00:00,111,546.37,276.98,101.77,182.49,4644.15,10.04,347.14,187.81,227.57,5416.72,5422.62,-5.9,-0.11,0.0,48.8,NONE,NORMAL,NORMAL,0
COST-001003,FAC-001,Infosys Smart Campus,BLD-002,Building B,2026-09-03 10:00:00,100,572.79,279.26,78.48,203.01,4868.68,11.17,308.69,162.83,250.09,5601.47,5422.62,178.85,3.3,178.85,56.01,NONE,NORMAL,LOW,0
COST-001004,FAC-001,Infosys Smart Campus,BLD-002,Building B,2026-09-03 11:00:00,106,547.73,279.39,86.21,171.16,4655.72,9.41,302.44,168.07,223.37,5359.0,5422.62,-63.61,-1.17,0.0,50.56,NONE,NORMAL,NORMAL,0
COST-001005,FAC-001,Infosys Smart Campus,BLD-002,Building B,2026-09-03 12:00:00,101,530.27,218.28,91.45,199.11,4507.33,10.95,334.46,163.06,254.85,5270.65,5422.62,-151.96,-2.8,0.0,52.18,NONE,NORMAL,NORMAL,0
COST-001006,FAC-001,Infosys Smart Campus,BLD-002,Building B,2026-09-03 13:00:00,94,565.4,267.2,97.81,182.54,4805.91,10.04,316.29,178.02,298.96,5609.22,5422.62,186.6,3.44,186.6,59.67,NONE,NORMAL,LOW,0
COST-001007,FAC-001,Infosys Smart Campus,BLD-002,Building B,2026-09-03 14:00:00,88,528.14,241.22,93.69,193.93,4489.2,10.67,310.55,162.44,272.58,5245.44,5422.62,-177.18,-3.27,0.0,59.61,NONE,NORMAL,NORMAL,0
COST-001008,FAC-001,Infosys Smart Campus,BLD-002,Building B,2026-09-03 15:00:00,100,502.64,221.01,74.84,175.61,4272.45,9.66,368.95,180.45,273.47,5104.98,5422.62,-317.64,-5.86,0.0,51.05,NONE,NORMAL,NORMAL,0
COST-001009,FAC-001,Infosys Smart Campus,BLD-002,Building B,2026-09-03 16:00:00,81,516.18,216.77,79.73,201.47,4387.53,11.08,337.79,183.17,265.51,5185.09,5422.62,-237.53,-4.38,0.0,64.01,NONE,NORMAL,NORMAL,0
COST-001010,FAC-001,Infosys Smart Campus,BLD-002,Building B,2026-09-03 17:00:00,41,451.41,207.2,76.55,102.53,3837.01,5.64,318.98,188.99,231.6,4582.21,4020.08,562.13,13.98,562.13,111.76,NONE,WARNING,HIGH,0
COST-001011,FAC-001,Infosys Smart Campus,BLD-002,Building B,2026-09-03 18:00:00,32,369.72,169.42,69.55,111.75,3142.59,6.15,393.62,173.23,291.97,4007.55,4020.08,-12.52,-0.31,0.0,125.24,NONE,NORMAL,NORMAL,0
COST-001012,FAC-001,Infosys Smart Campus,BLD-002,Building B,2026-09-03 19:00:00,39,486.58,273.18,57.26,119.87,4135.96,6.59,445.72,179.46,291.68,5059.41,4020.08,1039.33,25.85,1271.53,129.73,HIGH_HVAC_USAGE,HIGH,CRITICAL,1
COST-001013,FAC-001,Infosys Smart Campus,BLD-002,Building B,2026-09-03 20:00:00,37,382.03,185.28,61.31,117.78,3247.23,6.48,329.6,194.92,279.59,4057.82,4020.08,37.74,0.94,37.74,109.67,NONE,NORMAL,LOW,0
COST-001014,FAC-001,Infosys Smart Campus,BLD-002,Building B,2026-09-03 21:00:00,10,255.02,130.76,39.73,76.8,2167.7,4.22,417.76,187.33,267.64,3044.65,3019.33,25.32,0.84,25.32,304.46,NONE,NORMAL,LOW,0
COST-001015,FAC-001,Infosys Smart Campus,BLD-002,Building B,2026-09-03 22:00:00,10,258.3,122.68,41.12,62.39,2195.54,3.43,393.74,188.97,294.04,3075.72,3019.33,56.39,1.87,56.39,307.57,NONE,NORMAL,LOW,0
COST-001016,FAC-001,Infosys Smart Campus,BLD-002,Building B,2026-09-03 23:00:00,13,255.5,103.25,45.78,74.28,2171.77,4.09,390.0,169.28,242.08,2977.22,3019.33,-42.11,-1.39,0.0,229.02,NONE,NORMAL,NORMAL,0
COST-001017,FAC-001,Infosys Smart Campus,BLD-002,Building B,2026-09-04 00:00:00,7,211.56,100.27,41.37,74.73,1798.3,4.11,380.91,197.76,221.9,2602.98,2619.54,-16.56,-0.63,0.0,371.85,NONE,NORMAL,NORMAL,0
COST-001018,FAC-001,Infosys Smart Campus,BLD-002,Building B,2026-09-04 01:00:00,7,224.96,102.65,31.08,60.74,1912.18,3.34,306.25,185.14,290.63,2697.54,2619.54,78.0,2.98,78.0,385.36,NONE,NORMAL,LOW,0
COST-001019,FAC-001,Infosys Smart Campus,BLD-002,Building B,2026-09-04 02:00:00,7,221.43,100.95,36.72,66.77,1882.14,3.67,426.57,194.93,262.88,2770.19,2619.54,150.65,5.75,150.65,395.74,NONE,WARNING,LOW,0
COST-001020,FAC-001,Infosys Smart Campus,BLD-002,Building B,2026-09-04 03:00:00,6,202.57,95.82,36.3,70.9,1721.87,3.9,339.18,193.59,278.95,2537.48,2619.54,-82.06,-3.13,0.0,422.91,NONE,NORMAL,NORMAL,0
COST-001021,FAC-001,Infosys Smart Campus,BLD-002,Building B,2026-09-04 04:00:00,7,202.03,83.94,33.66,74.96,1717.24,4.12,439.81,162.76,248.15,2572.08,2619.54,-47.46,-1.81,0.0,367.44,NONE,NORMAL,NORMAL,0
COST-001022,FAC-001,Infosys Smart Campus,BLD-002,Building B,2026-09-04 05:00:00,9,225.43,101.43,29.57,73.15,1916.16,4.02,311.94,165.88,271.72,2669.72,2619.54,50.18,1.92,50.18,296.64,NONE,NORMAL,LOW,0
COST-001023,FAC-001,Infosys Smart Campus,BLD-002,Building B,2026-09-04 06:00:00,38,319.78,146.59,63.48,116.22,2718.13,6.39,348.15,171.68,262.52,3506.87,3820.68,-313.81,-8.21,0.0,92.29,NONE,NORMAL,NORMAL,0
COST-001024,FAC-001,Infosys Smart Campus,BLD-002,Building B,2026-09-04 07:00:00,44,346.11,155.39,50.11,140.09,2941.93,7.7,353.97,181.5,273.66,3758.77,3820.68,-61.91,-1.62,0.0,85.43,NONE,NORMAL,NORMAL,0
COST-001025,FAC-001,Infosys Smart Campus,BLD-002,Building B,2026-09-04 08:00:00,40,406.33,189.64,60.92,117.61,3453.77,6.47,403.55,188.89,292.44,4345.12,3820.68,524.44,13.73,524.44,108.63,NONE,WARNING,HIGH,0
COST-001026,FAC-001,Infosys Smart Campus,BLD-002,Building B,2026-09-04 09:00:00,92,507.55,215.25,69.8,217.91,4314.13,11.98,321.04,179.51,269.77,5096.44,5422.62,-326.18,-6.02,0.0,55.4,NONE,NORMAL,NORMAL,0
COST-001027,FAC-001,Infosys Smart Campus,BLD-002,Building B,2026-09-04 10:00:00,99,576.46,235.1,87.35,195.62,4899.94,10.76,358.37,164.56,290.74,5724.37,5422.62,301.75,5.56,301.75,57.82,NONE,WARNING,MEDIUM,0
COST-001028,FAC-001,Infosys Smart Campus,BLD-002,Building B,2026-09-04 11:00:00,92,537.87,226.6,87.9,206.8,4571.92,11.37,376.48,181.4,241.1,5382.27,5422.62,-40.35,-0.74,0.0,58.5,NONE,NORMAL,NORMAL,0
COST-001029,FAC-001,Infosys Smart Campus,BLD-002,Building B,2026-09-04 12:00:00,85,465.81,193.65,75.4,195.48,3959.37,10.75,380.84,163.21,273.61,4787.79,5422.62,-634.83,-11.71,0.0,56.33,NONE,NORMAL,NORMAL,0
COST-001030,FAC-001,Infosys Smart Campus,BLD-002,Building B,2026-09-04 13:00:00,99,626.37,381.62,80.24,156.27,5324.12,8.59,339.05,168.64,226.06,6066.46,5422.62,643.85,11.87,968.22,61.28,HIGH_HVAC_USAGE,WARNING,HIGH,1
COST-001031,FAC-001,Infosys Smart Campus,BLD-002,Building B,2026-09-04 14:00:00,91,597.33,283.85,108.08,183.57,5077.27,10.1,359.25,185.04,259.59,5891.25,5422.62,468.63,8.64,468.63,64.74,NONE,WARNING,MEDIUM,0
COST-001032,FAC-001,Infosys Smart Campus,BLD-002,Building B,2026-09-04 15:00:00,39,630.91,253.45,80.51,185.74,5362.71,10.22,442.91,187.83,280.49,6284.14,5422.62,861.53,15.89,1505.05,161.13,LOW_OCCUPANCY_HIGH_ENERGY,HIGH,CRITICAL,1
COST-001033,FAC-001,Infosys Smart Campus,BLD-002,Building B,2026-09-04 16:00:00,89,513.76,237.64,72.98,172.21,4366.97,9.47,333.42,190.39,234.04,5134.3,5422.62,-288.32,-5.32,0.0,57.69,NONE,NORMAL,NORMAL,0
COST-001034,FAC-001,Infosys Smart Campus,BLD-002,Building B,2026-09-04 17:00:00,33,378.08,195.51,57.92,107.95,3213.68,5.94,388.64,194.63,282.16,4085.05,4020.08,64.97,1.62,64.97,123.79,NONE,NORMAL,LOW,0
COST-001035,FAC-001,Infosys Smart Campus,BLD-002,Building B,2026-09-04 18:00:00,32,402.21,187.04,54.86,120.79,3418.76,6.64,341.77,162.66,263.56,4193.39,4020.08,173.32,4.31,173.32,131.04,NONE,NORMAL,LOW,0
COST-001036,FAC-001,Infosys Smart Campus,BLD-002,Building B,2026-09-04 19:00:00,41,400.94,169.7,59.47,116.46,3407.98,6.41,352.39,192.98,257.95,4217.7,4020.08,197.62,4.92,197.62,102.87,NONE,NORMAL,LOW,0
COST-001037,FAC-001,Infosys Smart Campus,BLD-002,Building B,2026-09-04 20:00:00,39,411.12,202.59,63.02,105.82,3494.49,5.82,334.76,179.12,245.82,4260.01,4020.08,239.93,5.97,239.93,109.23,NONE,WARNING,MEDIUM,0
COST-001038,FAC-001,Infosys Smart Campus,BLD-002,Building B,2026-09-04 21:00:00,12,266.47,138.06,35.01,71.01,2264.98,3.91,340.64,163.46,252.43,3025.41,3019.33,6.08,0.2,6.08,252.12,NONE,NORMAL,LOW,0
COST-001039,FAC-001,Infosys Smart Campus,BLD-002,Building B,2026-09-04 22:00:00,11,306.21,154.58,41.61,80.94,2602.79,4.45,444.88,191.63,224.27,3468.03,3019.33,448.7,14.86,448.7,315.28,NONE,WARNING,MEDIUM,0
COST-001040,FAC-001,Infosys Smart Campus,BLD-002,Building B,2026-09-04 23:00:00,12,215.14,94.06,34.77,70.08,1828.71,3.85,367.77,197.25,227.91,2625.5,3019.33,-393.82,-13.04,0.0,218.79,NONE,NORMAL,NORMAL,0
COST-001041,FAC-001,Infosys Smart Campus,BLD-002,Building B,2026-09-05 00:00:00,7,223.62,106.19,42.07,63.59,1900.79,3.5,359.06,195.32,285.66,2744.32,2619.54,124.78,4.76,124.78,392.05,NONE,NORMAL,LOW,0
COST-001042,FAC-001,Infosys Smart Campus,BLD-002,Building B,2026-09-05 01:00:00,6,198.34,94.07,27.78,68.02,1685.89,3.74,303.49,173.4,273.82,2440.34,2619.54,-179.19,-6.84,0.0,406.72,NONE,NORMAL,NORMAL,0
COST-001043,FAC-001,Infosys Smart Campus,BLD-002,Building B,2026-09-05 02:00:00,7,211.29,106.68,32.78,73.75,1795.99,4.06,338.04,194.7,245.14,2577.92,2619.54,-41.62,-1.59,0.0,368.27,NONE,NORMAL,NORMAL,0
COST-001044,FAC-001,Infosys Smart Campus,BLD-002,Building B,2026-09-05 03:00:00,6,215.66,98.63,31.41,79.0,1833.14,4.35,331.25,181.9,240.75,2591.39,2619.54,-28.15,-1.07,0.0,431.9,NONE,NORMAL,NORMAL,0
COST-001045,FAC-001,Infosys Smart Campus,BLD-002,Building B,2026-09-05 04:00:00,7,200.63,90.22,29.35,74.88,1705.36,4.12,390.09,165.2,275.13,2539.91,2619.54,-79.63,-3.04,0.0,362.84,NONE,NORMAL,NORMAL,0
COST-001046,FAC-001,Infosys Smart Campus,BLD-002,Building B,2026-09-05 05:00:00,7,218.42,93.92,34.77,65.9,1856.55,3.62,432.25,166.56,265.12,2724.1,2619.54,104.56,3.99,104.56,389.16,NONE,NORMAL,LOW,0
COST-001047,FAC-001,Infosys Smart Campus,BLD-002,Building B,2026-09-05 06:00:00,44,333.7,169.72,53.53,124.4,2836.44,6.84,376.12,182.82,274.76,3676.99,3820.68,-143.7,-3.76,0.0,83.57,NONE,NORMAL,NORMAL,0
COST-001048,FAC-001,Infosys Smart Campus,BLD-002,Building B,2026-09-05 07:00:00,42,333.91,165.07,52.22,115.94,2838.27,6.38,398.23,193.68,290.24,3726.81,3820.68,-93.88,-2.46,0.0,88.73,NONE,NORMAL,NORMAL,0
COST-001049,FAC-001,Infosys Smart Campus,BLD-002,Building B,2026-09-05 08:00:00,40,380.17,179.51,65.56,124.09,3231.41,6.82,372.68,197.91,259.49,4068.31,3820.68,247.62,6.48,247.62,101.71,NONE,WARNING,MEDIUM,0
COST-001050,FAC-001,Infosys Smart Campus,BLD-002,Building B,2026-09-05 09:00:00,92,542.54,270.01,100.03,168.5,4611.58,9.27,409.45,171.15,288.24,5489.7,5422.62,67.08,1.24,67.08,59.67,NONE,NORMAL,LOW,0
COST-001051,FAC-001,Infosys Smart Campus,BLD-002,Building B,2026-09-05 10:00:00,94,543.95,226.09,107.86,190.12,4623.56,10.46,384.86,163.84,279.15,5461.86,5422.62,39.25,0.72,39.25,58.1,NONE,NORMAL,LOW,0
COST-001052,FAC-001,Infosys Smart Campus,BLD-002,Building B,2026-09-05 11:00:00,104,623.98,287.23,102.6,189.7,5303.84,10.43,344.54,167.72,236.26,6062.8,5422.62,640.18,11.81,640.18,58.3,NONE,WARNING,HIGH,0
COST-001053,FAC-001,Infosys Smart Campus,BLD-002,Building B,2026-09-05 12:00:00,100,481.5,227.86,67.78,197.89,4092.74,10.88,346.05,195.77,285.4,4930.84,5422.62,-491.78,-9.07,0.0,49.31,NONE,NORMAL,NORMAL,0
COST-001054,FAC-001,Infosys Smart Campus,BLD-002,Building B,2026-09-05 13:00:00,101,521.33,234.7,88.18,192.12,4431.32,10.57,370.17,183.64,246.54,5242.23,5422.62,-180.39,-3.33,0.0,51.9,NONE,NORMAL,NORMAL,0
COST-001055,FAC-001,Infosys Smart Campus,BLD-002,Building B,2026-09-05 14:00:00,100,557.5,244.65,105.2,181.98,4738.79,10.01,357.31,172.34,260.06,5538.5,5422.62,115.89,2.14,115.89,55.39,NONE,NORMAL,LOW,0
COST-001056,FAC-001,Infosys Smart Campus,BLD-002,Building B,2026-09-05 15:00:00,115,463.14,223.81,84.83,179.77,3936.7,9.89,449.5,171.6,276.86,4844.54,5422.62,-578.08,-10.66,0.0,42.13,NONE,NORMAL,NORMAL,0
COST-001057,FAC-001,Infosys Smart Campus,BLD-002,Building B,2026-09-05 16:00:00,110,503.99,230.38,100.58,185.88,4283.94,10.22,358.39,162.73,261.87,5077.16,5422.62,-345.46,-6.37,0.0,46.16,NONE,NORMAL,NORMAL,0
COST-001058,FAC-001,Infosys Smart Campus,BLD-002,Building B,2026-09-05 17:00:00,43,464.89,240.3,90.1,116.48,3951.59,6.41,358.18,177.26,249.12,4742.55,4020.08,722.48,17.97,722.48,110.29,NONE,HIGH,HIGH,0
COST-001059,FAC-001,Infosys Smart Campus,BLD-002,Building B,2026-09-05 18:00:00,38,413.57,193.82,78.46,107.64,3515.32,5.92,368.24,172.61,224.9,4286.99,4020.08,266.91,6.64,266.91,112.82,NONE,WARNING,MEDIUM,0
COST-001060,FAC-001,Infosys Smart Campus,BLD-002,Building B,2026-09-05 19:00:00,39,317.68,136.66,56.75,108.77,2700.28,5.98,339.41,163.78,287.2,3496.65,4020.08,-523.42,-13.02,0.0,89.66,NONE,NORMAL,NORMAL,0
COST-001061,FAC-001,Infosys Smart Campus,BLD-002,Building B,2026-09-05 20:00:00,32,403.84,173.48,52.75,105.8,3432.65,5.82,327.58,181.03,267.03,4214.11,4020.08,194.03,4.83,194.03,131.69,NONE,NORMAL,LOW,0
COST-001062,FAC-001,Infosys Smart Campus,BLD-002,Building B,2026-09-05 21:00:00,10,242.86,120.35,38.91,80.83,2064.32,4.45,379.95,187.67,242.33,2878.71,3019.33,-140.61,-4.66,0.0,287.87,NONE,NORMAL,NORMAL,0
COST-001063,FAC-001,Infosys Smart Campus,BLD-002,Building B,2026-09-05 22:00:00,11,239.98,105.41,38.63,73.58,2039.79,4.05,384.68,188.63,276.06,2893.21,3019.33,-126.11,-4.18,0.0,263.02,NONE,NORMAL,NORMAL,0
COST-001064,FAC-001,Infosys Smart Campus,BLD-002,Building B,2026-09-05 23:00:00,13,294.22,148.53,47.15,76.34,2500.88,4.2,417.95,182.97,226.54,3332.54,3019.33,313.22,10.37,313.22,256.35,NONE,WARNING,MEDIUM,0
COST-001065,FAC-001,Infosys Smart Campus,BLD-002,Building B,2026-09-06 00:00:00,8,223.32,114.87,29.88,61.05,1898.18,3.36,316.06,182.26,258.37,2658.22,2619.54,38.68,1.48,38.68,332.28,NONE,NORMAL,LOW,0
COST-001066,FAC-001,Infosys Smart Campus,BLD-002,Building B,2026-09-06 01:00:00,9,215.08,105.08,39.51,64.21,1828.21,3.53,364.31,196.31,288.5,2680.87,2619.54,61.33,2.34,61.33,297.87,NONE,NORMAL,LOW,0
COST-001067,FAC-001,Infosys Smart Campus,BLD-002,Building B,2026-09-06 02:00:00,6,204.2,92.35,32.29,78.86,1735.72,4.34,379.5,165.77,287.95,2573.27,2619.54,-46.27,-1.77,0.0,428.88,NONE,NORMAL,NORMAL,0
COST-001068,FAC-001,Infosys Smart Campus,BLD-002,Building B,2026-09-06 03:00:00,8,209.13,84.82,37.51,67.56,1777.61,3.72,368.03,195.43,267.04,2611.82,2619.54,-7.72,-0.29,0.0,326.48,NONE,NORMAL,NORMAL,0
COST-001069,FAC-001,Infosys Smart Campus,BLD-002,Building B,2026-09-06 04:00:00,8,217.25,94.64,33.63,69.72,1846.6,3.83,452.21,179.0,264.2,2745.85,2619.54,126.31,4.82,126.31,343.23,NONE,NORMAL,LOW,0
COST-001070,FAC-001,Infosys Smart Campus,BLD-002,Building B,2026-09-06 05:00:00,7,182.04,74.45,35.08,70.73,1547.33,3.89,323.5,189.96,269.82,2334.5,2619.54,-285.04,-10.88,0.0,333.5,NONE,NORMAL,NORMAL,0
COST-001071,FAC-001,Infosys Smart Campus,BLD-002,Building B,2026-09-06 06:00:00,36,338.76,170.45,60.64,137.53,2879.49,7.56,374.06,168.97,237.25,3667.33,3820.68,-153.35,-4.01,0.0,101.87,NONE,NORMAL,NORMAL,0
COST-001072,FAC-001,Infosys Smart Campus,BLD-002,Building B,2026-09-06 07:00:00,46,368.67,165.33,53.29,119.41,3133.68,6.57,434.12,188.94,288.76,4052.07,3820.68,231.39,6.06,231.39,88.09,NONE,WARNING,MEDIUM,0
COST-001073,FAC-001,Infosys Smart Campus,BLD-002,Building B,2026-09-06 08:00:00,49,358.32,149.35,55.32,119.34,3045.76,6.56,434.59,166.84,234.48,3888.23,3820.68,67.55,1.77,67.55,79.35,NONE,NORMAL,LOW,0
COST-001074,FAC-001,Infosys Smart Campus,BLD-002,Building B,2026-09-06 09:00:00,71,488.88,231.62,94.45,174.5,4155.44,9.6,401.22,192.17,261.97,5020.4,5422.62,-402.22,-7.42,0.0,70.71,NONE,NORMAL,NORMAL,0
COST-001075,FAC-001,Infosys Smart Campus,BLD-002,Building B,2026-09-06 10:00:00,96,485.33,226.46,88.32,179.61,4125.29,9.88,447.47,177.98,279.9,5040.52,5422.62,-382.1,-7.05,0.0,52.51,NONE,NORMAL,NORMAL,0
COST-001076,FAC-001,Infosys Smart Campus,BLD-002,Building B,2026-09-06 11:00:00,83,508.82,238.44,98.0,202.01,4324.95,11.11,445.3,169.72,226.78,5177.87,5422.62,-244.75,-4.51,0.0,62.38,NONE,NORMAL,NORMAL,0
COST-001077,FAC-001,Infosys Smart Campus,BLD-002,Building B,2026-09-06 12:00:00,97,584.58,260.65,114.24,208.89,4968.91,11.49,387.8,178.94,224.74,5771.88,5422.62,349.26,6.44,349.26,59.5,NONE,WARNING,MEDIUM,0
COST-001078,FAC-001,Infosys Smart Campus,BLD-002,Building B,2026-09-06 13:00:00,72,668.85,385.69,74.76,203.68,5685.25,11.2,372.22,171.23,277.76,6517.66,5422.62,1095.05,20.19,1422.88,90.52,HIGH_HVAC_USAGE,HIGH,CRITICAL,1
COST-001079,FAC-001,Infosys Smart Campus,BLD-002,Building B,2026-09-06 14:00:00,91,663.34,291.0,101.91,190.32,5638.4,10.47,650.84,172.72,256.56,6728.99,5422.62,1306.37,24.09,1306.37,73.94,MAINTENANCE_RISK,HIGH,CRITICAL,1
COST-001080,FAC-001,Infosys Smart Campus,BLD-002,Building B,2026-09-06 15:00:00,100,571.32,233.21,112.47,174.51,4856.18,9.6,435.87,191.14,296.49,5789.28,5422.62,366.67,6.76,366.67,57.89,NONE,WARNING,MEDIUM,0
COST-001081,FAC-001,Infosys Smart Campus,BLD-002,Building B,2026-09-06 16:00:00,111,534.02,237.36,76.31,169.97,4539.17,9.35,316.95,183.21,269.86,5318.54,5422.62,-104.08,-1.92,0.0,47.91,NONE,NORMAL,NORMAL,0
COST-001082,FAC-001,Infosys Smart Campus,BLD-002,Building B,2026-09-06 17:00:00,37,429.72,177.88,72.56,114.74,3652.66,6.31,444.55,189.43,296.86,4589.81,4020.08,569.73,14.17,569.73,124.05,NONE,WARNING,HIGH,0
COST-001083,FAC-001,Infosys Smart Campus,BLD-002,Building B,2026-09-06 18:00:00,40,346.46,148.19,57.38,113.48,2944.93,6.24,358.72,178.41,234.81,3723.1,4020.08,-296.97,-7.39,0.0,93.08,NONE,NORMAL,NORMAL,0
COST-001084,FAC-001,Infosys Smart Campus,BLD-002,Building B,2026-09-06 19:00:00,40,339.22,170.38,62.06,122.69,2883.35,6.75,357.47,169.56,281.54,3698.67,4020.08,-321.41,-8.0,0.0,92.47,NONE,NORMAL,NORMAL,0
COST-001085,FAC-001,Infosys Smart Campus,BLD-002,Building B,2026-09-06 20:00:00,32,374.0,158.36,52.95,104.26,3178.97,5.73,370.67,182.87,289.42,4027.66,4020.08,7.58,0.19,7.58,125.86,NONE,NORMAL,LOW,0
COST-001086,FAC-001,Infosys Smart Campus,BLD-002,Building B,2026-09-06 21:00:00,12,255.89,102.83,40.9,80.52,2175.09,4.43,386.73,185.45,233.02,2984.72,3019.33,-34.61,-1.15,0.0,248.73,NONE,NORMAL,NORMAL,0
COST-001087,FAC-001,Infosys Smart Campus,BLD-002,Building B,2026-09-06 22:00:00,10,267.58,131.13,41.14,73.51,2274.41,4.04,409.0,170.17,283.03,3140.65,3019.33,121.32,4.02,121.32,314.06,NONE,NORMAL,LOW,0
COST-001088,FAC-001,Infosys Smart Campus,BLD-002,Building B,2026-09-06 23:00:00,11,280.15,123.94,45.88,84.69,2381.25,4.66,373.84,187.14,254.83,3201.71,3019.33,182.39,6.04,182.39,291.06,NONE,WARNING,LOW,0
COST-001089,FAC-001,Infosys Smart Campus,BLD-002,Building B,2026-09-07 00:00:00,7,202.16,81.0,30.54,73.19,1718.34,4.03,447.41,180.09,292.52,2642.39,2619.54,22.85,0.87,22.85,377.48,NONE,NORMAL,LOW,0
COST-001090,FAC-001,Infosys Smart Campus,BLD-002,Building B,2026-09-07 01:00:00,8,264.53,93.04,32.98,74.2,2248.49,4.08,596.87,175.57,276.17,3301.17,2619.54,681.63,26.02,681.63,412.65,MAINTENANCE_RISK,HIGH,HIGH,1
COST-001091,FAC-001,Infosys Smart Campus,BLD-002,Building B,2026-09-07 02:00:00,6,220.24,105.84,32.52,62.9,1872.0,3.46,445.61,183.43,272.31,2776.81,2619.54,157.27,6.0,157.27,462.8,NONE,WARNING,LOW,0
COST-001092,FAC-001,Infosys Smart Campus,BLD-002,Building B,2026-09-07 03:00:00,8,216.96,107.0,33.08,58.63,1844.14,3.22,341.13,171.17,295.01,2654.67,2619.54,35.13,1.34,35.13,331.83,NONE,NORMAL,LOW,0
COST-001093,FAC-001,Infosys Smart Campus,BLD-002,Building B,2026-09-07 04:00:00,6,217.46,105.83,39.26,64.2,1848.38,3.53,318.54,191.4,272.1,2633.96,2619.54,14.42,0.55,14.42,438.99,NONE,NORMAL,LOW,0
COST-001094,FAC-001,Infosys Smart Campus,BLD-002,Building B,2026-09-07 05:00:00,7,179.68,75.84,24.7,69.44,1527.26,3.82,332.59,164.16,296.01,2323.84,2619.54,-295.7,-11.29,0.0,331.98,NONE,NORMAL,NORMAL,0
COST-001095,FAC-001,Infosys Smart Campus,BLD-002,Building B,2026-09-07 06:00:00,48,471.37,258.32,60.79,129.92,4006.68,7.15,381.43,181.8,228.58,4805.64,3820.68,984.95,25.78,1204.52,100.12,HIGH_HVAC_USAGE,HIGH,CRITICAL,1
COST-001096,FAC-001,Infosys Smart Campus,BLD-002,Building B,2026-09-07 07:00:00,40,362.15,174.2,71.9,109.4,3078.27,6.02,376.98,192.86,229.15,3883.28,3820.68,62.59,1.64,62.59,97.08,NONE,NORMAL,LOW,0
COST-001097,FAC-001,Infosys Smart Campus,BLD-002,Building B,2026-09-07 08:00:00,35,342.11,141.14,62.76,144.02,2907.91,7.92,372.0,166.18,273.49,3727.5,3820.68,-93.19,-2.44,0.0,106.5,NONE,NORMAL,NORMAL,0
COST-001098,FAC-001,Infosys Smart Campus,BLD-002,Building B,2026-09-07 09:00:00,100,589.27,249.59,85.06,184.36,5008.76,10.14,430.32,179.0,277.7,5905.91,5422.62,483.3,8.91,483.3,59.06,NONE,WARNING,MEDIUM,0
COST-001099,FAC-001,Infosys Smart Campus,BLD-002,Building B,2026-09-07 10:00:00,103,573.77,246.56,108.07,195.64,4877.06,10.76,368.3,182.01,252.6,5690.73,5422.62,268.11,4.94,268.11,55.25,NONE,NORMAL,MEDIUM,0
COST-001100,FAC-001,Infosys Smart Campus,BLD-002,Building B,2026-09-07 11:00:00,94,556.83,273.24,97.52,168.24,4733.04,9.25,413.02,171.25,234.67,5561.22,5422.62,138.61,2.56,138.61,59.16,NONE,NORMAL,LOW,0
COST-001101,FAC-001,Infosys Smart Campus,BLD-002,Building B,2026-09-07 12:00:00,103,558.62,255.73,93.4,187.71,4748.28,10.32,446.92,190.81,273.1,5669.44,5422.62,246.83,4.55,246.83,55.04,NONE,NORMAL,MEDIUM,0
COST-001102,FAC-001,Infosys Smart Campus,BLD-002,Building B,2026-09-07 13:00:00,76,595.06,273.35,89.85,191.34,5058.03,10.52,400.31,195.46,232.98,5897.31,5422.62,474.69,8.75,474.69,77.6,NONE,WARNING,MEDIUM,0
COST-001103,FAC-001,Infosys Smart Campus,BLD-002,Building B,2026-09-07 14:00:00,92,492.18,244.53,74.11,198.76,4183.55,10.93,311.51,164.93,271.16,4942.08,5422.62,-480.54,-8.86,0.0,53.72,NONE,NORMAL,NORMAL,0
COST-001104,FAC-001,Infosys Smart Campus,BLD-002,Building B,2026-09-07 15:00:00,81,558.53,268.89,73.0,187.97,4747.48,10.34,365.06,165.84,293.01,5581.73,5422.62,159.11,2.93,159.11,68.91,NONE,NORMAL,LOW,0
COST-001105,FAC-001,Infosys Smart Campus,BLD-002,Building B,2026-09-07 16:00:00,89,566.16,243.86,74.87,199.0,4812.38,10.94,448.95,164.02,267.13,5703.43,5422.62,280.81,5.18,280.81,64.08,NONE,WARNING,MEDIUM,0
COST-001106,FAC-001,Infosys Smart Campus,BLD-002,Building B,2026-09-07 17:00:00,31,374.37,149.88,55.03,120.67,3182.17,6.64,448.46,194.82,295.04,4127.12,4020.08,107.04,2.66,107.04,133.13,NONE,NORMAL,LOW,0
COST-001107,FAC-001,Infosys Smart Campus,BLD-002,Building B,2026-09-07 18:00:00,36,403.7,205.36,80.22,99.18,3431.41,5.45,330.7,163.17,294.77,4225.51,4020.08,205.43,5.11,205.43,117.38,NONE,WARNING,MEDIUM,0
COST-001108,FAC-001,Infosys Smart Campus,BLD-002,Building B,2026-09-07 19:00:00,34,407.05,195.11,64.17,107.59,3459.93,5.92,438.03,195.34,250.55,4349.78,4020.08,329.7,8.2,329.7,127.93,NONE,WARNING,MEDIUM,0
COST-001109,FAC-001,Infosys Smart Campus,BLD-002,Building B,2026-09-07 20:00:00,38,363.33,151.46,57.14,100.38,3088.33,5.52,302.8,194.18,289.94,3880.77,4020.08,-139.31,-3.47,0.0,102.13,NONE,NORMAL,NORMAL,0
COST-001110,FAC-001,Infosys Smart Campus,BLD-002,Building B,2026-09-07 21:00:00,11,279.39,120.23,51.16,67.97,2374.78,3.74,347.79,176.41,274.81,3177.53,3019.33,158.2,5.24,158.2,288.87,NONE,WARNING,LOW,0
COST-001111,FAC-001,Infosys Smart Campus,BLD-002,Building B,2026-09-07 22:00:00,9,266.73,132.34,35.99,68.63,2267.22,3.77,428.76,189.18,279.73,3168.66,3019.33,149.34,4.95,149.34,352.07,NONE,NORMAL,LOW,0
COST-001112,FAC-001,Infosys Smart Campus,BLD-002,Building B,2026-09-07 23:00:00,12,276.41,130.07,53.69,74.37,2349.51,4.09,378.9,170.0,263.49,3166.0,3019.33,146.68,4.86,146.68,263.83,NONE,NORMAL,LOW,0
COST-001113,FAC-001,Infosys Smart Campus,BLD-002,Building B,2026-09-08 00:00:00,7,206.9,104.54,32.62,75.13,1758.67,4.13,331.65,194.11,223.42,2511.99,2619.54,-107.55,-4.11,0.0,358.86,NONE,NORMAL,NORMAL,0
COST-001114,FAC-001,Infosys Smart Campus,BLD-002,Building B,2026-09-08 01:00:00,7,203.46,98.62,26.93,70.06,1729.37,3.85,372.85,165.36,276.13,2547.57,2619.54,-71.97,-2.75,0.0,363.94,NONE,NORMAL,NORMAL,0
COST-001115,FAC-001,Infosys Smart Campus,BLD-002,Building B,2026-09-08 02:00:00,6,210.79,84.71,33.57,73.17,1791.71,4.02,312.83,196.86,290.2,2595.63,2619.54,-23.91,-0.91,0.0,432.6,NONE,NORMAL,NORMAL,0
COST-001116,FAC-001,Infosys Smart Campus,BLD-002,Building B,2026-09-08 03:00:00,6,203.22,104.27,32.98,66.93,1727.34,3.68,376.54,189.82,234.13,2531.52,2619.54,-88.02,-3.36,0.0,421.92,NONE,NORMAL,NORMAL,0
COST-001117,FAC-001,Infosys Smart Campus,BLD-002,Building B,2026-09-08 04:00:00,8,223.61,103.92,42.62,70.35,1900.67,3.87,366.25,171.09,250.04,2691.92,2619.54,72.38,2.76,72.38,336.49,NONE,NORMAL,LOW,0
COST-001118,FAC-001,Infosys Smart Campus,BLD-002,Building B,2026-09-08 05:00:00,6,207.16,89.63,37.38,66.35,1760.89,3.65,400.86,169.97,227.39,2562.75,2619.54,-56.79,-2.17,0.0,427.13,NONE,NORMAL,NORMAL,0
COST-001119,FAC-001,Infosys Smart Campus,BLD-002,Building B,2026-09-08 06:00:00,38,334.54,155.98,51.86,220.13,2843.62,12.11,322.26,191.49,298.7,3668.17,3820.68,-152.51,-3.99,2.42,96.53,HIGH_WATER_USAGE,NORMAL,LOW,1
COST-001120,FAC-001,Infosys Smart Campus,BLD-002,Building B,2026-09-08 07:00:00,41,326.1,154.63,58.79,102.58,2771.88,5.64,439.23,182.16,256.13,3655.04,3820.68,-165.65,-4.34,0.0,89.15,NONE,NORMAL,NORMAL,0
COST-001121,FAC-001,Infosys Smart Campus,BLD-002,Building B,2026-09-08 08:00:00,44,355.88,176.28,47.26,113.64,3024.94,6.25,408.27,191.75,278.04,3909.25,3820.68,88.56,2.32,88.56,88.85,NONE,NORMAL,LOW,0
COST-001122,FAC-001,Infosys Smart Campus,BLD-002,Building B,2026-09-08 09:00:00,75,553.14,245.3,100.33,195.59,4701.71,10.76,421.75,181.16,243.8,5559.18,5422.62,136.56,2.52,136.56,74.12,NONE,NORMAL,LOW,0
COST-001123,FAC-001,Infosys Smart Campus,BLD-002,Building B,2026-09-08 10:00:00,106,592.57,251.93,78.3,216.51,5036.88,11.91,442.75,181.04,279.8,5952.36,5422.62,529.75,9.77,529.75,56.15,NONE,WARNING,HIGH,0
COST-001124,FAC-001,Infosys Smart Campus,BLD-002,Building B,2026-09-08 11:00:00,78,601.06,255.19,93.75,182.55,5108.99,10.04,305.15,188.01,286.17,5898.35,5422.62,475.74,8.77,475.74,75.62,NONE,WARNING,MEDIUM,0
COST-001125,FAC-001,Infosys Smart Campus,BLD-002,Building B,2026-09-08 12:00:00,84,458.62,230.3,84.52,173.62,3898.27,9.55,387.56,167.84,245.17,4708.39,5422.62,-714.23,-13.17,0.0,56.05,NONE,NORMAL,NORMAL,0
COST-001126,FAC-001,Infosys Smart Campus,BLD-002,Building B,2026-09-08 13:00:00,83,551.81,286.01,101.36,198.08,4690.36,10.89,335.09,189.77,222.58,5448.69,5422.62,26.08,0.48,26.08,65.65,NONE,NORMAL,LOW,0
COST-001127,FAC-001,Infosys Smart Campus,BLD-002,Building B,2026-09-08 14:00:00,91,617.12,272.53,117.48,164.49,5245.51,9.05,428.2,173.15,294.56,6150.48,5422.62,727.86,13.42,727.86,67.59,NONE,WARNING,HIGH,0
COST-001128,FAC-001,Infosys Smart Campus,BLD-002,Building B,2026-09-08 15:00:00,107,560.2,269.26,82.72,173.04,4761.67,9.52,428.62,189.42,246.67,5635.91,5422.62,213.29,3.93,213.29,52.67,NONE,NORMAL,MEDIUM,0
COST-001129,FAC-001,Infosys Smart Campus,BLD-002,Building B,2026-09-08 16:00:00,88,542.6,230.63,88.99,191.4,4612.07,10.53,444.59,181.96,267.82,5516.97,5422.62,94.35,1.74,94.35,62.69,NONE,NORMAL,LOW,0
COST-001130,FAC-001,Infosys Smart Campus,BLD-002,Building B,2026-09-08 17:00:00,38,377.02,152.2,68.12,111.65,3204.68,6.14,422.69,183.02,273.36,4089.89,4020.08,69.82,1.74,69.82,107.63,NONE,NORMAL,LOW,0
COST-001131,FAC-001,Infosys Smart Campus,BLD-002,Building B,2026-09-08 18:00:00,33,400.98,191.19,69.18,106.95,3408.3,5.88,321.79,171.55,286.15,4193.67,4020.08,173.59,4.32,173.59,127.08,NONE,NORMAL,LOW,0
COST-001132,FAC-001,Infosys Smart Campus,BLD-002,Building B,2026-09-08 19:00:00,36,372.27,190.95,54.31,92.35,3164.27,5.08,394.1,189.19,291.33,4043.97,4020.08,23.89,0.59,23.89,112.33,NONE,NORMAL,LOW,0
COST-001133,FAC-001,Infosys Smart Campus,BLD-002,Building B,2026-09-08 20:00:00,38,377.81,161.48,49.77,101.56,3211.39,5.59,402.36,163.58,286.25,4069.18,4020.08,49.1,1.22,49.1,107.08,NONE,NORMAL,LOW,0
COST-001134,FAC-001,Infosys Smart Campus,BLD-002,Building B,2026-09-08 21:00:00,11,250.88,120.46,40.16,64.85,2132.51,3.57,312.32,176.45,280.66,2905.51,3019.33,-113.81,-3.77,0.0,264.14,NONE,NORMAL,NORMAL,0
COST-001135,FAC-001,Infosys Smart Campus,BLD-002,Building B,2026-09-08 22:00:00,11,272.88,123.02,48.9,82.35,2319.45,4.53,319.12,184.6,235.57,3063.26,3019.33,43.94,1.46,43.94,278.48,NONE,NORMAL,LOW,0
COST-001136,FAC-001,Infosys Smart Campus,BLD-002,Building B,2026-09-08 23:00:00,11,315.49,159.37,51.23,80.65,2681.69,4.44,337.32,193.47,234.34,3451.26,3019.33,431.93,14.31,431.93,313.75,NONE,WARNING,MEDIUM,0
COST-001137,FAC-001,Infosys Smart Campus,BLD-002,Building B,2026-09-09 00:00:00,6,206.96,101.99,33.78,61.77,1759.18,3.4,386.13,187.84,290.97,2627.52,2619.54,7.98,0.3,7.98,437.92,NONE,NORMAL,LOW,0
COST-001138,FAC-001,Infosys Smart Campus,BLD-002,Building B,2026-09-09 01:00:00,6,207.23,106.58,27.3,72.63,1761.43,3.99,437.84,171.89,242.3,2617.46,2619.54,-2.08,-0.08,0.0,436.24,NONE,NORMAL,NORMAL,0
COST-001139,FAC-001,Infosys Smart Campus,BLD-002,Building B,2026-09-09 02:00:00,8,188.64,85.38,34.12,70.61,1603.41,3.88,443.42,171.52,232.69,2454.93,2619.54,-164.61,-6.28,0.0,306.87,NONE,NORMAL,NORMAL,0
COST-001140,FAC-001,Infosys Smart Campus,BLD-002,Building B,2026-09-09 03:00:00,8,213.45,88.3,29.82,64.19,1814.36,3.53,344.99,183.75,284.71,2631.33,2619.54,11.79,0.45,11.79,328.92,NONE,NORMAL,LOW,0
COST-001141,FAC-001,Infosys Smart Campus,BLD-002,Building B,2026-09-09 04:00:00,6,224.42,96.37,44.35,64.83,1907.58,3.57,391.26,173.45,264.2,2740.05,2619.54,120.51,4.6,120.51,456.67,NONE,NORMAL,LOW,0
COST-001142,FAC-001,Infosys Smart Campus,BLD-002,Building B,2026-09-09 05:00:00,6,211.15,87.8,37.27,67.39,1794.79,3.71,367.85,169.12,263.78,2599.24,2619.54,-20.3,-0.78,0.0,433.21,NONE,NORMAL,NORMAL,0
COST-001143,FAC-001,Infosys Smart Campus,BLD-002,Building B,2026-09-09 06:00:00,44,333.98,136.31,45.95,87.6,2838.83,4.82,445.26,190.07,267.96,3746.94,3820.68,-73.75,-1.93,0.0,85.16,NONE,NORMAL,NORMAL,0
COST-001144,FAC-001,Infosys Smart Campus,BLD-002,Building B,2026-09-09 07:00:00,46,300.93,154.57,51.82,110.87,2557.87,6.1,337.46,163.68,294.72,3359.84,3820.68,-460.84,-12.06,0.0,73.04,NONE,NORMAL,NORMAL,0
COST-001145,FAC-001,Infosys Smart Campus,BLD-002,Building B,2026-09-09 08:00:00,40,306.73,126.91,57.84,109.97,2607.17,6.05,349.67,168.42,288.02,3419.33,3820.68,-401.36,-10.5,0.0,85.48,NONE,NORMAL,NORMAL,0
COST-001146,FAC-001,Infosys Smart Campus,BLD-002,Building B,2026-09-09 09:00:00,99,478.63,201.21,75.06,165.05,4068.37,9.08,357.31,196.26,294.81,4925.83,5422.62,-496.79,-9.16,0.0,49.76,NONE,NORMAL,NORMAL,0
COST-001147,FAC-001,Infosys Smart Campus,BLD-002,Building B,2026-09-09 10:00:00,92,529.13,266.43,83.33,208.0,4497.63,11.44,319.11,195.2,279.59,5302.97,5422.62,-119.65,-2.21,0.0,57.64,NONE,NORMAL,NORMAL,0
COST-001148,FAC-001,Infosys Smart Campus,BLD-002,Building B,2026-09-09 11:00:00,99,594.53,268.41,108.85,195.68,5053.48,10.76,339.31,188.24,253.73,5845.52,5422.62,422.91,7.8,422.91,59.05,NONE,WARNING,MEDIUM,0
COST-001149,FAC-001,Infosys Smart Campus,BLD-002,Building B,2026-09-09 12:00:00,101,516.38,233.39,100.3,213.15,4389.25,11.72,336.84,169.18,254.18,5161.17,5422.62,-261.45,-4.82,0.0,51.1,NONE,NORMAL,NORMAL,0
COST-001150,FAC-001,Infosys Smart Campus,BLD-002,Building B,2026-09-09 13:00:00,91,562.67,271.56,84.27,209.98,4782.68,11.55,309.11,191.43,298.21,5592.98,5422.62,170.36,3.14,170.36,61.46,NONE,NORMAL,LOW,0
COST-001151,FAC-001,Infosys Smart Campus,BLD-002,Building B,2026-09-09 14:00:00,93,539.57,226.82,94.79,208.0,4586.3,11.44,417.86,186.77,246.18,5448.55,5422.62,25.93,0.48,25.93,58.59,NONE,NORMAL,LOW,0
COST-001152,FAC-001,Infosys Smart Campus,BLD-002,Building B,2026-09-09 15:00:00,99,496.7,225.65,95.21,190.75,4221.92,10.49,429.34,183.25,235.97,5080.97,5422.62,-341.65,-6.3,0.0,51.32,NONE,NORMAL,NORMAL,0
COST-001153,FAC-001,Infosys Smart Campus,BLD-002,Building B,2026-09-09 16:00:00,96,642.2,287.6,88.86,177.48,5458.7,9.76,365.29,172.99,293.19,6299.93,5422.62,877.31,16.18,877.31,65.62,NONE,HIGH,HIGH,0
COST-001154,FAC-001,Infosys Smart Campus,BLD-002,Building B,2026-09-09 17:00:00,37,411.41,190.74,73.76,104.77,3497.01,5.76,444.82,181.08,285.84,4414.52,4020.08,394.44,9.81,394.44,119.31,NONE,WARNING,MEDIUM,0
COST-001155,FAC-001,Infosys Smart Campus,BLD-002,Building B,2026-09-09 18:00:00,35,369.06,177.46,48.18,98.24,3137.05,5.4,450.49,178.72,284.76,4056.42,4020.08,36.34,0.9,36.34,115.9,NONE,NORMAL,LOW,0
COST-001156,FAC-001,Infosys Smart Campus,BLD-002,Building B,2026-09-09 19:00:00,37,326.15,166.87,62.72,141.83,2772.28,7.8,347.19,181.62,238.46,3547.35,4020.08,-472.72,-11.76,0.0,95.87,NONE,NORMAL,NORMAL,0
COST-001157,FAC-001,Infosys Smart Campus,BLD-002,Building B,2026-09-09 20:00:00,34,301.71,150.79,58.15,108.0,2564.52,5.94,328.75,184.39,222.95,3306.55,4020.08,-713.53,-17.75,0.0,97.25,NONE,NORMAL,NORMAL,0
COST-001158,FAC-001,Infosys Smart Campus,BLD-002,Building B,2026-09-09 21:00:00,11,261.58,107.79,41.76,73.89,2223.41,4.06,439.25,193.3,239.54,3099.56,3019.33,80.24,2.66,80.24,281.78,NONE,NORMAL,LOW,0
COST-001159,FAC-001,Infosys Smart Campus,BLD-002,Building B,2026-09-09 22:00:00,11,245.87,108.27,43.53,67.99,2089.86,3.74,311.26,169.76,298.89,2873.5,3019.33,-145.82,-4.83,0.0,261.23,NONE,NORMAL,NORMAL,0
COST-001160,FAC-001,Infosys Smart Campus,BLD-002,Building B,2026-09-09 23:00:00,12,290.19,122.44,50.11,70.68,2466.59,3.89,349.95,191.84,268.07,3280.33,3019.33,261.01,8.64,261.01,273.36,NONE,WARNING,MEDIUM,0
COST-001161,FAC-001,Infosys Smart Campus,BLD-002,Building B,2026-09-10 00:00:00,8,180.56,84.72,25.57,59.55,1534.8,3.28,417.48,179.37,294.34,2429.27,2619.54,-190.27,-7.26,0.0,303.66,NONE,NORMAL,NORMAL,0
COST-001162,FAC-001,Infosys Smart Campus,BLD-002,Building B,2026-09-10 01:00:00,6,201.43,99.6,33.89,59.73,1712.19,3.28,310.47,176.35,242.12,2444.4,2619.54,-175.14,-6.69,0.0,407.4,NONE,NORMAL,NORMAL,0
COST-001163,FAC-001,Infosys Smart Campus,BLD-002,Building B,2026-09-10 02:00:00,7,222.51,98.11,37.39,66.38,1891.34,3.65,308.76,183.54,287.68,2674.96,2619.54,55.42,2.12,55.42,382.14,NONE,NORMAL,LOW,0
COST-001164,FAC-001,Infosys Smart Campus,BLD-002,Building B,2026-09-10 03:00:00,6,232.49,110.51,36.34,65.04,1976.17,3.58,409.65,192.76,274.5,2856.66,2619.54,237.12,9.05,237.12,476.11,NONE,WARNING,MEDIUM,0
COST-001165,FAC-001,Infosys Smart Campus,BLD-002,Building B,2026-09-10 04:00:00,7,200.71,98.5,27.65,70.0,1706.01,3.85,449.28,165.01,291.3,2615.44,2619.54,-4.1,-0.16,0.0,373.63,NONE,NORMAL,NORMAL,0
COST-001166,FAC-001,Infosys Smart Campus,BLD-002,Building B,2026-09-10 05:00:00,8,207.42,104.16,40.12,63.59,1763.03,3.5,392.23,187.49,285.96,2632.2,2619.54,12.66,0.48,12.66,329.03,NONE,NORMAL,LOW,0
COST-001167,FAC-001,Infosys Smart Campus,BLD-002,Building B,2026-09-10 06:00:00,43,346.88,158.79,56.04,120.08,2948.48,6.6,385.29,196.31,235.06,3771.75,3820.68,-48.93,-1.28,0.0,87.72,NONE,NORMAL,NORMAL,0
COST-001168,FAC-001,Infosys Smart Campus,BLD-002,Building B,2026-09-10 07:00:00,31,373.06,179.63,64.35,122.6,3171.02,6.74,432.57,191.58,230.54,4032.45,3820.68,211.77,5.54,211.77,130.08,NONE,WARNING,MEDIUM,0
COST-001169,FAC-001,Infosys Smart Campus,BLD-002,Building B,2026-09-10 08:00:00,41,380.08,163.6,72.55,129.39,3230.65,7.12,302.99,179.84,228.82,3949.41,3820.68,128.73,3.37,128.73,96.33,NONE,NORMAL,LOW,0
COST-001170,FAC-001,Infosys Smart Campus,BLD-002,Building B,2026-09-10 09:00:00,92,509.32,230.84,69.31,202.62,4329.21,11.14,420.56,167.46,271.48,5199.85,5422.62,-222.77,-4.11,0.0,56.52,NONE,NORMAL,NORMAL,0
COST-001171,FAC-001,Infosys Smart Campus,BLD-002,Building B,2026-09-10 10:00:00,97,561.96,279.48,77.34,195.2,4776.68,10.74,399.1,185.9,253.31,5625.71,5422.62,203.1,3.75,203.1,58.0,NONE,NORMAL,MEDIUM,0
COST-001172,FAC-001,Infosys Smart Campus,BLD-002,Building B,2026-09-10 11:00:00,92,529.02,268.73,81.22,218.57,4496.65,12.02,434.37,190.69,261.17,5394.9,5422.62,-27.72,-0.51,0.0,58.64,NONE,NORMAL,NORMAL,0
COST-001173,FAC-001,Infosys Smart Campus,BLD-002,Building B,2026-09-10 12:00:00,91,524.7,251.2,82.35,181.25,4459.97,9.97,355.54,168.02,223.6,5217.1,5422.62,-205.52,-3.79,0.0,57.33,NONE,NORMAL,NORMAL,0
COST-001174,FAC-001,Infosys Smart Campus,BLD-002,Building B,2026-09-10 13:00:00,106,571.02,244.78,82.49,185.06,4853.66,10.18,306.18,190.29,246.07,5606.38,5422.62,183.76,3.39,183.76,52.89,NONE,NORMAL,LOW,0
COST-001175,FAC-001,Infosys Smart Campus,BLD-002,Building B,2026-09-10 14:00:00,96,498.31,215.71,67.05,156.24,4235.63,8.59,442.86,194.79,276.82,5158.69,5422.62,-263.93,-4.87,0.0,53.74,NONE,NORMAL,NORMAL,0
COST-001176,FAC-001,Infosys Smart Campus,BLD-002,Building B,2026-09-10 15:00:00,93,527.54,235.14,91.24,199.52,4484.07,10.97,375.23,176.42,297.92,5344.62,5422.62,-78.0,-1.44,0.0,57.47,NONE,NORMAL,NORMAL,0
COST-001177,FAC-001,Infosys Smart Campus,BLD-002,Building B,2026-09-10 16:00:00,92,588.72,286.87,87.64,184.33,5004.11,10.14,304.9,191.33,249.02,5759.49,5422.62,336.88,6.21,336.88,62.6,NONE,WARNING,MEDIUM,0
COST-001178,FAC-001,Infosys Smart Campus,BLD-002,Building B,2026-09-10 17:00:00,35,356.47,150.07,68.54,111.74,3029.98,6.15,446.08,197.96,250.01,3930.17,4020.08,-89.91,-2.24,0.0,112.29,NONE,NORMAL,NORMAL,0
COST-001179,FAC-001,Infosys Smart Campus,BLD-002,Building B,2026-09-10 18:00:00,40,364.59,189.53,63.47,116.0,3099.0,6.38,389.23,191.99,274.67,3961.28,4020.08,-58.8,-1.46,0.0,99.03,NONE,NORMAL,NORMAL,0
COST-001180,FAC-001,Infosys Smart Campus,BLD-002,Building B,2026-09-10 19:00:00,40,365.17,185.75,48.42,105.66,3103.95,5.81,349.21,184.21,262.66,3905.83,4020.08,-114.24,-2.84,0.0,97.65,NONE,NORMAL,NORMAL,0
COST-001181,FAC-001,Infosys Smart Campus,BLD-002,Building B,2026-09-10 20:00:00,35,363.72,155.82,60.08,104.35,3091.62,5.74,352.12,185.53,242.81,3877.82,4020.08,-142.26,-3.54,0.0,110.79,NONE,NORMAL,NORMAL,0
COST-001182,FAC-001,Infosys Smart Campus,BLD-002,Building B,2026-09-10 21:00:00,11,285.07,145.77,42.27,76.36,2423.12,4.2,372.6,195.38,291.31,3286.6,3019.33,267.27,8.85,267.27,298.78,NONE,WARNING,MEDIUM,0
COST-001183,FAC-001,Infosys Smart Campus,BLD-002,Building B,2026-09-10 22:00:00,10,258.3,114.03,36.26,76.94,2195.53,4.23,359.14,183.56,287.79,3030.25,3019.33,10.93,0.36,10.93,303.03,NONE,NORMAL,LOW,0
COST-001184,FAC-001,Infosys Smart Campus,BLD-002,Building B,2026-09-10 23:00:00,11,264.89,118.95,38.26,69.88,2251.54,3.84,313.89,187.03,240.71,2997.02,3019.33,-22.31,-0.74,0.0,272.46,NONE,NORMAL,NORMAL,0
COST-001185,FAC-001,Infosys Smart Campus,BLD-002,Building B,2026-09-11 00:00:00,7,206.11,103.83,33.91,78.59,1751.97,4.32,331.51,188.82,230.91,2507.54,2619.54,-112.0,-4.28,0.0,358.22,NONE,NORMAL,NORMAL,0
COST-001186,FAC-001,Infosys Smart Campus,BLD-002,Building B,2026-09-11 01:00:00,8,216.08,91.85,32.73,65.69,1836.67,3.61,370.34,187.51,269.63,2667.76,2619.54,48.22,1.84,48.22,333.47,NONE,NORMAL,LOW,0
COST-001187,FAC-001,Infosys Smart Campus,BLD-002,Building B,2026-09-11 02:00:00,8,224.96,97.88,34.32,58.92,1912.17,3.24,425.48,167.93,221.44,2730.26,2619.54,110.72,4.23,110.72,341.28,NONE,NORMAL,LOW,0
COST-001188,FAC-001,Infosys Smart Campus,BLD-002,Building B,2026-09-11 03:00:00,7,212.79,107.02,38.64,63.35,1808.71,3.48,362.77,180.28,284.2,2639.45,2619.54,19.91,0.76,19.91,377.06,NONE,NORMAL,LOW,0
COST-001189,FAC-001,Infosys Smart Campus,BLD-002,Building B,2026-09-11 04:00:00,9,212.87,88.0,36.1,66.57,1809.38,3.66,341.26,163.88,221.8,2539.97,2619.54,-79.57,-3.04,0.0,282.22,NONE,NORMAL,NORMAL,0
COST-001190,FAC-001,Infosys Smart Campus,BLD-002,Building B,2026-09-11 05:00:00,6,207.32,88.43,41.27,66.57,1762.19,3.66,321.67,181.64,287.92,2557.08,2619.54,-62.46,-2.38,0.0,426.18,NONE,NORMAL,NORMAL,0
COST-001191,FAC-001,Infosys Smart Campus,BLD-002,Building B,2026-09-11 06:00:00,37,377.92,176.64,68.04,125.34,3212.36,6.89,433.96,182.84,254.53,4090.58,3820.68,269.9,7.06,269.9,110.56,NONE,WARNING,MEDIUM,0
COST-001192,FAC-001,Infosys Smart Campus,BLD-002,Building B,2026-09-11 07:00:00,47,379.61,152.1,75.71,121.58,3226.71,6.69,373.5,193.39,238.55,4038.85,3820.68,218.16,5.71,218.16,85.93,NONE,WARNING,MEDIUM,0
COST-001193,FAC-001,Infosys Smart Campus,BLD-002,Building B,2026-09-11 08:00:00,38,350.78,156.94,49.95,104.34,2981.62,5.74,452.82,166.13,277.63,3883.93,3820.68,63.25,1.66,63.25,102.21,NONE,NORMAL,LOW,0
COST-001194,FAC-001,Infosys Smart Campus,BLD-002,Building B,2026-09-11 09:00:00,81,522.12,241.15,88.7,178.95,4438.02,9.84,416.8,173.14,292.93,5330.73,5422.62,-91.88,-1.69,0.0,65.81,NONE,NORMAL,NORMAL,0
COST-001195,FAC-001,Infosys Smart Campus,BLD-002,Building B,2026-09-11 10:00:00,87,613.49,303.55,114.88,173.85,5214.64,9.56,327.31,163.52,256.42,5971.45,5422.62,548.83,10.12,548.83,68.64,NONE,WARNING,HIGH,0
COST-001196,FAC-001,Infosys Smart Campus,BLD-002,Building B,2026-09-11 11:00:00,82,563.68,287.67,94.32,198.74,4791.27,10.93,391.41,190.02,228.28,5611.92,5422.62,189.3,3.49,189.3,68.44,NONE,NORMAL,LOW,0
COST-001197,FAC-001,Infosys Smart Campus,BLD-002,Building B,2026-09-11 12:00:00,103,549.01,263.79,109.11,179.88,4666.59,9.89,345.94,194.01,289.7,5506.14,5422.62,83.52,1.54,83.52,53.46,NONE,NORMAL,LOW,0
COST-001198,FAC-001,Infosys Smart Campus,BLD-002,Building B,2026-09-11 13:00:00,104,554.91,229.95,92.8,211.81,4716.7,11.65,422.18,189.29,292.03,5631.85,5422.62,209.24,3.86,209.24,54.15,NONE,NORMAL,MEDIUM,0
COST-001199,FAC-001,Infosys Smart Campus,BLD-002,Building B,2026-09-11 14:00:00,95,534.07,253.99,106.33,163.59,4539.64,9.0,427.23,195.72,283.64,5455.23,5422.62,32.62,0.6,32.62,57.42,NONE,NORMAL,LOW,0
COST-001200,FAC-001,Infosys Smart Campus,BLD-002,Building B,2026-09-11 15:00:00,85,612.74,308.06,100.7,172.85,5208.28,9.51,328.06,162.01,277.02,5984.87,5422.62,562.25,10.37,562.25,70.41,NONE,WARNING,HIGH,0
COST-001201,FAC-001,Infosys Smart Campus,BLD-002,Building B,2026-09-11 16:00:00,92,523.65,228.18,88.62,213.27,4451.03,11.73,321.14,179.97,247.28,5211.15,5422.62,-211.47,-3.9,0.0,56.64,NONE,NORMAL,NORMAL,0
COST-001202,FAC-001,Infosys Smart Campus,BLD-002,Building B,2026-09-11 17:00:00,34,366.07,185.77,65.32,108.93,3111.57,5.99,312.23,197.1,274.13,3901.02,4020.08,-119.06,-2.96,0.0,114.74,NONE,NORMAL,NORMAL,0
COST-001203,FAC-001,Infosys Smart Campus,BLD-002,Building B,2026-09-11 18:00:00,15,457.49,175.61,66.06,87.16,3888.64,4.79,411.55,193.82,269.03,4767.83,4020.08,747.76,18.6,1214.39,317.86,LOW_OCCUPANCY_HIGH_ENERGY,HIGH,CRITICAL,1
COST-001204,FAC-001,Infosys Smart Campus,BLD-002,Building B,2026-09-11 19:00:00,34,378.32,162.35,68.63,105.25,3215.71,5.79,350.5,168.36,228.99,3969.35,4020.08,-50.73,-1.26,0.0,116.75,NONE,NORMAL,NORMAL,0
COST-001205,FAC-001,Infosys Smart Campus,BLD-002,Building B,2026-09-11 20:00:00,36,419.84,184.24,79.76,114.8,3568.65,6.31,425.72,186.7,255.32,4442.7,4020.08,422.62,10.51,422.62,123.41,NONE,WARNING,MEDIUM,0
COST-001206,FAC-001,Infosys Smart Campus,BLD-002,Building B,2026-09-11 21:00:00,14,282.35,130.49,50.63,70.63,2399.96,3.88,440.88,172.0,235.66,3252.38,3019.33,233.05,7.72,233.05,232.31,NONE,WARNING,MEDIUM,0
COST-001207,FAC-001,Infosys Smart Campus,BLD-002,Building B,2026-09-11 22:00:00,12,243.42,108.18,34.6,72.38,2069.05,3.98,326.04,186.62,222.54,2808.24,3019.33,-211.09,-6.99,0.0,234.02,NONE,NORMAL,NORMAL,0
COST-001208,FAC-001,Infosys Smart Campus,BLD-002,Building B,2026-09-11 23:00:00,10,250.29,102.76,44.89,79.54,2127.43,4.37,309.27,167.68,231.7,2840.46,3019.33,-178.86,-5.92,0.0,284.05,NONE,NORMAL,NORMAL,0
COST-001209,FAC-001,Infosys Smart Campus,BLD-002,Building B,2026-09-12 00:00:00,8,214.42,106.17,36.08,79.24,1822.55,4.36,339.61,186.45,289.11,2642.08,2619.54,22.54,0.86,22.54,330.26,NONE,NORMAL,LOW,0
COST-001210,FAC-001,Infosys Smart Campus,BLD-002,Building B,2026-09-12 01:00:00,2,277.11,102.59,35.9,66.74,2355.44,3.67,343.99,167.11,221.29,3091.49,2619.54,471.95,18.02,754.6,1545.75,LOW_OCCUPANCY_HIGH_ENERGY,HIGH,HIGH,1
COST-001211,FAC-001,Infosys Smart Campus,BLD-002,Building B,2026-09-12 02:00:00,6,212.68,95.07,36.42,64.49,1807.76,3.55,445.55,165.62,233.14,2655.62,2619.54,36.08,1.38,36.08,442.6,NONE,NORMAL,LOW,0
COST-001212,FAC-001,Infosys Smart Campus,BLD-002,Building B,2026-09-12 03:00:00,7,205.85,105.52,31.33,72.98,1749.72,4.01,314.5,170.72,281.35,2520.31,2619.54,-99.23,-3.79,0.0,360.04,NONE,NORMAL,NORMAL,0
COST-001213,FAC-001,Infosys Smart Campus,BLD-002,Building B,2026-09-12 04:00:00,8,212.28,95.83,40.52,71.0,1804.34,3.91,352.17,193.89,287.11,2641.42,2619.54,21.88,0.84,21.88,330.18,NONE,NORMAL,LOW,0
COST-001214,FAC-001,Infosys Smart Campus,BLD-002,Building B,2026-09-12 05:00:00,7,219.45,89.69,41.38,62.01,1865.3,3.41,313.11,176.41,266.0,2624.23,2619.54,4.69,0.18,4.69,374.89,NONE,NORMAL,LOW,0
COST-001215,FAC-001,Infosys Smart Campus,BLD-002,Building B,2026-09-12 06:00:00,39,350.17,171.55,59.38,99.61,2976.48,5.48,353.61,189.25,263.42,3788.24,3820.68,-32.44,-0.85,0.0,97.13,NONE,NORMAL,NORMAL,0
COST-001216,FAC-001,Infosys Smart Campus,BLD-002,Building B,2026-09-12 07:00:00,40,355.48,152.35,67.39,126.77,3021.55,6.97,333.67,184.45,248.9,3795.55,3820.68,-25.14,-0.66,0.0,94.89,NONE,NORMAL,NORMAL,0
COST-001217,FAC-001,Infosys Smart Campus,BLD-002,Building B,2026-09-12 08:00:00,42,381.99,186.1,52.21,118.96,3246.92,6.54,326.58,172.0,246.73,3998.77,3820.68,178.09,4.66,178.09,95.21,NONE,NORMAL,LOW,0
COST-001218,FAC-001,Infosys Smart Campus,BLD-002,Building B,2026-09-12 09:00:00,94,587.52,287.85,97.35,199.47,4993.94,10.97,368.49,166.46,265.03,5804.88,5422.62,382.27,7.05,382.27,61.75,NONE,WARNING,MEDIUM,0
COST-001219,FAC-001,Infosys Smart Campus,BLD-002,Building B,2026-09-12 10:00:00,112,577.98,295.74,92.47,182.41,4912.86,10.03,365.16,167.37,295.71,5751.13,5422.62,328.51,6.06,328.51,51.35,NONE,WARNING,MEDIUM,0
COST-001220,FAC-001,Infosys Smart Campus,BLD-002,Building B,2026-09-12 11:00:00,102,669.16,244.14,188.84,184.74,5687.89,10.16,386.13,174.48,236.72,6495.38,5422.62,1072.76,19.78,1313.54,63.68,EXCESS_LIGHTING,HIGH,CRITICAL,1
COST-001221,FAC-001,Infosys Smart Campus,BLD-002,Building B,2026-09-12 12:00:00,94,512.39,220.49,93.35,207.6,4355.34,11.42,414.37,193.04,247.93,5222.1,5422.62,-200.51,-3.7,0.0,55.55,NONE,NORMAL,NORMAL,0
COST-001222,FAC-001,Infosys Smart Campus,BLD-002,Building B,2026-09-12 13:00:00,100,567.61,230.44,87.7,184.17,4824.7,10.13,306.78,166.06,254.64,5562.32,5422.62,139.7,2.58,139.7,55.62,NONE,NORMAL,LOW,0
COST-001223,FAC-001,Infosys Smart Campus,BLD-002,Building B,2026-09-12 14:00:00,84,578.54,290.4,92.93,197.49,4917.59,10.86,354.63,189.11,254.12,5726.3,5422.62,303.69,5.6,303.69,68.17,NONE,WARNING,MEDIUM,0
COST-001224,FAC-001,Infosys Smart Campus,BLD-002,Building B,2026-09-12 15:00:00,97,574.13,240.28,88.07,180.2,4880.14,9.91,336.64,182.85,266.14,5675.68,5422.62,253.06,4.67,253.06,58.51,NONE,NORMAL,MEDIUM,0
COST-001225,FAC-001,Infosys Smart Campus,BLD-002,Building B,2026-09-12 16:00:00,100,517.7,246.32,78.82,195.24,4400.43,10.74,337.14,163.28,283.75,5195.35,5422.62,-227.27,-4.19,0.0,51.95,NONE,NORMAL,NORMAL,0
COST-001226,FAC-001,Infosys Smart Campus,BLD-002,Building B,2026-09-12 17:00:00,36,354.24,166.67,57.26,112.61,3011.07,6.19,334.01,178.31,233.19,3762.78,4020.08,-257.3,-6.4,0.0,104.52,NONE,NORMAL,NORMAL,0
COST-001227,FAC-001,Infosys Smart Campus,BLD-002,Building B,2026-09-12 18:00:00,41,404.98,182.56,78.82,104.61,3442.31,5.75,420.74,192.19,266.53,4327.52,4020.08,307.44,7.65,307.44,105.55,NONE,WARNING,MEDIUM,0
COST-001228,FAC-001,Infosys Smart Campus,BLD-002,Building B,2026-09-12 19:00:00,33,391.44,168.16,72.89,109.37,3327.26,6.02,359.39,162.05,255.83,4110.55,4020.08,90.47,2.25,90.47,124.56,NONE,NORMAL,LOW,0
COST-001229,FAC-001,Infosys Smart Campus,BLD-002,Building B,2026-09-12 20:00:00,35,367.99,150.52,56.79,120.24,3127.92,6.61,366.61,176.11,261.04,3938.3,4020.08,-81.78,-2.03,0.0,112.52,NONE,NORMAL,NORMAL,0
COST-001230,FAC-001,Infosys Smart Campus,BLD-002,Building B,2026-09-12 21:00:00,11,262.71,131.78,43.69,82.06,2233.05,4.51,368.53,191.63,293.06,3090.78,3019.33,71.46,2.37,71.46,280.98,NONE,NORMAL,LOW,0
COST-001231,FAC-001,Infosys Smart Campus,BLD-002,Building B,2026-09-12 22:00:00,12,267.11,108.74,51.67,70.55,2270.46,3.88,448.37,192.67,292.23,3207.61,3019.33,188.28,6.24,188.28,267.3,NONE,WARNING,LOW,0
COST-001232,FAC-001,Infosys Smart Campus,BLD-002,Building B,2026-09-12 23:00:00,10,257.22,131.41,50.89,81.23,2186.34,4.47,328.95,185.71,297.08,3002.56,3019.33,-16.76,-0.56,0.0,300.26,NONE,NORMAL,NORMAL,0
COST-001233,FAC-001,Infosys Smart Campus,BLD-002,Building B,2026-09-13 00:00:00,8,225.26,97.26,39.08,75.14,1914.7,4.13,321.71,162.18,273.87,2676.6,2619.54,57.06,2.18,57.06,334.58,NONE,NORMAL,LOW,0
COST-001234,FAC-001,Infosys Smart Campus,BLD-002,Building B,2026-09-13 01:00:00,7,182.5,76.7,29.69,72.09,1551.27,3.96,353.22,175.65,257.32,2341.42,2619.54,-278.12,-10.62,0.0,334.49,NONE,NORMAL,NORMAL,0
COST-001235,FAC-001,Infosys Smart Campus,BLD-002,Building B,2026-09-13 02:00:00,6,208.1,104.47,32.23,65.42,1768.84,3.6,312.61,163.18,268.2,2516.44,2619.54,-103.1,-3.94,0.0,419.41,NONE,NORMAL,NORMAL,0
COST-001236,FAC-001,Infosys Smart Campus,BLD-002,Building B,2026-09-13 03:00:00,7,219.96,108.1,29.2,81.58,1869.63,4.49,316.77,186.26,231.4,2608.56,2619.54,-10.98,-0.42,0.0,372.65,NONE,NORMAL,NORMAL,0
COST-001237,FAC-001,Infosys Smart Campus,BLD-002,Building B,2026-09-13 04:00:00,7,227.0,93.04,39.31,62.48,1929.51,3.44,303.58,186.97,246.17,2669.67,2619.54,50.13,1.91,50.13,381.38,NONE,NORMAL,LOW,0
COST-001238,FAC-001,Infosys Smart Campus,BLD-002,Building B,2026-09-13 05:00:00,8,219.69,95.77,43.79,69.38,1867.37,3.82,339.0,177.72,278.76,2666.66,2619.54,47.12,1.8,47.12,333.33,NONE,NORMAL,LOW,0
COST-001239,FAC-001,Infosys Smart Campus,BLD-002,Building B,2026-09-13 06:00:00,39,350.23,147.18,64.93,125.42,2976.95,6.9,429.07,196.59,224.19,3833.69,3820.68,13.01,0.34,13.01,98.3,NONE,NORMAL,LOW,0
COST-001240,FAC-001,Infosys Smart Campus,BLD-002,Building B,2026-09-13 07:00:00,50,363.36,186.55,63.68,128.02,3088.54,7.04,412.57,185.25,297.89,3991.28,3820.68,170.6,4.47,170.6,79.83,NONE,NORMAL,LOW,0
COST-001241,FAC-001,Infosys Smart Campus,BLD-002,Building B,2026-09-13 08:00:00,44,319.39,157.66,49.1,125.15,2714.79,6.88,396.86,194.01,237.37,3549.92,3820.68,-270.77,-7.09,0.0,80.68,NONE,NORMAL,NORMAL,0
COST-001242,FAC-001,Infosys Smart Campus,BLD-002,Building B,2026-09-13 09:00:00,92,434.25,223.43,62.71,186.12,3691.12,10.24,348.94,172.4,257.55,4480.25,5422.62,-942.37,-17.38,0.0,48.7,NONE,NORMAL,NORMAL,0
COST-001243,FAC-001,Infosys Smart Campus,BLD-002,Building B,2026-09-13 10:00:00,87,472.31,226.87,61.97,190.37,4014.64,10.47,359.11,178.63,221.97,4784.82,5422.62,-637.8,-11.76,0.0,55.0,NONE,NORMAL,NORMAL,0
COST-001244,FAC-001,Infosys Smart Campus,BLD-002,Building B,2026-09-13 11:00:00,95,506.22,257.58,97.49,153.77,4302.88,8.46,436.23,162.3,271.03,5180.9,5422.62,-241.72,-4.46,0.0,54.54,NONE,NORMAL,NORMAL,0
COST-001245,FAC-001,Infosys Smart Campus,BLD-002,Building B,2026-09-13 12:00:00,93,530.06,248.81,94.9,182.27,4505.51,10.02,321.84,165.29,234.9,5237.57,5422.62,-185.05,-3.41,0.0,56.32,NONE,NORMAL,NORMAL,0
COST-001246,FAC-001,Infosys Smart Campus,BLD-002,Building B,2026-09-13 13:00:00,96,574.82,258.13,102.6,196.29,4885.94,10.8,449.56,174.6,286.98,5807.88,5422.62,385.26,7.1,385.26,60.5,NONE,WARNING,MEDIUM,0
COST-001247,FAC-001,Infosys Smart Campus,BLD-002,Building B,2026-09-13 14:00:00,96,519.4,215.25,67.73,186.36,4414.9,10.25,446.8,179.88,251.7,5303.53,5422.62,-119.08,-2.2,0.0,55.25,NONE,NORMAL,NORMAL,0
COST-001248,FAC-001,Infosys Smart Campus,BLD-002,Building B,2026-09-13 15:00:00,97,596.13,272.6,110.18,187.22,5067.13,10.3,340.5,173.75,227.07,5818.75,5422.62,396.13,7.31,396.13,59.99,NONE,WARNING,MEDIUM,0
COST-001249,FAC-001,Infosys Smart Campus,BLD-002,Building B,2026-09-13 16:00:00,83,540.17,268.67,86.12,170.25,4591.41,9.36,433.72,193.12,275.08,5502.69,5422.62,80.07,1.48,80.07,66.3,NONE,NORMAL,LOW,0
COST-001250,FAC-001,Infosys Smart Campus,BLD-002,Building B,2026-09-13 17:00:00,38,366.43,157.99,61.78,112.45,3114.66,6.18,304.79,191.66,289.55,3906.84,4020.08,-113.24,-2.82,0.0,102.81,NONE,NORMAL,NORMAL,0
COST-001251,FAC-001,Infosys Smart Campus,BLD-002,Building B,2026-09-13 18:00:00,39,427.0,220.03,59.1,105.24,3629.48,5.79,390.93,188.54,221.29,4436.02,4020.08,415.94,10.35,415.94,113.74,NONE,WARNING,MEDIUM,0
COST-001252,FAC-001,Infosys Smart Campus,BLD-002,Building B,2026-09-13 19:00:00,39,383.06,177.72,66.89,95.65,3255.99,5.26,384.13,168.83,235.58,4049.78,4020.08,29.71,0.74,29.71,103.84,NONE,NORMAL,LOW,0
COST-001253,FAC-001,Infosys Smart Campus,BLD-002,Building B,2026-09-13 20:00:00,44,395.19,163.79,54.77,95.89,3359.14,5.27,362.99,168.43,221.1,4116.93,4020.08,96.86,2.41,96.86,93.57,NONE,NORMAL,LOW,0
COST-001254,FAC-001,Infosys Smart Campus,BLD-002,Building B,2026-09-13 21:00:00,11,266.7,128.78,44.87,78.51,2266.99,4.32,443.88,185.96,241.68,3142.83,3019.33,123.5,4.09,123.5,285.71,NONE,NORMAL,LOW,0
COST-001255,FAC-001,Infosys Smart Campus,BLD-002,Building B,2026-09-13 22:00:00,9,295.06,137.72,49.05,76.41,2508.0,4.2,311.93,177.28,222.22,3223.62,3019.33,204.3,6.77,204.3,358.18,NONE,WARNING,MEDIUM,0
COST-001256,FAC-001,Infosys Smart Campus,BLD-002,Building B,2026-09-13 23:00:00,12,239.47,106.58,47.55,65.52,2035.52,3.6,342.5,166.66,260.86,2809.14,3019.33,-210.19,-6.96,0.0,234.09,NONE,NORMAL,NORMAL,0
COST-001257,FAC-001,Infosys Smart Campus,BLD-002,Building B,2026-09-14 00:00:00,7,195.78,81.96,33.35,62.58,1664.09,3.44,373.15,182.43,282.71,2505.83,2619.54,-113.71,-4.34,0.0,357.98,NONE,NORMAL,NORMAL,0
COST-001258,FAC-001,Infosys Smart Campus,BLD-002,Building B,2026-09-14 01:00:00,5,181.87,74.62,32.94,73.55,1545.94,4.05,449.07,195.36,283.2,2477.61,2619.54,-141.93,-5.42,0.0,495.52,NONE,NORMAL,NORMAL,0
COST-001259,FAC-001,Infosys Smart Campus,BLD-002,Building B,2026-09-14 02:00:00,8,220.61,99.68,37.86,61.58,1875.2,3.39,371.03,169.64,236.75,2656.01,2619.54,36.47,1.39,36.47,332.0,NONE,NORMAL,LOW,0
COST-001260,FAC-001,Infosys Smart Campus,BLD-002,Building B,2026-09-14 03:00:00,6,217.68,101.33,34.41,73.55,1850.26,4.05,311.08,178.38,283.05,2626.81,2619.54,7.28,0.28,7.28,437.8,NONE,NORMAL,LOW,0
COST-001261,FAC-001,Infosys Smart Campus,BLD-002,Building B,2026-09-14 04:00:00,6,189.68,76.23,30.74,69.23,1612.27,3.81,429.41,182.94,246.23,2474.66,2619.54,-144.88,-5.53,0.0,412.44,NONE,NORMAL,NORMAL,0
COST-001262,FAC-001,Infosys Smart Campus,BLD-002,Building B,2026-09-14 05:00:00,7,239.72,98.59,41.59,69.75,2037.64,3.84,347.63,184.56,285.06,2858.73,2619.54,239.19,9.13,239.19,408.39,NONE,WARNING,MEDIUM,0
COST-001263,FAC-001,Infosys Smart Campus,BLD-002,Building B,2026-09-14 06:00:00,50,354.93,155.22,53.74,128.55,3016.9,7.07,336.4,178.86,240.54,3779.76,3820.68,-40.92,-1.07,0.0,75.6,NONE,NORMAL,NORMAL,0
COST-001264,FAC-001,Infosys Smart Campus,BLD-002,Building B,2026-09-14 07:00:00,47,348.23,154.92,51.86,109.97,2959.92,6.05,356.89,197.6,282.07,3802.54,3820.68,-18.15,-0.48,0.0,80.91,NONE,NORMAL,NORMAL,0
COST-001265,FAC-001,Infosys Smart Campus,BLD-002,Building B,2026-09-14 08:00:00,46,359.48,158.53,58.42,114.2,3055.59,6.28,427.67,197.3,246.29,3933.14,3820.68,112.45,2.94,112.45,85.5,NONE,NORMAL,LOW,0
COST-001266,FAC-001,Infosys Smart Campus,BLD-002,Building B,2026-09-14 09:00:00,99,512.65,263.79,78.6,171.16,4357.54,9.41,363.44,176.26,236.08,5142.74,5422.62,-279.88,-5.16,0.0,51.95,NONE,NORMAL,NORMAL,0
COST-001267,FAC-001,Infosys Smart Campus,BLD-002,Building B,2026-09-14 10:00:00,106,545.24,221.33,104.82,205.03,4634.57,11.28,347.2,176.95,283.34,5453.33,5422.62,30.71,0.57,30.71,51.45,NONE,NORMAL,LOW,0
COST-001268,FAC-001,Infosys Smart Campus,BLD-002,Building B,2026-09-14 11:00:00,109,529.29,212.96,95.99,159.65,4498.99,8.78,381.83,166.13,298.35,5354.09,5422.62,-68.53,-1.26,0.0,49.12,NONE,NORMAL,NORMAL,0
COST-001269,FAC-001,Infosys Smart Campus,BLD-002,Building B,2026-09-14 12:00:00,104,486.86,228.7,90.05,203.72,4138.33,11.2,364.57,186.22,282.17,4982.49,5422.62,-440.12,-8.12,0.0,47.91,NONE,NORMAL,NORMAL,0
COST-001270,FAC-001,Infosys Smart Campus,BLD-002,Building B,2026-09-14 13:00:00,87,566.92,246.17,109.44,192.89,4818.86,10.61,402.12,181.71,259.58,5672.88,5422.62,250.27,4.62,250.27,65.21,NONE,NORMAL,MEDIUM,0
COST-001271,FAC-001,Infosys Smart Campus,BLD-002,Building B,2026-09-14 14:00:00,95,465.9,195.41,72.61,190.9,3960.18,10.5,326.64,165.08,250.74,4713.14,5422.62,-709.47,-13.08,0.0,49.61,NONE,NORMAL,NORMAL,0
COST-001272,FAC-001,Infosys Smart Campus,BLD-002,Building B,2026-09-14 15:00:00,86,547.96,264.19,91.71,179.04,4657.66,9.85,337.73,179.63,251.49,5436.36,5422.62,13.74,0.25,13.74,63.21,NONE,NORMAL,LOW,0
COST-001273,FAC-001,Infosys Smart Campus,BLD-002,Building B,2026-09-14 16:00:00,97,512.2,235.32,76.45,211.6,4353.69,11.64,400.61,178.84,265.91,5210.68,5422.62,-211.93,-3.91,0.0,53.72,NONE,NORMAL,NORMAL,0
COST-001274,FAC-001,Infosys Smart Campus,BLD-002,Building B,2026-09-14 17:00:00,37,351.02,156.65,58.66,107.92,2983.66,5.94,443.89,189.98,232.86,3856.33,4020.08,-163.74,-4.07,0.0,104.23,NONE,NORMAL,NORMAL,0
COST-001275,FAC-001,Infosys Smart Campus,BLD-002,Building B,2026-09-14 18:00:00,41,403.06,208.93,67.13,113.05,3425.99,6.22,411.42,185.14,265.08,4293.85,4020.08,273.77,6.81,273.77,104.73,NONE,WARNING,MEDIUM,0
COST-001276,FAC-001,Infosys Smart Campus,BLD-002,Building B,2026-09-14 19:00:00,42,360.58,148.41,47.88,124.87,3064.94,6.87,393.01,164.84,243.38,3873.04,4020.08,-147.04,-3.66,0.0,92.22,NONE,NORMAL,NORMAL,0
COST-001277,FAC-001,Infosys Smart Campus,BLD-002,Building B,2026-09-14 20:00:00,40,327.0,141.73,44.7,107.31,2779.51,5.9,345.39,187.73,265.29,3583.82,4020.08,-436.26,-10.85,0.0,89.6,NONE,NORMAL,NORMAL,0
COST-001278,FAC-001,Infosys Smart Campus,BLD-002,Building B,2026-09-14 21:00:00,10,272.61,111.83,40.11,67.59,2317.21,3.72,390.54,164.5,224.72,3100.69,3019.33,81.37,2.69,81.37,310.07,NONE,NORMAL,LOW,0
COST-001279,FAC-001,Infosys Smart Campus,BLD-002,Building B,2026-09-14 22:00:00,11,261.91,133.81,43.31,70.73,2226.24,3.89,434.86,177.66,262.76,3105.41,3019.33,86.09,2.85,86.09,282.31,NONE,NORMAL,LOW,0
COST-001280,FAC-001,Infosys Smart Campus,BLD-002,Building B,2026-09-14 23:00:00,9,256.68,117.58,37.29,74.73,2181.82,4.11,386.86,175.68,288.34,3036.8,3019.33,17.47,0.58,17.47,337.42,NONE,NORMAL,LOW,0
COST-001281,FAC-001,Infosys Smart Campus,BLD-002,Building B,2026-09-15 00:00:00,8,224.99,94.07,43.16,66.23,1912.44,3.64,368.98,193.96,240.69,2719.72,2619.54,100.18,3.82,100.18,339.96,NONE,NORMAL,LOW,0
COST-001282,FAC-001,Infosys Smart Campus,BLD-002,Building B,2026-09-15 01:00:00,7,226.88,107.57,41.43,66.81,1928.44,3.67,410.73,170.19,298.01,2811.05,2619.54,191.51,7.31,191.51,401.58,NONE,WARNING,LOW,0
COST-001283,FAC-001,Infosys Smart Campus,BLD-002,Building B,2026-09-15 02:00:00,8,219.69,91.0,32.41,67.19,1867.39,3.7,413.22,165.91,279.66,2729.87,2619.54,110.33,4.21,110.33,341.23,NONE,NORMAL,LOW,0
COST-001284,FAC-001,Infosys Smart Campus,BLD-002,Building B,2026-09-15 03:00:00,6,221.43,101.23,29.56,73.35,1882.16,4.03,363.9,173.4,270.95,2694.44,2619.54,74.9,2.86,74.9,449.07,NONE,NORMAL,LOW,0
COST-001285,FAC-001,Infosys Smart Campus,BLD-002,Building B,2026-09-15 04:00:00,6,209.5,106.83,38.65,69.11,1780.78,3.8,429.0,184.07,234.45,2632.1,2619.54,12.56,0.48,12.56,438.68,NONE,NORMAL,LOW,0
COST-001286,FAC-001,Infosys Smart Campus,BLD-002,Building B,2026-09-15 05:00:00,7,237.25,98.34,34.52,69.2,2016.65,3.81,335.37,176.09,264.65,2796.57,2619.54,177.03,6.76,177.03,399.51,NONE,WARNING,LOW,0
COST-001287,FAC-001,Infosys Smart Campus,BLD-002,Building B,2026-09-15 06:00:00,43,353.19,180.73,60.01,117.57,3002.11,6.47,357.9,181.63,261.28,3809.39,3820.68,-11.3,-0.3,0.0,88.59,NONE,NORMAL,NORMAL,0
COST-001288,FAC-001,Infosys Smart Campus,BLD-002,Building B,2026-09-15 07:00:00,40,345.57,139.03,47.6,111.03,2937.32,6.11,427.81,190.87,277.69,3839.79,3820.68,19.11,0.5,19.11,95.99,NONE,NORMAL,LOW,0
COST-001289,FAC-001,Infosys Smart Campus,BLD-002,Building B,2026-09-15 08:00:00,45,379.03,182.08,66.98,95.83,3221.72,5.27,347.56,181.54,254.8,4010.9,3820.68,190.21,4.98,190.21,89.13,NONE,NORMAL,LOW,0
COST-001290,FAC-001,Infosys Smart Campus,BLD-002,Building B,2026-09-15 09:00:00,97,507.78,212.96,95.26,172.0,4316.16,9.46,395.09,191.54,247.75,5160.0,5422.62,-262.61,-4.84,0.0,53.2,NONE,NORMAL,NORMAL,0
COST-001291,FAC-001,Infosys Smart Campus,BLD-002,Building B,2026-09-15 10:00:00,89,519.54,253.49,89.87,181.85,4416.11,10.0,397.32,162.0,222.43,5207.87,5422.62,-214.75,-3.96,0.0,58.52,NONE,NORMAL,NORMAL,0
COST-001292,FAC-001,Infosys Smart Campus,BLD-002,Building B,2026-09-15 11:00:00,91,599.73,289.91,96.02,174.87,5097.68,9.62,381.19,197.17,233.67,5919.33,5422.62,496.71,9.16,496.71,65.05,NONE,WARNING,MEDIUM,0
COST-001293,FAC-001,Infosys Smart Campus,BLD-002,Building B,2026-09-15 12:00:00,92,635.83,269.17,116.04,176.92,5404.52,9.73,339.32,177.51,257.92,6189.0,5422.62,766.38,14.13,766.38,67.27,NONE,WARNING,HIGH,0
COST-001294,FAC-001,Infosys Smart Campus,BLD-002,Building B,2026-09-15 13:00:00,81,572.34,239.83,98.15,200.19,4864.88,11.01,318.85,179.02,279.53,5653.29,5422.62,230.68,4.25,230.68,69.79,NONE,NORMAL,MEDIUM,0
COST-001295,FAC-001,Infosys Smart Campus,BLD-002,Building B,2026-09-15 14:00:00,87,549.3,245.86,90.91,188.03,4669.05,10.34,365.01,184.1,237.65,5466.16,5422.62,43.54,0.8,43.54,62.83,NONE,NORMAL,LOW,0
COST-001296,FAC-001,Infosys Smart Campus,BLD-002,Building B,2026-09-15 15:00:00,96,569.32,295.98,86.69,181.74,4839.18,10.0,422.33,183.62,228.83,5683.95,5422.62,261.33,4.82,261.33,59.21,NONE,NORMAL,MEDIUM,0
COST-001297,FAC-001,Infosys Smart Campus,BLD-002,Building B,2026-09-15 16:00:00,84,612.15,285.75,88.72,190.77,5203.29,10.49,381.47,170.63,290.57,6056.45,5422.62,633.83,11.69,633.83,72.1,NONE,WARNING,HIGH,0
COST-001298,FAC-001,Infosys Smart Campus,BLD-002,Building B,2026-09-15 17:00:00,38,391.37,163.77,63.99,110.98,3326.65,6.1,376.78,190.89,273.29,4173.71,4020.08,153.63,3.82,153.63,109.83,NONE,NORMAL,LOW,0
COST-001299,FAC-001,Infosys Smart Campus,BLD-002,Building B,2026-09-15 18:00:00,36,353.48,155.77,59.95,104.75,3004.58,5.76,431.08,195.54,296.86,3933.82,4020.08,-86.26,-2.15,0.0,109.27,NONE,NORMAL,NORMAL,0
COST-001300,FAC-001,Infosys Smart Campus,BLD-002,Building B,2026-09-15 19:00:00,36,363.55,182.64,57.44,113.76,3090.2,6.26,382.73,191.83,254.19,3925.21,4020.08,-94.87,-2.36,0.0,109.03,NONE,NORMAL,NORMAL,0
COST-001301,FAC-001,Infosys Smart Campus,BLD-002,Building B,2026-09-15 20:00:00,38,357.65,150.41,70.67,133.5,3040.01,7.34,396.84,172.9,244.1,3861.19,4020.08,-158.89,-3.95,0.0,101.61,NONE,NORMAL,NORMAL,0
COST-001302,FAC-001,Infosys Smart Campus,BLD-002,Building B,2026-09-15 21:00:00,12,278.66,138.04,55.01,74.13,2368.61,4.08,342.97,164.89,279.58,3160.13,3019.33,140.8,4.66,140.8,263.34,NONE,NORMAL,LOW,0
COST-001303,FAC-001,Infosys Smart Campus,BLD-002,Building B,2026-09-15 22:00:00,9,284.12,138.03,46.62,63.65,2415.02,3.5,362.16,174.0,247.41,3202.09,3019.33,182.76,6.05,182.76,355.79,NONE,WARNING,LOW,0
COST-001304,FAC-001,Infosys Smart Campus,BLD-002,Building B,2026-09-15 23:00:00,9,265.23,110.76,51.35,72.25,2254.46,3.97,438.39,190.47,266.4,3153.69,3019.33,134.36,4.45,134.36,350.41,NONE,NORMAL,LOW,0
COST-001305,FAC-001,Infosys Smart Campus,BLD-002,Building B,2026-09-16 00:00:00,6,229.04,107.4,34.46,76.72,1946.85,4.22,429.23,175.53,262.51,2818.34,2619.54,198.8,7.59,198.8,469.72,NONE,WARNING,LOW,0
COST-001306,FAC-001,Infosys Smart Campus,BLD-002,Building B,2026-09-16 01:00:00,7,213.9,102.13,38.46,71.08,1818.16,3.91,339.98,184.08,252.23,2598.35,2619.54,-21.19,-0.81,0.0,371.19,NONE,NORMAL,NORMAL,0
COST-001307,FAC-001,Infosys Smart Campus,BLD-002,Building B,2026-09-16 02:00:00,8,183.95,93.04,34.1,64.63,1563.57,3.55,357.85,184.38,226.06,2335.42,2619.54,-284.12,-10.85,0.0,291.93,NONE,NORMAL,NORMAL,0
COST-001308,FAC-001,Infosys Smart Campus,BLD-002,Building B,2026-09-16 03:00:00,7,225.24,109.16,41.85,69.28,1914.57,3.81,333.64,165.98,285.7,2703.7,2619.54,84.16,3.21,84.16,386.24,NONE,NORMAL,LOW,0
COST-001309,FAC-001,Infosys Smart Campus,BLD-002,Building B,2026-09-16 04:00:00,8,237.29,100.3,40.87,65.85,2016.94,3.62,320.53,188.13,265.44,2794.67,2619.54,175.13,6.69,175.13,349.33,NONE,WARNING,LOW,0
COST-001310,FAC-001,Infosys Smart Campus,BLD-002,Building B,2026-09-16 05:00:00,6,176.1,91.08,23.51,78.25,1496.84,4.3,400.3,166.91,266.97,2335.33,2619.54,-284.21,-10.85,0.0,389.22,NONE,NORMAL,NORMAL,0
COST-001311,FAC-001,Infosys Smart Campus,BLD-002,Building B,2026-09-16 06:00:00,44,354.06,179.16,69.46,120.08,3009.54,6.6,326.72,184.78,225.09,3752.73,3820.68,-67.95,-1.78,0.0,85.29,NONE,NORMAL,NORMAL,0
COST-001312,FAC-001,Infosys Smart Campus,BLD-002,Building B,2026-09-16 07:00:00,38,363.68,152.97,48.94,114.92,3091.26,6.32,431.01,164.76,248.73,3942.08,3820.68,121.4,3.18,121.4,103.74,NONE,NORMAL,LOW,0
COST-001313,FAC-001,Infosys Smart Campus,BLD-002,Building B,2026-09-16 08:00:00,47,335.05,155.86,63.08,142.1,2847.92,7.82,421.8,191.23,236.13,3704.89,3820.68,-115.79,-3.03,0.0,78.83,NONE,NORMAL,NORMAL,0
COST-001314,FAC-001,Infosys Smart Campus,BLD-002,Building B,2026-09-16 09:00:00,88,558.47,278.31,96.75,183.49,4746.99,10.09,413.56,169.77,287.04,5627.45,5422.62,204.84,3.78,204.84,63.95,NONE,NORMAL,MEDIUM,0
COST-001315,FAC-001,Infosys Smart Campus,BLD-002,Building B,2026-09-16 10:00:00,90,537.19,235.6,98.55,194.41,4566.14,10.69,415.27,182.16,270.25,5444.51,5422.62,21.9,0.4,21.9,60.49,NONE,NORMAL,LOW,0
COST-001316,FAC-001,Infosys Smart Campus,BLD-002,Building B,2026-09-16 11:00:00,80,525.32,226.23,100.81,165.36,4465.22,9.09,405.18,171.37,258.1,5308.96,5422.62,-113.66,-2.1,0.0,66.36,NONE,NORMAL,NORMAL,0
COST-001317,FAC-001,Infosys Smart Campus,BLD-002,Building B,2026-09-16 12:00:00,85,495.58,213.72,90.54,209.28,4212.43,11.51,385.14,181.56,297.12,5087.76,5422.62,-334.86,-6.18,0.0,59.86,NONE,NORMAL,NORMAL,0
COST-001318,FAC-001,Infosys Smart Campus,BLD-002,Building B,2026-09-16 13:00:00,87,494.67,251.99,70.36,180.19,4204.65,9.91,325.11,185.71,232.74,4958.13,5422.62,-464.48,-8.57,0.0,56.99,NONE,NORMAL,NORMAL,0
COST-001319,FAC-001,Infosys Smart Campus,BLD-002,Building B,2026-09-16 14:00:00,96,569.98,250.51,79.7,210.25,4844.83,11.56,339.61,182.79,253.59,5632.38,5422.62,209.77,3.87,209.77,58.67,NONE,NORMAL,MEDIUM,0
COST-001320,FAC-001,Infosys Smart Campus,BLD-002,Building B,2026-09-16 15:00:00,86,529.8,256.9,105.02,184.38,4503.31,10.14,419.3,165.15,250.76,5348.67,5422.62,-73.95,-1.36,0.0,62.19,NONE,NORMAL,NORMAL,0
COST-001321,FAC-001,Infosys Smart Campus,BLD-002,Building B,2026-09-16 16:00:00,78,542.42,251.44,104.03,202.37,4610.57,11.13,356.28,168.89,287.79,5434.66,5422.62,12.05,0.22,12.05,69.68,NONE,NORMAL,LOW,0
COST-001322,FAC-001,Infosys Smart Campus,BLD-002,Building B,2026-09-16 17:00:00,33,366.65,182.9,56.86,116.41,3116.57,6.4,417.02,183.47,242.4,3965.86,4020.08,-54.21,-1.35,0.0,120.18,NONE,NORMAL,NORMAL,0
COST-001323,FAC-001,Infosys Smart Campus,BLD-002,Building B,2026-09-16 18:00:00,39,384.71,159.8,70.35,109.16,3270.07,6.0,427.02,189.58,250.25,4142.92,4020.08,122.85,3.06,122.85,106.23,NONE,NORMAL,LOW,0
COST-001324,FAC-001,Infosys Smart Campus,BLD-002,Building B,2026-09-16 19:00:00,36,407.85,164.03,75.92,112.59,3466.69,6.19,307.25,163.64,247.87,4191.65,4020.08,171.57,4.27,171.57,116.43,NONE,NORMAL,LOW,0
COST-001325,FAC-001,Infosys Smart Campus,BLD-002,Building B,2026-09-16 20:00:00,37,352.98,172.06,59.89,115.47,3000.31,6.35,443.39,167.28,275.0,3892.33,4020.08,-127.74,-3.18,0.0,105.2,NONE,NORMAL,NORMAL,0
COST-001326,FAC-001,Infosys Smart Campus,BLD-002,Building B,2026-09-16 21:00:00,10,258.56,114.65,36.7,79.34,2197.77,4.36,362.01,195.3,287.13,3046.56,3019.33,27.24,0.9,27.24,304.66,NONE,NORMAL,LOW,0
COST-001327,FAC-001,Infosys Smart Campus,BLD-002,Building B,2026-09-16 22:00:00,12,223.85,90.27,33.22,80.01,1902.69,4.4,424.66,170.49,256.98,2759.22,3019.33,-260.11,-8.61,0.0,229.93,NONE,NORMAL,NORMAL,0
COST-001328,FAC-001,Infosys Smart Campus,BLD-002,Building B,2026-09-16 23:00:00,12,220.59,113.51,39.43,71.96,1875.03,3.96,379.59,167.73,250.03,2676.34,3019.33,-342.98,-11.36,0.0,223.03,NONE,NORMAL,NORMAL,0
COST-001329,FAC-001,Infosys Smart Campus,BLD-002,Building B,2026-09-17 00:00:00,8,214.79,106.96,32.44,64.42,1825.72,3.54,373.5,181.09,241.59,2625.44,2619.54,5.9,0.23,5.9,328.18,NONE,NORMAL,LOW,0
COST-001330,FAC-001,Infosys Smart Campus,BLD-002,Building B,2026-09-17 01:00:00,7,231.76,101.02,42.43,74.2,1969.99,4.08,384.69,190.95,262.89,2812.61,2619.54,193.07,7.37,193.07,401.8,NONE,WARNING,LOW,0
COST-001331,FAC-001,Infosys Smart Campus,BLD-002,Building B,2026-09-17 02:00:00,8,241.56,115.77,45.5,73.72,2053.27,4.05,360.99,184.56,264.17,2867.04,2619.54,247.51,9.45,247.51,358.38,NONE,WARNING,MEDIUM,0
COST-001332,FAC-001,Infosys Smart Campus,BLD-002,Building B,2026-09-17 03:00:00,8,225.18,113.53,43.92,58.49,1914.02,3.22,312.55,177.18,251.76,2658.73,2619.54,39.19,1.5,39.19,332.34,NONE,NORMAL,LOW,0
COST-001333,FAC-001,Infosys Smart Campus,BLD-002,Building B,2026-09-17 04:00:00,7,215.37,94.05,33.51,75.48,1830.67,4.15,350.26,196.79,232.94,2614.81,2619.54,-4.73,-0.18,0.0,373.54,NONE,NORMAL,NORMAL,0
COST-001334,FAC-001,Infosys Smart Campus,BLD-002,Building B,2026-09-17 05:00:00,7,200.08,94.0,27.41,76.08,1700.7,4.18,378.13,170.34,263.27,2516.63,2619.54,-102.91,-3.93,0.0,359.52,NONE,NORMAL,NORMAL,0
COST-001335,FAC-001,Infosys Smart Campus,BLD-002,Building B,2026-09-17 06:00:00,45,323.23,164.37,43.95,121.89,2747.41,6.7,314.3,179.51,237.36,3485.29,3820.68,-335.4,-8.78,0.0,77.45,NONE,NORMAL,NORMAL,0
COST-001336,FAC-001,Infosys Smart Campus,BLD-002,Building B,2026-09-17 07:00:00,40,371.8,159.38,51.42,126.76,3160.32,6.97,303.29,175.97,242.65,3889.2,3820.68,68.52,1.79,68.52,97.23,NONE,NORMAL,LOW,0
COST-001337,FAC-001,Infosys Smart Campus,BLD-002,Building B,2026-09-17 08:00:00,36,363.36,158.91,68.86,107.09,3088.55,5.89,333.77,177.59,271.44,3877.23,3820.68,56.55,1.48,56.55,107.7,NONE,NORMAL,LOW,0
COST-001338,FAC-001,Infosys Smart Campus,BLD-002,Building B,2026-09-17 09:00:00,97,512.44,250.12,100.26,166.49,4355.73,9.16,303.91,174.18,252.09,5095.07,5422.62,-327.55,-6.04,0.0,52.53,NONE,NORMAL,NORMAL,0
COST-001339,FAC-001,Infosys Smart Campus,BLD-002,Building B,2026-09-17 10:00:00,87,468.03,222.74,64.81,189.4,3978.22,10.42,452.25,177.53,288.84,4907.27,5422.62,-515.35,-9.5,0.0,56.41,NONE,NORMAL,NORMAL,0
COST-001340,FAC-001,Infosys Smart Campus,BLD-002,Building B,2026-09-17 11:00:00,78,491.34,207.4,73.77,183.01,4176.39,10.07,405.94,168.72,263.36,5024.48,5422.62,-398.13,-7.34,0.0,64.42,NONE,NORMAL,NORMAL,0
COST-001341,FAC-001,Infosys Smart Campus,BLD-002,Building B,2026-09-17 12:00:00,94,550.54,262.62,108.93,184.9,4679.61,10.17,443.36,183.64,232.19,5548.97,5422.62,126.36,2.33,126.36,59.03,NONE,NORMAL,LOW,0
COST-001342,FAC-001,Infosys Smart Campus,BLD-002,Building B,2026-09-17 13:00:00,84,492.77,223.56,91.32,166.02,4188.58,9.13,411.21,162.8,265.06,5036.78,5422.62,-385.84,-7.12,0.0,59.96,NONE,NORMAL,NORMAL,0
COST-001343,FAC-001,Infosys Smart Campus,BLD-002,Building B,2026-09-17 14:00:00,91,601.34,308.72,112.85,180.07,5111.39,9.9,440.23,175.66,286.37,6023.56,5422.62,600.94,11.08,600.94,66.19,NONE,WARNING,HIGH,0
COST-001344,FAC-001,Infosys Smart Campus,BLD-002,Building B,2026-09-17 15:00:00,96,565.98,270.43,100.44,161.44,4810.8,8.88,337.87,171.45,275.92,5604.91,5422.62,182.29,3.36,182.29,58.38,NONE,NORMAL,LOW,0
COST-001345,FAC-001,Infosys Smart Campus,BLD-002,Building B,2026-09-17 16:00:00,93,491.1,197.62,68.69,205.67,4174.32,11.31,336.83,165.56,254.81,4942.83,5422.62,-479.79,-8.85,0.0,53.15,NONE,NORMAL,NORMAL,0
COST-001346,FAC-001,Infosys Smart Campus,BLD-002,Building B,2026-09-17 17:00:00,41,371.42,181.2,66.05,101.33,3157.06,5.57,404.27,195.4,248.11,4010.41,4020.08,-9.66,-0.24,0.0,97.81,NONE,NORMAL,NORMAL,0
COST-001347,FAC-001,Infosys Smart Campus,BLD-002,Building B,2026-09-17 18:00:00,40,327.6,140.69,57.53,109.14,2784.61,6.0,400.97,163.39,235.31,3590.28,4020.08,-429.8,-10.69,0.0,89.76,NONE,NORMAL,NORMAL,0
COST-001348,FAC-001,Infosys Smart Campus,BLD-002,Building B,2026-09-17 19:00:00,42,347.94,155.22,46.58,103.26,2957.45,5.68,451.21,191.67,264.29,3870.29,4020.08,-149.78,-3.73,0.0,92.15,NONE,NORMAL,NORMAL,0
COST-001349,FAC-001,Infosys Smart Campus,BLD-002,Building B,2026-09-17 20:00:00,34,359.45,159.48,63.51,116.93,3055.31,6.43,317.88,166.73,273.75,3820.11,4020.08,-199.97,-4.97,0.0,112.36,NONE,NORMAL,NORMAL,0
COST-001350,FAC-001,Infosys Smart Campus,BLD-002,Building B,2026-09-17 21:00:00,11,271.3,127.77,39.63,70.22,2306.02,3.86,363.8,193.43,223.51,3090.62,3019.33,71.3,2.36,71.3,280.97,NONE,NORMAL,LOW,0
COST-001351,FAC-001,Infosys Smart Campus,BLD-002,Building B,2026-09-17 22:00:00,11,272.21,132.98,35.44,81.37,2313.8,4.48,421.22,182.01,287.85,3209.37,3019.33,190.04,6.29,190.04,291.76,NONE,WARNING,LOW,0
COST-001352,FAC-001,Infosys Smart Campus,BLD-002,Building B,2026-09-17 23:00:00,13,270.91,114.19,50.64,70.55,2302.75,3.88,353.16,181.08,272.35,3113.21,3019.33,93.88,3.11,93.88,239.48,NONE,NORMAL,LOW,0
COST-001353,FAC-001,Infosys Smart Campus,BLD-002,Building B,2026-09-18 00:00:00,7,199.19,88.29,38.06,70.96,1693.08,3.9,413.33,175.18,252.55,2538.04,2619.54,-81.5,-3.11,0.0,362.58,NONE,NORMAL,NORMAL,0
COST-001354,FAC-001,Infosys Smart Campus,BLD-002,Building B,2026-09-18 01:00:00,8,221.89,108.03,37.4,69.37,1886.02,3.82,358.48,188.3,253.03,2689.65,2619.54,70.11,2.68,70.11,336.21,NONE,NORMAL,LOW,0
COST-001355,FAC-001,Infosys Smart Campus,BLD-002,Building B,2026-09-18 02:00:00,8,189.19,91.27,30.68,78.77,1608.09,4.33,437.81,174.76,295.22,2520.21,2619.54,-99.33,-3.79,0.0,315.03,NONE,NORMAL,NORMAL,0
COST-001356,FAC-001,Infosys Smart Campus,BLD-002,Building B,2026-09-18 03:00:00,8,229.43,111.04,33.13,72.09,1950.15,3.96,412.21,180.4,275.77,2822.5,2619.54,202.96,7.75,202.96,352.81,NONE,WARNING,MEDIUM,0
COST-001357,FAC-001,Infosys Smart Campus,BLD-002,Building B,2026-09-18 04:00:00,6,207.93,90.28,37.66,74.19,1767.38,4.08,418.96,167.14,236.99,2594.55,2619.54,-24.99,-0.95,0.0,432.42,NONE,NORMAL,NORMAL,0
COST-001358,FAC-001,Infosys Smart Campus,BLD-002,Building B,2026-09-18 05:00:00,6,220.35,93.53,42.57,79.06,1872.93,4.35,366.07,169.28,251.27,2663.9,2619.54,44.36,1.69,44.36,443.98,NONE,NORMAL,LOW,0
COST-001359,FAC-001,Infosys Smart Campus,BLD-002,Building B,2026-09-18 06:00:00,34,350.6,172.6,55.25,108.99,2980.1,5.99,303.62,189.31,269.82,3748.84,3820.68,-71.84,-1.88,0.0,110.26,NONE,NORMAL,NORMAL,0
COST-001360,FAC-001,Infosys Smart Campus,BLD-002,Building B,2026-09-18 07:00:00,15,446.77,172.57,61.01,129.35,3797.58,7.11,328.4,177.14,285.96,4596.2,3820.68,775.51,20.3,1231.22,306.41,LOW_OCCUPANCY_HIGH_ENERGY,HIGH,CRITICAL,1
COST-001361,FAC-001,Infosys Smart Campus,BLD-002,Building B,2026-09-18 08:00:00,48,334.88,160.39,57.16,128.37,2846.49,7.06,369.3,167.6,267.48,3657.93,3820.68,-162.75,-4.26,0.0,76.21,NONE,NORMAL,NORMAL,0
COST-001362,FAC-001,Infosys Smart Campus,BLD-002,Building B,2026-09-18 09:00:00,96,510.49,233.07,67.32,170.54,4339.18,9.38,406.11,177.44,288.45,5220.57,5422.62,-202.05,-3.73,0.0,54.38,NONE,NORMAL,NORMAL,0
COST-001363,FAC-001,Infosys Smart Campus,BLD-002,Building B,2026-09-18 10:00:00,87,549.06,271.08,109.49,218.11,4667.03,12.0,368.56,192.82,234.06,5474.46,5422.62,51.85,0.96,51.85,62.92,NONE,NORMAL,LOW,0
COST-001364,FAC-001,Infosys Smart Campus,BLD-002,Building B,2026-09-18 11:00:00,98,525.84,255.28,82.19,163.39,4469.6,8.99,316.68,175.35,276.3,5246.92,5422.62,-175.7,-3.24,0.0,53.54,NONE,NORMAL,NORMAL,0
COST-001365,FAC-001,Infosys Smart Campus,BLD-002,Building B,2026-09-18 12:00:00,101,495.91,208.14,66.41,209.68,4215.22,11.53,392.01,179.82,294.77,5093.35,5422.62,-329.27,-6.07,0.0,50.43,NONE,NORMAL,NORMAL,0
COST-001366,FAC-001,Infosys Smart Campus,BLD-002,Building B,2026-09-18 13:00:00,97,572.73,232.28,96.49,202.3,4868.23,11.13,442.69,171.26,242.05,5735.36,5422.62,312.74,5.77,312.74,59.13,NONE,WARNING,MEDIUM,0
COST-001367,FAC-001,Infosys Smart Campus,BLD-002,Building B,2026-09-18 14:00:00,80,521.19,216.56,99.04,205.13,4430.14,11.28,345.04,181.72,227.49,5195.68,5422.62,-226.94,-4.19,0.0,64.95,NONE,NORMAL,NORMAL,0
COST-001368,FAC-001,Infosys Smart Campus,BLD-002,Building B,2026-09-18 15:00:00,96,533.7,238.69,80.69,200.25,4536.48,11.01,340.47,175.49,283.4,5346.85,5422.62,-75.77,-1.4,0.0,55.7,NONE,NORMAL,NORMAL,0
COST-001369,FAC-001,Infosys Smart Campus,BLD-002,Building B,2026-09-18 16:00:00,90,573.48,261.67,109.63,198.83,4874.59,10.94,386.0,192.94,228.92,5693.39,5422.62,270.78,4.99,270.78,63.26,NONE,NORMAL,MEDIUM,0
COST-001370,FAC-001,Infosys Smart Campus,BLD-002,Building B,2026-09-18 17:00:00,33,389.72,193.83,56.57,92.07,3312.61,5.06,362.83,168.8,280.2,4129.5,4020.08,109.42,2.72,109.42,125.14,NONE,NORMAL,LOW,0
COST-001371,FAC-001,Infosys Smart Campus,BLD-002,Building B,2026-09-18 18:00:00,38,352.47,143.69,54.62,120.88,2996.03,6.65,367.27,170.16,256.56,3796.67,4020.08,-223.4,-5.56,0.0,99.91,NONE,NORMAL,NORMAL,0
COST-001372,FAC-001,Infosys Smart Campus,BLD-002,Building B,2026-09-18 19:00:00,46,377.22,175.23,69.65,117.12,3206.34,6.44,375.26,196.87,273.43,4058.34,4020.08,38.27,0.95,38.27,88.22,NONE,NORMAL,LOW,0
COST-001373,FAC-001,Infosys Smart Campus,BLD-002,Building B,2026-09-18 20:00:00,40,357.35,155.61,46.99,106.65,3037.5,5.87,435.33,178.45,253.05,3910.19,4020.08,-109.88,-2.73,0.0,97.75,NONE,NORMAL,NORMAL,0
COST-001374,FAC-001,Infosys Smart Campus,BLD-002,Building B,2026-09-18 21:00:00,9,230.08,93.47,45.04,76.1,1955.72,4.19,332.4,179.01,259.35,2730.66,3019.33,-288.67,-9.56,0.0,303.41,NONE,NORMAL,NORMAL,0
COST-001375,FAC-001,Infosys Smart Campus,BLD-002,Building B,2026-09-18 22:00:00,13,240.4,102.75,38.37,79.86,2043.4,4.39,322.59,179.61,279.24,2829.25,3019.33,-190.08,-6.3,0.0,217.63,NONE,NORMAL,NORMAL,0
COST-001376,FAC-001,Infosys Smart Campus,BLD-002,Building B,2026-09-18 23:00:00,11,255.21,102.63,33.78,68.52,2169.3,3.77,347.49,192.42,267.97,2980.95,3019.33,-38.38,-1.27,0.0,271.0,NONE,NORMAL,NORMAL,0
COST-001377,FAC-001,Infosys Smart Campus,BLD-002,Building B,2026-09-19 00:00:00,5,194.84,89.56,25.88,68.1,1656.17,3.75,402.35,185.81,287.14,2535.21,2619.54,-84.33,-3.22,0.0,507.04,NONE,NORMAL,NORMAL,0
COST-001378,FAC-001,Infosys Smart Campus,BLD-002,Building B,2026-09-19 01:00:00,7,206.76,97.91,36.84,77.72,1757.5,4.27,374.32,185.22,264.48,2585.8,2619.54,-33.74,-1.29,0.0,369.4,NONE,NORMAL,NORMAL,0
COST-001379,FAC-001,Infosys Smart Campus,BLD-002,Building B,2026-09-19 02:00:00,8,234.87,114.22,41.1,79.89,1996.37,4.39,338.94,162.05,264.68,2766.44,2619.54,146.9,5.61,146.9,345.8,NONE,WARNING,LOW,0
COST-001380,FAC-001,Infosys Smart Campus,BLD-002,Building B,2026-09-19 03:00:00,7,217.27,96.33,34.24,69.31,1846.82,3.81,313.06,189.82,240.48,2593.99,2619.54,-25.54,-0.98,0.0,370.57,NONE,NORMAL,NORMAL,0
COST-001381,FAC-001,Infosys Smart Campus,BLD-002,Building B,2026-09-19 04:00:00,8,225.07,102.76,43.07,59.3,1913.09,3.26,432.67,167.91,223.02,2739.95,2619.54,120.41,4.6,120.41,342.49,NONE,NORMAL,LOW,0
COST-001382,FAC-001,Infosys Smart Campus,BLD-002,Building B,2026-09-19 05:00:00,7,207.67,107.3,35.12,66.16,1765.19,3.64,436.77,178.31,245.59,2629.5,2619.54,9.96,0.38,9.96,375.64,NONE,NORMAL,LOW,0
COST-001383,FAC-001,Infosys Smart Campus,BLD-002,Building B,2026-09-19 06:00:00,42,382.67,189.32,54.55,119.72,3252.72,6.58,422.51,179.66,224.1,4085.57,3820.68,264.89,6.93,264.89,97.28,NONE,WARNING,MEDIUM,0
COST-001384,FAC-001,Infosys Smart Campus,BLD-002,Building B,2026-09-19 07:00:00,42,336.7,160.2,45.79,121.75,2861.99,6.7,346.51,170.15,231.07,3616.42,3820.68,-204.27,-5.35,0.0,86.11,NONE,NORMAL,NORMAL,0
COST-001385,FAC-001,Infosys Smart Campus,BLD-002,Building B,2026-09-19 08:00:00,43,357.49,174.81,58.97,107.73,3038.63,5.92,339.73,197.18,283.13,3864.6,3820.68,43.92,1.15,43.92,89.87,NONE,NORMAL,LOW,0
COST-001386,FAC-001,Infosys Smart Campus,BLD-002,Building B,2026-09-19 09:00:00,94,498.3,246.28,69.04,184.3,4235.59,10.14,334.38,182.05,282.39,5044.55,5422.62,-378.07,-6.97,0.0,53.67,NONE,NORMAL,NORMAL,0
COST-001387,FAC-001,Infosys Smart Campus,BLD-002,Building B,2026-09-19 10:00:00,89,531.01,242.0,96.84,178.11,4513.58,9.8,446.67,197.66,284.0,5451.7,5422.62,29.08,0.54,29.08,61.26,NONE,NORMAL,LOW,0
COST-001388,FAC-001,Infosys Smart Campus,BLD-002,Building B,2026-09-19 11:00:00,88,519.72,229.11,79.14,179.53,4417.65,9.87,421.71,188.06,235.51,5272.8,5422.62,-149.81,-2.76,0.0,59.92,NONE,NORMAL,NORMAL,0
COST-001389,FAC-001,Infosys Smart Campus,BLD-002,Building B,2026-09-19 12:00:00,91,532.66,255.05,93.62,184.25,4527.63,10.13,404.98,188.28,237.61,5368.63,5422.62,-53.99,-1.0,0.0,59.0,NONE,NORMAL,NORMAL,0
COST-001390,FAC-001,Infosys Smart Campus,BLD-002,Building B,2026-09-19 13:00:00,89,532.75,229.01,78.0,182.67,4528.42,10.05,389.3,173.81,284.99,5386.57,5422.62,-36.05,-0.66,0.0,60.52,NONE,NORMAL,NORMAL,0
COST-001391,FAC-001,Infosys Smart Campus,BLD-002,Building B,2026-09-19 14:00:00,93,489.92,196.77,80.21,187.74,4164.28,10.33,391.98,189.32,235.88,4991.78,5422.62,-430.84,-7.95,0.0,53.68,NONE,NORMAL,NORMAL,0
COST-001392,FAC-001,Infosys Smart Campus,BLD-002,Building B,2026-09-19 15:00:00,108,589.64,290.21,109.8,192.75,5011.91,10.6,444.18,176.6,265.36,5908.65,5422.62,486.03,8.96,486.03,54.71,NONE,WARNING,MEDIUM,0
COST-001393,FAC-001,Infosys Smart Campus,BLD-002,Building B,2026-09-19 16:00:00,101,577.72,300.1,75.66,168.31,4910.62,9.26,336.05,187.53,227.61,5671.06,5422.62,248.44,4.58,248.44,56.15,NONE,NORMAL,MEDIUM,0
COST-001394,FAC-001,Infosys Smart Campus,BLD-002,Building B,2026-09-19 17:00:00,34,398.78,171.52,58.9,120.06,3389.67,6.6,417.64,193.55,287.47,4294.93,4020.08,274.86,6.84,274.86,126.32,NONE,WARNING,MEDIUM,0
COST-001395,FAC-001,Infosys Smart Campus,BLD-002,Building B,2026-09-19 18:00:00,38,388.46,197.74,72.48,110.24,3301.89,6.06,321.63,176.25,242.17,4048.02,4020.08,27.94,0.7,27.94,106.53,NONE,NORMAL,LOW,0
COST-001396,FAC-001,Infosys Smart Campus,BLD-002,Building B,2026-09-19 19:00:00,39,358.18,177.91,46.8,107.19,3044.54,5.9,328.77,183.21,240.83,3803.24,4020.08,-216.84,-5.39,0.0,97.52,NONE,NORMAL,NORMAL,0
COST-001397,FAC-001,Infosys Smart Campus,BLD-002,Building B,2026-09-19 20:00:00,37,331.12,158.38,45.86,105.7,2814.51,5.81,362.45,183.56,239.84,3606.18,4020.08,-413.9,-10.3,0.0,97.46,NONE,NORMAL,NORMAL,0
COST-001398,FAC-001,Infosys Smart Campus,BLD-002,Building B,2026-09-19 21:00:00,10,244.02,98.62,39.73,73.99,2074.16,4.07,323.1,186.75,298.45,2886.52,3019.33,-132.8,-4.4,0.0,288.65,NONE,NORMAL,NORMAL,0
COST-001399,FAC-001,Infosys Smart Campus,BLD-002,Building B,2026-09-19 22:00:00,13,233.86,120.57,44.01,84.13,1987.81,4.63,379.83,172.05,233.57,2777.89,3019.33,-241.44,-8.0,0.0,213.68,NONE,NORMAL,NORMAL,0
COST-001400,FAC-001,Infosys Smart Campus,BLD-002,Building B,2026-09-19 23:00:00,11,239.58,115.93,38.8,72.86,2036.41,4.01,324.53,167.03,266.51,2798.49,3019.33,-220.83,-7.31,0.0,254.41,NONE,NORMAL,NORMAL,0
COST-001401,FAC-001,Infosys Smart Campus,BLD-002,Building B,2026-09-20 00:00:00,8,205.6,84.02,39.33,55.16,1747.62,3.03,347.32,173.01,290.01,2561.01,2619.54,-58.53,-2.23,0.0,320.13,NONE,NORMAL,NORMAL,0
COST-001402,FAC-001,Infosys Smart Campus,BLD-002,Building B,2026-09-20 01:00:00,8,225.09,111.61,33.31,75.57,1913.24,4.16,371.96,190.17,245.12,2724.65,2619.54,105.11,4.01,105.11,340.58,NONE,NORMAL,LOW,0
COST-001403,FAC-001,Infosys Smart Campus,BLD-002,Building B,2026-09-20 02:00:00,8,216.18,96.9,29.11,57.03,1837.53,3.14,446.2,179.48,257.36,2723.7,2619.54,104.17,3.98,104.17,340.46,NONE,NORMAL,LOW,0
COST-001404,FAC-001,Infosys Smart Campus,BLD-002,Building B,2026-09-20 03:00:00,7,200.42,86.27,38.95,70.51,1703.61,3.88,304.43,169.37,274.26,2455.55,2619.54,-163.99,-6.26,0.0,350.79,NONE,NORMAL,NORMAL,0
COST-001405,FAC-001,Infosys Smart Campus,BLD-002,Building B,2026-09-20 04:00:00,8,218.53,95.07,42.65,78.99,1857.49,4.34,320.96,196.67,230.58,2610.05,2619.54,-9.49,-0.36,0.0,326.26,NONE,NORMAL,NORMAL,0
COST-001406,FAC-001,Infosys Smart Campus,BLD-002,Building B,2026-09-20 05:00:00,7,222.64,105.58,42.01,65.66,1892.44,3.61,359.4,195.19,223.83,2674.47,2619.54,54.93,2.1,54.93,382.07,NONE,NORMAL,LOW,0
COST-001407,FAC-001,Infosys Smart Campus,BLD-002,Building B,2026-09-20 06:00:00,41,365.75,183.55,51.11,125.84,3108.92,6.92,415.28,190.97,278.45,4000.53,3820.68,179.85,4.71,179.85,97.57,NONE,NORMAL,LOW,0
COST-001408,FAC-001,Infosys Smart Campus,BLD-002,Building B,2026-09-20 07:00:00,43,350.1,147.31,46.68,124.29,2975.83,6.84,324.05,182.09,235.43,3724.23,3820.68,-96.45,-2.52,0.0,86.61,NONE,NORMAL,NORMAL,0
COST-001409,FAC-001,Infosys Smart Campus,BLD-002,Building B,2026-09-20 08:00:00,44,381.6,169.04,73.49,105.97,3243.59,5.83,417.82,177.46,288.21,4132.9,3820.68,312.22,8.17,312.22,93.93,NONE,WARNING,MEDIUM,0
COST-001410,FAC-001,Infosys Smart Campus,BLD-002,Building B,2026-09-20 09:00:00,99,522.85,215.0,75.69,177.39,4444.19,9.76,441.15,164.81,254.34,5314.24,5422.62,-108.38,-2.0,0.0,53.68,NONE,NORMAL,NORMAL,0
COST-001411,FAC-001,Infosys Smart Campus,BLD-002,Building B,2026-09-20 10:00:00,103,543.4,282.42,99.3,185.87,4618.86,10.22,355.43,171.84,266.04,5422.39,5422.62,-0.23,-0.0,0.0,52.64,NONE,NORMAL,NORMAL,0
COST-001412,FAC-001,Infosys Smart Campus,BLD-002,Building B,2026-09-20 11:00:00,87,569.37,293.61,111.11,202.41,4839.67,11.13,381.09,169.35,263.53,5664.78,5422.62,242.16,4.47,242.16,65.11,NONE,NORMAL,MEDIUM,0
COST-001413,FAC-001,Infosys Smart Campus,BLD-002,Building B,2026-09-20 12:00:00,98,626.55,272.01,155.77,163.35,5325.71,8.98,318.07,192.13,263.92,6108.82,5422.62,686.2,12.65,884.81,62.33,EXCESS_LIGHTING,WARNING,HIGH,1
COST-001414,FAC-001,Infosys Smart Campus,BLD-002,Building B,2026-09-20 13:00:00,104,582.27,291.71,81.1,205.91,4949.27,11.33,389.36,163.11,236.71,5749.78,5422.62,327.16,6.03,327.16,55.29,NONE,WARNING,MEDIUM,0
COST-001415,FAC-001,Infosys Smart Campus,BLD-002,Building B,2026-09-20 14:00:00,92,534.53,236.57,70.51,166.84,4543.51,9.18,440.06,180.1,241.98,5414.84,5422.62,-7.78,-0.14,0.0,58.86,NONE,NORMAL,NORMAL,0
COST-001416,FAC-001,Infosys Smart Campus,BLD-002,Building B,2026-09-20 15:00:00,97,491.51,200.99,64.62,194.94,4177.88,10.72,411.96,190.8,297.51,5088.87,5422.62,-333.75,-6.15,0.0,52.46,NONE,NORMAL,NORMAL,0
COST-001417,FAC-001,Infosys Smart Campus,BLD-002,Building B,2026-09-20 16:00:00,96,548.72,265.19,84.27,191.07,4664.16,10.51,446.38,177.93,274.88,5573.86,5422.62,151.24,2.79,151.24,58.06,NONE,NORMAL,LOW,0
COST-001418,FAC-001,Infosys Smart Campus,BLD-002,Building B,2026-09-20 17:00:00,34,343.16,161.65,57.59,113.06,2916.9,6.22,380.03,167.9,257.15,3728.2,4020.08,-291.87,-7.26,0.0,109.65,NONE,NORMAL,NORMAL,0
COST-001419,FAC-001,Infosys Smart Campus,BLD-002,Building B,2026-09-20 18:00:00,37,441.2,202.35,59.75,105.37,3750.21,5.8,392.2,193.08,233.41,4574.7,4020.08,554.63,13.8,554.63,123.64,NONE,WARNING,HIGH,0
COST-001420,FAC-001,Infosys Smart Campus,BLD-002,Building B,2026-09-20 19:00:00,34,375.13,169.5,63.26,107.71,3188.61,5.92,423.72,165.6,293.85,4077.7,4020.08,57.62,1.43,57.62,119.93,NONE,NORMAL,LOW,0
COST-001421,FAC-001,Infosys Smart Campus,BLD-002,Building B,2026-09-20 20:00:00,39,354.13,170.23,62.89,102.84,3010.12,5.66,332.58,162.73,264.85,3775.94,4020.08,-244.14,-6.07,0.0,96.82,NONE,NORMAL,NORMAL,0
COST-001422,FAC-001,Infosys Smart Campus,BLD-002,Building B,2026-09-20 21:00:00,10,296.16,123.68,55.93,71.37,2517.37,3.93,437.17,178.18,263.88,3400.54,3019.33,381.21,12.63,381.21,340.05,NONE,WARNING,MEDIUM,0
COST-001423,FAC-001,Infosys Smart Campus,BLD-002,Building B,2026-09-20 22:00:00,11,269.61,113.73,43.46,75.15,2291.73,4.13,433.11,183.86,221.02,3133.85,3019.33,114.53,3.79,114.53,284.9,NONE,NORMAL,LOW,0
COST-001424,FAC-001,Infosys Smart Campus,BLD-002,Building B,2026-09-20 23:00:00,9,247.98,108.72,38.89,80.3,2107.82,4.42,369.24,184.63,232.45,2898.55,3019.33,-120.77,-4.0,0.0,322.06,NONE,NORMAL,NORMAL,0
COST-001425,FAC-001,Infosys Smart Campus,BLD-002,Building B,2026-09-21 00:00:00,8,197.59,92.67,27.2,70.14,1679.49,3.86,321.5,179.43,261.97,2446.25,2619.54,-173.29,-6.62,0.0,305.78,NONE,NORMAL,NORMAL,0
COST-001426,FAC-001,Infosys Smart Campus,BLD-002,Building B,2026-09-21 01:00:00,8,181.92,80.85,34.18,61.28,1546.36,3.37,354.38,188.1,222.22,2314.43,2619.54,-305.11,-11.65,0.0,289.3,NONE,NORMAL,NORMAL,0
COST-001427,FAC-001,Infosys Smart Campus,BLD-002,Building B,2026-09-21 02:00:00,8,191.25,80.77,28.92,54.17,1625.65,2.98,444.26,163.59,279.48,2515.97,2619.54,-103.57,-3.95,0.0,314.5,NONE,NORMAL,NORMAL,0
COST-001428,FAC-001,Infosys Smart Campus,BLD-002,Building B,2026-09-21 03:00:00,7,210.62,88.68,29.46,64.63,1790.3,3.55,370.86,180.56,231.4,2576.68,2619.54,-42.86,-1.64,0.0,368.1,NONE,NORMAL,NORMAL,0
COST-001429,FAC-001,Infosys Smart Campus,BLD-002,Building B,2026-09-21 04:00:00,6,208.33,95.68,38.11,58.83,1770.8,3.24,417.15,166.26,249.86,2607.3,2619.54,-12.23,-0.47,0.0,434.55,NONE,NORMAL,NORMAL,0
COST-001430,FAC-001,Infosys Smart Campus,BLD-002,Building B,2026-09-21 05:00:00,7,204.66,85.61,39.31,65.23,1739.59,3.59,387.21,170.08,260.8,2561.26,2619.54,-58.27,-2.22,0.0,365.89,NONE,NORMAL,NORMAL,0
COST-001431,FAC-001,Infosys Smart Campus,BLD-002,Building B,2026-09-21 06:00:00,53,366.88,149.4,72.68,222.19,3118.51,12.22,328.03,189.24,285.93,3933.93,3820.68,113.24,2.96,115.69,74.23,HIGH_WATER_USAGE,NORMAL,LOW,1
COST-001432,FAC-001,Infosys Smart Campus,BLD-002,Building B,2026-09-21 07:00:00,42,358.97,180.66,47.05,125.74,3051.2,6.92,316.4,187.65,226.43,3788.6,3820.68,-32.09,-0.84,0.0,90.2,NONE,NORMAL,NORMAL,0
COST-001433,FAC-001,Infosys Smart Campus,BLD-002,Building B,2026-09-21 08:00:00,28,341.4,149.29,65.18,112.64,2901.94,6.19,307.0,186.23,284.68,3686.04,3820.68,-134.64,-3.52,0.0,131.64,NONE,NORMAL,NORMAL,0
COST-001434,FAC-001,Infosys Smart Campus,BLD-002,Building B,2026-09-21 09:00:00,85,571.73,233.99,84.65,162.47,4859.7,8.94,350.06,193.51,248.08,5660.28,5422.62,237.66,4.38,237.66,66.59,NONE,NORMAL,MEDIUM,0
COST-001435,FAC-001,Infosys Smart Campus,BLD-002,Building B,2026-09-21 10:00:00,76,607.74,276.57,120.25,202.18,5165.82,11.12,311.65,179.62,284.44,5952.65,5422.62,530.03,9.77,530.03,78.32,NONE,WARNING,HIGH,0
COST-001436,FAC-001,Infosys Smart Campus,BLD-002,Building B,2026-09-21 11:00:00,81,557.53,271.45,94.53,179.61,4738.99,9.88,436.71,189.6,284.33,5659.51,5422.62,236.89,4.37,236.89,69.87,NONE,NORMAL,MEDIUM,0
COST-001437,FAC-001,Infosys Smart Campus,BLD-002,Building B,2026-09-21 12:00:00,99,582.57,265.05,111.0,198.18,4951.85,10.9,320.41,164.9,233.21,5681.26,5422.62,258.65,4.77,258.65,57.39,NONE,NORMAL,MEDIUM,0
COST-001438,FAC-001,Infosys Smart Campus,BLD-002,Building B,2026-09-21 13:00:00,91,537.61,260.3,107.01,163.44,4569.72,8.99,380.75,180.79,263.08,5403.32,5422.62,-19.3,-0.36,0.0,59.38,NONE,NORMAL,NORMAL,0
COST-001439,FAC-001,Infosys Smart Campus,BLD-002,Building B,2026-09-21 14:00:00,92,540.86,216.45,74.01,193.07,4597.28,10.62,437.68,195.43,297.12,5538.13,5422.62,115.51,2.13,115.51,60.2,NONE,NORMAL,LOW,0
COST-001440,FAC-001,Infosys Smart Campus,BLD-002,Building B,2026-09-21 15:00:00,89,536.93,247.62,76.4,191.24,4563.93,10.52,436.73,192.65,254.8,5458.63,5422.62,36.01,0.66,36.01,61.33,NONE,NORMAL,LOW,0
COST-001441,FAC-001,Infosys Smart Campus,BLD-003,Building C,2026-08-22 16:00:00,81,502.37,203.37,91.8,192.06,4270.14,10.56,538.88,172.72,295.08,5287.38,5114.82,172.56,3.37,172.56,65.28,NONE,NORMAL,LOW,0
COST-001442,FAC-001,Infosys Smart Campus,BLD-003,Building C,2026-08-22 17:00:00,33,373.8,170.75,70.29,99.9,3177.26,5.49,408.3,196.16,225.74,4012.96,3831.61,181.35,4.73,181.35,121.6,NONE,NORMAL,LOW,0
COST-001443,FAC-001,Infosys Smart Campus,BLD-003,Building C,2026-08-22 18:00:00,32,358.94,165.12,57.27,98.25,3051.0,5.4,407.28,168.73,259.14,3891.56,3831.61,59.95,1.56,59.95,121.61,NONE,NORMAL,LOW,0
COST-001444,FAC-001,Infosys Smart Campus,BLD-003,Building C,2026-08-22 19:00:00,30,351.62,178.33,61.38,113.15,2988.73,6.22,492.97,178.18,274.77,3940.88,3831.61,109.27,2.85,109.27,131.36,NONE,NORMAL,LOW,0
COST-001445,FAC-001,Infosys Smart Campus,BLD-003,Building C,2026-08-22 20:00:00,31,362.87,178.59,47.49,107.78,3084.36,5.93,370.43,180.04,275.98,3916.74,3831.61,85.13,2.22,85.13,126.35,NONE,NORMAL,LOW,0
COST-001446,FAC-001,Infosys Smart Campus,BLD-003,Building C,2026-08-22 21:00:00,10,243.56,99.88,34.75,63.04,2070.22,3.47,490.38,167.25,235.45,2966.76,2916.01,50.75,1.74,50.75,296.68,NONE,NORMAL,LOW,0
COST-001447,FAC-001,Infosys Smart Campus,BLD-003,Building C,2026-08-22 22:00:00,9,224.42,95.87,35.38,64.1,1907.61,3.53,502.52,166.55,224.81,2805.02,2916.01,-111.0,-3.81,0.0,311.67,NONE,NORMAL,NORMAL,0
COST-001448,FAC-001,Infosys Smart Campus,BLD-003,Building C,2026-08-22 23:00:00,12,255.99,132.71,49.17,78.44,2175.9,4.31,438.27,172.69,232.89,3024.06,2916.01,108.05,3.71,108.05,252.01,NONE,NORMAL,LOW,0
COST-001449,FAC-001,Infosys Smart Campus,BLD-003,Building C,2026-08-23 00:00:00,6,187.45,81.88,36.99,64.72,1593.29,3.56,454.17,173.68,235.27,2459.97,2550.25,-90.28,-3.54,0.0,409.99,NONE,NORMAL,NORMAL,0
COST-001450,FAC-001,Infosys Smart Campus,BLD-003,Building C,2026-08-23 01:00:00,6,190.15,80.31,29.56,57.85,1616.3,3.18,453.96,171.78,248.45,2493.68,2550.25,-56.57,-2.22,0.0,415.61,NONE,NORMAL,NORMAL,0
COST-001451,FAC-001,Infosys Smart Campus,BLD-003,Building C,2026-08-23 02:00:00,6,181.76,94.15,27.81,68.21,1544.99,3.75,455.13,197.61,281.03,2482.52,2550.25,-67.73,-2.66,0.0,413.75,NONE,NORMAL,NORMAL,0
COST-001452,FAC-001,Infosys Smart Campus,BLD-003,Building C,2026-08-23 03:00:00,7,198.65,97.59,33.1,67.11,1688.56,3.69,522.07,192.38,273.49,2680.19,2550.25,129.95,5.1,129.95,382.88,NONE,WARNING,LOW,0
COST-001453,FAC-001,Infosys Smart Campus,BLD-003,Building C,2026-08-23 04:00:00,6,202.65,88.31,28.46,65.38,1722.54,3.6,488.81,175.18,244.72,2634.84,2550.25,84.59,3.32,84.59,439.14,NONE,NORMAL,LOW,0
COST-001454,FAC-001,Infosys Smart Campus,BLD-003,Building C,2026-08-23 05:00:00,7,196.61,90.54,32.81,59.91,1671.18,3.3,375.44,189.84,225.06,2464.82,2550.25,-85.43,-3.35,0.0,352.12,NONE,NORMAL,NORMAL,0
COST-001455,FAC-001,Infosys Smart Campus,BLD-003,Building C,2026-08-23 06:00:00,37,370.98,186.81,57.58,103.85,3153.33,5.71,495.28,176.66,277.65,4108.62,3649.19,459.43,12.59,618.22,111.04,HIGH_HVAC_USAGE,WARNING,HIGH,1
COST-001456,FAC-001,Infosys Smart Campus,BLD-003,Building C,2026-08-23 07:00:00,38,328.12,148.7,43.99,100.37,2788.99,5.52,384.9,191.8,270.29,3641.5,3649.19,-7.69,-0.21,0.0,95.83,NONE,NORMAL,NORMAL,0
COST-001457,FAC-001,Infosys Smart Campus,BLD-003,Building C,2026-08-23 08:00:00,34,353.7,141.77,53.67,98.25,3006.47,5.4,675.47,197.85,290.99,4176.18,3649.19,526.99,14.44,526.99,122.83,MAINTENANCE_RISK,WARNING,HIGH,1
COST-001458,FAC-001,Infosys Smart Campus,BLD-003,Building C,2026-08-23 09:00:00,89,486.65,236.68,78.33,183.04,4136.56,10.07,432.49,173.61,254.11,5006.84,5114.82,-107.98,-2.11,0.0,56.26,NONE,NORMAL,NORMAL,0
COST-001459,FAC-001,Infosys Smart Campus,BLD-003,Building C,2026-08-23 10:00:00,87,485.69,214.6,76.74,173.88,4128.34,9.56,546.36,193.92,234.22,5112.4,5114.82,-2.42,-0.05,0.0,58.76,NONE,NORMAL,NORMAL,0
COST-001460,FAC-001,Infosys Smart Campus,BLD-003,Building C,2026-08-23 11:00:00,93,511.08,227.27,79.73,173.62,4344.14,9.55,390.73,188.65,281.06,5214.13,5114.82,99.31,1.94,99.31,56.07,NONE,NORMAL,LOW,0
COST-001461,FAC-001,Infosys Smart Campus,BLD-003,Building C,2026-08-23 12:00:00,90,484.8,227.96,70.32,181.31,4120.78,9.97,549.48,171.44,237.6,5089.28,5114.82,-25.54,-0.5,0.0,56.55,NONE,NORMAL,NORMAL,0
COST-001462,FAC-001,Infosys Smart Campus,BLD-003,Building C,2026-08-23 13:00:00,64,498.6,200.25,79.19,162.82,4238.07,8.95,444.49,163.44,286.15,5141.1,5114.82,26.28,0.51,26.28,80.33,NONE,NORMAL,LOW,0
COST-001463,FAC-001,Infosys Smart Campus,BLD-003,Building C,2026-08-23 14:00:00,79,457.11,230.57,83.3,163.27,3885.41,8.98,451.89,174.46,256.19,4776.93,5114.82,-337.89,-6.61,0.0,60.47,NONE,NORMAL,NORMAL,0
COST-001464,FAC-001,Infosys Smart Campus,BLD-003,Building C,2026-08-23 15:00:00,97,676.45,374.44,84.75,177.46,5749.86,9.76,436.42,195.57,270.19,6661.8,5114.82,1546.98,30.25,1865.25,68.68,HIGH_HVAC_USAGE,CRITICAL,CRITICAL,1
COST-001465,FAC-001,Infosys Smart Campus,BLD-003,Building C,2026-08-23 16:00:00,83,482.66,215.89,68.49,127.77,4102.62,7.03,449.75,190.28,294.47,5044.15,5114.82,-70.67,-1.38,0.0,60.77,NONE,NORMAL,NORMAL,0
COST-001466,FAC-001,Infosys Smart Campus,BLD-003,Building C,2026-08-23 17:00:00,31,337.53,155.1,52.1,104.84,2869.01,5.77,436.28,191.75,256.27,3759.07,3831.61,-72.54,-1.89,0.0,121.26,NONE,NORMAL,NORMAL,0
COST-001467,FAC-001,Infosys Smart Campus,BLD-003,Building C,2026-08-23 18:00:00,35,344.44,140.25,56.54,97.56,2927.73,5.37,413.85,193.23,246.51,3786.69,3831.61,-44.92,-1.17,0.0,108.19,NONE,NORMAL,NORMAL,0
COST-001468,FAC-001,Infosys Smart Campus,BLD-003,Building C,2026-08-23 19:00:00,35,367.14,154.94,55.05,88.35,3120.72,4.86,434.95,180.9,267.77,4009.2,3831.61,177.59,4.63,177.59,114.55,NONE,NORMAL,LOW,0
COST-001469,FAC-001,Infosys Smart Campus,BLD-003,Building C,2026-08-23 20:00:00,40,363.96,159.03,50.54,106.8,3093.7,5.87,444.83,179.95,262.6,3986.95,3831.61,155.34,4.05,155.34,99.67,NONE,NORMAL,LOW,0
COST-001470,FAC-001,Infosys Smart Campus,BLD-003,Building C,2026-08-23 21:00:00,10,231.11,112.45,31.05,69.02,1964.41,3.8,522.55,178.24,232.63,2901.64,2916.01,-14.38,-0.49,0.0,290.16,NONE,NORMAL,NORMAL,0
COST-001471,FAC-001,Infosys Smart Campus,BLD-003,Building C,2026-08-23 22:00:00,9,260.07,109.77,50.95,74.81,2210.62,4.11,431.56,197.48,261.7,3105.48,2916.01,189.46,6.5,189.46,345.05,NONE,WARNING,LOW,0
COST-001472,FAC-001,Infosys Smart Campus,BLD-003,Building C,2026-08-23 23:00:00,10,230.3,105.44,30.62,65.77,1957.53,3.62,447.02,190.06,248.69,2846.91,2916.01,-69.1,-2.37,0.0,284.69,NONE,NORMAL,NORMAL,0
COST-001473,FAC-001,Infosys Smart Campus,BLD-003,Building C,2026-08-24 00:00:00,6,195.94,95.63,39.12,64.75,1665.53,3.56,523.91,195.7,298.16,2686.86,2550.25,136.61,5.36,136.61,447.81,NONE,WARNING,LOW,0
COST-001474,FAC-001,Infosys Smart Campus,BLD-003,Building C,2026-08-24 01:00:00,7,187.06,76.82,27.88,60.22,1590.01,3.31,527.22,190.04,270.22,2580.8,2550.25,30.55,1.2,30.55,368.69,NONE,NORMAL,LOW,0
COST-001475,FAC-001,Infosys Smart Campus,BLD-003,Building C,2026-08-24 02:00:00,8,195.19,87.23,36.87,69.63,1659.1,3.83,533.19,171.07,250.73,2617.92,2550.25,67.68,2.65,67.68,327.24,NONE,NORMAL,LOW,0
COST-001476,FAC-001,Infosys Smart Campus,BLD-003,Building C,2026-08-24 03:00:00,7,192.96,97.77,29.76,71.4,1640.14,3.93,533.84,178.72,261.26,2617.88,2550.25,67.63,2.65,67.63,373.98,NONE,NORMAL,LOW,0
COST-001477,FAC-001,Infosys Smart Campus,BLD-003,Building C,2026-08-24 04:00:00,5,181.1,86.69,25.06,65.08,1539.33,3.58,497.85,183.69,235.39,2459.85,2550.25,-90.39,-3.54,0.0,491.97,NONE,NORMAL,NORMAL,0
COST-001478,FAC-001,Infosys Smart Campus,BLD-003,Building C,2026-08-24 05:00:00,7,184.96,89.51,32.32,55.61,1572.19,3.06,511.6,189.29,269.19,2545.33,2550.25,-4.92,-0.19,0.0,363.62,NONE,NORMAL,NORMAL,0
COST-001479,FAC-001,Infosys Smart Campus,BLD-003,Building C,2026-08-24 06:00:00,35,347.57,175.79,60.15,109.61,2954.38,6.03,469.84,175.36,275.4,3881.01,3649.19,231.82,6.35,231.82,110.89,NONE,WARNING,MEDIUM,0
COST-001480,FAC-001,Infosys Smart Campus,BLD-003,Building C,2026-08-24 07:00:00,43,350.79,168.86,62.41,107.22,2981.7,5.9,551.49,192.3,282.54,4013.93,3649.19,364.74,9.99,364.74,93.35,NONE,WARNING,MEDIUM,0
COST-001481,FAC-001,Infosys Smart Campus,BLD-003,Building C,2026-08-24 08:00:00,39,277.04,115.37,46.46,109.48,2354.82,6.02,441.71,179.95,289.3,3271.8,3649.19,-377.39,-10.34,0.0,83.89,NONE,NORMAL,NORMAL,0
COST-001482,FAC-001,Infosys Smart Campus,BLD-003,Building C,2026-08-24 09:00:00,75,500.9,210.62,66.4,170.55,4257.61,9.38,510.98,176.58,289.06,5243.62,5114.82,128.8,2.52,128.8,69.91,NONE,NORMAL,LOW,0
COST-001483,FAC-001,Infosys Smart Campus,BLD-003,Building C,2026-08-24 10:00:00,81,495.25,240.7,68.2,166.52,4209.64,9.16,510.28,196.35,249.97,5175.4,5114.82,60.58,1.18,60.58,63.89,NONE,NORMAL,LOW,0
COST-001484,FAC-001,Infosys Smart Campus,BLD-003,Building C,2026-08-24 11:00:00,88,479.41,238.2,84.39,180.46,4075.01,9.93,425.5,166.74,250.87,4928.05,5114.82,-186.77,-3.65,0.0,56.0,NONE,NORMAL,NORMAL,0
COST-001485,FAC-001,Infosys Smart Campus,BLD-003,Building C,2026-08-24 12:00:00,89,454.29,235.93,59.44,206.48,3861.43,11.36,463.11,181.57,257.79,4775.26,5114.82,-339.56,-6.64,0.0,53.65,NONE,NORMAL,NORMAL,0
COST-001486,FAC-001,Infosys Smart Campus,BLD-003,Building C,2026-08-24 13:00:00,96,474.07,220.94,71.83,172.32,4029.59,9.48,394.42,195.57,290.77,4919.84,5114.82,-194.98,-3.81,0.0,51.25,NONE,NORMAL,NORMAL,0
COST-001487,FAC-001,Infosys Smart Campus,BLD-003,Building C,2026-08-24 14:00:00,80,457.19,216.54,62.5,156.16,3886.15,8.59,527.14,182.87,261.59,4866.34,5114.82,-248.48,-4.86,0.0,60.83,NONE,NORMAL,NORMAL,0
COST-001488,FAC-001,Infosys Smart Campus,BLD-003,Building C,2026-08-24 15:00:00,78,511.03,237.62,67.09,161.23,4343.77,8.87,533.72,193.28,248.87,5328.5,5114.82,213.68,4.18,213.68,68.31,NONE,NORMAL,MEDIUM,0
COST-001489,FAC-001,Infosys Smart Campus,BLD-003,Building C,2026-08-24 16:00:00,86,525.93,261.23,84.11,171.68,4470.37,9.44,471.41,165.8,298.33,5415.35,5114.82,300.53,5.88,300.53,62.97,NONE,WARNING,MEDIUM,0
COST-001490,FAC-001,Infosys Smart Campus,BLD-003,Building C,2026-08-24 17:00:00,30,326.21,151.11,54.67,96.88,2772.79,5.33,512.25,180.6,268.56,3739.53,3831.61,-92.08,-2.4,0.0,124.65,NONE,NORMAL,NORMAL,0
COST-001491,FAC-001,Infosys Smart Campus,BLD-003,Building C,2026-08-24 18:00:00,37,348.33,140.06,55.16,100.29,2960.78,5.52,550.99,169.18,226.09,3912.55,3831.61,80.94,2.11,80.94,105.74,NONE,NORMAL,LOW,0
COST-001492,FAC-001,Infosys Smart Campus,BLD-003,Building C,2026-08-24 19:00:00,36,380.35,190.29,69.11,77.79,3232.97,4.28,372.72,179.27,288.0,4077.23,3831.61,245.62,6.41,245.62,113.26,NONE,WARNING,MEDIUM,0
COST-001493,FAC-001,Infosys Smart Campus,BLD-003,Building C,2026-08-24 20:00:00,34,367.74,166.72,67.75,104.18,3125.8,5.73,540.74,178.4,249.34,4100.02,3831.61,268.41,7.01,268.41,120.59,NONE,WARNING,MEDIUM,0
COST-001494,FAC-001,Infosys Smart Campus,BLD-003,Building C,2026-08-24 21:00:00,11,260.77,110.9,49.18,74.38,2216.52,4.09,404.1,176.63,277.98,3079.32,2916.01,163.31,5.6,163.31,279.94,NONE,WARNING,LOW,0
COST-001495,FAC-001,Infosys Smart Campus,BLD-003,Building C,2026-08-24 22:00:00,10,224.02,97.41,42.11,67.87,1904.19,3.73,413.8,183.24,255.58,2760.54,2916.01,-155.47,-5.33,0.0,276.05,NONE,NORMAL,NORMAL,0
COST-001496,FAC-001,Infosys Smart Campus,BLD-003,Building C,2026-08-24 23:00:00,8,202.37,81.36,33.7,64.02,1720.16,3.52,369.84,173.09,242.73,2509.34,2916.01,-406.67,-13.95,0.0,313.67,NONE,NORMAL,NORMAL,0
COST-001497,FAC-001,Infosys Smart Campus,BLD-003,Building C,2026-08-25 00:00:00,6,189.62,87.4,33.84,69.62,1611.74,3.83,465.53,191.17,254.36,2526.63,2550.25,-23.62,-0.93,0.0,421.11,NONE,NORMAL,NORMAL,0
COST-001498,FAC-001,Infosys Smart Campus,BLD-003,Building C,2026-08-25 01:00:00,7,185.76,83.61,34.03,72.57,1578.92,3.99,432.17,170.07,249.01,2434.17,2550.25,-116.08,-4.55,0.0,347.74,NONE,NORMAL,NORMAL,0
COST-001499,FAC-001,Infosys Smart Campus,BLD-003,Building C,2026-08-25 02:00:00,7,173.78,86.16,32.16,55.15,1477.11,3.03,504.48,188.97,236.3,2409.9,2550.25,-140.35,-5.5,0.0,344.27,NONE,NORMAL,NORMAL,0
COST-001500,FAC-001,Infosys Smart Campus,BLD-003,Building C,2026-08-25 03:00:00,7,208.76,96.13,37.13,63.1,1774.43,3.47,525.27,172.24,265.89,2741.3,2550.25,191.06,7.49,191.06,391.61,NONE,WARNING,LOW,0
COST-001501,FAC-001,Infosys Smart Campus,BLD-003,Building C,2026-08-25 04:00:00,7,183.54,89.54,24.41,59.29,1560.13,3.26,447.2,168.99,253.41,2433.0,2550.25,-117.25,-4.6,0.0,347.57,NONE,NORMAL,NORMAL,0
COST-001502,FAC-001,Infosys Smart Campus,BLD-003,Building C,2026-08-25 05:00:00,7,248.83,104.95,72.63,60.06,2115.02,3.3,375.92,191.48,236.62,2922.34,2550.25,372.09,14.59,464.7,417.48,EXCESS_LIGHTING,WARNING,MEDIUM,1
COST-001503,FAC-001,Infosys Smart Campus,BLD-003,Building C,2026-08-25 06:00:00,34,377.71,170.11,72.63,101.32,3210.56,5.57,539.71,186.64,257.5,4199.99,3649.19,550.8,15.09,550.8,123.53,NONE,HIGH,HIGH,0
COST-001504,FAC-001,Infosys Smart Campus,BLD-003,Building C,2026-08-25 07:00:00,37,294.83,118.21,47.06,109.16,2506.09,6.0,399.26,164.77,237.0,3313.12,3649.19,-336.07,-9.21,0.0,89.54,NONE,NORMAL,NORMAL,0
COST-001505,FAC-001,Infosys Smart Campus,BLD-003,Building C,2026-08-25 08:00:00,41,336.25,152.76,55.64,110.59,2858.11,6.08,481.4,176.12,230.23,3751.94,3649.19,102.75,2.82,102.75,91.51,NONE,NORMAL,LOW,0
COST-001506,FAC-001,Infosys Smart Campus,BLD-003,Building C,2026-08-25 09:00:00,70,473.75,231.35,78.6,191.2,4026.9,10.52,537.27,195.16,262.74,5032.58,5114.82,-82.24,-1.61,0.0,71.89,NONE,NORMAL,NORMAL,0
COST-001507,FAC-001,Infosys Smart Campus,BLD-003,Building C,2026-08-25 10:00:00,70,497.45,254.84,80.61,171.39,4228.36,9.43,462.47,182.21,247.34,5129.81,5114.82,14.99,0.29,14.99,73.28,NONE,NORMAL,LOW,0
COST-001508,FAC-001,Infosys Smart Campus,BLD-003,Building C,2026-08-25 11:00:00,76,514.54,228.47,94.29,180.5,4373.63,9.93,406.76,166.48,247.91,5204.71,5114.82,89.89,1.76,89.89,68.48,NONE,NORMAL,LOW,0
COST-001509,FAC-001,Infosys Smart Campus,BLD-003,Building C,2026-08-25 12:00:00,84,473.33,215.01,71.49,158.18,4023.3,8.7,431.04,183.29,276.82,4923.14,5114.82,-191.68,-3.75,0.0,58.61,NONE,NORMAL,NORMAL,0
COST-001510,FAC-001,Infosys Smart Campus,BLD-003,Building C,2026-08-25 13:00:00,86,440.81,202.94,81.03,194.95,3746.9,10.72,388.78,175.85,281.54,4603.79,5114.82,-511.03,-9.99,0.0,53.53,NONE,NORMAL,NORMAL,0
COST-001511,FAC-001,Infosys Smart Campus,BLD-003,Building C,2026-08-25 14:00:00,69,468.18,210.38,80.62,173.99,3979.55,9.57,399.69,163.52,264.59,4816.93,5114.82,-297.89,-5.82,0.0,69.81,NONE,NORMAL,NORMAL,0
COST-001512,FAC-001,Infosys Smart Campus,BLD-003,Building C,2026-08-25 15:00:00,85,445.28,215.26,80.99,176.99,3784.84,9.73,433.19,197.66,250.19,4675.62,5114.82,-439.2,-8.59,0.0,55.01,NONE,NORMAL,NORMAL,0
COST-001513,FAC-001,Infosys Smart Campus,BLD-003,Building C,2026-08-25 16:00:00,82,548.77,271.75,100.88,186.39,4664.54,10.25,476.78,170.55,252.09,5574.21,5114.82,459.39,8.98,459.39,67.98,NONE,WARNING,MEDIUM,0
COST-001514,FAC-001,Infosys Smart Campus,BLD-003,Building C,2026-08-25 17:00:00,35,361.41,152.27,48.28,112.1,3071.98,6.17,416.0,179.99,279.25,3953.38,3831.61,121.77,3.18,121.77,112.95,NONE,NORMAL,LOW,0
COST-001515,FAC-001,Infosys Smart Campus,BLD-003,Building C,2026-08-25 18:00:00,31,346.96,146.51,50.43,105.53,2949.18,5.8,407.14,164.43,234.37,3760.93,3831.61,-70.68,-1.84,0.0,121.32,NONE,NORMAL,NORMAL,0
COST-001516,FAC-001,Infosys Smart Campus,BLD-003,Building C,2026-08-25 19:00:00,28,343.46,173.13,65.06,104.8,2919.43,5.76,500.2,168.94,274.69,3869.03,3831.61,37.42,0.98,37.42,138.18,NONE,NORMAL,LOW,0
COST-001517,FAC-001,Infosys Smart Campus,BLD-003,Building C,2026-08-25 20:00:00,36,331.32,135.86,61.0,110.43,2816.26,6.07,437.29,185.24,294.91,3739.77,3831.61,-91.84,-2.4,0.0,103.88,NONE,NORMAL,NORMAL,0
COST-001518,FAC-001,Infosys Smart Campus,BLD-003,Building C,2026-08-25 21:00:00,8,256.9,114.59,41.88,70.79,2183.64,3.89,446.26,181.25,222.58,3037.62,2916.01,121.61,4.17,121.61,379.7,NONE,NORMAL,LOW,0
COST-001519,FAC-001,Infosys Smart Campus,BLD-003,Building C,2026-08-25 22:00:00,10,219.69,106.78,37.52,67.45,1867.38,3.71,461.2,193.33,281.52,2807.14,2916.01,-108.87,-3.73,0.0,280.71,NONE,NORMAL,NORMAL,0
COST-001520,FAC-001,Infosys Smart Campus,BLD-003,Building C,2026-08-25 23:00:00,9,264.24,110.14,46.76,67.34,2246.04,3.7,450.61,162.61,232.83,3095.79,2916.01,179.78,6.17,179.78,343.98,NONE,WARNING,LOW,0
COST-001521,FAC-001,Infosys Smart Campus,BLD-003,Building C,2026-08-26 00:00:00,6,189.36,78.02,33.79,64.02,1609.6,3.52,544.27,195.59,238.59,2591.57,2550.25,41.32,1.62,41.32,431.93,NONE,NORMAL,LOW,0
COST-001522,FAC-001,Infosys Smart Campus,BLD-003,Building C,2026-08-26 01:00:00,6,209.36,96.74,51.84,64.01,1779.59,3.52,442.22,186.12,257.65,2669.09,2550.25,118.85,4.66,184.95,444.85,EXCESS_LIGHTING,NORMAL,LOW,1
COST-001523,FAC-001,Infosys Smart Campus,BLD-003,Building C,2026-08-26 02:00:00,6,189.73,81.47,25.99,61.91,1612.67,3.41,432.94,170.14,270.88,2490.03,2550.25,-60.22,-2.36,0.0,415.0,NONE,NORMAL,NORMAL,0
COST-001524,FAC-001,Infosys Smart Campus,BLD-003,Building C,2026-08-26 03:00:00,6,162.77,76.69,26.76,58.63,1383.51,3.22,472.91,186.1,223.08,2268.83,2550.25,-281.42,-11.03,0.0,378.14,NONE,NORMAL,NORMAL,0
COST-001525,FAC-001,Infosys Smart Campus,BLD-003,Building C,2026-08-26 04:00:00,6,192.78,81.42,32.63,62.91,1638.62,3.46,396.78,189.56,279.05,2507.47,2550.25,-42.78,-1.68,0.0,417.91,NONE,NORMAL,NORMAL,0
COST-001526,FAC-001,Infosys Smart Campus,BLD-003,Building C,2026-08-26 05:00:00,6,201.28,96.71,38.77,61.07,1710.88,3.36,479.92,182.49,223.78,2600.43,2550.25,50.18,1.97,50.18,433.4,NONE,NORMAL,LOW,0
COST-001527,FAC-001,Infosys Smart Campus,BLD-003,Building C,2026-08-26 06:00:00,47,329.3,139.28,49.11,103.75,2799.05,5.71,432.87,171.6,297.82,3707.05,3649.19,57.86,1.59,57.86,78.87,NONE,NORMAL,LOW,0
COST-001528,FAC-001,Infosys Smart Campus,BLD-003,Building C,2026-08-26 07:00:00,46,314.01,126.64,46.84,110.26,2669.11,6.06,521.01,187.58,297.57,3681.34,3649.19,32.15,0.88,32.15,80.03,NONE,NORMAL,LOW,0
COST-001529,FAC-001,Infosys Smart Campus,BLD-003,Building C,2026-08-26 08:00:00,35,359.95,174.17,71.98,116.51,3059.57,6.41,390.6,187.37,287.36,3931.31,3649.19,282.12,7.73,282.12,112.32,NONE,WARNING,MEDIUM,0
COST-001530,FAC-001,Infosys Smart Campus,BLD-003,Building C,2026-08-26 09:00:00,91,564.35,242.5,97.09,174.61,4796.94,9.6,431.22,177.89,262.28,5677.93,5114.82,563.11,11.01,563.11,62.39,NONE,WARNING,HIGH,0
COST-001531,FAC-001,Infosys Smart Campus,BLD-003,Building C,2026-08-26 10:00:00,81,390.87,170.35,55.16,193.28,3322.42,10.63,389.66,188.97,244.8,4156.49,5114.82,-958.33,-18.74,0.0,51.31,NONE,NORMAL,NORMAL,0
COST-001532,FAC-001,Infosys Smart Campus,BLD-003,Building C,2026-08-26 11:00:00,88,495.12,217.46,74.4,174.52,4208.5,9.6,384.23,166.24,234.72,5003.27,5114.82,-111.55,-2.18,0.0,56.86,NONE,NORMAL,NORMAL,0
COST-001533,FAC-001,Infosys Smart Campus,BLD-003,Building C,2026-08-26 12:00:00,85,547.95,219.87,97.07,179.36,4657.56,9.86,471.57,197.25,226.73,5562.98,5114.82,448.16,8.76,448.16,65.45,NONE,WARNING,MEDIUM,0
COST-001534,FAC-001,Infosys Smart Campus,BLD-003,Building C,2026-08-26 13:00:00,61,461.06,198.18,72.16,162.69,3919.03,8.95,538.3,169.28,263.35,4898.91,5114.82,-215.91,-4.22,0.0,80.31,NONE,NORMAL,NORMAL,0
COST-001535,FAC-001,Infosys Smart Campus,BLD-003,Building C,2026-08-26 14:00:00,88,571.93,258.56,82.04,138.87,4861.43,7.64,510.71,166.82,227.9,5774.51,5114.82,659.69,12.9,659.69,65.62,NONE,WARNING,HIGH,0
COST-001536,FAC-001,Infosys Smart Campus,BLD-003,Building C,2026-08-26 15:00:00,82,497.18,250.05,66.66,186.38,4226.01,10.25,469.29,192.99,228.61,5127.15,5114.82,12.33,0.24,12.33,62.53,NONE,NORMAL,LOW,0
COST-001537,FAC-001,Infosys Smart Campus,BLD-003,Building C,2026-08-26 16:00:00,80,444.27,223.87,86.95,168.35,3776.3,9.26,534.56,168.73,269.33,4758.18,5114.82,-356.64,-6.97,0.0,59.48,NONE,NORMAL,NORMAL,0
COST-001538,FAC-001,Infosys Smart Campus,BLD-003,Building C,2026-08-26 17:00:00,30,342.25,141.15,55.46,108.84,2909.09,5.99,476.35,177.79,222.35,3791.58,3831.61,-40.03,-1.04,0.0,126.39,NONE,NORMAL,NORMAL,0
COST-001539,FAC-001,Infosys Smart Campus,BLD-003,Building C,2026-08-26 18:00:00,34,348.35,159.14,68.56,99.0,2960.94,5.44,417.8,190.77,242.18,3817.14,3831.61,-14.47,-0.38,0.0,112.27,NONE,NORMAL,NORMAL,0
COST-001540,FAC-001,Infosys Smart Campus,BLD-003,Building C,2026-08-26 19:00:00,32,344.46,145.91,63.05,97.75,2927.89,5.38,540.28,190.19,235.1,3898.83,3831.61,67.22,1.75,67.22,121.84,NONE,NORMAL,LOW,0
COST-001541,FAC-001,Infosys Smart Campus,BLD-003,Building C,2026-08-26 20:00:00,35,371.87,178.6,70.01,92.8,3160.92,5.1,424.66,168.57,269.09,4028.35,3831.61,196.74,5.13,196.74,115.1,NONE,WARNING,LOW,0
COST-001542,FAC-001,Infosys Smart Campus,BLD-003,Building C,2026-08-26 21:00:00,12,234.44,93.79,40.46,67.97,1992.76,3.74,508.63,175.51,258.91,2939.54,2916.01,23.53,0.81,23.53,244.96,NONE,NORMAL,LOW,0
COST-001543,FAC-001,Infosys Smart Campus,BLD-003,Building C,2026-08-26 22:00:00,11,218.78,96.86,43.2,67.86,1859.62,3.73,506.74,187.06,290.47,2847.62,2916.01,-68.39,-2.35,0.0,258.87,NONE,NORMAL,NORMAL,0
COST-001544,FAC-001,Infosys Smart Campus,BLD-003,Building C,2026-08-26 23:00:00,11,253.35,122.55,45.2,65.87,2153.43,3.62,514.78,194.41,238.05,3104.3,2916.01,188.28,6.46,188.28,282.21,NONE,WARNING,LOW,0
COST-001545,FAC-001,Infosys Smart Campus,BLD-003,Building C,2026-08-27 00:00:00,5,215.1,111.58,35.17,60.66,1828.38,3.34,383.66,183.73,293.64,2692.74,2550.25,142.49,5.59,142.49,538.55,NONE,WARNING,LOW,0
COST-001546,FAC-001,Infosys Smart Campus,BLD-003,Building C,2026-08-27 01:00:00,5,198.2,79.79,29.0,61.89,1684.67,3.4,477.91,190.18,279.2,2635.36,2550.25,85.12,3.34,85.12,527.07,NONE,NORMAL,LOW,0
COST-001547,FAC-001,Infosys Smart Campus,BLD-003,Building C,2026-08-27 02:00:00,6,173.14,82.64,24.55,63.54,1471.69,3.49,542.81,183.11,275.54,2476.63,2550.25,-73.62,-2.89,0.0,412.77,NONE,NORMAL,NORMAL,0
COST-001548,FAC-001,Infosys Smart Campus,BLD-003,Building C,2026-08-27 03:00:00,7,210.55,85.06,31.33,64.08,1789.69,3.52,383.76,187.41,251.71,2616.09,2550.25,65.84,2.58,65.84,373.73,NONE,NORMAL,LOW,0
COST-001549,FAC-001,Infosys Smart Campus,BLD-003,Building C,2026-08-27 04:00:00,7,219.36,89.73,33.99,66.59,1864.54,3.66,884.43,181.15,237.7,3171.49,2550.25,621.24,24.36,621.24,453.07,MAINTENANCE_RISK,HIGH,HIGH,1
COST-001550,FAC-001,Infosys Smart Campus,BLD-003,Building C,2026-08-27 05:00:00,5,196.77,91.29,32.16,75.49,1672.51,4.15,475.3,197.53,285.42,2634.9,2550.25,84.65,3.32,84.65,526.98,NONE,NORMAL,LOW,0
COST-001551,FAC-001,Infosys Smart Campus,BLD-003,Building C,2026-08-27 06:00:00,41,301.2,128.23,55.65,107.24,2560.2,5.9,421.36,192.14,271.24,3450.84,3649.19,-198.35,-5.44,0.0,84.17,NONE,NORMAL,NORMAL,0
COST-001552,FAC-001,Infosys Smart Campus,BLD-003,Building C,2026-08-27 07:00:00,33,290.94,148.71,42.26,91.84,2473.03,5.05,500.31,195.21,276.63,3450.22,3649.19,-198.97,-5.45,0.0,104.55,NONE,NORMAL,NORMAL,0
COST-001553,FAC-001,Infosys Smart Campus,BLD-003,Building C,2026-08-27 08:00:00,41,326.6,163.13,58.84,107.19,2776.08,5.9,466.11,173.5,232.27,3653.85,3649.19,4.66,0.13,4.66,89.12,NONE,NORMAL,LOW,0
COST-001554,FAC-001,Infosys Smart Campus,BLD-003,Building C,2026-08-27 09:00:00,82,433.7,185.61,68.49,180.05,3686.47,9.9,459.76,169.79,230.12,4556.04,5114.82,-558.78,-10.92,0.0,55.56,NONE,NORMAL,NORMAL,0
COST-001555,FAC-001,Infosys Smart Campus,BLD-003,Building C,2026-08-27 10:00:00,97,494.33,236.46,72.3,189.65,4201.78,10.43,467.93,174.82,230.69,5085.65,5114.82,-29.17,-0.57,0.0,52.43,NONE,NORMAL,NORMAL,0
COST-001556,FAC-001,Infosys Smart Campus,BLD-003,Building C,2026-08-27 11:00:00,83,497.16,200.1,68.23,165.37,4225.89,9.1,377.64,176.42,231.17,5020.21,5114.82,-94.61,-1.85,0.0,60.48,NONE,NORMAL,NORMAL,0
COST-001557,FAC-001,Infosys Smart Campus,BLD-003,Building C,2026-08-27 12:00:00,94,473.87,225.17,76.38,177.14,4027.88,9.74,383.75,185.9,292.14,4899.42,5114.82,-215.4,-4.21,0.0,52.12,NONE,NORMAL,NORMAL,0
COST-001558,FAC-001,Infosys Smart Campus,BLD-003,Building C,2026-08-27 13:00:00,78,474.76,240.06,63.94,173.32,4035.49,9.53,442.01,175.15,263.34,4925.52,5114.82,-189.3,-3.7,0.0,63.15,NONE,NORMAL,NORMAL,0
COST-001559,FAC-001,Infosys Smart Campus,BLD-003,Building C,2026-08-27 14:00:00,101,484.52,227.56,86.51,177.46,4118.42,9.76,371.67,169.25,298.51,4967.62,5114.82,-147.2,-2.88,0.0,49.18,NONE,NORMAL,NORMAL,0
COST-001560,FAC-001,Infosys Smart Campus,BLD-003,Building C,2026-08-27 15:00:00,84,590.0,247.78,113.64,170.22,5014.96,9.36,404.65,170.21,292.73,5891.91,5114.82,777.09,15.19,777.09,70.14,NONE,HIGH,HIGH,0
COST-001561,FAC-001,Infosys Smart Campus,BLD-003,Building C,2026-08-27 16:00:00,93,520.75,231.86,100.84,183.42,4426.35,10.09,437.27,184.0,291.97,5349.68,5114.82,234.86,4.59,234.86,57.52,NONE,NORMAL,MEDIUM,0
COST-001562,FAC-001,Infosys Smart Campus,BLD-003,Building C,2026-08-27 17:00:00,36,351.38,143.77,61.73,113.48,2986.75,6.24,403.64,193.76,247.77,3838.16,3831.61,6.55,0.17,6.55,106.62,NONE,NORMAL,LOW,0
COST-001563,FAC-001,Infosys Smart Campus,BLD-003,Building C,2026-08-27 18:00:00,39,319.2,146.41,43.49,95.47,2713.24,5.25,370.93,168.53,246.77,3504.72,3831.61,-326.89,-8.53,0.0,89.86,NONE,NORMAL,NORMAL,0
COST-001564,FAC-001,Infosys Smart Campus,BLD-003,Building C,2026-08-27 19:00:00,33,363.89,169.15,65.28,102.61,3093.04,5.64,508.5,184.34,256.86,4048.39,3831.61,216.78,5.66,216.78,122.68,NONE,WARNING,MEDIUM,0
COST-001565,FAC-001,Infosys Smart Campus,BLD-003,Building C,2026-08-27 20:00:00,31,321.14,152.39,51.33,99.76,2729.73,5.49,478.51,193.9,249.45,3657.07,3831.61,-174.54,-4.56,0.0,117.97,NONE,NORMAL,NORMAL,0
COST-001566,FAC-001,Infosys Smart Campus,BLD-003,Building C,2026-08-27 21:00:00,10,216.21,100.97,40.01,72.09,1837.75,3.96,389.03,174.83,270.89,2676.46,2916.01,-239.55,-8.21,0.0,267.65,NONE,NORMAL,NORMAL,0
COST-001567,FAC-001,Infosys Smart Campus,BLD-003,Building C,2026-08-27 22:00:00,8,240.52,119.72,36.15,66.7,2044.39,3.67,515.6,170.24,251.6,2985.51,2916.01,69.49,2.38,69.49,373.19,NONE,NORMAL,LOW,0
COST-001568,FAC-001,Infosys Smart Campus,BLD-003,Building C,2026-08-27 23:00:00,10,232.87,98.89,33.67,76.33,1979.41,4.2,470.62,195.12,298.36,2947.7,2916.01,31.69,1.09,31.69,294.77,NONE,NORMAL,LOW,0
COST-001569,FAC-001,Infosys Smart Campus,BLD-003,Building C,2026-08-28 00:00:00,7,178.85,84.35,29.37,57.79,1520.21,3.18,499.97,189.15,239.91,2452.41,2550.25,-97.84,-3.84,0.0,350.34,NONE,NORMAL,NORMAL,0
COST-001570,FAC-001,Infosys Smart Campus,BLD-003,Building C,2026-08-28 01:00:00,7,188.54,92.76,36.9,57.76,1602.62,3.18,512.66,178.93,244.03,2541.42,2550.25,-8.82,-0.35,0.0,363.06,NONE,NORMAL,NORMAL,0
COST-001571,FAC-001,Infosys Smart Campus,BLD-003,Building C,2026-08-28 02:00:00,7,202.28,85.84,30.62,56.65,1719.4,3.12,478.88,166.36,235.35,2603.11,2550.25,52.86,2.07,52.86,371.87,NONE,NORMAL,LOW,0
COST-001572,FAC-001,Infosys Smart Campus,BLD-003,Building C,2026-08-28 03:00:00,6,189.73,96.27,30.56,64.38,1612.69,3.54,546.95,165.6,258.62,2587.4,2550.25,37.15,1.46,37.15,431.23,NONE,NORMAL,LOW,0
COST-001573,FAC-001,Infosys Smart Campus,BLD-003,Building C,2026-08-28 04:00:00,6,184.74,79.49,35.8,72.07,1570.31,3.96,551.39,180.14,256.55,2562.35,2550.25,12.1,0.47,12.1,427.06,NONE,NORMAL,LOW,0
COST-001574,FAC-001,Infosys Smart Campus,BLD-003,Building C,2026-08-28 05:00:00,5,184.79,82.35,24.07,64.42,1570.69,3.54,448.22,166.57,244.12,2433.14,2550.25,-117.11,-4.59,0.0,486.63,NONE,NORMAL,NORMAL,0
COST-001575,FAC-001,Infosys Smart Campus,BLD-003,Building C,2026-08-28 06:00:00,45,341.47,155.53,63.61,108.41,2902.5,5.96,393.72,185.0,258.2,3745.39,3649.19,96.2,2.64,96.2,83.23,NONE,NORMAL,LOW,0
COST-001576,FAC-001,Infosys Smart Campus,BLD-003,Building C,2026-08-28 07:00:00,35,341.52,177.48,67.84,124.27,2902.92,6.83,453.72,178.64,254.41,3796.52,3649.19,147.33,4.04,147.33,108.47,NONE,NORMAL,LOW,0
COST-001577,FAC-001,Infosys Smart Campus,BLD-003,Building C,2026-08-28 08:00:00,31,327.99,167.67,53.89,107.24,2787.89,5.9,431.86,184.49,259.87,3670.01,3649.19,20.82,0.57,20.82,118.39,NONE,NORMAL,LOW,0
COST-001578,FAC-001,Infosys Smart Campus,BLD-003,Building C,2026-08-28 09:00:00,95,524.68,216.97,86.09,169.77,4459.79,9.34,528.72,171.12,270.41,5439.38,5114.82,324.56,6.35,324.56,57.26,NONE,WARNING,MEDIUM,0
COST-001579,FAC-001,Infosys Smart Campus,BLD-003,Building C,2026-08-28 10:00:00,82,454.36,230.78,64.35,158.73,3862.09,8.73,469.51,182.78,268.0,4791.1,5114.82,-323.72,-6.33,0.0,58.43,NONE,NORMAL,NORMAL,0
COST-001580,FAC-001,Infosys Smart Campus,BLD-003,Building C,2026-08-28 11:00:00,90,447.88,200.73,59.4,185.51,3807.02,10.2,524.3,169.17,236.71,4747.41,5114.82,-367.41,-7.18,0.0,52.75,NONE,NORMAL,NORMAL,0
COST-001581,FAC-001,Infosys Smart Campus,BLD-003,Building C,2026-08-28 12:00:00,80,534.06,244.51,80.34,195.89,4539.5,10.77,531.04,180.61,232.25,5494.18,5114.82,379.36,7.42,379.36,68.68,NONE,WARNING,MEDIUM,0
COST-001582,FAC-001,Infosys Smart Campus,BLD-003,Building C,2026-08-28 13:00:00,90,470.65,241.11,74.1,205.05,4000.55,11.28,489.86,180.97,250.21,4932.87,5114.82,-181.95,-3.56,0.0,54.81,NONE,NORMAL,NORMAL,0
COST-001583,FAC-001,Infosys Smart Campus,BLD-003,Building C,2026-08-28 14:00:00,90,480.17,192.26,69.19,157.9,4081.41,8.68,455.38,183.51,233.51,4962.49,5114.82,-152.33,-2.98,0.0,55.14,NONE,NORMAL,NORMAL,0
COST-001584,FAC-001,Infosys Smart Campus,BLD-003,Building C,2026-08-28 15:00:00,87,522.87,243.63,96.68,153.04,4444.38,8.42,490.37,172.48,266.77,5382.41,5114.82,267.59,5.23,267.59,61.87,NONE,WARNING,MEDIUM,0
COST-001585,FAC-001,Infosys Smart Campus,BLD-003,Building C,2026-08-28 16:00:00,76,503.62,234.6,65.89,200.83,4280.74,11.05,543.07,178.52,294.2,5307.57,5114.82,192.75,3.77,192.75,69.84,NONE,NORMAL,LOW,0
COST-001586,FAC-001,Infosys Smart Campus,BLD-003,Building C,2026-08-28 17:00:00,11,436.74,175.13,49.98,94.02,3712.31,5.17,369.66,193.76,222.54,4503.44,3831.61,671.83,17.53,1117.31,409.4,LOW_OCCUPANCY_HIGH_ENERGY,HIGH,CRITICAL,1
COST-001587,FAC-001,Infosys Smart Campus,BLD-003,Building C,2026-08-28 18:00:00,31,375.07,183.25,59.31,101.76,3188.07,5.6,442.27,169.82,280.21,4085.97,3831.61,254.36,6.64,254.36,131.81,NONE,WARNING,MEDIUM,0
COST-001588,FAC-001,Infosys Smart Campus,BLD-003,Building C,2026-08-28 19:00:00,31,346.87,153.86,51.33,82.75,2948.37,4.55,432.37,177.41,252.49,3815.19,3831.61,-16.42,-0.43,0.0,123.07,NONE,NORMAL,NORMAL,0
COST-001589,FAC-001,Infosys Smart Campus,BLD-003,Building C,2026-08-28 20:00:00,35,349.54,167.79,56.98,107.04,2971.13,5.89,387.28,163.37,256.63,3784.29,3831.61,-47.32,-1.23,0.0,108.12,NONE,NORMAL,NORMAL,0
COST-001590,FAC-001,Infosys Smart Campus,BLD-003,Building C,2026-08-28 21:00:00,11,227.69,101.57,44.1,73.48,1935.37,4.04,492.5,171.6,230.13,2833.65,2916.01,-82.37,-2.82,0.0,257.6,NONE,NORMAL,NORMAL,0
COST-001591,FAC-001,Infosys Smart Campus,BLD-003,Building C,2026-08-28 22:00:00,10,206.89,84.34,28.87,70.95,1758.55,3.9,471.38,171.02,249.95,2654.8,2916.01,-261.21,-8.96,0.0,265.48,NONE,NORMAL,NORMAL,0
COST-001592,FAC-001,Infosys Smart Campus,BLD-003,Building C,2026-08-28 23:00:00,9,233.52,118.56,46.37,66.95,1984.93,3.68,539.03,185.14,223.59,2936.37,2916.01,20.36,0.7,20.36,326.26,NONE,NORMAL,LOW,0
COST-001593,FAC-001,Infosys Smart Campus,BLD-003,Building C,2026-08-29 00:00:00,6,204.73,91.52,35.87,55.56,1740.22,3.06,432.72,196.54,283.29,2655.82,2550.25,105.57,4.14,105.57,442.64,NONE,NORMAL,LOW,0
COST-001594,FAC-001,Infosys Smart Campus,BLD-003,Building C,2026-08-29 01:00:00,6,174.51,86.79,24.61,62.61,1483.33,3.44,437.24,193.69,231.28,2348.99,2550.25,-201.26,-7.89,0.0,391.5,NONE,NORMAL,NORMAL,0
COST-001595,FAC-001,Infosys Smart Campus,BLD-003,Building C,2026-08-29 02:00:00,6,179.16,77.61,30.42,52.59,1522.88,2.89,395.67,191.56,290.1,2403.09,2550.25,-147.16,-5.77,0.0,400.52,NONE,NORMAL,NORMAL,0
COST-001596,FAC-001,Infosys Smart Campus,BLD-003,Building C,2026-08-29 03:00:00,5,187.83,76.34,32.42,62.14,1596.59,3.42,438.5,186.47,276.61,2501.58,2550.25,-48.67,-1.91,0.0,500.32,NONE,NORMAL,NORMAL,0
COST-001597,FAC-001,Infosys Smart Campus,BLD-003,Building C,2026-08-29 04:00:00,7,198.76,93.21,27.0,58.82,1689.48,3.23,417.29,164.63,278.0,2552.63,2550.25,2.38,0.09,2.38,364.66,NONE,NORMAL,LOW,0
COST-001598,FAC-001,Infosys Smart Campus,BLD-003,Building C,2026-08-29 05:00:00,6,187.62,77.92,34.93,54.29,1594.8,2.99,536.21,179.84,294.43,2608.27,2550.25,58.02,2.28,58.02,434.71,NONE,NORMAL,LOW,0
COST-001599,FAC-001,Infosys Smart Campus,BLD-003,Building C,2026-08-29 06:00:00,38,343.52,175.91,52.43,104.17,2919.92,5.73,503.01,189.85,232.69,3851.19,3649.19,202.0,5.54,202.0,101.35,NONE,WARNING,MEDIUM,0
COST-001600,FAC-001,Infosys Smart Campus,BLD-003,Building C,2026-08-29 07:00:00,37,293.6,140.77,41.41,106.09,2495.64,5.83,412.22,172.49,287.37,3373.55,3649.19,-275.64,-7.55,0.0,91.18,NONE,NORMAL,NORMAL,0
COST-001601,FAC-001,Infosys Smart Campus,BLD-003,Building C,2026-08-29 08:00:00,36,321.66,147.76,43.72,108.36,2734.14,5.96,473.78,164.77,283.39,3662.04,3649.19,12.85,0.35,12.85,101.72,NONE,NORMAL,LOW,0
COST-001602,FAC-001,Infosys Smart Campus,BLD-003,Building C,2026-08-29 09:00:00,86,450.02,181.9,79.02,157.75,3825.13,8.68,454.49,194.67,234.09,4717.06,5114.82,-397.76,-7.78,0.0,54.85,NONE,NORMAL,NORMAL,0
COST-001603,FAC-001,Infosys Smart Campus,BLD-003,Building C,2026-08-29 10:00:00,68,495.55,208.95,90.44,182.91,4212.2,10.06,464.19,195.62,223.91,5105.98,5114.82,-8.84,-0.17,0.0,75.09,NONE,NORMAL,NORMAL,0
COST-001604,FAC-001,Infosys Smart Campus,BLD-003,Building C,2026-08-29 11:00:00,76,535.11,251.8,79.94,174.01,4548.45,9.57,495.31,194.07,224.2,5471.6,5114.82,356.78,6.98,356.78,71.99,NONE,WARNING,MEDIUM,0
COST-001605,FAC-001,Infosys Smart Campus,BLD-003,Building C,2026-08-29 12:00:00,83,476.68,203.99,70.81,165.0,4051.77,9.08,542.19,167.19,236.94,5007.18,5114.82,-107.64,-2.1,0.0,60.33,NONE,NORMAL,NORMAL,0
COST-001606,FAC-001,Infosys Smart Campus,BLD-003,Building C,2026-08-29 13:00:00,79,520.85,214.89,98.2,183.35,4427.21,10.08,418.17,182.73,285.13,5323.32,5114.82,208.5,4.08,208.5,67.38,NONE,NORMAL,MEDIUM,0
COST-001607,FAC-001,Infosys Smart Campus,BLD-003,Building C,2026-08-29 14:00:00,87,502.77,257.11,73.74,170.36,4273.56,9.37,398.16,193.01,246.69,5120.8,5114.82,5.98,0.12,5.98,58.86,NONE,NORMAL,LOW,0
COST-001608,FAC-001,Infosys Smart Campus,BLD-003,Building C,2026-08-29 15:00:00,84,588.34,318.7,92.41,172.43,5000.86,9.48,549.5,175.68,265.15,6000.68,5114.82,885.86,17.32,1156.75,71.44,HIGH_HVAC_USAGE,HIGH,CRITICAL,1
COST-001609,FAC-001,Infosys Smart Campus,BLD-003,Building C,2026-08-29 16:00:00,93,524.64,253.17,80.58,169.36,4459.47,9.31,394.78,162.88,293.99,5320.44,5114.82,205.62,4.02,205.62,57.21,NONE,NORMAL,MEDIUM,0
COST-001610,FAC-001,Infosys Smart Campus,BLD-003,Building C,2026-08-29 17:00:00,31,338.13,146.66,48.79,100.2,2874.12,5.51,385.15,169.62,227.3,3661.71,3831.61,-169.9,-4.43,0.0,118.12,NONE,NORMAL,NORMAL,0
COST-001611,FAC-001,Infosys Smart Campus,BLD-003,Building C,2026-08-29 18:00:00,32,384.28,162.48,55.91,114.37,3266.37,6.29,427.03,183.6,239.54,4122.84,3831.61,291.23,7.6,291.23,128.84,NONE,WARNING,MEDIUM,0
COST-001612,FAC-001,Infosys Smart Campus,BLD-003,Building C,2026-08-29 19:00:00,32,300.55,121.46,47.54,112.99,2554.69,6.21,423.77,173.62,226.14,3384.43,3831.61,-447.18,-11.67,0.0,105.76,NONE,NORMAL,NORMAL,0
COST-001613,FAC-001,Infosys Smart Campus,BLD-003,Building C,2026-08-29 20:00:00,37,352.35,155.86,51.73,87.46,2995.0,4.81,501.87,180.78,261.61,3944.08,3831.61,112.47,2.94,112.47,106.6,NONE,NORMAL,LOW,0
COST-001614,FAC-001,Infosys Smart Campus,BLD-003,Building C,2026-08-29 21:00:00,10,236.88,118.14,46.49,64.04,2013.46,3.52,486.24,182.46,290.44,2976.13,2916.01,60.11,2.06,60.11,297.61,NONE,NORMAL,LOW,0
COST-001615,FAC-001,Infosys Smart Campus,BLD-003,Building C,2026-08-29 22:00:00,10,265.62,113.09,38.15,73.1,2257.8,4.02,494.09,172.5,256.67,3185.07,2916.01,269.06,9.23,269.06,318.51,NONE,WARNING,MEDIUM,0
COST-001616,FAC-001,Infosys Smart Campus,BLD-003,Building C,2026-08-29 23:00:00,9,248.5,106.21,72.91,65.76,2112.24,3.62,390.01,177.88,284.1,2967.85,2916.01,51.84,1.78,144.8,329.76,EXCESS_LIGHTING,NORMAL,LOW,1
COST-001617,FAC-001,Infosys Smart Campus,BLD-003,Building C,2026-08-30 00:00:00,8,194.18,95.05,28.69,63.03,1650.51,3.47,529.53,177.04,279.52,2640.07,2550.25,89.82,3.52,89.82,330.01,NONE,NORMAL,LOW,0
COST-001618,FAC-001,Infosys Smart Campus,BLD-003,Building C,2026-08-30 01:00:00,7,164.17,81.62,28.06,68.08,1395.42,3.74,389.85,194.24,223.77,2207.02,2550.25,-343.23,-13.46,0.0,315.29,NONE,NORMAL,NORMAL,0
COST-001619,FAC-001,Infosys Smart Campus,BLD-003,Building C,2026-08-30 02:00:00,6,206.15,98.27,40.11,64.73,1752.26,3.56,509.6,180.92,269.73,2716.07,2550.25,165.82,6.5,165.82,452.68,NONE,WARNING,LOW,0
COST-001620,FAC-001,Infosys Smart Campus,BLD-003,Building C,2026-08-30 03:00:00,6,202.07,99.3,31.28,66.03,1717.57,3.63,449.9,162.88,249.28,2583.26,2550.25,33.01,1.29,33.01,430.54,NONE,NORMAL,LOW,0
COST-001621,FAC-001,Infosys Smart Campus,BLD-003,Building C,2026-08-30 04:00:00,6,192.61,92.96,26.04,63.11,1637.16,3.47,547.87,193.52,289.32,2671.35,2550.25,121.1,4.75,121.1,445.22,NONE,NORMAL,LOW,0
COST-001622,FAC-001,Infosys Smart Campus,BLD-003,Building C,2026-08-30 05:00:00,6,185.99,76.1,34.31,59.72,1580.95,3.28,472.48,170.92,239.99,2467.62,2550.25,-82.62,-3.24,0.0,411.27,NONE,NORMAL,NORMAL,0
COST-001623,FAC-001,Infosys Smart Campus,BLD-003,Building C,2026-08-30 06:00:00,39,349.44,176.3,61.22,107.4,2970.28,5.91,497.14,176.15,289.62,3939.08,3649.19,289.89,7.94,289.89,101.0,NONE,WARNING,MEDIUM,0
COST-001624,FAC-001,Infosys Smart Campus,BLD-003,Building C,2026-08-30 07:00:00,38,322.38,144.06,52.56,111.5,2740.24,6.13,488.88,163.61,263.29,3662.16,3649.19,12.97,0.36,12.97,96.37,NONE,NORMAL,LOW,0
COST-001625,FAC-001,Infosys Smart Campus,BLD-003,Building C,2026-08-30 08:00:00,36,276.71,137.21,36.87,105.12,2352.05,5.78,432.04,197.93,285.38,3273.19,3649.19,-376.0,-10.3,0.0,90.92,NONE,NORMAL,NORMAL,0
COST-001626,FAC-001,Infosys Smart Campus,BLD-003,Building C,2026-08-30 09:00:00,75,450.16,192.71,84.68,160.02,3826.35,8.8,413.24,175.57,260.52,4684.49,5114.82,-430.33,-8.41,0.0,62.46,NONE,NORMAL,NORMAL,0
COST-001627,FAC-001,Infosys Smart Campus,BLD-003,Building C,2026-08-30 10:00:00,93,496.99,221.49,96.22,196.34,4224.46,10.8,537.32,164.05,237.04,5173.67,5114.82,58.85,1.15,58.85,55.63,NONE,NORMAL,LOW,0
COST-001628,FAC-001,Infosys Smart Campus,BLD-003,Building C,2026-08-30 11:00:00,81,403.26,192.32,79.09,161.62,3427.71,8.89,453.1,168.93,290.74,4349.37,5114.82,-765.45,-14.97,0.0,53.7,NONE,NORMAL,NORMAL,0
COST-001629,FAC-001,Infosys Smart Campus,BLD-003,Building C,2026-08-30 12:00:00,84,513.11,211.65,94.91,160.04,4361.45,8.8,549.93,182.08,265.13,5367.39,5114.82,252.57,4.94,252.57,63.9,NONE,NORMAL,MEDIUM,0
COST-001630,FAC-001,Infosys Smart Campus,BLD-003,Building C,2026-08-30 13:00:00,96,518.7,234.84,78.4,150.68,4408.94,8.29,416.3,169.12,263.28,5265.93,5114.82,151.11,2.95,151.11,54.85,NONE,NORMAL,LOW,0
COST-001631,FAC-001,Infosys Smart Campus,BLD-003,Building C,2026-08-30 14:00:00,98,546.6,244.1,87.18,172.75,4646.13,9.5,450.84,185.38,224.93,5516.79,5114.82,401.97,7.86,401.97,56.29,NONE,WARNING,MEDIUM,0
COST-001632,FAC-001,Infosys Smart Campus,BLD-003,Building C,2026-08-30 15:00:00,95,527.19,270.5,105.34,179.74,4481.14,9.89,475.93,178.23,264.98,5410.16,5114.82,295.34,5.77,295.34,56.95,NONE,WARNING,MEDIUM,0
COST-001633,FAC-001,Infosys Smart Campus,BLD-003,Building C,2026-08-30 16:00:00,86,489.29,249.12,79.01,164.15,4158.98,9.03,427.3,194.74,273.34,5063.4,5114.82,-51.42,-1.01,0.0,58.88,NONE,NORMAL,NORMAL,0
COST-001634,FAC-001,Infosys Smart Campus,BLD-003,Building C,2026-08-30 17:00:00,32,363.55,147.42,70.98,118.25,3090.2,6.5,553.3,181.34,276.39,4107.74,3831.61,276.13,7.21,276.13,128.37,NONE,WARNING,MEDIUM,0
COST-001635,FAC-001,Infosys Smart Campus,BLD-003,Building C,2026-08-30 18:00:00,34,331.19,162.86,61.1,96.05,2815.08,5.28,553.51,164.72,294.04,3832.64,3831.61,1.03,0.03,1.03,112.72,NONE,NORMAL,LOW,0
COST-001636,FAC-001,Infosys Smart Campus,BLD-003,Building C,2026-08-30 19:00:00,36,368.28,162.25,72.82,92.85,3130.39,5.11,461.58,177.41,246.43,4020.92,3831.61,189.31,4.94,189.31,111.69,NONE,NORMAL,LOW,0
COST-001637,FAC-001,Infosys Smart Campus,BLD-003,Building C,2026-08-30 20:00:00,30,352.51,171.32,70.02,105.02,2996.3,5.78,429.64,180.61,224.57,3836.89,3831.61,5.28,0.14,5.28,127.9,NONE,NORMAL,LOW,0
COST-001638,FAC-001,Infosys Smart Campus,BLD-003,Building C,2026-08-30 21:00:00,10,230.95,93.44,41.66,70.1,1963.09,3.86,501.64,181.98,229.49,2880.06,2916.01,-35.95,-1.23,0.0,288.01,NONE,NORMAL,NORMAL,0
COST-001639,FAC-001,Infosys Smart Campus,BLD-003,Building C,2026-08-30 22:00:00,10,248.81,121.45,41.07,59.71,2114.85,3.28,469.87,177.85,251.43,3017.28,2916.01,101.27,3.47,101.27,301.73,NONE,NORMAL,LOW,0
COST-001640,FAC-001,Infosys Smart Campus,BLD-003,Building C,2026-08-30 23:00:00,11,256.52,104.02,39.43,74.39,2180.39,4.09,387.51,170.49,225.03,2967.51,2916.01,51.5,1.77,51.5,269.77,NONE,NORMAL,LOW,0
COST-001641,FAC-001,Infosys Smart Campus,BLD-003,Building C,2026-08-31 00:00:00,6,216.66,107.12,42.17,57.31,1841.62,3.15,546.23,182.89,274.2,2848.09,2550.25,297.84,11.68,297.84,474.68,NONE,WARNING,MEDIUM,0
COST-001642,FAC-001,Infosys Smart Campus,BLD-003,Building C,2026-08-31 01:00:00,7,178.27,87.02,34.75,55.75,1515.31,3.07,515.56,168.18,237.53,2439.65,2550.25,-110.6,-4.34,0.0,348.52,NONE,NORMAL,NORMAL,0
COST-001643,FAC-001,Infosys Smart Campus,BLD-003,Building C,2026-08-31 02:00:00,5,195.25,92.98,29.37,66.6,1659.64,3.66,403.01,185.28,298.44,2550.04,2550.25,-0.21,-0.01,0.0,510.01,NONE,NORMAL,NORMAL,0
COST-001644,FAC-001,Infosys Smart Campus,BLD-003,Building C,2026-08-31 03:00:00,7,188.23,75.68,28.69,64.12,1599.93,3.53,519.85,192.41,241.17,2556.89,2550.25,6.64,0.26,6.64,365.27,NONE,NORMAL,LOW,0
COST-001645,FAC-001,Infosys Smart Campus,BLD-003,Building C,2026-08-31 04:00:00,6,183.39,93.34,30.29,58.67,1558.79,3.23,440.91,174.23,270.49,2447.64,2550.25,-102.61,-4.02,0.0,407.94,NONE,NORMAL,NORMAL,0
COST-001646,FAC-001,Infosys Smart Campus,BLD-003,Building C,2026-08-31 05:00:00,8,171.39,71.63,26.7,67.26,1456.83,3.7,485.78,194.92,223.82,2365.06,2550.25,-185.19,-7.26,0.0,295.63,NONE,NORMAL,NORMAL,0
COST-001647,FAC-001,Infosys Smart Campus,BLD-003,Building C,2026-08-31 06:00:00,35,308.77,142.12,49.43,100.12,2624.51,5.51,532.94,194.78,295.79,3653.52,3649.19,4.33,0.12,4.33,104.39,NONE,NORMAL,LOW,0
COST-001648,FAC-001,Infosys Smart Campus,BLD-003,Building C,2026-08-31 07:00:00,41,384.97,140.43,47.17,109.41,3272.27,6.02,668.77,188.87,293.35,4429.29,3649.19,780.1,21.38,780.1,108.03,MAINTENANCE_RISK,HIGH,HIGH,1
COST-001649,FAC-001,Infosys Smart Campus,BLD-003,Building C,2026-08-31 08:00:00,39,416.7,235.63,50.08,88.87,3541.98,4.89,444.65,173.33,297.87,4462.72,3649.19,813.53,22.29,1013.81,114.43,HIGH_HVAC_USAGE,HIGH,CRITICAL,1
COST-001650,FAC-001,Infosys Smart Campus,BLD-003,Building C,2026-08-31 09:00:00,91,551.27,232.24,72.18,170.91,4685.76,9.4,492.61,180.24,290.46,5658.47,5114.82,543.65,10.63,543.65,62.18,NONE,WARNING,HIGH,0
COST-001651,FAC-001,Infosys Smart Campus,BLD-003,Building C,2026-08-31 10:00:00,69,472.66,241.02,74.9,167.36,4017.59,9.2,522.08,163.2,248.97,4961.04,5114.82,-153.78,-3.01,0.0,71.9,NONE,NORMAL,NORMAL,0
COST-001652,FAC-001,Infosys Smart Campus,BLD-003,Building C,2026-08-31 11:00:00,28,665.85,235.71,75.13,169.71,5659.75,9.33,445.98,177.13,227.89,6520.08,5114.82,1405.26,27.47,2084.43,232.86,LOW_OCCUPANCY_HIGH_ENERGY,HIGH,CRITICAL,1
COST-001653,FAC-001,Infosys Smart Campus,BLD-003,Building C,2026-08-31 12:00:00,81,480.8,220.11,80.32,182.97,4086.79,10.06,530.96,169.4,224.18,5021.39,5114.82,-93.43,-1.83,0.0,61.99,NONE,NORMAL,NORMAL,0
COST-001654,FAC-001,Infosys Smart Campus,BLD-003,Building C,2026-08-31 13:00:00,105,453.9,182.52,66.99,192.16,3858.19,10.57,483.59,168.21,253.22,4773.78,5114.82,-341.04,-6.67,0.0,45.46,NONE,NORMAL,NORMAL,0
COST-001655,FAC-001,Infosys Smart Campus,BLD-003,Building C,2026-08-31 14:00:00,60,451.95,233.6,60.19,175.47,3841.54,9.65,449.14,178.34,289.59,4768.25,5114.82,-346.57,-6.78,0.0,79.47,NONE,NORMAL,NORMAL,0
COST-001656,FAC-001,Infosys Smart Campus,BLD-003,Building C,2026-08-31 15:00:00,89,485.76,205.92,80.02,179.33,4128.93,9.86,429.17,185.47,276.24,5029.67,5114.82,-85.15,-1.66,0.0,56.51,NONE,NORMAL,NORMAL,0
COST-001657,FAC-001,Infosys Smart Campus,BLD-003,Building C,2026-08-31 16:00:00,87,544.95,244.3,107.73,194.58,4632.05,10.7,493.41,171.28,240.12,5547.56,5114.82,432.74,8.46,432.74,63.77,NONE,WARNING,MEDIUM,0
COST-001658,FAC-001,Infosys Smart Campus,BLD-003,Building C,2026-08-31 17:00:00,36,348.38,167.92,51.86,116.89,2961.21,6.43,451.64,183.49,243.69,3846.45,3831.61,14.84,0.39,14.84,106.85,NONE,NORMAL,LOW,0
COST-001659,FAC-001,Infosys Smart Campus,BLD-003,Building C,2026-08-31 18:00:00,36,358.93,154.77,54.21,112.38,3050.9,6.18,495.76,176.14,251.8,3980.79,3831.61,149.18,3.89,149.18,110.58,NONE,NORMAL,LOW,0
COST-001660,FAC-001,Infosys Smart Campus,BLD-003,Building C,2026-08-31 19:00:00,37,327.83,158.38,44.76,98.09,2786.59,5.39,522.37,192.87,291.72,3798.95,3831.61,-32.66,-0.85,0.0,102.67,NONE,NORMAL,NORMAL,0
COST-001661,FAC-001,Infosys Smart Campus,BLD-003,Building C,2026-08-31 20:00:00,37,336.92,141.16,44.31,95.35,2863.83,5.24,377.59,192.16,234.23,3673.05,3831.61,-158.56,-4.14,0.0,99.27,NONE,NORMAL,NORMAL,0
COST-001662,FAC-001,Infosys Smart Campus,BLD-003,Building C,2026-08-31 21:00:00,11,219.71,89.69,35.97,72.37,1867.58,3.98,504.4,170.55,247.71,2794.22,2916.01,-121.79,-4.18,0.0,254.02,NONE,NORMAL,NORMAL,0
COST-001663,FAC-001,Infosys Smart Campus,BLD-003,Building C,2026-08-31 22:00:00,8,245.35,109.27,45.9,64.03,2085.43,3.52,438.42,190.44,224.07,2941.88,2916.01,25.87,0.89,25.87,367.74,NONE,NORMAL,LOW,0
COST-001664,FAC-001,Infosys Smart Campus,BLD-003,Building C,2026-08-31 23:00:00,8,203.82,97.37,40.28,62.14,1732.47,3.42,551.97,172.88,223.41,2684.15,2916.01,-231.86,-7.95,0.0,335.52,NONE,NORMAL,NORMAL,0
COST-001665,FAC-001,Infosys Smart Campus,BLD-003,Building C,2026-09-01 00:00:00,6,178.09,78.0,24.36,53.98,1513.74,2.97,424.32,193.91,244.56,2379.51,2550.25,-170.74,-6.7,0.0,396.58,NONE,NORMAL,NORMAL,0
COST-001666,FAC-001,Infosys Smart Campus,BLD-003,Building C,2026-09-01 01:00:00,6,204.22,92.16,29.97,71.29,1735.88,3.92,479.02,174.63,237.76,2631.21,2550.25,80.96,3.17,80.96,438.53,NONE,NORMAL,LOW,0
COST-001667,FAC-001,Infosys Smart Campus,BLD-003,Building C,2026-09-01 02:00:00,8,180.3,82.73,34.45,57.77,1532.55,3.18,502.6,166.02,234.86,2439.2,2550.25,-111.05,-4.35,0.0,304.9,NONE,NORMAL,NORMAL,0
COST-001668,FAC-001,Infosys Smart Campus,BLD-003,Building C,2026-09-01 03:00:00,8,200.74,93.43,33.89,65.92,1706.29,3.63,450.75,186.49,229.46,2576.61,2550.25,26.36,1.03,26.36,322.08,NONE,NORMAL,LOW,0
COST-001669,FAC-001,Infosys Smart Campus,BLD-003,Building C,2026-09-01 04:00:00,5,207.54,87.02,32.93,69.65,1764.1,3.83,482.94,191.29,223.05,2665.21,2550.25,114.96,4.51,114.96,533.04,NONE,NORMAL,LOW,0
COST-001670,FAC-001,Infosys Smart Campus,BLD-003,Building C,2026-09-01 05:00:00,7,214.81,100.0,37.72,62.07,1825.92,3.41,552.9,163.97,259.3,2805.5,2550.25,255.25,10.01,255.25,400.79,NONE,WARNING,MEDIUM,0
COST-001671,FAC-001,Infosys Smart Campus,BLD-003,Building C,2026-09-01 06:00:00,34,314.31,162.07,61.69,118.29,2671.66,6.51,520.32,184.59,221.02,3604.09,3649.19,-45.1,-1.24,0.0,106.0,NONE,NORMAL,NORMAL,0
COST-001672,FAC-001,Infosys Smart Campus,BLD-003,Building C,2026-09-01 07:00:00,32,340.14,156.86,65.72,115.2,2891.21,6.34,466.42,183.89,298.73,3846.58,3649.19,197.39,5.41,197.39,120.21,NONE,WARNING,LOW,0
COST-001673,FAC-001,Infosys Smart Campus,BLD-003,Building C,2026-09-01 08:00:00,34,295.54,124.7,56.95,103.99,2512.05,5.72,504.68,192.62,224.76,3439.82,3649.19,-209.37,-5.74,0.0,101.17,NONE,NORMAL,NORMAL,0
COST-001674,FAC-001,Infosys Smart Campus,BLD-003,Building C,2026-09-01 09:00:00,87,560.99,260.95,99.11,174.67,4768.42,9.61,438.78,192.55,233.71,5643.07,5114.82,528.25,10.33,528.25,64.86,NONE,WARNING,HIGH,0
COST-001675,FAC-001,Infosys Smart Campus,BLD-003,Building C,2026-09-01 10:00:00,73,442.28,219.65,77.72,201.08,3759.36,11.06,402.91,184.57,271.03,4628.93,5114.82,-485.89,-9.5,0.0,63.41,NONE,NORMAL,NORMAL,0
COST-001676,FAC-001,Infosys Smart Campus,BLD-003,Building C,2026-09-01 11:00:00,78,477.5,232.4,84.94,193.32,4058.74,10.63,409.36,181.86,267.94,4928.52,5114.82,-186.3,-3.64,0.0,63.19,NONE,NORMAL,NORMAL,0
COST-001677,FAC-001,Infosys Smart Campus,BLD-003,Building C,2026-09-01 12:00:00,66,505.67,234.18,73.95,175.3,4298.16,9.64,403.22,173.66,224.84,5109.53,5114.82,-5.29,-0.1,0.0,77.42,NONE,NORMAL,NORMAL,0
COST-001678,FAC-001,Infosys Smart Campus,BLD-003,Building C,2026-09-01 13:00:00,80,498.15,247.97,79.51,182.15,4234.27,10.02,458.92,182.66,259.36,5145.23,5114.82,30.41,0.59,30.41,64.32,NONE,NORMAL,LOW,0
COST-001679,FAC-001,Infosys Smart Campus,BLD-003,Building C,2026-09-01 14:00:00,88,551.11,238.4,77.26,170.49,4684.4,9.38,442.71,180.53,285.5,5602.52,5114.82,487.7,9.53,487.7,63.66,NONE,WARNING,MEDIUM,0
COST-001680,FAC-001,Infosys Smart Campus,BLD-003,Building C,2026-09-01 15:00:00,106,486.95,242.85,85.41,165.5,4139.07,9.1,525.82,179.76,259.87,5113.62,5114.82,-1.2,-0.02,0.0,48.24,NONE,NORMAL,NORMAL,0
COST-001681,FAC-001,Infosys Smart Campus,BLD-003,Building C,2026-09-01 16:00:00,76,481.62,211.47,63.64,173.18,4093.76,9.52,530.63,180.41,265.09,5079.41,5114.82,-35.41,-0.69,0.0,66.83,NONE,NORMAL,NORMAL,0
COST-001682,FAC-001,Infosys Smart Campus,BLD-003,Building C,2026-09-01 17:00:00,33,314.2,131.63,54.65,107.35,2670.68,5.9,502.35,174.55,266.82,3620.3,3831.61,-211.31,-5.51,0.0,109.71,NONE,NORMAL,NORMAL,0
COST-001683,FAC-001,Infosys Smart Campus,BLD-003,Building C,2026-09-01 18:00:00,36,377.95,170.38,65.49,100.81,3212.58,5.54,541.55,184.55,227.55,4171.77,3831.61,340.16,8.88,340.16,115.88,NONE,WARNING,MEDIUM,0
COST-001684,FAC-001,Infosys Smart Campus,BLD-003,Building C,2026-09-01 19:00:00,33,335.87,144.17,50.65,106.59,2854.92,5.86,470.26,179.69,276.97,3787.7,3831.61,-43.91,-1.15,0.0,114.78,NONE,NORMAL,NORMAL,0
COST-001685,FAC-001,Infosys Smart Campus,BLD-003,Building C,2026-09-01 20:00:00,37,327.47,137.88,60.51,112.25,2783.53,6.17,492.86,164.87,287.42,3734.86,3831.61,-96.75,-2.53,0.0,100.94,NONE,NORMAL,NORMAL,0
COST-001686,FAC-001,Infosys Smart Campus,BLD-003,Building C,2026-09-01 21:00:00,11,262.64,107.46,51.07,71.17,2232.45,3.91,481.58,179.32,278.83,3176.1,2916.01,260.08,8.92,260.08,288.74,NONE,WARNING,MEDIUM,0
COST-001687,FAC-001,Infosys Smart Campus,BLD-003,Building C,2026-09-01 22:00:00,10,202.3,103.16,39.83,67.6,1719.57,3.72,424.61,177.89,245.51,2571.29,2916.01,-344.72,-11.82,0.0,257.13,NONE,NORMAL,NORMAL,0
COST-001688,FAC-001,Infosys Smart Campus,BLD-003,Building C,2026-09-01 23:00:00,10,260.03,127.8,47.19,60.29,2210.23,3.32,375.55,163.72,282.57,3035.39,2916.01,119.38,4.09,119.38,303.54,NONE,NORMAL,LOW,0
COST-001689,FAC-001,Infosys Smart Campus,BLD-003,Building C,2026-09-02 00:00:00,8,207.56,84.34,30.69,68.46,1764.3,3.77,462.08,181.64,285.98,2697.76,2550.25,147.51,5.78,147.51,337.22,NONE,WARNING,LOW,0
COST-001690,FAC-001,Infosys Smart Campus,BLD-003,Building C,2026-09-02 01:00:00,7,211.0,107.32,39.1,78.27,1793.49,4.3,409.93,180.88,286.71,2675.32,2550.25,125.07,4.9,125.07,382.19,NONE,NORMAL,LOW,0
COST-001691,FAC-001,Infosys Smart Campus,BLD-003,Building C,2026-09-02 02:00:00,6,190.12,80.22,35.47,57.36,1616.01,3.15,495.62,184.82,254.33,2553.92,2550.25,3.67,0.14,3.67,425.65,NONE,NORMAL,LOW,0
COST-001692,FAC-001,Infosys Smart Campus,BLD-003,Building C,2026-09-02 03:00:00,7,194.12,89.43,26.08,68.41,1650.0,3.76,402.33,181.02,283.68,2520.79,2550.25,-29.46,-1.16,0.0,360.11,NONE,NORMAL,NORMAL,0
COST-001693,FAC-001,Infosys Smart Campus,BLD-003,Building C,2026-09-02 04:00:00,6,173.34,74.34,31.75,69.3,1473.36,3.81,489.49,188.11,263.84,2418.61,2550.25,-131.63,-5.16,0.0,403.1,NONE,NORMAL,NORMAL,0
COST-001694,FAC-001,Infosys Smart Campus,BLD-003,Building C,2026-09-02 05:00:00,6,214.63,109.25,34.16,57.41,1824.36,3.16,441.38,177.67,226.74,2673.31,2550.25,123.07,4.83,123.07,445.55,NONE,NORMAL,LOW,0
COST-001695,FAC-001,Infosys Smart Campus,BLD-003,Building C,2026-09-02 06:00:00,22,297.35,139.94,46.21,116.05,2527.51,6.38,477.45,163.53,296.6,3471.48,3649.19,-177.71,-4.87,0.0,157.79,NONE,NORMAL,NORMAL,0
COST-001696,FAC-001,Infosys Smart Campus,BLD-003,Building C,2026-09-02 07:00:00,39,299.96,125.28,42.01,118.82,2549.68,6.54,378.02,194.48,263.18,3391.9,3649.19,-257.29,-7.05,0.0,86.97,NONE,NORMAL,NORMAL,0
COST-001697,FAC-001,Infosys Smart Campus,BLD-003,Building C,2026-09-02 08:00:00,41,334.56,165.6,64.16,107.46,2843.74,5.91,503.26,164.54,274.18,3791.64,3649.19,142.45,3.9,142.45,92.48,NONE,NORMAL,LOW,0
COST-001698,FAC-001,Infosys Smart Campus,BLD-003,Building C,2026-09-02 09:00:00,89,654.93,368.64,88.14,177.9,5566.87,9.78,463.35,187.53,252.98,6480.5,5114.82,1365.68,26.7,1679.02,72.81,HIGH_HVAC_USAGE,HIGH,CRITICAL,1
COST-001699,FAC-001,Infosys Smart Campus,BLD-003,Building C,2026-09-02 10:00:00,86,488.08,235.34,95.91,163.16,4148.65,8.97,512.51,164.44,291.81,5126.38,5114.82,11.56,0.23,11.56,59.61,NONE,NORMAL,LOW,0
COST-001700,FAC-001,Infosys Smart Campus,BLD-003,Building C,2026-09-02 11:00:00,83,513.21,252.92,98.01,169.88,4362.26,9.34,479.68,165.37,236.78,5253.44,5114.82,138.62,2.71,138.62,63.29,NONE,NORMAL,LOW,0
COST-001701,FAC-001,Infosys Smart Campus,BLD-003,Building C,2026-09-02 12:00:00,94,464.52,187.19,89.75,171.41,3948.44,9.43,511.71,167.09,290.01,4926.67,5114.82,-188.15,-3.68,0.0,52.41,NONE,NORMAL,NORMAL,0
COST-001702,FAC-001,Infosys Smart Campus,BLD-003,Building C,2026-09-02 13:00:00,79,517.04,224.83,83.66,174.61,4394.85,9.6,523.34,177.17,290.61,5395.57,5114.82,280.75,5.49,280.75,68.3,NONE,WARNING,MEDIUM,0
COST-001703,FAC-001,Infosys Smart Campus,BLD-003,Building C,2026-09-02 14:00:00,88,471.88,208.47,64.69,186.83,4011.0,10.28,442.19,193.91,260.75,4918.13,5114.82,-196.69,-3.85,0.0,55.89,NONE,NORMAL,NORMAL,0
COST-001704,FAC-001,Infosys Smart Campus,BLD-003,Building C,2026-09-02 15:00:00,82,468.61,202.55,79.51,175.39,3983.15,9.65,473.25,195.7,284.21,4945.96,5114.82,-168.86,-3.3,0.0,60.32,NONE,NORMAL,NORMAL,0
COST-001705,FAC-001,Infosys Smart Campus,BLD-003,Building C,2026-09-02 16:00:00,82,456.94,219.43,89.42,195.19,3884.0,10.74,422.01,185.56,289.0,4791.31,5114.82,-323.51,-6.33,0.0,58.43,NONE,NORMAL,NORMAL,0
COST-001706,FAC-001,Infosys Smart Campus,BLD-003,Building C,2026-09-02 17:00:00,35,342.6,169.79,64.96,103.41,2912.08,5.69,433.83,184.29,266.59,3802.48,3831.61,-29.13,-0.76,0.0,108.64,NONE,NORMAL,NORMAL,0
COST-001707,FAC-001,Infosys Smart Campus,BLD-003,Building C,2026-09-02 18:00:00,39,378.25,189.75,53.68,111.52,3215.17,6.13,550.36,171.47,257.63,4200.77,3831.61,369.16,9.63,369.16,107.71,NONE,WARNING,MEDIUM,0
COST-001708,FAC-001,Infosys Smart Campus,BLD-003,Building C,2026-09-02 19:00:00,27,402.95,141.64,119.96,112.33,3425.06,6.18,452.88,173.93,295.7,4353.74,3831.61,522.13,13.63,675.09,161.25,EXCESS_LIGHTING,WARNING,HIGH,1
COST-001709,FAC-001,Infosys Smart Campus,BLD-003,Building C,2026-09-02 20:00:00,35,368.6,154.64,66.86,97.61,3133.08,5.37,400.46,171.62,225.93,3936.46,3831.61,104.85,2.74,104.85,112.47,NONE,NORMAL,LOW,0
COST-001710,FAC-001,Infosys Smart Campus,BLD-003,Building C,2026-09-02 21:00:00,11,278.62,107.23,68.33,75.17,2368.28,4.13,437.74,169.0,255.9,3235.06,2916.01,319.05,10.94,406.17,294.1,EXCESS_LIGHTING,WARNING,MEDIUM,1
COST-001711,FAC-001,Infosys Smart Campus,BLD-003,Building C,2026-09-02 22:00:00,9,242.11,125.11,38.99,71.63,2057.98,3.94,480.61,196.66,269.9,3009.08,2916.01,93.07,3.19,93.07,334.34,NONE,NORMAL,LOW,0
COST-001712,FAC-001,Infosys Smart Campus,BLD-003,Building C,2026-09-02 23:00:00,11,242.75,117.92,40.47,69.96,2063.37,3.85,527.51,179.3,269.42,3043.45,2916.01,127.44,4.37,127.44,276.68,NONE,NORMAL,LOW,0
COST-001713,FAC-001,Infosys Smart Campus,BLD-003,Building C,2026-09-03 00:00:00,6,182.25,88.17,31.14,56.01,1549.12,3.08,499.08,170.07,269.49,2490.84,2550.25,-59.41,-2.33,0.0,415.14,NONE,NORMAL,NORMAL,0
COST-001714,FAC-001,Infosys Smart Campus,BLD-003,Building C,2026-09-03 01:00:00,6,199.03,81.06,27.38,64.0,1691.72,3.52,467.01,163.44,285.42,2611.1,2550.25,60.85,2.39,60.85,435.18,NONE,NORMAL,LOW,0
COST-001715,FAC-001,Infosys Smart Campus,BLD-003,Building C,2026-09-03 02:00:00,5,192.49,84.36,36.63,61.28,1636.14,3.37,485.1,191.19,246.82,2562.63,2550.25,12.38,0.49,12.38,512.53,NONE,NORMAL,LOW,0
COST-001716,FAC-001,Infosys Smart Campus,BLD-003,Building C,2026-09-03 03:00:00,6,186.9,88.65,27.52,60.82,1588.67,3.34,388.8,163.17,227.89,2371.88,2550.25,-178.37,-6.99,0.0,395.31,NONE,NORMAL,NORMAL,0
COST-001717,FAC-001,Infosys Smart Campus,BLD-003,Building C,2026-09-03 04:00:00,7,206.67,106.42,31.73,65.16,1756.7,3.58,478.82,174.51,221.46,2635.08,2550.25,84.83,3.33,84.83,376.44,NONE,NORMAL,LOW,0
COST-001718,FAC-001,Infosys Smart Campus,BLD-003,Building C,2026-09-03 05:00:00,5,194.57,90.05,36.48,62.46,1653.85,3.44,520.3,177.32,228.54,2583.44,2550.25,33.19,1.3,33.19,516.69,NONE,NORMAL,LOW,0
COST-001719,FAC-001,Infosys Smart Campus,BLD-003,Building C,2026-09-03 06:00:00,38,332.06,157.91,58.76,119.39,2822.52,6.57,441.15,185.65,280.06,3735.94,3649.19,86.75,2.38,86.75,98.31,NONE,NORMAL,LOW,0
COST-001720,FAC-001,Infosys Smart Campus,BLD-003,Building C,2026-09-03 07:00:00,35,309.8,127.96,53.33,99.0,2633.27,5.45,482.48,168.47,263.62,3553.29,3649.19,-95.9,-2.63,0.0,101.52,NONE,NORMAL,NORMAL,0
COST-001721,FAC-001,Infosys Smart Campus,BLD-003,Building C,2026-09-03 08:00:00,36,342.02,170.98,63.25,123.28,2907.17,6.78,488.06,175.69,235.4,3813.11,3649.19,163.92,4.49,163.92,105.92,NONE,NORMAL,LOW,0
COST-001722,FAC-001,Infosys Smart Campus,BLD-003,Building C,2026-09-03 09:00:00,87,468.94,226.71,66.91,183.12,3985.97,10.07,416.0,172.26,271.48,4855.78,5114.82,-259.04,-5.06,0.0,55.81,NONE,NORMAL,NORMAL,0
COST-001723,FAC-001,Infosys Smart Campus,BLD-003,Building C,2026-09-03 10:00:00,80,595.91,269.45,101.1,166.93,5065.2,9.18,450.37,162.87,293.11,5980.72,5114.82,865.9,16.93,865.9,74.76,NONE,HIGH,HIGH,0
COST-001724,FAC-001,Infosys Smart Campus,BLD-003,Building C,2026-09-03 11:00:00,85,495.52,255.4,72.66,171.41,4211.95,9.43,369.68,164.39,224.5,4979.95,5114.82,-134.87,-2.64,0.0,58.59,NONE,NORMAL,NORMAL,0
COST-001725,FAC-001,Infosys Smart Campus,BLD-003,Building C,2026-09-03 12:00:00,88,507.14,247.08,78.45,176.26,4310.68,9.69,450.41,164.37,294.7,5229.85,5114.82,115.03,2.25,115.03,59.43,NONE,NORMAL,LOW,0
COST-001726,FAC-001,Infosys Smart Campus,BLD-003,Building C,2026-09-03 13:00:00,96,691.18,408.81,96.19,184.31,5875.01,10.14,547.1,165.23,274.28,6871.75,5114.82,1756.93,34.35,2104.42,71.58,HIGH_HVAC_USAGE,CRITICAL,CRITICAL,1
COST-001727,FAC-001,Infosys Smart Campus,BLD-003,Building C,2026-09-03 14:00:00,77,520.79,229.19,69.01,177.9,4426.7,9.78,434.75,164.77,279.74,5315.73,5114.82,200.91,3.93,200.91,69.04,NONE,NORMAL,MEDIUM,0
COST-001728,FAC-001,Infosys Smart Campus,BLD-003,Building C,2026-09-03 15:00:00,87,509.41,248.42,95.77,177.29,4330.02,9.75,486.15,177.37,291.37,5294.65,5114.82,179.83,3.52,179.83,60.86,NONE,NORMAL,LOW,0
COST-001729,FAC-001,Infosys Smart Campus,BLD-003,Building C,2026-09-03 16:00:00,75,552.23,226.42,83.03,149.82,4693.96,8.24,467.06,168.11,283.43,5620.81,5114.82,505.99,9.89,505.99,74.94,NONE,WARNING,HIGH,0
COST-001730,FAC-001,Infosys Smart Campus,BLD-003,Building C,2026-09-03 17:00:00,35,408.78,170.74,62.43,97.35,3474.65,5.35,518.96,189.73,238.39,4427.08,3831.61,595.47,15.54,595.47,126.49,NONE,HIGH,HIGH,0
COST-001731,FAC-001,Infosys Smart Campus,BLD-003,Building C,2026-09-03 18:00:00,29,359.05,186.2,70.61,116.54,3051.95,6.41,502.84,187.19,295.77,4044.16,3831.61,212.55,5.55,212.55,139.45,NONE,WARNING,MEDIUM,0
COST-001732,FAC-001,Infosys Smart Campus,BLD-003,Building C,2026-09-03 19:00:00,35,385.17,193.32,68.13,111.87,3273.94,6.15,412.87,175.37,232.49,4100.83,3831.61,269.22,7.03,269.22,117.17,NONE,WARNING,MEDIUM,0
COST-001733,FAC-001,Infosys Smart Campus,BLD-003,Building C,2026-09-03 20:00:00,23,353.67,183.79,61.11,96.75,3006.16,5.32,483.27,187.09,243.97,3925.81,3831.61,94.2,2.46,94.2,170.69,NONE,NORMAL,LOW,0
COST-001734,FAC-001,Infosys Smart Campus,BLD-003,Building C,2026-09-03 21:00:00,11,271.36,127.73,52.66,72.58,2306.58,3.99,549.04,186.03,296.81,3342.45,2916.01,426.44,14.62,426.44,303.86,NONE,WARNING,MEDIUM,0
COST-001735,FAC-001,Infosys Smart Campus,BLD-003,Building C,2026-09-03 22:00:00,9,249.1,112.42,36.54,58.71,2117.36,3.23,523.44,197.11,271.08,3112.22,2916.01,196.21,6.73,196.21,345.8,NONE,WARNING,LOW,0
COST-001736,FAC-001,Infosys Smart Campus,BLD-003,Building C,2026-09-03 23:00:00,9,205.28,87.59,29.75,66.36,1744.88,3.65,552.88,162.03,236.38,2699.82,2916.01,-216.19,-7.41,0.0,299.98,NONE,NORMAL,NORMAL,0
COST-001737,FAC-001,Infosys Smart Campus,BLD-003,Building C,2026-09-04 00:00:00,7,181.84,80.43,29.46,62.1,1545.68,3.42,468.11,165.53,282.66,2465.39,2550.25,-84.86,-3.33,0.0,352.2,NONE,NORMAL,NORMAL,0
COST-001738,FAC-001,Infosys Smart Campus,BLD-003,Building C,2026-09-04 01:00:00,6,216.15,97.31,33.87,66.13,1837.26,3.64,466.41,180.52,257.51,2745.34,2550.25,195.09,7.65,195.09,457.56,NONE,WARNING,LOW,0
COST-001739,FAC-001,Infosys Smart Campus,BLD-003,Building C,2026-09-04 02:00:00,7,200.56,98.29,28.09,60.02,1704.73,3.3,440.16,166.77,288.24,2603.21,2550.25,52.96,2.08,52.96,371.89,NONE,NORMAL,LOW,0
COST-001740,FAC-001,Infosys Smart Campus,BLD-003,Building C,2026-09-04 03:00:00,6,172.23,69.53,28.87,69.87,1463.96,3.84,479.81,196.98,231.64,2376.24,2550.25,-174.01,-6.82,0.0,396.04,NONE,NORMAL,NORMAL,0
COST-001741,FAC-001,Infosys Smart Campus,BLD-003,Building C,2026-09-04 04:00:00,7,197.74,91.57,26.97,72.84,1680.8,4.01,510.27,189.75,272.75,2657.58,2550.25,107.33,4.21,107.33,379.65,NONE,NORMAL,LOW,0
COST-001742,FAC-001,Infosys Smart Campus,BLD-003,Building C,2026-09-04 05:00:00,7,187.31,92.37,36.85,56.71,1592.18,3.12,468.57,173.25,238.58,2475.69,2550.25,-74.55,-2.92,0.0,353.67,NONE,NORMAL,NORMAL,0
COST-001743,FAC-001,Infosys Smart Campus,BLD-003,Building C,2026-09-04 06:00:00,47,325.57,130.61,60.11,111.13,2767.37,6.11,431.48,182.36,282.03,3669.35,3649.19,20.16,0.55,20.16,78.07,NONE,NORMAL,LOW,0
COST-001744,FAC-001,Infosys Smart Campus,BLD-003,Building C,2026-09-04 07:00:00,33,336.01,165.07,52.83,114.38,2856.11,6.29,441.08,194.35,234.82,3732.66,3649.19,83.47,2.29,83.47,113.11,NONE,NORMAL,LOW,0
COST-001745,FAC-001,Infosys Smart Campus,BLD-003,Building C,2026-09-04 08:00:00,39,282.11,123.65,45.05,118.05,2397.95,6.49,436.58,170.92,252.88,3264.83,3649.19,-384.36,-10.53,0.0,83.71,NONE,NORMAL,NORMAL,0
COST-001746,FAC-001,Infosys Smart Campus,BLD-003,Building C,2026-09-04 09:00:00,84,552.58,229.06,80.41,175.49,4696.95,9.65,436.2,176.1,282.89,5601.81,5114.82,486.99,9.52,486.99,66.69,NONE,WARNING,MEDIUM,0
COST-001747,FAC-001,Infosys Smart Campus,BLD-003,Building C,2026-09-04 10:00:00,85,423.74,201.22,61.97,179.26,3601.75,9.86,519.25,170.77,289.89,4591.51,5114.82,-523.31,-10.23,0.0,54.02,NONE,NORMAL,NORMAL,0
COST-001748,FAC-001,Infosys Smart Campus,BLD-003,Building C,2026-09-04 11:00:00,99,565.63,285.65,105.9,189.99,4807.83,10.45,508.79,177.6,263.7,5768.37,5114.82,653.55,12.78,653.55,58.27,NONE,WARNING,HIGH,0
COST-001749,FAC-001,Infosys Smart Campus,BLD-003,Building C,2026-09-04 12:00:00,88,476.66,190.73,71.39,198.45,4051.59,10.91,463.1,180.34,277.57,4983.52,5114.82,-131.3,-2.57,0.0,56.63,NONE,NORMAL,NORMAL,0
COST-001750,FAC-001,Infosys Smart Campus,BLD-003,Building C,2026-09-04 13:00:00,98,580.07,294.52,91.71,173.56,4930.56,9.55,370.26,184.08,223.32,5717.77,5114.82,602.95,11.79,602.95,58.34,NONE,WARNING,HIGH,0
COST-001751,FAC-001,Infosys Smart Campus,BLD-003,Building C,2026-09-04 14:00:00,96,495.17,230.74,73.72,164.31,4208.9,9.04,482.38,168.12,291.6,5160.04,5114.82,45.22,0.88,45.22,53.75,NONE,NORMAL,LOW,0
COST-001752,FAC-001,Infosys Smart Campus,BLD-003,Building C,2026-09-04 15:00:00,92,525.91,260.37,77.82,189.18,4470.27,10.4,491.4,177.83,275.39,5425.3,5114.82,310.48,6.07,310.48,58.97,NONE,WARNING,MEDIUM,0
COST-001753,FAC-001,Infosys Smart Campus,BLD-003,Building C,2026-09-04 16:00:00,77,504.75,249.21,91.08,160.61,4290.4,8.83,442.26,172.08,238.77,5152.34,5114.82,37.52,0.73,37.52,66.91,NONE,NORMAL,LOW,0
COST-001754,FAC-001,Infosys Smart Campus,BLD-003,Building C,2026-09-04 17:00:00,35,356.56,166.82,51.99,111.4,3030.76,6.13,404.93,190.62,296.4,3928.84,3831.61,97.23,2.54,97.23,112.25,NONE,NORMAL,LOW,0
COST-001755,FAC-001,Infosys Smart Campus,BLD-003,Building C,2026-09-04 18:00:00,29,359.15,152.44,54.85,108.53,3052.76,5.97,458.3,196.76,239.89,3953.68,3831.61,122.07,3.19,122.07,136.33,NONE,NORMAL,LOW,0
COST-001756,FAC-001,Infosys Smart Campus,BLD-003,Building C,2026-09-04 19:00:00,32,366.79,156.44,60.55,108.7,3117.74,5.98,512.25,184.41,258.13,4078.5,3831.61,246.89,6.44,246.89,127.45,NONE,WARNING,MEDIUM,0
COST-001757,FAC-001,Infosys Smart Campus,BLD-003,Building C,2026-09-04 20:00:00,31,361.87,177.47,68.96,104.3,3075.92,5.74,551.04,175.67,270.81,4079.17,3831.61,247.56,6.46,247.56,131.59,NONE,WARNING,MEDIUM,0
COST-001758,FAC-001,Infosys Smart Campus,BLD-003,Building C,2026-09-04 21:00:00,10,253.41,103.36,46.49,72.9,2153.99,4.01,493.74,172.51,259.2,3083.44,2916.01,167.43,5.74,167.43,308.34,NONE,WARNING,LOW,0
COST-001759,FAC-001,Infosys Smart Campus,BLD-003,Building C,2026-09-04 22:00:00,10,220.09,94.48,33.99,65.79,1870.77,3.62,539.6,181.09,251.95,2847.03,2916.01,-68.98,-2.37,0.0,284.7,NONE,NORMAL,NORMAL,0
COST-001760,FAC-001,Infosys Smart Campus,BLD-003,Building C,2026-09-04 23:00:00,9,273.26,139.53,38.94,71.72,2322.69,3.94,549.93,175.36,222.76,3274.68,2916.01,358.67,12.3,358.67,363.85,NONE,WARNING,MEDIUM,0
COST-001761,FAC-001,Infosys Smart Campus,BLD-003,Building C,2026-09-05 00:00:00,6,194.72,79.79,31.88,72.16,1655.12,3.97,542.22,181.25,275.11,2657.66,2550.25,107.42,4.21,107.42,442.94,NONE,NORMAL,LOW,0
COST-001762,FAC-001,Infosys Smart Campus,BLD-003,Building C,2026-09-05 01:00:00,5,188.63,78.61,31.29,62.34,1603.31,3.43,447.8,197.37,233.22,2485.14,2550.25,-65.11,-2.55,0.0,497.03,NONE,NORMAL,NORMAL,0
COST-001763,FAC-001,Infosys Smart Campus,BLD-003,Building C,2026-09-05 02:00:00,6,194.77,85.35,32.51,62.9,1655.56,3.46,441.33,167.25,238.94,2506.54,2550.25,-43.71,-1.71,0.0,417.76,NONE,NORMAL,NORMAL,0
COST-001764,FAC-001,Infosys Smart Campus,BLD-003,Building C,2026-09-05 03:00:00,7,184.88,84.26,31.92,64.48,1571.44,3.55,373.13,197.48,249.64,2395.24,2550.25,-155.01,-6.08,0.0,342.18,NONE,NORMAL,NORMAL,0
COST-001765,FAC-001,Infosys Smart Campus,BLD-003,Building C,2026-09-05 04:00:00,6,208.38,95.23,32.76,67.76,1771.19,3.73,396.47,183.28,290.59,2645.27,2550.25,95.02,3.73,95.02,440.88,NONE,NORMAL,LOW,0
COST-001766,FAC-001,Infosys Smart Campus,BLD-003,Building C,2026-09-05 05:00:00,6,182.65,92.08,27.6,65.92,1552.5,3.63,466.83,192.62,293.67,2509.24,2550.25,-41.0,-1.61,0.0,418.21,NONE,NORMAL,NORMAL,0
COST-001767,FAC-001,Infosys Smart Campus,BLD-003,Building C,2026-09-05 06:00:00,38,283.32,129.64,48.82,114.45,2408.18,6.29,420.24,195.15,226.99,3256.85,3649.19,-392.34,-10.75,0.0,85.71,NONE,NORMAL,NORMAL,0
COST-001768,FAC-001,Infosys Smart Campus,BLD-003,Building C,2026-09-05 07:00:00,38,358.3,165.05,63.99,116.26,3045.52,6.39,527.17,167.04,252.26,3998.39,3649.19,349.2,9.57,349.2,105.22,NONE,WARNING,MEDIUM,0
COST-001769,FAC-001,Infosys Smart Campus,BLD-003,Building C,2026-09-05 08:00:00,38,304.68,146.36,59.68,110.49,2589.8,6.08,458.02,182.2,267.5,3503.59,3649.19,-145.6,-3.99,0.0,92.2,NONE,NORMAL,NORMAL,0
COST-001770,FAC-001,Infosys Smart Campus,BLD-003,Building C,2026-09-05 09:00:00,99,534.42,225.64,90.23,169.73,4542.54,9.34,536.65,193.82,260.68,5543.04,5114.82,428.22,8.37,428.22,55.99,NONE,WARNING,MEDIUM,0
COST-001771,FAC-001,Infosys Smart Campus,BLD-003,Building C,2026-09-05 10:00:00,74,551.09,251.4,106.6,171.93,4684.27,9.46,513.58,182.23,298.49,5688.03,5114.82,573.21,11.21,573.21,76.87,NONE,WARNING,HIGH,0
COST-001772,FAC-001,Infosys Smart Campus,BLD-003,Building C,2026-09-05 11:00:00,89,556.18,275.37,91.54,168.87,4727.57,9.29,470.53,176.82,229.41,5613.62,5114.82,498.8,9.75,498.8,63.07,NONE,WARNING,MEDIUM,0
COST-001773,FAC-001,Infosys Smart Campus,BLD-003,Building C,2026-09-05 12:00:00,97,471.09,240.52,69.54,160.23,4004.25,8.81,547.04,185.07,269.13,5014.31,5114.82,-100.51,-1.96,0.0,51.69,NONE,NORMAL,NORMAL,0
COST-001774,FAC-001,Infosys Smart Campus,BLD-003,Building C,2026-09-05 13:00:00,81,464.87,226.64,80.02,175.55,3951.37,9.66,535.7,190.22,281.91,4968.86,5114.82,-145.96,-2.85,0.0,61.34,NONE,NORMAL,NORMAL,0
COST-001775,FAC-001,Infosys Smart Campus,BLD-003,Building C,2026-09-05 14:00:00,77,501.17,228.08,92.78,175.8,4259.98,9.67,437.77,165.8,278.11,5151.34,5114.82,36.52,0.71,36.52,66.9,NONE,NORMAL,LOW,0
COST-001776,FAC-001,Infosys Smart Campus,BLD-003,Building C,2026-09-05 15:00:00,82,454.53,217.39,76.88,161.74,3863.52,8.9,488.15,171.76,283.0,4815.33,5114.82,-299.49,-5.86,0.0,58.72,NONE,NORMAL,NORMAL,0
COST-001777,FAC-001,Infosys Smart Campus,BLD-003,Building C,2026-09-05 16:00:00,80,478.51,236.33,85.92,172.64,4067.32,9.49,513.12,173.78,272.34,5036.06,5114.82,-78.76,-1.54,0.0,62.95,NONE,NORMAL,NORMAL,0
COST-001778,FAC-001,Infosys Smart Campus,BLD-003,Building C,2026-09-05 17:00:00,33,344.48,138.57,54.23,93.28,2928.1,5.13,457.41,177.18,255.66,3823.48,3831.61,-8.13,-0.21,0.0,115.86,NONE,NORMAL,NORMAL,0
COST-001779,FAC-001,Infosys Smart Campus,BLD-003,Building C,2026-09-05 18:00:00,33,333.62,163.73,51.99,94.99,2835.78,5.22,473.81,196.22,229.49,3740.53,3831.61,-91.08,-2.38,0.0,113.35,NONE,NORMAL,NORMAL,0
COST-001780,FAC-001,Infosys Smart Campus,BLD-003,Building C,2026-09-05 19:00:00,38,346.22,177.92,69.0,98.74,2942.91,5.43,456.1,185.22,264.34,3854.0,3831.61,22.39,0.58,22.39,101.42,NONE,NORMAL,LOW,0
COST-001781,FAC-001,Infosys Smart Campus,BLD-003,Building C,2026-09-05 20:00:00,37,351.79,172.22,57.97,119.53,2990.24,6.57,454.2,162.59,234.58,3848.18,3831.61,16.57,0.43,16.57,104.0,NONE,NORMAL,LOW,0
COST-001782,FAC-001,Infosys Smart Campus,BLD-003,Building C,2026-09-05 21:00:00,9,258.38,112.0,43.04,68.14,2196.26,3.75,388.97,196.5,287.66,3073.14,2916.01,157.13,5.39,157.13,341.46,NONE,WARNING,LOW,0
COST-001783,FAC-001,Infosys Smart Campus,BLD-003,Building C,2026-09-05 22:00:00,10,229.9,101.55,45.9,62.72,1954.16,3.45,523.93,168.93,276.33,2926.81,2916.01,10.79,0.37,10.79,292.68,NONE,NORMAL,LOW,0
COST-001784,FAC-001,Infosys Smart Campus,BLD-003,Building C,2026-09-05 23:00:00,9,187.6,96.95,37.39,65.54,1594.6,3.6,393.09,180.22,262.27,2433.79,2916.01,-482.22,-16.54,0.0,270.42,NONE,NORMAL,NORMAL,0
COST-001785,FAC-001,Infosys Smart Campus,BLD-003,Building C,2026-09-06 00:00:00,8,201.2,80.93,36.17,60.4,1710.23,3.32,474.63,186.57,227.66,2602.42,2550.25,52.17,2.05,52.17,325.3,NONE,NORMAL,LOW,0
COST-001786,FAC-001,Infosys Smart Campus,BLD-003,Building C,2026-09-06 01:00:00,7,174.14,80.25,32.06,67.8,1480.19,3.73,391.57,183.28,296.59,2355.37,2550.25,-194.88,-7.64,0.0,336.48,NONE,NORMAL,NORMAL,0
COST-001787,FAC-001,Infosys Smart Campus,BLD-003,Building C,2026-09-06 02:00:00,6,191.15,92.57,35.21,58.6,1624.74,3.22,436.1,164.27,267.85,2496.17,2550.25,-54.07,-2.12,0.0,416.03,NONE,NORMAL,NORMAL,0
COST-001788,FAC-001,Infosys Smart Campus,BLD-003,Building C,2026-09-06 03:00:00,6,197.04,93.99,37.68,61.92,1674.86,3.41,390.32,175.72,281.42,2525.72,2550.25,-24.53,-0.96,0.0,420.95,NONE,NORMAL,NORMAL,0
COST-001789,FAC-001,Infosys Smart Campus,BLD-003,Building C,2026-09-06 04:00:00,7,192.55,94.02,25.24,65.77,1636.64,3.62,468.72,172.41,248.4,2529.78,2550.25,-20.47,-0.8,0.0,361.4,NONE,NORMAL,NORMAL,0
COST-001790,FAC-001,Infosys Smart Campus,BLD-003,Building C,2026-09-06 05:00:00,6,176.01,75.53,30.38,57.64,1496.06,3.17,426.35,168.72,286.41,2380.71,2550.25,-169.54,-6.65,0.0,396.79,NONE,NORMAL,NORMAL,0
COST-001791,FAC-001,Infosys Smart Campus,BLD-003,Building C,2026-09-06 06:00:00,38,324.92,136.42,45.52,127.31,2761.81,7.0,480.29,168.49,258.41,3676.0,3649.19,26.81,0.73,26.81,96.74,NONE,NORMAL,LOW,0
COST-001792,FAC-001,Infosys Smart Campus,BLD-003,Building C,2026-09-06 07:00:00,41,304.22,146.49,49.16,124.43,2585.9,6.84,425.71,176.79,222.8,3418.05,3649.19,-231.14,-6.33,0.0,83.37,NONE,NORMAL,NORMAL,0
COST-001793,FAC-001,Infosys Smart Campus,BLD-003,Building C,2026-09-06 08:00:00,41,332.68,147.23,44.32,105.24,2827.75,5.79,423.92,182.69,253.41,3693.55,3649.19,44.36,1.22,44.36,90.09,NONE,NORMAL,LOW,0
COST-001794,FAC-001,Infosys Smart Campus,BLD-003,Building C,2026-09-06 09:00:00,77,482.63,235.03,83.42,163.25,4102.33,8.98,399.78,185.07,284.45,4980.61,5114.82,-134.21,-2.62,0.0,64.68,NONE,NORMAL,NORMAL,0
COST-001795,FAC-001,Infosys Smart Campus,BLD-003,Building C,2026-09-06 10:00:00,94,435.08,182.94,66.04,191.05,3698.21,10.51,522.75,172.28,235.44,4639.19,5114.82,-475.63,-9.3,0.0,49.35,NONE,NORMAL,NORMAL,0
COST-001796,FAC-001,Infosys Smart Campus,BLD-003,Building C,2026-09-06 11:00:00,81,539.29,220.76,91.52,163.21,4583.93,8.98,372.86,170.5,243.21,5379.47,5114.82,264.65,5.17,264.65,66.41,NONE,WARNING,MEDIUM,0
COST-001797,FAC-001,Infosys Smart Campus,BLD-003,Building C,2026-09-06 12:00:00,87,465.26,199.64,69.53,172.92,3954.71,9.51,503.37,194.75,222.95,4885.29,5114.82,-229.53,-4.49,0.0,56.15,NONE,NORMAL,NORMAL,0
COST-001798,FAC-001,Infosys Smart Campus,BLD-003,Building C,2026-09-06 13:00:00,93,568.93,249.32,104.72,160.01,4835.93,8.8,543.95,171.58,238.65,5798.91,5114.82,684.09,13.37,684.09,62.35,NONE,WARNING,HIGH,0
COST-001799,FAC-001,Infosys Smart Campus,BLD-003,Building C,2026-09-06 14:00:00,84,514.58,218.69,92.36,160.22,4373.89,8.81,399.63,164.32,242.0,5188.65,5114.82,73.83,1.44,73.83,61.77,NONE,NORMAL,LOW,0
COST-001800,FAC-001,Infosys Smart Campus,BLD-003,Building C,2026-09-06 15:00:00,77,461.61,210.77,80.28,177.75,3923.68,9.78,412.08,191.42,239.32,4776.29,5114.82,-338.53,-6.62,0.0,62.03,NONE,NORMAL,NORMAL,0
COST-001801,FAC-001,Infosys Smart Campus,BLD-003,Building C,2026-09-06 16:00:00,78,557.92,230.85,100.42,165.81,4742.31,9.12,490.33,170.42,235.33,5647.51,5114.82,532.69,10.41,532.69,72.4,NONE,WARNING,HIGH,0
COST-001802,FAC-001,Infosys Smart Campus,BLD-003,Building C,2026-09-06 17:00:00,32,343.62,155.12,50.3,99.79,2920.79,5.49,448.93,190.38,276.79,3842.37,3831.61,10.76,0.28,10.76,120.07,NONE,NORMAL,LOW,0
COST-001803,FAC-001,Infosys Smart Campus,BLD-003,Building C,2026-09-06 18:00:00,33,349.55,181.36,51.62,84.37,2971.19,4.64,525.25,188.87,298.39,3988.34,3831.61,156.73,4.09,156.73,120.86,NONE,NORMAL,LOW,0
COST-001804,FAC-001,Infosys Smart Campus,BLD-003,Building C,2026-09-06 19:00:00,32,326.25,134.03,65.17,120.59,2773.1,6.63,499.05,176.64,263.72,3719.14,3831.61,-112.47,-2.94,0.0,116.22,NONE,NORMAL,NORMAL,0
COST-001805,FAC-001,Infosys Smart Campus,BLD-003,Building C,2026-09-06 20:00:00,31,332.68,164.7,44.69,100.07,2827.81,5.5,444.68,163.61,295.68,3737.29,3831.61,-94.32,-2.46,0.0,120.56,NONE,NORMAL,NORMAL,0
COST-001806,FAC-001,Infosys Smart Campus,BLD-003,Building C,2026-09-06 21:00:00,9,245.5,105.2,36.42,77.17,2086.75,4.24,447.07,172.48,283.99,2994.54,2916.01,78.53,2.69,78.53,332.73,NONE,NORMAL,LOW,0
COST-001807,FAC-001,Infosys Smart Campus,BLD-003,Building C,2026-09-06 22:00:00,12,232.25,98.18,38.87,69.97,1974.14,3.85,511.7,174.75,275.15,2939.59,2916.01,23.58,0.81,23.58,244.97,NONE,NORMAL,LOW,0
COST-001808,FAC-001,Infosys Smart Campus,BLD-003,Building C,2026-09-06 23:00:00,8,239.16,99.92,42.47,71.49,2032.84,3.93,530.77,180.6,251.04,2999.18,2916.01,83.17,2.85,83.17,374.9,NONE,NORMAL,LOW,0
COST-001809,FAC-001,Infosys Smart Campus,BLD-003,Building C,2026-09-07 00:00:00,6,185.82,94.47,24.43,67.49,1579.51,3.71,448.73,182.83,257.11,2471.88,2550.25,-78.36,-3.07,0.0,411.98,NONE,NORMAL,NORMAL,0
COST-001810,FAC-001,Infosys Smart Campus,BLD-003,Building C,2026-09-07 01:00:00,6,203.29,83.91,29.43,64.56,1727.97,3.55,519.06,171.69,289.8,2712.07,2550.25,161.82,6.35,161.82,452.01,NONE,WARNING,LOW,0
COST-001811,FAC-001,Infosys Smart Campus,BLD-003,Building C,2026-09-07 02:00:00,8,203.55,90.4,37.6,68.98,1730.21,3.79,465.17,182.6,231.13,2612.9,2550.25,62.66,2.46,62.66,326.61,NONE,NORMAL,LOW,0
COST-001812,FAC-001,Infosys Smart Campus,BLD-003,Building C,2026-09-07 03:00:00,6,199.43,95.48,32.43,66.25,1695.18,3.64,532.05,185.2,250.0,2666.07,2550.25,115.82,4.54,115.82,444.34,NONE,NORMAL,LOW,0
COST-001813,FAC-001,Infosys Smart Campus,BLD-003,Building C,2026-09-07 04:00:00,7,219.25,98.07,33.21,71.19,1863.6,3.92,418.31,189.39,262.45,2737.68,2550.25,187.43,7.35,187.43,391.1,NONE,WARNING,LOW,0
COST-001814,FAC-001,Infosys Smart Campus,BLD-003,Building C,2026-09-07 05:00:00,5,190.99,96.68,34.93,60.51,1623.42,3.33,542.98,164.76,295.98,2630.46,2550.25,80.21,3.15,80.21,526.09,NONE,NORMAL,LOW,0
COST-001815,FAC-001,Infosys Smart Campus,BLD-003,Building C,2026-09-07 06:00:00,30,301.78,140.24,56.06,105.21,2565.17,5.79,396.98,163.71,271.01,3402.67,3649.19,-246.52,-6.76,0.0,113.42,NONE,NORMAL,NORMAL,0
COST-001816,FAC-001,Infosys Smart Campus,BLD-003,Building C,2026-09-07 07:00:00,42,324.77,150.92,46.74,106.38,2760.59,5.85,403.42,177.79,283.37,3631.01,3649.19,-18.18,-0.5,0.0,86.45,NONE,NORMAL,NORMAL,0
COST-001817,FAC-001,Infosys Smart Campus,BLD-003,Building C,2026-09-07 08:00:00,33,319.63,155.62,45.73,106.72,2716.88,5.87,526.95,187.51,223.57,3660.77,3649.19,11.58,0.32,11.58,110.93,NONE,NORMAL,LOW,0
COST-001818,FAC-001,Infosys Smart Campus,BLD-003,Building C,2026-09-07 09:00:00,99,519.27,208.85,87.32,168.53,4413.8,9.27,484.52,189.38,277.6,5374.57,5114.82,259.75,5.08,259.75,54.29,NONE,WARNING,MEDIUM,0
COST-001819,FAC-001,Infosys Smart Campus,BLD-003,Building C,2026-09-07 10:00:00,92,513.58,245.23,81.23,199.12,4365.44,10.95,419.91,174.31,293.6,5264.21,5114.82,149.39,2.92,149.39,57.22,NONE,NORMAL,LOW,0
COST-001820,FAC-001,Infosys Smart Campus,BLD-003,Building C,2026-09-07 11:00:00,83,451.23,216.43,89.95,178.26,3835.46,9.8,507.41,169.49,289.34,4811.5,5114.82,-303.32,-5.93,0.0,57.97,NONE,NORMAL,NORMAL,0
COST-001821,FAC-001,Infosys Smart Campus,BLD-003,Building C,2026-09-07 12:00:00,93,496.78,218.37,66.74,149.7,4222.62,8.23,546.47,186.88,290.18,5254.39,5114.82,139.57,2.73,139.57,56.5,NONE,NORMAL,LOW,0
COST-001822,FAC-001,Infosys Smart Campus,BLD-003,Building C,2026-09-07 13:00:00,83,547.14,274.21,98.35,170.34,4650.67,9.37,485.26,187.22,240.74,5573.26,5114.82,458.44,8.96,458.44,67.15,NONE,WARNING,MEDIUM,0
COST-001823,FAC-001,Infosys Smart Campus,BLD-003,Building C,2026-09-07 14:00:00,100,483.33,236.08,85.24,188.16,4108.35,10.35,380.89,192.4,273.57,4965.56,5114.82,-149.26,-2.92,0.0,49.66,NONE,NORMAL,NORMAL,0
COST-001824,FAC-001,Infosys Smart Campus,BLD-003,Building C,2026-09-07 15:00:00,86,506.06,252.41,90.89,168.71,4301.51,9.28,492.94,194.01,254.19,5251.92,5114.82,137.1,2.68,137.1,61.07,NONE,NORMAL,LOW,0
COST-001825,FAC-001,Infosys Smart Campus,BLD-003,Building C,2026-09-07 16:00:00,73,422.04,172.98,81.22,194.99,3587.38,10.72,492.96,185.39,291.29,4567.75,5114.82,-547.07,-10.7,0.0,62.57,NONE,NORMAL,NORMAL,0
COST-001826,FAC-001,Infosys Smart Campus,BLD-003,Building C,2026-09-07 17:00:00,35,305.85,124.41,54.27,113.62,2599.72,6.25,456.05,186.54,292.12,3540.67,3831.61,-290.94,-7.59,0.0,101.16,NONE,NORMAL,NORMAL,0
COST-001827,FAC-001,Infosys Smart Campus,BLD-003,Building C,2026-09-07 18:00:00,33,374.79,167.35,55.01,95.06,3185.68,5.23,475.66,166.6,248.52,4081.69,3831.61,250.08,6.53,250.08,123.69,NONE,WARNING,MEDIUM,0
COST-001828,FAC-001,Infosys Smart Campus,BLD-003,Building C,2026-09-07 19:00:00,33,384.6,155.48,75.6,121.68,3269.09,6.69,372.59,164.75,266.26,4079.38,3831.61,247.77,6.47,247.77,123.62,NONE,WARNING,MEDIUM,0
COST-001829,FAC-001,Infosys Smart Campus,BLD-003,Building C,2026-09-07 20:00:00,39,309.16,127.81,46.97,92.54,2627.88,5.09,385.35,163.67,261.55,3443.54,3831.61,-388.07,-10.13,0.0,88.3,NONE,NORMAL,NORMAL,0
COST-001830,FAC-001,Infosys Smart Campus,BLD-003,Building C,2026-09-07 21:00:00,9,230.37,103.87,44.7,67.14,1958.11,3.69,520.33,193.39,296.86,2972.38,2916.01,56.37,1.93,56.37,330.26,NONE,NORMAL,LOW,0
COST-001831,FAC-001,Infosys Smart Campus,BLD-003,Building C,2026-09-07 22:00:00,10,259.48,115.17,37.03,78.05,2205.54,4.29,449.42,176.77,260.36,3096.39,2916.01,180.38,6.19,180.38,309.64,NONE,WARNING,LOW,0
COST-001832,FAC-001,Infosys Smart Campus,BLD-003,Building C,2026-09-07 23:00:00,9,258.58,130.56,49.6,64.49,2197.96,3.55,535.16,174.3,245.13,3156.09,2916.01,240.08,8.23,240.08,350.68,NONE,WARNING,MEDIUM,0
COST-001833,FAC-001,Infosys Smart Campus,BLD-003,Building C,2026-09-08 00:00:00,6,208.21,84.61,32.51,58.84,1769.75,3.24,491.59,188.41,290.98,2743.96,2550.25,193.72,7.6,193.72,457.33,NONE,WARNING,LOW,0
COST-001834,FAC-001,Infosys Smart Campus,BLD-003,Building C,2026-09-08 01:00:00,7,177.03,77.59,28.37,62.35,1504.76,3.43,372.02,173.37,281.83,2335.41,2550.25,-214.84,-8.42,0.0,333.63,NONE,NORMAL,NORMAL,0
COST-001835,FAC-001,Infosys Smart Campus,BLD-003,Building C,2026-09-08 02:00:00,7,205.44,102.19,37.97,60.47,1746.27,3.33,474.76,169.3,243.84,2637.5,2550.25,87.25,3.42,87.25,376.79,NONE,NORMAL,LOW,0
COST-001836,FAC-001,Infosys Smart Campus,BLD-003,Building C,2026-09-08 03:00:00,8,199.96,84.27,27.15,64.71,1699.7,3.56,538.74,171.95,250.43,2664.38,2550.25,114.13,4.48,114.13,333.05,NONE,NORMAL,LOW,0
COST-001837,FAC-001,Infosys Smart Campus,BLD-003,Building C,2026-09-08 04:00:00,5,209.7,105.95,28.84,60.48,1782.46,3.33,509.24,167.91,292.29,2755.23,2550.25,204.98,8.04,204.98,551.05,NONE,WARNING,MEDIUM,0
COST-001838,FAC-001,Infosys Smart Campus,BLD-003,Building C,2026-09-08 05:00:00,6,213.14,91.02,31.29,57.89,1811.73,3.18,473.21,189.67,280.11,2757.91,2550.25,207.66,8.14,207.66,459.65,NONE,WARNING,MEDIUM,0
COST-001839,FAC-001,Infosys Smart Campus,BLD-003,Building C,2026-09-08 06:00:00,36,366.46,185.75,63.61,107.09,3114.92,5.89,502.93,181.81,282.32,4087.87,3649.19,438.68,12.02,438.68,113.55,NONE,WARNING,MEDIUM,0
COST-001840,FAC-001,Infosys Smart Campus,BLD-003,Building C,2026-09-08 07:00:00,37,303.35,123.3,51.61,102.96,2578.46,5.66,429.87,184.09,225.07,3423.15,3649.19,-226.04,-6.19,0.0,92.52,NONE,NORMAL,NORMAL,0
COST-001841,FAC-001,Infosys Smart Campus,BLD-003,Building C,2026-09-08 08:00:00,39,309.22,137.35,54.73,110.26,2628.39,6.06,459.47,188.42,281.37,3563.71,3649.19,-85.48,-2.34,0.0,91.38,NONE,NORMAL,NORMAL,0
COST-001842,FAC-001,Infosys Smart Campus,BLD-003,Building C,2026-09-08 09:00:00,87,471.12,199.33,80.7,183.85,4004.48,10.11,428.58,165.77,276.91,4885.84,5114.82,-228.98,-4.48,0.0,56.16,NONE,NORMAL,NORMAL,0
COST-001843,FAC-001,Infosys Smart Campus,BLD-003,Building C,2026-09-08 10:00:00,77,538.17,199.11,133.99,149.75,4574.47,8.24,491.51,165.55,264.73,5504.5,5114.82,389.68,7.62,560.51,71.49,EXCESS_LIGHTING,WARNING,HIGH,1
COST-001844,FAC-001,Infosys Smart Campus,BLD-003,Building C,2026-09-08 11:00:00,94,485.45,204.21,65.39,169.2,4126.29,9.31,455.24,191.92,228.71,5011.46,5114.82,-103.36,-2.02,0.0,53.31,NONE,NORMAL,NORMAL,0
COST-001845,FAC-001,Infosys Smart Campus,BLD-003,Building C,2026-09-08 12:00:00,81,466.52,229.48,70.63,151.0,3965.44,8.31,543.21,181.75,282.45,4981.15,5114.82,-133.67,-2.61,0.0,61.5,NONE,NORMAL,NORMAL,0
COST-001846,FAC-001,Infosys Smart Campus,BLD-003,Building C,2026-09-08 13:00:00,78,501.14,205.85,87.7,203.68,4259.72,11.2,446.18,184.65,282.01,5183.76,5114.82,68.94,1.35,68.94,66.46,NONE,NORMAL,LOW,0
COST-001847,FAC-001,Infosys Smart Campus,BLD-003,Building C,2026-09-08 14:00:00,94,536.49,224.19,82.74,173.28,4560.14,9.53,471.6,163.68,296.99,5501.96,5114.82,387.14,7.57,387.14,58.53,NONE,WARNING,MEDIUM,0
COST-001848,FAC-001,Infosys Smart Campus,BLD-003,Building C,2026-09-08 15:00:00,77,488.68,249.53,78.95,176.09,4153.78,9.68,454.8,192.04,272.44,5082.75,5114.82,-32.07,-0.63,0.0,66.01,NONE,NORMAL,NORMAL,0
COST-001849,FAC-001,Infosys Smart Campus,BLD-003,Building C,2026-09-08 16:00:00,88,472.34,224.99,67.6,175.97,4014.88,9.68,490.57,180.15,277.73,4973.0,5114.82,-141.82,-2.77,0.0,56.51,NONE,NORMAL,NORMAL,0
COST-001850,FAC-001,Infosys Smart Campus,BLD-003,Building C,2026-09-08 17:00:00,33,299.8,132.99,57.0,100.54,2548.3,5.53,409.05,195.65,283.13,3441.65,3831.61,-389.96,-10.18,0.0,104.29,NONE,NORMAL,NORMAL,0
COST-001851,FAC-001,Infosys Smart Campus,BLD-003,Building C,2026-09-08 18:00:00,31,355.84,152.46,63.51,96.24,3024.66,5.29,426.36,183.53,234.4,3874.24,3831.61,42.63,1.11,42.63,124.98,NONE,NORMAL,LOW,0
COST-001852,FAC-001,Infosys Smart Campus,BLD-003,Building C,2026-09-08 19:00:00,36,351.44,173.43,58.01,96.42,2987.28,5.3,449.44,175.98,295.88,3913.88,3831.61,82.27,2.15,82.27,108.72,NONE,NORMAL,LOW,0
COST-001853,FAC-001,Infosys Smart Campus,BLD-003,Building C,2026-09-08 20:00:00,31,359.7,160.46,60.46,96.67,3057.47,5.32,511.45,180.19,287.65,4042.07,3831.61,210.46,5.49,210.46,130.39,NONE,WARNING,MEDIUM,0
COST-001854,FAC-001,Infosys Smart Campus,BLD-003,Building C,2026-09-08 21:00:00,12,249.69,128.53,37.12,72.33,2122.36,3.98,533.88,189.8,293.27,3143.28,2916.01,227.27,7.79,227.27,261.94,NONE,WARNING,MEDIUM,0
COST-001855,FAC-001,Infosys Smart Campus,BLD-003,Building C,2026-09-08 22:00:00,10,226.76,94.64,37.48,64.07,1927.46,3.52,400.82,195.9,245.96,2773.66,2916.01,-142.35,-4.88,0.0,277.37,NONE,NORMAL,NORMAL,0
COST-001856,FAC-001,Infosys Smart Campus,BLD-003,Building C,2026-09-08 23:00:00,9,252.21,120.49,45.33,65.86,2143.83,3.62,544.46,169.45,298.15,3159.5,2916.01,243.49,8.35,243.49,351.06,NONE,WARNING,MEDIUM,0
COST-001857,FAC-001,Infosys Smart Campus,BLD-003,Building C,2026-09-09 00:00:00,7,209.58,100.49,36.76,63.81,1781.42,3.51,510.42,180.88,222.03,2698.26,2550.25,148.01,5.8,148.01,385.47,NONE,WARNING,LOW,0
COST-001858,FAC-001,Infosys Smart Campus,BLD-003,Building C,2026-09-09 01:00:00,7,205.69,86.35,40.51,68.26,1748.32,3.75,454.19,166.13,268.06,2640.46,2550.25,90.21,3.54,90.21,377.21,NONE,NORMAL,LOW,0
COST-001859,FAC-001,Infosys Smart Campus,BLD-003,Building C,2026-09-09 02:00:00,5,176.38,88.06,23.05,65.26,1499.24,3.59,478.53,163.99,224.95,2370.3,2550.25,-179.95,-7.06,0.0,474.06,NONE,NORMAL,NORMAL,0
COST-001860,FAC-001,Infosys Smart Campus,BLD-003,Building C,2026-09-09 03:00:00,7,209.52,96.12,41.42,55.74,1780.94,3.07,551.41,193.19,291.95,2820.56,2550.25,270.31,10.6,270.31,402.94,NONE,WARNING,MEDIUM,0
COST-001861,FAC-001,Infosys Smart Campus,BLD-003,Building C,2026-09-09 04:00:00,7,186.95,90.68,36.9,59.44,1589.09,3.27,496.48,169.93,251.74,2510.51,2550.25,-39.74,-1.56,0.0,358.64,NONE,NORMAL,NORMAL,0
COST-001862,FAC-001,Infosys Smart Campus,BLD-003,Building C,2026-09-09 05:00:00,6,170.72,75.97,23.78,70.3,1451.09,3.87,508.29,162.04,280.72,2406.01,2550.25,-144.24,-5.66,0.0,401.0,NONE,NORMAL,NORMAL,0
COST-001863,FAC-001,Infosys Smart Campus,BLD-003,Building C,2026-09-09 06:00:00,43,286.07,129.97,52.77,98.08,2431.56,5.39,414.33,187.84,232.17,3271.29,3649.19,-377.9,-10.36,0.0,76.08,NONE,NORMAL,NORMAL,0
COST-001864,FAC-001,Infosys Smart Campus,BLD-003,Building C,2026-09-09 07:00:00,37,307.87,130.25,49.72,91.48,2616.88,5.03,472.9,185.89,225.87,3506.58,3649.19,-142.61,-3.91,0.0,94.77,NONE,NORMAL,NORMAL,0
COST-001865,FAC-001,Infosys Smart Campus,BLD-003,Building C,2026-09-09 08:00:00,37,328.15,140.14,57.85,107.44,2789.3,5.91,518.5,184.21,231.56,3729.49,3649.19,80.3,2.2,80.3,100.8,NONE,NORMAL,LOW,0
COST-001866,FAC-001,Infosys Smart Campus,BLD-003,Building C,2026-09-09 09:00:00,56,535.09,250.53,73.63,167.37,4548.29,9.21,414.45,180.63,286.78,5439.36,5114.82,324.54,6.35,324.54,97.13,NONE,WARNING,MEDIUM,0
COST-001867,FAC-001,Infosys Smart Campus,BLD-003,Building C,2026-09-09 10:00:00,69,432.3,219.88,73.63,151.48,3674.53,8.33,476.03,176.29,298.27,4633.45,5114.82,-481.37,-9.41,0.0,67.15,NONE,NORMAL,NORMAL,0
COST-001868,FAC-001,Infosys Smart Campus,BLD-003,Building C,2026-09-09 11:00:00,88,505.97,235.01,82.14,181.05,4300.7,9.96,426.1,189.86,256.39,5183.02,5114.82,68.2,1.33,68.2,58.9,NONE,NORMAL,LOW,0
COST-001869,FAC-001,Infosys Smart Campus,BLD-003,Building C,2026-09-09 12:00:00,103,498.84,230.48,95.9,159.55,4240.15,8.78,444.53,184.59,281.05,5159.1,5114.82,44.28,0.87,44.28,50.09,NONE,NORMAL,LOW,0
COST-001870,FAC-001,Infosys Smart Campus,BLD-003,Building C,2026-09-09 13:00:00,97,557.81,229.03,88.55,205.07,4741.38,11.28,454.97,194.43,291.71,5693.78,5114.82,578.96,11.32,578.96,58.7,NONE,WARNING,HIGH,0
COST-001871,FAC-001,Infosys Smart Campus,BLD-003,Building C,2026-09-09 14:00:00,81,533.79,259.46,84.16,164.25,4537.21,9.03,430.91,178.59,295.53,5451.27,5114.82,336.45,6.58,336.45,67.3,NONE,WARNING,MEDIUM,0
COST-001872,FAC-001,Infosys Smart Campus,BLD-003,Building C,2026-09-09 15:00:00,74,516.23,220.67,74.01,169.95,4387.94,9.35,493.88,163.6,238.24,5293.0,5114.82,178.18,3.48,178.18,71.53,NONE,NORMAL,LOW,0
COST-001873,FAC-001,Infosys Smart Campus,BLD-003,Building C,2026-09-09 16:00:00,68,476.49,231.34,78.99,188.32,4050.19,10.36,547.59,179.95,269.04,5057.12,5114.82,-57.7,-1.13,0.0,74.37,NONE,NORMAL,NORMAL,0
COST-001874,FAC-001,Infosys Smart Campus,BLD-003,Building C,2026-09-09 17:00:00,30,374.01,170.4,60.08,92.58,3179.1,5.09,378.87,193.75,287.46,4044.27,3831.61,212.66,5.55,212.66,134.81,NONE,WARNING,MEDIUM,0
COST-001875,FAC-001,Infosys Smart Campus,BLD-003,Building C,2026-09-09 18:00:00,22,394.86,175.09,78.81,103.75,3356.3,5.71,542.26,190.09,271.22,4365.58,3831.61,533.97,13.94,533.97,198.44,NONE,WARNING,HIGH,0
COST-001876,FAC-001,Infosys Smart Campus,BLD-003,Building C,2026-09-09 19:00:00,30,337.02,140.42,64.6,94.82,2864.66,5.22,509.59,185.48,260.55,3825.5,3831.61,-6.11,-0.16,0.0,127.52,NONE,NORMAL,NORMAL,0
COST-001877,FAC-001,Infosys Smart Campus,BLD-003,Building C,2026-09-09 20:00:00,32,322.33,134.23,58.26,106.04,2739.82,5.83,454.48,166.87,245.55,3612.55,3831.61,-219.06,-5.72,0.0,112.89,NONE,NORMAL,NORMAL,0
COST-001878,FAC-001,Infosys Smart Campus,BLD-003,Building C,2026-09-09 21:00:00,9,255.88,105.84,48.11,62.65,2174.98,3.45,404.03,187.89,273.14,3043.49,2916.01,127.48,4.37,127.48,338.17,NONE,NORMAL,LOW,0
COST-001879,FAC-001,Infosys Smart Campus,BLD-003,Building C,2026-09-09 22:00:00,9,246.37,103.21,36.11,74.98,2094.12,4.12,540.62,164.11,221.9,3024.88,2916.01,108.87,3.73,108.87,336.1,NONE,NORMAL,LOW,0
COST-001880,FAC-001,Infosys Smart Campus,BLD-003,Building C,2026-09-09 23:00:00,9,218.77,96.28,36.81,73.69,1859.58,4.05,488.37,173.71,270.35,2796.06,2916.01,-119.96,-4.11,0.0,310.67,NONE,NORMAL,NORMAL,0
COST-001881,FAC-001,Infosys Smart Campus,BLD-003,Building C,2026-09-10 00:00:00,6,198.4,101.52,33.16,55.87,1686.43,3.07,481.57,179.8,292.21,2643.09,2550.25,92.84,3.64,92.84,440.52,NONE,NORMAL,LOW,0
COST-001882,FAC-001,Infosys Smart Campus,BLD-003,Building C,2026-09-10 01:00:00,7,176.11,83.29,30.59,60.73,1496.9,3.34,459.53,196.54,278.15,2434.46,2550.25,-115.79,-4.54,0.0,347.78,NONE,NORMAL,NORMAL,0
COST-001883,FAC-001,Infosys Smart Campus,BLD-003,Building C,2026-09-10 02:00:00,6,189.6,98.04,34.29,62.33,1611.63,3.43,501.55,172.61,263.96,2553.17,2550.25,2.93,0.11,2.93,425.53,NONE,NORMAL,LOW,0
COST-001884,FAC-001,Infosys Smart Campus,BLD-003,Building C,2026-09-10 03:00:00,7,188.88,94.3,35.57,75.32,1605.47,4.14,518.07,179.57,250.75,2558.01,2550.25,7.76,0.3,7.76,365.43,NONE,NORMAL,LOW,0
COST-001885,FAC-001,Infosys Smart Campus,BLD-003,Building C,2026-09-10 04:00:00,6,210.86,90.58,34.9,65.79,1792.29,3.62,417.77,196.43,281.6,2691.71,2550.25,141.46,5.55,141.46,448.62,NONE,WARNING,LOW,0
COST-001886,FAC-001,Infosys Smart Campus,BLD-003,Building C,2026-09-10 05:00:00,6,200.85,100.56,36.78,70.0,1707.21,3.85,547.22,168.9,294.58,2721.76,2550.25,171.51,6.73,171.51,453.63,NONE,WARNING,LOW,0
COST-001887,FAC-001,Infosys Smart Campus,BLD-003,Building C,2026-09-10 06:00:00,40,267.9,111.1,44.95,118.05,2277.12,6.49,463.08,196.78,294.87,3238.33,3649.19,-410.86,-11.26,0.0,80.96,NONE,NORMAL,NORMAL,0
COST-001888,FAC-001,Infosys Smart Campus,BLD-003,Building C,2026-09-10 07:00:00,37,345.45,145.5,62.36,113.42,2936.37,6.24,386.52,166.07,229.46,3724.66,3649.19,75.47,2.07,75.47,100.67,NONE,NORMAL,LOW,0
COST-001889,FAC-001,Infosys Smart Campus,BLD-003,Building C,2026-09-10 08:00:00,35,332.32,151.58,51.51,123.52,2824.7,6.79,464.87,178.72,252.03,3727.11,3649.19,77.92,2.14,77.92,106.49,NONE,NORMAL,LOW,0
COST-001890,FAC-001,Infosys Smart Campus,BLD-003,Building C,2026-09-10 09:00:00,88,480.61,207.2,87.49,185.95,4085.21,10.23,526.13,173.8,275.75,5071.12,5114.82,-43.7,-0.85,0.0,57.63,NONE,NORMAL,NORMAL,0
COST-001891,FAC-001,Infosys Smart Campus,BLD-003,Building C,2026-09-10 10:00:00,83,477.53,210.68,89.38,173.41,4059.03,9.54,498.9,196.83,284.27,5048.56,5114.82,-66.26,-1.3,0.0,60.83,NONE,NORMAL,NORMAL,0
COST-001892,FAC-001,Infosys Smart Campus,BLD-003,Building C,2026-09-10 11:00:00,89,501.81,232.97,65.81,168.18,4265.37,9.25,539.94,195.34,283.31,5293.21,5114.82,178.39,3.49,178.39,59.47,NONE,NORMAL,LOW,0
COST-001893,FAC-001,Infosys Smart Campus,BLD-003,Building C,2026-09-10 12:00:00,85,441.98,221.74,84.13,183.29,3756.83,10.08,533.89,178.35,242.62,4721.78,5114.82,-393.04,-7.68,0.0,55.55,NONE,NORMAL,NORMAL,0
COST-001894,FAC-001,Infosys Smart Campus,BLD-003,Building C,2026-09-10 13:00:00,86,487.58,224.49,74.61,184.34,4144.43,10.14,553.48,162.92,291.19,5162.15,5114.82,47.33,0.93,47.33,60.03,NONE,NORMAL,LOW,0
COST-001895,FAC-001,Infosys Smart Campus,BLD-003,Building C,2026-09-10 14:00:00,89,471.6,191.51,79.58,163.84,4008.62,9.01,409.78,170.05,242.46,4839.92,5114.82,-274.9,-5.37,0.0,54.38,NONE,NORMAL,NORMAL,0
COST-001896,FAC-001,Infosys Smart Campus,BLD-003,Building C,2026-09-10 15:00:00,81,555.7,223.45,81.65,187.37,4723.42,10.31,430.95,193.83,282.44,5640.95,5114.82,526.13,10.29,526.13,69.64,NONE,WARNING,HIGH,0
COST-001897,FAC-001,Infosys Smart Campus,BLD-003,Building C,2026-09-10 16:00:00,72,534.6,258.79,101.07,192.89,4544.13,10.61,475.26,173.24,279.17,5482.41,5114.82,367.59,7.19,367.59,76.14,NONE,WARNING,MEDIUM,0
COST-001898,FAC-001,Infosys Smart Campus,BLD-003,Building C,2026-09-10 17:00:00,35,359.25,178.38,67.38,96.58,3053.6,5.31,405.17,165.59,278.98,3908.66,3831.61,77.05,2.01,77.05,111.68,NONE,NORMAL,LOW,0
COST-001899,FAC-001,Infosys Smart Campus,BLD-003,Building C,2026-09-10 18:00:00,35,363.41,151.65,71.03,101.75,3088.95,5.6,513.23,188.51,296.49,4092.78,3831.61,261.17,6.82,261.17,116.94,NONE,WARNING,MEDIUM,0
COST-001900,FAC-001,Infosys Smart Campus,BLD-003,Building C,2026-09-10 19:00:00,34,348.84,168.5,67.08,94.18,2965.1,5.18,550.33,180.43,285.8,3986.85,3831.61,155.24,4.05,155.24,117.26,NONE,NORMAL,LOW,0
COST-001901,FAC-001,Infosys Smart Campus,BLD-003,Building C,2026-09-10 20:00:00,27,303.06,130.44,56.76,105.56,2576.02,5.81,382.73,179.73,227.67,3371.95,3831.61,-459.66,-12.0,0.0,124.89,NONE,NORMAL,NORMAL,0
COST-001902,FAC-001,Infosys Smart Campus,BLD-003,Building C,2026-09-10 21:00:00,10,226.82,96.83,31.17,66.36,1928.0,3.65,421.08,177.98,291.09,2821.8,2916.01,-94.21,-3.23,0.0,282.18,NONE,NORMAL,NORMAL,0
COST-001903,FAC-001,Infosys Smart Campus,BLD-003,Building C,2026-09-10 22:00:00,11,261.96,126.96,49.25,70.19,2226.65,3.86,468.54,171.98,289.65,3160.68,2916.01,244.67,8.39,244.67,287.33,NONE,WARNING,MEDIUM,0
COST-001904,FAC-001,Infosys Smart Campus,BLD-003,Building C,2026-09-10 23:00:00,11,251.33,101.74,39.67,68.9,2136.31,3.79,415.74,195.9,295.4,3047.14,2916.01,131.12,4.5,131.12,277.01,NONE,NORMAL,LOW,0
COST-001905,FAC-001,Infosys Smart Campus,BLD-003,Building C,2026-09-11 00:00:00,6,207.0,98.87,39.51,66.65,1759.48,3.67,496.31,197.12,225.48,2682.05,2550.25,131.8,5.17,131.8,447.01,NONE,WARNING,LOW,0
COST-001906,FAC-001,Infosys Smart Campus,BLD-003,Building C,2026-09-11 01:00:00,7,191.47,85.43,35.38,57.92,1627.48,3.19,549.98,173.34,254.46,2608.45,2550.25,58.2,2.28,58.2,372.64,NONE,NORMAL,LOW,0
COST-001907,FAC-001,Infosys Smart Campus,BLD-003,Building C,2026-09-11 02:00:00,7,171.54,69.82,24.1,59.78,1458.07,3.29,516.14,165.36,255.12,2397.98,2550.25,-152.27,-5.97,0.0,342.57,NONE,NORMAL,NORMAL,0
COST-001908,FAC-001,Infosys Smart Campus,BLD-003,Building C,2026-09-11 03:00:00,7,186.07,94.26,36.04,64.95,1581.61,3.57,552.69,172.71,227.56,2538.14,2550.25,-12.11,-0.47,0.0,362.59,NONE,NORMAL,NORMAL,0
COST-001909,FAC-001,Infosys Smart Campus,BLD-003,Building C,2026-09-11 04:00:00,5,208.85,104.51,37.63,70.17,1775.19,3.86,386.8,173.02,257.14,2596.01,2550.25,45.76,1.79,45.76,519.2,NONE,NORMAL,LOW,0
COST-001910,FAC-001,Infosys Smart Campus,BLD-003,Building C,2026-09-11 05:00:00,6,236.04,102.93,41.71,62.84,2006.31,3.46,476.38,166.1,258.2,2910.45,2550.25,360.2,14.12,360.2,485.08,NONE,WARNING,MEDIUM,0
COST-001911,FAC-001,Infosys Smart Campus,BLD-003,Building C,2026-09-11 06:00:00,37,272.23,139.01,44.55,107.69,2313.96,5.92,513.76,180.48,240.48,3254.6,3649.19,-394.59,-10.81,0.0,87.96,NONE,NORMAL,NORMAL,0
COST-001912,FAC-001,Infosys Smart Campus,BLD-003,Building C,2026-09-11 07:00:00,37,377.49,196.29,66.1,96.47,3208.69,5.31,460.42,174.76,284.41,4133.58,3649.19,484.39,13.27,484.39,111.72,NONE,WARNING,MEDIUM,0
COST-001913,FAC-001,Infosys Smart Campus,BLD-003,Building C,2026-09-11 08:00:00,39,322.45,146.67,43.45,105.58,2740.84,5.81,434.97,188.62,259.55,3629.79,3649.19,-19.4,-0.53,0.0,93.07,NONE,NORMAL,NORMAL,0
COST-001914,FAC-001,Infosys Smart Campus,BLD-003,Building C,2026-09-11 09:00:00,85,497.35,223.49,96.75,169.38,4227.44,9.32,500.62,169.88,280.36,5187.61,5114.82,72.79,1.42,72.79,61.03,NONE,NORMAL,LOW,0
COST-001915,FAC-001,Infosys Smart Campus,BLD-003,Building C,2026-09-11 10:00:00,89,504.02,203.65,81.31,165.12,4284.19,9.08,543.71,177.69,297.86,5312.54,5114.82,197.72,3.87,197.72,59.69,NONE,NORMAL,LOW,0
COST-001916,FAC-001,Infosys Smart Campus,BLD-003,Building C,2026-09-11 11:00:00,87,497.91,233.88,82.17,171.21,4232.24,9.42,393.56,194.26,274.92,5104.39,5114.82,-10.43,-0.2,0.0,58.67,NONE,NORMAL,NORMAL,0
COST-001917,FAC-001,Infosys Smart Campus,BLD-003,Building C,2026-09-11 12:00:00,88,485.4,219.17,90.77,188.69,4125.92,10.38,395.67,185.39,235.92,4953.28,5114.82,-161.54,-3.16,0.0,56.29,NONE,NORMAL,NORMAL,0
COST-001918,FAC-001,Infosys Smart Campus,BLD-003,Building C,2026-09-11 13:00:00,82,453.16,182.46,65.63,169.56,3851.9,9.33,458.59,180.05,240.32,4740.19,5114.82,-374.63,-7.32,0.0,57.81,NONE,NORMAL,NORMAL,0
COST-001919,FAC-001,Infosys Smart Campus,BLD-003,Building C,2026-09-11 14:00:00,94,530.37,234.93,101.66,192.81,4508.18,10.6,369.71,193.15,285.15,5366.8,5114.82,251.98,4.93,251.98,57.09,NONE,NORMAL,MEDIUM,0
COST-001920,FAC-001,Infosys Smart Campus,BLD-003,Building C,2026-09-11 15:00:00,92,483.98,232.0,85.01,161.34,4113.83,8.87,395.52,177.48,228.58,4924.28,5114.82,-190.54,-3.73,0.0,53.52,NONE,NORMAL,NORMAL,0
COST-001921,FAC-001,Infosys Smart Campus,BLD-003,Building C,2026-09-11 16:00:00,83,493.37,250.53,82.34,163.6,4193.64,9.0,517.97,175.92,236.96,5133.49,5114.82,18.67,0.36,18.67,61.85,NONE,NORMAL,LOW,0
COST-001922,FAC-001,Infosys Smart Campus,BLD-003,Building C,2026-09-11 17:00:00,31,336.05,163.71,59.74,114.69,2856.44,6.31,396.01,189.19,277.26,3725.21,3831.61,-106.4,-2.78,0.0,120.17,NONE,NORMAL,NORMAL,0
COST-001923,FAC-001,Infosys Smart Campus,BLD-003,Building C,2026-09-11 18:00:00,31,339.22,136.18,50.94,93.92,2883.35,5.17,535.26,183.08,293.89,3900.74,3831.61,69.13,1.8,69.13,125.83,NONE,NORMAL,LOW,0
COST-001924,FAC-001,Infosys Smart Campus,BLD-003,Building C,2026-09-11 19:00:00,33,375.58,159.46,65.08,92.69,3192.43,5.1,369.98,195.54,264.28,4027.33,3831.61,195.72,5.11,195.72,122.04,NONE,WARNING,LOW,0
COST-001925,FAC-001,Infosys Smart Campus,BLD-003,Building C,2026-09-11 20:00:00,33,357.27,156.96,56.47,106.55,3036.8,5.86,374.3,187.5,246.77,3851.23,3831.61,19.62,0.51,19.62,116.7,NONE,NORMAL,LOW,0
COST-001926,FAC-001,Infosys Smart Campus,BLD-003,Building C,2026-09-11 21:00:00,11,237.22,109.26,33.11,61.09,2016.36,3.36,445.03,176.72,245.77,2887.24,2916.01,-28.78,-0.99,0.0,262.48,NONE,NORMAL,NORMAL,0
COST-001927,FAC-001,Infosys Smart Campus,BLD-003,Building C,2026-09-11 22:00:00,10,236.39,113.67,31.87,74.09,2009.35,4.08,452.38,163.75,235.69,2865.24,2916.01,-50.78,-1.74,0.0,286.52,NONE,NORMAL,NORMAL,0
COST-001928,FAC-001,Infosys Smart Campus,BLD-003,Building C,2026-09-11 23:00:00,10,220.61,92.66,35.56,67.17,1875.18,3.69,456.02,177.45,271.27,2783.62,2916.01,-132.39,-4.54,0.0,278.36,NONE,NORMAL,NORMAL,0
COST-001929,FAC-001,Infosys Smart Campus,BLD-003,Building C,2026-09-12 00:00:00,7,194.02,82.62,36.48,64.66,1649.13,3.56,535.05,190.53,279.57,2657.84,2550.25,107.59,4.22,107.59,379.69,NONE,NORMAL,LOW,0
COST-001930,FAC-001,Infosys Smart Campus,BLD-003,Building C,2026-09-12 01:00:00,7,188.51,88.46,28.0,61.16,1602.34,3.36,481.97,165.89,272.17,2525.74,2550.25,-24.51,-0.96,0.0,360.82,NONE,NORMAL,NORMAL,0
COST-001931,FAC-001,Infosys Smart Campus,BLD-003,Building C,2026-09-12 02:00:00,5,207.61,94.49,31.16,62.46,1764.68,3.44,485.06,180.03,250.93,2684.13,2550.25,133.89,5.25,133.89,536.83,NONE,WARNING,LOW,0
COST-001932,FAC-001,Infosys Smart Campus,BLD-003,Building C,2026-09-12 03:00:00,6,163.3,72.37,26.53,67.33,1388.05,3.7,402.87,182.04,286.74,2263.4,2550.25,-286.84,-11.25,0.0,377.23,NONE,NORMAL,NORMAL,0
COST-001933,FAC-001,Infosys Smart Campus,BLD-003,Building C,2026-09-12 04:00:00,7,209.5,107.16,33.76,67.08,1780.75,3.69,485.35,172.98,269.2,2711.97,2550.25,161.72,6.34,161.72,387.42,NONE,WARNING,LOW,0
COST-001934,FAC-001,Infosys Smart Campus,BLD-003,Building C,2026-09-12 05:00:00,5,201.64,83.7,28.88,73.07,1713.97,4.02,534.1,168.23,292.98,2713.3,2550.25,163.05,6.39,163.05,542.66,NONE,WARNING,LOW,0
COST-001935,FAC-001,Infosys Smart Campus,BLD-003,Building C,2026-09-12 06:00:00,45,326.84,135.06,48.64,99.94,2778.13,5.5,412.71,185.12,256.52,3637.97,3649.19,-11.22,-0.31,0.0,80.84,NONE,NORMAL,NORMAL,0
COST-001936,FAC-001,Infosys Smart Campus,BLD-003,Building C,2026-09-12 07:00:00,35,299.25,148.5,55.33,212.77,2543.59,11.7,545.12,163.75,282.81,3546.97,3649.19,-102.22,-2.8,2.34,101.34,HIGH_WATER_USAGE,NORMAL,LOW,1
COST-001937,FAC-001,Infosys Smart Campus,BLD-003,Building C,2026-09-12 08:00:00,34,342.4,166.92,61.69,124.48,2910.38,6.85,431.61,178.79,290.82,3818.45,3649.19,169.26,4.64,169.26,112.31,NONE,NORMAL,LOW,0
COST-001938,FAC-001,Infosys Smart Campus,BLD-003,Building C,2026-09-12 09:00:00,81,445.87,210.9,81.47,150.57,3789.93,8.28,373.26,186.75,256.14,4614.36,5114.82,-500.46,-9.78,0.0,56.97,NONE,NORMAL,NORMAL,0
COST-001939,FAC-001,Infosys Smart Campus,BLD-003,Building C,2026-09-12 10:00:00,107,530.32,258.69,99.8,185.91,4507.73,10.23,395.08,196.51,257.02,5366.57,5114.82,251.75,4.92,251.75,50.15,NONE,NORMAL,MEDIUM,0
COST-001940,FAC-001,Infosys Smart Campus,BLD-003,Building C,2026-09-12 11:00:00,101,548.69,223.98,104.17,179.75,4663.84,9.89,512.71,162.79,262.07,5611.3,5114.82,496.48,9.71,496.48,55.56,NONE,WARNING,MEDIUM,0
COST-001941,FAC-001,Infosys Smart Campus,BLD-003,Building C,2026-09-12 12:00:00,85,471.85,229.42,65.37,167.34,4010.74,9.2,468.21,174.1,246.9,4909.14,5114.82,-205.68,-4.02,0.0,57.75,NONE,NORMAL,NORMAL,0
COST-001942,FAC-001,Infosys Smart Campus,BLD-003,Building C,2026-09-12 13:00:00,100,490.66,220.15,65.15,187.04,4170.57,10.29,526.61,189.4,238.23,5135.1,5114.82,20.28,0.4,20.28,51.35,NONE,NORMAL,LOW,0
COST-001943,FAC-001,Infosys Smart Campus,BLD-003,Building C,2026-09-12 14:00:00,73,481.57,247.77,82.77,185.45,4093.31,10.2,545.04,163.17,297.07,5108.78,5114.82,-6.04,-0.12,0.0,69.98,NONE,NORMAL,NORMAL,0
COST-001944,FAC-001,Infosys Smart Campus,BLD-003,Building C,2026-09-12 15:00:00,93,484.03,242.23,87.88,187.33,4114.25,10.3,410.38,185.35,223.02,4943.31,5114.82,-171.51,-3.35,0.0,53.15,NONE,NORMAL,NORMAL,0
COST-001945,FAC-001,Infosys Smart Campus,BLD-003,Building C,2026-09-12 16:00:00,86,567.65,276.49,86.76,193.91,4825.01,10.67,395.48,187.78,254.68,5673.62,5114.82,558.8,10.93,558.8,65.97,NONE,WARNING,HIGH,0
COST-001946,FAC-001,Infosys Smart Campus,BLD-003,Building C,2026-09-12 17:00:00,36,336.01,136.11,58.97,107.61,2856.04,5.92,471.9,186.6,261.85,3782.32,3831.61,-49.29,-1.29,0.0,105.06,NONE,NORMAL,NORMAL,0
COST-001947,FAC-001,Infosys Smart Campus,BLD-003,Building C,2026-09-12 18:00:00,33,345.86,153.64,50.07,100.22,2939.85,5.51,549.43,172.32,239.01,3906.12,3831.61,74.51,1.94,74.51,118.37,NONE,NORMAL,LOW,0
COST-001948,FAC-001,Infosys Smart Campus,BLD-003,Building C,2026-09-12 19:00:00,32,337.1,151.89,54.29,111.68,2865.34,6.14,429.95,172.31,289.79,3763.53,3831.61,-68.08,-1.78,0.0,117.61,NONE,NORMAL,NORMAL,0
COST-001949,FAC-001,Infosys Smart Campus,BLD-003,Building C,2026-09-12 20:00:00,32,334.55,156.77,51.54,112.69,2843.68,6.2,515.69,170.46,297.44,3833.47,3831.61,1.86,0.05,1.86,119.8,NONE,NORMAL,LOW,0
COST-001950,FAC-001,Infosys Smart Campus,BLD-003,Building C,2026-09-12 21:00:00,9,218.82,100.64,39.56,65.98,1859.99,3.63,486.82,192.89,241.42,2784.74,2916.01,-131.27,-4.5,0.0,309.42,NONE,NORMAL,NORMAL,0
COST-001951,FAC-001,Infosys Smart Campus,BLD-003,Building C,2026-09-12 22:00:00,9,263.32,118.41,39.41,60.3,2238.21,3.32,547.54,195.66,233.72,3218.46,2916.01,302.45,10.37,302.45,357.61,NONE,WARNING,MEDIUM,0
COST-001952,FAC-001,Infosys Smart Campus,BLD-003,Building C,2026-09-12 23:00:00,11,235.9,114.99,46.81,66.83,2005.15,3.68,476.89,162.95,285.39,2934.05,2916.01,18.04,0.62,18.04,266.73,NONE,NORMAL,LOW,0
COST-001953,FAC-001,Infosys Smart Campus,BLD-003,Building C,2026-09-13 00:00:00,6,208.98,86.81,32.82,64.78,1776.31,3.56,529.65,174.88,259.58,2743.99,2550.25,193.74,7.6,193.74,457.33,NONE,WARNING,LOW,0
COST-001954,FAC-001,Infosys Smart Campus,BLD-003,Building C,2026-09-13 01:00:00,6,191.81,92.3,34.82,62.37,1630.39,3.43,462.71,191.43,250.63,2538.59,2550.25,-11.66,-0.46,0.0,423.1,NONE,NORMAL,NORMAL,0
COST-001955,FAC-001,Infosys Smart Campus,BLD-003,Building C,2026-09-13 02:00:00,6,179.05,84.53,23.37,69.46,1521.93,3.82,445.1,167.87,262.67,2401.39,2550.25,-148.86,-5.84,0.0,400.23,NONE,NORMAL,NORMAL,0
COST-001956,FAC-001,Infosys Smart Campus,BLD-003,Building C,2026-09-13 03:00:00,5,180.91,85.18,35.12,60.05,1537.77,3.3,403.29,189.57,238.93,2372.86,2550.25,-177.39,-6.96,0.0,474.57,NONE,NORMAL,NORMAL,0
COST-001957,FAC-001,Infosys Smart Campus,BLD-003,Building C,2026-09-13 04:00:00,7,190.46,97.01,27.01,62.77,1618.9,3.45,531.65,166.28,253.37,2573.65,2550.25,23.4,0.92,23.4,367.66,NONE,NORMAL,LOW,0
COST-001958,FAC-001,Infosys Smart Campus,BLD-003,Building C,2026-09-13 05:00:00,6,201.48,85.94,28.33,66.36,1712.62,3.65,455.34,170.87,260.89,2603.37,2550.25,53.12,2.08,53.12,433.89,NONE,NORMAL,LOW,0
COST-001959,FAC-001,Infosys Smart Campus,BLD-003,Building C,2026-09-13 06:00:00,33,311.0,152.43,43.7,110.45,2643.47,6.07,370.48,188.97,225.02,3434.01,3649.19,-215.18,-5.9,0.0,104.06,NONE,NORMAL,NORMAL,0
COST-001960,FAC-001,Infosys Smart Campus,BLD-003,Building C,2026-09-13 07:00:00,43,324.6,142.31,49.47,109.78,2759.07,6.04,536.44,194.1,284.08,3779.73,3649.19,130.54,3.58,130.54,87.9,NONE,NORMAL,LOW,0
COST-001961,FAC-001,Infosys Smart Campus,BLD-003,Building C,2026-09-13 08:00:00,39,351.16,141.65,47.78,98.35,2984.88,5.41,412.3,185.38,239.94,3827.91,3649.19,178.72,4.9,178.72,98.15,NONE,NORMAL,LOW,0
COST-001962,FAC-001,Infosys Smart Campus,BLD-003,Building C,2026-09-13 09:00:00,99,443.14,186.7,84.79,135.96,3766.67,7.48,529.78,171.45,234.44,4709.82,5114.82,-405.0,-7.92,0.0,47.57,NONE,NORMAL,NORMAL,0
COST-001963,FAC-001,Infosys Smart Campus,BLD-003,Building C,2026-09-13 10:00:00,112,464.23,192.98,64.8,181.3,3945.93,9.97,523.83,171.96,257.35,4909.04,5114.82,-205.78,-4.02,0.0,43.83,NONE,NORMAL,NORMAL,0
COST-001964,FAC-001,Infosys Smart Campus,BLD-003,Building C,2026-09-13 11:00:00,88,499.89,256.89,85.93,173.82,4249.04,9.56,417.39,175.1,289.11,5140.2,5114.82,25.38,0.5,25.38,58.41,NONE,NORMAL,LOW,0
COST-001965,FAC-001,Infosys Smart Campus,BLD-003,Building C,2026-09-13 12:00:00,80,474.41,209.66,92.46,204.8,4032.53,11.26,404.44,170.02,283.61,4901.86,5114.82,-212.96,-4.16,0.0,61.27,NONE,NORMAL,NORMAL,0
COST-001966,FAC-001,Infosys Smart Campus,BLD-003,Building C,2026-09-13 13:00:00,85,493.9,218.72,92.14,187.62,4198.18,10.32,377.15,174.63,274.21,5034.49,5114.82,-80.33,-1.57,0.0,59.23,NONE,NORMAL,NORMAL,0
COST-001967,FAC-001,Infosys Smart Campus,BLD-003,Building C,2026-09-13 14:00:00,88,496.42,250.16,66.61,161.51,4219.56,8.88,483.66,180.11,287.53,5179.75,5114.82,64.93,1.27,64.93,58.86,NONE,NORMAL,LOW,0
COST-001968,FAC-001,Infosys Smart Campus,BLD-003,Building C,2026-09-13 15:00:00,95,515.94,223.81,79.65,178.62,4385.5,9.82,548.2,175.38,223.52,5342.42,5114.82,227.6,4.45,227.6,56.24,NONE,NORMAL,MEDIUM,0
COST-001969,FAC-001,Infosys Smart Campus,BLD-003,Building C,2026-09-13 16:00:00,100,419.05,207.9,75.85,187.47,3561.95,10.31,554.03,166.99,235.92,4529.21,5114.82,-585.61,-11.45,0.0,45.29,NONE,NORMAL,NORMAL,0
COST-001970,FAC-001,Infosys Smart Campus,BLD-003,Building C,2026-09-13 17:00:00,29,351.03,146.11,61.75,92.78,2983.76,5.1,449.58,182.18,292.19,3912.82,3831.61,81.21,2.12,81.21,134.92,NONE,NORMAL,LOW,0
COST-001971,FAC-001,Infosys Smart Campus,BLD-003,Building C,2026-09-13 18:00:00,29,352.0,155.3,58.82,104.86,2992.03,5.77,490.19,175.41,246.88,3910.27,3831.61,78.66,2.05,78.66,134.84,NONE,NORMAL,LOW,0
COST-001972,FAC-001,Infosys Smart Campus,BLD-003,Building C,2026-09-13 19:00:00,30,291.95,141.67,44.38,98.67,2481.59,5.43,426.92,177.63,240.92,3332.49,3831.61,-499.12,-13.03,0.0,111.08,NONE,NORMAL,NORMAL,0
COST-001973,FAC-001,Infosys Smart Campus,BLD-003,Building C,2026-09-13 20:00:00,38,381.26,161.11,74.75,99.02,3240.71,5.45,497.49,169.26,225.21,4138.11,3831.61,306.5,8.0,306.5,108.9,NONE,WARNING,MEDIUM,0
COST-001974,FAC-001,Infosys Smart Campus,BLD-003,Building C,2026-09-13 21:00:00,10,242.61,119.21,44.66,81.35,2062.18,4.47,380.14,163.4,298.0,2908.2,2916.01,-7.81,-0.27,0.0,290.82,NONE,NORMAL,NORMAL,0
COST-001975,FAC-001,Infosys Smart Campus,BLD-003,Building C,2026-09-13 22:00:00,11,251.46,103.5,33.92,67.02,2137.43,3.69,452.08,182.22,221.03,2996.44,2916.01,80.43,2.76,80.43,272.4,NONE,NORMAL,LOW,0
COST-001976,FAC-001,Infosys Smart Campus,BLD-003,Building C,2026-09-13 23:00:00,8,231.83,94.22,32.31,63.63,1970.58,3.5,448.99,187.73,231.35,2842.16,2916.01,-73.85,-2.53,0.0,355.27,NONE,NORMAL,NORMAL,0
COST-001977,FAC-001,Infosys Smart Campus,BLD-003,Building C,2026-09-14 00:00:00,7,199.47,95.38,26.54,73.49,1695.52,4.04,545.49,176.25,269.04,2690.34,2550.25,140.09,5.49,140.09,384.33,NONE,WARNING,LOW,0
COST-001978,FAC-001,Infosys Smart Campus,BLD-003,Building C,2026-09-14 01:00:00,6,170.35,70.94,27.97,62.85,1448.01,3.46,548.81,193.03,236.93,2430.23,2550.25,-120.01,-4.71,0.0,405.04,NONE,NORMAL,NORMAL,0
COST-001979,FAC-001,Infosys Smart Campus,BLD-003,Building C,2026-09-14 02:00:00,6,207.26,99.9,36.6,58.98,1761.71,3.24,378.94,192.9,224.89,2561.69,2550.25,11.44,0.45,11.44,426.95,NONE,NORMAL,LOW,0
COST-001980,FAC-001,Infosys Smart Campus,BLD-003,Building C,2026-09-14 03:00:00,6,191.16,96.83,29.31,62.21,1624.85,3.42,501.83,173.49,247.0,2550.59,2550.25,0.34,0.01,0.34,425.1,NONE,NORMAL,LOW,0
COST-001981,FAC-001,Infosys Smart Campus,BLD-003,Building C,2026-09-14 04:00:00,6,204.96,104.04,34.7,54.95,1742.14,3.02,475.44,167.6,237.09,2625.3,2550.25,75.05,2.94,75.05,437.55,NONE,NORMAL,LOW,0
COST-001982,FAC-001,Infosys Smart Campus,BLD-003,Building C,2026-09-14 05:00:00,6,213.91,109.67,37.74,62.73,1818.2,3.45,415.94,186.22,297.61,2721.42,2550.25,171.17,6.71,171.17,453.57,NONE,WARNING,LOW,0
COST-001983,FAC-001,Infosys Smart Campus,BLD-003,Building C,2026-09-14 06:00:00,33,320.52,132.18,47.71,113.41,2724.44,6.24,426.04,179.32,292.65,3628.68,3649.19,-20.51,-0.56,0.0,109.96,NONE,NORMAL,NORMAL,0
COST-001984,FAC-001,Infosys Smart Campus,BLD-003,Building C,2026-09-14 07:00:00,38,290.35,121.82,47.03,104.4,2467.98,5.74,423.44,180.45,268.03,3345.65,3649.19,-303.54,-8.32,0.0,88.04,NONE,NORMAL,NORMAL,0
COST-001985,FAC-001,Infosys Smart Campus,BLD-003,Building C,2026-09-14 08:00:00,33,317.59,162.16,53.86,115.0,2699.48,6.32,453.93,177.3,249.09,3586.13,3649.19,-63.06,-1.73,0.0,108.67,NONE,NORMAL,NORMAL,0
COST-001986,FAC-001,Infosys Smart Campus,BLD-003,Building C,2026-09-14 09:00:00,96,447.35,231.58,85.42,162.3,3802.44,8.93,426.01,165.73,289.41,4692.51,5114.82,-422.31,-8.26,0.0,48.88,NONE,NORMAL,NORMAL,0
COST-001987,FAC-001,Infosys Smart Campus,BLD-003,Building C,2026-09-14 10:00:00,94,427.91,217.4,67.85,169.8,3637.28,9.34,449.28,176.14,298.28,4570.31,5114.82,-544.51,-10.65,0.0,48.62,NONE,NORMAL,NORMAL,0
COST-001988,FAC-001,Infosys Smart Campus,BLD-003,Building C,2026-09-14 11:00:00,96,440.2,189.7,58.45,192.5,3741.72,10.59,438.37,191.57,249.38,4631.63,5114.82,-483.19,-9.45,0.0,48.25,NONE,NORMAL,NORMAL,0
COST-001989,FAC-001,Infosys Smart Campus,BLD-003,Building C,2026-09-14 12:00:00,95,474.49,217.67,91.08,153.64,4033.2,8.45,370.34,173.25,237.22,4822.46,5114.82,-292.36,-5.72,0.0,50.76,NONE,NORMAL,NORMAL,0
COST-001990,FAC-001,Infosys Smart Campus,BLD-003,Building C,2026-09-14 13:00:00,89,510.82,201.58,118.24,179.26,4341.95,9.86,545.82,192.41,241.32,5331.36,5114.82,216.54,4.23,367.3,59.9,EXCESS_LIGHTING,NORMAL,MEDIUM,1
COST-001991,FAC-001,Infosys Smart Campus,BLD-003,Building C,2026-09-14 14:00:00,90,501.13,206.22,82.79,142.24,4259.58,7.82,439.94,164.29,226.14,5097.77,5114.82,-17.05,-0.33,0.0,56.64,NONE,NORMAL,NORMAL,0
COST-001992,FAC-001,Infosys Smart Campus,BLD-003,Building C,2026-09-14 15:00:00,75,490.93,238.69,70.82,166.78,4172.91,9.17,496.57,171.19,267.84,5117.68,5114.82,2.86,0.06,2.86,68.24,NONE,NORMAL,LOW,0
COST-001993,FAC-001,Infosys Smart Campus,BLD-003,Building C,2026-09-14 16:00:00,82,561.91,247.47,97.4,173.23,4776.2,9.53,455.4,164.74,264.15,5670.02,5114.82,555.2,10.85,555.2,69.15,NONE,WARNING,HIGH,0
COST-001994,FAC-001,Infosys Smart Campus,BLD-003,Building C,2026-09-14 17:00:00,35,325.13,148.24,42.34,99.11,2763.56,5.45,389.14,162.87,285.31,3606.34,3831.61,-225.27,-5.88,0.0,103.04,NONE,NORMAL,NORMAL,0
COST-001995,FAC-001,Infosys Smart Campus,BLD-003,Building C,2026-09-14 18:00:00,28,351.49,161.41,56.44,109.5,2987.66,6.02,379.41,189.64,272.94,3835.67,3831.61,4.06,0.11,4.06,136.99,NONE,NORMAL,LOW,0
COST-001996,FAC-001,Infosys Smart Campus,BLD-003,Building C,2026-09-14 19:00:00,30,264.35,121.52,42.45,100.76,2246.94,5.54,461.94,181.03,274.97,3170.42,3831.61,-661.19,-17.26,0.0,105.68,NONE,NORMAL,NORMAL,0
COST-001997,FAC-001,Infosys Smart Campus,BLD-003,Building C,2026-09-14 20:00:00,31,379.29,170.54,59.23,83.24,3223.93,4.58,498.29,194.35,276.31,4197.46,3831.61,365.85,9.55,365.85,135.4,NONE,WARNING,MEDIUM,0
COST-001998,FAC-001,Infosys Smart Campus,BLD-003,Building C,2026-09-14 21:00:00,12,237.79,122.61,33.55,69.88,2021.24,3.84,476.62,197.41,253.57,2952.68,2916.01,36.67,1.26,36.67,246.06,NONE,NORMAL,LOW,0
COST-001999,FAC-001,Infosys Smart Campus,BLD-003,Building C,2026-09-14 22:00:00,10,212.04,101.32,32.24,66.72,1802.3,3.67,438.26,176.2,228.82,2649.26,2916.01,-266.75,-9.15,0.0,264.93,NONE,NORMAL,NORMAL,0
COST-002000,FAC-001,Infosys Smart Campus,BLD-003,Building C,2026-09-14 23:00:00,10,247.29,114.0,43.94,75.48,2101.95,4.15,788.34,183.21,274.48,3352.14,2916.01,436.12,14.96,436.12,335.21,MAINTENANCE_RISK,WARNING,MEDIUM,1
COST-002001,FAC-001,Infosys Smart Campus,BLD-003,Building C,2026-09-15 00:00:00,6,204.5,92.92,34.78,66.82,1738.26,3.68,472.58,185.31,291.09,2690.92,2550.25,140.67,5.52,140.67,448.49,NONE,WARNING,LOW,0
COST-002002,FAC-001,Infosys Smart Campus,BLD-003,Building C,2026-09-15 01:00:00,6,213.81,89.82,30.13,62.22,1817.39,3.42,479.8,184.76,279.16,2764.54,2550.25,214.3,8.4,214.3,460.76,NONE,WARNING,MEDIUM,0
COST-002003,FAC-001,Infosys Smart Campus,BLD-003,Building C,2026-09-15 02:00:00,7,173.52,73.33,25.22,63.9,1474.92,3.51,413.62,182.02,248.63,2322.7,2550.25,-227.55,-8.92,0.0,331.81,NONE,NORMAL,NORMAL,0
COST-002004,FAC-001,Infosys Smart Campus,BLD-003,Building C,2026-09-15 03:00:00,6,194.91,78.66,38.78,69.94,1656.72,3.85,498.21,177.74,240.45,2576.97,2550.25,26.72,1.05,26.72,429.49,NONE,NORMAL,LOW,0
COST-002005,FAC-001,Infosys Smart Campus,BLD-003,Building C,2026-09-15 04:00:00,2,254.94,99.86,29.29,70.49,2167.02,3.88,495.34,175.96,272.51,3114.71,2550.25,564.46,22.13,824.51,1557.36,LOW_OCCUPANCY_HIGH_ENERGY,HIGH,HIGH,1
COST-002006,FAC-001,Infosys Smart Campus,BLD-003,Building C,2026-09-15 05:00:00,5,172.21,86.53,31.08,64.56,1463.75,3.55,543.87,170.36,224.8,2406.33,2550.25,-143.91,-5.64,0.0,481.27,NONE,NORMAL,NORMAL,0
COST-002007,FAC-001,Infosys Smart Campus,BLD-003,Building C,2026-09-15 06:00:00,35,286.88,136.27,53.31,104.73,2438.48,5.76,411.24,169.82,266.96,3292.26,3649.19,-356.93,-9.78,0.0,94.06,NONE,NORMAL,NORMAL,0
COST-002008,FAC-001,Infosys Smart Campus,BLD-003,Building C,2026-09-15 07:00:00,30,336.48,149.01,61.63,107.24,2860.05,5.9,379.69,165.04,236.85,3647.52,3649.19,-1.67,-0.05,0.0,121.58,NONE,NORMAL,NORMAL,0
COST-002009,FAC-001,Infosys Smart Campus,BLD-003,Building C,2026-09-15 08:00:00,36,302.78,142.15,52.13,99.71,2573.64,5.48,445.32,194.51,292.13,3511.09,3649.19,-138.1,-3.78,0.0,97.53,NONE,NORMAL,NORMAL,0
COST-002010,FAC-001,Infosys Smart Campus,BLD-003,Building C,2026-09-15 09:00:00,86,520.81,215.51,70.79,187.97,4426.9,10.34,448.51,178.25,287.13,5351.13,5114.82,236.31,4.62,236.31,62.22,NONE,NORMAL,MEDIUM,0
COST-002011,FAC-001,Infosys Smart Campus,BLD-003,Building C,2026-09-15 10:00:00,75,509.56,216.73,66.47,172.24,4331.3,9.47,501.55,165.71,233.6,5241.64,5114.82,126.82,2.48,126.82,69.89,NONE,NORMAL,LOW,0
COST-002012,FAC-001,Infosys Smart Campus,BLD-003,Building C,2026-09-15 11:00:00,100,522.43,224.47,98.11,174.05,4440.69,9.57,419.48,194.45,224.68,5288.87,5114.82,174.05,3.4,174.05,52.89,NONE,NORMAL,LOW,0
COST-002013,FAC-001,Infosys Smart Campus,BLD-003,Building C,2026-09-15 12:00:00,82,498.61,247.35,93.77,174.14,4238.15,9.58,481.64,180.49,232.3,5142.17,5114.82,27.35,0.53,27.35,62.71,NONE,NORMAL,LOW,0
COST-002014,FAC-001,Infosys Smart Campus,BLD-003,Building C,2026-09-15 13:00:00,75,522.07,269.16,82.32,182.73,4437.59,10.05,405.13,168.51,246.04,5267.32,5114.82,152.5,2.98,152.5,70.23,NONE,NORMAL,LOW,0
COST-002015,FAC-001,Infosys Smart Campus,BLD-003,Building C,2026-09-15 14:00:00,81,487.27,210.91,66.5,134.17,4141.81,7.38,401.9,184.54,251.2,4986.83,5114.82,-127.99,-2.5,0.0,61.57,NONE,NORMAL,NORMAL,0
COST-002016,FAC-001,Infosys Smart Campus,BLD-003,Building C,2026-09-15 15:00:00,88,549.83,278.35,86.96,150.77,4673.53,8.29,538.65,168.27,290.61,5679.34,5114.82,564.52,11.04,564.52,64.54,NONE,WARNING,HIGH,0
COST-002017,FAC-001,Infosys Smart Campus,BLD-003,Building C,2026-09-15 16:00:00,81,473.52,235.33,91.41,164.66,4024.91,9.06,475.42,172.15,298.32,4979.86,5114.82,-134.96,-2.64,0.0,61.48,NONE,NORMAL,NORMAL,0
COST-002018,FAC-001,Infosys Smart Campus,BLD-003,Building C,2026-09-15 17:00:00,35,317.31,131.12,49.66,96.87,2697.1,5.33,412.37,189.7,231.56,3536.06,3831.61,-295.55,-7.71,0.0,101.03,NONE,NORMAL,NORMAL,0
COST-002019,FAC-001,Infosys Smart Campus,BLD-003,Building C,2026-09-15 18:00:00,40,331.37,137.93,56.95,105.39,2816.68,5.8,524.52,197.48,235.14,3779.61,3831.61,-52.0,-1.36,0.0,94.49,NONE,NORMAL,NORMAL,0
COST-002020,FAC-001,Infosys Smart Campus,BLD-003,Building C,2026-09-15 19:00:00,38,331.5,134.31,49.61,103.93,2817.78,5.72,471.65,171.66,231.34,3698.14,3831.61,-133.47,-3.48,0.0,97.32,NONE,NORMAL,NORMAL,0
COST-002021,FAC-001,Infosys Smart Campus,BLD-003,Building C,2026-09-15 20:00:00,33,360.05,157.27,68.43,92.61,3060.41,5.09,541.14,194.44,226.47,4027.55,3831.61,195.94,5.11,195.94,122.05,NONE,WARNING,LOW,0
COST-002022,FAC-001,Infosys Smart Campus,BLD-003,Building C,2026-09-15 21:00:00,10,224.69,104.27,41.0,65.78,1909.83,3.62,509.68,186.07,277.8,2887.0,2916.01,-29.01,-0.99,0.0,288.7,NONE,NORMAL,NORMAL,0
COST-002023,FAC-001,Infosys Smart Campus,BLD-003,Building C,2026-09-15 22:00:00,10,246.58,108.77,43.86,65.52,2095.94,3.6,380.29,162.23,233.36,2875.42,2916.01,-40.59,-1.39,0.0,287.54,NONE,NORMAL,NORMAL,0
COST-002024,FAC-001,Infosys Smart Campus,BLD-003,Building C,2026-09-15 23:00:00,10,236.84,96.06,47.32,70.65,2013.1,3.89,524.46,169.67,229.23,2940.34,2916.01,24.33,0.83,24.33,294.03,NONE,NORMAL,LOW,0
COST-002025,FAC-001,Infosys Smart Campus,BLD-003,Building C,2026-09-16 00:00:00,7,194.67,92.77,33.91,59.63,1654.67,3.28,442.06,164.51,236.77,2501.29,2550.25,-48.95,-1.92,0.0,357.33,NONE,NORMAL,NORMAL,0
COST-002026,FAC-001,Infosys Smart Campus,BLD-003,Building C,2026-09-16 01:00:00,7,242.26,131.29,28.1,64.31,2059.25,3.54,428.71,173.75,273.49,2938.73,2550.25,388.49,15.23,500.08,419.82,HIGH_HVAC_USAGE,HIGH,HIGH,1
COST-002027,FAC-001,Infosys Smart Campus,BLD-003,Building C,2026-09-16 02:00:00,5,201.94,84.39,26.56,62.05,1716.46,3.41,390.39,188.07,251.08,2549.42,2550.25,-0.83,-0.03,0.0,509.88,NONE,NORMAL,NORMAL,0
COST-002028,FAC-001,Infosys Smart Campus,BLD-003,Building C,2026-09-16 03:00:00,6,173.5,88.03,23.11,65.86,1474.79,3.62,508.58,187.54,243.56,2418.09,2550.25,-132.16,-5.18,0.0,403.01,NONE,NORMAL,NORMAL,0
COST-002029,FAC-001,Infosys Smart Campus,BLD-003,Building C,2026-09-16 04:00:00,6,185.28,85.59,35.89,54.46,1574.9,3.0,548.08,170.25,232.2,2528.44,2550.25,-21.81,-0.86,0.0,421.41,NONE,NORMAL,NORMAL,0
COST-002030,FAC-001,Infosys Smart Campus,BLD-003,Building C,2026-09-16 05:00:00,7,196.96,89.14,33.51,66.78,1674.2,3.67,512.46,195.12,254.29,2639.74,2550.25,89.49,3.51,89.49,377.11,NONE,NORMAL,LOW,0
COST-002031,FAC-001,Infosys Smart Campus,BLD-003,Building C,2026-09-16 06:00:00,41,291.3,131.05,49.99,98.19,2476.07,5.4,497.28,190.77,259.48,3429.0,3649.19,-220.19,-6.03,0.0,83.63,NONE,NORMAL,NORMAL,0
COST-002032,FAC-001,Infosys Smart Campus,BLD-003,Building C,2026-09-16 07:00:00,37,315.72,156.08,50.17,97.82,2683.62,5.38,463.33,170.68,283.1,3606.12,3649.19,-43.07,-1.18,0.0,97.46,NONE,NORMAL,NORMAL,0
COST-002033,FAC-001,Infosys Smart Campus,BLD-003,Building C,2026-09-16 08:00:00,38,303.24,128.9,40.84,102.22,2577.53,5.62,507.23,188.2,252.95,3531.53,3649.19,-117.66,-3.22,0.0,92.93,NONE,NORMAL,NORMAL,0
COST-002034,FAC-001,Infosys Smart Campus,BLD-003,Building C,2026-09-16 09:00:00,123,532.56,239.96,91.5,200.19,4526.73,11.01,405.25,194.61,225.17,5362.76,5114.82,247.94,4.85,247.94,43.6,NONE,NORMAL,MEDIUM,0
COST-002035,FAC-001,Infosys Smart Campus,BLD-003,Building C,2026-09-16 10:00:00,75,459.75,218.46,63.99,166.11,3907.91,9.14,523.12,179.98,275.75,4895.89,5114.82,-218.93,-4.28,0.0,65.28,NONE,NORMAL,NORMAL,0
COST-002036,FAC-001,Infosys Smart Campus,BLD-003,Building C,2026-09-16 11:00:00,102,562.18,247.2,91.27,194.71,4778.56,10.71,435.64,187.05,295.35,5707.31,5114.82,592.49,11.58,592.49,55.95,NONE,WARNING,HIGH,0
COST-002037,FAC-001,Infosys Smart Campus,BLD-003,Building C,2026-09-16 12:00:00,85,512.63,242.37,73.31,167.88,4357.33,9.23,493.11,173.17,224.89,5257.74,5114.82,142.92,2.79,142.92,61.86,NONE,NORMAL,LOW,0
COST-002038,FAC-001,Infosys Smart Campus,BLD-003,Building C,2026-09-16 13:00:00,86,476.7,194.29,64.47,186.53,4051.94,10.26,402.5,189.87,246.09,4900.66,5114.82,-214.16,-4.19,0.0,56.98,NONE,NORMAL,NORMAL,0
COST-002039,FAC-001,Infosys Smart Campus,BLD-003,Building C,2026-09-16 14:00:00,80,510.42,234.36,90.94,189.48,4338.61,10.42,411.83,179.77,289.95,5230.59,5114.82,115.77,2.26,115.77,65.38,NONE,NORMAL,LOW,0
COST-002040,FAC-001,Infosys Smart Campus,BLD-003,Building C,2026-09-16 15:00:00,99,516.73,222.81,74.06,156.08,4392.18,8.58,482.99,170.95,244.45,5299.16,5114.82,184.34,3.6,184.34,53.53,NONE,NORMAL,LOW,0
COST-002041,FAC-001,Infosys Smart Campus,BLD-003,Building C,2026-09-16 16:00:00,89,499.44,240.21,92.3,154.78,4245.21,8.51,518.76,178.43,287.04,5237.96,5114.82,123.14,2.41,123.14,58.85,NONE,NORMAL,LOW,0
COST-002042,FAC-001,Infosys Smart Campus,BLD-003,Building C,2026-09-16 17:00:00,31,320.7,161.79,42.21,99.53,2725.94,5.47,403.73,195.54,273.22,3603.9,3831.61,-227.71,-5.94,0.0,116.25,NONE,NORMAL,NORMAL,0
COST-002043,FAC-001,Infosys Smart Campus,BLD-003,Building C,2026-09-16 18:00:00,28,343.58,145.42,50.03,103.08,2920.45,5.67,492.54,175.39,283.86,3877.91,3831.61,46.3,1.21,46.3,138.5,NONE,NORMAL,LOW,0
COST-002044,FAC-001,Infosys Smart Campus,BLD-003,Building C,2026-09-16 19:00:00,32,320.82,159.02,63.11,102.67,2727.0,5.65,441.92,179.55,232.42,3586.54,3831.61,-245.07,-6.4,0.0,112.08,NONE,NORMAL,NORMAL,0
COST-002045,FAC-001,Infosys Smart Campus,BLD-003,Building C,2026-09-16 20:00:00,32,360.58,178.11,63.81,91.72,3064.89,5.04,378.35,170.67,247.94,3866.9,3831.61,35.29,0.92,35.29,120.84,NONE,NORMAL,LOW,0
COST-002046,FAC-001,Infosys Smart Campus,BLD-003,Building C,2026-09-16 21:00:00,10,229.4,112.54,36.88,74.25,1949.94,4.08,550.01,170.63,288.26,2962.93,2916.01,46.92,1.61,46.92,296.29,NONE,NORMAL,LOW,0
COST-002047,FAC-001,Infosys Smart Campus,BLD-003,Building C,2026-09-16 22:00:00,11,243.87,116.62,38.94,69.82,2072.93,3.84,430.09,191.78,280.98,2979.62,2916.01,63.61,2.18,63.61,270.87,NONE,NORMAL,LOW,0
COST-002048,FAC-001,Infosys Smart Campus,BLD-003,Building C,2026-09-16 23:00:00,10,228.1,99.05,42.31,72.96,1938.83,4.01,513.58,183.8,239.93,2880.16,2916.01,-35.85,-1.23,0.0,288.02,NONE,NORMAL,NORMAL,0
COST-002049,FAC-001,Infosys Smart Campus,BLD-003,Building C,2026-09-17 00:00:00,5,195.56,97.19,30.72,61.6,1662.25,3.39,431.2,177.84,269.01,2543.69,2550.25,-6.56,-0.26,0.0,508.74,NONE,NORMAL,NORMAL,0
COST-002050,FAC-001,Infosys Smart Campus,BLD-003,Building C,2026-09-17 01:00:00,7,197.46,98.87,37.64,77.59,1678.37,4.27,540.96,164.33,229.83,2617.76,2550.25,67.51,2.65,67.51,373.97,NONE,NORMAL,LOW,0
COST-002051,FAC-001,Infosys Smart Campus,BLD-003,Building C,2026-09-17 02:00:00,5,208.84,95.17,31.94,69.74,1775.11,3.84,553.91,190.33,242.35,2765.53,2550.25,215.28,8.44,215.28,553.11,NONE,WARNING,MEDIUM,0
COST-002052,FAC-001,Infosys Smart Campus,BLD-003,Building C,2026-09-17 03:00:00,6,181.97,91.2,24.0,57.38,1546.76,3.16,536.83,185.04,238.69,2510.47,2550.25,-39.77,-1.56,0.0,418.41,NONE,NORMAL,NORMAL,0
COST-002053,FAC-001,Infosys Smart Campus,BLD-003,Building C,2026-09-17 04:00:00,7,188.63,95.68,27.9,69.66,1603.33,3.83,520.01,180.66,292.1,2599.94,2550.25,49.69,1.95,49.69,371.42,NONE,NORMAL,LOW,0
COST-002054,FAC-001,Infosys Smart Campus,BLD-003,Building C,2026-09-17 05:00:00,6,181.14,87.86,30.39,61.25,1539.71,3.37,384.6,192.37,243.88,2363.93,2550.25,-186.32,-7.31,0.0,393.99,NONE,NORMAL,NORMAL,0
COST-002055,FAC-001,Infosys Smart Campus,BLD-003,Building C,2026-09-17 06:00:00,36,324.99,153.77,58.57,97.28,2762.45,5.35,523.57,173.65,240.69,3705.71,3649.19,56.52,1.55,56.52,102.94,NONE,NORMAL,LOW,0
COST-002056,FAC-001,Infosys Smart Campus,BLD-003,Building C,2026-09-17 07:00:00,36,338.38,140.57,67.32,116.59,2876.24,6.41,462.14,175.76,291.1,3811.65,3649.19,162.46,4.45,162.46,105.88,NONE,NORMAL,LOW,0
COST-002057,FAC-001,Infosys Smart Campus,BLD-003,Building C,2026-09-17 08:00:00,35,300.49,124.61,55.03,122.46,2554.18,6.74,489.94,189.56,248.92,3489.32,3649.19,-159.87,-4.38,0.0,99.69,NONE,NORMAL,NORMAL,0
COST-002058,FAC-001,Infosys Smart Campus,BLD-003,Building C,2026-09-17 09:00:00,97,475.01,233.22,62.87,189.62,4037.58,10.43,548.77,197.32,242.98,5037.08,5114.82,-77.74,-1.52,0.0,51.93,NONE,NORMAL,NORMAL,0
COST-002059,FAC-001,Infosys Smart Campus,BLD-003,Building C,2026-09-17 10:00:00,79,491.24,247.98,83.41,161.67,4175.52,8.89,467.58,172.19,248.32,5072.5,5114.82,-42.32,-0.83,0.0,64.21,NONE,NORMAL,NORMAL,0
COST-002060,FAC-001,Infosys Smart Campus,BLD-003,Building C,2026-09-17 11:00:00,82,517.83,264.92,98.37,152.87,4401.55,8.41,522.34,177.23,240.68,5350.21,5114.82,235.39,4.6,235.39,65.25,NONE,NORMAL,MEDIUM,0
COST-002061,FAC-001,Infosys Smart Campus,BLD-003,Building C,2026-09-17 12:00:00,88,476.06,243.88,78.94,171.19,4046.51,9.42,450.67,177.55,264.43,4948.58,5114.82,-166.24,-3.25,0.0,56.23,NONE,NORMAL,NORMAL,0
COST-002062,FAC-001,Infosys Smart Campus,BLD-003,Building C,2026-09-17 13:00:00,77,532.27,232.6,99.81,177.48,4524.26,9.76,425.14,172.62,249.17,5380.95,5114.82,266.13,5.2,266.13,69.88,NONE,WARNING,MEDIUM,0
COST-002063,FAC-001,Infosys Smart Campus,BLD-003,Building C,2026-09-17 14:00:00,25,609.91,263.03,87.73,183.31,5184.2,10.08,511.74,179.49,280.28,6165.79,5114.82,1050.97,20.55,1673.08,246.63,LOW_OCCUPANCY_HIGH_ENERGY,HIGH,CRITICAL,1
COST-002064,FAC-001,Infosys Smart Campus,BLD-003,Building C,2026-09-17 15:00:00,81,472.65,220.74,65.19,182.24,4017.56,10.02,491.5,173.88,272.23,4965.19,5114.82,-149.63,-2.93,0.0,61.3,NONE,NORMAL,NORMAL,0
COST-002065,FAC-001,Infosys Smart Campus,BLD-003,Building C,2026-09-17 16:00:00,91,461.73,204.62,85.57,169.04,3924.72,9.3,447.93,177.59,255.69,4815.23,5114.82,-299.59,-5.86,0.0,52.91,NONE,NORMAL,NORMAL,0
COST-002066,FAC-001,Infosys Smart Campus,BLD-003,Building C,2026-09-17 17:00:00,30,351.08,157.86,61.21,114.44,2984.16,6.29,455.83,193.13,228.32,3867.74,3831.61,36.13,0.94,36.13,128.92,NONE,NORMAL,LOW,0
COST-002067,FAC-001,Infosys Smart Campus,BLD-003,Building C,2026-09-17 18:00:00,29,372.98,166.5,63.4,82.77,3170.35,4.55,483.86,180.2,246.22,4085.19,3831.61,253.58,6.62,253.58,140.87,NONE,WARNING,MEDIUM,0
COST-002068,FAC-001,Infosys Smart Campus,BLD-003,Building C,2026-09-17 19:00:00,32,359.24,178.17,52.08,96.45,3053.51,5.3,413.79,193.84,281.38,3947.84,3831.61,116.23,3.03,116.23,123.37,NONE,NORMAL,LOW,0
COST-002069,FAC-001,Infosys Smart Campus,BLD-003,Building C,2026-09-17 20:00:00,33,379.75,166.55,72.8,91.47,3227.84,5.03,532.5,194.52,272.43,4232.33,3831.61,400.72,10.46,400.72,128.25,NONE,WARNING,MEDIUM,0
COST-002070,FAC-001,Infosys Smart Campus,BLD-003,Building C,2026-09-17 21:00:00,11,263.04,105.86,49.73,73.26,2235.83,4.03,413.57,192.45,272.91,3118.79,2916.01,202.78,6.95,202.78,283.53,NONE,WARNING,MEDIUM,0
COST-002071,FAC-001,Infosys Smart Campus,BLD-003,Building C,2026-09-17 22:00:00,11,240.98,104.65,44.67,74.06,2048.34,4.07,391.21,175.73,239.21,2858.58,2916.01,-57.43,-1.97,0.0,259.87,NONE,NORMAL,NORMAL,0
COST-002072,FAC-001,Infosys Smart Campus,BLD-003,Building C,2026-09-17 23:00:00,9,242.77,124.12,46.07,69.92,2063.51,3.85,382.32,190.44,282.1,2922.21,2916.01,6.2,0.21,6.2,324.69,NONE,NORMAL,LOW,0
COST-002073,FAC-001,Infosys Smart Campus,BLD-003,Building C,2026-09-18 00:00:00,7,181.96,82.67,35.12,64.82,1546.7,3.57,377.1,197.05,227.25,2351.67,2550.25,-198.58,-7.79,0.0,335.95,NONE,NORMAL,NORMAL,0
COST-002074,FAC-001,Infosys Smart Campus,BLD-003,Building C,2026-09-18 01:00:00,6,277.5,171.29,31.76,57.52,2358.74,3.16,553.37,185.48,268.32,3369.07,2550.25,818.82,32.11,964.42,561.51,HIGH_HVAC_USAGE,CRITICAL,HIGH,1
COST-002075,FAC-001,Infosys Smart Campus,BLD-003,Building C,2026-09-18 02:00:00,5,182.51,92.96,36.11,54.12,1551.32,2.98,394.08,189.56,284.88,2422.82,2550.25,-127.43,-5.0,0.0,484.56,NONE,NORMAL,NORMAL,0
COST-002076,FAC-001,Infosys Smart Campus,BLD-003,Building C,2026-09-18 03:00:00,6,171.21,80.44,27.29,63.47,1455.25,3.49,447.9,185.9,226.53,2319.07,2550.25,-231.18,-9.07,0.0,386.51,NONE,NORMAL,NORMAL,0
COST-002077,FAC-001,Infosys Smart Campus,BLD-003,Building C,2026-09-18 04:00:00,7,211.11,86.03,41.7,63.92,1794.46,3.52,515.2,163.23,291.7,2768.11,2550.25,217.86,8.54,217.86,395.44,NONE,WARNING,MEDIUM,0
COST-002078,FAC-001,Infosys Smart Campus,BLD-003,Building C,2026-09-18 05:00:00,6,195.11,89.33,25.98,67.72,1658.43,3.72,445.25,189.82,252.5,2549.73,2550.25,-0.52,-0.02,0.0,424.95,NONE,NORMAL,NORMAL,0
COST-002079,FAC-001,Infosys Smart Campus,BLD-003,Building C,2026-09-18 06:00:00,35,329.32,136.98,46.03,108.47,2799.24,5.97,482.4,182.7,274.09,3744.4,3649.19,95.21,2.61,95.21,106.98,NONE,NORMAL,LOW,0
COST-002080,FAC-001,Infosys Smart Campus,BLD-003,Building C,2026-09-18 07:00:00,35,295.18,129.21,53.09,95.86,2509.06,5.27,372.01,183.46,294.51,3364.31,3649.19,-284.88,-7.81,0.0,96.12,NONE,NORMAL,NORMAL,0
COST-002081,FAC-001,Infosys Smart Campus,BLD-003,Building C,2026-09-18 08:00:00,43,334.01,160.57,55.05,115.11,2839.1,6.33,431.72,170.05,256.27,3703.48,3649.19,54.29,1.49,54.29,86.13,NONE,NORMAL,LOW,0
COST-002082,FAC-001,Infosys Smart Campus,BLD-003,Building C,2026-09-18 09:00:00,89,483.35,215.06,91.95,185.15,4108.52,10.18,468.55,192.99,259.26,5039.5,5114.82,-75.32,-1.47,0.0,56.62,NONE,NORMAL,NORMAL,0
COST-002083,FAC-001,Infosys Smart Campus,BLD-003,Building C,2026-09-18 10:00:00,80,503.29,212.1,79.67,181.41,4277.96,9.98,526.9,173.36,296.19,5284.39,5114.82,169.57,3.32,169.57,66.05,NONE,NORMAL,LOW,0
COST-002084,FAC-001,Infosys Smart Campus,BLD-003,Building C,2026-09-18 11:00:00,84,463.41,224.38,60.78,196.11,3939.0,10.79,522.93,185.24,249.41,4907.36,5114.82,-207.46,-4.06,0.0,58.42,NONE,NORMAL,NORMAL,0
COST-002085,FAC-001,Infosys Smart Campus,BLD-003,Building C,2026-09-18 12:00:00,92,494.55,235.3,78.08,168.92,4203.69,9.29,450.42,178.99,259.89,5102.29,5114.82,-12.53,-0.25,0.0,55.46,NONE,NORMAL,NORMAL,0
COST-002086,FAC-001,Infosys Smart Campus,BLD-003,Building C,2026-09-18 13:00:00,27,650.24,243.14,79.12,186.84,5527.07,10.28,545.0,195.97,284.59,6562.91,5114.82,1448.09,28.31,2111.34,243.07,LOW_OCCUPANCY_HIGH_ENERGY,HIGH,CRITICAL,1
COST-002087,FAC-001,Infosys Smart Campus,BLD-003,Building C,2026-09-18 14:00:00,92,510.73,241.1,71.2,178.94,4341.18,9.84,529.97,165.36,247.07,5293.41,5114.82,178.59,3.49,178.59,57.54,NONE,NORMAL,LOW,0
COST-002088,FAC-001,Infosys Smart Campus,BLD-003,Building C,2026-09-18 15:00:00,84,478.88,198.4,68.73,171.91,4070.48,9.46,381.32,172.75,221.79,4855.8,5114.82,-259.02,-5.06,0.0,57.81,NONE,NORMAL,NORMAL,0
COST-002089,FAC-001,Infosys Smart Campus,BLD-003,Building C,2026-09-18 16:00:00,92,546.52,260.91,85.37,183.39,4645.39,10.09,395.21,179.53,240.4,5470.61,5114.82,355.79,6.96,355.79,59.46,NONE,WARNING,MEDIUM,0
COST-002090,FAC-001,Infosys Smart Campus,BLD-003,Building C,2026-09-18 17:00:00,30,356.66,165.69,51.76,95.93,3031.57,5.28,548.24,192.55,289.64,4067.27,3831.61,235.66,6.15,235.66,135.58,NONE,WARNING,MEDIUM,0
COST-002091,FAC-001,Infosys Smart Campus,BLD-003,Building C,2026-09-18 18:00:00,41,326.83,145.51,44.27,114.81,2778.02,6.31,526.3,167.44,249.64,3727.71,3831.61,-103.9,-2.71,0.0,90.92,NONE,NORMAL,NORMAL,0
COST-002092,FAC-001,Infosys Smart Campus,BLD-003,Building C,2026-09-18 19:00:00,28,338.0,136.81,50.39,93.99,2873.04,5.17,457.96,181.57,242.45,3760.2,3831.61,-71.41,-1.86,0.0,134.29,NONE,NORMAL,NORMAL,0
COST-002093,FAC-001,Infosys Smart Campus,BLD-003,Building C,2026-09-18 20:00:00,38,421.77,184.71,79.34,85.81,3585.08,4.72,525.78,197.37,274.99,4587.95,3831.61,756.34,19.74,756.34,120.74,NONE,HIGH,HIGH,0
COST-002094,FAC-001,Infosys Smart Campus,BLD-003,Building C,2026-09-18 21:00:00,10,212.45,101.89,42.21,63.98,1805.85,3.52,532.52,173.85,252.74,2768.49,2916.01,-147.53,-5.06,0.0,276.85,NONE,NORMAL,NORMAL,0
COST-002095,FAC-001,Infosys Smart Campus,BLD-003,Building C,2026-09-18 22:00:00,10,242.06,125.33,44.6,76.63,2057.49,4.21,471.54,171.19,254.98,2959.42,2916.01,43.41,1.49,43.41,295.94,NONE,NORMAL,LOW,0
COST-002096,FAC-001,Infosys Smart Campus,BLD-003,Building C,2026-09-18 23:00:00,7,221.19,108.22,30.45,68.6,1880.12,3.77,518.29,178.83,286.68,2867.69,2916.01,-48.32,-1.66,0.0,409.67,NONE,NORMAL,NORMAL,0
COST-002097,FAC-001,Infosys Smart Campus,BLD-003,Building C,2026-09-19 00:00:00,7,191.91,81.59,25.46,65.46,1631.27,3.6,551.58,180.08,295.18,2661.71,2550.25,111.47,4.37,111.47,380.24,NONE,NORMAL,LOW,0
COST-002098,FAC-001,Infosys Smart Campus,BLD-003,Building C,2026-09-19 01:00:00,7,148.38,67.35,22.77,66.63,1261.27,3.66,453.23,163.32,241.31,2122.8,2550.25,-427.45,-16.76,0.0,303.26,NONE,NORMAL,NORMAL,0
COST-002099,FAC-001,Infosys Smart Campus,BLD-003,Building C,2026-09-19 02:00:00,7,189.09,89.22,34.69,64.23,1607.24,3.53,427.21,168.71,252.46,2459.15,2550.25,-91.1,-3.57,0.0,351.31,NONE,NORMAL,NORMAL,0
COST-002100,FAC-001,Infosys Smart Campus,BLD-003,Building C,2026-09-19 03:00:00,7,206.52,96.48,31.07,63.24,1755.38,3.48,463.08,167.84,265.99,2655.76,2550.25,105.52,4.14,105.52,379.39,NONE,NORMAL,LOW,0
COST-002101,FAC-001,Infosys Smart Campus,BLD-003,Building C,2026-09-19 04:00:00,5,210.62,86.45,34.31,59.94,1790.31,3.3,541.72,191.58,270.79,2797.69,2550.25,247.44,9.7,247.44,559.54,NONE,WARNING,MEDIUM,0
COST-002102,FAC-001,Infosys Smart Campus,BLD-003,Building C,2026-09-19 05:00:00,7,196.82,81.46,37.2,59.34,1672.98,3.26,437.3,178.33,276.51,2568.39,2550.25,18.14,0.71,18.14,366.91,NONE,NORMAL,LOW,0
COST-002103,FAC-001,Infosys Smart Campus,BLD-003,Building C,2026-09-19 06:00:00,41,346.98,144.34,57.3,102.14,2949.3,5.62,379.39,190.16,269.03,3793.5,3649.19,144.31,3.95,144.31,92.52,NONE,NORMAL,LOW,0
COST-002104,FAC-001,Infosys Smart Campus,BLD-003,Building C,2026-09-19 07:00:00,40,348.22,171.98,68.03,99.77,2959.87,5.49,496.38,183.69,261.97,3907.39,3649.19,258.2,7.08,258.2,97.68,NONE,WARNING,MEDIUM,0
COST-002105,FAC-001,Infosys Smart Campus,BLD-003,Building C,2026-09-19 08:00:00,39,282.34,118.98,54.65,105.18,2399.92,5.79,452.92,182.11,221.21,3261.96,3649.19,-387.23,-10.61,0.0,83.64,NONE,NORMAL,NORMAL,0
COST-002106,FAC-001,Infosys Smart Campus,BLD-003,Building C,2026-09-19 09:00:00,103,461.39,222.74,75.45,169.05,3921.79,9.3,456.06,169.55,293.16,4849.84,5114.82,-264.98,-5.18,0.0,47.09,NONE,NORMAL,NORMAL,0
COST-002107,FAC-001,Infosys Smart Campus,BLD-003,Building C,2026-09-19 10:00:00,105,502.37,219.19,99.3,183.11,4270.18,10.07,532.43,181.31,298.25,5292.23,5114.82,177.41,3.47,177.41,50.4,NONE,NORMAL,LOW,0
COST-002108,FAC-001,Infosys Smart Campus,BLD-003,Building C,2026-09-19 11:00:00,71,461.05,206.86,70.73,183.3,3918.95,10.08,510.13,183.03,223.97,4846.17,5114.82,-268.65,-5.25,0.0,68.26,NONE,NORMAL,NORMAL,0
COST-002109,FAC-001,Infosys Smart Campus,BLD-003,Building C,2026-09-19 12:00:00,81,518.42,269.39,102.02,176.45,4406.53,9.7,417.59,183.99,224.19,5242.0,5114.82,127.18,2.49,127.18,64.72,NONE,NORMAL,LOW,0
COST-002110,FAC-001,Infosys Smart Campus,BLD-003,Building C,2026-09-19 13:00:00,72,505.1,230.29,96.86,141.04,4293.37,7.76,420.99,178.09,254.46,5154.67,5114.82,39.85,0.78,39.85,71.59,NONE,NORMAL,LOW,0
COST-002111,FAC-001,Infosys Smart Campus,BLD-003,Building C,2026-09-19 14:00:00,103,499.56,233.6,67.37,171.47,4246.3,9.43,541.89,172.95,294.31,5264.87,5114.82,150.05,2.93,150.05,51.12,NONE,NORMAL,LOW,0
COST-002112,FAC-001,Infosys Smart Campus,BLD-003,Building C,2026-09-19 15:00:00,85,466.09,221.58,85.44,158.6,3961.73,8.72,532.61,163.45,292.93,4959.45,5114.82,-155.37,-3.04,0.0,58.35,NONE,NORMAL,NORMAL,0
COST-002113,FAC-001,Infosys Smart Campus,BLD-003,Building C,2026-09-19 16:00:00,86,488.33,218.82,91.95,160.3,4150.77,8.82,414.97,170.79,284.51,5029.85,5114.82,-84.97,-1.66,0.0,58.49,NONE,NORMAL,NORMAL,0
COST-002114,FAC-001,Infosys Smart Campus,BLD-003,Building C,2026-09-19 17:00:00,35,338.73,155.96,63.73,99.47,2879.19,5.47,470.81,187.6,288.13,3831.2,3831.61,-0.41,-0.01,0.0,109.46,NONE,NORMAL,NORMAL,0
COST-002115,FAC-001,Infosys Smart Campus,BLD-003,Building C,2026-09-19 18:00:00,31,390.31,161.37,70.13,101.98,3317.6,5.61,497.05,187.91,264.53,4272.7,3831.61,441.09,11.51,441.09,137.83,NONE,WARNING,MEDIUM,0
COST-002116,FAC-001,Infosys Smart Campus,BLD-003,Building C,2026-09-19 19:00:00,32,319.0,139.94,62.06,108.33,2711.49,5.96,444.47,163.38,224.78,3550.09,3831.61,-281.52,-7.35,0.0,110.94,NONE,NORMAL,NORMAL,0
COST-002117,FAC-001,Infosys Smart Campus,BLD-003,Building C,2026-09-19 20:00:00,36,309.75,145.62,54.01,99.7,2632.89,5.48,383.52,185.07,284.6,3491.57,3831.61,-340.04,-8.87,0.0,96.99,NONE,NORMAL,NORMAL,0
COST-002118,FAC-001,Infosys Smart Campus,BLD-003,Building C,2026-09-19 21:00:00,9,248.36,119.19,45.07,71.52,2111.06,3.93,553.11,168.59,237.73,3074.43,2916.01,158.42,5.43,158.42,341.6,NONE,WARNING,LOW,0
COST-002119,FAC-001,Infosys Smart Campus,BLD-003,Building C,2026-09-19 22:00:00,10,274.41,141.72,49.03,67.58,2332.46,3.72,527.55,167.39,294.78,3325.9,2916.01,409.89,14.06,409.89,332.59,NONE,WARNING,MEDIUM,0
COST-002120,FAC-001,Infosys Smart Campus,BLD-003,Building C,2026-09-19 23:00:00,10,249.7,109.97,44.98,68.48,2122.47,3.77,485.43,180.16,296.44,3088.26,2916.01,172.25,5.91,172.25,308.83,NONE,WARNING,LOW,0
COST-002121,FAC-001,Infosys Smart Campus,BLD-003,Building C,2026-09-20 00:00:00,6,204.79,104.27,30.84,59.5,1740.68,3.27,422.47,171.32,292.78,2630.53,2550.25,80.28,3.15,80.28,438.42,NONE,NORMAL,LOW,0
COST-002122,FAC-001,Infosys Smart Campus,BLD-003,Building C,2026-09-20 01:00:00,6,188.49,92.8,36.55,65.2,1602.16,3.59,522.1,181.71,273.2,2582.75,2550.25,32.5,1.27,32.5,430.46,NONE,NORMAL,LOW,0
COST-002123,FAC-001,Infosys Smart Campus,BLD-003,Building C,2026-09-20 02:00:00,8,192.56,77.81,35.31,63.35,1636.75,3.48,521.8,173.29,256.42,2591.74,2550.25,41.49,1.63,41.49,323.97,NONE,NORMAL,LOW,0
COST-002124,FAC-001,Infosys Smart Campus,BLD-003,Building C,2026-09-20 03:00:00,6,213.35,97.66,39.52,61.65,1813.52,3.39,405.01,181.86,294.87,2698.64,2550.25,148.39,5.82,148.39,449.77,NONE,WARNING,LOW,0
COST-002125,FAC-001,Infosys Smart Campus,BLD-003,Building C,2026-09-20 04:00:00,7,179.83,80.54,33.77,68.31,1528.58,3.76,392.55,195.98,247.6,2368.47,2550.25,-181.78,-7.13,0.0,338.35,NONE,NORMAL,NORMAL,0
COST-002126,FAC-001,Infosys Smart Campus,BLD-003,Building C,2026-09-20 05:00:00,5,196.31,83.77,37.15,72.9,1668.65,4.01,442.79,183.19,241.11,2539.75,2550.25,-10.49,-0.41,0.0,507.95,NONE,NORMAL,NORMAL,0
COST-002127,FAC-001,Infosys Smart Campus,BLD-003,Building C,2026-09-20 06:00:00,33,347.54,174.22,50.47,108.32,2954.1,5.96,510.64,170.69,276.14,3917.52,3649.19,268.33,7.35,268.33,118.71,NONE,WARNING,MEDIUM,0
COST-002128,FAC-001,Infosys Smart Campus,BLD-003,Building C,2026-09-20 07:00:00,32,327.96,170.54,62.6,108.34,2787.7,5.96,441.02,189.12,295.62,3719.41,3649.19,70.22,1.92,70.22,116.23,NONE,NORMAL,LOW,0
COST-002129,FAC-001,Infosys Smart Campus,BLD-003,Building C,2026-09-20 08:00:00,38,312.98,133.38,52.91,129.18,2660.34,7.11,547.03,181.88,287.01,3683.36,3649.19,34.17,0.94,34.17,96.93,NONE,NORMAL,LOW,0
COST-002130,FAC-001,Infosys Smart Campus,BLD-003,Building C,2026-09-20 09:00:00,75,472.41,215.63,70.63,148.14,4015.45,8.15,480.21,182.89,270.64,4957.33,5114.82,-157.49,-3.08,0.0,66.1,NONE,NORMAL,NORMAL,0
COST-002131,FAC-001,Infosys Smart Campus,BLD-003,Building C,2026-09-20 10:00:00,73,590.06,349.44,63.65,173.22,5015.54,9.53,380.89,177.72,292.22,5875.9,5114.82,761.08,14.88,1058.1,80.49,HIGH_HVAC_USAGE,WARNING,CRITICAL,1
COST-002132,FAC-001,Infosys Smart Campus,BLD-003,Building C,2026-09-20 11:00:00,84,471.56,240.96,72.18,187.81,4008.27,10.33,553.3,193.32,257.34,5022.57,5114.82,-92.25,-1.8,0.0,59.79,NONE,NORMAL,NORMAL,0
COST-002133,FAC-001,Infosys Smart Campus,BLD-003,Building C,2026-09-20 12:00:00,95,535.98,226.9,77.18,357.99,4555.82,19.69,408.28,188.6,252.83,5425.23,5114.82,310.41,6.07,314.34,57.11,HIGH_WATER_USAGE,WARNING,MEDIUM,1
COST-002134,FAC-001,Infosys Smart Campus,BLD-003,Building C,2026-09-20 13:00:00,84,527.6,240.03,91.72,174.36,4484.56,9.59,453.02,182.19,266.58,5395.93,5114.82,281.11,5.5,281.11,64.24,NONE,WARNING,MEDIUM,0
COST-002135,FAC-001,Infosys Smart Campus,BLD-003,Building C,2026-09-20 14:00:00,91,464.13,226.12,67.27,156.57,3945.09,8.61,483.77,166.95,223.91,4828.33,5114.82,-286.49,-5.6,0.0,53.06,NONE,NORMAL,NORMAL,0
COST-002136,FAC-001,Infosys Smart Campus,BLD-003,Building C,2026-09-20 15:00:00,87,516.93,225.98,69.32,186.47,4393.87,10.26,420.64,176.32,242.37,5243.45,5114.82,128.63,2.51,128.63,60.27,NONE,NORMAL,LOW,0
COST-002137,FAC-001,Infosys Smart Campus,BLD-003,Building C,2026-09-20 16:00:00,81,454.49,234.42,67.55,156.64,3863.17,8.62,525.48,176.48,283.88,4857.62,5114.82,-257.2,-5.03,0.0,59.97,NONE,NORMAL,NORMAL,0
COST-002138,FAC-001,Infosys Smart Campus,BLD-003,Building C,2026-09-20 17:00:00,29,334.77,154.33,54.06,98.54,2845.53,5.42,379.02,179.92,246.93,3656.81,3831.61,-174.8,-4.56,0.0,126.1,NONE,NORMAL,NORMAL,0
COST-002139,FAC-001,Infosys Smart Campus,BLD-003,Building C,2026-09-20 18:00:00,32,468.3,261.54,55.49,106.6,3980.52,5.86,375.82,164.35,227.08,4753.63,3831.61,922.02,24.06,1144.32,148.55,HIGH_HVAC_USAGE,HIGH,CRITICAL,1
COST-002140,FAC-001,Infosys Smart Campus,BLD-003,Building C,2026-09-20 19:00:00,37,329.35,156.34,50.3,105.32,2799.47,5.79,409.45,193.18,266.72,3674.61,3831.61,-157.0,-4.1,0.0,99.31,NONE,NORMAL,NORMAL,0
COST-002141,FAC-001,Infosys Smart Campus,BLD-003,Building C,2026-09-20 20:00:00,34,359.29,149.06,51.01,102.7,3053.96,5.65,426.37,167.55,286.51,3940.04,3831.61,108.43,2.83,108.43,115.88,NONE,NORMAL,LOW,0
COST-002142,FAC-001,Infosys Smart Campus,BLD-003,Building C,2026-09-20 21:00:00,10,233.92,102.17,33.04,66.63,1988.32,3.66,371.76,172.84,293.82,2830.41,2916.01,-85.6,-2.94,0.0,283.04,NONE,NORMAL,NORMAL,0
COST-002143,FAC-001,Infosys Smart Campus,BLD-003,Building C,2026-09-20 22:00:00,9,213.35,97.46,36.12,65.56,1813.52,3.61,509.6,188.02,227.77,2742.5,2916.01,-173.51,-5.95,0.0,304.72,NONE,NORMAL,NORMAL,0
COST-002144,FAC-001,Infosys Smart Campus,BLD-003,Building C,2026-09-20 23:00:00,10,237.52,119.61,40.59,66.69,2018.88,3.67,386.33,187.19,277.3,2873.36,2916.01,-42.65,-1.46,0.0,287.34,NONE,NORMAL,NORMAL,0
COST-002145,FAC-001,Infosys Smart Campus,BLD-003,Building C,2026-09-21 00:00:00,7,169.71,82.26,31.68,59.09,1442.55,3.25,551.48,194.6,288.99,2480.87,2550.25,-69.38,-2.72,0.0,354.41,NONE,NORMAL,NORMAL,0
COST-002146,FAC-001,Infosys Smart Campus,BLD-003,Building C,2026-09-21 01:00:00,6,207.74,104.31,36.87,59.38,1765.77,3.27,545.87,178.23,231.12,2724.26,2550.25,174.01,6.82,174.01,454.04,NONE,WARNING,LOW,0
COST-002147,FAC-001,Infosys Smart Campus,BLD-003,Building C,2026-09-21 02:00:00,7,182.72,82.68,24.96,67.68,1553.09,3.72,406.98,186.83,221.84,2372.46,2550.25,-177.79,-6.97,0.0,338.92,NONE,NORMAL,NORMAL,0
COST-002148,FAC-001,Infosys Smart Campus,BLD-003,Building C,2026-09-21 03:00:00,7,182.18,91.13,28.66,102.46,1548.51,5.64,544.98,195.88,235.11,2530.1,2550.25,-20.14,-0.79,1.13,361.44,HIGH_WATER_USAGE,NORMAL,LOW,1
COST-002149,FAC-001,Infosys Smart Campus,BLD-003,Building C,2026-09-21 04:00:00,6,188.22,93.11,24.55,64.15,1599.88,3.53,386.67,174.96,242.39,2407.42,2550.25,-142.83,-5.6,0.0,401.24,NONE,NORMAL,NORMAL,0
COST-002150,FAC-001,Infosys Smart Campus,BLD-003,Building C,2026-09-21 05:00:00,6,199.06,82.59,31.07,63.65,1692.01,3.5,531.65,176.19,275.52,2678.87,2550.25,128.62,5.04,128.62,446.48,NONE,WARNING,LOW,0
COST-002151,FAC-001,Infosys Smart Campus,BLD-003,Building C,2026-09-21 06:00:00,39,311.49,160.96,52.21,96.16,2647.63,5.29,478.71,185.47,223.03,3540.14,3649.19,-109.05,-2.99,0.0,90.77,NONE,NORMAL,NORMAL,0
COST-002152,FAC-001,Infosys Smart Campus,BLD-003,Building C,2026-09-21 07:00:00,38,372.42,158.24,53.85,117.81,3165.58,6.48,501.13,183.83,286.97,4143.98,3649.19,494.79,13.56,494.79,109.05,NONE,WARNING,MEDIUM,0
COST-002153,FAC-001,Infosys Smart Campus,BLD-003,Building C,2026-09-21 08:00:00,40,316.7,154.95,49.93,105.87,2691.99,5.82,426.96,173.88,235.79,3534.43,3649.19,-114.76,-3.14,0.0,88.36,NONE,NORMAL,NORMAL,0
COST-002154,FAC-001,Infosys Smart Campus,BLD-003,Building C,2026-09-21 09:00:00,81,473.11,207.99,75.23,185.77,4021.41,10.22,445.62,180.13,284.53,4941.91,5114.82,-172.91,-3.38,0.0,61.01,NONE,NORMAL,NORMAL,0
COST-002155,FAC-001,Infosys Smart Campus,BLD-003,Building C,2026-09-21 10:00:00,89,513.07,211.45,95.42,188.54,4361.1,10.37,482.45,184.06,279.85,5317.83,5114.82,203.01,3.97,203.01,59.75,NONE,NORMAL,MEDIUM,0
COST-002156,FAC-001,Infosys Smart Campus,BLD-003,Building C,2026-09-21 11:00:00,86,473.11,232.37,72.93,167.08,4021.48,9.19,427.79,174.91,296.29,4929.65,5114.82,-185.17,-3.62,0.0,57.32,NONE,NORMAL,NORMAL,0
COST-002157,FAC-001,Infosys Smart Campus,BLD-003,Building C,2026-09-21 12:00:00,87,559.92,289.06,108.19,186.71,4759.29,10.27,412.18,170.38,272.66,5624.77,5114.82,509.95,9.97,509.95,64.65,NONE,WARNING,HIGH,0
COST-002158,FAC-001,Infosys Smart Campus,BLD-003,Building C,2026-09-21 13:00:00,85,568.61,274.26,74.81,174.2,4833.18,9.58,468.04,168.88,270.34,5750.02,5114.82,635.2,12.42,635.2,67.65,NONE,WARNING,HIGH,0
COST-002159,FAC-001,Infosys Smart Campus,BLD-003,Building C,2026-09-21 14:00:00,103,540.1,235.64,94.4,176.86,4590.85,9.73,495.53,195.76,237.53,5529.39,5114.82,414.57,8.11,414.57,53.68,NONE,WARNING,MEDIUM,0
COST-002160,FAC-001,Infosys Smart Campus,BLD-003,Building C,2026-09-21 15:00:00,95,472.0,230.53,74.79,167.71,4011.97,9.22,531.29,182.08,246.83,4981.39,5114.82,-133.43,-2.61,0.0,52.44,NONE,NORMAL,NORMAL,0
